# vtk DataFile Version 3.0
Navier-Stokes 2D - t=8.4
ASCII
DATASET STRUCTURED_POINTS
DIMENSIONS 200 100 1
ORIGIN 0.005 0.005 0
SPACING 0.01 0.01 1
POINT_DATA 20000
SCALARS pressure double
LOOKUP_TABLE default
0.075244 0.0752451 0.075249 0.0752558 0.0752653 0.0752775 0.0752924 0.07531 0.0753303 0.0753534 0.0753791 0.0754077 0.0754391 0.0754735 0.075511 0.0755518 0.0755961 0.0756441 0.0756961 0.0757524 0.0758135 0.0758797 0.0759516 0.0760297 0.0761146 0.076207 0.0763076 0.0764173 0.0765369 0.0766673 0.0768095 0.0769645 0.0771335 0.0773175 0.0775177 0.0777352 0.0779714 0.0782273 0.0785041 0.078803 0.0791251 0.0794716 0.0798433 0.0802413 0.0806663 0.0811191 0.0816004 0.0821106 0.0826501 0.0832191 0.0838178 0.0844461 0.0851038 0.0857906 0.0865061 0.0872496 0.0880205 0.088818 0.089641 0.0904887 0.09136 0.0922537 0.0931686 0.0941036 0.0950573 0.0960285 0.0970161 0.0980188 0.0990355 0.100065 0.101106 0.102159 0.103221 0.104292 0.105372 0.10646 0.107556 0.108659 0.109769 0.110886 0.112011 0.113144 0.114285 0.115434 0.116594 0.117764 0.118945 0.12014 0.121348 0.122572 0.123813 0.125072 0.126351 0.127651 0.128973 0.13032 0.131691 0.133088 0.134512 0.135962 0.137439 0.138941 0.140469 0.142019 0.143591 0.145181 0.146785 0.148399 0.150019 0.151638 0.153251 0.15485 0.156427 0.157976 0.159487 0.160952 0.162363 0.163711 0.164988 0.166187 0.167301 0.168324 0.169251 0.170079 0.170805 0.171469 0.172095 0.17268 0.17322 0.173714 0.174161 0.174558 0.174906 0.175206 0.175459 0.175665 0.175828 0.175947 0.176027 0.17607 0.176077 0.176052 0.175998 0.175917 0.175811 0.175684 0.175536 0.175372 0.175192 0.174999 0.174795 0.174581 0.174359 0.17413 0.173895 0.173656 0.173413 0.173168 0.172921 0.172672 0.172422 0.172172 0.171921 0.171669 0.171418 0.171166 0.170913 0.17066 0.170406 0.17015 0.169893 0.169634 0.169372 0.169106 0.168837 0.168564 0.168285 0.168001 0.167711 0.167414 0.167109 0.166795 0.166473 0.166141 0.165798 0.165444 0.165078 0.164699 0.164306 0.163899 0.163477 0.163038 0.162581 0.1621 0.161593 0.16106 0.160499 0.159911 0.159295 0.158659 
0.0773879 0.0773893 0.077394 0.0774021 0.0774133 0.0774276 0.0774449 0.0774651 0.077488 0.0775134 0.0775413 0.0775715 0.0776039 0.0776383 0.0776746 0.0777127 0.0777526 0.0777941 0.0778373 0.0778821 0.0779287 0.077977 0.0780274 0.0780799 0.0781349 0.0781928 0.0782539 0.0783188 0.078388 0.0784624 0.0785425 0.0786293 0.0787238 0.078827 0.0789399 0.0790639 0.0792 0.0793498 0.0795144 0.0796954 0.0798941 0.0801119 0.0803503 0.0806107 0.0808943 0.0812024 0.0815363 0.081897 0.0822855 0.0827028 0.0831495 0.0836262 0.0841335 0.0846715 0.0852405 0.0858405 0.0864713 0.0871326 0.087824 0.0885448 0.0892945 0.0900723 0.0908771 0.0917081 0.0925641 0.0934441 0.0943468 0.0952711 0.0962158 0.0971796 0.0981612 0.0991596 0.100173 0.101202 0.102243 0.103297 0.104362 0.105438 0.106523 0.107618 0.108721 0.109832 0.110952 0.112079 0.113213 0.114355 0.115506 0.116664 0.117832 0.119008 0.120195 0.121392 0.122601 0.123822 0.125057 0.126305 0.127568 0.128845 0.130139 0.131448 0.132772 0.134112 0.135466 0.136834 0.138213 0.139601 0.140996 0.142395 0.143793 0.145186 0.14657 0.147939 0.149287 0.150608 0.151895 0.153143 0.154344 0.155492 0.156581 0.157606 0.158561 0.159443 0.160248 0.160976 0.161625 0.162224 0.162791 0.163324 0.163826 0.164294 0.16473 0.165134 0.165506 0.165849 0.166162 0.166449 0.166712 0.166953 0.167174 0.167378 0.167568 0.167746 0.167915 0.168076 0.168233 0.168387 0.168539 0.168691 0.168844 0.168998 0.169155 0.169314 0.169476 0.16964 0.169805 0.169972 0.170139 0.170304 0.170468 0.170628 0.170783 0.170931 0.171071 0.171202 0.171321 0.171428 0.17152 0.171596 0.171655 0.171696 0.171717 0.171717 0.171695 0.171651 0.171584 0.171493 0.171379 0.171241 0.171079 0.170894 0.170685 0.170454 0.1702 0.169926 0.169632 0.169318 0.168987 0.168639 0.168276 0.167899 0.167509 0.167108 0.166697 0.166271 0.16583 0.165374 0.164902 0.164412 0.1639 0.163362 
0.0795281 0.0795296 0.0795349 0.079544 0.0795567 0.0795729 0.0795923 0.0796147 0.0796398 0.0796674 0.0796972 0.0797287 0.0797616 0.0797957 0.0798304 0.0798655 0.0799005 0.0799351 0.079969 0.0800018 0.0800333 0.0800633 0.0800914 0.0801177 0.0801421 0.0801646 0.0801854 0.0802045 0.0802225 0.0802397 0.0802567 0.0802742 0.080293 0.080314 0.0803384 0.0803673 0.080402 0.0804441 0.0804951 0.0805565 0.0806302 0.0807179 0.0808213 0.0809425 0.0810831 0.081245 0.0814301 0.0816399 0.0818761 0.0821403 0.0824338 0.082758 0.0831138 0.0835022 0.0839241 0.0843799 0.0848701 0.0853948 0.0859543 0.0865482 0.0871763 0.0878382 0.0885331 0.0892604 0.0900191 0.0908082 0.0916266 0.0924731 0.0933464 0.0942451 0.0951678 0.0961129 0.0970792 0.0980649 0.0990687 0.100089 0.101124 0.102173 0.103235 0.104307 0.105388 0.106479 0.107576 0.10868 0.10979 0.110904 0.112022 0.113144 0.11427 0.115398 0.116529 0.117664 0.118801 0.119942 0.121086 0.122233 0.123385 0.124541 0.125702 0.126867 0.128037 0.129211 0.130389 0.131571 0.132754 0.133938 0.135121 0.136301 0.137475 0.138639 0.139792 0.140928 0.142044 0.143135 0.144197 0.145225 0.146215 0.147162 0.148062 0.148911 0.149707 0.150446 0.151129 0.151756 0.152328 0.152863 0.153374 0.153864 0.154334 0.154786 0.15522 0.155639 0.156044 0.156437 0.15682 0.157195 0.157564 0.157931 0.158298 0.158667 0.159041 0.159423 0.159815 0.160218 0.160635 0.161066 0.161512 0.161975 0.162454 0.162949 0.163459 0.163983 0.164521 0.165069 0.165626 0.166189 0.166757 0.167326 0.167892 0.168454 0.169007 0.169549 0.170075 0.170584 0.171071 0.171534 0.171969 0.172375 0.172748 0.173086 0.173387 0.17365 0.173873 0.174055 0.174195 0.174293 0.17435 0.174364 0.174337 0.174271 0.174165 0.174023 0.173846 0.173636 0.173397 0.17313 0.172839 0.172528 0.1722 0.171857 0.171505 0.171146 0.170783 0.170414 0.170042 0.169668 0.169291 0.168907 0.16851 0.168089 
0.0816643 0.081666 0.0816721 0.0816824 0.0816967 0.0817149 0.0817366 0.0817615 0.0817892 0.0818192 0.0818511 0.0818843 0.0819182 0.0819523 0.0819858 0.0820182 0.0820488 0.0820769 0.0821018 0.082123 0.0821398 0.0821515 0.0821578 0.0821581 0.082152 0.0821393 0.0821196 0.0820931 0.0820597 0.0820195 0.0819731 0.0819208 0.0818633 0.0818016 0.0817367 0.0816697 0.0816022 0.0815356 0.0814717 0.0814124 0.0813597 0.0813158 0.081283 0.0812634 0.0812596 0.0812739 0.0813086 0.0813661 0.0814487 0.0815585 0.0816976 0.081868 0.0820713 0.0823092 0.0825831 0.0828941 0.0832432 0.0836311 0.0840584 0.0845253 0.0850319 0.0855782 0.0861636 0.0867877 0.0874498 0.0881489 0.0888839 0.0896536 0.0904566 0.0912914 0.0921563 0.0930497 0.0939696 0.0949143 0.0958817 0.0968699 0.0978767 0.0989003 0.0999384 0.100989 0.10205 0.10312 0.104197 0.105279 0.106363 0.10745 0.108536 0.109621 0.110704 0.111784 0.112858 0.113928 0.114992 0.11605 0.117101 0.118146 0.119184 0.120215 0.121239 0.122256 0.123267 0.12427 0.125267 0.126257 0.127239 0.128212 0.129177 0.130131 0.131074 0.132003 0.132916 0.133813 0.134689 0.135543 0.136372 0.137173 0.137944 0.138682 0.139385 0.140051 0.14068 0.141271 0.141825 0.142344 0.14283 0.143296 0.143751 0.144198 0.144641 0.145082 0.145523 0.145966 0.146414 0.146868 0.147331 0.147806 0.148294 0.1488 0.149324 0.14987 0.15044 0.151036 0.15166 0.152314 0.152998 0.153714 0.154462 0.155241 0.15605 0.156889 0.157755 0.158647 0.159561 0.160495 0.161444 0.162405 0.163373 0.164344 0.165313 0.166276 0.167226 0.16816 0.169072 0.169957 0.170811 0.171629 0.172407 0.173141 0.173827 0.174462 0.175043 0.175569 0.176036 0.176443 0.176791 0.177078 0.177304 0.177471 0.17758 0.177632 0.17763 0.177576 0.177475 0.177329 0.177143 0.176923 0.176672 0.176396 0.1761 0.175792 0.175475 0.175156 0.174841 0.17453 0.174228 0.173937 0.173659 0.17339 0.173123 0.172847 
0.0837962 0.0837981 0.083805 0.0838166 0.0838328 0.0838533 0.0838777 0.0839054 0.0839361 0.0839691 0.0840036 0.084039 0.0840745 0.0841092 0.0841422 0.0841726 0.0841994 0.0842217 0.0842384 0.0842486 0.0842513 0.0842456 0.0842305 0.0842053 0.0841693 0.0841217 0.0840621 0.08399 0.0839053 0.0838079 0.0836978 0.0835755 0.0834414 0.0832964 0.0831414 0.0829777 0.0828067 0.0826302 0.0824501 0.0822686 0.082088 0.0819108 0.0817397 0.0815775 0.0814273 0.0812918 0.0811741 0.0810772 0.081004 0.0809575 0.0809403 0.0809551 0.0810043 0.0810901 0.0812147 0.0813796 0.0815866 0.0818368 0.0821313 0.0824708 0.0828557 0.0832863 0.0837624 0.0842838 0.0848498 0.0854595 0.0861121 0.0868061 0.08754 0.0883123 0.0891211 0.0899642 0.0908397 0.0917451 0.092678 0.093636 0.0946163 0.0956163 0.0966333 0.0976646 0.0987072 0.0997586 0.100816 0.101877 0.102938 0.103997 0.105053 0.106102 0.107142 0.108172 0.10919 0.110195 0.111184 0.112158 0.113115 0.114054 0.114974 0.115877 0.11676 0.117625 0.118472 0.1193 0.120109 0.120901 0.121674 0.12243 0.123168 0.123888 0.124591 0.125275 0.12594 0.126587 0.127213 0.127819 0.128405 0.128968 0.129509 0.130027 0.130523 0.130996 0.131448 0.13188 0.132295 0.132694 0.133084 0.133472 0.133865 0.134267 0.134683 0.135115 0.135567 0.136041 0.136539 0.137065 0.13762 0.138207 0.138828 0.139486 0.140183 0.140921 0.141701 0.142527 0.143398 0.144316 0.145281 0.146294 0.147353 0.148458 0.149607 0.150798 0.152027 0.153292 0.154588 0.15591 0.157254 0.158614 0.159984 0.161359 0.162731 0.164094 0.165441 0.166766 0.168063 0.169324 0.170543 0.171715 0.172834 0.173895 0.174893 0.175824 0.176684 0.177471 0.178181 0.178814 0.179368 0.179843 0.180239 0.180558 0.180801 0.180971 0.181071 0.181105 0.181078 0.180995 0.180862 0.180685 0.180472 0.180229 0.179965 0.179687 0.179404 0.179123 0.178853 0.178599 0.178367 0.178161 0.177986 0.17784 0.17772 0.177614 
0.0859231 0.0859253 0.0859331 0.0859463 0.0859646 0.0859878 0.0860152 0.0860464 0.0860807 0.0861172 0.0861551 0.0861935 0.0862314 0.0862676 0.086301 0.0863304 0.0863544 0.0863719 0.0863814 0.0863817 0.0863713 0.0863491 0.0863137 0.0862639 0.0861987 0.086117 0.086018 0.085901 0.0857654 0.0856108 0.0854373 0.0852448 0.0850338 0.0848049 0.0845591 0.0842977 0.0840221 0.0837343 0.0834364 0.0831307 0.0828201 0.0825074 0.0821957 0.0818885 0.0815891 0.0813012 0.0810284 0.0807744 0.0805428 0.0803372 0.0801611 0.0800179 0.0799106 0.0798422 0.0798153 0.0798325 0.0798958 0.080007 0.0801676 0.0803788 0.0806415 0.0809561 0.0813229 0.0817416 0.082212 0.0827332 0.0833042 0.0839237 0.0845901 0.0853016 0.0860559 0.0868509 0.087684 0.0885525 0.0894534 0.0903836 0.09134 0.0923193 0.0933178 0.0943323 0.095359 0.0963943 0.0974348 0.0984768 0.0995169 0.100552 0.101578 0.102592 0.103591 0.104573 0.105534 0.106474 0.107388 0.108276 0.109137 0.109968 0.110769 0.11154 0.112279 0.112988 0.113665 0.114311 0.114927 0.115513 0.11607 0.1166 0.117102 0.117579 0.11803 0.118458 0.118864 0.119248 0.119613 0.119958 0.120287 0.120599 0.120897 0.121182 0.121457 0.121723 0.121985 0.122245 0.122507 0.122776 0.123056 0.123355 0.123677 0.124029 0.124414 0.124837 0.125301 0.125809 0.126364 0.126969 0.127625 0.128336 0.129103 0.129928 0.130813 0.131759 0.132767 0.133839 0.134975 0.136174 0.137437 0.138763 0.140149 0.141595 0.143096 0.14465 0.146253 0.1479 0.149586 0.151304 0.153048 0.154812 0.156588 0.158368 0.160145 0.161909 0.163654 0.16537 0.167051 0.168687 0.170271 0.171796 0.173254 0.174641 0.17595 0.177175 0.178313 0.179359 0.180312 0.181168 0.181928 0.182589 0.183154 0.183623 0.183999 0.184286 0.184487 0.184607 0.184652 0.18463 0.184547 0.184411 0.184232 0.184019 0.183782 0.183532 0.183278 0.183032 0.182804 0.182603 0.182439 0.182319 0.182249 0.182234 0.182273 0.182358 
0.0880444 0.0880469 0.0880557 0.0880707 0.0880916 0.0881179 0.088149 0.0881843 0.0882228 0.0882637 0.088306 0.0883484 0.0883897 0.0884286 0.0884636 0.0884932 0.0885158 0.0885298 0.0885335 0.0885252 0.0885031 0.0884657 0.0884113 0.0883382 0.088245 0.0881304 0.0879929 0.0878317 0.0876459 0.0874347 0.0871978 0.0869352 0.086647 0.0863338 0.0859965 0.0856363 0.0852548 0.084854 0.0844364 0.0840045 0.0835614 0.0831105 0.0826554 0.0822 0.0817483 0.0813047 0.0808733 0.0804587 0.0800653 0.0796973 0.079359 0.0790545 0.0787877 0.0785622 0.0783814 0.0782483 0.0781658 0.0781362 0.0781614 0.0782431 0.0783826 0.0785807 0.0788379 0.0791542 0.0795293 0.0799627 0.0804532 0.0809995 0.0815999 0.0822524 0.0829545 0.0837037 0.0844971 0.0853314 0.0862033 0.087109 0.0880448 0.0890066 0.0899902 0.0909914 0.0920056 0.0930285 0.0940556 0.0950823 0.0961042 0.097117 0.0981163 0.099098 0.100058 0.100993 0.1019 0.102774 0.103614 0.104417 0.10518 0.105902 0.106582 0.107218 0.107809 0.108356 0.108858 0.109317 0.109732 0.110105 0.110437 0.110731 0.110987 0.111208 0.111397 0.111557 0.111689 0.111798 0.111885 0.111955 0.112011 0.112056 0.112095 0.112131 0.112169 0.112213 0.112269 0.112342 0.112437 0.11256 0.112717 0.112915 0.113157 0.113451 0.1138 0.114211 0.114686 0.11523 0.115845 0.116534 0.1173 0.118144 0.119069 0.120074 0.121162 0.122333 0.123587 0.124924 0.126343 0.127844 0.129424 0.131081 0.132813 0.134616 0.136487 0.138421 0.140411 0.142453 0.14454 0.146664 0.148818 0.150993 0.15318 0.155371 0.157556 0.159725 0.161869 0.163978 0.166042 0.168053 0.170001 0.171878 0.173675 0.175386 0.177004 0.178522 0.179936 0.181241 0.182434 0.183512 0.184475 0.185322 0.186053 0.186671 0.187178 0.187579 0.187879 0.188082 0.188197 0.188232 0.188196 0.188098 0.187949 0.187761 0.187546 0.187318 0.187088 0.18687 0.186679 0.186527 0.186426 0.186388 0.186424 0.186542 0.186746 0.187034 
0.0901592 0.0901621 0.0901722 0.0901894 0.0902132 0.0902431 0.0902786 0.0903187 0.0903624 0.0904088 0.0904565 0.0905041 0.0905503 0.0905932 0.0906313 0.0906627 0.0906855 0.0906977 0.0906973 0.0906821 0.0906502 0.0905993 0.0905275 0.0904327 0.0903131 0.0901669 0.0899923 0.0897881 0.0895529 0.0892858 0.0889861 0.0886535 0.088288 0.08789 0.0874604 0.0870003 0.0865114 0.0859959 0.0854563 0.0848956 0.0843173 0.083725 0.083123 0.0825158 0.0819079 0.0813045 0.0807105 0.0801312 0.0795716 0.079037 0.0785325 0.0780628 0.0776327 0.0772466 0.0769086 0.0766224 0.0763914 0.0762186 0.0761064 0.0760571 0.0760722 0.0761529 0.0763 0.0765137 0.076794 0.0771402 0.0775513 0.0780259 0.0785621 0.0791577 0.0798101 0.0805163 0.081273 0.0820766 0.082923 0.0838081 0.0847273 0.0856759 0.0866489 0.0876412 0.0886474 0.0896623 0.0906804 0.0916961 0.0927041 0.0936989 0.0946753 0.095628 0.0965523 0.0974433 0.0982967 0.0991084 0.0998747 0.100592 0.101258 0.10187 0.102426 0.102924 0.103364 0.103745 0.104067 0.104331 0.104538 0.104689 0.104787 0.104833 0.104832 0.104786 0.104699 0.104575 0.104419 0.104235 0.104028 0.103805 0.103571 0.103331 0.103092 0.102861 0.102643 0.102447 0.10228 0.102148 0.102059 0.102021 0.102041 0.102124 0.102276 0.102502 0.10281 0.103203 0.103688 0.104267 0.104944 0.105723 0.106604 0.107591 0.108683 0.109882 0.111188 0.1126 0.114117 0.115738 0.117461 0.119282 0.1212 0.123211 0.125309 0.127491 0.129751 0.132082 0.134478 0.136931 0.139434 0.141978 0.144552 0.147149 0.149757 0.152366 0.154965 0.157543 0.16009 0.162594 0.165045 0.167432 0.169744 0.171972 0.174108 0.176142 0.178067 0.179877 0.181565 0.183126 0.184557 0.185856 0.18702 0.18805 0.188946 0.18971 0.190346 0.190859 0.191254 0.191538 0.191719 0.191807 0.191812 0.191746 0.191622 0.191453 0.191253 0.191039 0.190825 0.190628 0.190466 0.190353 0.190308 0.190347 0.190483 0.190731 0.191101 0.191595 
0.0922667 0.09227 0.0922816 0.0923013 0.0923285 0.0923628 0.0924034 0.0924492 0.0924993 0.0925523 0.0926068 0.0926611 0.0927136 0.0927624 0.0928054 0.0928404 0.0928654 0.0928778 0.0928753 0.0928555 0.0928157 0.0927535 0.0926664 0.092552 0.0924079 0.0922319 0.0920218 0.091776 0.0914927 0.0911706 0.0908088 0.0904066 0.0899639 0.0894807 0.088958 0.0883968 0.0877989 0.0871666 0.0865026 0.0858102 0.0850932 0.084356 0.0836031 0.0828397 0.0820711 0.0813031 0.0805416 0.0797925 0.0790619 0.0783557 0.07768 0.0770405 0.0764426 0.0758916 0.0753924 0.0749495 0.0745668 0.0742479 0.0739959 0.0738135 0.0737026 0.0736649 0.0737012 0.0738122 0.0739979 0.0742576 0.0745904 0.0749949 0.0754689 0.0760101 0.0766156 0.0772821 0.0780057 0.0787825 0.0796077 0.0804767 0.0813841 0.0823245 0.083292 0.0842807 0.0852845 0.0862968 0.0873113 0.0883215 0.0893208 0.0903027 0.091261 0.0921893 0.0930816 0.0939323 0.0947358 0.0954871 0.0961817 0.0968152 0.097384 0.097885 0.0983157 0.0986741 0.0989589 0.0991695 0.0993058 0.0993685 0.099359 0.0992791 0.0991317 0.0989201 0.098648 0.0983202 0.0979417 0.0975182 0.097056 0.0965618 0.0960429 0.0955069 0.094962 0.0944165 0.0938793 0.0933594 0.0928662 0.0924092 0.091998 0.0916422 0.0913516 0.0911353 0.0910024 0.090957 0.0910054 0.0911547 0.0914119 0.0917828 0.0922728 0.0928864 0.0936272 0.0944982 0.0955015 0.0966384 0.0979094 0.0993142 0.100852 0.102521 0.104319 0.106243 0.10829 0.110455 0.112733 0.115118 0.117606 0.120189 0.122859 0.12561 0.128431 0.131315 0.134252 0.137231 0.140242 0.143273 0.146313 0.14935 0.152373 0.155368 0.158323 0.161227 0.164067 0.166832 0.16951 0.172091 0.174565 0.176922 0.179154 0.181253 0.183214 0.18503 0.186698 0.188214 0.189578 0.190788 0.191845 0.192753 0.193515 0.194136 0.194622 0.194982 0.195224 0.19536 0.195402 0.195361 0.195254 0.195095 0.194902 0.194692 0.194484 0.194297 0.194151 0.194068 0.194067 0.194171 0.194398 0.194768 0.195297 0.195992 
0.0943659 0.0943697 0.094383 0.0944055 0.0944368 0.0944762 0.0945228 0.0945755 0.0946331 0.0946941 0.0947569 0.0948196 0.0948803 0.0949368 0.0949868 0.0950278 0.0950572 0.0950723 0.0950702 0.0950481 0.0950031 0.0949321 0.0948323 0.0947006 0.0945343 0.0943307 0.0940873 0.0938016 0.0934718 0.0930961 0.0926731 0.0922019 0.091682 0.0911134 0.0904968 0.0898333 0.0891246 0.0883732 0.087582 0.0867546 0.0858952 0.0850087 0.0841003 0.0831757 0.0822411 0.081303 0.0803682 0.0794435 0.0785359 0.0776524 0.0767998 0.0759848 0.0752139 0.074493 0.0738279 0.0732239 0.0726856 0.0722173 0.0718227 0.0715047 0.0712659 0.0711083 0.0710331 0.071041 0.0711322 0.0713062 0.071562 0.0718981 0.0723122 0.0728018 0.0733636 0.0739939 0.0746886 0.0754431 0.0762521 0.0771102 0.0780114 0.0789494 0.0799177 0.0809092 0.0819168 0.0829331 0.0839506 0.0849618 0.0859588 0.0869341 0.0878802 0.0887897 0.0896554 0.0904705 0.0912283 0.0919228 0.0925484 0.0930999 0.0935727 0.0939631 0.0942677 0.0944842 0.0946107 0.0946463 0.094591 0.0944453 0.0942109 0.0938902 0.0934865 0.0930037 0.092447 0.091822 0.0911353 0.0903943 0.0896071 0.0887824 0.0879297 0.0870592 0.0861812 0.0853071 0.0844483 0.0836166 0.0828243 0.0820835 0.0814065 0.0808057 0.0802929 0.0798796 0.0795768 0.079388 0.0793198 0.0793807 0.0795783 0.0799195 0.0804105 0.0810564 0.081861 0.0828275 0.0839577 0.0852526 0.0867121 0.088335 0.0901193 0.0920619 0.0941591 0.0964062 0.0987977 0.101328 0.103989 0.106774 0.109674 0.112682 0.115787 0.11898 0.12225 0.125586 0.128977 0.132411 0.135875 0.139357 0.142844 0.146322 0.149779 0.1532 0.156572 0.159882 0.163117 0.166264 0.169311 0.172247 0.17506 0.17774 0.180279 0.182667 0.184899 0.186969 0.188871 0.190603 0.192163 0.193551 0.194767 0.195815 0.196698 0.197423 0.197996 0.198427 0.198725 0.198902 0.198972 0.198949 0.198849 0.198691 0.198492 0.198275 0.198059 0.197868 0.197725 0.197655 0.197683 0.197835 0.198138 0.198615 0.199292 0.200176 
0.0964554 0.0964598 0.0964751 0.0965009 0.0965369 0.0965822 0.0966359 0.0966967 0.0967632 0.0968338 0.0969067 0.0969797 0.0970507 0.0971172 0.0971766 0.0972261 0.0972626 0.0972831 0.0972843 0.097263 0.0972156 0.0971388 0.0970291 0.0968831 0.0966975 0.096469 0.0961945 0.0958714 0.095497 0.0950692 0.0945862 0.0940468 0.0934501 0.0927959 0.0920847 0.0913175 0.0904962 0.0896231 0.0887015 0.0877354 0.0867294 0.0856888 0.0846194 0.0835279 0.0824212 0.0813065 0.0801918 0.0790847 0.0779933 0.0769257 0.0758896 0.0748927 0.0739425 0.0730459 0.0722096 0.0714395 0.0707412 0.0701195 0.0695786 0.0691223 0.0687535 0.0684743 0.0682864 0.0681908 0.0681877 0.0682768 0.0684569 0.0687265 0.0690832 0.0695241 0.0700459 0.0706443 0.0713147 0.072052 0.0728504 0.0737037 0.0746051 0.0755477 0.0765237 0.0775253 0.0785444 0.0795724 0.0806007 0.0816205 0.082623 0.0835992 0.0845404 0.085438 0.0862835 0.0870688 0.0877863 0.0884286 0.088989 0.0894613 0.0898401 0.0901206 0.0902988 0.0903717 0.090337 0.0901933 0.0899405 0.0895792 0.0891111 0.088539 0.0878668 0.0870993 0.0862426 0.0853038 0.0842907 0.0832126 0.0820795 0.0809022 0.0796927 0.0784635 0.0772279 0.0759999 0.074794 0.0736249 0.0725079 0.0714582 0.0704912 0.0696218 0.0688648 0.0682341 0.0677429 0.0673943 0.0671949 0.0671545 0.0672819 0.0675854 0.0680717 0.0687467 0.0696147 0.0706788 0.0719408 0.0734011 0.0750589 0.0769121 0.0789573 0.0811901 0.083605 0.0861953 0.0889536 0.0918715 0.0949399 0.098149 0.101488 0.104946 0.108511 0.112172 0.115915 0.119727 0.123594 0.127504 0.131442 0.135393 0.139344 0.143278 0.147182 0.151041 0.15484 0.158566 0.162203 0.165738 0.169158 0.172452 0.175606 0.178611 0.181457 0.184135 0.186637 0.188959 0.191094 0.193039 0.194793 0.196355 0.197727 0.198911 0.199912 0.200735 0.20139 0.201885 0.202231 0.202441 0.202531 0.202515 0.202412 0.202242 0.202025 0.201785 0.201545 0.201333 0.201174 0.201097 0.201133 0.201314 0.201671 0.202235 0.203039 0.204095 
0.0985339 0.0985389 0.0985565 0.0985863 0.0986277 0.0986798 0.0987417 0.0988119 0.0988889 0.0989709 0.0990558 0.0991414 0.0992251 0.0993042 0.0993757 0.0994364 0.0994831 0.0995122 0.09952 0.0995027 0.0994565 0.0993773 0.0992613 0.0991043 0.0989025 0.0986522 0.0983497 0.0979917 0.0975751 0.0970973 0.0965559 0.0959493 0.0952763 0.0945365 0.09373 0.0928578 0.0919217 0.0909243 0.0898689 0.0887599 0.0876023 0.0864021 0.0851658 0.0839008 0.0826148 0.0813163 0.080014 0.0787167 0.0774337 0.0761741 0.0749468 0.0737607 0.0726241 0.0715451 0.0705313 0.0695894 0.0687259 0.0679462 0.0672553 0.0666574 0.0661558 0.0657532 0.0654514 0.0652517 0.0651544 0.0651592 0.0652651 0.0654703 0.0657724 0.0661682 0.0666538 0.067225 0.0678764 0.0686023 0.0693965 0.0702518 0.0711609 0.0721157 0.0731076 0.0741279 0.0751671 0.0762157 0.0772638 0.0783014 0.0793182 0.0803041 0.081249 0.0821429 0.082976 0.0837389 0.0844225 0.0850183 0.0855185 0.0859155 0.086203 0.0863753 0.0864274 0.0863556 0.086157 0.0858299 0.0853739 0.0847894 0.0840784 0.083244 0.0822907 0.0812241 0.0800512 0.0787805 0.0774216 0.0759853 0.0744837 0.0729301 0.0713388 0.0697251 0.0681052 0.0664961 0.0649154 0.0633812 0.061912 0.0605263 0.0592427 0.0580794 0.0570541 0.0561837 0.0554841 0.0549578 0.0546109 0.0544548 0.0545002 0.0547562 0.0552309 0.0559307 0.0568605 0.0580236 0.0594214 0.0610541 0.0629198 0.0650154 0.0673362 0.069876 0.0726275 0.0755818 0.0787294 0.0820594 0.0855601 0.0892191 0.0930232 0.0969586 0.101011 0.105166 0.109407 0.113721 0.11809 0.122499 0.126933 0.131374 0.135806 0.140214 0.144582 0.148893 0.153131 0.157281 0.161329 0.16526 0.16906 0.172716 0.176215 0.179548 0.182702 0.18567 0.188443 0.191016 0.193382 0.195539 0.197484 0.199218 0.200741 0.202057 0.20317 0.204087 0.204816 0.205368 0.205754 0.205989 0.206087 0.206068 0.205949 0.205752 0.205501 0.205221 0.204939 0.204684 0.204486 0.204379 0.204398 0.20458 0.204964 0.205589 0.206493 0.207697 
0.1006 0.100606 0.100626 0.10066 0.100708 0.100768 0.100839 0.10092 0.101009 0.101105 0.101204 0.101304 0.101403 0.101498 0.101585 0.10166 0.10172 0.101761 0.10178 0.10177 0.101729 0.101651 0.101533 0.101369 0.101155 0.100886 0.100559 0.100169 0.0997135 0.099188 0.0985902 0.0979179 0.0971694 0.096344 0.0954417 0.0944631 0.0934101 0.0922852 0.0910922 0.0898357 0.0885211 0.0871551 0.085745 0.0842989 0.0828258 0.0813349 0.0798363 0.07834 0.0768564 0.0753959 0.0739687 0.0725848 0.0712538 0.0699847 0.0687862 0.0676661 0.0666315 0.0656887 0.0648433 0.0641 0.0634627 0.0629344 0.0625173 0.0622128 0.0620214 0.0619428 0.061976 0.0621192 0.0623696 0.062724 0.0631781 0.0637271 0.0643654 0.0650865 0.0658835 0.0667487 0.0676737 0.0686495 0.0696667 0.0707152 0.0717846 0.072864 0.0739422 0.0750079 0.0760495 0.0770554 0.078014 0.0789138 0.0797437 0.0804927 0.0811504 0.0817068 0.0821527 0.0824796 0.0826796 0.0827461 0.0826731 0.0824561 0.0820917 0.0815774 0.0809125 0.0800975 0.0791342 0.0780263 0.0767785 0.0753976 0.0738917 0.0722703 0.0705449 0.0687281 0.0668344 0.0648793 0.0628798 0.0608541 0.0588216 0.0568025 0.0548177 0.052889 0.0510381 0.0492874 0.0476589 0.0461744 0.0448549 0.0437208 0.0427908 0.0420673 0.041555 0.0412674 0.0412169 0.0414142 0.0418687 0.0425876 0.0435764 0.0448386 0.0463755 0.0481865 0.0502691 0.0526189 0.0552296 0.0580933 0.0612005 0.0645401 0.0681 0.0718666 0.0758255 0.0799613 0.084258 0.0886987 0.0932664 0.0979433 0.102712 0.107553 0.11245 0.117384 0.122337 0.12729 0.132226 0.137127 0.141975 0.146753 0.151444 0.156033 0.160502 0.164837 0.169024 0.173048 0.176898 0.180561 0.184027 0.187286 0.190331 0.193154 0.19575 0.198117 0.200251 0.202152 0.203823 0.205266 0.206486 0.20749 0.208287 0.208887 0.209305 0.209553 0.209649 0.209612 0.209463 0.209224 0.208921 0.208582 0.208235 0.207914 0.207651 0.207484 0.207455 0.207606 0.207983 0.208633 0.209605 0.210924 
0.102651 0.102658 0.102681 0.10272 0.102775 0.102844 0.102926 0.10302 0.103123 0.103234 0.10335 0.103468 0.103585 0.103699 0.103804 0.103897 0.103975 0.104032 0.104065 0.104068 0.104036 0.103964 0.103848 0.103681 0.103459 0.103177 0.102829 0.102412 0.10192 0.101349 0.100698 0.0999613 0.0991385 0.0982279 0.0972292 0.0961429 0.0949706 0.0937152 0.0923803 0.090971 0.0894934 0.0879547 0.0863629 0.0847274 0.0830579 0.0813652 0.0796603 0.0779548 0.0762604 0.0745888 0.0729518 0.0713605 0.0698258 0.0683581 0.0669669 0.0656612 0.0644489 0.0633372 0.0623323 0.0614395 0.0606631 0.0600067 0.0594726 0.0590625 0.058777 0.0586159 0.0585781 0.0586617 0.0588639 0.059181 0.0596085 0.0601412 0.0607728 0.0614963 0.0623042 0.0631878 0.064138 0.0651448 0.0661976 0.0672853 0.0683961 0.0695178 0.070638 0.0717438 0.0728221 0.0738597 0.0748436 0.0757606 0.0765979 0.0773432 0.0779842 0.0785097 0.0789088 0.0791717 0.0792892 0.0792533 0.0790573 0.0786955 0.0781636 0.0774588 0.0765798 0.0755269 0.0743021 0.0729092 0.0713537 0.069643 0.0677863 0.0657949 0.0636817 0.0614615 0.0591509 0.0567682 0.0543332 0.0518672 0.0493928 0.0469336 0.0445144 0.0421603 0.0398973 0.0377513 0.0357481 0.0339135 0.0322723 0.0308485 0.0296643 0.0287225 0.0280251 0.0275881 0.0274259 0.0275514 0.0279752 0.0287056 0.0297489 0.0311087 0.0327862 0.0347804 0.0370878 0.0397025 0.0426169 0.0458208 0.0493025 0.0530485 0.0570438 0.0612719 0.0657153 0.0703554 0.075173 0.0801481 0.0852602 0.0904887 0.0958126 0.101211 0.106663 0.112148 0.117645 0.123134 0.128596 0.13401 0.139357 0.14462 0.14978 0.15482 0.159723 0.164473 0.169055 0.173456 0.177661 0.18166 0.18544 0.188993 0.192309 0.195384 0.19821 0.200784 0.203104 0.205171 0.206985 0.20855 0.209871 0.210955 0.211812 0.212453 0.212891 0.213142 0.213223 0.213155 0.212959 0.21266 0.212285 0.211864 0.211429 0.211014 0.210655 0.210396 0.210283 0.210365 0.210694 0.211328 0.212323 0.213715 
0.104686 0.104693 0.10472 0.104765 0.104828 0.104907 0.105002 0.10511 0.105229 0.105358 0.105493 0.105632 0.105771 0.105906 0.106034 0.106149 0.106249 0.106327 0.106378 0.106398 0.106381 0.10632 0.106211 0.106047 0.105822 0.105531 0.105167 0.104726 0.104202 0.10359 0.102887 0.102089 0.101193 0.100198 0.0991029 0.0979075 0.0966136 0.095224 0.0937427 0.092175 0.0905275 0.0888082 0.0870261 0.0851915 0.0833154 0.0814099 0.0794875 0.0775613 0.0756444 0.0737504 0.0718921 0.0700826 0.0683339 0.0666578 0.0650649 0.0635654 0.0621681 0.060881 0.059711 0.0586641 0.057745 0.0569576 0.0563047 0.0557881 0.0554085 0.0551659 0.055059 0.0550858 0.0552433 0.0555277 0.055934 0.0564566 0.0570887 0.0578227 0.0586503 0.059562 0.0605477 0.0615965 0.0626966 0.0638356 0.0650005 0.0661778 0.0673532 0.0685126 0.0696411 0.070724 0.0717463 0.0726934 0.0735506 0.0743038 0.0749391 0.0754436 0.0758048 0.0760112 0.0760523 0.0759189 0.0756028 0.0750973 0.0743973 0.0734993 0.0724015 0.0711039 0.0696085 0.0679194 0.0660427 0.0639867 0.0617619 0.0593808 0.0568583 0.0542114 0.0514592 0.0486226 0.0457245 0.0427895 0.0398436 0.0369142 0.0340297 0.0312194 0.028513 0.0259406 0.0235323 0.0213177 0.0193258 0.0175847 0.0161208 0.0149376 0.0140333 0.0134269 0.0131353 0.0131734 0.0135537 0.0142858 0.0153766 0.0168303 0.018648 0.0208282 0.0233662 0.0262551 0.0294853 0.0330445 0.0369186 0.0410913 0.0455446 0.0502588 0.055213 0.0603851 0.0657524 0.0712912 0.0769776 0.0827876 0.0886967 0.0946811 0.100717 0.10678 0.112848 0.118898 0.124909 0.130858 0.136726 0.142492 0.148137 0.153643 0.158992 0.164169 0.169157 0.173942 0.17851 0.182849 0.186948 0.190797 0.194388 0.197713 0.200769 0.20355 0.206054 0.208282 0.210235 0.211917 0.213333 0.214491 0.215399 0.216071 0.216519 0.216761 0.216813 0.216698 0.216439 0.216061 0.215593 0.215067 0.214516 0.213976 0.213488 0.213099 0.212862 0.21283 0.213064 0.213629 0.214593 0.216006 
0.106701 0.10671 0.10674 0.106792 0.106864 0.106955 0.107063 0.107188 0.107326 0.107475 0.107633 0.107795 0.107959 0.10812 0.108274 0.108416 0.108542 0.108645 0.108721 0.108764 0.108766 0.108722 0.108626 0.10847 0.108248 0.107953 0.107579 0.107119 0.106568 0.105919 0.105168 0.104311 0.103345 0.102266 0.101074 0.0997681 0.0983502 0.0968227 0.0951899 0.0934575 0.0916326 0.089724 0.0877417 0.0856971 0.0836028 0.0814722 0.0793194 0.0771594 0.075007 0.0728774 0.0707853 0.0687452 0.0667709 0.0648754 0.0630708 0.0613683 0.0597778 0.0583082 0.056967 0.0557609 0.0546951 0.0537738 0.0530001 0.052376 0.0519023 0.0515791 0.051405 0.051378 0.0514949 0.0517515 0.0521425 0.0526619 0.0533023 0.0540556 0.0549126 0.055863 0.0568958 0.0579988 0.0591591 0.0603632 0.0615964 0.0628437 0.0640895 0.0653176 0.0665117 0.067655 0.0687309 0.0697227 0.0706139 0.0713885 0.0720308 0.0725259 0.0728595 0.0730186 0.0729911 0.072766 0.0723339 0.0716871 0.0708194 0.0697263 0.0684057 0.0668572 0.0650828 0.0630869 0.0608762 0.0584599 0.0558497 0.0530599 0.0501073 0.0470111 0.043793 0.0404769 0.0370889 0.033657 0.0302108 0.0267817 0.0234019 0.0201048 0.0169243 0.0138949 0.0110507 0.00842579 0.00605354 0.00396631 0.0021951 0.000745778 -0.00038917 -0.00118737 -0.00162879 -0.00169606 -0.0013748 -0.000653807 0.000474878 0.00201585 0.00397034 0.00633625 0.00910825 0.0122778 0.0158335 0.019761 0.0240433 0.0286614 0.0335939 0.0388176 0.0443079 0.0500391 0.0559842 0.062116 0.0684067 0.0748282 0.0813527 0.0879527 0.094601 0.101271 0.107937 0.114574 0.121158 0.127665 0.134074 0.140362 0.14651 0.152498 0.158309 0.163924 0.169328 0.174506 0.179444 0.18413 0.188553 0.192702 0.196569 0.200147 0.203432 0.206418 0.209105 0.211492 0.21358 0.215374 0.216878 0.218102 0.219054 0.219746 0.220194 0.220413 0.220423 0.220246 0.219905 0.219427 0.218844 0.218187 0.217491 0.216793 0.216139 0.215581 0.215173 0.214977 0.21506 0.215496 0.216365 0.217728 
0.108695 0.108705 0.108739 0.108798 0.10888 0.108984 0.109109 0.109252 0.109411 0.109583 0.109766 0.109956 0.110148 0.110339 0.110524 0.110698 0.110855 0.11099 0.111095 0.111166 0.111195 0.111174 0.111097 0.110956 0.110743 0.110451 0.110072 0.1096 0.109026 0.108346 0.107551 0.106639 0.105604 0.104443 0.103154 0.101737 0.100192 0.0985232 0.0967335 0.0948294 0.0928188 0.090711 0.0885174 0.0862507 0.0839249 0.0815552 0.0791577 0.076749 0.0743462 0.0719662 0.0696259 0.0673415 0.0651285 0.0630015 0.060974 0.0590584 0.0572658 0.0556057 0.0540867 0.0527159 0.0514989 0.0504405 0.0495438 0.0488112 0.0482435 0.0478408 0.0476017 0.0475241 0.0476046 0.0478387 0.0482209 0.0487446 0.0494019 0.0501841 0.0510811 0.0520819 0.0531743 0.0543451 0.0555801 0.0568642 0.0581815 0.0595153 0.0608481 0.062162 0.0634388 0.0646597 0.0658061 0.0668593 0.0678006 0.068612 0.0692757 0.0697747 0.0700931 0.0702156 0.0701284 0.0698191 0.0692767 0.0684922 0.0674581 0.0661694 0.064623 0.0628185 0.0607578 0.0584455 0.0558889 0.0530984 0.050087 0.0468707 0.0434683 0.0399017 0.0361952 0.0323758 0.028473 0.0245183 0.0205451 0.0165887 0.0126855 0.00887303 0.00518952 0.00167358 -0.00163612 -0.00470115 -0.00748365 -0.00994664 -0.0120543 -0.0137965 -0.0151881 -0.0162028 -0.0168171 -0.0170107 -0.0167672 -0.0160734 -0.0149203 -0.0133024 -0.0112184 -0.00867065 -0.00566536 -0.00221236 0.00167502 0.00598019 0.0106835 0.0157627 0.0211929 0.0269473 0.0329973 0.0393128 0.0458629 0.0526159 0.0595398 0.0666024 0.073772 0.0810172 0.0883073 0.0956124 0.102904 0.110154 0.117335 0.124424 0.131395 0.138225 0.144894 0.151381 0.157667 0.163733 0.169565 0.175146 0.180463 0.185502 0.190253 0.194706 0.198853 0.202685 0.206199 0.209391 0.212258 0.214801 0.21702 0.218921 0.220508 0.22179 0.222776 0.22348 0.223915 0.224099 0.224052 0.223796 0.223355 0.222758 0.222035 0.221221 0.220349 0.219459 0.218601 0.217829 0.217202 0.216786 0.216656 0.216892 0.217588 0.218818 
0.110664 0.110675 0.110714 0.110781 0.110875 0.110993 0.111135 0.111299 0.111482 0.11168 0.111892 0.112112 0.112338 0.112563 0.112784 0.112994 0.113188 0.11336 0.113502 0.113607 0.113669 0.113678 0.113627 0.113508 0.113312 0.11303 0.112654 0.112176 0.111587 0.11088 0.110047 0.109083 0.107983 0.106741 0.105356 0.103827 0.102154 0.100339 0.0983862 0.0963029 0.0940971 0.0917793 0.089362 0.0868593 0.0842871 0.0816625 0.0790037 0.0763297 0.0736595 0.0710126 0.0684078 0.0658636 0.0633973 0.0610253 0.0587626 0.0566228 0.0546181 0.0527591 0.0510551 0.0495135 0.0481408 0.0469417 0.0459199 0.0450776 0.0444159 0.0439348 0.0436331 0.0435084 0.043557 0.0437745 0.0441547 0.0446908 0.0453743 0.0461958 0.0471445 0.0482084 0.0493743 0.0506277 0.0519532 0.0533342 0.054753 0.0561913 0.0576298 0.0590485 0.0604271 0.0617449 0.0629808 0.064114 0.0651235 0.065989 0.0666906 0.067209 0.0675259 0.0676244 0.0674885 0.067104 0.0664585 0.0655412 0.0643438 0.0628602 0.0610867 0.0590225 0.0566695 0.0540328 0.0511203 0.0479436 0.044517 0.0408587 0.0369895 0.032934 0.0287195 0.024376 0.0199366 0.0154365 0.010913 0.00640531 0.00195398 -0.00239926 -0.00661195 -0.0106412 -0.0144439 -0.0179774 -0.0211993 -0.0240679 -0.0265425 -0.0286062 -0.0302826 -0.0315408 -0.0323537 -0.0326979 -0.0325543 -0.0319079 -0.0307479 -0.029068 -0.0268665 -0.0241459 -0.0209129 -0.0171788 -0.0129585 -0.0082709 -0.00313844 0.00241329 0.00835588 0.0146585 0.0212882 0.0282107 0.0353902 0.0427905 0.0503748 0.0581067 0.0659499 0.0738688 0.0818289 0.0897967 0.0977402 0.105629 0.113433 0.121126 0.128681 0.136073 0.143281 0.150283 0.157059 0.163591 0.169861 0.175855 0.181558 0.186958 0.192044 0.196805 0.201234 0.205323 0.209067 0.212463 0.215509 0.218205 0.220552 0.222555 0.224219 0.225552 0.226564 0.227269 0.227681 0.227817 0.227698 0.227346 0.226787 0.22605 0.225165 0.224165 0.223084 0.221968 0.220866 0.219835 0.218937 0.218243 0.217831 0.217791 0.218223 0.219219 
0.112605 0.112617 0.112662 0.112738 0.112844 0.112978 0.11314 0.113327 0.113536 0.113764 0.114007 0.114263 0.114525 0.11479 0.115052 0.115304 0.115541 0.115756 0.115941 0.116089 0.116191 0.116238 0.116222 0.116133 0.115961 0.115698 0.115333 0.114856 0.114259 0.113532 0.112667 0.111656 0.110494 0.109175 0.107696 0.106054 0.104249 0.102284 0.100162 0.0978912 0.09548 0.09294 0.0902849 0.0875307 0.0846952 0.0817978 0.078859 0.0759005 0.0729439 0.0700112 0.0671239 0.0643025 0.0615666 0.0589345 0.0564229 0.0540467 0.0518194 0.0497523 0.0478554 0.0461369 0.0446034 0.0432601 0.0421106 0.0411576 0.0404021 0.039844 0.039482 0.0393138 0.0393356 0.0395425 0.0399282 0.0404854 0.0412051 0.0420773 0.0430902 0.0442311 0.0454855 0.0468379 0.0482712 0.0497674 0.0513071 0.0528699 0.0544346 0.0559791 0.0574809 0.0589168 0.0602634 0.0614974 0.0625955 0.0635347 0.0642926 0.0648476 0.0651792 0.065268 0.0650961 0.0646473 0.0639074 0.0628643 0.0615083 0.0598322 0.057832 0.0555063 0.0528573 0.0498904 0.0466144 0.0430421 0.0391896 0.0350769 0.0307275 0.0261685 0.0214304 0.0165465 0.0115535 0.00649018 0.00139786 -0.00368034 -0.00869978 -0.0136147 -0.0183784 -0.0229439 -0.027264 -0.0312916 -0.0349802 -0.0382835 -0.041156 -0.0435717 -0.0455629 -0.047094 -0.048134 -0.0486562 -0.0486385 -0.0480637 -0.0469192 -0.0451977 -0.0428964 -0.0400177 -0.036569 -0.0325622 -0.0280141 -0.0229456 -0.017382 -0.011352 -0.00488792 0.00197533 0.00920035 0.0167479 0.0245774 0.0326476 0.0409167 0.0493432 0.0578861 0.0665053 0.075162 0.0838189 0.0924401 0.100992 0.109442 0.117762 0.125921 0.133896 0.141661 0.149194 0.156475 0.163484 0.170205 0.176622 0.18272 0.188488 0.193914 0.198988 0.203702 0.208049 0.212025 0.215626 0.218849 0.221696 0.224168 0.226268 0.228002 0.22938 0.23041 0.231106 0.231484 0.23156 0.231354 0.230891 0.230196 0.229297 0.228227 0.227013 0.225693 0.224315 0.22293 0.221595 0.220375 0.219342 0.218578 0.218176 0.218247 0.218891 
0.114514 0.114528 0.114578 0.114664 0.114783 0.114936 0.115119 0.115332 0.11557 0.11583 0.11611 0.116404 0.116709 0.117018 0.117326 0.117627 0.117914 0.118179 0.118414 0.118612 0.118762 0.118856 0.118883 0.118833 0.118696 0.11846 0.118115 0.117649 0.117052 0.116313 0.115423 0.114372 0.113153 0.11176 0.110187 0.108432 0.106494 0.104374 0.102077 0.0996095 0.0969814 0.0942055 0.0912969 0.0882736 0.0851556 0.0819649 0.078725 0.0754603 0.0721957 0.0689559 0.0657654 0.0626474 0.0596239 0.0567152 0.0539397 0.0513139 0.0488523 0.0465673 0.0444694 0.0425673 0.0408679 0.0393766 0.0380972 0.0370323 0.036183 0.0355493 0.0351299 0.0349221 0.0349222 0.035125 0.0355242 0.0361117 0.0368784 0.0378133 0.0389041 0.040137 0.0414964 0.0429654 0.0445256 0.046157 0.0478386 0.0495479 0.0512616 0.0529551 0.0546035 0.0561811 0.057662 0.0590199 0.060229 0.0612635 0.0620985 0.0627096 0.0630738 0.0631693 0.062976 0.0624756 0.0616521 0.0604919 0.0589838 0.05712 0.0548957 0.0523093 0.0493631 0.0460631 0.0424193 0.0384457 0.0341604 0.0295855 0.0247472 0.0196753 0.0144035 0.0089686 0.00341071 -0.00222753 -0.00790106 -0.0135629 -0.0191646 -0.0246563 -0.0299875 -0.0351074 -0.0399648 -0.0445087 -0.0486885 -0.052454 -0.0557553 -0.0585548 -0.0608922 -0.0627275 -0.0640253 -0.0647556 -0.0648934 -0.0644189 -0.0633176 -0.0615802 -0.0592031 -0.0561881 -0.0525426 -0.0482792 -0.0434159 -0.0379756 -0.0319862 -0.0254796 -0.0184919 -0.0110622 -0.00323271 0.00495235 0.0134472 0.0222049 0.0311786 0.0403211 0.0495864 0.0589294 0.0683065 0.0776762 0.0869987 0.0962368 0.105355 0.114322 0.123107 0.131681 0.14002 0.148099 0.155899 0.163398 0.170581 0.17743 0.183932 0.190075 0.195846 0.201238 0.206241 0.210849 0.215058 0.218863 0.222263 0.225259 0.227852 0.230045 0.231845 0.233261 0.234301 0.234979 0.235311 0.235314 0.235009 0.234419 0.233571 0.232492 0.231212 0.229757 0.228169 0.226497 0.224791 0.22311 0.221518 0.220088 0.218902 0.218054 0.217658 0.217823 
0.116386 0.116403 0.116459 0.116555 0.11669 0.116862 0.11707 0.11731 0.11758 0.117877 0.118197 0.118534 0.118886 0.119244 0.119605 0.119961 0.120304 0.120627 0.120921 0.121177 0.121385 0.121534 0.121615 0.121614 0.121521 0.121323 0.121008 0.120563 0.119976 0.119235 0.118328 0.117244 0.115975 0.114512 0.112849 0.110981 0.108907 0.106628 0.104148 0.101475 0.0986171 0.0955899 0.0924101 0.0890976 0.0856753 0.0821681 0.0786028 0.0750073 0.07141 0.0678392 0.0643225 0.0608861 0.0575548 0.0543512 0.0512955 0.0484058 0.0456976 0.0431843 0.0408768 0.0387842 0.0369137 0.0352706 0.0338589 0.0326811 0.0317384 0.0310306 0.0305564 0.0303132 0.0302971 0.0305028 0.0309237 0.0315515 0.0323764 0.0333871 0.0345704 0.0359114 0.0373936 0.0389984 0.0407061 0.0424947 0.0443413 0.0462211 0.0481085 0.0499765 0.0517973 0.0535425 0.0551833 0.0566906 0.0580355 0.0591893 0.0601241 0.0608128 0.0612297 0.0613503 0.0611521 0.0606148 0.0597205 0.0584539 0.0568027 0.0547582 0.0523149 0.0494713 0.0462301 0.042598 0.0385861 0.0342101 0.0294901 0.0244505 0.0191203 0.0135322 0.00772318 0.00173341 -0.0043936 -0.0106116 -0.0168718 -0.0231237 -0.0293151 -0.0353925 -0.0413019 -0.0469888 -0.0523985 -0.0574764 -0.0621683 -0.0664206 -0.0701798 -0.0733963 -0.076112 -0.0782832 -0.0798711 -0.0808421 -0.0811682 -0.0808267 -0.0798007 -0.0780791 -0.0756566 -0.0725341 -0.0687183 -0.0642223 -0.0590647 -0.0532703 -0.0468691 -0.0398961 -0.0323909 -0.0243972 -0.0159617 -0.00713411 0.00203434 0.0114911 0.0211832 0.0310579 0.0410633 0.051149 0.0612664 0.071369 0.0814131 0.0913574 0.101164 0.110796 0.120223 0.129414 0.138342 0.146982 0.155313 0.163315 0.170968 0.178259 0.185173 0.191696 0.197819 0.203532 0.208828 0.213699 0.218142 0.222152 0.225729 0.228872 0.231583 0.233866 0.235727 0.237174 0.238217 0.238869 0.239145 0.239064 0.238647 0.237915 0.236897 0.235621 0.234107 0.232388 0.230507 0.228511 0.226452 0.224387 0.22238 0.220501 0.218828 0.217456 0.216491 0.216046 
0.118219 0.118237 0.1183 0.118408 0.11856 0.118753 0.118987 0.119258 0.119563 0.1199 0.120263 0.120649 0.121052 0.121467 0.121886 0.122303 0.12271 0.123099 0.12346 0.123784 0.124059 0.124275 0.124419 0.12448 0.124442 0.124294 0.124021 0.123608 0.123042 0.122309 0.121395 0.120288 0.118976 0.117449 0.115698 0.11372 0.111509 0.109067 0.106397 0.103505 0.100405 0.0971092 0.0936381 0.0900138 0.0862623 0.082412 0.0784936 0.0745391 0.0705811 0.0666519 0.0627829 0.0590039 0.0553425 0.0518238 0.0484703 0.0453013 0.0423336 0.0395811 0.0370552 0.0347653 0.0327183 0.0309198 0.0293736 0.028082 0.0270462 0.0262659 0.0257399 0.0254656 0.0254389 0.0256547 0.026106 0.0267844 0.0276797 0.02878 0.0300713 0.0315378 0.0331617 0.0349232 0.0368006 0.0387702 0.0408068 0.0428833 0.0449714 0.0470415 0.0490628 0.0510038 0.0528327 0.054517 0.0560246 0.0573238 0.0583834 0.0591732 0.0596646 0.0598305 0.059646 0.0590885 0.058138 0.056778 0.054995 0.0527793 0.0501253 0.0470316 0.0435013 0.0395421 0.0351666 0.0303923 0.0252414 0.0197409 0.0139225 0.0078219 0.00147915 -0.0050622 -0.0117554 -0.0185507 -0.0253961 -0.0322376 -0.0390198 -0.0456858 -0.0521783 -0.0584395 -0.0644114 -0.0700364 -0.0752572 -0.0800169 -0.0842591 -0.0879279 -0.0910519 -0.0935905 -0.0955009 -0.0967463 -0.0972953 -0.0971224 -0.096208 -0.0945386 -0.0921068 -0.088912 -0.08496 -0.0802632 -0.074841 -0.068719 -0.0619291 -0.0545091 -0.046502 -0.0379557 -0.0289217 -0.019455 -0.00961277 0.000546532 0.0109637 0.0215798 0.0323369 0.0431785 0.0540506 0.0649017 0.0756831 0.0863496 0.0968592 0.107173 0.117257 0.127078 0.136608 0.145822 0.154695 0.163208 0.171342 0.179082 0.186413 0.193324 0.199803 0.205842 0.211432 0.216569 0.221247 0.225463 0.229215 0.232505 0.235332 0.237701 0.239619 0.241091 0.24213 0.242748 0.24296 0.242784 0.242242 0.241357 0.240156 0.238664 0.236897 0.234894 0.232697 0.230355 0.227917 0.22544 0.222983 0.220614 0.218405 0.216441 0.214821 0.213646 
0.120005 0.120026 0.120096 0.120217 0.120387 0.120603 0.120865 0.12117 0.121514 0.121894 0.122306 0.122745 0.123205 0.123681 0.124166 0.124652 0.125131 0.125594 0.126032 0.126433 0.126786 0.127079 0.127299 0.127432 0.127464 0.127378 0.12716 0.126793 0.126262 0.125549 0.12464 0.12352 0.122173 0.120589 0.118757 0.11667 0.114322 0.111712 0.108844 0.105724 0.102364 0.0987815 0.0949963 0.0910344 0.0869251 0.0827012 0.078398 0.0740522 0.0697015 0.0653829 0.0611322 0.0569833 0.0529672 0.0491116 0.0454411 0.0419766 0.0387358 0.035733 0.03298 0.0304859 0.0282575 0.0263001 0.0246173 0.0232111 0.0220827 0.0212318 0.020657 0.0203559 0.0203245 0.0205577 0.0210484 0.0217882 0.0227665 0.0239709 0.0253868 0.0269973 0.0287834 0.0307237 0.0327948 0.034971 0.0372246 0.0395261 0.0418442 0.0441462 0.0463983 0.0485656 0.0506127 0.0525038 0.0542032 0.0556758 0.0568868 0.057803 0.0583927 0.0586258 0.0584751 0.0579156 0.0569258 0.0554875 0.0535862 0.0512118 0.0483585 0.0450253 0.041216 0.0369395 0.0322102 0.0270474 0.0214756 0.0155244 0.00922823 0.00262574 -0.00424011 -0.0113227 -0.0185723 -0.0259361 -0.0333589 -0.0407839 -0.0481525 -0.0554048 -0.0624806 -0.0693189 -0.0758589 -0.0820401 -0.0878022 -0.0930859 -0.0978323 -0.101983 -0.105545 -0.10848 -0.110744 -0.112297 -0.113104 -0.113136 -0.112372 -0.110794 -0.108393 -0.105166 -0.101118 -0.0962594 -0.0906096 -0.0841948 -0.0770483 -0.0692099 -0.060726 -0.0516481 -0.0420327 -0.03194 -0.0214329 -0.0105763 0.000564063 0.0119228 0.0234354 0.0350391 0.0466739 0.0582827 0.0698117 0.0812113 0.0924354 0.103442 0.114194 0.124656 0.134798 0.144592 0.154016 0.163048 0.17167 0.179865 0.187619 0.194921 0.20176 0.208128 0.214016 0.21942 0.224334 0.228757 0.232685 0.236119 0.23906 0.241513 0.243483 0.244977 0.246006 0.246582 0.246721 0.246442 0.245765 0.244715 0.24332 0.241596 0.239562 0.23726 0.234733 0.232028 0.229195 0.226287 0.223362 0.220478 0.217701 0.215103 0.212765 0.21077 
0.121741 0.121764 0.121843 0.121977 0.122166 0.122408 0.122701 0.123042 0.123428 0.123855 0.12432 0.124817 0.12534 0.125883 0.12644 0.127003 0.127562 0.128109 0.128632 0.129122 0.129565 0.129947 0.130256 0.130476 0.13059 0.130582 0.130434 0.130128 0.129646 0.128968 0.128078 0.126956 0.125587 0.123956 0.122048 0.119855 0.11737 0.114589 0.111515 0.108154 0.104519 0.100627 0.0965025 0.0921734 0.0876737 0.083041 0.0783163 0.0735421 0.0687619 0.0640185 0.0593531 0.0548038 0.0504056 0.0461893 0.0421815 0.0384045 0.0348767 0.0316127 0.028624 0.0259192 0.0235048 0.0213855 0.0195643 0.0180431 0.0168228 0.015903 0.0152826 0.0149591 0.0149289 0.0151869 0.0157263 0.0165385 0.017613 0.0189367 0.0204944 0.0222684 0.0242383 0.0263812 0.0286717 0.0310819 0.0335814 0.036138 0.0387173 0.0412833 0.0437985 0.0462245 0.048522 0.0506515 0.0525735 0.0542489 0.0556396 0.0567088 0.0574217 0.0577454 0.0576499 0.0571084 0.0560975 0.0545979 0.0525944 0.0500764 0.0470384 0.04348 0.0394061 0.0348271 0.0297589 0.0242231 0.0182465 0.0118612 0.00510408 -0.00198343 -0.00935574 -0.0169636 -0.0247544 -0.0326728 -0.0406611 -0.0486594 -0.0566065 -0.0644399 -0.0720961 -0.0795116 -0.0866226 -0.0933656 -0.0996779 -0.105498 -0.110765 -0.11542 -0.119443 -0.122802 -0.125448 -0.127338 -0.128436 -0.128708 -0.128131 -0.126685 -0.124356 -0.121141 -0.117039 -0.112062 -0.106228 -0.0995619 -0.0920982 -0.0838785 -0.0749515 -0.0653725 -0.0552023 -0.0445061 -0.033353 -0.021814 -0.00996152 0.00213206 0.0143954 0.0267592 0.0391568 0.0515252 0.0638054 0.0759424 0.0878863 0.0995912 0.111016 0.122125 0.132884 0.143267 0.153246 0.162802 0.171915 0.180568 0.188749 0.196445 0.203647 0.210345 0.216533 0.222205 0.227356 0.231985 0.236088 0.239666 0.242721 0.245255 0.247273 0.248785 0.249798 0.250327 0.250386 0.249995 0.249175 0.247952 0.246354 0.244386 0.242076 0.239467 0.236602 0.233528 0.230296 0.226954 0.223556 0.220154 0.216804 0.21356 0.210482 0.207623 
0.123421 0.123446 0.123533 0.123682 0.123892 0.124161 0.124487 0.124868 0.125299 0.125778 0.126299 0.126859 0.127451 0.128069 0.128705 0.129352 0.13 0.13064 0.13126 0.131849 0.132393 0.132879 0.13329 0.133611 0.133824 0.133909 0.133848 0.13362 0.133204 0.132579 0.131724 0.130617 0.129238 0.12757 0.125597 0.123304 0.120683 0.117728 0.11444 0.110825 0.106896 0.102671 0.0981771 0.0934469 0.0885189 0.0834368 0.078248 0.0730025 0.0677506 0.062542 0.0574241 0.0524404 0.0476302 0.0430275 0.0386609 0.034554 0.0307254 0.0271895 0.0239571 0.021036 0.0184317 0.016148 0.0141873 0.012551 0.0112397 0.010253 0.00958989 0.00924831 0.00922497 0.00951516 0.0101125 0.0110084 0.0121924 0.0136511 0.0153688 0.0173268 0.0195033 0.0218739 0.0244109 0.027084 0.0298602 0.032704 0.0355775 0.0384411 0.0412535 0.0439721 0.0465537 0.0489545 0.0511308 0.0530397 0.0546391 0.0558888 0.0567505 0.0571886 0.0571707 0.056668 0.0556557 0.0541134 0.0520255 0.0493817 0.0461767 0.0424111 0.0380911 0.0332287 0.0278417 0.0219537 0.0155936 0.00879597 0.00159981 -0.00595109 -0.0138089 -0.0219222 -0.030236 -0.0386928 -0.0472325 -0.0557927 -0.0643094 -0.0727175 -0.0809507 -0.0889423 -0.0966255 -0.103934 -0.110802 -0.117166 -0.122963 -0.128135 -0.13264 -0.136443 -0.139492 -0.141744 -0.14316 -0.143703 -0.143347 -0.142069 -0.139852 -0.136689 -0.132579 -0.127528 -0.121555 -0.114683 -0.106947 -0.0983891 -0.0890603 -0.0790186 -0.0683288 -0.0570611 -0.0452901 -0.0330933 -0.0205496 -0.00773864 0.00526132 0.0183739 0.0315257 0.0446475 0.0576742 0.0705459 0.0832077 0.09561 0.107709 0.119464 0.130842 0.141812 0.152348 0.162428 0.172033 0.181147 0.189754 0.197845 0.20541 0.212439 0.218926 0.224866 0.230255 0.235089 0.239367 0.243089 0.246254 0.248868 0.250933 0.252458 0.253453 0.253929 0.253903 0.253394 0.252424 0.251022 0.249214 0.246996 0.244408 0.241491 0.23829 0.234853 0.231229 0.227465 0.22361 0.21971 0.215808 0.211943 0.208148 0.204445 
0.125038 0.125065 0.125162 0.125327 0.125559 0.125857 0.126219 0.126641 0.127121 0.127655 0.128238 0.128866 0.129533 0.130231 0.130954 0.131694 0.13244 0.133183 0.133911 0.134611 0.13527 0.135873 0.136402 0.13684 0.137168 0.137366 0.13741 0.13728 0.13695 0.136396 0.135594 0.13452 0.133149 0.131459 0.12943 0.127045 0.124291 0.121161 0.117652 0.113769 0.109524 0.10494 0.100044 0.0948732 0.0894731 0.0838941 0.0781919 0.072425 0.0666524 0.0609322 0.0553192 0.0498632 0.0446081 0.0395915 0.0348438 0.0303895 0.026247 0.0224296 0.0189468 0.0158049 0.0130079 0.0105584 0.00845767 0.00670652 0.0053052 0.00425349 0.00355061 0.00319498 0.00318395 0.00351346 0.00417766 0.00516852 0.00647553 0.00808538 0.00998167 0.0121448 0.0145517 0.017176 0.0199879 0.0229544 0.0260393 0.0292036 0.0324058 0.035602 0.0387468 0.041793 0.044693 0.0473985 0.0498614 0.0520344 0.0538717 0.0553291 0.0563653 0.0569418 0.0570239 0.0565811 0.0555875 0.0540221 0.0518695 0.0491194 0.0457677 0.0418159 0.0372719 0.0321491 0.0264673 0.0202518 0.0135337 0.0063491 -0.00126101 -0.00925111 -0.0175716 -0.0261693 -0.0349875 -0.0439666 -0.0530442 -0.0621556 -0.0712342 -0.0802118 -0.089019 -0.0975858 -0.105842 -0.113718 -0.121145 -0.128057 -0.134388 -0.140079 -0.145077 -0.149334 -0.152801 -0.155432 -0.157185 -0.158023 -0.157914 -0.156834 -0.154762 -0.151688 -0.147609 -0.142528 -0.13646 -0.129428 -0.121467 -0.112617 -0.102933 -0.0924729 -0.081306 -0.0695067 -0.0571549 -0.0443339 -0.0311296 -0.0176283 -0.0039157 0.00992473 0.0238127 0.0376722 0.0514322 0.0650271 0.0783972 0.0914886 0.104254 0.11665 0.12864 0.140194 0.151282 0.161883 0.171977 0.181547 0.190579 0.199063 0.206988 0.214346 0.221132 0.227339 0.232963 0.238002 0.242454 0.246317 0.249594 0.252285 0.254395 0.255931 0.256904 0.257324 0.257208 0.256577 0.255454 0.25387 0.251847 0.249383 0.24652 0.243303 0.239779 0.235995 0.232001 0.227842 0.223564 0.219206 0.214803 0.210377 0.205937 0.201478 
0.126585 0.126615 0.126722 0.126904 0.12716 0.127489 0.127888 0.128355 0.128887 0.129481 0.13013 0.130832 0.131579 0.132365 0.133182 0.134022 0.134876 0.135733 0.13658 0.137404 0.138192 0.138926 0.139589 0.140163 0.140625 0.140954 0.141125 0.141113 0.140892 0.140432 0.139706 0.138686 0.137342 0.135647 0.133578 0.131112 0.128231 0.124925 0.121187 0.117022 0.112441 0.107466 0.102129 0.0964737 0.0905504 0.0844191 0.0781453 0.0717984 0.0654482 0.0591629 0.0530062 0.0470353 0.0412996 0.0358401 0.0306889 0.0258704 0.021402 0.0172952 0.0135572 0.0101919 0.00720116 0.0045856 0.00234532 0.000480216 -0.00100976 -0.00212468 -0.00286481 -0.00323093 -0.00322474 -0.00284933 -0.00210966 -0.00101304 0.000430427 0.00220743 0.00430118 0.0066911 0.00935276 0.0122578 0.0153739 0.018665 0.0220915 0.0256106 0.0291764 0.0327407 0.0362532 0.0396621 0.0429146 0.0459578 0.0487388 0.0512059 0.0533091 0.0550006 0.0562357 0.0569734 0.0571771 0.0568148 0.05586 0.0542916 0.0520944 0.0492592 0.0457828 0.0416682 0.0369247 0.0315673 0.0256173 0.0191017 0.0120528 0.00450817 -0.00348997 -0.0118949 -0.0206558 -0.0297181 -0.0390236 -0.0485108 -0.0581151 -0.0677694 -0.0774041 -0.0869475 -0.0963269 -0.105468 -0.114298 -0.122742 -0.130728 -0.138187 -0.14505 -0.151256 -0.156745 -0.16146 -0.165349 -0.168365 -0.170464 -0.171609 -0.171764 -0.170901 -0.168999 -0.166043 -0.162027 -0.156952 -0.150829 -0.143682 -0.13554 -0.126447 -0.116454 -0.105624 -0.0940277 -0.0817429 -0.0688544 -0.0554513 -0.0416257 -0.0274706 -0.013079 0.00145856 0.0160547 0.0306267 0.0450971 0.0593947 0.0734545 0.0872183 0.100634 0.113658 0.126249 0.138374 0.150005 0.161118 0.171692 0.181712 0.191162 0.200032 0.208313 0.215996 0.223076 0.229547 0.235405 0.240646 0.24527 0.249274 0.252658 0.255426 0.25758 0.259126 0.260074 0.260437 0.26023 0.259475 0.258198 0.25643 0.254196 0.251494 0.248368 0.244867 0.24104 0.236937 0.232606 0.228094 0.223442 0.218686 0.213852 0.208954 0.203982 0.198911 
0.128056 0.12809 0.128207 0.128406 0.128687 0.129049 0.129488 0.130004 0.130591 0.131247 0.131968 0.132748 0.133581 0.134462 0.135381 0.136331 0.137301 0.138282 0.13926 0.140222 0.141153 0.142035 0.14285 0.143577 0.144194 0.144676 0.144998 0.145129 0.145041 0.144701 0.144077 0.143135 0.141842 0.140166 0.138075 0.135541 0.132543 0.129063 0.125091 0.120629 0.115687 0.110288 0.104467 0.0982736 0.0917669 0.0850176 0.0781037 0.0711077 0.064113 0.0572006 0.0504449 0.0439119 0.037657 0.0317245 0.0261477 0.02095 0.0161463 0.0117451 0.00774999 0.00416133 0.000977932 -0.00180202 -0.00418019 -0.00615765 -0.00773476 -0.00891125 -0.00968656 -0.0100603 -0.0100328 -0.00960577 -0.00878283 -0.00757023 -0.00597743 -0.00401749 -0.00170757 0.000930854 0.00387178 0.00708465 0.0105344 0.0141816 0.0179827 0.0218906 0.0258548 0.029822 0.0337368 0.0375421 0.0411799 0.0445919 0.0477207 0.0505096 0.0529046 0.0548541 0.0563106 0.0572305 0.0575756 0.0573131 0.0564161 0.0548641 0.0526427 0.0497438 0.0461657 0.0419127 0.0369954 0.0314304 0.0252399 0.0184519 0.0110997 0.00322154 -0.00513972 -0.0139367 -0.0231177 -0.032627 -0.0424052 -0.0523887 -0.0625108 -0.0727013 -0.0828872 -0.0929933 -0.102943 -0.112657 -0.122058 -0.131067 -0.13961 -0.14761 -0.154998 -0.161707 -0.167676 -0.17284 -0.177145 -0.180542 -0.182987 -0.184439 -0.184863 -0.184227 -0.182508 -0.179688 -0.175757 -0.170716 -0.164572 -0.157345 -0.149065 -0.139772 -0.129518 -0.118367 -0.106391 -0.0936712 -0.080296 -0.0663595 -0.0519596 -0.037196 -0.0221682 -0.00697394 0.00829256 0.0235417 0.0386898 0.0536597 0.0683813 0.0827917 0.0968355 0.110464 0.123636 0.136315 0.148472 0.160081 0.171122 0.181578 0.191435 0.200682 0.209309 0.21731 0.224677 0.231407 0.237493 0.242934 0.247726 0.251868 0.25536 0.258202 0.260398 0.261954 0.262879 0.263184 0.262886 0.262008 0.260578 0.258629 0.256193 0.253267 0.249897 0.246137 0.242037 0.23765 0.233026 0.22821 0.223245 0.218163 0.212985 0.20772 0.20235 0.196845 
0.129444 0.12948 0.129608 0.129826 0.130134 0.13053 0.131012 0.131578 0.132224 0.132947 0.133743 0.134607 0.135532 0.136514 0.137542 0.13861 0.139708 0.140824 0.141945 0.143058 0.144147 0.145193 0.146179 0.14708 0.147874 0.148533 0.14903 0.149332 0.149405 0.149215 0.148722 0.14789 0.146677 0.145045 0.142955 0.140374 0.137271 0.133623 0.129414 0.12464 0.119311 0.11345 0.107095 0.100302 0.0931414 0.0856961 0.0780601 0.0703327 0.0626147 0.0550027 0.0475848 0.0404371 0.0336218 0.0271862 0.0211636 0.0155747 0.0104305 0.00573425 0.00148421 -0.002324 -0.00569576 -0.00863609 -0.0111488 -0.0132361 -0.0148986 -0.0161352 -0.0169444 -0.0173238 -0.0172721 -0.0167888 -0.015876 -0.0145383 -0.0127842 -0.0106264 -0.0080822 -0.00517418 -0.00193002 0.00161726 0.00542943 0.00946328 0.0136709 0.0180004 0.022396 0.0267989 0.0311482 0.035381 0.0394338 0.0432428 0.0467454 0.0498805 0.0525896 0.0548178 0.0565147 0.0576347 0.0581384 0.0579926 0.0571707 0.0556531 0.0534268 0.0504852 0.046828 0.042461 0.0373958 0.0316498 0.025246 0.0182127 0.0105835 0.00239669 -0.00630452 -0.0154725 -0.0250551 -0.0349956 -0.045233 -0.0557019 -0.0663327 -0.077052 -0.087783 -0.0984462 -0.10896 -0.119242 -0.129208 -0.138776 -0.147865 -0.156397 -0.164297 -0.171494 -0.177922 -0.183519 -0.188224 -0.191989 -0.194768 -0.196518 -0.197204 -0.196792 -0.195257 -0.192579 -0.188747 -0.183757 -0.177615 -0.170338 -0.161954 -0.152501 -0.142031 -0.130606 -0.118301 -0.105198 -0.0913897 -0.0769737 -0.0620533 -0.0467338 -0.0311211 -0.0153196 0.000569753 0.016451 0.032234 0.0478359 0.0631815 0.0782032 0.0928416 0.107045 0.120769 0.133976 0.146634 0.158718 0.170205 0.18108 0.191327 0.200936 0.209897 0.218204 0.225849 0.232827 0.239135 0.244769 0.249725 0.254002 0.257598 0.260513 0.262751 0.264316 0.265218 0.265468 0.265083 0.264088 0.262511 0.260388 0.25776 0.254629 0.251041 0.247052 0.242716 0.238088 0.23322 0.22816 0.222948 0.217617 0.212188 0.206667 0.201035 0.195274 
0.13074 0.13078 0.130919 0.131157 0.131493 0.131925 0.132451 0.13307 0.133778 0.134571 0.135447 0.136399 0.137423 0.138511 0.139657 0.140852 0.142086 0.143348 0.144625 0.145903 0.147165 0.148394 0.149569 0.150666 0.15166 0.152523 0.153223 0.153725 0.153992 0.153985 0.153659 0.15297 0.151872 0.150317 0.148259 0.145656 0.142466 0.138659 0.134212 0.129115 0.123372 0.117006 0.11006 0.102595 0.0946958 0.0864608 0.0780039 0.0694465 0.060911 0.0525145 0.0443618 0.0365415 0.0291228 0.0221552 0.0156703 0.00968382 0.00419987 -0.000785877 -0.00528255 -0.00930125 -0.0128528 -0.0159463 -0.0185881 -0.0207816 -0.0225272 -0.023823 -0.0246653 -0.0250498 -0.0249723 -0.0244298 -0.023422 -0.0219516 -0.0200258 -0.0176566 -0.0148616 -0.0116643 -0.00809444 -0.00418783 1.37117e-05 0.00446266 0.00910627 0.0138871 0.0187438 0.0236116 0.0284234 0.0331104 0.0376031 0.0418323 0.0457299 0.0492304 0.0522713 0.0547943 0.0567464 0.0580806 0.0587566 0.0587414 0.0580092 0.056542 0.0543283 0.0513636 0.0476489 0.0431911 0.0380026 0.0321012 0.02551 0.0182572 0.0103762 0.00190485 -0.00711383 -0.0166322 -0.0265976 -0.0369525 -0.047634 -0.0585746 -0.0697015 -0.0809377 -0.0922023 -0.103411 -0.114478 -0.125315 -0.135833 -0.145946 -0.155567 -0.164614 -0.173007 -0.180671 -0.187537 -0.193541 -0.198623 -0.202734 -0.205826 -0.207857 -0.208789 -0.208589 -0.20723 -0.204691 -0.200959 -0.196028 -0.189902 -0.182596 -0.174134 -0.164555 -0.153908 -0.142255 -0.12967 -0.116237 -0.102051 -0.0872129 -0.0718305 -0.0560142 -0.0398754 -0.0235246 -0.00706871 0.00938987 0.0257553 0.0419391 0.0578609 0.0734487 0.0886394 0.103378 0.117617 0.131317 0.144445 0.156973 0.168881 0.180149 0.190764 0.200715 0.209992 0.218588 0.226496 0.233713 0.240232 0.246049 0.251162 0.255567 0.259263 0.262249 0.264528 0.266103 0.266983 0.267182 0.266717 0.265614 0.263902 0.26162 0.258809 0.255499 0.251722 0.247539 0.243007 0.238186 0.23313 0.227887 0.2225 0.217002 0.211413 0.205741 0.199975 0.194107 
0.131937 0.13198 0.132131 0.132389 0.132754 0.133224 0.133797 0.134471 0.135243 0.136111 0.13707 0.138116 0.139243 0.140445 0.141715 0.143045 0.144425 0.145844 0.147289 0.148746 0.150198 0.151627 0.153012 0.154327 0.155547 0.156641 0.157574 0.15831 0.158807 0.15902 0.158901 0.158397 0.157454 0.156016 0.154028 0.151434 0.148185 0.144236 0.139555 0.134122 0.127937 0.12102 0.113416 0.105196 0.096456 0.0873178 0.0779201 0.0684124 0.0589462 0.0496647 0.0406941 0.0321377 0.0240719 0.0165473 0.00959024 0.00320826 -0.00260525 -0.0078656 -0.0125923 -0.0168053 -0.0205224 -0.0237575 -0.02652 -0.0288142 -0.0306402 -0.0319943 -0.0328703 -0.0332606 -0.0331575 -0.0325548 -0.0314491 -0.0298406 -0.0277348 -0.0251429 -0.0220828 -0.0185791 -0.0146639 -0.0103761 -0.00576172 -0.000873111 0.00423148 0.00948866 0.0148307 0.0201867 0.025483 0.0306446 0.0355958 0.0402617 0.0445692 0.0484481 0.0518324 0.0546608 0.0568782 0.0584362 0.0592944 0.0594202 0.0587894 0.0573856 0.0551999 0.0522294 0.0484768 0.0439501 0.0386618 0.0326298 0.0258767 0.0184304 0.0103231 0.00159248 -0.00771932 -0.0175647 -0.0278906 -0.0386382 -0.0497431 -0.0611348 -0.0727376 -0.0844706 -0.0962485 -0.107983 -0.119581 -0.130952 -0.142001 -0.152636 -0.162766 -0.172304 -0.181166 -0.189273 -0.196551 -0.202934 -0.208365 -0.212794 -0.216174 -0.218461 -0.219617 -0.21961 -0.218411 -0.215999 -0.212361 -0.207489 -0.201385 -0.194063 -0.185545 -0.175867 -0.165077 -0.153237 -0.140418 -0.126708 -0.1122 -0.0970005 -0.0812188 -0.06497 -0.0483702 -0.0315353 -0.0145777 0.00239475 0.0192807 0.0359865 0.0524271 0.0685263 0.084217 0.0994412 0.114149 0.128299 0.141857 0.154793 0.167086 0.178716 0.189671 0.199937 0.209506 0.21837 0.226524 0.233961 0.240676 0.246666 0.251925 0.25645 0.26024 0.263292 0.265608 0.267193 0.268055 0.268209 0.267673 0.266474 0.264645 0.262224 0.259257 0.255786 0.251852 0.247512 0.242831 0.237868 0.232682 0.227323 0.221835 0.216251 0.210593 0.20487 0.199075 0.193216 
0.133025 0.133072 0.133235 0.133515 0.133909 0.134418 0.135039 0.135771 0.136611 0.137556 0.138602 0.139745 0.140981 0.142303 0.143704 0.145177 0.146713 0.148299 0.149925 0.151575 0.153233 0.154881 0.156496 0.158053 0.159525 0.160879 0.162079 0.163085 0.163851 0.164327 0.164459 0.164188 0.16345 0.162178 0.160305 0.157764 0.154489 0.150423 0.145519 0.139745 0.133091 0.125571 0.117233 0.108156 0.0984537 0.0882734 0.0777866 0.0671809 0.056646 0.0463597 0.0364758 0.0271148 0.0183606 0.0102612 0.00283365 -0.00392846 -0.0100475 -0.0155546 -0.020483 -0.0248643 -0.0287249 -0.0320845 -0.0349554 -0.0373427 -0.0392454 -0.0406571 -0.041568 -0.0419662 -0.0418399 -0.0411783 -0.0399744 -0.0382253 -0.0359344 -0.0331119 -0.029776 -0.0259528 -0.0216768 -0.0169909 -0.0119456 -0.00659869 -0.00101454 0.00473688 0.0105812 0.0164407 0.0222354 0.0278836 0.0333035 0.0384145 0.0431387 0.0474019 0.0511344 0.0542728 0.05676 0.058547 0.0595933 0.0598673 0.0593463 0.0580164 0.0558711 0.0529101 0.0491379 0.0445631 0.0391985 0.0330614 0.0261737 0.0185621 0.0102577 0.00129699 -0.00827844 -0.0184212 -0.0290778 -0.0401882 -0.0516859 -0.0634981 -0.0755456 -0.0877439 -0.100003 -0.112231 -0.124329 -0.136202 -0.14775 -0.158875 -0.169483 -0.179482 -0.188782 -0.197302 -0.204965 -0.211697 -0.217445 -0.222163 -0.225802 -0.228318 -0.229673 -0.229835 -0.228776 -0.226475 -0.222919 -0.2181 -0.21202 -0.204689 -0.19613 -0.186375 -0.175473 -0.163482 -0.150475 -0.136537 -0.121766 -0.106266 -0.0901502 -0.0735374 -0.0565473 -0.0393001 -0.0219128 -0.00449828 0.0128376 0.0299965 0.0468891 0.0634354 0.079565 0.0952167 0.110339 0.124887 0.138825 0.152124 0.16476 0.176715 0.187972 0.198522 0.208353 0.217459 0.225833 0.23347 0.240362 0.246507 0.251897 0.256531 0.260403 0.263514 0.265864 0.267457 0.268304 0.268419 0.267823 0.266544 0.264618 0.262086 0.258995 0.255396 0.251337 0.246882 0.2421 0.237052 0.2318 0.226396 0.220884 0.215298 0.209661 0.203979 0.198246 0.192479 
0.133997 0.134048 0.134223 0.134525 0.13495 0.135499 0.13617 0.136961 0.13787 0.138895 0.140032 0.141277 0.142626 0.144073 0.145612 0.147236 0.148935 0.1507 0.152518 0.154375 0.156255 0.158139 0.160006 0.161829 0.16358 0.165226 0.166728 0.168042 0.169121 0.169909 0.170344 0.17036 0.169883 0.168836 0.167136 0.164701 0.161448 0.157301 0.152194 0.146079 0.138931 0.130755 0.121595 0.111542 0.100728 0.0893333 0.0775728 0.0656845 0.0539104 0.0424753 0.0315687 0.0213319 0.0118543 0.0031763 -0.00470176 -0.0118083 -0.0181888 -0.0238961 -0.0289821 -0.0334927 -0.0374647 -0.0409239 -0.0438857 -0.0463552 -0.0483292 -0.0497974 -0.0507453 -0.0511554 -0.0510103 -0.0502941 -0.0489949 -0.0471064 -0.0446294 -0.0415731 -0.0379559 -0.0338056 -0.02916 -0.0240659 -0.0185793 -0.0127638 -0.00669029 -0.00043615 0.00591716 0.0122853 0.0185819 0.024719 0.0306079 0.0361628 0.0413015 0.0459461 0.0500244 0.0534707 0.0562271 0.0582438 0.0594808 0.0599073 0.0595024 0.0582544 0.0561601 0.0532225 0.0494485 0.0448476 0.0394323 0.0332188 0.0262278 0.018484 0.0100174 0.000862819 -0.00893873 -0.0193401 -0.0302872 -0.0417191 -0.0535674 -0.0657568 -0.0782053 -0.0908246 -0.103521 -0.116198 -0.128753 -0.141085 -0.15309 -0.164666 -0.175712 -0.186133 -0.195836 -0.204734 -0.212747 -0.219801 -0.225834 -0.230809 -0.234677 -0.237393 -0.23892 -0.239226 -0.238285 -0.236078 -0.23259 -0.227816 -0.221756 -0.214421 -0.205832 -0.19602 -0.185033 -0.172926 -0.159774 -0.14566 -0.130681 -0.114943 -0.0985619 -0.0816572 -0.0643521 -0.04677 -0.0290318 -0.0112541 0.00645325 0.0239881 0.0412574 0.0581779 0.074676 0.0906882 0.10616 0.121046 0.135309 0.148917 0.161848 0.17408 0.185598 0.196391 0.206449 0.215764 0.224328 0.232136 0.239181 0.245458 0.250961 0.255685 0.259627 0.262785 0.265161 0.26676 0.267592 0.267674 0.26703 0.26569 0.263692 0.26108 0.257906 0.254222 0.250086 0.245562 0.240734 0.235664 0.230416 0.225042 0.219589 0.214089 0.20856 0.203008 0.197422 0.191814 
0.134843 0.134897 0.135086 0.135409 0.135866 0.136457 0.137178 0.138031 0.139011 0.140118 0.141348 0.142699 0.144165 0.145742 0.147425 0.149206 0.151077 0.153029 0.155051 0.157128 0.159246 0.161385 0.163524 0.165638 0.167697 0.169666 0.171507 0.173172 0.17461 0.175761 0.176558 0.176924 0.176776 0.176022 0.174566 0.172305 0.169136 0.16496 0.159685 0.15324 0.145577 0.136688 0.126609 0.115437 0.103329 0.0905038 0.077235 0.06383 0.0506033 0.0378447 0.0257912 0.0146085 0.0043873 -0.00484881 -0.0131282 -0.0205128 -0.0270817 -0.0329172 -0.038095 -0.0426788 -0.0467167 -0.0502412 -0.0532697 -0.0558062 -0.0578437 -0.0593667 -0.0603541 -0.0607817 -0.0606249 -0.0598616 -0.0584742 -0.0564523 -0.0537939 -0.0505067 -0.0466097 -0.0421328 -0.0371171 -0.0316142 -0.025686 -0.0194024 -0.0128408 -0.00608725 0.000769383 0.0076385 0.0144282 0.0210451 0.0273918 0.0333782 0.0389187 0.0439329 0.0483463 0.0520919 0.0551113 0.0573549 0.0587829 0.0593654 0.0590823 0.0579236 0.0558901 0.0529895 0.0492329 0.0446305 0.039194 0.0329377 0.0258801 0.0180439 0.00945722 0.000153682 -0.00982673 -0.0204371 -0.0316232 -0.0433231 -0.055467 -0.0679776 -0.0807703 -0.0937539 -0.106831 -0.119901 -0.132858 -0.145595 -0.158005 -0.169981 -0.181418 -0.192216 -0.202278 -0.211515 -0.219842 -0.227183 -0.23347 -0.238672 -0.242739 -0.245627 -0.247299 -0.247726 -0.246882 -0.244751 -0.241319 -0.236581 -0.230539 -0.223203 -0.214594 -0.204744 -0.193697 -0.181509 -0.168254 -0.154013 -0.138884 -0.122973 -0.106396 -0.0892748 -0.071734 -0.0538994 -0.0358946 -0.017839 0.000154403 0.0179805 0.0355434 0.0527571 0.0695456 0.0858431 0.101593 0.116749 0.131272 0.145129 0.158296 0.170753 0.182482 0.193473 0.203715 0.213198 0.221916 0.229862 0.237028 0.243408 0.248997 0.25379 0.257782 0.260972 0.263363 0.264962 0.26578 0.265838 0.26516 0.263781 0.261742 0.259089 0.255876 0.252161 0.248006 0.243476 0.238666 0.233646 0.228478 0.223218 0.217909 0.212583 0.207254 0.20192 0.196561 0.191178 
0.135555 0.135612 0.135814 0.13616 0.136649 0.137281 0.138055 0.138969 0.140023 0.141213 0.142539 0.143997 0.145584 0.147296 0.149127 0.151071 0.153122 0.15527 0.157506 0.159815 0.162185 0.164596 0.167029 0.169457 0.171852 0.174178 0.176395 0.178456 0.180304 0.181876 0.183097 0.183884 0.184142 0.183765 0.182638 0.180637 0.177634 0.173499 0.16811 0.161361 0.153175 0.143517 0.13241 0.119951 0.106322 0.0917921 0.0767126 0.061488 0.0465368 0.0322416 0.0189031 0.00671446 -0.00424127 -0.013974 -0.0225594 -0.0301108 -0.0367542 -0.0426112 -0.0477873 -0.0523663 -0.0564087 -0.0599525 -0.0630155 -0.0655986 -0.0676891 -0.0692641 -0.0702942 -0.0707465 -0.0705882 -0.0697894 -0.0683262 -0.0661831 -0.0633548 -0.059848 -0.0556818 -0.0508884 -0.0455132 -0.0396125 -0.0332556 -0.0265182 -0.0194821 -0.0122467 -0.00490755 0.00243925 0.00969843 0.016775 0.0235547 0.0299472 0.0358654 0.0412269 0.0459561 0.0499856 0.0532572 0.0557219 0.057341 0.0580848 0.0579327 0.0568719 0.054909 0.0520584 0.0483395 0.0437635 0.0383393 0.0320784 0.0249966 0.0171144 0.00845771 -0.000941199 -0.0110435 -0.0218028 -0.0331651 -0.045068 -0.0574408 -0.0702047 -0.0832729 -0.096552 -0.109942 -0.123337 -0.13663 -0.149708 -0.162461 -0.174777 -0.186549 -0.197671 -0.208043 -0.217572 -0.226172 -0.233764 -0.240274 -0.24567 -0.249906 -0.252939 -0.254732 -0.255258 -0.254493 -0.252423 -0.249035 -0.244328 -0.238303 -0.230972 -0.222355 -0.212485 -0.201405 -0.189172 -0.175855 -0.161539 -0.146318 -0.1303 -0.1136 -0.0963405 -0.0786469 -0.0606463 -0.0424641 -0.0242214 -0.00603325 0.0119932 0.0297599 0.047179 0.0641724 0.0806728 0.0966223 0.111972 0.126683 0.140722 0.154062 0.166682 0.178567 0.189702 0.200078 0.209683 0.218511 0.226553 0.233801 0.24025 0.245893 0.250725 0.254742 0.257945 0.260338 0.26193 0.262737 0.262781 0.262091 0.260703 0.258661 0.256014 0.252818 0.249134 0.245027 0.240567 0.235852 0.230961 0.225958 0.220898 0.215824 0.210763 0.205723 0.200693 0.195642 0.190556 
0.136121 0.136183 0.136398 0.136766 0.137288 0.137962 0.138788 0.139765 0.140893 0.142169 0.143592 0.14516 0.14687 0.148718 0.150702 0.152815 0.155051 0.157403 0.159861 0.162415 0.16505 0.167749 0.170494 0.17326 0.176018 0.178735 0.181367 0.183868 0.18618 0.188234 0.18995 0.191238 0.19199 0.192086 0.191391 0.189757 0.187023 0.183026 0.177602 0.170601 0.1619 0.151425 0.13917 0.125226 0.109794 0.0932083 0.0759212 0.058477 0.0414487 0.0253553 0.0105857 -0.00264013 -0.0142666 -0.0243663 -0.0330922 -0.0406337 -0.0471825 -0.0529102 -0.0579572 -0.0624291 -0.066397 -0.0699019 -0.0729593 -0.0755637 -0.077694 -0.0793175 -0.0803943 -0.080881 -0.080735 -0.0799174 -0.078397 -0.0761525 -0.073175 -0.0694695 -0.0650559 -0.0599686 -0.0542582 -0.0479834 -0.0412266 -0.0340683 -0.0265825 -0.0188994 -0.0111133 -0.00332157 0.00437095 0.0118591 0.0190358 0.0258028 0.0320683 0.0377478 0.042765 0.0470527 0.0505538 0.0532215 0.0550193 0.0559206 0.0559079 0.0549715 0.0531083 0.0503132 0.0466506 0.0421302 0.0367545 0.030531 0.023472 0.0155957 0.00692581 -0.00250737 -0.0126663 -0.0235058 -0.0349722 -0.0470032 -0.0595279 -0.0724664 -0.0857308 -0.0992256 -0.112848 -0.126491 -0.140043 -0.153388 -0.166412 -0.179001 -0.191042 -0.202427 -0.213053 -0.222824 -0.23165 -0.239449 -0.24615 -0.251707 -0.256084 -0.259235 -0.261127 -0.261732 -0.261031 -0.25901 -0.255661 -0.250981 -0.244976 -0.237659 -0.22905 -0.219181 -0.208098 -0.195855 -0.182523 -0.168183 -0.152932 -0.136875 -0.120127 -0.102809 -0.085049 -0.0669727 -0.0487062 -0.0303717 -0.012085 0.00604556 0.0239209 0.0414516 0.0585588 0.0751737 0.0912373 0.1067 0.121521 0.135666 0.149109 0.161828 0.173804 0.185024 0.195476 0.20515 0.214036 0.222126 0.229412 0.235887 0.241544 0.24638 0.250394 0.253588 0.255969 0.257551 0.258353 0.258401 0.257727 0.25637 0.254374 0.25179 0.248676 0.245094 0.241112 0.236804 0.23227 0.227596 0.222847 0.218078 0.213329 0.208624 0.203961 0.199319 0.194654 0.189941 
0.136534 0.1366 0.136828 0.137219 0.137773 0.138489 0.139368 0.140409 0.14161 0.142972 0.144493 0.146172 0.148007 0.149995 0.152133 0.154418 0.156844 0.159406 0.162094 0.164901 0.167813 0.170815 0.173891 0.177016 0.180164 0.183302 0.186389 0.189376 0.192205 0.194806 0.197093 0.198968 0.200314 0.200994 0.200853 0.199715 0.197386 0.193656 0.18831 0.181141 0.171962 0.160639 0.147115 0.131453 0.113871 0.0947706 0.0747441 0.0545399 0.034968 0.0167576 0.000420102 -0.0138094 -0.0259442 -0.0361712 -0.044768 -0.0520349 -0.0582505 -0.0636471 -0.0684024 -0.072641 -0.0764404 -0.0798393 -0.0828455 -0.0854432 -0.0875992 -0.0892683 -0.0903977 -0.090932 -0.0908168 -0.0900035 -0.0884521 -0.086135 -0.0830392 -0.0791677 -0.0745418 -0.0691957 -0.0631927 -0.0565773 -0.0494675 -0.0419416 -0.0340863 -0.0260115 -0.0178255 -0.00963807 -0.00156117 0.0062941 0.0138192 0.0209121 0.0274783 0.033432 0.0386967 0.0432065 0.0469064 0.0497522 0.0517109 0.0527596 0.0528839 0.0520767 0.0503362 0.0476626 0.0440776 0.0396443 0.0343555 0.0282137 0.0212278 0.0134132 0.00479118 -0.00460999 -0.0147545 -0.0255986 -0.0370895 -0.0491658 -0.0617566 -0.0747821 -0.0881536 -0.101774 -0.115541 -0.129343 -0.143066 -0.156594 -0.169809 -0.182592 -0.194829 -0.206408 -0.217225 -0.227179 -0.236178 -0.244141 -0.250991 -0.256678 -0.261165 -0.26441 -0.266379 -0.267048 -0.266399 -0.264421 -0.261107 -0.256458 -0.250481 -0.24319 -0.234608 -0.224768 -0.213714 -0.201502 -0.188202 -0.173896 -0.158677 -0.142652 -0.125933 -0.108642 -0.0909032 -0.0728443 -0.0545901 -0.0362624 -0.0179771 0.000157498 0.0180419 0.0355864 0.0527115 0.0693476 0.0854352 0.100924 0.115772 0.129945 0.143415 0.156158 0.168157 0.179396 0.189861 0.199543 0.208429 0.216512 0.223784 0.230236 0.235865 0.240668 0.244648 0.247812 0.250171 0.251745 0.252556 0.252633 0.252013 0.250734 0.248842 0.246388 0.243429 0.240028 0.236255 0.232187 0.227925 0.223561 0.219158 0.214772 0.210439 0.206175 0.201969 0.197789 0.19358 0.189313 
0.136784 0.136853 0.137095 0.137508 0.138094 0.138853 0.139784 0.140887 0.142163 0.14361 0.145229 0.147019 0.148979 0.151108 0.153403 0.155861 0.158481 0.161256 0.16418 0.167247 0.170445 0.173763 0.177183 0.180687 0.184249 0.187839 0.191417 0.194936 0.198338 0.201551 0.204488 0.207044 0.209093 0.210484 0.21104 0.210555 0.208795 0.205501 0.200394 0.193189 0.183614 0.171442 0.156536 0.138898 0.118733 0.0965162 0.0730236 0.0493092 0.0265645 0.00585825 -0.0121316 -0.027197 -0.0395074 -0.0494539 -0.0575087 -0.0641274 -0.0696961 -0.0745123 -0.0787863 -0.0826525 -0.0861844 -0.0894093 -0.0923201 -0.0948853 -0.0970558 -0.0987707 -0.0999626 -0.100562 -0.100502 -0.0997228 -0.0981749 -0.0958236 -0.0926517 -0.0886583 -0.0838714 -0.0783078 -0.0720837 -0.0652384 -0.0578565 -0.0500297 -0.0418592 -0.033457 -0.0249393 -0.0164241 -0.00802985 0.000127587 0.00793661 0.0152926 0.0220996 0.0282714 0.0337325 0.0384192 0.0422793 0.0452728 0.0473707 0.0485539 0.0488115 0.0481388 0.0465355 0.0440044 0.0405526 0.0362445 0.031083 0.0250683 0.0182068 0.0105111 0.00200018 -0.00729976 -0.017355 -0.0281233 -0.0395537 -0.0515858 -0.0641499 -0.0771665 -0.0905474 -0.104196 -0.118007 -0.13187 -0.145669 -0.159286 -0.172599 -0.185491 -0.197842 -0.20954 -0.220475 -0.230548 -0.239663 -0.247737 -0.254694 -0.260474 -0.265042 -0.268356 -0.270384 -0.271104 -0.270499 -0.26856 -0.265285 -0.260674 -0.254739 -0.247493 -0.238963 -0.229182 -0.218195 -0.206059 -0.192843 -0.178629 -0.16351 -0.14759 -0.13098 -0.113801 -0.0961766 -0.0782306 -0.0600875 -0.0418678 -0.0236862 -0.00565035 0.0121409 0.0295983 0.0466422 0.0632031 0.0792212 0.0946456 0.109434 0.12355 0.136966 0.149658 0.161605 0.172791 0.183201 0.192824 0.201647 0.209663 0.216862 0.22324 0.228795 0.233528 0.237448 0.240566 0.242901 0.244476 0.245318 0.245459 0.244937 0.243792 0.242068 0.239815 0.237089 0.233953 0.230478 0.22674 0.222846 0.218886 0.214923 0.21101 0.207178 0.203433 0.199755 0.196099 0.192403 0.18864 
0.136862 0.136934 0.137189 0.137625 0.138242 0.139042 0.140025 0.14119 0.142538 0.144071 0.145787 0.147687 0.149771 0.15204 0.154491 0.157124 0.159938 0.162928 0.166092 0.169423 0.172914 0.176556 0.180334 0.184233 0.188229 0.192297 0.196399 0.200493 0.20452 0.208412 0.21208 0.215416 0.218286 0.220527 0.221942 0.222295 0.221311 0.21867 0.214018 0.206973 0.197148 0.184187 0.167816 0.147922 0.124651 0.0985256 0.0705557 0.0422607 0.0154771 -0.00814502 -0.027721 -0.0431967 -0.0550736 -0.0640952 -0.0710224 -0.0765098 -0.0810599 -0.0850247 -0.0886276 -0.0919929 -0.095173 -0.0981704 -0.100954 -0.103471 -0.105652 -0.107419 -0.108688 -0.109376 -0.109401 -0.108691 -0.107189 -0.10485 -0.101656 -0.0975886 -0.0927277 -0.0870872 -0.0807279 -0.0737159 -0.0661372 -0.0580907 -0.0496859 -0.0410408 -0.0322782 -0.0235224 -0.014897 -0.00652209 0.0014882 0.00902764 0.0159997 0.0223192 0.0279127 0.0327199 0.036693 0.0397964 0.0420058 0.043306 0.043689 0.043152 0.0416955 0.0393228 0.03604 0.0318934 0.0268984 0.0210548 0.0143675 0.00684731 -0.00148896 -0.0106173 -0.0205061 -0.0311153 -0.0423959 -0.0542894 -0.0667277 -0.0796331 -0.0929182 -0.106487 -0.120235 -0.134052 -0.147822 -0.161425 -0.174739 -0.187643 -0.200019 -0.21175 -0.222727 -0.232847 -0.242015 -0.250144 -0.257159 -0.262995 -0.267613 -0.270972 -0.273041 -0.2738 -0.273234 -0.271337 -0.268107 -0.263548 -0.257672 -0.250497 -0.242048 -0.232363 -0.221486 -0.209476 -0.196401 -0.182342 -0.167393 -0.151654 -0.135237 -0.118259 -0.10084 -0.0831044 -0.0651726 -0.0471632 -0.029189 -0.0113558 0.00623882 0.0235066 0.0403689 0.0567564 0.0726094 0.0878768 0.102515 0.116489 0.129768 0.142326 0.154143 0.1652 0.175482 0.184975 0.193668 0.201552 0.208622 0.214875 0.220314 0.224945 0.228785 0.23185 0.234167 0.235761 0.236663 0.236908 0.236534 0.235581 0.234091 0.232113 0.229701 0.226915 0.223826 0.220512 0.21708 0.213618 0.210186 0.206832 0.203579 0.200423 0.197332 0.194249 0.191106 0.187884 
0.136758 0.136834 0.137101 0.137558 0.138207 0.139047 0.14008 0.141305 0.142725 0.14434 0.146151 0.14816 0.150367 0.152773 0.155379 0.158186 0.161192 0.164398 0.167801 0.171398 0.175186 0.179156 0.1833 0.187604 0.192052 0.196619 0.201275 0.20598 0.210682 0.215315 0.219793 0.224008 0.227823 0.231065 0.233521 0.234926 0.234962 0.233246 0.229336 0.222733 0.212899 0.199296 0.181448 0.159036 0.132045 0.100979 0.0671062 0.0326575 0.000616227 -0.0263011 -0.0470415 -0.0620435 -0.0724752 -0.0796456 -0.0847015 -0.0885134 -0.0916753 -0.094553 -0.0973436 -0.100128 -0.102914 -0.105664 -0.108312 -0.110781 -0.112978 -0.11481 -0.116175 -0.116976 -0.117118 -0.116517 -0.115106 -0.112829 -0.109689 -0.105686 -0.100839 -0.0951821 -0.0887709 -0.0816791 -0.0739973 -0.0658302 -0.0572937 -0.0485113 -0.0396112 -0.0307229 -0.0219737 -0.0134868 -0.00537787 0.00224635 0.00929032 0.015671 0.021319 0.0261784 0.0302069 0.033374 0.0356597 0.0370523 0.0375463 0.0371396 0.0358329 0.0336285 0.0305315 0.0265749 0.02178 0.0161473 0.00968118 0.00239088 -0.00570851 -0.0145952 -0.0242397 -0.0346046 -0.0456433 -0.0573 -0.0695091 -0.0821952 -0.0952733 -0.108649 -0.12222 -0.135877 -0.149503 -0.162981 -0.176187 -0.189002 -0.201304 -0.212978 -0.223912 -0.234002 -0.243152 -0.251275 -0.258296 -0.264148 -0.268784 -0.272164 -0.274258 -0.275047 -0.27452 -0.272669 -0.269495 -0.265005 -0.259212 -0.252136 -0.243805 -0.234257 -0.223539 -0.211708 -0.198835 -0.185 -0.170293 -0.154815 -0.138675 -0.121987 -0.104869 -0.0874412 -0.0698212 -0.0521245 -0.0344611 -0.0169343 0.000360456 0.0173367 0.0339168 0.0500326 0.0656246 0.0806416 0.0950399 0.108783 0.121838 0.134181 0.145787 0.156636 0.166714 0.176005 0.1845 0.192191 0.199076 0.20516 0.210449 0.214955 0.218703 0.221718 0.224027 0.225662 0.22666 0.227056 0.226887 0.226191 0.22501 0.223386 0.221372 0.219025 0.216413 0.213611 0.210731 0.207852 0.20503 0.202305 0.199691 0.197174 0.194713 0.192244 0.189704 0.187089 
0.136463 0.136543 0.136821 0.1373 0.137978 0.138857 0.139938 0.141222 0.142711 0.144407 0.14631 0.148424 0.15075 0.15329 0.156048 0.159023 0.162219 0.165637 0.169277 0.173139 0.177222 0.181522 0.186035 0.190751 0.195659 0.200741 0.205972 0.21132 0.216738 0.222168 0.22753 0.23272 0.237603 0.242003 0.245694 0.248391 0.249733 0.249274 0.246475 0.240699 0.231223 0.217267 0.198059 0.172945 0.141584 0.104279 0.0625011 0.0195186 -0.0195558 -0.0498692 -0.0706057 -0.0835279 -0.0910211 -0.0951833 -0.0975814 -0.099241 -0.100759 -0.102437 -0.104383 -0.106595 -0.109008 -0.111533 -0.114065 -0.116499 -0.118726 -0.120634 -0.122111 -0.123046 -0.123333 -0.122877 -0.121608 -0.119483 -0.116478 -0.112588 -0.107827 -0.102233 -0.095862 -0.0887916 -0.081116 -0.0729446 -0.0643975 -0.0556028 -0.0466928 -0.0378004 -0.0290555 -0.0205826 -0.0124975 -0.00490559 0.00210013 0.00844074 0.0140522 0.0188846 0.0229017 0.0260777 0.0283966 0.0298494 0.0304318 0.0301417 0.0289787 0.0269434 0.0240387 0.0202894 0.0157205 0.0103328 0.00413031 -0.00287894 -0.0106815 -0.0192577 -0.0285806 -0.0386155 -0.0493191 -0.0606386 -0.0725118 -0.0848668 -0.0976218 -0.110686 -0.123959 -0.137333 -0.150697 -0.163931 -0.176915 -0.18953 -0.201655 -0.213173 -0.223973 -0.233951 -0.24301 -0.251062 -0.258033 -0.263858 -0.268479 -0.271856 -0.273959 -0.274772 -0.274282 -0.272485 -0.269383 -0.264984 -0.259302 -0.252359 -0.244186 -0.234821 -0.224314 -0.212722 -0.200115 -0.186572 -0.172184 -0.157049 -0.141272 -0.124965 -0.108242 -0.0912187 -0.0740099 -0.0567269 -0.0394761 -0.0223576 -0.00546399 0.0111203 0.0273197 0.043067 0.0583033 0.0729773 0.0870449 0.100468 0.113215 0.125258 0.136571 0.147135 0.156932 0.165953 0.174185 0.181626 0.188279 0.194151 0.199259 0.203624 0.207276 0.210246 0.212569 0.214281 0.215418 0.216017 0.216112 0.215742 0.214941 0.213752 0.212221 0.210401 0.208355 0.206152 0.203907 0.201685 0.199536 0.197491 0.195556 0.193712 0.191912 0.190099 0.188217 0.186276 
0.135969 0.136052 0.136342 0.13684 0.137547 0.138463 0.13959 0.14093 0.142485 0.144257 0.146249 0.148463 0.150904 0.153573 0.156476 0.159615 0.162995 0.166619 0.17049 0.174611 0.178984 0.18361 0.188489 0.193617 0.198988 0.204591 0.21041 0.216421 0.222586 0.228858 0.235167 0.241419 0.247486 0.253198 0.258326 0.26257 0.265538 0.266726 0.265495 0.261057 0.252468 0.238644 0.21841 0.190614 0.154333 0.109328 0.0569484 0.00174268 -0.0471634 -0.0800862 -0.0982515 -0.10657 -0.109293 -0.10932 -0.108492 -0.107793 -0.107661 -0.108223 -0.109437 -0.111179 -0.1133 -0.115652 -0.118099 -0.120513 -0.122772 -0.124757 -0.126347 -0.127424 -0.127875 -0.127595 -0.126503 -0.124556 -0.121724 -0.117999 -0.113394 -0.107946 -0.101712 -0.0947716 -0.0872213 -0.079173 -0.0707502 -0.0620835 -0.0533074 -0.0445563 -0.0359612 -0.0276454 -0.0197225 -0.0122939 -0.00544891 0.000739489 0.00621464 0.0109331 0.0148658 0.0179898 0.0202917 0.0217642 0.0224036 0.0222073 0.0211726 0.0192982 0.0165845 0.0130504 0.00872554 0.00361072 -0.00229077 -0.00897194 -0.016421 -0.0246205 -0.0335462 -0.0431666 -0.0534418 -0.0643231 -0.0757525 -0.0876622 -0.0999751 -0.112604 -0.125454 -0.138421 -0.151395 -0.164262 -0.176904 -0.189202 -0.20104 -0.2123 -0.222871 -0.23265 -0.241539 -0.249454 -0.256317 -0.262066 -0.266639 -0.269989 -0.272088 -0.272917 -0.272468 -0.270735 -0.267721 -0.263436 -0.257896 -0.251124 -0.243153 -0.234022 -0.223782 -0.21249 -0.200216 -0.18704 -0.173048 -0.158337 -0.14301 -0.127174 -0.110938 -0.0944152 -0.0777147 -0.0609435 -0.044204 -0.0275923 -0.0111978 0.00489778 0.0206208 0.0359055 0.0506941 0.0649347 0.0785827 0.0915995 0.103953 0.115613 0.126555 0.136756 0.146201 0.154877 0.162783 0.169919 0.176295 0.181928 0.186841 0.191063 0.194629 0.197576 0.199942 0.201765 0.203084 0.203934 0.204349 0.204364 0.204012 0.20333 0.202359 0.201145 0.199745 0.198221 0.196683 0.195183 0.19376 0.192436 0.191213 0.190067 0.188957 0.187834 0.186656 0.185437 
0.135268 0.135354 0.135655 0.136172 0.136905 0.137856 0.139027 0.140419 0.142036 0.14388 0.145955 0.148264 0.150813 0.153605 0.156645 0.15994 0.163495 0.167316 0.171408 0.175778 0.180432 0.185374 0.19061 0.196142 0.20197 0.208092 0.2145 0.221181 0.228111 0.235253 0.242555 0.249938 0.257289 0.264454 0.271212 0.277264 0.282201 0.285474 0.286353 0.283897 0.276914 0.263958 0.243353 0.213278 0.171962 0.118105 0.0520227 -0.0211095 -0.0851521 -0.117509 -0.128302 -0.128864 -0.125283 -0.120589 -0.116521 -0.113698 -0.112209 -0.111922 -0.112612 -0.11403 -0.115948 -0.118172 -0.120545 -0.122928 -0.125197 -0.127231 -0.128912 -0.130123 -0.130716 -0.130583 -0.129663 -0.127903 -0.125271 -0.121756 -0.117368 -0.112143 -0.10614 -0.0994372 -0.0921328 -0.0843401 -0.0761833 -0.0677934 -0.0593043 -0.0508504 -0.0425609 -0.034555 -0.026941 -0.0198119 -0.0132548 -0.00733478 -0.00209809 0.00241575 0.00617899 0.00917816 0.0114041 0.0128498 0.0135099 0.0133796 0.0124543 0.0107304 0.00820571 0.00489321 0.000830415 -0.00398257 -0.0095434 -0.0158465 -0.022882 -0.0306351 -0.0390849 -0.0482034 -0.0579553 -0.0682967 -0.0791746 -0.0905268 -0.102282 -0.114357 -0.126664 -0.139103 -0.15157 -0.163952 -0.176137 -0.188007 -0.199446 -0.210341 -0.220584 -0.230072 -0.238712 -0.246417 -0.253113 -0.258737 -0.263228 -0.266526 -0.268605 -0.269446 -0.269039 -0.267381 -0.264475 -0.260331 -0.254967 -0.248407 -0.240684 -0.23184 -0.221925 -0.210997 -0.199126 -0.186389 -0.172872 -0.158667 -0.143875 -0.128597 -0.112939 -0.0970083 -0.0809093 -0.064744 -0.0486099 -0.0325987 -0.0167964 -0.001282 0.0138733 0.0286054 0.0428581 0.0565782 0.0697201 0.0822445 0.0941166 0.105308 0.115794 0.125554 0.134575 0.142851 0.150382 0.157178 0.163254 0.168636 0.173352 0.177439 0.180936 0.183884 0.186323 0.188293 0.189833 0.190979 0.191763 0.192218 0.192372 0.19226 0.191914 0.191375 0.190689 0.189911 0.189141 0.188414 0.187758 0.187188 0.1867 0.186275 0.185878 0.185475 0.185036 0.184574 
0.134352 0.134441 0.134752 0.135285 0.136043 0.137026 0.138237 0.139678 0.141352 0.143263 0.145415 0.147813 0.150462 0.153368 0.156537 0.159977 0.163696 0.167701 0.172001 0.176606 0.181525 0.186769 0.192345 0.198265 0.204534 0.21116 0.218146 0.225489 0.233181 0.241203 0.249519 0.258075 0.266784 0.275513 0.28407 0.292173 0.299421 0.305241 0.308841 0.309135 0.304678 0.293617 0.273696 0.242345 0.19688 0.134663 0.0533567 -0.0453015 -0.138211 -0.160612 -0.156684 -0.147209 -0.13731 -0.128288 -0.12163 -0.117273 -0.114855 -0.114008 -0.114356 -0.115551 -0.117306 -0.119403 -0.121672 -0.12398 -0.126204 -0.128233 -0.129963 -0.131234 -0.1319 -0.131882 -0.131111 -0.129533 -0.127112 -0.123834 -0.119711 -0.114777 -0.109088 -0.102724 -0.0957825 -0.0883755 -0.0806262 -0.0726632 -0.0646148 -0.0566139 -0.0487871 -0.0412439 -0.0340891 -0.0274147 -0.0212869 -0.0157593 -0.0108723 -0.00665631 -0.00313312 -0.000316466 0.00178375 0.00315943 0.0038034 0.00370905 0.00287039 0.00128231 -0.0010592 -0.00414866 -0.0079369 -0.0124245 -0.0176101 -0.0234895 -0.0300551 -0.0372947 -0.045191 -0.0537203 -0.0628522 -0.0725484 -0.0827619 -0.0934372 -0.104509 -0.115903 -0.127536 -0.139316 -0.151144 -0.162915 -0.174519 -0.185845 -0.196779 -0.207213 -0.21704 -0.226159 -0.234478 -0.241912 -0.248388 -0.253844 -0.258222 -0.261447 -0.263493 -0.264341 -0.263981 -0.26241 -0.259631 -0.255656 -0.250502 -0.244195 -0.236769 -0.228266 -0.218736 -0.208237 -0.196838 -0.184614 -0.171647 -0.158029 -0.143853 -0.129218 -0.114224 -0.098973 -0.0835636 -0.0680929 -0.0526539 -0.0373348 -0.0222166 -0.00737467 0.00712216 0.0212115 0.0348368 0.0479469 0.0604961 0.0724443 0.083757 0.0944053 0.104366 0.113623 0.122167 0.129997 0.13712 0.143552 0.149318 0.154446 0.158975 0.162943 0.166393 0.169369 0.171913 0.174066 0.175865 0.177347 0.178543 0.179482 0.180191 0.180697 0.181029 0.181218 0.181297 0.181319 0.181361 0.181446 0.181589 0.181797 0.182064 0.182375 0.18271 0.183047 0.183371 0.183685 
0.133213 0.133305 0.133625 0.134174 0.134954 0.135967 0.137214 0.138698 0.140425 0.142396 0.144618 0.147096 0.149837 0.152846 0.156133 0.159706 0.163574 0.167749 0.17224 0.177062 0.182226 0.187748 0.193642 0.199924 0.206608 0.213712 0.221247 0.229227 0.237658 0.24654 0.255864 0.265601 0.275696 0.286057 0.296533 0.306883 0.316744 0.325562 0.332518 0.336423 0.335591 0.327735 0.309952 0.278979 0.231836 0.165913 0.0764086 -0.0470905 -0.216403 -0.203422 -0.177499 -0.159227 -0.145439 -0.132962 -0.124588 -0.119284 -0.116266 -0.115041 -0.115138 -0.116134 -0.117707 -0.119629 -0.121735 -0.123897 -0.126007 -0.127963 -0.129664 -0.130901 -0.131587 -0.131638 -0.130983 -0.129566 -0.127352 -0.124329 -0.120505 -0.115916 -0.110616 -0.104683 -0.0982116 -0.0913124 -0.0841047 -0.0767139 -0.0692699 -0.0618923 -0.0546937 -0.0477758 -0.041229 -0.0351297 -0.0295367 -0.0244954 -0.0200396 -0.0161946 -0.0129791 -0.0104067 -0.00848806 -0.00723254 -0.00664841 -0.00674323 -0.0075238 -0.00899595 -0.0111644 -0.0140322 -0.0175387 -0.0216828 -0.0264638 -0.0318793 -0.0379236 -0.0445876 -0.0518578 -0.0597153 -0.0681349 -0.0770847 -0.0865247 -0.0964068 -0.106674 -0.11726 -0.12809 -0.13908 -0.15014 -0.161171 -0.17207 -0.182732 -0.193051 -0.202919 -0.212234 -0.220898 -0.228821 -0.235921 -0.242124 -0.24737 -0.251605 -0.254739 -0.256743 -0.2576 -0.257297 -0.255831 -0.253207 -0.249434 -0.244533 -0.238528 -0.231453 -0.22335 -0.21427 -0.204269 -0.193414 -0.181777 -0.16944 -0.156487 -0.143008 -0.129098 -0.11485 -0.100361 -0.0857239 -0.07103 -0.0563671 -0.0418186 -0.027462 -0.0133697 0.000391704 0.0137611 0.0266829 0.0391065 0.0509868 0.0622843 0.0729657 0.0830042 0.0923801 0.101082 0.109105 0.116457 0.123152 0.129211 0.134666 0.139551 0.143908 0.14778 0.151212 0.154248 0.15693 0.1593 0.161395 0.163248 0.16489 0.166349 0.167647 0.168808 0.169853 0.170804 0.171684 0.172539 0.173424 0.174346 0.175309 0.176312 0.177348 0.17841 0.179488 0.180577 0.181674 0.182773 
0.131847 0.13194 0.132268 0.132831 0.133631 0.134669 0.135948 0.137472 0.139244 0.14127 0.143554 0.146103 0.148924 0.152026 0.155417 0.159108 0.163109 0.167435 0.172097 0.177112 0.182497 0.18827 0.19445 0.20106 0.208122 0.215662 0.223704 0.232274 0.241396 0.251092 0.261377 0.272256 0.283715 0.29571 0.308148 0.320858 0.333549 0.345736 0.356642 0.365042 0.369061 0.365952 0.352029 0.32333 0.277957 0.218035 0.147743 0.0726593 -0.314495 -0.23283 -0.185831 -0.163731 -0.15103 -0.134903 -0.125783 -0.120173 -0.116838 -0.115335 -0.11519 -0.115955 -0.117297 -0.118989 -0.120876 -0.122838 -0.124776 -0.126603 -0.128173 -0.129326 -0.129979 -0.130051 -0.129474 -0.128195 -0.126181 -0.123419 -0.119923 -0.115726 -0.110883 -0.105471 -0.0995807 -0.0933163 -0.0867895 -0.0801165 -0.0734131 -0.0667884 -0.0603427 -0.0541649 -0.0483319 -0.0429068 -0.0379391 -0.0334667 -0.0295182 -0.0261155 -0.0232751 -0.0210105 -0.0193326 -0.018251 -0.0177742 -0.0179097 -0.0186645 -0.0200444 -0.0220548 -0.0247006 -0.027924 -0.0317116 -0.0360641 -0.0409806 -0.046458 -0.0524902 -0.0590676 -0.0661764 -0.0737975 -0.0819055 -0.0904685 -0.0994468 -0.108792 -0.118449 -0.128351 -0.138424 -0.148588 -0.158752 -0.168824 -0.178705 -0.188295 -0.197492 -0.2062 -0.214324 -0.221776 -0.228476 -0.234353 -0.239346 -0.243405 -0.246428 -0.248382 -0.249246 -0.249009 -0.247667 -0.245223 -0.241687 -0.237079 -0.231423 -0.224753 -0.21711 -0.208542 -0.199106 -0.188864 -0.177888 -0.166252 -0.154039 -0.141333 -0.128222 -0.114796 -0.101142 -0.087351 -0.073507 -0.0596931 -0.0459882 -0.0324663 -0.0191971 -0.00624508 0.00633019 0.0184742 0.0301375 0.0412767 0.0518542 0.0618397 0.0712102 0.0799512 0.0880572 0.0955315 0.102387 0.108644 0.114333 0.119488 0.124149 0.12836 0.132165 0.13561 0.138739 0.141595 0.144215 0.146637 0.148892 0.151009 0.153013 0.154923 0.156759 0.158536 0.160266 0.161962 0.163666 0.165407 0.167178 0.168973 0.170782 0.172598 0.174418 0.176245 0.178089 0.17996 0.18184 
0.130246 0.130341 0.130676 0.131251 0.132067 0.133127 0.134434 0.135991 0.137803 0.139874 0.142211 0.144821 0.147712 0.150893 0.154373 0.158165 0.162281 0.166736 0.171546 0.176728 0.182303 0.188293 0.194722 0.201617 0.209009 0.216932 0.225419 0.234512 0.244252 0.25468 0.26584 0.277771 0.290504 0.304051 0.318391 0.333447 0.349035 0.364802 0.380097 0.393782 0.403911 0.407298 0.399163 0.374081 0.331557 0.280443 0.22968 0.0891804 -0.0796416 -0.118571 -0.125205 -0.126495 -0.127617 -0.130571 -0.124526 -0.119777 -0.116474 -0.114793 -0.114428 -0.114962 -0.116069 -0.117524 -0.119177 -0.120918 -0.122655 -0.124307 -0.125697 -0.126721 -0.127297 -0.127349 -0.126817 -0.125655 -0.123835 -0.121351 -0.118214 -0.11446 -0.110142 -0.105331 -0.100112 -0.0945792 -0.0888352 -0.082983 -0.0771242 -0.0713536 -0.065757 -0.0604095 -0.0553743 -0.0507029 -0.046436 -0.0426048 -0.0392334 -0.0363406 -0.0339414 -0.0320479 -0.0306704 -0.0298175 -0.029497 -0.0297154 -0.0304786 -0.031792 -0.0336606 -0.0360893 -0.0390305 -0.0424524 -0.046357 -0.050745 -0.0556156 -0.0609659 -0.0667907 -0.0730811 -0.0798245 -0.087003 -0.0945931 -0.102564 -0.110879 -0.11949 -0.128345 -0.137381 -0.146526 -0.155703 -0.164828 -0.173812 -0.182563 -0.190987 -0.198992 -0.206489 -0.213394 -0.219629 -0.225125 -0.229821 -0.233668 -0.23656 -0.238452 -0.239322 -0.239158 -0.237955 -0.235715 -0.232448 -0.228171 -0.222909 -0.216694 -0.209565 -0.201569 -0.192759 -0.183196 -0.172946 -0.162079 -0.150674 -0.138808 -0.126565 -0.114027 -0.101278 -0.0884002 -0.075474 -0.0625774 -0.0497851 -0.037168 -0.0247928 -0.0127218 -0.00101273 0.0102819 0.021115 0.031446 0.0412412 0.0504749 0.0591298 0.0671979 0.0746805 0.0815884 0.087941 0.0937655 0.0990959 0.103971 0.108434 0.112529 0.116301 0.119795 0.123052 0.126114 0.129018 0.131795 0.134478 0.13709 0.139654 0.142188 0.144706 0.147217 0.149728 0.15224 0.15479 0.157384 0.160003 0.16263 0.165249 0.16785 0.170433 0.17301 0.175605 0.17824 0.18089 
0.128406 0.128503 0.128843 0.129428 0.130258 0.131336 0.132665 0.13425 0.136093 0.138202 0.140583 0.143243 0.14619 0.149435 0.152989 0.156864 0.161073 0.165634 0.170564 0.175883 0.181614 0.187781 0.194414 0.201545 0.209209 0.217448 0.226306 0.235835 0.246091 0.257137 0.269042 0.281878 0.295719 0.31064 0.326695 0.343912 0.362251 0.381537 0.401349 0.420803 0.438138 0.449989 0.450299 0.43043 0.389396 0.344078 0.246458 0.134023 0.0253191 -0.0366068 -0.0699219 -0.0894273 -0.102371 -0.112416 -0.121451 -0.118191 -0.114818 -0.113065 -0.112635 -0.113063 -0.114018 -0.115288 -0.116735 -0.118263 -0.119792 -0.12122 -0.122404 -0.123267 -0.123735 -0.123745 -0.123245 -0.122197 -0.12058 -0.118391 -0.115646 -0.112377 -0.108634 -0.104484 -0.100002 -0.0952727 -0.0903847 -0.0854272 -0.0804859 -0.0756402 -0.0709608 -0.0665085 -0.0623341 -0.0584787 -0.0549745 -0.0518469 -0.0491156 -0.046796 -0.0449006 -0.0434393 -0.0424203 -0.0418502 -0.0417346 -0.0420781 -0.0428848 -0.0441585 -0.045903 -0.0481227 -0.0507843 -0.0538346 -0.0572763 -0.0611114 -0.0653411 -0.0699661 -0.0749853 -0.0803954 -0.0861905 -0.0923605 -0.0988908 -0.105761 -0.112944 -0.120405 -0.128103 -0.135988 -0.144 -0.152075 -0.160139 -0.168115 -0.17592 -0.18347 -0.190679 -0.197464 -0.203746 -0.209449 -0.214508 -0.218861 -0.22246 -0.225198 -0.227014 -0.227886 -0.227799 -0.226747 -0.224732 -0.221761 -0.217851 -0.213024 -0.207309 -0.200745 -0.193374 -0.185247 -0.17642 -0.166955 -0.156919 -0.146382 -0.135419 -0.124105 -0.112518 -0.100735 -0.0888341 -0.0768898 -0.0649759 -0.053163 -0.0415187 -0.0301067 -0.0189865 -0.00821309 0.00216431 0.0121025 0.0215654 0.0305248 0.0389613 0.0468647 0.0542342 0.0610787 0.0674156 0.0732705 0.0786759 0.0836692 0.0882919 0.0925875 0.0966003 0.100374 0.103951 0.107371 0.110671 0.113885 0.117043 0.120172 0.123294 0.126428 0.129588 0.132784 0.136021 0.1393 0.142614 0.145994 0.149423 0.152877 0.156328 0.159753 0.163138 0.166483 0.169806 0.173141 0.176523 0.179922 
0.126322 0.126421 0.126766 0.127357 0.128198 0.12929 0.130637 0.132242 0.13411 0.136248 0.138662 0.141359 0.14435 0.147644 0.151253 0.15519 0.159471 0.164112 0.169133 0.174555 0.180403 0.186705 0.193492 0.2008 0.20867 0.217148 0.226288 0.236148 0.246798 0.258318 0.270796 0.284334 0.299045 0.315055 0.332495 0.351493 0.37216 0.394525 0.418465 0.443522 0.468491 0.490589 0.503608 0.494894 0.45635 0.379347 0.278049 0.175136 0.0835014 0.0167461 -0.0284487 -0.0589211 -0.0800241 -0.0952711 -0.106783 -0.115983 -0.111496 -0.109968 -0.109805 -0.110346 -0.11128 -0.112439 -0.11372 -0.115048 -0.116362 -0.117542 -0.118508 -0.119195 -0.119543 -0.119501 -0.119028 -0.118096 -0.11669 -0.114812 -0.11248 -0.109725 -0.106593 -0.103142 -0.0994395 -0.095557 -0.0915694 -0.0875505 -0.0835702 -0.0796922 -0.0759726 -0.0724587 -0.0691898 -0.0661974 -0.0635061 -0.0611352 -0.0590996 -0.0574105 -0.0560767 -0.0551047 -0.0544992 -0.0542634 -0.0543998 -0.0549098 -0.0557949 -0.0570562 -0.0586956 -0.0607152 -0.063101 -0.065777 -0.0687447 -0.072007 -0.0755675 -0.07943 -0.0835981 -0.0880743 -0.0928594 -0.0979518 -0.103346 -0.109032 -0.114995 -0.121212 -0.127654 -0.134286 -0.141061 -0.147927 -0.154826 -0.16169 -0.168448 -0.175027 -0.181349 -0.187339 -0.192921 -0.198027 -0.20259 -0.206553 -0.209866 -0.212424 -0.214148 -0.215013 -0.215004 -0.214113 -0.212339 -0.209688 -0.206174 -0.201816 -0.196643 -0.190686 -0.183988 -0.176594 -0.168555 -0.159929 -0.150777 -0.141164 -0.131159 -0.120831 -0.110253 -0.0994961 -0.0886322 -0.077732 -0.0668645 -0.0560966 -0.0454918 -0.0351104 -0.0250081 -0.0152356 -0.00583752 0.00314852 0.0116927 0.0197738 0.0273799 0.0345086 0.0411667 0.0473701 0.0531425 0.0585146 0.0635222 0.0682053 0.0726059 0.076767 0.0807313 0.0845401 0.0882324 0.0918446 0.09541 0.0989583 0.102516 0.106105 0.109746 0.113452 0.117235 0.121099 0.125047 0.129071 0.133167 0.137347 0.141585 0.145849 0.150105 0.154324 0.158486 0.162587 0.166648 0.170708 0.174814 0.178938 
0.123993 0.124092 0.12444 0.125037 0.125885 0.126987 0.128345 0.129964 0.131849 0.134006 0.136442 0.139166 0.142185 0.145512 0.149158 0.153137 0.157464 0.162158 0.167238 0.172728 0.178652 0.185041 0.191927 0.19935 0.207352 0.215984 0.225303 0.235375 0.246279 0.258102 0.270949 0.284941 0.300218 0.316943 0.335302 0.355505 0.377777 0.402333 0.42931 0.458727 0.490114 0.522095 0.551841 0.576794 0.612433 0.438909 0.311256 0.204972 0.116804 0.0485387 -0.00169807 -0.0377842 -0.0635332 -0.0818609 -0.0944276 -0.100718 -0.104511 -0.105564 -0.106298 -0.107156 -0.108153 -0.10924 -0.110367 -0.111497 -0.112562 -0.113492 -0.114233 -0.114737 -0.114959 -0.114862 -0.114416 -0.113602 -0.112415 -0.110859 -0.108952 -0.106727 -0.104222 -0.101489 -0.0985845 -0.095567 -0.0924976 -0.089435 -0.0864338 -0.0835429 -0.0808046 -0.0782541 -0.0759201 -0.0738249 -0.0719857 -0.0704154 -0.0691232 -0.0681151 -0.0673949 -0.0669641 -0.0668227 -0.0669694 -0.067402 -0.0681182 -0.0691154 -0.0703916 -0.0719458 -0.0737775 -0.0758868 -0.0781893 -0.0806756 -0.0833496 -0.0862175 -0.0892866 -0.0925653 -0.0960621 -0.099785 -0.103741 -0.107934 -0.112366 -0.117032 -0.121924 -0.127026 -0.132315 -0.137761 -0.143326 -0.148965 -0.154623 -0.160243 -0.165762 -0.171112 -0.176225 -0.181035 -0.185475 -0.189485 -0.193008 -0.195995 -0.198344 -0.199954 -0.2008 -0.200865 -0.200138 -0.198617 -0.196304 -0.19321 -0.189352 -0.184753 -0.179443 -0.173458 -0.16684 -0.159635 -0.151896 -0.143677 -0.135039 -0.126044 -0.116757 -0.107242 -0.0975683 -0.0878008 -0.0780058 -0.0682477 -0.0585888 -0.0490882 -0.0398015 -0.0307792 -0.0220663 -0.0137011 -0.00571415 0.0018724 0.00904544 0.0158012 0.022145 0.028091 0.0336615 0.038885 0.043796 0.0484323 0.0528346 0.0570442 0.0611025 0.0650493 0.0689225 0.0727574 0.0765863 0.0804379 0.0843378 0.088308 0.092367 0.0965294 0.100806 0.105203 0.109722 0.11436 0.119106 0.123956 0.128904 0.133917 0.13896 0.143995 0.148986 0.15391 0.158757 0.163544 0.168312 0.173116 0.177936 
0.121416 0.121515 0.121865 0.122464 0.123316 0.124422 0.125787 0.127413 0.129307 0.131474 0.133921 0.136657 0.139691 0.143033 0.146697 0.150695 0.155045 0.159763 0.16487 0.170389 0.176347 0.182773 0.189701 0.197171 0.205227 0.213921 0.223311 0.233467 0.244469 0.256409 0.269398 0.283563 0.299056 0.316055 0.334771 0.355446 0.378361 0.403817 0.432106 0.46343 0.497628 0.533507 0.567524 0.593172 0.609209 0.452603 0.323092 0.216691 0.130203 0.062303 0.0109019 -0.0269846 -0.0544635 -0.0742117 -0.0883482 -0.0989493 -0.100765 -0.101981 -0.103015 -0.104013 -0.105001 -0.105971 -0.106914 -0.107803 -0.1086 -0.10927 -0.10978 -0.110097 -0.110192 -0.110039 -0.109622 -0.108931 -0.107965 -0.106734 -0.105258 -0.103564 -0.101689 -0.0996733 -0.097564 -0.0954083 -0.0932533 -0.0911434 -0.0891193 -0.0872164 -0.0854645 -0.0838878 -0.0825049 -0.0813297 -0.0803717 -0.0796366 -0.079127 -0.0788426 -0.0787808 -0.078937 -0.0793052 -0.0798781 -0.0806481 -0.0816074 -0.082749 -0.0840666 -0.0855559 -0.0872145 -0.0890427 -0.0909754 -0.0929755 -0.0950494 -0.0972058 -0.0994561 -0.101814 -0.104294 -0.106912 -0.109683 -0.112622 -0.115742 -0.11905 -0.12255 -0.126242 -0.130116 -0.134157 -0.138342 -0.14264 -0.147012 -0.151413 -0.155792 -0.160092 -0.164256 -0.168223 -0.171934 -0.175333 -0.178366 -0.180985 -0.183091 -0.184562 -0.185371 -0.185501 -0.184937 -0.183674 -0.181711 -0.179056 -0.17572 -0.171724 -0.167092 -0.161856 -0.156053 -0.149723 -0.142913 -0.135673 -0.128057 -0.120121 -0.111925 -0.103529 -0.0949939 -0.0863809 -0.0777508 -0.0691629 -0.060674 -0.0523378 -0.0442035 -0.0363152 -0.0287107 -0.0214204 -0.0144665 -0.00786263 -0.00161342 0.00428547 0.00984686 0.0150913 0.0200458 0.024743 0.0292189 0.0335125 0.0376634 0.0417114 0.0456948 0.0496503 0.0536116 0.05761 0.061673 0.0658252 0.0700874 0.0744773 0.0790087 0.0836918 0.0885328 0.0935336 0.0986917 0.103999 0.109442 0.115014 0.120695 0.126449 0.132237 0.138019 0.143756 0.14942 0.154996 0.160494 0.165952 0.171428 0.176913 
0.118589 0.118689 0.119038 0.119638 0.12049 0.121597 0.122962 0.124588 0.126482 0.12865 0.131097 0.133832 0.136865 0.140206 0.143868 0.147864 0.152209 0.156923 0.162023 0.167534 0.173482 0.179894 0.186806 0.194255 0.202285 0.210947 0.220297 0.230403 0.241342 0.253205 0.266097 0.28014 0.295479 0.312281 0.330744 0.351091 0.373575 0.398462 0.425995 0.456291 0.489092 0.523182 0.555326 0.579863 0.596715 0.439201 0.311818 0.208499 0.125015 0.0595681 0.00998741 -0.0265926 -0.0531244 -0.0721743 -0.0858041 -0.0960912 -0.097962 -0.0992777 -0.100339 -0.101264 -0.102098 -0.102854 -0.103534 -0.104135 -0.104642 -0.105041 -0.105312 -0.10544 -0.105407 -0.105202 -0.104816 -0.10425 -0.103507 -0.1026 -0.101549 -0.100379 -0.0991198 -0.0978066 -0.0964751 -0.0951613 -0.0939 -0.0927233 -0.091659 -0.0907308 -0.0899574 -0.0893527 -0.0889262 -0.0886832 -0.0886251 -0.0887501 -0.0890533 -0.0895268 -0.0901607 -0.090943 -0.0918603 -0.0928983 -0.0940426 -0.0952791 -0.096595 -0.0979792 -0.0994231 -0.100921 -0.102471 -0.104036 -0.105546 -0.107011 -0.108441 -0.109852 -0.111264 -0.112697 -0.114176 -0.115725 -0.11737 -0.119133 -0.121035 -0.123094 -0.125322 -0.127725 -0.130303 -0.133047 -0.135941 -0.138962 -0.142078 -0.14525 -0.148435 -0.151584 -0.154647 -0.15757 -0.160303 -0.162797 -0.165005 -0.16683 -0.168132 -0.168883 -0.169063 -0.168656 -0.167651 -0.166045 -0.16384 -0.161045 -0.157673 -0.153746 -0.149289 -0.144333 -0.138915 -0.133074 -0.126855 -0.120306 -0.113477 -0.106423 -0.0991967 -0.0918544 -0.0844513 -0.0770424 -0.0696806 -0.0624164 -0.0552963 -0.0483623 -0.0416503 -0.0351895 -0.0290015 -0.0230996 -0.0174885 -0.0121645 -0.00711566 -0.00232287 0.00223952 0.00660224 0.0107998 0.0148692 0.0188485 0.0227757 0.0266877 0.0306197 0.0346042 0.038671 0.0428469 0.047155 0.0516153 0.0562443 0.0610548 0.0660561 0.0712538 0.0766494 0.0822402 0.0880189 0.0939731 0.100088 0.106352 0.112732 0.119193 0.125692 0.132188 0.13864 0.145017 0.151301 0.157492 0.16362 0.169742 0.175863 
0.115513 0.115612 0.11596 0.116558 0.117407 0.118509 0.119869 0.121489 0.123375 0.125533 0.127969 0.130691 0.133708 0.137031 0.140671 0.144642 0.148959 0.153638 0.1587 0.164165 0.170058 0.176407 0.183244 0.190605 0.19853 0.207066 0.216267 0.226192 0.236912 0.248507 0.261069 0.274702 0.289526 0.305675 0.323295 0.342543 0.363566 0.386477 0.411283 0.437755 0.465161 0.491836 0.514886 0.533176 0.570449 0.395667 0.276481 0.18047 0.101791 0.0409667 -0.0039278 -0.0362488 -0.0592673 -0.0755569 -0.0866029 -0.0922514 -0.0961619 -0.0976201 -0.0984487 -0.0990699 -0.0995795 -0.100002 -0.100346 -0.100614 -0.100807 -0.100921 -0.10095 -0.100888 -0.100732 -0.100478 -0.100129 -0.0996875 -0.0991651 -0.0985757 -0.0979381 -0.0972748 -0.0966111 -0.0959739 -0.0953904 -0.0948868 -0.094487 -0.094212 -0.0940792 -0.0941015 -0.0942878 -0.094643 -0.0951676 -0.0958585 -0.0967091 -0.0977092 -0.0988456 -0.100102 -0.101461 -0.102901 -0.1044 -0.105937 -0.107488 -0.109032 -0.11055 -0.112024 -0.113441 -0.114792 -0.11607 -0.117266 -0.118285 -0.119135 -0.119827 -0.120384 -0.120829 -0.121193 -0.121508 -0.121808 -0.122129 -0.122505 -0.122969 -0.123553 -0.124282 -0.125177 -0.126251 -0.127513 -0.12896 -0.130583 -0.132365 -0.134281 -0.136299 -0.138382 -0.140488 -0.142573 -0.144593 -0.146501 -0.148257 -0.149761 -0.150862 -0.15153 -0.151742 -0.151479 -0.150728 -0.14948 -0.147732 -0.14549 -0.14276 -0.13956 -0.135907 -0.131829 -0.127354 -0.122519 -0.11736 -0.111919 -0.106243 -0.100376 -0.0943688 -0.0882689 -0.0821257 -0.075987 -0.0698986 -0.0639031 -0.0580388 -0.0523388 -0.04683 -0.0415322 -0.0364576 -0.0316103 -0.0269867 -0.0225753 -0.0183579 -0.0143102 -0.0104028 -0.00660302 -0.00287546 0.000816206 0.00450838 0.00823649 0.0120343 0.0159331 0.0199617 0.0241456 0.0285071 0.0330652 0.0378354 0.0428296 0.0480564 0.0535202 0.0592218 0.0651581 0.0713215 0.0777002 0.0842777 0.0910401 0.0979632 0.105012 0.112146 0.119322 0.126499 0.133634 0.140695 0.147659 0.154523 0.161305 0.168053 0.174776 
0.112188 0.112287 0.112632 0.113225 0.114068 0.115161 0.11651 0.118117 0.119986 0.122125 0.124538 0.127235 0.130222 0.13351 0.13711 0.141034 0.145298 0.149915 0.154905 0.160287 0.166084 0.172322 0.179028 0.186236 0.193981 0.202304 0.211251 0.220873 0.231228 0.24238 0.254399 0.267363 0.281351 0.296447 0.312721 0.330225 0.348954 0.36879 0.389391 0.409966 0.428804 0.442231 0.442152 0.411674 0.343276 0.296537 0.217969 0.135108 0.0607124 0.00643534 -0.0304164 -0.0552077 -0.0721391 -0.0841829 -0.0927991 -0.0984093 -0.0975894 -0.0973898 -0.0973798 -0.0974196 -0.0974497 -0.0974435 -0.0973925 -0.0972966 -0.0971588 -0.0969825 -0.0967709 -0.0965273 -0.0962557 -0.0959615 -0.0956525 -0.0953387 -0.095033 -0.0947511 -0.0945108 -0.0943318 -0.0942347 -0.0942399 -0.094367 -0.0946335 -0.0950546 -0.0956417 -0.0964031 -0.0973428 -0.0984612 -0.0997543 -0.101215 -0.102831 -0.104588 -0.106468 -0.108448 -0.110503 -0.112606 -0.114727 -0.116835 -0.118897 -0.120882 -0.122761 -0.124506 -0.126092 -0.127501 -0.128718 -0.129735 -0.130551 -0.131085 -0.131317 -0.131266 -0.130957 -0.130422 -0.129701 -0.128834 -0.127867 -0.126846 -0.125818 -0.124828 -0.123919 -0.123132 -0.1225 -0.122052 -0.121809 -0.121786 -0.121986 -0.122406 -0.123035 -0.123853 -0.124834 -0.125947 -0.127156 -0.128423 -0.129708 -0.130974 -0.13212 -0.132986 -0.133543 -0.133767 -0.133635 -0.133128 -0.132235 -0.130949 -0.129266 -0.127192 -0.124735 -0.121908 -0.118732 -0.115231 -0.111432 -0.107368 -0.103074 -0.0985887 -0.0939514 -0.0892038 -0.0843878 -0.0795444 -0.0747137 -0.0699327 -0.0652351 -0.0606499 -0.0562005 -0.051904 -0.0477705 -0.043803 -0.0399969 -0.0363409 -0.0328172 -0.0294022 -0.0260681 -0.0227833 -0.0195141 -0.0162259 -0.0128836 -0.00945321 -0.00590237 -0.00220078 0.00167919 0.00576225 0.0100699 0.0146205 0.0194286 0.0245056 0.0298591 0.0354928 0.0414069 0.0475975 0.0540562 0.0607709 0.0677256 0.0749024 0.0822835 0.0898348 0.0975188 0.105293 0.113114 0.120939 0.128726 0.136441 0.144058 0.151566 0.158978 0.166333 0.173642 
0.108617 0.108714 0.109056 0.109642 0.110474 0.111555 0.112887 0.114474 0.116319 0.11843 0.12081 0.123468 0.126411 0.129648 0.13319 0.137047 0.141233 0.145762 0.15065 0.155915 0.161577 0.167657 0.174181 0.181176 0.188672 0.196702 0.205302 0.214512 0.224373 0.23493 0.246227 0.258306 0.271202 0.284933 0.299488 0.3148 0.3307 0.346841 0.362559 0.376616 0.386728 0.388709 0.375239 0.336702 0.277619 0.229236 0.16375 0.0812828 -0.000485289 -0.0455213 -0.0689655 -0.0820263 -0.0898985 -0.0962366 -0.102001 -0.100183 -0.098538 -0.097418 -0.0966534 -0.0960787 -0.0955861 -0.0951193 -0.0946548 -0.0941878 -0.0937219 -0.0932648 -0.0928257 -0.0924143 -0.0920414 -0.0917182 -0.0914574 -0.0912727 -0.0911794 -0.0911934 -0.0913316 -0.091611 -0.0920478 -0.0926572 -0.0934524 -0.0944439 -0.0956393 -0.0970426 -0.0986542 -0.100471 -0.102485 -0.104685 -0.107056 -0.109579 -0.11223 -0.114982 -0.117805 -0.120664 -0.123521 -0.126337 -0.129069 -0.131677 -0.134119 -0.136355 -0.138347 -0.140066 -0.141483 -0.142581 -0.143348 -0.143782 -0.143835 -0.14345 -0.142652 -0.141472 -0.139951 -0.138136 -0.136079 -0.133837 -0.131467 -0.129029 -0.126582 -0.124179 -0.121876 -0.119718 -0.117749 -0.116003 -0.114507 -0.113281 -0.112333 -0.111665 -0.11127 -0.111133 -0.111233 -0.111543 -0.112032 -0.112667 -0.113416 -0.114166 -0.114767 -0.11519 -0.115405 -0.115388 -0.115117 -0.114574 -0.113748 -0.11263 -0.111219 -0.109517 -0.107533 -0.10528 -0.102775 -0.10004 -0.0970989 -0.0939814 -0.0907179 -0.0873409 -0.0838838 -0.0803803 -0.0768627 -0.0733618 -0.0699051 -0.0665164 -0.0632147 -0.0600132 -0.0569191 -0.0539331 -0.0510494 -0.0482558 -0.0455346 -0.0428625 -0.0402126 -0.0375544 -0.0348557 -0.0320829 -0.0292026 -0.026182 -0.0229898 -0.0195968 -0.0159762 -0.012104 -0.00795924 -0.00352433 0.00121505 0.00626963 0.0116465 0.0173491 0.0233765 0.0297245 0.0363847 0.0433435 0.0505838 0.0580873 0.0658391 0.0738119 0.0819665 0.0902598 0.0986468 0.107082 0.115522 0.123924 0.132252 0.14048 0.148595 0.156603 0.16454 0.172415 
0.104802 0.104898 0.105234 0.105811 0.10663 0.107694 0.109004 0.110564 0.112378 0.114451 0.116789 0.119396 0.122282 0.125453 0.128919 0.13269 0.136777 0.141192 0.145951 0.151066 0.156557 0.162439 0.168735 0.175464 0.18265 0.190318 0.198492 0.207198 0.21646 0.226301 0.236736 0.24777 0.25939 0.271553 0.284165 0.297051 0.309905 0.322206 0.333087 0.341117 0.343973 0.338004 0.318046 0.279313 0.225863 0.172682 0.126511 0.0267583 -0.098415 -0.11907 -0.117898 -0.114034 -0.109192 -0.108864 -0.104774 -0.101503 -0.0990569 -0.0972637 -0.0959065 -0.0948038 -0.0938363 -0.0929395 -0.0920864 -0.0912719 -0.0905022 -0.0897892 -0.089147 -0.0885909 -0.0881365 -0.0877999 -0.0875972 -0.0875451 -0.0876598 -0.0879577 -0.0884543 -0.0891641 -0.0901001 -0.0912729 -0.0926906 -0.0943582 -0.0962772 -0.0984456 -0.100857 -0.103503 -0.106368 -0.109435 -0.112681 -0.11608 -0.119601 -0.123207 -0.12686 -0.130515 -0.134125 -0.137639 -0.141005 -0.144171 -0.147083 -0.149692 -0.151951 -0.153819 -0.155262 -0.156254 -0.156781 -0.156838 -0.156413 -0.155417 -0.153875 -0.151826 -0.149318 -0.146409 -0.143163 -0.139648 -0.135935 -0.132095 -0.1282 -0.124319 -0.120516 -0.116853 -0.113383 -0.110155 -0.107208 -0.104573 -0.102274 -0.100322 -0.098723 -0.0974725 -0.0965591 -0.0959647 -0.0956666 -0.0956385 -0.0958525 -0.0961808 -0.0964937 -0.0967604 -0.0969504 -0.0970352 -0.0969891 -0.0967903 -0.0964213 -0.0958692 -0.0951258 -0.0941882 -0.0930577 -0.0917408 -0.0902477 -0.088593 -0.0867944 -0.0848725 -0.08285 -0.0807508 -0.0785997 -0.0764208 -0.0742369 -0.0720687 -0.0699333 -0.0678443 -0.0658101 -0.0638339 -0.0619135 -0.0600409 -0.0582023 -0.0563793 -0.0545487 -0.0526836 -0.0507546 -0.0487302 -0.046578 -0.0442657 -0.0417617 -0.0390355 -0.0360589 -0.0328058 -0.0292527 -0.0253791 -0.0211677 -0.0166046 -0.0116791 -0.00638457 -0.000717838 0.00532037 0.0117244 0.0184857 0.0255927 0.0330286 0.0407736 0.0488097 0.0571149 0.0656506 0.0743742 0.0832403 0.0922022 0.101213 0.110226 0.119201 0.128101 0.136898 0.145576 0.15414 0.162621 0.171028 
0.100747 0.100841 0.10117 0.101736 0.102539 0.103581 0.104865 0.106393 0.108168 0.110196 0.112481 0.115028 0.117843 0.120934 0.124309 0.127975 0.131943 0.136223 0.140826 0.145765 0.151052 0.156701 0.162727 0.169146 0.175972 0.18322 0.190904 0.199035 0.207619 0.216656 0.226133 0.236021 0.246262 0.256757 0.267345 0.277768 0.287624 0.296297 0.302845 0.305854 0.303255 0.29217 0.269069 0.231054 0.179417 0.120468 0.0586636 -0.00234585 -0.300863 -0.214444 -0.169524 -0.147018 -0.123973 -0.112968 -0.106372 -0.102012 -0.0989542 -0.0967014 -0.0949311 -0.0934348 -0.0920906 -0.0908376 -0.0896538 -0.0885405 -0.0875097 -0.0865789 -0.0857677 -0.0850963 -0.084585 -0.0842536 -0.084121 -0.0842056 -0.0845246 -0.085094 -0.0859283 -0.08704 -0.0884392 -0.0901331 -0.0921258 -0.094418 -0.0970065 -0.0998845 -0.103041 -0.106461 -0.110125 -0.114009 -0.118085 -0.122318 -0.126672 -0.131101 -0.135558 -0.139988 -0.144336 -0.14854 -0.152536 -0.15626 -0.159649 -0.16264 -0.165177 -0.167209 -0.168692 -0.169594 -0.169895 -0.169588 -0.16868 -0.167088 -0.164814 -0.161905 -0.158421 -0.154429 -0.150005 -0.145231 -0.14019 -0.13497 -0.129653 -0.124321 -0.119053 -0.11392 -0.10899 -0.104321 -0.099964 -0.0959623 -0.0923493 -0.0891492 -0.086377 -0.0840387 -0.0821322 -0.0806481 -0.0795711 -0.0788813 -0.0785565 -0.0784483 -0.0784597 -0.0785584 -0.0787118 -0.0788886 -0.0790595 -0.0791982 -0.0792824 -0.0792937 -0.0792182 -0.0790462 -0.0787729 -0.0783972 -0.0779224 -0.077355 -0.0767047 -0.0759835 -0.0752053 -0.0743847 -0.0735366 -0.072675 -0.0718124 -0.0709587 -0.0701208 -0.0693012 -0.0684986 -0.0677065 -0.0669138 -0.0661049 -0.0652596 -0.0643539 -0.0633609 -0.0622512 -0.0609939 -0.0595574 -0.0579101 -0.0560212 -0.0538613 -0.0514024 -0.0486192 -0.0454886 -0.0419905 -0.0381075 -0.0338259 -0.0291352 -0.0240284 -0.018503 -0.0125594 -0.00620152 0.000562485 0.0077213 0.0152572 0.0231489 0.0313717 0.0399139 0.0487367 0.0577978 0.0670515 0.07645 0.0859446 0.0954868 0.10503 0.114533 0.123957 0.133275 0.14247 0.151542 0.160519 0.169409 
0.096456 0.096548 0.0968699 0.0974224 0.0982065 0.0992237 0.100476 0.101966 0.103696 0.105671 0.107894 0.110371 0.113105 0.116104 0.119372 0.122919 0.12675 0.130875 0.135301 0.140037 0.145094 0.15048 0.156204 0.162275 0.168701 0.175486 0.182633 0.190138 0.197991 0.206171 0.214639 0.223335 0.232165 0.240986 0.249587 0.25766 0.264754 0.270224 0.273151 0.272258 0.265824 0.251653 0.227248 0.190425 0.140538 0.078464 0.00278122 -0.0922473 -0.213689 -0.189629 -0.161503 -0.140846 -0.12364 -0.112841 -0.105989 -0.101392 -0.0981256 -0.0956621 -0.093664 -0.0919205 -0.090317 -0.0888017 -0.0873633 -0.086015 -0.084777 -0.0836747 -0.0827339 -0.0819801 -0.0814382 -0.0811314 -0.0810811 -0.0813065 -0.0818255 -0.0826536 -0.0838044 -0.0852887 -0.0871143 -0.0892859 -0.0918046 -0.0946676 -0.0978685 -0.101397 -0.105237 -0.10937 -0.113773 -0.118415 -0.123264 -0.128279 -0.133416 -0.138622 -0.143843 -0.149015 -0.154071 -0.158941 -0.163549 -0.167821 -0.171681 -0.175055 -0.177874 -0.180078 -0.181613 -0.182439 -0.18253 -0.181876 -0.180485 -0.178316 -0.17533 -0.171583 -0.167144 -0.162092 -0.156516 -0.150511 -0.144175 -0.137608 -0.130908 -0.124171 -0.117485 -0.110937 -0.104603 -0.0985522 -0.0928466 -0.0875387 -0.0826716 -0.0782791 -0.0743857 -0.0710063 -0.0681474 -0.0658074 -0.0639778 -0.0626446 -0.0617887 -0.0612453 -0.0609547 -0.0608831 -0.0609963 -0.0612602 -0.0616426 -0.0621133 -0.0626451 -0.0632145 -0.0638016 -0.0643906 -0.0649695 -0.06553 -0.0660676 -0.0665804 -0.0670695 -0.0675377 -0.0679892 -0.0684286 -0.0688604 -0.0692881 -0.0697132 -0.0701352 -0.0705499 -0.0709502 -0.0713248 -0.0716587 -0.071933 -0.0721255 -0.0722105 -0.0721603 -0.071945 -0.0715337 -0.0708952 -0.0699981 -0.0688123 -0.0673086 -0.0654599 -0.0632408 -0.0606287 -0.0576036 -0.0541482 -0.0502485 -0.0458943 -0.0410784 -0.0357963 -0.030049 -0.0238384 -0.0171732 -0.0100657 -0.00253252 0.00540482 0.0137207 0.0223984 0.0314093 0.0407101 0.0502548 0.0599951 0.069881 0.0798619 0.0898883 0.0999129 0.109893 0.11979 0.129576 0.139233 0.148757 0.158173 0.167481 
0.0919354 0.0920249 0.0923382 0.0928757 0.0936382 0.0946271 0.095844 0.0972909 0.0989705 0.100886 0.103039 0.105436 0.108079 0.110974 0.114125 0.117537 0.121217 0.125169 0.129399 0.133914 0.138718 0.143817 0.149214 0.15491 0.160907 0.167199 0.173778 0.180628 0.187723 0.195023 0.202469 0.209976 0.217422 0.224637 0.231378 0.237315 0.241987 0.244772 0.244835 0.241086 0.23215 0.216387 0.192018 0.15742 0.111597 0.0544206 -0.0137018 -0.0889225 -0.151582 -0.157539 -0.145776 -0.131747 -0.119347 -0.110448 -0.104323 -0.0999976 -0.0967981 -0.0942921 -0.0921922 -0.0903144 -0.0885569 -0.0868773 -0.0852722 -0.0837595 -0.0823723 -0.0811472 -0.0801164 -0.0793119 -0.0787637 -0.0784987 -0.0785405 -0.0789088 -0.0796216 -0.080694 -0.0821386 -0.0839649 -0.0861791 -0.0887836 -0.0917774 -0.0951555 -0.0989087 -0.103023 -0.107482 -0.112261 -0.117334 -0.122667 -0.128222 -0.133953 -0.13981 -0.145736 -0.151665 -0.157527 -0.163247 -0.168744 -0.173932 -0.178725 -0.183036 -0.18678 -0.189877 -0.192253 -0.193847 -0.194609 -0.194507 -0.193524 -0.191665 -0.188938 -0.185268 -0.180716 -0.175359 -0.169286 -0.162601 -0.15541 -0.147826 -0.139965 -0.131937 -0.123853 -0.115814 -0.107918 -0.100253 -0.0928966 -0.0859202 -0.0793845 -0.073341 -0.0678314 -0.0628879 -0.0585334 -0.0547814 -0.0516376 -0.0490998 -0.0471598 -0.0457873 -0.0448282 -0.0442491 -0.044016 -0.0440933 -0.0444454 -0.045037 -0.0458348 -0.0468072 -0.0479256 -0.0491646 -0.0505018 -0.0519183 -0.0533983 -0.054929 -0.0565 -0.0581031 -0.0597313 -0.0613789 -0.06304 -0.0647085 -0.0663769 -0.0680362 -0.069675 -0.0712794 -0.0728325 -0.0743144 -0.0757023 -0.0769708 -0.0780921 -0.0790365 -0.0797733 -0.0802708 -0.0804973 -0.0804217 -0.0800137 -0.0792443 -0.0780866 -0.0765155 -0.0745082 -0.0720446 -0.0691081 -0.0656838 -0.0617603 -0.0573317 -0.0523916 -0.046939 -0.0409773 -0.0345135 -0.0275593 -0.0201313 -0.0122503 -0.00394226 0.00477074 0.0138675 0.0233063 0.0330414 0.043024 0.0532033 0.0635271 0.0739435 0.0844017 0.0948535 0.105255 0.115569 0.125765 0.135822 0.145734 0.15552 0.165175 
0.0871911 0.0872779 0.0875815 0.0881024 0.0888411 0.0897986 0.0909763 0.0923759 0.0939992 0.0958485 0.0979264 0.100236 0.102779 0.10556 0.108583 0.11185 0.115364 0.119131 0.123151 0.127428 0.131963 0.136756 0.141807 0.147111 0.152659 0.158441 0.164438 0.170622 0.176954 0.18338 0.189824 0.196185 0.202322 0.208049 0.213112 0.21718 0.219814 0.220446 0.218353 0.212644 0.202256 0.186001 0.16266 0.131173 0.0909373 0.0422433 -0.0129822 -0.0688925 -0.112002 -0.128038 -0.127954 -0.12149 -0.113767 -0.107156 -0.102071 -0.0982245 -0.0952349 -0.0927938 -0.0906784 -0.0887423 -0.0869037 -0.0851316 -0.0834301 -0.0818256 -0.0803564 -0.079065 -0.0779917 -0.0771746 -0.0766476 -0.0764408 -0.0765799 -0.077088 -0.0779837 -0.0792821 -0.0809947 -0.0831299 -0.0856923 -0.088683 -0.092099 -0.0959337 -0.100176 -0.10481 -0.109815 -0.115167 -0.120835 -0.126782 -0.132966 -0.139337 -0.14584 -0.15241 -0.158978 -0.165465 -0.171787 -0.177853 -0.183571 -0.188842 -0.19357 -0.197657 -0.201013 -0.203554 -0.205206 -0.205913 -0.205633 -0.204344 -0.202049 -0.198771 -0.19446 -0.189149 -0.182924 -0.175888 -0.168152 -0.15984 -0.151076 -0.14199 -0.132708 -0.123354 -0.114042 -0.104882 -0.0959717 -0.0873998 -0.0792447 -0.0715745 -0.0644475 -0.0579116 -0.0520055 -0.0467579 -0.0421886 -0.0383089 -0.0351227 -0.0326278 -0.0307632 -0.0294247 -0.028584 -0.0282083 -0.0282619 -0.0287081 -0.0295097 -0.03063 -0.032034 -0.0336883 -0.0355618 -0.0376261 -0.0398552 -0.0422256 -0.0447162 -0.0473078 -0.0499825 -0.0527238 -0.0555154 -0.058341 -0.0611838 -0.0640258 -0.0668475 -0.0696276 -0.0723428 -0.0749675 -0.0774742 -0.0798334 -0.0820143 -0.0839846 -0.0857116 -0.0871624 -0.0883044 -0.0891055 -0.0895352 -0.0895643 -0.0891654 -0.0883135 -0.0869861 -0.0851621 -0.0828242 -0.0799597 -0.0765562 -0.0726036 -0.0680969 -0.063034 -0.0574171 -0.0512527 -0.0445516 -0.0373294 -0.0296061 -0.0214065 -0.0127596 -0.00367994 0.00579336 0.0156152 0.0257372 0.0361078 0.0466742 0.0573825 0.068179 0.079012 0.0898324 0.100596 0.111263 0.121803 0.132194 0.142423 0.152505 0.162425 
0.0822299 0.0823137 0.0826069 0.0831096 0.0838225 0.0847461 0.0858815 0.0872297 0.0887923 0.0905706 0.0925666 0.0947819 0.0972186 0.0998786 0.102764 0.105876 0.109216 0.112785 0.116584 0.120612 0.124866 0.129343 0.134037 0.138937 0.14403 0.149296 0.154709 0.160232 0.165816 0.171396 0.176886 0.182171 0.187104 0.191493 0.19509 0.197577 0.198554 0.197527 0.193894 0.186949 0.1759 0.159918 0.138224 0.110239 0.075821 0.0356663 -0.00804269 -0.0506125 -0.0844331 -0.103395 -0.110331 -0.110243 -0.107056 -0.10312 -0.0994517 -0.0963146 -0.0936655 -0.0913739 -0.0893099 -0.0873762 -0.0855163 -0.0837117 -0.0819736 -0.0803332 -0.0788335 -0.0775216 -0.076444 -0.075644 -0.0751602 -0.0750263 -0.075271 -0.0759183 -0.0769875 -0.078494 -0.080449 -0.0828598 -0.0857302 -0.0890601 -0.0928453 -0.0970775 -0.101744 -0.106828 -0.112307 -0.118153 -0.124334 -0.13081 -0.137535 -0.144457 -0.151514 -0.158639 -0.165755 -0.172779 -0.179622 -0.186185 -0.192364 -0.198054 -0.203146 -0.207534 -0.211118 -0.213802 -0.215505 -0.216158 -0.215714 -0.214144 -0.211447 -0.207643 -0.202736 -0.196721 -0.189694 -0.181766 -0.17306 -0.163709 -0.153853 -0.143633 -0.133191 -0.122661 -0.112173 -0.101847 -0.0917927 -0.0821074 -0.0728775 -0.0641776 -0.0560715 -0.0486124 -0.0418432 -0.0357975 -0.0304993 -0.0259643 -0.0222004 -0.0192081 -0.0169014 -0.015229 -0.0141631 -0.013672 -0.0137204 -0.0142709 -0.0152847 -0.016723 -0.018547 -0.0207191 -0.0232032 -0.0259646 -0.0289705 -0.03219 -0.0355936 -0.0391531 -0.0428415 -0.0466322 -0.0504989 -0.054415 -0.0583533 -0.0622858 -0.0661834 -0.0700155 -0.0737503 -0.0773547 -0.0807944 -0.0840346 -0.0870399 -0.0897746 -0.0922035 -0.0942926 -0.0960087 -0.0973195 -0.0981957 -0.0986097 -0.0985345 -0.0979476 -0.0968304 -0.0951653 -0.0929352 -0.090127 -0.086731 -0.0827406 -0.0781531 -0.07297 -0.0671965 -0.0608426 -0.0539226 -0.0464555 -0.0384651 -0.0299799 -0.0210204 -0.0116164 -0.00181212 0.00834443 0.0188022 0.0295075 0.0404055 0.0514405 0.0625577 0.073704 0.0848296 0.095889 0.106842 0.117656 0.128306 0.138776 0.149073 0.159175 
0.0770593 0.0771399 0.0774219 0.0779054 0.0785906 0.0794781 0.0805683 0.081862 0.08336 0.0850632 0.0869724 0.0890886 0.0914125 0.0939449 0.0966861 0.0996361 0.102794 0.10616 0.10973 0.113501 0.117467 0.121622 0.125953 0.130448 0.135086 0.139842 0.144682 0.149564 0.15443 0.159209 0.163807 0.168108 0.17196 0.175177 0.177524 0.178711 0.178387 0.176134 0.171466 0.163842 0.152693 0.137465 0.117708 0.0931848 0.0640604 0.0311699 -0.00361616 -0.0370633 -0.0648875 -0.0838754 -0.0944122 -0.0987774 -0.0994279 -0.0982283 -0.0962971 -0.0941859 -0.0921125 -0.0901304 -0.0882268 -0.0863747 -0.0845573 -0.0827768 -0.0810547 -0.0794279 -0.077943 -0.0766506 -0.0756015 -0.0748433 -0.0744191 -0.0743661 -0.0747159 -0.0754943 -0.076722 -0.0784145 -0.080583 -0.0832344 -0.0863714 -0.089993 -0.0940939 -0.0986646 -0.103691 -0.109155 -0.115032 -0.121294 -0.127905 -0.134823 -0.142 -0.14938 -0.156898 -0.164482 -0.172052 -0.179519 -0.186785 -0.193748 -0.200297 -0.206318 -0.211696 -0.216317 -0.22007 -0.222855 -0.224581 -0.225171 -0.224571 -0.222745 -0.219683 -0.2154 -0.20994 -0.203287 -0.195533 -0.186798 -0.177216 -0.166929 -0.156087 -0.144844 -0.133353 -0.121762 -0.110212 -0.0988355 -0.0877513 -0.0770666 -0.0668755 -0.0572591 -0.0482865 -0.0400148 -0.0324906 -0.0257501 -0.0198204 -0.0147199 -0.0104596 -0.00702679 -0.00434588 -0.00239496 -0.00114815 -0.000574918 -0.000640756 -0.00130809 -0.00253721 -0.00428712 -0.00651627 -0.00918313 -0.0122467 -0.0156666 -0.0194036 -0.0234193 -0.0276763 -0.0321379 -0.0367678 -0.04153 -0.0463886 -0.0513071 -0.0562489 -0.0611764 -0.0660518 -0.0708364 -0.075491 -0.0799757 -0.0842506 -0.0882765 -0.0920145 -0.0954263 -0.0984744 -0.101125 -0.103344 -0.105099 -0.106362 -0.107109 -0.107318 -0.106964 -0.106028 -0.104493 -0.102345 -0.0995744 -0.0961728 -0.0921369 -0.0874672 -0.0821678 -0.0762475 -0.0697191 -0.0626005 -0.0549139 -0.0466867 -0.0379448 -0.028711 -0.0190273 -0.00894035 0.00149957 0.012239 0.0232225 0.034393 0.0456936 0.057068 0.0684622 0.0798253 0.0911107 0.102277 0.11329 0.124121 0.134751 0.145178 0.155375 
0.0716872 0.0717644 0.0720347 0.0724979 0.0731541 0.0740036 0.0750464 0.076283 0.0777134 0.0793379 0.0811566 0.0831695 0.0853763 0.0877765 0.090369 0.0931522 0.0961237 0.0992803 0.102617 0.106128 0.109804 0.113635 0.117607 0.1217 0.125891 0.13015 0.134439 0.138708 0.142899 0.146933 0.150717 0.154133 0.157036 0.159248 0.160555 0.160702 0.159387 0.156268 0.150963 0.14307 0.132193 0.117984 0.100216 0.078868 0.0542502 0.0271617 -0.000948864 -0.0279345 -0.0512809 -0.0690859 -0.0810459 -0.0880766 -0.0915476 -0.0927365 -0.0925913 -0.0917168 -0.090459 -0.0889987 -0.0874254 -0.0857852 -0.0841096 -0.0824309 -0.0807881 -0.0792281 -0.0778031 -0.0765682 -0.0755779 -0.0748836 -0.074532 -0.0745641 -0.0750145 -0.0759113 -0.0772769 -0.0791279 -0.0814758 -0.0843272 -0.0876846 -0.0915459 -0.0959049 -0.100751 -0.106069 -0.11184 -0.118037 -0.124631 -0.131584 -0.138853 -0.146386 -0.154126 -0.162004 -0.169944 -0.177863 -0.185667 -0.193255 -0.200516 -0.207337 -0.213597 -0.219175 -0.223949 -0.227805 -0.230633 -0.232337 -0.232835 -0.232066 -0.22999 -0.226592 -0.221887 -0.215916 -0.208704 -0.200319 -0.190883 -0.180534 -0.169427 -0.157721 -0.145581 -0.133171 -0.120649 -0.108168 -0.0958716 -0.0838859 -0.0723272 -0.0612971 -0.0508837 -0.0411616 -0.0321922 -0.0240246 -0.0166969 -0.0102374 -0.00466589 5.76197e-06 0.00381427 0.00679448 0.00896273 0.010342 0.010961 0.0108531 0.0100558 0.00860944 0.00655648 0.00394101 0.00080798 -0.00279719 -0.00682897 -0.0112419 -0.0159909 -0.0210309 -0.0263171 -0.0318048 -0.0374492 -0.0432053 -0.0490277 -0.0548708 -0.0606888 -0.066436 -0.072067 -0.0775359 -0.0827971 -0.0878058 -0.0925196 -0.0968974 -0.100898 -0.104482 -0.107616 -0.110269 -0.112413 -0.114016 -0.115053 -0.115501 -0.115337 -0.114545 -0.113111 -0.111021 -0.10827 -0.10485 -0.100763 -0.0960111 -0.0906013 -0.0845455 -0.0778597 -0.0705647 -0.0626859 -0.0542531 -0.0452856 -0.0358215 -0.0259054 -0.0155862 -0.00491667 0.00604791 0.01725 0.0286313 0.0401331 0.0516981 0.0632713 0.0748005 0.0862382 0.0975418 0.108674 0.119605 0.130309 0.140781 0.150985 
0.066122 0.0661957 0.0664537 0.0668958 0.067522 0.068332 0.0693258 0.0705031 0.0718636 0.073407 0.0751325 0.0770392 0.0791258 0.0813908 0.0838316 0.0864452 0.0892276 0.0921735 0.0952761 0.0985269 0.101915 0.105426 0.109044 0.112745 0.116504 0.120287 0.124051 0.127747 0.131311 0.134665 0.137717 0.140352 0.142435 0.143802 0.144264 0.143598 0.141556 0.137861 0.132221 0.124344 0.113966 0.100886 0.0850193 0.066461 0.0455643 0.0230194 -9.25213e-05 -0.022338 -0.0421637 -0.0583616 -0.0704975 -0.0788609 -0.0841507 -0.087162 -0.088592 -0.0889677 -0.0886524 -0.0878826 -0.0868099 -0.0855348 -0.0841314 -0.0826623 -0.081187 -0.0797655 -0.078459 -0.0773284 -0.076433 -0.0758284 -0.0755653 -0.0756883 -0.0762353 -0.0772375 -0.0787194 -0.0806994 -0.0831898 -0.0861979 -0.089726 -0.0937716 -0.098328 -0.103383 -0.108922 -0.114923 -0.121359 -0.128199 -0.135403 -0.142927 -0.150718 -0.158714 -0.166845 -0.175033 -0.183191 -0.191221 -0.199018 -0.20647 -0.213456 -0.219853 -0.225535 -0.230376 -0.234256 -0.237062 -0.238692 -0.239061 -0.238103 -0.235775 -0.232059 -0.226966 -0.220535 -0.212823 -0.203886 -0.193848 -0.182854 -0.171063 -0.158643 -0.145765 -0.132598 -0.11931 -0.106056 -0.0929857 -0.0802392 -0.0679422 -0.0562032 -0.045117 -0.0347652 -0.0252141 -0.0165146 -0.00870649 -0.00181881 0.00412887 0.0091351 0.0132371 0.016443 0.0187668 0.0202293 0.0208575 0.0206836 0.0197448 0.0180815 0.0157376 0.0127591 0.00919398 0.00509144 0.00050175 -0.00452416 -0.00993485 -0.0156785 -0.021703 -0.027956 -0.0343846 -0.0409358 -0.0475561 -0.0541921 -0.0607902 -0.0672985 -0.0736657 -0.079841 -0.0857737 -0.0914128 -0.0967159 -0.101641 -0.106146 -0.110197 -0.113754 -0.116783 -0.119253 -0.121137 -0.122409 -0.123047 -0.123033 -0.12235 -0.120987 -0.118934 -0.116185 -0.112738 -0.108596 -0.103763 -0.0982505 -0.0920725 -0.0852481 -0.0778009 -0.0697594 -0.0611477 -0.051996 -0.0423468 -0.0322472 -0.0217483 -0.0109047 0.000226257 0.0115855 0.0231132 0.0347495 0.0464358 0.0581161 0.0697374 0.0812508 0.0926122 0.103783 0.114728 0.125423 0.135851 0.145974 
0.0603724 0.0604425 0.060688 0.0611084 0.0617036 0.0624731 0.0634166 0.0645333 0.0658224 0.0672828 0.0689133 0.0707121 0.0726769 0.074805 0.0770929 0.0795361 0.0821291 0.084865 0.0877352 0.0907291 0.0938337 0.0970329 0.100307 0.103632 0.106978 0.11031 0.113584 0.116748 0.119739 0.122481 0.124884 0.126841 0.128227 0.128897 0.128685 0.127403 0.124848 0.120802 0.115046 0.107376 0.0976217 0.085681 0.0715551 0.0553928 0.0375343 0.0185469 -0.000768807 -0.0194335 -0.0364379 -0.0509751 -0.0626439 -0.0714685 -0.0777734 -0.0820207 -0.0846803 -0.086158 -0.086773 -0.0867625 -0.0863 -0.0855144 -0.0845065 -0.0833612 -0.082155 -0.0809604 -0.0798473 -0.0788833 -0.0781328 -0.0776559 -0.0775075 -0.0777362 -0.0783835 -0.0794843 -0.0810658 -0.0831488 -0.0857476 -0.0888706 -0.0925206 -0.0966955 -0.101388 -0.106586 -0.112273 -0.118426 -0.125019 -0.132017 -0.139381 -0.147064 -0.15501 -0.163157 -0.171433 -0.179758 -0.18804 -0.196182 -0.204075 -0.211603 -0.218644 -0.225073 -0.230758 -0.235574 -0.239396 -0.242109 -0.243608 -0.243806 -0.242635 -0.240049 -0.23603 -0.230585 -0.223752 -0.215597 -0.206193 -0.195653 -0.184127 -0.171779 -0.15878 -0.145307 -0.131536 -0.117639 -0.10378 -0.0901115 -0.0767791 -0.0639119 -0.0516241 -0.0400145 -0.0291663 -0.0191506 -0.0100274 -0.00184143 0.0053779 0.0116114 0.0168802 0.0211926 0.0245532 0.0269737 0.0284728 0.0290762 0.0288153 0.0277265 0.0258507 0.0232322 0.0199189 0.0159611 0.0114113 0.00632388 0.000754586 -0.00523967 -0.011601 -0.018271 -0.0251904 -0.0322997 -0.0395385 -0.0468465 -0.0541635 -0.0614283 -0.068584 -0.0755764 -0.0823498 -0.0888509 -0.095033 -0.100845 -0.106241 -0.111177 -0.115614 -0.119516 -0.122848 -0.12558 -0.127685 -0.12914 -0.129924 -0.13002 -0.129414 -0.128096 -0.126058 -0.123298 -0.119816 -0.115616 -0.110707 -0.105101 -0.0988163 -0.0918736 -0.0842998 -0.0761229 -0.0673679 -0.0580741 -0.0482862 -0.0380533 -0.0274284 -0.0164679 -0.00523077 0.0062225 0.0178306 0.0295327 0.0412693 0.0529831 0.0646204 0.076131 0.0874695 0.0985949 0.109471 0.120068 0.130366 0.14032 
0.0544473 0.0545139 0.0547465 0.0551449 0.0557086 0.056437 0.0573293 0.0583845 0.0596012 0.0609779 0.0625126 0.0642027 0.0660452 0.0680364 0.0701717 0.0724454 0.0748507 0.0773794 0.0800214 0.0827643 0.0855936 0.0884914 0.0914362 0.0944024 0.0973591 0.10027 0.10309 0.105767 0.108241 0.110438 0.112274 0.11365 0.114454 0.114558 0.113821 0.112085 0.109188 0.104962 0.0992456 0.0918992 0.0828215 0.0719732 0.0594032 0.0452763 0.0298963 0.0137189 -0.00265994 -0.0185521 -0.0332708 -0.046254 -0.0571689 -0.0659379 -0.0726901 -0.077679 -0.0812037 -0.0835548 -0.0849859 -0.0857058 -0.085882 -0.0856491 -0.0851186 -0.0843864 -0.0835389 -0.0826565 -0.0818154 -0.081088 -0.0805428 -0.0802438 -0.0802493 -0.0806116 -0.0813758 -0.0825802 -0.0842557 -0.0864258 -0.0891073 -0.0923107 -0.09604 -0.100294 -0.105066 -0.110343 -0.116109 -0.12234 -0.129009 -0.13608 -0.143512 -0.151257 -0.159259 -0.167454 -0.175767 -0.184117 -0.192412 -0.200551 -0.208425 -0.215917 -0.222904 -0.229257 -0.234846 -0.239544 -0.243225 -0.245774 -0.247084 -0.24707 -0.24566 -0.24281 -0.238499 -0.232736 -0.225557 -0.217029 -0.207241 -0.196302 -0.184362 -0.171586 -0.15815 -0.144232 -0.130014 -0.115669 -0.101366 -0.0872614 -0.0735019 -0.0602197 -0.0475325 -0.035543 -0.0243395 -0.0139966 -0.00457618 0.00387386 0.0113196 0.0177575 0.0232032 0.0276515 0.0311031 0.0335678 0.0350625 0.0356122 0.0352484 0.0340066 0.0319274 0.0290559 0.0254411 0.0211351 0.0161934 0.0106736 0.00463559 -0.00185912 -0.00874754 -0.0159656 -0.0234487 -0.0311321 -0.0389488 -0.0468321 -0.0547186 -0.0625468 -0.0702538 -0.077777 -0.0850569 -0.0920371 -0.098665 -0.104889 -0.110663 -0.115941 -0.120684 -0.124855 -0.128421 -0.131352 -0.133624 -0.135212 -0.136099 -0.13627 -0.135711 -0.134414 -0.132376 -0.129593 -0.12607 -0.121814 -0.116834 -0.111146 -0.104771 -0.0977318 -0.0900582 -0.0817743 -0.0729152 -0.0635227 -0.0536434 -0.0433281 -0.0326318 -0.0216123 -0.0103301 0.00115301 0.0127746 0.0244729 0.0361875 0.0478603 0.0594367 0.0708655 0.0820999 0.0930973 0.103819 0.114232 0.124313 0.134012 
0.048356 0.0484188 0.0486385 0.0490147 0.0495466 0.0502336 0.0510745 0.0520679 0.053212 0.0545048 0.0559437 0.0575254 0.0592463 0.0611016 0.0630859 0.0651927 0.0674139 0.0697401 0.07216 0.0746601 0.0772246 0.0798342 0.0824665 0.0850948 0.0876876 0.090208 0.0926123 0.0948499 0.0968618 0.0985798 0.0999257 0.100811 0.101135 0.100788 0.0996498 0.0975932 0.0944881 0.0902072 0.0846349 0.077679 0.0692849 0.0594525 0.0482537 0.0358496 0.0225012 0.0085711 -0.00549202 -0.0191909 -0.0320391 -0.0436307 -0.0536982 -0.0621326 -0.0689653 -0.0743266 -0.0783997 -0.0813835 -0.0834683 -0.0848246 -0.0855995 -0.0859194 -0.085894 -0.0856207 -0.0851885 -0.0846802 -0.0841743 -0.0837452 -0.0834633 -0.0833943 -0.0835988 -0.0841313 -0.0850398 -0.0863653 -0.0881418 -0.0903958 -0.0931469 -0.0964078 -0.100185 -0.104477 -0.10928 -0.114582 -0.120364 -0.126605 -0.133274 -0.140338 -0.147753 -0.155471 -0.163433 -0.171575 -0.179823 -0.188092 -0.196292 -0.204319 -0.212065 -0.219412 -0.226238 -0.232414 -0.237811 -0.242302 -0.245764 -0.24808 -0.249147 -0.248879 -0.247207 -0.244087 -0.239499 -0.233452 -0.225982 -0.217157 -0.207069 -0.195835 -0.1836 -0.170531 -0.156801 -0.142593 -0.128085 -0.113455 -0.0988714 -0.0844925 -0.0704655 -0.0569238 -0.0439868 -0.0317597 -0.0203333 -0.00978542 -0.000180595 0.00842995 0.0160142 0.0225824 0.0281229 0.0326308 0.0361079 0.0385641 0.0400163 0.0404882 0.04001 0.0386167 0.0363488 0.0332512 0.0293735 0.0247691 0.0194948 0.0136108 0.00717963 0.000266445 -0.00706183 -0.0147368 -0.0226888 -0.0308478 -0.0391428 -0.0475031 -0.0558596 -0.0641448 -0.0722919 -0.0802359 -0.0879145 -0.0952686 -0.102243 -0.108785 -0.114846 -0.120383 -0.125355 -0.129724 -0.13346 -0.136533 -0.138918 -0.140595 -0.141547 -0.141758 -0.14122 -0.139925 -0.137871 -0.135058 -0.131492 -0.127181 -0.122138 -0.116382 -0.109935 -0.102823 -0.0950745 -0.086719 -0.0777956 -0.0683482 -0.0584251 -0.0480789 -0.037366 -0.0263459 -0.0150802 -0.0036318 0.00793604 0.0195607 0.0311811 0.0427385 0.0541775 0.0654461 0.0764961 0.0872836 0.097768 0.107913 0.117692 0.127053 
0.0421076 0.0421667 0.0423735 0.0427274 0.0432276 0.0438732 0.0446627 0.0455945 0.0466663 0.0478758 0.0492197 0.0506942 0.052295 0.0540167 0.0558531 0.0577967 0.0598387 0.0619687 0.0641746 0.0664419 0.0687537 0.0710903 0.0734286 0.0757415 0.0779975 0.0801603 0.0821875 0.0840308 0.0856345 0.0869356 0.0878631 0.0883376 0.088272 0.0875719 0.0861373 0.0838654 0.0806544 0.0764089 0.0710479 0.0645137 0.0567827 0.0478775 0.0378787 0.0269341 0.0152635 0.0031551 -0.00904874 -0.0209795 -0.0322808 -0.0426503 -0.0518737 -0.0598395 -0.0665325 -0.0720124 -0.0763878 -0.0797912 -0.0823608 -0.08423 -0.0855216 -0.0863468 -0.0868066 -0.0869934 -0.0869929 -0.0868864 -0.0867507 -0.0866593 -0.0866818 -0.0868838 -0.0873258 -0.0880632 -0.0891451 -0.0906143 -0.0925068 -0.0948513 -0.0976697 -0.100977 -0.104781 -0.109085 -0.113882 -0.119163 -0.124911 -0.131102 -0.137708 -0.144693 -0.152014 -0.159622 -0.167459 -0.175458 -0.183545 -0.191636 -0.19964 -0.207454 -0.214971 -0.222074 -0.228641 -0.234547 -0.239665 -0.243869 -0.247039 -0.249063 -0.249839 -0.249284 -0.247332 -0.24394 -0.239092 -0.232796 -0.225092 -0.216046 -0.205751 -0.194326 -0.181916 -0.168686 -0.154807 -0.140459 -0.125821 -0.111066 -0.096363 -0.0818693 -0.0677311 -0.0540815 -0.0410402 -0.0287129 -0.0171923 -0.00655795 0.00312281 0.011799 0.0194527 0.0260668 0.031629 0.0361341 0.0395847 0.0419907 0.0433688 0.0437424 0.0431405 0.0415981 0.039155 0.0358564 0.0317518 0.0268955 0.0213455 0.0151634 0.00841431 0.00116584 -0.00651194 -0.0145471 -0.0228665 -0.0313959 -0.0400609 -0.0487872 -0.0575019 -0.0661334 -0.0746119 -0.0828702 -0.0908438 -0.098472 -0.105698 -0.112468 -0.118733 -0.12445 -0.129577 -0.134079 -0.137924 -0.141084 -0.143536 -0.145261 -0.146241 -0.146465 -0.145925 -0.144615 -0.142534 -0.139686 -0.136076 -0.131716 -0.126621 -0.120812 -0.114312 -0.107152 -0.0993575 -0.0909662 -0.0820187 -0.0725603 -0.0626413 -0.0523157 -0.0416414 -0.0306789 -0.019491 -0.00814141 0.00330594 0.0147879 0.0262428 0.0376117 0.0488384 0.0598701 0.0706578 0.0811561 0.0913228 0.101119 0.110516 0.119458 
0.0357113 0.0357668 0.0359607 0.0362925 0.0367612 0.0373657 0.0381043 0.0389751 0.0399756 0.0411029 0.0423533 0.0437227 0.0452059 0.0467973 0.0484897 0.0502751 0.0521441 0.0540856 0.0560867 0.0581324 0.0602054 0.0622854 0.0643493 0.0663701 0.0683171 0.0701548 0.071843 0.073336 0.0745823 0.0755242 0.076098 0.0762338 0.0758563 0.0748856 0.0732395 0.0708355 0.0675949 0.0634477 0.0583384 0.0522335 0.0451297 0.0370618 0.0281103 0.0184065 0.00813361 -0.00247829 -0.0131646 -0.0236459 -0.033654 -0.0429577 -0.0513844 -0.0588308 -0.0652607 -0.0706947 -0.0751943 -0.0788462 -0.0817493 -0.0840055 -0.0857143 -0.0869704 -0.0878629 -0.0884757 -0.0888885 -0.0891774 -0.0894156 -0.089673 -0.0900165 -0.0905093 -0.0912107 -0.0921748 -0.0934505 -0.095081 -0.0971028 -0.0995459 -0.102434 -0.105783 -0.109603 -0.113898 -0.118664 -0.12389 -0.129562 -0.135657 -0.142146 -0.148993 -0.156155 -0.163583 -0.171218 -0.178994 -0.186838 -0.194666 -0.202386 -0.2099 -0.217099 -0.223871 -0.230095 -0.23565 -0.240413 -0.244262 -0.247081 -0.248763 -0.249211 -0.248344 -0.246102 -0.242446 -0.237361 -0.230858 -0.222979 -0.213789 -0.203381 -0.191874 -0.179407 -0.166146 -0.152259 -0.13792 -0.123303 -0.108579 -0.093912 -0.0794567 -0.0653567 -0.0517433 -0.0387349 -0.0264371 -0.0149427 -0.00433261 0.00532659 0.0139882 0.0216223 0.0282069 0.0337279 0.0381793 0.041563 0.0438884 0.0451721 0.0454367 0.0447112 0.0430299 0.0404325 0.0369639 0.0326737 0.0276166 0.0218512 0.0154403 0.0084505 0.000951246 -0.00698519 -0.0152844 -0.0238706 -0.0326667 -0.0415957 -0.0505806 -0.0595458 -0.0684172 -0.0771229 -0.0855938 -0.0937643 -0.101572 -0.10896 -0.115873 -0.122264 -0.128087 -0.133303 -0.137876 -0.141775 -0.144974 -0.14745 -0.149185 -0.150164 -0.150376 -0.149815 -0.148476 -0.146361 -0.143474 -0.139823 -0.135422 -0.130287 -0.124441 -0.117911 -0.110726 -0.102919 -0.0945284 -0.085597 -0.076172 -0.0663048 -0.0560511 -0.0454699 -0.0346228 -0.0235732 -0.0123856 -0.0011241 0.0101477 0.021368 0.0324775 0.0434197 0.0541414 0.0645925 0.0747265 0.0844997 0.0938716 0.102809 0.111256 
0.0291764 0.0292283 0.0294095 0.0297194 0.030157 0.0307211 0.0314097 0.0322206 0.0331511 0.0341979 0.035357 0.0366238 0.0379928 0.0394577 0.0410111 0.0426444 0.0443475 0.0461091 0.0479158 0.0497522 0.0516009 0.0534416 0.0552514 0.0570039 0.0586693 0.0602139 0.0615997 0.0627842 0.0637201 0.0643554 0.0646334 0.0644933 0.0638703 0.0626979 0.0609086 0.058437 0.0552231 0.0512162 0.0463797 0.040697 0.0341773 0.0268606 0.0188234 0.0101799 0.00108236 -0.00828473 -0.017714 -0.0269896 -0.0359049 -0.0442794 -0.0519733 -0.0588942 -0.0649983 -0.0702846 -0.0747855 -0.0785568 -0.0816686 -0.084198 -0.0862247 -0.0878275 -0.0890833 -0.0900665 -0.0908493 -0.0915013 -0.0920901 -0.092681 -0.0933368 -0.0941171 -0.0950782 -0.0962722 -0.0977463 -0.0995425 -0.101697 -0.10424 -0.107196 -0.110581 -0.114407 -0.118677 -0.12339 -0.128536 -0.1341 -0.14006 -0.146388 -0.153048 -0.159997 -0.167186 -0.174557 -0.182045 -0.189577 -0.19707 -0.204434 -0.211573 -0.218382 -0.22475 -0.230563 -0.235703 -0.240051 -0.243493 -0.245917 -0.247222 -0.247317 -0.246128 -0.243599 -0.239695 -0.234405 -0.227744 -0.219752 -0.210498 -0.200072 -0.188591 -0.17619 -0.163023 -0.149261 -0.135072 -0.120621 -0.106074 -0.0915881 -0.0773143 -0.0633915 -0.0499474 -0.0370982 -0.0249483 -0.0135895 -0.00310785 0.00643575 0.0149936 0.0225307 0.0290216 0.0344497 0.0388072 0.0420944 0.0443199 0.0454993 0.0456548 0.0448147 0.0430129 0.0402888 0.036687 0.0322572 0.0270538 0.021136 0.0145671 0.00741446 -0.000251333 -0.00835668 -0.0168257 -0.0255807 -0.0345431 -0.043634 -0.0527748 -0.0618882 -0.0708986 -0.0797328 -0.0883208 -0.0965959 -0.104496 -0.111962 -0.118941 -0.125383 -0.131246 -0.136488 -0.141076 -0.14498 -0.148173 -0.150635 -0.152349 -0.1533 -0.15348 -0.152882 -0.151506 -0.149352 -0.146426 -0.14274 -0.138306 -0.133145 -0.12728 -0.120741 -0.113561 -0.105774 -0.0974209 -0.0885462 -0.0791984 -0.0694307 -0.0592997 -0.0488655 -0.0381904 -0.0273384 -0.0163739 -0.00536158 0.00563528 0.0165549 0.0273379 0.0379277 0.0482706 0.0583159 0.0680161 0.077326 0.0862033 0.0946118 0.102495 
0.0225119 0.0225602 0.0227289 0.0230175 0.0234247 0.0239491 0.0245888 0.0253412 0.0262035 0.027172 0.0282424 0.0294099 0.0306687 0.0320119 0.0334319 0.0349196 0.0364649 0.0380559 0.0396792 0.0413194 0.0429589 0.0445779 0.046154 0.0476617 0.0490726 0.0503547 0.0514728 0.0523876 0.0530563 0.0534323 0.0534657 0.0531038 0.0522917 0.0509739 0.0490958 0.0466061 0.0434593 0.0396195 0.035064 0.0297874 0.0238061 0.0171619 0.00992443 0.00219243 -0.00590791 -0.0142274 -0.0226015 -0.0308609 -0.0388433 -0.0464056 -0.0534331 -0.0598452 -0.0655969 -0.0706755 -0.0750956 -0.0788923 -0.082115 -0.0848221 -0.0870766 -0.0889436 -0.0904889 -0.0917774 -0.0928732 -0.0938393 -0.0947371 -0.0956266 -0.0965656 -0.0976096 -0.0988111 -0.100219 -0.101878 -0.103829 -0.106106 -0.108738 -0.11175 -0.115158 -0.118974 -0.123201 -0.127839 -0.132879 -0.138306 -0.144098 -0.150227 -0.156659 -0.163351 -0.170254 -0.17731 -0.184457 -0.191621 -0.198722 -0.205673 -0.212381 -0.218743 -0.224655 -0.230005 -0.234683 -0.238576 -0.241576 -0.243579 -0.244489 -0.244225 -0.242718 -0.239917 -0.235794 -0.230342 -0.223577 -0.215543 -0.206306 -0.195956 -0.184606 -0.172385 -0.159441 -0.145928 -0.132017 -0.117865 -0.103627 -0.0894545 -0.0754915 -0.0618715 -0.0487161 -0.0361393 -0.0242506 -0.0131378 -0.0028785 0.00646486 0.0148429 0.0222176 0.0285609 0.0338537 0.0380861 0.0412566 0.0433719 0.0444462 0.0445005 0.0435625 0.0416654 0.038848 0.0351546 0.0306345 0.025342 0.0193361 0.0126803 0.00544193 -0.00230782 -0.0104948 -0.0190426 -0.0278726 -0.0369055 -0.0460616 -0.0552614 -0.0644269 -0.0734817 -0.0823523 -0.0909682 -0.0992626 -0.107173 -0.114641 -0.121613 -0.128041 -0.133882 -0.139095 -0.143648 -0.147512 -0.150661 -0.153076 -0.15474 -0.155642 -0.155772 -0.155127 -0.153705 -0.151511 -0.14855 -0.144834 -0.140379 -0.135206 -0.129342 -0.12282 -0.115674 -0.10794 -0.0996619 -0.0908844 -0.0816578 -0.0720366 -0.0620785 -0.0518441 -0.0413961 -0.0307986 -0.0201162 -0.00941298 0.00124786 0.011805 0.0221992 0.0323739 0.0422753 0.0518522 0.061056 0.0698403 0.0781607 0.0859783 0.0932354 
0.0157266 0.0157715 0.0159281 0.0161957 0.0165733 0.0170592 0.0176514 0.0183471 0.0191432 0.020036 0.021021 0.0220929 0.0232457 0.0244725 0.0257653 0.0271148 0.0285107 0.0299411 0.0313925 0.0328497 0.0342954 0.0357104 0.0370729 0.0383587 0.0395409 0.0405897 0.0414725 0.0421534 0.0425939 0.0427527 0.0425862 0.0420489 0.0410947 0.0396776 0.0377538 0.0352832 0.0322318 0.0285749 0.0242996 0.019408 0.0139205 0.0078777 0.0013422 -0.00560135 -0.012848 -0.0202762 -0.0277542 -0.035147 -0.0423254 -0.0491742 -0.0555986 -0.0615292 -0.0669224 -0.0717601 -0.0760459 -0.0798011 -0.0830604 -0.0858677 -0.088273 -0.0903299 -0.092094 -0.0936215 -0.0949691 -0.0961928 -0.0973481 -0.0984893 -0.0996692 -0.100939 -0.102346 -0.103937 -0.105753 -0.107833 -0.110207 -0.112906 -0.115951 -0.119359 -0.123141 -0.127301 -0.131838 -0.136743 -0.142002 -0.147593 -0.15349 -0.159657 -0.166053 -0.172629 -0.179329 -0.186091 -0.192844 -0.199511 -0.206007 -0.212242 -0.218119 -0.223538 -0.228394 -0.232582 -0.235998 -0.238541 -0.240114 -0.240632 -0.240018 -0.238212 -0.23517 -0.230869 -0.225306 -0.218501 -0.210496 -0.201359 -0.191177 -0.180056 -0.168122 -0.155512 -0.142373 -0.128859 -0.115122 -0.101309 -0.0875644 -0.0740249 -0.0608187 -0.0480647 -0.0358726 -0.0243429 -0.0135624 -0.0036057 0.00546491 0.013599 0.0207568 0.026908 0.0320316 0.0361154 0.0391556 0.0411569 0.0421313 0.0420986 0.0410848 0.0391222 0.0362488 0.0325083 0.0279492 0.0226255 0.0165955 0.00992249 0.00267346 -0.00508072 -0.0132661 -0.0218062 -0.0306227 -0.0396361 -0.0487667 -0.0579352 -0.0670634 -0.0760753 -0.0848973 -0.0934592 -0.101695 -0.109541 -0.116941 -0.123842 -0.130195 -0.135958 -0.141093 -0.145567 -0.149351 -0.152423 -0.154762 -0.156354 -0.157187 -0.157255 -0.156554 -0.155083 -0.152848 -0.149856 -0.146119 -0.141655 -0.136487 -0.130646 -0.124167 -0.117085 -0.109439 -0.101273 -0.092633 -0.0835713 -0.0741431 -0.0644067 -0.0544232 -0.0442552 -0.0339667 -0.0236216 -0.0132836 -0.0030152 0.00712291 0.017072 0.0267758 0.0361803 0.0452339 0.0538872 0.0620923 0.0698029 0.0769768 0.0835561 
0.00882928 0.00887077 0.00901562 0.0092631 0.009612 0.0100606 0.0106068 0.0112478 0.0119803 0.0128003 0.0137032 0.0146837 0.0157355 0.0168515 0.0180236 0.0192426 0.020498 0.021778 0.0230692 0.0243568 0.0256241 0.0268523 0.0280209 0.0291068 0.0300849 0.0309276 0.0316049 0.0320845 0.0323319 0.0323106 0.0319828 0.0313097 0.0302524 0.0287734 0.0268374 0.0244134 0.0214767 0.0180106 0.0140091 0.00947939 0.00444317 -0.00106115 -0.00697802 -0.013235 -0.0197446 -0.0264072 -0.0331158 -0.0397618 -0.046241 -0.0524595 -0.0583386 -0.0638184 -0.0688588 -0.0734392 -0.0775567 -0.0812234 -0.0844635 -0.0873099 -0.0898023 -0.0919847 -0.0939039 -0.0956085 -0.097148 -0.098572 -0.0999302 -0.101272 -0.102644 -0.104093 -0.105664 -0.107398 -0.109333 -0.111505 -0.113943 -0.116675 -0.119722 -0.123098 -0.126815 -0.130876 -0.135279 -0.140017 -0.145075 -0.150432 -0.156062 -0.161929 -0.167993 -0.174207 -0.180516 -0.186859 -0.193168 -0.199369 -0.20538 -0.211116 -0.216484 -0.22139 -0.225737 -0.229426 -0.232362 -0.23445 -0.235604 -0.235746 -0.234808 -0.232737 -0.229497 -0.225069 -0.219454 -0.212675 -0.204776 -0.19582 -0.185892 -0.175093 -0.16354 -0.151362 -0.138695 -0.125682 -0.112464 -0.0991808 -0.085967 -0.072952 -0.0602574 -0.0479962 -0.0362728 -0.0251817 -0.0148063 -0.00521906 0.00351882 0.0113565 0.0182531 0.0241768 0.0291048 0.0330227 0.0359245 0.0378124 0.0386964 0.0385939 0.0375293 0.0355333 0.0326428 0.0289003 0.0243534 0.0190552 0.0130633 0.00643994 -0.000748576 -0.00843224 -0.0165379 -0.0249898 -0.0337105 -0.0426212 -0.051643 -0.0606972 -0.0697066 -0.0785956 -0.0872916 -0.0957251 -0.10383 -0.111546 -0.118815 -0.125586 -0.13181 -0.137448 -0.14246 -0.146816 -0.150487 -0.153452 -0.155691 -0.157192 -0.157942 -0.157937 -0.157174 -0.155653 -0.153379 -0.150361 -0.146614 -0.142155 -0.13701 -0.131216 -0.124807 -0.11782 -0.110296 -0.102279 -0.0938171 -0.0849634 -0.0757737 -0.0663065 -0.0566228 -0.0467849 -0.036856 -0.0268994 -0.0169777 -0.00715236 0.00251672 0.0119715 0.0211562 0.0300167 0.0385013 0.0465595 0.0541419 0.0612003 0.0676891 0.0735498 
0.00182828 0.00186654 0.00200005 0.00222806 0.00254934 0.00296213 0.00346417 0.00405263 0.00472409 0.00547452 0.00629918 0.00719259 0.00814848 0.00915968 0.010218 0.0113144 0.0124383 0.0135782 0.0147211 0.0158524 0.0169562 0.0180146 0.019008 0.0199149 0.020712 0.0213738 0.021873 0.0221807 0.0222661 0.0220973 0.0216415 0.0208658 0.0197378 0.0182267 0.0163045 0.0139474 0.0111376 0.00786465 0.00412738 -6.43913e-05 -0.00468853 -0.00970966 -0.0150788 -0.0207341 -0.0266022 -0.0326008 -0.0386425 -0.0446389 -0.0505048 -0.0561631 -0.0615483 -0.0666085 -0.0713076 -0.0756246 -0.0795529 -0.0830984 -0.0862776 -0.0891155 -0.0916433 -0.0938971 -0.0959163 -0.0977425 -0.0994188 -0.100989 -0.102497 -0.103987 -0.105502 -0.107084 -0.108772 -0.110604 -0.112616 -0.11484 -0.117303 -0.120031 -0.123041 -0.12635 -0.129966 -0.133892 -0.138127 -0.142663 -0.147485 -0.152573 -0.157901 -0.163434 -0.169134 -0.174955 -0.180843 -0.18674 -0.19258 -0.198292 -0.2038 -0.209021 -0.21387 -0.218258 -0.222095 -0.225291 -0.227758 -0.22941 -0.230169 -0.229966 -0.228742 -0.226452 -0.223064 -0.218566 -0.212963 -0.206279 -0.198557 -0.189858 -0.180263 -0.169867 -0.158778 -0.147115 -0.135004 -0.122576 -0.109962 -0.0972919 -0.0846911 -0.0722803 -0.0601736 -0.0484773 -0.0372898 -0.0267002 -0.0167881 -0.00762317 0.00073465 0.00823484 0.014836 0.0205052 0.025218 0.0289582 0.0317177 0.0334961 0.0343012 0.0341479 0.0330583 0.0310614 0.0281921 0.0244914 0.0200059 0.0147872 0.00889165 0.00238031 -0.00468178 -0.0122259 -0.0201803 -0.0284706 -0.0370207 -0.0457533 -0.0545908 -0.063456 -0.0722728 -0.0809672 -0.0894677 -0.0977062 -0.105618 -0.113143 -0.120225 -0.126814 -0.132863 -0.138331 -0.143183 -0.147387 -0.150916 -0.153749 -0.155869 -0.157262 -0.157919 -0.157833 -0.157004 -0.155432 -0.153124 -0.150088 -0.14634 -0.1419 -0.1368 -0.131077 -0.124768 -0.117908 -0.11054 -0.10271 -0.0944662 -0.0858629 -0.0769556 -0.0678029 -0.0584651 -0.0490037 -0.0394809 -0.0299587 -0.0204983 -0.01116 -0.00200258 0.00691687 0.015543 0.0238221 0.0317018 0.0391308 0.0460584 0.0524339 0.0582084 0.0633227 
-0.00526828 -0.00523314 -0.0051105 -0.00490115 -0.00460634 -0.00422787 -0.00376804 -0.00322974 -0.00261642 -0.0019322 -0.00118184 -0.000370852 0.000494475 0.00140699 0.00235863 0.00334031 0.00434189 0.00535202 0.00635812 0.00734628 0.00830113 0.00920583 0.010042 0.0107895 0.011427 0.011931 0.0122771 0.0124391 0.0123901 0.012102 0.0115468 0.0106965 0.00952421 0.00800485 0.00611633 0.00384064 0.00116514 -0.00191607 -0.00540086 -0.0092779 -0.0135257 -0.018112 -0.0229939 -0.0281183 -0.0334237 -0.0388417 -0.0443 -0.0497261 -0.0550499 -0.0602075 -0.0651438 -0.0698142 -0.0741866 -0.0782404 -0.0819672 -0.0853687 -0.0884563 -0.0912484 -0.0937699 -0.0960502 -0.0981225 -0.100022 -0.101787 -0.103454 -0.105064 -0.106655 -0.108266 -0.109933 -0.111693 -0.113581 -0.115628 -0.117862 -0.120311 -0.122995 -0.125932 -0.129136 -0.132614 -0.13637 -0.140402 -0.144701 -0.149254 -0.15404 -0.159034 -0.164203 -0.169511 -0.174911 -0.180354 -0.185783 -0.191136 -0.196346 -0.20134 -0.206042 -0.210372 -0.214249 -0.217588 -0.220307 -0.222328 -0.223572 -0.223972 -0.223466 -0.222002 -0.219542 -0.216062 -0.211554 -0.206025 -0.199499 -0.19202 -0.183646 -0.174452 -0.164526 -0.153967 -0.142884 -0.131395 -0.119616 -0.10767 -0.0956751 -0.0837476 -0.0719994 -0.0605363 -0.0494578 -0.0388557 -0.0288139 -0.0194079 -0.0107045 -0.00276169 0.00437074 0.0106514 0.0160467 0.0205311 0.0240867 0.0267034 0.0283786 0.0291174 0.0289323 0.0278431 0.0258761 0.0230644 0.019447 0.0150685 0.00997902 0.00423328 -0.00210934 -0.00898546 -0.0163281 -0.0240673 -0.0321305 -0.0404436 -0.0489312 -0.0575175 -0.0661274 -0.0746867 -0.0831232 -0.0913671 -0.0993518 -0.107015 -0.114296 -0.121143 -0.127505 -0.133337 -0.138599 -0.143257 -0.14728 -0.150643 -0.153324 -0.155307 -0.15658 -0.157133 -0.156962 -0.156066 -0.154445 -0.152107 -0.149063 -0.145327 -0.140922 -0.13589 -0.130266 -0.124084 -0.117383 -0.110207 -0.102601 -0.0946152 -0.0863032 -0.0777203 -0.0689245 -0.059975 -0.0509321 -0.0418564 -0.0328083 -0.0238475 -0.0150326 -0.00642123 0.00193068 0.00996842 0.0176385 0.0248883 0.0316656 0.037918 0.0435927 0.048637 0.052991 
-0.0124526 -0.0124205 -0.0123082 -0.0121167 -0.0118471 -0.0115013 -0.0110817 -0.010591 -0.0100329 -0.00941132 -0.00873115 -0.00799784 -0.00721762 -0.00639754 -0.00554553 -0.00467046 -0.0037822 -0.0028917 -0.00201103 -0.00115349 -0.000333598 0.000432787 0.0011285 0.00173504 0.00223259 0.00260009 0.00281536 0.00285525 0.00269591 0.00231313 0.00168275 0.000781219 -0.000413759 -0.00192245 -0.00376222 -0.00594655 -0.00848404 -0.0113773 -0.0146222 -0.0182066 -0.0221102 -0.0263038 -0.03075 -0.0354032 -0.0402114 -0.0451174 -0.0500612 -0.0549827 -0.0598237 -0.0645308 -0.0690576 -0.0733658 -0.0774268 -0.0812214 -0.0847402 -0.0879825 -0.0909554 -0.0936729 -0.0961546 -0.0984246 -0.10051 -0.102443 -0.104253 -0.105975 -0.107644 -0.109292 -0.110956 -0.112667 -0.114459 -0.116362 -0.118404 -0.120611 -0.123008 -0.125612 -0.128441 -0.131506 -0.134814 -0.138368 -0.142164 -0.146196 -0.15045 -0.154906 -0.159539 -0.16432 -0.169211 -0.174171 -0.179151 -0.184099 -0.188955 -0.193656 -0.198136 -0.202322 -0.206143 -0.209521 -0.212382 -0.214651 -0.216256 -0.217129 -0.21721 -0.216445 -0.21479 -0.212213 -0.208696 -0.204232 -0.198833 -0.192523 -0.185343 -0.177349 -0.168608 -0.159203 -0.149223 -0.138769 -0.127946 -0.116861 -0.105625 -0.0943459 -0.0831311 -0.0720832 -0.0612999 -0.0508733 -0.0408891 -0.0314256 -0.0225542 -0.0143384 -0.00683402 -8.95984e-05 0.00585393 0.0109629 0.015211 0.0185789 0.0210549 0.0226343 0.0233198 0.0231214 0.0220561 0.0201479 0.0174271 0.0139306 0.00970065 0.00478524 -0.000762842 -0.00688627 -0.0135237 -0.0206103 -0.0280783 -0.0358573 -0.0438756 -0.0520601 -0.0603375 -0.0686349 -0.0768805 -0.0850044 -0.0929388 -0.100619 -0.107985 -0.114979 -0.121548 -0.127644 -0.133224 -0.138249 -0.142685 -0.146503 -0.149678 -0.15219 -0.154024 -0.155167 -0.15561 -0.155351 -0.154387 -0.152722 -0.150361 -0.147318 -0.143607 -0.13926 -0.13432 -0.128821 -0.122797 -0.116289 -0.109339 -0.101994 -0.0943049 -0.086323 -0.0781036 -0.0697033 -0.0611799 -0.052592 -0.0439982 -0.0354571 -0.0270265 -0.0187632 -0.0107233 -0.00296167 0.00446783 0.011512 0.0181178 0.0242324 0.0298018 0.0347706 0.0390827 0.0426777 
-0.0197174 -0.019688 -0.0195856 -0.019411 -0.0191654 -0.0188506 -0.018469 -0.0180234 -0.0175174 -0.0169549 -0.0163408 -0.0156803 -0.0149797 -0.0142458 -0.0134864 -0.01271 -0.0119262 -0.0111454 -0.0103792 -0.0096402 -0.008942 -0.00829943 -0.00772842 -0.00724598 -0.00687019 -0.00662008 -0.00651552 -0.00657702 -0.00682548 -0.00728187 -0.00796682 -0.00890012 -0.0101002 -0.0115833 -0.0133631 -0.0154494 -0.0178478 -0.0205586 -0.0235762 -0.0268886 -0.0304767 -0.0343144 -0.0383689 -0.0426012 -0.0469669 -0.0514181 -0.0559046 -0.060376 -0.0647839 -0.0690834 -0.0732351 -0.0772062 -0.0809712 -0.0845127 -0.0878208 -0.0908934 -0.0937348 -0.0963553 -0.0987704 -0.101 -0.103066 -0.104996 -0.106816 -0.108556 -0.110245 -0.111915 -0.113594 -0.115312 -0.117099 -0.118981 -0.120984 -0.123132 -0.125443 -0.127937 -0.130628 -0.133525 -0.136635 -0.139959 -0.143496 -0.147236 -0.151168 -0.155272 -0.159526 -0.1639 -0.16836 -0.172866 -0.177374 -0.181834 -0.18619 -0.190385 -0.194357 -0.198039 -0.201365 -0.204267 -0.206676 -0.208525 -0.20975 -0.210291 -0.210096 -0.209117 -0.207319 -0.204673 -0.201167 -0.196797 -0.191575 -0.185526 -0.178689 -0.171114 -0.162864 -0.154014 -0.144645 -0.134848 -0.124716 -0.114349 -0.103845 -0.0933037 -0.0828217 -0.0724931 -0.0624077 -0.0526506 -0.0433009 -0.0344319 -0.0261103 -0.0183964 -0.0113435 -0.00499841 0.000598893 0.00541501 0.00942323 0.0126035 0.0149426 0.0164342 0.0170787 0.0168838 0.0158638 0.0140398 0.0114396 0.00809729 0.0040526 -0.000649074 -0.00595738 -0.0118174 -0.0181703 -0.0249536 -0.032102 -0.0395479 -0.047222 -0.0550541 -0.0629735 -0.07091 -0.0787945 -0.0865596 -0.0941401 -0.101474 -0.108502 -0.11517 -0.121426 -0.127224 -0.132522 -0.137283 -0.141475 -0.145068 -0.148039 -0.150369 -0.152043 -0.153049 -0.153379 -0.153031 -0.152003 -0.150298 -0.147925 -0.144896 -0.141227 -0.136961 -0.132139 -0.126793 -0.120958 -0.114676 -0.107987 -0.10094 -0.0935821 -0.0859662 -0.0781454 -0.0701745 -0.0621095 -0.0540068 -0.0459229 -0.037914 -0.0300358 -0.0223436 -0.0148914 -0.00773304 -0.000921481 0.00549039 0.0114495 0.016902 0.0217925 0.0260635 0.0296554 0.0325075 
-0.0270554 -0.0270287 -0.0269357 -0.0267771 -0.0265541 -0.0262686 -0.0259229 -0.0255197 -0.0250627 -0.0245556 -0.0240033 -0.0234109 -0.0227844 -0.0221305 -0.0214567 -0.0207713 -0.0200833 -0.0194027 -0.0187405 -0.0181085 -0.0175195 -0.0169872 -0.0165263 -0.0161524 -0.0158818 -0.0157318 -0.01572 -0.0158646 -0.0161838 -0.0166956 -0.0174177 -0.0183667 -0.0195576 -0.0210035 -0.022715 -0.0246991 -0.0269591 -0.0294938 -0.0322967 -0.035356 -0.0386542 -0.042168 -0.0458686 -0.0497225 -0.0536919 -0.0577361 -0.0618129 -0.0658801 -0.0698968 -0.0738253 -0.0776319 -0.0812883 -0.0847721 -0.0880676 -0.0911651 -0.0940612 -0.0967586 -0.0992647 -0.101592 -0.103756 -0.105776 -0.107674 -0.109473 -0.111199 -0.112877 -0.114534 -0.116197 -0.117891 -0.119641 -0.121473 -0.123408 -0.125466 -0.127667 -0.130025 -0.132553 -0.135259 -0.13815 -0.141225 -0.144483 -0.147915 -0.15151 -0.155249 -0.159111 -0.16307 -0.167092 -0.171141 -0.175175 -0.179149 -0.183012 -0.18671 -0.190187 -0.193383 -0.196238 -0.198688 -0.200675 -0.202137 -0.203019 -0.203268 -0.202837 -0.201688 -0.199788 -0.197116 -0.193662 -0.189424 -0.184417 -0.178662 -0.172196 -0.165066 -0.157329 -0.149051 -0.140307 -0.131177 -0.121746 -0.112102 -0.102335 -0.0925348 -0.0827885 -0.0731819 -0.0637971 -0.0547122 -0.0460002 -0.0377291 -0.0299613 -0.0227534 -0.0161559 -0.0102136 -0.00496529 -0.000443542 0.00332502 0.00631994 0.00852706 0.00993856 0.0105532 0.0103762 0.00941948 0.00770153 0.0052472 0.00208756 -0.00174044 -0.00619435 -0.0112267 -0.0167854 -0.0228143 -0.0292539 -0.0360416 -0.0431129 -0.0504013 -0.0578395 -0.0653599 -0.0728953 -0.0803793 -0.0877474 -0.0949372 -0.101889 -0.108547 -0.114857 -0.120771 -0.126245 -0.131238 -0.135714 -0.139642 -0.142995 -0.14575 -0.147888 -0.149395 -0.15026 -0.150477 -0.150042 -0.148956 -0.147222 -0.144849 -0.141849 -0.138241 -0.134083 -0.129406 -0.124243 -0.118629 -0.112604 -0.10621 -0.0994926 -0.0924998 -0.0852816 -0.0778894 -0.0703761 -0.0627953 -0.0552009 -0.047647 -0.0401874 -0.0328757 -0.0257648 -0.0189073 -0.0123556 -0.00616174 -0.000378147 0.00494203 0.00974428 0.013972 0.0175656 0.0204626 0.0226021 
-0.0344601 -0.034436 -0.0343517 -0.0342081 -0.0340065 -0.0337485 -0.0334365 -0.0330732 -0.032662 -0.0322067 -0.031712 -0.0311828 -0.0306251 -0.0300452 -0.0294503 -0.0288483 -0.0282478 -0.0276583 -0.0270902 -0.0265543 -0.0260627 -0.0256281 -0.0252638 -0.0249841 -0.0248039 -0.0247385 -0.0248035 -0.0250151 -0.0253889 -0.0259407 -0.0266853 -0.0276365 -0.0288068 -0.0302065 -0.0318437 -0.0337234 -0.035847 -0.0382123 -0.0408123 -0.0436359 -0.046667 -0.0498847 -0.053264 -0.0567757 -0.0603876 -0.0640651 -0.0677726 -0.0714741 -0.0751353 -0.078724 -0.0822115 -0.0855734 -0.08879 -0.091847 -0.0947353 -0.0974511 -0.0999953 -0.102374 -0.104595 -0.106674 -0.108625 -0.110466 -0.112219 -0.113903 -0.115543 -0.117161 -0.11878 -0.120422 -0.122111 -0.123866 -0.125708 -0.127655 -0.129723 -0.131925 -0.134272 -0.136771 -0.139427 -0.142241 -0.145209 -0.148323 -0.151573 -0.154942 -0.15841 -0.161952 -0.165537 -0.169133 -0.172702 -0.1762 -0.179583 -0.182801 -0.185803 -0.188536 -0.190944 -0.192974 -0.19457 -0.19568 -0.196255 -0.196248 -0.19562 -0.194337 -0.192373 -0.18971 -0.186339 -0.182263 -0.177494 -0.172054 -0.165975 -0.159301 -0.152083 -0.144381 -0.13626 -0.127793 -0.119055 -0.110126 -0.101086 -0.0920159 -0.0829941 -0.0740987 -0.0654043 -0.0569823 -0.0488998 -0.0412197 -0.0339999 -0.0272932 -0.0211475 -0.0156051 -0.0107031 -0.00647298 -0.00294091 -0.000127298 0.00195319 0.00329177 0.0038857 0.00373839 0.0028595 0.00126488 -0.0010234 -0.00397729 -0.00756296 -0.0117411 -0.0164675 -0.0216931 -0.0273652 -0.0334272 -0.03982 -0.046482 -0.0533501 -0.0603601 -0.0674477 -0.0745488 -0.0816001 -0.0885402 -0.0953095 -0.101851 -0.108111 -0.11404 -0.11959 -0.124718 -0.129387 -0.133562 -0.137213 -0.140315 -0.142844 -0.144785 -0.146122 -0.146848 -0.146954 -0.146439 -0.145304 -0.143552 -0.141194 -0.138241 -0.134723 -0.130698 -0.126194 -0.121242 -0.115879 -0.110142 -0.104073 -0.0977153 -0.0911154 -0.0843211 -0.0773818 -0.0703476 -0.0632696 -0.056199 -0.0491873 -0.0422858 -0.0355457 -0.0290178 -0.022753 -0.0168022 -0.0112163 -0.00604734 -0.00134831 0.00282584 0.00641754 0.00936566 0.0116052 0.0130759 
-0.0419252 -0.0419034 -0.0418274 -0.041698 -0.0415163 -0.0412841 -0.0410036 -0.0406775 -0.040309 -0.039902 -0.0394607 -0.0389902 -0.0384959 -0.0379841 -0.0374615 -0.0369357 -0.0364149 -0.0359079 -0.0354243 -0.0349744 -0.0345693 -0.0342207 -0.0339407 -0.0337423 -0.0336389 -0.0336442 -0.033772 -0.0340364 -0.0344511 -0.0350295 -0.0357842 -0.0367267 -0.0378671 -0.0392138 -0.0407726 -0.0425469 -0.0445369 -0.0467396 -0.0491481 -0.0517516 -0.0545356 -0.0574816 -0.0605675 -0.0637681 -0.0670556 -0.0704006 -0.0737726 -0.0771413 -0.0804773 -0.0837532 -0.0869443 -0.0900296 -0.0929918 -0.0958181 -0.0984998 -0.101033 -0.103418 -0.105658 -0.10776 -0.109737 -0.1116 -0.113364 -0.115048 -0.11667 -0.118248 -0.119803 -0.121354 -0.122922 -0.124527 -0.126185 -0.127915 -0.129732 -0.131651 -0.133682 -0.135834 -0.138115 -0.140528 -0.143072 -0.145745 -0.148539 -0.151444 -0.154445 -0.157522 -0.160653 -0.163812 -0.166966 -0.170082 -0.173122 -0.176044 -0.178804 -0.181356 -0.183653 -0.185645 -0.187285 -0.188524 -0.189316 -0.189618 -0.18939 -0.188599 -0.187214 -0.185215 -0.182586 -0.179322 -0.175426 -0.170909 -0.165793 -0.160106 -0.153887 -0.147183 -0.140046 -0.132534 -0.124713 -0.11665 -0.108415 -0.10008 -0.0917175 -0.0833982 -0.0751925 -0.0671682 -0.0593903 -0.0519203 -0.0448158 -0.0381306 -0.0319137 -0.0262099 -0.0210591 -0.0164963 -0.0125517 -0.0092506 -0.00661292 -0.00465345 -0.00338153 -0.00280094 -0.00290975 -0.00370025 -0.00515889 -0.00726626 -0.00999725 -0.0133212 -0.0172021 -0.0215991 -0.0264667 -0.0317557 -0.037413 -0.043383 -0.0496076 -0.0560273 -0.0625813 -0.0692087 -0.0758487 -0.0824415 -0.0889288 -0.095254 -0.101363 -0.107205 -0.112732 -0.1179 -0.122668 -0.127 -0.130863 -0.134228 -0.13707 -0.139371 -0.141112 -0.142281 -0.14287 -0.142872 -0.142287 -0.141115 -0.139363 -0.137038 -0.134155 -0.130753 -0.126888 -0.122584 -0.117872 -0.112787 -0.107366 -0.101647 -0.0956737 -0.0894891 -0.0831388 -0.0766695 -0.0701287 -0.0635645 -0.0570254 -0.0505601 -0.0442173 -0.0380457 -0.0320942 -0.0264116 -0.0210472 -0.0160512 -0.0114745 -0.00736995 -0.00379259 -0.000800591 0.00154387 0.00317403 0.00403088 
-0.0494447 -0.0494251 -0.0493568 -0.0492406 -0.0490776 -0.0488695 -0.0486183 -0.0483268 -0.0479981 -0.0476357 -0.047244 -0.0468275 -0.0463916 -0.0459422 -0.0454858 -0.0450293 -0.0445805 -0.0441478 -0.0437399 -0.0433666 -0.0430379 -0.0427645 -0.0425575 -0.0424287 -0.04239 -0.0424535 -0.0426317 -0.0429366 -0.0433802 -0.0439739 -0.0447284 -0.0456531 -0.0467564 -0.0480447 -0.0495223 -0.0511913 -0.0530511 -0.0550981 -0.0573254 -0.0597231 -0.0622779 -0.0649733 -0.0677899 -0.070706 -0.0736974 -0.0767389 -0.0798045 -0.0828681 -0.0859049 -0.0888911 -0.0918058 -0.0946305 -0.09735 -0.099953 -0.102431 -0.104781 -0.107002 -0.109095 -0.111069 -0.112929 -0.114689 -0.11636 -0.117957 -0.119495 -0.120992 -0.122465 -0.12393 -0.125405 -0.126907 -0.128451 -0.130053 -0.131726 -0.133482 -0.135331 -0.137281 -0.139337 -0.141501 -0.143774 -0.146152 -0.148629 -0.151193 -0.153833 -0.156529 -0.159263 -0.162008 -0.164738 -0.167422 -0.170024 -0.172509 -0.174838 -0.176968 -0.178859 -0.180466 -0.181748 -0.182663 -0.183169 -0.183231 -0.182813 -0.181886 -0.180426 -0.178415 -0.17584 -0.172698 -0.168992 -0.164732 -0.159939 -0.154638 -0.148865 -0.142658 -0.136067 -0.129143 -0.121942 -0.114525 -0.106954 -0.0992938 -0.091608 -0.0839611 -0.076416 -0.0690342 -0.0618745 -0.054993 -0.0484427 -0.0422729 -0.036529 -0.0312526 -0.0264808 -0.0222468 -0.018579 -0.0155014 -0.0130333 -0.0111891 -0.00997845 -0.0094057 -0.00947003 -0.0101653 -0.0114799 -0.0133969 -0.0158938 -0.018943 -0.022512 -0.0265632 -0.031055 -0.0359416 -0.041174 -0.0467002 -0.052466 -0.0584156 -0.064492 -0.0706378 -0.0767961 -0.0829104 -0.0889257 -0.0947887 -0.100449 -0.105857 -0.110969 -0.115742 -0.120139 -0.124124 -0.127668 -0.130742 -0.133324 -0.135394 -0.136939 -0.137944 -0.138404 -0.138313 -0.13767 -0.136478 -0.134743 -0.132474 -0.129684 -0.126426 -0.122745 -0.118667 -0.11422 -0.109437 -0.104353 -0.0990056 -0.0934346 -0.0876811 -0.0817878 -0.0757985 -0.0697578 -0.0637108 -0.0577031 -0.0517806 -0.0459894 -0.0403757 -0.0349862 -0.0298679 -0.0250683 -0.0206364 -0.0166222 -0.0130779 -0.0100583 -0.00762177 -0.00583087 -0.00475334 -0.00444633 
-0.0570131 -0.0569956 -0.0569345 -0.0568306 -0.0566849 -0.0564992 -0.0562753 -0.0560159 -0.0557239 -0.0554029 -0.0550567 -0.05469 -0.0543076 -0.0539152 -0.0535189 -0.0531252 -0.0527414 -0.0523752 -0.0520349 -0.0517293 -0.0514677 -0.0512597 -0.0511155 -0.0510457 -0.0510608 -0.0511716 -0.0513891 -0.0517238 -0.052186 -0.0527854 -0.053531 -0.0544307 -0.055491 -0.0567169 -0.0581117 -0.0596763 -0.0614094 -0.0633071 -0.0653629 -0.0675675 -0.0699089 -0.0723723 -0.0749407 -0.077595 -0.0803145 -0.0830774 -0.0858613 -0.0886438 -0.0914036 -0.0941204 -0.0967759 -0.0993541 -0.101842 -0.104229 -0.106507 -0.108674 -0.110727 -0.112669 -0.114504 -0.116238 -0.117882 -0.119445 -0.12094 -0.12238 -0.123779 -0.125152 -0.126515 -0.127881 -0.129265 -0.130682 -0.132143 -0.133661 -0.135245 -0.136905 -0.138646 -0.140473 -0.142389 -0.144392 -0.146478 -0.148643 -0.150876 -0.153166 -0.155495 -0.157847 -0.160198 -0.162525 -0.164799 -0.16699 -0.169065 -0.17099 -0.172729 -0.174244 -0.175499 -0.176455 -0.177076 -0.177328 -0.177178 -0.176597 -0.175559 -0.174045 -0.172039 -0.169531 -0.166519 -0.163005 -0.159001 -0.154524 -0.149597 -0.14425 -0.13852 -0.132449 -0.126082 -0.119469 -0.112664 -0.105722 -0.0987004 -0.0916557 -0.0846457 -0.0777271 -0.0709551 -0.0643831 -0.0580619 -0.0520399 -0.0463623 -0.0410708 -0.0362037 -0.0317956 -0.0278773 -0.0244754 -0.0216125 -0.0193069 -0.0175724 -0.0164184 -0.0158496 -0.015866 -0.0164625 -0.0176293 -0.0193513 -0.0216087 -0.0243766 -0.0276257 -0.0313219 -0.0354272 -0.0398996 -0.0446941 -0.0497627 -0.0550552 -0.0605197 -0.0661034 -0.0717527 -0.0774145 -0.0830359 -0.0885655 -0.0939536 -0.0991523 -0.104116 -0.108804 -0.113175 -0.117194 -0.120828 -0.124049 -0.126832 -0.129154 -0.130998 -0.132351 -0.133201 -0.133542 -0.13337 -0.132685 -0.131491 -0.129793 -0.127603 -0.124932 -0.121841 -0.118368 -0.114536 -0.110374 -0.105911 -0.101182 -0.09622 -0.0910631 -0.0857494 -0.0803189 -0.0748121 -0.0692708 -0.063737 -0.0582534 -0.0528631 -0.0476095 -0.0425364 -0.0376881 -0.0331096 -0.0288469 -0.0249473 -0.0214597 -0.0184353 -0.0159284 -0.0139967 -0.0127029 -0.0121147 -0.0122868 
-0.0646253 -0.0646097 -0.0645553 -0.0644628 -0.0643333 -0.0641682 -0.0639696 -0.0637399 -0.0634818 -0.0631988 -0.0628945 -0.0625732 -0.0622397 -0.0618992 -0.0615573 -0.0612204 -0.0608949 -0.0605882 -0.0603078 -0.0600618 -0.0598586 -0.0597071 -0.0596165 -0.059596 -0.0596552 -0.0598037 -0.0600509 -0.0604061 -0.060878 -0.061475 -0.0622045 -0.063073 -0.0640857 -0.0652465 -0.0665575 -0.068019 -0.0696291 -0.0713839 -0.0732771 -0.0753001 -0.0774419 -0.0796895 -0.0820279 -0.0844403 -0.0869088 -0.0894143 -0.0919377 -0.0944597 -0.0969618 -0.0994266 -0.101838 -0.104182 -0.106448 -0.108625 -0.110708 -0.112692 -0.114576 -0.116362 -0.118051 -0.119651 -0.121168 -0.122612 -0.123992 -0.12532 -0.126608 -0.127869 -0.129115 -0.130359 -0.131614 -0.132891 -0.134201 -0.135555 -0.136961 -0.138426 -0.139956 -0.141554 -0.143222 -0.144959 -0.146761 -0.148623 -0.150536 -0.152489 -0.154468 -0.156456 -0.158434 -0.16038 -0.162269 -0.164075 -0.165769 -0.167321 -0.168698 -0.169869 -0.170801 -0.171462 -0.17182 -0.171845 -0.171509 -0.170788 -0.169661 -0.168109 -0.166121 -0.163687 -0.160808 -0.157485 -0.153729 -0.149555 -0.144984 -0.140043 -0.134763 -0.129181 -0.123339 -0.117278 -0.111048 -0.104696 -0.0982734 -0.0918308 -0.0854196 -0.0790903 -0.0728928 -0.066875 -0.0610831 -0.055561 -0.0503497 -0.0454875 -0.0410097 -0.0369479 -0.0333306 -0.0301825 -0.0275245 -0.0253737 -0.0237433 -0.0226421 -0.0220748 -0.0220418 -0.022539 -0.0235576 -0.0250845 -0.027102 -0.0295878 -0.0325153 -0.035854 -0.0395692 -0.043623 -0.047974 -0.0525785 -0.0573904 -0.0623621 -0.0674447 -0.072589 -0.0777456 -0.0828658 -0.0879018 -0.0928074 -0.0975383 -0.102052 -0.10631 -0.110275 -0.113914 -0.117197 -0.120097 -0.12259 -0.124657 -0.126282 -0.127451 -0.128156 -0.12839 -0.128152 -0.127441 -0.126263 -0.124623 -0.122532 -0.120004 -0.1171 -0.113852 -0.110284 -0.106421 -0.102292 -0.0979263 -0.0933574 -0.0886192 -0.083747 -0.0787778 -0.0737493 -0.0686998 -0.0636687 -0.0586955 -0.0538206 -0.0490847 -0.0445291 -0.0401958 -0.0361277 -0.032369 -0.0289651 -0.0259635 -0.0234143 -0.0213703 -0.0198887 -0.0190309 -0.0188642 -0.0194404 
-0.0722765 -0.0722627 -0.0722144 -0.0721325 -0.0720179 -0.071872 -0.0716967 -0.0714942 -0.0712674 -0.0710192 -0.0707532 -0.0704735 -0.0701845 -0.069891 -0.0695983 -0.0693122 -0.069039 -0.068785 -0.0685575 -0.0683636 -0.0682112 -0.0681081 -0.0680626 -0.068083 -0.0681777 -0.0683553 -0.0686238 -0.0689914 -0.0694655 -0.0700531 -0.0707605 -0.0715929 -0.0725545 -0.0736481 -0.0748751 -0.076235 -0.0777259 -0.0793437 -0.0810824 -0.082934 -0.0848887 -0.0869348 -0.089059 -0.0912466 -0.093482 -0.0957486 -0.0980298 -0.100309 -0.10257 -0.104798 -0.106979 -0.1091 -0.111152 -0.113127 -0.115018 -0.116821 -0.118535 -0.12016 -0.1217 -0.123158 -0.12454 -0.125855 -0.12711 -0.128315 -0.12948 -0.130617 -0.131735 -0.132847 -0.133962 -0.135091 -0.136243 -0.137426 -0.138649 -0.139917 -0.141234 -0.142604 -0.144027 -0.145503 -0.147028 -0.148597 -0.150203 -0.151835 -0.15348 -0.155125 -0.156752 -0.158341 -0.159871 -0.161319 -0.162659 -0.163866 -0.164912 -0.165768 -0.166407 -0.166801 -0.166922 -0.166746 -0.166249 -0.165408 -0.164207 -0.162631 -0.160668 -0.158314 -0.155566 -0.152429 -0.14891 -0.145024 -0.140789 -0.136228 -0.13137 -0.126246 -0.120892 -0.115348 -0.109653 -0.103851 -0.0979875 -0.0921069 -0.086255 -0.080477 -0.0748174 -0.0693194 -0.0640246 -0.0589725 -0.0542006 -0.0497436 -0.0456335 -0.0418995 -0.0385675 -0.0356602 -0.0331969 -0.0311932 -0.0296614 -0.0286097 -0.0280426 -0.0279605 -0.0283598 -0.029233 -0.0305683 -0.0323496 -0.0345572 -0.0371671 -0.0401517 -0.0434799 -0.0471171 -0.0510262 -0.0551673 -0.0594985 -0.0639765 -0.0685568 -0.0731942 -0.0778436 -0.0824604 -0.0870006 -0.0914218 -0.0956832 -0.0997462 -0.103574 -0.107134 -0.110395 -0.113329 -0.115911 -0.11812 -0.119939 -0.121352 -0.122349 -0.12292 -0.123061 -0.12277 -0.12205 -0.120903 -0.119339 -0.117367 -0.115002 -0.112298 -0.109289 -0.105995 -0.102441 -0.0986502 -0.0946526 -0.0904773 -0.0861556 -0.0817201 -0.0772045 -0.0726435 -0.0680725 -0.0635277 -0.059046 -0.0546647 -0.0504219 -0.0463564 -0.0425079 -0.038917 -0.0356258 -0.0326777 -0.0301186 -0.0279966 -0.0263632 -0.0252738 -0.0247884 -0.0249729 -0.0258758 
-0.0799623 -0.07995 -0.0799075 -0.0798354 -0.0797344 -0.0796062 -0.0794523 -0.079275 -0.0790767 -0.0788604 -0.0786294 -0.0783875 -0.0781388 -0.0778877 -0.0776393 -0.0773988 -0.077172 -0.0769648 -0.0767836 -0.0766351 -0.0765262 -0.0764642 -0.0764563 -0.07651 -0.0766327 -0.0768317 -0.0771143 -0.0774872 -0.077957 -0.0785295 -0.0792099 -0.0800023 -0.08091 -0.0819351 -0.0830782 -0.0843385 -0.0857138 -0.0872 -0.0887915 -0.090481 -0.0922595 -0.0941166 -0.0960405 -0.0980182 -0.100036 -0.10208 -0.104135 -0.106186 -0.108221 -0.110225 -0.112187 -0.114096 -0.115942 -0.11772 -0.119422 -0.121046 -0.12259 -0.124053 -0.125439 -0.12675 -0.127991 -0.129168 -0.13029 -0.131363 -0.132396 -0.133399 -0.134381 -0.135351 -0.136319 -0.137292 -0.138279 -0.139288 -0.140324 -0.141392 -0.142497 -0.143641 -0.144824 -0.146046 -0.147302 -0.14859 -0.149901 -0.151227 -0.152557 -0.153877 -0.155174 -0.156429 -0.157625 -0.158741 -0.159755 -0.160645 -0.161386 -0.161956 -0.162329 -0.162482 -0.162392 -0.162037 -0.161398 -0.160455 -0.159194 -0.157603 -0.155672 -0.153398 -0.150779 -0.147819 -0.144525 -0.140909 -0.136988 -0.132782 -0.128316 -0.123618 -0.118719 -0.113652 -0.108454 -0.103164 -0.0978191 -0.0924609 -0.0871294 -0.0818649 -0.076707 -0.0716943 -0.0668643 -0.0622526 -0.0578927 -0.0538163 -0.0500524 -0.0466273 -0.0435646 -0.0408849 -0.0386058 -0.0367416 -0.0353032 -0.0342982 -0.0337306 -0.0336009 -0.0339059 -0.0346385 -0.0357882 -0.0373407 -0.039278 -0.0415786 -0.0442176 -0.0471671 -0.050396 -0.0538708 -0.0575556 -0.0614128 -0.065403 -0.0694861 -0.0736214 -0.0777678 -0.0818849 -0.085933 -0.0898733 -0.0936689 -0.0972845 -0.100687 -0.103846 -0.106734 -0.109325 -0.111597 -0.11353 -0.115109 -0.116321 -0.117154 -0.117603 -0.117664 -0.117334 -0.116617 -0.115518 -0.114043 -0.112205 -0.110015 -0.107523 -0.10476 -0.101745 -0.0985006 -0.0950493 -0.0914166 -0.0876296 -0.0837165 -0.079707 -0.0756318 -0.0715226 -0.0674118 -0.0633326 -0.059319 -0.0554057 -0.0516281 -0.0480223 -0.0446255 -0.0414761 -0.0386137 -0.0360797 -0.0339176 -0.0321736 -0.030897 -0.0301409 -0.0299634 -0.030428 -0.0315798 
-0.0876785 -0.0876678 -0.0876305 -0.0875673 -0.087479 -0.087367 -0.0872328 -0.0870784 -0.0869062 -0.086719 -0.0865199 -0.0863122 -0.0860999 -0.0858871 -0.0856784 -0.0854786 -0.0852929 -0.0851268 -0.084986 -0.0848767 -0.0848051 -0.0847776 -0.0848006 -0.0848808 -0.0850246 -0.0852385 -0.0855287 -0.0859011 -0.0863611 -0.0869136 -0.0875628 -0.0883121 -0.0891639 -0.0901196 -0.0911793 -0.0923421 -0.0936053 -0.0949651 -0.0964162 -0.0979518 -0.0995638 -0.101243 -0.102979 -0.104759 -0.106573 -0.108408 -0.11025 -0.112088 -0.113908 -0.1157 -0.117454 -0.119159 -0.120807 -0.122393 -0.12391 -0.125357 -0.12673 -0.128031 -0.129259 -0.130419 -0.131513 -0.132548 -0.133529 -0.134462 -0.135356 -0.136218 -0.137056 -0.137877 -0.13869 -0.139502 -0.14032 -0.14115 -0.141998 -0.142867 -0.143761 -0.144681 -0.145629 -0.146603 -0.1476 -0.148617 -0.149646 -0.150681 -0.151712 -0.152728 -0.153715 -0.154659 -0.155543 -0.156351 -0.157064 -0.157663 -0.158126 -0.158434 -0.158566 -0.158502 -0.158223 -0.157709 -0.156944 -0.155913 -0.154603 -0.153004 -0.151109 -0.148914 -0.146419 -0.143626 -0.140543 -0.13718 -0.133552 -0.129676 -0.125574 -0.12127 -0.116791 -0.112167 -0.107429 -0.102611 -0.0977472 -0.0928733 -0.0880247 -0.0832372 -0.0785459 -0.0739854 -0.0695889 -0.0653884 -0.0614141 -0.0576943 -0.0542551 -0.0511203 -0.0483111 -0.0458461 -0.043741 -0.0420086 -0.0406588 -0.0396983 -0.0391305 -0.0389556 -0.0391707 -0.0397693 -0.0407416 -0.0420748 -0.0437526 -0.0457555 -0.0480614 -0.0506449 -0.0534784 -0.0565317 -0.0597729 -0.0631681 -0.0666823 -0.0702795 -0.0739231 -0.0775766 -0.0812036 -0.0847685 -0.0882367 -0.0915748 -0.0947514 -0.0977367 -0.100503 -0.103026 -0.105283 -0.107254 -0.108921 -0.11027 -0.11129 -0.111972 -0.112309 -0.1123 -0.111943 -0.111241 -0.110199 -0.108824 -0.107127 -0.105122 -0.102845 -0.10033 -0.097594 -0.0946567 -0.0915389 -0.0882632 -0.084854 -0.0813366 -0.0777379 -0.0740855 -0.0704083 -0.0667357 -0.0630981 -0.0595267 -0.0560532 -0.0527104 -0.049532 -0.0465524 -0.0438074 -0.0413343 -0.0391719 -0.0373613 -0.0359459 -0.0349725 -0.0344914 -0.0345577 -0.0352319 -0.0365557 
-0.0954215 -0.0954121 -0.0953797 -0.0953247 -0.095248 -0.0951508 -0.0950346 -0.0949012 -0.0947529 -0.0945922 -0.0944219 -0.0942453 -0.0940658 -0.0938873 -0.093714 -0.0935503 -0.0934009 -0.0932708 -0.0931652 -0.0930895 -0.0930493 -0.0930503 -0.0930983 -0.093199 -0.0933581 -0.0935812 -0.0938736 -0.0942402 -0.0946857 -0.0952142 -0.0958289 -0.0965325 -0.0973269 -0.0982128 -0.09919 -0.100257 -0.101412 -0.10265 -0.103967 -0.105356 -0.10681 -0.108321 -0.109879 -0.111474 -0.113096 -0.114733 -0.116375 -0.11801 -0.119628 -0.121218 -0.122772 -0.12428 -0.125737 -0.127136 -0.128473 -0.129744 -0.130948 -0.132084 -0.133154 -0.134159 -0.135103 -0.135989 -0.136824 -0.137612 -0.13836 -0.139075 -0.139762 -0.140429 -0.141083 -0.14173 -0.142375 -0.143024 -0.143682 -0.144351 -0.145036 -0.145736 -0.146454 -0.147187 -0.147933 -0.14869 -0.14945 -0.150209 -0.150957 -0.151684 -0.152381 -0.153034 -0.153629 -0.154152 -0.154587 -0.154917 -0.155125 -0.155194 -0.155107 -0.154847 -0.154396 -0.153741 -0.152865 -0.151758 -0.150408 -0.148807 -0.146949 -0.144832 -0.142454 -0.139819 -0.136933 -0.133805 -0.130449 -0.126878 -0.123112 -0.119172 -0.115081 -0.110866 -0.106553 -0.102172 -0.0977533 -0.0933278 -0.0889268 -0.0845819 -0.0803241 -0.0761841 -0.0721915 -0.0683747 -0.0647606 -0.0613745 -0.0582396 -0.0553773 -0.0528064 -0.0505436 -0.0486027 -0.0469952 -0.0457296 -0.0448117 -0.0442444 -0.0440275 -0.0441581 -0.0446301 -0.0454346 -0.0465598 -0.0479907 -0.0497101 -0.0516978 -0.0539312 -0.0563857 -0.0590343 -0.0618485 -0.0647984 -0.0678529 -0.0709801 -0.0741476 -0.077323 -0.0804742 -0.0835696 -0.0865787 -0.0894721 -0.0922217 -0.0948015 -0.0971872 -0.0993567 -0.10129 -0.10297 -0.104381 -0.105511 -0.10635 -0.10689 -0.107126 -0.107056 -0.10668 -0.106 -0.105022 -0.103753 -0.102202 -0.100383 -0.0983206 -0.0960509 -0.0935887 -0.0909511 -0.0881568 -0.0852259 -0.0821799 -0.0790416 -0.075835 -0.0725849 -0.0693171 -0.0660583 -0.0628362 -0.0596789 -0.0566157 -0.0536766 -0.0508923 -0.0482948 -0.0459173 -0.0437942 -0.0419616 -0.0404576 -0.0393228 -0.0386005 -0.0383377 -0.0385859 -0.0394015 -0.0408226 
-0.103188 -0.10318 -0.103152 -0.103104 -0.103038 -0.102954 -0.102855 -0.10274 -0.102614 -0.102477 -0.102333 -0.102184 -0.102034 -0.101887 -0.101745 -0.101613 -0.101496 -0.101397 -0.101322 -0.101275 -0.101261 -0.101285 -0.101353 -0.101469 -0.101638 -0.101865 -0.102155 -0.102511 -0.102939 -0.10344 -0.104017 -0.104673 -0.105409 -0.106225 -0.107121 -0.108094 -0.109144 -0.110264 -0.111452 -0.112702 -0.114006 -0.115357 -0.116747 -0.118166 -0.119606 -0.121057 -0.122508 -0.123951 -0.125375 -0.126773 -0.128135 -0.129455 -0.130726 -0.131943 -0.133102 -0.1342 -0.135235 -0.136207 -0.137116 -0.137965 -0.138755 -0.139489 -0.140174 -0.140812 -0.141409 -0.141971 -0.142503 -0.143012 -0.143503 -0.14398 -0.14445 -0.144917 -0.145384 -0.145855 -0.146332 -0.146817 -0.147309 -0.147808 -0.148312 -0.148818 -0.149321 -0.149816 -0.150296 -0.150752 -0.151175 -0.151555 -0.15188 -0.152138 -0.152315 -0.152398 -0.152372 -0.152222 -0.151935 -0.151496 -0.150891 -0.150108 -0.149135 -0.147961 -0.146577 -0.144978 -0.143158 -0.141114 -0.138847 -0.13636 -0.133658 -0.130748 -0.127643 -0.124354 -0.120899 -0.117295 -0.113563 -0.109725 -0.105805 -0.101828 -0.0978212 -0.0938109 -0.0898249 -0.0858907 -0.0820357 -0.078287 -0.0746707 -0.0712118 -0.0679342 -0.0648603 -0.0620106 -0.0594041 -0.0570574 -0.0549851 -0.0531995 -0.0517103 -0.050525 -0.0496484 -0.0490827 -0.0488274 -0.0488795 -0.0492332 -0.0498801 -0.0508093 -0.0520074 -0.0534586 -0.0551449 -0.0570461 -0.0591401 -0.0614032 -0.0638101 -0.0663345 -0.068949 -0.0716256 -0.074336 -0.0770519 -0.0797453 -0.0823887 -0.0849554 -0.0874198 -0.0897577 -0.0919465 -0.093965 -0.0957942 -0.0974169 -0.098818 -0.0999846 -0.100906 -0.101573 -0.10198 -0.102123 -0.102 -0.101611 -0.100958 -0.100047 -0.0988842 -0.0974786 -0.0958417 -0.0939908 -0.0919597 -0.0897621 -0.0874131 -0.0849289 -0.0823274 -0.0796274 -0.0768491 -0.0740136 -0.071143 -0.0682605 -0.0653899 -0.062556 -0.0597844 -0.0571014 -0.0545344 -0.0521114 -0.0498616 -0.0478154 -0.0460042 -0.0444611 -0.0432211 -0.042321 -0.0418007 -0.0417028 -0.0420742 -0.0429666 -0.0444136 
-0.110974 -0.110967 -0.110943 -0.110903 -0.110846 -0.110775 -0.11069 -0.110593 -0.110486 -0.110372 -0.110251 -0.110128 -0.110004 -0.109884 -0.10977 -0.109667 -0.109577 -0.109506 -0.109456 -0.109433 -0.109441 -0.109484 -0.109567 -0.109693 -0.109868 -0.110095 -0.110379 -0.110721 -0.111127 -0.111598 -0.112136 -0.112743 -0.11342 -0.114166 -0.114981 -0.115864 -0.11681 -0.117818 -0.118882 -0.119998 -0.121158 -0.122357 -0.123587 -0.12484 -0.126107 -0.12738 -0.12865 -0.129909 -0.131149 -0.132361 -0.133539 -0.134676 -0.135767 -0.136806 -0.137791 -0.138718 -0.139586 -0.140393 -0.141142 -0.141831 -0.142465 -0.143045 -0.143576 -0.14406 -0.144503 -0.144908 -0.145282 -0.145629 -0.145953 -0.146259 -0.146552 -0.146836 -0.147113 -0.147387 -0.147659 -0.147931 -0.148203 -0.148474 -0.148744 -0.149008 -0.149265 -0.149508 -0.149733 -0.149932 -0.150097 -0.150221 -0.150293 -0.150304 -0.150241 -0.150094 -0.149852 -0.149501 -0.14903 -0.148427 -0.147682 -0.146784 -0.145722 -0.144489 -0.143077 -0.141482 -0.139698 -0.137725 -0.135562 -0.133213 -0.130681 -0.127974 -0.125101 -0.122074 -0.118906 -0.115612 -0.112212 -0.108722 -0.105166 -0.101563 -0.097937 -0.0943116 -0.0907107 -0.0871581 -0.083678 -0.0802938 -0.0770284 -0.0739039 -0.0709411 -0.0681597 -0.0655778 -0.0632118 -0.0610763 -0.0591839 -0.0575453 -0.0561687 -0.0550605 -0.0542243 -0.0536618 -0.0533721 -0.0533518 -0.0535956 -0.0540955 -0.0548414 -0.0558211 -0.0570203 -0.0584227 -0.0600104 -0.0617638 -0.063662 -0.0656829 -0.0678033 -0.0699995 -0.0722472 -0.074522 -0.0767995 -0.0790555 -0.0812666 -0.0834099 -0.0854637 -0.0874073 -0.0892214 -0.0908882 -0.0923916 -0.093717 -0.0948518 -0.0957851 -0.0965078 -0.0970129 -0.0972951 -0.0973511 -0.0971796 -0.0967809 -0.0961574 -0.0953134 -0.0942548 -0.0929897 -0.0915281 -0.0898822 -0.0880797 -0.0861349 -0.0840607 -0.0818712 -0.0795817 -0.0772086 -0.0747695 -0.072283 -0.0697684 -0.0672462 -0.0647376 -0.0622646 -0.0598501 -0.0575179 -0.0552923 -0.0531987 -0.0512636 -0.0495141 -0.0479789 -0.0466877 -0.0456718 -0.0449643 -0.0446006 -0.0446185 -0.0450595 -0.0459691 -0.0473757 
-0.118777 -0.118771 -0.118751 -0.118717 -0.11867 -0.11861 -0.118539 -0.118458 -0.118369 -0.118274 -0.118174 -0.118074 -0.117974 -0.117878 -0.117789 -0.117711 -0.117645 -0.117597 -0.11757 -0.117567 -0.117593 -0.117651 -0.117744 -0.117878 -0.118054 -0.118277 -0.118551 -0.118877 -0.119258 -0.119696 -0.120193 -0.12075 -0.121368 -0.122045 -0.122781 -0.123574 -0.124421 -0.125319 -0.126264 -0.127251 -0.128274 -0.129328 -0.130405 -0.131498 -0.132601 -0.133704 -0.134801 -0.135885 -0.136947 -0.137981 -0.138981 -0.139941 -0.140856 -0.141722 -0.142535 -0.143293 -0.143994 -0.144638 -0.145225 -0.145756 -0.146231 -0.146655 -0.147029 -0.147356 -0.147642 -0.147888 -0.1481 -0.148282 -0.148438 -0.148572 -0.148687 -0.148786 -0.148874 -0.148952 -0.149022 -0.149085 -0.149141 -0.149191 -0.149233 -0.149265 -0.149284 -0.149286 -0.149268 -0.149222 -0.149144 -0.149026 -0.14886 -0.148639 -0.148352 -0.147992 -0.147548 -0.14701 -0.14637 -0.145617 -0.144742 -0.143738 -0.142596 -0.14131 -0.139874 -0.138283 -0.136535 -0.134628 -0.132563 -0.130341 -0.127968 -0.125448 -0.122791 -0.120005 -0.117103 -0.114097 -0.111003 -0.107837 -0.104616 -0.10136 -0.0980884 -0.0948207 -0.091578 -0.088381 -0.0852504 -0.0822065 -0.0792693 -0.0764579 -0.0737905 -0.0712839 -0.0689539 -0.0668147 -0.0648788 -0.0631569 -0.0616581 -0.0603893 -0.0593554 -0.0585594 -0.058002 -0.057682 -0.0575959 -0.0577383 -0.0581018 -0.058677 -0.0594526 -0.0604158 -0.061552 -0.0628452 -0.0642782 -0.0658326 -0.0674892 -0.069228 -0.0710285 -0.0728701 -0.0747318 -0.076593 -0.0784335 -0.0802334 -0.0819737 -0.0836363 -0.085204 -0.0866609 -0.0879923 -0.0891849 -0.0902269 -0.0911079 -0.0918191 -0.092353 -0.0927041 -0.0928681 -0.0928424 -0.092626 -0.0922193 -0.0916244 -0.090845 -0.0898861 -0.0887544 -0.0874585 -0.0860083 -0.0844225 -0.082717 -0.0809024 -0.0789906 -0.0769947 -0.0749287 -0.0728076 -0.0706475 -0.0684652 -0.0662786 -0.0641061 -0.0619674 -0.0598825 -0.0578724 -0.0559589 -0.0541647 -0.052513 -0.0510284 -0.0497359 -0.0486621 -0.0478344 -0.0472817 -0.0470343 -0.0471248 -0.0475879 -0.0484619 -0.0497686 
-0.126595 -0.12659 -0.126574 -0.126545 -0.126506 -0.126456 -0.126398 -0.126331 -0.126258 -0.126181 -0.126101 -0.126021 -0.125943 -0.125869 -0.125802 -0.125745 -0.125701 -0.125673 -0.125664 -0.125678 -0.125718 -0.125787 -0.125888 -0.126025 -0.1262 -0.126416 -0.126677 -0.126983 -0.127338 -0.127742 -0.128197 -0.128703 -0.129261 -0.129869 -0.130527 -0.131233 -0.131983 -0.132775 -0.133605 -0.134469 -0.13536 -0.136274 -0.137205 -0.138146 -0.13909 -0.140031 -0.140962 -0.141877 -0.142768 -0.143631 -0.144458 -0.145246 -0.14599 -0.146685 -0.14733 -0.147921 -0.148458 -0.148939 -0.149364 -0.149734 -0.150051 -0.150316 -0.150532 -0.150701 -0.150826 -0.150912 -0.15096 -0.150976 -0.150961 -0.150921 -0.150857 -0.150774 -0.150673 -0.150556 -0.150426 -0.150284 -0.150129 -0.149963 -0.149784 -0.14959 -0.149381 -0.149152 -0.1489 -0.148622 -0.148312 -0.147965 -0.147574 -0.147134 -0.146637 -0.146075 -0.145443 -0.144731 -0.143932 -0.14304 -0.142046 -0.140944 -0.139728 -0.138393 -0.136934 -0.135348 -0.133633 -0.131788 -0.129813 -0.127711 -0.125484 -0.123139 -0.120681 -0.118119 -0.115463 -0.112724 -0.109914 -0.107048 -0.10414 -0.101207 -0.0982648 -0.0953307 -0.0924223 -0.0895575 -0.0867539 -0.0840291 -0.0813999 -0.0788828 -0.0764933 -0.0742459 -0.072154 -0.0702295 -0.0684831 -0.0669236 -0.0655586 -0.0643934 -0.063432 -0.0626763 -0.0621263 -0.0617803 -0.0616347 -0.0616842 -0.0619217 -0.0623384 -0.062924 -0.0636669 -0.0645541 -0.0655714 -0.0667037 -0.0679351 -0.069249 -0.0706283 -0.0720557 -0.0735137 -0.074985 -0.0764524 -0.0778993 -0.0793095 -0.0806675 -0.0819586 -0.0831692 -0.0842865 -0.0852988 -0.0861958 -0.086968 -0.0876073 -0.088107 -0.0884612 -0.0886656 -0.0887169 -0.0886133 -0.0883539 -0.0879392 -0.0873709 -0.0866519 -0.0857865 -0.0847799 -0.083639 -0.0823719 -0.0809905 -0.0795099 -0.0779391 -0.0762878 -0.0745668 -0.0727879 -0.0709637 -0.0691077 -0.0672346 -0.0653594 -0.0634984 -0.0616683 -0.0598867 -0.0581721 -0.0565433 -0.0550204 -0.0536237 -0.0523747 -0.0512953 -0.0504083 -0.0497372 -0.0493065 -0.0491412 -0.0492677 -0.0497134 -0.0505078 -0.0516645 
-0.134425 -0.134421 -0.134408 -0.134384 -0.134353 -0.134312 -0.134265 -0.134212 -0.134154 -0.134093 -0.134031 -0.133969 -0.133909 -0.133855 -0.133807 -0.13377 -0.133744 -0.133734 -0.133741 -0.133768 -0.133819 -0.133896 -0.134002 -0.134139 -0.13431 -0.134517 -0.134762 -0.135047 -0.135373 -0.135742 -0.136154 -0.136609 -0.137107 -0.137648 -0.138229 -0.138849 -0.139505 -0.140194 -0.140913 -0.141657 -0.142422 -0.143202 -0.143992 -0.144786 -0.145579 -0.146363 -0.147135 -0.147886 -0.148613 -0.149308 -0.149969 -0.150589 -0.151165 -0.151694 -0.152172 -0.152599 -0.152972 -0.153291 -0.153555 -0.153765 -0.153922 -0.154028 -0.154084 -0.154093 -0.154057 -0.15398 -0.153863 -0.153711 -0.153526 -0.153311 -0.153069 -0.152802 -0.152514 -0.152205 -0.151878 -0.151533 -0.151172 -0.150794 -0.1504 -0.149988 -0.149557 -0.149105 -0.14863 -0.148128 -0.147596 -0.14703 -0.146426 -0.145778 -0.145081 -0.14433 -0.14352 -0.142644 -0.141697 -0.140673 -0.139566 -0.138373 -0.137088 -0.135707 -0.134227 -0.132645 -0.130961 -0.129173 -0.127282 -0.125289 -0.123199 -0.121015 -0.118742 -0.116388 -0.113961 -0.11147 -0.108925 -0.106339 -0.103723 -0.101091 -0.0984568 -0.0958349 -0.09324 -0.090687 -0.0881909 -0.0857662 -0.0834275 -0.0811883 -0.0790618 -0.07706 -0.0751941 -0.0734741 -0.0719085 -0.0705047 -0.0692684 -0.0682039 -0.0673137 -0.0665989 -0.0660589 -0.0656916 -0.0654929 -0.0654577 -0.0655792 -0.0658492 -0.0662582 -0.0667958 -0.0674503 -0.0682094 -0.0690599 -0.069988 -0.0709798 -0.0720208 -0.0730967 -0.0741931 -0.0752959 -0.0763914 -0.0774661 -0.0785073 -0.0795031 -0.0804421 -0.0813138 -0.0821086 -0.0828177 -0.0834335 -0.0839489 -0.0843581 -0.084656 -0.0848386 -0.0849027 -0.084846 -0.0846671 -0.0843656 -0.0839417 -0.0833969 -0.0827333 -0.081954 -0.0810632 -0.0800661 -0.0789689 -0.0777791 -0.076509 -0.075166 -0.073758 -0.0722936 -0.0707822 -0.0692344 -0.0676613 -0.0660751 -0.0644887 -0.0629156 -0.0613702 -0.0598676 -0.0584235 -0.0570544 -0.0557774 -0.0546101 -0.0535708 -0.0526783 -0.0519518 -0.0514107 -0.0510749 -0.050964 -0.0510979 -0.0514959 -0.0521775 -0.0531467 
-0.142265 -0.142262 -0.142251 -0.142233 -0.142208 -0.142176 -0.142139 -0.142098 -0.142054 -0.142008 -0.141961 -0.141916 -0.141873 -0.141836 -0.141806 -0.141785 -0.141776 -0.14178 -0.141801 -0.141839 -0.141899 -0.141981 -0.142089 -0.142224 -0.142388 -0.142584 -0.142812 -0.143074 -0.14337 -0.143703 -0.144071 -0.144475 -0.144914 -0.145387 -0.145893 -0.146429 -0.146994 -0.147583 -0.148194 -0.148823 -0.149465 -0.150115 -0.15077 -0.151423 -0.152069 -0.152703 -0.153319 -0.153913 -0.15448 -0.155014 -0.155511 -0.155967 -0.15638 -0.156745 -0.15706 -0.157324 -0.157535 -0.157693 -0.157796 -0.157846 -0.157843 -0.157789 -0.157685 -0.157533 -0.157335 -0.157094 -0.156811 -0.15649 -0.156134 -0.155744 -0.155324 -0.154875 -0.1544 -0.153901 -0.153379 -0.152835 -0.152271 -0.151687 -0.151082 -0.150458 -0.149812 -0.149144 -0.148453 -0.147736 -0.146991 -0.146216 -0.145406 -0.14456 -0.143673 -0.142742 -0.141762 -0.14073 -0.139642 -0.138493 -0.13728 -0.136 -0.134648 -0.133223 -0.131722 -0.130143 -0.128486 -0.12675 -0.124937 -0.123046 -0.121082 -0.119048 -0.116948 -0.114787 -0.112574 -0.110314 -0.108017 -0.105692 -0.10335 -0.101001 -0.0986562 -0.096328 -0.0940283 -0.0917695 -0.0895639 -0.0874234 -0.0853599 -0.0833847 -0.0815083 -0.0797408 -0.078091 -0.0765668 -0.0751751 -0.0739215 -0.0728102 -0.0718441 -0.0710247 -0.0703522 -0.0698252 -0.069441 -0.0691956 -0.0690837 -0.0690987 -0.0692331 -0.0694781 -0.0698244 -0.0702616 -0.0707789 -0.0713651 -0.0720085 -0.0726974 -0.0734201 -0.0741648 -0.0749201 -0.0756749 -0.0764187 -0.0771413 -0.0778333 -0.0784859 -0.0790908 -0.0796408 -0.0801292 -0.08055 -0.0808979 -0.0811686 -0.0813581 -0.0814632 -0.0814814 -0.0814106 -0.0812495 -0.0809973 -0.0806535 -0.0802186 -0.0796934 -0.0790795 -0.0783789 -0.0775945 -0.0767298 -0.0757894 -0.0747783 -0.0737043 -0.0725738 -0.0713925 -0.070167 -0.0689047 -0.0676138 -0.0663034 -0.0649834 -0.0636643 -0.0623574 -0.0610747 -0.0598288 -0.0586329 -0.057501 -0.0564473 -0.0554869 -0.054635 -0.0539073 -0.0533193 -0.0528867 -0.0526247 -0.0525477 -0.0526687 -0.0529991 -0.0535477 -0.0543077 
-0.150113 -0.15011 -0.150102 -0.150088 -0.150069 -0.150046 -0.150019 -0.149989 -0.149957 -0.149924 -0.149891 -0.149861 -0.149835 -0.149813 -0.149798 -0.149792 -0.149797 -0.149814 -0.149846 -0.149893 -0.149959 -0.150045 -0.150153 -0.150284 -0.15044 -0.150622 -0.150831 -0.151069 -0.151335 -0.151631 -0.151955 -0.152308 -0.152688 -0.153095 -0.153527 -0.153982 -0.154456 -0.154949 -0.155455 -0.155972 -0.156495 -0.15702 -0.157543 -0.158059 -0.158564 -0.159052 -0.159519 -0.15996 -0.16037 -0.160747 -0.161085 -0.161381 -0.161633 -0.161837 -0.161991 -0.162095 -0.162145 -0.162142 -0.162086 -0.161976 -0.161814 -0.161599 -0.161335 -0.161021 -0.16066 -0.160254 -0.159806 -0.159316 -0.158788 -0.158224 -0.157626 -0.156996 -0.156337 -0.155649 -0.154934 -0.154194 -0.15343 -0.152643 -0.151834 -0.151001 -0.150147 -0.149269 -0.148368 -0.147443 -0.146492 -0.145514 -0.144508 -0.143471 -0.142401 -0.141296 -0.140154 -0.138972 -0.137748 -0.13648 -0.135164 -0.133799 -0.132383 -0.130915 -0.129392 -0.127814 -0.126181 -0.124492 -0.122749 -0.120953 -0.119106 -0.117211 -0.115272 -0.113293 -0.111279 -0.109237 -0.107172 -0.105094 -0.103009 -0.100926 -0.0988552 -0.0968048 -0.094785 -0.0928055 -0.090876 -0.0890062 -0.0872054 -0.0854825 -0.0838458 -0.0823031 -0.0808612 -0.0795262 -0.078303 -0.0771955 -0.0762065 -0.0753377 -0.0745895 -0.073961 -0.0734502 -0.073054 -0.0727681 -0.0725871 -0.0725047 -0.0725139 -0.0726067 -0.0727745 -0.0730085 -0.0732993 -0.0736372 -0.0740128 -0.0744164 -0.0748387 -0.0752707 -0.0757036 -0.0761292 -0.07654 -0.0769289 -0.0772896 -0.0776162 -0.0779036 -0.0781476 -0.0783441 -0.0784899 -0.0785823 -0.078619 -0.0785981 -0.0785182 -0.0783781 -0.078177 -0.0779143 -0.0775898 -0.0772032 -0.0767549 -0.0762452 -0.075675 -0.0750455 -0.0743582 -0.0736153 -0.0728193 -0.0719736 -0.0710824 -0.0701499 -0.0691797 -0.0681765 -0.0671457 -0.0660936 -0.0650273 -0.0639542 -0.062883 -0.0618226 -0.0607826 -0.0597734 -0.0588058 -0.0578913 -0.0570415 -0.0562688 -0.0555856 -0.0550045 -0.0545377 -0.0541972 -0.0539938 -0.053937 -0.0540337 -0.0542875 -0.0546969 -0.0552446 
-0.157966 -0.157965 -0.157959 -0.157949 -0.157936 -0.15792 -0.157902 -0.157882 -0.157861 -0.157841 -0.157821 -0.157805 -0.157792 -0.157785 -0.157784 -0.157792 -0.157809 -0.157837 -0.157877 -0.157932 -0.158003 -0.158091 -0.158197 -0.158322 -0.158469 -0.158636 -0.158826 -0.159038 -0.159274 -0.159532 -0.159812 -0.160114 -0.160436 -0.160778 -0.161138 -0.161512 -0.1619 -0.162297 -0.162702 -0.16311 -0.163517 -0.163921 -0.164317 -0.1647 -0.165067 -0.165413 -0.165735 -0.166027 -0.166286 -0.166508 -0.166691 -0.16683 -0.166924 -0.166969 -0.166965 -0.166909 -0.1668 -0.166638 -0.166423 -0.166154 -0.165832 -0.165458 -0.165032 -0.164557 -0.164034 -0.163463 -0.162848 -0.16219 -0.161491 -0.160753 -0.159978 -0.159168 -0.158325 -0.15745 -0.156545 -0.155612 -0.154652 -0.153666 -0.152654 -0.151619 -0.15056 -0.149478 -0.148373 -0.147245 -0.146094 -0.144919 -0.143722 -0.1425 -0.141252 -0.13998 -0.13868 -0.137353 -0.135998 -0.134612 -0.133196 -0.131749 -0.130269 -0.128757 -0.127211 -0.125631 -0.124018 -0.122372 -0.120693 -0.118984 -0.117246 -0.115481 -0.113692 -0.111883 -0.110057 -0.108219 -0.106374 -0.104528 -0.102687 -0.100858 -0.0990467 -0.0972611 -0.0955082 -0.0937955 -0.0921305 -0.0905203 -0.0889719 -0.087492 -0.0860867 -0.0847615 -0.0835214 -0.0823704 -0.0813118 -0.0803478 -0.0794799 -0.0787082 -0.0780322 -0.0774501 -0.0769592 -0.0765559 -0.0762356 -0.0759929 -0.0758217 -0.0757154 -0.0756666 -0.0756679 -0.0757114 -0.0757892 -0.0758934 -0.0760162 -0.0761503 -0.0762884 -0.0764241 -0.0765512 -0.0766643 -0.0767586 -0.0768301 -0.0768752 -0.0768911 -0.0768757 -0.0768274 -0.0767448 -0.0766275 -0.0764749 -0.0762869 -0.0760636 -0.0758052 -0.075512 -0.0751842 -0.074822 -0.0744256 -0.0739951 -0.0735306 -0.0730321 -0.0724999 -0.0719342 -0.0713353 -0.0707039 -0.070041 -0.0693481 -0.0686272 -0.0678789 -0.0671053 -0.066309 -0.0654936 -0.0646637 -0.0638241 -0.0629807 -0.0621397 -0.0613081 -0.0604934 -0.0597035 -0.0589472 -0.0582332 -0.0575711 -0.0569703 -0.0564408 -0.055992 -0.0556333 -0.0553733 -0.0552189 -0.0551754 -0.0552444 -0.0554231 -0.0557014 -0.0560529 
-0.165824 -0.165823 -0.165819 -0.165814 -0.165806 -0.165797 -0.165787 -0.165776 -0.165766 -0.165757 -0.16575 -0.165746 -0.165747 -0.165752 -0.165764 -0.165783 -0.165811 -0.165849 -0.165898 -0.165959 -0.166033 -0.166121 -0.166224 -0.166343 -0.166479 -0.166631 -0.1668 -0.166987 -0.167191 -0.167412 -0.167648 -0.1679 -0.168165 -0.168443 -0.168731 -0.169027 -0.16933 -0.169635 -0.16994 -0.170242 -0.170538 -0.170824 -0.171095 -0.17135 -0.171583 -0.17179 -0.171969 -0.172116 -0.172227 -0.172299 -0.172329 -0.172314 -0.172252 -0.172141 -0.17198 -0.171767 -0.1715 -0.17118 -0.170807 -0.170379 -0.169898 -0.169364 -0.168779 -0.168142 -0.167456 -0.166721 -0.16594 -0.165114 -0.164245 -0.163333 -0.162383 -0.161394 -0.160368 -0.159309 -0.158216 -0.157092 -0.155937 -0.154755 -0.153546 -0.152311 -0.151051 -0.149768 -0.148463 -0.147137 -0.14579 -0.144424 -0.143039 -0.141637 -0.140216 -0.138779 -0.137326 -0.135857 -0.134372 -0.132872 -0.131357 -0.129827 -0.128283 -0.126725 -0.125153 -0.123569 -0.121971 -0.120363 -0.118743 -0.117114 -0.115476 -0.113833 -0.112185 -0.110536 -0.108887 -0.107243 -0.105607 -0.103983 -0.102374 -0.100787 -0.0992243 -0.0976924 -0.0961961 -0.0947404 -0.0933304 -0.0919712 -0.0906674 -0.0894234 -0.0882432 -0.0871304 -0.0860877 -0.0851175 -0.0842212 -0.0833995 -0.0826523 -0.0819787 -0.0813768 -0.0808441 -0.0803771 -0.0799718 -0.0796231 -0.0793258 -0.0790738 -0.0788609 -0.0786805 -0.0785258 -0.0783903 -0.0782673 -0.0781504 -0.0780338 -0.077912 -0.07778 -0.0776336 -0.0774693 -0.0772842 -0.0770763 -0.0768443 -0.0765875 -0.0763059 -0.076 -0.075671 -0.0753204 -0.0749497 -0.0745609 -0.074156 -0.0737369 -0.0733053 -0.0728629 -0.072411 -0.0719505 -0.071482 -0.071006 -0.0705224 -0.0700309 -0.069531 -0.069022 -0.0685032 -0.0679739 -0.0674336 -0.066882 -0.0663193 -0.065743 -0.0651525 -0.0645489 -0.0639342 -0.0633112 -0.0626831 -0.0620538 -0.0614278 -0.0608098 -0.0602054 -0.0596204 -0.0590611 -0.0585342 -0.0580466 -0.0576055 -0.057218 -0.0568912 -0.0566315 -0.0564446 -0.0563344 -0.0563028 -0.0563476 -0.0564617 -0.0566292 -0.0568184 
-0.173684 -0.173684 -0.173682 -0.17368 -0.173678 -0.173675 -0.173672 -0.173671 -0.173671 -0.173672 -0.173677 -0.173685 -0.173697 -0.173715 -0.173738 -0.173769 -0.173807 -0.173853 -0.173909 -0.173975 -0.174051 -0.174139 -0.174238 -0.17435 -0.174474 -0.174611 -0.17476 -0.174921 -0.175093 -0.175277 -0.17547 -0.175672 -0.175881 -0.176096 -0.176314 -0.176534 -0.176753 -0.176968 -0.177176 -0.177375 -0.177562 -0.177732 -0.177883 -0.178011 -0.178113 -0.178186 -0.178226 -0.17823 -0.178196 -0.178119 -0.177999 -0.177833 -0.177618 -0.177353 -0.177036 -0.176667 -0.176244 -0.175768 -0.175237 -0.174651 -0.174012 -0.173319 -0.172574 -0.171776 -0.170928 -0.17003 -0.169083 -0.168089 -0.16705 -0.165967 -0.164841 -0.163675 -0.162469 -0.161226 -0.159947 -0.158634 -0.157289 -0.155913 -0.154508 -0.153076 -0.151619 -0.150139 -0.148638 -0.147116 -0.145577 -0.144022 -0.142454 -0.140873 -0.139282 -0.137683 -0.136078 -0.134468 -0.132855 -0.13124 -0.129626 -0.128013 -0.126403 -0.124797 -0.123197 -0.121604 -0.120018 -0.118441 -0.116874 -0.115319 -0.113775 -0.112245 -0.11073 -0.109232 -0.107752 -0.106293 -0.104856 -0.103444 -0.102059 -0.100704 -0.0993813 -0.0980948 -0.0968469 -0.0956406 -0.0944788 -0.0933642 -0.0922993 -0.0912864 -0.0903274 -0.0894236 -0.088576 -0.0877849 -0.0870502 -0.0863709 -0.0857455 -0.0851718 -0.0846469 -0.0841671 -0.0837285 -0.0833263 -0.0829554 -0.0826102 -0.0822849 -0.0819737 -0.0816705 -0.0813695 -0.081065 -0.0807517 -0.0804248 -0.0800802 -0.0797141 -0.0793238 -0.0789075 -0.0784638 -0.0779925 -0.0774942 -0.0769702 -0.0764226 -0.0758541 -0.0752679 -0.0746678 -0.0740576 -0.0734415 -0.0728235 -0.0722076 -0.0715975 -0.0709966 -0.0704077 -0.0698331 -0.0692747 -0.0687334 -0.0682099 -0.0677039 -0.0672149 -0.0667417 -0.0662827 -0.0658362 -0.0654003 -0.0649728 -0.0645521 -0.0641364 -0.0637209 -0.0633013 -0.0628776 -0.0624505 -0.0620211 -0.0615913 -0.0611631 -0.0607391 -0.0603224 -0.0599163 -0.0595246 -0.0591515 -0.0588012 -0.0584785 -0.0581881 -0.0579347 -0.0577228 -0.0575565 -0.0574389 -0.0573718 -0.0573546 -0.0573834 -0.057449 -0.0575342 -0.0576077 
-0.181545 -0.181545 -0.181546 -0.181547 -0.18155 -0.181553 -0.181558 -0.181565 -0.181574 -0.181586 -0.181601 -0.181621 -0.181644 -0.181673 -0.181708 -0.181748 -0.181795 -0.18185 -0.181912 -0.181982 -0.18206 -0.182147 -0.182243 -0.182347 -0.182459 -0.18258 -0.182708 -0.182844 -0.182985 -0.183132 -0.183283 -0.183436 -0.18359 -0.183743 -0.183893 -0.184038 -0.184175 -0.184302 -0.184416 -0.184514 -0.184594 -0.184651 -0.184684 -0.184689 -0.184663 -0.184603 -0.184507 -0.184371 -0.184194 -0.183972 -0.183704 -0.183388 -0.183022 -0.182604 -0.182134 -0.18161 -0.181033 -0.1804 -0.179713 -0.178971 -0.178174 -0.177323 -0.176418 -0.175461 -0.174451 -0.17339 -0.172278 -0.171118 -0.16991 -0.168656 -0.167357 -0.166014 -0.16463 -0.163205 -0.161742 -0.160242 -0.158707 -0.15714 -0.155542 -0.153916 -0.152264 -0.150589 -0.148893 -0.147179 -0.145449 -0.143708 -0.141957 -0.1402 -0.13844 -0.13668 -0.134923 -0.133172 -0.13143 -0.1297 -0.127985 -0.126287 -0.124609 -0.122953 -0.121321 -0.119714 -0.118135 -0.116585 -0.115065 -0.113576 -0.11212 -0.110697 -0.109307 -0.107953 -0.106634 -0.105352 -0.104106 -0.102898 -0.10173 -0.1006 -0.0995114 -0.0984639 -0.0974588 -0.0964967 -0.0955784 -0.0947044 -0.0938752 -0.0930907 -0.0923507 -0.0916546 -0.0910015 -0.0903898 -0.0898175 -0.0892822 -0.0887809 -0.08831 -0.0878656 -0.0874431 -0.0870377 -0.0866441 -0.0862569 -0.0858704 -0.085479 -0.085077 -0.084659 -0.0842199 -0.0837552 -0.0832607 -0.0827331 -0.0821698 -0.0815691 -0.0809303 -0.0802536 -0.0795401 -0.0787921 -0.0780125 -0.0772055 -0.0763756 -0.0755283 -0.0746694 -0.073805 -0.0729417 -0.0720856 -0.0712432 -0.0704203 -0.0696223 -0.0688542 -0.06812 -0.067423 -0.0667659 -0.06615 -0.0655762 -0.0650441 -0.064553 -0.0641009 -0.0636856 -0.0633042 -0.0629535 -0.0626302 -0.0623308 -0.0620523 -0.0617873 -0.0615279 -0.0612729 -0.0610222 -0.0607755 -0.0605332 -0.0602959 -0.0600643 -0.0598395 -0.0596231 -0.0594167 -0.0592221 -0.0590416 -0.0588775 -0.0587321 -0.0586079 -0.058507 -0.0584312 -0.0583819 -0.058359 -0.058361 -0.0583837 -0.0584189 -0.0584521 -0.0584593 
-0.189406 -0.189406 -0.189409 -0.189414 -0.189421 -0.18943 -0.189442 -0.189457 -0.189475 -0.189497 -0.189523 -0.189553 -0.189588 -0.189627 -0.189672 -0.189723 -0.189779 -0.189841 -0.189909 -0.189983 -0.190063 -0.190149 -0.19024 -0.190337 -0.190438 -0.190543 -0.190651 -0.190761 -0.190873 -0.190983 -0.191093 -0.191198 -0.191298 -0.191391 -0.191475 -0.191546 -0.191604 -0.191644 -0.191666 -0.191665 -0.19164 -0.191587 -0.191503 -0.191387 -0.191235 -0.191046 -0.190815 -0.190542 -0.190223 -0.189858 -0.189444 -0.18898 -0.188464 -0.187896 -0.187273 -0.186597 -0.185865 -0.185078 -0.184235 -0.183337 -0.182384 -0.181376 -0.180313 -0.179196 -0.178025 -0.176802 -0.175527 -0.174202 -0.172826 -0.171402 -0.169931 -0.168414 -0.166852 -0.165247 -0.163601 -0.161916 -0.160194 -0.158437 -0.156648 -0.154829 -0.152984 -0.151115 -0.149226 -0.14732 -0.145401 -0.143474 -0.141541 -0.139608 -0.137679 -0.135757 -0.133847 -0.131954 -0.130082 -0.128235 -0.126416 -0.12463 -0.12288 -0.121169 -0.1195 -0.117876 -0.116298 -0.114769 -0.113291 -0.111863 -0.110488 -0.109165 -0.107895 -0.106678 -0.105514 -0.104402 -0.103343 -0.102334 -0.101376 -0.100468 -0.0996077 -0.0987954 -0.0980295 -0.0973088 -0.0966317 -0.0959967 -0.0954019 -0.0948454 -0.0943246 -0.093837 -0.0933797 -0.0929492 -0.0925418 -0.0921535 -0.0917798 -0.0914158 -0.0910563 -0.0906959 -0.090329 -0.0899497 -0.0895522 -0.0891308 -0.0886798 -0.0881938 -0.0876681 -0.0870982 -0.0864806 -0.0858123 -0.0850915 -0.0843171 -0.0834892 -0.0826091 -0.0816792 -0.0807028 -0.0796847 -0.0786303 -0.0775462 -0.0764397 -0.0753187 -0.0741916 -0.0730671 -0.0719539 -0.0708608 -0.0697961 -0.0687676 -0.0677825 -0.0668471 -0.0659668 -0.0651461 -0.0643879 -0.0636945 -0.0630668 -0.0625044 -0.0620061 -0.0615697 -0.0611919 -0.0608691 -0.0605968 -0.0603701 -0.0601843 -0.0600346 -0.0599116 -0.0598035 -0.0597087 -0.059626 -0.0595542 -0.0594922 -0.0594389 -0.0593935 -0.0593552 -0.0593234 -0.0592977 -0.0592778 -0.0592636 -0.059255 -0.0592521 -0.0592549 -0.0592635 -0.0592778 -0.0592972 -0.0593209 -0.0593471 -0.0593726 -0.0593924 -0.0593984 -0.0593792 
-0.197264 -0.197265 -0.197269 -0.197277 -0.197288 -0.197303 -0.197321 -0.197344 -0.19737 -0.197401 -0.197437 -0.197477 -0.197522 -0.197572 -0.197627 -0.197687 -0.197751 -0.19782 -0.197894 -0.197972 -0.198053 -0.198138 -0.198225 -0.198313 -0.198403 -0.198492 -0.19858 -0.198666 -0.198747 -0.198822 -0.19889 -0.198949 -0.198996 -0.199029 -0.199047 -0.199046 -0.199025 -0.198981 -0.198911 -0.198813 -0.198684 -0.198522 -0.198324 -0.198088 -0.197812 -0.197493 -0.19713 -0.19672 -0.196262 -0.195754 -0.195195 -0.194583 -0.193919 -0.193199 -0.192425 -0.191596 -0.190711 -0.189769 -0.188772 -0.187718 -0.186609 -0.185443 -0.184222 -0.182946 -0.181616 -0.180231 -0.178793 -0.177303 -0.17576 -0.174167 -0.172524 -0.170833 -0.169095 -0.167311 -0.165483 -0.163614 -0.161705 -0.159759 -0.157779 -0.155768 -0.15373 -0.151668 -0.149586 -0.147489 -0.14538 -0.143266 -0.141151 -0.139041 -0.13694 -0.134855 -0.132792 -0.130754 -0.128749 -0.126782 -0.124857 -0.122979 -0.121154 -0.119385 -0.117676 -0.11603 -0.11445 -0.112938 -0.111497 -0.110126 -0.108828 -0.107602 -0.106448 -0.105366 -0.104353 -0.10341 -0.102533 -0.101722 -0.100973 -0.100284 -0.0996524 -0.0990749 -0.0985483 -0.0980692 -0.0976342 -0.0972393 -0.0968805 -0.0965538 -0.0962545 -0.0959779 -0.0957192 -0.0954731 -0.095234 -0.0949962 -0.0947537 -0.0945004 -0.0942299 -0.0939357 -0.0936113 -0.0932505 -0.0928469 -0.0923945 -0.0918879 -0.0913219 -0.0906922 -0.0899951 -0.089228 -0.0883891 -0.0874779 -0.086495 -0.0854423 -0.084323 -0.0831415 -0.0819037 -0.0806165 -0.079288 -0.0779271 -0.0765439 -0.0751488 -0.0737528 -0.072367 -0.0710027 -0.0696708 -0.0683817 -0.0671453 -0.0659705 -0.0648652 -0.0638359 -0.0628882 -0.0620259 -0.0612517 -0.0605666 -0.0599705 -0.0594617 -0.0590376 -0.0586942 -0.0584268 -0.0582297 -0.0580969 -0.0580216 -0.057997 -0.0580098 -0.0580473 -0.0581077 -0.0581889 -0.0582887 -0.0584045 -0.0585337 -0.0586736 -0.0588215 -0.0589748 -0.0591309 -0.059287 -0.0594409 -0.05959 -0.0597321 -0.0598649 -0.0599862 -0.0600942 -0.0601868 -0.0602623 -0.0603192 -0.060356 -0.0603721 -0.0603672 -0.0603435 
VECTORS velocity double
0.999999 -0.0010802 0.0
0.999996 -0.00327235 0.0
0.99999 -0.00549831 0.0
0.99998 -0.00776007 0.0
0.999967 -0.0100595 0.0
0.99995 -0.0123984 0.0
0.999929 -0.0147783 0.0
0.999904 -0.0172008 0.0
0.999875 -0.019667 0.0
0.999842 -0.0221781 0.0
0.999805 -0.024735 0.0
0.999763 -0.0273382 0.0
0.999716 -0.0299882 0.0
0.999665 -0.0326849 0.0
0.999609 -0.0354281 0.0
0.999548 -0.0382174 0.0
0.999482 -0.0410518 0.0
0.999411 -0.04393 0.0
0.999335 -0.0468506 0.0
0.999254 -0.0498116 0.0
0.999168 -0.0528106 0.0
0.999076 -0.0558449 0.0
0.998978 -0.0589115 0.0
0.998876 -0.0620069 0.0
0.998767 -0.0651272 0.0
0.998653 -0.0682683 0.0
0.998534 -0.0714255 0.0
0.998409 -0.0745941 0.0
0.998278 -0.0777689 0.0
0.998141 -0.0809443 0.0
0.997999 -0.0841146 0.0
0.99785 -0.087274 0.0
0.997696 -0.0904163 0.0
0.997536 -0.0935353 0.0
0.997371 -0.0966247 0.0
0.997199 -0.0996783 0.0
0.997021 -0.10269 0.0
0.996838 -0.105652 0.0
0.996649 -0.108561 0.0
0.996454 -0.111409 0.0
0.996253 -0.114191 0.0
0.996046 -0.116902 0.0
0.995833 -0.119536 0.0
0.995614 -0.12209 0.0
0.99539 -0.124559 0.0
0.99516 -0.126939 0.0
0.994924 -0.129229 0.0
0.994682 -0.131424 0.0
0.994435 -0.133524 0.0
0.994182 -0.135526 0.0
0.993923 -0.137431 0.0
0.993659 -0.139239 0.0
0.993389 -0.140949 0.0
0.993113 -0.142563 0.0
0.992832 -0.144082 0.0
0.992546 -0.14551 0.0
0.992254 -0.146848 0.0
0.991958 -0.1481 0.0
0.991655 -0.14927 0.0
0.991348 -0.150361 0.0
0.991036 -0.151378 0.0
0.990719 -0.152325 0.0
0.990397 -0.153207 0.0
0.99007 -0.154029 0.0
0.989739 -0.154796 0.0
0.989404 -0.155514 0.0
0.989064 -0.156186 0.0
0.98872 -0.156818 0.0
0.988372 -0.157414 0.0
0.98802 -0.157979 0.0
0.987665 -0.158517 0.0
0.987307 -0.159031 0.0
0.986946 -0.159525 0.0
0.986582 -0.160001 0.0
0.986215 -0.160461 0.0
0.985846 -0.160906 0.0
0.985475 -0.161337 0.0
0.985103 -0.161754 0.0
0.98473 -0.162155 0.0
0.984356 -0.162539 0.0
0.983981 -0.162903 0.0
0.983607 -0.163243 0.0
0.983233 -0.163553 0.0
0.982861 -0.163829 0.0
0.982489 -0.164063 0.0
0.98212 -0.164247 0.0
0.981753 -0.164372 0.0
0.98139 -0.164428 0.0
0.98103 -0.164403 0.0
0.980675 -0.164287 0.0
0.980324 -0.164065 0.0
0.979979 -0.163724 0.0
0.97964 -0.163249 0.0
0.979308 -0.162625 0.0
0.978983 -0.161835 0.0
0.978666 -0.160864 0.0
0.978358 -0.159694 0.0
0.978059 -0.158307 0.0
0.97777 -0.156687 0.0
0.977491 -0.154816 0.0
0.977224 -0.152677 0.0
0.976968 -0.150254 0.0
0.976725 -0.14753 0.0
0.976494 -0.144489 0.0
0.976276 -0.141118 0.0
0.976072 -0.137404 0.0
0.975882 -0.133333 0.0
0.975706 -0.128897 0.0
0.975545 -0.124086 0.0
0.975398 -0.118896 0.0
0.975266 -0.11332 0.0
0.975149 -0.107358 0.0
0.975046 -0.101011 0.0
0.974959 -0.0942813 0.0
0.974885 -0.0871764 0.0
0.974826 -0.0797054 0.0
0.974781 -0.0718805 0.0
0.974749 -0.0637169 0.0
0.974729 -0.055233 0.0
0.974722 -0.04645 0.0
0.974726 -0.0373919 0.0
0.97474 -0.0280857 0.0
0.974764 -0.0185611 0.0
0.974797 -0.00885038 0.0
0.974838 0.00101288 0.0
0.974885 0.0110094 0.0
0.974938 0.0211226 0.0
0.974995 0.0313317 0.0
0.975056 0.0416125 0.0
0.975119 0.0519383 0.0
0.975184 0.0622808 0.0
0.975248 0.0726099 0.0
0.975311 0.0828943 0.0
0.975372 0.0931016 0.0
0.975429 0.103199 0.0
0.975481 0.113152 0.0
0.975526 0.122927 0.0
0.975563 0.132489 0.0
0.975592 0.141804 0.0
0.975609 0.150837 0.0
0.975615 0.159553 0.0
0.975608 0.16792 0.0
0.975587 0.175903 0.0
0.97555 0.18347 0.0
0.975497 0.190591 0.0
0.975426 0.197235 0.0
0.975336 0.203375 0.0
0.975227 0.208983 0.0
0.975097 0.214035 0.0
0.974945 0.21851 0.0
0.974772 0.222389 0.0
0.974577 0.225653 0.0
0.974359 0.22829 0.0
0.974118 0.230288 0.0
0.973854 0.231641 0.0
0.973567 0.232343 0.0
0.973257 0.232395 0.0
0.972925 0.231798 0.0
0.972571 0.230559 0.0
0.972197 0.228687 0.0
0.971801 0.226196 0.0
0.971387 0.223102 0.0
0.970954 0.219424 0.0
0.970504 0.215184 0.0
0.970039 0.21041 0.0
0.969559 0.205127 0.0
0.969067 0.199368 0.0
0.968564 0.193165 0.0
0.968052 0.186552 0.0
0.967532 0.179565 0.0
0.967007 0.172243 0.0
0.966478 0.164624 0.0
0.965948 0.156747 0.0
0.965417 0.14865 0.0
0.964889 0.140375 0.0
0.964365 0.131959 0.0
0.963847 0.123441 0.0
0.963336 0.114858 0.0
0.962835 0.106247 0.0
0.962346 0.0976412 0.0
0.961869 0.0890732 0.0
0.961406 0.0805733 0.0
0.960959 0.0721693 0.0
0.960529 0.0638862 0.0
0.960118 0.0557463 0.0
0.959726 0.0477688 0.0
0.959354 0.0399698 0.0
0.959004 0.0323618 0.0
0.958676 0.0249544 0.0
0.958371 0.0177532 0.0
0.958089 0.0107608 0.0
0.957832 0.0039761 0.0
0.957598 -0.0026051 0.0
0.957389 -0.00899115 0.0
0.957204 -0.0151934 0.0
0.957044 -0.021225 0.0
0.956908 -0.0270992 0.0
0.956797 -0.0328258 0.0
0.956709 -0.0383779 0.0
0.956643 -0.0433569 0.0
0.999999 -0.00107855 0.0
0.999995 -0.00326729 0.0
0.999988 -0.00548974 0.0
0.999977 -0.00774788 0.0
0.999962 -0.0100436 0.0
0.999944 -0.0123786 0.0
0.999921 -0.0147546 0.0
0.999894 -0.0171731 0.0
0.999864 -0.0196353 0.0
0.999829 -0.0221423 0.0
0.999791 -0.024695 0.0
0.999749 -0.027294 0.0
0.999702 -0.0299397 0.0
0.999652 -0.0326321 0.0
0.999599 -0.0353711 0.0
0.999541 -0.0381561 0.0
0.99948 -0.0409863 0.0
0.999416 -0.0438603 0.0
0.999348 -0.0467767 0.0
0.999277 -0.0497335 0.0
0.999204 -0.0527283 0.0
0.999127 -0.0557586 0.0
0.999047 -0.0588211 0.0
0.998965 -0.0619124 0.0
0.998881 -0.0650288 0.0
0.998794 -0.0681659 0.0
0.998705 -0.0713193 0.0
0.998614 -0.0744841 0.0
0.998521 -0.077655 0.0
0.998426 -0.0808266 0.0
0.998329 -0.0839932 0.0
0.998231 -0.0871488 0.0
0.998131 -0.0902874 0.0
0.998029 -0.0934026 0.0
0.997926 -0.0964882 0.0
0.99782 -0.0995379 0.0
0.997713 -0.102545 0.0
0.997604 -0.105504 0.0
0.997492 -0.108408 0.0
0.997378 -0.111252 0.0
0.997262 -0.11403 0.0
0.997142 -0.116736 0.0
0.99702 -0.119366 0.0
0.996893 -0.121915 0.0
0.996763 -0.124379 0.0
0.996628 -0.126754 0.0
0.996489 -0.129038 0.0
0.996344 -0.131228 0.0
0.996194 -0.133322 0.0
0.996037 -0.135319 0.0
0.995875 -0.137217 0.0
0.995705 -0.139018 0.0
0.995528 -0.140722 0.0
0.995343 -0.142329 0.0
0.995151 -0.143842 0.0
0.99495 -0.145263 0.0
0.994741 -0.146594 0.0
0.994523 -0.147839 0.0
0.994295 -0.149002 0.0
0.994059 -0.150086 0.0
0.993813 -0.151095 0.0
0.993558 -0.152035 0.0
0.993294 -0.15291 0.0
0.993021 -0.153726 0.0
0.992738 -0.154486 0.0
0.992447 -0.155197 0.0
0.992147 -0.155863 0.0
0.991839 -0.156489 0.0
0.991522 -0.157079 0.0
0.991199 -0.157639 0.0
0.990868 -0.158172 0.0
0.990531 -0.158681 0.0
0.990188 -0.159171 0.0
0.98984 -0.159643 0.0
0.989488 -0.1601 0.0
0.989133 -0.160542 0.0
0.988775 -0.160972 0.0
0.988415 -0.161387 0.0
0.988055 -0.161788 0.0
0.987695 -0.162172 0.0
0.987337 -0.162537 0.0
0.986982 -0.162879 0.0
0.98663 -0.163192 0.0
0.986284 -0.163471 0.0
0.985944 -0.163709 0.0
0.985611 -0.163898 0.0
0.985287 -0.16403 0.0
0.984973 -0.164092 0.0
0.98467 -0.164076 0.0
0.984379 -0.163968 0.0
0.984101 -0.163756 0.0
0.983838 -0.163425 0.0
0.983591 -0.162962 0.0
0.98336 -0.162349 0.0
0.983146 -0.161572 0.0
0.98295 -0.160614 0.0
0.982772 -0.159458 0.0
0.982614 -0.158085 0.0
0.982474 -0.15648 0.0
0.982354 -0.154625 0.0
0.982254 -0.152501 0.0
0.982173 -0.150093 0.0
0.98211 -0.147384 0.0
0.982065 -0.144359 0.0
0.982038 -0.141003 0.0
0.982026 -0.137303 0.0
0.982029 -0.133246 0.0
0.982045 -0.128823 0.0
0.982071 -0.124025 0.0
0.982107 -0.118846 0.0
0.982149 -0.11328 0.0
0.982195 -0.107327 0.0
0.982242 -0.100987 0.0
0.982288 -0.094263 0.0
0.982328 -0.0871621 0.0
0.982361 -0.0796933 0.0
0.982383 -0.0718687 0.0
0.98239 -0.0637035 0.0
0.982379 -0.0552162 0.0
0.982347 -0.0464277 0.0
0.982291 -0.0373624 0.0
0.982208 -0.028047 0.0
0.982096 -0.0185113 0.0
0.981951 -0.00878769 0.0
0.98177 0.00109032 0.0
0.981553 0.0111017 0.0
0.981302 0.0212286 0.0
0.981021 0.0314494 0.0
0.980715 0.0417397 0.0
0.98039 0.0520729 0.0
0.980051 0.0624207 0.0
0.979703 0.0727533 0.0
0.979351 0.0830396 0.0
0.978999 0.0932477 0.0
0.97865 0.103345 0.0
0.978307 0.113297 0.0
0.977971 0.123072 0.0
0.977645 0.132634 0.0
0.977327 0.141949 0.0
0.977019 0.150982 0.0
0.97672 0.159701 0.0
0.976428 0.168071 0.0
0.976143 0.176058 0.0
0.975863 0.183632 0.0
0.975586 0.19076 0.0
0.975311 0.197413 0.0
0.975035 0.203563 0.0
0.974756 0.209183 0.0
0.974472 0.214249 0.0
0.974183 0.218738 0.0
0.973885 0.222632 0.0
0.973578 0.225913 0.0
0.97326 0.228566 0.0
0.972929 0.230583 0.0
0.972586 0.231953 0.0
0.97223 0.232674 0.0
0.971859 0.232744 0.0
0.971474 0.232165 0.0
0.971074 0.230944 0.0
0.97066 0.22909 0.0
0.970232 0.226616 0.0
0.96979 0.223538 0.0
0.969336 0.219875 0.0
0.96887 0.215649 0.0
0.968394 0.210887 0.0
0.967907 0.205616 0.0
0.967413 0.199866 0.0
0.966912 0.193671 0.0
0.966405 0.187064 0.0
0.965894 0.180083 0.0
0.965382 0.172764 0.0
0.964869 0.165145 0.0
0.964358 0.157267 0.0
0.963849 0.149168 0.0
0.963345 0.140889 0.0
0.962848 0.132467 0.0
0.962359 0.123941 0.0
0.961879 0.115349 0.0
0.96141 0.106726 0.0
0.960954 0.0981079 0.0
0.960512 0.089526 0.0
0.960084 0.0810109 0.0
0.959672 0.0725905 0.0
0.959277 0.06429 0.0
0.958899 0.0561318 0.0
0.958539 0.0481353 0.0
0.958197 0.0403165 0.0
0.957874 0.0326884 0.0
0.95757 0.0252604 0.0
0.957283 0.0180385 0.0
0.957015 0.0110254 0.0
0.956764 0.0042199 0.0
0.956531 -0.00238215 0.0
0.956316 -0.00878934 0.0
0.956118 -0.015013 0.0
0.955939 -0.0210664 0.0
0.955781 -0.0269634 0.0
0.955645 -0.0327146 0.0
0.955539 -0.0382946 0.0
0.955469 -0.0433049 0.0
0.999999 -0.00107665 0.0
0.999995 -0.00326153 0.0
0.999987 -0.00548004 0.0
0.999974 -0.00773419 0.0
0.999958 -0.0100259 0.0
0.999937 -0.0123569 0.0
0.999912 -0.0147289 0.0
0.999883 -0.0171433 0.0
0.99985 -0.0196016 0.0
0.999814 -0.0221048 0.0
0.999774 -0.0246538 0.0
0.99973 -0.0272493 0.0
0.999684 -0.0298916 0.0
0.999635 -0.0325809 0.0
0.999583 -0.0353169 0.0
0.999529 -0.0380991 0.0
0.999474 -0.0409267 0.0
0.999417 -0.0437985 0.0
0.999359 -0.0467129 0.0
0.9993 -0.0496679 0.0
0.999241 -0.0526613 0.0
0.999183 -0.0556904 0.0
0.999125 -0.0587521 0.0
0.999069 -0.0618429 0.0
0.999014 -0.0649589 0.0
0.998961 -0.068096 0.0
0.99891 -0.0712496 0.0
0.998862 -0.0744148 0.0
0.998818 -0.0775864 0.0
0.998776 -0.0807588 0.0
0.998738 -0.0839263 0.0
0.998704 -0.087083 0.0
0.998673 -0.0902226 0.0
0.998647 -0.0933389 0.0
0.998624 -0.0964255 0.0
0.998604 -0.099476 0.0
0.998589 -0.102484 0.0
0.998576 -0.105443 0.0
0.998566 -0.108348 0.0
0.998559 -0.111191 0.0
0.998553 -0.113968 0.0
0.998548 -0.116673 0.0
0.998543 -0.119301 0.0
0.998539 -0.121848 0.0
0.998532 -0.124309 0.0
0.998524 -0.126681 0.0
0.998513 -0.12896 0.0
0.998497 -0.131145 0.0
0.998476 -0.133233 0.0
0.998449 -0.135224 0.0
0.998415 -0.137115 0.0
0.998372 -0.138908 0.0
0.998321 -0.140603 0.0
0.998259 -0.142202 0.0
0.998186 -0.143705 0.0
0.998102 -0.145115 0.0
0.998005 -0.146436 0.0
0.997894 -0.147669 0.0
0.99777 -0.14882 0.0
0.997632 -0.149892 0.0
0.997479 -0.15089 0.0
0.997311 -0.151818 0.0
0.997127 -0.152681 0.0
0.996929 -0.153484 0.0
0.996716 -0.154232 0.0
0.996488 -0.154931 0.0
0.996246 -0.155586 0.0
0.995989 -0.156201 0.0
0.99572 -0.156781 0.0
0.995438 -0.157331 0.0
0.995144 -0.157855 0.0
0.994839 -0.158356 0.0
0.994525 -0.158839 0.0
0.994202 -0.159305 0.0
0.993872 -0.159756 0.0
0.993537 -0.160195 0.0
0.993198 -0.160622 0.0
0.992857 -0.161036 0.0
0.992516 -0.161437 0.0
0.992176 -0.161824 0.0
0.99184 -0.162192 0.0
0.991509 -0.162538 0.0
0.991186 -0.162858 0.0
0.990873 -0.163145 0.0
0.990572 -0.163394 0.0
0.990285 -0.163594 0.0
0.990014 -0.163739 0.0
0.989762 -0.163817 0.0
0.98953 -0.163817 0.0
0.989321 -0.163727 0.0
0.989136 -0.163535 0.0
0.988977 -0.163225 0.0
0.988846 -0.162783 0.0
0.988745 -0.162195 0.0
0.988674 -0.161442 0.0
0.988634 -0.160509 0.0
0.988627 -0.159378 0.0
0.988653 -0.158032 0.0
0.988712 -0.156453 0.0
0.988804 -0.154623 0.0
0.988928 -0.152526 0.0
0.989083 -0.150143 0.0
0.989268 -0.147458 0.0
0.989482 -0.144455 0.0
0.989721 -0.141119 0.0
0.989984 -0.137438 0.0
0.990266 -0.133397 0.0
0.990565 -0.128987 0.0
0.990877 -0.124199 0.0
0.991195 -0.119026 0.0
0.991517 -0.113463 0.0
0.991835 -0.107508 0.0
0.992145 -0.101162 0.0
0.99244 -0.0944278 0.0
0.992713 -0.0873114 0.0
0.992959 -0.079822 0.0
0.993169 -0.0719719 0.0
0.993338 -0.0637761 0.0
0.993458 -0.0552531 0.0
0.993523 -0.046424 0.0
0.993526 -0.0373132 0.0
0.993461 -0.0279478 0.0
0.99332 -0.0183575 0.0
0.993098 -0.00857462 0.0
0.992789 0.0013672 0.0
0.992388 0.0114432 0.0
0.991894 0.0216318 0.0
0.991312 0.0319091 0.0
0.990649 0.0422493 0.0
0.989912 0.0526249 0.0
0.989113 0.0630072 0.0
0.988261 0.0733663 0.0
0.987368 0.0836713 0.0
0.986445 0.0938907 0.0
0.985504 0.103992 0.0
0.984554 0.113944 0.0
0.983604 0.123711 0.0
0.982663 0.133262 0.0
0.981737 0.142563 0.0
0.980834 0.15158 0.0
0.979956 0.160281 0.0
0.979107 0.168631 0.0
0.978289 0.1766 0.0
0.977504 0.184156 0.0
0.97675 0.191267 0.0
0.976027 0.197904 0.0
0.975334 0.204041 0.0
0.974669 0.209649 0.0
0.974029 0.214706 0.0
0.973411 0.219188 0.0
0.972813 0.223077 0.0
0.972232 0.226355 0.0
0.971666 0.229008 0.0
0.971111 0.231026 0.0
0.970566 0.232399 0.0
0.970028 0.233123 0.0
0.969495 0.233198 0.0
0.968967 0.232625 0.0
0.96844 0.231411 0.0
0.967916 0.229563 0.0
0.967391 0.227095 0.0
0.966868 0.224024 0.0
0.966344 0.220367 0.0
0.96582 0.216147 0.0
0.965297 0.211389 0.0
0.964775 0.206122 0.0
0.964254 0.200375 0.0
0.963736 0.194182 0.0
0.963221 0.187575 0.0
0.962711 0.180593 0.0
0.962206 0.173271 0.0
0.961708 0.165649 0.0
0.961219 0.157765 0.0
0.960739 0.149659 0.0
0.960269 0.141371 0.0
0.959812 0.132939 0.0
0.959368 0.124402 0.0
0.958938 0.115797 0.0
0.958524 0.107161 0.0
0.958126 0.0985275 0.0
0.957745 0.0899297 0.0
0.957382 0.0813979 0.0
0.957037 0.0729602 0.0
0.956711 0.064642 0.0
0.956403 0.0564657 0.0
0.956113 0.0484511 0.0
0.955841 0.0406143 0.0
0.955586 0.0329686 0.0
0.955347 0.0255235 0.0
0.955124 0.0182852 0.0
0.954914 0.0112565 0.0
0.954717 0.00443653 0.0
0.954531 -0.00217955 0.0
0.954355 -0.0086008 0.0
0.95419 -0.0148388 0.0
0.954036 -0.0209075 0.0
0.953894 -0.0268222 0.0
0.953769 -0.0325959 0.0
0.953671 -0.0382078 0.0
0.953611 -0.0432621 0.0
0.999999 -0.00107453 0.0
0.999994 -0.00325505 0.0
0.999985 -0.00546914 0.0
0.999971 -0.00771886 0.0
0.999953 -0.0100061 0.0
0.99993 -0.0123328 0.0
0.999902 -0.0147006 0.0
0.999871 -0.0171111 0.0
0.999835 -0.0195656 0.0
0.999796 -0.0220653 0.0
0.999754 -0.0246111 0.0
0.999709 -0.0272037 0.0
0.999662 -0.0298435 0.0
0.999613 -0.0325307 0.0
0.999563 -0.0352651 0.0
0.999512 -0.0380462 0.0
0.999461 -0.0408732 0.0
0.999411 -0.0437449 0.0
0.999362 -0.0466598 0.0
0.999316 -0.049616 0.0
0.999272 -0.052611 0.0
0.999232 -0.0556424 0.0
0.999197 -0.0587069 0.0
0.999166 -0.0618011 0.0
0.999142 -0.0649212 0.0
0.999124 -0.0680629 0.0
0.999113 -0.0712215 0.0
0.99911 -0.0743922 0.0
0.999116 -0.0775697 0.0
0.99913 -0.0807484 0.0
0.999154 -0.0839225 0.0
0.999187 -0.0870859 0.0
0.999231 -0.0902324 0.0
0.999284 -0.0933555 0.0
0.999347 -0.0964489 0.0
0.999419 -0.0995059 0.0
0.999501 -0.10252 0.0
0.999592 -0.105485 0.0
0.99969 -0.108395 0.0
0.999797 -0.111243 0.0
0.99991 -0.114024 0.0
1.00003 -0.116732 0.0
1.00015 -0.119362 0.0
1.00028 -0.121909 0.0
1.00041 -0.12437 0.0
1.00053 -0.12674 0.0
1.00066 -0.129017 0.0
1.00078 -0.131197 0.0
1.0009 -0.13328 0.0
1.00102 -0.135263 0.0
1.00112 -0.137147 0.0
1.00122 -0.13893 0.0
1.0013 -0.140615 0.0
1.00138 -0.142201 0.0
1.00143 -0.143691 0.0
1.00148 -0.145087 0.0
1.0015 -0.146392 0.0
1.00151 -0.14761 0.0
1.0015 -0.148744 0.0
1.00147 -0.149799 0.0
1.00141 -0.150779 0.0
1.00134 -0.151688 0.0
1.00125 -0.152533 0.0
1.00113 -0.153318 0.0
1.001 -0.154048 0.0
1.00084 -0.15473 0.0
1.00066 -0.155367 0.0
1.00046 -0.155965 0.0
1.00024 -0.156529 0.0
1.00001 -0.157064 0.0
0.999755 -0.157574 0.0
0.999486 -0.158063 0.0
0.999204 -0.158535 0.0
0.998909 -0.158991 0.0
0.998604 -0.159435 0.0
0.998291 -0.159868 0.0
0.997972 -0.160291 0.0
0.997651 -0.160704 0.0
0.997329 -0.161106 0.0
0.997009 -0.161495 0.0
0.996695 -0.161869 0.0
0.996389 -0.162224 0.0
0.996095 -0.162555 0.0
0.995815 -0.162856 0.0
0.995553 -0.16312 0.0
0.995312 -0.16334 0.0
0.995096 -0.163506 0.0
0.994907 -0.163608 0.0
0.994748 -0.163635 0.0
0.994623 -0.163575 0.0
0.994534 -0.163413 0.0
0.994484 -0.163137 0.0
0.994475 -0.162731 0.0
0.994509 -0.16218 0.0
0.994589 -0.161466 0.0
0.994715 -0.160572 0.0
0.994889 -0.159482 0.0
0.995111 -0.158177 0.0
0.995382 -0.156638 0.0
0.995701 -0.154849 0.0
0.996067 -0.15279 0.0
0.99648 -0.150445 0.0
0.996935 -0.147796 0.0
0.997432 -0.144826 0.0
0.997966 -0.141521 0.0
0.998533 -0.137866 0.0
0.999129 -0.133848 0.0
0.999748 -0.129455 0.0
1.00038 -0.124679 0.0
1.00103 -0.119511 0.0
1.00168 -0.113947 0.0
1.00232 -0.107984 0.0
1.00295 -0.101623 0.0
1.00355 -0.0948652 0.0
1.00412 -0.0877174 0.0
1.00465 -0.0801882 0.0
1.00512 -0.0722896 0.0
1.00553 -0.0640368 0.0
1.00586 -0.0554481 0.0
1.00611 -0.0465449 0.0
1.00627 -0.0373517 0.0
1.00632 -0.0278958 0.0
1.00626 -0.018207 0.0
1.00608 -0.00831759 0.0
1.00576 0.00173875 0.0
1.0053 0.0119334 0.0
1.00469 0.0222403 0.0
1.00394 0.0326321 0.0
1.00305 0.0430803 0.0
1.00203 0.053555 0.0
1.00088 0.0640259 0.0
0.999614 0.0744617 0.0
0.998252 0.0848307 0.0
0.996805 0.0951008 0.0
0.99529 0.10524 0.0
0.993721 0.115215 0.0
0.992116 0.124995 0.0
0.99049 0.134546 0.0
0.988858 0.143836 0.0
0.987235 0.152834 0.0
0.985631 0.161508 0.0
0.984059 0.169825 0.0
0.982526 0.177756 0.0
0.981041 0.185271 0.0
0.979608 0.192339 0.0
0.978231 0.198932 0.0
0.976912 0.205025 0.0
0.975652 0.21059 0.0
0.974451 0.215606 0.0
0.973307 0.22005 0.0
0.972219 0.223902 0.0
0.971182 0.227147 0.0
0.970195 0.22977 0.0
0.969254 0.23176 0.0
0.968355 0.233109 0.0
0.967495 0.233811 0.0
0.966671 0.233867 0.0
0.96588 0.233277 0.0
0.965118 0.232047 0.0
0.964383 0.230186 0.0
0.963674 0.227706 0.0
0.962987 0.224623 0.0
0.962322 0.220956 0.0
0.961677 0.216726 0.0
0.961051 0.211959 0.0
0.960444 0.206682 0.0
0.959855 0.200925 0.0
0.959284 0.194721 0.0
0.958731 0.188104 0.0
0.958197 0.181109 0.0
0.957681 0.173775 0.0
0.957184 0.166139 0.0
0.956708 0.158241 0.0
0.956252 0.15012 0.0
0.955817 0.141815 0.0
0.955404 0.133365 0.0
0.955014 0.12481 0.0
0.954647 0.116186 0.0
0.954303 0.10753 0.0
0.953984 0.098876 0.0
0.953688 0.0902574 0.0
0.953417 0.0817045 0.0
0.95317 0.0732457 0.0
0.952946 0.0649066 0.0
0.952746 0.05671 0.0
0.952566 0.0486757 0.0
0.952408 0.0408205 0.0
0.952267 0.0331575 0.0
0.952144 0.0256967 0.0
0.952035 0.0184447 0.0
0.951937 0.0114043 0.0
0.951848 0.0045747 0.0
0.951766 -0.00204921 0.0
0.951687 -0.00847704 0.0
0.951611 -0.0147209 0.0
0.951535 -0.0207955 0.0
0.951461 -0.0267181 0.0
0.951391 -0.0325052 0.0
0.951332 -0.0381413 0.0
0.951298 -0.0432339 0.0
0.999999 -0.00107214 0.0
0.999994 -0.00324777 0.0
0.999983 -0.00545692 0.0
0.999968 -0.00770171 0.0
0.999947 -0.00998417 0.0
0.999922 -0.0123062 0.0
0.999891 -0.0146696 0.0
0.999857 -0.017076 0.0
0.999818 -0.0195267 0.0
0.999776 -0.0220231 0.0
0.999731 -0.0245661 0.0
0.999684 -0.0271564 0.0
0.999635 -0.0297946 0.0
0.999585 -0.0324809 0.0
0.999536 -0.035215 0.0
0.999487 -0.0379967 0.0
0.99944 -0.040825 0.0
0.999396 -0.043699 0.0
0.999356 -0.0466169 0.0
0.999321 -0.049577 0.0
0.999291 -0.052577 0.0
0.999269 -0.0556142 0.0
0.999255 -0.0586854 0.0
0.99925 -0.0617873 0.0
0.999255 -0.0649159 0.0
0.999272 -0.0680669 0.0
0.999301 -0.0712357 0.0
0.999343 -0.0744173 0.0
0.999399 -0.0776063 0.0
0.99947 -0.080797 0.0
0.999556 -0.0839836 0.0
0.999657 -0.0871598 0.0
0.999775 -0.0903193 0.0
0.999909 -0.0934555 0.0
1.00006 -0.0965618 0.0
1.00022 -0.0996314 0.0
1.00041 -0.102658 0.0
1.0006 -0.105635 0.0
1.00081 -0.108555 0.0
1.00104 -0.111413 0.0
1.00127 -0.114202 0.0
1.00152 -0.116917 0.0
1.00177 -0.119553 0.0
1.00203 -0.122105 0.0
1.0023 -0.124568 0.0
1.00257 -0.126939 0.0
1.00284 -0.129214 0.0
1.0031 -0.131392 0.0
1.00337 -0.133469 0.0
1.00362 -0.135445 0.0
1.00387 -0.137319 0.0
1.00411 -0.139092 0.0
1.00434 -0.140763 0.0
1.00455 -0.142334 0.0
1.00474 -0.143808 0.0
1.00491 -0.145186 0.0
1.00507 -0.146471 0.0
1.0052 -0.147668 0.0
1.0053 -0.14878 0.0
1.00538 -0.149812 0.0
1.00543 -0.150768 0.0
1.00546 -0.151653 0.0
1.00546 -0.152473 0.0
1.00543 -0.153233 0.0
1.00537 -0.153939 0.0
1.00528 -0.154596 0.0
1.00517 -0.155209 0.0
1.00503 -0.155784 0.0
1.00487 -0.156327 0.0
1.00468 -0.156841 0.0
1.00446 -0.157332 0.0
1.00423 -0.157804 0.0
1.00398 -0.15826 0.0
1.00371 -0.158703 0.0
1.00343 -0.159137 0.0
1.00314 -0.159562 0.0
1.00284 -0.159979 0.0
1.00253 -0.16039 0.0
1.00223 -0.160793 0.0
1.00193 -0.161187 0.0
1.00163 -0.161569 0.0
1.00135 -0.161935 0.0
1.00108 -0.162281 0.0
1.00083 -0.162601 0.0
1.0006 -0.162888 0.0
1.00041 -0.163134 0.0
1.00024 -0.16333 0.0
1.00011 -0.163466 0.0
1.00002 -0.16353 0.0
0.999979 -0.16351 0.0
0.999984 -0.163393 0.0
1.00004 -0.163164 0.0
1.00015 -0.162807 0.0
1.00032 -0.162308 0.0
1.00055 -0.161647 0.0
1.00084 -0.160809 0.0
1.0012 -0.159775 0.0
1.00162 -0.158526 0.0
1.00211 -0.157045 0.0
1.00266 -0.155311 0.0
1.00327 -0.153307 0.0
1.00394 -0.151015 0.0
1.00468 -0.148415 0.0
1.00546 -0.145492 0.0
1.0063 -0.142228 0.0
1.00718 -0.138609 0.0
1.00811 -0.134621 0.0
1.00906 -0.130252 0.0
1.01003 -0.125492 0.0
1.01102 -0.120332 0.0
1.01202 -0.114767 0.0
1.013 -0.108793 0.0
1.01397 -0.10241 0.0
1.01491 -0.0956197 0.0
1.0158 -0.0884282 0.0
1.01664 -0.0808437 0.0
1.01741 -0.0728781 0.0
1.0181 -0.0645463 0.0
1.01869 -0.0558668 0.0
1.01918 -0.046861 0.0
1.01954 -0.0375537 0.0
1.01977 -0.0279724 0.0
1.01985 -0.0181472 0.0
1.01977 -0.00811073 0.0
1.01951 0.00210313 0.0
1.01908 0.0124627 0.0
1.01846 0.0229377 0.0
1.01765 0.0334974 0.0
1.01664 0.0441098 0.0
1.01545 0.0547424 0.0
1.01408 0.0653619 0.0
1.01253 0.0759346 0.0
1.01082 0.0864267 0.0
1.00897 0.0968045 0.0
1.00699 0.107034 0.0
1.00489 0.117083 0.0
1.00271 0.126917 0.0
1.00045 0.136505 0.0
0.998144 0.145815 0.0
0.995808 0.154816 0.0
0.993461 0.163476 0.0
0.991123 0.171768 0.0
0.988809 0.17966 0.0
0.986537 0.187125 0.0
0.984317 0.194136 0.0
0.982162 0.200667 0.0
0.98008 0.206691 0.0
0.978078 0.212186 0.0
0.97616 0.21713 0.0
0.974328 0.221501 0.0
0.972585 0.225283 0.0
0.970929 0.228459 0.0
0.969359 0.231015 0.0
0.967873 0.232942 0.0
0.966468 0.234231 0.0
0.96514 0.234877 0.0
0.963885 0.23488 0.0
0.962699 0.234241 0.0
0.961579 0.232965 0.0
0.96052 0.231061 0.0
0.959519 0.228541 0.0
0.958573 0.225421 0.0
0.957677 0.221718 0.0
0.956831 0.217455 0.0
0.95603 0.212656 0.0
0.955273 0.207348 0.0
0.954559 0.201562 0.0
0.953885 0.195329 0.0
0.953252 0.188683 0.0
0.952656 0.18166 0.0
0.952099 0.174297 0.0
0.95158 0.166633 0.0
0.951098 0.158706 0.0
0.950653 0.150556 0.0
0.950245 0.142221 0.0
0.949874 0.133742 0.0
0.94954 0.125157 0.0
0.949243 0.116503 0.0
0.948982 0.107817 0.0
0.948758 0.0991331 0.0
0.948569 0.0904846 0.0
0.948415 0.0819024 0.0
0.948294 0.0734151 0.0
0.948207 0.0650485 0.0
0.94815 0.0568258 0.0
0.948122 0.0487672 0.0
0.94812 0.0408897 0.0
0.948141 0.0332072 0.0
0.948182 0.0257299 0.0
0.948238 0.0184647 0.0
0.948305 0.0114148 0.0
0.948378 0.00457952 0.0
0.948453 -0.00204644 0.0
0.948525 -0.00847287 0.0
0.948589 -0.0147122 0.0
0.94864 -0.0207802 0.0
0.948677 -0.0266958 0.0
0.948698 -0.0324786 0.0
0.948706 -0.0381178 0.0
0.948709 -0.0432252 0.0
0.999999 -0.00106945 0.0
0.999993 -0.00323956 0.0
0.999981 -0.00544316 0.0
0.999964 -0.00768247 0.0
0.999941 -0.00995962 0.0
0.999912 -0.0122766 0.0
0.999878 -0.0146353 0.0
0.99984 -0.0170374 0.0
0.999798 -0.0194844 0.0
0.999752 -0.0219776 0.0
0.999703 -0.0245182 0.0
0.999653 -0.0271068 0.0
0.999602 -0.0297442 0.0
0.999551 -0.0324305 0.0
0.999501 -0.0351658 0.0
0.999453 -0.0379496 0.0
0.999409 -0.0407812 0.0
0.99937 -0.0436595 0.0
0.999337 -0.0465831 0.0
0.999311 -0.0495501 0.0
0.999295 -0.0525582 0.0
0.999289 -0.0556048 0.0
0.999295 -0.0586867 0.0
0.999315 -0.0618004 0.0
0.999349 -0.0649421 0.0
0.999399 -0.0681074 0.0
0.999466 -0.0712916 0.0
0.999552 -0.0744895 0.0
0.999658 -0.0776958 0.0
0.999784 -0.0809045 0.0
0.999932 -0.0841098 0.0
1.0001 -0.0873051 0.0
1.00029 -0.0904839 0.0
1.00051 -0.0936396 0.0
1.00075 -0.0967652 0.0
1.00101 -0.0998538 0.0
1.00129 -0.102899 0.0
1.00159 -0.105893 0.0
1.00191 -0.10883 0.0
1.00226 -0.111703 0.0
1.00261 -0.114506 0.0
1.00299 -0.117233 0.0
1.00337 -0.119879 0.0
1.00377 -0.122438 0.0
1.00418 -0.124907 0.0
1.00459 -0.127281 0.0
1.00501 -0.129557 0.0
1.00542 -0.131732 0.0
1.00583 -0.133805 0.0
1.00624 -0.135773 0.0
1.00663 -0.137637 0.0
1.00702 -0.139397 0.0
1.00739 -0.141052 0.0
1.00774 -0.142606 0.0
1.00807 -0.144059 0.0
1.00837 -0.145414 0.0
1.00865 -0.146676 0.0
1.00891 -0.147846 0.0
1.00913 -0.14893 0.0
1.00932 -0.149933 0.0
1.00948 -0.150859 0.0
1.00961 -0.151713 0.0
1.0097 -0.152502 0.0
1.00975 -0.15323 0.0
1.00977 -0.153904 0.0
1.00976 -0.15453 0.0
1.00971 -0.155113 0.0
1.00963 -0.155659 0.0
1.00951 -0.156173 0.0
1.00937 -0.156661 0.0
1.0092 -0.157127 0.0
1.009 -0.157576 0.0
1.00877 -0.158012 0.0
1.00853 -0.158438 0.0
1.00827 -0.158858 0.0
1.00799 -0.159272 0.0
1.00771 -0.159683 0.0
1.00742 -0.160091 0.0
1.00712 -0.160495 0.0
1.00683 -0.160894 0.0
1.00655 -0.161286 0.0
1.00629 -0.161667 0.0
1.00604 -0.162032 0.0
1.00582 -0.162376 0.0
1.00562 -0.162692 0.0
1.00546 -0.162972 0.0
1.00534 -0.163207 0.0
1.00527 -0.163387 0.0
1.00525 -0.163499 0.0
1.00528 -0.163532 0.0
1.00537 -0.163471 0.0
1.00553 -0.163302 0.0
1.00576 -0.163009 0.0
1.00606 -0.162576 0.0
1.00644 -0.161985 0.0
1.00689 -0.161219 0.0
1.00743 -0.160257 0.0
1.00805 -0.159082 0.0
1.00875 -0.157674 0.0
1.00953 -0.156013 0.0
1.01039 -0.154079 0.0
1.01132 -0.151854 0.0
1.01233 -0.149319 0.0
1.01341 -0.146456 0.0
1.01456 -0.143246 0.0
1.01576 -0.139675 0.0
1.01701 -0.135727 0.0
1.0183 -0.131389 0.0
1.01962 -0.126651 0.0
1.02096 -0.121502 0.0
1.02231 -0.115936 0.0
1.02365 -0.109949 0.0
1.02497 -0.10354 0.0
1.02625 -0.0967108 0.0
1.02748 -0.0894656 0.0
1.02865 -0.0818128 0.0
1.02973 -0.073764 0.0
1.03072 -0.0653343 0.0
1.03159 -0.0565419 0.0
1.03233 -0.0474086 0.0
1.03292 -0.0379594 0.0
1.03335 -0.0282222 0.0
1.0336 -0.0182279 0.0
1.03366 -0.00800941 0.0
1.03352 0.00239832 0.0
1.03316 0.0129611 0.0
1.03257 0.0236457 0.0
1.03175 0.0344179 0.0
1.03071 0.0452427 0.0
1.02942 0.0560845 0.0
1.02791 0.0669068 0.0
1.02617 0.0776731 0.0
1.02422 0.0883468 0.0
1.02207 0.0988914 0.0
1.01973 0.109271 0.0
1.01722 0.11945 0.0
1.01455 0.129395 0.0
1.01177 0.139072 0.0
1.00887 0.148448 0.0
1.0059 0.157493 0.0
1.00287 0.166176 0.0
0.999808 0.174468 0.0
0.996738 0.182342 0.0
0.993681 0.189772 0.0
0.990659 0.196731 0.0
0.98769 0.203196 0.0
0.984791 0.209143 0.0
0.981975 0.214552 0.0
0.979253 0.219403 0.0
0.976636 0.223677 0.0
0.974128 0.227358 0.0
0.971736 0.230432 0.0
0.969461 0.232887 0.0
0.967304 0.234713 0.0
0.965264 0.235904 0.0
0.963341 0.236456 0.0
0.961529 0.236367 0.0
0.959827 0.235641 0.0
0.958231 0.234282 0.0
0.956735 0.232299 0.0
0.955336 0.229704 0.0
0.954029 0.226512 0.0
0.95281 0.222742 0.0
0.951675 0.218414 0.0
0.95062 0.213553 0.0
0.949641 0.208186 0.0
0.948736 0.202343 0.0
0.947902 0.196055 0.0
0.947136 0.189356 0.0
0.946435 0.182282 0.0
0.945799 0.174869 0.0
0.945225 0.167155 0.0
0.944712 0.159179 0.0
0.944259 0.150981 0.0
0.943865 0.142599 0.0
0.943528 0.134073 0.0
0.943247 0.125441 0.0
0.943023 0.116741 0.0
0.942852 0.10801 0.0
0.942735 0.0992817 0.0
0.94267 0.0905901 0.0
0.942655 0.0819661 0.0
0.942688 0.0734387 0.0
0.942766 0.0650342 0.0
0.942887 0.0567761 0.0
0.943046 0.0486853 0.0
0.943241 0.0407792 0.0
0.943465 0.0330724 0.0
0.943713 0.0255756 0.0
0.94398 0.0182964 0.0
0.944258 0.0112383 0.0
0.944539 0.00440116 0.0
0.944817 -0.00222037 0.0
0.945082 -0.00863585 0.0
0.945327 -0.0148577 0.0
0.945543 -0.0209024 0.0
0.945722 -0.0267901 0.0
0.94586 -0.0325429 0.0
0.945952 -0.0381538 0.0
0.946 -0.0432397 0.0
0.999998 -0.00106639 0.0
0.999992 -0.00323026 0.0
0.999979 -0.00542762 0.0
0.999959 -0.00766081 0.0
0.999933 -0.00993206 0.0
0.999901 -0.0122435 0.0
0.999863 -0.0145971 0.0
0.99982 -0.0169946 0.0
0.999773 -0.0194378 0.0
0.999723 -0.021928 0.0
0.99967 -0.0244663 0.0
0.999616 -0.0270538 0.0
0.999561 -0.0296911 0.0
0.999507 -0.0323785 0.0
0.999455 -0.0351161 0.0
0.999407 -0.0379036 0.0
0.999364 -0.0407404 0.0
0.999329 -0.0436253 0.0
0.999301 -0.0465571 0.0
0.999284 -0.0495338 0.0
0.999279 -0.0525532 0.0
0.999288 -0.0556128 0.0
0.999313 -0.0587093 0.0
0.999355 -0.0618392 0.0
0.999416 -0.0649987 0.0
0.999498 -0.0681832 0.0
0.999603 -0.0713881 0.0
0.999732 -0.074608 0.0
0.999886 -0.0778373 0.0
1.00007 -0.0810703 0.0
1.00028 -0.0843004 0.0
1.00051 -0.0875213 0.0
1.00078 -0.0907261 0.0
1.00108 -0.0939079 0.0
1.0014 -0.0970594 0.0
1.00175 -0.100174 0.0
1.00214 -0.103243 0.0
1.00255 -0.106261 0.0
1.00298 -0.109221 0.0
1.00345 -0.112115 0.0
1.00393 -0.114937 0.0
1.00443 -0.11768 0.0
1.00496 -0.120341 0.0
1.00549 -0.122912 0.0
1.00604 -0.125389 0.0
1.0066 -0.127769 0.0
1.00716 -0.130047 0.0
1.00773 -0.132221 0.0
1.00829 -0.134289 0.0
1.00885 -0.13625 0.0
1.00939 -0.138102 0.0
1.00992 -0.139847 0.0
1.01044 -0.141485 0.0
1.01093 -0.143017 0.0
1.0114 -0.144446 0.0
1.01184 -0.145775 0.0
1.01225 -0.147007 0.0
1.01263 -0.148146 0.0
1.01297 -0.149196 0.0
1.01328 -0.150164 0.0
1.01355 -0.151053 0.0
1.01377 -0.151869 0.0
1.01395 -0.15262 0.0
1.01409 -0.153309 0.0
1.01419 -0.153945 0.0
1.01425 -0.154532 0.0
1.01426 -0.155077 0.0
1.01424 -0.155586 0.0
1.01417 -0.156066 0.0
1.01407 -0.15652 0.0
1.01393 -0.156956 0.0
1.01376 -0.157377 0.0
1.01356 -0.157789 0.0
1.01334 -0.158194 0.0
1.01309 -0.158595 0.0
1.01283 -0.158996 0.0
1.01256 -0.159398 0.0
1.01227 -0.159802 0.0
1.01199 -0.160207 0.0
1.01171 -0.160612 0.0
1.01143 -0.161016 0.0
1.01118 -0.161414 0.0
1.01094 -0.161803 0.0
1.01074 -0.162176 0.0
1.01057 -0.162528 0.0
1.01044 -0.162849 0.0
1.01036 -0.163131 0.0
1.01034 -0.163364 0.0
1.01037 -0.163535 0.0
1.01048 -0.163632 0.0
1.01065 -0.163641 0.0
1.01091 -0.163546 0.0
1.01125 -0.163332 0.0
1.01168 -0.162981 0.0
1.01219 -0.162476 0.0
1.01281 -0.161797 0.0
1.01352 -0.160925 0.0
1.01433 -0.159841 0.0
1.01524 -0.158523 0.0
1.01625 -0.156951 0.0
1.01735 -0.155105 0.0
1.01855 -0.152964 0.0
1.01984 -0.150509 0.0
1.02121 -0.14772 0.0
1.02266 -0.144578 0.0
1.02418 -0.141066 0.0
1.02576 -0.137168 0.0
1.02739 -0.13287 0.0
1.02906 -0.128159 0.0
1.03075 -0.123025 0.0
1.03245 -0.11746 0.0
1.03415 -0.11146 0.0
1.03582 -0.105022 0.0
1.03746 -0.0981467 0.0
1.03903 -0.0908387 0.0
1.04053 -0.0831059 0.0
1.04194 -0.0749594 0.0
1.04323 -0.0664141 0.0
1.04438 -0.0574885 0.0
1.04539 -0.0482047 0.0
1.04622 -0.0385881 0.0
1.04686 -0.0286674 0.0
1.0473 -0.018474 0.0
1.04752 -0.00804207 0.0
1.04751 0.00259213 0.0
1.04724 0.0133923 0.0
1.04672 0.0243224 0.0
1.04593 0.0353456 0.0
1.04487 0.0464239 0.0
1.04354 0.0575186 0.0
1.04193 0.0685903 0.0
1.04006 0.0795994 0.0
1.03793 0.0905062 0.0
1.03554 0.101271 0.0
1.03292 0.111856 0.0
1.03007 0.122222 0.0
1.02702 0.132333 0.0
1.02379 0.142153 0.0
1.0204 0.151649 0.0
1.01688 0.160788 0.0
1.01325 0.16954 0.0
1.00954 0.177875 0.0
1.00578 0.185767 0.0
1.002 0.193189 0.0
0.998212 0.200119 0.0
0.994456 0.206533 0.0
0.99075 0.212412 0.0
0.987116 0.217735 0.0
0.983571 0.222487 0.0
0.980132 0.22665 0.0
0.976813 0.230212 0.0
0.973623 0.23316 0.0
0.970572 0.235485 0.0
0.967665 0.237179 0.0
0.964905 0.238238 0.0
0.962293 0.238657 0.0
0.959831 0.238439 0.0
0.957517 0.237586 0.0
0.955347 0.236103 0.0
0.953319 0.234001 0.0
0.951428 0.231291 0.0
0.949671 0.227989 0.0
0.948042 0.224112 0.0
0.946537 0.219683 0.0
0.945152 0.214725 0.0
0.943881 0.209264 0.0
0.94272 0.203331 0.0
0.941666 0.196956 0.0
0.940714 0.190173 0.0
0.939861 0.183018 0.0
0.939105 0.175526 0.0
0.938441 0.167735 0.0
0.937868 0.159684 0.0
0.937384 0.151413 0.0
0.936985 0.14296 0.0
0.93667 0.134364 0.0
0.936436 0.125664 0.0
0.936282 0.116897 0.0
0.936206 0.108101 0.0
0.936204 0.0993094 0.0
0.936275 0.0905568 0.0
0.936415 0.0818744 0.0
0.936621 0.0732916 0.0
0.936889 0.0648351 0.0
0.937214 0.0565293 0.0
0.937591 0.0483956 0.0
0.938013 0.0404522 0.0
0.938474 0.0327144 0.0
0.938965 0.025194 0.0
0.939477 0.0178991 0.0
0.940001 0.0108342 0.0
0.940525 0.00399959 0.0
0.941039 -0.00260966 0.0
0.941529 -0.00900238 0.0
0.941984 -0.0151907 0.0
0.94239 -0.0211911 0.0
0.942733 -0.0270249 0.0
0.943003 -0.0327157 0.0
0.943189 -0.038259 0.0
0.943287 -0.0432801 0.0
0.999998 -0.00106292 0.0
0.999991 -0.00321971 0.0
0.999976 -0.00541002 0.0
0.999953 -0.00763632 0.0
0.999924 -0.00990098 0.0
0.999888 -0.0122063 0.0
0.999845 -0.0145543 0.0
0.999797 -0.0169469 0.0
0.999745 -0.019386 0.0
0.999689 -0.0218731 0.0
0.99963 -0.0244095 0.0
0.99957 -0.0269962 0.0
0.99951 -0.029634 0.0
0.999452 -0.0323234 0.0
0.999397 -0.0350646 0.0
0.999347 -0.0378572 0.0
0.999303 -0.0407009 0.0
0.999269 -0.0435946 0.0
0.999246 -0.046537 0.0
0.999235 -0.0495263 0.0
0.99924 -0.0525603 0.0
0.999261 -0.0556364 0.0
0.999302 -0.0587515 0.0
0.999365 -0.061902 0.0
0.999452 -0.0650839 0.0
0.999564 -0.0682927 0.0
0.999705 -0.0715236 0.0
0.999875 -0.0747712 0.0
1.00008 -0.0780298 0.0
1.00031 -0.0812931 0.0
1.00058 -0.0845548 0.0
1.00088 -0.087808 0.0
1.00122 -0.0910456 0.0
1.0016 -0.0942604 0.0
1.00201 -0.0974448 0.0
1.00246 -0.100591 0.0
1.00295 -0.103693 0.0
1.00346 -0.106741 0.0
1.00402 -0.109729 0.0
1.0046 -0.11265 0.0
1.00521 -0.115497 0.0
1.00585 -0.118262 0.0
1.00651 -0.120941 0.0
1.00719 -0.123528 0.0
1.00788 -0.126017 0.0
1.00859 -0.128405 0.0
1.0093 -0.130687 0.0
1.01002 -0.132862 0.0
1.01074 -0.134926 0.0
1.01145 -0.136878 0.0
1.01214 -0.138718 0.0
1.01283 -0.140447 0.0
1.01349 -0.142064 0.0
1.01413 -0.143572 0.0
1.01474 -0.144973 0.0
1.01532 -0.14627 0.0
1.01587 -0.147467 0.0
1.01637 -0.148569 0.0
1.01683 -0.149579 0.0
1.01725 -0.150505 0.0
1.01763 -0.15135 0.0
1.01795 -0.152122 0.0
1.01823 -0.152826 0.0
1.01845 -0.153469 0.0
1.01863 -0.154058 0.0
1.01875 -0.1546 0.0
1.01883 -0.1551 0.0
1.01886 -0.155565 0.0
1.01884 -0.156003 0.0
1.01877 -0.156418 0.0
1.01867 -0.156816 0.0
1.01853 -0.157204 0.0
1.01835 -0.157585 0.0
1.01814 -0.157964 0.0
1.0179 -0.158344 0.0
1.01765 -0.158728 0.0
1.01737 -0.159119 0.0
1.01709 -0.159517 0.0
1.01681 -0.159923 0.0
1.01653 -0.160335 0.0
1.01626 -0.160751 0.0
1.016 -0.16117 0.0
1.01578 -0.161586 0.0
1.01558 -0.161994 0.0
1.01543 -0.162387 0.0
1.01532 -0.162757 0.0
1.01527 -0.163095 0.0
1.01529 -0.163391 0.0
1.01538 -0.163632 0.0
1.01554 -0.163805 0.0
1.0158 -0.163897 0.0
1.01614 -0.16389 0.0
1.01658 -0.16377 0.0
1.01713 -0.163517 0.0
1.01778 -0.163114 0.0
1.01855 -0.16254 0.0
1.01943 -0.161775 0.0
1.02043 -0.160798 0.0
1.02154 -0.159588 0.0
1.02277 -0.158123 0.0
1.02412 -0.156382 0.0
1.02557 -0.154342 0.0
1.02714 -0.151982 0.0
1.0288 -0.149282 0.0
1.03055 -0.146221 0.0
1.03239 -0.14278 0.0
1.0343 -0.138943 0.0
1.03627 -0.134693 0.0
1.03828 -0.130017 0.0
1.04032 -0.124902 0.0
1.04238 -0.119341 0.0
1.04443 -0.113327 0.0
1.04646 -0.106856 0.0
1.04844 -0.0999298 0.0
1.05036 -0.0925508 0.0
1.0522 -0.0847268 0.0
1.05392 -0.0764686 0.0
1.05552 -0.0677913 0.0
1.05696 -0.0587133 0.0
1.05824 -0.0492573 0.0
1.05932 -0.0394492 0.0
1.06018 -0.0293185 0.0
1.06082 -0.018898 0.0
1.06121 -0.00822297 0.0
1.06133 0.00266847 0.0
1.06117 0.0137379 0.0
1.06072 0.024947 0.0
1.05998 0.0362563 0.0
1.05892 0.0476251 0.0
1.05756 0.0590117 0.0
1.05589 0.0703738 0.0
1.05391 0.0816688 0.0
1.05163 0.0928537 0.0
1.04905 0.103886 0.0
1.04619 0.114724 0.0
1.04306 0.125327 0.0
1.03968 0.135656 0.0
1.03607 0.145672 0.0
1.03225 0.155338 0.0
1.02825 0.164622 0.0
1.0241 0.173491 0.0
1.01982 0.181915 0.0
1.01544 0.189866 0.0
1.01099 0.19732 0.0
1.00651 0.204253 0.0
1.00202 0.210643 0.0
0.997556 0.216473 0.0
0.993139 0.221725 0.0
0.988795 0.226385 0.0
0.984548 0.230438 0.0
0.980417 0.233874 0.0
0.976419 0.236685 0.0
0.972569 0.238862 0.0
0.968878 0.240401 0.0
0.965356 0.241299 0.0
0.962008 0.241555 0.0
0.958838 0.241173 0.0
0.955849 0.240156 0.0
0.95304 0.238511 0.0
0.950412 0.23625 0.0
0.947961 0.233384 0.0
0.945684 0.22993 0.0
0.943576 0.225907 0.0
0.941635 0.221335 0.0
0.939854 0.216239 0.0
0.938229 0.210646 0.0
0.936756 0.204584 0.0
0.935428 0.198085 0.0
0.934242 0.191182 0.0
0.933193 0.18391 0.0
0.932277 0.176306 0.0
0.93149 0.168406 0.0
0.930828 0.160249 0.0
0.930287 0.151874 0.0
0.929864 0.14332 0.0
0.929556 0.134627 0.0
0.92936 0.125831 0.0
0.929272 0.116972 0.0
0.929288 0.108086 0.0
0.929404 0.0992086 0.0
0.929618 0.0903733 0.0
0.929923 0.0816123 0.0
0.930316 0.0729554 0.0
0.930789 0.0644302 0.0
0.931337 0.0560617 0.0
0.931951 0.0478722 0.0
0.932623 0.0398811 0.0
0.933344 0.0321045 0.0
0.934101 0.0245554 0.0
0.934883 0.017243 0.0
0.935677 0.0101728 0.0
0.936468 0.00334603 0.0
0.93724 -0.00324151 0.0
0.937976 -0.00959742 0.0
0.938659 -0.0157331 0.0
0.93927 -0.0216649 0.0
0.939789 -0.0274145 0.0
0.9402 -0.0330064 0.0
0.940484 -0.0384385 0.0
0.940634 -0.0433479 0.0
0.999998 -0.00105895 0.0
0.999989 -0.00320769 0.0
0.999972 -0.00539 0.0
0.999947 -0.00760851 0.0
0.999913 -0.00986574 0.0
0.999872 -0.0121641 0.0
0.999824 -0.0145059 0.0
0.99977 -0.0168932 0.0
0.999711 -0.0193279 0.0
0.999647 -0.0218118 0.0
0.999582 -0.0243462 0.0
0.999514 -0.0269324 0.0
0.999448 -0.0295713 0.0
0.999383 -0.0322635 0.0
0.999323 -0.0350092 0.0
0.999269 -0.0378085 0.0
0.999223 -0.0406608 0.0
0.999188 -0.0435653 0.0
0.999166 -0.0465207 0.0
0.99916 -0.0495254 0.0
0.999171 -0.0525772 0.0
0.999203 -0.0556734 0.0
0.999259 -0.058811 0.0
0.99934 -0.0619865 0.0
0.99945 -0.0651956 0.0
0.99959 -0.068434 0.0
0.999764 -0.0716965 0.0
0.999973 -0.0749777 0.0
1.00022 -0.0782716 0.0
1.00051 -0.0815719 0.0
1.00083 -0.0848719 0.0
1.0012 -0.0881643 0.0
1.00162 -0.0914419 0.0
1.00207 -0.0946969 0.0
1.00257 -0.0979215 0.0
1.00312 -0.101108 0.0
1.0037 -0.104248 0.0
1.00433 -0.107334 0.0
1.005 -0.110357 0.0
1.00571 -0.113311 0.0
1.00645 -0.116188 0.0
1.00722 -0.118981 0.0
1.00802 -0.121684 0.0
1.00885 -0.12429 0.0
1.00969 -0.126795 0.0
1.01055 -0.129194 0.0
1.01142 -0.131482 0.0
1.0123 -0.133658 0.0
1.01317 -0.135719 0.0
1.01404 -0.137662 0.0
1.01489 -0.139489 0.0
1.01573 -0.141198 0.0
1.01655 -0.142792 0.0
1.01734 -0.144272 0.0
1.01809 -0.145641 0.0
1.01881 -0.146901 0.0
1.01949 -0.148058 0.0
1.02013 -0.149117 0.0
1.02071 -0.150081 0.0
1.02125 -0.150957 0.0
1.02173 -0.151751 0.0
1.02215 -0.152471 0.0
1.02252 -0.153121 0.0
1.02283 -0.15371 0.0
1.02308 -0.154244 0.0
1.02327 -0.154732 0.0
1.02341 -0.155179 0.0
1.02349 -0.155593 0.0
1.02351 -0.15598 0.0
1.02348 -0.156349 0.0
1.02341 -0.156703 0.0
1.02328 -0.157051 0.0
1.02312 -0.157396 0.0
1.02292 -0.157743 0.0
1.02269 -0.158098 0.0
1.02243 -0.158462 0.0
1.02216 -0.158838 0.0
1.02187 -0.159229 0.0
1.02158 -0.159634 0.0
1.02129 -0.160053 0.0
1.02101 -0.160484 0.0
1.02075 -0.160926 0.0
1.02052 -0.161372 0.0
1.02033 -0.16182 0.0
1.02018 -0.16226 0.0
1.02009 -0.162687 0.0
1.02006 -0.16309 0.0
1.02011 -0.163458 0.0
1.02024 -0.16378 0.0
1.02046 -0.164042 0.0
1.02077 -0.16423 0.0
1.0212 -0.164326 0.0
1.02174 -0.164314 0.0
1.02239 -0.164176 0.0
1.02317 -0.163891 0.0
1.02408 -0.163439 0.0
1.02513 -0.162799 0.0
1.0263 -0.161948 0.0
1.02762 -0.160865 0.0
1.02906 -0.159524 0.0
1.03064 -0.157905 0.0
1.03235 -0.155982 0.0
1.03418 -0.153734 0.0
1.03613 -0.151138 0.0
1.03818 -0.148171 0.0
1.04033 -0.144815 0.0
1.04256 -0.141049 0.0
1.04486 -0.136856 0.0
1.04721 -0.132221 0.0
1.0496 -0.127131 0.0
1.05201 -0.121575 0.0
1.05441 -0.115547 0.0
1.05679 -0.109041 0.0
1.05912 -0.102058 0.0
1.06137 -0.0946 0.0
1.06354 -0.0866741 0.0
1.06558 -0.0782912 0.0
1.06748 -0.0694659 0.0
1.06921 -0.0602174 0.0
1.07076 -0.0505684 0.0
1.07208 -0.0405459 0.0
1.07318 -0.0301803 0.0
1.07401 -0.0195057 0.0
1.07457 -0.00855927 0.0
1.07483 0.00261902 0.0
1.07479 0.0139885 0.0
1.07442 0.0255088 0.0
1.07373 0.0371376 0.0
1.07269 0.0488318 0.0
1.07131 0.0605467 0.0
1.06959 0.0722371 0.0
1.06751 0.0838573 0.0
1.0651 0.0953612 0.0
1.06235 0.106703 0.0
1.05928 0.117839 0.0
1.0559 0.128723 0.0
1.05223 0.139315 0.0
1.04828 0.149572 0.0
1.04408 0.159456 0.0
1.03965 0.168932 0.0
1.03502 0.177963 0.0
1.03023 0.186521 0.0
1.02529 0.194575 0.0
1.02025 0.2021 0.0
1.01513 0.209072 0.0
1.00997 0.215472 0.0
1.0048 0.22128 0.0
0.999653 0.226483 0.0
0.994557 0.231067 0.0
0.98954 0.23502 0.0
0.984627 0.238335 0.0
0.979843 0.241006 0.0
0.975206 0.243027 0.0
0.970736 0.244397 0.0
0.966445 0.245116 0.0
0.962346 0.245186 0.0
0.958447 0.244611 0.0
0.954756 0.243398 0.0
0.951275 0.241557 0.0
0.948008 0.2391 0.0
0.944954 0.236039 0.0
0.942112 0.232394 0.0
0.939481 0.228182 0.0
0.937056 0.223426 0.0
0.934833 0.218151 0.0
0.932809 0.212383 0.0
0.930978 0.206152 0.0
0.929335 0.199488 0.0
0.927875 0.192425 0.0
0.926593 0.184998 0.0
0.925483 0.177243 0.0
0.924542 0.169197 0.0
0.923764 0.160898 0.0
0.923144 0.152385 0.0
0.922679 0.143697 0.0
0.922363 0.134874 0.0
0.922191 0.125952 0.0
0.92216 0.116971 0.0
0.922263 0.107968 0.0
0.922497 0.0989772 0.0
0.922853 0.0900343 0.0
0.923328 0.0811714 0.0
0.923913 0.0724192 0.0
0.924599 0.0638061 0.0
0.92538 0.055358 0.0
0.926243 0.0470984 0.0
0.927178 0.0390478 0.0
0.928171 0.0312237 0.0
0.92921 0.0236404 0.0
0.930277 0.0163085 0.0
0.931355 0.0092348 0.0
0.932427 0.00242179 0.0
0.933471 -0.00413344 0.0
0.934466 -0.0104368 0.0
0.935388 -0.0164987 0.0
0.936214 -0.022335 0.0
0.936917 -0.0279672 0.0
0.937473 -0.0334204 0.0
0.937858 -0.0386947 0.0
0.93806 -0.0434438 0.0
0.999998 -0.00105441 0.0
0.999988 -0.00319396 0.0
0.999968 -0.00536716 0.0
0.999939 -0.00757682 0.0
0.999901 -0.00982565 0.0
0.999854 -0.0121162 0.0
0.999799 -0.014451 0.0
0.999738 -0.0168323 0.0
0.99967 -0.0192622 0.0
0.999599 -0.0217425 0.0
0.999524 -0.0242749 0.0
0.999448 -0.0268607 0.0
0.999373 -0.029501 0.0
0.9993 -0.0321966 0.0
0.999232 -0.034948 0.0
0.999172 -0.0377551 0.0
0.999121 -0.0406177 0.0
0.999083 -0.043535 0.0
0.999059 -0.0465058 0.0
0.999054 -0.0495287 0.0
0.99907 -0.0526013 0.0
0.99911 -0.0557213 0.0
0.999177 -0.0588854 0.0
0.999274 -0.0620902 0.0
0.999404 -0.0653315 0.0
0.99957 -0.0686046 0.0
0.999774 -0.0719044 0.0
1.00002 -0.0752253 0.0
1.00031 -0.0785611 0.0
1.00065 -0.0819051 0.0
1.00103 -0.0852503 0.0
1.00147 -0.0885893 0.0
1.00195 -0.0919143 0.0
1.00249 -0.0952172 0.0
1.00307 -0.0984896 0.0
1.00371 -0.101723 0.0
1.0044 -0.10491 0.0
1.00514 -0.10804 0.0
1.00593 -0.111106 0.0
1.00676 -0.1141 0.0
1.00764 -0.117014 0.0
1.00855 -0.11984 0.0
1.00949 -0.122571 0.0
1.01047 -0.125202 0.0
1.01147 -0.127726 0.0
1.01248 -0.130139 0.0
1.01351 -0.132436 0.0
1.01455 -0.134614 0.0
1.01558 -0.136672 0.0
1.01661 -0.138606 0.0
1.01763 -0.140418 0.0
1.01863 -0.142106 0.0
1.0196 -0.143674 0.0
1.02055 -0.145122 0.0
1.02145 -0.146453 0.0
1.02232 -0.147672 0.0
1.02313 -0.148783 0.0
1.0239 -0.149791 0.0
1.02461 -0.150702 0.0
1.02526 -0.151522 0.0
1.02585 -0.152258 0.0
1.02638 -0.152916 0.0
1.02684 -0.153504 0.0
1.02723 -0.15403 0.0
1.02756 -0.154501 0.0
1.02782 -0.154926 0.0
1.02801 -0.155311 0.0
1.02813 -0.155665 0.0
1.0282 -0.155995 0.0
1.0282 -0.156309 0.0
1.02815 -0.156612 0.0
1.02804 -0.156913 0.0
1.02789 -0.157215 0.0
1.02769 -0.157526 0.0
1.02745 -0.157849 0.0
1.02719 -0.158189 0.0
1.0269 -0.158548 0.0
1.0266 -0.158929 0.0
1.02629 -0.159332 0.0
1.02598 -0.159758 0.0
1.02569 -0.160205 0.0
1.02541 -0.160671 0.0
1.02517 -0.161152 0.0
1.02497 -0.161643 0.0
1.02481 -0.162138 0.0
1.02472 -0.162628 0.0
1.02471 -0.163104 0.0
1.02477 -0.163556 0.0
1.02493 -0.16397 0.0
1.02519 -0.164333 0.0
1.02556 -0.16463 0.0
1.02606 -0.164843 0.0
1.02668 -0.164956 0.0
1.02744 -0.164948 0.0
1.02833 -0.164799 0.0
1.02938 -0.164487 0.0
1.03057 -0.163989 0.0
1.03192 -0.163283 0.0
1.03342 -0.162343 0.0
1.03507 -0.161146 0.0
1.03688 -0.159666 0.0
1.03883 -0.157878 0.0
1.04092 -0.155757 0.0
1.04313 -0.15328 0.0
1.04548 -0.150422 0.0
1.04792 -0.147161 0.0
1.05047 -0.143477 0.0
1.05309 -0.13935 0.0
1.05577 -0.134763 0.0
1.0585 -0.129701 0.0
1.06124 -0.124154 0.0
1.06398 -0.118111 0.0
1.06669 -0.111568 0.0
1.06936 -0.104523 0.0
1.07194 -0.0969783 0.0
1.07442 -0.0889407 0.0
1.07677 -0.0804205 0.0
1.07897 -0.0714327 0.0
1.08098 -0.0619964 0.0
1.08279 -0.0521351 0.0
1.08436 -0.0418766 0.0
1.08567 -0.0312527 0.0
1.0867 -0.0202988 0.0
1.08743 -0.00905398 0.0
1.08784 0.00243945 0.0
1.08791 0.0141386 0.0
1.08764 0.0260008 0.0
1.087 0.0379814 0.0
1.08598 0.0500345 0.0
1.0846 0.0621126 0.0
1.08283 0.0741674 0.0
1.08068 0.0861499 0.0
1.07815 0.0980111 0.0
1.07524 0.109702 0.0
1.07198 0.121175 0.0
1.06837 0.132382 0.0
1.06442 0.143278 0.0
1.06016 0.153818 0.0
1.05561 0.163963 0.0
1.05079 0.173672 0.0
1.04573 0.182909 0.0
1.04046 0.191641 0.0
1.03501 0.199837 0.0
1.02942 0.207472 0.0
1.02372 0.21452 0.0
1.01794 0.220962 0.0
1.01212 0.226779 0.0
1.0063 0.231958 0.0
1.0005 0.236487 0.0
0.994757 0.240357 0.0
0.989106 0.243562 0.0
0.983573 0.246097 0.0
0.978182 0.247962 0.0
0.972957 0.249158 0.0
0.967917 0.249686 0.0
0.96308 0.249553 0.0
0.958458 0.248764 0.0
0.954063 0.247331 0.0
0.949904 0.245264 0.0
0.945985 0.242578 0.0
0.942312 0.239288 0.0
0.938886 0.235413 0.0
0.935706 0.230974 0.0
0.932771 0.225994 0.0
0.930079 0.220498 0.0
0.927626 0.214514 0.0
0.925408 0.20807 0.0
0.92342 0.2012 0.0
0.921658 0.193936 0.0
0.920115 0.186312 0.0
0.918787 0.178366 0.0
0.917668 0.170134 0.0
0.916752 0.161654 0.0
0.916035 0.152966 0.0
0.915509 0.144108 0.0
0.91517 0.135119 0.0
0.915011 0.126037 0.0
0.915027 0.116902 0.0
0.91521 0.10775 0.0
0.915554 0.0986176 0.0
0.916051 0.0895398 0.0
0.916693 0.0805498 0.0
0.91747 0.071679 0.0
0.918372 0.062957 0.0
0.919388 0.054411 0.0
0.920505 0.0460655 0.0
0.921708 0.0379427 0.0
0.922982 0.0300615 0.0
0.924308 0.0224378 0.0
0.925668 0.0150839 0.0
0.92704 0.0080084 0.0
0.928402 0.00121525 0.0
0.929727 -0.0052965 0.0
0.930989 -0.0115307 0.0
0.932159 -0.0174965 0.0
0.933205 -0.0232086 0.0
0.934097 -0.0286882 0.0
0.934802 -0.0339607 0.0
0.935291 -0.0390286 0.0
0.935546 -0.0435674 0.0
0.999997 -0.0010492 0.0
0.999986 -0.00317826 0.0
0.999964 -0.00534106 0.0
0.99993 -0.00754063 0.0
0.999887 -0.00977988 0.0
0.999833 -0.0120616 0.0
0.999771 -0.0143885 0.0
0.9997 -0.0167629 0.0
0.999623 -0.0191872 0.0
0.999541 -0.0216635 0.0
0.999456 -0.0241936 0.0
0.999369 -0.026779 0.0
0.999283 -0.0294211 0.0
0.999199 -0.0321206 0.0
0.999121 -0.0348784 0.0
0.999052 -0.0376945 0.0
0.998993 -0.0405688 0.0
0.998948 -0.0435008 0.0
0.998921 -0.0464894 0.0
0.998914 -0.049533 0.0
0.998931 -0.0526297 0.0
0.998975 -0.0557769 0.0
0.99905 -0.0589717 0.0
0.999159 -0.0622103 0.0
0.999307 -0.0654886 0.0
0.999495 -0.0688018 0.0
0.999728 -0.0721448 0.0
1.00001 -0.0755116 0.0
1.00034 -0.0788959 0.0
1.00072 -0.0822907 0.0
1.00116 -0.0856887 0.0
1.00166 -0.0890819 0.0
1.00222 -0.0924622 0.0
1.00283 -0.095821 0.0
1.00351 -0.0991495 0.0
1.00424 -0.102439 0.0
1.00504 -0.105679 0.0
1.00589 -0.108862 0.0
1.0068 -0.111979 0.0
1.00776 -0.11502 0.0
1.00877 -0.117977 0.0
1.00982 -0.120842 0.0
1.01091 -0.123608 0.0
1.01204 -0.126268 0.0
1.0132 -0.128816 0.0
1.01438 -0.131246 0.0
1.01557 -0.133554 0.0
1.01678 -0.135736 0.0
1.01798 -0.13779 0.0
1.01918 -0.139715 0.0
1.02036 -0.14151 0.0
1.02153 -0.143176 0.0
1.02266 -0.144713 0.0
1.02376 -0.146125 0.0
1.02482 -0.147415 0.0
1.02584 -0.148587 0.0
1.02679 -0.149645 0.0
1.02769 -0.150596 0.0
1.02853 -0.151446 0.0
1.0293 -0.152201 0.0
1.03 -0.152869 0.0
1.03063 -0.153458 0.0
1.03118 -0.153975 0.0
1.03166 -0.154429 0.0
1.03206 -0.154828 0.0
1.03238 -0.15518 0.0
1.03263 -0.155495 0.0
1.0328 -0.15578 0.0
1.0329 -0.156044 0.0
1.03293 -0.156294 0.0
1.03289 -0.156538 0.0
1.0328 -0.156784 0.0
1.03264 -0.157037 0.0
1.03244 -0.157304 0.0
1.0322 -0.157591 0.0
1.03191 -0.157901 0.0
1.03161 -0.158239 0.0
1.03128 -0.158607 0.0
1.03094 -0.159007 0.0
1.03061 -0.159439 0.0
1.03028 -0.159903 0.0
1.02998 -0.160395 0.0
1.02971 -0.160914 0.0
1.02948 -0.161454 0.0
1.02931 -0.162008 0.0
1.02921 -0.162569 0.0
1.02919 -0.163127 0.0
1.02926 -0.163671 0.0
1.02944 -0.164188 0.0
1.02973 -0.164665 0.0
1.03014 -0.165084 0.0
1.03069 -0.16543 0.0
1.03138 -0.165682 0.0
1.03222 -0.165821 0.0
1.03323 -0.165825 0.0
1.03439 -0.16567 0.0
1.03572 -0.165334 0.0
1.03723 -0.16479 0.0
1.0389 -0.164013 0.0
1.04075 -0.162976 0.0
1.04276 -0.161652 0.0
1.04494 -0.160016 0.0
1.04727 -0.158038 0.0
1.04975 -0.155695 0.0
1.05236 -0.152959 0.0
1.05509 -0.149806 0.0
1.05793 -0.146213 0.0
1.06085 -0.14216 0.0
1.06384 -0.137627 0.0
1.06688 -0.132598 0.0
1.06994 -0.12706 0.0
1.073 -0.121002 0.0
1.07602 -0.114419 0.0
1.079 -0.107308 0.0
1.08189 -0.0996699 0.0
1.08467 -0.0915114 0.0
1.08731 -0.0828427 0.0
1.08978 -0.0736788 0.0
1.09206 -0.0640392 0.0
1.09411 -0.0539482 0.0
1.09591 -0.0434344 0.0
1.09744 -0.0325308 0.0
1.09866 -0.0212746 0.0
1.09956 -0.00970672 0.0
1.10011 0.00212807 0.0
1.10031 0.0141845 0.0
1.10012 0.0264176 0.0
1.09954 0.0387805 0.0
1.09857 0.0512244 0.0
1.09718 0.0636989 0.0
1.09538 0.0761525 0.0
1.09316 0.0885331 0.0
1.09053 0.100788 0.0
1.08749 0.112865 0.0
1.08405 0.124713 0.0
1.08023 0.136282 0.0
1.07603 0.147521 0.0
1.07148 0.158385 0.0
1.0666 0.168828 0.0
1.06142 0.17881 0.0
1.05596 0.188291 0.0
1.05025 0.197235 0.0
1.04433 0.205611 0.0
1.03823 0.213391 0.0
1.03198 0.220549 0.0
1.02563 0.227064 0.0
1.0192 0.23292 0.0
1.01275 0.238101 0.0
1.00629 0.242598 0.0
0.999875 0.246402 0.0
0.993531 0.249511 0.0
0.987292 0.251921 0.0
0.981188 0.253634 0.0
0.975245 0.254654 0.0
0.969488 0.254986 0.0
0.96394 0.254639 0.0
0.958617 0.253622 0.0
0.953536 0.251949 0.0
0.94871 0.249632 0.0
0.944149 0.24669 0.0
0.939859 0.243139 0.0
0.935846 0.239002 0.0
0.932113 0.234299 0.0
0.92866 0.229057 0.0
0.925487 0.2233 0.0
0.922592 0.217059 0.0
0.919973 0.210363 0.0
0.917624 0.203244 0.0
0.915543 0.195736 0.0
0.913723 0.187875 0.0
0.912159 0.179696 0.0
0.910846 0.171237 0.0
0.909777 0.162536 0.0
0.908946 0.153633 0.0
0.908347 0.144566 0.0
0.907972 0.135374 0.0
0.907815 0.126097 0.0
0.907868 0.116773 0.0
0.908123 0.107441 0.0
0.908571 0.0981353 0.0
0.909202 0.0888936 0.0
0.910007 0.0797495 0.0
0.910973 0.0707356 0.0
0.912089 0.0618825 0.0
0.91334 0.0532188 0.0
0.91471 0.0447706 0.0
0.916183 0.0365617 0.0
0.917739 0.0286128 0.0
0.919357 0.0209416 0.0
0.921015 0.0135626 0.0
0.922686 0.00648622 0.0
0.924344 -0.000281401 0.0
0.925957 -0.00673859 0.0
0.927493 -0.0128869 0.0
0.928917 -0.0187337 0.0
0.930192 -0.0242922 0.0
0.931278 -0.0295828 0.0
0.932138 -0.0346307 0.0
0.932732 -0.0394416 0.0
0.93304 -0.0437181 0.0
0.999997 -0.00104323 0.0
0.999984 -0.00316026 0.0
0.999958 -0.00531117 0.0
0.99992 -0.00749921 0.0
0.99987 -0.00972751 0.0
0.999809 -0.0119991 0.0
0.999737 -0.0143168 0.0
0.999657 -0.0166834 0.0
0.999568 -0.0191014 0.0
0.999474 -0.021573 0.0
0.999376 -0.0241004 0.0
0.999276 -0.0266852 0.0
0.999176 -0.0293289 0.0
0.999079 -0.0320328 0.0
0.998988 -0.0347976 0.0
0.998906 -0.0376237 0.0
0.998837 -0.0405112 0.0
0.998782 -0.0434595 0.0
0.998747 -0.046468 0.0
0.998735 -0.049535 0.0
0.998749 -0.0526588 0.0
0.998794 -0.0558368 0.0
0.998873 -0.0590661 0.0
0.998991 -0.0623431 0.0
0.999152 -0.0656635 0.0
0.999359 -0.0690224 0.0
0.999616 -0.0724146 0.0
0.999928 -0.0758338 0.0
1.0003 -0.0792736 0.0
1.00073 -0.0827266 0.0
1.00122 -0.086185 0.0
1.00178 -0.0896406 0.0
1.0024 -0.0930846 0.0
1.0031 -0.0965079 0.0
1.00386 -0.0999011 0.0
1.00469 -0.103254 0.0
1.00559 -0.106558 0.0
1.00656 -0.109802 0.0
1.00759 -0.112977 0.0
1.00868 -0.116073 0.0
1.00983 -0.119081 0.0
1.01103 -0.121993 0.0
1.01228 -0.124799 0.0
1.01356 -0.127494 0.0
1.01489 -0.130069 0.0
1.01623 -0.13252 0.0
1.0176 -0.134841 0.0
1.01898 -0.137029 0.0
1.02036 -0.139081 0.0
1.02173 -0.140996 0.0
1.02309 -0.142773 0.0
1.02442 -0.144412 0.0
1.02573 -0.145916 0.0
1.02699 -0.147288 0.0
1.02821 -0.14853 0.0
1.02937 -0.149648 0.0
1.03048 -0.150647 0.0
1.03152 -0.151533 0.0
1.03248 -0.152314 0.0
1.03338 -0.152996 0.0
1.03419 -0.153588 0.0
1.03492 -0.154097 0.0
1.03556 -0.154533 0.0
1.03612 -0.154905 0.0
1.03659 -0.155222 0.0
1.03698 -0.155493 0.0
1.03728 -0.155727 0.0
1.03749 -0.155933 0.0
1.03762 -0.156121 0.0
1.03767 -0.156298 0.0
1.03765 -0.156474 0.0
1.03755 -0.156657 0.0
1.0374 -0.156853 0.0
1.03718 -0.15707 0.0
1.03691 -0.157314 0.0
1.03661 -0.15759 0.0
1.03627 -0.157902 0.0
1.0359 -0.158254 0.0
1.03553 -0.158648 0.0
1.03515 -0.159085 0.0
1.03478 -0.159565 0.0
1.03444 -0.160085 0.0
1.03413 -0.160644 0.0
1.03386 -0.161236 0.0
1.03366 -0.161856 0.0
1.03354 -0.162494 0.0
1.0335 -0.163142 0.0
1.03356 -0.163788 0.0
1.03374 -0.16442 0.0
1.03404 -0.165022 0.0
1.03447 -0.165579 0.0
1.03506 -0.16607 0.0
1.03581 -0.166478 0.0
1.03672 -0.166781 0.0
1.03781 -0.166954 0.0
1.03907 -0.166975 0.0
1.04053 -0.166816 0.0
1.04217 -0.166453 0.0
1.044 -0.165855 0.0
1.04602 -0.164996 0.0
1.04822 -0.163847 0.0
1.0506 -0.162377 0.0
1.05315 -0.160558 0.0
1.05586 -0.158361 0.0
1.05872 -0.155759 0.0
1.0617 -0.152725 0.0
1.0648 -0.149233 0.0
1.068 -0.14526 0.0
1.07127 -0.140787 0.0
1.07459 -0.135794 0.0
1.07793 -0.130266 0.0
1.08127 -0.124194 0.0
1.08458 -0.117568 0.0
1.08783 -0.110386 0.0
1.091 -0.102648 0.0
1.09404 -0.0943605 0.0
1.09694 -0.0855335 0.0
1.09966 -0.0761821 0.0
1.10218 -0.0663263 0.0
1.10446 -0.0559908 0.0
1.10647 -0.0452053 0.0
1.10819 -0.034004 0.0
1.10959 -0.0224258 0.0
1.11065 -0.0105136 0.0
1.11135 0.00168556 0.0
1.11166 0.0141237 0.0
1.11157 0.026754 0.0
1.11106 0.0395269 0.0
1.11012 0.052391 0.0
1.10875 0.0652928 0.0
1.10693 0.0781776 0.0
1.10467 0.0909899 0.0
1.10196 0.103674 0.0
1.0988 0.116173 0.0
1.09521 0.128433 0.0
1.0912 0.1404 0.0
1.08678 0.15202 0.0
1.08197 0.163244 0.0
1.07679 0.174025 0.0
1.07128 0.184316 0.0
1.06544 0.194077 0.0
1.05933 0.20327 0.0
1.05297 0.211861 0.0
1.04639 0.219819 0.0
1.03964 0.227118 0.0
1.03275 0.233737 0.0
1.02576 0.239658 0.0
1.01872 0.244867 0.0
1.01165 0.249353 0.0
1.0046 0.253111 0.0
0.997608 0.256138 0.0
0.990707 0.258434 0.0
0.98393 0.260002 0.0
0.977309 0.260849 0.0
0.970874 0.260983 0.0
0.964649 0.260416 0.0
0.958657 0.25916 0.0
0.952919 0.25723 0.0
0.94745 0.254645 0.0
0.942266 0.251423 0.0
0.937376 0.247586 0.0
0.932789 0.243155 0.0
0.928511 0.238157 0.0
0.924545 0.232617 0.0
0.920894 0.226564 0.0
0.917558 0.220027 0.0
0.914534 0.213038 0.0
0.91182 0.20563 0.0
0.909413 0.197838 0.0
0.907309 0.189697 0.0
0.905501 0.181244 0.0
0.903985 0.172518 0.0
0.902753 0.163556 0.0
0.9018 0.154398 0.0
0.901117 0.145083 0.0
0.900698 0.135651 0.0
0.900533 0.126142 0.0
0.900615 0.116594 0.0
0.900933 0.107047 0.0
0.901478 0.0975368 0.0
0.902237 0.0881012 0.0
0.903199 0.078775 0.0
0.904351 0.0695922 0.0
0.905676 0.0605847 0.0
0.907159 0.0517825 0.0
0.908782 0.0432137 0.0
0.910525 0.0349036 0.0
0.912364 0.0268751 0.0
0.914277 0.0191483 0.0
0.916235 0.0117397 0.0
0.918211 0.00466249 0.0
0.92017 -0.00207473 0.0
0.922079 -0.00846687 0.0
0.923897 -0.0145129 0.0
0.925583 -0.0202177 0.0
0.927093 -0.0255929 0.0
0.928381 -0.030657 0.0
0.9294 -0.035435 0.0
0.930104 -0.0399356 0.0
0.930466 -0.0438945 0.0
0.999996 -0.00103639 0.0
0.999982 -0.00313964 0.0
0.999952 -0.00527695 0.0
0.999909 -0.00745179 0.0
0.999851 -0.00966755 0.0
0.999781 -0.0119275 0.0
0.999699 -0.0142347 0.0
0.999606 -0.0165923 0.0
0.999505 -0.0190028 0.0
0.999396 -0.0214688 0.0
0.999283 -0.0239927 0.0
0.999167 -0.0265765 0.0
0.999051 -0.0292218 0.0
0.998938 -0.0319301 0.0
0.998831 -0.0347024 0.0
0.998733 -0.0375393 0.0
0.998648 -0.0404411 0.0
0.998581 -0.0434075 0.0
0.998534 -0.0464378 0.0
0.998512 -0.0495308 0.0
0.998519 -0.0526846 0.0
0.99856 -0.055897 0.0
0.99864 -0.0591649 0.0
0.998762 -0.0624847 0.0
0.998932 -0.0658523 0.0
0.999154 -0.0692626 0.0
0.999432 -0.0727101 0.0
0.999771 -0.0761886 0.0
1.00017 -0.0796911 0.0
1.00065 -0.08321 0.0
1.00119 -0.0867371 0.0
1.00181 -0.0902636 0.0
1.0025 -0.0937803 0.0
1.00327 -0.0972773 0.0
1.00412 -0.100744 0.0
1.00505 -0.104171 0.0
1.00606 -0.107547 0.0
1.00714 -0.110862 0.0
1.00829 -0.114104 0.0
1.00952 -0.117264 0.0
1.01081 -0.120331 0.0
1.01217 -0.123296 0.0
1.01357 -0.12615 0.0
1.01502 -0.128885 0.0
1.01652 -0.131493 0.0
1.01804 -0.133968 0.0
1.01959 -0.136305 0.0
1.02115 -0.1385 0.0
1.02271 -0.140551 0.0
1.02426 -0.142454 0.0
1.0258 -0.144211 0.0
1.02731 -0.145822 0.0
1.02879 -0.147289 0.0
1.03023 -0.148615 0.0
1.03161 -0.149804 0.0
1.03293 -0.150861 0.0
1.03419 -0.151793 0.0
1.03537 -0.152607 0.0
1.03647 -0.153309 0.0
1.03749 -0.153909 0.0
1.03841 -0.154414 0.0
1.03925 -0.154834 0.0
1.03999 -0.155179 0.0
1.04063 -0.155459 0.0
1.04117 -0.155682 0.0
1.04161 -0.15586 0.0
1.04196 -0.156003 0.0
1.04221 -0.15612 0.0
1.04236 -0.156221 0.0
1.04243 -0.156316 0.0
1.04241 -0.156414 0.0
1.04232 -0.156525 0.0
1.04214 -0.156655 0.0
1.04191 -0.156814 0.0
1.04161 -0.157008 0.0
1.04126 -0.157243 0.0
1.04088 -0.157524 0.0
1.04047 -0.157856 0.0
1.04004 -0.158241 0.0
1.03961 -0.158681 0.0
1.03918 -0.159177 0.0
1.03878 -0.159726 0.0
1.03841 -0.160327 0.0
1.0381 -0.160976 0.0
1.03785 -0.161665 0.0
1.03768 -0.162388 0.0
1.0376 -0.163134 0.0
1.03764 -0.163892 0.0
1.03779 -0.164648 0.0
1.03809 -0.165388 0.0
1.03853 -0.166094 0.0
1.03913 -0.166747 0.0
1.03991 -0.167325 0.0
1.04087 -0.167806 0.0
1.04202 -0.168166 0.0
1.04337 -0.168378 0.0
1.04492 -0.168416 0.0
1.04667 -0.168249 0.0
1.04863 -0.167848 0.0
1.05079 -0.167183 0.0
1.05315 -0.166222 0.0
1.05571 -0.164934 0.0
1.05844 -0.163286 0.0
1.06135 -0.161249 0.0
1.06441 -0.158791 0.0
1.06761 -0.155883 0.0
1.07094 -0.152499 0.0
1.07436 -0.148613 0.0
1.07786 -0.144202 0.0
1.08141 -0.139247 0.0
1.08498 -0.133731 0.0
1.08856 -0.127642 0.0
1.0921 -0.120971 0.0
1.09558 -0.113714 0.0
1.09897 -0.105871 0.0
1.10223 -0.0974487 0.0
1.10534 -0.0884561 0.0
1.10827 -0.0789087 0.0
1.11098 -0.068827 0.0
1.11345 -0.0582363 0.0
1.11565 -0.0471671 0.0
1.11754 -0.0356549 0.0
1.1191 -0.0237398 0.0
1.12031 -0.0114668 0.0
1.12114 0.0011149 0.0
1.12157 0.0139547 0.0
1.12158 0.0270038 0.0
1.12115 0.0402104 0.0
1.12027 0.0535202 0.0
1.11893 0.0668768 0.0
1.11712 0.0802221 0.0
1.11483 0.0934972 0.0
1.11207 0.106642 0.0
1.10883 0.119598 0.0
1.10512 0.132305 0.0
1.10096 0.144705 0.0
1.09635 0.156743 0.0
1.09132 0.168365 0.0
1.08588 0.179518 0.0
1.08006 0.190156 0.0
1.0739 0.200233 0.0
1.06742 0.209709 0.0
1.06065 0.218548 0.0
1.05364 0.226717 0.0
1.04643 0.234189 0.0
1.03904 0.24094 0.0
1.03153 0.246953 0.0
1.02394 0.252213 0.0
1.0163 0.256711 0.0
1.00866 0.260441 0.0
1.00106 0.263401 0.0
0.99354 0.265594 0.0
0.986133 0.267026 0.0
0.978876 0.267704 0.0
0.971801 0.26764 0.0
0.964938 0.266848 0.0
0.958313 0.265344 0.0
0.951951 0.263147 0.0
0.945871 0.260277 0.0
0.940091 0.256756 0.0
0.934626 0.252608 0.0
0.929487 0.247859 0.0
0.924683 0.242536 0.0
0.92022 0.236667 0.0
0.916103 0.230282 0.0
0.912333 0.223414 0.0
0.908912 0.216096 0.0
0.905838 0.208361 0.0
0.903108 0.200245 0.0
0.900719 0.191784 0.0
0.898666 0.183018 0.0
0.896944 0.173983 0.0
0.895546 0.16472 0.0
0.894466 0.155268 0.0
0.893695 0.145666 0.0
0.893225 0.135957 0.0
0.893047 0.126178 0.0
0.893152 0.116372 0.0
0.893528 0.106575 0.0
0.894164 0.0968282 0.0
0.895046 0.087168 0.0
0.896161 0.0776311 0.0
0.897493 0.0682528 0.0
0.899025 0.0590666 0.0
0.900738 0.0501041 0.0
0.902612 0.0413954 0.0
0.904624 0.0329679 0.0
0.906748 0.0248469 0.0
0.908957 0.0170548 0.0
0.91122 0.00961102 0.0
0.913505 0.00253164 0.0
0.915772 -0.00417118 0.0
0.917982 -0.0104886 0.0
0.92009 -0.0164164 0.0
0.922046 -0.0219567 0.0
0.9238 -0.0271183 0.0
0.925298 -0.0319177 0.0
0.926483 -0.0363784 0.0
0.9273 -0.0405127 0.0
0.927715 -0.044095 0.0
0.999996 -0.00102854 0.0
0.999979 -0.00311603 0.0
0.999945 -0.00523776 0.0
0.999896 -0.00739748 0.0
0.99983 -0.00959886 0.0
0.999749 -0.0118454 0.0
0.999655 -0.0141405 0.0
0.999549 -0.0164875 0.0
0.999432 -0.0188892 0.0
0.999307 -0.0213486 0.0
0.999176 -0.0238681 0.0
0.999041 -0.0264501 0.0
0.998905 -0.0290966 0.0
0.998772 -0.0318093 0.0
0.998645 -0.0345893 0.0
0.998528 -0.0374376 0.0
0.998425 -0.0403547 0.0
0.998339 -0.0433406 0.0
0.998276 -0.0463947 0.0
0.99824 -0.0495159 0.0
0.998236 -0.0527027 0.0
0.998269 -0.0559528 0.0
0.998343 -0.0592633 0.0
0.998465 -0.0626306 0.0
0.99864 -0.0660505 0.0
0.998871 -0.069518 0.0
0.999166 -0.0730273 0.0
0.999528 -0.076572 0.0
0.999961 -0.0801448 0.0
1.00047 -0.0837378 0.0
1.00106 -0.0873423 0.0
1.00174 -0.0909489 0.0
1.00249 -0.0945478 0.0
1.00334 -0.0981283 0.0
1.00428 -0.10168 0.0
1.0053 -0.10519 0.0
1.00642 -0.108649 0.0
1.00762 -0.112044 0.0
1.0089 -0.115363 0.0
1.01027 -0.118596 0.0
1.01171 -0.121731 0.0
1.01322 -0.124758 0.0
1.01479 -0.127666 0.0
1.01642 -0.130448 0.0
1.01809 -0.133094 0.0
1.01979 -0.135598 0.0
1.02153 -0.137954 0.0
1.02328 -0.140158 0.0
1.02503 -0.142207 0.0
1.02678 -0.144099 0.0
1.0285 -0.145834 0.0
1.0302 -0.147413 0.0
1.03187 -0.148838 0.0
1.03348 -0.150113 0.0
1.03503 -0.151242 0.0
1.03652 -0.152232 0.0
1.03793 -0.153089 0.0
1.03926 -0.15382 0.0
1.0405 -0.154435 0.0
1.04164 -0.154942 0.0
1.04268 -0.15535 0.0
1.04362 -0.15567 0.0
1.04445 -0.155913 0.0
1.04517 -0.156088 0.0
1.04578 -0.156207 0.0
1.04629 -0.156281 0.0
1.04668 -0.15632 0.0
1.04696 -0.156336 0.0
1.04714 -0.156339 0.0
1.04721 -0.156341 0.0
1.0472 -0.156351 0.0
1.04708 -0.156379 0.0
1.04689 -0.156435 0.0
1.04662 -0.156527 0.0
1.04628 -0.156662 0.0
1.04589 -0.156849 0.0
1.04545 -0.157094 0.0
1.04497 -0.1574 0.0
1.04448 -0.157772 0.0
1.04397 -0.158213 0.0
1.04347 -0.158723 0.0
1.043 -0.159301 0.0
1.04256 -0.159946 0.0
1.04217 -0.160654 0.0
1.04185 -0.161418 0.0
1.04162 -0.16223 0.0
1.04148 -0.163082 0.0
1.04147 -0.16396 0.0
1.04158 -0.164852 0.0
1.04184 -0.165741 0.0
1.04227 -0.166608 0.0
1.04286 -0.167435 0.0
1.04365 -0.168198 0.0
1.04463 -0.168873 0.0
1.04581 -0.169434 0.0
1.04721 -0.169854 0.0
1.04882 -0.170102 0.0
1.05065 -0.170147 0.0
1.0527 -0.169958 0.0
1.05497 -0.1695 0.0
1.05744 -0.168741 0.0
1.06012 -0.167646 0.0
1.06299 -0.16618 0.0
1.06604 -0.164311 0.0
1.06926 -0.162005 0.0
1.07262 -0.159231 0.0
1.0761 -0.155959 0.0
1.07969 -0.152162 0.0
1.08335 -0.147816 0.0
1.08706 -0.142899 0.0
1.0908 -0.137394 0.0
1.09454 -0.131287 0.0
1.09824 -0.124568 0.0
1.10188 -0.117233 0.0
1.10542 -0.109282 0.0
1.10884 -0.10072 0.0
1.1121 -0.091558 0.0
1.11517 -0.0818102 0.0
1.11803 -0.0714978 0.0
1.12064 -0.0606466 0.0
1.12298 -0.0492879 0.0
1.12501 -0.0374578 0.0
1.12671 -0.0251979 0.0
1.12805 -0.0125545 0.0
1.129 0.000421219 0.0
1.12955 0.0136761 0.0
1.12966 0.0271595 0.0
1.12932 0.0408175 0.0
1.12852 0.0545931 0.0
1.12724 0.0684269 0.0
1.12546 0.0822575 0.0
1.12319 0.0960224 0.0
1.12041 0.109658 0.0
1.11713 0.123101 0.0
1.11336 0.136287 0.0
1.10909 0.149156 0.0
1.10434 0.161647 0.0
1.09914 0.173701 0.0
1.09349 0.185264 0.0
1.08743 0.196284 0.0
1.08099 0.206714 0.0
1.07419 0.216508 0.0
1.06707 0.225629 0.0
1.05968 0.234042 0.0
1.05204 0.241716 0.0
1.04421 0.248629 0.0
1.03622 0.254761 0.0
1.02813 0.260096 0.0
1.01997 0.264627 0.0
1.01178 0.268347 0.0
1.00362 0.271256 0.0
0.995525 0.273359 0.0
0.987532 0.274661 0.0
0.979681 0.275175 0.0
0.972009 0.274915 0.0
0.964549 0.273896 0.0
0.95733 0.272139 0.0
0.950381 0.269664 0.0
0.943725 0.266496 0.0
0.937382 0.262659 0.0
0.931372 0.258181 0.0
0.925708 0.253089 0.0
0.920403 0.247415 0.0
0.915465 0.241188 0.0
0.910901 0.234442 0.0
0.906716 0.22721 0.0
0.902911 0.219526 0.0
0.899487 0.211428 0.0
0.896443 0.202951 0.0
0.893776 0.194134 0.0
0.891483 0.185015 0.0
0.889558 0.175633 0.0
0.887995 0.16603 0.0
0.886788 0.156245 0.0
0.885928 0.14632 0.0
0.885406 0.136295 0.0
0.885213 0.126211 0.0
0.885337 0.11611 0.0
0.885768 0.106031 0.0
0.886491 0.0960139 0.0
0.887492 0.0860983 0.0
0.888756 0.0763216 0.0
0.890266 0.0667207 0.0
0.892002 0.0573307 0.0
0.893944 0.0481853 0.0
0.896067 0.0393166 0.0
0.898348 0.0307544 0.0
0.900758 0.0225265 0.0
0.903266 0.0146583 0.0
0.905837 0.00717241 0.0
0.908435 8.86244e-05 0.0
0.911015 -0.00657651 0.0
0.913532 -0.0128101 0.0
0.915935 -0.0186044 0.0
0.918167 -0.0239578 0.0
0.920172 -0.0288756 0.0
0.921885 -0.0333711 0.0
0.92324 -0.037466 0.0
0.924173 -0.0411749 0.0
0.924642 -0.044317 0.0
0.999995 -0.00101956 0.0
0.999976 -0.00308901 0.0
0.999938 -0.00519294 0.0
0.999881 -0.00733536 0.0
0.999806 -0.00952024 0.0
0.999713 -0.0117514 0.0
0.999605 -0.0140325 0.0
0.999483 -0.0163671 0.0
0.999349 -0.0187584 0.0
0.999205 -0.0212097 0.0
0.999053 -0.0237237 0.0
0.998896 -0.026303 0.0
0.998738 -0.02895 0.0
0.998581 -0.0316666 0.0
0.998431 -0.0344544 0.0
0.99829 -0.0373145 0.0
0.998163 -0.0402476 0.0
0.998055 -0.0432541 0.0
0.997971 -0.0463337 0.0
0.997915 -0.0494854 0.0
0.997894 -0.0527079 0.0
0.997913 -0.0559991 0.0
0.997977 -0.0593562 0.0
0.998093 -0.0627756 0.0
0.998266 -0.0662531 0.0
0.998503 -0.0697837 0.0
0.998808 -0.0733614 0.0
0.999188 -0.0769796 0.0
0.999648 -0.0806307 0.0
1.00019 -0.0843064 0.0
1.00083 -0.0879974 0.0
1.00155 -0.0916939 0.0
1.00238 -0.0953852 0.0
1.0033 -0.09906 0.0
1.00432 -0.102706 0.0
1.00544 -0.106312 0.0
1.00666 -0.109864 0.0
1.00799 -0.113351 0.0
1.0094 -0.116758 0.0
1.01091 -0.120074 0.0
1.0125 -0.123287 0.0
1.01418 -0.126384 0.0
1.01592 -0.129355 0.0
1.01773 -0.13219 0.0
1.01959 -0.134881 0.0
1.02149 -0.137418 0.0
1.02342 -0.139797 0.0
1.02536 -0.142012 0.0
1.02732 -0.14406 0.0
1.02927 -0.14594 0.0
1.03119 -0.14765 0.0
1.03309 -0.149194 0.0
1.03494 -0.150572 0.0
1.03674 -0.15179 0.0
1.03847 -0.152852 0.0
1.04013 -0.153766 0.0
1.0417 -0.154539 0.0
1.04319 -0.155178 0.0
1.04456 -0.155695 0.0
1.04584 -0.156098 0.0
1.047 -0.156398 0.0
1.04804 -0.156606 0.0
1.04897 -0.156734 0.0
1.04977 -0.156792 0.0
1.05045 -0.156794 0.0
1.05101 -0.15675 0.0
1.05144 -0.156674 0.0
1.05175 -0.156577 0.0
1.05195 -0.15647 0.0
1.05203 -0.156366 0.0
1.052 -0.156276 0.0
1.05186 -0.156211 0.0
1.05164 -0.156181 0.0
1.05132 -0.156196 0.0
1.05093 -0.156265 0.0
1.05047 -0.156396 0.0
1.04996 -0.156596 0.0
1.04941 -0.156871 0.0
1.04883 -0.157225 0.0
1.04824 -0.157663 0.0
1.04765 -0.158185 0.0
1.04708 -0.158791 0.0
1.04654 -0.159481 0.0
1.04606 -0.16025 0.0
1.04565 -0.161091 0.0
1.04533 -0.161999 0.0
1.04511 -0.162962 0.0
1.04501 -0.163969 0.0
1.04506 -0.165005 0.0
1.04526 -0.166053 0.0
1.04564 -0.167093 0.0
1.04619 -0.168106 0.0
1.04695 -0.169066 0.0
1.04791 -0.169948 0.0
1.04909 -0.170724 0.0
1.0505 -0.171364 0.0
1.05213 -0.171835 0.0
1.05399 -0.172105 0.0
1.05608 -0.172138 0.0
1.05839 -0.171899 0.0
1.06093 -0.171351 0.0
1.06367 -0.170457 0.0
1.06661 -0.169181 0.0
1.06973 -0.167485 0.0
1.07302 -0.165335 0.0
1.07646 -0.162696 0.0
1.08002 -0.159538 0.0
1.08368 -0.155831 0.0
1.08742 -0.151549 0.0
1.09121 -0.146669 0.0
1.09502 -0.141172 0.0
1.09882 -0.135045 0.0
1.10258 -0.128277 0.0
1.10628 -0.120862 0.0
1.10989 -0.112802 0.0
1.11337 -0.104101 0.0
1.1167 -0.0947691 0.0
1.11985 -0.0848221 0.0
1.12279 -0.0742808 0.0
1.12548 -0.0631713 0.0
1.12791 -0.0515252 0.0
1.13004 -0.0393792 0.0
1.13184 -0.0267753 0.0
1.13328 -0.0137609 0.0
1.13435 -0.000388691 0.0
1.135 0.0132859 0.0
1.13523 0.0272108 0.0
1.135 0.0413301 0.0
1.1343 0.0555842 0.0
1.13311 0.0699109 0.0
1.13141 0.0842454 0.0
1.12919 0.0985215 0.0
1.12646 0.112672 0.0
1.1232 0.126629 0.0
1.11941 0.140325 0.0
1.1151 0.153693 0.0
1.11029 0.16667 0.0
1.10498 0.179193 0.0
1.09919 0.191201 0.0
1.09296 0.202641 0.0
1.0863 0.213458 0.0
1.07926 0.223607 0.0
1.07186 0.233046 0.0
1.06414 0.241736 0.0
1.05615 0.249646 0.0
1.04793 0.25675 0.0
1.03953 0.263028 0.0
1.03099 0.268465 0.0
1.02236 0.27305 0.0
1.01369 0.27678 0.0
1.00502 0.279655 0.0
0.996394 0.28168 0.0
0.987863 0.282864 0.0
0.979466 0.28322 0.0
0.971243 0.282766 0.0
0.963229 0.281519 0.0
0.95546 0.279504 0.0
0.947964 0.276744 0.0
0.94077 0.273266 0.0
0.933903 0.269099 0.0
0.927382 0.264272 0.0
0.921225 0.258818 0.0
0.915448 0.252769 0.0
0.910062 0.246158 0.0
0.905075 0.239022 0.0
0.900495 0.231395 0.0
0.896326 0.223315 0.0
0.892569 0.21482 0.0
0.889225 0.205947 0.0
0.886293 0.196737 0.0
0.883769 0.187229 0.0
0.881648 0.177464 0.0
0.879927 0.167484 0.0
0.878596 0.157329 0.0
0.877649 0.147043 0.0
0.877077 0.136666 0.0
0.876868 0.126242 0.0
0.877012 0.115811 0.0
0.877495 0.105416 0.0
0.878304 0.0950969 0.0
0.879423 0.0848949 0.0
0.880834 0.0748492 0.0
0.88252 0.0649982 0.0
0.884458 0.0553791 0.0
0.886626 0.0460276 0.0
0.888998 0.036978 0.0
0.891547 0.0282629 0.0
0.894242 0.019913 0.0
0.897049 0.011957 0.0
0.89993 0.00442149 0.0
0.902841 -0.00266914 0.0
0.905735 -0.00929356 0.0
0.90856 -0.0154346 0.0
0.911258 -0.0210803 0.0
0.913768 -0.0262245 0.0
0.916023 -0.0308683 0.0
0.917952 -0.0350207 0.0
0.91948 -0.0386998 0.0
0.920528 -0.0419224 0.0
0.921047 -0.0445575 0.0
0.999995 -0.00100929 0.0
0.999973 -0.00305817 0.0
0.999929 -0.00514175 0.0
0.999864 -0.0072644 0.0
0.999778 -0.00943037 0.0
0.999673 -0.0116438 0.0
0.999549 -0.0139087 0.0
0.999409 -0.0162288 0.0
0.999255 -0.0186079 0.0
0.999088 -0.0210493 0.0
0.998913 -0.0235563 0.0
0.998731 -0.0261317 0.0
0.998546 -0.0287783 0.0
0.998362 -0.0314981 0.0
0.998183 -0.0342933 0.0
0.998014 -0.0371652 0.0
0.997859 -0.040115 0.0
0.997723 -0.0431431 0.0
0.997612 -0.0462496 0.0
0.997532 -0.0494338 0.0
0.997488 -0.0526946 0.0
0.997487 -0.0560301 0.0
0.997535 -0.0594376 0.0
0.997638 -0.0629137 0.0
0.997804 -0.0664541 0.0
0.998039 -0.0700539 0.0
0.998349 -0.0737068 0.0
0.998742 -0.0774061 0.0
0.999222 -0.0811439 0.0
0.999795 -0.0849113 0.0
1.00047 -0.0886988 0.0
1.00124 -0.0924956 0.0
1.00213 -0.0962903 0.0
1.00312 -0.100071 0.0
1.00423 -0.103824 0.0
1.00545 -0.107537 0.0
1.00678 -0.111195 0.0
1.00823 -0.114785 0.0
1.00978 -0.118293 0.0
1.01143 -0.121704 0.0
1.01319 -0.125005 0.0
1.01503 -0.128183 0.0
1.01695 -0.131225 0.0
1.01895 -0.134122 0.0
1.021 -0.136863 0.0
1.02311 -0.139439 0.0
1.02525 -0.141844 0.0
1.02741 -0.144072 0.0
1.02957 -0.14612 0.0
1.03173 -0.147986 0.0
1.03387 -0.14967 0.0
1.03597 -0.151174 0.0
1.03803 -0.1525 0.0
1.04002 -0.153654 0.0
1.04194 -0.154642 0.0
1.04378 -0.15547 0.0
1.04552 -0.156149 0.0
1.04716 -0.156686 0.0
1.04868 -0.157093 0.0
1.05009 -0.15738 0.0
1.05137 -0.157559 0.0
1.05253 -0.157642 0.0
1.05355 -0.157642 0.0
1.05443 -0.15757 0.0
1.05517 -0.157441 0.0
1.05578 -0.157267 0.0
1.05625 -0.157061 0.0
1.05659 -0.156837 0.0
1.05679 -0.156607 0.0
1.05687 -0.156385 0.0
1.05682 -0.156182 0.0
1.05666 -0.156011 0.0
1.05639 -0.155883 0.0
1.05602 -0.15581 0.0
1.05556 -0.155802 0.0
1.05502 -0.155867 0.0
1.05443 -0.156015 0.0
1.05378 -0.156251 0.0
1.0531 -0.156582 0.0
1.05239 -0.157011 0.0
1.05169 -0.157542 0.0
1.051 -0.158175 0.0
1.05035 -0.158908 0.0
1.04974 -0.159739 0.0
1.04921 -0.160661 0.0
1.04877 -0.161667 0.0
1.04844 -0.162747 0.0
1.04824 -0.163888 0.0
1.04819 -0.165075 0.0
1.04829 -0.16629 0.0
1.04858 -0.167514 0.0
1.04905 -0.168722 0.0
1.04974 -0.169889 0.0
1.05064 -0.170988 0.0
1.05176 -0.171989 0.0
1.05312 -0.172859 0.0
1.05471 -0.173563 0.0
1.05654 -0.174065 0.0
1.0586 -0.174329 0.0
1.06089 -0.174314 0.0
1.0634 -0.173982 0.0
1.06612 -0.173293 0.0
1.06905 -0.172207 0.0
1.07215 -0.170685 0.0
1.07541 -0.16869 0.0
1.07882 -0.166185 0.0
1.08235 -0.163138 0.0
1.08597 -0.159517 0.0
1.08967 -0.155295 0.0
1.09341 -0.150448 0.0
1.09716 -0.144958 0.0
1.10091 -0.138808 0.0
1.10462 -0.13199 0.0
1.10827 -0.124497 0.0
1.11182 -0.116331 0.0
1.11526 -0.107495 0.0
1.11856 -0.0980005 0.0
1.12168 -0.087863 0.0
1.12461 -0.0771032 0.0
1.12732 -0.0657472 0.0
1.12977 -0.0538263 0.0
1.13194 -0.0413771 0.0
1.1338 -0.0284416 0.0
1.13533 -0.0150674 0.0
1.13649 -0.00130743 0.0
1.13726 0.0127806 0.0
1.13761 0.0271436 0.0
1.13751 0.0417239 0.0
1.13694 0.0564598 0.0
1.13588 0.0712862 0.0
1.13431 0.0861352 0.0
1.13222 0.100937 0.0
1.12959 0.11562 0.0
1.12642 0.130113 0.0
1.12271 0.144344 0.0
1.11845 0.158241 0.0
1.11365 0.171736 0.0
1.10833 0.18476 0.0
1.10249 0.197249 0.0
1.09618 0.209144 0.0
1.0894 0.220388 0.0
1.08219 0.230929 0.0
1.0746 0.240722 0.0
1.06664 0.249726 0.0
1.05838 0.257906 0.0
1.04986 0.265235 0.0
1.04111 0.27169 0.0
1.0322 0.277256 0.0
1.02317 0.281921 0.0
1.01407 0.285683 0.0
1.00495 0.288542 0.0
0.995863 0.290504 0.0
0.986853 0.291581 0.0
0.977965 0.291788 0.0
0.969243 0.291144 0.0
0.960726 0.289671 0.0
0.952453 0.287395 0.0
0.944458 0.284344 0.0
0.93677 0.280547 0.0
0.929418 0.276037 0.0
0.922425 0.270847 0.0
0.915813 0.265012 0.0
0.909597 0.258567 0.0
0.903794 0.25155 0.0
0.898414 0.243997 0.0
0.893465 0.235948 0.0
0.888954 0.227442 0.0
0.884885 0.218519 0.0
0.88126 0.209218 0.0
0.878077 0.199581 0.0
0.875335 0.18965 0.0
0.873031 0.179467 0.0
0.871159 0.169074 0.0
0.869713 0.158515 0.0
0.868685 0.147832 0.0
0.868066 0.137069 0.0
0.867844 0.126269 0.0
0.868009 0.115475 0.0
0.868546 0.104731 0.0
0.86944 0.0940785 0.0
0.870674 0.0835598 0.0
0.872231 0.0732161 0.0
0.874089 0.0630878 0.0
0.876227 0.0532142 0.0
0.878618 0.0436333 0.0
0.881236 0.034382 0.0
0.88405 0.0254957 0.0
0.887026 0.0170085 0.0
0.890128 0.00895305 0.0
0.893312 0.00136071 0.0
0.896531 -0.0057385 0.0
0.899731 -0.0123187 0.0
0.902855 -0.018358 0.0
0.90584 -0.0238397 0.0
0.908618 -0.0287526 0.0
0.911115 -0.0330924 0.0
0.913252 -0.0368628 0.0
0.914944 -0.0400769 0.0
0.916102 -0.0427519 0.0
0.916667 -0.0448121 0.0
0.999994 -0.000997592 0.0
0.999969 -0.00302301 0.0
0.999919 -0.00508343 0.0
0.999845 -0.00718351 0.0
0.999747 -0.00932784 0.0
0.999627 -0.0115209 0.0
0.999486 -0.013767 0.0
0.999326 -0.0160703 0.0
0.999149 -0.0184349 0.0
0.998958 -0.0208645 0.0
0.998755 -0.0233626 0.0
0.998544 -0.0259325 0.0
0.998328 -0.0285773 0.0
0.998113 -0.0312995 0.0
0.997901 -0.0341014 0.0
0.997698 -0.0369849 0.0
0.997509 -0.0399514 0.0
0.99734 -0.0430018 0.0
0.997197 -0.0461364 0.0
0.997085 -0.049355 0.0
0.997012 -0.0526565 0.0
0.996984 -0.0560393 0.0
0.997009 -0.059501 0.0
0.997093 -0.0630383 0.0
0.997245 -0.066647 0.0
0.997471 -0.0703221 0.0
0.997779 -0.0740573 0.0
0.998177 -0.0778456 0.0
0.998671 -0.0816787 0.0
0.999269 -0.0855476 0.0
0.999975 -0.0894418 0.0
1.0008 -0.0933502 0.0
1.00174 -0.0972602 0.0
1.0028 -0.101159 0.0
1.00399 -0.105032 0.0
1.00531 -0.108865 0.0
1.00675 -0.112643 0.0
1.00832 -0.11635 0.0
1.01001 -0.119971 0.0
1.01182 -0.123489 0.0
1.01374 -0.126891 0.0
1.01576 -0.130161 0.0
1.01787 -0.133286 0.0
1.02007 -0.136253 0.0
1.02233 -0.139052 0.0
1.02465 -0.141672 0.0
1.02701 -0.144107 0.0
1.02939 -0.146351 0.0
1.03178 -0.148399 0.0
1.03417 -0.150251 0.0
1.03653 -0.151905 0.0
1.03885 -0.153364 0.0
1.04112 -0.154632 0.0
1.04332 -0.155715 0.0
1.04544 -0.156619 0.0
1.04746 -0.157353 0.0
1.04938 -0.157926 0.0
1.05118 -0.158349 0.0
1.05286 -0.158634 0.0
1.0544 -0.158792 0.0
1.05581 -0.158837 0.0
1.05707 -0.158781 0.0
1.05819 -0.158638 0.0
1.05915 -0.158421 0.0
1.05996 -0.158147 0.0
1.06062 -0.157827 0.0
1.06112 -0.157477 0.0
1.06148 -0.157111 0.0
1.06168 -0.156743 0.0
1.06175 -0.156387 0.0
1.06167 -0.156058 0.0
1.06147 -0.155768 0.0
1.06114 -0.15553 0.0
1.0607 -0.155356 0.0
1.06016 -0.155259 0.0
1.05954 -0.155248 0.0
1.05883 -0.155333 0.0
1.05807 -0.155521 0.0
1.05726 -0.155821 0.0
1.05643 -0.156236 0.0
1.05559 -0.156771 0.0
1.05475 -0.157426 0.0
1.05395 -0.158201 0.0
1.0532 -0.159092 0.0
1.05252 -0.160095 0.0
1.05193 -0.161202 0.0
1.05145 -0.162401 0.0
1.0511 -0.163681 0.0
1.05089 -0.165024 0.0
1.05086 -0.166412 0.0
1.05101 -0.167824 0.0
1.05135 -0.169234 0.0
1.0519 -0.170615 0.0
1.05268 -0.171937 0.0
1.05368 -0.173168 0.0
1.05492 -0.174273 0.0
1.0564 -0.175214 0.0
1.05811 -0.175952 0.0
1.06005 -0.176447 0.0
1.06222 -0.176657 0.0
1.06461 -0.17654 0.0
1.0672 -0.176052 0.0
1.06999 -0.175153 0.0
1.07295 -0.173799 0.0
1.07606 -0.171952 0.0
1.0793 -0.169574 0.0
1.08266 -0.16663 0.0
1.0861 -0.163089 0.0
1.0896 -0.15892 0.0
1.09314 -0.154102 0.0
1.09669 -0.148614 0.0
1.10024 -0.142442 0.0
1.10375 -0.135576 0.0
1.1072 -0.12801 0.0
1.11057 -0.119745 0.0
1.11383 -0.110787 0.0
1.11697 -0.101145 0.0
1.11997 -0.0908355 0.0
1.12279 -0.0798787 0.0
1.12541 -0.0682999 0.0
1.12782 -0.0561297 0.0
1.12997 -0.0434037 0.0
1.13186 -0.0301629 0.0
1.13344 -0.0164538 0.0
1.13469 -0.00232881 0.0
1.13557 0.0121531 0.0
1.13605 0.0269379 0.0
1.13611 0.0419668 0.0
1.13572 0.0571761 0.0
1.13485 0.0724983 0.0
1.13348 0.0878627 0.0
1.13159 0.103196 0.0
1.12915 0.118423 0.0
1.12617 0.133467 0.0
1.12262 0.148252 0.0
1.11851 0.162703 0.0
1.11384 0.176743 0.0
1.10861 0.190301 0.0
1.10285 0.203306 0.0
1.09656 0.215694 0.0
1.08977 0.227402 0.0
1.08252 0.238375 0.0
1.07483 0.248562 0.0
1.06675 0.257919 0.0
1.05832 0.266407 0.0
1.04958 0.273997 0.0
1.04059 0.280664 0.0
1.03139 0.28639 0.0
1.02205 0.291164 0.0
1.0126 0.294983 0.0
1.00311 0.297848 0.0
0.993634 0.299766 0.0
0.984213 0.300751 0.0
0.974899 0.300819 0.0
0.965741 0.299993 0.0
0.95678 0.298298 0.0
0.94806 0.295762 0.0
0.939617 0.292416 0.0
0.931485 0.288294 0.0
0.923696 0.283432 0.0
0.916275 0.277866 0.0
0.909248 0.271634 0.0
0.902633 0.264775 0.0
0.896448 0.25733 0.0
0.890707 0.249339 0.0
0.88542 0.240843 0.0
0.880595 0.231884 0.0
0.876238 0.222503 0.0
0.872352 0.212745 0.0
0.868938 0.202651 0.0
0.865995 0.192265 0.0
0.863521 0.181631 0.0
0.861511 0.170793 0.0
0.859959 0.159795 0.0
0.858857 0.148682 0.0
0.858196 0.137499 0.0
0.857966 0.126291 0.0
0.858153 0.115102 0.0
0.858744 0.103977 0.0
0.859723 0.0929599 0.0
0.861071 0.0820951 0.0
0.86277 0.0714254 0.0
0.864797 0.0609934 0.0
0.867128 0.0508407 0.0
0.869735 0.0410078 0.0
0.87259 0.0315346 0.0
0.87566 0.0224596 0.0
0.878907 0.0138209 0.0
0.88229 0.00565571 0.0
0.885762 -0.00199825 0.0
0.88927 -0.00910593 0.0
0.892755 -0.0156366 0.0
0.896155 -0.0215638 0.0
0.899401 -0.0268653 0.0
0.902421 -0.0315246 0.0
0.905135 -0.0355314 0.0
0.907457 -0.0388828 0.0
0.909294 -0.0415854 0.0
0.910547 -0.043655 0.0
0.911148 -0.045075 0.0
0.999993 -0.000984289 0.0
0.999965 -0.00298306 0.0
0.999908 -0.00501713 0.0
0.999824 -0.00709151 0.0
0.999713 -0.00921115 0.0
0.999576 -0.0113809 0.0
0.999416 -0.0136053 0.0
0.999233 -0.0158891 0.0
0.99903 -0.0182366 0.0
0.998811 -0.0206519 0.0
0.998577 -0.0231389 0.0
0.998334 -0.0257014 0.0
0.998083 -0.0283427 0.0
0.997831 -0.0310658 0.0
0.997581 -0.0338735 0.0
0.997339 -0.036768 0.0
0.997111 -0.0397512 0.0
0.996902 -0.0428242 0.0
0.996719 -0.0459878 0.0
0.996569 -0.0492421 0.0
0.99646 -0.0525864 0.0
0.996397 -0.0560195 0.0
0.996391 -0.059539 0.0
0.996448 -0.063142 0.0
0.996578 -0.0668243 0.0
0.996788 -0.0705809 0.0
0.997086 -0.0744056 0.0
0.997482 -0.078291 0.0
0.997984 -0.0822288 0.0
0.998598 -0.0862092 0.0
0.999332 -0.0902214 0.0
1.00019 -0.0942532 0.0
1.00119 -0.0982915 0.0
1.00232 -0.102322 0.0
1.00359 -0.106329 0.0
1.005 -0.110297 0.0
1.00656 -0.11421 0.0
1.00825 -0.118049 0.0
1.01009 -0.121797 0.0
1.01205 -0.125438 0.0
1.01414 -0.128953 0.0
1.01635 -0.132328 0.0
1.01867 -0.135546 0.0
1.02107 -0.138594 0.0
1.02356 -0.141459 0.0
1.0261 -0.144131 0.0
1.0287 -0.146601 0.0
1.03132 -0.148862 0.0
1.03395 -0.150911 0.0
1.03657 -0.152746 0.0
1.03917 -0.154367 0.0
1.04173 -0.155777 0.0
1.04422 -0.15698 0.0
1.04664 -0.157983 0.0
1.04896 -0.158794 0.0
1.05118 -0.159422 0.0
1.05328 -0.159878 0.0
1.05526 -0.160174 0.0
1.05709 -0.160323 0.0
1.05878 -0.160338 0.0
1.06032 -0.160233 0.0
1.06169 -0.160022 0.0
1.0629 -0.159721 0.0
1.06395 -0.159345 0.0
1.06482 -0.158908 0.0
1.06552 -0.158427 0.0
1.06606 -0.157916 0.0
1.06642 -0.157392 0.0
1.06663 -0.156871 0.0
1.06667 -0.156366 0.0
1.06656 -0.155894 0.0
1.0663 -0.155469 0.0
1.06591 -0.155106 0.0
1.06539 -0.154819 0.0
1.06475 -0.154619 0.0
1.06401 -0.154519 0.0
1.06318 -0.15453 0.0
1.06228 -0.15466 0.0
1.06132 -0.154919 0.0
1.06033 -0.155312 0.0
1.05932 -0.155843 0.0
1.05831 -0.156515 0.0
1.05733 -0.157326 0.0
1.05639 -0.158276 0.0
1.05552 -0.159357 0.0
1.05473 -0.160563 0.0
1.05406 -0.161882 0.0
1.05351 -0.163301 0.0
1.05311 -0.164802 0.0
1.05287 -0.166364 0.0
1.05282 -0.167966 0.0
1.05296 -0.16958 0.0
1.05332 -0.171176 0.0
1.05389 -0.172723 0.0
1.05469 -0.174184 0.0
1.05571 -0.175523 0.0
1.05697 -0.176698 0.0
1.05846 -0.177667 0.0
1.06017 -0.178388 0.0
1.0621 -0.178815 0.0
1.06423 -0.178903 0.0
1.06656 -0.178607 0.0
1.06905 -0.177882 0.0
1.07171 -0.176684 0.0
1.07451 -0.174973 0.0
1.07742 -0.172709 0.0
1.08043 -0.169857 0.0
1.08351 -0.166383 0.0
1.08664 -0.162261 0.0
1.0898 -0.157465 0.0
1.09297 -0.151978 0.0
1.09614 -0.145785 0.0
1.09927 -0.138877 0.0
1.10236 -0.131249 0.0
1.10539 -0.122903 0.0
1.10834 -0.113843 0.0
1.11119 -0.10408 0.0
1.11393 -0.09363 0.0
1.11653 -0.0825112 0.0
1.11899 -0.070748 0.0
1.12127 -0.0583693 0.0
1.12336 -0.0454086 0.0
1.12522 -0.0319048 0.0
1.12683 -0.017902 0.0
1.12815 -0.00345061 0.0
1.12916 0.0113901 0.0
1.1298 0.0265659 0.0
1.13006 0.0420169 0.0
1.1299 0.0576781 0.0
1.12929 0.0734799 0.0
1.12819 0.0893491 0.0
1.12659 0.105209 0.0
1.12445 0.120981 0.0
1.12176 0.136585 0.0
1.1185 0.151938 0.0
1.11467 0.166961 0.0
1.11025 0.181572 0.0
1.10526 0.195693 0.0
1.09969 0.209248 0.0
1.09357 0.222165 0.0
1.0869 0.234378 0.0
1.07973 0.245824 0.0
1.07209 0.256448 0.0
1.064 0.266201 0.0
1.05552 0.27504 0.0
1.04669 0.282931 0.0
1.03756 0.289848 0.0
1.02819 0.295771 0.0
1.01863 0.300688 0.0
1.00894 0.304594 0.0
0.999177 0.307491 0.0
0.989392 0.309389 0.0
0.979642 0.3103 0.0
0.96998 0.310245 0.0
0.960458 0.309248 0.0
0.951123 0.307338 0.0
0.942021 0.304545 0.0
0.933191 0.300905 0.0
0.924673 0.296455 0.0
0.9165 0.291233 0.0
0.908703 0.285281 0.0
0.901308 0.27864 0.0
0.894337 0.271353 0.0
0.887812 0.263463 0.0
0.881747 0.255013 0.0
0.876155 0.246048 0.0
0.871047 0.236612 0.0
0.86643 0.226749 0.0
0.862308 0.216506 0.0
0.858685 0.205927 0.0
0.85556 0.195056 0.0
0.852932 0.183941 0.0
0.850797 0.172627 0.0
0.84915 0.16116 0.0
0.847983 0.149586 0.0
0.847287 0.137952 0.0
0.847051 0.126304 0.0
0.847263 0.114689 0.0
0.847908 0.103154 0.0
0.848969 0.0917435 0.0
0.850427 0.0805048 0.0
0.852261 0.0694829 0.0
0.854447 0.0587225 0.0
0.85696 0.0482679 0.0
0.85977 0.0381625 0.0
0.862846 0.0284492 0.0
0.866151 0.0191704 0.0
0.869646 0.0103686 0.0
0.873283 0.00208716 0.0
0.877011 -0.00562937 0.0
0.88077 -0.0127417 0.0
0.884499 -0.0192146 0.0
0.88813 -0.0250163 0.0
0.89159 -0.03012 0.0
0.894804 -0.0345034 0.0
0.897687 -0.0381498 0.0
0.90015 -0.0410493 0.0
0.902094 -0.0432 0.0
0.903415 -0.0446147 0.0
0.904038 -0.0453385 0.0
0.999992 -0.000969208 0.0
0.99996 -0.00293778 0.0
0.999896 -0.00494198 0.0
0.999801 -0.00698719 0.0
0.999675 -0.0090787 0.0
0.99952 -0.0112217 0.0
0.999337 -0.0134213 0.0
0.99913 -0.0156824 0.0
0.998899 -0.0180098 0.0
0.998648 -0.020408 0.0
0.99838 -0.0228814 0.0
0.998099 -0.0254341 0.0
0.997809 -0.0280698 0.0
0.997515 -0.0307921 0.0
0.997221 -0.0336042 0.0
0.996934 -0.0365086 0.0
0.99666 -0.0395078 0.0
0.996405 -0.0426034 0.0
0.996175 -0.0457965 0.0
0.99598 -0.0490877 0.0
0.995825 -0.0524767 0.0
0.995721 -0.0559626 0.0
0.995675 -0.0595434 0.0
0.995696 -0.0632164 0.0
0.995795 -0.0669776 0.0
0.995979 -0.070822 0.0
0.996259 -0.0747435 0.0
0.996645 -0.0787346 0.0
0.997145 -0.0827865 0.0
0.997768 -0.0868892 0.0
0.998524 -0.0910311 0.0
0.999418 -0.0951994 0.0
1.00046 -0.0993798 0.0
1.00165 -0.103557 0.0
1.003 -0.107714 0.0
1.00451 -0.111833 0.0
1.00618 -0.115896 0.0
1.008 -0.119884 0.0
1.00998 -0.123777 0.0
1.01211 -0.127555 0.0
1.01439 -0.131201 0.0
1.01679 -0.134694 0.0
1.01932 -0.138019 0.0
1.02195 -0.141158 0.0
1.02467 -0.144099 0.0
1.02746 -0.146829 0.0
1.0303 -0.149339 0.0
1.03318 -0.151621 0.0
1.03607 -0.153672 0.0
1.03895 -0.155489 0.0
1.0418 -0.157073 0.0
1.0446 -0.158427 0.0
1.04733 -0.159557 0.0
1.04998 -0.160471 0.0
1.05252 -0.161177 0.0
1.05495 -0.161687 0.0
1.05725 -0.162012 0.0
1.0594 -0.162167 0.0
1.0614 -0.162165 0.0
1.06324 -0.162021 0.0
1.0649 -0.16175 0.0
1.06639 -0.161369 0.0
1.0677 -0.160893 0.0
1.06882 -0.160339 0.0
1.06976 -0.159723 0.0
1.0705 -0.159063 0.0
1.07106 -0.158375 0.0
1.07144 -0.157675 0.0
1.07163 -0.156982 0.0
1.07164 -0.156311 0.0
1.07148 -0.15568 0.0
1.07116 -0.155104 0.0
1.07068 -0.154599 0.0
1.07006 -0.154181 0.0
1.06931 -0.153863 0.0
1.06843 -0.15366 0.0
1.06746 -0.153583 0.0
1.06639 -0.153643 0.0
1.06526 -0.153849 0.0
1.06408 -0.154208 0.0
1.06287 -0.154726 0.0
1.06165 -0.155405 0.0
1.06044 -0.156247 0.0
1.05927 -0.157247 0.0
1.05816 -0.158402 0.0
1.05713 -0.159702 0.0
1.0562 -0.161136 0.0
1.05539 -0.16269 0.0
1.05472 -0.164345 0.0
1.05421 -0.166079 0.0
1.05388 -0.167867 0.0
1.05374 -0.16968 0.0
1.0538 -0.171487 0.0
1.05406 -0.173251 0.0
1.05455 -0.174935 0.0
1.05524 -0.176498 0.0
1.05616 -0.177896 0.0
1.05729 -0.179084 0.0
1.05862 -0.180016 0.0
1.06015 -0.180644 0.0
1.06186 -0.18092 0.0
1.06374 -0.180796 0.0
1.06578 -0.180226 0.0
1.06795 -0.179165 0.0
1.07023 -0.17757 0.0
1.0726 -0.175402 0.0
1.07506 -0.172625 0.0
1.07757 -0.169207 0.0
1.08012 -0.165122 0.0
1.0827 -0.160345 0.0
1.08529 -0.15486 0.0
1.08787 -0.148653 0.0
1.09045 -0.141717 0.0
1.093 -0.134048 0.0
1.09551 -0.125647 0.0
1.09799 -0.116521 0.0
1.10041 -0.106678 0.0
1.10277 -0.0961325 0.0
1.10506 -0.0849026 0.0
1.10726 -0.0730101 0.0
1.10935 -0.0604808 0.0
1.11131 -0.0473452 0.0
1.11312 -0.0336383 0.0
1.11474 -0.0194005 0.0
1.11614 -0.00467839 0.0
1.11729 0.0104699 0.0
1.11814 0.0259899 0.0
1.11865 0.0418214 0.0
1.11878 0.0578986 0.0
1.11851 0.0741505 0.0
1.11778 0.0905016 0.0
1.11657 0.106873 0.0
1.11484 0.123182 0.0
1.11257 0.139344 0.0
1.10974 0.155272 0.0
1.10632 0.170881 0.0
1.1023 0.186083 0.0
1.09768 0.200794 0.0
1.09247 0.214931 0.0
1.08666 0.228415 0.0
1.08028 0.241173 0.0
1.07334 0.253136 0.0
1.06588 0.264243 0.0
1.05794 0.274437 0.0
1.04955 0.283673 0.0
1.04076 0.291912 0.0
1.03163 0.299124 0.0
1.02221 0.305285 0.0
1.01256 0.310383 0.0
1.00274 0.314413 0.0
0.9928 0.317375 0.0
0.982811 0.319279 0.0
0.972829 0.320142 0.0
0.962911 0.319984 0.0
0.953111 0.318832 0.0
0.943482 0.316718 0.0
0.934072 0.313677 0.0
0.924927 0.309747 0.0
0.916089 0.304969 0.0
0.907595 0.299386 0.0
0.899478 0.293043 0.0
0.891769 0.285984 0.0
0.884492 0.278256 0.0
0.877672 0.269906 0.0
0.871325 0.260981 0.0
0.865467 0.251528 0.0
0.860111 0.241595 0.0
0.855265 0.231229 0.0
0.850935 0.220477 0.0
0.847127 0.209387 0.0
0.843841 0.198007 0.0
0.841077 0.186383 0.0
0.838831 0.174565 0.0
0.8371 0.1626 0.0
0.835876 0.150537 0.0
0.83515 0.138423 0.0
0.834912 0.126307 0.0
0.835148 0.114238 0.0
0.835843 0.102265 0.0
0.836979 0.0904351 0.0
0.838537 0.0787974 0.0
0.840494 0.0673997 0.0
0.842824 0.0562893 0.0
0.845499 0.0455132 0.0
0.848488 0.0351181 0.0
0.851755 0.0251505 0.0
0.855262 0.015657 0.0
0.858963 0.00668595 0.0
0.862807 -0.00171146 0.0
0.866734 -0.00948559 0.0
0.870683 -0.0165932 0.0
0.874585 -0.0229945 0.0
0.878372 -0.0286538 0.0
0.881968 -0.0335396 0.0
0.885296 -0.0376246 0.0
0.88827 -0.0408865 0.0
0.890803 -0.0433077 0.0
0.892794 -0.0448775 0.0
0.894139 -0.0456034 0.0
0.894761 -0.0455932 0.0
0.999991 -0.000952165 0.0
0.999955 -0.00288663 0.0
0.999883 -0.00485706 0.0
0.999775 -0.00686923 0.0
0.999633 -0.00892883 0.0
0.999458 -0.0110414 0.0
0.999251 -0.0132125 0.0
0.999015 -0.0154474 0.0
0.998753 -0.0177513 0.0
0.998467 -0.0201292 0.0
0.99816 -0.0225859 0.0
0.997838 -0.025126 0.0
0.997503 -0.0277536 0.0
0.997162 -0.0304729 0.0
0.996819 -0.0332874 0.0
0.996481 -0.0362003 0.0
0.996154 -0.0392145 0.0
0.995845 -0.0423321 0.0
0.995561 -0.0455548 0.0
0.995311 -0.0488837 0.0
0.995103 -0.0523189 0.0
0.994947 -0.0558598 0.0
0.994852 -0.0595051 0.0
0.994828 -0.0632521 0.0
0.994885 -0.0670973 0.0
0.995034 -0.0710359 0.0
0.995286 -0.0750616 0.0
0.995651 -0.0791671 0.0
0.996141 -0.0833432 0.0
0.996764 -0.0875794 0.0
0.997532 -0.0918637 0.0
0.998453 -0.0961823 0.0
0.999535 -0.10052 0.0
1.00078 -0.10486 0.0
1.00221 -0.109184 0.0
1.00381 -0.113472 0.0
1.00559 -0.117704 0.0
1.00755 -0.121859 0.0
1.00968 -0.125915 0.0
1.01198 -0.12985 0.0
1.01444 -0.133642 0.0
1.01706 -0.137271 0.0
1.01981 -0.140716 0.0
1.02268 -0.14396 0.0
1.02565 -0.146988 0.0
1.0287 -0.149785 0.0
1.03181 -0.15234 0.0
1.03496 -0.154646 0.0
1.03813 -0.156699 0.0
1.04128 -0.158495 0.0
1.0444 -0.160038 0.0
1.04747 -0.16133 0.0
1.05046 -0.162378 0.0
1.05335 -0.163191 0.0
1.05613 -0.16378 0.0
1.05877 -0.164158 0.0
1.06127 -0.164338 0.0
1.06361 -0.164335 0.0
1.06578 -0.164165 0.0
1.06777 -0.163845 0.0
1.06957 -0.163392 0.0
1.07118 -0.162822 0.0
1.07259 -0.162153 0.0
1.07379 -0.161403 0.0
1.07478 -0.16059 0.0
1.07557 -0.159731 0.0
1.07615 -0.158846 0.0
1.07652 -0.157952 0.0
1.0767 -0.157068 0.0
1.07667 -0.156212 0.0
1.07645 -0.155402 0.0
1.07605 -0.154656 0.0
1.07547 -0.153991 0.0
1.07473 -0.153424 0.0
1.07384 -0.152971 0.0
1.07281 -0.152647 0.0
1.07165 -0.152465 0.0
1.07039 -0.152438 0.0
1.06905 -0.152577 0.0
1.06764 -0.152888 0.0
1.06618 -0.15338 0.0
1.06471 -0.154054 0.0
1.06323 -0.154913 0.0
1.06177 -0.155954 0.0
1.06036 -0.157171 0.0
1.05901 -0.158556 0.0
1.05776 -0.160096 0.0
1.05661 -0.161775 0.0
1.05559 -0.163574 0.0
1.05472 -0.165469 0.0
1.05401 -0.167433 0.0
1.05347 -0.169433 0.0
1.05311 -0.171436 0.0
1.05295 -0.173403 0.0
1.05298 -0.175293 0.0
1.0532 -0.177061 0.0
1.05361 -0.178662 0.0
1.05421 -0.180046 0.0
1.05499 -0.181165 0.0
1.05593 -0.181967 0.0
1.05703 -0.182403 0.0
1.05826 -0.182424 0.0
1.05961 -0.181981 0.0
1.06106 -0.18103 0.0
1.0626 -0.179527 0.0
1.06421 -0.177433 0.0
1.06588 -0.174714 0.0
1.06759 -0.171339 0.0
1.06933 -0.167284 0.0
1.07109 -0.162526 0.0
1.07288 -0.157051 0.0
1.07468 -0.150848 0.0
1.0765 -0.143909 0.0
1.07832 -0.136233 0.0
1.08017 -0.127821 0.0
1.08202 -0.118678 0.0
1.08389 -0.108812 0.0
1.08577 -0.0982364 0.0
1.08765 -0.0869649 0.0
1.08952 -0.0750164 0.0
1.09136 -0.0624127 0.0
1.09317 -0.0491796 0.0
1.0949 -0.0353473 0.0
1.09654 -0.0209505 0.0
1.09804 -0.0060302 0.0
1.09936 0.00935831 0.0
1.10045 0.0251604 0.0
1.10128 0.0413162 0.0
1.10178 0.0577595 0.0
1.10193 0.0744186 0.0
1.10168 0.0912167 0.0
1.10097 0.108072 0.0
1.09978 0.1249 0.0
1.09807 0.14161 0.0
1.0958 0.158113 0.0
1.09294 0.174315 0.0
1.08948 0.190124 0.0
1.0854 0.205449 0.0
1.08069 0.220198 0.0
1.07536 0.234285 0.0
1.06942 0.24763 0.0
1.06288 0.260155 0.0
1.05577 0.271792 0.0
1.04813 0.282479 0.0
1.03998 0.292163 0.0
1.03139 0.3008 0.0
1.0224 0.308355 0.0
1.01307 0.314803 0.0
1.00346 0.320128 0.0
0.993634 0.324322 0.0
0.983649 0.327387 0.0
0.973573 0.329333 0.0
0.963467 0.330176 0.0
0.953395 0.32994 0.0
0.943414 0.328656 0.0
0.933582 0.326356 0.0
0.923951 0.32308 0.0
0.914571 0.318869 0.0
0.905488 0.313769 0.0
0.896742 0.307827 0.0
0.888371 0.30109 0.0
0.880408 0.293609 0.0
0.872881 0.285434 0.0
0.865817 0.276614 0.0
0.859235 0.267202 0.0
0.853153 0.257247 0.0
0.847587 0.2468 0.0
0.842546 0.235911 0.0
0.838039 0.224631 0.0
0.834072 0.213009 0.0
0.830647 0.201096 0.0
0.827764 0.188941 0.0
0.825423 0.176595 0.0
0.823618 0.164107 0.0
0.822344 0.151528 0.0
0.821592 0.138909 0.0
0.821351 0.126301 0.0
0.821606 0.113753 0.0
0.822344 0.101318 0.0
0.823543 0.0890459 0.0
0.825184 0.076988 0.0
0.827241 0.0651951 0.0
0.829688 0.0537176 0.0
0.832492 0.0426056 0.0
0.83562 0.0319094 0.0
0.839032 0.0216796 0.0
0.842685 0.0119682 0.0
0.846528 0.00283048 0.0
0.850502 -0.00567344 0.0
0.854542 -0.0134914 0.0
0.858583 -0.0205764 0.0
0.862554 -0.0268854 0.0
0.866384 -0.0323796 0.0
0.869999 -0.0370246 0.0
0.873321 -0.0407896 0.0
0.876273 -0.0436479 0.0
0.87877 -0.0455754 0.0
0.880721 -0.0465524 0.0
0.882027 -0.0465801 0.0
0.882617 -0.0458273 0.0
0.99999 -0.000932969 0.0
0.999949 -0.00282902 0.0
0.999868 -0.0047614 0.0
0.999747 -0.00673629 0.0
0.999587 -0.00875977 0.0
0.99939 -0.0108378 0.0
0.999156 -0.0129764 0.0
0.99889 -0.0151811 0.0
0.998592 -0.0174577 0.0
0.998267 -0.0198116 0.0
0.997918 -0.0222481 0.0
0.997549 -0.0247722 0.0
0.997165 -0.0273888 0.0
0.996771 -0.0301023 0.0
0.996373 -0.0329168 0.0
0.995976 -0.0358362 0.0
0.995589 -0.0388639 0.0
0.995218 -0.0420025 0.0
0.994871 -0.0452544 0.0
0.994558 -0.0486211 0.0
0.994288 -0.0521034 0.0
0.99407 -0.0557013 0.0
0.993915 -0.0594138 0.0
0.993835 -0.0632388 0.0
0.99384 -0.067173 0.0
0.993942 -0.0712119 0.0
0.994154 -0.0753494 0.0
0.994488 -0.0795781 0.0
0.994955 -0.0838888 0.0
0.995568 -0.0882705 0.0
0.996339 -0.0927105 0.0
0.997277 -0.0971943 0.0
0.998392 -0.101706 0.0
0.999694 -0.106226 0.0
1.00119 -0.110735 0.0
1.00288 -0.115213 0.0
1.00477 -0.119635 0.0
1.00686 -0.123978 0.0
1.00915 -0.128218 0.0
1.01163 -0.132329 0.0
1.01429 -0.136288 0.0
1.01713 -0.14007 0.0
1.02011 -0.143654 0.0
1.02324 -0.147017 0.0
1.02648 -0.150143 0.0
1.02982 -0.153016 0.0
1.03322 -0.155624 0.0
1.03666 -0.157957 0.0
1.04012 -0.160012 0.0
1.04357 -0.161786 0.0
1.04699 -0.163281 0.0
1.05034 -0.164502 0.0
1.0536 -0.165457 0.0
1.05675 -0.166158 0.0
1.05978 -0.166616 0.0
1.06266 -0.166846 0.0
1.06537 -0.166864 0.0
1.06791 -0.166687 0.0
1.07026 -0.166332 0.0
1.0724 -0.165817 0.0
1.07434 -0.165161 0.0
1.07607 -0.164383 0.0
1.07757 -0.163501 0.0
1.07885 -0.162535 0.0
1.0799 -0.161504 0.0
1.08073 -0.160428 0.0
1.08132 -0.159325 0.0
1.08169 -0.158216 0.0
1.08184 -0.15712 0.0
1.08176 -0.156057 0.0
1.08147 -0.155047 0.0
1.08097 -0.15411 0.0
1.08027 -0.153263 0.0
1.07939 -0.152526 0.0
1.07833 -0.151917 0.0
1.07711 -0.151451 0.0
1.07575 -0.151145 0.0
1.07426 -0.151011 0.0
1.07266 -0.151062 0.0
1.07097 -0.151308 0.0
1.06922 -0.151755 0.0
1.06743 -0.152407 0.0
1.06561 -0.153266 0.0
1.0638 -0.15433 0.0
1.06201 -0.155593 0.0
1.06027 -0.157046 0.0
1.0586 -0.158676 0.0
1.05701 -0.160464 0.0
1.05553 -0.162389 0.0
1.05418 -0.164426 0.0
1.05296 -0.166545 0.0
1.05189 -0.168711 0.0
1.05097 -0.170887 0.0
1.05022 -0.173031 0.0
1.04962 -0.1751 0.0
1.04919 -0.177044 0.0
1.04891 -0.178815 0.0
1.04878 -0.180362 0.0
1.04879 -0.181632 0.0
1.04892 -0.182573 0.0
1.04916 -0.183133 0.0
1.04949 -0.183262 0.0
1.04991 -0.182912 0.0
1.0504 -0.182038 0.0
1.05094 -0.180599 0.0
1.05152 -0.178556 0.0
1.05215 -0.175879 0.0
1.0528 -0.172539 0.0
1.05349 -0.168514 0.0
1.05421 -0.163786 0.0
1.05498 -0.158341 0.0
1.05579 -0.152173 0.0
1.05667 -0.145274 0.0
1.05761 -0.137643 0.0
1.05864 -0.129281 0.0
1.05976 -0.120193 0.0
1.06098 -0.110383 0.0
1.0623 -0.099861 0.0
1.06371 -0.0886368 0.0
1.06522 -0.0767243 0.0
1.06681 -0.0641398 0.0
1.06846 -0.0509032 0.0
1.07014 -0.0370382 0.0
1.07181 -0.0225731 0.0
1.07345 -0.00754167 0.0
1.07499 0.00800681 0.0
1.07639 0.024016 0.0
1.0776 0.0404272 0.0
1.07857 0.0571748 0.0
1.07924 0.0741871 0.0
1.07955 0.0913864 0.0
1.07947 0.108689 0.0
1.07894 0.126008 0.0
1.0779 0.143249 0.0
1.07633 0.160318 0.0
1.07418 0.177116 0.0
1.07143 0.193542 0.0
1.06804 0.209499 0.0
1.064 0.224887 0.0
1.05931 0.239613 0.0
1.05397 0.253585 0.0
1.04799 0.266718 0.0
1.0414 0.278936 0.0
1.03421 0.290167 0.0
1.02648 0.300354 0.0
1.01823 0.309443 0.0
1.00954 0.317397 0.0
1.00044 0.324184 0.0
0.991017 0.329785 0.0
0.981318 0.334192 0.0
0.971415 0.337404 0.0
0.961376 0.339432 0.0
0.951266 0.340292 0.0
0.941151 0.340011 0.0
0.931096 0.338621 0.0
0.921161 0.336158 0.0
0.911403 0.332666 0.0
0.901877 0.328189 0.0
0.892631 0.322778 0.0
0.883711 0.316483 0.0
0.875157 0.309358 0.0
0.867007 0.301455 0.0
0.859292 0.292829 0.0
0.852039 0.283536 0.0
0.845274 0.273628 0.0
0.839015 0.263161 0.0
0.83328 0.252188 0.0
0.82808 0.240763 0.0
0.823428 0.228939 0.0
0.819328 0.216768 0.0
0.815787 0.204304 0.0
0.812804 0.191598 0.0
0.81038 0.178703 0.0
0.808511 0.165672 0.0
0.807192 0.152557 0.0
0.806412 0.139412 0.0
0.806162 0.126289 0.0
0.806428 0.113243 0.0
0.807191 0.100327 0.0
0.808433 0.0875952 0.0
0.810129 0.0751016 0.0
0.812253 0.0629003 0.0
0.814774 0.0510454 0.0
0.817656 0.0395906 0.0
0.820863 0.0285905 0.0
0.824348 0.0181004 0.0
0.828064 0.00817875 0.0
0.83195 -0.00110928 0.0
0.835941 -0.00969837 0.0
0.839969 -0.0175345 0.0
0.843963 -0.0245682 0.0
0.847853 -0.030755 0.0
0.851568 -0.0360553 0.0
0.855039 -0.0404339 0.0
0.858196 -0.0438596 0.0
0.860969 -0.0463035 0.0
0.86329 -0.0477374 0.0
0.865084 -0.0481344 0.0
0.866269 -0.0474893 0.0
0.866788 -0.0460276 0.0
0.999989 -0.000911421 0.0
0.999943 -0.00276436 0.0
0.999852 -0.00465402 0.0
0.999716 -0.00658697 0.0
0.999537 -0.00856971 0.0
0.999315 -0.0106087 0.0
0.999053 -0.0127101 0.0
0.998753 -0.0148803 0.0
0.998417 -0.0171253 0.0
0.998049 -0.0194511 0.0
0.997653 -0.0218634 0.0
0.997233 -0.0243678 0.0
0.996793 -0.0269697 0.0
0.99634 -0.029674 0.0
0.995879 -0.0324857 0.0
0.995417 -0.035409 0.0
0.994962 -0.0384479 0.0
0.99452 -0.041606 0.0
0.994102 -0.044886 0.0
0.993716 -0.0482903 0.0
0.993372 -0.0518202 0.0
0.993082 -0.0554764 0.0
0.992856 -0.0592584 0.0
0.992707 -0.0631648 0.0
0.992648 -0.0671927 0.0
0.992691 -0.0713379 0.0
0.99285 -0.0755947 0.0
0.99314 -0.0799557 0.0
0.993573 -0.0844116 0.0
0.994163 -0.0889512 0.0
0.994925 -0.0935613 0.0
0.995869 -0.0982263 0.0
0.997009 -0.102929 0.0
0.998354 -0.107649 0.0
0.999912 -0.112365 0.0
1.00169 -0.117053 0.0
1.00369 -0.121688 0.0
1.00592 -0.126243 0.0
1.00837 -0.130691 0.0
1.01104 -0.135003 0.0
1.01391 -0.139151 0.0
1.01697 -0.143108 0.0
1.02022 -0.146848 0.0
1.02362 -0.150348 0.0
1.02715 -0.153587 0.0
1.03079 -0.156546 0.0
1.03451 -0.159213 0.0
1.03827 -0.161578 0.0
1.04205 -0.163635 0.0
1.04582 -0.165382 0.0
1.04955 -0.166823 0.0
1.05321 -0.167964 0.0
1.05676 -0.168815 0.0
1.06019 -0.169388 0.0
1.06348 -0.169699 0.0
1.06661 -0.169764 0.0
1.06955 -0.169601 0.0
1.07229 -0.16923 0.0
1.07482 -0.168669 0.0
1.07713 -0.16794 0.0
1.07922 -0.167061 0.0
1.08106 -0.166054 0.0
1.08267 -0.164938 0.0
1.08402 -0.163735 0.0
1.08513 -0.162465 0.0
1.08599 -0.161147 0.0
1.08659 -0.159805 0.0
1.08694 -0.158457 0.0
1.08705 -0.157126 0.0
1.08691 -0.155833 0.0
1.08652 -0.154599 0.0
1.08591 -0.153445 0.0
1.08507 -0.152392 0.0
1.08402 -0.15146 0.0
1.08276 -0.150669 0.0
1.08132 -0.150037 0.0
1.0797 -0.149581 0.0
1.07794 -0.149316 0.0
1.07603 -0.149256 0.0
1.07401 -0.149411 0.0
1.0719 -0.149788 0.0
1.06972 -0.150395 0.0
1.06748 -0.15123 0.0
1.06522 -0.152294 0.0
1.06296 -0.153579 0.0
1.06072 -0.155075 0.0
1.05851 -0.156768 0.0
1.05636 -0.158639 0.0
1.05429 -0.160663 0.0
1.05231 -0.162813 0.0
1.05042 -0.165057 0.0
1.04865 -0.167356 0.0
1.047 -0.169671 0.0
1.04546 -0.171955 0.0
1.04404 -0.174163 0.0
1.04273 -0.176242 0.0
1.04154 -0.17814 0.0
1.04044 -0.179805 0.0
1.03942 -0.181181 0.0
1.03848 -0.182215 0.0
1.03761 -0.182855 0.0
1.03678 -0.18305 0.0
1.03599 -0.182754 0.0
1.03523 -0.181924 0.0
1.0345 -0.18052 0.0
1.03379 -0.17851 0.0
1.03311 -0.175865 0.0
1.03246 -0.172561 0.0
1.03186 -0.16858 0.0
1.03132 -0.163908 0.0
1.03087 -0.158534 0.0
1.03053 -0.152453 0.0
1.03033 -0.14566 0.0
1.03027 -0.138152 0.0
1.0304 -0.129928 0.0
1.03072 -0.120989 0.0
1.03126 -0.111337 0.0
1.032 -0.100974 0.0
1.03297 -0.089905 0.0
1.03414 -0.0781371 0.0
1.03551 -0.0656795 0.0
1.03704 -0.0525452 0.0
1.03872 -0.0387505 0.0
1.0405 -0.0243164 0.0
1.04233 -0.00926934 0.0
1.04417 0.00635085 0.0
1.04596 0.0224848 0.0
1.04763 0.0390753 0.0
1.04913 0.0560583 0.0
1.05041 0.0733625 0.0
1.05139 0.09091 0.0
1.05202 0.108616 0.0
1.05225 0.126391 0.0
1.05201 0.144139 0.0
1.05125 0.161759 0.0
1.04993 0.179146 0.0
1.048 0.196195 0.0
1.04543 0.212799 0.0
1.04221 0.22885 0.0
1.0383 0.244245 0.0
1.03371 0.258882 0.0
1.02844 0.272668 0.0
1.02251 0.285516 0.0
1.01594 0.297346 0.0
1.00876 0.308091 0.0
1.00101 0.317691 0.0
0.99276 0.3261 0.0
0.984051 0.333283 0.0
0.974948 0.339217 0.0
0.965519 0.343888 0.0
0.955832 0.347297 0.0
0.945957 0.349452 0.0
0.935966 0.350372 0.0
0.925928 0.350084 0.0
0.915911 0.348621 0.0
0.905979 0.346025 0.0
0.896195 0.342341 0.0
0.886616 0.337619 0.0
0.877297 0.331914 0.0
0.868285 0.325279 0.0
0.859627 0.317774 0.0
0.851361 0.309455 0.0
0.843522 0.300383 0.0
0.836142 0.290614 0.0
0.829248 0.280209 0.0
0.82286 0.269225 0.0
0.817 0.25772 0.0
0.81168 0.24575 0.0
0.806914 0.233371 0.0
0.80271 0.220639 0.0
0.799074 0.20761 0.0
0.796008 0.194339 0.0
0.793512 0.180881 0.0
0.791584 0.167291 0.0
0.790218 0.153624 0.0
0.789405 0.139937 0.0
0.789135 0.126285 0.0
0.789391 0.112726 0.0
0.790155 0.0993165 0.0
0.791405 0.086114 0.0
0.793115 0.0731767 0.0
0.795254 0.0605625 0.0
0.797787 0.0483296 0.0
0.800674 0.0365363 0.0
0.803871 0.0252418 0.0
0.807327 0.0145074 0.0
0.810983 0.00439932 0.0
0.814773 -0.00500618 0.0
0.818625 -0.0136436 0.0
0.822465 -0.0214576 0.0
0.826225 -0.0283987 0.0
0.829834 -0.0344239 0.0
0.833228 -0.0394957 0.0
0.836347 -0.0435823 0.0
0.839134 -0.0466551 0.0
0.841539 -0.048687 0.0
0.843513 -0.0496493 0.0
0.845009 -0.049511 0.0
0.845974 -0.0482628 0.0
0.84638 -0.0461799 0.0
0.999987 -0.000887317 0.0
0.999936 -0.00269203 0.0
0.999835 -0.00453387 0.0
0.999683 -0.00641982 0.0
0.999483 -0.00835679 0.0
0.999234 -0.0103516 0.0
0.998941 -0.0124111 0.0
0.998603 -0.0145419 0.0
0.998226 -0.0167505 0.0
0.997811 -0.0190435 0.0
0.997363 -0.0214271 0.0
0.996887 -0.0239074 0.0
0.996386 -0.0264904 0.0
0.995868 -0.0291817 0.0
0.995338 -0.0319869 0.0
0.994803 -0.0349108 0.0
0.99427 -0.0379583 0.0
0.99375 -0.0411334 0.0
0.993249 -0.0444399 0.0
0.99278 -0.0478807 0.0
0.992352 -0.051458 0.0
0.991977 -0.0551732 0.0
0.991667 -0.0590266 0.0
0.991437 -0.0630172 0.0
0.991299 -0.0671431 0.0
0.991269 -0.0714004 0.0
0.991361 -0.0757839 0.0
0.991592 -0.0802863 0.0
0.991976 -0.0848985 0.0
0.99253 -0.0896089 0.0
0.993269 -0.0944039 0.0
0.994208 -0.0992672 0.0
0.99536 -0.10418 0.0
0.996739 -0.109121 0.0
0.998355 -0.114067 0.0
1.00022 -0.11899 0.0
1.00233 -0.123864 0.0
1.00469 -0.128658 0.0
1.0073 -0.13334 0.0
1.01016 -0.137879 0.0
1.01326 -0.142242 0.0
1.01657 -0.146399 0.0
1.02009 -0.150318 0.0
1.02379 -0.153974 0.0
1.02764 -0.157342 0.0
1.03161 -0.160401 0.0
1.03567 -0.163135 0.0
1.03978 -0.165535 0.0
1.04391 -0.167593 0.0
1.04803 -0.16931 0.0
1.0521 -0.170688 0.0
1.05608 -0.171737 0.0
1.05995 -0.172469 0.0
1.06368 -0.172899 0.0
1.06725 -0.173044 0.0
1.07063 -0.172924 0.0
1.07381 -0.17256 0.0
1.07677 -0.171973 0.0
1.0795 -0.171185 0.0
1.08198 -0.170218 0.0
1.08421 -0.169095 0.0
1.08618 -0.167836 0.0
1.08788 -0.166464 0.0
1.08931 -0.165 0.0
1.09047 -0.163466 0.0
1.09135 -0.161884 0.0
1.09196 -0.160276 0.0
1.09228 -0.158664 0.0
1.09233 -0.157072 0.0
1.09211 -0.155521 0.0
1.09162 -0.154035 0.0
1.09086 -0.152637 0.0
1.08985 -0.151348 0.0
1.08859 -0.150192 0.0
1.0871 -0.149189 0.0
1.08538 -0.14836 0.0
1.08346 -0.147724 0.0
1.08136 -0.147296 0.0
1.07908 -0.147093 0.0
1.07665 -0.147125 0.0
1.07409 -0.147402 0.0
1.07142 -0.14793 0.0
1.06867 -0.14871 0.0
1.06585 -0.14974 0.0
1.063 -0.151013 0.0
1.06012 -0.152518 0.0
1.05723 -0.154239 0.0
1.05437 -0.156155 0.0
1.05153 -0.15824 0.0
1.04874 -0.160463 0.0
1.04601 -0.162789 0.0
1.04333 -0.165177 0.0
1.04072 -0.167584 0.0
1.03818 -0.16996 0.0
1.0357 -0.172256 0.0
1.03327 -0.174417 0.0
1.03089 -0.17639 0.0
1.02855 -0.178117 0.0
1.02624 -0.179545 0.0
1.02395 -0.18062 0.0
1.02167 -0.181289 0.0
1.01939 -0.181505 0.0
1.0171 -0.181224 0.0
1.01481 -0.180407 0.0
1.01253 -0.179019 0.0
1.01026 -0.177032 0.0
1.00802 -0.174424 0.0
1.00585 -0.171177 0.0
1.00376 -0.167276 0.0
1.00179 -0.162713 0.0
0.999995 -0.15748 0.0
0.998397 -0.15157 0.0
0.997041 -0.144979 0.0
0.995961 -0.137701 0.0
0.995187 -0.129732 0.0
0.994744 -0.121065 0.0
0.994646 -0.111695 0.0
0.9949 -0.101617 0.0
0.995501 -0.0908269 0.0
0.996437 -0.0793234 0.0
0.997687 -0.0671078 0.0
0.99922 -0.0541851 0.0
1.001 -0.0405644 0.0
1.00298 -0.0262597 0.0
1.0051 -0.0112903 0.0
1.00732 0.00431305 0.0
1.00957 0.0204903 0.0
1.01178 0.0371851 0.0
1.01389 0.0543346 0.0
1.01584 0.0718685 0.0
1.01755 0.0897093 0.0
1.01896 0.107772 0.0
1.02001 0.125965 0.0
1.02062 0.144188 0.0
1.02075 0.162339 0.0
1.02034 0.180305 0.0
1.01932 0.197976 0.0
1.01767 0.215234 0.0
1.01535 0.231965 0.0
1.01233 0.248054 0.0
1.0086 0.263391 0.0
1.00416 0.277871 0.0
0.999015 0.291395 0.0
0.993181 0.303875 0.0
0.98669 0.315232 0.0
0.979581 0.3254 0.0
0.971902 0.334324 0.0
0.96371 0.341961 0.0
0.955066 0.348285 0.0
0.946037 0.353278 0.0
0.936695 0.356937 0.0
0.927112 0.35927 0.0
0.917362 0.360296 0.0
0.907517 0.360042 0.0
0.897651 0.358546 0.0
0.887831 0.355851 0.0
0.878123 0.352006 0.0
0.86859 0.347066 0.0
0.859289 0.341088 0.0
0.850273 0.334133 0.0
0.841589 0.326263 0.0
0.833282 0.31754 0.0
0.825389 0.308029 0.0
0.817944 0.297793 0.0
0.810976 0.286893 0.0
0.804512 0.275393 0.0
0.79857 0.263354 0.0
0.793169 0.250836 0.0
0.788322 0.237898 0.0
0.784039 0.224599 0.0
0.780327 0.210999 0.0
0.777191 0.197154 0.0
0.77463 0.183123 0.0
0.772643 0.168964 0.0
0.771224 0.154736 0.0
0.770364 0.140498 0.0
0.770051 0.126309 0.0
0.770267 0.11223 0.0
0.770992 0.0983228 0.0
0.772201 0.0846486 0.0
0.773863 0.0712701 0.0
0.775943 0.0582502 0.0
0.7784 0.0456523 0.0
0.781186 0.0335399 0.0
0.78425 0.0219778 0.0
0.787531 0.0110343 0.0
0.790961 0.000785081 0.0
0.794466 -0.00868623 0.0
0.797968 -0.0173168 0.0
0.801395 -0.0250527 0.0
0.80468 -0.0318479 0.0
0.807761 -0.0376645 0.0
0.810584 -0.0424721 0.0
0.813105 -0.0462457 0.0
0.81529 -0.048964 0.0
0.817113 -0.050606 0.0
0.818555 -0.0511469 0.0
0.819603 -0.0505565 0.0
0.820246 -0.0488258 0.0
0.820494 -0.0462704 0.0
0.999986 -0.00086045 0.0
0.999929 -0.00261142 0.0
0.999816 -0.00439993 0.0
0.999647 -0.00623337 0.0
0.999424 -0.00811908 0.0
0.999147 -0.0100643 0.0
0.998819 -0.0120764 0.0
0.998442 -0.0141624 0.0
0.998019 -0.0163294 0.0
0.997553 -0.0185843 0.0
0.997049 -0.020934 0.0
0.996511 -0.0233853 0.0
0.995943 -0.0259447 0.0
0.995353 -0.0286185 0.0
0.994746 -0.0314128 0.0
0.994129 -0.0343335 0.0
0.993512 -0.0373859 0.0
0.992902 -0.0405751 0.0
0.99231 -0.0439056 0.0
0.991745 -0.0473811 0.0
0.991221 -0.0510048 0.0
0.990748 -0.054779 0.0
0.990341 -0.0587047 0.0
0.990015 -0.062782 0.0
0.989784 -0.0670095 0.0
0.989664 -0.0713843 0.0
0.989673 -0.0759015 0.0
0.989828 -0.0805543 0.0
0.990147 -0.0853338 0.0
0.990649 -0.0902285 0.0
0.991349 -0.0952242 0.0
0.992268 -0.100304 0.0
0.99342 -0.105448 0.0
0.994821 -0.110633 0.0
0.996484 -0.115833 0.0
0.998419 -0.12102 0.0
1.00064 -0.126161 0.0
1.00314 -0.131224 0.0
1.00592 -0.136172 0.0
1.00898 -0.140969 0.0
1.01231 -0.145577 0.0
1.01589 -0.149962 0.0
1.01971 -0.154087 0.0
1.02372 -0.157921 0.0
1.02792 -0.161436 0.0
1.03225 -0.164608 0.0
1.03668 -0.16742 0.0
1.04117 -0.169858 0.0
1.04569 -0.171917 0.0
1.05019 -0.173597 0.0
1.05462 -0.174904 0.0
1.05896 -0.175847 0.0
1.06317 -0.176443 0.0
1.06723 -0.176709 0.0
1.07109 -0.176667 0.0
1.07475 -0.17634 0.0
1.07818 -0.175751 0.0
1.08136 -0.174924 0.0
1.08429 -0.173885 0.0
1.08694 -0.172657 0.0
1.08932 -0.171264 0.0
1.09142 -0.169729 0.0
1.09322 -0.168075 0.0
1.09472 -0.166325 0.0
1.09592 -0.164502 0.0
1.09682 -0.162629 0.0
1.09742 -0.160728 0.0
1.0977 -0.158824 0.0
1.09768 -0.15694 0.0
1.09735 -0.155101 0.0
1.09672 -0.15333 0.0
1.09579 -0.151654 0.0
1.09456 -0.150095 0.0
1.09305 -0.148678 0.0
1.09127 -0.147427 0.0
1.08922 -0.146363 0.0
1.08693 -0.145507 0.0
1.0844 -0.144878 0.0
1.08166 -0.144491 0.0
1.07872 -0.14436 0.0
1.07561 -0.144495 0.0
1.07234 -0.144902 0.0
1.06894 -0.145583 0.0
1.06543 -0.146536 0.0
1.06182 -0.147752 0.0
1.05814 -0.14922 0.0
1.05441 -0.150922 0.0
1.05064 -0.152835 0.0
1.04684 -0.15493 0.0
1.04303 -0.157174 0.0
1.03922 -0.159528 0.0
1.0354 -0.161949 0.0
1.03159 -0.164389 0.0
1.02778 -0.166797 0.0
1.02396 -0.16912 0.0
1.02014 -0.171301 0.0
1.01629 -0.173285 0.0
1.01242 -0.175014 0.0
1.00852 -0.176434 0.0
1.00457 -0.177493 0.0
1.00058 -0.178142 0.0
0.99655 -0.178337 0.0
0.992481 -0.178038 0.0
0.98839 -0.177214 0.0
0.9843 -0.175837 0.0
0.980242 -0.173886 0.0
0.976254 -0.171347 0.0
0.972383 -0.168207 0.0
0.968683 -0.164458 0.0
0.965209 -0.160094 0.0
0.962019 -0.155109 0.0
0.95917 -0.149494 0.0
0.956713 -0.143241 0.0
0.954692 -0.136338 0.0
0.953141 -0.128771 0.0
0.952083 -0.120525 0.0
0.951528 -0.111582 0.0
0.951473 -0.101928 0.0
0.951904 -0.0915482 0.0
0.952796 -0.0804305 0.0
0.954113 -0.0685678 0.0
0.955813 -0.0559575 0.0
0.957846 -0.0426025 0.0
0.960157 -0.0285111 0.0
0.962687 -0.0136978 0.0
0.965375 0.00181308 0.0
0.968154 0.017964 0.0
0.970956 0.0346987 0.0
0.973711 0.0519551 0.0
0.976351 0.0696638 0.0
0.978806 0.0877479 0.0
0.981005 0.106122 0.0
0.98288 0.124694 0.0
0.98436 0.143361 0.0
0.985382 0.162016 0.0
0.985881 0.180545 0.0
0.985803 0.198827 0.0
0.985095 0.21674 0.0
0.983717 0.234159 0.0
0.981635 0.25096 0.0
0.978827 0.267022 0.0
0.975281 0.282227 0.0
0.970999 0.296468 0.0
0.965992 0.309643 0.0
0.960284 0.321663 0.0
0.953909 0.332452 0.0
0.946913 0.341946 0.0
0.939348 0.350096 0.0
0.931276 0.356867 0.0
0.922763 0.362237 0.0
0.913881 0.366202 0.0
0.904705 0.368765 0.0
0.895309 0.369947 0.0
0.88577 0.369775 0.0
0.876163 0.368288 0.0
0.86656 0.365532 0.0
0.85703 0.361562 0.0
0.847639 0.356434 0.0
0.838448 0.350212 0.0
0.829513 0.34296 0.0
0.820885 0.334746 0.0
0.812611 0.325638 0.0
0.804733 0.315703 0.0
0.797286 0.30501 0.0
0.790303 0.293626 0.0
0.78381 0.281618 0.0
0.777831 0.26905 0.0
0.772385 0.255987 0.0
0.767487 0.242492 0.0
0.763149 0.228627 0.0
0.759378 0.214453 0.0
0.75618 0.200033 0.0
0.753555 0.185428 0.0
0.751502 0.170699 0.0
0.750014 0.155908 0.0
0.749082 0.141118 0.0
0.74869 0.126394 0.0
0.748821 0.111799 0.0
0.749449 0.0974005 0.0
0.750546 0.0832657 0.0
0.752074 0.0694627 0.0
0.753991 0.0560605 0.0
0.756248 0.0431286 0.0
0.758788 0.0307369 0.0
0.761549 0.0189567 0.0
0.76446 0.00786317 0.0
0.767442 -0.00245712 0.0
0.770416 -0.0119218 0.0
0.773305 -0.0204726 0.0
0.776042 -0.0280612 0.0
0.778568 -0.0346501 0.0
0.780837 -0.0402114 0.0
0.782814 -0.0447258 0.0
0.784481 -0.0481799 0.0
0.785829 -0.0505633 0.0
0.786865 -0.0518652 0.0
0.787604 -0.0520691 0.0
0.788073 -0.0511511 0.0
0.788308 -0.0491089 0.0
0.788361 -0.0462876 0.0
0.999984 -0.000830608 0.0
0.999922 -0.0025219 0.0
0.999796 -0.00425113 0.0
0.999609 -0.00602612 0.0
0.999361 -0.00785464 0.0
0.999053 -0.00974443 0.0
0.998688 -0.0117032 0.0
0.998268 -0.0137385 0.0
0.997796 -0.015858 0.0
0.997275 -0.0180691 0.0
0.996709 -0.0203793 0.0
0.996104 -0.022796 0.0
0.995463 -0.0253263 0.0
0.994794 -0.0279772 0.0
0.994103 -0.0307557 0.0
0.993397 -0.0336684 0.0
0.992684 -0.0367214 0.0
0.991975 -0.0399207 0.0
0.99128 -0.0432718 0.0
0.990608 -0.0467794 0.0
0.989974 -0.0504476 0.0
0.98939 -0.0542798 0.0
0.988871 -0.0582781 0.0
0.988432 -0.0624435 0.0
0.988091 -0.0667757 0.0
0.987865 -0.0712725 0.0
0.987773 -0.07593 0.0
0.987834 -0.0807421 0.0
0.988069 -0.0857001 0.0
0.988498 -0.0907927 0.0
0.989143 -0.0960055 0.0
0.990023 -0.101321 0.0
0.991158 -0.106718 0.0
0.992567 -0.112172 0.0
0.994266 -0.117655 0.0
0.996268 -0.123135 0.0
0.998583 -0.128577 0.0
1.00122 -0.133943 0.0
1.00418 -0.139192 0.0
1.00745 -0.144283 0.0
1.01103 -0.149171 0.0
1.01489 -0.153817 0.0
1.01903 -0.158177 0.0
1.02339 -0.162216 0.0
1.02796 -0.165901 0.0
1.03269 -0.169203 0.0
1.03754 -0.172102 0.0
1.04245 -0.174584 0.0
1.04738 -0.176642 0.0
1.05229 -0.178278 0.0
1.05713 -0.1795 0.0
1.06186 -0.180321 0.0
1.06644 -0.18076 0.0
1.07084 -0.18084 0.0
1.07502 -0.180586 0.0
1.07897 -0.180025 0.0
1.08266 -0.179184 0.0
1.08608 -0.178092 0.0
1.08921 -0.176775 0.0
1.09204 -0.175259 0.0
1.09457 -0.173569 0.0
1.09679 -0.171731 0.0
1.09868 -0.169769 0.0
1.10025 -0.167705 0.0
1.10149 -0.165564 0.0
1.10239 -0.163369 0.0
1.10296 -0.161145 0.0
1.10318 -0.158915 0.0
1.10306 -0.156705 0.0
1.10259 -0.15454 0.0
1.10178 -0.152447 0.0
1.10063 -0.150452 0.0
1.09914 -0.148581 0.0
1.09731 -0.14686 0.0
1.09517 -0.145314 0.0
1.0927 -0.143968 0.0
1.08994 -0.142845 0.0
1.08689 -0.141964 0.0
1.08358 -0.141344 0.0
1.08 -0.140998 0.0
1.0762 -0.140939 0.0
1.07218 -0.141171 0.0
1.06797 -0.141699 0.0
1.06358 -0.142519 0.0
1.05904 -0.143622 0.0
1.05436 -0.144995 0.0
1.04957 -0.146618 0.0
1.04466 -0.148467 0.0
1.03967 -0.15051 0.0
1.0346 -0.152711 0.0
1.02945 -0.155028 0.0
1.02423 -0.157414 0.0
1.01894 -0.159819 0.0
1.01357 -0.16219 0.0
1.00813 -0.164469 0.0
1.0026 -0.166601 0.0
0.996991 -0.168528 0.0
0.991284 -0.170194 0.0
0.985481 -0.171547 0.0
0.979582 -0.172537 0.0
0.973596 -0.173122 0.0
0.967536 -0.173264 0.0
0.961427 -0.172933 0.0
0.955303 -0.172105 0.0
0.949209 -0.170763 0.0
0.943202 -0.168895 0.0
0.937348 -0.166496 0.0
0.931721 -0.16356 0.0
0.926399 -0.160083 0.0
0.921462 -0.156059 0.0
0.916987 -0.151479 0.0
0.913043 -0.146331 0.0
0.909688 -0.140594 0.0
0.906969 -0.134245 0.0
0.904912 -0.127257 0.0
0.90353 -0.119599 0.0
0.902818 -0.11124 0.0
0.902754 -0.102152 0.0
0.903304 -0.0923065 0.0
0.904423 -0.0816826 0.0
0.906054 -0.0702644 0.0
0.908137 -0.0580435 0.0
0.910606 -0.0450185 0.0
0.913396 -0.0311955 0.0
0.91644 -0.0165877 0.0
0.919672 -0.00121756 0.0
0.923026 0.014862 0.0
0.926431 0.0315938 0.0
0.92982 0.0489158 0.0
0.933124 0.0667594 0.0
0.936274 0.0850479 0.0
0.9392 0.103696 0.0
0.941834 0.122611 0.0
0.944106 0.14169 0.0
0.945951 0.160822 0.0
0.947302 0.179889 0.0
0.948099 0.198765 0.0
0.948286 0.217322 0.0
0.947816 0.235426 0.0
0.946649 0.252943 0.0
0.944754 0.269742 0.0
0.942112 0.285694 0.0
0.938716 0.300679 0.0
0.934571 0.314584 0.0
0.929693 0.327308 0.0
0.924112 0.338763 0.0
0.917866 0.348877 0.0
0.911007 0.35759 0.0
0.903591 0.364861 0.0
0.895684 0.370663 0.0
0.887356 0.374985 0.0
0.878683 0.377831 0.0
0.869741 0.379218 0.0
0.860607 0.379176 0.0
0.851357 0.377743 0.0
0.842068 0.37497 0.0
0.83281 0.370912 0.0
0.823652 0.365633 0.0
0.814658 0.359199 0.0
0.805887 0.35168 0.0
0.797394 0.343148 0.0
0.789227 0.333677 0.0
0.78143 0.323339 0.0
0.774042 0.312209 0.0
0.767097 0.300356 0.0
0.760625 0.287853 0.0
0.75465 0.274769 0.0
0.749193 0.261171 0.0
0.74427 0.247128 0.0
0.739894 0.232704 0.0
0.736074 0.217966 0.0
0.732816 0.202978 0.0
0.73012 0.187805 0.0
0.727983 0.172513 0.0
0.726398 0.157167 0.0
0.725353 0.141836 0.0
0.724832 0.126588 0.0
0.724811 0.111495 0.0
0.72526 0.0966269 0.0
0.726144 0.0820594 0.0
0.727418 0.0678674 0.0
0.729029 0.0541272 0.0
0.730918 0.0409159 0.0
0.733017 0.0283105 0.0
0.73525 0.016389 0.0
0.737537 0.00523257 0.0
0.739794 -0.00506561 0.0
0.741939 -0.0144326 0.0
0.743907 -0.0228185 0.0
0.745642 -0.0301869 0.0
0.747106 -0.0365141 0.0
0.748276 -0.0417869 0.0
0.749149 -0.0460008 0.0
0.749734 -0.0491565 0.0
0.750056 -0.0512572 0.0
0.750153 -0.0523039 0.0
0.750075 -0.0522918 0.0
0.749886 -0.0512086 0.0
0.749666 -0.0490655 0.0
0.749507 -0.0462249 0.0
0.999983 -0.000797583 0.0
0.999913 -0.00242282 0.0
0.999775 -0.0040864 0.0
0.999568 -0.00579657 0.0
0.999293 -0.00756154 0.0
0.998953 -0.00938946 0.0
0.998548 -0.0112885 0.0
0.998082 -0.0132668 0.0
0.997557 -0.0153323 0.0
0.996976 -0.0174933 0.0
0.996344 -0.0197577 0.0
0.995666 -0.0221335 0.0
0.994946 -0.0246285 0.0
0.994191 -0.0272506 0.0
0.993407 -0.0300074 0.0
0.992603 -0.0329064 0.0
0.991787 -0.0359547 0.0
0.990968 -0.0391593 0.0
0.990157 -0.0425266 0.0
0.989366 -0.0460625 0.0
0.988608 -0.0497724 0.0
0.987898 -0.0536605 0.0
0.98725 -0.0577305 0.0
0.986682 -0.0619845 0.0
0.986212 -0.0664234 0.0
0.98586 -0.0710461 0.0
0.985646 -0.0758499 0.0
0.985592 -0.0808295 0.0
0.985721 -0.0859769 0.0
0.986057 -0.0912812 0.0
0.986624 -0.0967282 0.0
0.987445 -0.1023 0.0
0.988544 -0.107974 0.0
0.989943 -0.113725 0.0
0.991663 -0.119521 0.0
0.99372 -0.125329 0.0
0.996128 -0.131108 0.0
0.998896 -0.136816 0.0
1.00203 -0.142407 0.0
1.00552 -0.147832 0.0
1.00936 -0.153042 0.0
1.01353 -0.157987 0.0
1.01801 -0.162619 0.0
1.02276 -0.166894 0.0
1.02775 -0.170774 0.0
1.03291 -0.174225 0.0
1.03821 -0.177223 0.0
1.04359 -0.179753 0.0
1.04899 -0.181808 0.0
1.05436 -0.18339 0.0
1.05964 -0.184511 0.0
1.06479 -0.185188 0.0
1.06976 -0.185446 0.0
1.07453 -0.185312 0.0
1.07905 -0.184817 0.0
1.0833 -0.183993 0.0
1.08726 -0.182871 0.0
1.09092 -0.181482 0.0
1.09426 -0.179857 0.0
1.09728 -0.178024 0.0
1.09995 -0.176009 0.0
1.10229 -0.173839 0.0
1.10427 -0.171537 0.0
1.10589 -0.169129 0.0
1.10715 -0.166637 0.0
1.10803 -0.164087 0.0
1.10854 -0.161502 0.0
1.10867 -0.158908 0.0
1.10841 -0.15633 0.0
1.10776 -0.153796 0.0
1.10671 -0.151334 0.0
1.10527 -0.148971 0.0
1.10343 -0.146736 0.0
1.10121 -0.144656 0.0
1.0986 -0.142761 0.0
1.09561 -0.141075 0.0
1.09226 -0.139624 0.0
1.08856 -0.138431 0.0
1.08451 -0.137514 0.0
1.08015 -0.13689 0.0
1.07548 -0.136571 0.0
1.07052 -0.136564 0.0
1.0653 -0.136871 0.0
1.05983 -0.13749 0.0
1.05413 -0.138411 0.0
1.04822 -0.139619 0.0
1.04212 -0.141093 0.0
1.03583 -0.142806 0.0
1.02938 -0.144724 0.0
1.02276 -0.146808 0.0
1.01599 -0.149012 0.0
1.00907 -0.151288 0.0
1.002 -0.153583 0.0
0.994785 -0.155841 0.0
0.987412 -0.158004 0.0
0.979884 -0.160014 0.0
0.972198 -0.161816 0.0
0.964357 -0.163357 0.0
0.956366 -0.164589 0.0
0.94824 -0.16547 0.0
0.940002 -0.165965 0.0
0.931687 -0.166047 0.0
0.923344 -0.165698 0.0
0.915035 -0.164907 0.0
0.906837 -0.163669 0.0
0.89884 -0.161985 0.0
0.891142 -0.159855 0.0
0.883849 -0.15728 0.0
0.877066 -0.154257 0.0
0.870892 -0.150775 0.0
0.865419 -0.146815 0.0
0.86072 -0.142351 0.0
0.856849 -0.137347 0.0
0.853839 -0.13176 0.0
0.851698 -0.125543 0.0
0.850413 -0.118646 0.0
0.849952 -0.11102 0.0
0.850264 -0.102621 0.0
0.851286 -0.0934095 0.0
0.852943 -0.0833554 0.0
0.855157 -0.072437 0.0
0.857847 -0.060643 0.0
0.86093 -0.0479716 0.0
0.864328 -0.0344308 0.0
0.867969 -0.0200372 0.0
0.871785 -0.00481693 0.0
0.875712 0.0111812 0.0
0.879684 0.0278976 0.0
0.883637 0.04527 0.0
0.887509 0.0632296 0.0
0.891237 0.0817001 0.0
0.894758 0.100597 0.0
0.898009 0.119826 0.0
0.900925 0.139286 0.0
0.903444 0.158863 0.0
0.905502 0.178438 0.0
0.907038 0.197882 0.0
0.907996 0.217059 0.0
0.908323 0.235831 0.0
0.907975 0.254054 0.0
0.906915 0.271586 0.0
0.905117 0.28829 0.0
0.902566 0.304031 0.0
0.899259 0.318685 0.0
0.895205 0.332139 0.0
0.890426 0.344293 0.0
0.884956 0.355063 0.0
0.878838 0.364381 0.0
0.872127 0.372197 0.0
0.864884 0.378477 0.0
0.857177 0.383205 0.0
0.84908 0.386382 0.0
0.840668 0.388022 0.0
0.83202 0.388155 0.0
0.823211 0.386821 0.0
0.814319 0.384073 0.0
0.805417 0.379969 0.0
0.796574 0.374576 0.0
0.787857 0.367966 0.0
0.779327 0.360213 0.0
0.771039 0.351395 0.0
0.763046 0.34159 0.0
0.755393 0.330876 0.0
0.748121 0.319332 0.0
0.741265 0.307034 0.0
0.734856 0.294057 0.0
0.728921 0.280475 0.0
0.723481 0.266362 0.0
0.718554 0.251788 0.0
0.714152 0.236822 0.0
0.710285 0.221535 0.0
0.706958 0.205995 0.0
0.704171 0.190271 0.0
0.70192 0.174435 0.0
0.700194 0.158556 0.0
0.698979 0.142707 0.0
0.698253 0.126965 0.0
0.697986 0.111406 0.0
0.698141 0.0961103 0.0
0.698674 0.0811598 0.0
0.699529 0.0666386 0.0
0.700642 0.0526316 0.0
0.70194 0.0392241 0.0
0.703343 0.0265003 0.0
0.704766 0.0145434 0.0
0.70612 0.00343684 0.0
0.707324 -0.00672992 0.0
0.708309 -0.0158999 0.0
0.70903 -0.0240388 0.0
0.709457 -0.0311285 0.0
0.709584 -0.0371633 0.0
0.709423 -0.0421479 0.0
0.709004 -0.0460936 0.0
0.708371 -0.049015 0.0
0.707577 -0.0509272 0.0
0.706689 -0.0518427 0.0
0.705783 -0.0517684 0.0
0.704946 -0.050707 0.0
0.704289 -0.0486893 0.0
0.703929 -0.0460818 0.0
0.999981 -0.000761165 0.0
0.999905 -0.00231356 0.0
0.999752 -0.00390471 0.0
0.999524 -0.00554326 0.0
0.999222 -0.00723783 0.0
0.998846 -0.00899702 0.0
0.998399 -0.0108295 0.0
0.997883 -0.0127437 0.0
0.997302 -0.0147485 0.0
0.996657 -0.0168523 0.0
0.995954 -0.0190639 0.0
0.995197 -0.0213918 0.0
0.994392 -0.0238447 0.0
0.993544 -0.0264311 0.0
0.99266 -0.0291595 0.0
0.991748 -0.0320383 0.0
0.990817 -0.0350756 0.0
0.989877 -0.0382795 0.0
0.988939 -0.0416576 0.0
0.988016 -0.0452169 0.0
0.987119 -0.0489641 0.0
0.986266 -0.0529051 0.0
0.985473 -0.0570446 0.0
0.984756 -0.0613864 0.0
0.984138 -0.0659327 0.0
0.983637 -0.0706842 0.0
0.983279 -0.0756392 0.0
0.983086 -0.0807938 0.0
0.983086 -0.0861411 0.0
0.983303 -0.0916708 0.0
0.983767 -0.0973692 0.0
0.984505 -0.103218 0.0
0.985545 -0.109195 0.0
0.986913 -0.115271 0.0
0.988634 -0.121415 0.0
0.990731 -0.127588 0.0
0.99322 -0.133746 0.0
0.996116 -0.139841 0.0
0.999424 -0.145821 0.0
1.00314 -0.151629 0.0
1.00726 -0.157207 0.0
1.01177 -0.162498 0.0
1.01662 -0.167444 0.0
1.0218 -0.171993 0.0
1.02724 -0.176098 0.0
1.03289 -0.179721 0.0
1.0387 -0.182832 0.0
1.04459 -0.185414 0.0
1.0505 -0.18746 0.0
1.05637 -0.188976 0.0
1.06214 -0.189976 0.0
1.06775 -0.190484 0.0
1.07316 -0.19053 0.0
1.07832 -0.190149 0.0
1.08319 -0.189379 0.0
1.08776 -0.188256 0.0
1.09201 -0.186817 0.0
1.09591 -0.185099 0.0
1.09946 -0.183132 0.0
1.10265 -0.180948 0.0
1.10546 -0.178575 0.0
1.1079 -0.176039 0.0
1.10995 -0.173364 0.0
1.1116 -0.170576 0.0
1.11285 -0.167696 0.0
1.11368 -0.164749 0.0
1.11409 -0.161761 0.0
1.11407 -0.158755 0.0
1.11361 -0.155761 0.0
1.1127 -0.152804 0.0
1.11134 -0.149916 0.0
1.10951 -0.147125 0.0
1.10723 -0.144462 0.0
1.10448 -0.141959 0.0
1.10128 -0.139644 0.0
1.09762 -0.137548 0.0
1.09352 -0.135698 0.0
1.08898 -0.134118 0.0
1.08403 -0.132829 0.0
1.07867 -0.13185 0.0
1.07292 -0.131194 0.0
1.06681 -0.130869 0.0
1.06034 -0.130877 0.0
1.05354 -0.131216 0.0
1.04643 -0.131875 0.0
1.03902 -0.132838 0.0
1.03134 -0.134083 0.0
1.02338 -0.135579 0.0
1.01518 -0.13729 0.0
1.00673 -0.139176 0.0
0.998038 -0.141188 0.0
0.989119 -0.143274 0.0
0.979971 -0.14538 0.0
0.970595 -0.147449 0.0
0.960994 -0.149422 0.0
0.95117 -0.151244 0.0
0.941131 -0.152861 0.0
0.930888 -0.154228 0.0
0.920464 -0.155303 0.0
0.90989 -0.156057 0.0
0.899216 -0.156466 0.0
0.888506 -0.15652 0.0
0.877842 -0.156218 0.0
0.867326 -0.155562 0.0
0.857074 -0.154564 0.0
0.847215 -0.153234 0.0
0.837886 -0.151578 0.0
0.829221 -0.149598 0.0
0.821347 -0.147282 0.0
0.814376 -0.144606 0.0
0.808397 -0.141532 0.0
0.80347 -0.138009 0.0
0.799629 -0.133977 0.0
0.796873 -0.129365 0.0
0.795176 -0.124101 0.0
0.794486 -0.118113 0.0
0.79473 -0.111335 0.0
0.79582 -0.103708 0.0
0.797659 -0.0951832 0.0
0.800145 -0.0857251 0.0
0.803174 -0.0753109 0.0
0.806647 -0.0639309 0.0
0.810468 -0.0515879 0.0
0.814552 -0.0382963 0.0
0.81882 -0.0240807 0.0
0.823206 -0.0089759 0.0
0.827651 0.00696853 0.0
0.832099 0.023691 0.0
0.836494 0.0411275 0.0
0.840786 0.0592084 0.0
0.844922 0.0778574 0.0
0.84885 0.0969903 0.0
0.852518 0.116514 0.0
0.855871 0.136328 0.0
0.858856 0.156319 0.0
0.861414 0.176367 0.0
0.86349 0.196341 0.0
0.865029 0.216104 0.0
0.865978 0.23551 0.0
0.86629 0.25441 0.0
0.865925 0.272655 0.0
0.864849 0.290094 0.0
0.863043 0.306584 0.0
0.860494 0.321988 0.0
0.857204 0.336179 0.0
0.853187 0.349048 0.0
0.848469 0.360496 0.0
0.843088 0.370447 0.0
0.837091 0.37884 0.0
0.830535 0.385633 0.0
0.823484 0.390806 0.0
0.816008 0.394354 0.0
0.80818 0.396289 0.0
0.800076 0.39664 0.0
0.791772 0.395448 0.0
0.783345 0.392766 0.0
0.774866 0.388657 0.0
0.766408 0.38319 0.0
0.758036 0.376442 0.0
0.749813 0.368491 0.0
0.741795 0.359422 0.0
0.734036 0.349316 0.0
0.726582 0.338258 0.0
0.719475 0.32633 0.0
0.712751 0.313615 0.0
0.706442 0.300193 0.0
0.700576 0.286141 0.0
0.695174 0.271538 0.0
0.690253 0.256459 0.0
0.685828 0.240978 0.0
0.681905 0.225168 0.0
0.678489 0.209104 0.0
0.675577 0.19286 0.0
0.673162 0.176512 0.0
0.67123 0.160136 0.0
0.66976 0.143812 0.0
0.668722 0.127624 0.0
0.668079 0.111657 0.0
0.667783 0.0959998 0.0
0.667777 0.0807442 0.0
0.667992 0.0659838 0.0
0.668353 0.0518125 0.0
0.668775 0.0383229 0.0
0.669169 0.0256043 0.0
0.669445 0.0137407 0.0
0.66952 0.00281029 0.0
0.669329 -0.00711602 0.0
0.668833 -0.0160039 0.0
0.668021 -0.0238425 0.0
0.666905 -0.0306359 0.0
0.665521 -0.0363987 0.0
0.663921 -0.0411516 0.0
0.662168 -0.0449182 0.0
0.660333 -0.047722 0.0
0.658491 -0.049585 0.0
0.656721 -0.0505265 0.0
0.655106 -0.0505628 0.0
0.653741 -0.0497116 0.0
0.65274 -0.0480269 0.0
0.652222 -0.0458656 0.0
0.999979 -0.000721152 0.0
0.999895 -0.00219352 0.0
0.999728 -0.00370503 0.0
0.999478 -0.00526471 0.0
0.999146 -0.00688161 0.0
0.998733 -0.00856476 0.0
0.998241 -0.0103232 0.0
0.997673 -0.0121661 0.0
0.997031 -0.0141025 0.0
0.996319 -0.0161416 0.0
0.99554 -0.0182927 0.0
0.994699 -0.0205651 0.0
0.993801 -0.0229681 0.0
0.992852 -0.025511 0.0
0.99186 -0.0282034 0.0
0.990832 -0.0310544 0.0
0.989777 -0.0340734 0.0
0.988704 -0.0372695 0.0
0.987626 -0.0406515 0.0
0.986555 -0.0442281 0.0
0.985506 -0.0480071 0.0
0.984493 -0.051996 0.0
0.983534 -0.0562014 0.0
0.98265 -0.0606287 0.0
0.98186 -0.0652819 0.0
0.981188 -0.0701634 0.0
0.98066 -0.0752733 0.0
0.980302 -0.0806093 0.0
0.980144 -0.086166 0.0
0.980215 -0.0919345 0.0
0.980547 -0.0979017 0.0
0.981173 -0.10405 0.0
0.982125 -0.110355 0.0
0.983436 -0.11679 0.0
0.985136 -0.123318 0.0
0.987252 -0.129898 0.0
0.989808 -0.136482 0.0
0.992823 -0.143015 0.0
0.996306 -0.149438 0.0
1.00026 -0.155685 0.0
1.00468 -0.161689 0.0
1.00954 -0.16738 0.0
1.01481 -0.17269 0.0
1.02044 -0.177558 0.0
1.02639 -0.181925 0.0
1.03259 -0.185745 0.0
1.03896 -0.188985 0.0
1.04543 -0.191623 0.0
1.05192 -0.193654 0.0
1.05836 -0.195085 0.0
1.06466 -0.195938 0.0
1.07077 -0.196244 0.0
1.07664 -0.196041 0.0
1.08222 -0.195373 0.0
1.08747 -0.194286 0.0
1.09237 -0.192823 0.0
1.0969 -0.191027 0.0
1.10105 -0.188938 0.0
1.1048 -0.186592 0.0
1.10814 -0.184019 0.0
1.11107 -0.18125 0.0
1.11359 -0.178309 0.0
1.11567 -0.175221 0.0
1.1173 -0.172009 0.0
1.11849 -0.168696 0.0
1.11921 -0.165305 0.0
1.11946 -0.161859 0.0
1.11921 -0.158386 0.0
1.11845 -0.154913 0.0
1.11718 -0.151469 0.0
1.11537 -0.148085 0.0
1.11304 -0.144793 0.0
1.11015 -0.141626 0.0
1.10672 -0.138619 0.0
1.10275 -0.135804 0.0
1.09823 -0.133214 0.0
1.09318 -0.130878 0.0
1.0876 -0.128824 0.0
1.0815 -0.127076 0.0
1.07491 -0.125653 0.0
1.06784 -0.124572 0.0
1.0603 -0.12384 0.0
1.05233 -0.123461 0.0
1.04392 -0.123431 0.0
1.03511 -0.12374 0.0
1.02592 -0.124371 0.0
1.01636 -0.125299 0.0
1.00644 -0.126493 0.0
0.996182 -0.127914 0.0
0.985598 -0.129518 0.0
0.974696 -0.131256 0.0
0.963484 -0.133074 0.0
0.951969 -0.134917 0.0
0.940158 -0.136726 0.0
0.928062 -0.138446 0.0
0.915691 -0.140025 0.0
0.903067 -0.141416 0.0
0.890219 -0.142582 0.0
0.877192 -0.143497 0.0
0.864046 -0.144144 0.0
0.850866 -0.144524 0.0
0.837756 -0.144643 0.0
0.824846 -0.144521 0.0
0.812284 -0.14418 0.0
0.800234 -0.143644 0.0
0.788868 -0.142929 0.0
0.778355 -0.14204 0.0
0.768849 -0.140966 0.0
0.760484 -0.139676 0.0
0.753362 -0.138118 0.0
0.747546 -0.136224 0.0
0.743061 -0.133906 0.0
0.739892 -0.13107 0.0
0.737991 -0.127615 0.0
0.737279 -0.123442 0.0
0.737655 -0.118458 0.0
0.739003 -0.112582 0.0
0.741198 -0.105746 0.0
0.744111 -0.0978975 0.0
0.747616 -0.0890021 0.0
0.751594 -0.0790409 0.0
0.755931 -0.0680113 0.0
0.760528 -0.0559253 0.0
0.765293 -0.042808 0.0
0.770152 -0.0286955 0.0
0.775039 -0.0136343 0.0
0.779902 0.00231859 0.0
0.784697 0.0190987 0.0
0.789381 0.0366395 0.0
0.793916 0.0548696 0.0
0.798265 0.0737119 0.0
0.80239 0.093083 0.0
0.806252 0.112891 0.0
0.809812 0.133037 0.0
0.813026 0.153411 0.0
0.815848 0.173894 0.0
0.818231 0.194355 0.0
0.820126 0.214657 0.0
0.821482 0.234651 0.0
0.822254 0.254185 0.0
0.822398 0.273101 0.0
0.82188 0.291242 0.0
0.820672 0.308452 0.0
0.818755 0.324585 0.0
0.816125 0.339502 0.0
0.812787 0.35308 0.0
0.808758 0.36521 0.0
0.804069 0.375803 0.0
0.798759 0.38479 0.0
0.79288 0.392119 0.0
0.786488 0.397763 0.0
0.779649 0.401713 0.0
0.772431 0.403976 0.0
0.764908 0.404581 0.0
0.757152 0.403567 0.0
0.749237 0.40099 0.0
0.741235 0.396913 0.0
0.733216 0.391411 0.0
0.725244 0.384564 0.0
0.717382 0.376454 0.0
0.709687 0.367171 0.0
0.702211 0.356802 0.0
0.695001 0.345436 0.0
0.688099 0.333161 0.0
0.681542 0.320065 0.0
0.675361 0.306232 0.0
0.669583 0.291746 0.0
0.664229 0.276689 0.0
0.659316 0.261141 0.0
0.654856 0.245181 0.0
0.650854 0.228889 0.0
0.647311 0.212343 0.0
0.644221 0.195624 0.0
0.641569 0.178814 0.0
0.639337 0.161998 0.0
0.637492 0.145265 0.0
0.635996 0.128705 0.0
0.634799 0.112416 0.0
0.633838 0.0964966 0.0
0.633044 0.0810479 0.0
0.632336 0.0661726 0.0
0.631627 0.0519714 0.0
0.630829 0.0385403 0.0
0.629855 0.0259673 0.0
0.628627 0.014329 0.0
0.627087 0.00368686 0.0
0.625206 -0.00592066 0.0
0.622993 -0.0144899 0.0
0.620486 -0.0220375 0.0
0.617751 -0.0285894 0.0
0.614865 -0.0341755 0.0
0.611916 -0.0388253 0.0
0.608989 -0.042565 0.0
0.606166 -0.0454176 0.0
0.603523 -0.0474036 0.0
0.601128 -0.0485425 0.0
0.599051 -0.0488555 0.0
0.597371 -0.0483738 0.0
0.59618 -0.0471733 0.0
0.595569 -0.0455895 0.0
0.999977 -0.000677347 0.0
0.999886 -0.0020621 0.0
0.999703 -0.00348636 0.0
0.999429 -0.00495953 0.0
0.999066 -0.00649105 0.0
0.998614 -0.00809037 0.0
0.998075 -0.00976697 0.0
0.997451 -0.0115304 0.0
0.996745 -0.0133904 0.0
0.99596 -0.0153566 0.0
0.995101 -0.0174389 0.0
0.99417 -0.0196473 0.0
0.993174 -0.0219919 0.0
0.992118 -0.0244829 0.0
0.991009 -0.0271305 0.0
0.989855 -0.0299451 0.0
0.988665 -0.0329372 0.0
0.987449 -0.0361171 0.0
0.986218 -0.039495 0.0
0.984985 -0.0430809 0.0
0.983765 -0.0468846 0.0
0.982575 -0.0509151 0.0
0.981432 -0.055181 0.0
0.980357 -0.0596896 0.0
0.979372 -0.0644471 0.0
0.978504 -0.0694581 0.0
0.977778 -0.0747248 0.0
0.977225 -0.0802472 0.0
0.976878 -0.0860217 0.0
0.976769 -0.0920412 0.0
0.976936 -0.098294 0.0
0.977416 -0.104763 0.0
0.978247 -0.111426 0.0
0.979469 -0.118252 0.0
0.981118 -0.125204 0.0
0.983228 -0.132239 0.0
0.985832 -0.139301 0.0
0.988952 -0.146331 0.0
0.992606 -0.15326 0.0
0.996801 -0.160012 0.0
1.00153 -0.166507 0.0
1.00677 -0.172664 0.0
1.0125 -0.178401 0.0
1.01865 -0.18364 0.0
1.02517 -0.188314 0.0
1.03198 -0.192365 0.0
1.039 -0.195751 0.0
1.04612 -0.198449 0.0
1.05325 -0.200453 0.0
1.06031 -0.201777 0.0
1.06721 -0.202449 0.0
1.07387 -0.20251 0.0
1.08024 -0.20201 0.0
1.08626 -0.201005 0.0
1.0919 -0.199549 0.0
1.09714 -0.197695 0.0
1.10194 -0.195494 0.0
1.10632 -0.192987 0.0
1.11024 -0.190215 0.0
1.11371 -0.187209 0.0
1.11671 -0.183998 0.0
1.11925 -0.180606 0.0
1.1213 -0.177055 0.0
1.12285 -0.173368 0.0
1.12389 -0.169565 0.0
1.1244 -0.165668 0.0
1.12437 -0.161701 0.0
1.12376 -0.157691 0.0
1.12257 -0.153664 0.0
1.12078 -0.149652 0.0
1.11837 -0.145689 0.0
1.11533 -0.141809 0.0
1.11165 -0.138048 0.0
1.10733 -0.134444 0.0
1.10236 -0.131033 0.0
1.09674 -0.127851 0.0
1.09048 -0.124932 0.0
1.0836 -0.122306 0.0
1.0761 -0.120001 0.0
1.068 -0.118038 0.0
1.05932 -0.116434 0.0
1.05008 -0.115199 0.0
1.0403 -0.114338 0.0
1.02999 -0.113847 0.0
1.0192 -0.113716 0.0
1.00792 -0.113925 0.0
0.996186 -0.114449 0.0
0.984015 -0.115255 0.0
0.971424 -0.116303 0.0
0.958426 -0.117547 0.0
0.945038 -0.118936 0.0
0.931273 -0.120417 0.0
0.917145 -0.121932 0.0
0.902671 -0.123427 0.0
0.887871 -0.124849 0.0
0.872774 -0.126155 0.0
0.857419 -0.127308 0.0
0.841863 -0.128287 0.0
0.826184 -0.129085 0.0
0.810483 -0.12971 0.0
0.794893 -0.130187 0.0
0.779574 -0.130551 0.0
0.764711 -0.13084 0.0
0.750508 -0.131096 0.0
0.737174 -0.131346 0.0
0.724916 -0.131603 0.0
0.713919 -0.131854 0.0
0.704333 -0.13206 0.0
0.696267 -0.132151 0.0
0.68978 -0.132034 0.0
0.68488 -0.131593 0.0
0.681529 -0.130701 0.0
0.679646 -0.129225 0.0
0.679121 -0.127034 0.0
0.679818 -0.124008 0.0
0.681591 -0.12004 0.0
0.684284 -0.115041 0.0
0.687747 -0.108943 0.0
0.69183 -0.101697 0.0
0.696398 -0.0932753 0.0
0.701322 -0.0836692 0.0
0.706489 -0.0728878 0.0
0.711799 -0.0609555 0.0
0.717166 -0.0479106 0.0
0.722518 -0.0338028 0.0
0.727796 -0.0186917 0.0
0.732954 -0.00264542 0.0
0.737957 0.0142649 0.0
0.742777 0.0319691 0.0
0.747388 0.0503934 0.0
0.751768 0.0694594 0.0
0.755895 0.0890838 0.0
0.759746 0.109177 0.0
0.763297 0.129642 0.0
0.766518 0.150372 0.0
0.769378 0.171251 0.0
0.771839 0.192153 0.0
0.773862 0.212941 0.0
0.775404 0.233468 0.0
0.776423 0.253578 0.0
0.776877 0.27311 0.0
0.776728 0.291899 0.0
0.775948 0.309784 0.0
0.774512 0.326606 0.0
0.772408 0.342216 0.0
0.769634 0.356479 0.0
0.7662 0.369274 0.0
0.762128 0.380501 0.0
0.757449 0.39008 0.0
0.752206 0.397951 0.0
0.74645 0.404079 0.0
0.740238 0.408448 0.0
0.733634 0.411062 0.0
0.726705 0.411947 0.0
0.719519 0.411142 0.0
0.712147 0.408702 0.0
0.704656 0.404694 0.0
0.697113 0.399193 0.0
0.689582 0.392284 0.0
0.682122 0.384055 0.0
0.67479 0.374598 0.0
0.667635 0.364006 0.0
0.660703 0.352373 0.0
0.654036 0.339793 0.0
0.647669 0.326358 0.0
0.641631 0.312158 0.0
0.635949 0.297281 0.0
0.630642 0.281816 0.0
0.625723 0.265846 0.0
0.621201 0.249458 0.0
0.617078 0.232737 0.0
0.613348 0.215768 0.0
0.609999 0.198639 0.0
0.607007 0.181442 0.0
0.604341 0.164269 0.0
0.601958 0.147221 0.0
0.599804 0.130399 0.0
0.597815 0.11391 0.0
0.595913 0.0978644 0.0
0.594017 0.0823707 0.0
0.592038 0.0675365 0.0
0.589892 0.0534625 0.0
0.5875 0.0402391 0.0
0.584801 0.0279418 0.0
0.581756 0.016627 0.0
0.578358 0.00632735 0.0
0.574634 -0.00295658 0.0
0.570653 -0.0112593 0.0
0.566512 -0.0186205 0.0
0.562321 -0.0250798 0.0
0.558191 -0.0306697 0.0
0.554223 -0.0354136 0.0
0.5505 -0.0393269 0.0
0.547088 -0.0424205 0.0
0.544035 -0.0447045 0.0
0.541382 -0.0461933 0.0
0.539163 -0.0469099 0.0
0.537421 -0.0468967 0.0
0.53621 -0.0462486 0.0
0.535577 -0.0452704 0.0
0.999975 -0.000629566 0.0
0.999875 -0.00191875 0.0
0.999676 -0.00324776 0.0
0.999378 -0.00462638 0.0
0.998982 -0.0060644 0.0
0.998489 -0.00757166 0.0
0.9979 -0.00915806 0.0
0.997218 -0.0108336 0.0
0.996445 -0.0126085 0.0
0.995584 -0.014493 0.0
0.994639 -0.0164975 0.0
0.993613 -0.0186327 0.0
0.992513 -0.0209095 0.0
0.991342 -0.0233389 0.0
0.990109 -0.0259322 0.0
0.98882 -0.0287007 0.0
0.987484 -0.031656 0.0
0.986112 -0.0348098 0.0
0.984715 -0.0381739 0.0
0.983305 -0.0417598 0.0
0.981899 -0.0455791 0.0
0.980512 -0.0496429 0.0
0.979163 -0.0539618 0.0
0.977875 -0.0585455 0.0
0.97667 -0.0634026 0.0
0.975577 -0.0685403 0.0
0.974623 -0.0739636 0.0
0.973842 -0.079675 0.0
0.97327 -0.0856737 0.0
0.972945 -0.0919551 0.0
0.972907 -0.0985096 0.0
0.973202 -0.105322 0.0
0.973873 -0.112369 0.0
0.974966 -0.119623 0.0
0.976527 -0.127043 0.0
0.9786 -0.134583 0.0
0.981223 -0.142184 0.0
0.984431 -0.149777 0.0
0.988247 -0.157284 0.0
0.992684 -0.164619 0.0
0.997742 -0.171686 0.0
1.0034 -0.178388 0.0
1.00962 -0.184625 0.0
1.01636 -0.190303 0.0
1.02352 -0.195338 0.0
1.03103 -0.199657 0.0
1.03877 -0.203211 0.0
1.04663 -0.205971 0.0
1.0545 -0.207933 0.0
1.06226 -0.209117 0.0
1.06981 -0.209561 0.0
1.07707 -0.209322 0.0
1.08397 -0.208465 0.0
1.09046 -0.207058 0.0
1.09649 -0.205169 0.0
1.10205 -0.202863 0.0
1.10711 -0.200195 0.0
1.11166 -0.197213 0.0
1.11571 -0.193958 0.0
1.11923 -0.190462 0.0
1.12224 -0.186751 0.0
1.1247 -0.182849 0.0
1.12661 -0.178775 0.0
1.12795 -0.174546 0.0
1.12871 -0.170184 0.0
1.12886 -0.165706 0.0
1.12837 -0.161138 0.0
1.12722 -0.156504 0.0
1.12539 -0.151834 0.0
1.12287 -0.147161 0.0
1.11962 -0.14252 0.0
1.11563 -0.137951 0.0
1.11089 -0.133492 0.0
1.10541 -0.129186 0.0
1.09916 -0.125074 0.0
1.09216 -0.121195 0.0
1.08442 -0.117587 0.0
1.07593 -0.114285 0.0
1.06673 -0.11132 0.0
1.05683 -0.108715 0.0
1.04624 -0.106489 0.0
1.03499 -0.104656 0.0
1.02312 -0.103219 0.0
1.01063 -0.102175 0.0
0.997552 -0.101514 0.0
0.983918 -0.101216 0.0
0.969748 -0.101255 0.0
0.955065 -0.101595 0.0
0.939892 -0.102197 0.0
0.924249 -0.103013 0.0
0.908159 -0.103992 0.0
0.891643 -0.10508 0.0
0.874727 -0.106224 0.0
0.857441 -0.107374 0.0
0.839824 -0.108485 0.0
0.821928 -0.109526 0.0
0.803823 -0.110478 0.0
0.785604 -0.111342 0.0
0.767395 -0.112141 0.0
0.749356 -0.112915 0.0
0.731681 -0.113719 0.0
0.714597 -0.114616 0.0
0.69835 -0.115665 0.0
0.683192 -0.116911 0.0
0.669367 -0.118372 0.0
0.657084 -0.120036 0.0
0.646509 -0.121848 0.0
0.637747 -0.123718 0.0
0.63084 -0.125521 0.0
0.625771 -0.127107 0.0
0.622463 -0.128312 0.0
0.620799 -0.128966 0.0
0.620628 -0.128906 0.0
0.621782 -0.127981 0.0
0.624082 -0.126058 0.0
0.627349 -0.123029 0.0
0.631411 -0.118808 0.0
0.636105 -0.113333 0.0
0.641281 -0.106567 0.0
0.646802 -0.0984944 0.0
0.652548 -0.0891203 0.0
0.658412 -0.0784674 0.0
0.6643 -0.0665743 0.0
0.670134 -0.0534931 0.0
0.675849 -0.0392871 0.0
0.681393 -0.0240288 0.0
0.686725 -0.00779803 0.0
0.691816 0.00932344 0.0
0.696647 0.0272597 0.0
0.701205 0.0459334 0.0
0.70548 0.0652641 0.0
0.709464 0.0851681 0.0
0.713149 0.105557 0.0
0.716525 0.126336 0.0
0.719578 0.147403 0.0
0.722291 0.168647 0.0
0.72464 0.189947 0.0
0.726597 0.211168 0.0
0.728129 0.232167 0.0
0.7292 0.252789 0.0
0.729773 0.272871 0.0
0.729813 0.292245 0.0
0.729288 0.310743 0.0
0.728174 0.328197 0.0
0.726453 0.34445 0.0
0.724116 0.359355 0.0
0.721167 0.372781 0.0
0.717618 0.384616 0.0
0.713494 0.394768 0.0
0.708828 0.403172 0.0
0.703663 0.40978 0.0
0.698048 0.414573 0.0
0.692041 0.417549 0.0
0.6857 0.418731 0.0
0.679088 0.418156 0.0
0.672269 0.415879 0.0
0.665308 0.411969 0.0
0.658264 0.406504 0.0
0.651199 0.39957 0.0
0.644169 0.39126 0.0
0.637225 0.38167 0.0
0.630416 0.370898 0.0
0.623784 0.359044 0.0
0.617369 0.346205 0.0
0.611202 0.33248 0.0
0.605311 0.317964 0.0
0.599718 0.30275 0.0
0.594439 0.286933 0.0
0.589483 0.270604 0.0
0.584852 0.253854 0.0
0.580541 0.236776 0.0
0.576536 0.219465 0.0
0.572811 0.202017 0.0
0.569332 0.184535 0.0
0.566052 0.167123 0.0
0.562911 0.149891 0.0
0.559839 0.132954 0.0
0.556756 0.116428 0.0
0.553575 0.100429 0.0
0.550211 0.0850668 0.0
0.546585 0.0704451 0.0
0.542633 0.0566521 0.0
0.538316 0.043758 0.0
0.533628 0.0318107 0.0
0.528597 0.0208334 0.0
0.523294 0.0108225 0.0
0.517821 0.00174538 0.0
0.512302 -0.00646142 0.0
0.506876 -0.0138507 0.0
0.501674 -0.0204572 0.0
0.496808 -0.0262966 0.0
0.492358 -0.0313682 0.0
0.488371 -0.0356626 0.0
0.484868 -0.0391699 0.0
0.481852 -0.0418865 0.0
0.479315 -0.0438211 0.0
0.477252 -0.0449998 0.0
0.475663 -0.0454762 0.0
0.474566 -0.045361 0.0
0.473966 -0.044925 0.0
0.999973 -0.000577635 0.0
0.999865 -0.00176294 0.0
0.999649 -0.00298837 0.0
0.999325 -0.00426402 0.0
0.998895 -0.00560003 0.0
0.998359 -0.00700658 0.0
0.997718 -0.00849397 0.0
0.996975 -0.0100727 0.0
0.996132 -0.0117532 0.0
0.995191 -0.0135465 0.0
0.994156 -0.0154636 0.0
0.99303 -0.0175157 0.0
0.991819 -0.0197145 0.0
0.990527 -0.0220718 0.0
0.989161 -0.0245999 0.0
0.987729 -0.0273113 0.0
0.986237 -0.0302187 0.0
0.984698 -0.0333352 0.0
0.983121 -0.0366741 0.0
0.981519 -0.0402488 0.0
0.979908 -0.0440728 0.0
0.978305 -0.0481592 0.0
0.97673 -0.0525212 0.0
0.975203 -0.0571712 0.0
0.973751 -0.0621205 0.0
0.972402 -0.0673794 0.0
0.971187 -0.0729562 0.0
0.970142 -0.0788567 0.0
0.969306 -0.0850836 0.0
0.968722 -0.0916355 0.0
0.968436 -0.0985058 0.0
0.968498 -0.105682 0.0
0.968961 -0.113143 0.0
0.969879 -0.120861 0.0
0.971307 -0.128795 0.0
0.9733 -0.136897 0.0
0.975908 -0.145102 0.0
0.979176 -0.153334 0.0
0.983138 -0.161505 0.0
0.987817 -0.169514 0.0
0.993217 -0.177249 0.0
0.999324 -0.184591 0.0
1.0061 -0.191421 0.0
1.01348 -0.19762 0.0
1.02138 -0.203082 0.0
1.02968 -0.207718 0.0
1.03825 -0.211465 0.0
1.04696 -0.214287 0.0
1.05566 -0.216183 0.0
1.06421 -0.217181 0.0
1.0725 -0.217337 0.0
1.08041 -0.216723 0.0
1.08787 -0.215427 0.0
1.09483 -0.213534 0.0
1.10123 -0.21113 0.0
1.10707 -0.20829 0.0
1.11232 -0.205077 0.0
1.11697 -0.201545 0.0
1.12104 -0.197734 0.0
1.1245 -0.193675 0.0
1.12735 -0.189392 0.0
1.12958 -0.184903 0.0
1.13118 -0.180226 0.0
1.13211 -0.175374 0.0
1.13236 -0.170364 0.0
1.13191 -0.165215 0.0
1.13071 -0.159948 0.0
1.12876 -0.154591 0.0
1.12601 -0.149174 0.0
1.12245 -0.143732 0.0
1.11806 -0.138306 0.0
1.11281 -0.132936 0.0
1.10671 -0.127669 0.0
1.09974 -0.12255 0.0
1.0919 -0.117626 0.0
1.0832 -0.112942 0.0
1.07364 -0.10854 0.0
1.06325 -0.104459 0.0
1.05204 -0.100732 0.0
1.04003 -0.0973883 0.0
1.02725 -0.0944483 0.0
1.01373 -0.0919258 0.0
0.999483 -0.0898265 0.0
0.984552 -0.0881479 0.0
0.968964 -0.0868789 0.0
0.952746 -0.0860001 0.0
0.935929 -0.0854841 0.0
0.918541 -0.0852958 0.0
0.900612 -0.0853939 0.0
0.88217 -0.0857317 0.0
0.863247 -0.0862596 0.0
0.843877 -0.0869273 0.0
0.824103 -0.0876871 0.0
0.803975 -0.0884978 0.0
0.78356 -0.0893298 0.0
0.762946 -0.0901701 0.0
0.742245 -0.0910276 0.0
0.721609 -0.0919362 0.0
0.701226 -0.0929548 0.0
0.681327 -0.0941629 0.0
0.66218 -0.0956494 0.0
0.644077 -0.0974982 0.0
0.627315 -0.0997724 0.0
0.612169 -0.102499 0.0
0.59887 -0.105659 0.0
0.587585 -0.109182 0.0
0.578404 -0.112947 0.0
0.57134 -0.116793 0.0
0.56633 -0.120531 0.0
0.563257 -0.123954 0.0
0.561956 -0.126856 0.0
0.562238 -0.12904 0.0
0.563902 -0.130325 0.0
0.566743 -0.130557 0.0
0.570567 -0.129606 0.0
0.575188 -0.12737 0.0
0.580436 -0.123777 0.0
0.586157 -0.118779 0.0
0.592212 -0.112352 0.0
0.598479 -0.104497 0.0
0.604846 -0.0952317 0.0
0.611221 -0.0845936 0.0
0.617519 -0.0726346 0.0
0.623671 -0.0594195 0.0
0.629619 -0.0450239 0.0
0.635316 -0.029532 0.0
0.640724 -0.0130345 0.0
0.645817 0.00437543 0.0
0.650582 0.0226121 0.0
0.655011 0.0415935 0.0
0.659104 0.0612358 0.0
0.662863 0.0814531 0.0
0.666293 0.102157 0.0
0.669395 0.123256 0.0
0.672172 0.144652 0.0
0.674618 0.166239 0.0
0.676724 0.1879 0.0
0.678475 0.209508 0.0
0.679849 0.230923 0.0
0.680819 0.251993 0.0
0.681356 0.272557 0.0
0.681429 0.292446 0.0
0.681011 0.311486 0.0
0.680074 0.329505 0.0
0.678599 0.346338 0.0
0.676575 0.361828 0.0
0.673998 0.375834 0.0
0.670874 0.388235 0.0
0.66722 0.398928 0.0
0.66306 0.407837 0.0
0.65843 0.41491 0.0
0.65337 0.420117 0.0
0.647928 0.423455 0.0
0.642155 0.424939 0.0
0.636106 0.424607 0.0
0.629839 0.422514 0.0
0.62341 0.418726 0.0
0.616875 0.413325 0.0
0.610287 0.406401 0.0
0.603699 0.398048 0.0
0.597157 0.388367 0.0
0.590704 0.377462 0.0
0.584381 0.365435 0.0
0.578219 0.352391 0.0
0.572249 0.338432 0.0
0.566491 0.32366 0.0
0.560964 0.308175 0.0
0.555675 0.292076 0.0
0.550627 0.275464 0.0
0.545813 0.258438 0.0
0.541216 0.2411 0.0
0.536808 0.223554 0.0
0.532549 0.205911 0.0
0.528385 0.188283 0.0
0.524252 0.170787 0.0
0.520073 0.153546 0.0
0.515763 0.136682 0.0
0.511234 0.120313 0.0
0.506405 0.104554 0.0
0.501208 0.0895033 0.0
0.495599 0.0752437 0.0
0.48957 0.0618341 0.0
0.483155 0.0493081 0.0
0.47643 0.0376733 0.0
0.469518 0.0269138 0.0
0.462569 0.016994 0.0
0.455753 0.00786326 0.0
0.449232 -0.000539239 0.0
0.443143 -0.00825779 0.0
0.437596 -0.015301 0.0
0.432656 -0.021647 0.0
0.428345 -0.0272564 0.0
0.424646 -0.0320884 0.0
0.421517 -0.0361124 0.0
0.418905 -0.0393159 0.0
0.416758 -0.0417088 0.0
0.415037 -0.043327 0.0
0.413716 -0.0442401 0.0
0.41279 -0.0445738 0.0
0.412245 -0.0445669 0.0
0.999971 -0.000521401 0.0
0.999854 -0.00159421 0.0
0.99962 -0.00270739 0.0
0.99927 -0.00387133 0.0
0.998804 -0.00509645 0.0
0.998224 -0.00639326 0.0
0.997529 -0.00777242 0.0
0.996723 -0.00924476 0.0
0.995806 -0.0108213 0.0
0.994782 -0.0125134 0.0
0.993653 -0.0143326 0.0
0.992423 -0.0162909 0.0
0.991096 -0.0184006 0.0
0.989676 -0.0206744 0.0
0.98817 -0.0231255 0.0
0.986585 -0.0257675 0.0
0.984928 -0.0286144 0.0
0.983209 -0.0316807 0.0
0.981439 -0.0349814 0.0
0.97963 -0.0385316 0.0
0.977798 -0.042347 0.0
0.975959 -0.0464432 0.0
0.974134 -0.0508358 0.0
0.972344 -0.0555403 0.0
0.970616 -0.0605713 0.0
0.968979 -0.0659425 0.0
0.967467 -0.0716663 0.0
0.966118 -0.0777525 0.0
0.964974 -0.0842081 0.0
0.964083 -0.0910358 0.0
0.963497 -0.0982334 0.0
0.963273 -0.105792 0.0
0.963472 -0.113694 0.0
0.964157 -0.121913 0.0
0.965397 -0.130411 0.0
0.967258 -0.139135 0.0
0.969803 -0.148017 0.0
0.973092 -0.156975 0.0
0.977175 -0.165909 0.0
0.982086 -0.1747 0.0
0.98784 -0.183218 0.0
0.994429 -0.191319 0.0
1.00181 -0.198854 0.0
1.00993 -0.205677 0.0
1.01866 -0.211653 0.0
1.02787 -0.216666 0.0
1.03742 -0.220634 0.0
1.04711 -0.223516 0.0
1.05676 -0.225309 0.0
1.06621 -0.226058 0.0
1.0753 -0.225837 0.0
1.08391 -0.224747 0.0
1.09195 -0.2229 0.0
1.09934 -0.220409 0.0
1.10606 -0.217378 0.0
1.11208 -0.213895 0.0
1.11739 -0.210034 0.0
1.12199 -0.205851 0.0
1.12589 -0.201386 0.0
1.12907 -0.196668 0.0
1.13154 -0.191716 0.0
1.13327 -0.186545 0.0
1.13426 -0.181165 0.0
1.13448 -0.175587 0.0
1.1339 -0.169826 0.0
1.1325 -0.163897 0.0
1.13025 -0.157822 0.0
1.12712 -0.15163 0.0
1.12308 -0.145353 0.0
1.11812 -0.139031 0.0
1.11221 -0.132705 0.0
1.10535 -0.126425 0.0
1.09751 -0.12024 0.0
1.0887 -0.114202 0.0
1.07893 -0.108363 0.0
1.0682 -0.102774 0.0
1.05653 -0.0974811 0.0
1.04393 -0.0925284 0.0
1.03043 -0.0879534 0.0
1.01606 -0.0837872 0.0
1.00085 -0.0800534 0.0
0.984818 -0.0767673 0.0
0.968011 -0.0739356 0.0
0.95046 -0.0715563 0.0
0.932197 -0.0696187 0.0
0.913257 -0.0681035 0.0
0.893677 -0.0669831 0.0
0.873491 -0.0662229 0.0
0.852736 -0.0657825 0.0
0.831452 -0.0656176 0.0
0.809685 -0.0656833 0.0
0.787488 -0.0659366 0.0
0.764926 -0.0663412 0.0
0.742082 -0.0668724 0.0
0.719065 -0.0675233 0.0
0.696014 -0.0683105 0.0
0.673106 -0.0692794 0.0
0.650564 -0.0705061 0.0
0.628656 -0.0720939 0.0
0.607692 -0.0741609 0.0
0.588008 -0.07682 0.0
0.569938 -0.0801554 0.0
0.553787 -0.0842016 0.0
0.539794 -0.0889306 0.0
0.528113 -0.0942475 0.0
0.518801 -0.0999965 0.0
0.511824 -0.105974 0.0
0.507067 -0.111944 0.0
0.504358 -0.117661 0.0
0.50349 -0.122881 0.0
0.504236 -0.127375 0.0
0.50637 -0.130938 0.0
0.509673 -0.133395 0.0
0.513944 -0.134599 0.0
0.518995 -0.134438 0.0
0.524659 -0.132823 0.0
0.530786 -0.129699 0.0
0.537242 -0.125034 0.0
0.543906 -0.118818 0.0
0.550673 -0.111064 0.0
0.557447 -0.101806 0.0
0.564144 -0.0910915 0.0
0.570693 -0.0789841 0.0
0.577031 -0.0655595 0.0
0.583103 -0.0509039 0.0
0.588866 -0.0351114 0.0
0.594285 -0.0182821 0.0
0.599333 -0.000519064 0.0
0.603997 0.0180787 0.0
0.608272 0.0374228 0.0
0.612161 0.0574239 0.0
0.615675 0.0779926 0.0
0.618823 0.0990396 0.0
0.621621 0.120474 0.0
0.624079 0.1422 0.0
0.626206 0.164118 0.0
0.628004 0.186116 0.0
0.629472 0.208073 0.0
0.630599 0.229857 0.0
0.631369 0.251319 0.0
0.631764 0.2723 0.0
0.631759 0.292634 0.0
0.63133 0.312145 0.0
0.630456 0.330658 0.0
0.629116 0.348 0.0
0.627297 0.364009 0.0
0.624992 0.378535 0.0
0.622202 0.391447 0.0
0.618936 0.402635 0.0
0.615213 0.412013 0.0
0.611058 0.41952 0.0
0.606503 0.425122 0.0
0.601587 0.428808 0.0
0.596353 0.430592 0.0
0.590847 0.430508 0.0
0.585117 0.428609 0.0
0.579213 0.424964 0.0
0.573182 0.419654 0.0
0.567071 0.412771 0.0
0.560924 0.404413 0.0
0.554784 0.394685 0.0
0.548685 0.383695 0.0
0.542663 0.371549 0.0
0.536743 0.358358 0.0
0.530947 0.344231 0.0
0.525291 0.329274 0.0
0.519784 0.313596 0.0
0.514423 0.297304 0.0
0.5092 0.280507 0.0
0.504094 0.263315 0.0
0.499071 0.245842 0.0
0.494086 0.228205 0.0
0.489079 0.210527 0.0
0.483976 0.192933 0.0
0.478696 0.175551 0.0
0.473149 0.158509 0.0
0.46725 0.141929 0.0
0.460922 0.125922 0.0
0.454116 0.11058 0.0
0.446816 0.0959743 0.0
0.439053 0.0821454 0.0
0.430907 0.0691068 0.0
0.422513 0.0568452 0.0
0.414046 0.0453271 0.0
0.405711 0.034508 0.0
0.397718 0.0243415 0.0
0.390261 0.0147887 0.0
0.383492 0.00582567 0.0
0.377505 -0.00254728 0.0
0.372334 -0.0102929 0.0
0.36796 -0.0173412 0.0
0.36432 -0.0236114 0.0
0.361322 -0.0290366 0.0
0.358864 -0.0335766 0.0
0.356847 -0.0372233 0.0
0.355194 -0.0400014 0.0
0.353849 -0.0419682 0.0
0.352788 -0.0432171 0.0
0.352009 -0.0438926 0.0
0.351512 -0.0442058 0.0
0.999969 -0.000460728 0.0
0.999843 -0.00141215 0.0
0.999591 -0.00240414 0.0
0.999214 -0.00344732 0.0
0.998712 -0.00455236 0.0
0.998085 -0.00573006 0.0
0.997335 -0.00699137 0.0
0.996463 -0.00834746 0.0
0.995471 -0.00980977 0.0
0.99436 -0.0113901 0.0
0.993134 -0.0131004 0.0
0.991794 -0.0149535 0.0
0.990346 -0.0169622 0.0
0.988792 -0.01914 0.0
0.98714 -0.0215012 0.0
0.985393 -0.0240603 0.0
0.983561 -0.0268327 0.0
0.981652 -0.0298343 0.0
0.979676 -0.0330817 0.0
0.977646 -0.0365921 0.0
0.975574 -0.0403833 0.0
0.97348 -0.0444735 0.0
0.971381 -0.0488812 0.0
0.969301 -0.0536251 0.0
0.967267 -0.0587236 0.0
0.965308 -0.0641945 0.0
0.96346 -0.0700546 0.0
0.961764 -0.0763186 0.0
0.960264 -0.0829988 0.0
0.959014 -0.0901035 0.0
0.95807 -0.0976359 0.0
0.957497 -0.105592 0.0
0.957365 -0.113961 0.0
0.957751 -0.122718 0.0
0.958733 -0.131828 0.0
0.960394 -0.141239 0.0
0.962815 -0.15088 0.0
0.966073 -0.160661 0.0
0.970238 -0.17047 0.0
0.975361 -0.180172 0.0
0.981473 -0.189612 0.0
0.988576 -0.198616 0.0
0.996635 -0.207001 0.0
1.00557 -0.214579 0.0
1.01527 -0.221177 0.0
1.02555 -0.226644 0.0
1.03623 -0.230871 0.0
1.04706 -0.233801 0.0
1.05782 -0.235439 0.0
1.06828 -0.235842 0.0
1.07826 -0.235119 0.0
1.08759 -0.233406 0.0
1.09616 -0.230852 0.0
1.10391 -0.227603 0.0
1.1108 -0.223789 0.0
1.11682 -0.219515 0.0
1.12195 -0.214864 0.0
1.12622 -0.209895 0.0
1.12963 -0.204647 0.0
1.13218 -0.199144 0.0
1.13388 -0.193401 0.0
1.13471 -0.187425 0.0
1.13466 -0.181223 0.0
1.13371 -0.174801 0.0
1.13185 -0.16817 0.0
1.12904 -0.161346 0.0
1.12527 -0.15435 0.0
1.12051 -0.147211 0.0
1.11474 -0.139966 0.0
1.10794 -0.132656 0.0
1.1001 -0.125331 0.0
1.09121 -0.118042 0.0
1.08127 -0.110847 0.0
1.07028 -0.103802 0.0
1.05825 -0.0969647 0.0
1.0452 -0.0903918 0.0
1.03115 -0.0841353 0.0
1.01612 -0.0782427 0.0
1.00013 -0.0727553 0.0
0.983224 -0.067707 0.0
0.96543 -0.0631243 0.0
0.946784 -0.0590238 0.0
0.927325 -0.055413 0.0
0.907088 -0.0522904 0.0
0.886112 -0.0496462 0.0
0.864438 -0.0474624 0.0
0.842107 -0.0457121 0.0
0.819161 -0.0443625 0.0
0.79565 -0.0433767 0.0
0.771627 -0.0427167 0.0
0.747156 -0.042347 0.0
0.72232 -0.042239 0.0
0.69722 -0.0423765 0.0
0.671988 -0.0427621 0.0
0.646795 -0.0434231 0.0
0.621852 -0.044417 0.0
0.597422 -0.0458347 0.0
0.573811 -0.0477983 0.0
0.551369 -0.0504517 0.0
0.530466 -0.0539366 0.0
0.511467 -0.058361 0.0
0.49469 -0.0637672 0.0
0.480366 -0.0701143 0.0
0.468617 -0.0772763 0.0
0.459452 -0.0850546 0.0
0.452771 -0.0931976 0.0
0.448401 -0.101425 0.0
0.446115 -0.10945 0.0
0.445665 -0.116997 0.0
0.4468 -0.123811 0.0
0.44928 -0.12967 0.0
0.452885 -0.134381 0.0
0.457418 -0.137787 0.0
0.462703 -0.139762 0.0
0.468584 -0.140207 0.0
0.474921 -0.139056 0.0
0.481592 -0.136265 0.0
0.488485 -0.131816 0.0
0.495499 -0.125713 0.0
0.502542 -0.117979 0.0
0.509533 -0.108656 0.0
0.516397 -0.0978032 0.0
0.523068 -0.0854924 0.0
0.529488 -0.0718083 0.0
0.535607 -0.0568456 0.0
0.541381 -0.0407067 0.0
0.546775 -0.0234999 0.0
0.551761 -0.00533646 0.0
0.556323 0.0136711 0.0
0.560454 0.0334248 0.0
0.564158 0.053828 0.0
0.567447 0.074786 0.0
0.570338 0.0962064 0.0
0.572851 0.117997 0.0
0.575004 0.140065 0.0
0.576817 0.162313 0.0
0.578302 0.184636 0.0
0.579468 0.206919 0.0
0.580317 0.229035 0.0
0.580845 0.250842 0.0
0.581043 0.272186 0.0
0.580895 0.292901 0.0
0.580385 0.312815 0.0
0.579496 0.331751 0.0
0.578211 0.349532 0.0
0.576517 0.36599 0.0
0.574406 0.38097 0.0
0.571875 0.394333 0.0
0.568929 0.405961 0.0
0.56558 0.41576 0.0
0.561844 0.423664 0.0
0.557747 0.429631 0.0
0.553317 0.433646 0.0
0.548588 0.435718 0.0
0.543598 0.435879 0.0
0.538385 0.434182 0.0
0.532988 0.430693 0.0
0.527447 0.425497 0.0
0.5218 0.418685 0.0
0.516084 0.410361 0.0
0.510331 0.400631 0.0
0.50457 0.389608 0.0
0.498825 0.377403 0.0
0.493116 0.364133 0.0
0.487455 0.349913 0.0
0.481846 0.334857 0.0
0.476286 0.319082 0.0
0.470759 0.302705 0.0
0.46524 0.285848 0.0
0.45969 0.268631 0.0
0.454054 0.251184 0.0
0.448265 0.233637 0.0
0.442244 0.216124 0.0
0.435901 0.198781 0.0
0.429146 0.181738 0.0
0.421897 0.165118 0.0
0.414092 0.149025 0.0
0.405703 0.133542 0.0
0.39675 0.11872 0.0
0.387308 0.104576 0.0
0.377516 0.0910994 0.0
0.367565 0.0782496 0.0
0.357688 0.0659732 0.0
0.348139 0.0542147 0.0
0.339165 0.0429305 0.0
0.330976 0.0321001 0.0
0.323731 0.0217329 0.0
0.317511 0.01187 0.0
0.312324 0.00258277 0.0
0.308104 -0.00603171 0.0
0.304734 -0.0138588 0.0
0.302068 -0.0207881 0.0
0.29995 -0.0267441 0.0
0.298235 -0.0316959 0.0
0.296806 -0.035658 0.0
0.295579 -0.0386861 0.0
0.294512 -0.0408726 0.0
0.293607 -0.0423462 0.0
0.292899 -0.0432772 0.0
0.292423 -0.0438482 0.0
0.999966 -0.000395506 0.0
0.999831 -0.00121644 0.0
0.999561 -0.00207806 0.0
0.999156 -0.00299119 0.0
0.998617 -0.00396669 0.0
0.997943 -0.00501559 0.0
0.997136 -0.00614909 0.0
0.996197 -0.00737865 0.0
0.995127 -0.00871605 0.0
0.993927 -0.0101734 0.0
0.9926 -0.0117634 0.0
0.991148 -0.013499 0.0
0.989574 -0.015394 0.0
0.987881 -0.0174626 0.0
0.986075 -0.0197197 0.0
0.984161 -0.0221812 0.0
0.982144 -0.0248636 0.0
0.980035 -0.0277842 0.0
0.97784 -0.0309615 0.0
0.975573 -0.0344144 0.0
0.973246 -0.0381633 0.0
0.970876 -0.0422288 0.0
0.968481 -0.0466327 0.0
0.966085 -0.0513973 0.0
0.963713 -0.0565449 0.0
0.961396 -0.062098 0.0
0.959172 -0.0680787 0.0
0.957081 -0.0745074 0.0
0.955174 -0.0814027 0.0
0.953504 -0.0887797 0.0
0.952137 -0.0966488 0.0
0.951144 -0.105014 0.0
0.950605 -0.113869 0.0
0.950608 -0.123198 0.0
0.951248 -0.13297 0.0
0.952625 -0.143134 0.0
0.954841 -0.153621 0.0
0.957997 -0.164334 0.0
0.962186 -0.17515 0.0
0.967485 -0.185914 0.0
0.973947 -0.196445 0.0
0.981593 -0.206532 0.0
0.990394 -0.215946 0.0
1.00027 -0.224449 0.0
1.01108 -0.231812 0.0
1.02262 -0.237833 0.0
1.03463 -0.242363 0.0
1.04681 -0.245323 0.0
1.05885 -0.246717 0.0
1.07046 -0.246631 0.0
1.08137 -0.245216 0.0
1.09139 -0.242663 0.0
1.10039 -0.239174 0.0
1.1083 -0.234939 0.0
1.11508 -0.230121 0.0
1.12073 -0.224849 0.0
1.12528 -0.219214 0.0
1.12874 -0.213279 0.0
1.13115 -0.207079 0.0
1.13252 -0.200635 0.0
1.13287 -0.193952 0.0
1.1322 -0.187033 0.0
1.13051 -0.179877 0.0
1.12779 -0.172487 0.0
1.12405 -0.164872 0.0
1.11925 -0.157044 0.0
1.1134 -0.149027 0.0
1.10648 -0.14085 0.0
1.09847 -0.132552 0.0
1.08938 -0.124179 0.0
1.0792 -0.115783 0.0
1.06792 -0.107423 0.0
1.05555 -0.0991588 0.0
1.0421 -0.0910547 0.0
1.02759 -0.0831731 0.0
1.01203 -0.075575 0.0
0.99545 -0.0683169 0.0
0.977874 -0.0614506 0.0
0.959333 -0.05502 0.0
0.939859 -0.0490618 0.0
0.919489 -0.0436055 0.0
0.89826 -0.0386686 0.0
0.876211 -0.0342592 0.0
0.85338 -0.0303765 0.0
0.829808 -0.0270129 0.0
0.80554 -0.0241539 0.0
0.780626 -0.0217748 0.0
0.755119 -0.0198473 0.0
0.729082 -0.018343 0.0
0.702591 -0.0172363 0.0
0.675743 -0.0165095 0.0
0.648662 -0.0161587 0.0
0.621505 -0.0162004 0.0
0.594477 -0.0166781 0.0
0.56783 -0.0176664 0.0
0.541871 -0.0192725 0.0
0.516955 -0.0216324 0.0
0.493467 -0.0249021 0.0
0.471801 -0.0292403 0.0
0.452329 -0.0347733 0.0
0.435359 -0.0415547 0.0
0.421093 -0.0495299 0.0
0.409603 -0.0585374 0.0
0.400828 -0.0683301 0.0
0.394601 -0.0786076 0.0
0.390683 -0.0890463 0.0
0.388802 -0.0993253 0.0
0.388681 -0.109144 0.0
0.390058 -0.118231 0.0
0.392697 -0.126351 0.0
0.396389 -0.133303 0.0
0.400955 -0.13892 0.0
0.406239 -0.143065 0.0
0.412102 -0.145632 0.0
0.418425 -0.14654 0.0
0.425098 -0.145734 0.0
0.43202 -0.143181 0.0
0.4391 -0.138873 0.0
0.446253 -0.132822 0.0
0.453397 -0.125058 0.0
0.460459 -0.115631 0.0
0.467372 -0.104605 0.0
0.474071 -0.0920614 0.0
0.480503 -0.0780907 0.0
0.486616 -0.0627948 0.0
0.492368 -0.0462832 0.0
0.497721 -0.0286712 0.0
0.502647 -0.0100777 0.0
0.507123 0.00937503 0.0
0.511138 0.0295745 0.0
0.514697 0.0504157 0.0
0.517809 0.0717968 0.0
0.520493 0.0936201 0.0
0.522773 0.115792 0.0
0.524672 0.138218 0.0
0.526216 0.160804 0.0
0.527426 0.18345 0.0
0.52832 0.206046 0.0
0.52891 0.22847 0.0
0.529201 0.250587 0.0
0.529195 0.272249 0.0
0.528886 0.293294 0.0
0.528266 0.313552 0.0
0.527325 0.332845 0.0
0.526051 0.350997 0.0
0.524433 0.367837 0.0
0.522464 0.383204 0.0
0.520141 0.396953 0.0
0.517464 0.408963 0.0
0.51444 0.419132 0.0
0.511079 0.427388 0.0
0.507398 0.433685 0.0
0.503417 0.438002 0.0
0.499162 0.440346 0.0
0.494658 0.440746 0.0
0.489935 0.439252 0.0
0.485022 0.435932 0.0
0.47995 0.430871 0.0
0.474745 0.424162 0.0
0.469435 0.415911 0.0
0.464042 0.406228 0.0
0.458585 0.395229 0.0
0.453079 0.383033 0.0
0.447529 0.369762 0.0
0.441937 0.355538 0.0
0.436291 0.340486 0.0
0.430572 0.324732 0.0
0.424746 0.308407 0.0
0.418767 0.291644 0.0
0.412572 0.274581 0.0
0.406085 0.257357 0.0
0.399221 0.240117 0.0
0.391886 0.223 0.0
0.383991 0.206142 0.0
0.375463 0.18966 0.0
0.366258 0.17365 0.0
0.356377 0.158178 0.0
0.345882 0.143273 0.0
0.334901 0.128924 0.0
0.323628 0.115087 0.0
0.312314 0.101695 0.0
0.301245 0.0886735 0.0
0.290716 0.0759548 0.0
0.280999 0.0634994 0.0
0.272313 0.0513062 0.0
0.264807 0.0394188 0.0
0.258543 0.027924 0.0
0.253497 0.016944 0.0
0.24957 0.00662371 0.0
0.246601 -0.00288339 0.0
0.244393 -0.0114301 0.0
0.24274 -0.0188979 0.0
0.241449 -0.0252254 0.0
0.240361 -0.0304118 0.0
0.239361 -0.034512 0.0
0.238385 -0.0376289 0.0
0.237426 -0.0399048 0.0
0.236534 -0.0415171 0.0
0.235805 -0.0426685 0.0
0.235322 -0.0434989 0.0
0.999964 -0.000325653 0.0
0.999819 -0.00100681 0.0
0.999531 -0.00172872 0.0
0.999097 -0.00250231 0.0
0.99852 -0.0033386 0.0
0.997799 -0.00424877 0.0
0.996934 -0.00524422 0.0
0.995926 -0.00633664 0.0
0.994776 -0.00753808 0.0
0.993486 -0.008861 0.0
0.992055 -0.0103184 0.0
0.990487 -0.0119239 0.0
0.988784 -0.0136916 0.0
0.986948 -0.0156366 0.0
0.984983 -0.0177746 0.0
0.982894 -0.0201225 0.0
0.980685 -0.0226979 0.0
0.978365 -0.0255196 0.0
0.975941 -0.0286077 0.0
0.973424 -0.0319833 0.0
0.970825 -0.0356689 0.0
0.96816 -0.039688 0.0
0.965447 -0.0440657 0.0
0.962707 -0.0488279 0.0
0.959966 -0.0540016 0.0
0.957255 -0.0596144 0.0
0.954612 -0.065694 0.0
0.952078 -0.0722677 0.0
0.949705 -0.0793616 0.0
0.947552 -0.086999 0.0
0.945689 -0.0951992 0.0
0.944194 -0.103975 0.0
0.943158 -0.113332 0.0
0.942682 -0.123262 0.0
0.942877 -0.133741 0.0
0.943865 -0.144727 0.0
0.945772 -0.156152 0.0
0.948728 -0.167916 0.0
0.952858 -0.179887 0.0
0.958273 -0.191891 0.0
0.965059 -0.203717 0.0
0.973264 -0.21511 0.0
0.982878 -0.225784 0.0
0.993823 -0.235434 0.0
1.00594 -0.243752 0.0
1.01896 -0.250461 0.0
1.03257 -0.255349 0.0
1.04635 -0.258296 0.0
1.05987 -0.259306 0.0
1.07273 -0.2585 0.0
1.08457 -0.256099 0.0
1.09514 -0.252376 0.0
1.10429 -0.247611 0.0
1.11194 -0.242059 0.0
1.11809 -0.235928 0.0
1.12276 -0.229374 0.0
1.12603 -0.222501 0.0
1.12795 -0.215372 0.0
1.12857 -0.208019 0.0
1.12796 -0.200453 0.0
1.12615 -0.192672 0.0
1.12318 -0.18467 0.0
1.11907 -0.17644 0.0
1.11384 -0.16798 0.0
1.1075 -0.159294 0.0
1.10006 -0.150393 0.0
1.09154 -0.141299 0.0
1.08192 -0.132041 0.0
1.07122 -0.122658 0.0
1.05944 -0.1132 0.0
1.04659 -0.10372 0.0
1.03266 -0.0942805 0.0
1.01767 -0.0849464 0.0
1.00164 -0.075785 0.0
0.984573 -0.0668633 0.0
0.966493 -0.0582464 0.0
0.947423 -0.0499942 0.0
0.927389 -0.0421623 0.0
0.906418 -0.0347959 0.0
0.884538 -0.0279331 0.0
0.861783 -0.0216093 0.0
0.838188 -0.0158409 0.0
0.813788 -0.0106377 0.0
0.788622 -0.0060011 0.0
0.762734 -0.00192826 0.0
0.736172 0.00159098 0.0
0.708996 0.00457133 0.0
0.681281 0.00702882 0.0
0.653122 0.00897657 0.0
0.624638 0.0104189 0.0
0.595976 0.0113448 0.0
0.567324 0.0117203 0.0
0.538919 0.0114826 0.0
0.511051 0.0105358 0.0
0.484066 0.00875152 0.0
0.458359 0.00597605 0.0
0.434348 0.00204552 0.0
0.412448 -0.00319206 0.0
0.393017 -0.009854 0.0
0.37632 -0.0179899 0.0
0.362499 -0.0275468 0.0
0.351559 -0.0383323 0.0
0.343366 -0.0500511 0.0
0.337679 -0.0623553 0.0
0.334208 -0.0748841 0.0
0.332648 -0.0872913 0.0
0.33271 -0.0992613 0.0
0.334139 -0.110516 0.0
0.336717 -0.120814 0.0
0.34026 -0.12995 0.0
0.344615 -0.137752 0.0
0.349652 -0.144074 0.0
0.355258 -0.1488 0.0
0.361332 -0.151836 0.0
0.367784 -0.153111 0.0
0.374526 -0.152578 0.0
0.381477 -0.15021 0.0
0.388558 -0.146005 0.0
0.395693 -0.139977 0.0
0.40281 -0.132163 0.0
0.409839 -0.122616 0.0
0.416715 -0.111407 0.0
0.423377 -0.0986212 0.0
0.42977 -0.0843551 0.0
0.435843 -0.0687169 0.0
0.441553 -0.0518222 0.0
0.44686 -0.0337927 0.0
0.451731 -0.0147539 0.0
0.456142 0.00516503 0.0
0.460076 0.0258349 0.0
0.463533 0.0471403 0.0
0.466523 0.0689706 0.0
0.469063 0.0912218 0.0
0.471177 0.113796 0.0
0.472894 0.136598 0.0
0.474239 0.159534 0.0
0.475241 0.182508 0.0
0.475924 0.205412 0.0
0.476306 0.228131 0.0
0.476403 0.250537 0.0
0.476224 0.272484 0.0
0.475775 0.293818 0.0
0.475054 0.314369 0.0
0.47406 0.333964 0.0
0.472786 0.352426 0.0
0.471227 0.369584 0.0
0.469378 0.385274 0.0
0.467235 0.399349 0.0
0.464797 0.411682 0.0
0.462065 0.422168 0.0
0.459047 0.430731 0.0
0.455751 0.437319 0.0
0.452189 0.44191 0.0
0.448376 0.444506 0.0
0.44433 0.445135 0.0
0.440069 0.443846 0.0
0.435612 0.440707 0.0
0.430978 0.435803 0.0
0.426183 0.429229 0.0
0.421243 0.421094 0.0
0.416168 0.411512 0.0
0.410965 0.400604 0.0
0.405634 0.388496 0.0
0.400167 0.375316 0.0
0.394548 0.361196 0.0
0.388747 0.346274 0.0
0.382723 0.330687 0.0
0.376421 0.314581 0.0
0.369769 0.298102 0.0
0.362686 0.281402 0.0
0.355078 0.26463 0.0
0.346851 0.247934 0.0
0.337923 0.231447 0.0
0.328232 0.215281 0.0
0.317759 0.199521 0.0
0.306543 0.184211 0.0
0.294689 0.169352 0.0
0.28238 0.154903 0.0
0.269866 0.140788 0.0
0.25745 0.126911 0.0
0.245462 0.113174 0.0
0.234225 0.099501 0.0
0.224023 0.0858584 0.0
0.215072 0.0722645 0.0
0.207502 0.0587966 0.0
0.20135 0.0455865 0.0
0.196562 0.0328081 0.0
0.193007 0.0206605 0.0
0.190493 0.0093485 0.0
0.188791 -0.00093711 0.0
0.187658 -0.010035 0.0
0.186858 -0.0178403 0.0
0.186192 -0.024326 0.0
0.185507 -0.0295385 0.0
0.184712 -0.0335893 0.0
0.18378 -0.0366434 0.0
0.182756 -0.0389079 0.0
0.181755 -0.0406208 0.0
0.180937 -0.0420178 0.0
0.180433 -0.0431624 0.0
0.999962 -0.000251117 0.0
0.999808 -0.000783119 0.0
0.9995 -0.00135585 0.0
0.999038 -0.00198029 0.0
0.998423 -0.00266754 0.0
0.997653 -0.00342888 0.0
0.99673 -0.00427583 0.0
0.995653 -0.00522022 0.0
0.994422 -0.00627432 0.0
0.993039 -0.00745083 0.0
0.991504 -0.00876307 0.0
0.989818 -0.010225 0.0
0.987982 -0.0118513 0.0
0.985999 -0.0136576 0.0
0.98387 -0.0156605 0.0
0.981601 -0.0178775 0.0
0.979194 -0.0203276 0.0
0.976655 -0.0230308 0.0
0.973991 -0.0260088 0.0
0.971211 -0.0292846 0.0
0.968325 -0.0328832 0.0
0.965347 -0.0368309 0.0
0.962294 -0.0411559 0.0
0.959184 -0.0458884 0.0
0.956044 -0.05106 0.0
0.952902 -0.0567037 0.0
0.949795 -0.0628539 0.0
0.946767 -0.0695454 0.0
0.943869 -0.0768129 0.0
0.941163 -0.0846895 0.0
0.938724 -0.0932056 0.0
0.936636 -0.102386 0.0
0.935 -0.112249 0.0
0.93393 -0.122799 0.0
0.933557 -0.134026 0.0
0.934025 -0.145898 0.0
0.935489 -0.158353 0.0
0.938116 -0.171297 0.0
0.942069 -0.184589 0.0
0.947506 -0.198041 0.0
0.95456 -0.211407 0.0
0.963319 -0.224383 0.0
0.973809 -0.236615 0.0
0.985963 -0.247703 0.0
0.999602 -0.257234 0.0
1.01441 -0.264815 0.0
1.02994 -0.270127 0.0
1.04562 -0.272978 0.0
1.06083 -0.273361 0.0
1.07499 -0.271456 0.0
1.0876 -0.267599 0.0
1.09835 -0.262195 0.0
1.10706 -0.255648 0.0
1.11369 -0.248308 0.0
1.11831 -0.240444 0.0
1.12102 -0.232244 0.0
1.12194 -0.223823 0.0
1.12122 -0.215241 0.0
1.11896 -0.206522 0.0
1.11529 -0.197663 0.0
1.11029 -0.18865 0.0
1.10404 -0.179467 0.0
1.0966 -0.170096 0.0
1.08803 -0.160527 0.0
1.07838 -0.150758 0.0
1.06768 -0.140793 0.0
1.05596 -0.130649 0.0
1.04323 -0.120352 0.0
1.02952 -0.109939 0.0
1.01484 -0.0994563 0.0
0.999192 -0.0889591 0.0
0.982586 -0.078509 0.0
0.965028 -0.068173 0.0
0.946525 -0.0580209 0.0
0.927086 -0.0481221 0.0
0.906724 -0.0385459 0.0
0.885451 -0.0293515 0.0
0.863282 -0.0206014 0.0
0.840234 -0.012338 0.0
0.81632 -0.00459706 0.0
0.791545 0.00258417 0.0
0.765931 0.00917517 0.0
0.739522 0.0151553 0.0
0.712378 0.0205157 0.0
0.684569 0.0252522 0.0
0.656174 0.0293673 0.0
0.627285 0.0328611 0.0
0.598008 0.0357306 0.0
0.568477 0.0379641 0.0
0.538859 0.0395334 0.0
0.509366 0.0403855 0.0
0.480261 0.0404368 0.0
0.451862 0.0395697 0.0
0.424544 0.0376352 0.0
0.398718 0.034463 0.0
0.37481 0.0298803 0.0
0.353223 0.0237384 0.0
0.334294 0.015944 0.0
0.318251 0.00648369 0.0
0.305176 -0.00455524 0.0
0.294991 -0.0169755 0.0
0.28748 -0.030453 0.0
0.282342 -0.044599 0.0
0.279246 -0.0590245 0.0
0.277871 -0.0733689 0.0
0.277937 -0.0873124 0.0
0.279212 -0.100577 0.0
0.281507 -0.112924 0.0
0.284671 -0.124148 0.0
0.288584 -0.134072 0.0
0.293144 -0.142545 0.0
0.298264 -0.149439 0.0
0.303869 -0.154646 0.0
0.309883 -0.158079 0.0
0.316236 -0.159672 0.0
0.322858 -0.15938 0.0
0.329678 -0.157179 0.0
0.336626 -0.153066 0.0
0.343632 -0.147058 0.0
0.350628 -0.139195 0.0
0.357546 -0.129532 0.0
0.364322 -0.118144 0.0
0.370897 -0.105121 0.0
0.377213 -0.0905645 0.0
0.38322 -0.0745877 0.0
0.388871 -0.0573118 0.0
0.394125 -0.0388643 0.0
0.398948 -0.0193769 0.0
0.403311 0.001015 0.0
0.407194 0.0221678 0.0
0.410591 0.0439527 0.0
0.413511 0.0662488 0.0
0.41597 0.0889447 0.0
0.41799 0.111938 0.0
0.4196 0.13513 0.0
0.420828 0.158429 0.0
0.421702 0.181737 0.0
0.422251 0.204952 0.0
0.422499 0.227961 0.0
0.422468 0.250641 0.0
0.422175 0.272852 0.0
0.421633 0.294442 0.0
0.42085 0.315248 0.0
0.419831 0.335099 0.0
0.418576 0.35382 0.0
0.417086 0.37124 0.0
0.415358 0.387196 0.0
0.41339 0.401539 0.0
0.41118 0.41414 0.0
0.408728 0.424894 0.0
0.406033 0.433718 0.0
0.4031 0.440561 0.0
0.399933 0.445397 0.0
0.396537 0.448227 0.0
0.392921 0.449077 0.0
0.389091 0.447995 0.0
0.385056 0.445051 0.0
0.380822 0.440328 0.0
0.376393 0.433927 0.0
0.371772 0.425958 0.0
0.366955 0.41654 0.0
0.361932 0.405801 0.0
0.356688 0.393874 0.0
0.351196 0.380896 0.0
0.345418 0.367013 0.0
0.339303 0.352373 0.0
0.332786 0.337129 0.0
0.325788 0.321439 0.0
0.318219 0.305463 0.0
0.309985 0.289358 0.0
0.300994 0.273273 0.0
0.291172 0.25734 0.0
0.280479 0.241663 0.0
0.268924 0.22631 0.0
0.256586 0.211302 0.0
0.243619 0.196612 0.0
0.230258 0.182166 0.0
0.216802 0.167855 0.0
0.203596 0.153556 0.0
0.191001 0.139155 0.0
0.17935 0.124568 0.0
0.168926 0.109768 0.0
0.159928 0.0947919 0.0
0.152462 0.0797481 0.0
0.146538 0.0648076 0.0
0.142074 0.0501908 0.0
0.138919 0.0361474 0.0
0.13686 0.0229351 0.0
0.13565 0.0107968 0.0
0.135027 -6.04866e-05 0.0
0.134731 -0.00948143 0.0
0.134528 -0.0173911 0.0
0.13423 -0.0238108 0.0
0.133708 -0.0288478 0.0
0.132908 -0.0326841 0.0
0.131853 -0.0355613 0.0
0.13065 -0.037764 0.0
0.129483 -0.039596 0.0
0.128568 -0.0413109 0.0
0.128047 -0.0428431 0.0
0.999959 -0.000171878 0.0
0.999796 -0.000545303 0.0
0.999469 -0.000959335 0.0
0.998979 -0.00142496 0.0
0.998325 -0.00195327 0.0
0.997507 -0.00255557 0.0
0.996525 -0.00324342 0.0
0.995378 -0.00402873 0.0
0.994067 -0.00492387 0.0
0.99259 -0.00594172 0.0
0.990949 -0.00709581 0.0
0.989144 -0.00840037 0.0
0.987174 -0.00987053 0.0
0.985041 -0.0115223 0.0
0.982746 -0.013373 0.0
0.980292 -0.0154409 0.0
0.977681 -0.0177459 0.0
0.974916 -0.0203093 0.0
0.972004 -0.0231543 0.0
0.968951 -0.0263057 0.0
0.965765 -0.0297907 0.0
0.962458 -0.0336385 0.0
0.959044 -0.0378806 0.0
0.955541 -0.0425512 0.0
0.951971 -0.0476867 0.0
0.948362 -0.0533262 0.0
0.944748 -0.059511 0.0
0.941172 -0.0662842 0.0
0.937687 -0.0736903 0.0
0.934354 -0.0817738 0.0
0.931251 -0.0905783 0.0
0.928468 -0.100144 0.0
0.926116 -0.110503 0.0
0.924321 -0.121681 0.0
0.923232 -0.133683 0.0
0.92302 -0.146496 0.0
0.923873 -0.160073 0.0
0.925997 -0.174328 0.0
0.929611 -0.189124 0.0
0.934927 -0.204259 0.0
0.942144 -0.219458 0.0
0.951417 -0.234363 0.0
0.962825 -0.248533 0.0
0.976337 -0.261451 0.0
0.991762 -0.27255 0.0
1.00871 -0.281255 0.0
1.02656 -0.287065 0.0
1.04449 -0.289653 0.0
1.06157 -0.288977 0.0
1.0769 -0.285331 0.0
1.08982 -0.279258 0.0
1.09993 -0.271393 0.0
1.10711 -0.262336 0.0
1.11142 -0.252571 0.0
1.11307 -0.242446 0.0
1.1123 -0.232179 0.0
1.10938 -0.221887 0.0
1.10455 -0.211617 0.0
1.09802 -0.201368 0.0
1.09 -0.191118 0.0
1.08063 -0.180831 0.0
1.07007 -0.170472 0.0
1.05842 -0.160009 0.0
1.04579 -0.149415 0.0
1.03225 -0.138675 0.0
1.01786 -0.127783 0.0
1.00267 -0.116742 0.0
0.986702 -0.105569 0.0
0.969983 -0.0942927 0.0
0.952515 -0.0829519 0.0
0.934296 -0.0715973 0.0
0.915321 -0.0602885 0.0
0.895577 -0.0490917 0.0
0.875056 -0.038078 0.0
0.853745 -0.0273157 0.0
0.831636 -0.0168812 0.0
0.808714 -0.00682088 0.0
0.784945 0.00280557 0.0
0.760312 0.0119357 0.0
0.734837 0.020519 0.0
0.708566 0.0285135 0.0
0.681553 0.0358737 0.0
0.653852 0.0425669 0.0
0.625528 0.0485719 0.0
0.596659 0.0538736 0.0
0.567342 0.0584583 0.0
0.537694 0.0623073 0.0
0.507864 0.0653906 0.0
0.478039 0.0676603 0.0
0.448451 0.0690429 0.0
0.419387 0.0694335 0.0
0.391187 0.0686939 0.0
0.36424 0.0666577 0.0
0.338963 0.0631429 0.0
0.31577 0.0579742 0.0
0.295035 0.051012 0.0
0.277045 0.0421837 0.0
0.261962 0.0315104 0.0
0.249801 0.0191214 0.0
0.240426 0.0052566 0.0
0.233575 -0.00975035 0.0
0.228902 -0.0254946 0.0
0.22605 -0.0415674 0.0
0.224697 -0.0576066 0.0
0.224584 -0.0732988 0.0
0.22551 -0.0883747 0.0
0.227322 -0.102602 0.0
0.229907 -0.115779 0.0
0.233177 -0.127727 0.0
0.237061 -0.138289 0.0
0.241498 -0.147325 0.0
0.246433 -0.154715 0.0
0.251811 -0.160352 0.0
0.257578 -0.164153 0.0
0.263674 -0.166048 0.0
0.270041 -0.165993 0.0
0.276615 -0.16396 0.0
0.28333 -0.159948 0.0
0.290122 -0.153974 0.0
0.296923 -0.146076 0.0
0.303668 -0.136314 0.0
0.310293 -0.124764 0.0
0.316737 -0.11152 0.0
0.322943 -0.0966878 0.0
0.328858 -0.0803859 0.0
0.334434 -0.0627405 0.0
0.339628 -0.0438844 0.0
0.344403 -0.0239551 0.0
0.348729 -0.00309492 0.0
0.352582 0.0185412 0.0
0.355955 0.0408092 0.0
0.358851 0.0635765 0.0
0.361285 0.0867241 0.0
0.363279 0.110144 0.0
0.364857 0.133736 0.0
0.366046 0.157406 0.0
0.366877 0.181055 0.0
0.367376 0.204585 0.0
0.367573 0.227883 0.0
0.367492 0.25083 0.0
0.367158 0.27329 0.0
0.366589 0.295115 0.0
0.365801 0.316146 0.0
0.364805 0.336216 0.0
0.363609 0.355153 0.0
0.362218 0.372788 0.0
0.360633 0.38896 0.0
0.358854 0.403522 0.0
0.356878 0.416343 0.0
0.354703 0.427318 0.0
0.352326 0.436365 0.0
0.349743 0.44343 0.0
0.346952 0.448487 0.0
0.34395 0.451535 0.0
0.340734 0.452601 0.0
0.337301 0.451734 0.0
0.333646 0.449002 0.0
0.329763 0.444494 0.0
0.325643 0.438311 0.0
0.321271 0.430568 0.0
0.316628 0.421391 0.0
0.311686 0.410915 0.0
0.306408 0.399282 0.0
0.300746 0.386642 0.0
0.294638 0.373153 0.0
0.288011 0.358975 0.0
0.280778 0.344276 0.0
0.272845 0.329223 0.0
0.264117 0.313976 0.0
0.25451 0.298687 0.0
0.243965 0.283481 0.0
0.232466 0.268453 0.0
0.220058 0.253651 0.0
0.206861 0.239073 0.0
0.193078 0.224661 0.0
0.178988 0.21031 0.0
0.164933 0.195885 0.0
0.151286 0.181239 0.0
0.138418 0.166245 0.0
0.126661 0.150818 0.0
0.116278 0.134937 0.0
0.107443 0.118658 0.0
0.10023 0.102112 0.0
0.0946217 0.085502 0.0
0.0905166 0.0690834 0.0
0.0877479 0.0531469 0.0
0.0860998 0.0379953 0.0
0.0853238 0.0239221 0.0
0.0851542 0.0111886 0.0
0.0853233 1.63989e-06 0.0
0.0855796 -0.00950359 0.0
0.085707 -0.0172933 0.0
0.0855427 -0.0234461 0.0
0.0849935 -0.0281418 0.0
0.0840499 -0.031646 0.0
0.0827954 -0.0342896 0.0
0.0814029 -0.036441 0.0
0.0801117 -0.0384605 0.0
0.0791607 -0.0405809 0.0
0.0786542 -0.0425453 0.0
0.999957 -8.79582e-05 0.0
0.999784 -0.00029342 0.0
0.999439 -0.000539277 0.0
0.998921 -0.000836429 0.0
0.998229 -0.0011959 0.0
0.997363 -0.00162893 0.0
0.996322 -0.00214703 0.0
0.995106 -0.00276211 0.0
0.993713 -0.00348654 0.0
0.992144 -0.00433327 0.0
0.990397 -0.00531594 0.0
0.988471 -0.00644896 0.0
0.986366 -0.00774769 0.0
0.984083 -0.00922858 0.0
0.98162 -0.0109093 0.0
0.978978 -0.0128088 0.0
0.976159 -0.0149478 0.0
0.973165 -0.0173486 0.0
0.969998 -0.0200358 0.0
0.966663 -0.0230359 0.0
0.963166 -0.026378 0.0
0.959516 -0.030094 0.0
0.955723 -0.0342187 0.0
0.951804 -0.0387902 0.0
0.947776 -0.04385 0.0
0.943665 -0.049443 0.0
0.939502 -0.0556179 0.0
0.935328 -0.0624268 0.0
0.93119 -0.0699249 0.0
0.927154 -0.0781697 0.0
0.923294 -0.0872197 0.0
0.919707 -0.0971327 0.0
0.916508 -0.107963 0.0
0.913837 -0.119755 0.0
0.911861 -0.132543 0.0
0.910774 -0.146337 0.0
0.910803 -0.161114 0.0
0.912203 -0.176811 0.0
0.91525 -0.193302 0.0
0.920237 -0.210384 0.0
0.927446 -0.227759 0.0
0.937127 -0.245015 0.0
0.949451 -0.261614 0.0
0.964452 -0.276885 0.0
0.981952 -0.290041 0.0
1.00146 -0.300221 0.0
1.02211 -0.306601 0.0
1.04265 -0.308585 0.0
1.0616 -0.306067 0.0
1.0776 -0.299581 0.0
1.08975 -0.290079 0.0
1.09768 -0.278605 0.0
1.10144 -0.266058 0.0
1.10137 -0.253096 0.0
1.09794 -0.240142 0.0
1.09165 -0.227422 0.0
1.08295 -0.215026 0.0
1.07227 -0.202957 0.0
1.05993 -0.191171 0.0
1.04625 -0.179604 0.0
1.03145 -0.168186 0.0
1.01575 -0.156848 0.0
0.999293 -0.145532 0.0
0.982223 -0.134187 0.0
0.964635 -0.122773 0.0
0.946598 -0.111259 0.0
0.928154 -0.0996298 0.0
0.909318 -0.0878819 0.0
0.890085 -0.0760281 0.0
0.870433 -0.0640961 0.0
0.850326 -0.0521283 0.0
0.829724 -0.0401799 0.0
0.808581 -0.028314 0.0
0.786852 -0.0166055 0.0
0.764482 -0.0051073 0.0
0.741392 0.00610968 0.0
0.717534 0.0169691 0.0
0.692914 0.0274034 0.0
0.667556 0.0373292 0.0
0.64148 0.0466759 0.0
0.614721 0.0553871 0.0
0.587322 0.0634123 0.0
0.559343 0.0707087 0.0
0.530858 0.0772393 0.0
0.501963 0.0829692 0.0
0.472785 0.0878588 0.0
0.443481 0.0918575 0.0
0.414256 0.0948956 0.0
0.385359 0.0968778 0.0
0.357093 0.0976785 0.0
0.329814 0.0971414 0.0
0.303913 0.0950868 0.0
0.279798 0.0913271 0.0
0.257858 0.0856909 0.0
0.238423 0.0780541 0.0
0.22172 0.0683698 0.0
0.207843 0.0566931 0.0
0.196736 0.0431906 0.0
0.188205 0.0281331 0.0
0.181952 0.0118734 0.0
0.177622 -0.00518586 0.0
0.174863 -0.0226274 0.0
0.17337 -0.0400892 0.0
0.172912 -0.0572749 0.0
0.173326 -0.0739317 0.0
0.174498 -0.0898391 0.0
0.176348 -0.1048 0.0
0.17882 -0.118638 0.0
0.181871 -0.131188 0.0
0.185463 -0.142303 0.0
0.189562 -0.151847 0.0
0.194131 -0.159697 0.0
0.199131 -0.165748 0.0
0.204518 -0.16991 0.0
0.210243 -0.172112 0.0
0.216252 -0.172305 0.0
0.222489 -0.170459 0.0
0.228892 -0.166569 0.0
0.235397 -0.160651 0.0
0.241941 -0.152743 0.0
0.248456 -0.142907 0.0
0.254881 -0.13122 0.0
0.261154 -0.11778 0.0
0.267215 -0.102695 0.0
0.273011 -0.0860896 0.0
0.278493 -0.0680941 0.0
0.283615 -0.0488471 0.0
0.288339 -0.0284919 0.0
0.292633 -0.0071779 0.0
0.296473 0.0149308 0.0
0.299847 0.0376732 0.0
0.302758 0.0609054 0.0
0.305218 0.0845009 0.0
0.307244 0.108347 0.0
0.308859 0.132341 0.0
0.310085 0.156385 0.0
0.310949 0.180381 0.0
0.31148 0.204228 0.0
0.311706 0.227817 0.0
0.311657 0.251027 0.0
0.311358 0.273726 0.0
0.310835 0.295771 0.0
0.310108 0.317005 0.0
0.309196 0.337265 0.0
0.308112 0.356384 0.0
0.306863 0.374196 0.0
0.305456 0.390544 0.0
0.303892 0.405282 0.0
0.302167 0.418283 0.0
0.300278 0.429442 0.0
0.298218 0.438679 0.0
0.295977 0.44594 0.0
0.293546 0.451199 0.0
0.290913 0.454458 0.0
0.288065 0.455743 0.0
0.284986 0.455104 0.0
0.28166 0.452613 0.0
0.278064 0.448361 0.0
0.274174 0.442454 0.0
0.269958 0.435012 0.0
0.265378 0.42617 0.0
0.260383 0.416072 0.0
0.254915 0.40487 0.0
0.248903 0.392728 0.0
0.242263 0.379814 0.0
0.234905 0.3663 0.0
0.226731 0.352359 0.0
0.217651 0.338153 0.0
0.207594 0.323831 0.0
0.196519 0.309513 0.0
0.184441 0.295277 0.0
0.171443 0.281154 0.0
0.157688 0.267114 0.0
0.143422 0.253074 0.0
0.128962 0.238903 0.0
0.114677 0.224442 0.0
0.100955 0.20953 0.0
0.0881631 0.194033 0.0
0.0766138 0.177869 0.0
0.0665389 0.161026 0.0
0.0580749 0.143576 0.0
0.0512623 0.125668 0.0
0.0460553 0.107523 0.0
0.0423363 0.0894193 0.0
0.0399335 0.0716742 0.0
0.0386365 0.0546218 0.0
0.0382093 0.0385956 0.0
0.0384006 0.0239065 0.0
0.0389537 0.0108209 0.0
0.0396182 -0.00046417 0.0
0.0401658 -0.00984174 0.0
0.0404089 -0.0173256 0.0
0.0402189 -0.0230595 0.0
0.0395451 -0.0273055 0.0
0.0384311 -0.0304248 0.0
0.0370204 -0.0328455 0.0
0.0355424 -0.0350148 0.0
0.0342647 -0.0373178 0.0
0.033396 -0.039904 0.0
0.0329528 -0.0422725 0.0
0.999955 5.84899e-07 0.0
0.999773 -2.7646e-05 0.0
0.999409 -9.59585e-05 0.0
0.998863 -0.000215088 0.0
0.998133 -0.000395902 0.0
0.99722 -0.000649486 0.0
0.996122 -0.000987233 0.0
0.994837 -0.00142093 0.0
0.993364 -0.00196287 0.0
0.991703 -0.00262595 0.0
0.989851 -0.00342378 0.0
0.987806 -0.00437083 0.0
0.985567 -0.00548256 0.0
0.983133 -0.00677562 0.0
0.980501 -0.00826793 0.0
0.977672 -0.00997899 0.0
0.974643 -0.01193 0.0
0.971416 -0.0141443 0.0
0.96799 -0.0166472 0.0
0.964367 -0.0194668 0.0
0.960551 -0.0226342 0.0
0.956547 -0.0261834 0.0
0.952362 -0.0301522 0.0
0.948007 -0.0345825 0.0
0.943498 -0.0395206 0.0
0.938854 -0.0450173 0.0
0.934102 -0.0511289 0.0
0.929278 -0.0579166 0.0
0.924427 -0.0654471 0.0
0.919608 -0.073792 0.0
0.914897 -0.0830269 0.0
0.910389 -0.0932301 0.0
0.906202 -0.10448 0.0
0.902486 -0.116851 0.0
0.899422 -0.130407 0.0
0.89723 -0.145195 0.0
0.896175 -0.16123 0.0
0.896562 -0.178483 0.0
0.898742 -0.196858 0.0
0.903097 -0.216169 0.0
0.910025 -0.236111 0.0
0.919907 -0.256227 0.0
0.933054 -0.275874 0.0
0.949621 -0.294194 0.0
0.969474 -0.310085 0.0
0.99201 -0.322224 0.0
1.01596 -0.329204 0.0
1.03935 -0.329906 0.0
1.05977 -0.324106 0.0
1.07514 -0.312922 0.0
1.0844 -0.298145 0.0
1.08744 -0.281505 0.0
1.08483 -0.264306 0.0
1.07743 -0.247382 0.0
1.06617 -0.231169 0.0
1.0519 -0.215833 0.0
1.03535 -0.20137 0.0
1.01711 -0.187691 0.0
0.997674 -0.174667 0.0
0.977414 -0.162164 0.0
0.956637 -0.150053 0.0
0.935579 -0.138216 0.0
0.914419 -0.126551 0.0
0.893286 -0.114965 0.0
0.872258 -0.10338 0.0
0.851371 -0.0917292 0.0
0.830621 -0.079965 0.0
0.809967 -0.0680572 0.0
0.789345 -0.0559977 0.0
0.768672 -0.0438003 0.0
0.747853 -0.0314989 0.0
0.726794 -0.019148 0.0
0.705392 -0.0068011 0.0
0.683528 0.00547426 0.0
0.661111 0.0176002 0.0
0.638104 0.0294995 0.0
0.614482 0.0410601 0.0
0.590222 0.0521909 0.0
0.565319 0.0628034 0.0
0.53978 0.0728162 0.0
0.51363 0.082156 0.0
0.486917 0.0907556 0.0
0.459709 0.0985523 0.0
0.432106 0.105484 0.0
0.404237 0.111487 0.0
0.376275 0.116483 0.0
0.348434 0.120378 0.0
0.320978 0.123056 0.0
0.294223 0.12437 0.0
0.268525 0.124149 0.0
0.24427 0.122205 0.0
0.221844 0.11835 0.0
0.201599 0.112424 0.0
0.183811 0.104322 0.0
0.168645 0.0940247 0.0
0.156127 0.0816196 0.0
0.146144 0.0673039 0.0
0.138458 0.0513724 0.0
0.132751 0.0341888 0.0
0.128673 0.0161496 0.0
0.125892 -0.00235128 0.0
0.124137 -0.0209481 0.0
0.123217 -0.0393555 0.0
0.123008 -0.0573423 0.0
0.123433 -0.0747035 0.0
0.124445 -0.0912508 0.0
0.126015 -0.106808 0.0
0.128122 -0.121209 0.0
0.13075 -0.134296 0.0
0.133884 -0.145921 0.0
0.137503 -0.155947 0.0
0.141583 -0.164247 0.0
0.146095 -0.17071 0.0
0.151002 -0.175242 0.0
0.156264 -0.177766 0.0
0.161831 -0.178228 0.0
0.167652 -0.176594 0.0
0.173669 -0.172854 0.0
0.179822 -0.167023 0.0
0.186046 -0.159139 0.0
0.192279 -0.14926 0.0
0.198456 -0.137469 0.0
0.204515 -0.123863 0.0
0.210397 -0.108556 0.0
0.216047 -0.0916745 0.0
0.221412 -0.0733557 0.0
0.226447 -0.053743 0.0
0.231113 -0.0329862 0.0
0.235378 -0.0112422 0.0
0.239216 0.0113176 0.0
0.242613 0.0345146 0.0
0.245572 0.0581944 0.0
0.248099 0.0822243 0.0
0.250209 0.106488 0.0
0.251916 0.130879 0.0
0.253241 0.155296 0.0
0.254207 0.179639 0.0
0.254841 0.203805 0.0
0.255171 0.227683 0.0
0.255226 0.251154 0.0
0.255038 0.274087 0.0
0.254632 0.296339 0.0
0.254036 0.317759 0.0
0.253271 0.338188 0.0
0.252354 0.357462 0.0
0.251297 0.375422 0.0
0.250109 0.391914 0.0
0.24879 0.406796 0.0
0.247339 0.419945 0.0
0.245748 0.43126 0.0
0.244007 0.440663 0.0
0.2421 0.448103 0.0
0.240009 0.453557 0.0
0.237715 0.457028 0.0
0.235192 0.458544 0.0
0.232412 0.45816 0.0
0.229344 0.455951 0.0
0.225951 0.452012 0.0
0.22219 0.446455 0.0
0.218008 0.439409 0.0
0.213347 0.431017 0.0
0.208134 0.421432 0.0
0.202291 0.410821 0.0
0.195727 0.399354 0.0
0.188346 0.387208 0.0
0.180055 0.374556 0.0
0.170773 0.36156 0.0
0.160442 0.348362 0.0
0.14905 0.335072 0.0
0.136643 0.321753 0.0
0.123343 0.308414 0.0
0.109354 0.295004 0.0
0.0949581 0.281414 0.0
0.0805038 0.267494 0.0
0.0663734 0.253072 0.0
0.0529505 0.23798 0.0
0.0405836 0.222081 0.0
0.0295541 0.205303 0.0
0.0200542 0.187647 0.0
0.0121781 0.169198 0.0
0.00592807 0.150118 0.0
0.00122959 0.130637 0.0
-0.00205045 0.11104 0.0
-0.00408515 0.091655 0.0
-0.00507284 0.072829 0.0
-0.00522784 0.054919 0.0
-0.00477458 0.0382723 0.0
-0.00394284 0.0232067 0.0
-0.00296158 0.00998633 0.0
-0.0020494 -0.00120629 0.0
-0.00140033 -0.0102963 0.0
-0.00116606 -0.0173484 0.0
-0.00143543 -0.0225773 0.0
-0.00221311 -0.0263362 0.0
-0.00340432 -0.0290888 0.0
-0.00481662 -0.0313584 0.0
-0.0061913 -0.0336492 0.0
-0.00727639 -0.0363204 0.0
-0.00794062 -0.0393685 0.0
-0.00827737 -0.0420281 0.0
0.999952 9.365e-05 0.0
0.999762 0.000251718 0.0
0.99938 0.000370123 0.0
0.998807 0.000438378 0.0
0.998041 0.00044586 0.0
0.997081 0.000381718 0.0
0.995926 0.00023479 0.0
0.994575 -6.50023e-06 0.0
0.993024 -0.000354246 0.0
0.991272 -0.000821166 0.0
0.989317 -0.00142073 0.0
0.987155 -0.00216729 0.0
0.984784 -0.00307628 0.0
0.982201 -0.00416434 0.0
0.979402 -0.00544949 0.0
0.976386 -0.00695144 0.0
0.973149 -0.00869178 0.0
0.969688 -0.0106942 0.0
0.966002 -0.0129851 0.0
0.962089 -0.0155935 0.0
0.957949 -0.0185517 0.0
0.953583 -0.021896 0.0
0.948996 -0.0256667 0.0
0.944191 -0.029909 0.0
0.93918 -0.0346734 0.0
0.933976 -0.0400166 0.0
0.928601 -0.046002 0.0
0.923081 -0.0527 0.0
0.917458 -0.0601891 0.0
0.911782 -0.0685555 0.0
0.906123 -0.0778936 0.0
0.900573 -0.0883045 0.0
0.895249 -0.0998948 0.0
0.890302 -0.112773 0.0
0.885926 -0.127044 0.0
0.882362 -0.142801 0.0
0.879906 -0.160113 0.0
0.878922 -0.179003 0.0
0.879835 -0.199431 0.0
0.883138 -0.221254 0.0
0.88937 -0.244187 0.0
0.899089 -0.267753 0.0
0.912808 -0.291214 0.0
0.930873 -0.313486 0.0
0.953254 -0.333027 0.0
0.979205 -0.347768 0.0
1.00686 -0.355269 0.0
1.03301 -0.353377 0.0
1.05362 -0.34166 0.0
1.06562 -0.322747 0.0
1.06815 -0.300106 0.0
1.06205 -0.276485 0.0
1.04893 -0.253592 0.0
1.03052 -0.232291 0.0
1.00839 -0.212868 0.0
0.983809 -0.195281 0.0
0.957762 -0.179324 0.0
0.930998 -0.164738 0.0
0.904074 -0.151257 0.0
0.877396 -0.138637 0.0
0.851257 -0.126662 0.0
0.825851 -0.115142 0.0
0.801295 -0.103909 0.0
0.777635 -0.0928142 0.0
0.754858 -0.0817258 0.0
0.732895 -0.0705335 0.0
0.711635 -0.0591503 0.0
0.690935 -0.0475183 0.0
0.670633 -0.0356124 0.0
0.650562 -0.0234408 0.0
0.630556 -0.0110344 0.0
0.610457 0.00154569 0.0
0.590128 0.0142364 0.0
0.569464 0.0269639 0.0
0.548377 0.0396148 0.0
0.526785 0.0520842 0.0
0.504625 0.0642575 0.0
0.481855 0.0760233 0.0
0.458455 0.0872736 0.0
0.434435 0.0979052 0.0
0.409832 0.10782 0.0
0.384713 0.116924 0.0
0.359179 0.125124 0.0
0.333372 0.132324 0.0
0.30747 0.138417 0.0
0.281702 0.143283 0.0
0.25634 0.146781 0.0
0.231703 0.148746 0.0
0.208142 0.148996 0.0
0.186023 0.147339 0.0
0.1657 0.143592 0.0
0.14748 0.137609 0.0
0.131582 0.129309 0.0
0.118108 0.118699 0.0
0.107028 0.105894 0.0
0.098182 0.0911135 0.0
0.0913098 0.0746656 0.0
0.0860904 0.0569156 0.0
0.0821938 0.0382488 0.0
0.0793243 0.0190374 0.0
0.077249 -0.00038271 0.0
0.0758125 -0.0197255 0.0
0.0749295 -0.0387752 0.0
0.0745594 -0.0573434 0.0
0.074684 -0.0752518 0.0
0.0752975 -0.0923277 0.0
0.0763997 -0.108403 0.0
0.0779916 -0.123313 0.0
0.0800727 -0.136901 0.0
0.0826382 -0.149015 0.0
0.0856787 -0.159512 0.0
0.0891785 -0.168261 0.0
0.0931154 -0.175144 0.0
0.0974605 -0.180061 0.0
0.102178 -0.182927 0.0
0.107227 -0.183683 0.0
0.112559 -0.182291 0.0
0.11812 -0.178735 0.0
0.123853 -0.173028 0.0
0.129698 -0.165204 0.0
0.135592 -0.155322 0.0
0.141472 -0.143464 0.0
0.147276 -0.12973 0.0
0.152942 -0.114237 0.0
0.158414 -0.0971149 0.0
0.16364 -0.0785064 0.0
0.168573 -0.0585609 0.0
0.173174 -0.0374349 0.0
0.177409 -0.0152932 0.0
0.181254 0.00768579 0.0
0.184694 0.0313082 0.0
0.187726 0.0554098 0.0
0.190354 0.0798534 0.0
0.192585 0.104519 0.0
0.194429 0.129296 0.0
0.195902 0.154081 0.0
0.197023 0.178767 0.0
0.197817 0.203249 0.0
0.198312 0.227415 0.0
0.198537 0.251142 0.0
0.198523 0.274301 0.0
0.198301 0.296752 0.0
0.197897 0.318346 0.0
0.197338 0.338926 0.0
0.196643 0.358337 0.0
0.195825 0.376422 0.0
0.194894 0.393033 0.0
0.193852 0.408037 0.0
0.192694 0.421314 0.0
0.191409 0.432767 0.0
0.189983 0.442324 0.0
0.188394 0.449938 0.0
0.186616 0.455591 0.0
0.184617 0.459288 0.0
0.182361 0.461063 0.0
0.179807 0.460975 0.0
0.176906 0.459104 0.0
0.173605 0.455552 0.0
0.169841 0.45044 0.0
0.165543 0.443904 0.0
0.16063 0.436096 0.0
0.155015 0.427181 0.0
0.148602 0.417329 0.0
0.141297 0.406716 0.0
0.133012 0.395512 0.0
0.123678 0.383876 0.0
0.11326 0.37194 0.0
0.101773 0.359799 0.0
0.0893007 0.3475 0.0
0.0760012 0.335032 0.0
0.062115 0.322322 0.0
0.0479537 0.309247 0.0
0.0338817 0.295639 0.0
0.0202858 0.28132 0.0
0.00753603 0.266127 0.0
-0.00405187 0.249936 0.0
-0.0142447 0.232685 0.0
-0.0229033 0.214388 0.0
-0.0299806 0.19514 0.0
-0.0355099 0.175111 0.0
-0.0395877 0.154533 0.0
-0.0423561 0.133688 0.0
-0.0439844 0.112897 0.0
-0.044657 0.0925055 0.0
-0.0445651 0.0728743 0.0
-0.0439035 0.0543671 0.0
-0.042868 0.0373356 0.0
-0.0416545 0.0220981 0.0
-0.0404539 0.00891301 0.0
-0.0394442 -0.00205488 0.0
-0.0387776 -0.0107634 0.0
-0.0385639 -0.0173294 0.0
-0.0388494 -0.0220415 0.0
-0.0395976 -0.025346 0.0
-0.0406806 -0.0278048 0.0
-0.0418915 -0.0300192 0.0
-0.0429906 -0.0325146 0.0
-0.0437867 -0.0355739 0.0
-0.0442331 -0.0390043 0.0
-0.0444727 -0.0418159 0.0
0.99995 0.000191094 0.0
0.999751 0.000544242 0.0
0.999352 0.000858253 0.0
0.998753 0.00112297 0.0
0.997952 0.00132811 0.0
0.996947 0.00146315 0.0
0.995738 0.00151725 0.0
0.994322 0.00147916 0.0
0.992696 0.00133711 0.0
0.990856 0.00107867 0.0
0.9888 0.000690672 0.0
0.986525 0.000159009 0.0
0.984025 -0.000531509 0.0
0.981296 -0.00139733 0.0
0.978334 -0.00245634 0.0
0.975134 -0.00372821 0.0
0.971691 -0.00523458 0.0
0.968 -0.00699941 0.0
0.964055 -0.00904932 0.0
0.959853 -0.0114141 0.0
0.955389 -0.0141271 0.0
0.95066 -0.0172259 0.0
0.945664 -0.0207528 0.0
0.940401 -0.0247557 0.0
0.934874 -0.029289 0.0
0.929091 -0.0344141 0.0
0.923063 -0.040201 0.0
0.91681 -0.046729 0.0
0.910362 -0.0540877 0.0
0.903759 -0.0623784 0.0
0.897061 -0.0717145 0.0
0.89035 -0.0822219 0.0
0.883735 -0.0940384 0.0
0.877364 -0.107312 0.0
0.871431 -0.122196 0.0
0.866189 -0.138843 0.0
0.861964 -0.15739 0.0
0.859166 -0.177942 0.0
0.858302 -0.200541 0.0
0.859982 -0.225126 0.0
0.864912 -0.251478 0.0
0.873873 -0.279141 0.0
0.887643 -0.307314 0.0
0.906848 -0.334656 0.0
0.93162 -0.35901 0.0
0.961028 -0.377145 0.0
0.992328 -0.384847 0.0
1.02034 -0.377958 0.0
1.0382 -0.35555 0.0
1.04163 -0.324288 0.0
1.03123 -0.290699 0.0
1.01006 -0.258626 0.0
0.981518 -0.229782 0.0
0.94848 -0.204657 0.0
0.913166 -0.183058 0.0
0.877169 -0.16451 0.0
0.841586 -0.148465 0.0
0.807153 -0.1344 0.0
0.774333 -0.121851 0.0
0.743394 -0.110426 0.0
0.71445 -0.0997902 0.0
0.687504 -0.0896621 0.0
0.662469 -0.0797985 0.0
0.639191 -0.0699881 0.0
0.617466 -0.0600494 0.0
0.597051 -0.0498323 0.0
0.577683 -0.0392237 0.0
0.559093 -0.0281544 0.0
0.541025 -0.0166059 0.0
0.523258 -0.00460867 0.0
0.505614 0.00778244 0.0
0.487935 0.0205071 0.0
0.470057 0.0334823 0.0
0.451832 0.0466064 0.0
0.433135 0.0597566 0.0
0.413868 0.0728014 0.0
0.393966 0.0856021 0.0
0.373397 0.0980187 0.0
0.352161 0.109913 0.0
0.330296 0.121151 0.0
0.307871 0.131602 0.0
0.284997 0.141136 0.0
0.261821 0.149622 0.0
0.238534 0.156921 0.0
0.215369 0.162886 0.0
0.192601 0.16735 0.0
0.170544 0.170133 0.0
0.149531 0.171044 0.0
0.129901 0.16989 0.0
0.111967 0.166499 0.0
0.0959826 0.16074 0.0
0.0821113 0.152554 0.0
0.0704007 0.141973 0.0
0.060774 0.129135 0.0
0.0530419 0.11427 0.0
0.0469352 0.0976895 0.0
0.042148 0.0797491 0.0
0.0383828 0.0608167 0.0
0.0353865 0.0412405 0.0
0.0329711 0.0213306 0.0
0.031018 0.00135257 0.0
0.0294692 -0.0184756 0.0
0.0283112 -0.0379843 0.0
0.0275519 -0.0570049 0.0
0.0272058 -0.0753688 0.0
0.0272892 -0.0929076 0.0
0.0278175 -0.109453 0.0
0.0288034 -0.124841 0.0
0.0302552 -0.138907 0.0
0.0321763 -0.151496 0.0
0.0345642 -0.162459 0.0
0.0374102 -0.171659 0.0
0.0406989 -0.178972 0.0
0.0444082 -0.184288 0.0
0.0485092 -0.187519 0.0
0.0529661 -0.188597 0.0
0.0577368 -0.187479 0.0
0.0627732 -0.184144 0.0
0.0680219 -0.1786 0.0
0.0734255 -0.170879 0.0
0.0789236 -0.161039 0.0
0.0844544 -0.149159 0.0
0.0899558 -0.13534 0.0
0.0953668 -0.119704 0.0
0.10063 -0.102383 0.0
0.105692 -0.0835262 0.0
0.110506 -0.0632885 0.0
0.115032 -0.0418338 0.0
0.119237 -0.0193348 0.0
0.123097 0.00402269 0.0
0.126594 0.0280346 0.0
0.129718 0.0525268 0.0
0.132468 0.0773586 0.0
0.134845 0.102406 0.0
0.136855 0.127555 0.0
0.138508 0.152695 0.0
0.139823 0.177717 0.0
0.140821 0.202508 0.0
0.141527 0.226955 0.0
0.141972 0.250932 0.0
0.142186 0.274311 0.0
0.1422 0.296951 0.0
0.142042 0.318707 0.0
0.141739 0.339427 0.0
0.14131 0.35896 0.0
0.14077 0.377155 0.0
0.140127 0.393873 0.0
0.139382 0.408985 0.0
0.138527 0.422379 0.0
0.137547 0.433965 0.0
0.136421 0.443678 0.0
0.13512 0.451475 0.0
0.133608 0.457344 0.0
0.131843 0.461298 0.0
0.129775 0.463377 0.0
0.127348 0.463643 0.0
0.124497 0.462187 0.0
0.121151 0.459117 0.0
0.11723 0.454561 0.0
0.112645 0.448665 0.0
0.107303 0.441589 0.0
0.101109 0.433498 0.0
0.0939702 0.424563 0.0
0.0858102 0.414947 0.0
0.0765778 0.404799 0.0
0.0662633 0.394238 0.0
0.0549135 0.383345 0.0
0.042645 0.372149 0.0
0.0296524 0.360616 0.0
0.0162072 0.34866 0.0
0.00264335 0.336144 0.0
-0.0106697 0.322899 0.0
-0.0233623 0.308751 0.0
-0.035101 0.293543 0.0
-0.045617 0.27717 0.0
-0.0547244 0.259588 0.0
-0.0623278 0.240829 0.0
-0.0684178 0.220993 0.0
-0.0730575 0.200252 0.0
-0.0763633 0.178834 0.0
-0.0784859 0.157011 0.0
-0.0795941 0.135087 0.0
-0.0798622 0.113395 0.0
-0.0794631 0.0922815 0.0
-0.0785647 0.072108 0.0
-0.0773292 0.0532363 0.0
-0.0759146 0.0360163 0.0
-0.0744738 0.020763 0.0
-0.0731525 0.00772616 0.0
-0.0720825 -0.00294776 0.0
-0.0713722 -0.0112473 0.0
-0.0710915 -0.0173398 0.0
-0.0712537 -0.0215835 0.0
-0.0718007 -0.0245088 0.0
-0.0726011 -0.0267587 0.0
-0.0734702 -0.0289854 0.0
-0.0742184 -0.031701 0.0
-0.0747226 -0.0350874 0.0
-0.0749889 -0.0387781 0.0
-0.075151 -0.0416404 0.0
0.999948 0.000292731 0.0
0.999741 0.000849369 0.0
0.999325 0.0013675 0.0
0.998701 0.00183739 0.0
0.997867 0.00224918 0.0
0.99682 0.00259276 0.0
0.995559 0.00285772 0.0
0.994081 0.00303326 0.0
0.992382 0.00310804 0.0
0.990459 0.00307007 0.0
0.988308 0.00290662 0.0
0.985922 0.002604 0.0
0.983298 0.00214747 0.0
0.98043 0.00152098 0.0
0.97731 0.000707008 0.0
0.973932 -0.000313781 0.0
0.970289 -0.00156278 0.0
0.966373 -0.00306371 0.0
0.962175 -0.00484318 0.0
0.957689 -0.00693114 0.0
0.952904 -0.00936131 0.0
0.947814 -0.012172 0.0
0.94241 -0.0154068 0.0
0.936686 -0.0191154 0.0
0.930638 -0.0233548 0.0
0.924264 -0.0281907 0.0
0.917565 -0.0336982 0.0
0.910551 -0.0399642 0.0
0.903236 -0.0470887 0.0
0.895648 -0.0551869 0.0
0.88783 -0.0643908 0.0
0.879847 -0.0748514 0.0
0.871792 -0.0867395 0.0
0.863799 -0.100246 0.0
0.856051 -0.115581 0.0
0.8488 -0.132966 0.0
0.842383 -0.152627 0.0
0.837249 -0.174773 0.0
0.833972 -0.19957 0.0
0.833281 -0.227086 0.0
0.836063 -0.25723 0.0
0.843349 -0.289635 0.0
0.856241 -0.323482 0.0
0.875692 -0.357143 0.0
0.901991 -0.387594 0.0
0.933917 -0.409894 0.0
0.967586 -0.417067 0.0
0.994982 -0.401146 0.0
1.0042 -0.359442 0.0
0.990008 -0.309631 0.0
0.957781 -0.262732 0.0
0.914837 -0.222482 0.0
0.866813 -0.189355 0.0
0.817538 -0.162771 0.0
0.769506 -0.141599 0.0
0.724202 -0.124668 0.0
0.682434 -0.110955 0.0
0.644553 -0.0995946 0.0
0.610593 -0.0898766 0.0
0.580364 -0.0812322 0.0
0.553535 -0.0732115 0.0
0.529698 -0.0654575 0.0
0.508412 -0.0576817 0.0
0.489231 -0.0496473 0.0
0.471728 -0.0411612 0.0
0.455495 -0.0320736 0.0
0.440165 -0.0222842 0.0
0.425418 -0.0117567 0.0
0.411026 -0.000543728 0.0
0.39682 0.0113029 0.0
0.382603 0.0237309 0.0
0.368169 0.0366722 0.0
0.353341 0.0500231 0.0
0.33798 0.0636514 0.0
0.321985 0.0774037 0.0
0.305292 0.0911143 0.0
0.287873 0.10461 0.0
0.269737 0.117717 0.0
0.250926 0.130261 0.0
0.23152 0.142074 0.0
0.211637 0.152987 0.0
0.19143 0.162832 0.0
0.171095 0.171437 0.0
0.150863 0.178625 0.0
0.131003 0.184208 0.0
0.11181 0.187988 0.0
0.093594 0.189768 0.0
0.0766564 0.189359 0.0
0.0612602 0.186601 0.0
0.047604 0.181379 0.0
0.0357969 0.173652 0.0
0.0258405 0.16347 0.0
0.017627 0.150982 0.0
0.0109536 0.136427 0.0
0.00555695 0.120107 0.0
0.0011565 0.10236 0.0
-0.00250626 0.0835287 0.0
-0.00563922 0.0639353 0.0
-0.00838615 0.0438652 0.0
-0.0108289 0.023564 0.0
-0.0129988 0.00324227 0.0
-0.0148933 -0.0169221 0.0
-0.0164889 -0.036784 0.0
-0.0177548 -0.0561799 0.0
-0.0186606 -0.0749418 0.0
-0.0191791 -0.0928995 0.0
-0.0192869 -0.109882 0.0
-0.0189646 -0.12572 0.0
-0.018198 -0.140246 0.0
-0.0169779 -0.153298 0.0
-0.0153008 -0.164722 0.0
-0.0131691 -0.174374 0.0
-0.0105914 -0.182123 0.0
-0.00758301 -0.187854 0.0
-0.00416597 -0.191471 0.0
-0.000369048 -0.192899 0.0
0.00377226 -0.192089 0.0
0.00821577 -0.189014 0.0
0.0129131 -0.183677 0.0
0.0178109 -0.176105 0.0
0.0228521 -0.166353 0.0
0.0279775 -0.154501 0.0
0.0331264 -0.140649 0.0
0.0382379 -0.124918 0.0
0.0432546 -0.107448 0.0
0.0481238 -0.0883922 0.0
0.0527984 -0.0679112 0.0
0.0572379 -0.0461766 0.0
0.0614091 -0.0233685 0.0
0.0652849 0.000320902 0.0
0.0688426 0.0246822 0.0
0.0720663 0.0495311 0.0
0.0749477 0.074723 0.0
0.0774828 0.10013 0.0
0.0796735 0.125631 0.0
0.0815276 0.151111 0.0
0.0830593 0.176454 0.0
0.0842882 0.201544 0.0
0.0852389 0.226261 0.0
0.0859392 0.25048 0.0
0.0864189 0.274069 0.0
0.0867077 0.29689 0.0
0.0868337 0.3188 0.0
0.0868213 0.339651 0.0
0.0866899 0.359297 0.0
0.0864524 0.377596 0.0
0.0861138 0.394414 0.0
0.0856712 0.409632 0.0
0.0851129 0.423146 0.0
0.0844183 0.434873 0.0
0.0835583 0.444756 0.0
0.082495 0.452761 0.0
0.0811821 0.458883 0.0
0.0795649 0.463142 0.0
0.0775805 0.465585 0.0
0.0751577 0.466285 0.0
0.0722172 0.465337 0.0
0.0686724 0.462858 0.0
0.0644308 0.458983 0.0
0.0593975 0.453862 0.0
0.0534796 0.447652 0.0
0.0465941 0.440515 0.0
0.0386779 0.432601 0.0
0.0297011 0.424046 0.0
0.019682 0.414952 0.0
0.00869985 0.405382 0.0
-0.00309429 0.395346 0.0
-0.0154736 0.384796 0.0
-0.028146 0.373634 0.0
-0.0407745 0.361717 0.0
-0.0530043 0.348881 0.0
-0.0644947 0.334966 0.0
-0.0749506 0.319833 0.0
-0.0841467 0.303395 0.0
-0.0919416 0.285628 0.0
-0.0982794 0.266575 0.0
-0.103183 0.246349 0.0
-0.10674 0.225119 0.0
-0.109082 0.203108 0.0
-0.110371 0.180573 0.0
-0.110779 0.157801 0.0
-0.110475 0.135101 0.0
-0.109624 0.112797 0.0
-0.108374 0.0912302 0.0
-0.106864 0.0707502 0.0
-0.105216 0.0517115 0.0
-0.103547 0.0344567 0.0
-0.101959 0.019294 0.0
-0.100548 0.0064633 0.0
-0.0993978 -0.00390532 0.0
-0.0985724 -0.0118254 0.0
-0.0981087 -0.017506 0.0
-0.0980017 -0.0213621 0.0
-0.0981958 -0.0239891 0.0
-0.0985855 -0.0260882 0.0
-0.0990344 -0.028338 0.0
-0.0994139 -0.0312206 0.0
-0.0996536 -0.0348239 0.0
-0.0997751 -0.0386538 0.0
-0.0998709 -0.0415069 0.0
0.999946 0.000398332 0.0
0.999731 0.00116641 0.0
0.9993 0.00189671 0.0
0.998653 0.00258002 0.0
0.997787 0.00320696 0.0
0.9967 0.00376797 0.0
0.995391 0.00425317 0.0
0.993854 0.00465227 0.0
0.992087 0.00495452 0.0
0.990086 0.0051485 0.0
0.987843 0.00522206 0.0
0.985355 0.00516215 0.0
0.982614 0.00495464 0.0
0.979612 0.00458413 0.0
0.976342 0.00403371 0.0
0.972795 0.00328471 0.0
0.96896 0.00231637 0.0
0.964828 0.00110554 0.0
0.960387 -0.000373895 0.0
0.955625 -0.00215145 0.0
0.950529 -0.00426048 0.0
0.945085 -0.00673926 0.0
0.939282 -0.00963171 0.0
0.933103 -0.0129883 0.0
0.926537 -0.0168676 0.0
0.91957 -0.0213374 0.0
0.912194 -0.0264769 0.0
0.904402 -0.0323787 0.0
0.896194 -0.039151 0.0
0.887578 -0.0469207 0.0
0.878576 -0.0558369 0.0
0.869227 -0.0660739 0.0
0.8596 -0.0778348 0.0
0.849797 -0.0913551 0.0
0.839978 -0.106904 0.0
0.830371 -0.124784 0.0
0.821305 -0.145326 0.0
0.813237 -0.168871 0.0
0.806788 -0.195747 0.0
0.802785 -0.226215 0.0
0.802286 -0.260384 0.0
0.80658 -0.298061 0.0
0.81709 -0.338459 0.0
0.835027 -0.379555 0.0
0.860567 -0.417021 0.0
0.891801 -0.443628 0.0
0.923627 -0.448829 0.0
0.94488 -0.418033 0.0
0.93458 -0.341475 0.0
0.88845 -0.267274 0.0
0.824351 -0.208763 0.0
0.755675 -0.164832 0.0
0.689053 -0.132359 0.0
0.627813 -0.109252 0.0
0.573688 -0.0929605 0.0
0.52712 -0.0814343 0.0
0.487837 -0.0731377 0.0
0.455165 -0.0668588 0.0
0.428176 -0.0616633 0.0
0.405839 -0.0568801 0.0
0.387157 -0.0520523 0.0
0.371247 -0.0468699 0.0
0.357376 -0.0411122 0.0
0.344951 -0.0346116 0.0
0.333496 -0.0272382 0.0
0.322633 -0.0189013 0.0
0.312074 -0.00956671 0.0
0.301653 0.000693448 0.0
0.291244 0.0118073 0.0
0.280654 0.0237481 0.0
0.26969 0.0364665 0.0
0.2582 0.0498603 0.0
0.246074 0.0637889 0.0
0.233237 0.0780834 0.0
0.219648 0.0925554 0.0
0.205299 0.107004 0.0
0.190214 0.121224 0.0
0.174448 0.135006 0.0
0.158089 0.148143 0.0
0.141256 0.160431 0.0
0.124106 0.171664 0.0
0.106829 0.181638 0.0
0.0896474 0.190147 0.0
0.0728113 0.196983 0.0
0.0565865 0.201935 0.0
0.0412443 0.204796 0.0
0.0270423 0.205378 0.0
0.0141978 0.203531 0.0
0.00285753 0.199165 0.0
-0.00692404 0.192252 0.0
-0.0151905 0.182852 0.0
-0.0220756 0.171111 0.0
-0.0277826 0.157261 0.0
-0.0325516 0.14159 0.0
-0.0366239 0.124413 0.0
-0.0402125 0.106043 0.0
-0.0434803 0.0867759 0.0
-0.0465319 0.0668727 0.0
-0.0494186 0.0465616 0.0
-0.0521502 0.026042 0.0
-0.0547088 0.00549272 0.0
-0.0570628 -0.0149242 0.0
-0.0591744 -0.0350746 0.0
-0.0610037 -0.0547943 0.0
-0.0625136 -0.0739117 0.0
-0.0636717 -0.092253 0.0
-0.0644499 -0.109643 0.0
-0.0648249 -0.125907 0.0
-0.0647779 -0.140873 0.0
-0.0642951 -0.154374 0.0
-0.0633678 -0.166251 0.0
-0.0619927 -0.176353 0.0
-0.0601722 -0.184543 0.0
-0.0579151 -0.1907 0.0
-0.0552363 -0.194721 0.0
-0.0521578 -0.196525 0.0
-0.0487084 -0.196054 0.0
-0.0449234 -0.193277 0.0
-0.0408446 -0.18819 0.0
-0.0365195 -0.180814 0.0
-0.0320006 -0.171203 0.0
-0.0273442 -0.159432 0.0
-0.022608 -0.145602 0.0
-0.0178487 -0.129835 0.0
-0.0131224 -0.112274 0.0
-0.00848204 -0.0930759 0.0
-0.00397561 -0.0724085 0.0
0.000355408 -0.0504499 0.0
0.00447599 -0.027387 0.0
0.00835635 -0.00341681 0.0
0.0119671 0.0212515 0.0
0.0152841 0.0464212 0.0
0.0182927 0.0719429 0.0
0.0209848 0.0976827 0.0
0.0233587 0.123514 0.0
0.0254195 0.149314 0.0
0.0271786 0.174961 0.0
0.0286534 0.200334 0.0
0.0298661 0.225308 0.0
0.0308424 0.249757 0.0
0.0316098 0.273546 0.0
0.0321957 0.296539 0.0
0.0326258 0.318595 0.0
0.0329217 0.339572 0.0
0.0330997 0.359329 0.0
0.0331687 0.377732 0.0
0.0331297 0.394656 0.0
0.0329743 0.409989 0.0
0.0326844 0.423637 0.0
0.0322322 0.435528 0.0
0.0315796 0.445613 0.0
0.030679 0.453868 0.0
0.0294728 0.460296 0.0
0.0278944 0.464925 0.0
0.0258684 0.467812 0.0
0.0233116 0.469037 0.0
0.0201345 0.468702 0.0
0.0162438 0.466928 0.0
0.0115468 0.463851 0.0
0.00595734 0.459616 0.0
-0.000594985 0.454368 0.0
-0.00815327 0.448243 0.0
-0.0167206 0.441357 0.0
-0.0262485 0.433795 0.0
-0.0366262 0.425599 0.0
-0.0476746 0.416765 0.0
-0.0591493 0.407231 0.0
-0.0707534 0.396894 0.0
-0.082159 0.385614 0.0
-0.0930338 0.37324 0.0
-0.103071 0.359625 0.0
-0.112014 0.344655 0.0
-0.119678 0.328264 0.0
-0.125961 0.310444 0.0
-0.13084 0.291253 0.0
-0.134362 0.270811 0.0
-0.136636 0.24929 0.0
-0.137807 0.226906 0.0
-0.138046 0.203903 0.0
-0.137529 0.18055 0.0
-0.13643 0.157132 0.0
-0.134909 0.133946 0.0
-0.133111 0.111303 0.0
-0.131159 0.0895242 0.0
-0.129159 0.0689454 0.0
-0.127195 0.049905 0.0
-0.125335 0.0327333 0.0
-0.123633 0.0177276 0.0
-0.122131 0.00511776 0.0
-0.120864 -0.00497784 0.0
-0.119854 -0.0125884 0.0
-0.119111 -0.0179492 0.0
-0.118627 -0.02151 0.0
-0.118368 -0.0239064 0.0
-0.118274 -0.0258745 0.0
-0.118272 -0.0281049 0.0
-0.118292 -0.0310543 0.0
-0.118297 -0.034746 0.0
-0.118296 -0.0386105 0.0
-0.11833 -0.0414203 0.0
0.999944 0.000507622 0.0
0.999722 0.00149454 0.0
0.999277 0.00244452 0.0
0.998608 0.00334892 0.0
0.997713 0.00419898 0.0
0.99659 0.00498572 0.0
0.995235 0.00569991 0.0
0.993645 0.00633191 0.0
0.991815 0.00687163 0.0
0.98974 0.00730838 0.0
0.987413 0.00763076 0.0
0.984829 0.0078265 0.0
0.981978 0.0078823 0.0
0.978853 0.00778364 0.0
0.975442 0.00751456 0.0
0.971736 0.00705733 0.0
0.967722 0.00639224 0.0
0.963387 0.00549712 0.0
0.958716 0.00434692 0.0
0.953692 0.00291321 0.0
0.9483 0.00116362 0.0
0.942519 -0.000939243 0.0
0.936329 -0.00343848 0.0
0.92971 -0.00638392 0.0
0.922639 -0.00983405 0.0
0.915092 -0.0138574 0.0
0.907045 -0.0185347 0.0
0.898478 -0.0239615 0.0
0.889369 -0.0302515 0.0
0.879705 -0.0375399 0.0
0.869479 -0.0459889 0.0
0.858697 -0.0557922 0.0
0.84739 -0.0671818 0.0
0.835619 -0.0804348 0.0
0.823494 -0.09588 0.0
0.811196 -0.113904 0.0
0.799009 -0.134953 0.0
0.78736 -0.159526 0.0
0.776872 -0.188156 0.0
0.768426 -0.221358 0.0
0.763213 -0.259529 0.0
0.762741 -0.302738 0.0
0.768674 -0.350224 0.0
0.782156 -0.399209 0.0
0.802278 -0.443028 0.0
0.825084 -0.471661 0.0
0.844027 -0.471565 0.0
0.846759 -0.419283 0.0
0.797784 -0.28095 0.0
0.701395 -0.185279 0.0
0.602405 -0.127667 0.0
0.516545 -0.091392 0.0
0.445099 -0.0677307 0.0
0.387639 -0.055181 0.0
0.343654 -0.0489206 0.0
0.310917 -0.0461687 0.0
0.287069 -0.0452733 0.0
0.26994 -0.0449211 0.0
0.257532 -0.0442047 0.0
0.248176 -0.042646 0.0
0.240627 -0.0400547 0.0
0.234042 -0.0363725 0.0
0.22788 -0.031577 0.0
0.221802 -0.0256437 0.0
0.215596 -0.0185449 0.0
0.209136 -0.0102722 0.0
0.202385 -0.000885336 0.0
0.195312 0.00950615 0.0
0.187804 0.0209116 0.0
0.179731 0.0333067 0.0
0.171002 0.0466012 0.0
0.161559 0.0606578 0.0
0.151372 0.0753047 0.0
0.140432 0.0903439 0.0
0.128757 0.105559 0.0
0.116387 0.12072 0.0
0.103387 0.135593 0.0
0.0898493 0.14994 0.0
0.0758933 0.163524 0.0
0.0616659 0.176109 0.0
0.0473419 0.18746 0.0
0.0331235 0.197339 0.0
0.0192357 0.205516 0.0
0.00591249 0.211774 0.0
-0.00662092 0.215902 0.0
-0.0181649 0.217715 0.0
-0.0285674 0.217063 0.0
-0.0377407 0.213863 0.0
-0.0456711 0.208104 0.0
-0.0524227 0.199847 0.0
-0.0581317 0.189232 0.0
-0.0629869 0.17647 0.0
-0.0672007 0.161822 0.0
-0.0709775 0.145574 0.0
-0.0744892 0.128012 0.0
-0.0778603 0.109403 0.0
-0.0811642 0.0899873 0.0
-0.0844282 0.0699768 0.0
-0.0876453 0.0495612 0.0
-0.090786 0.0289147 0.0
-0.0938093 0.00820187 0.0
-0.0966723 -0.0124164 0.0
-0.099333 -0.03281 0.0
-0.101749 -0.0528131 0.0
-0.103882 -0.0722499 0.0
-0.105697 -0.0909417 0.0
-0.107164 -0.108709 0.0
-0.108256 -0.125373 0.0
-0.108952 -0.140758 0.0
-0.109234 -0.154691 0.0
-0.109088 -0.167007 0.0
-0.108506 -0.177553 0.0
-0.107485 -0.186184 0.0
-0.106026 -0.192774 0.0
-0.104136 -0.197214 0.0
-0.101831 -0.199415 0.0
-0.0991316 -0.199313 0.0
-0.0960646 -0.19687 0.0
-0.0926649 -0.192075 0.0
-0.0889731 -0.184946 0.0
-0.0850357 -0.175528 0.0
-0.0809038 -0.163895 0.0
-0.0766313 -0.150148 0.0
-0.0722732 -0.134407 0.0
-0.0678843 -0.116818 0.0
-0.0635171 -0.0975399 0.0
-0.0592204 -0.0767476 0.0
-0.0550374 -0.0546249 0.0
-0.0510053 -0.0313646 0.0
-0.0471572 -0.00716765 0.0
-0.0435266 0.0177609 0.0
-0.0401438 0.043212 0.0
-0.0370295 0.0690291 0.0
-0.0341965 0.0950714 0.0
-0.0316501 0.121205 0.0
-0.0293888 0.147301 0.0
-0.0274041 0.17323 0.0
-0.0256819 0.198867 0.0
-0.0242032 0.224084 0.0
-0.0229457 0.248748 0.0
-0.0218855 0.272727 0.0
-0.0209988 0.295885 0.0
-0.0202643 0.318084 0.0
-0.0196645 0.339187 0.0
-0.0191885 0.35906 0.0
-0.0188325 0.377576 0.0
-0.0186021 0.39462 0.0
-0.0185124 0.41009 0.0
-0.0185892 0.423902 0.0
-0.018869 0.435995 0.0
-0.0193991 0.446329 0.0
-0.0202371 0.454891 0.0
-0.0214505 0.461692 0.0
-0.0231156 0.466772 0.0
-0.0253159 0.470192 0.0
-0.0281396 0.472038 0.0
-0.0316756 0.472414 0.0
-0.0360086 0.471439 0.0
-0.0412117 0.46924 0.0
-0.0473368 0.465942 0.0
-0.0544044 0.461662 0.0
-0.062392 0.456494 0.0
-0.0712243 0.450505 0.0
-0.0807663 0.443717 0.0
-0.0908212 0.43611 0.0
-0.101138 0.427619 0.0
-0.111423 0.418138 0.0
-0.121368 0.407536 0.0
-0.130667 0.395676 0.0
-0.139047 0.382433 0.0
-0.146292 0.367713 0.0
-0.152254 0.351471 0.0
-0.156859 0.333719 0.0
-0.160113 0.314526 0.0
-0.162085 0.29402 0.0
-0.162894 0.272376 0.0
-0.162698 0.249803 0.0
-0.161672 0.226539 0.0
-0.16 0.202836 0.0
-0.157859 0.178959 0.0
-0.155415 0.15518 0.0
-0.152814 0.131777 0.0
-0.150179 0.109039 0.0
-0.147611 0.0872679 0.0
-0.145183 0.0667731 0.0
-0.142942 0.0478723 0.0
-0.140913 0.030877 0.0
-0.139101 0.0160696 0.0
-0.137496 0.00366986 0.0
-0.136084 -0.00620937 0.0
-0.13485 -0.0136017 0.0
-0.13378 -0.018748 0.0
-0.132869 -0.022106 0.0
-0.132115 -0.0243236 0.0
-0.131515 -0.0261506 0.0
-0.131061 -0.0282854 0.0
-0.130737 -0.0311778 0.0
-0.130527 -0.0348279 0.0
-0.130417 -0.0386392 0.0
-0.130389 -0.0413848 0.0
0.999943 0.000620288 0.0
0.999714 0.00183281 0.0
0.999256 0.00300933 0.0
0.998568 0.00414187 0.0
0.997646 0.00522232 0.0
0.99649 0.00624243 0.0
0.995094 0.00719366 0.0
0.993455 0.00806715 0.0
0.991568 0.00885359 0.0
0.989426 0.00954314 0.0
0.987023 0.0101253 0.0
0.984351 0.0105887 0.0
0.981401 0.0109212 0.0
0.978162 0.0111092 0.0
0.974623 0.0111382 0.0
0.970771 0.0109915 0.0
0.966592 0.010651 0.0
0.96207 0.0100959 0.0
0.957186 0.00930296 0.0
0.951921 0.00824538 0.0
0.946253 0.00689257 0.0
0.940157 0.00520904 0.0
0.933606 0.0031537 0.0
0.92657 0.000678584 0.0
0.919018 -0.00227305 0.0
0.910915 -0.00576795 0.0
0.902222 -0.00988554 0.0
0.892901 -0.0147214 0.0
0.882908 -0.0203904 0.0
0.872203 -0.0270315 0.0
0.860746 -0.0348138 0.0
0.848504 -0.043944 0.0
0.835456 -0.0546752 0.0
0.821604 -0.0673183 0.0
0.806987 -0.0822545 0.0
0.791705 -0.0999498 0.0
0.775953 -0.120968 0.0
0.760072 -0.14598 0.0
0.744614 -0.175757 0.0
0.730437 -0.211134 0.0
0.71879 -0.252893 0.0
0.711333 -0.301446 0.0
0.709821 -0.355937 0.0
0.714696 -0.411853 0.0
0.721716 -0.457526 0.0
0.720983 -0.479236 0.0
0.700772 -0.462722 0.0
0.649029 -0.379115 0.0
0.530466 -0.153581 0.0
0.384709 -0.0705026 0.0
0.283497 -0.0422416 0.0
0.220076 -0.0275364 0.0
0.177382 -0.0174462 0.0
0.149938 -0.0205617 0.0
0.135643 -0.0252593 0.0
0.128785 -0.0302351 0.0
0.126457 -0.0350315 0.0
0.126839 -0.0384155 0.0
0.12828 -0.0397435 0.0
0.129574 -0.0390454 0.0
0.130077 -0.0366096 0.0
0.129554 -0.0327091 0.0
0.127989 -0.0275137 0.0
0.125461 -0.0211005 0.0
0.122077 -0.0134983 0.0
0.117956 -0.00473789 0.0
0.113198 0.00508918 0.0
0.107805 0.0159979 0.0
0.101717 0.0280156 0.0
0.0949105 0.0410826 0.0
0.0873825 0.0550822 0.0
0.0791455 0.0698564 0.0
0.0702249 0.0852142 0.0
0.0606591 0.10094 0.0
0.0505013 0.116796 0.0
0.0398222 0.132533 0.0
0.0287128 0.14789 0.0
0.0172861 0.162607 0.0
0.00567659 0.176423 0.0
-0.00596067 0.189076 0.0
-0.017453 0.200309 0.0
-0.0286179 0.209872 0.0
-0.0392745 0.217527 0.0
-0.0492527 0.223064 0.0
-0.0584065 0.226299 0.0
-0.0666329 0.227089 0.0
-0.0738863 0.225345 0.0
-0.0801849 0.221053 0.0
-0.0856085 0.214268 0.0
-0.09029 0.205116 0.0
-0.0943988 0.193781 0.0
-0.0981175 0.180495 0.0
-0.101616 0.16551 0.0
-0.105033 0.14908 0.0
-0.108463 0.131447 0.0
-0.111954 0.11283 0.0
-0.115517 0.0934269 0.0
-0.119132 0.0734167 0.0
-0.122762 0.0529687 0.0
-0.126361 0.0322461 0.0
-0.129877 0.0114102 0.0
-0.133264 -0.00937436 0.0
-0.136481 -0.0299746 0.0
-0.139488 -0.0502255 0.0
-0.142245 -0.0699471 0.0
-0.144718 -0.0889564 0.0
-0.146876 -0.10707 0.0
-0.148692 -0.124105 0.0
-0.15014 -0.139881 0.0
-0.151202 -0.154223 0.0
-0.151859 -0.166963 0.0
-0.152099 -0.17794 0.0
-0.151911 -0.187007 0.0
-0.151291 -0.194031 0.0
-0.150239 -0.198898 0.0
-0.148761 -0.201514 0.0
-0.146869 -0.201806 0.0
-0.144583 -0.199731 0.0
-0.141927 -0.19527 0.0
-0.138935 -0.188435 0.0
-0.135646 -0.179266 0.0
-0.132104 -0.167832 0.0
-0.128358 -0.15423 0.0
-0.12446 -0.138581 0.0
-0.120462 -0.12103 0.0
-0.116418 -0.101739 0.0
-0.112376 -0.0808863 0.0
-0.108385 -0.0586609 0.0
-0.104484 -0.0352611 0.0
-0.100713 -0.0108906 0.0
-0.0971079 0.014248 0.0
-0.0937027 0.0399368 0.0
-0.0905223 0.0660097 0.0
-0.0875831 0.0923186 0.0
-0.0848941 0.118723 0.0
-0.0824575 0.145085 0.0
-0.0802688 0.171272 0.0
-0.0783179 0.197152 0.0
-0.0765903 0.222592 0.0
-0.0750684 0.24746 0.0
-0.0737331 0.27162 0.0
-0.0725661 0.294939 0.0
-0.0715517 0.317282 0.0
-0.0706789 0.338517 0.0
-0.069943 0.358518 0.0
-0.0693476 0.377167 0.0
-0.0689054 0.394357 0.0
-0.0686396 0.409998 0.0
-0.0685841 0.424016 0.0
-0.0687838 0.436361 0.0
-0.0692939 0.447003 0.0
-0.0701796 0.45594 0.0
-0.071514 0.463191 0.0
-0.0733764 0.468801 0.0
-0.0758486 0.472836 0.0
-0.0790107 0.47538 0.0
-0.0829346 0.476532 0.0
-0.087677 0.476397 0.0
-0.0932696 0.475078 0.0
-0.0997101 0.472669 0.0
-0.106952 0.469244 0.0
-0.114899 0.464847 0.0
-0.123399 0.459484 0.0
-0.132246 0.453126 0.0
-0.141191 0.445701 0.0
-0.149954 0.437108 0.0
-0.158249 0.427229 0.0
-0.1658 0.415941 0.0
-0.172372 0.403141 0.0
-0.17778 0.388757 0.0
-0.181909 0.372763 0.0
-0.184715 0.355188 0.0
-0.186221 0.336114 0.0
-0.18651 0.315674 0.0
-0.185713 0.294046 0.0
-0.183991 0.271437 0.0
-0.181523 0.248078 0.0
-0.178497 0.224212 0.0
-0.175093 0.200087 0.0
-0.171481 0.175956 0.0
-0.167814 0.152071 0.0
-0.164222 0.128692 0.0
-0.160811 0.10608 0.0
-0.157659 0.0845079 0.0
-0.154814 0.0642591 0.0
-0.152291 0.0456227 0.0
-0.150079 0.028885 0.0
-0.148138 0.0143091 0.0
-0.146416 0.00210308 0.0
-0.14485 -0.00762006 0.0
-0.143388 -0.0148875 0.0
-0.141996 -0.0199244 0.0
-0.140668 -0.0231684 0.0
-0.139432 -0.0252508 0.0
-0.138341 -0.026915 0.0
-0.137449 -0.0288669 0.0
-0.136795 -0.0315741 0.0
-0.13638 -0.0350575 0.0
-0.136162 -0.0387381 0.0
-0.136071 -0.0414037 0.0
0.999941 0.000735974 0.0
0.999707 0.00218017 0.0
0.999238 0.00358937 0.0
0.998532 0.00495634 0.0
0.997587 0.00627373 0.0
0.996401 0.00753405 0.0
0.994969 0.00872958 0.0
0.993287 0.00985229 0.0
0.991349 0.0108938 0.0
0.989148 0.0118452 0.0
0.986677 0.012697 0.0
0.983927 0.0134391 0.0
0.980888 0.0140604 0.0
0.977548 0.0145487 0.0
0.973895 0.0148909 0.0
0.969913 0.0150722 0.0
0.965587 0.0150759 0.0
0.960896 0.0148835 0.0
0.955822 0.0144737 0.0
0.950339 0.0138222 0.0
0.944422 0.0129012 0.0
0.93804 0.0116783 0.0
0.93116 0.0101154 0.0
0.923745 0.00816803 0.0
0.915751 0.00578324 0.0
0.907132 0.00289832 0.0
0.897835 -0.000562269 0.0
0.887802 -0.00469019 0.0
0.876969 -0.00959591 0.0
0.865264 -0.0154159 0.0
0.852611 -0.0223191 0.0
0.838929 -0.0305149 0.0
0.824139 -0.0402659 0.0
0.808166 -0.0519024 0.0
0.790954 -0.0658416 0.0
0.772485 -0.082612 0.0
0.752812 -0.102881 0.0
0.732111 -0.127484 0.0
0.710765 -0.157449 0.0
0.689482 -0.193982 0.0
0.669443 -0.238358 0.0
0.652369 -0.291449 0.0
0.640037 -0.35209 0.0
0.631564 -0.412102 0.0
0.615797 -0.448531 0.0
0.569376 -0.441078 0.0
0.457932 -0.369225 0.0
0.190415 -0.171883 0.0
0 -0.0351837 0.0
0 -0.00397959 0.0
0 -0.00178642 0.0
0 -0.00139184 0.0
0.000782888 0.00024728 0.0
0.005884 -0.0153763 0.0
0.0139407 -0.0242066 0.0
0.0214966 -0.0319856 0.0
0.0297303 -0.0391862 0.0
0.0383239 -0.0432367 0.0
0.0457385 -0.0437774 0.0
0.0510614 -0.0416286 0.0
0.0541597 -0.0376279 0.0
0.0552899 -0.0322978 0.0
0.0548074 -0.0258778 0.0
0.0530391 -0.0184396 0.0
0.0502498 -0.00998634 0.0
0.0466421 -0.000520755 0.0
0.0423124 0.00995942 0.0
0.0372751 0.0215578 0.0
0.0315511 0.0342676 0.0
0.0251758 0.0480126 0.0
0.0181916 0.0626645 0.0
0.0106464 0.0780562 0.0
0.0025946 0.0939869 0.0
-0.00590077 0.110228 0.0
-0.0147654 0.12653 0.0
-0.0239127 0.142625 0.0
-0.0332438 0.158238 0.0
-0.0426465 0.173089 0.0
-0.0519954 0.186899 0.0
-0.0611547 0.199396 0.0
-0.0699852 0.210313 0.0
-0.0783524 0.219401 0.0
-0.0861371 0.226439 0.0
-0.0932445 0.231237 0.0
-0.099616 0.233651 0.0
-0.10524 0.233587 0.0
-0.110155 0.231016 0.0
-0.114451 0.225977 0.0
-0.118255 0.218572 0.0
-0.121718 0.208957 0.0
-0.124997 0.197328 0.0
-0.128231 0.183902 0.0
-0.131533 0.168903 0.0
-0.134974 0.152545 0.0
-0.138586 0.135025 0.0
-0.142367 0.116526 0.0
-0.14629 0.097218 0.0
-0.150313 0.0772639 0.0
-0.154385 0.0568233 0.0
-0.158451 0.0360565 0.0
-0.162462 0.0151268 0.0
-0.166368 -0.00579729 0.0
-0.170131 -0.0265721 0.0
-0.173715 -0.0470376 0.0
-0.177083 -0.06701 0.0
-0.180201 -0.0863025 0.0
-0.183038 -0.104728 0.0
-0.185569 -0.122101 0.0
-0.187767 -0.138238 0.0
-0.18961 -0.152961 0.0
-0.191079 -0.166099 0.0
-0.192156 -0.177488 0.0
-0.192825 -0.186977 0.0
-0.193077 -0.19443 0.0
-0.192903 -0.199726 0.0
-0.192302 -0.202766 0.0
-0.191275 -0.203472 0.0
-0.189834 -0.201793 0.0
-0.187993 -0.197704 0.0
-0.185775 -0.19121 0.0
-0.183212 -0.182343 0.0
-0.180339 -0.171169 0.0
-0.177198 -0.157779 0.0
-0.173837 -0.142291 0.0
-0.170306 -0.124849 0.0
-0.166655 -0.105615 0.0
-0.162936 -0.08477 0.0
-0.159199 -0.0625062 0.0
-0.155489 -0.0390257 0.0
-0.151851 -0.0145349 0.0
-0.148326 0.0107615 0.0
-0.144949 0.0366414 0.0
-0.141751 0.062927 0.0
-0.138752 0.0894628 0.0
-0.135964 0.116101 0.0
-0.133393 0.142699 0.0
-0.131039 0.169116 0.0
-0.128898 0.195216 0.0
-0.126959 0.220862 0.0
-0.125212 0.24592 0.0
-0.123642 0.270255 0.0
-0.122239 0.293734 0.0
-0.120994 0.316227 0.0
-0.119904 0.337608 0.0
-0.11897 0.357757 0.0
-0.118204 0.376566 0.0
-0.117627 0.393938 0.0
-0.11727 0.409793 0.0
-0.117172 0.424068 0.0
-0.117386 0.436722 0.0
-0.11797 0.447736 0.0
-0.118991 0.457114 0.0
-0.12052 0.464881 0.0
-0.122629 0.471082 0.0
-0.125384 0.475781 0.0
-0.128841 0.479054 0.0
-0.133039 0.48098 0.0
-0.13799 0.481641 0.0
-0.143668 0.481105 0.0
-0.15001 0.479424 0.0
-0.156901 0.476623 0.0
-0.164179 0.472694 0.0
-0.171641 0.467598 0.0
-0.179043 0.461262 0.0
-0.186128 0.453593 0.0
-0.192632 0.444484 0.0
-0.198315 0.43383 0.0
-0.202972 0.421548 0.0
-0.206453 0.407586 0.0
-0.20867 0.391937 0.0
-0.209599 0.374642 0.0
-0.209281 0.355796 0.0
-0.207808 0.335538 0.0
-0.205315 0.314046 0.0
-0.201965 0.291527 0.0
-0.197938 0.268207 0.0
-0.193419 0.244323 0.0
-0.188591 0.220112 0.0
-0.183624 0.195815 0.0
-0.178675 0.171667 0.0
-0.173882 0.1479 0.0
-0.169361 0.124749 0.0
-0.165199 0.10245 0.0
-0.161458 0.0812447 0.0
-0.158165 0.0613842 0.0
-0.155315 0.0431254 0.0
-0.152869 0.0267239 0.0
-0.150758 0.0124184 0.0
-0.148889 0.000402382 0.0
-0.147166 -0.00920871 0.0
-0.145498 -0.0164282 0.0
-0.143826 -0.0214485 0.0
-0.142136 -0.0246616 0.0
-0.140475 -0.026654 0.0
-0.138938 -0.0281411 0.0
-0.137637 -0.0298327 0.0
-0.136664 -0.0322356 0.0
-0.136041 -0.0354341 0.0
-0.135711 -0.0389098 0.0
-0.135554 -0.0414799 0.0
0.99994 0.000854292 0.0
0.999701 0.00253543 0.0
0.999222 0.00418267 0.0
0.998501 0.00578957 0.0
0.997537 0.0073496 0.0
0.996325 0.0088561 0.0
0.994862 0.0103022 0.0
0.993143 0.011681 0.0
0.991161 0.0129848 0.0
0.98891 0.014206 0.0
0.986381 0.0153363 0.0
0.983564 0.0163667 0.0
0.980448 0.0172875 0.0
0.977022 0.0180882 0.0
0.973269 0.0187573 0.0
0.969175 0.0192818 0.0
0.96472 0.0196474 0.0
0.959885 0.0198378 0.0
0.954644 0.0198345 0.0
0.948972 0.0196163 0.0
0.942837 0.0191589 0.0
0.936206 0.0184338 0.0
0.929038 0.0174077 0.0
0.921288 0.0160411 0.0
0.912905 0.014287 0.0
0.903829 0.0120893 0.0
0.893994 0.00937956 0.0
0.88332 0.00607452 0.0
0.87172 0.00207269 0.0
0.859093 -0.00275323 0.0
0.845327 -0.00856187 0.0
0.830288 -0.0155522 0.0
0.81383 -0.0239804 0.0
0.795792 -0.0341758 0.0
0.776 -0.0465643 0.0
0.754284 -0.0617042 0.0
0.730496 -0.0803285 0.0
0.70456 -0.1034 0.0
0.676546 -0.132173 0.0
0.646818 -0.168247 0.0
0.616255 -0.213491 0.0
0.586469 -0.269456 0.0
0.559393 -0.334674 0.0
0.533098 -0.39475 0.0
0.486196 -0.403214 0.0
0.378726 -0.332504 0.0
0.152247 -0.146061 0.0
0 0 0.0
0 0 0.0
0 0 0.0
0 0 0.0
0 0 0.0
0 0 0.0
-0.00879179 -0.00984728 0.0
-0.0198541 -0.0256746 0.0
-0.0209937 -0.036934 0.0
-0.0160994 -0.0473658 0.0
-0.0084948 -0.0512553 0.0
-0.0019572 -0.0497111 0.0
0.00212419 -0.0450993 0.0
0.00380415 -0.0389355 0.0
0.00357043 -0.0318867 0.0
0.00190489 -0.0241409 0.0
-0.000825063 -0.0156783 0.0
-0.00436654 -0.00641677 0.0
-0.00856174 0.00371252 0.0
-0.0133497 0.0148438 0.0
-0.0187015 0.0270626 0.0
-0.0245637 0.040349 0.0
-0.0308802 0.0546229 0.0
-0.0375943 0.0697527 0.0
-0.0446478 0.0855667 0.0
-0.0519776 0.101858 0.0
-0.0595145 0.118389 0.0
-0.0671823 0.134901 0.0
-0.0748973 0.151116 0.0
-0.0825686 0.166749 0.0
-0.0900993 0.181511 0.0
-0.0973891 0.195116 0.0
-0.104338 0.207288 0.0
-0.110856 0.217768 0.0
-0.116865 0.226322 0.0
-0.122313 0.232751 0.0
-0.12718 0.236899 0.0
-0.131481 0.238662 0.0
-0.135273 0.237991 0.0
-0.138647 0.234902 0.0
-0.141725 0.229466 0.0
-0.144643 0.221805 0.0
-0.147536 0.212079 0.0
-0.150523 0.20047 0.0
-0.153693 0.187165 0.0
-0.157103 0.172352 0.0
-0.160774 0.156207 0.0
-0.164697 0.138897 0.0
-0.168842 0.120579 0.0
-0.173164 0.101409 0.0
-0.177608 0.0815402 0.0
-0.18212 0.0611305 0.0
-0.186646 0.0403418 0.0
-0.191135 0.0193411 0.0
-0.19554 -0.00169982 0.0
-0.199826 -0.022621 0.0
-0.203961 -0.04327 0.0
-0.20791 -0.0634599 0.0
-0.211645 -0.0830007 0.0
-0.215135 -0.101702 0.0
-0.218355 -0.119376 0.0
-0.221282 -0.135838 0.0
-0.223892 -0.150908 0.0
-0.226165 -0.164411 0.0
-0.228079 -0.176184 0.0
-0.229617 -0.186073 0.0
-0.23076 -0.193938 0.0
-0.231496 -0.199656 0.0
-0.231812 -0.203121 0.0
-0.231703 -0.204252 0.0
-0.231168 -0.20299 0.0
-0.230213 -0.199303 0.0
-0.228851 -0.19319 0.0
-0.2271 -0.184677 0.0
-0.224988 -0.173821 0.0
-0.222549 -0.160707 0.0
-0.219823 -0.14545 0.0
-0.216855 -0.12819 0.0
-0.213693 -0.109087 0.0
-0.21039 -0.0883212 0.0
-0.206995 -0.0660874 0.0
-0.203559 -0.0425895 0.0
-0.200132 -0.0180363 0.0
-0.196757 0.00736219 0.0
-0.193476 0.0333836 0.0
-0.190325 0.0598357 0.0
-0.187326 0.0865561 0.0
-0.184497 0.113391 0.0
-0.181849 0.14019 0.0
-0.179386 0.166809 0.0
-0.17711 0.193106 0.0
-0.175017 0.218941 0.0
-0.173102 0.244179 0.0
-0.171359 0.268684 0.0
-0.169784 0.292327 0.0
-0.168375 0.314981 0.0
-0.167137 0.336525 0.0
-0.16608 0.356849 0.0
-0.165222 0.375851 0.0
-0.164591 0.393445 0.0
-0.164221 0.409559 0.0
-0.164158 0.424141 0.0
-0.164452 0.437157 0.0
-0.165162 0.448595 0.0
-0.166346 0.458461 0.0
-0.168063 0.46678 0.0
-0.170363 0.473592 0.0
-0.173286 0.478949 0.0
-0.176851 0.482908 0.0
-0.181049 0.485523 0.0
-0.185839 0.486839 0.0
-0.191139 0.486887 0.0
-0.196828 0.485673 0.0
-0.20274 0.483177 0.0
-0.208677 0.479354 0.0
-0.214411 0.474133 0.0
-0.219706 0.467425 0.0
-0.224329 0.459138 0.0
-0.228069 0.449184 0.0
-0.230755 0.437499 0.0
-0.232265 0.424047 0.0
-0.232535 0.408838 0.0
-0.23156 0.391927 0.0
-0.229392 0.373414 0.0
-0.226131 0.353445 0.0
-0.221911 0.332197 0.0
-0.216896 0.309878 0.0
-0.211262 0.28671 0.0
-0.205189 0.262924 0.0
-0.198857 0.238754 0.0
-0.192433 0.214429 0.0
-0.186076 0.190174 0.0
-0.179922 0.166206 0.0
-0.174094 0.14274 0.0
-0.16869 0.119984 0.0
-0.163785 0.0981479 0.0
-0.159424 0.077445 0.0
-0.155626 0.0580925 0.0
-0.15237 0.0403123 0.0
-0.149605 0.0243261 0.0
-0.147244 0.0103432 0.0
-0.145173 -0.00146175 0.0
-0.143269 -0.0109731 0.0
-0.141411 -0.0181891 0.0
-0.139512 -0.0232594 0.0
-0.137539 -0.0265129 0.0
-0.135536 -0.0284661 0.0
-0.133621 -0.0297823 0.0
-0.131951 -0.031162 0.0
-0.130668 -0.0331622 0.0
-0.129832 -0.0359659 0.0
-0.12938 -0.0391605 0.0
-0.129151 -0.0416151 0.0
0.999939 0.000974817 0.0
0.999696 0.00289733 0.0
0.999209 0.0047871 0.0
0.998476 0.00663854 0.0
0.997495 0.00844599 0.0
0.996263 0.0102037 0.0
0.994775 0.0119058 0.0
0.993025 0.0135462 0.0
0.991008 0.0151186 0.0
0.988715 0.0166164 0.0
0.986137 0.0180324 0.0
0.983266 0.0193593 0.0
0.980087 0.0205888 0.0
0.976589 0.0217122 0.0
0.972755 0.0227197 0.0
0.968568 0.0236007 0.0
0.964007 0.0243433 0.0
0.959051 0.0249338 0.0
0.953673 0.0253572 0.0
0.947843 0.0255958 0.0
0.941528 0.0256294 0.0
0.934688 0.0254347 0.0
0.927279 0.0249839 0.0
0.919249 0.0242444 0.0
0.910539 0.023177 0.0
0.901079 0.0217348 0.0
0.890789 0.0198603 0.0
0.879573 0.0174832 0.0
0.867321 0.0145161 0.0
0.853902 0.0108492 0.0
0.83916 0.00634443 0.0
0.822914 0.000825312 0.0
0.804953 -0.00593906 0.0
0.785023 -0.0142485 0.0
0.762823 -0.0244998 0.0
0.738002 -0.037232 0.0
0.710167 -0.0531779 0.0
0.678892 -0.0733388 0.0
0.64377 -0.0990987 0.0
0.604536 -0.13236 0.0
0.561311 -0.17559 0.0
0.515041 -0.231302 0.0
0.467696 -0.298407 0.0
0.417749 -0.354775 0.0
0.327973 -0.30651 0.0
0.132254 -0.129136 0.0
0 0 0.0
0 0 0.0
0 0 0.0
0 0 0.0
0 0 0.0
0 0 0.0
0 0 0.0
0 0 0.0
-0.0105169 -0.011702 0.0
-0.0263595 -0.0327392 0.0
-0.0308648 -0.0519495 0.0
-0.0286796 -0.0564613 0.0
-0.0269423 -0.0527799 0.0
-0.0271868 -0.0458673 0.0
-0.0291297 -0.0379045 0.0
-0.0322512 -0.0295625 0.0
-0.0361578 -0.0208929 0.0
-0.0406049 -0.0117493 0.0
-0.0454537 -0.0019555 0.0
-0.0506516 0.00864429 0.0
-0.0561845 0.0202329 0.0
-0.0620233 0.0328641 0.0
-0.0681265 0.0465129 0.0
-0.0744472 0.0610962 0.0
-0.0809345 0.0764809 0.0
-0.0875338 0.0924911 0.0
-0.0941853 0.108915 0.0
-0.100825 0.125509 0.0
-0.107384 0.142009 0.0
-0.113793 0.158132 0.0
-0.119978 0.17359 0.0
-0.125868 0.188092 0.0
-0.131399 0.201355 0.0
-0.136513 0.213112 0.0
-0.14117 0.223118 0.0
-0.145351 0.231162 0.0
-0.149065 0.237073 0.0
-0.152348 0.240727 0.0
-0.155269 0.242056 0.0
-0.157922 0.241043 0.0
-0.160424 0.237727 0.0
-0.162898 0.232193 0.0
-0.165462 0.224561 0.0
-0.16822 0.214975 0.0
-0.171248 0.203589 0.0
-0.174593 0.190561 0.0
-0.17827 0.176044 0.0
-0.182269 0.160186 0.0
-0.186557 0.14313 0.0
-0.191089 0.125023 0.0
-0.195812 0.106009 0.0
-0.200669 0.0862414 0.0
-0.205605 0.0658776 0.0
-0.210567 0.0450829 0.0
-0.215507 0.0240289 0.0
-0.220381 0.00289121 0.0
-0.225154 -0.0181528 0.0
-0.229801 -0.0389569 0.0
-0.234291 -0.0593326 0.0
-0.238598 -0.0790867 0.0
-0.242698 -0.0980268 0.0
-0.246567 -0.115963 0.0
-0.250184 -0.132708 0.0
-0.253528 -0.148083 0.0
-0.256577 -0.161913 0.0
-0.259311 -0.174033 0.0
-0.261708 -0.18429 0.0
-0.263746 -0.19254 0.0
-0.265406 -0.198659 0.0
-0.266667 -0.202539 0.0
-0.267517 -0.204093 0.0
-0.267943 -0.203257 0.0
-0.267941 -0.199993 0.0
-0.267512 -0.194292 0.0
-0.266664 -0.186174 0.0
-0.265413 -0.175687 0.0
-0.263783 -0.16291 0.0
-0.261805 -0.147952 0.0
-0.259517 -0.130945 0.0
-0.256963 -0.112047 0.0
-0.254192 -0.0914363 0.0
-0.251253 -0.0693056 0.0
-0.248201 -0.0458594 0.0
-0.245086 -0.0213088 0.0
-0.241958 0.00413162 0.0
-0.238863 0.0302395 0.0
-0.235843 0.0568077 0.0
-0.232924 0.0836672 0.0
-0.230131 0.110657 0.0
-0.22748 0.137623 0.0
-0.224982 0.164415 0.0
-0.222643 0.190885 0.0
-0.220468 0.216893 0.0
-0.218458 0.242301 0.0
-0.216614 0.266975 0.0
-0.214941 0.290787 0.0
-0.213443 0.313614 0.0
-0.212132 0.335342 0.0
-0.211024 0.355867 0.0
-0.210142 0.375094 0.0
-0.209517 0.392945 0.0
-0.209186 0.409357 0.0
-0.20919 0.424283 0.0
-0.209575 0.437695 0.0
-0.210388 0.44958 0.0
-0.211671 0.459943 0.0
-0.213459 0.468802 0.0
-0.215772 0.476184 0.0
-0.218613 0.482121 0.0
-0.221955 0.486643 0.0
-0.225742 0.489773 0.0
-0.229885 0.49152 0.0
-0.234254 0.491876 0.0
-0.238691 0.490808 0.0
-0.243004 0.488268 0.0
-0.246988 0.484184 0.0
-0.25043 0.478479 0.0
-0.253126 0.47107 0.0
-0.254897 0.461887 0.0
-0.255601 0.450879 0.0
-0.255141 0.43803 0.0
-0.253476 0.423361 0.0
-0.250616 0.406935 0.0
-0.246622 0.388862 0.0
-0.241597 0.369287 0.0
-0.235676 0.34839 0.0
-0.229019 0.326375 0.0
-0.221796 0.303462 0.0
-0.214182 0.279878 0.0
-0.206349 0.255851 0.0
-0.19846 0.231606 0.0
-0.190664 0.207359 0.0
-0.183098 0.18332 0.0
-0.175881 0.15969 0.0
-0.169113 0.136661 0.0
-0.162878 0.114423 0.0
-0.157235 0.0931602 0.0
-0.152221 0.0730585 0.0
-0.147845 0.0543042 0.0
-0.144085 0.0370857 0.0
-0.140887 0.0215895 0.0
-0.138161 0.00799294 0.0
-0.13579 -0.00355303 0.0
-0.133639 -0.0129383 0.0
-0.131569 -0.0201508 0.0
-0.129468 -0.0252981 0.0
-0.127277 -0.0286385 0.0
-0.125018 -0.030602 0.0
-0.122805 -0.031775 0.0
-0.120818 -0.0328263 0.0
-0.119242 -0.0343559 0.0
-0.118183 -0.0366673 0.0
-0.117595 -0.0394995 0.0
-0.11729 -0.0418105 0.0
0.999938 0.0010971 0.0
0.999692 0.00326451 0.0
0.999199 0.00540039 0.0
0.998457 0.00750004 0.0
0.997463 0.00955873 0.0
0.996215 0.0115717 0.0
0.994707 0.013534 0.0
0.992934 0.0154406 0.0
0.990889 0.0172865 0.0
0.988565 0.0190662 0.0
0.985951 0.020774 0.0
0.983036 0.0224039 0.0
0.97981 0.0239494 0.0
0.976256 0.0254037 0.0
0.972359 0.026759 0.0
0.968101 0.0280071 0.0
0.963459 0.0291388 0.0
0.95841 0.0301436 0.0
0.952925 0.0310099 0.0
0.946974 0.0317243 0.0
0.940518 0.0322716 0.0
0.933517 0.0326338 0.0
0.925921 0.03279 0.0
0.917673 0.0327157 0.0
0.908708 0.0323811 0.0
0.898948 0.0317508 0.0
0.888301 0.0307813 0.0
0.87666 0.029419 0.0
0.863895 0.0275971 0.0
0.849852 0.0252315 0.0
0.834341 0.0222146 0.0
0.817135 0.0184067 0.0
0.797951 0.0136242 0.0
0.776444 0.00762545 0.0
0.752189 8.14145e-05 0.0
0.724662 -0.00946542 0.0
0.693203 -0.0216496 0.0
0.656979 -0.0373682 0.0
0.61496 -0.057929 0.0
0.565926 -0.0852605 0.0
0.508538 -0.122077 0.0
0.441652 -0.17166 0.0
0.365316 -0.234367 0.0
0.280025 -0.283577 0.0
0.117568 -0.121522 0.0
0 0 0.0
0 0 0.0
0 0 0.0
0 0 0.0
0 0 0.0
0 0 0.0
0 0 0.0
0 0 0.0
0 0 0.0
0 0 0.0
-0.0124835 -0.0137067 0.0
-0.0273019 -0.0504351 0.0
-0.0319764 -0.0554863 0.0
-0.0372729 -0.0501957 0.0
-0.0434693 -0.0420107 0.0
-0.0500023 -0.0332851 0.0
-0.0565471 -0.0245157 0.0
-0.0629833 -0.0155968 0.0
-0.0692987 -0.00628293 0.0
-0.075527 0.00365523 0.0
-0.0817309 0.0144353 0.0
-0.0879581 0.0262021 0.0
-0.0942135 0.0389892 0.0
-0.100484 0.0527616 0.0
-0.106744 0.0674285 0.0
-0.112959 0.0828504 0.0
-0.119084 0.0988461 0.0
-0.125071 0.115199 0.0
-0.130869 0.131662 0.0
-0.136423 0.147969 0.0
-0.141683 0.163839 0.0
-0.146599 0.178984 0.0
-0.151133 0.193121 0.0
-0.155255 0.205977 0.0
-0.15895 0.217299 0.0
-0.162227 0.226864 0.0
-0.165111 0.234483 0.0
-0.167658 0.240012 0.0
-0.169943 0.243356 0.0
-0.172062 0.244467 0.0
-0.174126 0.243349 0.0
-0.17625 0.240046 0.0
-0.178541 0.234638 0.0
-0.181094 0.227231 0.0
-0.183975 0.217944 0.0
-0.187229 0.206902 0.0
-0.190869 0.194233 0.0
-0.194884 0.180065 0.0
-0.199246 0.164525 0.0
-0.20391 0.147744 0.0
-0.208826 0.129857 0.0
-0.213937 0.111009 0.0
-0.219187 0.0913495 0.0
-0.224522 0.0710406 0.0
-0.229891 0.0502509 0.0
-0.235247 0.0291567 0.0
-0.240549 0.00793924 0.0
-0.245766 -0.0132101 0.0
-0.250875 -0.0341447 0.0
-0.255852 -0.0546772 0.0
-0.260675 -0.0746115 0.0
-0.265325 -0.0937528 0.0
-0.269783 -0.111909 0.0
-0.274033 -0.128895 0.0
-0.278057 -0.144529 0.0
-0.281835 -0.158639 0.0
-0.285348 -0.17106 0.0
-0.288573 -0.18164 0.0
-0.291487 -0.190238 0.0
-0.294064 -0.196726 0.0
-0.296279 -0.200996 0.0
-0.29811 -0.202956 0.0
-0.299536 -0.202541 0.0
-0.300541 -0.199706 0.0
-0.301115 -0.194435 0.0
-0.301253 -0.186741 0.0
-0.30096 -0.176664 0.0
-0.300248 -0.164275 0.0
-0.299138 -0.149675 0.0
-0.297658 -0.132989 0.0
-0.295845 -0.11437 0.0
-0.293741 -0.093989 0.0
-0.291395 -0.0720372 0.0
-0.288858 -0.0487173 0.0
-0.286183 -0.0242407 0.0
-0.283422 0.00117476 0.0
-0.280628 0.0273073 0.0
-0.277844 0.0539358 0.0
-0.275108 0.0808844 0.0
-0.272447 0.107986 0.0
-0.269885 0.135081 0.0
-0.26744 0.162013 0.0
-0.265125 0.188633 0.0
-0.262952 0.214796 0.0
-0.260928 0.240364 0.0
-0.259062 0.265203 0.0
-0.257364 0.289187 0.0
-0.255845 0.312198 0.0
-0.254522 0.334125 0.0
-0.253415 0.354869 0.0
-0.252548 0.374343 0.0
-0.25195 0.392473 0.0
-0.251653 0.409201 0.0
-0.251691 0.424482 0.0
-0.252097 0.438287 0.0
-0.252897 0.450601 0.0
-0.254111 0.461418 0.0
-0.255742 0.470745 0.0
-0.257775 0.478588 0.0
-0.260171 0.484954 0.0
-0.262865 0.489846 0.0
-0.26576 0.493253 0.0
-0.268728 0.495152 0.0
-0.271618 0.495504 0.0
-0.274255 0.494253 0.0
-0.276452 0.491334 0.0
-0.278023 0.486673 0.0
-0.278793 0.480202 0.0
-0.278612 0.471862 0.0
-0.277365 0.461619 0.0
-0.27498 0.449466 0.0
-0.271434 0.435437 0.0
-0.266749 0.419604 0.0
-0.260995 0.402077 0.0
-0.254275 0.383006 0.0
-0.246726 0.362567 0.0
-0.2385 0.340963 0.0
-0.229763 0.318408 0.0
-0.220682 0.295125 0.0
-0.211419 0.271338 0.0
-0.202128 0.247267 0.0
-0.192952 0.223124 0.0
-0.184018 0.199111 0.0
-0.175438 0.175422 0.0
-0.167309 0.152241 0.0
-0.159711 0.129745 0.0
-0.152709 0.108102 0.0
-0.146349 0.0874782 0.0
-0.140658 0.0680359 0.0
-0.135643 0.0499352 0.0
-0.131283 0.0333347 0.0
-0.127529 0.0183887 0.0
-0.124303 0.00524232 0.0
-0.121498 -0.00597835 0.0
-0.118985 -0.0151779 0.0
-0.116624 -0.0223415 0.0
-0.114289 -0.0275436 0.0
-0.111896 -0.0309773 0.0
-0.109436 -0.032982 0.0
-0.106995 -0.0340495 0.0
-0.104746 -0.0347881 0.0
-0.1029 -0.0358156 0.0
-0.101611 -0.0375559 0.0
-0.10087 -0.039939 0.0
-0.100481 -0.0420665 0.0
0.999938 0.00122067 0.0
0.99969 0.00363556 0.0
0.999192 0.00602017 0.0
0.998444 0.00837071 0.0
0.997442 0.0106834 0.0
0.996182 0.0129545 0.0
0.994661 0.0151801 0.0
0.992872 0.0173564 0.0
0.990809 0.0194793 0.0
0.988462 0.0215449 0.0
0.985823 0.0235487 0.0
0.98288 0.0254865 0.0
0.97962 0.0273535 0.0
0.976028 0.0291446 0.0
0.972089 0.0308546 0.0
0.967781 0.0324777 0.0
0.963083 0.0340075 0.0
0.957971 0.0354369 0.0
0.952413 0.0367582 0.0
0.946378 0.0379626 0.0
0.939827 0.0390399 0.0
0.932715 0.0399787 0.0
0.924991 0.0407655 0.0
0.916594 0.0413846 0.0
0.907454 0.0418172 0.0
0.897488 0.0420409 0.0
0.886598 0.0420283 0.0
0.874665 0.0417459 0.0
0.861548 0.0411518 0.0
0.847075 0.0401933 0.0
0.831036 0.0388027 0.0
0.813169 0.0368919 0.0
0.793147 0.0343442 0.0
0.770557 0.031003 0.0
0.744866 0.0266504 0.0
0.715377 0.0209813 0.0
0.681174 0.0135656 0.0
0.641044 0.00377055 0.0
0.593359 -0.00936425 0.0
0.535855 -0.0272867 0.0
0.465228 -0.0520353 0.0
0.376397 -0.0859841 0.0
0.261439 -0.128749 0.0
0.114754 -0.157219 0.0
0.0166416 0 0.0
0 0 0.0
0 0 0.0
0 0 0.0
0 0 0.0
0 0 0.0
0 0 0.0
0 0 0.0
0 0 0.0
0 0 0.0
0 0 0.0
-0.000360316 0 0.0
-0.00898886 -0.0398319 0.0
-0.024968 -0.0454359 0.0
-0.039396 -0.0405216 0.0
-0.0519629 -0.0329215 0.0
-0.0629387 -0.0248655 0.0
-0.0726129 -0.0167162 0.0
-0.0812701 -0.00830295 0.0
-0.089162 0.000630542 0.0
-0.0965105 0.0103186 0.0
-0.103488 0.0209528 0.0
-0.110192 0.0326164 0.0
-0.116676 0.0453142 0.0
-0.12296 0.0589912 0.0
-0.129043 0.0735417 0.0
-0.134907 0.0888155 0.0
-0.140524 0.104624 0.0
-0.145862 0.120746 0.0
-0.150883 0.136934 0.0
-0.155553 0.152922 0.0
-0.159841 0.168434 0.0
-0.163727 0.183191 0.0
-0.167199 0.19692 0.0
-0.170263 0.209364 0.0
-0.172941 0.220287 0.0
-0.175275 0.229486 0.0
-0.177326 0.236797 0.0
-0.179178 0.242096 0.0
-0.180924 0.245304 0.0
-0.182673 0.246387 0.0
-0.184532 0.245352 0.0
-0.186601 0.242237 0.0
-0.18897 0.237108 0.0
-0.191703 0.230047 0.0
-0.194842 0.221149 0.0
-0.198405 0.210513 0.0
-0.202386 0.198242 0.0
-0.206759 0.184445 0.0
-0.211486 0.169234 0.0
-0.216518 0.152731 0.0
-0.221802 0.135069 0.0
-0.227281 0.116387 0.0
-0.232899 0.0968394 0.0
-0.238603 0.0765897 0.0
-0.244343 0.0558112 0.0
-0.250076 0.0346854 0.0
-0.255764 0.0134009 0.0
-0.261374 -0.00784458 0.0
-0.266887 -0.0288896 0.0
-0.272287 -0.0495543 0.0
-0.277559 -0.0696392 0.0
-0.282688 -0.0889468 0.0
-0.287661 -0.107284 0.0
-0.292467 -0.124464 0.0
-0.297096 -0.140308 0.0
-0.301532 -0.154645 0.0
-0.30576 -0.167314 0.0
-0.309757 -0.178164 0.0
-0.313501 -0.187057 0.0
-0.316963 -0.193868 0.0
-0.320114 -0.198487 0.0
-0.322925 -0.200824 0.0
-0.325365 -0.200807 0.0
-0.32741 -0.19839 0.0
-0.329036 -0.193551 0.0
-0.330228 -0.186294 0.0
-0.330978 -0.176653 0.0
-0.331284 -0.164691 0.0
-0.331156 -0.150498 0.0
-0.33061 -0.134192 0.0
-0.329673 -0.115917 0.0
-0.32838 -0.0958385 0.0
-0.326772 -0.0741414 0.0
-0.324898 -0.0510247 0.0
-0.322808 -0.0266985 0.0
-0.320555 -0.00138093 0.0
-0.318194 0.0247072 0.0
-0.315775 0.0513335 0.0
-0.31334 0.0783152 0.0
-0.310924 0.10548 0.0
-0.308559 0.13266 0.0
-0.306268 0.159698 0.0
-0.304071 0.186438 0.0
-0.301986 0.212734 0.0
-0.300029 0.238445 0.0
-0.298212 0.26344 0.0
-0.296551 0.287592 0.0
-0.295062 0.310785 0.0
-0.293762 0.332914 0.0
-0.29267 0.353881 0.0
-0.29181 0.373603 0.0
-0.291203 0.392009 0.0
-0.290872 0.409039 0.0
-0.290837 0.424647 0.0
-0.291109 0.4388 0.0
-0.291693 0.451472 0.0
-0.29258 0.462646 0.0
-0.29374 0.472308 0.0
-0.295125 0.480443 0.0
-0.296662 0.487033 0.0
-0.298254 0.492053 0.0
-0.299779 0.495465 0.0
-0.301095 0.497224 0.0
-0.302044 0.49727 0.0
-0.302462 0.495541 0.0
-0.302188 0.491969 0.0
-0.301076 0.486496 0.0
-0.299002 0.479075 0.0
-0.295877 0.469683 0.0
-0.29165 0.458324 0.0
-0.286313 0.445039 0.0
-0.279901 0.429906 0.0
-0.272488 0.413038 0.0
-0.26418 0.394582 0.0
-0.255111 0.374713 0.0
-0.245429 0.353628 0.0
-0.235291 0.331539 0.0
-0.224857 0.308661 0.0
-0.21428 0.285214 0.0
-0.203705 0.261411 0.0
-0.193263 0.237462 0.0
-0.183071 0.213562 0.0
-0.173233 0.1899 0.0
-0.163835 0.166655 0.0
-0.154952 0.143996 0.0
-0.146642 0.122083 0.0
-0.138954 0.101073 0.0
-0.131919 0.0811129 0.0
-0.125557 0.0623488 0.0
-0.11987 0.0449201 0.0
-0.114842 0.0289615 0.0
-0.110434 0.0146006 0.0
-0.106584 0.00195399 0.0
-0.103204 -0.0088747 0.0
-0.100187 -0.0178124 0.0
-0.0974063 -0.0248484 0.0
-0.0947408 -0.0300373 0.0
-0.0920949 -0.0335223 0.0
-0.0894299 -0.035562 0.0
-0.0867915 -0.0365492 0.0
-0.0843213 -0.0370078 0.0
-0.0822277 -0.0375355 0.0
-0.0807018 -0.0386512 0.0
-0.0797898 -0.0404958 0.0
-0.0793059 -0.0423835 0.0
0.999938 0.00134504 0.0
0.999688 0.00400901 0.0
0.999188 0.00664396 0.0
0.998437 0.00924706 0.0
0.99743 0.0118155 0.0
0.996165 0.0143465 0.0
0.994637 0.0168374 0.0
0.99284 0.0192853 0.0
0.990766 0.0216876 0.0
0.988408 0.0240414 0.0
0.985756 0.026344 0.0
0.982797 0.0285926 0.0
0.97952 0.0307843 0.0
0.975909 0.0329162 0.0
0.971947 0.0349851 0.0
0.967614 0.0369879 0.0
0.962887 0.0389213 0.0
0.957741 0.0407818 0.0
0.952147 0.0425655 0.0
0.946068 0.0442684 0.0
0.939468 0.045886 0.0
0.932299 0.0474134 0.0
0.924509 0.0488451 0.0
0.916036 0.0501749 0.0
0.906807 0.0513955 0.0
0.896737 0.0524987 0.0
0.885724 0.0534747 0.0
0.873644 0.0543116 0.0
0.860352 0.0549953 0.0
0.845667 0.055508 0.0
0.829367 0.0558273 0.0
0.811176 0.0559247 0.0
0.790747 0.0557623 0.0
0.767633 0.0552893 0.0
0.741253 0.0544351 0.0
0.710839 0.0530996 0.0
0.675351 0.051138 0.0
0.633355 0.0483244 0.0
0.582819 0.0443027 0.0
0.520824 0.0385454 0.0
0.443249 0.0303347 0.0
0.344826 0.0189004 0.0
0.221628 0.00452216 0.0
0.0850794 -0.00725616 0.0
0.00829378 0 0.0
0 0 0.0
0 0 0.0
0 0 0.0
0 0 0.0
0 0 0.0
0 0 0.0
0 0 0.0
0 0 0.0
0 0 0.0
0 0 0.0
0.000584529 0 0.0
-0.00631719 -0.0240774 0.0
-0.023138 -0.0283904 0.0
-0.041178 -0.0250992 0.0
-0.0573684 -0.0195865 0.0
-0.0711836 -0.0134096 0.0
-0.0829151 -0.00676645 0.0
-0.0930156 0.000504922 0.0
-0.101908 0.00860742 0.0
-0.109931 0.0177127 0.0
-0.117313 0.0279176 0.0
-0.124199 0.0392424 0.0
-0.130677 0.0516506 0.0
-0.136796 0.0650573 0.0
-0.142574 0.0793359 0.0
-0.148011 0.0943222 0.0
-0.153094 0.109819 0.0
-0.157806 0.125601 0.0
-0.162127 0.141421 0.0
-0.16604 0.157018 0.0
-0.169537 0.172124 0.0
-0.17262 0.18647 0.0
-0.175305 0.199798 0.0
-0.177622 0.211867 0.0
-0.179622 0.222461 0.0
-0.181371 0.231394 0.0
-0.18295 0.23852 0.0
-0.184454 0.243728 0.0
-0.185985 0.24695 0.0
-0.187646 0.248152 0.0
-0.189535 0.247335 0.0
-0.191736 0.244525 0.0
-0.194315 0.239767 0.0
-0.197318 0.233123 0.0
-0.200767 0.224661 0.0
-0.204662 0.214459 0.0
-0.208987 0.202601 0.0
-0.21371 0.189181 0.0
-0.218786 0.174301 0.0
-0.224167 0.158077 0.0
-0.229796 0.140636 0.0
-0.235619 0.12212 0.0
-0.241578 0.102683 0.0
-0.247621 0.0824929 0.0
-0.253699 0.0617269 0.0
-0.25977 0.0405732 0.0
-0.265796 0.0192273 0.0
-0.271746 -0.00211032 0.0
-0.277605 -0.023253 0.0
-0.283363 -0.0440319 0.0
-0.28901 -0.0642438 0.0
-0.294536 -0.0836876 0.0
-0.299937 -0.102168 0.0
-0.305211 -0.119499 0.0
-0.310352 -0.135503 0.0
-0.315354 -0.150011 0.0
-0.320207 -0.162867 0.0
-0.324895 -0.173926 0.0
-0.329395 -0.183052 0.0
-0.33368 -0.190125 0.0
-0.337719 -0.195039 0.0
-0.341477 -0.197703 0.0
-0.344917 -0.198047 0.0
-0.348004 -0.196019 0.0
-0.350705 -0.191594 0.0
-0.352993 -0.184771 0.0
-0.354845 -0.175575 0.0
-0.356248 -0.16406 0.0
-0.357196 -0.150309 0.0
-0.357695 -0.134428 0.0
-0.357759 -0.116554 0.0
-0.357411 -0.0968423 0.0
-0.356685 -0.0754711 0.0
-0.355621 -0.0526335 0.0
-0.354266 -0.0285355 0.0
-0.352669 -0.0033932 0.0
-0.350886 0.0225748 0.0
-0.348968 0.0491294 0.0
-0.346965 0.0760811 0.0
-0.344918 0.103251 0.0
-0.342863 0.130468 0.0
-0.34083 0.157566 0.0
-0.338847 0.184389 0.0
-0.336935 0.210786 0.0
-0.335115 0.236615 0.0
-0.333404 0.261743 0.0
-0.331821 0.286044 0.0
-0.330381 0.309404 0.0
-0.329101 0.331715 0.0
-0.327998 0.352885 0.0
-0.327085 0.372827 0.0
-0.326377 0.391469 0.0
-0.32588 0.40875 0.0
-0.325596 0.424616 0.0
-0.325517 0.439024 0.0
-0.32562 0.451936 0.0
-0.32587 0.463318 0.0
-0.32621 0.473136 0.0
-0.326566 0.481355 0.0
-0.326841 0.487934 0.0
-0.326923 0.492826 0.0
-0.326682 0.495976 0.0
-0.325978 0.497325 0.0
-0.32467 0.49681 0.0
-0.322621 0.494371 0.0
-0.319712 0.489956 0.0
-0.315843 0.483529 0.0
-0.310948 0.475074 0.0
-0.304995 0.464605 0.0
-0.29799 0.452169 0.0
-0.289978 0.437845 0.0
-0.281037 0.421747 0.0
-0.271274 0.404021 0.0
-0.260819 0.384836 0.0
-0.249816 0.364386 0.0
-0.238415 0.342873 0.0
-0.226767 0.320509 0.0
-0.215017 0.297506 0.0
-0.203298 0.274073 0.0
-0.191732 0.250411 0.0
-0.180426 0.226714 0.0
-0.169471 0.203163 0.0
-0.158945 0.179934 0.0
-0.148913 0.157191 0.0
-0.139426 0.135089 0.0
-0.130525 0.113779 0.0
-0.122242 0.0934042 0.0
-0.114597 0.0741013 0.0
-0.1076 0.0560021 0.0
-0.101252 0.0392317 0.0
-0.0955374 0.0239075 0.0
-0.0904275 0.0101371 0.0
-0.0858752 -0.00198529 0.0
-0.0818167 -0.0123736 0.0
-0.0781689 -0.0209789 0.0
-0.0748325 -0.0277987 0.0
-0.0717055 -0.0328795 0.0
-0.0686985 -0.0363329 0.0
-0.0657588 -0.0383562 0.0
-0.0628975 -0.0392547 0.0
-0.0602117 -0.0394582 0.0
-0.0578813 -0.0395091 0.0
-0.0561112 -0.0399738 0.0
-0.0550037 -0.0411927 0.0
-0.0544126 -0.0427615 0.0
0.999938 0.00146972 0.0
0.999688 0.00438336 0.0
0.999188 0.00726926 0.0
0.998436 0.0101255 0.0
0.997429 0.0129504 0.0
0.996164 0.015742 0.0
0.994635 0.0184988 0.0
0.992837 0.0212192 0.0
0.990763 0.0239016 0.0
0.988404 0.0265446 0.0
0.98575 0.0291469 0.0
0.982791 0.0317074 0.0
0.979513 0.0342251 0.0
0.9759 0.0366989 0.0
0.971936 0.0391282 0.0
0.967602 0.0415126 0.0
0.962873 0.0438515 0.0
0.957726 0.0461452 0.0
0.952129 0.0483939 0.0
0.946049 0.0505982 0.0
0.939446 0.0527595 0.0
0.932276 0.0548794 0.0
0.924484 0.0569606 0.0
0.91601 0.0590064 0.0
0.906781 0.0610215 0.0
0.896712 0.063012 0.0
0.885701 0.0649858 0.0
0.873627 0.0669536 0.0
0.860344 0.0689291 0.0
0.845673 0.0709307 0.0
0.829394 0.0729827 0.0
0.811237 0.0751177 0.0
0.790856 0.0773796 0.0
0.767813 0.0798289 0.0
0.741539 0.0825491 0.0
0.711281 0.085658 0.0
0.676025 0.0893237 0.0
0.634372 0.0937868 0.0
0.584353 0.0993957 0.0
0.523145 0.106655 0.0
0.446727 0.116218 0.0
0.349717 0.12845 0.0
0.227172 0.140715 0.0
0.0880821 0.132189 0.0
0.00856431 0 0.0
0 0 0.0
0 0 0.0
0 0 0.0
0 0 0.0
0 0 0.0
0 0 0.0
0 0 0.0
0 0 0.0
0 0 0.0
0 0 0.0
0.000563437 0 0.0
-0.00684279 -0.00862152 0.0
-0.0248949 -0.00897334 0.0
-0.044385 -0.00698624 0.0
-0.0618296 -0.00406438 0.0
-0.0765968 -0.000349267 0.0
-0.089007 0.00431491 0.0
-0.0995759 0.0100929 0.0
-0.108767 0.0171032 0.0
-0.116929 0.0254021 0.0
-0.124308 0.0349884 0.0
-0.131065 0.0458149 0.0
-0.137305 0.0577965 0.0
-0.143089 0.0708141 0.0
-0.148449 0.0847172 0.0
-0.153398 0.0993261 0.0
-0.157935 0.114435 0.0
-0.162055 0.129816 0.0
-0.165754 0.145225 0.0
-0.169033 0.160406 0.0
-0.171901 0.175101 0.0
-0.174379 0.189054 0.0
-0.176502 0.202022 0.0
-0.178321 0.21378 0.0
-0.179902 0.224129 0.0
-0.181325 0.232897 0.0
-0.182679 0.23995 0.0
-0.184063 0.245186 0.0
-0.185575 0.248535 0.0
-0.187309 0.249962 0.0
-0.189348 0.249454 0.0
-0.191762 0.247021 0.0
-0.1946 0.242689 0.0
-0.197893 0.236497 0.0
-0.20165 0.228493 0.0
-0.205863 0.218737 0.0
-0.210511 0.207297 0.0
-0.215557 0.194254 0.0
-0.220957 0.179705 0.0
-0.22666 0.163757 0.0
-0.232609 0.146536 0.0
-0.23875 0.128183 0.0
-0.245024 0.108854 0.0
-0.251377 0.0887195 0.0
-0.257762 0.0679632 0.0
-0.264134 0.0467792 0.0
-0.270456 0.02537 0.0
-0.2767 0.00394167 0.0
-0.282851 -0.0172959 0.0
-0.288902 -0.0381793 0.0
-0.29485 -0.0585027 0.0
-0.300692 -0.0780605 0.0
-0.306431 -0.0966547 0.0
-0.312073 -0.114098 0.0
-0.317623 -0.130213 0.0
-0.323084 -0.144837 0.0
-0.328453 -0.157818 0.0
-0.333724 -0.169017 0.0
-0.33888 -0.178306 0.0
-0.343896 -0.18557 0.0
-0.348743 -0.190709 0.0
-0.353381 -0.193637 0.0
-0.357771 -0.194283 0.0
-0.361869 -0.192598 0.0
-0.365633 -0.188551 0.0
-0.369022 -0.182137 0.0
-0.372003 -0.173376 0.0
-0.374548 -0.162312 0.0
-0.376638 -0.149018 0.0
-0.378264 -0.133594 0.0
-0.379426 -0.116162 0.0
-0.380137 -0.096871 0.0
-0.380417 -0.0758886 0.0
-0.380296 -0.0534006 0.0
-0.379814 -0.0296067 0.0
-0.379014 -0.00471799 0.0
-0.377948 0.0210499 0.0
-0.376668 0.0474572 0.0
-0.375226 0.0743083 0.0
-0.373669 0.101419 0.0
-0.372035 0.128612 0.0
-0.370361 0.155716 0.0
-0.368677 0.182572 0.0
-0.36701 0.209024 0.0
-0.365382 0.234929 0.0
-0.363812 0.26015 0.0
-0.36232 0.284561 0.0
-0.360918 0.308046 0.0
-0.359621 0.330496 0.0
-0.358437 0.351816 0.0
-0.357371 0.371917 0.0
-0.356423 0.390723 0.0
-0.355585 0.408162 0.0
-0.354841 0.424175 0.0
-0.35416 0.438705 0.0
-0.3535 0.451699 0.0
-0.352804 0.463108 0.0
-0.351996 0.472879 0.0
-0.350987 0.480959 0.0
-0.349672 0.487291 0.0
-0.347936 0.491815 0.0
-0.345659 0.494468 0.0
-0.342721 0.49519 0.0
-0.339009 0.493924 0.0
-0.334426 0.490625 0.0
-0.328896 0.485263 0.0
-0.322372 0.47783 0.0
-0.314839 0.468345 0.0
-0.306316 0.456858 0.0
-0.296854 0.44345 0.0
-0.286536 0.428234 0.0
-0.275469 0.41135 0.0
-0.26378 0.392965 0.0
-0.251606 0.373263 0.0
-0.239091 0.352441 0.0
-0.226377 0.330703 0.0
-0.2136 0.308254 0.0
-0.200885 0.285295 0.0
-0.188341 0.262022 0.0
-0.176068 0.238622 0.0
-0.164146 0.215274 0.0
-0.152643 0.192146 0.0
-0.141615 0.169398 0.0
-0.131105 0.147185 0.0
-0.121148 0.125651 0.0
-0.111768 0.104938 0.0
-0.102984 0.0851791 0.0
-0.0948077 0.0665046 0.0
-0.0872417 0.0490363 0.0
-0.0802818 0.0328892 0.0
-0.0739148 0.0181686 0.0
-0.0681169 0.00496811 0.0
-0.0628545 -0.00663101 0.0
-0.0580825 -0.0165584 0.0
-0.0537404 -0.024784 0.0
-0.0497569 -0.0313134 0.0
-0.0460571 -0.0361917 0.0
-0.0425719 -0.0395129 0.0
-0.0392533 -0.0414345 0.0
-0.0360956 -0.0421955 0.0
-0.0331588 -0.04214 0.0
-0.0305818 -0.0417347 0.0
-0.0285571 -0.041543 0.0
-0.0272292 -0.0420588 0.0
-0.0265147 -0.043201 0.0
0.999938 0.00159419 0.0
0.999689 0.00475711 0.0
0.999191 0.00789355 0.0
0.998442 0.0110026 0.0
0.997439 0.0140833 0.0
0.996178 0.0171351 0.0
0.994655 0.0201574 0.0
0.992864 0.0231496 0.0
0.990798 0.0261115 0.0
0.988449 0.029043 0.0
0.985807 0.0319443 0.0
0.98286 0.0348159 0.0
0.979597 0.0376586 0.0
0.976001 0.0404733 0.0
0.972057 0.0432618 0.0
0.967744 0.0460262 0.0
0.963042 0.048769 0.0
0.957923 0.0514939 0.0
0.95236 0.0542051 0.0
0.946319 0.056908 0.0
0.939762 0.0596094 0.0
0.932645 0.0623176 0.0
0.924916 0.0650429 0.0
0.916516 0.0677983 0.0
0.907375 0.0705996 0.0
0.897411 0.0734668 0.0
0.886527 0.0764252 0.0
0.874609 0.0795066 0.0
0.861517 0.0827516 0.0
0.847084 0.0862125 0.0
0.831105 0.0899575 0.0
0.81333 0.0940761 0.0
0.793444 0.098688 0.0
0.771053 0.103955 0.0
0.745652 0.110099 0.0
0.716587 0.117431 0.0
0.682998 0.126395 0.0
0.643733 0.137633 0.0
0.597211 0.152091 0.0
0.541203 0.171176 0.0
0.472411 0.196907 0.0
0.385581 0.2316 0.0
0.271887 0.273805 0.0
0.122251 0.287825 0.0
0.0187845 0 0.0
0 0 0.0
0 0 0.0
0 0 0.0
0 0 0.0
0 0 0.0
0 0 0.0
0 0 0.0
0 0 0.0
0 0 0.0
0 0 0.0
-0.000217454 0 0.0
-0.0104484 0.00936167 0.0
-0.030632 0.0112791 0.0
-0.0496703 0.0112897 0.0
-0.0660392 0.0114731 0.0
-0.0798727 0.012714 0.0
-0.0916064 0.0153957 0.0
-0.101684 0.0196584 0.0
-0.110477 0.0255217 0.0
-0.118271 0.0329402 0.0
-0.125273 0.0418307 0.0
-0.131627 0.0520843 0.0
-0.137431 0.0635704 0.0
-0.142743 0.0761371 0.0
-0.147601 0.0896117 0.0
-0.152021 0.1038 0.0
-0.156013 0.11849 0.0
-0.159582 0.133451 0.0
-0.162735 0.148443 0.0
-0.165485 0.163218 0.0
-0.167857 0.177528 0.0
-0.169884 0.191132 0.0
-0.171615 0.203799 0.0
-0.173112 0.21532 0.0
-0.174449 0.225507 0.0
-0.17571 0.234203 0.0
-0.176988 0.241277 0.0
-0.178375 0.24663 0.0
-0.179963 0.25019 0.0
-0.181835 0.251912 0.0
-0.184062 0.25177 0.0
-0.186699 0.249756 0.0
-0.189786 0.245878 0.0
-0.193343 0.240156 0.0
-0.197373 0.232621 0.0
-0.201866 0.223315 0.0
-0.206795 0.212295 0.0
-0.212126 0.199632 0.0
-0.217812 0.185413 0.0
-0.223803 0.169742 0.0
-0.230043 0.15274 0.0
-0.236474 0.134549 0.0
-0.243037 0.115325 0.0
-0.249677 0.0952423 0.0
-0.256342 0.07449 0.0
-0.262987 0.053269 0.0
-0.269573 0.0317894 0.0
-0.276074 0.010267 0.0
-0.282471 -0.0110736 0.0
-0.288761 -0.03206 0.0
-0.294947 -0.0524886 0.0
-0.301032 -0.0721478 0.0
-0.307025 -0.090835 0.0
-0.31294 -0.10836 0.0
-0.318793 -0.124548 0.0
-0.324598 -0.139237 0.0
-0.330364 -0.152282 0.0
-0.336095 -0.163552 0.0
-0.341782 -0.172927 0.0
-0.347411 -0.180303 0.0
-0.352953 -0.185587 0.0
-0.358374 -0.1887 0.0
-0.363628 -0.189576 0.0
-0.368667 -0.188168 0.0
-0.37344 -0.184444 0.0
-0.377898 -0.178397 0.0
-0.381994 -0.17004 0.0
-0.385687 -0.159411 0.0
-0.388943 -0.146573 0.0
-0.39174 -0.131616 0.0
-0.394063 -0.114654 0.0
-0.395909 -0.0958224 0.0
-0.397286 -0.0752803 0.0
-0.398212 -0.0532035 0.0
-0.398715 -0.0297837 0.0
-0.39883 -0.00522469 0.0
-0.398602 0.0202623 0.0
-0.39808 0.0464425 0.0
-0.397314 0.0731159 0.0
-0.396354 0.100093 0.0
-0.39524 0.12719 0.0
-0.39401 0.154234 0.0
-0.392697 0.181057 0.0
-0.391327 0.207502 0.0
-0.389925 0.23342 0.0
-0.38851 0.258673 0.0
-0.387097 0.283131 0.0
-0.385696 0.306674 0.0
-0.384315 0.32919 0.0
-0.382954 0.350577 0.0
-0.381608 0.370744 0.0
-0.380262 0.389603 0.0
-0.378896 0.407078 0.0
-0.377476 0.423095 0.0
-0.375956 0.437585 0.0
-0.374279 0.450483 0.0
-0.372375 0.461724 0.0
-0.370161 0.471241 0.0
-0.367544 0.47897 0.0
-0.364424 0.484845 0.0
-0.360698 0.4888 0.0
-0.356267 0.490776 0.0
-0.35104 0.490718 0.0
-0.344941 0.488586 0.0
-0.337914 0.484354 0.0
-0.329931 0.47802 0.0
-0.32099 0.469607 0.0
-0.311119 0.459164 0.0
-0.300378 0.446774 0.0
-0.288851 0.432545 0.0
-0.276643 0.416613 0.0
-0.263879 0.399139 0.0
-0.25069 0.380298 0.0
-0.237212 0.360279 0.0
-0.22358 0.339278 0.0
-0.209921 0.317492 0.0
-0.196349 0.295115 0.0
-0.182967 0.272336 0.0
-0.169864 0.249335 0.0
-0.157112 0.226284 0.0
-0.144771 0.203349 0.0
-0.132888 0.180686 0.0
-0.121502 0.158443 0.0
-0.110638 0.136766 0.0
-0.100319 0.115792 0.0
-0.0905579 0.0956556 0.0
-0.0813644 0.076484 0.0
-0.0727418 0.0584005 0.0
-0.0646884 0.041521 0.0
-0.0571968 0.025953 0.0
-0.050253 0.011794 0.0
-0.0438365 -0.000871795 0.0
-0.0379228 -0.0119672 0.0
-0.032479 -0.021438 0.0
-0.0274606 -0.0292648 0.0
-0.022819 -0.0354578 0.0
-0.0185044 -0.0400617 0.0
-0.0144723 -0.0431602 0.0
-0.0106918 -0.0448863 0.0
-0.00715923 -0.045434 0.0
-0.00391712 -0.0450804 0.0
-0.0010713 -0.0442171 0.0
0.00121268 -0.0433692 0.0
0.00277353 -0.0431213 0.0
0.00362227 -0.0437018 0.0
0.999938 0.00171797 0.0
0.999692 0.00512876 0.0
0.999197 0.0085143 0.0
0.998454 0.0118746 0.0
0.997458 0.0152098 0.0
0.996208 0.0185201 0.0
0.994697 0.021806 0.0
0.992921 0.0250682 0.0
0.990872 0.0283076 0.0
0.988543 0.0315254 0.0
0.985924 0.0347233 0.0
0.983004 0.0379033 0.0
0.979771 0.0410678 0.0
0.97621 0.0442201 0.0
0.972306 0.0473638 0.0
0.968039 0.0505035 0.0
0.963388 0.053645 0.0
0.95833 0.0567949 0.0
0.952835 0.0599614 0.0
0.946874 0.0631543 0.0
0.940408 0.0663856 0.0
0.933397 0.0696698 0.0
0.925792 0.0730245 0.0
0.917538 0.0764711 0.0
0.908569 0.0800363 0.0
0.898811 0.0837525 0.0
0.888173 0.0876605 0.0
0.876552 0.0918112 0.0
0.863822 0.0962686 0.0
0.849836 0.101115 0.0
0.834414 0.106455 0.0
0.817341 0.112427 0.0
0.798352 0.119212 0.0
0.777124 0.12705 0.0
0.753257 0.136271 0.0
0.726256 0.147325 0.0
0.695503 0.160843 0.0
0.660229 0.177724 0.0
0.619489 0.199263 0.0
0.572152 0.22735 0.0
0.516993 0.264685 0.0
0.453122 0.314523 0.0
0.381482 0.376217 0.0
0.304634 0.411896 0.0
0.132623 0.141645 0.0
0 0 0.0
0 0 0.0
0 0 0.0
0 0 0.0
0 0 0.0
0 0 0.0
0 0 0.0
0 0 0.0
0 0 0.0
0 0 0.0
-0.0106165 0.0112049 0.0
-0.0285856 0.0267277 0.0
-0.0430143 0.0285253 0.0
-0.0567125 0.0267801 0.0
-0.0693069 0.0249459 0.0
-0.0805787 0.0243464 0.0
-0.0905645 0.0254827 0.0
-0.0994083 0.0284926 0.0
-0.107278 0.0333501 0.0
-0.114327 0.039955 0.0
-0.120683 0.0481739 0.0
-0.126443 0.0578558 0.0
-0.131678 0.0688367 0.0
-0.136434 0.0809399 0.0
-0.140743 0.093975 0.0
-0.144623 0.107737 0.0
-0.148088 0.122009 0.0
-0.151149 0.136562 0.0
-0.153823 0.151159 0.0
-0.156132 0.165561 0.0
-0.158107 0.179532 0.0
-0.159793 0.192841 0.0
-0.161244 0.205272 0.0
-0.162528 0.216627 0.0
-0.163722 0.22673 0.0
-0.164908 0.235429 0.0
-0.166176 0.242597 0.0
-0.167611 0.248133 0.0
-0.169296 0.25196 0.0
-0.171304 0.254022 0.0
-0.173697 0.254279 0.0
-0.17652 0.252708 0.0
-0.179805 0.249299 0.0
-0.183569 0.244056 0.0
-0.187813 0.236995 0.0
-0.192523 0.228144 0.0
-0.197676 0.217548 0.0
-0.203236 0.205269 0.0
-0.209159 0.191386 0.0
-0.215394 0.175996 0.0
-0.221885 0.159218 0.0
-0.228573 0.14119 0.0
-0.235397 0.122071 0.0
-0.242298 0.102037 0.0
-0.249222 0.0812836 0.0
-0.256119 0.0600175 0.0
-0.262949 0.0384582 0.0
-0.269683 0.0168327 0.0
-0.276298 -0.00462758 0.0
-0.282791 -0.0257225 0.0
-0.289173 -0.046259 0.0
-0.295448 -0.0660176 0.0
-0.301631 -0.084789 0.0
-0.307743 -0.102379 0.0
-0.313808 -0.118611 0.0
-0.319852 -0.133325 0.0
-0.325897 -0.146383 0.0
-0.331959 -0.157659 0.0
-0.338045 -0.167047 0.0
-0.344148 -0.174452 0.0
-0.350251 -0.179793 0.0
-0.356323 -0.183002 0.0
-0.362321 -0.184022 0.0
-0.368195 -0.182809 0.0
-0.373888 -0.179337 0.0
-0.37934 -0.173594 0.0
-0.384495 -0.165592 0.0
-0.389298 -0.155362 0.0
-0.393702 -0.14296 0.0
-0.397668 -0.128466 0.0
-0.401168 -0.111981 0.0
-0.404183 -0.0936335 0.0
-0.406707 -0.073569 0.0
-0.408742 -0.0519536 0.0
-0.410304 -0.028969 0.0
-0.411417 -0.00481015 0.0
-0.412116 0.0203177 0.0
-0.412441 0.04619 0.0
-0.412442 0.072604 0.0
-0.412163 0.0993651 0.0
-0.411645 0.126286 0.0
-0.410924 0.153187 0.0
-0.410031 0.179897 0.0
-0.408993 0.206254 0.0
-0.407832 0.232105 0.0
-0.406564 0.257306 0.0
-0.405201 0.281722 0.0
-0.403748 0.305229 0.0
-0.402204 0.32771 0.0
-0.400563 0.349055 0.0
-0.398808 0.369165 0.0
-0.396916 0.387945 0.0
-0.394853 0.405307 0.0
-0.392574 0.421167 0.0
-0.390026 0.435445 0.0
-0.387144 0.448064 0.0
-0.383855 0.458949 0.0
-0.380077 0.468024 0.0
-0.375726 0.475219 0.0
-0.370716 0.480466 0.0
-0.364968 0.483704 0.0
-0.358409 0.484882 0.0
-0.350984 0.483959 0.0
-0.342653 0.480915 0.0
-0.333404 0.475749 0.0
-0.323246 0.468484 0.0
-0.312217 0.459173 0.0
-0.30038 0.447892 0.0
-0.287821 0.434747 0.0
-0.274645 0.419868 0.0
-0.260969 0.403407 0.0
-0.246922 0.385533 0.0
-0.232631 0.366424 0.0
-0.218223 0.346267 0.0
-0.203816 0.325251 0.0
-0.189518 0.303562 0.0
-0.175422 0.281379 0.0
-0.16161 0.258878 0.0
-0.148147 0.236226 0.0
-0.135087 0.213581 0.0
-0.122471 0.191096 0.0
-0.110331 0.168917 0.0
-0.0986908 0.147185 0.0
-0.0875673 0.126038 0.0
-0.0769724 0.105607 0.0
-0.0669133 0.0860212 0.0
-0.0573928 0.0674043 0.0
-0.0484099 0.0498746 0.0
-0.0399593 0.0335429 0.0
-0.0320309 0.0185111 0.0
-0.0246096 0.00487072 0.0
-0.0176784 -0.00729631 0.0
-0.0112186 -0.0179161 0.0
-0.00520303 -0.0269485 0.0
0.000402191 -0.0343779 0.0
0.00563134 -0.0402156 0.0
0.0105161 -0.0445033 0.0
0.0150817 -0.0473162 0.0
0.0193406 -0.0487697 0.0
0.0232839 -0.0490264 0.0
0.0268688 -0.0483149 0.0
0.0300034 -0.0469631 0.0
0.0325397 -0.0454435 0.0
0.0343097 -0.0443778 0.0
0.0352796 -0.0442638 0.0
0.999939 0.00184057 0.0
0.999695 0.00549686 0.0
0.999207 0.00912908 0.0
0.998472 0.0127381 0.0
0.997488 0.0163251 0.0
0.996252 0.0198912 0.0
0.99476 0.0234379 0.0
0.993006 0.026967 0.0
0.990983 0.0304805 0.0
0.988684 0.0339809 0.0
0.9861 0.0374712 0.0
0.98322 0.040955 0.0
0.980032 0.0444364 0.0
0.976524 0.0479203 0.0
0.97268 0.0514126 0.0
0.968481 0.0549204 0.0
0.963908 0.0584517 0.0
0.958938 0.0620166 0.0
0.953545 0.0656266 0.0
0.947701 0.0692956 0.0
0.94137 0.0730403 0.0
0.934516 0.0768808 0.0
0.927093 0.080841 0.0
0.919052 0.0849502 0.0
0.910334 0.0892439 0.0
0.900872 0.0937656 0.0
0.890588 0.098569 0.0
0.879391 0.103721 0.0
0.867176 0.109304 0.0
0.853819 0.115423 0.0
0.839174 0.122214 0.0
0.82307 0.129846 0.0
0.805306 0.138546 0.0
0.785645 0.148605 0.0
0.763814 0.160414 0.0
0.739498 0.174499 0.0
0.712348 0.191573 0.0
0.682 0.212615 0.0
0.648138 0.238975 0.0
0.610615 0.272497 0.0
0.569756 0.315556 0.0
0.52691 0.370367 0.0
0.484865 0.434058 0.0
0.441975 0.473792 0.0
0.346027 0.35673 0.0
0.136293 0.136384 0.0
0 0 0.0
0 0 0.0
0 0 0.0
0 0 0.0
0 0 0.0
0 0 0.0
0 0 0.0
0 0 0.0
-0.011792 0.0125404 0.0
-0.0309843 0.0298101 0.0
-0.0430108 0.0387066 0.0
-0.0518293 0.0397936 0.0
-0.0602646 0.0376453 0.0
-0.0687246 0.0351352 0.0
-0.0769959 0.0337002 0.0
-0.0848528 0.0339717 0.0
-0.0921686 0.0361633 0.0
-0.0989002 0.0402805 0.0
-0.105055 0.0462287 0.0
-0.110665 0.0538659 0.0
-0.115768 0.0630268 0.0
-0.1204 0.0735319 0.0
-0.124589 0.0851906 0.0
-0.128358 0.0978023 0.0
-0.131724 0.111156 0.0
-0.134702 0.125033 0.0
-0.137309 0.139206 0.0
-0.139566 0.153445 0.0
-0.141502 0.167519 0.0
-0.143153 0.181201 0.0
-0.144568 0.194273 0.0
-0.145805 0.206529 0.0
-0.146933 0.217782 0.0
-0.148025 0.227862 0.0
-0.149163 0.236622 0.0
-0.150428 0.243936 0.0
-0.151899 0.2497 0.0
-0.15365 0.25383 0.0
-0.155746 0.256257 0.0
-0.158243 0.256931 0.0
-0.161179 0.255815 0.0
-0.164585 0.252883 0.0
-0.168473 0.248125 0.0
-0.172846 0.241542 0.0
-0.177692 0.233153 0.0
-0.182988 0.222989 0.0
-0.188703 0.211103 0.0
-0.194794 0.197565 0.0
-0.201211 0.182468 0.0
-0.207898 0.165924 0.0
-0.214796 0.148069 0.0
-0.221842 0.129061 0.0
-0.228974 0.10908 0.0
-0.236134 0.088324 0.0
-0.243267 0.0670079 0.0
-0.250329 0.0453605 0.0
-0.257285 0.0236194 0.0
-0.264108 0.0020241 0.0
-0.270797 -0.0191919 0.0
-0.277359 -0.0398458 0.0
-0.283804 -0.0597111 0.0
-0.290147 -0.0785696 0.0
-0.296413 -0.0962206 0.0
-0.302632 -0.112484 0.0
-0.30884 -0.1272 0.0
-0.31507 -0.140233 0.0
-0.321352 -0.151465 0.0
-0.327707 -0.160801 0.0
-0.334145 -0.168157 0.0
-0.340661 -0.173469 0.0
-0.347235 -0.17668 0.0
-0.353832 -0.177748 0.0
-0.360402 -0.176638 0.0
-0.366887 -0.17333 0.0
-0.373222 -0.167814 0.0
-0.379339 -0.160101 0.0
-0.385172 -0.150218 0.0
-0.39066 -0.138213 0.0
-0.395751 -0.124157 0.0
-0.400398 -0.108143 0.0
-0.40457 -0.0902858 0.0
-0.408242 -0.0707214 0.0
-0.411403 -0.0496043 0.0
-0.414054 -0.0271054 0.0
-0.416206 -0.00340875 0.0
-0.417879 0.021288 0.0
-0.419108 0.0467737 0.0
-0.419931 0.0728444 0.0
-0.420388 0.0993025 0.0
-0.420514 0.125956 0.0
-0.420341 0.152623 0.0
-0.419897 0.179125 0.0
-0.419205 0.205297 0.0
-0.418283 0.23098 0.0
-0.417144 0.256024 0.0
-0.415794 0.280291 0.0
-0.414233 0.303647 0.0
-0.412453 0.325969 0.0
-0.410441 0.347142 0.0
-0.408172 0.367055 0.0
-0.405616 0.385606 0.0
-0.402733 0.402698 0.0
-0.399474 0.418237 0.0
-0.395781 0.432135 0.0
-0.391593 0.444305 0.0
-0.38684 0.454666 0.0
-0.381453 0.463141 0.0
-0.375363 0.46966 0.0
-0.368506 0.474159 0.0
-0.36083 0.476587 0.0
-0.352293 0.476904 0.0
-0.342875 0.475092 0.0
-0.332571 0.471149 0.0
-0.321405 0.465099 0.0
-0.309419 0.456991 0.0
-0.29668 0.446899 0.0
-0.283275 0.434923 0.0
-0.269305 0.421186 0.0
-0.254884 0.405831 0.0
-0.240133 0.389018 0.0
-0.225175 0.370916 0.0
-0.210127 0.351702 0.0
-0.195099 0.331554 0.0
-0.180193 0.310651 0.0
-0.165496 0.289166 0.0
-0.151081 0.267265 0.0
-0.137009 0.245109 0.0
-0.123329 0.222853 0.0
-0.110079 0.200644 0.0
-0.0972873 0.178625 0.0
-0.084975 0.156935 0.0
-0.0731577 0.135709 0.0
-0.0618458 0.115078 0.0
-0.0510461 0.0951714 0.0
-0.0407615 0.0761129 0.0
-0.0309914 0.058022 0.0
-0.0217313 0.0410138 0.0
-0.0129745 0.0251962 0.0
-0.00471021 0.0106652 0.0
0.0030773 -0.00249225 0.0
0.0104036 -0.0141908 0.0
0.0172877 -0.0243655 0.0
0.0237545 -0.0329815 0.0
0.0298287 -0.0400242 0.0
0.0355333 -0.0455031 0.0
0.0408875 -0.0494548 0.0
0.0459028 -0.0519455 0.0
0.050578 -0.0530746 0.0
0.0548932 -0.0529801 0.0
0.0588001 -0.0518531 0.0
0.0622089 -0.0499683 0.0
0.0649771 -0.0477427 0.0
0.0669314 -0.0458029 0.0
0.0680091 -0.0448863 0.0
0.99994 0.00196152 0.0
0.9997 0.00585997 0.0
0.999219 0.00973549 0.0
0.998496 0.0135898 0.0
0.997528 0.017425 0.0
0.996312 0.021243 0.0
0.994844 0.0250465 0.0
0.993118 0.028838 0.0
0.99113 0.0326209 0.0
0.98887 0.0363988 0.0
0.986332 0.040176 0.0
0.983505 0.0439572 0.0
0.980378 0.0477484 0.0
0.976938 0.051556 0.0
0.973172 0.055388 0.0
0.969062 0.0592534 0.0
0.964591 0.0631629 0.0
0.959737 0.067129 0.0
0.954477 0.0711665 0.0
0.948785 0.0752929 0.0
0.942629 0.0795289 0.0
0.935977 0.0838993 0.0
0.928788 0.0884335 0.0
0.92102 0.0931672 0.0
0.912622 0.0981431 0.0
0.903537 0.103414 0.0
0.8937 0.109042 0.0
0.883037 0.115107 0.0
0.871463 0.121706 0.0
0.858884 0.128958 0.0
0.845189 0.137018 0.0
0.830259 0.146077 0.0
0.813959 0.15638 0.0
0.796143 0.168246 0.0
0.776662 0.182084 0.0
0.755376 0.198431 0.0
0.732178 0.217989 0.0
0.707045 0.241679 0.0
0.680127 0.270692 0.0
0.651901 0.306527 0.0
0.623424 0.350862 0.0
0.59659 0.404739 0.0
0.573609 0.464713 0.0
0.551267 0.50837 0.0
0.499298 0.470069 0.0
0.377615 0.354552 0.0
0.147915 0.14479 0.0
0 0 0.0
0 0 0.0
0 0 0.0
0 0 0.0
0 0 0.0
0 0 0.0
-0.012717 0.0133319 0.0
-0.0317941 0.031441 0.0
-0.0415291 0.0405851 0.0
-0.0469347 0.0453636 0.0
-0.0509792 0.0459996 0.0
-0.0554344 0.0443297 0.0
-0.060705 0.0421814 0.0
-0.06657 0.0407902 0.0
-0.0726748 0.0408434 0.0
-0.0787216 0.0426543 0.0
-0.0845121 0.0463115 0.0
-0.0899344 0.0517747 0.0
-0.0949369 0.0589322 0.0
-0.099505 0.0676316 0.0
-0.103643 0.0776967 0.0
-0.107363 0.0889356 0.0
-0.110682 0.101145 0.0
-0.113617 0.114114 0.0
-0.116187 0.127623 0.0
-0.118413 0.141449 0.0
-0.120322 0.155368 0.0
-0.121947 0.169156 0.0
-0.123329 0.182597 0.0
-0.124519 0.195481 0.0
-0.125575 0.207614 0.0
-0.126565 0.218813 0.0
-0.127559 0.228916 0.0
-0.128633 0.237779 0.0
-0.129862 0.245273 0.0
-0.131319 0.251291 0.0
-0.133072 0.255742 0.0
-0.135179 0.258548 0.0
-0.13769 0.259647 0.0
-0.140643 0.258989 0.0
-0.144066 0.256537 0.0
-0.147973 0.252267 0.0
-0.152368 0.246168 0.0
-0.157244 0.238248 0.0
-0.16258 0.228527 0.0
-0.168349 0.217049 0.0
-0.174512 0.203874 0.0
-0.181023 0.189087 0.0
-0.187827 0.172796 0.0
-0.194865 0.155133 0.0
-0.202074 0.136253 0.0
-0.209391 0.116338 0.0
-0.216752 0.0955879 0.0
-0.224101 0.0742257 0.0
-0.231384 0.0524885 0.0
-0.238562 0.0306243 0.0
-0.245605 0.0088857 0.0
-0.252501 -0.0124683 0.0
-0.259258 -0.0332502 0.0
-0.265887 -0.0532333 0.0
-0.272402 -0.0721897 0.0
-0.278827 -0.08991 0.0
-0.285193 -0.106208 0.0
-0.29154 -0.120921 0.0
-0.297909 -0.133913 0.0
-0.30434 -0.145072 0.0
-0.31087 -0.154309 0.0
-0.317524 -0.161556 0.0
-0.324316 -0.166762 0.0
-0.331242 -0.169888 0.0
-0.338278 -0.170907 0.0
-0.345386 -0.169801 0.0
-0.35251 -0.166559 0.0
-0.359581 -0.161179 0.0
-0.366528 -0.153673 0.0
-0.373273 -0.144067 0.0
-0.379743 -0.132404 0.0
-0.38587 -0.118748 0.0
-0.391593 -0.10318 0.0
-0.396864 -0.0858063 0.0
-0.401643 -0.0667499 0.0
-0.405903 -0.0461544 0.0
-0.409628 -0.0241794 0.0
-0.412814 -0.000996883 0.0
-0.41547 0.0232057 0.0
-0.417617 0.0482313 0.0
-0.419283 0.0738764 0.0
-0.420498 0.0999416 0.0
-0.421287 0.126233 0.0
-0.421678 0.152564 0.0
-0.421691 0.178753 0.0
-0.421345 0.20463 0.0
-0.420651 0.230031 0.0
-0.419618 0.254801 0.0
-0.418247 0.278793 0.0
-0.416532 0.301869 0.0
-0.414461 0.323897 0.0
-0.412015 0.344755 0.0
-0.409166 0.364324 0.0
-0.40588 0.382495 0.0
-0.402115 0.399162 0.0
-0.397824 0.414224 0.0
-0.392955 0.427587 0.0
-0.387451 0.439161 0.0
-0.381258 0.448864 0.0
-0.374322 0.45662 0.0
-0.366594 0.462364 0.0
-0.358038 0.466043 0.0
-0.348628 0.467616 0.0
-0.338353 0.467064 0.0
-0.327224 0.464384 0.0
-0.315269 0.459598 0.0
-0.302538 0.452751 0.0
-0.289098 0.443913 0.0
-0.275035 0.433175 0.0
-0.260449 0.420654 0.0
-0.245448 0.406484 0.0
-0.230148 0.390813 0.0
-0.214663 0.373801 0.0
-0.199105 0.355616 0.0
-0.183577 0.336426 0.0
-0.168174 0.316399 0.0
-0.152976 0.295702 0.0
-0.138053 0.274494 0.0
-0.123462 0.25293 0.0
-0.109249 0.231159 0.0
-0.0954487 0.209323 0.0
-0.0820895 0.187564 0.0
-0.0691917 0.166015 0.0
-0.0567705 0.144811 0.0
-0.0448369 0.124082 0.0
-0.0333977 0.103954 0.0
-0.0224566 0.0845544 0.0
-0.0120151 0.0660038 0.0
-0.00207102 0.0484169 0.0
0.00738328 0.0319046 0.0
0.0163602 0.0165717 0.0
0.0248744 0.00251132 0.0
0.032936 -0.0101875 0.0
0.0405555 -0.0214413 0.0
0.0477506 -0.0311942 0.0
0.0545418 -0.0394109 0.0
0.0609488 -0.046076 0.0
0.0669888 -0.0511959 0.0
0.0726737 -0.0548011 0.0
0.0780073 -0.0569479 0.0
0.0829807 -0.0577207 0.0
0.087567 -0.0572355 0.0
0.0917136 -0.0556512 0.0
0.0953306 -0.0531959 0.0
0.0982783 -0.0502311 0.0
0.100379 -0.0473701 0.0
0.101548 -0.0455653 0.0
0.999941 0.00208037 0.0
0.999706 0.00621676 0.0
0.999234 0.0103313 0.0
0.998525 0.0144265 0.0
0.997576 0.0185052 0.0
0.996384 0.0225704 0.0
0.994946 0.0266254 0.0
0.993257 0.030674 0.0
0.99131 0.0347204 0.0
0.989099 0.0387693 0.0
0.986617 0.042826 0.0
0.983854 0.0468969 0.0
0.980801 0.050989 0.0
0.977445 0.0551106 0.0
0.973774 0.059271 0.0
0.969773 0.0634812 0.0
0.965426 0.0677541 0.0
0.960713 0.0721046 0.0
0.955613 0.07655 0.0
0.950104 0.0811108 0.0
0.94416 0.0858111 0.0
0.93775 0.0906795 0.0
0.930842 0.0957498 0.0
0.923398 0.101062 0.0
0.915379 0.106665 0.0
0.906738 0.112618 0.0
0.897424 0.118989 0.0
0.887381 0.125866 0.0
0.876547 0.133354 0.0
0.864855 0.141581 0.0
0.852236 0.150709 0.0
0.838616 0.160936 0.0
0.823926 0.172512 0.0
0.808103 0.185752 0.0
0.791111 0.201051 0.0
0.772953 0.218909 0.0
0.753712 0.239951 0.0
0.733604 0.264958 0.0
0.713064 0.294872 0.0
0.692871 0.330767 0.0
0.674298 0.373673 0.0
0.659154 0.423905 0.0
0.649072 0.478609 0.0
0.641626 0.524261 0.0
0.6201 0.527674 0.0
0.559096 0.479634 0.0
0.432881 0.372498 0.0
0.174981 0.161511 0.0
0 0.0293693 0.0
0 0.00269381 0.0
0 0.00146053 0.0
0 0.00167616 0.0
-0.0094234 0.00901019 0.0
-0.0217626 0.0295795 0.0
-0.0263096 0.0394324 0.0
-0.0290692 0.0450884 0.0
-0.0311677 0.0483644 0.0
-0.0334289 0.0493046 0.0
-0.0365607 0.0486116 0.0
-0.0407519 0.0473613 0.0
-0.0457945 0.0465179 0.0
-0.0513296 0.0467555 0.0
-0.0570097 0.0484691 0.0
-0.0625674 0.0518448 0.0
-0.067827 0.0569232 0.0
-0.0726883 0.0636477 0.0
-0.077105 0.0719009 0.0
-0.0810655 0.0815256 0.0
-0.0845782 0.0923398 0.0
-0.0876627 0.104145 0.0
-0.0903445 0.116732 0.0
-0.0926521 0.129883 0.0
-0.094617 0.14338 0.0
-0.0962747 0.157003 0.0
-0.0976654 0.170536 0.0
-0.0988357 0.183769 0.0
-0.0998384 0.196502 0.0
-0.100733 0.208545 0.0
-0.101585 0.219723 0.0
-0.102462 0.229878 0.0
-0.103435 0.238864 0.0
-0.104574 0.246556 0.0
-0.105947 0.252839 0.0
-0.107616 0.257616 0.0
-0.109637 0.260802 0.0
-0.112056 0.262324 0.0
-0.11491 0.262121 0.0
-0.118229 0.260146 0.0
-0.122029 0.256364 0.0
-0.126318 0.250754 0.0
-0.131092 0.243311 0.0
-0.136338 0.234046 0.0
-0.142032 0.222993 0.0
-0.148142 0.210203 0.0
-0.154626 0.195752 0.0
-0.161433 0.179742 0.0
-0.168509 0.1623 0.0
-0.175791 0.143578 0.0
-0.183217 0.123755 0.0
-0.190721 0.103036 0.0
-0.198244 0.0816477 0.0
-0.205728 0.0598341 0.0
-0.213125 0.0378541 0.0
-0.220402 0.015975 0.0
-0.227532 -0.00553078 0.0
-0.234519 -0.0264437 0.0
-0.241379 -0.0465512 0.0
-0.24812 -0.0656162 0.0
-0.254759 -0.0834193 0.0
-0.261325 -0.0997659 0.0
-0.267852 -0.114488 0.0
-0.274383 -0.127447 0.0
-0.280962 -0.138529 0.0
-0.287634 -0.147651 0.0
-0.29444 -0.154754 0.0
-0.301411 -0.159801 0.0
-0.308564 -0.162771 0.0
-0.315894 -0.163657 0.0
-0.323378 -0.162459 0.0
-0.330973 -0.159183 0.0
-0.338616 -0.15384 0.0
-0.346233 -0.146449 0.0
-0.353741 -0.137038 0.0
-0.361056 -0.125649 0.0
-0.368096 -0.112337 0.0
-0.374787 -0.0971771 0.0
-0.381062 -0.0802637 0.0
-0.386866 -0.0617092 0.0
-0.392157 -0.0416447 0.0
-0.396902 -0.0202188 0.0
-0.401081 0.00240812 0.0
-0.404689 0.0260645 0.0
-0.407734 0.0505641 0.0
-0.41023 0.0757058 0.0
-0.412194 0.10129 0.0
-0.413641 0.127122 0.0
-0.41459 0.153013 0.0
-0.415052 0.178779 0.0
-0.41504 0.204245 0.0
-0.41456 0.229242 0.0
-0.413613 0.25361 0.0
-0.412197 0.277196 0.0
-0.410303 0.299855 0.0
-0.407914 0.32145 0.0
-0.405008 0.34185 0.0
-0.401559 0.360931 0.0
-0.397532 0.378576 0.0
-0.392889 0.394674 0.0
-0.38759 0.409121 0.0
-0.38159 0.42182 0.0
-0.374848 0.432682 0.0
-0.367324 0.441625 0.0
-0.358984 0.448582 0.0
-0.349804 0.453495 0.0
-0.339771 0.456323 0.0
-0.328887 0.457042 0.0
-0.31717 0.455647 0.0
-0.304655 0.452157 0.0
-0.291394 0.44661 0.0
-0.277457 0.439071 0.0
-0.262929 0.429625 0.0
-0.247906 0.418377 0.0
-0.232491 0.405452 0.0
-0.216793 0.390989 0.0
-0.200921 0.375136 0.0
-0.18498 0.358052 0.0
-0.169067 0.339894 0.0
-0.153271 0.320823 0.0
-0.137669 0.300996 0.0
-0.122328 0.280566 0.0
-0.1073 0.259681 0.0
-0.0926323 0.238485 0.0
-0.0783586 0.217117 0.0
-0.0645071 0.195713 0.0
-0.0510993 0.174407 0.0
-0.0381517 0.153327 0.0
-0.0256764 0.132603 0.0
-0.0136827 0.112363 0.0
-0.00217666 0.0927284 0.0
0.00884158 0.0738211 0.0
0.019377 0.0557601 0.0
0.0294366 0.038657 0.0
0.0390278 0.0226191 0.0
0.0481598 0.00774828 0.0
0.0568416 -0.00586115 0.0
0.0650796 -0.0181146 0.0
0.0728848 -0.0289388 0.0
0.080274 -0.0382811 0.0
0.0872648 -0.046106 0.0
0.0938731 -0.0523962 0.0
0.100112 -0.0571544 0.0
0.105989 -0.0604043 0.0
0.111503 -0.0621922 0.0
0.116641 -0.0625879 0.0
0.121373 -0.0616874 0.0
0.125648 -0.0596202 0.0
0.129376 -0.0565723 0.0
0.132425 -0.0528513 0.0
0.134619 -0.0490451 0.0
0.135855 -0.0462945 0.0
0.999943 0.00219669 0.0
0.999712 0.00656596 0.0
0.999252 0.0109143 0.0
0.998559 0.0152451 0.0
0.997633 0.0195619 0.0
0.99647 0.0238684 0.0
0.995067 0.0281689 0.0
0.993419 0.032468 0.0
0.991521 0.0367708 0.0
0.989368 0.0410829 0.0
0.986951 0.0454109 0.0
0.984264 0.049762 0.0
0.981297 0.0541447 0.0
0.978039 0.0585684 0.0
0.974479 0.0630441 0.0
0.970604 0.0675843 0.0
0.966399 0.0722035 0.0
0.961849 0.0769187 0.0
0.956935 0.0817493 0.0
0.951637 0.0867181 0.0
0.945933 0.0918519 0.0
0.9398 0.097182 0.0
0.93321 0.102745 0.0
0.926135 0.108586 0.0
0.918542 0.114755 0.0
0.910397 0.121315 0.0
0.901664 0.128339 0.0
0.892304 0.135919 0.0
0.882278 0.144161 0.0
0.871548 0.153196 0.0
0.860078 0.163184 0.0
0.847839 0.174319 0.0
0.83482 0.18684 0.0
0.821028 0.201038 0.0
0.806515 0.217271 0.0
0.791393 0.235969 0.0
0.775873 0.257652 0.0
0.760313 0.282925 0.0
0.745287 0.31247 0.0
0.73167 0.346979 0.0
0.72071 0.386994 0.0
0.713992 0.432446 0.0
0.712896 0.481247 0.0
0.716403 0.525562 0.0
0.716373 0.547928 0.0
0.69955 0.537206 0.0
0.654914 0.485778 0.0
0.573923 0.37365 0.0
0.433289 0.148742 0.0
0.279227 0.0694457 0.0
0.176153 0.0419375 0.0
0.111573 0.0289158 0.0
0.071113 0.032917 0.0
0.0478444 0.0408673 0.0
0.0339421 0.0465939 0.0
0.0242514 0.0503772 0.0
0.0166735 0.052752 0.0
0.0100948 0.053757 0.0
0.00370922 0.0536766 0.0
-0.00291269 0.0531095 0.0
-0.00983661 0.0527363 0.0
-0.0169046 0.0531403 0.0
-0.0238804 0.0547403 0.0
-0.0305455 0.0577966 0.0
-0.0367403 0.0624258 0.0
-0.0423675 0.0686336 0.0
-0.0473837 0.076348 0.0
-0.051786 0.0854413 0.0
-0.0555988 0.0957496 0.0
-0.0588623 0.107083 0.0
-0.0616246 0.119237 0.0
-0.0639373 0.131998 0.0
-0.0658523 0.145146 0.0
-0.0674225 0.158466 0.0
-0.0687023 0.171745 0.0
-0.0697484 0.184778 0.0
-0.0706209 0.197369 0.0
-0.0713828 0.209334 0.0
-0.0721001 0.220502 0.0
-0.0728405 0.230716 0.0
-0.0736723 0.239831 0.0
-0.0746624 0.247719 0.0
-0.0758747 0.254262 0.0
-0.0773687 0.259357 0.0
-0.079198 0.262911 0.0
-0.0814088 0.264844 0.0
-0.0840397 0.265086 0.0
-0.0871207 0.263581 0.0
-0.0906728 0.260282 0.0
-0.0947081 0.25516 0.0
-0.0992291 0.2482 0.0
-0.104229 0.239403 0.0
-0.109691 0.228793 0.0
-0.115591 0.216412 0.0
-0.121892 0.202328 0.0
-0.128554 0.186635 0.0
-0.135526 0.169454 0.0
-0.142751 0.150932 0.0
-0.150171 0.131247 0.0
-0.157723 0.110602 0.0
-0.165345 0.0892266 0.0
-0.172978 0.0673719 0.0
-0.180569 0.0453052 0.0
-0.188075 0.0233058 0.0
-0.195462 0.00165544 0.0
-0.202725 -0.0193795 0.0
-0.209876 -0.0396046 0.0
-0.216921 -0.0587775 0.0
-0.223869 -0.0766704 0.0
-0.230737 -0.0930805 0.0
-0.237551 -0.107832 0.0
-0.244343 -0.12078 0.0
-0.251152 -0.131807 0.0
-0.258024 -0.140829 0.0
-0.265004 -0.14779 0.0
-0.272136 -0.152662 0.0
-0.279453 -0.15544 0.0
-0.286977 -0.156135 0.0
-0.294705 -0.154768 0.0
-0.302615 -0.151368 0.0
-0.310661 -0.145965 0.0
-0.318776 -0.138592 0.0
-0.326878 -0.129285 0.0
-0.334877 -0.118088 0.0
-0.342682 -0.105053 0.0
-0.350202 -0.0902497 0.0
-0.357357 -0.0737612 0.0
-0.364075 -0.0556892 0.0
-0.370297 -0.0361524 0.0
-0.375975 -0.0152873 0.0
-0.381073 0.0067539 0.0
-0.385571 0.0298244 0.0
-0.389464 0.0537419 0.0
-0.392749 0.0783093 0.0
-0.395429 0.10333 0.0
-0.397507 0.128609 0.0
-0.398991 0.153958 0.0
-0.399884 0.17919 0.0
-0.400189 0.204128 0.0
-0.399908 0.228598 0.0
-0.399038 0.252437 0.0
-0.39757 0.275486 0.0
-0.395493 0.297594 0.0
-0.392791 0.318619 0.0
-0.38944 0.338425 0.0
-0.385417 0.356883 0.0
-0.380692 0.373872 0.0
-0.375235 0.389278 0.0
-0.369013 0.402996 0.0
-0.361996 0.414929 0.0
-0.354157 0.424992 0.0
-0.345476 0.43311 0.0
-0.335939 0.439221 0.0
-0.325545 0.443282 0.0
-0.314304 0.445263 0.0
-0.302242 0.445155 0.0
-0.289397 0.442972 0.0
-0.275827 0.438746 0.0
-0.2616 0.432533 0.0
-0.246799 0.424411 0.0
-0.231517 0.414475 0.0
-0.215852 0.402839 0.0
-0.199909 0.389631 0.0
-0.183788 0.374991 0.0
-0.16759 0.359064 0.0
-0.151408 0.342 0.0
-0.135324 0.32395 0.0
-0.119414 0.305062 0.0
-0.103741 0.285483 0.0
-0.0883594 0.265355 0.0
-0.0733136 0.244818 0.0
-0.05864 0.224006 0.0
-0.044368 0.20305 0.0
-0.0305213 0.182082 0.0
-0.0171193 0.161228 0.0
-0.00417715 0.140615 0.0
0.00829524 0.120367 0.0
0.0202943 0.100606 0.0
0.03182 0.0814531 0.0
0.0428733 0.0630248 0.0
0.0534572 0.0454372 0.0
0.063576 0.0288015 0.0
0.0732356 0.0132238 0.0
0.0824437 -0.0011964 0.0
0.0912042 -0.0143588 0.0
0.0995233 -0.0261741 0.0
0.107414 -0.0365756 0.0
0.114892 -0.0455116 0.0
0.121972 -0.0529459 0.0
0.128666 -0.0588588 0.0
0.134984 -0.0632488 0.0
0.140931 -0.0661331 0.0
0.146502 -0.0675483 0.0
0.151683 -0.0675508 0.0
0.156444 -0.0662183 0.0
0.160734 -0.063654 0.0
0.164474 -0.0600064 0.0
0.167541 -0.0555326 0.0
0.169769 -0.0507861 0.0
0.171045 -0.0470659 0.0
0.999944 0.0023101 0.0
0.99972 0.00690638 0.0
0.999272 0.0114826 0.0
0.998599 0.0160429 0.0
0.997698 0.0205914 0.0
0.996567 0.0251326 0.0
0.995203 0.0296716 0.0
0.993603 0.0342137 0.0
0.991761 0.0387647 0.0
0.989672 0.0433313 0.0
0.98733 0.0479208 0.0
0.984728 0.0525416 0.0
0.981857 0.0572031 0.0
0.978709 0.0619158 0.0
0.975274 0.0666919 0.0
0.971541 0.0715452 0.0
0.967496 0.0764917 0.0
0.963127 0.0815498 0.0
0.958419 0.0867405 0.0
0.953355 0.0920883 0.0
0.947918 0.0976218 0.0
0.94209 0.103374 0.0
0.935849 0.109384 0.0
0.929174 0.115697 0.0
0.922043 0.122367 0.0
0.914432 0.129457 0.0
0.90632 0.137042 0.0
0.897684 0.145212 0.0
0.888507 0.154071 0.0
0.878773 0.163748 0.0
0.868481 0.174394 0.0
0.857638 0.186189 0.0
0.846278 0.19935 0.0
0.834464 0.214133 0.0
0.822312 0.230842 0.0
0.810004 0.249828 0.0
0.797825 0.271491 0.0
0.786202 0.296269 0.0
0.775746 0.324607 0.0
0.767309 0.356895 0.0
0.762012 0.393335 0.0
0.761196 0.433641 0.0
0.76608 0.476265 0.0
0.776599 0.516518 0.0
0.789105 0.544496 0.0
0.796467 0.550099 0.0
0.790732 0.523256 0.0
0.761046 0.446848 0.0
0.679836 0.297388 0.0
0.558308 0.19639 0.0
0.440775 0.135601 0.0
0.341541 0.0990663 0.0
0.263414 0.0813534 0.0
0.205589 0.0735244 0.0
0.163584 0.0698443 0.0
0.132542 0.0678601 0.0
0.108818 0.0665703 0.0
0.0899081 0.0654276 0.0
0.0740718 0.0642278 0.0
0.0601659 0.0630861 0.0
0.0475351 0.0623144 0.0
0.0358812 0.062284 0.0
0.0251239 0.0633298 0.0
0.0152879 0.0657082 0.0
0.00642592 0.0695709 0.0
-0.00142781 0.0749693 0.0
-0.00827457 0.0818751 0.0
-0.0141525 0.0901945 0.0
-0.019128 0.0997845 0.0
-0.0232832 0.110467 0.0
-0.0267088 0.122042 0.0
-0.0294964 0.134294 0.0
-0.0317348 0.147003 0.0
-0.0335091 0.159953 0.0
-0.0349002 0.172929 0.0
-0.0359862 0.185726 0.0
-0.0368429 0.19815 0.0
-0.0375445 0.210017 0.0
-0.038164 0.221157 0.0
-0.0387731 0.231411 0.0
-0.0394419 0.240636 0.0
-0.0402376 0.248699 0.0
-0.0412239 0.25548 0.0
-0.0424598 0.260869 0.0
-0.0439992 0.264768 0.0
-0.0458896 0.267089 0.0
-0.0481715 0.267755 0.0
-0.0508784 0.2667 0.0
-0.0540359 0.263872 0.0
-0.0576617 0.259231 0.0
-0.0617652 0.252753 0.0
-0.0663473 0.244432 0.0
-0.0714005 0.23428 0.0
-0.0769084 0.222332 0.0
-0.0828457 0.208647 0.0
-0.0891796 0.193312 0.0
-0.0958697 0.176439 0.0
-0.102869 0.158172 0.0
-0.110126 0.138683 0.0
-0.117584 0.118175 0.0
-0.125186 0.0968769 0.0
-0.132874 0.0750422 0.0
-0.140592 0.0529444 0.0
-0.148291 0.0308713 0.0
-0.155931 0.00911697 0.0
-0.163492 -0.012017 0.0
-0.170979 -0.0323297 0.0
-0.178399 -0.0515874 0.0
-0.185754 -0.0695572 0.0
-0.193049 -0.0860301 0.0
-0.200294 -0.100824 0.0
-0.207504 -0.113786 0.0
-0.214705 -0.124792 0.0
-0.221926 -0.133752 0.0
-0.229205 -0.140607 0.0
-0.236586 -0.145332 0.0
-0.24411 -0.147928 0.0
-0.251815 -0.148419 0.0
-0.259724 -0.146847 0.0
-0.267842 -0.143261 0.0
-0.276149 -0.137719 0.0
-0.2846 -0.130273 0.0
-0.293124 -0.120977 0.0
-0.301635 -0.109885 0.0
-0.310036 -0.0970505 0.0
-0.318229 -0.0825395 0.0
-0.326118 -0.0664278 0.0
-0.333616 -0.0488066 0.0
-0.340646 -0.0297826 0.0
-0.347146 -0.00947831 0.0
-0.353067 0.0119636 0.0
-0.358374 0.0344195 0.0
-0.363043 0.0577087 0.0
-0.367055 0.0816404 0.0
-0.370399 0.106022 0.0
-0.373066 0.130662 0.0
-0.37505 0.155372 0.0
-0.376348 0.179966 0.0
-0.376955 0.204264 0.0
-0.376864 0.228091 0.0
-0.376069 0.251279 0.0
-0.374559 0.273666 0.0
-0.372321 0.295099 0.0
-0.369338 0.315429 0.0
-0.365592 0.334519 0.0
-0.361062 0.352236 0.0
-0.355727 0.368458 0.0
-0.349563 0.383071 0.0
-0.342552 0.39597 0.0
-0.334679 0.407064 0.0
-0.325931 0.416271 0.0
-0.316307 0.423525 0.0
-0.305814 0.428776 0.0
-0.294469 0.431989 0.0
-0.282304 0.43315 0.0
-0.269362 0.432264 0.0
-0.255701 0.429358 0.0
-0.241389 0.424478 0.0
-0.226507 0.417693 0.0
-0.211144 0.409087 0.0
-0.195394 0.398766 0.0
-0.179356 0.386845 0.0
-0.163126 0.373452 0.0
-0.146799 0.358723 0.0
-0.130463 0.342798 0.0
-0.114199 0.325819 0.0
-0.0980795 0.307927 0.0
-0.0821672 0.289262 0.0
-0.0665166 0.26996 0.0
-0.0511736 0.250154 0.0
-0.0361767 0.229977 0.0
-0.0215585 0.209555 0.0
-0.00734642 0.189017 0.0
0.00643787 0.168484 0.0
0.0197793 0.148082 0.0
0.0326683 0.127931 0.0
0.0450982 0.108149 0.0
0.0570648 0.0888581 0.0
0.0685661 0.0701744 0.0
0.0796016 0.0522146 0.0
0.0901729 0.0350923 0.0
0.100283 0.0189171 0.0
0.109938 0.00379333 0.0
0.119141 -0.0101771 0.0
0.127896 -0.0228929 0.0
0.13621 -0.0342738 0.0
0.144098 -0.0442551 0.0
0.151573 -0.0527848 0.0
0.158646 -0.0598256 0.0
0.165329 -0.0653553 0.0
0.171627 -0.0693682 0.0
0.177542 -0.0718753 0.0
0.183069 -0.0729043 0.0
0.188193 -0.0724999 0.0
0.192886 -0.0707233 0.0
0.197102 -0.0676555 0.0
0.20077 -0.0634126 0.0
0.203783 -0.058206 0.0
0.205993 -0.0525506 0.0
0.207286 -0.0478709 0.0
0.999946 0.00242024 0.0
0.999729 0.00723698 0.0
0.999295 0.0120345 0.0
0.998642 0.0168173 0.0
0.997769 0.0215905 0.0
0.996674 0.026359 0.0
0.995355 0.0311286 0.0
0.993807 0.0359052 0.0
0.992026 0.0406955 0.0
0.990009 0.0455069 0.0
0.987748 0.0503474 0.0
0.98524 0.0552261 0.0
0.982476 0.0601533 0.0
0.979448 0.0651406 0.0
0.97615 0.070201 0.0
0.97257 0.0753493 0.0
0.9687 0.0806025 0.0
0.964528 0.0859799 0.0
0.960043 0.0915038 0.0
0.955232 0.0971998 0.0
0.950081 0.103097 0.0
0.944578 0.10923 0.0
0.938709 0.115639 0.0
0.932458 0.122368 0.0
0.925812 0.129472 0.0
0.91876 0.137014 0.0
0.911291 0.145066 0.0
0.903399 0.153715 0.0
0.895083 0.163061 0.0
0.886352 0.173223 0.0
0.877227 0.184338 0.0
0.867748 0.196567 0.0
0.857981 0.2101 0.0
0.848028 0.22515 0.0
0.838045 0.241962 0.0
0.828256 0.260806 0.0
0.818975 0.281971 0.0
0.810643 0.305745 0.0
0.803847 0.332383 0.0
0.799354 0.362049 0.0
0.798117 0.394715 0.0
0.801225 0.429968 0.0
0.809698 0.466581 0.0
0.823849 0.501532 0.0
0.84204 0.528785 0.0
0.86001 0.540476 0.0
0.871087 0.527537 0.0
0.864639 0.478702 0.0
0.823339 0.388044 0.0
0.747095 0.303506 0.0
0.655693 0.237419 0.0
0.563408 0.188767 0.0
0.47816 0.155028 0.0
0.403837 0.131998 0.0
0.341164 0.116049 0.0
0.289145 0.104717 0.0
0.246147 0.0964354 0.0
0.210435 0.0901848 0.0
0.180408 0.0853335 0.0
0.154726 0.0815679 0.0
0.132374 0.0788157 0.0
0.112655 0.0771557 0.0
0.0951355 0.0767347 0.0
0.0795677 0.077707 0.0
0.0658119 0.0801899 0.0
0.0537751 0.0842408 0.0
0.0433715 0.089854 0.0
0.0345026 0.0969625 0.0
0.0270506 0.105444 0.0
0.0208806 0.115133 0.0
0.0158479 0.125834 0.0
0.0118052 0.137331 0.0
0.00860852 0.149401 0.0
0.00612199 0.161816 0.0
0.00421962 0.174359 0.0
0.00278571 0.186816 0.0
0.00171404 0.198988 0.0
0.000906673 0.210687 0.0
0.000272812 0.221739 0.0
-0.000272107 0.231983 0.0
-0.000806999 0.241269 0.0
-0.00140539 0.249461 0.0
-0.00213545 0.256434 0.0
-0.00305983 0.262074 0.0
-0.00423548 0.266277 0.0
-0.00571334 0.268947 0.0
-0.00753811 0.270003 0.0
-0.00974793 0.269369 0.0
-0.0123741 0.266987 0.0
-0.015441 0.262809 0.0
-0.0189657 0.256804 0.0
-0.022958 0.248956 0.0
-0.0274203 0.239271 0.0
-0.0323466 0.227775 0.0
-0.0377228 0.214518 0.0
-0.043528 0.19958 0.0
-0.0497345 0.183067 0.0
-0.0563081 0.165117 0.0
-0.0632088 0.145896 0.0
-0.0703919 0.125604 0.0
-0.0778088 0.104467 0.0
-0.0854078 0.0827388 0.0
-0.0931362 0.0606945 0.0
-0.100943 0.038627 0.0
-0.108783 0.0168415 0.0
-0.116617 -0.00434631 0.0
-0.124441 -0.0246902 0.0
-0.132267 -0.0439807 0.0
-0.140091 -0.0619846 0.0
-0.147909 -0.0784904 0.0
-0.155715 -0.0933126 0.0
-0.16351 -0.106293 0.0
-0.171294 -0.117301 0.0
-0.179075 -0.12624 0.0
-0.186868 -0.133045 0.0
-0.194696 -0.137685 0.0
-0.202591 -0.140156 0.0
-0.21059 -0.140487 0.0
-0.218732 -0.138728 0.0
-0.227047 -0.134948 0.0
-0.235546 -0.129226 0.0
-0.244216 -0.121645 0.0
-0.253015 -0.112283 0.0
-0.261873 -0.10121 0.0
-0.270702 -0.0884949 0.0
-0.2794 -0.074204 0.0
-0.287864 -0.0584103 0.0
-0.295994 -0.0411964 0.0
-0.303698 -0.0226583 0.0
-0.310896 -0.00290481 0.0
-0.317527 0.0179415 0.0
-0.323543 0.0397647 0.0
-0.328901 0.0623905 0.0
-0.333566 0.0856359 0.0
-0.33751 0.109315 0.0
-0.340713 0.13324 0.0
-0.343159 0.157225 0.0
-0.344833 0.181086 0.0
-0.345724 0.204642 0.0
-0.345821 0.227719 0.0
-0.345112 0.250147 0.0
-0.343584 0.271761 0.0
-0.341225 0.292406 0.0
-0.33802 0.311934 0.0
-0.333954 0.330203 0.0
-0.329013 0.347081 0.0
-0.323183 0.362447 0.0
-0.316454 0.376189 0.0
-0.308819 0.388206 0.0
-0.300275 0.39841 0.0
-0.290828 0.40673 0.0
-0.280493 0.413107 0.0
-0.269293 0.417501 0.0
-0.257263 0.41989 0.0
-0.24445 0.420271 0.0
-0.230912 0.418663 0.0
-0.216717 0.415102 0.0
-0.201943 0.409648 0.0
-0.186676 0.402374 0.0
-0.171005 0.393373 0.0
-0.155024 0.38275 0.0
-0.138825 0.370623 0.0
-0.122499 0.357117 0.0
-0.10613 0.342362 0.0
-0.0897979 0.326491 0.0
-0.0735731 0.309638 0.0
-0.057519 0.291935 0.0
-0.0416911 0.273514 0.0
-0.0261381 0.254504 0.0
-0.0109018 0.235031 0.0
0.00398205 0.215219 0.0
0.0184841 0.195192 0.0
0.0325819 0.17507 0.0
0.046258 0.154971 0.0
0.0594988 0.135013 0.0
0.0722939 0.115315 0.0
0.0846354 0.0959934 0.0
0.0965177 0.0771652 0.0
0.107937 0.0589465 0.0
0.118893 0.0414513 0.0
0.129386 0.0247915 0.0
0.139419 0.00907456 0.0
0.148995 -0.00559581 0.0
0.158117 -0.0191129 0.0
0.16679 -0.0313836 0.0
0.175023 -0.0423317 0.0
0.182831 -0.0518925 0.0
0.190222 -0.0600137 0.0
0.197209 -0.0666563 0.0
0.203797 -0.0717956 0.0
0.209993 -0.0754218 0.0
0.215797 -0.0775403 0.0
0.221201 -0.0781711 0.0
0.226192 -0.0773485 0.0
0.230745 -0.0751201 0.0
0.234819 -0.0715484 0.0
0.238354 -0.0667229 0.0
0.241262 -0.0608162 0.0
0.243414 -0.0543026 0.0
0.244703 -0.0487008 0.0
0.999948 0.00252681 0.0
0.999738 0.0075568 0.0
0.999319 0.0125682 0.0
0.998689 0.0175662 0.0
0.997847 0.0225562 0.0
0.996791 0.027544 0.0
0.995519 0.0325356 0.0
0.994027 0.0375377 0.0
0.992313 0.0425576 0.0
0.990373 0.0476031 0.0
0.988201 0.052683 0.0
0.985793 0.0578071 0.0
0.983143 0.0629863 0.0
0.980245 0.0682327 0.0
0.977093 0.0735602 0.0
0.973678 0.0789842 0.0
0.969994 0.0845223 0.0
0.966031 0.0901945 0.0
0.961782 0.0960237 0.0
0.957237 0.102036 0.0
0.952388 0.108261 0.0
0.947225 0.114732 0.0
0.941741 0.12149 0.0
0.935929 0.12858 0.0
0.929783 0.136053 0.0
0.923299 0.143969 0.0
0.916481 0.152399 0.0
0.909333 0.161422 0.0
0.901871 0.171132 0.0
0.894121 0.181633 0.0
0.886123 0.193049 0.0
0.87794 0.205518 0.0
0.86966 0.219196 0.0
0.861411 0.234255 0.0
0.853368 0.250883 0.0
0.845768 0.269274 0.0
0.838932 0.28962 0.0
0.833273 0.312087 0.0
0.829323 0.336787 0.0
0.827736 0.363726 0.0
0.829284 0.392728 0.0
0.834814 0.423317 0.0
0.845105 0.454468 0.0
0.860504 0.484095 0.0
0.880184 0.508351 0.0
0.901399 0.521726 0.0
0.919004 0.517606 0.0
0.924812 0.489274 0.0
0.908196 0.435388 0.0
0.86597 0.374632 0.0
0.805331 0.318334 0.0
0.734987 0.270482 0.0
0.661825 0.231722 0.0
0.590528 0.200923 0.0
0.523802 0.176523 0.0
0.462937 0.157126 0.0
0.408325 0.141636 0.0
0.359811 0.12921 0.0
0.316921 0.119225 0.0
0.279029 0.11125 0.0
0.24549 0.105025 0.0
0.215726 0.100429 0.0
0.189275 0.0974321 0.0
0.165792 0.0960613 0.0
0.145027 0.0963559 0.0
0.126799 0.0983403 0.0
0.110953 0.102004 0.0
0.0973414 0.107293 0.0
0.0858059 0.114101 0.0
0.0761703 0.122281 0.0
0.0682433 0.131646 0.0
0.0618247 0.141981 0.0
0.0567128 0.153059 0.0
0.0527123 0.164645 0.0
0.0496392 0.176506 0.0
0.0473247 0.188417 0.0
0.0456155 0.200167 0.0
0.0443741 0.211557 0.0
0.0434773 0.222401 0.0
0.0428148 0.232529 0.0
0.0422874 0.241785 0.0
0.0418061 0.250025 0.0
0.0412906 0.257116 0.0
0.0406687 0.262939 0.0
0.0398754 0.267381 0.0
0.0388527 0.270343 0.0
0.0375493 0.271735 0.0
0.0359202 0.271476 0.0
0.033927 0.2695 0.0
0.0315375 0.265753 0.0
0.0287261 0.260196 0.0
0.0254741 0.252808 0.0
0.0217692 0.243586 0.0
0.0176049 0.23255 0.0
0.0129811 0.219743 0.0
0.00790451 0.205237 0.0
0.00238814 0.189133 0.0
-0.00354953 0.171562 0.0
-0.00988433 0.152686 0.0
-0.0165862 0.132699 0.0
-0.0236197 0.111822 0.0
-0.0309445 0.0903071 0.0
-0.0385155 0.0684256 0.0
-0.0462852 0.0464722 0.0
-0.0542058 0.0247569 0.0
-0.0622313 0.00359812 0.0
-0.0703401 -0.016702 0.0
-0.078536 -0.0359471 0.0
-0.086819 -0.053911 0.0
-0.0951807 -0.0703847 0.0
-0.10361 -0.0851826 0.0
-0.112093 -0.0981454 0.0
-0.120613 -0.109143 0.0
-0.129154 -0.118076 0.0
-0.137697 -0.124873 0.0
-0.146233 -0.129493 0.0
-0.154761 -0.131925 0.0
-0.163295 -0.132185 0.0
-0.171865 -0.130319 0.0
-0.180506 -0.126401 0.0
-0.189252 -0.120527 0.0
-0.198124 -0.112802 0.0
-0.207118 -0.103333 0.0
-0.216199 -0.0922194 0.0
-0.225306 -0.0795501 0.0
-0.23435 -0.0654062 0.0
-0.24323 -0.0498647 0.0
-0.251837 -0.0330045 0.0
-0.260071 -0.0149124 0.0
-0.267836 0.00431188 0.0
-0.275058 0.0245775 0.0
-0.281675 0.045762 0.0
-0.287625 0.0677014 0.0
-0.292858 0.0902224 0.0
-0.297332 0.113147 0.0
-0.301015 0.136293 0.0
-0.303878 0.15948 0.0
-0.3059 0.182527 0.0
-0.307063 0.205255 0.0
-0.307349 0.227489 0.0
-0.306744 0.249062 0.0
-0.305234 0.269808 0.0
-0.302807 0.289573 0.0
-0.299453 0.308207 0.0
-0.29516 0.325571 0.0
-0.289921 0.341534 0.0
-0.283732 0.355976 0.0
-0.276593 0.368791 0.0
-0.268508 0.379883 0.0
-0.259489 0.389171 0.0
-0.249556 0.39659 0.0
-0.238737 0.402093 0.0
-0.227071 0.405648 0.0
-0.214604 0.407246 0.0
-0.201396 0.406894 0.0
-0.187514 0.404619 0.0
-0.173032 0.400469 0.0
-0.158033 0.394508 0.0
-0.142603 0.386816 0.0
-0.126831 0.377488 0.0
-0.110806 0.366629 0.0
-0.0946135 0.354354 0.0
-0.0783372 0.340784 0.0
-0.0620537 0.326043 0.0
-0.0458344 0.310258 0.0
-0.0297438 0.293555 0.0
-0.0138392 0.276059 0.0
0.00182826 0.257895 0.0
0.0172133 0.239185 0.0
0.0322781 0.220048 0.0
0.0469914 0.200605 0.0
0.0613276 0.180969 0.0
0.0752653 0.161258 0.0
0.0887868 0.141585 0.0
0.101878 0.122067 0.0
0.114526 0.102818 0.0
0.126723 0.0839525 0.0
0.138461 0.0655855 0.0
0.149737 0.0478305 0.0
0.160549 0.0307994 0.0
0.170898 0.0146017 0.0
0.180787 -0.000657117 0.0
0.190215 -0.0148697 0.0
0.199187 -0.0279327 0.0
0.207711 -0.0397596 0.0
0.215796 -0.0502752 0.0
0.223454 -0.0594143 0.0
0.230695 -0.0671239 0.0
0.237525 -0.0733631 0.0
0.243952 -0.0781049 0.0
0.24998 -0.0813358 0.0
0.255606 -0.0830562 0.0
0.260826 -0.0832797 0.0
0.265627 -0.0820317 0.0
0.269986 -0.0793488 0.0
0.273872 -0.0752789 0.0
0.277234 -0.0698906 0.0
0.280002 -0.0633244 0.0
0.282071 -0.0560154 0.0
0.283341 -0.0495473 0.0
0.99995 0.00262952 0.0
0.999748 0.00786503 0.0
0.999345 0.0130825 0.0
0.998739 0.0182876 0.0
0.99793 0.0234862 0.0
0.996915 0.0286844 0.0
0.995694 0.0338889 0.0
0.994263 0.0391069 0.0
0.992619 0.0443459 0.0
0.99076 0.0496143 0.0
0.988682 0.0549216 0.0
0.986381 0.0602778 0.0
0.983852 0.0656943 0.0
0.981091 0.0711838 0.0
0.978092 0.0767605 0.0
0.97485 0.0824402 0.0
0.97136 0.0882409 0.0
0.967616 0.0941828 0.0
0.963612 0.100289 0.0
0.959343 0.106585 0.0
0.954804 0.1131 0.0
0.94999 0.119869 0.0
0.9449 0.126928 0.0
0.939532 0.134322 0.0
0.933887 0.142101 0.0
0.927972 0.150319 0.0
0.921797 0.159043 0.0
0.915379 0.168344 0.0
0.908746 0.178306 0.0
0.901935 0.189021 0.0
0.895002 0.200593 0.0
0.888024 0.213137 0.0
0.881103 0.226778 0.0
0.874377 0.241648 0.0
0.868028 0.257882 0.0
0.862292 0.27561 0.0
0.857467 0.294945 0.0
0.853929 0.315959 0.0
0.852134 0.338662 0.0
0.852616 0.362956 0.0
0.855977 0.388588 0.0
0.862843 0.415062 0.0
0.873762 0.441512 0.0
0.888978 0.466437 0.0
0.907981 0.487325 0.0
0.928942 0.500575 0.0
0.948225 0.501868 0.0
0.960178 0.487252 0.0
0.958083 0.456121 0.0
0.938387 0.41582 0.0
0.902749 0.373423 0.0
0.855316 0.333171 0.0
0.800504 0.297008 0.0
0.742035 0.265403 0.0
0.682684 0.23812 0.0
0.624376 0.214701 0.0
0.568381 0.194668 0.0
0.51548 0.177592 0.0
0.4661 0.163114 0.0
0.420408 0.150946 0.0
0.3784 0.140877 0.0
0.339972 0.132768 0.0
0.30498 0.126536 0.0
0.273276 0.122146 0.0
0.244726 0.119586 0.0
0.219213 0.118852 0.0
0.196628 0.119924 0.0
0.176857 0.122756 0.0
0.159766 0.127264 0.0
0.145196 0.133324 0.0
0.132958 0.140768 0.0
0.122837 0.149398 0.0
0.114602 0.158989 0.0
0.108015 0.169302 0.0
0.102842 0.180095 0.0
0.098856 0.191128 0.0
0.0958504 0.202171 0.0
0.0936355 0.213009 0.0
0.0920417 0.223439 0.0
0.0909185 0.233276 0.0
0.0901332 0.24235 0.0
0.089569 0.250505 0.0
0.0891229 0.257598 0.0
0.088704 0.263498 0.0
0.0882321 0.268087 0.0
0.0876361 0.271256 0.0
0.0868531 0.272908 0.0
0.0858279 0.272957 0.0
0.0845118 0.271329 0.0
0.0828628 0.267963 0.0
0.080845 0.262815 0.0
0.0784286 0.255857 0.0
0.0755897 0.247081 0.0
0.0723095 0.2365 0.0
0.0685747 0.224152 0.0
0.0643772 0.210102 0.0
0.0597146 0.194447 0.0
0.05459 0.177311 0.0
0.0490117 0.158851 0.0
0.042993 0.139255 0.0
0.0365531 0.11874 0.0
0.0297163 0.0975512 0.0
0.0225121 0.0759568 0.0
0.0149753 0.0542473 0.0
0.00714743 0.0327303 0.0
-0.000925631 0.0117233 0.0
-0.0091975 -0.00844657 0.0
-0.0176544 -0.0275497 0.0
-0.0263027 -0.045377 0.0
-0.0351348 -0.0617249 0.0
-0.0441402 -0.0764081 0.0
-0.0533041 -0.0892731 0.0
-0.0626018 -0.100197 0.0
-0.0719984 -0.109085 0.0
-0.0814519 -0.115867 0.0
-0.0909168 -0.120499 0.0
-0.100351 -0.122958 0.0
-0.109725 -0.123243 0.0
-0.11903 -0.121386 0.0
-0.128274 -0.117449 0.0
-0.137483 -0.111524 0.0
-0.146692 -0.103725 0.0
-0.155929 -0.0941796 0.0
-0.165205 -0.0830147 0.0
-0.174502 -0.0703509 0.0
-0.183768 -0.056296 0.0
-0.192919 -0.040944 0.0
-0.201857 -0.0243799 0.0
-0.210474 -0.00668648 0.0
-0.218671 0.0120486 0.0
-0.226364 0.0317557 0.0
-0.23347 0.0523065 0.0
-0.239912 0.0735488 0.0
-0.245624 0.0953205 0.0
-0.250554 0.117453 0.0
-0.254656 0.139772 0.0
-0.257894 0.162103 0.0
-0.260236 0.184269 0.0
-0.261657 0.206097 0.0
-0.262138 0.227414 0.0
-0.26166 0.248054 0.0
-0.26021 0.267856 0.0
-0.257776 0.286665 0.0
-0.254351 0.304335 0.0
-0.24993 0.320729 0.0
-0.244513 0.335719 0.0
-0.238102 0.349192 0.0
-0.230709 0.361043 0.0
-0.222348 0.371185 0.0
-0.213043 0.379545 0.0
-0.202825 0.386065 0.0
-0.191733 0.390707 0.0
-0.179818 0.393451 0.0
-0.167135 0.394294 0.0
-0.153751 0.393253 0.0
-0.139738 0.390364 0.0
-0.125175 0.385679 0.0
-0.110144 0.379268 0.0
-0.0947312 0.371213 0.0
-0.079021 0.361608 0.0
-0.0630972 0.350559 0.0
-0.0470412 0.338176 0.0
-0.0309297 0.324575 0.0
-0.0148332 0.309873 0.0
0.00118267 0.294194 0.0
0.0170567 0.277655 0.0
0.0327347 0.260376 0.0
0.04817 0.242475 0.0
0.0633227 0.224067 0.0
0.0781584 0.205266 0.0
0.0926475 0.186185 0.0
0.106765 0.166935 0.0
0.120488 0.14763 0.0
0.133799 0.12838 0.0
0.146682 0.109298 0.0
0.159124 0.0904963 0.0
0.171115 0.0720863 0.0
0.182649 0.0541802 0.0
0.193719 0.036889 0.0
0.204326 0.0203221 0.0
0.214469 0.00458677 0.0
0.22415 -0.0102111 0.0
0.233368 -0.023963 0.0
0.242131 -0.0365734 0.0
0.250446 -0.0479577 0.0
0.258324 -0.0580405 0.0
0.265773 -0.0667565 0.0
0.272803 -0.0740512 0.0
0.279419 -0.0798825 0.0
0.285627 -0.0842209 0.0
0.29143 -0.08705 0.0
0.296827 -0.088366 0.0
0.301814 -0.0881768 0.0
0.30638 -0.0865011 0.0
0.310508 -0.0833668 0.0
0.314172 -0.0788105 0.0
0.317336 -0.072885 0.0
0.319943 -0.0657056 0.0
0.321911 -0.0576701 0.0
0.32315 -0.0504019 0.0
0.999952 0.00272814 0.0
0.999759 0.00816096 0.0
0.999372 0.0135762 0.0
0.998792 0.0189798 0.0
0.998017 0.0243782 0.0
0.997046 0.0297778 0.0
0.995878 0.0351856 0.0
0.99451 0.0406091 0.0
0.992941 0.0460564 0.0
0.991167 0.0515361 0.0
0.989187 0.057058 0.0
0.986997 0.0626326 0.0
0.984594 0.0682714 0.0
0.981975 0.0739874 0.0
0.979135 0.079795 0.0
0.976072 0.0857102 0.0
0.972782 0.0917509 0.0
0.969262 0.0979371 0.0
0.965509 0.104292 0.0
0.961521 0.11084 0.0
0.957296 0.11761 0.0
0.952835 0.124634 0.0
0.948139 0.131949 0.0
0.943213 0.139596 0.0
0.938066 0.14762 0.0
0.932708 0.156073 0.0
0.927159 0.165013 0.0
0.921444 0.174506 0.0
0.915599 0.184622 0.0
0.909672 0.195442 0.0
0.903727 0.207049 0.0
0.897848 0.219538 0.0
0.892145 0.233002 0.0
0.886757 0.247538 0.0
0.881861 0.263237 0.0
0.877678 0.280175 0.0
0.874479 0.298403 0.0
0.872587 0.31793 0.0
0.87238 0.338694 0.0
0.874282 0.36054 0.0
0.878744 0.38318 0.0
0.886208 0.40614 0.0
0.897029 0.428694 0.0
0.91133 0.449738 0.0
0.928735 0.467615 0.0
0.948005 0.480055 0.0
0.966706 0.484403 0.0
0.981141 0.478329 0.0
0.986994 0.461286 0.0
0.981226 0.43612 0.0
0.96334 0.406648 0.0
0.934752 0.375965 0.0
0.897734 0.346044 0.0
0.854657 0.317912 0.0
0.807625 0.291994 0.0
0.758361 0.268399 0.0
0.708229 0.247097 0.0
0.658287 0.228006 0.0
0.609338 0.21103 0.0
0.561979 0.196081 0.0
0.516644 0.183086 0.0
0.47364 0.171991 0.0
0.433182 0.162762 0.0
0.395419 0.155385 0.0
0.360461 0.149855 0.0
0.328384 0.146173 0.0
0.299238 0.144333 0.0
0.273046 0.14431 0.0
0.249794 0.146053 0.0
0.229424 0.149474 0.0
0.211834 0.154447 0.0
0.19687 0.160804 0.0
0.184341 0.168347 0.0
0.17402 0.176851 0.0
0.165665 0.186076 0.0
0.159022 0.195776 0.0
0.153844 0.205707 0.0
0.149895 0.215637 0.0
0.146956 0.225343 0.0
0.14483 0.234621 0.0
0.14334 0.24328 0.0
0.14233 0.251149 0.0
0.141663 0.258067 0.0
0.141219 0.263891 0.0
0.140894 0.268491 0.0
0.140594 0.271748 0.0
0.140239 0.273555 0.0
0.139757 0.273818 0.0
0.139086 0.272456 0.0
0.138168 0.269402 0.0
0.136955 0.264606 0.0
0.135405 0.258033 0.0
0.133479 0.24967 0.0
0.131144 0.239525 0.0
0.128374 0.227631 0.0
0.125146 0.214049 0.0
0.121441 0.198868 0.0
0.117247 0.182209 0.0
0.112555 0.164223 0.0
0.107363 0.145093 0.0
0.101674 0.125031 0.0
0.0954952 0.104275 0.0
0.0888421 0.0830899 0.0
0.0817351 0.0617579 0.0
0.0742033 0.0405795 0.0
0.0662845 0.0198659 0.0
0.0580292 -6.19679e-05 0.0
0.0494722 -0.0189205 0.0
0.0406186 -0.0365042 0.0
0.0314675 -0.0526144 0.0
0.022025 -0.0670708 0.0
0.0123064 -0.0797279 0.0
0.002335 -0.0904733 0.0
-0.00785476 -0.0992225 0.0
-0.0182137 -0.105917 0.0
-0.028678 -0.110519 0.0
-0.039174 -0.113007 0.0
-0.0496296 -0.113364 0.0
-0.0599802 -0.11161 0.0
-0.0701758 -0.107785 0.0
-0.0801932 -0.101961 0.0
-0.0900382 -0.0942347 0.0
-0.0997404 -0.0847308 0.0
-0.109339 -0.0735882 0.0
-0.118863 -0.060956 0.0
-0.128312 -0.0469767 0.0
-0.137648 -0.0317757 0.0
-0.1468 -0.0154586 0.0
-0.155674 0.00188252 0.0
-0.164177 0.0201802 0.0
-0.172217 0.0393576 0.0
-0.179697 0.0592899 0.0
-0.186526 0.0798368 0.0
-0.192629 0.100848 0.0
-0.197938 0.122164 0.0
-0.202398 0.143623 0.0
-0.205964 0.165055 0.0
-0.208597 0.186292 0.0
-0.210266 0.207165 0.0
-0.210947 0.227507 0.0
-0.21062 0.247156 0.0
-0.209271 0.265955 0.0
-0.206891 0.283752 0.0
-0.203474 0.300406 0.0
-0.199022 0.315784 0.0
-0.19354 0.329764 0.0
-0.187039 0.342236 0.0
-0.179537 0.353104 0.0
-0.17106 0.362286 0.0
-0.161639 0.369718 0.0
-0.151314 0.37535 0.0
-0.140135 0.379152 0.0
-0.128157 0.381113 0.0
-0.115444 0.381237 0.0
-0.102066 0.379548 0.0
-0.0880973 0.376088 0.0
-0.0736177 0.370913 0.0
-0.0587088 0.364095 0.0
-0.043454 0.355718 0.0
-0.0279341 0.345873 0.0
-0.0122273 0.334663 0.0
0.00358959 0.322198 0.0
0.0194426 0.308588 0.0
0.0352627 0.293943 0.0
0.0509881 0.278382 0.0
0.0665646 0.262016 0.0
0.0819432 0.244958 0.0
0.0970807 0.22732 0.0
0.111939 0.209211 0.0
0.126486 0.19074 0.0
0.140692 0.172016 0.0
0.15453 0.153149 0.0
0.167978 0.134245 0.0
0.181017 0.115415 0.0
0.193631 0.0967672 0.0
0.205805 0.0784109 0.0
0.217531 0.0604554 0.0
0.228799 0.0430096 0.0
0.239606 0.0261818 0.0
0.249949 0.0100791 0.0
0.259829 -0.00519321 0.0
0.269244 -0.019527 0.0
0.278199 -0.0328198 0.0
0.286699 -0.0449795 0.0
0.294754 -0.0559222 0.0
0.302373 -0.0655721 0.0
0.309561 -0.0738632 0.0
0.316328 -0.0807404 0.0
0.322679 -0.0861601 0.0
0.328618 -0.0900911 0.0
0.33415 -0.0925144 0.0
0.339274 -0.0934229 0.0
0.343987 -0.0928203 0.0
0.348284 -0.0907199 0.0
0.352151 -0.0871432 0.0
0.355571 -0.0821183 0.0
0.358517 -0.0756867 0.0
0.360949 -0.0679437 0.0
0.362803 -0.0592531 0.0
0.364001 -0.0512565 0.0
0.999954 0.00282248 0.0
0.99977 0.00844403 0.0
0.999401 0.0140483 0.0
0.998847 0.0196416 0.0
0.998108 0.0252306 0.0
0.997182 0.030822 0.0
0.996069 0.0364231 0.0
0.994767 0.0420416 0.0
0.993274 0.0476859 0.0
0.991589 0.053365 0.0
0.98971 0.0590886 0.0
0.987634 0.0648674 0.0
0.985361 0.0707133 0.0
0.982886 0.0766391 0.0
0.98021 0.0826593 0.0
0.977329 0.0887896 0.0
0.974243 0.0950477 0.0
0.97095 0.101453 0.0
0.96745 0.108028 0.0
0.963744 0.114797 0.0
0.959833 0.121787 0.0
0.955722 0.129029 0.0
0.951416 0.136556 0.0
0.946925 0.144406 0.0
0.942262 0.152621 0.0
0.937444 0.161247 0.0
0.932495 0.170337 0.0
0.927447 0.179945 0.0
0.922341 0.190133 0.0
0.917233 0.200966 0.0
0.912189 0.212513 0.0
0.907299 0.224844 0.0
0.90267 0.238028 0.0
0.898438 0.252131 0.0
0.894769 0.267208 0.0
0.891862 0.283293 0.0
0.889953 0.300393 0.0
0.889314 0.318471 0.0
0.890248 0.337425 0.0
0.893082 0.357073 0.0
0.898145 0.377122 0.0
0.905733 0.397145 0.0
0.916057 0.416544 0.0
0.929146 0.434499 0.0
0.944694 0.449902 0.0
0.961848 0.461344 0.0
0.979017 0.467243 0.0
0.993842 0.466229 0.0
1.00355 0.457825 0.0
1.00582 0.443076 0.0
0.999526 0.423876 0.0
0.984715 0.402136 0.0
0.962244 0.379363 0.0
0.933337 0.356577 0.0
0.8993 0.3344 0.0
0.86136 0.313196 0.0
0.820615 0.293176 0.0
0.778019 0.274465 0.0
0.734392 0.257147 0.0
0.690432 0.241282 0.0
0.646734 0.226918 0.0
0.6038 0.214097 0.0
0.562054 0.20286 0.0
0.521859 0.193245 0.0
0.483522 0.18529 0.0
0.44731 0.179027 0.0
0.413451 0.174483 0.0
0.382133 0.171669 0.0
0.353504 0.170576 0.0
0.327661 0.171164 0.0
0.304648 0.173361 0.0
0.284449 0.177053 0.0
0.266986 0.182091 0.0
0.252124 0.188289 0.0
0.239682 0.195435 0.0
0.229443 0.203298 0.0
0.221169 0.211638 0.0
0.214612 0.220213 0.0
0.209528 0.22879 0.0
0.205684 0.237145 0.0
0.202863 0.245068 0.0
0.200868 0.252366 0.0
0.199522 0.258862 0.0
0.19867 0.264393 0.0
0.198172 0.268813 0.0
0.197906 0.271991 0.0
0.197767 0.273806 0.0
0.197658 0.274156 0.0
0.197496 0.272951 0.0
0.197207 0.270115 0.0
0.196723 0.26559 0.0
0.195985 0.259338 0.0
0.194939 0.251338 0.0
0.193537 0.241594 0.0
0.191734 0.230134 0.0
0.189494 0.217015 0.0
0.186781 0.20232 0.0
0.183567 0.186165 0.0
0.179828 0.168697 0.0
0.175546 0.150093 0.0
0.170707 0.130559 0.0
0.165306 0.110327 0.0
0.159341 0.0896556 0.0
0.152821 0.0688198 0.0
0.145759 0.0481111 0.0
0.138182 0.0278305 0.0
0.130126 0.00828458 0.0
0.121638 -0.0102221 0.0
0.112745 -0.0274561 0.0
0.103452 -0.0432188 0.0
0.0937654 -0.057337 0.0
0.0836937 -0.0696715 0.0
0.0732535 -0.0801181 0.0
0.062471 -0.0886054 0.0
0.0513858 -0.0950899 0.0
0.0400535 -0.0995499 0.0
0.0285488 -0.101976 0.0
0.016969 -0.10236 0.0
0.00542537 -0.10072 0.0
-0.00597374 -0.0970808 0.0
-0.017135 -0.0914865 0.0
-0.027996 -0.0840028 0.0
-0.0385343 -0.0747222 0.0
-0.0487686 -0.0637637 0.0
-0.0587409 -0.0512839 0.0
-0.0684915 -0.0374493 0.0
-0.0780384 -0.0224204 0.0
-0.0873627 -0.00633771 0.0
-0.0964147 0.0106872 0.0
-0.105125 0.0285884 0.0
-0.113402 0.0472676 0.0
-0.121147 0.0666045 0.0
-0.128264 0.0864685 0.0
-0.134666 0.10672 0.0
-0.140278 0.127213 0.0
-0.145034 0.147791 0.0
-0.148881 0.168299 0.0
-0.151774 0.188573 0.0
-0.153676 0.208454 0.0
-0.15456 0.227782 0.0
-0.154403 0.246399 0.0
-0.153193 0.264154 0.0
-0.150921 0.280901 0.0
-0.147584 0.296505 0.0
-0.143188 0.310838 0.0
-0.137743 0.323783 0.0
-0.131267 0.335239 0.0
-0.123785 0.345116 0.0
-0.115329 0.35334 0.0
-0.105938 0.359852 0.0
-0.0956582 0.364612 0.0
-0.084544 0.367597 0.0
-0.0726562 0.368802 0.0
-0.0600625 0.36824 0.0
-0.0468352 0.365939 0.0
-0.0330497 0.361943 0.0
-0.0187827 0.356311 0.0
-0.00411367 0.349119 0.0
0.0108754 0.34045 0.0
0.0261037 0.330393 0.0
0.0414928 0.319048 0.0
0.0569696 0.30652 0.0
0.0724671 0.292915 0.0
0.0879224 0.27834 0.0
0.103279 0.262903 0.0
0.118486 0.246712 0.0
0.133497 0.229873 0.0
0.148271 0.212493 0.0
0.162772 0.194678 0.0
0.176966 0.176532 0.0
0.190823 0.158161 0.0
0.204318 0.13967 0.0
0.217428 0.121165 0.0
0.230132 0.102751 0.0
0.242414 0.0845349 0.0
0.254261 0.0666217 0.0
0.265662 0.0491183 0.0
0.27661 0.0321309 0.0
0.287099 0.015765 0.0
0.297126 0.000125267 0.0
0.30669 -0.0146829 0.0
0.315791 -0.0285541 0.0
0.324435 -0.0413907 0.0
0.332628 -0.053102 0.0
0.340376 -0.0636038 0.0
0.347688 -0.0728204 0.0
0.35457 -0.0806854 0.0
0.361028 -0.0871428 0.0
0.367068 -0.0921485 0.0
0.372696 -0.0956697 0.0
0.377914 -0.0976859 0.0
0.382726 -0.0981874 0.0
0.387132 -0.097175 0.0
0.391129 -0.0946583 0.0
0.39471 -0.0906536 0.0
0.397866 -0.0851837 0.0
0.400581 -0.0782816 0.0
0.402827 -0.0700274 0.0
0.404558 -0.0607539 0.0
0.405707 -0.052103 0.0
0.999956 0.00291241 0.0
0.999781 0.00871381 0.0
0.99943 0.0144982 0.0
0.998904 0.020272 0.0
0.998201 0.0260421 0.0
0.997322 0.0318155 0.0
0.996265 0.0375996 0.0
0.99503 0.0434024 0.0
0.993616 0.0492323 0.0
0.992021 0.0550984 0.0
0.990245 0.0610106 0.0
0.988286 0.0669796 0.0
0.986144 0.0730171 0.0
0.983817 0.0791361 0.0
0.981305 0.0853505 0.0
0.978608 0.0916759 0.0
0.975726 0.0981296 0.0
0.972661 0.10473 0.0
0.969413 0.111499 0.0
0.965987 0.118459 0.0
0.962387 0.125636 0.0
0.958619 0.133058 0.0
0.954695 0.140756 0.0
0.950625 0.148765 0.0
0.946428 0.157122 0.0
0.942124 0.165868 0.0
0.937742 0.175047 0.0
0.933319 0.184707 0.0
0.928898 0.194898 0.0
0.924538 0.205672 0.0
0.920307 0.217082 0.0
0.916293 0.22918 0.0
0.9126 0.242014 0.0
0.909355 0.255622 0.0
0.906708 0.270032 0.0
0.904834 0.285249 0.0
0.903934 0.301247 0.0
0.904229 0.317961 0.0
0.90596 0.33527 0.0
0.909372 0.352983 0.0
0.914696 0.370826 0.0
0.922123 0.388426 0.0
0.931763 0.405299 0.0
0.943586 0.420832 0.0
0.957331 0.434276 0.0
0.9724 0.444749 0.0
0.987751 0.451318 0.0
1.00189 0.453188 0.0
1.01304 0.450004 0.0
1.01956 0.442115 0.0
1.02028 0.430407 0.0
1.01475 0.415953 0.0
1.00302 0.399745 0.0
0.985548 0.382571 0.0
0.962982 0.365009 0.0
0.936042 0.347467 0.0
0.905455 0.330237 0.0
0.871922 0.313534 0.0
0.836099 0.297528 0.0
0.7986 0.28236 0.0
0.759988 0.26815 0.0
0.720783 0.255004 0.0
0.681462 0.24302 0.0
0.642462 0.232281 0.0
0.604187 0.222866 0.0
0.567007 0.214844 0.0
0.531259 0.208273 0.0
0.497253 0.203202 0.0
0.465264 0.199661 0.0
0.435527 0.197658 0.0
0.408231 0.197175 0.0
0.38351 0.198159 0.0
0.361437 0.200522 0.0
0.342019 0.204138 0.0
0.3252 0.208847 0.0
0.310867 0.214459 0.0
0.298856 0.220762 0.0
0.288971 0.227531 0.0
0.280991 0.234536 0.0
0.274687 0.241548 0.0
0.269828 0.248345 0.0
0.266194 0.254718 0.0
0.263578 0.260471 0.0
0.26179 0.265424 0.0
0.260657 0.269413 0.0
0.260025 0.272289 0.0
0.259754 0.273919 0.0
0.259721 0.274185 0.0
0.259816 0.272988 0.0
0.259941 0.270242 0.0
0.260005 0.265882 0.0
0.259929 0.25986 0.0
0.259638 0.252152 0.0
0.259066 0.242754 0.0
0.258152 0.231691 0.0
0.256839 0.219012 0.0
0.255076 0.204798 0.0
0.252819 0.189158 0.0
0.250028 0.172234 0.0
0.246669 0.154197 0.0
0.242715 0.135247 0.0
0.238145 0.115611 0.0
0.232944 0.0955371 0.0
0.227108 0.0752952 0.0
0.220638 0.0551675 0.0
0.213545 0.0354446 0.0
0.205851 0.0164199 0.0
0.197595 -0.00161349 0.0
0.188816 -0.018393 0.0
0.179537 -0.0337104 0.0
0.169771 -0.0473921 0.0
0.159528 -0.0593019 0.0
0.148822 -0.0693414 0.0
0.137671 -0.0774487 0.0
0.126104 -0.0835938 0.0
0.114162 -0.0877719 0.0
0.101908 -0.0899946 0.0
0.0894276 -0.0902818 0.0
0.0768346 -0.0886613 0.0
0.0642586 -0.085164 0.0
0.0518379 -0.0798214 0.0
0.0397032 -0.0726722 0.0
0.0279594 -0.0637706 0.0
0.016673 -0.0531945 0.0
0.00586099 -0.0410688 0.0
-0.00450425 -0.0275486 0.0
-0.01447 -0.0128084 0.0
-0.0240727 0.00297728 0.0
-0.0333272 0.0196788 0.0
-0.0422111 0.0371908 0.0
-0.0506589 0.0553908 0.0
-0.0585862 0.0741535 0.0
-0.0659027 0.0933526 0.0
-0.0725212 0.112857 0.0
-0.0783611 0.132528 0.0
-0.0833513 0.152223 0.0
-0.0874307 0.171794 0.0
-0.090549 0.191089 0.0
-0.0926655 0.209957 0.0
-0.0937488 0.228246 0.0
-0.093776 0.245806 0.0
-0.0927325 0.262493 0.0
-0.0906111 0.278168 0.0
-0.0874122 0.292702 0.0
-0.0831435 0.305975 0.0
-0.0778201 0.317878 0.0
-0.0714644 0.328314 0.0
-0.0641064 0.337202 0.0
-0.0557831 0.344474 0.0
-0.0465387 0.350081 0.0
-0.0364241 0.353988 0.0
-0.0254955 0.356178 0.0
-0.0138157 0.356654 0.0
-0.00145397 0.355433 0.0
0.0115156 0.352549 0.0
0.0250153 0.348048 0.0
0.0389644 0.34199 0.0
0.0532832 0.334452 0.0
0.0678945 0.325517 0.0
0.0827223 0.31527 0.0
0.0976938 0.30381 0.0
0.112741 0.291234 0.0
0.127801 0.277644 0.0
0.142816 0.263141 0.0
0.157732 0.247829 0.0
0.172501 0.23181 0.0
0.187078 0.215187 0.0
0.201422 0.198061 0.0
0.215498 0.180534 0.0
0.229273 0.162708 0.0
0.242716 0.144684 0.0
0.255803 0.126566 0.0
0.26851 0.108454 0.0
0.280818 0.090451 0.0
0.29271 0.0726605 0.0
0.304174 0.0551856 0.0
0.315197 0.0381297 0.0
0.325773 0.0215965 0.0
0.335894 0.00568927 0.0
0.345557 -0.00948933 0.0
0.35476 -0.0238353 0.0
0.363505 -0.037248 0.0
0.371796 -0.049632 0.0
0.37964 -0.0608967 0.0
0.38704 -0.0709585 0.0
0.394004 -0.0797413 0.0
0.400536 -0.0871786 0.0
0.406643 -0.0932147 0.0
0.412331 -0.0978047 0.0
0.417606 -0.100916 0.0
0.422474 -0.102526 0.0
0.426939 -0.102624 0.0
0.431005 -0.10121 0.0
0.434675 -0.0982899 0.0
0.437948 -0.0938773 0.0
0.440823 -0.0879909 0.0
0.443292 -0.0806581 0.0
0.445343 -0.0719474 0.0
0.446941 -0.0621631 0.0
0.448032 -0.0529333 0.0
0.999958 0.00299781 0.0
0.999792 0.00896998 0.0
0.99946 0.0149252 0.0
0.998961 0.0208702 0.0
0.998296 0.0268118 0.0
0.997464 0.0327572 0.0
0.996464 0.0387139 0.0
0.995297 0.04469 0.0
0.993963 0.0506939 0.0
0.992459 0.0567348 0.0
0.990787 0.0628225 0.0
0.988946 0.0689675 0.0
0.986936 0.0751816 0.0
0.984757 0.0814771 0.0
0.98241 0.0878679 0.0
0.979896 0.094369 0.0
0.977218 0.100997 0.0
0.974377 0.107769 0.0
0.971378 0.114707 0.0
0.968227 0.12183 0.0
0.96493 0.129163 0.0
0.961497 0.136732 0.0
0.95794 0.144565 0.0
0.954274 0.152692 0.0
0.95052 0.161147 0.0
0.946702 0.169965 0.0
0.942851 0.179183 0.0
0.939006 0.18884 0.0
0.935212 0.198978 0.0
0.931528 0.209636 0.0
0.928022 0.220854 0.0
0.924776 0.232667 0.0
0.92189 0.245105 0.0
0.919478 0.258188 0.0
0.917673 0.271919 0.0
0.916625 0.286284 0.0
0.916501 0.301237 0.0
0.917481 0.316696 0.0
0.91975 0.332535 0.0
0.923487 0.348569 0.0
0.928851 0.364552 0.0
0.935959 0.380166 0.0
0.944855 0.395023 0.0
0.955475 0.408665 0.0
0.967598 0.420574 0.0
0.980791 0.430189 0.0
0.994362 0.436955 0.0
1.00736 0.440417 0.0
1.01863 0.440343 0.0
1.02706 0.436838 0.0
1.03171 0.430309 0.0
1.03197 0.421325 0.0
1.02759 0.410484 0.0
1.01857 0.398321 0.0
1.00512 0.385277 0.0
0.987554 0.371701 0.0
0.966277 0.357868 0.0
0.94171 0.344003 0.0
0.914297 0.330294 0.0
0.884484 0.316906 0.0
0.852714 0.303985 0.0
0.819423 0.291665 0.0
0.785036 0.280067 0.0
0.749966 0.269302 0.0
0.714613 0.259472 0.0
0.679362 0.250669 0.0
0.644584 0.242974 0.0
0.610632 0.236459 0.0
0.577842 0.231183 0.0
0.546526 0.22719 0.0
0.516965 0.224501 0.0
0.489403 0.223116 0.0
0.464038 0.223003 0.0
0.441014 0.224099 0.0
0.420414 0.226305 0.0
0.402258 0.22949 0.0
0.386508 0.233492 0.0
0.373068 0.238126 0.0
0.361799 0.24319 0.0
0.352528 0.248469 0.0
0.34506 0.25375 0.0
0.339188 0.258818 0.0
0.334703 0.263471 0.0
0.331402 0.267513 0.0
0.329092 0.270767 0.0
0.327592 0.273068 0.0
0.326735 0.274268 0.0
0.326368 0.274235 0.0
0.326355 0.272856 0.0
0.326568 0.270036 0.0
0.326893 0.265699 0.0
0.327224 0.259788 0.0
0.327466 0.252272 0.0
0.327529 0.243142 0.0
0.327333 0.232414 0.0
0.326803 0.220133 0.0
0.325868 0.206374 0.0
0.324467 0.19124 0.0
0.322543 0.174867 0.0
0.320047 0.157419 0.0
0.316937 0.13909 0.0
0.313179 0.120097 0.0
0.308746 0.100684 0.0
0.303619 0.0811114 0.0
0.297788 0.0616521 0.0
0.291254 0.0425877 0.0
0.284024 0.0241999 0.0
0.276121 0.00676542 0.0
0.26758 -0.00945186 0.0
0.258437 -0.0242294 0.0
0.248717 -0.0373877 0.0
0.238442 -0.0487887 0.0
0.22763 -0.0583358 0.0
0.216298 -0.0659718 0.0
0.20447 -0.0716756 0.0
0.192178 -0.075456 0.0
0.179467 -0.0773443 0.0
0.1664 -0.0773857 0.0
0.153069 -0.0756327 0.0
0.139588 -0.0721365 0.0
0.126101 -0.0669412 0.0
0.112767 -0.0600832 0.0
0.0997477 -0.0515967 0.0
0.0871904 -0.0415247 0.0
0.0752021 -0.0299383 0.0
0.0638338 -0.0169456 0.0
0.0530833 -0.00269512 0.0
0.0429042 0.0126457 0.0
0.033242 0.0289271 0.0
0.0240759 0.0459925 0.0
0.0154231 0.0636897 0.0
0.00732826 0.0818766 0.0
-0.000144792 0.100419 0.0
-0.00692217 0.119186 0.0
-0.0129288 0.138045 0.0
-0.0180945 0.156862 0.0
-0.022357 0.175497 0.0
-0.0256627 0.19381 0.0
-0.0279682 0.211658 0.0
-0.0292396 0.228899 0.0
-0.0294525 0.245392 0.0
-0.0285916 0.261002 0.0
-0.0266503 0.275597 0.0
-0.0236303 0.289055 0.0
-0.0195414 0.301265 0.0
-0.014401 0.312124 0.0
-0.00823464 0.321545 0.0
-0.00107506 0.329453 0.0
0.00703677 0.335788 0.0
0.0160524 0.340507 0.0
0.0259169 0.343583 0.0
0.0365686 0.345003 0.0
0.0479403 0.344777 0.0
0.0599619 0.342927 0.0
0.0725598 0.339489 0.0
0.0856576 0.334511 0.0
0.0991778 0.328057 0.0
0.113044 0.3202 0.0
0.127183 0.311019 0.0
0.141524 0.3006 0.0
0.155997 0.289035 0.0
0.170539 0.276419 0.0
0.185091 0.262847 0.0
0.199596 0.248417 0.0
0.214005 0.233228 0.0
0.228269 0.217378 0.0
0.242345 0.200966 0.0
0.256193 0.184088 0.0
0.269779 0.166845 0.0
0.283069 0.149333 0.0
0.296034 0.131651 0.0
0.30865 0.113897 0.0
0.320894 0.096171 0.0
0.332748 0.0785717 0.0
0.344196 0.0611994 0.0
0.355225 0.0441549 0.0
0.365822 0.0275394 0.0
0.375979 0.0114544 0.0
0.385688 -0.0039991 0.0
0.394945 -0.0187206 0.0
0.403747 -0.0326099 0.0
0.412098 -0.0455691 0.0
0.42 -0.0575037 0.0
0.427455 -0.0683236 0.0
0.434468 -0.0779452 0.0
0.441043 -0.0862932 0.0
0.447185 -0.0933015 0.0
0.452901 -0.0989147 0.0
0.458197 -0.103089 0.0
0.463081 -0.10579 0.0
0.46756 -0.106998 0.0
0.471644 -0.106701 0.0
0.475341 -0.104896 0.0
0.478658 -0.10159 0.0
0.481601 -0.0967941 0.0
0.484177 -0.0905244 0.0
0.486387 -0.0828046 0.0
0.488231 -0.0736941 0.0
0.489687 -0.0634715 0.0
0.490711 -0.0537396 0.0
0.999961 0.00307863 0.0
0.999804 0.00921235 0.0
0.99949 0.0153291 0.0
0.999019 0.0214358 0.0
0.998391 0.0275391 0.0
0.997607 0.0336465 0.0
0.996665 0.0397654 0.0
0.995567 0.0459038 0.0
0.994312 0.0520702 0.0
0.9929 0.0582737 0.0
0.991332 0.0645238 0.0
0.989608 0.070831 0.0
0.98773 0.0772066 0.0
0.985698 0.0836628 0.0
0.983515 0.0902126 0.0
0.981182 0.0968706 0.0
0.978704 0.103652 0.0
0.976084 0.110575 0.0
0.973328 0.117656 0.0
0.970444 0.124916 0.0
0.96744 0.132377 0.0
0.964328 0.140062 0.0
0.961122 0.147997 0.0
0.957841 0.156207 0.0
0.954504 0.164722 0.0
0.95114 0.173571 0.0
0.947781 0.182786 0.0
0.944465 0.192398 0.0
0.94124 0.202439 0.0
0.938161 0.212939 0.0
0.935294 0.223925 0.0
0.932717 0.235419 0.0
0.930519 0.247437 0.0
0.928803 0.259984 0.0
0.927684 0.273047 0.0
0.92729 0.286598 0.0
0.927757 0.300579 0.0
0.929227 0.314903 0.0
0.931841 0.329445 0.0
0.935729 0.344034 0.0
0.940995 0.358455 0.0
0.947706 0.372443 0.0
0.955867 0.385689 0.0
0.965398 0.397848 0.0
0.976112 0.408554 0.0
0.987688 0.41744 0.0
0.999651 0.42417 0.0
1.01138 0.428484 0.0
1.02213 0.430247 0.0
1.03114 0.429493 0.0
1.03773 0.426419 0.0
1.04135 0.421327 0.0
1.04166 0.414564 0.0
1.03845 0.406467 0.0
1.0317 0.397338 0.0
1.02146 0.387436 0.0
1.00789 0.37698 0.0
0.991189 0.36616 0.0
0.971598 0.355142 0.0
0.949392 0.344078 0.0
0.924868 0.333108 0.0
0.898338 0.322363 0.0
0.870128 0.311966 0.0
0.840571 0.302031 0.0
0.810004 0.292664 0.0
0.778769 0.283963 0.0
0.747207 0.27602 0.0
0.715655 0.268916 0.0
0.684449 0.262723 0.0
0.653912 0.257503 0.0
0.624358 0.253303 0.0
0.59608 0.250154 0.0
0.569344 0.248066 0.0
0.544381 0.247023 0.0
0.521379 0.246983 0.0
0.500475 0.247871 0.0
0.481751 0.249585 0.0
0.465234 0.251991 0.0
0.450895 0.254933 0.0
0.438658 0.258234 0.0
0.428406 0.261706 0.0
0.41999 0.265151 0.0
0.41324 0.268372 0.0
0.407975 0.271177 0.0
0.404008 0.273381 0.0
0.401154 0.274809 0.0
0.399234 0.275304 0.0
0.398078 0.274722 0.0
0.397524 0.272937 0.0
0.397424 0.269843 0.0
0.397638 0.265353 0.0
0.398038 0.259403 0.0
0.398502 0.251951 0.0
0.39892 0.242981 0.0
0.399189 0.232502 0.0
0.399212 0.220552 0.0
0.398901 0.2072 0.0
0.398176 0.192541 0.0
0.396961 0.176705 0.0
0.395192 0.159847 0.0
0.392812 0.142153 0.0
0.38977 0.123833 0.0
0.386029 0.105123 0.0
0.381557 0.0862719 0.0
0.376334 0.0675455 0.0
0.370348 0.049215 0.0
0.363598 0.0315519 0.0
0.356094 0.0148202 0.0
0.347859 -0.000729986 0.0
0.338926 -0.0148753 0.0
0.329333 -0.0274299 0.0
0.319114 -0.0382517 0.0
0.308296 -0.0472424 0.0
0.296908 -0.0543455 0.0
0.284977 -0.059543 0.0
0.272531 -0.0628511 0.0
0.259607 -0.0643135 0.0
0.246251 -0.063994 0.0
0.232526 -0.0619679 0.0
0.218518 -0.0583129 0.0
0.20434 -0.0530995 0.0
0.190134 -0.0463852 0.0
0.176071 -0.0382124 0.0
0.162333 -0.0286136 0.0
0.149096 -0.0176237 0.0
0.136503 -0.00529873 0.0
0.124638 0.00827327 0.0
0.113519 0.0229749 0.0
0.103128 0.0386518 0.0
0.0934349 0.0551266 0.0
0.0844198 0.0722235 0.0
0.0760798 0.0897777 0.0
0.0684338 0.107637 0.0
0.0615197 0.125659 0.0
0.0553881 0.14371 0.0
0.0500954 0.161655 0.0
0.0456976 0.179363 0.0
0.0422458 0.196701 0.0
0.0397837 0.213535 0.0
0.0383459 0.229732 0.0
0.0379578 0.245161 0.0
0.0386349 0.259695 0.0
0.0403836 0.273213 0.0
0.0432009 0.285601 0.0
0.0470751 0.296755 0.0
0.051986 0.306582 0.0
0.057905 0.315002 0.0
0.0647958 0.321946 0.0
0.0726146 0.327364 0.0
0.0813109 0.331219 0.0
0.0908276 0.33349 0.0
0.101102 0.33417 0.0
0.112066 0.333273 0.0
0.123651 0.330824 0.0
0.135783 0.326861 0.0
0.148389 0.321435 0.0
0.161396 0.314607 0.0
0.17473 0.306449 0.0
0.188322 0.297039 0.0
0.202104 0.286458 0.0
0.216011 0.274797 0.0
0.229982 0.262143 0.0
0.243962 0.248591 0.0
0.257895 0.234234 0.0
0.271733 0.219166 0.0
0.28543 0.203481 0.0
0.298943 0.187274 0.0
0.312233 0.170641 0.0
0.325265 0.153674 0.0
0.338009 0.136469 0.0
0.350437 0.119121 0.0
0.362525 0.101723 0.0
0.374252 0.0843731 0.0
0.385601 0.0671665 0.0
0.396556 0.0502016 0.0
0.407103 0.033577 0.0
0.417231 0.0173924 0.0
0.426928 0.00174775 0.0
0.436185 -0.0132589 0.0
0.444998 -0.0275306 0.0
0.453365 -0.04097 0.0
0.461286 -0.0534805 0.0
0.468761 -0.0649681 0.0
0.47579 -0.0753437 0.0
0.482376 -0.0845244 0.0
0.488523 -0.0924358 0.0
0.494235 -0.0990133 0.0
0.499519 -0.104203 0.0
0.504383 -0.107961 0.0
0.508837 -0.110256 0.0
0.512892 -0.111067 0.0
0.516561 -0.110385 0.0
0.519856 -0.108205 0.0
0.522793 -0.104535 0.0
0.525384 -0.099384 0.0
0.527642 -0.0927683 0.0
0.529579 -0.0847088 0.0
0.531204 -0.0752576 0.0
0.532509 -0.06467 0.0
0.533458 -0.0545142 0.0
0.999963 0.00315483 0.0
0.999815 0.00944086 0.0
0.99952 0.0157099 0.0
0.999077 0.0219686 0.0
0.998487 0.028224 0.0
0.99775 0.0344833 0.0
0.996866 0.0407539 0.0
0.995836 0.0470438 0.0
0.99466 0.0533612 0.0
0.99334 0.0597152 0.0
0.991875 0.066115 0.0
0.990268 0.0725708 0.0
0.988519 0.0790935 0.0
0.986632 0.0856947 0.0
0.98461 0.0923871 0.0
0.982454 0.099184 0.0
0.980171 0.1061 0.0
0.977766 0.113152 0.0
0.975246 0.120355 0.0
0.972619 0.127728 0.0
0.969896 0.135292 0.0
0.967091 0.143066 0.0
0.964218 0.151072 0.0
0.961297 0.159334 0.0
0.958351 0.167877 0.0
0.955408 0.176724 0.0
0.9525 0.185901 0.0
0.949665 0.195433 0.0
0.946951 0.205344 0.0
0.944409 0.215655 0.0
0.942102 0.226382 0.0
0.940101 0.23754 0.0
0.938486 0.24913 0.0
0.937347 0.261146 0.0
0.936783 0.273568 0.0
0.9369 0.286355 0.0
0.937809 0.299446 0.0
0.93962 0.312754 0.0
0.94244 0.32616 0.0
0.94636 0.339512 0.0
0.951448 0.352623 0.0
0.957736 0.365277 0.0
0.965204 0.377227 0.0
0.973773 0.388211 0.0
0.983283 0.397966 0.0
0.99349 0.406244 0.0
1.00406 0.412835 0.0
1.01456 0.417589 0.0
1.02452 0.420434 0.0
1.03342 0.421394 0.0
1.04077 0.420579 0.0
1.04615 0.418162 0.0
1.04923 0.414348 0.0
1.04977 0.409346 0.0
1.04763 0.403354 0.0
1.04274 0.396548 0.0
1.03509 0.389086 0.0
1.02474 0.38111 0.0
1.01177 0.372749 0.0
0.996325 0.364125 0.0
0.978557 0.355353 0.0
0.958662 0.346543 0.0
0.936855 0.337804 0.0
0.91337 0.329235 0.0
0.888462 0.320935 0.0
0.862395 0.312994 0.0
0.835448 0.305499 0.0
0.807907 0.29853 0.0
0.780064 0.292159 0.0
0.752214 0.286453 0.0
0.724653 0.281468 0.0
0.69767 0.27725 0.0
0.671546 0.27383 0.0
0.646545 0.271224 0.0
0.622903 0.269426 0.0
0.60083 0.268406 0.0
0.580491 0.268112 0.0
0.562009 0.268462 0.0
0.545459 0.26935 0.0
0.530867 0.270646 0.0
0.518212 0.272202 0.0
0.50743 0.273853 0.0
0.498422 0.275427 0.0
0.491064 0.276746 0.0
0.485207 0.277635 0.0
0.480692 0.277923 0.0
0.477353 0.277449 0.0
0.47502 0.276065 0.0
0.47353 0.273638 0.0
0.472719 0.270053 0.0
0.472433 0.265215 0.0
0.472525 0.259051 0.0
0.472855 0.25151 0.0
0.47329 0.242568 0.0
0.473708 0.232228 0.0
0.473991 0.220519 0.0
0.474033 0.207502 0.0
0.473732 0.193265 0.0
0.472998 0.177929 0.0
0.471748 0.161641 0.0
0.469908 0.144578 0.0
0.467415 0.126942 0.0
0.464216 0.108955 0.0
0.460268 0.0908598 0.0
0.455539 0.0729099 0.0
0.450009 0.0553662 0.0
0.44367 0.0384895 0.0
0.436523 0.022533 0.0
0.428582 0.00773385 0.0
0.419872 -0.00569566 0.0
0.410429 -0.0175742 0.0
0.400298 -0.0277569 0.0
0.389522 -0.036143 0.0
0.378139 -0.0426742 0.0
0.366188 -0.0473321 0.0
0.353706 -0.0501341 0.0
0.340728 -0.0511287 0.0
0.327294 -0.0503887 0.0
0.313449 -0.0480037 0.0
0.299252 -0.0440719 0.0
0.28478 -0.0386902 0.0
0.270137 -0.0319457 0.0
0.255456 -0.0239081 0.0
0.240904 -0.0146276 0.0
0.226668 -0.0041365 0.0
0.212937 0.00753862 0.0
0.199872 0.0203653 0.0
0.187596 0.0342773 0.0
0.176182 0.0491554 0.0
0.165653 0.0648448 0.0
0.156 0.0811732 0.0
0.147202 0.0979659 0.0
0.139243 0.115055 0.0
0.132118 0.132281 0.0
0.12584 0.149497 0.0
0.120436 0.166565 0.0
0.115937 0.18335 0.0
0.112382 0.199722 0.0
0.109804 0.215554 0.0
0.108234 0.230721 0.0
0.107694 0.2451 0.0
0.108198 0.258574 0.0
0.109752 0.271031 0.0
0.112352 0.282366 0.0
0.115984 0.292484 0.0
0.120627 0.3013 0.0
0.126251 0.308741 0.0
0.132817 0.314749 0.0
0.140281 0.319278 0.0
0.148591 0.322299 0.0
0.15769 0.323795 0.0
0.167514 0.323766 0.0
0.177999 0.322228 0.0
0.189075 0.319208 0.0
0.200673 0.314747 0.0
0.212722 0.308894 0.0
0.225151 0.301712 0.0
0.237891 0.293269 0.0
0.250876 0.283641 0.0
0.264042 0.272908 0.0
0.277327 0.261155 0.0
0.290672 0.248468 0.0
0.304023 0.234936 0.0
0.317328 0.22065 0.0
0.33054 0.2057 0.0
0.343612 0.190177 0.0
0.356504 0.174173 0.0
0.369179 0.157777 0.0
0.381604 0.141081 0.0
0.393748 0.124174 0.0
0.405587 0.107149 0.0
0.417098 0.0900964 0.0
0.428261 0.0731092 0.0
0.439061 0.0562819 0.0
0.449481 0.0397107 0.0
0.459508 0.0234933 0.0
0.469128 0.00772875 0.0
0.478328 -0.00748487 0.0
0.487098 -0.0220541 0.0
0.495434 -0.0358846 0.0
0.503332 -0.0488804 0.0
0.510786 -0.0609457 0.0
0.517797 -0.0719875 0.0
0.524361 -0.0819178 0.0
0.53048 -0.0906555 0.0
0.536156 -0.0981279 0.0
0.541396 -0.104272 0.0
0.546205 -0.109037 0.0
0.550595 -0.11238 0.0
0.554579 -0.114274 0.0
0.558172 -0.114697 0.0
0.56139 -0.113642 0.0
0.564254 -0.111107 0.0
0.566782 -0.107098 0.0
0.568996 -0.101626 0.0
0.570917 -0.0947056 0.0
0.572566 -0.0863572 0.0
0.573959 -0.076627 0.0
0.575102 -0.0657492 0.0
0.575968 -0.0552497 0.0
0.999965 0.00322643 0.0
0.999827 0.00965552 0.0
0.99955 0.0160674 0.0
0.999135 0.0224688 0.0
0.998582 0.0288665 0.0
0.997892 0.0352677 0.0
0.997066 0.0416798 0.0
0.996103 0.0481104 0.0
0.995006 0.0545677 0.0
0.993775 0.0610603 0.0
0.992412 0.0675975 0.0
0.990919 0.0741887 0.0
0.989298 0.0808446 0.0
0.987553 0.087576 0.0
0.985687 0.094395 0.0
0.983704 0.101314 0.0
0.98161 0.108347 0.0
0.979412 0.115508 0.0
0.977118 0.122813 0.0
0.974737 0.130278 0.0
0.972282 0.13792 0.0
0.969766 0.145758 0.0
0.967206 0.153811 0.0
0.964623 0.162099 0.0
0.962039 0.170642 0.0
0.959482 0.179459 0.0
0.956984 0.188572 0.0
0.954584 0.197997 0.0
0.952325 0.207754 0.0
0.950257 0.217855 0.0
0.948437 0.22831 0.0
0.946928 0.239122 0.0
0.945803 0.250288 0.0
0.945139 0.261792 0.0
0.945019 0.273606 0.0
0.945532 0.285687 0.0
0.946765 0.297972 0.0
0.948806 0.310376 0.0
0.951732 0.322792 0.0
0.955607 0.335085 0.0
0.960472 0.347097 0.0
0.966338 0.35865 0.0
0.973173 0.369549 0.0
0.980901 0.379592 0.0
0.989388 0.388587 0.0
0.998444 0.39636 0.0
1.00782 0.402774 0.0
1.01723 0.40774 0.0
1.02633 0.411226 0.0
1.03477 0.413256 0.0
1.04223 0.413908 0.0
1.04838 0.413294 0.0
1.05297 0.411547 0.0
1.05578 0.408801 0.0
1.05663 0.405187 0.0
1.05541 0.400826 0.0
1.05204 0.395823 0.0
1.04649 0.390279 0.0
1.03875 0.384285 0.0
1.02886 0.37793 0.0
1.01687 0.371299 0.0
1.00289 0.364475 0.0
0.987027 0.357542 0.0
0.969427 0.35058 0.0
0.950258 0.343668 0.0
0.929703 0.336882 0.0
0.907966 0.330295 0.0
0.885267 0.323975 0.0
0.861836 0.317988 0.0
0.837915 0.312394 0.0
0.813755 0.307248 0.0
0.789611 0.302596 0.0
0.765738 0.298479 0.0
0.74239 0.294924 0.0
0.71981 0.291946 0.0
0.698226 0.289544 0.0
0.677842 0.287697 0.0
0.658837 0.286364 0.0
0.641352 0.285483 0.0
0.62549 0.284967 0.0
0.611314 0.284712 0.0
0.598844 0.284594 0.0
0.588063 0.284475 0.0
0.578915 0.284205 0.0
0.571315 0.283633 0.0
0.565154 0.282602 0.0
0.560303 0.280961 0.0
0.556619 0.278569 0.0
0.553953 0.275292 0.0
0.552149 0.271014 0.0
0.551051 0.265637 0.0
0.550508 0.259081 0.0
0.550367 0.25129 0.0
0.550485 0.242234 0.0
0.550722 0.231907 0.0
0.550946 0.220333 0.0
0.551032 0.207562 0.0
0.550862 0.193676 0.0
0.55033 0.178785 0.0
0.549335 0.16303 0.0
0.547789 0.146575 0.0
0.545615 0.129612 0.0
0.542744 0.112354 0.0
0.539123 0.0950299 0.0
0.53471 0.0778817 0.0
0.529476 0.0611583 0.0
0.523404 0.0451079 0.0
0.516494 0.0299717 0.0
0.508754 0.0159757 0.0
0.500206 0.00332144 0.0
0.49088 -0.00782262 0.0
0.480821 -0.0173188 0.0
0.470082 -0.0250657 0.0
0.458716 -0.031003 0.0
0.446774 -0.0351101 0.0
0.434303 -0.0374025 0.0
0.421348 -0.0379274 0.0
0.407951 -0.0367585 0.0
0.394151 -0.0339903 0.0
0.379994 -0.0297307 0.0
0.365527 -0.024093 0.0
0.350817 -0.0171889 0.0
0.33595 -0.0091172 0.0
0.321043 4.06908e-05 0.0
0.306248 0.0102259 0.0
0.291748 0.0214068 0.0
0.277744 0.0335661 0.0
0.264426 0.0466701 0.0
0.251953 0.0606507 0.0
0.240429 0.0754024 0.0
0.229909 0.0907885 0.0
0.220405 0.106652 0.0
0.211906 0.122827 0.0
0.204391 0.139148 0.0
0.197841 0.155457 0.0
0.192249 0.171602 0.0
0.187616 0.187444 0.0
0.183952 0.202848 0.0
0.181272 0.217687 0.0
0.179591 0.23184 0.0
0.178921 0.245191 0.0
0.179271 0.257629 0.0
0.180642 0.269051 0.0
0.183027 0.279362 0.0
0.186411 0.288473 0.0
0.190771 0.296309 0.0
0.196076 0.302804 0.0
0.202288 0.307908 0.0
0.209361 0.311582 0.0
0.217244 0.313802 0.0
0.225881 0.314556 0.0
0.23521 0.313851 0.0
0.245169 0.311701 0.0
0.25569 0.308138 0.0
0.266706 0.303202 0.0
0.278151 0.296945 0.0
0.289957 0.289426 0.0
0.302059 0.280713 0.0
0.314392 0.270879 0.0
0.326897 0.260001 0.0
0.339514 0.248161 0.0
0.352187 0.235443 0.0
0.364863 0.221933 0.0
0.377492 0.207718 0.0
0.390028 0.192885 0.0
0.402429 0.17752 0.0
0.414654 0.161713 0.0
0.426668 0.145548 0.0
0.438439 0.129113 0.0
0.449941 0.112495 0.0
0.461149 0.0957812 0.0
0.472044 0.0790592 0.0
0.482607 0.06242 0.0
0.492822 0.0459563 0.0
0.502674 0.0297637 0.0
0.512148 0.0139399 0.0
0.521226 -0.00141585 0.0
0.529896 -0.0162098 0.0
0.538148 -0.030352 0.0
0.545974 -0.043749 0.0
0.553367 -0.0563055 0.0
0.560318 -0.067927 0.0
0.566824 -0.078522 0.0
0.572881 -0.0880044 0.0
0.578488 -0.0962955 0.0
0.583649 -0.103325 0.0
0.58837 -0.109035 0.0
0.592659 -0.113374 0.0
0.596531 -0.116306 0.0
0.600003 -0.117804 0.0
0.603093 -0.11785 0.0
0.605825 -0.11644 0.0
0.608223 -0.113571 0.0
0.610315 -0.109253 0.0
0.612128 -0.103497 0.0
0.613691 -0.0963182 0.0
0.615034 -0.0877354 0.0
0.616183 -0.077791 0.0
0.617154 -0.0666995 0.0
0.617927 -0.0559388 0.0
0.999968 0.00329347 0.0
0.999838 0.00985649 0.0
0.999579 0.016402 0.0
0.999192 0.0229367 0.0
0.998676 0.0294672 0.0
0.998032 0.0360005 0.0
0.997262 0.0425438 0.0
0.996366 0.0491047 0.0
0.995346 0.0556909 0.0
0.994203 0.0623109 0.0
0.99294 0.0689733 0.0
0.991558 0.0756874 0.0
0.990062 0.0824631 0.0
0.988454 0.0893107 0.0
0.986739 0.0962414 0.0
0.984923 0.103267 0.0
0.983011 0.1104 0.0
0.981011 0.117653 0.0
0.978933 0.125041 0.0
0.976786 0.132577 0.0
0.974583 0.140279 0.0
0.972339 0.14816 0.0
0.970072 0.156237 0.0
0.9678 0.164528 0.0
0.965549 0.173048 0.0
0.963345 0.181814 0.0
0.961219 0.19084 0.0
0.959208 0.20014 0.0
0.957353 0.209726 0.0
0.955699 0.219605 0.0
0.954299 0.22978 0.0
0.953209 0.24025 0.0
0.952493 0.251002 0.0
0.952216 0.262018 0.0
0.952449 0.273266 0.0
0.953264 0.2847 0.0
0.954732 0.296258 0.0
0.956917 0.307863 0.0
0.959879 0.319417 0.0
0.963659 0.330804 0.0
0.968281 0.341891 0.0
0.973742 0.352531 0.0
0.980007 0.362568 0.0
0.987004 0.371848 0.0
0.994622 0.380226 0.0
1.00271 0.387577 0.0
1.01108 0.393807 0.0
1.01952 0.398862 0.0
1.0278 0.402729 0.0
1.03567 0.405437 0.0
1.04289 0.407046 0.0
1.04925 0.40764 0.0
1.05455 0.407316 0.0
1.05861 0.40617 0.0
1.06128 0.404294 0.0
1.06245 0.401774 0.0
1.06201 0.398682 0.0
1.05989 0.395089 0.0
1.05605 0.391057 0.0
1.05045 0.386646 0.0
1.04311 0.381913 0.0
1.03403 0.376918 0.0
1.02328 0.371718 0.0
1.01091 0.36637 0.0
0.997025 0.360933 0.0
0.981735 0.355462 0.0
0.965173 0.350013 0.0
0.947491 0.344639 0.0
0.928854 0.339392 0.0
0.909445 0.33432 0.0
0.889459 0.329469 0.0
0.869099 0.324879 0.0
0.848579 0.320589 0.0
0.828115 0.316626 0.0
0.807927 0.313013 0.0
0.788228 0.309761 0.0
0.769223 0.306868 0.0
0.751104 0.304318 0.0
0.734041 0.302078 0.0
0.718178 0.300097 0.0
0.703631 0.298306 0.0
0.690482 0.29662 0.0
0.678776 0.294936 0.0
0.668526 0.293141 0.0
0.659712 0.291111 0.0
0.652282 0.288715 0.0
0.646159 0.285823 0.0
0.641242 0.282307 0.0
0.637415 0.278046 0.0
0.634548 0.27293 0.0
0.632503 0.266863 0.0
0.631133 0.259767 0.0
0.630293 0.251584 0.0
0.629835 0.24228 0.0
0.629615 0.231845 0.0
0.629491 0.220295 0.0
0.629328 0.207677 0.0
0.628997 0.194062 0.0
0.628375 0.179553 0.0
0.627353 0.16428 0.0
0.625827 0.148397 0.0
0.623706 0.132086 0.0
0.620913 0.115545 0.0
0.617382 0.0989913 0.0
0.613062 0.0826537 0.0
0.607916 0.0667664 0.0
0.601924 0.0515632 0.0
0.59508 0.0372712 0.0
0.587392 0.0241032 0.0
0.578884 0.0122501 0.0
0.569588 0.00187149 0.0
0.559542 -0.00690802 0.0
0.548801 -0.0139968 0.0
0.537428 -0.0193329 0.0
0.525484 -0.0228942 0.0
0.51303 -0.0246929 0.0
0.500119 -0.0247715 0.0
0.486802 -0.0231996 0.0
0.47312 -0.0200688 0.0
0.459114 -0.0154879 0.0
0.444818 -0.00957344 0.0
0.430269 -0.00244881 0.0
0.415517 0.00576142 0.0
0.400644 0.0149427 0.0
0.38576 0.0250024 0.0
0.37101 0.0358795 0.0
0.356569 0.047539 0.0
0.342631 0.059953 0.0
0.329388 0.0730839 0.0
0.31701 0.0868715 0.0
0.305622 0.101227 0.0
0.295305 0.116034 0.0
0.286095 0.131154 0.0
0.277995 0.146436 0.0
0.270991 0.161723 0.0
0.265058 0.176861 0.0
0.260176 0.191701 0.0
0.256326 0.206104 0.0
0.253499 0.219938 0.0
0.251685 0.233082 0.0
0.250882 0.245421 0.0
0.251082 0.256848 0.0
0.252278 0.267266 0.0
0.254456 0.276585 0.0
0.257597 0.284725 0.0
0.261675 0.291618 0.0
0.266658 0.297207 0.0
0.272507 0.301446 0.0
0.279176 0.304302 0.0
0.286615 0.305758 0.0
0.294771 0.305808 0.0
0.303583 0.304458 0.0
0.31299 0.301728 0.0
0.32293 0.29765 0.0
0.333339 0.292265 0.0
0.344152 0.285624 0.0
0.355307 0.277787 0.0
0.36674 0.268818 0.0
0.378391 0.258789 0.0
0.390203 0.247775 0.0
0.402118 0.235855 0.0
0.414084 0.223111 0.0
0.42605 0.209624 0.0
0.437968 0.19548 0.0
0.449793 0.180761 0.0
0.461486 0.165551 0.0
0.473009 0.149934 0.0
0.484328 0.133993 0.0
0.495414 0.11781 0.0
0.506243 0.101468 0.0
0.516792 0.0850508 0.0
0.527043 0.068644 0.0
0.53698 0.0523362 0.0
0.546585 0.0362195 0.0
0.555843 0.0203901 0.0
0.564736 0.00494727 0.0
0.573245 -0.0100111 0.0
0.581357 -0.0243967 0.0
0.58906 -0.0381203 0.0
0.596342 -0.0510884 0.0
0.603191 -0.063207 0.0
0.609597 -0.0743832 0.0
0.615553 -0.0845277 0.0
0.621055 -0.0935574 0.0
0.626102 -0.101397 0.0
0.630697 -0.10798 0.0
0.634849 -0.113252 0.0
0.63857 -0.117167 0.0
0.641877 -0.119692 0.0
0.644792 -0.120803 0.0
0.647339 -0.120488 0.0
0.649546 -0.118742 0.0
0.651446 -0.115568 0.0
0.653072 -0.110975 0.0
0.654459 -0.104976 0.0
0.655644 -0.0975878 0.0
0.656665 -0.0888289 0.0
0.657556 -0.0787379 0.0
0.658344 -0.0675118 0.0
0.659019 -0.056575 0.0
0.99997 0.00335602 0.0
0.999849 0.010044 0.0
0.999608 0.0167141 0.0
0.999248 0.0233729 0.0
0.998768 0.0300268 0.0
0.99817 0.0366826 0.0
0.997455 0.0433473 0.0
0.996623 0.0500282 0.0
0.995678 0.0567328 0.0
0.994621 0.063469 0.0
0.993454 0.0702452 0.0
0.992181 0.0770702 0.0
0.990805 0.0839531 0.0
0.98933 0.0909037 0.0
0.987761 0.0979323 0.0
0.986104 0.10505 0.0
0.984366 0.112267 0.0
0.982555 0.119596 0.0
0.98068 0.12705 0.0
0.978754 0.134641 0.0
0.976788 0.142383 0.0
0.974798 0.150289 0.0
0.972801 0.158373 0.0
0.970817 0.166648 0.0
0.96887 0.175127 0.0
0.966986 0.183823 0.0
0.965195 0.192747 0.0
0.96353 0.201908 0.0
0.96203 0.211313 0.0
0.960737 0.220964 0.0
0.959697 0.230861 0.0
0.958962 0.240994 0.0
0.958584 0.251351 0.0
0.958621 0.261908 0.0
0.959132 0.272631 0.0
0.960175 0.283476 0.0
0.961805 0.294384 0.0
0.964073 0.305284 0.0
0.967021 0.316088 0.0
0.970676 0.326698 0.0
0.97505 0.337001 0.0
0.980132 0.346877 0.0
0.985887 0.356202 0.0
0.992249 0.364855 0.0
0.999125 0.372725 0.0
1.0064 0.379719 0.0
1.01392 0.385772 0.0
1.02153 0.390847 0.0
1.02905 0.394943 0.0
1.03632 0.398085 0.0
1.04317 0.400327 0.0
1.04943 0.401736 0.0
1.05496 0.402389 0.0
1.05964 0.402362 0.0
1.06334 0.401727 0.0
1.06597 0.400549 0.0
1.06743 0.398885 0.0
1.06765 0.396785 0.0
1.06656 0.394291 0.0
1.06412 0.391446 0.0
1.06029 0.388286 0.0
1.05507 0.384849 0.0
1.04844 0.381172 0.0
1.04043 0.377292 0.0
1.03108 0.373247 0.0
1.02044 0.369074 0.0
1.00859 0.364809 0.0
0.995631 0.360489 0.0
0.981661 0.356149 0.0
0.966807 0.351825 0.0
0.951208 0.347549 0.0
0.935017 0.343351 0.0
0.918395 0.339259 0.0
0.901516 0.335298 0.0
0.884557 0.331488 0.0
0.867699 0.327842 0.0
0.851126 0.324365 0.0
0.835013 0.321053 0.0
0.819528 0.31789 0.0
0.804826 0.314849 0.0
0.791041 0.311886 0.0
0.778287 0.308944 0.0
0.766649 0.305955 0.0
0.756187 0.302834 0.0
0.74693 0.299489 0.0
0.738877 0.295819 0.0
0.732001 0.291718 0.0
0.726249 0.287081 0.0
0.721544 0.281804 0.0
0.717793 0.275791 0.0
0.714884 0.268958 0.0
0.712694 0.261232 0.0
0.711092 0.252561 0.0
0.709942 0.242911 0.0
0.709104 0.232272 0.0
0.708437 0.220658 0.0
0.707804 0.20811 0.0
0.707071 0.194693 0.0
0.70611 0.180503 0.0
0.704802 0.16566 0.0
0.703036 0.150309 0.0
0.700712 0.134617 0.0
0.697746 0.118773 0.0
0.694062 0.102978 0.0
0.689605 0.0874451 0.0
0.684332 0.0723939 0.0
0.678218 0.0580419 0.0
0.671255 0.0445997 0.0
0.663453 0.0322646 0.0
0.654836 0.0212138 0.0
0.645442 0.0115981 0.0
0.635319 0.00353404 0.0
0.624517 -0.00289596 0.0
0.613095 -0.0076386 0.0
0.601123 -0.0106724 0.0
0.588668 -0.0120061 0.0
0.575797 -0.0116764 0.0
0.562564 -0.00974493 0.0
0.549018 -0.00629544 0.0
0.535193 -0.00143018 0.0
0.521124 0.00473356 0.0
0.506852 0.0120659 0.0
0.492422 0.0204283 0.0
0.477886 0.0296849 0.0
0.463312 0.0397183 0.0
0.448789 0.0504358 0.0
0.434443 0.0617705 0.0
0.420427 0.0736755 0.0
0.406917 0.0861133 0.0
0.394094 0.0990436 0.0
0.382124 0.112413 0.0
0.371143 0.126147 0.0
0.361249 0.140146 0.0
0.352499 0.154294 0.0
0.344915 0.168454 0.0
0.338494 0.182484 0.0
0.333215 0.196239 0.0
0.32905 0.20958 0.0
0.32597 0.22237 0.0
0.323948 0.234486 0.0
0.322958 0.245811 0.0
0.322977 0.256239 0.0
0.323981 0.265675 0.0
0.325946 0.274033 0.0
0.328844 0.281238 0.0
0.332642 0.287228 0.0
0.337306 0.29195 0.0
0.342794 0.295365 0.0
0.349061 0.297446 0.0
0.356057 0.298179 0.0
0.363729 0.297561 0.0
0.37202 0.295602 0.0
0.380871 0.292325 0.0
0.390223 0.287761 0.0
0.400014 0.281954 0.0
0.410185 0.274952 0.0
0.420675 0.266815 0.0
0.431425 0.257606 0.0
0.442378 0.247395 0.0
0.453478 0.236256 0.0
0.464673 0.224264 0.0
0.475911 0.211498 0.0
0.487145 0.198038 0.0
0.49833 0.183964 0.0
0.509424 0.169357 0.0
0.520388 0.154298 0.0
0.531188 0.138865 0.0
0.541794 0.123138 0.0
0.552178 0.107195 0.0
0.562318 0.0911151 0.0
0.572193 0.0749795 0.0
0.581786 0.0588713 0.0
0.59108 0.0428782 0.0
0.600059 0.0270929 0.0
0.608705 0.0116134 0.0
0.616995 -0.00345856 0.0
0.62491 -0.0180302 0.0
0.632436 -0.0320156 0.0
0.639556 -0.0453244 0.0
0.646254 -0.0578641 0.0
0.652516 -0.069542 0.0
0.658329 -0.0802676 0.0
0.663685 -0.0899551 0.0
0.668578 -0.0985253 0.0
0.67301 -0.105908 0.0
0.676985 -0.112041 0.0
0.680515 -0.116874 0.0
0.683615 -0.120367 0.0
0.686309 -0.122492 0.0
0.688621 -0.123229 0.0
0.690582 -0.12257 0.0
0.692229 -0.120513 0.0
0.693598 -0.117065 0.0
0.69473 -0.112235 0.0
0.695668 -0.10604 0.0
0.696456 -0.0984966 0.0
0.697138 -0.0896234 0.0
0.69776 -0.0794568 0.0
0.698357 -0.0681774 0.0
0.698925 -0.0571524 0.0
0.999972 0.00341418 0.0
0.99986 0.0102183 0.0
0.999637 0.0170041 0.0
0.999302 0.023778 0.0
0.998857 0.0305462 0.0
0.998304 0.0373152 0.0
0.997642 0.0440918 0.0
0.996874 0.0508829 0.0
0.996001 0.0576956 0.0
0.995027 0.0645376 0.0
0.993954 0.0714167 0.0
0.992785 0.078341 0.0
0.991524 0.0853193 0.0
0.990176 0.0923605 0.0
0.988746 0.0994741 0.0
0.987241 0.10667 0.0
0.985668 0.113958 0.0
0.984036 0.121349 0.0
0.982354 0.128854 0.0
0.980633 0.136484 0.0
0.978888 0.144251 0.0
0.977133 0.152166 0.0
0.975386 0.16024 0.0
0.973666 0.168484 0.0
0.971995 0.176908 0.0
0.970399 0.185522 0.0
0.968907 0.194333 0.0
0.967548 0.203346 0.0
0.96636 0.212564 0.0
0.965378 0.221987 0.0
0.964647 0.231609 0.0
0.964208 0.24142 0.0
0.96411 0.251402 0.0
0.964399 0.26153 0.0
0.965126 0.271772 0.0
0.966337 0.282083 0.0
0.968075 0.292409 0.0
0.970379 0.302686 0.0
0.973279 0.312838 0.0
0.976792 0.322779 0.0
0.980922 0.332416 0.0
0.985654 0.341649 0.0
0.990952 0.350378 0.0
0.996761 0.358509 0.0
1.003 0.365954 0.0
1.00958 0.372644 0.0
1.01638 0.37853 0.0
1.02327 0.383587 0.0
1.03013 0.387817 0.0
1.03683 0.391243 0.0
1.04324 0.393911 0.0
1.04925 0.395877 0.0
1.05476 0.397205 0.0
1.05967 0.39796 0.0
1.06389 0.398202 0.0
1.06736 0.397986 0.0
1.06999 0.397359 0.0
1.07172 0.396361 0.0
1.07249 0.395025 0.0
1.07226 0.393381 0.0
1.07099 0.391455 0.0
1.06863 0.389268 0.0
1.06516 0.386844 0.0
1.06059 0.384203 0.0
1.05491 0.381368 0.0
1.04814 0.378357 0.0
1.04032 0.375193 0.0
1.03149 0.371895 0.0
1.02172 0.368485 0.0
1.01108 0.364981 0.0
0.99967 0.361404 0.0
0.987584 0.357772 0.0
0.97494 0.354102 0.0
0.961865 0.35041 0.0
0.948493 0.346708 0.0
0.934967 0.343006 0.0
0.921433 0.339309 0.0
0.90804 0.335616 0.0
0.894934 0.331919 0.0
0.882255 0.328201 0.0
0.870137 0.324437 0.0
0.858696 0.320589 0.0
0.848033 0.31661 0.0
0.838231 0.312443 0.0
0.829347 0.308022 0.0
0.821415 0.303271 0.0
0.814446 0.298112 0.0
0.808424 0.292462 0.0
0.803311 0.28624 0.0
0.799048 0.27937 0.0
0.795556 0.27178 0.0
0.792741 0.263414 0.0
0.790495 0.254227 0.0
0.7887 0.244191 0.0
0.78723 0.233301 0.0
0.785956 0.221571 0.0
0.784747 0.20904 0.0
0.783471 0.195771 0.0
0.782004 0.181853 0.0
0.780224 0.167398 0.0
0.778019 0.152542 0.0
0.775288 0.137439 0.0
0.77194 0.122266 0.0
0.7679 0.107208 0.0
0.763107 0.0924643 0.0
0.757519 0.078236 0.0
0.751109 0.0647236 0.0
0.74387 0.0521203 0.0
0.735809 0.0406064 0.0
0.726955 0.0303437 0.0
0.717347 0.0214697 0.0
0.707039 0.0140935 0.0
0.696092 0.00829393 0.0
0.68457 0.0041152 0.0
0.67254 0.00157647 0.0
0.660068 0.000670618 0.0
0.647221 0.00136543 0.0
0.634061 0.00360567 0.0
0.620647 0.00731531 0.0
0.607031 0.0123992 0.0
0.593263 0.0187413 0.0
0.579383 0.0262109 0.0
0.565426 0.0346697 0.0
0.551428 0.0439777 0.0
0.537425 0.0540026 0.0
0.523472 0.0646275 0.0
0.509641 0.0757558 0.0
0.496035 0.0873118 0.0
0.482784 0.099238 0.0
0.470038 0.111489 0.0
0.457956 0.12402 0.0
0.446695 0.136782 0.0
0.436389 0.149711 0.0
0.427145 0.162723 0.0
0.419034 0.175718 0.0
0.412096 0.188579 0.0
0.406338 0.201181 0.0
0.401749 0.213392 0.0
0.398302 0.225084 0.0
0.395963 0.236133 0.0
0.394694 0.246422 0.0
0.394458 0.255845 0.0
0.395216 0.264307 0.0
0.39693 0.271723 0.0
0.39956 0.278021 0.0
0.403067 0.283141 0.0
0.407406 0.287034 0.0
0.412535 0.289665 0.0
0.418403 0.291011 0.0
0.424961 0.29106 0.0
0.432156 0.289813 0.0
0.439933 0.287283 0.0
0.448234 0.283492 0.0
0.457003 0.278474 0.0
0.466182 0.272271 0.0
0.475713 0.264933 0.0
0.485539 0.256518 0.0
0.495606 0.247087 0.0
0.505858 0.236709 0.0
0.516244 0.225455 0.0
0.526714 0.2134 0.0
0.53722 0.200618 0.0
0.547717 0.187187 0.0
0.558163 0.173184 0.0
0.568519 0.158687 0.0
0.57875 0.143773 0.0
0.588825 0.128516 0.0
0.598715 0.112992 0.0
0.608395 0.0972765 0.0
0.617843 0.081445 0.0
0.627042 0.0655758 0.0
0.635973 0.0497508 0.0
0.644619 0.0340578 0.0
0.652962 0.0185913 0.0
0.660979 0.00345316 0.0
0.668646 -0.011255 0.0
0.675942 -0.025446 0.0
0.682849 -0.0390328 0.0
0.689347 -0.0519249 0.0
0.695416 -0.0640309 0.0
0.70104 -0.0752605 0.0
0.706205 -0.0855268 0.0
0.710902 -0.0947483 0.0
0.715127 -0.102851 0.0
0.718884 -0.10977 0.0
0.72218 -0.11545 0.0
0.725031 -0.119845 0.0
0.727459 -0.122923 0.0
0.729489 -0.124659 0.0
0.731154 -0.12504 0.0
0.732492 -0.124059 0.0
0.733543 -0.121721 0.0
0.734351 -0.118034 0.0
0.734965 -0.113012 0.0
0.735434 -0.10667 0.0
0.735808 -0.0990288 0.0
0.736141 -0.0901067 0.0
0.736484 -0.079938 0.0
0.73688 -0.0686889 0.0
0.737337 -0.0576657 0.0
0.999974 0.00346808 0.0
0.999871 0.0103797 0.0
0.999664 0.0172727 0.0
0.999355 0.024153 0.0
0.998944 0.0310267 0.0
0.998433 0.0378999 0.0
0.997823 0.0447791 0.0
0.997116 0.0516709 0.0
0.996313 0.0585821 0.0
0.995419 0.0655198 0.0
0.994435 0.0724914 0.0
0.993366 0.0795045 0.0
0.992216 0.0865671 0.0
0.990989 0.0936875 0.0
0.989691 0.100874 0.0
0.98833 0.108136 0.0
0.986913 0.115482 0.0
0.985448 0.122922 0.0
0.983946 0.130465 0.0
0.982418 0.138121 0.0
0.980878 0.1459 0.0
0.97934 0.15381 0.0
0.977821 0.161862 0.0
0.976341 0.170063 0.0
0.97492 0.178421 0.0
0.973582 0.186943 0.0
0.972355 0.195632 0.0
0.971267 0.204493 0.0
0.970349 0.213524 0.0
0.969636 0.222721 0.0
0.969165 0.232078 0.0
0.968975 0.24158 0.0
0.969104 0.25121 0.0
0.969595 0.260942 0.0
0.970487 0.270742 0.0
0.971818 0.280571 0.0
0.973622 0.290378 0.0
0.975928 0.300106 0.0
0.978758 0.309689 0.0
0.982121 0.319052 0.0
0.986015 0.328118 0.0
0.990425 0.336805 0.0
0.995317 0.345031 0.0
1.00064 0.352721 0.0
1.00634 0.359807 0.0
1.01232 0.366234 0.0
1.0185 0.371964 0.0
1.02477 0.376981 0.0
1.03105 0.381286 0.0
1.03722 0.3849 0.0
1.0432 0.38786 0.0
1.04891 0.390214 0.0
1.05425 0.392016 0.0
1.05917 0.39332 0.0
1.06361 0.394182 0.0
1.0675 0.394649 0.0
1.0708 0.394764 0.0
1.07346 0.394562 0.0
1.07544 0.394071 0.0
1.07669 0.393316 0.0
1.07718 0.392315 0.0
1.07686 0.391083 0.0
1.07572 0.389634 0.0
1.07373 0.387978 0.0
1.07088 0.386124 0.0
1.06716 0.384082 0.0
1.06259 0.381859 0.0
1.05718 0.379464 0.0
1.05097 0.376903 0.0
1.04398 0.374185 0.0
1.03628 0.371314 0.0
1.02793 0.3683 0.0
1.019 0.365146 0.0
1.00959 0.36186 0.0
0.99977 0.358445 0.0
0.989661 0.354904 0.0
0.979367 0.351238 0.0
0.969003 0.347444 0.0
0.958686 0.343514 0.0
0.948532 0.339438 0.0
0.938654 0.335197 0.0
0.929159 0.330765 0.0
0.920143 0.326112 0.0
0.91169 0.321197 0.0
0.903868 0.315974 0.0
0.896729 0.31039 0.0
0.890301 0.304389 0.0
0.884596 0.297912 0.0
0.879602 0.290897 0.0
0.875289 0.283289 0.0
0.871606 0.275035 0.0
0.868486 0.266094 0.0
0.865845 0.256433 0.0
0.863588 0.246037 0.0
0.861608 0.234905 0.0
0.859793 0.223056 0.0
0.858025 0.210533 0.0
0.856184 0.197395 0.0
0.854152 0.183729 0.0
0.851815 0.16964 0.0
0.849065 0.155254 0.0
0.845805 0.140718 0.0
0.841948 0.126192 0.0
0.83742 0.11185 0.0
0.832163 0.0978717 0.0
0.826137 0.084443 0.0
0.819317 0.0717462 0.0
0.811698 0.0599565 0.0
0.803292 0.049237 0.0
0.794126 0.0397333 0.0
0.784244 0.0315694 0.0
0.773702 0.0248439 0.0
0.762565 0.0196285 0.0
0.750901 0.0159657 0.0
0.738784 0.0138731 0.0
0.726286 0.0133435 0.0
0.713479 0.0143467 0.0
0.700432 0.0168313 0.0
0.68721 0.0207257 0.0
0.673875 0.0259401 0.0
0.660477 0.0323661 0.0
0.647062 0.0398814 0.0
0.633665 0.0483534 0.0
0.620313 0.0576446 0.0
0.607032 0.0676187 0.0
0.593851 0.0781461 0.0
0.580809 0.0891099 0.0
0.567962 0.10041 0.0
0.555391 0.111963 0.0
0.543198 0.123703 0.0
0.531505 0.135579 0.0
0.52045 0.147541 0.0
0.510167 0.159541 0.0
0.500784 0.17152 0.0
0.492406 0.183409 0.0
0.485112 0.195121 0.0
0.47895 0.206559 0.0
0.473942 0.217612 0.0
0.470084 0.228169 0.0
0.467357 0.238115 0.0
0.465726 0.247339 0.0
0.465152 0.255738 0.0
0.465588 0.263219 0.0
0.466986 0.269698 0.0
0.469299 0.275103 0.0
0.472476 0.279375 0.0
0.476467 0.282469 0.0
0.48122 0.284349 0.0
0.486684 0.284995 0.0
0.492804 0.284397 0.0
0.499527 0.282558 0.0
0.506797 0.279491 0.0
0.514559 0.27522 0.0
0.522757 0.269779 0.0
0.531335 0.263209 0.0
0.540239 0.25556 0.0
0.549414 0.246889 0.0
0.558808 0.237255 0.0
0.568371 0.226726 0.0
0.578053 0.21537 0.0
0.587808 0.20326 0.0
0.597591 0.190468 0.0
0.607361 0.177069 0.0
0.617079 0.163138 0.0
0.626709 0.148747 0.0
0.636219 0.133971 0.0
0.64558 0.118882 0.0
0.654765 0.103551 0.0
0.663752 0.088051 0.0
0.672519 0.0724547 0.0
0.681048 0.0568387 0.0
0.68932 0.0412847 0.0
0.697316 0.0258815 0.0
0.705013 0.0107274 0.0
0.712384 -0.00407086 0.0
0.719404 -0.0184172 0.0
0.726049 -0.0322258 0.0
0.732297 -0.0454081 0.0
0.738124 -0.0578745 0.0
0.74351 -0.0695358 0.0
0.748435 -0.0803051 0.0
0.752889 -0.0901002 0.0
0.756862 -0.0988454 0.0
0.760356 -0.106473 0.0
0.763375 -0.112924 0.0
0.765933 -0.11815 0.0
0.76805 -0.122113 0.0
0.769753 -0.124786 0.0
0.771075 -0.126149 0.0
0.772054 -0.126194 0.0
0.772733 -0.124921 0.0
0.773159 -0.122337 0.0
0.773384 -0.118452 0.0
0.773461 -0.113284 0.0
0.773446 -0.106851 0.0
0.773396 -0.0991727 0.0
0.77337 -0.0902698 0.0
0.773427 -0.0801748 0.0
0.773619 -0.0690409 0.0
0.77396 -0.0581108 0.0
0.999976 0.00351785 0.0
0.999881 0.0105288 0.0
0.99969 0.0175206 0.0
0.999406 0.0244989 0.0
0.999028 0.0314695 0.0
0.998558 0.0384383 0.0
0.997997 0.0454113 0.0
0.997348 0.0523949 0.0
0.996613 0.0593953 0.0
0.995795 0.0664193 0.0
0.994897 0.0734737 0.0
0.993923 0.0805656 0.0
0.992877 0.0877022 0.0
0.991765 0.0948911 0.0
0.990593 0.10214 0.0
0.989368 0.109457 0.0
0.988096 0.11685 0.0
0.986788 0.124327 0.0
0.985454 0.131897 0.0
0.984104 0.139567 0.0
0.982753 0.147346 0.0
0.981413 0.155241 0.0
0.980103 0.16326 0.0
0.978839 0.171409 0.0
0.977643 0.179692 0.0
0.976536 0.188115 0.0
0.975544 0.19668 0.0
0.974691 0.205386 0.0
0.974008 0.214231 0.0
0.973525 0.22321 0.0
0.973274 0.232311 0.0
0.973289 0.241522 0.0
0.973604 0.250823 0.0
0.974253 0.260189 0.0
0.975269 0.269588 0.0
0.976682 0.278982 0.0
0.97852 0.288326 0.0
0.980803 0.297569 0.0
0.983547 0.306653 0.0
0.986757 0.315515 0.0
0.990427 0.32409 0.0
0.994542 0.332309 0.0
0.99907 0.340107 0.0
1.00397 0.347421 0.0
1.00919 0.354197 0.0
1.01465 0.360394 0.0
1.0203 0.365981 0.0
1.02604 0.370944 0.0
1.03181 0.375286 0.0
1.03751 0.379023 0.0
1.04308 0.382186 0.0
1.04846 0.384814 0.0
1.05357 0.386952 0.0
1.05839 0.38865 0.0
1.06285 0.389954 0.0
1.06693 0.390908 0.0
1.07058 0.39155 0.0
1.07378 0.391915 0.0
1.07649 0.392028 0.0
1.07869 0.391912 0.0
1.08034 0.391581 0.0
1.08142 0.39105 0.0
1.08191 0.390324 0.0
1.08178 0.38941 0.0
1.08101 0.38831 0.0
1.0796 0.387025 0.0
1.07753 0.385554 0.0
1.07481 0.383897 0.0
1.07145 0.382051 0.0
1.06746 0.380012 0.0
1.06287 0.377778 0.0
1.05771 0.375345 0.0
1.05203 0.37271 0.0
1.04587 0.369868 0.0
1.03931 0.366816 0.0
1.0324 0.363549 0.0
1.02523 0.36006 0.0
1.01787 0.356344 0.0
1.01041 0.35239 0.0
1.00294 0.348187 0.0
0.995548 0.34372 0.0
0.988315 0.33897 0.0
0.981325 0.333913 0.0
0.974651 0.328522 0.0
0.968358 0.322763 0.0
0.962497 0.316602 0.0
0.957104 0.309998 0.0
0.952201 0.302911 0.0
0.947792 0.2953 0.0
0.943864 0.287127 0.0
0.940386 0.278358 0.0
0.937314 0.268965 0.0
0.934583 0.258933 0.0
0.93212 0.248257 0.0
0.929839 0.236945 0.0
0.927645 0.225025 0.0
0.925436 0.212541 0.0
0.923109 0.199556 0.0
0.920558 0.186152 0.0
0.917682 0.17243 0.0
0.914383 0.158512 0.0
0.910573 0.144531 0.0
0.906174 0.130637 0.0
0.901119 0.116988 0.0
0.895357 0.103751 0.0
0.888853 0.0910934 0.0
0.881589 0.0791795 0.0
0.873564 0.0681673 0.0
0.864794 0.0582029 0.0
0.855311 0.0494164 0.0
0.845161 0.041918 0.0
0.834402 0.0357959 0.0
0.823102 0.0311141 0.0
0.811334 0.0279116 0.0
0.799174 0.0262041 0.0
0.7867 0.0259843 0.0
0.77399 0.0272239 0.0
0.761116 0.0298748 0.0
0.748149 0.0338704 0.0
0.735153 0.039127 0.0
0.722185 0.0455449 0.0
0.709291 0.0530113 0.0
0.69651 0.0614027 0.0
0.683868 0.0705888 0.0
0.671387 0.080436 0.0
0.659086 0.090812 0.0
0.646981 0.101591 0.0
0.635101 0.112656 0.0
0.623485 0.123904 0.0
0.612191 0.13525 0.0
0.601296 0.14662 0.0
0.590896 0.157955 0.0
0.581101 0.169204 0.0
0.572025 0.180316 0.0
0.563778 0.191238 0.0
0.556458 0.201907 0.0
0.550142 0.212251 0.0
0.544884 0.222186 0.0
0.540713 0.231623 0.0
0.537634 0.240466 0.0
0.535636 0.248617 0.0
0.534688 0.255983 0.0
0.534751 0.262475 0.0
0.535779 0.268015 0.0
0.53772 0.272532 0.0
0.540519 0.27597 0.0
0.544121 0.278282 0.0
0.548469 0.279435 0.0
0.553507 0.279408 0.0
0.559178 0.278193 0.0
0.565424 0.275793 0.0
0.572189 0.27222 0.0
0.579418 0.2675 0.0
0.587056 0.261664 0.0
0.595047 0.254754 0.0
0.60334 0.246819 0.0
0.611882 0.237913 0.0
0.620624 0.228095 0.0
0.629517 0.21743 0.0
0.638517 0.205985 0.0
0.647578 0.193829 0.0
0.656661 0.181033 0.0
0.665727 0.167669 0.0
0.674741 0.153807 0.0
0.683668 0.13952 0.0
0.692481 0.124876 0.0
0.70115 0.109947 0.0
0.709652 0.0947995 0.0
0.717963 0.0795048 0.0
0.726063 0.064134 0.0
0.733931 0.0487627 0.0
0.741546 0.0334733 0.0
0.748885 0.0183575 0.0
0.755921 0.00351868 0.0
0.762622 -0.0109344 0.0
0.76896 -0.024912 0.0
0.774911 -0.0383269 0.0
0.780447 -0.0510908 0.0
0.785544 -0.063116 0.0
0.790181 -0.0743166 0.0
0.794342 -0.0846105 0.0
0.798015 -0.0939216 0.0
0.801198 -0.102181 0.0
0.803894 -0.109327 0.0
0.806114 -0.115309 0.0
0.807878 -0.120087 0.0
0.809211 -0.123627 0.0
0.810145 -0.12591 0.0
0.810721 -0.126922 0.0
0.810981 -0.126661 0.0
0.810976 -0.125129 0.0
0.810759 -0.122338 0.0
0.810386 -0.118302 0.0
0.809915 -0.113041 0.0
0.809409 -0.106573 0.0
0.808931 -0.0989219 0.0
0.808544 -0.0901083 0.0
0.808315 -0.0801639 0.0
0.808301 -0.0692304 0.0
0.808524 -0.0584847 0.0
0.999978 0.00356366 0.0
0.99989 0.010666 0.0
0.999716 0.0177486 0.0
0.999454 0.0248168 0.0
0.999108 0.0318762 0.0
0.998677 0.0389323 0.0
0.998164 0.0459908 0.0
0.997571 0.0530575 0.0
0.9969 0.0601385 0.0
0.996154 0.0672399 0.0
0.995338 0.074368 0.0
0.994454 0.0815293 0.0
0.993507 0.0887304 0.0
0.992504 0.0959782 0.0
0.991449 0.10328 0.0
0.990351 0.110642 0.0
0.989216 0.118071 0.0
0.988054 0.125576 0.0
0.986874 0.133162 0.0
0.985689 0.140837 0.0
0.98451 0.148607 0.0
0.983352 0.156478 0.0
0.982231 0.164456 0.0
0.981163 0.172545 0.0
0.980167 0.180748 0.0
0.979265 0.189069 0.0
0.978479 0.197506 0.0
0.977832 0.206059 0.0
0.977351 0.214722 0.0
0.977064 0.223489 0.0
0.976997 0.232349 0.0
0.977181 0.241286 0.0
0.977644 0.250282 0.0
0.978415 0.259311 0.0
0.979521 0.268344 0.0
0.980987 0.277346 0.0
0.982833 0.286277 0.0
0.985076 0.295091 0.0
0.987725 0.303738 0.0
0.990782 0.312164 0.0
0.994241 0.320313 0.0
0.998084 0.328128 0.0
1.00229 0.335557 0.0
1.00681 0.342547 0.0
1.01161 0.349055 0.0
1.01663 0.355048 0.0
1.02181 0.3605 0.0
1.02709 0.365402 0.0
1.0324 0.369754 0.0
1.03768 0.37357 0.0
1.04287 0.376874 0.0
1.04793 0.379698 0.0
1.0528 0.382081 0.0
1.05744 0.384063 0.0
1.06183 0.385687 0.0
1.06594 0.386991 0.0
1.06974 0.38801 0.0
1.07322 0.388777 0.0
1.07636 0.389317 0.0
1.07913 0.389651 0.0
1.08153 0.389794 0.0
1.08352 0.389757 0.0
1.08511 0.389547 0.0
1.08626 0.389167 0.0
1.08696 0.388615 0.0
1.08721 0.387889 0.0
1.08698 0.386983 0.0
1.08628 0.38589 0.0
1.0851 0.384601 0.0
1.08345 0.383107 0.0
1.08132 0.381396 0.0
1.07875 0.379459 0.0
1.07575 0.377283 0.0
1.07234 0.374856 0.0
1.06856 0.372168 0.0
1.06446 0.369207 0.0
1.06007 0.36596 0.0
1.05546 0.362416 0.0
1.05068 0.358561 0.0
1.04578 0.354382 0.0
1.04083 0.349864 0.0
1.0359 0.34499 0.0
1.03105 0.33974 0.0
1.02632 0.334094 0.0
1.02178 0.328029 0.0
1.01745 0.321518 0.0
1.01339 0.314537 0.0
1.00961 0.307059 0.0
1.00611 0.299058 0.0
1.0029 0.290511 0.0
0.999949 0.2814 0.0
0.99723 0.271714 0.0
0.994696 0.261449 0.0
0.992288 0.250612 0.0
0.989937 0.239222 0.0
0.987566 0.227314 0.0
0.985092 0.214936 0.0
0.982425 0.202154 0.0
0.979478 0.18905 0.0
0.976163 0.175723 0.0
0.972397 0.162284 0.0
0.968105 0.148861 0.0
0.96322 0.135592 0.0
0.957687 0.122622 0.0
0.951465 0.110102 0.0
0.944528 0.0981835 0.0
0.936867 0.0870151 0.0
0.928486 0.0767376 0.0
0.919408 0.067481 0.0
0.909668 0.0593606 0.0
0.899318 0.0524741 0.0
0.888417 0.0468992 0.0
0.877036 0.0426923 0.0
0.86525 0.0398881 0.0
0.853137 0.0384999 0.0
0.840779 0.0385205 0.0
0.828254 0.0399232 0.0
0.81564 0.0426635 0.0
0.803009 0.0466797 0.0
0.790427 0.051895 0.0
0.777954 0.0582183 0.0
0.765639 0.0655463 0.0
0.753523 0.0737655 0.0
0.741636 0.0827547 0.0
0.729999 0.0923875 0.0
0.718627 0.102535 0.0
0.707528 0.11307 0.0
0.696714 0.12387 0.0
0.686199 0.134821 0.0
0.676007 0.145819 0.0
0.666177 0.156775 0.0
0.656764 0.167613 0.0
0.647838 0.178268 0.0
0.639483 0.188684 0.0
0.631788 0.198811 0.0
0.624846 0.208596 0.0
0.61874 0.217984 0.0
0.61354 0.226911 0.0
0.609299 0.235311 0.0
0.606048 0.243107 0.0
0.6038 0.250223 0.0
0.602548 0.256578 0.0
0.602269 0.262096 0.0
0.602928 0.266707 0.0
0.604482 0.270346 0.0
0.606878 0.27296 0.0
0.610064 0.274504 0.0
0.613981 0.274947 0.0
0.61857 0.274268 0.0
0.623774 0.272459 0.0
0.629533 0.269522 0.0
0.635789 0.265469 0.0
0.642487 0.260324 0.0
0.649572 0.254118 0.0
0.656988 0.246892 0.0
0.664686 0.238691 0.0
0.672614 0.22957 0.0
0.680726 0.219585 0.0
0.688975 0.208798 0.0
0.697319 0.197274 0.0
0.705716 0.185081 0.0
0.714128 0.172286 0.0
0.72252 0.158958 0.0
0.730859 0.145166 0.0
0.739114 0.130978 0.0
0.747256 0.116463 0.0
0.75526 0.101687 0.0
0.763099 0.0867176 0.0
0.770752 0.071623 0.0
0.778194 0.0564738 0.0
0.785403 0.0413461 0.0
0.792353 0.0263239 0.0
0.799018 0.0115027 0.0
0.805363 -0.00300682 0.0
0.811354 -0.0171012 0.0
0.816963 -0.0306928 0.0
0.822161 -0.0436944 0.0
0.826921 -0.0560194 0.0
0.831219 -0.067583 0.0
0.835037 -0.0783044 0.0
0.838361 -0.0881075 0.0
0.841186 -0.0969229 0.0
0.843513 -0.104689 0.0
0.845351 -0.111353 0.0
0.846719 -0.116871 0.0
0.84764 -0.12121 0.0
0.848148 -0.124345 0.0
0.848282 -0.12626 0.0
0.848086 -0.126951 0.0
0.84761 -0.126417 0.0
0.846909 -0.124667 0.0
0.84604 -0.121715 0.0
0.845066 -0.117578 0.0
0.84405 -0.112278 0.0
0.843057 -0.105837 0.0
0.842155 -0.0982779 0.0
0.841413 -0.0896241 0.0
0.840901 -0.0799069 0.0
0.840685 -0.0692576 0.0
0.84079 -0.0587856 0.0
0.99998 0.00360566 0.0
0.9999 0.0107917 0.0
0.99974 0.0179575 0.0
0.999501 0.025108 0.0
0.999184 0.0322484 0.0
0.998791 0.039384 0.0
0.998323 0.04652 0.0
0.997783 0.0536618 0.0
0.997173 0.0608152 0.0
0.996496 0.0679856 0.0
0.995756 0.0751789 0.0
0.994957 0.0824011 0.0
0.994104 0.0896581 0.0
0.993202 0.096956 0.0
0.992258 0.104301 0.0
0.991278 0.111699 0.0
0.99027 0.119157 0.0
0.989243 0.12668 0.0
0.988206 0.134274 0.0
0.987172 0.141945 0.0
0.986151 0.149698 0.0
0.985157 0.157538 0.0
0.984206 0.165468 0.0
0.983313 0.173493 0.0
0.982496 0.181612 0.0
0.981775 0.189828 0.0
0.981169 0.198139 0.0
0.9807 0.206541 0.0
0.980393 0.215029 0.0
0.98027 0.223594 0.0
0.980357 0.232225 0.0
0.980678 0.240906 0.0
0.981258 0.249618 0.0
0.982122 0.258339 0.0
0.983291 0.26704 0.0
0.984785 0.27569 0.0
0.98662 0.284252 0.0
0.988809 0.292685 0.0
0.991357 0.300947 0.0
0.994265 0.30899 0.0
0.997524 0.316768 0.0
1.00112 0.324234 0.0
1.00503 0.331341 0.0
1.00922 0.33805 0.0
1.01365 0.344323 0.0
1.01827 0.350133 0.0
1.02305 0.35546 0.0
1.02792 0.360295 0.0
1.03283 0.364639 0.0
1.03773 0.368502 0.0
1.04258 0.371903 0.0
1.04732 0.374868 0.0
1.05194 0.377429 0.0
1.05639 0.379621 0.0
1.06065 0.381478 0.0
1.0647 0.383037 0.0
1.06854 0.384328 0.0
1.07213 0.385382 0.0
1.07549 0.386223 0.0
1.07859 0.38687 0.0
1.08143 0.387341 0.0
1.084 0.387645 0.0
1.08629 0.387789 0.0
1.08829 0.387775 0.0
1.08998 0.387602 0.0
1.09138 0.387265 0.0
1.09245 0.386757 0.0
1.0932 0.386068 0.0
1.09361 0.385185 0.0
1.0937 0.384095 0.0
1.09344 0.382782 0.0
1.09286 0.381231 0.0
1.09195 0.379424 0.0
1.09073 0.377344 0.0
1.08921 0.374975 0.0
1.08742 0.372299 0.0
1.08537 0.369299 0.0
1.08311 0.365958 0.0
1.08065 0.36226 0.0
1.07804 0.358188 0.0
1.07532 0.353726 0.0
1.07252 0.348856 0.0
1.06969 0.343562 0.0
1.06686 0.337827 0.0
1.06407 0.331631 0.0
1.06135 0.324959 0.0
1.05872 0.317792 0.0
1.05619 0.310115 0.0
1.05377 0.301914 0.0
1.05146 0.293177 0.0
1.04925 0.283901 0.0
1.0471 0.274084 0.0
1.04497 0.263736 0.0
1.04283 0.252873 0.0
1.04062 0.241525 0.0
1.03827 0.229732 0.0
1.03571 0.217548 0.0
1.03288 0.205042 0.0
1.02969 0.192294 0.0
1.02609 0.1794 0.0
1.02199 0.166467 0.0
1.01735 0.153615 0.0
1.0121 0.140971 0.0
1.00621 0.128669 0.0
0.999638 0.116844 0.0
0.992381 0.105635 0.0
0.984434 0.0951728 0.0
0.97581 0.0855845 0.0
0.966537 0.0769848 0.0
0.956658 0.0694756 0.0
0.946225 0.0631428 0.0
0.935301 0.0580547 0.0
0.923958 0.0542607 0.0
0.912273 0.051791 0.0
0.900326 0.0506566 0.0
0.888198 0.0508501 0.0
0.87597 0.0523469 0.0
0.863718 0.0551056 0.0
0.851517 0.0590699 0.0
0.839433 0.0641696 0.0
0.827528 0.0703218 0.0
0.815853 0.0774324 0.0
0.804451 0.0853977 0.0
0.793354 0.0941063 0.0
0.782587 0.103441 0.0
0.772163 0.113279 0.0
0.76209 0.123498 0.0
0.752372 0.133975 0.0
0.74301 0.144593 0.0
0.734009 0.15524 0.0
0.725379 0.165813 0.0
0.717144 0.176223 0.0
0.709337 0.18639 0.0
0.702006 0.196248 0.0
0.69521 0.205737 0.0
0.689017 0.214805 0.0
0.683497 0.223401 0.0
0.678718 0.231474 0.0
0.674737 0.23897 0.0
0.671602 0.245834 0.0
0.669343 0.252004 0.0
0.667973 0.257418 0.0
0.667491 0.262016 0.0
0.667881 0.265738 0.0
0.669111 0.26853 0.0
0.671145 0.270345 0.0
0.673934 0.271143 0.0
0.677428 0.270897 0.0
0.681572 0.269586 0.0
0.686307 0.267202 0.0
0.691579 0.263748 0.0
0.697328 0.259236 0.0
0.7035 0.253687 0.0
0.710039 0.247131 0.0
0.716894 0.239607 0.0
0.724013 0.231159 0.0
0.731347 0.221838 0.0
0.738852 0.2117 0.0
0.746482 0.200803 0.0
0.754198 0.18921 0.0
0.761959 0.176986 0.0
0.769731 0.164196 0.0
0.777479 0.150907 0.0
0.785172 0.137185 0.0
0.79278 0.123097 0.0
0.800276 0.108707 0.0
0.807631 0.0940837 0.0
0.814821 0.0792914 0.0
0.82182 0.0643982 0.0
0.828601 0.0494754 0.0
0.835137 0.0345997 0.0
0.841398 0.0198579 0.0
0.847352 0.00535072 0.0
0.852959 -0.00880665 0.0
0.858185 -0.0225191 0.0
0.863001 -0.0356994 0.0
0.867377 -0.0482621 0.0
0.871289 -0.0601236 0.0
0.874716 -0.0712041 0.0
0.877643 -0.0814286 0.0
0.880064 -0.090728 0.0
0.881978 -0.0990408 0.0
0.883393 -0.106313 0.0
0.884326 -0.1125 0.0
0.8848 -0.117566 0.0
0.884849 -0.121485 0.0
0.884509 -0.124238 0.0
0.883827 -0.125817 0.0
0.882851 -0.126222 0.0
0.881637 -0.125456 0.0
0.880244 -0.123533 0.0
0.878733 -0.12047 0.0
0.87717 -0.116286 0.0
0.875622 -0.111005 0.0
0.874158 -0.104652 0.0
0.872847 -0.0972508 0.0
0.871764 -0.0888265 0.0
0.870982 -0.0794107 0.0
0.870571 -0.0691262 0.0
0.870562 -0.0590133 0.0
0.999982 0.00364404 0.0
0.999909 0.0109066 0.0
0.999763 0.0181483 0.0
0.999545 0.0253737 0.0
0.999257 0.0325878 0.0
0.998899 0.0397954 0.0
0.998474 0.0470014 0.0
0.997984 0.0542108 0.0
0.997431 0.0614288 0.0
0.996819 0.0686606 0.0
0.996152 0.0759114 0.0
0.995433 0.0831865 0.0
0.994667 0.0904914 0.0
0.99386 0.0978314 0.0
0.993018 0.105212 0.0
0.992148 0.112639 0.0
0.991257 0.120116 0.0
0.990354 0.12765 0.0
0.989449 0.135245 0.0
0.988552 0.142906 0.0
0.987675 0.150636 0.0
0.98683 0.158439 0.0
0.986032 0.166317 0.0
0.985295 0.174273 0.0
0.984636 0.182307 0.0
0.984073 0.190418 0.0
0.983624 0.198604 0.0
0.983309 0.206859 0.0
0.983149 0.215178 0.0
0.983164 0.223552 0.0
0.983377 0.231967 0.0
0.983808 0.24041 0.0
0.98448 0.248862 0.0
0.985411 0.257301 0.0
0.98662 0.2657 0.0
0.988124 0.274032 0.0
0.989934 0.282264 0.0
0.992059 0.290359 0.0
0.994504 0.29828 0.0
0.997266 0.305987 0.0
1.00034 0.31344 0.0
1.0037 0.320599 0.0
1.00734 0.327427 0.0
1.01123 0.333887 0.0
1.01533 0.339952 0.0
1.01961 0.345598 0.0
1.02403 0.350807 0.0
1.02853 0.355574 0.0
1.03309 0.359896 0.0
1.03765 0.363782 0.0
1.04218 0.367247 0.0
1.04664 0.370313 0.0
1.051 0.373004 0.0
1.05525 0.375351 0.0
1.05935 0.377382 0.0
1.06331 0.379128 0.0
1.06709 0.380617 0.0
1.07071 0.381877 0.0
1.07415 0.382931 0.0
1.07742 0.383796 0.0
1.0805 0.38449 0.0
1.08341 0.385023 0.0
1.08613 0.385402 0.0
1.08866 0.38563 0.0
1.091 0.385706 0.0
1.09315 0.385625 0.0
1.09509 0.385379 0.0
1.09683 0.384958 0.0
1.09836 0.384348 0.0
1.09968 0.383534 0.0
1.10078 0.382498 0.0
1.10165 0.381222 0.0
1.10231 0.379686 0.0
1.10274 0.377869 0.0
1.10296 0.37575 0.0
1.10296 0.373309 0.0
1.10277 0.370525 0.0
1.10239 0.367378 0.0
1.10184 0.363848 0.0
1.10113 0.359916 0.0
1.10029 0.355564 0.0
1.09933 0.350774 0.0
1.09828 0.34553 0.0
1.09715 0.339816 0.0
1.09596 0.333618 0.0
1.09474 0.326924 0.0
1.09347 0.31972 0.0
1.09219 0.312 0.0
1.09087 0.303758 0.0
1.08952 0.294992 0.0
1.08812 0.285705 0.0
1.08665 0.275909 0.0
1.08506 0.26562 0.0
1.08333 0.254864 0.0
1.0814 0.243677 0.0
1.07922 0.232106 0.0
1.07675 0.220208 0.0
1.07391 0.208054 0.0
1.07065 0.195724 0.0
1.06692 0.18331 0.0
1.06265 0.170916 0.0
1.05781 0.158653 0.0
1.05236 0.146638 0.0
1.04626 0.134994 0.0
1.0395 0.123845 0.0
1.03208 0.113314 0.0
1.02399 0.103521 0.0
1.01528 0.0945759 0.0
1.00596 0.0865821 0.0
0.996092 0.079629 0.0
0.985722 0.0737922 0.0
0.97492 0.0691314 0.0
0.963757 0.0656898 0.0
0.95231 0.0634935 0.0
0.94066 0.0625514 0.0
0.928887 0.0628565 0.0
0.91707 0.0643855 0.0
0.905288 0.0671008 0.0
0.893613 0.0709511 0.0
0.882112 0.0758725 0.0
0.870847 0.0817896 0.0
0.859869 0.0886171 0.0
0.849224 0.0962605 0.0
0.838946 0.104618 0.0
0.829062 0.113581 0.0
0.819588 0.123036 0.0
0.810534 0.132868 0.0
0.801899 0.142958 0.0
0.793683 0.153189 0.0
0.785879 0.163449 0.0
0.778483 0.173629 0.0
0.771496 0.18363 0.0
0.764924 0.193362 0.0
0.758787 0.202745 0.0
0.753112 0.211711 0.0
0.747937 0.220199 0.0
0.743308 0.228156 0.0
0.739275 0.235532 0.0
0.735887 0.242281 0.0
0.733189 0.248356 0.0
0.731217 0.253711 0.0
0.729999 0.258299 0.0
0.729545 0.262071 0.0
0.729857 0.264982 0.0
0.730922 0.266991 0.0
0.732714 0.268058 0.0
0.735202 0.268153 0.0
0.738345 0.267251 0.0
0.742095 0.265338 0.0
0.746404 0.262406 0.0
0.75122 0.258459 0.0
0.756488 0.253508 0.0
0.762157 0.247575 0.0
0.768174 0.240687 0.0
0.774488 0.232883 0.0
0.781051 0.224203 0.0
0.787815 0.214696 0.0
0.794737 0.204416 0.0
0.801775 0.193419 0.0
0.808888 0.181766 0.0
0.81604 0.169517 0.0
0.823196 0.156737 0.0
0.830323 0.143491 0.0
0.83739 0.129841 0.0
0.844367 0.115855 0.0
0.851226 0.101595 0.0
0.857937 0.0871285 0.0
0.864473 0.0725204 0.0
0.870805 0.0578393 0.0
0.876901 0.0431572 0.0
0.88273 0.0285528 0.0
0.888257 0.0141158 0.0
0.893444 -4.69536e-05 0.0
0.898251 -0.0138228 0.0
0.902644 -0.0271229 0.0
0.906595 -0.0398622 0.0
0.910078 -0.0519582 0.0
0.913071 -0.0633324 0.0
0.915559 -0.0739108 0.0
0.917535 -0.0836253 0.0
0.918998 -0.0924147 0.0
0.919956 -0.100225 0.0
0.920423 -0.107011 0.0
0.920423 -0.112735 0.0
0.919987 -0.11737 0.0
0.919154 -0.120896 0.0
0.917966 -0.1233 0.0
0.916474 -0.124581 0.0
0.914733 -0.124741 0.0
0.9128 -0.12379 0.0
0.910738 -0.121744 0.0
0.908612 -0.118622 0.0
0.906489 -0.114447 0.0
0.904438 -0.109244 0.0
0.902529 -0.10304 0.0
0.900837 -0.0958606 0.0
0.899436 -0.0877324 0.0
0.898402 -0.0786884 0.0
0.897808 -0.0688437 0.0
0.897691 -0.0591693 0.0
0.999983 0.003679 0.0
0.999917 0.0110112 0.0
0.999785 0.0183218 0.0
0.999587 0.0256153 0.0
0.999325 0.0328962 0.0
0.999001 0.0401688 0.0
0.998617 0.0474377 0.0
0.998174 0.0547077 0.0
0.997675 0.0619832 0.0
0.997124 0.0692691 0.0
0.996524 0.0765701 0.0
0.99588 0.0838911 0.0
0.995196 0.0912366 0.0
0.994477 0.0986117 0.0
0.99373 0.106021 0.0
0.992961 0.113469 0.0
0.992178 0.12096 0.0
0.99139 0.128498 0.0
0.990604 0.136088 0.0
0.989832 0.143732 0.0
0.989084 0.151434 0.0
0.988373 0.159196 0.0
0.987711 0.16702 0.0
0.987113 0.174906 0.0
0.986594 0.182853 0.0
0.986169 0.19086 0.0
0.985856 0.198924 0.0
0.985672 0.207038 0.0
0.985636 0.215196 0.0
0.985766 0.223389 0.0
0.986081 0.231603 0.0
0.9866 0.239825 0.0
0.98734 0.248036 0.0
0.988318 0.256217 0.0
0.98955 0.264343 0.0
0.991047 0.272389 0.0
0.99282 0.280324 0.0
0.994875 0.288118 0.0
0.997215 0.295737 0.0
0.999835 0.303148 0.0
1.00273 0.310314 0.0
1.00588 0.317204 0.0
1.00928 0.323784 0.0
1.0129 0.330026 0.0
1.01671 0.335904 0.0
1.02067 0.3414 0.0
1.02476 0.3465 0.0
1.02894 0.351195 0.0
1.03318 0.355486 0.0
1.03743 0.359379 0.0
1.04167 0.362884 0.0
1.04586 0.366019 0.0
1.04999 0.368805 0.0
1.05403 0.371266 0.0
1.05796 0.373426 0.0
1.06178 0.375311 0.0
1.06548 0.376947 0.0
1.06906 0.378356 0.0
1.07251 0.379561 0.0
1.07583 0.380578 0.0
1.07903 0.381423 0.0
1.08211 0.382107 0.0
1.08507 0.382637 0.0
1.08792 0.383017 0.0
1.09065 0.383246 0.0
1.09327 0.38332 0.0
1.09577 0.383234 0.0
1.09816 0.382975 0.0
1.10043 0.382532 0.0
1.10257 0.381889 0.0
1.10459 0.381027 0.0
1.10648 0.379928 0.0
1.10824 0.37857 0.0
1.10986 0.376931 0.0
1.11134 0.37499 0.0
1.11268 0.372723 0.0
1.11388 0.370107 0.0
1.11493 0.36712 0.0
1.11585 0.363741 0.0
1.11663 0.359949 0.0
1.11728 0.355724 0.0
1.1178 0.351049 0.0
1.11821 0.345907 0.0
1.11849 0.340284 0.0
1.11866 0.334166 0.0
1.11872 0.327545 0.0
1.11867 0.320413 0.0
1.11849 0.312767 0.0
1.11819 0.304606 0.0
1.11775 0.295936 0.0
1.11715 0.286767 0.0
1.11636 0.277116 0.0
1.11535 0.267007 0.0
1.11408 0.256473 0.0
1.11253 0.245553 0.0
1.11063 0.2343 0.0
1.10835 0.222772 0.0
1.10564 0.211041 0.0
1.10244 0.199187 0.0
1.09873 0.187298 0.0
1.09445 0.175472 0.0
1.08957 0.163813 0.0
1.08407 0.152431 0.0
1.07794 0.141437 0.0
1.07115 0.130944 0.0
1.06373 0.121063 0.0
1.05568 0.1119 0.0
1.04704 0.103555 0.0
1.03784 0.0961181 0.0
1.02813 0.0896687 0.0
1.01798 0.0842734 0.0
1.00745 0.0799846 0.0
0.996611 0.0768399 0.0
0.985539 0.0748618 0.0
0.974315 0.074058 0.0
0.963016 0.0744213 0.0
0.951723 0.0759305 0.0
0.94051 0.0785513 0.0
0.929448 0.0822371 0.0
0.918605 0.08693 0.0
0.908041 0.0925617 0.0
0.897809 0.0990546 0.0
0.887954 0.106323 0.0
0.878514 0.114274 0.0
0.869515 0.122808 0.0
0.860978 0.13182 0.0
0.852914 0.141203 0.0
0.845326 0.150845 0.0
0.838211 0.160634 0.0
0.83156 0.170459 0.0
0.825362 0.180212 0.0
0.819605 0.18979 0.0
0.814282 0.199096 0.0
0.809389 0.208042 0.0
0.804928 0.21655 0.0
0.800912 0.224551 0.0
0.797361 0.231984 0.0
0.794302 0.238797 0.0
0.791765 0.244942 0.0
0.789782 0.250376 0.0
0.788384 0.25506 0.0
0.787598 0.258955 0.0
0.78744 0.262025 0.0
0.78792 0.264236 0.0
0.789038 0.265556 0.0
0.790782 0.265956 0.0
0.793133 0.265416 0.0
0.796063 0.263916 0.0
0.799537 0.261448 0.0
0.803515 0.258008 0.0
0.807954 0.253602 0.0
0.812808 0.248242 0.0
0.81803 0.24195 0.0
0.823572 0.234753 0.0
0.829389 0.226687 0.0
0.835433 0.217791 0.0
0.841662 0.208114 0.0
0.848032 0.197705 0.0
0.854505 0.18662 0.0
0.861042 0.174915 0.0
0.867606 0.162651 0.0
0.874164 0.149889 0.0
0.880684 0.136692 0.0
0.887133 0.123124 0.0
0.89348 0.109248 0.0
0.899696 0.0951281 0.0
0.905749 0.080831 0.0
0.911608 0.0664232 0.0
0.917239 0.051974 0.0
0.922609 0.037557 0.0
0.927679 0.023253 0.0
0.932413 0.00915424 0.0
0.936768 -0.00462693 0.0
0.940706 -0.0179876 0.0
0.944198 -0.0308431 0.0
0.947217 -0.043112 0.0
0.949742 -0.0547167 0.0
0.95176 -0.0655846 0.0
0.953262 -0.0756487 0.0
0.954247 -0.0848484 0.0
0.954722 -0.0931302 0.0
0.954704 -0.100448 0.0
0.954214 -0.106765 0.0
0.953283 -0.112051 0.0
0.951947 -0.116284 0.0
0.95025 -0.119451 0.0
0.948241 -0.121547 0.0
0.945972 -0.122573 0.0
0.943502 -0.122537 0.0
0.940892 -0.121451 0.0
0.938205 -0.119335 0.0
0.935508 -0.116209 0.0
0.932869 -0.112098 0.0
0.930358 -0.107031 0.0
0.928047 -0.101034 0.0
0.92601 -0.0941368 0.0
0.924322 -0.0863668 0.0
0.923061 -0.0777586 0.0
0.922302 -0.0684213 0.0
0.922084 -0.0592561 0.0
0.999985 0.0037107 0.0
0.999925 0.011106 0.0
0.999805 0.0184792 0.0
0.999626 0.0258342 0.0
0.99939 0.0331752 0.0
0.999098 0.0405063 0.0
0.998751 0.0478317 0.0
0.998352 0.0551555 0.0
0.997904 0.062482 0.0
0.99741 0.0698155 0.0
0.996873 0.0771601 0.0
0.996298 0.0845203 0.0
0.99569 0.0919001 0.0
0.995053 0.0993037 0.0
0.994394 0.106735 0.0
0.993718 0.114198 0.0
0.993034 0.121697 0.0
0.992349 0.129234 0.0
0.991673 0.136814 0.0
0.991013 0.144437 0.0
0.990382 0.152108 0.0
0.989791 0.159826 0.0
0.98925 0.167592 0.0
0.988774 0.175407 0.0
0.988377 0.183269 0.0
0.988072 0.191174 0.0
0.987875 0.199119 0.0
0.987803 0.207099 0.0
0.98787 0.215104 0.0
0.988095 0.223126 0.0
0.988492 0.231153 0.0
0.989078 0.23917 0.0
0.989868 0.247161 0.0
0.990876 0.255106 0.0
0.992115 0.262984 0.0
0.993594 0.270771 0.0
0.995321 0.278441 0.0
0.997301 0.285966 0.0
0.999535 0.293317 0.0
1.00202 0.300464 0.0
1.00475 0.307377 0.0
1.0077 0.314028 0.0
1.01088 0.320389 0.0
1.01425 0.326435 0.0
1.01779 0.332147 0.0
1.02147 0.337506 0.0
1.02527 0.342501 0.0
1.02916 0.347126 0.0
1.0331 0.351379 0.0
1.03707 0.355265 0.0
1.04104 0.358792 0.0
1.04499 0.361973 0.0
1.04888 0.364826 0.0
1.05272 0.36737 0.0
1.05648 0.369625 0.0
1.06016 0.371614 0.0
1.06374 0.373358 0.0
1.06724 0.374876 0.0
1.07064 0.376189 0.0
1.07396 0.377312 0.0
1.07719 0.378259 0.0
1.08034 0.37904 0.0
1.08341 0.379664 0.0
1.08642 0.380133 0.0
1.08937 0.38045 0.0
1.09226 0.38061 0.0
1.09509 0.380608 0.0
1.09787 0.380435 0.0
1.1006 0.380079 0.0
1.10327 0.379525 0.0
1.10588 0.378756 0.0
1.10844 0.377753 0.0
1.11093 0.376497 0.0
1.11335 0.374964 0.0
1.11569 0.373132 0.0
1.11796 0.370978 0.0
1.12013 0.368479 0.0
1.12222 0.365611 0.0
1.1242 0.362352 0.0
1.12607 0.358682 0.0
1.12783 0.35458 0.0
1.12947 0.350028 0.0
1.13099 0.34501 0.0
1.13237 0.339512 0.0
1.13362 0.333524 0.0
1.13471 0.327037 0.0
1.13563 0.320047 0.0
1.13638 0.312554 0.0
1.13694 0.304562 0.0
1.13728 0.29608 0.0
1.13739 0.287124 0.0
1.13722 0.277714 0.0
1.13676 0.267879 0.0
1.13597 0.257656 0.0
1.13481 0.247088 0.0
1.13324 0.236229 0.0
1.13123 0.225139 0.0
1.12873 0.213888 0.0
1.1257 0.202555 0.0
1.12212 0.191225 0.0
1.11796 0.179989 0.0
1.11319 0.168945 0.0
1.10779 0.158194 0.0
1.10176 0.147838 0.0
1.09511 0.13798 0.0
1.08784 0.128718 0.0
1.07998 0.12015 0.0
1.07157 0.112363 0.0
1.06264 0.105437 0.0
1.05325 0.0994434 0.0
1.04346 0.0944403 0.0
1.03334 0.090474 0.0
1.02295 0.0875775 0.0
1.01238 0.0857705 0.0
1.00169 0.0850594 0.0
0.990972 0.0854373 0.0
0.980295 0.086885 0.0
0.969734 0.0893714 0.0
0.959358 0.0928544 0.0
0.949232 0.0972814 0.0
0.939416 0.102591 0.0
0.929962 0.108712 0.0
0.920916 0.115567 0.0
0.912316 0.123071 0.0
0.904192 0.131133 0.0
0.896565 0.139658 0.0
0.88945 0.148544 0.0
0.882853 0.157689 0.0
0.876771 0.166987 0.0
0.871198 0.176331 0.0
0.866119 0.185617 0.0
0.861521 0.194741 0.0
0.857384 0.203605 0.0
0.853694 0.212117 0.0
0.850437 0.220192 0.0
0.847606 0.227755 0.0
0.8452 0.234737 0.0
0.843223 0.24108 0.0
0.841685 0.246733 0.0
0.840601 0.251651 0.0
0.839988 0.255796 0.0
0.839863 0.259132 0.0
0.840239 0.26163 0.0
0.841126 0.263263 0.0
0.842529 0.264008 0.0
0.844443 0.263845 0.0
0.846858 0.26276 0.0
0.849758 0.260742 0.0
0.853118 0.257788 0.0
0.856908 0.253899 0.0
0.861096 0.249084 0.0
0.865643 0.243358 0.0
0.870511 0.236744 0.0
0.875659 0.229269 0.0
0.881046 0.220968 0.0
0.886631 0.211881 0.0
0.892374 0.202053 0.0
0.898236 0.191534 0.0
0.904179 0.180375 0.0
0.910168 0.168634 0.0
0.916166 0.156369 0.0
0.92214 0.143639 0.0
0.928058 0.130506 0.0
0.933887 0.117033 0.0
0.939595 0.103283 0.0
0.945149 0.0893224 0.0
0.950516 0.0752165 0.0
0.955662 0.0610337 0.0
0.960549 0.0468451 0.0
0.965139 0.0327258 0.0
0.969394 0.0187584 0.0
0.973272 0.00503694 0.0
0.976734 -0.00832559 0.0
0.979744 -0.0212379 0.0
0.98228 -0.0336195 0.0
0.984319 -0.0453941 0.0
0.985849 -0.0564901 0.0
0.986862 -0.0668418 0.0
0.987358 -0.0763893 0.0
0.987345 -0.0850797 0.0
0.986838 -0.0928671 0.0
0.985858 -0.0997133 0.0
0.984436 -0.105588 0.0
0.982606 -0.110467 0.0
0.980412 -0.114337 0.0
0.977901 -0.117189 0.0
0.975124 -0.119023 0.0
0.972137 -0.119843 0.0
0.969 -0.119661 0.0
0.965775 -0.118492 0.0
0.962526 -0.116358 0.0
0.95932 -0.113282 0.0
0.956225 -0.109291 0.0
0.953311 -0.104413 0.0
0.950649 -0.0986788 0.0
0.948312 -0.0921181 0.0
0.946376 -0.0847616 0.0
0.944918 -0.0766455 0.0
0.944016 -0.0678738 0.0
0.943709 -0.0592782 0.0
0.999986 0.00373936 0.0
0.999932 0.0111917 0.0
0.999824 0.0186212 0.0
0.999663 0.0260317 0.0
0.999451 0.0334268 0.0
0.999188 0.0408102 0.0
0.998876 0.0481859 0.0
0.998519 0.0555575 0.0
0.998118 0.0629289 0.0
0.997677 0.0703038 0.0
0.997199 0.0776862 0.0
0.996689 0.0850796 0.0
0.99615 0.0924879 0.0
0.995588 0.0999144 0.0
0.99501 0.107363 0.0
0.99442 0.114836 0.0
0.993826 0.122337 0.0
0.993236 0.129869 0.0
0.992657 0.137434 0.0
0.9921 0.145034 0.0
0.991573 0.152669 0.0
0.991087 0.160341 0.0
0.990654 0.16805 0.0
0.990286 0.175794 0.0
0.989994 0.183571 0.0
0.989793 0.191378 0.0
0.989696 0.19921 0.0
0.989717 0.20706 0.0
0.98987 0.214922 0.0
0.990171 0.222784 0.0
0.990632 0.230636 0.0
0.991269 0.238464 0.0
0.992093 0.246252 0.0
0.993116 0.253983 0.0
0.994349 0.261636 0.0
0.9958 0.269189 0.0
0.997475 0.276621 0.0
0.999376 0.283905 0.0
1.0015 0.291016 0.0
1.00386 0.297928 0.0
1.00643 0.304616 0.0
1.0092 0.311055 0.0
1.01217 0.31722 0.0
1.01531 0.323092 0.0
1.01861 0.328653 0.0
1.02203 0.333886 0.0
1.02557 0.338784 0.0
1.02919 0.343338 0.0
1.03287 0.347549 0.0
1.03658 0.351417 0.0
1.0403 0.354951 0.0
1.044 0.358161 0.0
1.04769 0.361059 0.0
1.05132 0.363662 0.0
1.05491 0.365987 0.0
1.05843 0.368052 0.0
1.06189 0.369876 0.0
1.06528 0.371474 0.0
1.0686 0.372864 0.0
1.07186 0.374061 0.0
1.07507 0.375076 0.0
1.07822 0.375919 0.0
1.08133 0.376598 0.0
1.08441 0.377116 0.0
1.08745 0.377475 0.0
1.09047 0.377674 0.0
1.09348 0.377706 0.0
1.09647 0.377566 0.0
1.09945 0.377241 0.0
1.10242 0.376718 0.0
1.10539 0.375983 0.0
1.10834 0.375018 0.0
1.11128 0.373803 0.0
1.1142 0.372318 0.0
1.11709 0.37054 0.0
1.11995 0.368447 0.0
1.12277 0.366018 0.0
1.12553 0.363228 0.0
1.12823 0.360057 0.0
1.13085 0.356483 0.0
1.13338 0.352487 0.0
1.13581 0.348052 0.0
1.13811 0.343161 0.0
1.14029 0.337803 0.0
1.14232 0.331967 0.0
1.14417 0.325647 0.0
1.14584 0.318841 0.0
1.1473 0.311551 0.0
1.14853 0.303783 0.0
1.14949 0.29555 0.0
1.15017 0.28687 0.0
1.15054 0.277767 0.0
1.15055 0.268272 0.0
1.15018 0.258423 0.0
1.1494 0.248266 0.0
1.14817 0.237854 0.0
1.14644 0.227249 0.0
1.14421 0.216517 0.0
1.14142 0.205735 0.0
1.13806 0.194984 0.0
1.13411 0.184349 0.0
1.12954 0.173921 0.0
1.12437 0.163792 0.0
1.11858 0.154058 0.0
1.11218 0.144809 0.0
1.1052 0.136137 0.0
1.09767 0.128126 0.0
1.08961 0.120857 0.0
1.08108 0.1144 0.0
1.07213 0.108819 0.0
1.06282 0.104164 0.0
1.05322 0.100477 0.0
1.04339 0.097788 0.0
1.03341 0.0961131 0.0
1.02336 0.0954581 0.0
1.0133 0.0958168 0.0
1.00331 0.0971717 0.0
0.993461 0.0994948 0.0
0.98382 0.102748 0.0
0.97445 0.106884 0.0
0.965409 0.111846 0.0
0.956747 0.117571 0.0
0.948512 0.123988 0.0
0.940741 0.13102 0.0
0.933466 0.138583 0.0
0.926711 0.14659 0.0
0.920491 0.154947 0.0
0.914816 0.163559 0.0
0.909686 0.172328 0.0
0.905096 0.181153 0.0
0.901035 0.189934 0.0
0.897486 0.198571 0.0
0.89443 0.206967 0.0
0.891844 0.21503 0.0
0.889707 0.222672 0.0
0.887999 0.229813 0.0
0.886704 0.23638 0.0
0.88581 0.242309 0.0
0.885308 0.247544 0.0
0.885197 0.252036 0.0
0.885476 0.255744 0.0
0.88615 0.258635 0.0
0.887223 0.260679 0.0
0.888697 0.261853 0.0
0.890574 0.262139 0.0
0.892852 0.261523 0.0
0.895524 0.259995 0.0
0.898578 0.257553 0.0
0.901998 0.254198 0.0
0.905762 0.249935 0.0
0.909846 0.244777 0.0
0.914219 0.238744 0.0
0.918852 0.231858 0.0
0.92371 0.224149 0.0
0.928759 0.215652 0.0
0.933963 0.206407 0.0
0.939287 0.19646 0.0
0.944695 0.185857 0.0
0.950154 0.174651 0.0
0.955628 0.162897 0.0
0.961084 0.150652 0.0
0.966489 0.137976 0.0
0.97181 0.124929 0.0
0.977015 0.111575 0.0
0.98207 0.097978 0.0
0.98694 0.084203 0.0
0.991591 0.070318 0.0
0.995985 0.0563925 0.0
1.00009 0.0424992 0.0
1.00385 0.0287149 0.0
1.00724 0.0151228 0.0
1.01022 0.00181754 0.0
1.01275 -0.0110941 0.0
1.0148 -0.0235305 0.0
1.01635 -0.0354166 0.0
1.0174 -0.0466824 0.0
1.01793 -0.0572629 0.0
1.01795 -0.0670994 0.0
1.01746 -0.0761393 0.0
1.01648 -0.084337 0.0
1.01503 -0.0916537 0.0
1.01314 -0.0980581 0.0
1.01085 -0.103526 0.0
1.00819 -0.10804 0.0
1.00521 -0.111591 0.0
1.00196 -0.114175 0.0
0.998494 -0.115796 0.0
0.994872 -0.116461 0.0
0.99115 -0.116184 0.0
0.987392 -0.114985 0.0
0.983661 -0.112885 0.0
0.980022 -0.10991 0.0
0.976543 -0.106088 0.0
0.973291 -0.10145 0.0
0.970338 -0.0960264 0.0
0.967755 -0.0898501 0.0
0.965615 -0.0829542 0.0
0.963997 -0.075377 0.0
0.962975 -0.0672182 0.0
0.96259 -0.0592409 0.0
0.999988 0.00376516 0.0
0.999939 0.0112688 0.0
0.999842 0.018749 0.0
0.999698 0.0262092 0.0
0.999507 0.0336526 0.0
0.999272 0.0410828 0.0
0.998994 0.048503 0.0
0.998675 0.0559168 0.0
0.998318 0.0633274 0.0
0.997926 0.0707384 0.0
0.997502 0.078153 0.0
0.997051 0.0855744 0.0
0.996577 0.0930059 0.0
0.996084 0.10045 0.0
0.995579 0.107911 0.0
0.995067 0.11539 0.0
0.994555 0.122889 0.0
0.994051 0.130412 0.0
0.993561 0.137959 0.0
0.993095 0.145532 0.0
0.992661 0.153131 0.0
0.992269 0.160756 0.0
0.99193 0.168407 0.0
0.991655 0.176081 0.0
0.991455 0.183776 0.0
0.991343 0.191487 0.0
0.991329 0.199211 0.0
0.991428 0.206939 0.0
0.991651 0.214665 0.0
0.992012 0.222379 0.0
0.992523 0.230069 0.0
0.993195 0.237723 0.0
0.994039 0.245325 0.0
0.995065 0.25286 0.0
0.996283 0.260308 0.0
0.997697 0.267651 0.0
0.999314 0.274868 0.0
1.00113 0.281936 0.0
1.00316 0.288833 0.0
1.00538 0.295536 0.0
1.0078 0.302022 0.0
1.0104 0.308271 0.0
1.01318 0.314262 0.0
1.01611 0.319977 0.0
1.01918 0.325399 0.0
1.02238 0.330518 0.0
1.02567 0.335322 0.0
1.02904 0.339808 0.0
1.03247 0.343972 0.0
1.03594 0.347816 0.0
1.03943 0.351346 0.0
1.04291 0.35457 0.0
1.04639 0.357497 0.0
1.04983 0.360141 0.0
1.05324 0.362515 0.0
1.05661 0.364636 0.0
1.05993 0.366516 0.0
1.0632 0.368173 0.0
1.06642 0.369618 0.0
1.0696 0.370865 0.0
1.07274 0.371924 0.0
1.07585 0.372805 0.0
1.07894 0.373514 0.0
1.08201 0.374055 0.0
1.08507 0.374429 0.0
1.08813 0.374636 0.0
1.0912 0.374671 0.0
1.09428 0.374528 0.0
1.09738 0.374198 0.0
1.1005 0.37367 0.0
1.10364 0.372929 0.0
1.1068 0.371959 0.0
1.10998 0.370744 0.0
1.11317 0.369264 0.0
1.11637 0.367499 0.0
1.11957 0.365429 0.0
1.12276 0.363031 0.0
1.12593 0.360285 0.0
1.12906 0.357171 0.0
1.13214 0.353668 0.0
1.13516 0.349758 0.0
1.13809 0.345425 0.0
1.14091 0.340655 0.0
1.14361 0.335436 0.0
1.14615 0.329759 0.0
1.14853 0.32362 0.0
1.15071 0.317018 0.0
1.15267 0.309957 0.0
1.15438 0.302445 0.0
1.1558 0.294496 0.0
1.15691 0.28613 0.0
1.15769 0.277373 0.0
1.15808 0.268256 0.0
1.15807 0.258819 0.0
1.15761 0.249108 0.0
1.15668 0.239175 0.0
1.15525 0.22908 0.0
1.15329 0.218887 0.0
1.15077 0.208669 0.0
1.14768 0.198501 0.0
1.144 0.188465 0.0
1.13972 0.178643 0.0
1.13485 0.169121 0.0
1.12939 0.159985 0.0
1.12334 0.151318 0.0
1.11675 0.143202 0.0
1.10964 0.135713 0.0
1.10204 0.128923 0.0
1.094 0.122896 0.0
1.08559 0.117687 0.0
1.07685 0.113343 0.0
1.06785 0.1099 0.0
1.05866 0.107383 0.0
1.04935 0.105809 0.0
1.03998 0.105182 0.0
1.03064 0.105497 0.0
1.02138 0.106737 0.0
1.01229 0.108877 0.0
1.00341 0.111884 0.0
0.99481 0.115714 0.0
0.98655 0.120317 0.0
0.978679 0.125634 0.0
0.97124 0.1316 0.0
0.964272 0.138147 0.0
0.957807 0.145196 0.0
0.951871 0.152668 0.0
0.946482 0.160477 0.0
0.941651 0.168535 0.0
0.937382 0.176751 0.0
0.933672 0.18503 0.0
0.930513 0.193278 0.0
0.92789 0.2014 0.0
0.925784 0.209302 0.0
0.92417 0.216895 0.0
0.923025 0.22409 0.0
0.922322 0.230806 0.0
0.922036 0.236968 0.0
0.922143 0.242508 0.0
0.922623 0.247366 0.0
0.923459 0.251489 0.0
0.924637 0.254833 0.0
0.926148 0.257361 0.0
0.927984 0.259044 0.0
0.930138 0.259859 0.0
0.932604 0.259789 0.0
0.935376 0.258823 0.0
0.938445 0.256955 0.0
0.9418 0.254185 0.0
0.945428 0.250519 0.0
0.949311 0.245966 0.0
0.95343 0.240544 0.0
0.957761 0.234272 0.0
0.962279 0.227178 0.0
0.966958 0.219292 0.0
0.971767 0.210651 0.0
0.976677 0.201295 0.0
0.981657 0.191268 0.0
0.986676 0.180621 0.0
0.991702 0.169403 0.0
0.996703 0.15767 0.0
1.00165 0.145478 0.0
1.0065 0.132888 0.0
1.01124 0.11996 0.0
1.01582 0.106758 0.0
1.02021 0.0933464 0.0
1.02439 0.0797919 0.0
1.0283 0.0661634 0.0
1.03192 0.0525321 0.0
1.03521 0.0389717 0.0
1.03813 0.0255599 0.0
1.04063 0.0123794 0.0
1.04269 -0.000477235 0.0
1.04428 -0.0129136 0.0
1.04538 -0.024856 0.0
1.04597 -0.0362359 0.0
1.04605 -0.0469898 0.0
1.04562 -0.0570596 0.0
1.04469 -0.0663934 0.0
1.04328 -0.0749456 0.0
1.04141 -0.0826772 0.0
1.0391 -0.089556 0.0
1.03639 -0.0955564 0.0
1.03332 -0.10066 0.0
1.02992 -0.104855 0.0
1.02626 -0.108135 0.0
1.02238 -0.1105 0.0
1.01833 -0.111958 0.0
1.01417 -0.112519 0.0
1.00996 -0.112198 0.0
1.00577 -0.111017 0.0
1.00165 -0.109 0.0
0.997662 -0.106172 0.0
0.993879 -0.102564 0.0
0.990364 -0.0982079 0.0
0.987185 -0.0931362 0.0
0.984412 -0.0873837 0.0
0.982117 -0.080986 0.0
0.980374 -0.073984 0.0
0.979259 -0.0664739 0.0
0.978809 -0.0591507 0.0
0.999989 0.00378829 0.0
0.999946 0.0113379 0.0
0.999859 0.0188634 0.0
0.99973 0.026368 0.0
0.99956 0.0338545 0.0
0.99935 0.041326 0.0
0.999103 0.0487857 0.0
0.998819 0.0562364 0.0
0.998503 0.0636813 0.0
0.998156 0.0711232 0.0
0.997783 0.0785651 0.0
0.997386 0.0860098 0.0
0.996971 0.0934599 0.0
0.996542 0.100918 0.0
0.996104 0.108386 0.0
0.995663 0.115867 0.0
0.995225 0.123362 0.0
0.994797 0.130872 0.0
0.994387 0.138399 0.0
0.994002 0.145944 0.0
0.99365 0.153505 0.0
0.993342 0.161083 0.0
0.993085 0.168676 0.0
0.992891 0.176281 0.0
0.99277 0.183897 0.0
0.992732 0.191517 0.0
0.992788 0.199138 0.0
0.992951 0.206751 0.0
0.99323 0.214351 0.0
0.993637 0.221926 0.0
0.994183 0.229466 0.0
0.994878 0.236959 0.0
0.995731 0.244391 0.0
0.996751 0.251747 0.0
0.997944 0.25901 0.0
0.999315 0.266163 0.0
1.00087 0.273186 0.0
1.00261 0.28006 0.0
1.00453 0.286764 0.0
1.00663 0.29328 0.0
1.0089 0.299586 0.0
1.01134 0.305665 0.0
1.01394 0.311499 0.0
1.01667 0.317071 0.0
1.01954 0.322368 0.0
1.02251 0.32738 0.0
1.02558 0.332097 0.0
1.02873 0.336515 0.0
1.03193 0.340631 0.0
1.03517 0.344446 0.0
1.03844 0.347963 0.0
1.04171 0.351189 0.0
1.04499 0.354132 0.0
1.04824 0.356802 0.0
1.05148 0.359211 0.0
1.05468 0.361369 0.0
1.05786 0.363291 0.0
1.061 0.364988 0.0
1.06411 0.366471 0.0
1.06718 0.367752 0.0
1.07024 0.36884 0.0
1.07328 0.369742 0.0
1.0763 0.370465 0.0
1.07932 0.371011 0.0
1.08235 0.371383 0.0
1.08539 0.37158 0.0
1.08845 0.371599 0.0
1.09154 0.371433 0.0
1.09466 0.371077 0.0
1.09781 0.370519 0.0
1.101 0.369747 0.0
1.10424 0.368748 0.0
1.10751 0.367506 0.0
1.11081 0.366004 0.0
1.11415 0.364224 0.0
1.1175 0.362147 0.0
1.12087 0.359755 0.0
1.12424 0.357027 0.0
1.12759 0.353945 0.0
1.13091 0.350492 0.0
1.13418 0.34665 0.0
1.13738 0.342404 0.0
1.14049 0.337743 0.0
1.14349 0.332656 0.0
1.14634 0.327135 0.0
1.14903 0.321179 0.0
1.15152 0.314786 0.0
1.15379 0.307963 0.0
1.15581 0.300719 0.0
1.15753 0.293069 0.0
1.15894 0.285034 0.0
1.16 0.27664 0.0
1.16067 0.26792 0.0
1.16093 0.258911 0.0
1.16074 0.24966 0.0
1.16008 0.240216 0.0
1.15891 0.230638 0.0
1.15722 0.220986 0.0
1.15498 0.211328 0.0
1.15217 0.201736 0.0
1.1488 0.192284 0.0
1.14485 0.183049 0.0
1.14033 0.174109 0.0
1.13525 0.165543 0.0
1.12963 0.157425 0.0
1.12348 0.149831 0.0
1.11685 0.142828 0.0
1.10978 0.136481 0.0
1.10231 0.130846 0.0
1.09449 0.125974 0.0
1.08637 0.121906 0.0
1.07803 0.118675 0.0
1.06953 0.116304 0.0
1.06092 0.114806 0.0
1.05229 0.114186 0.0
1.04368 0.114439 0.0
1.03518 0.115551 0.0
1.02685 0.117499 0.0
1.01874 0.120251 0.0
1.01091 0.12377 0.0
1.00342 0.128009 0.0
0.996319 0.132915 0.0
0.989646 0.13843 0.0
0.983442 0.144489 0.0
0.977739 0.151022 0.0
0.972562 0.157955 0.0
0.967931 0.16521 0.0
0.963861 0.172705 0.0
0.960357 0.180355 0.0
0.95742 0.188073 0.0
0.955043 0.19577 0.0
0.953215 0.203358 0.0
0.951918 0.210747 0.0
0.951131 0.21785 0.0
0.950828 0.224583 0.0
0.95098 0.230864 0.0
0.951559 0.236618 0.0
0.952535 0.241776 0.0
0.953879 0.246274 0.0
0.955565 0.250059 0.0
0.957569 0.253081 0.0
0.959868 0.255302 0.0
0.962446 0.256691 0.0
0.965284 0.257221 0.0
0.968368 0.256877 0.0
0.971684 0.255647 0.0
0.975219 0.253527 0.0
0.978958 0.250518 0.0
0.982887 0.246629 0.0
0.986989 0.241871 0.0
0.991246 0.236264 0.0
0.995637 0.22983 0.0
1.00014 0.222598 0.0
1.00473 0.2146 0.0
1.00939 0.205875 0.0
1.01409 0.196463 0.0
1.0188 0.186411 0.0
1.02349 0.175767 0.0
1.02814 0.164583 0.0
1.03271 0.152915 0.0
1.03718 0.140819 0.0
1.04152 0.128356 0.0
1.04569 0.115588 0.0
1.04966 0.102577 0.0
1.0534 0.0893907 0.0
1.05688 0.0760961 0.0
1.06006 0.0627631 0.0
1.06291 0.0494637 0.0
1.06539 0.0362724 0.0
1.06747 0.0232664 0.0
1.0691 0.0105268 0.0
1.07028 -0.00185862 0.0
1.07096 -0.0138055 0.0
1.07115 -0.0252472 0.0
1.07084 -0.0361216 0.0
1.07003 -0.046372 0.0
1.06872 -0.0559467 0.0
1.06694 -0.0648005 0.0
1.06471 -0.0728939 0.0
1.06205 -0.0801939 0.0
1.05899 -0.0866738 0.0
1.05558 -0.0923132 0.0
1.05185 -0.0970982 0.0
1.04784 -0.101021 0.0
1.04362 -0.104078 0.0
1.03922 -0.106275 0.0
1.0347 -0.107618 0.0
1.03012 -0.108123 0.0
1.02554 -0.107805 0.0
1.02101 -0.106687 0.0
1.0166 -0.104794 0.0
1.01236 -0.102154 0.0
1.00836 -0.0987974 0.0
1.00465 -0.0947582 0.0
1.00132 -0.0900709 0.0
0.998414 -0.0847723 0.0
0.996012 -0.0789003 0.0
0.994184 -0.0724988 0.0
0.993001 -0.0656607 0.0
0.992501 -0.059015 0.0
0.99999 0.00380894 0.0
0.999952 0.0113995 0.0
0.999874 0.0189655 0.0
0.99976 0.0265094 0.0
0.999609 0.0340341 0.0
0.999423 0.0415422 0.0
0.999204 0.0490364 0.0
0.998953 0.0565194 0.0
0.998674 0.0639938 0.0
0.998369 0.0714622 0.0
0.998042 0.078927 0.0
0.997695 0.0863906 0.0
0.997334 0.0938554 0.0
0.996963 0.101323 0.0
0.996586 0.108796 0.0
0.996209 0.116275 0.0
0.995838 0.123762 0.0
0.995479 0.131258 0.0
0.995139 0.138764 0.0
0.994826 0.146278 0.0
0.994547 0.153801 0.0
0.994311 0.161332 0.0
0.994126 0.168868 0.0
0.994001 0.176408 0.0
0.993947 0.183946 0.0
0.993971 0.19148 0.0
0.994086 0.199004 0.0
0.994299 0.206509 0.0
0.994622 0.21399 0.0
0.995064 0.221437 0.0
0.995634 0.228839 0.0
0.996341 0.236185 0.0
0.997193 0.243461 0.0
0.998196 0.250655 0.0
0.999357 0.257749 0.0
1.00068 0.264729 0.0
1.00217 0.271578 0.0
1.00382 0.278277 0.0
1.00564 0.284808 0.0
1.00762 0.291156 0.0
1.00976 0.2973 0.0
1.01204 0.303226 0.0
1.01447 0.308918 0.0
1.01702 0.314361 0.0
1.01969 0.319544 0.0
1.02246 0.324457 0.0
1.02532 0.329092 0.0
1.02825 0.333444 0.0
1.03124 0.337511 0.0
1.03427 0.341293 0.0
1.03733 0.344791 0.0
1.0404 0.348011 0.0
1.04348 0.350959 0.0
1.04656 0.353644 0.0
1.04962 0.356073 0.0
1.05266 0.358257 0.0
1.05569 0.360206 0.0
1.05869 0.36193 0.0
1.06167 0.363439 0.0
1.06463 0.364742 0.0
1.06758 0.365846 0.0
1.07052 0.366758 0.0
1.07346 0.367484 0.0
1.07641 0.368026 0.0
1.07936 0.368385 0.0
1.08234 0.368562 0.0
1.08534 0.368554 0.0
1.08838 0.368355 0.0
1.09145 0.367961 0.0
1.09457 0.367361 0.0
1.09774 0.366546 0.0
1.10095 0.365503 0.0
1.10421 0.364219 0.0
1.10752 0.362679 0.0
1.11087 0.360868 0.0
1.11425 0.358768 0.0
1.11765 0.356363 0.0
1.12107 0.353636 0.0
1.12448 0.35057 0.0
1.12788 0.34715 0.0
1.13124 0.34336 0.0
1.13454 0.339189 0.0
1.13777 0.334624 0.0
1.14089 0.329659 0.0
1.14388 0.324287 0.0
1.14671 0.318507 0.0
1.14935 0.31232 0.0
1.15178 0.305734 0.0
1.15396 0.298757 0.0
1.15585 0.291408 0.0
1.15743 0.283705 0.0
1.15867 0.275675 0.0
1.15953 0.267351 0.0
1.15998 0.25877 0.0
1.16 0.249976 0.0
1.15954 0.241016 0.0
1.1586 0.231945 0.0
1.15715 0.222822 0.0
1.15518 0.213708 0.0
1.15266 0.204672 0.0
1.14961 0.19578 0.0
1.146 0.187105 0.0
1.14186 0.178716 0.0
1.13719 0.170686 0.0
1.13202 0.163083 0.0
1.12636 0.155973 0.0
1.12025 0.149419 0.0
1.11374 0.143478 0.0
1.10686 0.138202 0.0
1.09966 0.133634 0.0
1.09221 0.129813 0.0
1.08455 0.126768 0.0
1.07675 0.124518 0.0
1.06887 0.123078 0.0
1.06097 0.12245 0.0
1.05311 0.122631 0.0
1.04537 0.123607 0.0
1.03779 0.125359 0.0
1.03043 0.127857 0.0
1.02336 0.131067 0.0
1.01661 0.134946 0.0
1.01024 0.139448 0.0
1.0043 0.144517 0.0
0.998807 0.150096 0.0
0.993807 0.156119 0.0
0.989323 0.162519 0.0
0.985375 0.169224 0.0
0.981979 0.176157 0.0
0.979143 0.183242 0.0
0.976871 0.190396 0.0
0.975158 0.197537 0.0
0.973996 0.204581 0.0
0.973371 0.211446 0.0
0.973261 0.218048 0.0
0.973645 0.224305 0.0
0.974493 0.230141 0.0
0.975776 0.23548 0.0
0.977462 0.240253 0.0
0.979518 0.244397 0.0
0.981912 0.247856 0.0
0.984613 0.250579 0.0
0.987592 0.252526 0.0
0.990821 0.253661 0.0
0.994275 0.253959 0.0
0.997931 0.253399 0.0
1.00177 0.251972 0.0
1.00576 0.249671 0.0
1.0099 0.246498 0.0
1.01416 0.242461 0.0
1.01852 0.237575 0.0
1.02297 0.231858 0.0
1.02748 0.225335 0.0
1.03203 0.218036 0.0
1.0366 0.209995 0.0
1.04117 0.20125 0.0
1.04572 0.191845 0.0
1.05021 0.181825 0.0
1.05463 0.17124 0.0
1.05895 0.160143 0.0
1.06314 0.148591 0.0
1.06718 0.13664 0.0
1.07103 0.124351 0.0
1.07467 0.111787 0.0
1.07806 0.0990127 0.0
1.08118 0.0860942 0.0
1.08399 0.0731002 0.0
1.08647 0.0601008 0.0
1.08858 0.0471684 0.0
1.09029 0.034377 0.0
1.09157 0.0218028 0.0
1.0924 0.00952365 0.0
1.09275 -0.00237949 0.0
1.09261 -0.0138337 0.0
1.09198 -0.0247789 0.0
1.09087 -0.0351593 0.0
1.08927 -0.0449243 0.0
1.08721 -0.0540286 0.0
1.0847 -0.0624325 0.0
1.08177 -0.0701022 0.0
1.07846 -0.0770098 0.0
1.07479 -0.0831333 0.0
1.07081 -0.0884566 0.0
1.06656 -0.0929692 0.0
1.06208 -0.0966665 0.0
1.05742 -0.099549 0.0
1.05264 -0.101622 0.0
1.04778 -0.102897 0.0
1.0429 -0.103387 0.0
1.03805 -0.103113 0.0
1.0333 -0.102096 0.0
1.02869 -0.100363 0.0
1.02429 -0.0979433 0.0
1.02015 -0.0948684 0.0
1.01634 -0.091173 0.0
1.01292 -0.0868937 0.0
1.00994 -0.0820692 0.0
1.00748 -0.0767404 0.0
1.0056 -0.0709535 0.0
1.00438 -0.0647991 0.0
1.00384 -0.0588414 0.0
0.999991 0.00382728 0.0
0.999957 0.0114543 0.0
0.999889 0.019056 0.0
0.999787 0.0266348 0.0
0.999654 0.0341932 0.0
0.99949 0.0417333 0.0
0.999297 0.0492577 0.0
0.999077 0.0567686 0.0
0.998832 0.0642683 0.0
0.998566 0.071759 0.0
0.99828 0.0792428 0.0
0.99798 0.0867217 0.0
0.997668 0.0941975 0.0
0.997348 0.101672 0.0
0.997026 0.109146 0.0
0.996707 0.116621 0.0
0.996396 0.124099 0.0
0.996099 0.131578 0.0
0.995822 0.13906 0.0
0.995572 0.146544 0.0
0.995357 0.154029 0.0
0.995183 0.161514 0.0
0.99506 0.168995 0.0
0.994994 0.176471 0.0
0.994995 0.183937 0.0
0.995072 0.191389 0.0
0.995233 0.19882 0.0
0.995487 0.206225 0.0
0.995842 0.213596 0.0
0.996308 0.220924 0.0
0.996892 0.228198 0.0
0.997601 0.235409 0.0
0.998443 0.242543 0.0
0.999424 0.249588 0.0
1.00055 0.25653 0.0
1.00182 0.263355 0.0
1.00324 0.270045 0.0
1.00481 0.276587 0.0
1.00652 0.282963 0.0
1.00838 0.289159 0.0
1.01039 0.295158 0.0
1.01253 0.300946 0.0
1.01479 0.306509 0.0
1.01717 0.311836 0.0
1.01966 0.316914 0.0
1.02224 0.321735 0.0
1.0249 0.326293 0.0
1.02763 0.330581 0.0
1.03042 0.334599 0.0
1.03325 0.338344 0.0
1.03611 0.341819 0.0
1.03899 0.345027 0.0
1.04188 0.347973 0.0
1.04477 0.350662 0.0
1.04766 0.353102 0.0
1.05055 0.355301 0.0
1.05342 0.357267 0.0
1.05628 0.359008 0.0
1.05912 0.360533 0.0
1.06196 0.361848 0.0
1.06479 0.36296 0.0
1.06762 0.363875 0.0
1.07045 0.364596 0.0
1.0733 0.365127 0.0
1.07616 0.365469 0.0
1.07904 0.36562 0.0
1.08195 0.36558 0.0
1.0849 0.365344 0.0
1.08789 0.364906 0.0
1.09093 0.36426 0.0
1.09401 0.363396 0.0
1.09715 0.362304 0.0
1.10033 0.360972 0.0
1.10356 0.359387 0.0
1.10684 0.357536 0.0
1.11016 0.355405 0.0
1.1135 0.352978 0.0
1.11686 0.350242 0.0
1.12023 0.347181 0.0
1.12359 0.343783 0.0
1.12692 0.340036 0.0
1.1302 0.335927 0.0
1.13342 0.33145 0.0
1.13653 0.326596 0.0
1.13953 0.321363 0.0
1.14238 0.31575 0.0
1.14505 0.30976 0.0
1.14752 0.303401 0.0
1.14975 0.296684 0.0
1.15171 0.289625 0.0
1.15337 0.282245 0.0
1.15469 0.27457 0.0
1.15566 0.266632 0.0
1.15623 0.258465 0.0
1.15639 0.250112 0.0
1.1561 0.241618 0.0
1.15535 0.233035 0.0
1.15412 0.224417 0.0
1.15238 0.215822 0.0
1.15014 0.207311 0.0
1.14739 0.198949 0.0
1.14414 0.190798 0.0
1.14037 0.182926 0.0
1.13613 0.175395 0.0
1.13141 0.168268 0.0
1.12625 0.161606 0.0
1.12068 0.155464 0.0
1.11473 0.149894 0.0
1.10845 0.144943 0.0
1.10189 0.14065 0.0
1.0951 0.137049 0.0
1.08812 0.134166 0.0
1.08102 0.13202 0.0
1.07386 0.130623 0.0
1.06669 0.129977 0.0
1.05957 0.130079 0.0
1.05255 0.130918 0.0
1.04571 0.132474 0.0
1.03908 0.134723 0.0
1.03272 0.137632 0.0
1.02669 0.141163 0.0
1.02101 0.145272 0.0
1.01574 0.14991 0.0
1.01091 0.155023 0.0
1.00655 0.160551 0.0
1.00269 0.166432 0.0
0.999349 0.1726 0.0
0.996542 0.178984 0.0
0.994281 0.185512 0.0
0.99257 0.192109 0.0
0.991408 0.198698 0.0
0.990789 0.205201 0.0
0.990702 0.21154 0.0
0.991129 0.217636 0.0
0.992049 0.223414 0.0
0.993436 0.228797 0.0
0.995261 0.233715 0.0
0.997492 0.2381 0.0
1.0001 0.24189 0.0
1.00304 0.245027 0.0
1.00628 0.247462 0.0
1.0098 0.249151 0.0
1.01354 0.250058 0.0
1.0175 0.250155 0.0
1.02162 0.249421 0.0
1.0259 0.247842 0.0
1.03029 0.245412 0.0
1.03478 0.242132 0.0
1.03934 0.23801 0.0
1.04394 0.233058 0.0
1.04857 0.227297 0.0
1.05321 0.220751 0.0
1.05783 0.21345 0.0
1.06241 0.205429 0.0
1.06692 0.196728 0.0
1.07135 0.18739 0.0
1.07567 0.177462 0.0
1.07986 0.166994 0.0
1.08389 0.156039 0.0
1.08774 0.144655 0.0
1.09138 0.1329 0.0
1.09479 0.120834 0.0
1.09794 0.108522 0.0
1.10079 0.0960277 0.0
1.10334 0.0834185 0.0
1.10554 0.070763 0.0
1.10737 0.0581312 0.0
1.1088 0.0455948 0.0
1.10981 0.0332267 0.0
1.11038 0.0211006 0.0
1.11049 0.00929068 0.0
1.11012 -0.00213004 0.0
1.10927 -0.0130987 0.0
1.10795 -0.023561 0.0
1.10616 -0.0334673 0.0
1.10391 -0.0427726 0.0
1.10123 -0.051437 0.0
1.09814 -0.059426 0.0
1.09467 -0.0667104 0.0
1.09085 -0.0732667 0.0
1.08671 -0.0790767 0.0
1.08231 -0.0841278 0.0
1.07768 -0.0884124 0.0
1.07286 -0.0919285 0.0
1.06791 -0.0946785 0.0
1.06287 -0.09667 0.0
1.0578 -0.0979147 0.0
1.05274 -0.0984287 0.0
1.04774 -0.0982318 0.0
1.04287 -0.0973476 0.0
1.03816 -0.0958031 0.0
1.03369 -0.0936283 0.0
1.0295 -0.0908562 0.0
1.02565 -0.0875227 0.0
1.0222 -0.0836659 0.0
1.0192 -0.0793265 0.0
1.01673 -0.074548 0.0
1.01484 -0.0693793 0.0
1.0136 -0.0639086 0.0
1.01304 -0.0586381 0.0
0.999992 0.0038435 0.0
0.999962 0.0115026 0.0
0.999902 0.0191359 0.0
0.999813 0.0267454 0.0
0.999696 0.0343332 0.0
0.999552 0.0419013 0.0
0.999383 0.0494518 0.0
0.999191 0.0569868 0.0
0.998977 0.064508 0.0
0.998746 0.0720174 0.0
0.998499 0.0795167 0.0
0.99824 0.0870075 0.0
0.997972 0.0944913 0.0
0.9977 0.101969 0.0
0.997428 0.109443 0.0
0.997161 0.116912 0.0
0.996903 0.124377 0.0
0.99666 0.131839 0.0
0.996439 0.139297 0.0
0.996245 0.146751 0.0
0.996084 0.154198 0.0
0.995965 0.161637 0.0
0.995894 0.169066 0.0
0.995878 0.176481 0.0
0.995926 0.183878 0.0
0.996045 0.191252 0.0
0.996242 0.198598 0.0
0.996526 0.205909 0.0
0.996905 0.213178 0.0
0.997385 0.220396 0.0
0.997974 0.227553 0.0
0.998678 0.23464 0.0
0.999503 0.241645 0.0
1.00045 0.248555 0.0
1.00153 0.255359 0.0
1.00275 0.262042 0.0
1.0041 0.26859 0.0
1.00558 0.27499 0.0
1.0072 0.281227 0.0
1.00894 0.287286 0.0
1.01082 0.293154 0.0
1.01281 0.298817 0.0
1.01492 0.304265 0.0
1.01714 0.309484 0.0
1.01945 0.314466 0.0
1.02185 0.319203 0.0
1.02433 0.323687 0.0
1.02687 0.327915 0.0
1.02946 0.331884 0.0
1.0321 0.335592 0.0
1.03477 0.33904 0.0
1.03747 0.342231 0.0
1.04018 0.345167 0.0
1.04289 0.347854 0.0
1.04562 0.350297 0.0
1.04834 0.352503 0.0
1.05105 0.354478 0.0
1.05376 0.356228 0.0
1.05647 0.35776 0.0
1.05917 0.359081 0.0
1.06187 0.360194 0.0
1.06458 0.361106 0.0
1.06729 0.361819 0.0
1.07002 0.362335 0.0
1.07276 0.362656 0.0
1.07553 0.36278 0.0
1.07833 0.362707 0.0
1.08117 0.362432 0.0
1.08405 0.361952 0.0
1.08697 0.361258 0.0
1.08993 0.360345 0.0
1.09295 0.359203 0.0
1.09602 0.357822 0.0
1.09913 0.356191 0.0
1.10228 0.354299 0.0
1.10548 0.352133 0.0
1.1087 0.349682 0.0
1.11194 0.346932 0.0
1.11519 0.343872 0.0
1.11844 0.340491 0.0
1.12166 0.336778 0.0
1.12484 0.332725 0.0
1.12795 0.328325 0.0
1.13098 0.323575 0.0
1.1339 0.31847 0.0
1.13667 0.313014 0.0
1.13929 0.30721 0.0
1.14171 0.301066 0.0
1.14391 0.294594 0.0
1.14585 0.287812 0.0
1.14751 0.280739 0.0
1.14886 0.273401 0.0
1.14987 0.265827 0.0
1.15051 0.258054 0.0
1.15076 0.250118 0.0
1.15059 0.242065 0.0
1.14999 0.233941 0.0
1.14894 0.225797 0.0
1.14743 0.217688 0.0
1.14544 0.209669 0.0
1.14298 0.201798 0.0
1.14006 0.194135 0.0
1.13667 0.186739 0.0
1.13283 0.179668 0.0
1.12856 0.172979 0.0
1.12389 0.166727 0.0
1.11885 0.16096 0.0
1.11346 0.155728 0.0
1.10778 0.15107 0.0
1.10184 0.147024 0.0
1.09569 0.143619 0.0
1.08938 0.140878 0.0
1.08297 0.138821 0.0
1.0765 0.137455 0.0
1.07003 0.136785 0.0
1.06362 0.136806 0.0
1.05731 0.137509 0.0
1.05116 0.138877 0.0
1.04523 0.140885 0.0
1.03955 0.143506 0.0
1.03417 0.146703 0.0
1.02914 0.150438 0.0
1.02449 0.154663 0.0
1.02026 0.15933 0.0
1.01648 0.164384 0.0
1.01317 0.169767 0.0
1.01036 0.175418 0.0
1.00806 0.181272 0.0
1.00629 0.187261 0.0
1.00504 0.193316 0.0
1.00433 0.199366 0.0
1.00414 0.205339 0.0
1.00447 0.211159 0.0
1.0053 0.216756 0.0
1.00662 0.222056 0.0
1.0084 0.226988 0.0
1.01062 0.231485 0.0
1.01324 0.235481 0.0
1.01622 0.238916 0.0
1.01955 0.241734 0.0
1.02318 0.243885 0.0
1.02707 0.245325 0.0
1.03119 0.246017 0.0
1.0355 0.245932 0.0
1.03996 0.245048 0.0
1.04456 0.243349 0.0
1.04924 0.240827 0.0
1.05399 0.237481 0.0
1.05878 0.233318 0.0
1.06357 0.228351 0.0
1.06834 0.222597 0.0
1.07307 0.216082 0.0
1.07774 0.208835 0.0
1.08231 0.200892 0.0
1.08677 0.19229 0.0
1.09109 0.183075 0.0
1.09526 0.173293 0.0
1.09923 0.162995 0.0
1.10301 0.152235 0.0
1.10655 0.14107 0.0
1.10983 0.129558 0.0
1.11284 0.117762 0.0
1.11554 0.105744 0.0
1.11792 0.0935699 0.0
1.11995 0.0813062 0.0
1.12161 0.069021 0.0
1.12287 0.0567836 0.0
1.12371 0.0446641 0.0
1.12412 0.0327334 0.0
1.12408 0.0210621 0.0
1.12358 0.00971979 0.0
1.12262 -0.00122771 0.0
1.12119 -0.011726 0.0
1.11931 -0.0217265 0.0
1.11699 -0.0311846 0.0
1.11424 -0.0400605 0.0
1.11109 -0.0483191 0.0
1.10757 -0.05593 0.0
1.1037 -0.0628682 0.0
1.09953 -0.0691136 0.0
1.09508 -0.0746513 0.0
1.0904 -0.0794712 0.0
1.08553 -0.0835683 0.0
1.08052 -0.0869424 0.0
1.0754 -0.0895976 0.0
1.07023 -0.0915428 0.0
1.06506 -0.0927907 0.0
1.05992 -0.0933583 0.0
1.05488 -0.0932663 0.0
1.04998 -0.0925387 0.0
1.04528 -0.0912033 0.0
1.04081 -0.089291 0.0
1.03665 -0.0868354 0.0
1.03283 -0.0838737 0.0
1.02941 -0.0804454 0.0
1.02645 -0.0765932 0.0
1.02401 -0.0723628 0.0
1.02214 -0.0678058 0.0
1.0209 -0.0630081 0.0
1.02034 -0.058413 0.0
0.999993 0.00385775 0.0
0.999967 0.0115451 0.0
0.999914 0.019206 0.0
0.999836 0.0268423 0.0
0.999734 0.0344558 0.0
0.999609 0.0420481 0.0
0.999462 0.0496211 0.0
0.999295 0.0571765 0.0
0.999111 0.0647158 0.0
0.998911 0.0722406 0.0
0.998699 0.0797523 0.0
0.998478 0.0872523 0.0
0.99825 0.0947415 0.0
0.998021 0.102221 0.0
0.997793 0.109691 0.0
0.997572 0.117152 0.0
0.997361 0.124605 0.0
0.997167 0.132049 0.0
0.996994 0.139483 0.0
0.996849 0.146906 0.0
0.996736 0.154316 0.0
0.996663 0.161712 0.0
0.996636 0.16909 0.0
0.996662 0.176447 0.0
0.996747 0.183779 0.0
0.996899 0.191081 0.0
0.997125 0.198347 0.0
0.997431 0.205571 0.0
0.997824 0.212745 0.0
0.99831 0.219862 0.0
0.998897 0.226912 0.0
0.999588 0.233886 0.0
1.00039 0.240772 0.0
1.00131 0.247561 0.0
1.00234 0.254239 0.0
1.00349 0.260794 0.0
1.00477 0.267214 0.0
1.00617 0.273486 0.0
1.00768 0.279597 0.0
1.00932 0.285533 0.0
1.01107 0.291283 0.0
1.01293 0.296834 0.0
1.01489 0.302176 0.0
1.01695 0.307298 0.0
1.0191 0.312192 0.0
1.02132 0.31685 0.0
1.02362 0.321267 0.0
1.02598 0.325437 0.0
1.02839 0.329358 0.0
1.03084 0.333027 0.0
1.03333 0.336447 0.0
1.03585 0.339616 0.0
1.03838 0.342539 0.0
1.04092 0.345219 0.0
1.04348 0.347659 0.0
1.04603 0.349865 0.0
1.04859 0.351841 0.0
1.05115 0.353594 0.0
1.05371 0.355128 0.0
1.05627 0.356449 0.0
1.05884 0.357559 0.0
1.06141 0.358464 0.0
1.06399 0.359165 0.0
1.06659 0.359665 0.0
1.06921 0.359963 0.0
1.07185 0.360061 0.0
1.07452 0.359955 0.0
1.07723 0.359643 0.0
1.07997 0.359121 0.0
1.08276 0.358383 0.0
1.08558 0.357423 0.0
1.08846 0.356234 0.0
1.09138 0.354807 0.0
1.09434 0.353132 0.0
1.09734 0.351201 0.0
1.10037 0.349002 0.0
1.10344 0.346526 0.0
1.10652 0.343763 0.0
1.10961 0.340702 0.0
1.11269 0.337335 0.0
1.11575 0.333653 0.0
1.11877 0.329651 0.0
1.12173 0.325323 0.0
1.12461 0.320667 0.0
1.12739 0.315682 0.0
1.13004 0.310372 0.0
1.13254 0.30474 0.0
1.13486 0.298798 0.0
1.13697 0.292556 0.0
1.13884 0.286032 0.0
1.14045 0.279246 0.0
1.14177 0.272223 0.0
1.14278 0.264991 0.0
1.14345 0.257583 0.0
1.14375 0.250038 0.0
1.14367 0.242394 0.0
1.14319 0.234696 0.0
1.14229 0.226991 0.0
1.14097 0.21933 0.0
1.13921 0.211764 0.0
1.13703 0.204346 0.0
1.13441 0.19713 0.0
1.13138 0.19017 0.0
1.12793 0.183519 0.0
1.1241 0.177229 0.0
1.1199 0.171348 0.0
1.11536 0.165922 0.0
1.11052 0.160994 0.0
1.10541 0.1566 0.0
1.10007 0.152775 0.0
1.09454 0.149544 0.0
1.08887 0.146929 0.0
1.08311 0.144946 0.0
1.07731 0.143603 0.0
1.07151 0.142904 0.0
1.06576 0.142846 0.0
1.06012 0.143418 0.0
1.05463 0.144605 0.0
1.04934 0.146386 0.0
1.04429 0.148733 0.0
1.03953 0.151616 0.0
1.03509 0.154996 0.0
1.03101 0.158832 0.0
1.02732 0.163077 0.0
1.02406 0.167683 0.0
1.02124 0.172594 0.0
1.01889 0.177753 0.0
1.01702 0.183102 0.0
1.01565 0.188577 0.0
1.01478 0.194114 0.0
1.01442 0.199645 0.0
1.01456 0.205105 0.0
1.0152 0.210423 0.0
1.01633 0.215533 0.0
1.01792 0.220366 0.0
1.01997 0.224855 0.0
1.02243 0.228936 0.0
1.0253 0.232548 0.0
1.02852 0.235631 0.0
1.03208 0.238133 0.0
1.03594 0.240004 0.0
1.04005 0.241201 0.0
1.04439 0.241687 0.0
1.04891 0.241432 0.0
1.05358 0.240413 0.0
1.05836 0.238612 0.0
1.06321 0.236021 0.0
1.06811 0.232638 0.0
1.07302 0.228467 0.0
1.07791 0.223519 0.0
1.08276 0.217813 0.0
1.08752 0.21137 0.0
1.09218 0.204221 0.0
1.09672 0.196399 0.0
1.1011 0.187944 0.0
1.1053 0.178898 0.0
1.1093 0.169308 0.0
1.11307 0.159226 0.0
1.1166 0.148705 0.0
1.11986 0.137802 0.0
1.12282 0.126575 0.0
1.12548 0.115086 0.0
1.12779 0.103399 0.0
1.12975 0.0915768 0.0
1.13134 0.0796866 0.0
1.13253 0.067795 0.0
1.13331 0.0559697 0.0
1.13366 0.0442789 0.0
1.13358 0.0327903 0.0
1.13305 0.0215712 0.0
1.13207 0.0106864 0.0
1.13065 0.000195432 0.0
1.12878 -0.00985408 0.0
1.12648 -0.0194186 0.0
1.12377 -0.0284582 0.0
1.12067 -0.0369374 0.0
1.1172 -0.0448251 0.0
1.1134 -0.0520946 0.0
1.10928 -0.0587242 0.0
1.1049 -0.0646968 0.0
1.10027 -0.0699998 0.0
1.09546 -0.0746255 0.0
1.09048 -0.0785707 0.0
1.08539 -0.0818366 0.0
1.08023 -0.0844287 0.0
1.07505 -0.0863569 0.0
1.06988 -0.0876347 0.0
1.06478 -0.0882796 0.0
1.05979 -0.088313 0.0
1.05495 -0.0877594 0.0
1.05033 -0.0866471 0.0
1.04595 -0.0850075 0.0
1.04187 -0.082875 0.0
1.03815 -0.0802876 0.0
1.03482 -0.0772861 0.0
1.03194 -0.0739149 0.0
1.02957 -0.0702219 0.0
1.02775 -0.0662607 0.0
1.02654 -0.0621157 0.0
1.02598 -0.0581741 0.0
0.999994 0.00387019 0.0
0.999971 0.0115821 0.0
0.999926 0.0192671 0.0
0.999858 0.0269267 0.0
0.999769 0.0345623 0.0
0.999661 0.0421755 0.0
0.999534 0.0497676 0.0
0.999391 0.0573402 0.0
0.999232 0.0648946 0.0
0.999062 0.0724319 0.0
0.998882 0.0799533 0.0
0.998694 0.0874598 0.0
0.998503 0.0949522 0.0
0.998312 0.102431 0.0
0.998124 0.109896 0.0
0.997944 0.117349 0.0
0.997775 0.124788 0.0
0.997623 0.132212 0.0
0.997493 0.139622 0.0
0.997389 0.147015 0.0
0.997318 0.15439 0.0
0.997284 0.161744 0.0
0.997294 0.169074 0.0
0.997353 0.176377 0.0
0.997469 0.183648 0.0
0.997646 0.190882 0.0
0.997892 0.198074 0.0
0.998212 0.205218 0.0
0.998612 0.212305 0.0
0.999098 0.219329 0.0
0.999675 0.226281 0.0
1.00035 0.233152 0.0
1.00112 0.239931 0.0
1.002 0.246609 0.0
1.00298 0.253173 0.0
1.00407 0.259614 0.0
1.00527 0.265918 0.0
1.00658 0.272075 0.0
1.008 0.278072 0.0
1.00953 0.283897 0.0
1.01116 0.28954 0.0
1.01288 0.29499 0.0
1.0147 0.300236 0.0
1.01661 0.30527 0.0
1.0186 0.310084 0.0
1.02066 0.31467 0.0
1.02279 0.319022 0.0
1.02497 0.323138 0.0
1.02721 0.327012 0.0
1.02948 0.330644 0.0
1.03179 0.334033 0.0
1.03413 0.33718 0.0
1.03649 0.340085 0.0
1.03886 0.342753 0.0
1.04125 0.345185 0.0
1.04364 0.347387 0.0
1.04604 0.34936 0.0
1.04845 0.351111 0.0
1.05086 0.352642 0.0
1.05327 0.353958 0.0
1.05569 0.355062 0.0
1.05813 0.355957 0.0
1.06057 0.356645 0.0
1.06303 0.357127 0.0
1.06551 0.357404 0.0
1.06801 0.357474 0.0
1.07054 0.357338 0.0
1.07311 0.356991 0.0
1.07571 0.356431 0.0
1.07834 0.355653 0.0
1.08102 0.354651 0.0
1.08373 0.353419 0.0
1.08648 0.35195 0.0
1.08928 0.350236 0.0
1.0921 0.348269 0.0
1.09496 0.346041 0.0
1.09784 0.343544 0.0
1.10074 0.340769 0.0
1.10364 0.337708 0.0
1.10653 0.334354 0.0
1.1094 0.330703 0.0
1.11223 0.326748 0.0
1.11501 0.322487 0.0
1.11771 0.317919 0.0
1.12032 0.313046 0.0
1.12281 0.30787 0.0
1.12515 0.302399 0.0
1.12733 0.296643 0.0
1.12932 0.290614 0.0
1.13109 0.284329 0.0
1.13262 0.277808 0.0
1.13388 0.271076 0.0
1.13485 0.264159 0.0
1.13551 0.257089 0.0
1.13584 0.249901 0.0
1.13582 0.242633 0.0
1.13543 0.235326 0.0
1.13467 0.228023 0.0
1.13351 0.220772 0.0
1.13197 0.213618 0.0
1.13003 0.206612 0.0
1.12771 0.199802 0.0
1.12501 0.193238 0.0
1.12193 0.186967 0.0
1.11851 0.181037 0.0
1.11476 0.175491 0.0
1.1107 0.170372 0.0
1.10637 0.165717 0.0
1.1018 0.16156 0.0
1.09703 0.157931 0.0
1.09209 0.154854 0.0
1.08702 0.152349 0.0
1.08188 0.150429 0.0
1.0767 0.149103 0.0
1.07153 0.148374 0.0
1.06641 0.148237 0.0
1.0614 0.148685 0.0
1.05652 0.149702 0.0
1.05183 0.15127 0.0
1.04736 0.153362 0.0
1.04316 0.155951 0.0
1.03926 0.159 0.0
1.0357 0.162472 0.0
1.0325 0.166324 0.0
1.02969 0.170509 0.0
1.0273 0.174977 0.0
1.02534 0.179676 0.0
1.02384 0.184549 0.0
1.0228 0.189539 0.0
1.02224 0.194585 0.0
1.02215 0.199625 0.0
1.02253 0.204596 0.0
1.02339 0.209435 0.0
1.02471 0.214078 0.0
1.02647 0.218461 0.0
1.02867 0.222522 0.0
1.03127 0.2262 0.0
1.03425 0.229437 0.0
1.03759 0.232177 0.0
1.04125 0.234369 0.0
1.04519 0.235966 0.0
1.04939 0.236926 0.0
1.05381 0.237212 0.0
1.0584 0.236795 0.0
1.06313 0.23565 0.0
1.06797 0.23376 0.0
1.07287 0.231116 0.0
1.0778 0.227713 0.0
1.08273 0.223554 0.0
1.08762 0.21865 0.0
1.09244 0.213017 0.0
1.09717 0.206676 0.0
1.10176 0.199656 0.0
1.1062 0.19199 0.0
1.11046 0.183714 0.0
1.11451 0.174873 0.0
1.11834 0.165511 0.0
1.1219 0.15568 0.0
1.1252 0.145432 0.0
1.12819 0.134824 0.0
1.13086 0.123913 0.0
1.1332 0.112761 0.0
1.13518 0.101429 0.0
1.13678 0.0899814 0.0
1.138 0.0784828 0.0
1.13881 0.0669982 0.0
1.1392 0.0555932 0.0
1.13917 0.0443332 0.0
1.1387 0.033283 0.0
1.13781 0.0225056 0.0
1.13647 0.0120614 0.0
1.13472 0.00200492 0.0
1.13254 -0.00762149 0.0
1.12997 -0.0167788 0.0
1.12701 -0.0254312 0.0
1.12369 -0.0335469 0.0
1.12004 -0.041098 0.0
1.11609 -0.0480612 0.0
1.11186 -0.0544172 0.0
1.1074 -0.0601513 0.0
1.10273 -0.0652533 0.0
1.09789 -0.069717 0.0
1.09293 -0.0735407 0.0
1.08787 -0.0767269 0.0
1.08278 -0.079282 0.0
1.07768 -0.0812167 0.0
1.07261 -0.0825451 0.0
1.06763 -0.0832852 0.0
1.06277 -0.0834588 0.0
1.05808 -0.0830907 0.0
1.05361 -0.0822095 0.0
1.04939 -0.0808469 0.0
1.04546 -0.0790379 0.0
1.04189 -0.0768209 0.0
1.0387 -0.0742379 0.0
1.03595 -0.0713344 0.0
1.03368 -0.06816 0.0
1.03195 -0.0647705 0.0
1.03079 -0.0612485 0.0
1.03024 -0.0579292 0.0
0.999995 0.00388098 0.0
0.999975 0.0116142 0.0
0.999936 0.01932 0.0
0.999878 0.0269996 0.0
0.999802 0.0346541 0.0
0.999709 0.042285 0.0
0.9996 0.0498933 0.0
0.999478 0.0574803 0.0
0.999344 0.0650469 0.0
0.999199 0.0725942 0.0
0.999048 0.080123 0.0
0.998891 0.0876339 0.0
0.998733 0.0951275 0.0
0.998576 0.102604 0.0
0.998423 0.110064 0.0
0.998279 0.117506 0.0
0.998148 0.12493 0.0
0.998033 0.132336 0.0
0.997939 0.139722 0.0
0.997871 0.147087 0.0
0.997834 0.154428 0.0
0.997833 0.161742 0.0
0.997873 0.169027 0.0
0.99796 0.176278 0.0
0.998098 0.183492 0.0
0.998294 0.190664 0.0
0.998553 0.197788 0.0
0.998881 0.204857 0.0
0.999282 0.211865 0.0
0.999761 0.218805 0.0
1.00032 0.225667 0.0
1.00097 0.232444 0.0
1.00171 0.239126 0.0
1.00254 0.245704 0.0
1.00347 0.252166 0.0
1.0045 0.258503 0.0
1.00563 0.264703 0.0
1.00685 0.270756 0.0
1.00817 0.276651 0.0
1.00959 0.282377 0.0
1.0111 0.287924 0.0
1.0127 0.293282 0.0
1.01438 0.298442 0.0
1.01614 0.303396 0.0
1.01797 0.308135 0.0
1.01988 0.312654 0.0
1.02184 0.316948 0.0
1.02386 0.321011 0.0
1.02592 0.324841 0.0
1.02802 0.328436 0.0
1.03016 0.331794 0.0
1.03232 0.334916 0.0
1.03451 0.337803 0.0
1.03672 0.340456 0.0
1.03894 0.342877 0.0
1.04117 0.34507 0.0
1.04341 0.347037 0.0
1.04566 0.348781 0.0
1.04791 0.350306 0.0
1.05018 0.351615 0.0
1.05245 0.35271 0.0
1.05473 0.353593 0.0
1.05703 0.354266 0.0
1.05935 0.35473 0.0
1.06168 0.354986 0.0
1.06404 0.355031 0.0
1.06642 0.354866 0.0
1.06883 0.354488 0.0
1.07128 0.353893 0.0
1.07375 0.353079 0.0
1.07626 0.352039 0.0
1.07881 0.35077 0.0
1.08139 0.349264 0.0
1.084 0.347516 0.0
1.08664 0.34552 0.0
1.08931 0.343267 0.0
1.092 0.340752 0.0
1.09469 0.337968 0.0
1.09739 0.33491 0.0
1.10008 0.331571 0.0
1.10275 0.327949 0.0
1.10538 0.32404 0.0
1.10795 0.319842 0.0
1.11046 0.315357 0.0
1.11287 0.310586 0.0
1.11518 0.305536 0.0
1.11736 0.300213 0.0
1.11938 0.294628 0.0
1.12122 0.288795 0.0
1.12287 0.28273 0.0
1.1243 0.276452 0.0
1.12548 0.269985 0.0
1.1264 0.263356 0.0
1.12704 0.256594 0.0
1.12738 0.249732 0.0
1.12739 0.242805 0.0
1.12708 0.235853 0.0
1.12643 0.228915 0.0
1.12543 0.222034 0.0
1.12407 0.215254 0.0
1.12237 0.208619 0.0
1.12031 0.202175 0.0
1.11792 0.195967 0.0
1.11519 0.190037 0.0
1.11215 0.18443 0.0
1.10882 0.179185 0.0
1.10522 0.174339 0.0
1.10137 0.169927 0.0
1.09731 0.165981 0.0
1.09307 0.162526 0.0
1.08868 0.159586 0.0
1.08418 0.157176 0.0
1.07962 0.155311 0.0
1.07502 0.153996 0.0
1.07044 0.153235 0.0
1.06591 0.153024 0.0
1.06147 0.153355 0.0
1.05716 0.154215 0.0
1.05302 0.155584 0.0
1.0491 0.157441 0.0
1.04541 0.159758 0.0
1.042 0.162502 0.0
1.0389 0.165637 0.0
1.03614 0.169125 0.0
1.03373 0.17292 0.0
1.03171 0.176978 0.0
1.03009 0.181249 0.0
1.02889 0.18568 0.0
1.02812 0.190217 0.0
1.02779 0.194804 0.0
1.02791 0.199383 0.0
1.02846 0.203896 0.0
1.02946 0.208283 0.0
1.03088 0.212485 0.0
1.03273 0.216442 0.0
1.03499 0.220095 0.0
1.03762 0.223387 0.0
1.04063 0.226265 0.0
1.04396 0.228674 0.0
1.04761 0.230568 0.0
1.05153 0.231899 0.0
1.05569 0.23263 0.0
1.06006 0.232723 0.0
1.06461 0.23215 0.0
1.06928 0.230887 0.0
1.07405 0.228917 0.0
1.07888 0.226228 0.0
1.08374 0.222815 0.0
1.08858 0.218682 0.0
1.09337 0.213837 0.0
1.09809 0.208294 0.0
1.10269 0.202073 0.0
1.10715 0.195202 0.0
1.11144 0.187712 0.0
1.11553 0.17964 0.0
1.1194 0.171026 0.0
1.12302 0.161916 0.0
1.12637 0.152359 0.0
1.12943 0.142406 0.0
1.13217 0.132114 0.0
1.13458 0.121539 0.0
1.13664 0.110741 0.0
1.13833 0.0997794 0.0
1.13964 0.0887176 0.0
1.14055 0.077618 0.0
1.14106 0.0665437 0.0
1.14116 0.0555577 0.0
1.14083 0.0447224 0.0
1.14009 0.0340989 0.0
1.13894 0.0237466 0.0
1.13737 0.0137213 0.0
1.1354 0.00407346 0.0
1.13304 -0.005158 0.0
1.13031 -0.0139383 0.0
1.12723 -0.0222351 0.0
1.12382 -0.0300196 0.0
1.12011 -0.0372669 0.0
1.11613 -0.0439561 0.0
1.11191 -0.0500703 0.0
1.10747 -0.0555969 0.0
1.10286 -0.0605271 0.0
1.09811 -0.0648564 0.0
1.09326 -0.0685844 0.0
1.08834 -0.0717144 0.0
1.0834 -0.0742537 0.0
1.07847 -0.0762134 0.0
1.07359 -0.0776084 0.0
1.06881 -0.0784568 0.0
1.06416 -0.0787805 0.0
1.05968 -0.0786047 0.0
1.05542 -0.0779578 0.0
1.05142 -0.0768717 0.0
1.04771 -0.0753815 0.0
1.04433 -0.0735259 0.0
1.04133 -0.0713473 0.0
1.03875 -0.0688918 0.0
1.03663 -0.0662105 0.0
1.035 -0.0633607 0.0
1.03392 -0.0604232 0.0
1.0334 -0.0576857 0.0
0.999996 0.00389025 0.0
0.999979 0.0116418 0.0
0.999945 0.0193653 0.0
0.999896 0.0270619 0.0
0.999831 0.0347326 0.0
0.999752 0.0423783 0.0
0.999661 0.0500001 0.0
0.999558 0.0575988 0.0
0.999445 0.0651753 0.0
0.999325 0.0727303 0.0
0.999199 0.0802643 0.0
0.99907 0.0877779 0.0
0.998941 0.0952712 0.0
0.998814 0.102744 0.0
0.998693 0.110197 0.0
0.998581 0.117629 0.0
0.998482 0.125039 0.0
0.998399 0.132426 0.0
0.998337 0.139789 0.0
0.9983 0.147126 0.0
0.998292 0.154434 0.0
0.998318 0.161711 0.0
0.998382 0.168953 0.0
0.998489 0.176157 0.0
0.998645 0.183319 0.0
0.998854 0.190433 0.0
0.99912 0.197493 0.0
0.999449 0.204495 0.0
0.999844 0.211431 0.0
1.00031 0.218293 0.0
1.00085 0.225075 0.0
1.00147 0.231767 0.0
1.00218 0.238362 0.0
1.00296 0.244849 0.0
1.00384 0.251219 0.0
1.0048 0.257462 0.0
1.00584 0.263569 0.0
1.00698 0.269529 0.0
1.00821 0.275332 0.0
1.00951 0.280969 0.0
1.01091 0.28643 0.0
1.01238 0.291705 0.0
1.01393 0.296787 0.0
1.01555 0.301668 0.0
1.01723 0.306341 0.0
1.01898 0.310799 0.0
1.02079 0.315037 0.0
1.02264 0.319052 0.0
1.02454 0.32284 0.0
1.02647 0.326398 0.0
1.02844 0.329726 0.0
1.03044 0.332823 0.0
1.03246 0.335689 0.0
1.03449 0.338325 0.0
1.03655 0.340733 0.0
1.03862 0.342915 0.0
1.0407 0.344872 0.0
1.04278 0.346608 0.0
1.04488 0.348124 0.0
1.04699 0.349423 0.0
1.04911 0.350507 0.0
1.05125 0.351378 0.0
1.05339 0.352036 0.0
1.05556 0.352482 0.0
1.05774 0.352717 0.0
1.05994 0.352739 0.0
1.06217 0.352548 0.0
1.06443 0.352141 0.0
1.06671 0.351516 0.0
1.06902 0.350669 0.0
1.07136 0.349597 0.0
1.07373 0.348295 0.0
1.07613 0.346759 0.0
1.07856 0.344982 0.0
1.08101 0.34296 0.0
1.08348 0.340688 0.0
1.08596 0.33816 0.0
1.08846 0.335371 0.0
1.09095 0.332318 0.0
1.09343 0.328995 0.0
1.09588 0.325402 0.0
1.0983 0.321537 0.0
1.10067 0.317399 0.0
1.10298 0.312991 0.0
1.1052 0.308317 0.0
1.10731 0.303382 0.0
1.10931 0.298196 0.0
1.11117 0.292768 0.0
1.11286 0.287113 0.0
1.11438 0.281247 0.0
1.1157 0.275191 0.0
1.11679 0.268965 0.0
1.11765 0.262596 0.0
1.11826 0.256112 0.0
1.11859 0.249544 0.0
1.11864 0.242926 0.0
1.11839 0.236292 0.0
1.11783 0.229682 0.0
1.11697 0.223133 0.0
1.11579 0.216688 0.0
1.11429 0.210386 0.0
1.11249 0.204269 0.0
1.11038 0.198378 0.0
1.10798 0.192753 0.0
1.1053 0.187433 0.0
1.10236 0.182455 0.0
1.09918 0.177853 0.0
1.09578 0.173657 0.0
1.0922 0.169897 0.0
1.08845 0.166596 0.0
1.08458 0.163775 0.0
1.08061 0.161449 0.0
1.07659 0.159629 0.0
1.07254 0.158322 0.0
1.0685 0.15753 0.0
1.06451 0.157249 0.0
1.06061 0.157472 0.0
1.05683 0.158187 0.0
1.0532 0.159375 0.0
1.04976 0.161016 0.0
1.04655 0.163084 0.0
1.04358 0.165548 0.0
1.0409 0.168376 0.0
1.03852 0.171529 0.0
1.03647 0.174968 0.0
1.03477 0.178649 0.0
1.03344 0.182526 0.0
1.0325 0.186549 0.0
1.03194 0.190669 0.0
1.03179 0.194833 0.0
1.03205 0.198986 0.0
1.03271 0.203074 0.0
1.03378 0.207041 0.0
1.03525 0.210831 0.0
1.03711 0.214388 0.0
1.03935 0.217659 0.0
1.04194 0.220589 0.0
1.04488 0.223127 0.0
1.04813 0.225223 0.0
1.05167 0.226833 0.0
1.05547 0.227912 0.0
1.0595 0.228423 0.0
1.06373 0.228333 0.0
1.06812 0.227611 0.0
1.07263 0.226237 0.0
1.07724 0.224191 0.0
1.0819 0.221463 0.0
1.08657 0.218048 0.0
1.09124 0.213947 0.0
1.09585 0.209168 0.0
1.10037 0.203723 0.0
1.10478 0.197632 0.0
1.10904 0.19092 0.0
1.11313 0.183618 0.0
1.11701 0.17576 0.0
1.12066 0.167386 0.0
1.12405 0.158539 0.0
1.12717 0.149268 0.0
1.12999 0.139622 0.0
1.13249 0.129656 0.0
1.13465 0.119425 0.0
1.13646 0.108986 0.0
1.13791 0.0983992 0.0
1.13897 0.0877239 0.0
1.13965 0.077021 0.0
1.13993 0.0663509 0.0
1.13981 0.055774 0.0
1.13929 0.0453494 0.0
1.13837 0.035135 0.0
1.13705 0.025186 0.0
1.13534 0.0155546 0.0
1.13327 0.00628735 0.0
1.13083 -0.00257848 0.0
1.12805 -0.0110123 0.0
1.12496 -0.0189843 0.0
1.12156 -0.0264686 0.0
1.1179 -0.0334426 0.0
1.11399 -0.0398876 0.0
1.10986 -0.0457887 0.0
1.10555 -0.0511349 0.0
1.10109 -0.0559191 0.0
1.09652 -0.0601379 0.0
1.09186 -0.0637919 0.0
1.08716 -0.0668854 0.0
1.08244 -0.0694262 0.0
1.07776 -0.071426 0.0
1.07314 -0.0728998 0.0
1.06862 -0.073866 0.0
1.06425 -0.0743464 0.0
1.06005 -0.0743661 0.0
1.05607 -0.0739533 0.0
1.05233 -0.0731394 0.0
1.04889 -0.0719594 0.0
1.04577 -0.0704517 0.0
1.043 -0.0686583 0.0
1.04063 -0.0666259 0.0
1.03868 -0.0644058 0.0
1.0372 -0.0620562 0.0
1.03621 -0.0596563 0.0
1.03573 -0.0574509 0.0
0.999996 0.00389812 0.0
0.999982 0.0116651 0.0
0.999954 0.0194037 0.0
0.999912 0.0271146 0.0
0.999858 0.0347987 0.0
0.999792 0.0424568 0.0
0.999716 0.0500896 0.0
0.99963 0.0576978 0.0
0.999537 0.065282 0.0
0.999439 0.0728427 0.0
0.999336 0.0803802 0.0
0.999232 0.0878948 0.0
0.999129 0.0953865 0.0
0.999029 0.102855 0.0
0.998936 0.1103 0.0
0.998853 0.117721 0.0
0.998782 0.125116 0.0
0.998727 0.132486 0.0
0.998692 0.139826 0.0
0.99868 0.147137 0.0
0.998696 0.154415 0.0
0.998743 0.161657 0.0
0.998827 0.16886 0.0
0.99895 0.17602 0.0
0.999117 0.183133 0.0
0.999333 0.190194 0.0
0.999601 0.197198 0.0
0.999926 0.204137 0.0
1.00031 0.211007 0.0
1.00076 0.2178 0.0
1.00128 0.224509 0.0
1.00187 0.231125 0.0
1.00253 0.23764 0.0
1.00326 0.244046 0.0
1.00408 0.250334 0.0
1.00497 0.256494 0.0
1.00594 0.262517 0.0
1.00699 0.268394 0.0
1.00812 0.274116 0.0
1.00932 0.279672 0.0
1.0106 0.285056 0.0
1.01195 0.290257 0.0
1.01337 0.295269 0.0
1.01485 0.300084 0.0
1.01639 0.304696 0.0
1.01799 0.309098 0.0
1.01964 0.313286 0.0
1.02133 0.317256 0.0
1.02307 0.321004 0.0
1.02484 0.324528 0.0
1.02664 0.327826 0.0
1.02847 0.330898 0.0
1.03032 0.333742 0.0
1.0322 0.336361 0.0
1.03409 0.338754 0.0
1.03599 0.340922 0.0
1.03791 0.342868 0.0
1.03984 0.344593 0.0
1.04178 0.346099 0.0
1.04373 0.347387 0.0
1.04569 0.348459 0.0
1.04767 0.349316 0.0
1.04966 0.349959 0.0
1.05167 0.350388 0.0
1.0537 0.350603 0.0
1.05574 0.350604 0.0
1.05781 0.350389 0.0
1.0599 0.349957 0.0
1.06201 0.349305 0.0
1.06415 0.34843 0.0
1.06632 0.34733 0.0
1.06851 0.346 0.0
1.07073 0.344437 0.0
1.07297 0.342637 0.0
1.07522 0.340595 0.0
1.0775 0.338308 0.0
1.07978 0.335771 0.0
1.08207 0.33298 0.0
1.08435 0.329934 0.0
1.08662 0.326629 0.0
1.08887 0.323066 0.0
1.09108 0.319242 0.0
1.09324 0.315161 0.0
1.09534 0.310826 0.0
1.09737 0.30624 0.0
1.0993 0.301412 0.0
1.10112 0.29635 0.0
1.10281 0.291065 0.0
1.10435 0.285572 0.0
1.10574 0.279887 0.0
1.10694 0.27403 0.0
1.10795 0.268022 0.0
1.10874 0.261887 0.0
1.10931 0.255652 0.0
1.10963 0.249348 0.0
1.10971 0.243004 0.0
1.10951 0.236656 0.0
1.10905 0.230337 0.0
1.10831 0.224085 0.0
1.10729 0.217936 0.0
1.10599 0.211929 0.0
1.10442 0.206103 0.0
1.10258 0.200493 0.0
1.10048 0.195138 0.0
1.09813 0.190073 0.0
1.09556 0.185331 0.0
1.09277 0.180943 0.0
1.0898 0.176938 0.0
1.08666 0.173342 0.0
1.08338 0.170176 0.0
1.07999 0.167459 0.0
1.07651 0.165205 0.0
1.07299 0.163424 0.0
1.06945 0.162121 0.0
1.06591 0.161299 0.0
1.06243 0.160954 0.0
1.05902 0.161079 0.0
1.05572 0.161661 0.0
1.05257 0.162685 0.0
1.04958 0.16413 0.0
1.04679 0.165972 0.0
1.04423 0.168183 0.0
1.04192 0.170732 0.0
1.03989 0.173582 0.0
1.03816 0.176698 0.0
1.03674 0.180036 0.0
1.03565 0.183555 0.0
1.03492 0.187208 0.0
1.03453 0.190947 0.0
1.03452 0.194724 0.0
1.03487 0.198487 0.0
1.03559 0.202185 0.0
1.03668 0.205766 0.0
1.03814 0.209177 0.0
1.03996 0.212367 0.0
1.04212 0.215284 0.0
1.04461 0.217877 0.0
1.04741 0.2201 0.0
1.05051 0.221904 0.0
1.05387 0.223248 0.0
1.05748 0.22409 0.0
1.0613 0.224396 0.0
1.0653 0.224131 0.0
1.06945 0.223271 0.0
1.07372 0.221791 0.0
1.07808 0.219675 0.0
1.08249 0.216913 0.0
1.08691 0.213498 0.0
1.09131 0.209432 0.0
1.09567 0.204721 0.0
1.09993 0.199377 0.0
1.10409 0.193418 0.0
1.10809 0.186868 0.0
1.11192 0.179756 0.0
1.11555 0.172114 0.0
1.11895 0.163982 0.0
1.1221 0.155401 0.0
1.12497 0.146416 0.0
1.12755 0.137078 0.0
1.12981 0.127436 0.0
1.13175 0.117546 0.0
1.13334 0.107463 0.0
1.13457 0.0972439 0.0
1.13544 0.0869463 0.0
1.13593 0.0766285 0.0
1.13605 0.0663485 0.0
1.13578 0.0561635 0.0
1.13513 0.0461297 0.0
1.13411 0.0363014 0.0
1.13271 0.0267305 0.0
1.13096 0.0174655 0.0
1.12887 0.00854983 0.0
1.12644 1.95432e-05 0.0
1.12371 -0.00809776 0.0
1.12068 -0.015775 0.0
1.11738 -0.0229884 0.0
1.11384 -0.0297175 0.0
1.11009 -0.0359456 0.0
1.10614 -0.0416596 0.0
1.10204 -0.04685 0.0
1.0978 -0.0515109 0.0
1.09347 -0.0556403 0.0
1.08908 -0.0592394 0.0
1.08466 -0.0623134 0.0
1.08024 -0.0648706 0.0
1.07587 -0.0669229 0.0
1.07157 -0.0684855 0.0
1.06739 -0.0695767 0.0
1.06334 -0.070218 0.0
1.05948 -0.070434 0.0
1.05583 -0.0702522 0.0
1.05242 -0.0697035 0.0
1.0493 -0.0688218 0.0
1.04647 -0.0676447 0.0
1.04399 -0.0662135 0.0
1.04186 -0.0645741 0.0
1.04013 -0.0627774 0.0
1.03881 -0.0608817 0.0
1.03793 -0.0589639 0.0
1.0375 -0.0572313 0.0
0.999997 0.00390472 0.0
0.999985 0.0116847 0.0
0.999962 0.0194357 0.0
0.999927 0.0271585 0.0
0.999883 0.0348537 0.0
0.999829 0.0425218 0.0
0.999766 0.0501634 0.0
0.999697 0.057779 0.0
0.999621 0.065369 0.0
0.999542 0.0729337 0.0
0.999461 0.0804732 0.0
0.999379 0.0879876 0.0
0.999299 0.0954766 0.0
0.999224 0.10294 0.0
0.999155 0.110377 0.0
0.999096 0.117787 0.0
0.99905 0.125168 0.0
0.999019 0.13252 0.0
0.999006 0.139839 0.0
0.999016 0.147125 0.0
0.999052 0.154375 0.0
0.999116 0.161585 0.0
0.999214 0.168752 0.0
0.999348 0.175872 0.0
0.999522 0.18294 0.0
0.99974 0.189953 0.0
1.00001 0.196905 0.0
1.00032 0.203789 0.0
1.00069 0.210599 0.0
1.00112 0.21733 0.0
1.00161 0.223973 0.0
1.00216 0.230521 0.0
1.00278 0.236966 0.0
1.00346 0.2433 0.0
1.00422 0.249514 0.0
1.00504 0.2556 0.0
1.00593 0.261548 0.0
1.0069 0.267351 0.0
1.00793 0.273 0.0
1.00903 0.278486 0.0
1.01019 0.2838 0.0
1.01142 0.288935 0.0
1.01271 0.293885 0.0
1.01405 0.29864 0.0
1.01546 0.303197 0.0
1.01691 0.307549 0.0
1.0184 0.311691 0.0
1.01994 0.315619 0.0
1.02152 0.31933 0.0
1.02313 0.322821 0.0
1.02477 0.326091 0.0
1.02643 0.329137 0.0
1.02812 0.331961 0.0
1.02983 0.334561 0.0
1.03156 0.336938 0.0
1.0333 0.339092 0.0
1.03505 0.341026 0.0
1.03682 0.342739 0.0
1.0386 0.344233 0.0
1.04039 0.345509 0.0
1.0422 0.346568 0.0
1.04401 0.347412 0.0
1.04585 0.34804 0.0
1.04769 0.348452 0.0
1.04956 0.348649 0.0
1.05144 0.34863 0.0
1.05334 0.348394 0.0
1.05527 0.347939 0.0
1.05721 0.347263 0.0
1.05918 0.346365 0.0
1.06117 0.34524 0.0
1.06318 0.343887 0.0
1.06521 0.342303 0.0
1.06726 0.340483 0.0
1.06932 0.338426 0.0
1.0714 0.336127 0.0
1.07348 0.333584 0.0
1.07556 0.330795 0.0
1.07764 0.327758 0.0
1.07971 0.324472 0.0
1.08174 0.320937 0.0
1.08375 0.317154 0.0
1.08571 0.313127 0.0
1.08761 0.308858 0.0
1.08944 0.304354 0.0
1.09119 0.299623 0.0
1.09284 0.294673 0.0
1.09437 0.289518 0.0
1.09577 0.284171 0.0
1.09702 0.278649 0.0
1.09812 0.27297 0.0
1.09904 0.267155 0.0
1.09977 0.261229 0.0
1.1003 0.255216 0.0
1.10061 0.249145 0.0
1.1007 0.243046 0.0
1.10056 0.236949 0.0
1.10018 0.230889 0.0
1.09955 0.224898 0.0
1.09868 0.219012 0.0
1.09757 0.213265 0.0
1.09622 0.207694 0.0
1.09463 0.202332 0.0
1.09281 0.197214 0.0
1.09078 0.192372 0.0
1.08855 0.187837 0.0
1.08613 0.183637 0.0
1.08355 0.179799 0.0
1.08083 0.176346 0.0
1.07798 0.173297 0.0
1.07504 0.170671 0.0
1.07203 0.168479 0.0
1.06897 0.166731 0.0
1.0659 0.165431 0.0
1.06284 0.164581 0.0
1.05982 0.164177 0.0
1.05687 0.164213 0.0
1.05402 0.164676 0.0
1.05129 0.165553 0.0
1.04872 0.166822 0.0
1.04633 0.168462 0.0
1.04413 0.170446 0.0
1.04217 0.172744 0.0
1.04045 0.175323 0.0
1.03899 0.178148 0.0
1.03781 0.181179 0.0
1.03694 0.184375 0.0
1.03637 0.187694 0.0
1.03612 0.191091 0.0
1.0362 0.194519 0.0
1.03661 0.19793 0.0
1.03735 0.201275 0.0
1.03843 0.204506 0.0
1.03983 0.207574 0.0
1.04156 0.210429 0.0
1.0436 0.213023 0.0
1.04594 0.215309 0.0
1.04856 0.217242 0.0
1.05145 0.218779 0.0
1.05458 0.219878 0.0
1.05793 0.220502 0.0
1.06148 0.220616 0.0
1.0652 0.220191 0.0
1.06906 0.2192 0.0
1.07302 0.217623 0.0
1.07707 0.215442 0.0
1.08116 0.212648 0.0
1.08526 0.209236 0.0
1.08935 0.205204 0.0
1.09338 0.20056 0.0
1.09734 0.195314 0.0
1.10118 0.189484 0.0
1.10489 0.183092 0.0
1.10842 0.176165 0.0
1.11176 0.168735 0.0
1.11489 0.160839 0.0
1.11777 0.152516 0.0
1.12038 0.143811 0.0
1.12272 0.13477 0.0
1.12475 0.125443 0.0
1.12647 0.115883 0.0
1.12787 0.106142 0.0
1.12892 0.0962758 0.0
1.12963 0.086339 0.0
1.12999 0.0763874 0.0
1.12998 0.0664763 0.0
1.12963 0.0566602 0.0
1.12892 0.0469922 0.0
1.12786 0.0375234 0.0
1.12645 0.0283026 0.0
1.12472 0.0193749 0.0
1.12268 0.0107813 0.0
1.12034 0.00255623 0.0
1.11771 -0.00527406 0.0
1.11483 -0.0126853 0.0
1.1117 -0.0196556 0.0
1.10835 -0.0261667 0.0
1.10482 -0.0322035 0.0
1.10112 -0.0377546 0.0
1.09728 -0.0428118 0.0
1.09333 -0.0473707 0.0
1.08931 -0.05143 0.0
1.08525 -0.054992 0.0
1.08117 -0.0580622 0.0
1.07711 -0.0606494 0.0
1.07311 -0.0627656 0.0
1.06919 -0.0644257 0.0
1.06539 -0.0656477 0.0
1.06174 -0.0664524 0.0
1.05826 -0.0668636 0.0
1.055 -0.0669077 0.0
1.05197 -0.0666144 0.0
1.0492 -0.0660162 0.0
1.04673 -0.0651491 0.0
1.04456 -0.0640529 0.0
1.04272 -0.0627718 0.0
1.04123 -0.0613553 0.0
1.0401 -0.0598606 0.0
1.03936 -0.0583613 0.0
1.03899 -0.0570328 0.0
0.999998 0.00391015 0.0
0.999988 0.0117007 0.0
0.999969 0.019462 0.0
0.999941 0.0271944 0.0
0.999905 0.0348984 0.0
0.999862 0.0425745 0.0
0.999812 0.0502229 0.0
0.999757 0.0578441 0.0
0.999698 0.0654382 0.0
0.999636 0.0730054 0.0
0.999574 0.0805456 0.0
0.999512 0.0880587 0.0
0.999453 0.0955443 0.0
0.999399 0.103002 0.0
0.999352 0.110431 0.0
0.999315 0.11783 0.0
0.999289 0.125197 0.0
0.999279 0.132532 0.0
0.999286 0.139832 0.0
0.999314 0.147095 0.0
0.999365 0.154318 0.0
0.999442 0.161499 0.0
0.99955 0.168633 0.0
0.999691 0.175716 0.0
0.999867 0.182745 0.0
1.00008 0.189714 0.0
1.00034 0.196619 0.0
1.00065 0.203453 0.0
1.001 0.210211 0.0
1.0014 0.216886 0.0
1.00186 0.22347 0.0
1.00237 0.229958 0.0
1.00295 0.23634 0.0
1.00358 0.24261 0.0
1.00427 0.248759 0.0
1.00502 0.25478 0.0
1.00583 0.260663 0.0
1.00671 0.2664 0.0
1.00764 0.271985 0.0
1.00864 0.277407 0.0
1.00969 0.282661 0.0
1.0108 0.287737 0.0
1.01196 0.292631 0.0
1.01317 0.297334 0.0
1.01444 0.301841 0.0
1.01574 0.306147 0.0
1.01709 0.310247 0.0
1.01848 0.314137 0.0
1.0199 0.317814 0.0
1.02135 0.321275 0.0
1.02283 0.324517 0.0
1.02433 0.327541 0.0
1.02586 0.330343 0.0
1.0274 0.332925 0.0
1.02897 0.335286 0.0
1.03054 0.337426 0.0
1.03214 0.339346 0.0
1.03374 0.341046 0.0
1.03536 0.342528 0.0
1.03699 0.343792 0.0
1.03863 0.344839 0.0
1.04028 0.345668 0.0
1.04195 0.346282 0.0
1.04364 0.346679 0.0
1.04534 0.346859 0.0
1.04705 0.346822 0.0
1.04879 0.346566 0.0
1.05054 0.346091 0.0
1.05231 0.345395 0.0
1.0541 0.344476 0.0
1.05591 0.343331 0.0
1.05774 0.341959 0.0
1.05958 0.340356 0.0
1.06144 0.338521 0.0
1.06332 0.336452 0.0
1.0652 0.334145 0.0
1.06708 0.331599 0.0
1.06896 0.328813 0.0
1.07084 0.325787 0.0
1.0727 0.322519 0.0
1.07454 0.319012 0.0
1.07634 0.315268 0.0
1.0781 0.31129 0.0
1.07981 0.307082 0.0
1.08146 0.302653 0.0
1.08303 0.298009 0.0
1.08451 0.293161 0.0
1.08589 0.288122 0.0
1.08715 0.282905 0.0
1.08828 0.277527 0.0
1.08927 0.272006 0.0
1.09011 0.266363 0.0
1.09078 0.260621 0.0
1.09127 0.254804 0.0
1.09157 0.248938 0.0
1.09168 0.243053 0.0
1.09159 0.237178 0.0
1.09129 0.231343 0.0
1.09077 0.225581 0.0
1.09005 0.219924 0.0
1.08911 0.214405 0.0
1.08796 0.209057 0.0
1.08661 0.203911 0.0
1.08506 0.198999 0.0
1.08332 0.194351 0.0
1.08142 0.189996 0.0
1.07935 0.18596 0.0
1.07714 0.182266 0.0
1.0748 0.178937 0.0
1.07237 0.175991 0.0
1.06984 0.173443 0.0
1.06726 0.171304 0.0
1.06464 0.169583 0.0
1.06201 0.168284 0.0
1.05939 0.167408 0.0
1.0568 0.166952 0.0
1.05428 0.166909 0.0
1.05184 0.167267 0.0
1.04952 0.168012 0.0
1.04733 0.169126 0.0
1.04529 0.170587 0.0
1.04343 0.17237 0.0
1.04177 0.174447 0.0
1.04033 0.176785 0.0
1.03912 0.179352 0.0
1.03816 0.18211 0.0
1.03746 0.185021 0.0
1.03704 0.188043 0.0
1.03689 0.191135 0.0
1.03704 0.194252 0.0
1.03747 0.197349 0.0
1.03821 0.200379 0.0
1.03923 0.203298 0.0
1.04055 0.206058 0.0
1.04216 0.208612 0.0
1.04404 0.210917 0.0
1.04619 0.212927 0.0
1.0486 0.214599 0.0
1.05124 0.215893 0.0
1.0541 0.21677 0.0
1.05716 0.217195 0.0
1.0604 0.217136 0.0
1.06379 0.216564 0.0
1.0673 0.215455 0.0
1.07092 0.213788 0.0
1.0746 0.211548 0.0
1.07833 0.208726 0.0
1.08207 0.205315 0.0
1.08579 0.201317 0.0
1.08946 0.196736 0.0
1.09306 0.191583 0.0
1.09656 0.185875 0.0
1.09993 0.179632 0.0
1.10314 0.17288 0.0
1.10617 0.16565 0.0
1.109 0.157976 0.0
1.1116 0.149898 0.0
1.11395 0.141457 0.0
1.11604 0.132698 0.0
1.11785 0.123668 0.0
1.11937 0.114419 0.0
1.12059 0.105 0.0
1.12149 0.0954639 0.0
1.12206 0.0858643 0.0
1.12232 0.076254 0.0
1.12224 0.0666854 0.0
1.12184 0.0572105 0.0
1.12111 0.0478794 0.0
1.12007 0.0387406 0.0
1.11872 0.0298396 0.0
1.11706 0.0212191 0.0
1.11513 0.0129173 0.0
1.11293 0.00496751 0.0
1.11047 -0.00260488 0.0
1.10778 -0.0097782 0.0
1.10488 -0.0165326 0.0
1.10178 -0.0228516 0.0
1.09852 -0.0287219 0.0
1.09512 -0.0341336 0.0
1.09161 -0.0390799 0.0
1.08801 -0.0435575 0.0
1.08435 -0.047566 0.0
1.08067 -0.0511083 0.0
1.07699 -0.0541902 0.0
1.07335 -0.0568207 0.0
1.06977 -0.0590115 0.0
1.06628 -0.060777 0.0
1.06292 -0.0621344 0.0
1.05971 -0.0631037 0.0
1.05668 -0.0637071 0.0
1.05385 -0.0639697 0.0
1.05125 -0.0639193 0.0
1.04889 -0.0635865 0.0
1.04679 -0.0630051 0.0
1.04498 -0.0622126 0.0
1.04345 -0.0612506 0.0
1.04223 -0.0601662 0.0
1.04132 -0.0590135 0.0
1.04072 -0.0578621 0.0
1.04042 -0.0568605 0.0
0.999998 0.00391451 0.0
0.99999 0.0117136 0.0
0.999976 0.0194829 0.0
0.999954 0.0272229 0.0
0.999926 0.0349338 0.0
0.999892 0.0426159 0.0
0.999854 0.0502694 0.0
0.999812 0.0578945 0.0
0.999768 0.0654912 0.0
0.999722 0.0730596 0.0
0.999677 0.0805994 0.0
0.999633 0.0881103 0.0
0.999593 0.0955919 0.0
0.999558 0.103043 0.0
0.99953 0.110464 0.0
0.999511 0.117852 0.0
0.999504 0.125207 0.0
0.999511 0.132526 0.0
0.999534 0.139808 0.0
0.999576 0.14705 0.0
0.99964 0.154249 0.0
0.999727 0.161403 0.0
0.999841 0.168507 0.0
0.999985 0.175558 0.0
1.00016 0.182551 0.0
1.00037 0.189481 0.0
1.00062 0.196345 0.0
1.00091 0.203135 0.0
1.00124 0.209846 0.0
1.00162 0.216471 0.0
1.00204 0.223004 0.0
1.00251 0.229439 0.0
1.00303 0.235766 0.0
1.00361 0.24198 0.0
1.00423 0.248072 0.0
1.00491 0.254035 0.0
1.00565 0.259861 0.0
1.00643 0.265541 0.0
1.00727 0.271069 0.0
1.00817 0.276436 0.0
1.00911 0.281636 0.0
1.0101 0.286661 0.0
1.01114 0.291505 0.0
1.01222 0.296162 0.0
1.01335 0.300625 0.0
1.01451 0.304891 0.0
1.01571 0.308953 0.0
1.01695 0.312809 0.0
1.01822 0.316455 0.0
1.01951 0.319887 0.0
1.02083 0.323105 0.0
1.02217 0.326106 0.0
1.02354 0.328889 0.0
1.02492 0.331453 0.0
1.02632 0.333797 0.0
1.02773 0.335923 0.0
1.02916 0.337829 0.0
1.0306 0.339517 0.0
1.03205 0.340987 0.0
1.03352 0.342238 0.0
1.035 0.343272 0.0
1.03649 0.344089 0.0
1.03799 0.344688 0.0
1.03951 0.34507 0.0
1.04104 0.345235 0.0
1.04259 0.345182 0.0
1.04415 0.344909 0.0
1.04573 0.344416 0.0
1.04733 0.343702 0.0
1.04894 0.342765 0.0
1.05057 0.341603 0.0
1.05222 0.340215 0.0
1.05387 0.338598 0.0
1.05554 0.336751 0.0
1.05722 0.334672 0.0
1.05891 0.332359 0.0
1.0606 0.329813 0.0
1.06228 0.327032 0.0
1.06396 0.324016 0.0
1.06562 0.320767 0.0
1.06726 0.317287 0.0
1.06887 0.313578 0.0
1.07044 0.309644 0.0
1.07197 0.305493 0.0
1.07344 0.30113 0.0
1.07483 0.296564 0.0
1.07615 0.291807 0.0
1.07738 0.28687 0.0
1.07851 0.281767 0.0
1.07953 0.276516 0.0
1.08042 0.271134 0.0
1.08118 0.265641 0.0
1.08179 0.260059 0.0
1.08226 0.254412 0.0
1.08255 0.248726 0.0
1.08268 0.243027 0.0
1.08264 0.237344 0.0
1.08241 0.231705 0.0
1.08201 0.226141 0.0
1.08142 0.220682 0.0
1.08064 0.215359 0.0
1.07969 0.210203 0.0
1.07856 0.205243 0.0
1.07727 0.200509 0.0
1.07582 0.196029 0.0
1.07421 0.191829 0.0
1.07247 0.187933 0.0
1.07061 0.184364 0.0
1.06865 0.181142 0.0
1.06659 0.178283 0.0
1.06446 0.175801 0.0
1.06228 0.173708 0.0
1.06007 0.17201 0.0
1.05785 0.170711 0.0
1.05564 0.169813 0.0
1.05346 0.16931 0.0
1.05134 0.169198 0.0
1.04929 0.169464 0.0
1.04733 0.170095 0.0
1.0455 0.171073 0.0
1.04379 0.172378 0.0
1.04225 0.173986 0.0
1.04087 0.175868 0.0
1.03968 0.177997 0.0
1.03869 0.180338 0.0
1.03792 0.182858 0.0
1.03737 0.185518 0.0
1.03706 0.188281 0.0
1.037 0.191106 0.0
1.03718 0.19395 0.0
1.03762 0.196771 0.0
1.03832 0.199525 0.0
1.03928 0.202169 0.0
1.04049 0.204657 0.0
1.04195 0.206947 0.0
1.04365 0.208995 0.0
1.04559 0.21076 0.0
1.04775 0.212201 0.0
1.05012 0.21328 0.0
1.05268 0.21396 0.0
1.05542 0.214208 0.0
1.05831 0.213993 0.0
1.06134 0.213289 0.0
1.06448 0.212073 0.0
1.06771 0.210326 0.0
1.07101 0.208033 0.0
1.07434 0.205184 0.0
1.07768 0.201776 0.0
1.081 0.197807 0.0
1.08429 0.193284 0.0
1.08751 0.188216 0.0
1.09063 0.182619 0.0
1.09364 0.176513 0.0
1.0965 0.169923 0.0
1.0992 0.162877 0.0
1.10172 0.155409 0.0
1.10403 0.147556 0.0
1.10611 0.139358 0.0
1.10796 0.130858 0.0
1.10956 0.122103 0.0
1.11088 0.113139 0.0
1.11193 0.104015 0.0
1.1127 0.0947827 0.0
1.11317 0.0854918 0.0
1.11335 0.076193 0.0
1.11324 0.0669365 0.0
1.11283 0.0577715 0.0
1.11213 0.0487456 0.0
1.11114 0.0399047 0.0
1.10988 0.0312917 0.0
1.10835 0.0229468 0.0
1.10657 0.0149063 0.0
1.10455 0.00720145 0.0
1.10231 -0.000142444 0.0
1.09987 -0.00710609 0.0
1.09724 -0.0136718 0.0
1.09444 -0.0198248 0.0
1.09151 -0.0255537 0.0
1.08846 -0.03085 0.0
1.08532 -0.0357083 0.0
1.08211 -0.040126 0.0
1.07888 -0.0441036 0.0
1.07563 -0.0476441 0.0
1.07241 -0.0507536 0.0
1.06924 -0.0534406 0.0
1.06614 -0.0557161 0.0
1.06314 -0.0575939 0.0
1.06028 -0.0590899 0.0
1.05756 -0.0602224 0.0
1.05502 -0.0610123 0.0
1.05267 -0.0614826 0.0
1.05052 -0.0616589 0.0
1.0486 -0.0615693 0.0
1.04692 -0.0612452 0.0
1.04549 -0.0607208 0.0
1.0443 -0.0600344 0.0
1.04337 -0.0592293 0.0
1.04268 -0.0583553 0.0
1.04224 -0.0574759 0.0
1.04201 -0.0567178 0.0
0.999999 0.00391788 0.0
0.999993 0.0117235 0.0
0.999982 0.019499 0.0
0.999966 0.0272447 0.0
0.999945 0.0349607 0.0
0.999921 0.0426471 0.0
0.999893 0.050304 0.0
0.999863 0.0579315 0.0
0.999832 0.0655296 0.0
0.999801 0.073098 0.0
0.999771 0.0806365 0.0
0.999744 0.0881445 0.0
0.99972 0.0956216 0.0
0.999702 0.103067 0.0
0.999691 0.110479 0.0
0.999689 0.117857 0.0
0.999698 0.1252 0.0
0.999719 0.132505 0.0
0.999756 0.13977 0.0
0.999809 0.146993 0.0
0.999881 0.15417 0.0
0.999975 0.1613 0.0
1.00009 0.168378 0.0
1.00024 0.175399 0.0
1.00041 0.182361 0.0
1.00061 0.189258 0.0
1.00085 0.196085 0.0
1.00112 0.202836 0.0
1.00142 0.209506 0.0
1.00177 0.216089 0.0
1.00216 0.222577 0.0
1.00258 0.228965 0.0
1.00306 0.235246 0.0
1.00357 0.241411 0.0
1.00413 0.247454 0.0
1.00474 0.253367 0.0
1.00539 0.259143 0.0
1.00609 0.264774 0.0
1.00684 0.270253 0.0
1.00762 0.275572 0.0
1.00846 0.280726 0.0
1.00933 0.285706 0.0
1.01025 0.290507 0.0
1.0112 0.295123 0.0
1.01219 0.299548 0.0
1.01322 0.303778 0.0
1.01427 0.307807 0.0
1.01536 0.311632 0.0
1.01648 0.31525 0.0
1.01762 0.318657 0.0
1.01878 0.321852 0.0
1.01996 0.324832 0.0
1.02117 0.327596 0.0
1.02239 0.330143 0.0
1.02362 0.332473 0.0
1.02487 0.334584 0.0
1.02613 0.336477 0.0
1.02741 0.338152 0.0
1.0287 0.33961 0.0
1.03 0.340849 0.0
1.03131 0.341871 0.0
1.03264 0.342675 0.0
1.03397 0.343261 0.0
1.03532 0.34363 0.0
1.03668 0.343781 0.0
1.03806 0.343712 0.0
1.03945 0.343425 0.0
1.04086 0.342917 0.0
1.04227 0.342187 0.0
1.04371 0.341235 0.0
1.04516 0.340058 0.0
1.04661 0.338656 0.0
1.04809 0.337027 0.0
1.04957 0.33517 0.0
1.05105 0.333084 0.0
1.05255 0.330769 0.0
1.05404 0.328223 0.0
1.05553 0.325447 0.0
1.05701 0.322442 0.0
1.05848 0.31921 0.0
1.05993 0.315754 0.0
1.06135 0.312077 0.0
1.06274 0.308184 0.0
1.06409 0.304082 0.0
1.06538 0.299777 0.0
1.06662 0.29528 0.0
1.06779 0.290602 0.0
1.06888 0.285754 0.0
1.06988 0.280751 0.0
1.07079 0.275609 0.0
1.07159 0.270347 0.0
1.07227 0.264983 0.0
1.07284 0.259539 0.0
1.07327 0.254039 0.0
1.07356 0.248506 0.0
1.07372 0.242966 0.0
1.07372 0.237447 0.0
1.07357 0.231976 0.0
1.07327 0.22658 0.0
1.07281 0.221291 0.0
1.0722 0.216135 0.0
1.07143 0.211143 0.0
1.07052 0.206341 0.0
1.06947 0.201759 0.0
1.06828 0.197421 0.0
1.06697 0.193352 0.0
1.06554 0.189576 0.0
1.06401 0.186112 0.0
1.06239 0.18298 0.0
1.0607 0.180195 0.0
1.05894 0.17777 0.0
1.05715 0.175715 0.0
1.05532 0.174037 0.0
1.05349 0.172738 0.0
1.05167 0.171819 0.0
1.04987 0.171277 0.0
1.04812 0.171105 0.0
1.04643 0.171293 0.0
1.04483 0.171826 0.0
1.04332 0.172688 0.0
1.04193 0.173859 0.0
1.04066 0.175316 0.0
1.03954 0.177033 0.0
1.03859 0.178982 0.0
1.0378 0.18113 0.0
1.03719 0.183445 0.0
1.03678 0.185891 0.0
1.03657 0.18843 0.0
1.03656 0.191025 0.0
1.03677 0.193634 0.0
1.0372 0.196218 0.0
1.03785 0.198733 0.0
1.03871 0.201139 0.0
1.0398 0.203393 0.0
1.04109 0.205453 0.0
1.0426 0.20728 0.0
1.04431 0.208832 0.0
1.0462 0.210072 0.0
1.04828 0.210963 0.0
1.05053 0.21147 0.0
1.05292 0.211563 0.0
1.05545 0.211212 0.0
1.0581 0.210393 0.0
1.06085 0.209082 0.0
1.06367 0.207264 0.0
1.06655 0.204923 0.0
1.06946 0.202052 0.0
1.07238 0.198645 0.0
1.07529 0.194703 0.0
1.07817 0.19023 0.0
1.08098 0.185238 0.0
1.08371 0.17974 0.0
1.08634 0.173756 0.0
1.08885 0.16731 0.0
1.09121 0.160429 0.0
1.09341 0.153145 0.0
1.09542 0.145494 0.0
1.09724 0.137515 0.0
1.09885 0.129248 0.0
1.10023 0.120738 0.0
1.10137 0.11203 0.0
1.10228 0.103172 0.0
1.10292 0.0942111 0.0
1.10332 0.0851963 0.0
1.10345 0.0761758 0.0
1.10332 0.0671975 0.0
1.10293 0.0583082 0.0
1.10229 0.0495534 0.0
1.1014 0.0409762 0.0
1.10026 0.0326177 0.0
1.0989 0.0245156 0.0
1.09731 0.0167042 0.0
1.09552 0.00921334 0.0
1.09354 0.00206743 0.0
1.09138 -0.00471576 0.0
1.08907 -0.011121 0.0
1.08663 -0.0171356 0.0
1.08407 -0.0227497 0.0
1.08142 -0.0279563 0.0
1.07871 -0.0327508 0.0
1.07596 -0.0371314 0.0
1.0732 -0.0410988 0.0
1.07045 -0.044656 0.0
1.06774 -0.0478085 0.0
1.06509 -0.0505641 0.0
1.06253 -0.052933 0.0
1.06007 -0.0549274 0.0
1.05774 -0.0565617 0.0
1.05556 -0.0578526 0.0
1.05354 -0.0588187 0.0
1.0517 -0.0594809 0.0
1.05004 -0.0598626 0.0
1.04859 -0.0599891 0.0
1.04733 -0.0598887 0.0
1.04628 -0.0595923 0.0
1.04544 -0.0591341 0.0
1.0448 -0.0585525 0.0
1.04434 -0.0578913 0.0
1.04405 -0.0572062 0.0
1.0439 -0.0566068 0.0
0.999999 0.00392034 0.0
0.999995 0.0117306 0.0
0.999987 0.0195106 0.0
0.999976 0.0272602 0.0
0.999963 0.0349796 0.0
0.999947 0.0426687 0.0
0.999929 0.0503277 0.0
0.99991 0.0579563 0.0
0.999891 0.0655545 0.0
0.999874 0.073122 0.0
0.999858 0.0806584 0.0
0.999845 0.088163 0.0
0.999836 0.0956353 0.0
0.999833 0.103074 0.0
0.999837 0.110479 0.0
0.99985 0.117848 0.0
0.999872 0.125179 0.0
0.999906 0.13247 0.0
0.999953 0.13972 0.0
1.00002 0.146926 0.0
1.0001 0.154085 0.0
1.00019 0.161193 0.0
1.00031 0.168248 0.0
1.00045 0.175244 0.0
1.00062 0.182179 0.0
1.00081 0.189046 0.0
1.00103 0.195842 0.0
1.00128 0.20256 0.0
1.00156 0.209195 0.0
1.00187 0.215741 0.0
1.00222 0.222191 0.0
1.0026 0.22854 0.0
1.00302 0.23478 0.0
1.00348 0.240904 0.0
1.00397 0.246905 0.0
1.00451 0.252775 0.0
1.00508 0.258509 0.0
1.00569 0.264098 0.0
1.00634 0.269536 0.0
1.00702 0.274815 0.0
1.00775 0.279928 0.0
1.00851 0.28487 0.0
1.0093 0.289635 0.0
1.01012 0.294216 0.0
1.01098 0.298608 0.0
1.01187 0.302806 0.0
1.01278 0.306807 0.0
1.01372 0.310605 0.0
1.01469 0.314198 0.0
1.01567 0.317583 0.0
1.01668 0.320757 0.0
1.01771 0.323718 0.0
1.01875 0.326465 0.0
1.01981 0.328996 0.0
1.02088 0.331311 0.0
1.02197 0.333409 0.0
1.02306 0.33529 0.0
1.02417 0.336953 0.0
1.0253 0.338399 0.0
1.02643 0.339626 0.0
1.02757 0.340637 0.0
1.02873 0.341429 0.0
1.0299 0.342003 0.0
1.03108 0.34236 0.0
1.03227 0.342497 0.0
1.03347 0.342416 0.0
1.03469 0.342115 0.0
1.03592 0.341593 0.0
1.03716 0.340851 0.0
1.03841 0.339885 0.0
1.03967 0.338696 0.0
1.04095 0.337283 0.0
1.04223 0.335645 0.0
1.04353 0.33378 0.0
1.04482 0.331688 0.0
1.04613 0.32937 0.0
1.04743 0.326826 0.0
1.04873 0.324055 0.0
1.05002 0.321061 0.0
1.05129 0.317845 0.0
1.05256 0.31441 0.0
1.05379 0.310761 0.0
1.055 0.306903 0.0
1.05618 0.302843 0.0
1.05731 0.29859 0.0
1.05839 0.294151 0.0
1.05941 0.28954 0.0
1.06037 0.284768 0.0
1.06125 0.279849 0.0
1.06206 0.274801 0.0
1.06277 0.269639 0.0
1.06339 0.264385 0.0
1.06391 0.259058 0.0
1.06432 0.25368 0.0
1.06461 0.248276 0.0
1.06478 0.24287 0.0
1.06484 0.237488 0.0
1.06476 0.232157 0.0
1.06456 0.226904 0.0
1.06423 0.221755 0.0
1.06377 0.21674 0.0
1.06319 0.211884 0.0
1.06249 0.207215 0.0
1.06167 0.202758 0.0
1.06074 0.198539 0.0
1.05971 0.19458 0.0
1.05858 0.190903 0.0
1.05736 0.187528 0.0
1.05608 0.184471 0.0
1.05473 0.181748 0.0
1.05333 0.17937 0.0
1.05189 0.177347 0.0
1.05044 0.175684 0.0
1.04898 0.174386 0.0
1.04752 0.173451 0.0
1.04609 0.172876 0.0
1.04469 0.172654 0.0
1.04334 0.172776 0.0
1.04207 0.173227 0.0
1.04087 0.173993 0.0
1.03976 0.175052 0.0
1.03877 0.176384 0.0
1.03789 0.177962 0.0
1.03714 0.17976 0.0
1.03654 0.181746 0.0
1.03608 0.183889 0.0
1.03579 0.186155 0.0
1.03566 0.188507 0.0
1.0357 0.190909 0.0
1.03592 0.193321 0.0
1.03632 0.195704 0.0
1.0369 0.198019 0.0
1.03766 0.200224 0.0
1.0386 0.20228 0.0
1.03973 0.204147 0.0
1.04102 0.205785 0.0
1.04248 0.207157 0.0
1.04411 0.208226 0.0
1.04588 0.208957 0.0
1.0478 0.209318 0.0
1.04984 0.209278 0.0
1.05199 0.20881 0.0
1.05425 0.207891 0.0
1.05659 0.2065 0.0
1.05899 0.20462 0.0
1.06144 0.202238 0.0
1.06392 0.199345 0.0
1.06641 0.195939 0.0
1.06889 0.192019 0.0
1.07134 0.18759 0.0
1.07374 0.182663 0.0
1.07607 0.177251 0.0
1.07832 0.171372 0.0
1.08045 0.16505 0.0
1.08247 0.158312 0.0
1.08435 0.151189 0.0
1.08607 0.143714 0.0
1.08762 0.135925 0.0
1.08899 0.127861 0.0
1.09017 0.119565 0.0
1.09114 0.111081 0.0
1.09191 0.102454 0.0
1.09246 0.0937299 0.0
1.09279 0.0849554 0.0
1.0929 0.0761769 0.0
1.09278 0.0674401 0.0
1.09244 0.0587898 0.0
1.09189 0.0502693 0.0
1.09112 0.0419197 0.0
1.09015 0.0337798 0.0
1.08899 0.0258857 0.0
1.08764 0.0182695 0.0
1.08612 0.0109597 0.0
1.08444 0.00397943 0.0
1.08262 -0.00265466 0.0
1.08068 -0.00893 0.0
1.07864 -0.0148359 0.0
1.07651 -0.0203639 0.0
1.07432 -0.0255081 0.0
1.0721 -0.0302644 0.0
1.06986 -0.0346313 0.0
1.06763 -0.038609 0.0
1.06544 -0.0422 0.0
1.06329 -0.045409 0.0
1.06122 -0.0482425 0.0
1.05924 -0.0507091 0.0
1.05736 -0.0528195 0.0
1.0556 -0.0545863 0.0
1.05398 -0.0560241 0.0
1.0525 -0.0571497 0.0
1.05118 -0.0579816 0.0
1.05001 -0.0585408 0.0
1.04901 -0.0588501 0.0
1.04817 -0.0589346 0.0
1.0475 -0.0588219 0.0
1.04698 -0.0585417 0.0
1.0466 -0.0581267 0.0
1.04636 -0.0576136 0.0
1.04621 -0.0570483 0.0
1.04612 -0.0565272 0.0
0.999999 0.00392195 0.0
0.999997 0.0117353 0.0
0.999993 0.0195179 0.0
0.999987 0.0272699 0.0
0.999979 0.0349912 0.0
0.999971 0.0426816 0.0
0.999962 0.0503412 0.0
0.999954 0.0579698 0.0
0.999946 0.0655671 0.0
0.999941 0.0731328 0.0
0.999938 0.0806664 0.0
0.999938 0.0881673 0.0
0.999943 0.0956346 0.0
0.999954 0.103067 0.0
0.999971 0.110464 0.0
0.999997 0.117824 0.0
1.00003 0.125145 0.0
1.00008 0.132425 0.0
1.00013 0.139662 0.0
1.0002 0.146853 0.0
1.00029 0.153995 0.0
1.00039 0.161085 0.0
1.0005 0.16812 0.0
1.00064 0.175095 0.0
1.0008 0.182006 0.0
1.00097 0.188849 0.0
1.00118 0.195618 0.0
1.0014 0.202308 0.0
1.00165 0.208914 0.0
1.00193 0.215429 0.0
1.00224 0.221848 0.0
1.00258 0.228164 0.0
1.00294 0.23437 0.0
1.00334 0.24046 0.0
1.00377 0.246426 0.0
1.00422 0.252262 0.0
1.00472 0.25796 0.0
1.00524 0.263514 0.0
1.00579 0.268917 0.0
1.00637 0.274163 0.0
1.00699 0.279243 0.0
1.00763 0.284154 0.0
1.0083 0.288887 0.0
1.009 0.293439 0.0
1.00973 0.297803 0.0
1.01048 0.301975 0.0
1.01125 0.305951 0.0
1.01204 0.309726 0.0
1.01286 0.313298 0.0
1.01369 0.316663 0.0
1.01454 0.319819 0.0
1.01541 0.322763 0.0
1.01629 0.325495 0.0
1.01719 0.328012 0.0
1.0181 0.330314 0.0
1.01902 0.332399 0.0
1.01995 0.334268 0.0
1.0209 0.33592 0.0
1.02185 0.337355 0.0
1.02282 0.338572 0.0
1.02379 0.339571 0.0
1.02478 0.340352 0.0
1.02578 0.340916 0.0
1.02679 0.341261 0.0
1.0278 0.341387 0.0
1.02883 0.341294 0.0
1.02987 0.340981 0.0
1.03092 0.340448 0.0
1.03198 0.339694 0.0
1.03306 0.338717 0.0
1.03414 0.337518 0.0
1.03523 0.336096 0.0
1.03633 0.334449 0.0
1.03743 0.332578 0.0
1.03854 0.330483 0.0
1.03965 0.328163 0.0
1.04076 0.32562 0.0
1.04187 0.322854 0.0
1.04298 0.319869 0.0
1.04407 0.316666 0.0
1.04515 0.313249 0.0
1.0462 0.309624 0.0
1.04724 0.305796 0.0
1.04825 0.301771 0.0
1.04922 0.29756 0.0
1.05015 0.29317 0.0
1.05103 0.288614 0.0
1.05186 0.283905 0.0
1.05263 0.279056 0.0
1.05334 0.274084 0.0
1.05397 0.269006 0.0
1.05453 0.263841 0.0
1.05501 0.258609 0.0
1.05539 0.253333 0.0
1.05569 0.248034 0.0
1.05589 0.242737 0.0
1.05599 0.237468 0.0
1.05599 0.23225 0.0
1.05589 0.227112 0.0
1.05569 0.222079 0.0
1.05539 0.217177 0.0
1.05498 0.212432 0.0
1.05448 0.207871 0.0
1.05389 0.203517 0.0
1.0532 0.199394 0.0
1.05244 0.195524 0.0
1.0516 0.191928 0.0
1.05069 0.188625 0.0
1.04972 0.185629 0.0
1.04871 0.182956 0.0
1.04765 0.180617 0.0
1.04656 0.17862 0.0
1.04546 0.176971 0.0
1.04435 0.175673 0.0
1.04324 0.174725 0.0
1.04216 0.174123 0.0
1.0411 0.173862 0.0
1.04008 0.173931 0.0
1.03911 0.174317 0.0
1.03821 0.175005 0.0
1.03738 0.175974 0.0
1.03663 0.177204 0.0
1.03598 0.178671 0.0
1.03543 0.180347 0.0
1.03499 0.182202 0.0
1.03467 0.184207 0.0
1.03448 0.186326 0.0
1.03442 0.188527 0.0
1.0345 0.190771 0.0
1.03471 0.193023 0.0
1.03507 0.195244 0.0
1.03558 0.197394 0.0
1.03623 0.199436 0.0
1.03702 0.20133 0.0
1.03796 0.203038 0.0
1.03904 0.204522 0.0
1.04025 0.205745 0.0
1.04159 0.206673 0.0
1.04305 0.207273 0.0
1.04463 0.207512 0.0
1.04631 0.207362 0.0
1.04808 0.206798 0.0
1.04993 0.205796 0.0
1.05186 0.204336 0.0
1.05383 0.202404 0.0
1.05585 0.199986 0.0
1.05789 0.197076 0.0
1.05994 0.193669 0.0
1.06198 0.189766 0.0
1.064 0.185373 0.0
1.06599 0.180498 0.0
1.06791 0.175156 0.0
1.06977 0.169365 0.0
1.07154 0.163148 0.0
1.07321 0.156529 0.0
1.07477 0.149539 0.0
1.0762 0.142212 0.0
1.07749 0.134582 0.0
1.07864 0.126689 0.0
1.07962 0.118573 0.0
1.08044 0.110277 0.0
1.08109 0.101844 0.0
1.08156 0.0933183 0.0
1.08186 0.0847454 0.0
1.08196 0.0761696 0.0
1.08189 0.0676348 0.0
1.08164 0.059184 0.0
1.08121 0.0508583 0.0
1.08061 0.0426973 0.0
1.07985 0.0347378 0.0
1.07893 0.027014 0.0
1.07786 0.0195566 0.0
1.07666 0.0123921 0.0
1.07534 0.0055426 0.0
1.07392 -0.00097642 0.0
1.07241 -0.00715483 0.0
1.07082 -0.0129837 0.0
1.06919 -0.0184558 0.0
1.06753 -0.0235654 0.0
1.06585 -0.0283086 0.0
1.06418 -0.0326832 0.0
1.06254 -0.0366887 0.0
1.06095 -0.0403265 0.0
1.05941 -0.0435998 0.0
1.05794 -0.0465137 0.0
1.05656 -0.049075 0.0
1.05528 -0.0512928 0.0
1.0541 -0.0531778 0.0
1.05303 -0.0547428 0.0
1.05208 -0.0560027 0.0
1.05125 -0.0569742 0.0
1.05055 -0.0576761 0.0
1.04996 -0.0581289 0.0
1.0495 -0.0583551 0.0
1.04915 -0.0583788 0.0
1.04892 -0.0582255 0.0
1.04877 -0.0579223 0.0
1.0487 -0.0574978 0.0
1.04866 -0.0569873 0.0
1.04864 -0.0564767 0.0
1 0.00392277 0.0
0.999999 0.0117375 0.0
0.999998 0.0195214 0.0
0.999996 0.0272742 0.0
0.999995 0.0349959 0.0
0.999993 0.0426863 0.0
0.999993 0.0503454 0.0
0.999995 0.0579728 0.0
0.999998 0.0655683 0.0
1 0.0731314 0.0
1.00001 0.0806617 0.0
1.00003 0.0881584 0.0
1.00004 0.0956207 0.0
1.00007 0.103048 0.0
1.0001 0.110438 0.0
1.00013 0.117789 0.0
1.00018 0.125101 0.0
1.00023 0.132371 0.0
1.00029 0.139596 0.0
1.00037 0.146774 0.0
1.00046 0.153903 0.0
1.00056 0.160978 0.0
1.00067 0.167996 0.0
1.0008 0.174953 0.0
1.00095 0.181845 0.0
1.00111 0.188668 0.0
1.00129 0.195415 0.0
1.00149 0.202083 0.0
1.00172 0.208665 0.0
1.00196 0.215156 0.0
1.00222 0.221549 0.0
1.00251 0.227839 0.0
1.00282 0.234018 0.0
1.00316 0.24008 0.0
1.00352 0.246018 0.0
1.0039 0.251826 0.0
1.00431 0.257497 0.0
1.00474 0.263023 0.0
1.0052 0.268398 0.0
1.00568 0.273616 0.0
1.00619 0.27867 0.0
1.00672 0.283555 0.0
1.00727 0.288264 0.0
1.00784 0.292791 0.0
1.00843 0.297133 0.0
1.00905 0.301283 0.0
1.00968 0.305238 0.0
1.01033 0.308995 0.0
1.01099 0.312548 0.0
1.01168 0.315897 0.0
1.01237 0.319037 0.0
1.01308 0.321967 0.0
1.01381 0.324685 0.0
1.01454 0.32719 0.0
1.01529 0.329479 0.0
1.01604 0.331554 0.0
1.01681 0.333412 0.0
1.01759 0.335054 0.0
1.01838 0.336478 0.0
1.01918 0.337685 0.0
1.01998 0.338675 0.0
1.0208 0.339446 0.0
1.02162 0.34 0.0
1.02246 0.340335 0.0
1.0233 0.340451 0.0
1.02416 0.340348 0.0
1.02502 0.340025 0.0
1.02589 0.339482 0.0
1.02677 0.338718 0.0
1.02766 0.337732 0.0
1.02856 0.336524 0.0
1.02947 0.335094 0.0
1.03038 0.33344 0.0
1.0313 0.331564 0.0
1.03222 0.329465 0.0
1.03314 0.327144 0.0
1.03407 0.324602 0.0
1.03499 0.321841 0.0
1.03591 0.318862 0.0
1.03682 0.31567 0.0
1.03772 0.312268 0.0
1.0386 0.308662 0.0
1.03947 0.304857 0.0
1.04031 0.300861 0.0
1.04113 0.296683 0.0
1.04191 0.292332 0.0
1.04266 0.28782 0.0
1.04337 0.28316 0.0
1.04403 0.278366 0.0
1.04465 0.273454 0.0
1.04521 0.268442 0.0
1.04571 0.263347 0.0
1.04615 0.25819 0.0
1.04652 0.252992 0.0
1.04682 0.247776 0.0
1.04705 0.242565 0.0
1.04721 0.237383 0.0
1.04728 0.232255 0.0
1.04729 0.227207 0.0
1.04721 0.222263 0.0
1.04706 0.21745 0.0
1.04683 0.212792 0.0
1.04653 0.208315 0.0
1.04615 0.204041 0.0
1.04571 0.199993 0.0
1.04521 0.196193 0.0
1.04465 0.19266 0.0
1.04404 0.189413 0.0
1.04338 0.186465 0.0
1.04269 0.183832 0.0
1.04196 0.181523 0.0
1.04121 0.179548 0.0
1.04045 0.17791 0.0
1.03968 0.176613 0.0
1.03891 0.175656 0.0
1.03816 0.175035 0.0
1.03742 0.174745 0.0
1.03672 0.174774 0.0
1.03605 0.17511 0.0
1.03543 0.175739 0.0
1.03486 0.17664 0.0
1.03435 0.177793 0.0
1.03391 0.179174 0.0
1.03355 0.180756 0.0
1.03326 0.182511 0.0
1.03307 0.184409 0.0
1.03297 0.186416 0.0
1.03297 0.1885 0.0
1.03307 0.190623 0.0
1.03327 0.192751 0.0
1.03358 0.194845 0.0
1.034 0.196868 0.0
1.03453 0.198783 0.0
1.03517 0.20055 0.0
1.03592 0.202134 0.0
1.03677 0.203497 0.0
1.03772 0.204604 0.0
1.03877 0.205421 0.0
1.03992 0.205917 0.0
1.04115 0.206059 0.0
1.04247 0.205822 0.0
1.04385 0.20518 0.0
1.0453 0.204111 0.0
1.0468 0.202596 0.0
1.04835 0.20062 0.0
1.04993 0.198173 0.0
1.05153 0.195246 0.0
1.05314 0.191837 0.0
1.05475 0.187946 0.0
1.05634 0.183579 0.0
1.05791 0.178745 0.0
1.05943 0.173457 0.0
1.06091 0.167735 0.0
1.06232 0.161598 0.0
1.06365 0.155073 0.0
1.0649 0.148189 0.0
1.06605 0.140978 0.0
1.0671 0.133474 0.0
1.06804 0.125716 0.0
1.06886 0.117743 0.0
1.06955 0.109596 0.0
1.07011 0.101317 0.0
1.07053 0.092949 0.0
1.07082 0.0845357 0.0
1.07097 0.0761201 0.0
1.07098 0.0677444 0.0
1.07086 0.05945 0.0
1.0706 0.0512767 0.0
1.07022 0.0432621 0.0
1.06971 0.0354416 0.0
1.0691 0.0278478 0.0
1.06838 0.0205097 0.0
1.06756 0.0134526 0.0
1.06666 0.00669698 0.0
1.0657 0.000257371 0.0
1.06468 -0.00585797 0.0
1.06362 -0.0116414 0.0
1.06255 -0.0170859 0.0
1.06146 -0.0221857 0.0
1.06038 -0.026936 0.0
1.05933 -0.0313336 0.0
1.05831 -0.0353767 0.0
1.05733 -0.0390653 0.0
1.05641 -0.042401 0.0
1.05555 -0.0453875 0.0
1.05476 -0.04803 0.0
1.05404 -0.0503359 0.0
1.0534 -0.0523147 0.0
1.05284 -0.0539778 0.0
1.05236 -0.0553386 0.0
1.05196 -0.0564123 0.0
1.05165 -0.0572162 0.0
1.05141 -0.0577691 0.0
1.05125 -0.0580913 0.0
1.05116 -0.0582042 0.0
1.05113 -0.0581294 0.0
1.05114 -0.0578888 0.0
1.05119 -0.0575035 0.0
1.05124 -0.0569982 0.0
1.05125 -0.0564511 0.0
1 0.00392283 0.0
1 0.0117375 0.0
1 0.0195211 0.0
1.00001 0.0272734 0.0
1.00001 0.0349942 0.0
1.00001 0.0426834 0.0
1.00002 0.0503407 0.0
1.00003 0.057966 0.0
1.00005 0.0655588 0.0
1.00006 0.0731187 0.0
1.00008 0.0806452 0.0
1.00011 0.0881376 0.0
1.00014 0.0955948 0.0
1.00017 0.103016 0.0
1.00021 0.1104 0.0
1.00026 0.117744 0.0
1.00031 0.125048 0.0
1.00037 0.132309 0.0
1.00044 0.139525 0.0
1.00052 0.146692 0.0
1.00061 0.153809 0.0
1.00071 0.160872 0.0
1.00082 0.167877 0.0
1.00094 0.17482 0.0
1.00107 0.181698 0.0
1.00122 0.188504 0.0
1.00138 0.195235 0.0
1.00156 0.201886 0.0
1.00175 0.20845 0.0
1.00196 0.214922 0.0
1.00218 0.221296 0.0
1.00242 0.227565 0.0
1.00267 0.233724 0.0
1.00295 0.239765 0.0
1.00324 0.245682 0.0
1.00355 0.251469 0.0
1.00388 0.257118 0.0
1.00422 0.262623 0.0
1.00458 0.267978 0.0
1.00496 0.273175 0.0
1.00536 0.278209 0.0
1.00578 0.283073 0.0
1.00621 0.287763 0.0
1.00665 0.292272 0.0
1.00712 0.296596 0.0
1.0076 0.300729 0.0
1.00809 0.304668 0.0
1.00859 0.308409 0.0
1.00911 0.311949 0.0
1.00964 0.315283 0.0
1.01019 0.318411 0.0
1.01074 0.321329 0.0
1.01131 0.324035 0.0
1.01188 0.326529 0.0
1.01247 0.328808 0.0
1.01306 0.330873 0.0
1.01366 0.332722 0.0
1.01428 0.334354 0.0
1.0149 0.335769 0.0
1.01553 0.336967 0.0
1.01616 0.337948 0.0
1.01681 0.338711 0.0
1.01746 0.339255 0.0
1.01813 0.339582 0.0
1.0188 0.339689 0.0
1.01948 0.339577 0.0
1.02016 0.339245 0.0
1.02086 0.338694 0.0
1.02156 0.337921 0.0
1.02227 0.336928 0.0
1.02299 0.335713 0.0
1.02371 0.334276 0.0
1.02444 0.332617 0.0
1.02517 0.330736 0.0
1.02591 0.328634 0.0
1.02665 0.326312 0.0
1.02739 0.32377 0.0
1.02813 0.321011 0.0
1.02887 0.318038 0.0
1.0296 0.314853 0.0
1.03032 0.311462 0.0
1.03104 0.307869 0.0
1.03174 0.304081 0.0
1.03243 0.300106 0.0
1.0331 0.295952 0.0
1.03375 0.291629 0.0
1.03437 0.28715 0.0
1.03496 0.282526 0.0
1.03553 0.277772 0.0
1.03606 0.272904 0.0
1.03655 0.26794 0.0
1.037 0.262896 0.0
1.03741 0.257794 0.0
1.03777 0.252654 0.0
1.03809 0.247498 0.0
1.03835 0.242349 0.0
1.03856 0.237231 0.0
1.03872 0.232168 0.0
1.03883 0.227185 0.0
1.03888 0.222307 0.0
1.03888 0.217559 0.0
1.03883 0.212965 0.0
1.03873 0.208548 0.0
1.03858 0.204333 0.0
1.03838 0.20034 0.0
1.03813 0.196592 0.0
1.03785 0.193105 0.0
1.03753 0.189899 0.0
1.03718 0.186988 0.0
1.0368 0.184384 0.0
1.0364 0.182099 0.0
1.03598 0.18014 0.0
1.03554 0.178512 0.0
1.03511 0.177218 0.0
1.03467 0.176256 0.0
1.03423 0.175624 0.0
1.03381 0.175314 0.0
1.0334 0.175317 0.0
1.03302 0.17562 0.0
1.03266 0.176208 0.0
1.03234 0.177062 0.0
1.03206 0.178162 0.0
1.03182 0.179483 0.0
1.03163 0.181001 0.0
1.03149 0.182686 0.0
1.03141 0.184508 0.0
1.03139 0.186437 0.0
1.03143 0.188437 0.0
1.03154 0.190475 0.0
1.03173 0.192514 0.0
1.03198 0.194517 0.0
1.03231 0.196449 0.0
1.03271 0.198272 0.0
1.03318 0.199948 0.0
1.03373 0.201441 0.0
1.03435 0.202716 0.0
1.03505 0.203738 0.0
1.03581 0.204473 0.0
1.03664 0.204891 0.0
1.03753 0.204962 0.0
1.03848 0.204658 0.0
1.03948 0.203957 0.0
1.04052 0.202836 0.0
1.04161 0.201278 0.0
1.04274 0.199268 0.0
1.04389 0.196796 0.0
1.04505 0.193854 0.0
1.04623 0.19044 0.0
1.04742 0.186554 0.0
1.04859 0.182202 0.0
1.04975 0.177394 0.0
1.05089 0.172143 0.0
1.052 0.166467 0.0
1.05307 0.160387 0.0
1.05409 0.153928 0.0
1.05506 0.147118 0.0
1.05597 0.13999 0.0
1.0568 0.132576 0.0
1.05757 0.124915 0.0
1.05825 0.117044 0.0
1.05885 0.109003 0.0
1.05937 0.100835 0.0
1.0598 0.0925798 0.0
1.06013 0.0842807 0.0
1.06038 0.0759792 0.0
1.06053 0.0677166 0.0
1.0606 0.0595328 0.0
1.06059 0.0514663 0.0
1.06049 0.0435536 0.0
1.06031 0.0358288 0.0
1.06007 0.0283231 0.0
1.05976 0.0210645 0.0
1.05939 0.0140768 0.0
1.05898 0.00737936 0.0
1.05854 0.000985815 0.0
1.05807 -0.00509655 0.0
1.05758 -0.0108604 0.0
1.05709 -0.0162983 0.0
1.05661 -0.0214036 0.0
1.05614 -0.0261705 0.0
1.05569 -0.0305944 0.0
1.05526 -0.0346723 0.0
1.05487 -0.0384028 0.0
1.05452 -0.0417864 0.0
1.0542 -0.0448254 0.0
1.05393 -0.0475242 0.0
1.05369 -0.049889 0.0
1.0535 -0.0519285 0.0
1.05335 -0.0536532 0.0
1.05324 -0.0550755 0.0
1.05317 -0.0562101 0.0
1.05314 -0.0570732 0.0
1.05315 -0.0576825 0.0
1.05319 -0.0580567 0.0
1.05326 -0.0582153 0.0
1.05335 -0.0581771 0.0
1.05345 -0.0579598 0.0
1.05355 -0.0575783 0.0
1.05363 -0.0570489 0.0
1.05366 -0.0564447 0.0
1 0.00392216 0.0
1 0.0117354 0.0
1.00001 0.0195174 0.0
1.00001 0.0272678 0.0
1.00002 0.0349865 0.0
1.00003 0.0426732 0.0
1.00005 0.0503278 0.0
1.00007 0.05795 0.0
1.00009 0.0655394 0.0
1.00012 0.0730956 0.0
1.00015 0.080618 0.0
1.00018 0.0881058 0.0
1.00022 0.0955581 0.0
1.00027 0.102974 0.0
1.00032 0.110352 0.0
1.00037 0.11769 0.0
1.00043 0.124987 0.0
1.0005 0.132241 0.0
1.00057 0.139449 0.0
1.00066 0.146608 0.0
1.00074 0.153716 0.0
1.00084 0.16077 0.0
1.00094 0.167765 0.0
1.00106 0.174698 0.0
1.00118 0.181564 0.0
1.00131 0.18836 0.0
1.00145 0.195079 0.0
1.0016 0.201717 0.0
1.00176 0.208268 0.0
1.00193 0.214727 0.0
1.00211 0.221087 0.0
1.0023 0.227343 0.0
1.0025 0.233487 0.0
1.00272 0.239514 0.0
1.00294 0.245417 0.0
1.00318 0.251189 0.0
1.00343 0.256823 0.0
1.00369 0.262314 0.0
1.00396 0.267653 0.0
1.00424 0.272836 0.0
1.00453 0.277856 0.0
1.00484 0.282707 0.0
1.00516 0.287382 0.0
1.00548 0.291878 0.0
1.00582 0.296189 0.0
1.00617 0.30031 0.0
1.00653 0.304237 0.0
1.00689 0.307967 0.0
1.00727 0.311495 0.0
1.00766 0.314819 0.0
1.00805 0.317936 0.0
1.00846 0.320844 0.0
1.00887 0.323542 0.0
1.00929 0.326026 0.0
1.00972 0.328297 0.0
1.01016 0.330353 0.0
1.0106 0.332193 0.0
1.01105 0.333818 0.0
1.01151 0.335225 0.0
1.01198 0.336415 0.0
1.01245 0.337388 0.0
1.01294 0.338143 0.0
1.01343 0.33868 0.0
1.01392 0.338998 0.0
1.01443 0.339098 0.0
1.01494 0.338978 0.0
1.01545 0.338639 0.0
1.01598 0.33808 0.0
1.01651 0.337301 0.0
1.01705 0.336301 0.0
1.01759 0.335079 0.0
1.01814 0.333637 0.0
1.01869 0.331973 0.0
1.01925 0.330088 0.0
1.01981 0.327983 0.0
1.02038 0.325658 0.0
1.02094 0.323116 0.0
1.02151 0.320358 0.0
1.02208 0.317387 0.0
1.02264 0.314206 0.0
1.02321 0.310821 0.0
1.02377 0.307236 0.0
1.02432 0.303459 0.0
1.02486 0.299496 0.0
1.0254 0.295357 0.0
1.02592 0.291052 0.0
1.02643 0.286593 0.0
1.02693 0.281992 0.0
1.02741 0.277264 0.0
1.02787 0.272424 0.0
1.02831 0.267489 0.0
1.02872 0.262478 0.0
1.02912 0.257411 0.0
1.02948 0.252307 0.0
1.02982 0.24719 0.0
1.03013 0.242081 0.0
1.03042 0.237004 0.0
1.03067 0.231983 0.0
1.03089 0.227043 0.0
1.03108 0.222207 0.0
1.03124 0.2175 0.0
1.03137 0.212947 0.0
1.03146 0.208571 0.0
1.03153 0.204394 0.0
1.03157 0.200438 0.0
1.03159 0.196724 0.0
1.03157 0.193269 0.0
1.03154 0.190091 0.0
1.03148 0.187205 0.0
1.0314 0.184624 0.0
1.03131 0.182356 0.0
1.0312 0.180411 0.0
1.03108 0.178793 0.0
1.03096 0.177503 0.0
1.03082 0.176543 0.0
1.03069 0.175907 0.0
1.03056 0.175588 0.0
1.03043 0.175579 0.0
1.0303 0.175865 0.0
1.03019 0.176431 0.0
1.03009 0.17726 0.0
1.03001 0.17833 0.0
1.02995 0.179618 0.0
1.02991 0.181098 0.0
1.02989 0.182742 0.0
1.02991 0.18452 0.0
1.02995 0.186401 0.0
1.03003 0.188351 0.0
1.03014 0.190337 0.0
1.03029 0.192321 0.0
1.03047 0.194269 0.0
1.0307 0.196144 0.0
1.03097 0.197908 0.0
1.03128 0.199526 0.0
1.03163 0.200961 0.0
1.03202 0.202179 0.0
1.03246 0.203144 0.0
1.03294 0.203825 0.0
1.03346 0.20419 0.0
1.03402 0.204212 0.0
1.03462 0.203862 0.0
1.03525 0.203119 0.0
1.03592 0.20196 0.0
1.03662 0.200369 0.0
1.03734 0.198331 0.0
1.03809 0.195837 0.0
1.03885 0.192879 0.0
1.03964 0.189454 0.0
1.04043 0.185565 0.0
1.04123 0.181216 0.0
1.04203 0.176418 0.0
1.04282 0.171183 0.0
1.04361 0.165529 0.0
1.04439 0.159478 0.0
1.04515 0.153053 0.0
1.0459 0.146284 0.0
1.04661 0.139202 0.0
1.0473 0.131839 0.0
1.04795 0.124233 0.0
1.04857 0.116421 0.0
1.04916 0.108442 0.0
1.0497 0.100338 0.0
1.0502 0.0921485 0.0
1.05066 0.083916 0.0
1.05108 0.0756813 0.0
1.05145 0.0674846 0.0
1.05178 0.0593652 0.0
1.05207 0.0513608 0.0
1.05232 0.043507 0.0
1.05254 0.0358371 0.0
1.05271 0.0283816 0.0
1.05286 0.0211675 0.0
1.05298 0.0142178 0.0
1.05308 0.0075508 0.0
1.05316 0.0011796 0.0
1.05323 -0.0048882 0.0
1.05329 -0.010645 0.0
1.05335 -0.0160826 0.0
1.05341 -0.0211935 0.0
1.05347 -0.025971 0.0
1.05354 -0.0304096 0.0
1.05361 -0.0345055 0.0
1.05368 -0.0382564 0.0
1.05377 -0.0416621 0.0
1.05386 -0.0447245 0.0
1.05396 -0.0474473 0.0
1.05406 -0.0498364 0.0
1.05417 -0.0519001 0.0
1.05429 -0.0536484 0.0
1.05441 -0.0550937 0.0
1.05454 -0.0562501 0.0
1.05467 -0.0571334 0.0
1.0548 -0.0577607 0.0
1.05493 -0.0581501 0.0
1.05506 -0.0583196 0.0
1.05519 -0.0582865 0.0
1.0553 -0.058066 0.0
1.0554 -0.0576691 0.0
1.05547 -0.057107 0.0
1.0555 -0.0564513 0.0
1 0.00392089 0.0
1 0.0117315 0.0
1.00001 0.0195107 0.0
1.00002 0.0272581 0.0
1.00003 0.0349736 0.0
1.00005 0.042657 0.0
1.00007 0.050308 0.0
1.0001 0.0579264 0.0
1.00013 0.0655118 0.0
1.00016 0.0730639 0.0
1.0002 0.0805818 0.0
1.00024 0.088065 0.0
1.00029 0.0955126 0.0
1.00034 0.102923 0.0
1.00039 0.110296 0.0
1.00045 0.117629 0.0
1.00052 0.12492 0.0
1.00059 0.132168 0.0
1.00067 0.13937 0.0
1.00075 0.146523 0.0
1.00084 0.153625 0.0
1.00093 0.160672 0.0
1.00103 0.16766 0.0
1.00114 0.174586 0.0
1.00125 0.181445 0.0
1.00136 0.188233 0.0
1.00148 0.194944 0.0
1.00161 0.201574 0.0
1.00174 0.208118 0.0
1.00188 0.214568 0.0
1.00203 0.22092 0.0
1.00218 0.227167 0.0
1.00234 0.233303 0.0
1.0025 0.239321 0.0
1.00267 0.245215 0.0
1.00285 0.250978 0.0
1.00303 0.256604 0.0
1.00322 0.262085 0.0
1.00341 0.267416 0.0
1.00362 0.27259 0.0
1.00382 0.277601 0.0
1.00404 0.282442 0.0
1.00426 0.28711 0.0
1.00449 0.291597 0.0
1.00472 0.295899 0.0
1.00496 0.300012 0.0
1.00521 0.303931 0.0
1.00546 0.307652 0.0
1.00572 0.311172 0.0
1.00599 0.314488 0.0
1.00626 0.317598 0.0
1.00654 0.320498 0.0
1.00683 0.323188 0.0
1.00712 0.325665 0.0
1.00742 0.327929 0.0
1.00773 0.329978 0.0
1.00804 0.331811 0.0
1.00836 0.333428 0.0
1.00869 0.334828 0.0
1.00903 0.336011 0.0
1.00937 0.336977 0.0
1.00971 0.337725 0.0
1.01007 0.338255 0.0
1.01043 0.338566 0.0
1.01079 0.338659 0.0
1.01117 0.338533 0.0
1.01155 0.338188 0.0
1.01193 0.337622 0.0
1.01232 0.336837 0.0
1.01272 0.335831 0.0
1.01312 0.334604 0.0
1.01353 0.333156 0.0
1.01395 0.331487 0.0
1.01436 0.329598 0.0
1.01479 0.327489 0.0
1.01521 0.325161 0.0
1.01564 0.322616 0.0
1.01608 0.319856 0.0
1.01652 0.316884 0.0
1.01695 0.313704 0.0
1.01739 0.31032 0.0
1.01784 0.306737 0.0
1.01828 0.302963 0.0
1.01872 0.299005 0.0
1.01916 0.294872 0.0
1.0196 0.290575 0.0
1.02003 0.286124 0.0
1.02047 0.281533 0.0
1.02089 0.276816 0.0
1.02132 0.271989 0.0
1.02173 0.267068 0.0
1.02214 0.262073 0.0
1.02254 0.257022 0.0
1.02294 0.251936 0.0
1.02332 0.246838 0.0
1.02369 0.241749 0.0
1.02405 0.236693 0.0
1.0244 0.231693 0.0
1.02474 0.226775 0.0
1.02506 0.221961 0.0
1.02537 0.217278 0.0
1.02567 0.212747 0.0
1.02595 0.208393 0.0
1.02621 0.204239 0.0
1.02646 0.200305 0.0
1.0267 0.196611 0.0
1.02691 0.193177 0.0
1.02712 0.190018 0.0
1.0273 0.187149 0.0
1.02747 0.184584 0.0
1.02763 0.182331 0.0
1.02778 0.180399 0.0
1.02791 0.178792 0.0
1.02803 0.177512 0.0
1.02813 0.176559 0.0
1.02823 0.175928 0.0
1.02832 0.175613 0.0
1.0284 0.175604 0.0
1.02847 0.175889 0.0
1.02854 0.176451 0.0
1.0286 0.177274 0.0
1.02866 0.178336 0.0
1.02873 0.179613 0.0
1.02879 0.18108 0.0
1.02885 0.182709 0.0
1.02893 0.18447 0.0
1.029 0.186331 0.0
1.02909 0.18826 0.0
1.02918 0.190222 0.0
1.02929 0.192182 0.0
1.02941 0.194103 0.0
1.02954 0.19595 0.0
1.02969 0.197685 0.0
1.02985 0.199273 0.0
1.03004 0.200677 0.0
1.03024 0.201863 0.0
1.03047 0.202796 0.0
1.03072 0.203445 0.0
1.03099 0.203779 0.0
1.03128 0.203769 0.0
1.0316 0.203389 0.0
1.03194 0.202616 0.0
1.03231 0.201429 0.0
1.0327 0.199812 0.0
1.03312 0.19775 0.0
1.03356 0.195232 0.0
1.03402 0.192254 0.0
1.0345 0.188812 0.0
1.03501 0.184908 0.0
1.03554 0.180547 0.0
1.03609 0.175739 0.0
1.03665 0.170498 0.0
1.03723 0.164842 0.0
1.03783 0.158791 0.0
1.03844 0.15237 0.0
1.03906 0.145607 0.0
1.03969 0.138534 0.0
1.04032 0.131184 0.0
1.04096 0.123592 0.0
1.04161 0.115797 0.0
1.04225 0.107838 0.0
1.0429 0.0997552 0.0
1.04354 0.0915893 0.0
1.04417 0.0833815 0.0
1.0448 0.0751724 0.0
1.04541 0.0670022 0.0
1.04602 0.0589097 0.0
1.04662 0.0509321 0.0
1.0472 0.043105 0.0
1.04776 0.0354611 0.0
1.04831 0.0280306 0.0
1.04884 0.02084 0.0
1.04935 0.0139118 0.0
1.04985 0.00726394 0.0
1.05032 0.000908846 0.0
1.05078 -0.00514529 0.0
1.05122 -0.0108906 0.0
1.05165 -0.0163186 0.0
1.05205 -0.0214213 0.0
1.05244 -0.0261917 0.0
1.05281 -0.030624 0.0
1.05316 -0.0347142 0.0
1.0535 -0.0384597 0.0
1.05381 -0.0418602 0.0
1.05411 -0.0449174 0.0
1.0544 -0.0476348 0.0
1.05466 -0.0500185 0.0
1.05491 -0.0520765 0.0
1.05514 -0.0538188 0.0
1.05535 -0.0552577 0.0
1.05554 -0.0564071 0.0
1.05572 -0.0572828 0.0
1.05588 -0.0579017 0.0
1.05602 -0.0582815 0.0
1.05614 -0.05844 0.0
1.05624 -0.0583938 0.0
1.05633 -0.0581571 0.0
1.05639 -0.0577399 0.0
1.05644 -0.0571517 0.0
1.05647 -0.056465 0.0
SCALARS vorticity double
LOOKUP_TABLE default
-0.1096 -0.220871 -0.224305 -0.227915 -0.231693 -0.235631 -0.23972 -0.243946 -0.248297 -0.252759 -0.257314 -0.261946 -0.266634 -0.271358 -0.276097 -0.280826 -0.285523 -0.29016 -0.294713 -0.299155 -0.303458 -0.307596 -0.311539 -0.315263 -0.318738 -0.32194 -0.324844 -0.327425 -0.329662 -0.331534 -0.333024 -0.334117 -0.3348 -0.335063 -0.334901 -0.334311 -0.333293 -0.331854 -0.33 -0.327744 -0.325103 -0.322095 -0.318743 -0.315074 -0.311116 -0.306901 -0.302462 -0.297835 -0.293056 -0.288163 -0.283194 -0.278186 -0.273177 -0.268203 -0.263299 -0.2585 -0.253835 -0.249334 -0.245023 -0.240924 -0.237057 -0.233439 -0.230081 -0.226992 -0.224176 -0.221634 -0.219361 -0.217349 -0.215585 -0.214051 -0.212726 -0.211583 -0.21059 -0.209713 -0.208913 -0.208144 -0.207359 -0.206506 -0.20553 -0.204371 -0.20297 -0.20126 -0.199176 -0.196649 -0.193611 -0.18999 -0.185717 -0.180723 -0.174938 -0.168295 -0.160731 -0.152185 -0.142598 -0.131918 -0.120098 -0.107095 -0.0928747 -0.0774092 -0.0606787 -0.0426718 -0.0233864 -0.00283037 0.0189785 0.0420114 0.0662287 0.0915791 0.118 0.145417 0.173743 0.202883 0.232726 0.263156 0.294043 0.325252 0.356638 0.38805 0.419333 0.450328 0.480873 0.510802 0.539947 0.568136 0.595195 0.621027 0.646367 0.672068 0.69789 0.723186 0.747362 0.769868 0.790203 0.807909 0.822581 0.833862 0.841448 0.845088 0.844585 0.839791 0.830611 0.816996 0.798943 0.776494 0.74973 0.718771 0.683773 0.644923 0.60244 0.556571 0.507589 0.455788 0.401484 0.34501 0.286714 0.226957 0.166108 0.104544 0.0426442 -0.0192129 -0.0806509 -0.1413 -0.200799 -0.258801 -0.314974 -0.369002 -0.420595 -0.469481 -0.515419 -0.558191 -0.597613 -0.633529 -0.665816 -0.694384 -0.719176 -0.740169 -0.757372 -0.770828 -0.780611 -0.786826 -0.789607 -0.789116 -0.785541 -0.779093 -0.770005 -0.758528 -0.744931 -0.729495 -0.712512 -0.694281 -0.675106 -0.655292 -0.635144 -0.614942 -0.595023 -0.575751 -0.55738 -0.54005 -0.523667 -0.506368 -0.468051 -0.190249 
-0.109425 -0.220499 -0.223876 -0.227407 -0.231088 -0.234915 -0.238883 -0.242986 -0.247219 -0.251573 -0.256043 -0.260619 -0.265293 -0.270056 -0.274896 -0.279803 -0.284766 -0.289774 -0.294813 -0.299872 -0.304938 -0.309996 -0.315035 -0.320041 -0.325001 -0.329901 -0.334729 -0.339474 -0.344122 -0.348662 -0.353085 -0.357381 -0.36154 -0.365555 -0.36942 -0.373127 -0.376674 -0.380056 -0.383271 -0.386319 -0.389199 -0.391914 -0.394464 -0.396855 -0.39909 -0.401175 -0.403116 -0.40492 -0.406594 -0.408147 -0.409586 -0.410921 -0.412159 -0.41331 -0.414383 -0.415385 -0.416324 -0.417209 -0.418047 -0.418844 -0.419606 -0.420339 -0.421046 -0.421733 -0.4224 -0.423051 -0.423685 -0.424302 -0.4249 -0.425476 -0.426027 -0.426547 -0.427028 -0.427464 -0.427843 -0.428156 -0.42839 -0.428531 -0.428564 -0.428473 -0.42824 -0.427847 -0.427273 -0.426496 -0.425496 -0.424249 -0.422731 -0.420918 -0.418785 -0.416306 -0.413455 -0.410207 -0.406533 -0.402408 -0.397804 -0.392695 -0.387052 -0.38085 -0.374059 -0.366652 -0.358603 -0.349882 -0.340462 -0.330315 -0.319413 -0.307728 -0.295233 -0.2819 -0.267702 -0.252612 -0.236605 -0.219655 -0.201737 -0.182829 -0.162906 -0.141948 -0.119934 -0.0968445 -0.0726641 -0.0473785 -0.0209783 0.00654066 0.035182 0.0650226 0.0969004 0.131775 0.169569 0.209705 0.251546 0.294406 0.33757 0.380306 0.421883 0.461587 0.498739 0.532706 0.562919 0.588876 0.610154 0.626414 0.6374 0.642943 0.642954 0.637425 0.626421 0.610072 0.588573 0.562171 0.531159 0.495871 0.456673 0.413961 0.36815 0.31967 0.268962 0.216475 0.162656 0.107951 0.0527998 -0.00236987 -0.0571421 -0.111118 -0.163919 -0.215187 -0.26459 -0.311823 -0.356608 -0.398698 -0.437881 -0.473972 -0.506825 -0.536326 -0.562394 -0.584984 -0.604083 -0.619714 -0.631927 -0.640805 -0.64646 -0.649029 -0.648675 -0.645582 -0.639953 -0.632008 -0.621983 -0.610121 -0.596674 -0.581899 -0.566053 -0.549392 -0.53217 -0.514639 -0.497102 -0.479864 -0.463147 -0.447104 -0.4317 -0.4152 -0.377611 -0.0988949 
-0.109233 -0.220112 -0.22348 -0.226997 -0.230658 -0.234459 -0.238395 -0.242461 -0.246652 -0.250963 -0.255388 -0.259922 -0.264559 -0.269292 -0.274116 -0.279022 -0.284005 -0.289057 -0.29417 -0.299338 -0.304551 -0.309803 -0.315085 -0.320388 -0.325706 -0.331029 -0.336349 -0.341659 -0.346951 -0.352216 -0.357448 -0.362639 -0.367783 -0.372872 -0.377901 -0.382863 -0.387754 -0.392568 -0.397301 -0.401948 -0.406506 -0.410972 -0.415342 -0.419615 -0.423788 -0.427859 -0.431827 -0.435692 -0.439451 -0.443105 -0.446653 -0.450096 -0.453432 -0.456663 -0.459789 -0.462809 -0.465725 -0.468536 -0.471243 -0.473846 -0.476346 -0.478743 -0.481036 -0.483226 -0.485313 -0.487296 -0.489174 -0.490948 -0.492615 -0.494176 -0.495627 -0.496968 -0.498197 -0.499311 -0.500307 -0.501182 -0.501933 -0.502555 -0.503046 -0.503399 -0.50361 -0.503674 -0.503584 -0.503334 -0.502919 -0.50233 -0.50156 -0.500602 -0.499448 -0.498088 -0.496515 -0.494717 -0.492686 -0.490411 -0.487881 -0.485084 -0.482007 -0.478638 -0.474962 -0.470964 -0.466628 -0.461937 -0.456874 -0.451419 -0.445553 -0.439255 -0.432504 -0.425276 -0.417548 -0.409296 -0.400495 -0.391118 -0.381136 -0.37052 -0.359236 -0.347249 -0.334519 -0.321001 -0.306645 -0.291395 -0.275188 -0.257954 -0.239609 -0.220002 -0.198416 -0.173908 -0.146136 -0.115116 -0.0809579 -0.0438754 -0.00418898 0.0376751 0.0811923 0.125753 0.170679 0.215246 0.258706 0.300311 0.339335 0.375098 0.406983 0.434453 0.457058 0.474451 0.486382 0.492705 0.493373 0.488432 0.478015 0.462332 0.44166 0.416334 0.38674 0.353297 0.316457 0.276691 0.234482 0.190318 0.144687 0.0980682 0.0509305 0.00372517 -0.0431168 -0.0891884 -0.134109 -0.17753 -0.21913 -0.258624 -0.295761 -0.330327 -0.362142 -0.391064 -0.416988 -0.439844 -0.459599 -0.476255 -0.489846 -0.500437 -0.508127 -0.513038 -0.51532 -0.515146 -0.512706 -0.508209 -0.501877 -0.493941 -0.484637 -0.474206 -0.462887 -0.450918 -0.438534 -0.425996 -0.413595 -0.401546 -0.389969 -0.378957 -0.368418 -0.35655 -0.322987 -0.0441328 
-0.109013 -0.219664 -0.223017 -0.226519 -0.230164 -0.233949 -0.237868 -0.241916 -0.246087 -0.250377 -0.25478 -0.259291 -0.263904 -0.268615 -0.273417 -0.278304 -0.283272 -0.288313 -0.293422 -0.298593 -0.303819 -0.309095 -0.314414 -0.31977 -0.325156 -0.330565 -0.335993 -0.341431 -0.346873 -0.352314 -0.357747 -0.363166 -0.368564 -0.373936 -0.379276 -0.384578 -0.389837 -0.395047 -0.400204 -0.405302 -0.410337 -0.415305 -0.4202 -0.425019 -0.429759 -0.434414 -0.438983 -0.44346 -0.447845 -0.452133 -0.456321 -0.460408 -0.46439 -0.468265 -0.472031 -0.475686 -0.479228 -0.482654 -0.485964 -0.489154 -0.492224 -0.495172 -0.497995 -0.500694 -0.503265 -0.505708 -0.508021 -0.510202 -0.512251 -0.514165 -0.515944 -0.517586 -0.519089 -0.520452 -0.521674 -0.522752 -0.523686 -0.524474 -0.525114 -0.525604 -0.525943 -0.526129 -0.526159 -0.526033 -0.525746 -0.525299 -0.524687 -0.523909 -0.522962 -0.521842 -0.520546 -0.519071 -0.517413 -0.515567 -0.513528 -0.511291 -0.508849 -0.506196 -0.503324 -0.500226 -0.496892 -0.493313 -0.48948 -0.485384 -0.481015 -0.476364 -0.471421 -0.466178 -0.46063 -0.454768 -0.448589 -0.442088 -0.435263 -0.428109 -0.420625 -0.412804 -0.404641 -0.396124 -0.387236 -0.377956 -0.368251 -0.358077 -0.347377 -0.336047 -0.323647 -0.309528 -0.293285 -0.27468 -0.253496 -0.229566 -0.202788 -0.173143 -0.140714 -0.105691 -0.0683771 -0.0291866 0.011365 0.0526759 0.0940774 0.134858 0.174288 0.211647 0.246246 0.277455 0.304714 0.327557 0.345613 0.35862 0.366421 0.368965 0.366299 0.358562 0.345977 0.328834 0.307486 0.282332 0.253809 0.222379 0.188522 0.152722 0.115466 0.0772293 0.0384741 -0.000357337 -0.0388474 -0.0766069 -0.113278 -0.148538 -0.1821 -0.213712 -0.243166 -0.270287 -0.294944 -0.317041 -0.336523 -0.35337 -0.367597 -0.379255 -0.388424 -0.395213 -0.399758 -0.402217 -0.402767 -0.401601 -0.398923 -0.394947 -0.389886 -0.383957 -0.37737 -0.370333 -0.363051 -0.355758 -0.348714 -0.342066 -0.335852 -0.330094 -0.324633 -0.317586 -0.288213 -0.00953419 
-0.108766 -0.219161 -0.222496 -0.225981 -0.229611 -0.233379 -0.237282 -0.241313 -0.245468 -0.249742 -0.254128 -0.258623 -0.263219 -0.267912 -0.272697 -0.277567 -0.282518 -0.287543 -0.292637 -0.297794 -0.303009 -0.308276 -0.313588 -0.318941 -0.324328 -0.329743 -0.335181 -0.340636 -0.346101 -0.35157 -0.357039 -0.362501 -0.36795 -0.373381 -0.378788 -0.384166 -0.389508 -0.39481 -0.400067 -0.405273 -0.410423 -0.415513 -0.420538 -0.425493 -0.430374 -0.435177 -0.439897 -0.444531 -0.449075 -0.453525 -0.457878 -0.46213 -0.466278 -0.470319 -0.474251 -0.478069 -0.481772 -0.485357 -0.488821 -0.492162 -0.495378 -0.498465 -0.501423 -0.504249 -0.506941 -0.509496 -0.511914 -0.514192 -0.516328 -0.518321 -0.520169 -0.521871 -0.523425 -0.52483 -0.526084 -0.527186 -0.528134 -0.528928 -0.529566 -0.530048 -0.530371 -0.530535 -0.530539 -0.530381 -0.530061 -0.529578 -0.528929 -0.528114 -0.52713 -0.525977 -0.524651 -0.523151 -0.521472 -0.519612 -0.517566 -0.515329 -0.512896 -0.510261 -0.507416 -0.504354 -0.501069 -0.497551 -0.493794 -0.48979 -0.485533 -0.481019 -0.476245 -0.47121 -0.465919 -0.460377 -0.454594 -0.448584 -0.442366 -0.435959 -0.429389 -0.422682 -0.415864 -0.408963 -0.402002 -0.395002 -0.387976 -0.380929 -0.373851 -0.366713 -0.359299 -0.351238 -0.342236 -0.332069 -0.320487 -0.307229 -0.292038 -0.274675 -0.254943 -0.232704 -0.207897 -0.180555 -0.150813 -0.118917 -0.0852218 -0.0501797 -0.0143308 0.0217181 0.0573157 0.0917918 0.124483 0.154756 0.182032 0.205805 0.225653 0.241253 0.252384 0.258926 0.260861 0.258265 0.2513 0.240202 0.225273 0.206868 0.18538 0.161235 0.134875 0.106749 0.0773076 0.0469922 0.0162278 -0.0145818 -0.0450599 -0.0748602 -0.103671 -0.131216 -0.157258 -0.1816 -0.204083 -0.224589 -0.243038 -0.259388 -0.273635 -0.285807 -0.295964 -0.304196 -0.310615 -0.315358 -0.318578 -0.320441 -0.321121 -0.3208 -0.319656 -0.317867 -0.315602 -0.313024 -0.310294 -0.307603 -0.305155 -0.303017 -0.301161 -0.299558 -0.298008 -0.294576 -0.268327 0.00950299 
-0.108487 -0.218595 -0.221913 -0.22538 -0.228992 -0.232744 -0.236629 -0.240644 -0.244783 -0.24904 -0.253411 -0.257889 -0.262469 -0.267146 -0.271915 -0.276769 -0.281703 -0.286713 -0.291791 -0.296932 -0.302132 -0.307383 -0.312681 -0.318019 -0.323393 -0.328795 -0.334221 -0.339665 -0.34512 -0.350581 -0.356043 -0.3615 -0.366945 -0.372374 -0.37778 -0.383159 -0.388505 -0.393811 -0.399074 -0.404288 -0.409447 -0.414548 -0.419584 -0.424552 -0.429446 -0.434263 -0.438998 -0.443646 -0.448205 -0.45267 -0.457037 -0.461303 -0.465464 -0.469517 -0.473459 -0.477287 -0.480998 -0.484588 -0.488056 -0.491399 -0.494614 -0.497698 -0.50065 -0.503467 -0.506146 -0.508687 -0.511085 -0.513341 -0.515451 -0.517414 -0.519228 -0.520891 -0.522402 -0.52376 -0.524962 -0.526007 -0.526894 -0.527622 -0.528189 -0.528595 -0.528837 -0.528915 -0.528828 -0.528575 -0.528153 -0.527562 -0.526801 -0.525866 -0.524757 -0.52347 -0.522002 -0.520349 -0.518508 -0.516472 -0.514235 -0.51179 -0.50913 -0.506244 -0.503124 -0.499758 -0.496135 -0.492246 -0.48808 -0.483627 -0.478881 -0.473838 -0.468495 -0.462856 -0.45693 -0.45073 -0.444277 -0.437598 -0.430727 -0.423703 -0.416574 -0.409391 -0.40221 -0.395088 -0.388083 -0.381252 -0.374646 -0.36831 -0.36228 -0.356582 -0.351133 -0.345727 -0.340188 -0.334381 -0.328136 -0.32125 -0.313493 -0.304612 -0.294348 -0.282443 -0.268664 -0.252816 -0.234765 -0.21445 -0.1919 -0.167243 -0.140707 -0.112618 -0.0833932 -0.0535229 -0.0235547 0.00593034 0.0343409 0.0610994 0.0856643 0.107549 0.126339 0.141703 0.153399 0.161281 0.165293 0.16547 0.161928 0.154855 0.144502 0.13117 0.115202 0.096966 0.0768499 0.0552479 0.0325528 0.00914757 -0.0146017 -0.0383516 -0.0617862 -0.0846214 -0.106607 -0.12753 -0.147215 -0.165523 -0.182355 -0.197647 -0.211371 -0.223531 -0.234163 -0.243326 -0.251106 -0.257605 -0.262943 -0.267247 -0.270652 -0.273294 -0.27531 -0.276826 -0.277965 -0.27884 -0.279562 -0.28028 -0.281125 -0.282087 -0.283091 -0.284083 -0.284845 -0.28344 -0.258976 0.0168056 
-0.108172 -0.217956 -0.221256 -0.224705 -0.228299 -0.232033 -0.235901 -0.239899 -0.244021 -0.248261 -0.252614 -0.257076 -0.261639 -0.2663 -0.271052 -0.27589 -0.280808 -0.2858 -0.290862 -0.295987 -0.301169 -0.306404 -0.311685 -0.317006 -0.322362 -0.327747 -0.333155 -0.338581 -0.344018 -0.349461 -0.354905 -0.360342 -0.365769 -0.371178 -0.376565 -0.381924 -0.387249 -0.392534 -0.397776 -0.402967 -0.408104 -0.413181 -0.418193 -0.423135 -0.428003 -0.432793 -0.437499 -0.442118 -0.446645 -0.451077 -0.45541 -0.45964 -0.463764 -0.467779 -0.47168 -0.475465 -0.479132 -0.482676 -0.486096 -0.489389 -0.492551 -0.495581 -0.498477 -0.501235 -0.503853 -0.50633 -0.508662 -0.510849 -0.512888 -0.514777 -0.516514 -0.518098 -0.519526 -0.520797 -0.52191 -0.522863 -0.523653 -0.524281 -0.524743 -0.52504 -0.525169 -0.525128 -0.524917 -0.524533 -0.523974 -0.523239 -0.522324 -0.521226 -0.519942 -0.518467 -0.516796 -0.514922 -0.512838 -0.510534 -0.508002 -0.505228 -0.502199 -0.498902 -0.49532 -0.491437 -0.487236 -0.4827 -0.477814 -0.472564 -0.466938 -0.460931 -0.454539 -0.447769 -0.440632 -0.433148 -0.425348 -0.417271 -0.408966 -0.400495 -0.391923 -0.383329 -0.374795 -0.366409 -0.358259 -0.350434 -0.343021 -0.336098 -0.329736 -0.324 -0.318873 -0.314225 -0.309952 -0.305994 -0.302263 -0.298638 -0.294962 -0.29105 -0.286683 -0.281622 -0.275613 -0.268397 -0.25973 -0.249399 -0.237231 -0.223121 -0.207036 -0.189027 -0.16924 -0.147905 -0.125342 -0.101941 -0.0781483 -0.0544509 -0.0313522 -0.00935167 0.0110756 0.0294972 0.0455388 0.0588958 0.0693412 0.0767291 0.0809949 0.0821523 0.0802874 0.0755507 0.0681479 0.0583299 0.0463817 0.0326124 0.0173452 0.000907645 -0.0163764 -0.0341945 -0.0522519 -0.0702767 -0.0880241 -0.10528 -0.121861 -0.13762 -0.152441 -0.166241 -0.178971 -0.190609 -0.201161 -0.210656 -0.219144 -0.226689 -0.233369 -0.239269 -0.244479 -0.249088 -0.253183 -0.256844 -0.260147 -0.263159 -0.265952 -0.268633 -0.271265 -0.27377 -0.276055 -0.278061 -0.279575 -0.278696 -0.254831 0.0172459 
-0.107815 -0.217233 -0.220513 -0.223944 -0.22752 -0.231236 -0.235086 -0.239066 -0.243169 -0.247392 -0.251728 -0.256171 -0.260717 -0.265361 -0.270095 -0.274915 -0.279816 -0.284791 -0.289835 -0.294942 -0.300106 -0.305322 -0.310584 -0.315887 -0.321223 -0.326588 -0.331976 -0.337381 -0.342797 -0.348218 -0.353638 -0.359052 -0.364454 -0.369838 -0.375199 -0.38053 -0.385826 -0.391082 -0.396292 -0.40145 -0.406553 -0.411594 -0.416569 -0.421472 -0.426299 -0.431046 -0.435708 -0.44028 -0.444759 -0.449141 -0.453422 -0.457598 -0.461665 -0.465621 -0.469461 -0.473184 -0.476785 -0.480262 -0.483613 -0.486834 -0.489923 -0.492877 -0.495694 -0.498371 -0.500906 -0.503298 -0.505543 -0.50764 -0.509586 -0.51138 -0.51302 -0.514503 -0.515828 -0.516993 -0.517996 -0.518835 -0.519509 -0.520016 -0.520353 -0.52052 -0.520513 -0.520332 -0.519973 -0.519434 -0.518711 -0.517802 -0.516701 -0.515403 -0.513902 -0.512191 -0.51026 -0.508099 -0.505696 -0.503035 -0.500101 -0.496875 -0.493336 -0.48946 -0.485225 -0.480603 -0.475571 -0.470101 -0.464171 -0.45776 -0.45085 -0.443433 -0.435505 -0.427071 -0.41815 -0.40877 -0.398973 -0.388815 -0.378364 -0.367704 -0.356929 -0.346146 -0.33547 -0.325022 -0.314926 -0.305307 -0.296285 -0.287974 -0.280478 -0.273893 -0.268232 -0.263386 -0.259289 -0.255926 -0.253259 -0.251224 -0.249726 -0.248641 -0.247811 -0.247048 -0.246138 -0.244842 -0.242911 -0.240089 -0.236133 -0.230823 -0.223978 -0.215469 -0.205234 -0.193285 -0.179713 -0.164688 -0.148457 -0.131332 -0.113676 -0.0958894 -0.0783913 -0.0615998 -0.0459149 -0.0317023 -0.0192802 -0.00890842 -0.000781997 0.00497235 0.00829638 0.00919759 0.00774408 0.00405766 -0.0016945 -0.0093088 -0.0185546 -0.0291833 -0.0409374 -0.0535583 -0.0667935 -0.0804031 -0.0941646 -0.107877 -0.121365 -0.134477 -0.147092 -0.159115 -0.170475 -0.181129 -0.191056 -0.200252 -0.208732 -0.216523 -0.223662 -0.230193 -0.236161 -0.241613 -0.246593 -0.251142 -0.255298 -0.259092 -0.262567 -0.265801 -0.268796 -0.271423 -0.273598 -0.275267 -0.276236 -0.274671 -0.250529 0.0158474 
-0.107409 -0.21641 -0.219672 -0.223084 -0.226641 -0.230337 -0.234169 -0.23813 -0.242215 -0.246419 -0.250736 -0.255161 -0.259689 -0.264313 -0.269029 -0.273831 -0.278712 -0.283668 -0.288693 -0.293781 -0.298926 -0.304122 -0.309364 -0.314645 -0.31996 -0.325304 -0.330669 -0.336051 -0.341442 -0.346839 -0.352233 -0.35762 -0.362994 -0.368349 -0.373678 -0.378977 -0.38424 -0.389461 -0.394634 -0.399754 -0.404816 -0.409815 -0.414745 -0.419602 -0.424381 -0.429077 -0.433685 -0.438202 -0.442624 -0.446946 -0.451164 -0.455275 -0.459275 -0.463161 -0.466929 -0.470577 -0.474101 -0.477499 -0.480768 -0.483904 -0.486907 -0.489772 -0.492497 -0.495081 -0.49752 -0.499813 -0.501957 -0.50395 -0.50579 -0.507475 -0.509003 -0.510371 -0.511578 -0.512622 -0.5135 -0.514211 -0.514753 -0.515122 -0.515318 -0.515337 -0.515177 -0.514834 -0.514305 -0.513586 -0.512671 -0.511555 -0.510231 -0.50869 -0.506922 -0.504915 -0.502654 -0.500123 -0.497302 -0.494168 -0.490695 -0.486855 -0.482616 -0.477943 -0.472801 -0.46715 -0.460954 -0.454175 -0.446779 -0.438737 -0.430025 -0.420629 -0.410546 -0.399785 -0.38837 -0.376343 -0.363763 -0.350708 -0.337272 -0.323571 -0.309733 -0.295905 -0.282241 -0.268906 -0.256067 -0.243893 -0.232545 -0.222177 -0.212929 -0.20493 -0.198204 -0.192643 -0.188189 -0.184853 -0.182625 -0.181469 -0.181323 -0.182096 -0.183669 -0.185893 -0.188591 -0.19156 -0.194574 -0.197388 -0.199752 -0.201412 -0.202128 -0.201685 -0.199903 -0.196652 -0.19186 -0.185522 -0.177701 -0.168531 -0.158209 -0.146991 -0.135174 -0.123088 -0.111079 -0.0994888 -0.0886468 -0.078852 -0.0703634 -0.0633915 -0.0580933 -0.0545694 -0.0528645 -0.0529702 -0.0548298 -0.0583444 -0.0633799 -0.0697752 -0.0773496 -0.0859111 -0.0952627 -0.10521 -0.115565 -0.126153 -0.136815 -0.147409 -0.157813 -0.167928 -0.177671 -0.186982 -0.195815 -0.204143 -0.211949 -0.219228 -0.225984 -0.232224 -0.237961 -0.243207 -0.247974 -0.252275 -0.256119 -0.259518 -0.262493 -0.265105 -0.267294 -0.26891 -0.269887 -0.270186 -0.269633 -0.266481 -0.241483 0.0169553 
-0.106945 -0.215473 -0.218715 -0.222107 -0.225645 -0.229322 -0.233134 -0.237076 -0.241141 -0.245325 -0.249623 -0.254029 -0.258537 -0.263142 -0.267838 -0.272619 -0.277481 -0.282416 -0.287421 -0.292487 -0.297611 -0.302785 -0.308005 -0.313264 -0.318555 -0.323875 -0.329215 -0.334571 -0.339936 -0.345305 -0.35067 -0.356027 -0.36137 -0.366692 -0.371987 -0.37725 -0.382475 -0.387656 -0.392787 -0.397864 -0.402881 -0.407831 -0.412711 -0.417516 -0.422239 -0.426878 -0.431426 -0.43588 -0.440236 -0.44449 -0.448637 -0.452675 -0.456599 -0.460406 -0.464093 -0.467656 -0.471094 -0.474402 -0.477579 -0.480621 -0.483526 -0.486291 -0.488914 -0.491392 -0.493724 -0.495906 -0.497937 -0.499815 -0.501537 -0.5031 -0.504503 -0.505744 -0.506821 -0.50773 -0.50847 -0.509038 -0.509432 -0.509649 -0.509686 -0.509539 -0.509204 -0.508676 -0.507951 -0.507021 -0.50588 -0.504517 -0.502921 -0.501079 -0.498975 -0.49659 -0.493901 -0.490883 -0.487504 -0.483732 -0.479527 -0.474845 -0.469641 -0.463864 -0.45746 -0.450376 -0.442558 -0.433954 -0.424517 -0.414207 -0.402993 -0.390858 -0.3778 -0.363834 -0.348998 -0.333351 -0.316977 -0.299985 -0.282506 -0.264697 -0.246734 -0.228814 -0.211145 -0.193945 -0.177439 -0.161847 -0.147384 -0.134251 -0.122632 -0.112692 -0.104466 -0.0978285 -0.0927194 -0.0891652 -0.0871667 -0.0866981 -0.0877063 -0.0901105 -0.0938015 -0.0986428 -0.104471 -0.111097 -0.11831 -0.125878 -0.133555 -0.141085 -0.148211 -0.154682 -0.160266 -0.164758 -0.167989 -0.169841 -0.170246 -0.169199 -0.166756 -0.163029 -0.158188 -0.152448 -0.146059 -0.139294 -0.132438 -0.125772 -0.11956 -0.114042 -0.109423 -0.105867 -0.103496 -0.102383 -0.102559 -0.104013 -0.106696 -0.11053 -0.115408 -0.121206 -0.127787 -0.135007 -0.142719 -0.150782 -0.159062 -0.167432 -0.175781 -0.18401 -0.192032 -0.199777 -0.207187 -0.214213 -0.22082 -0.226979 -0.232669 -0.237874 -0.242582 -0.246783 -0.250469 -0.253634 -0.256271 -0.258379 -0.25997 -0.261076 -0.261589 -0.261354 -0.260333 -0.258495 -0.255685 -0.250267 -0.224027 0.0240667 
-0.106414 -0.214402 -0.217625 -0.220997 -0.224514 -0.228172 -0.231963 -0.235885 -0.23993 -0.244094 -0.248371 -0.252756 -0.257243 -0.261827 -0.266502 -0.271262 -0.276102 -0.281016 -0.285998 -0.291042 -0.296142 -0.301293 -0.306489 -0.311723 -0.316989 -0.322282 -0.327595 -0.332922 -0.338258 -0.343596 -0.34893 -0.354253 -0.359561 -0.364846 -0.370103 -0.375326 -0.380508 -0.385645 -0.390731 -0.395759 -0.400724 -0.405621 -0.410445 -0.41519 -0.419852 -0.424426 -0.428907 -0.433291 -0.437574 -0.441752 -0.44582 -0.449775 -0.453614 -0.457333 -0.460929 -0.464399 -0.46774 -0.470949 -0.474023 -0.476959 -0.479756 -0.482411 -0.48492 -0.487283 -0.489495 -0.491556 -0.493463 -0.495213 -0.496804 -0.498234 -0.499501 -0.500601 -0.501533 -0.502295 -0.502882 -0.503292 -0.503522 -0.503569 -0.503426 -0.503091 -0.502556 -0.501815 -0.50086 -0.49968 -0.498263 -0.496596 -0.49466 -0.492435 -0.489897 -0.487016 -0.483758 -0.480083 -0.475948 -0.471301 -0.466085 -0.460238 -0.453693 -0.446377 -0.438217 -0.429137 -0.419064 -0.407928 -0.395666 -0.382227 -0.367573 -0.351685 -0.334567 -0.316247 -0.296782 -0.276257 -0.254793 -0.232541 -0.209683 -0.186431 -0.163024 -0.139723 -0.116805 -0.0945584 -0.0732752 -0.0532444 -0.0347441 -0.0180348 -0.00335202 0.00909714 0.0192631 0.0272941 0.0332656 0.0371403 0.0389134 0.0386117 0.0362942 0.0320512 0.0260034 0.0183005 0.00911893 -0.00134069 -0.0128562 -0.025187 -0.0380783 -0.051265 -0.0644768 -0.077445 -0.089909 -0.101624 -0.112371 -0.121963 -0.130252 -0.13714 -0.142578 -0.146572 -0.149181 -0.150515 -0.150727 -0.150006 -0.148568 -0.146645 -0.144472 -0.142279 -0.140278 -0.13866 -0.137584 -0.137176 -0.137525 -0.138683 -0.14067 -0.143472 -0.147049 -0.151337 -0.156255 -0.161706 -0.16759 -0.173799 -0.180226 -0.186769 -0.19333 -0.199818 -0.20615 -0.212255 -0.218067 -0.22353 -0.228597 -0.233225 -0.23738 -0.241032 -0.244154 -0.246724 -0.248724 -0.250135 -0.250942 -0.251133 -0.250717 -0.249671 -0.24785 -0.245125 -0.24147 -0.236861 -0.231159 -0.22286 -0.195041 0.0401686 
-0.105808 -0.213178 -0.21638 -0.219732 -0.223229 -0.226865 -0.230636 -0.234537 -0.238561 -0.242703 -0.246959 -0.251322 -0.255788 -0.260349 -0.265002 -0.26974 -0.274556 -0.279447 -0.284405 -0.289424 -0.2945 -0.299625 -0.304794 -0.310001 -0.315239 -0.320503 -0.325786 -0.331082 -0.336386 -0.341689 -0.346988 -0.352275 -0.357543 -0.362788 -0.368003 -0.373181 -0.378317 -0.383404 -0.388438 -0.393411 -0.39832 -0.403157 -0.407918 -0.412598 -0.417191 -0.421693 -0.4261 -0.430405 -0.434607 -0.4387 -0.44268 -0.446544 -0.450288 -0.45391 -0.457405 -0.460771 -0.464004 -0.467103 -0.470064 -0.472884 -0.475562 -0.478095 -0.480479 -0.482714 -0.484796 -0.486723 -0.488493 -0.490103 -0.491552 -0.492835 -0.493952 -0.494899 -0.495673 -0.496271 -0.496689 -0.496924 -0.496971 -0.496825 -0.496479 -0.495927 -0.495159 -0.494165 -0.492933 -0.491446 -0.489687 -0.487634 -0.485259 -0.482532 -0.479416 -0.475866 -0.471833 -0.467259 -0.462078 -0.456217 -0.449595 -0.442124 -0.433708 -0.42425 -0.413648 -0.4018 -0.38861 -0.373985 -0.357847 -0.340134 -0.320803 -0.299839 -0.277256 -0.253103 -0.227467 -0.200475 -0.172296 -0.143139 -0.113254 -0.082926 -0.0524733 -0.0222397 0.00741192 0.0361074 0.06347 0.0891297 0.112732 0.133946 0.152475 0.168062 0.180635 0.19037 0.197369 0.201585 0.203014 0.201691 0.197691 0.191127 0.182149 0.170939 0.15771 0.142698 0.126164 0.108383 0.089643 0.070241 0.0504757 0.0306441 0.0110356 -0.00807368 -0.0264275 -0.0437956 -0.0599801 -0.0748217 -0.0882042 -0.100058 -0.110363 -0.119146 -0.12648 -0.132479 -0.137292 -0.141092 -0.144073 -0.146433 -0.148372 -0.150079 -0.151725 -0.153462 -0.155413 -0.157671 -0.160304 -0.163347 -0.16681 -0.17068 -0.174923 -0.179488 -0.184311 -0.189322 -0.194443 -0.199594 -0.204696 -0.209673 -0.214451 -0.218962 -0.223143 -0.226937 -0.230293 -0.233164 -0.235509 -0.237292 -0.238482 -0.239048 -0.238964 -0.238206 -0.236748 -0.234566 -0.231647 -0.227905 -0.223173 -0.217356 -0.210434 -0.202385 -0.193089 -0.181202 -0.151375 0.0682969 
-0.105113 -0.211778 -0.214959 -0.21829 -0.221766 -0.225381 -0.229131 -0.233009 -0.237011 -0.241131 -0.245365 -0.249705 -0.254148 -0.258686 -0.263315 -0.268028 -0.27282 -0.277686 -0.282618 -0.287611 -0.29266 -0.297757 -0.302898 -0.308075 -0.313283 -0.318515 -0.323765 -0.329027 -0.334295 -0.339561 -0.344821 -0.350067 -0.355293 -0.360493 -0.36566 -0.370789 -0.375873 -0.380906 -0.385882 -0.390795 -0.39564 -0.400411 -0.405102 -0.409709 -0.414226 -0.418648 -0.422971 -0.42719 -0.431301 -0.4353 -0.439182 -0.442945 -0.446585 -0.450098 -0.453482 -0.456732 -0.459848 -0.462825 -0.465661 -0.468354 -0.470901 -0.473299 -0.475547 -0.477641 -0.47958 -0.481361 -0.482982 -0.484439 -0.485731 -0.486855 -0.487808 -0.488586 -0.489185 -0.489603 -0.489833 -0.489871 -0.489711 -0.489344 -0.488762 -0.487954 -0.486906 -0.485603 -0.484026 -0.48215 -0.479949 -0.477389 -0.47443 -0.471026 -0.467121 -0.462652 -0.457546 -0.451721 -0.445082 -0.437526 -0.42894 -0.419203 -0.408186 -0.395756 -0.381779 -0.366122 -0.34866 -0.329281 -0.30789 -0.284414 -0.258813 -0.231083 -0.201258 -0.169421 -0.135705 -0.100292 -0.0634205 -0.0253766 0.0135029 0.0528385 0.0922129 0.13118 0.169272 0.206013 0.240927 0.273547 0.303432 0.330171 0.353395 0.372795 0.388259 0.399997 0.408147 0.412656 0.41352 0.410791 0.404568 0.394998 0.382272 0.366622 0.348314 0.327645 0.304935 0.280521 0.254749 0.227974 0.200546 0.172812 0.145106 0.117747 0.0910304 0.0652272 0.0405767 0.0172823 -0.00449215 -0.0246256 -0.0430419 -0.0597106 -0.0746458 -0.0879036 -0.0995774 -0.109793 -0.118699 -0.126464 -0.133264 -0.139275 -0.144669 -0.149603 -0.15422 -0.158638 -0.162955 -0.167242 -0.171548 -0.175897 -0.180295 -0.184728 -0.189168 -0.193575 -0.1979 -0.202088 -0.206079 -0.209814 -0.213232 -0.216275 -0.218885 -0.221011 -0.222603 -0.223614 -0.224004 -0.223733 -0.222766 -0.221068 -0.218607 -0.215346 -0.211244 -0.206255 -0.200311 -0.193264 -0.184953 -0.175314 -0.164327 -0.151975 -0.138168 -0.121756 -0.0892814 0.112099 
-0.104318 -0.210177 -0.213338 -0.216647 -0.220101 -0.223694 -0.227421 -0.231277 -0.235256 -0.239354 -0.243563 -0.24788 -0.252298 -0.256812 -0.261415 -0.266103 -0.270869 -0.275708 -0.280613 -0.285578 -0.290597 -0.295665 -0.300774 -0.30592 -0.311094 -0.316292 -0.321506 -0.326731 -0.331959 -0.337185 -0.342402 -0.347603 -0.352782 -0.357932 -0.363047 -0.368121 -0.373148 -0.37812 -0.383033 -0.387879 -0.392654 -0.397351 -0.401965 -0.406491 -0.410923 -0.415257 -0.419487 -0.42361 -0.42762 -0.431515 -0.435289 -0.43894 -0.442464 -0.445858 -0.449118 -0.452242 -0.455227 -0.458071 -0.46077 -0.463322 -0.465726 -0.467977 -0.470075 -0.472016 -0.473799 -0.47542 -0.476878 -0.478169 -0.47929 -0.480239 -0.481011 -0.481602 -0.482008 -0.482224 -0.482242 -0.482055 -0.481655 -0.481029 -0.480163 -0.479043 -0.477648 -0.475953 -0.473929 -0.471543 -0.468752 -0.465506 -0.461747 -0.457408 -0.452408 -0.446656 -0.44005 -0.432471 -0.423791 -0.413866 -0.402545 -0.389662 -0.375048 -0.35853 -0.339934 -0.319094 -0.295856 -0.270086 -0.241677 -0.210555 -0.176689 -0.140097 -0.100851 -0.0590853 -0.0149964 0.0311535 0.0790376 0.128267 0.178395 0.228926 0.279321 0.329013 0.377412 0.423924 0.467959 0.508946 0.546345 0.579659 0.608445 0.632331 0.651154 0.665153 0.674518 0.679186 0.679163 0.674517 0.665382 0.651947 0.634459 0.613212 0.588543 0.560826 0.530461 0.497869 0.46348 0.427728 0.391044 0.353845 0.316535 0.279491 0.243066 0.207581 0.173321 0.140533 0.109422 0.0801508 0.0528354 0.0275479 0.00431555 -0.016877 -0.0360841 -0.0533948 -0.0689271 -0.0828213 -0.0952333 -0.106327 -0.116269 -0.125218 -0.133326 -0.140729 -0.147544 -0.153869 -0.15978 -0.165335 -0.170569 -0.1755 -0.18013 -0.184449 -0.188432 -0.192047 -0.195257 -0.198018 -0.200284 -0.202009 -0.203144 -0.203643 -0.203461 -0.202554 -0.20088 -0.198398 -0.195068 -0.190847 -0.185689 -0.179539 -0.172326 -0.163955 -0.154271 -0.143086 -0.130281 -0.11581 -0.0996545 -0.0818139 -0.0622384 -0.0400268 -0.00396979 0.176294 
-0.103409 -0.208349 -0.211488 -0.214775 -0.218207 -0.221777 -0.225482 -0.229314 -0.23327 -0.237343 -0.241528 -0.24582 -0.250212 -0.2547 -0.259277 -0.263938 -0.268676 -0.273486 -0.278362 -0.283297 -0.288285 -0.293321 -0.298397 -0.303508 -0.308646 -0.313807 -0.318982 -0.324166 -0.329352 -0.334533 -0.339703 -0.344854 -0.349981 -0.355077 -0.360135 -0.365149 -0.370112 -0.375017 -0.37986 -0.384632 -0.389329 -0.393945 -0.398473 -0.402909 -0.407247 -0.411483 -0.415611 -0.419627 -0.423526 -0.427305 -0.43096 -0.434488 -0.437884 -0.441146 -0.444271 -0.447255 -0.450097 -0.452794 -0.455343 -0.457742 -0.459988 -0.462079 -0.464013 -0.465788 -0.4674 -0.468847 -0.470126 -0.471235 -0.472169 -0.472924 -0.473496 -0.47388 -0.474068 -0.474053 -0.473826 -0.473375 -0.472687 -0.471744 -0.470527 -0.46901 -0.467164 -0.464952 -0.462331 -0.45925 -0.455648 -0.451451 -0.446576 -0.440926 -0.434387 -0.426832 -0.418118 -0.408083 -0.396552 -0.383334 -0.368226 -0.351015 -0.331481 -0.309405 -0.284572 -0.256782 -0.225853 -0.191634 -0.154015 -0.112932 -0.0683785 -0.0204133 0.0308324 0.0851509 0.142255 0.201778 0.263274 0.326228 0.390057 0.454126 0.517754 0.580234 0.64084 0.698849 0.75355 0.804262 0.850346 0.891215 0.926353 0.955326 0.977899 0.994335 1.00488 1.00948 1.00813 1.00094 0.988078 0.969783 0.946368 0.918204 0.885711 0.849356 0.809637 0.767077 0.722211 0.675577 0.627704 0.579109 0.530282 0.481688 0.433752 0.386862 0.341364 0.297557 0.255692 0.215971 0.17855 0.143533 0.110978 0.0808989 0.0532673 0.0280179 0.00505314 -0.0157504 -0.0345362 -0.0514608 -0.0666875 -0.08038 -0.092697 -0.103787 -0.113786 -0.122813 -0.130968 -0.138334 -0.144973 -0.150931 -0.156237 -0.160904 -0.164934 -0.168314 -0.171028 -0.173047 -0.17434 -0.174871 -0.174601 -0.173489 -0.171493 -0.168568 -0.16467 -0.159752 -0.153763 -0.146644 -0.138326 -0.128717 -0.11769 -0.10505 -0.0905667 -0.0740713 -0.0554806 -0.034761 -0.0119108 0.0130384 0.0400656 0.0697604 0.110686 0.267006 
-0.102372 -0.206264 -0.209381 -0.212646 -0.216055 -0.219602 -0.223283 -0.227091 -0.231022 -0.23507 -0.23923 -0.243496 -0.247862 -0.252323 -0.256872 -0.261504 -0.266213 -0.270993 -0.275837 -0.28074 -0.285695 -0.290696 -0.295737 -0.30081 -0.30591 -0.31103 -0.316163 -0.321303 -0.326442 -0.331574 -0.336693 -0.341791 -0.346861 -0.351897 -0.356892 -0.36184 -0.366732 -0.371564 -0.376329 -0.38102 -0.385631 -0.390156 -0.39459 -0.398927 -0.403161 -0.407288 -0.411303 -0.415201 -0.418978 -0.42263 -0.426153 -0.429544 -0.432799 -0.435916 -0.438892 -0.441724 -0.444409 -0.446945 -0.449329 -0.45156 -0.453634 -0.455551 -0.457306 -0.458898 -0.460324 -0.461581 -0.462665 -0.463573 -0.464299 -0.464839 -0.465187 -0.465333 -0.465269 -0.464984 -0.464463 -0.46369 -0.462643 -0.461297 -0.459621 -0.457579 -0.455125 -0.452206 -0.448759 -0.444709 -0.439966 -0.434429 -0.427977 -0.420474 -0.411765 -0.401673 -0.390005 -0.376547 -0.361064 -0.343309 -0.32302 -0.299927 -0.273757 -0.244241 -0.211125 -0.174175 -0.133192 -0.0880186 -0.0385549 0.0152342 0.0733074 0.135539 0.201711 0.271512 0.344532 0.420268 0.498127 0.577435 0.65745 0.737374 0.816369 0.893574 0.968121 1.03916 1.10585 1.16741 1.22312 1.2723 1.31437 1.34885 1.37541 1.39432 1.40589 1.41006 1.40685 1.39639 1.37889 1.35466 1.32408 1.28761 1.24575 1.19909 1.14822 1.0938 1.03647 0.976897 0.915729 0.853598 0.79111 0.72883 0.667284 0.606944 0.548234 0.491519 0.437109 0.385256 0.336154 0.289943 0.246709 0.206488 0.169271 0.135008 0.103611 0.074965 0.0489296 0.0253481 0.00405353 -0.0151258 -0.0323601 -0.0478132 -0.0616385 -0.0739756 -0.0849483 -0.0946625 -0.103206 -0.11065 -0.117047 -0.122433 -0.126832 -0.130252 -0.132691 -0.134137 -0.134571 -0.133964 -0.132283 -0.129489 -0.125539 -0.120383 -0.113967 -0.106231 -0.0971021 -0.0864943 -0.0742949 -0.060348 -0.0444275 -0.0261934 -0.00539867 0.0180481 0.0442137 0.0731097 0.104697 0.138879 0.175524 0.21483 0.262284 0.39195 
-0.101191 -0.203891 -0.206986 -0.210228 -0.213614 -0.217138 -0.220794 -0.224578 -0.228483 -0.232506 -0.236639 -0.240878 -0.245216 -0.249648 -0.254168 -0.25877 -0.263449 -0.268196 -0.273008 -0.277877 -0.282797 -0.287761 -0.292763 -0.297797 -0.302855 -0.307931 -0.313019 -0.31811 -0.323199 -0.328279 -0.333341 -0.338381 -0.343389 -0.348359 -0.353285 -0.35816 -0.362976 -0.367727 -0.372406 -0.377007 -0.381523 -0.385949 -0.390278 -0.394505 -0.398625 -0.402632 -0.406522 -0.41029 -0.413931 -0.417443 -0.420821 -0.424062 -0.427163 -0.430121 -0.432933 -0.435596 -0.438109 -0.440469 -0.442674 -0.444721 -0.446609 -0.448334 -0.449895 -0.451287 -0.452509 -0.453556 -0.454425 -0.455108 -0.455602 -0.455896 -0.455984 -0.455851 -0.455485 -0.454868 -0.453979 -0.452792 -0.451275 -0.449391 -0.447092 -0.444325 -0.441024 -0.437111 -0.432494 -0.427065 -0.420701 -0.413257 -0.404568 -0.394447 -0.382683 -0.369044 -0.353272 -0.335087 -0.314192 -0.29027 -0.262996 -0.232038 -0.197069 -0.157776 -0.113866 -0.0650876 -0.0112344 0.0478357 0.112189 0.181805 0.256563 0.336236 0.420484 0.508851 0.60077 0.695565 0.792461 0.8906 0.989055 1.08685 1.18298 1.27643 1.36619 1.45129 1.5308 1.60385 1.66964 1.72746 1.77667 1.81675 1.84727 1.86848 1.88075 1.88401 1.87832 1.86383 1.84079 1.80958 1.77065 1.72455 1.67188 1.61333 1.54963 1.48153 1.40983 1.33531 1.25877 1.18096 1.10263 1.02447 0.947108 0.871137 0.797072 0.725364 0.656398 0.590486 0.527875 0.468746 0.413216 0.361347 0.313145 0.268571 0.227543 0.189946 0.155636 0.12445 0.0962088 0.0707278 0.0478199 0.027302 0.00899968 -0.00724976 -0.0215939 -0.0341635 -0.0450713 -0.0544119 -0.0622612 -0.0686779 -0.073704 -0.0773659 -0.0796759 -0.0806333 -0.0802257 -0.0784297 -0.075212 -0.0705297 -0.0643305 -0.0565523 -0.0471215 -0.0359509 -0.0229336 -0.00793327 0.0092344 0.0288339 0.0512794 0.0769849 0.106121 0.138733 0.174853 0.214443 0.257384 0.303466 0.352387 0.403854 0.459839 0.560451 
-0.0998497 -0.201198 -0.20427 -0.207489 -0.210851 -0.21435 -0.217982 -0.22174 -0.22562 -0.229616 -0.233722 -0.237933 -0.242242 -0.246645 -0.251134 -0.255705 -0.260351 -0.265065 -0.269842 -0.274675 -0.279557 -0.284482 -0.289444 -0.294435 -0.299449 -0.304478 -0.309516 -0.314556 -0.319591 -0.324613 -0.329615 -0.33459 -0.339531 -0.34443 -0.349281 -0.354076 -0.358807 -0.363469 -0.368054 -0.372556 -0.376968 -0.381284 -0.385499 -0.389605 -0.393598 -0.397473 -0.401225 -0.404849 -0.408342 -0.411699 -0.414917 -0.417993 -0.420924 -0.423707 -0.42634 -0.42882 -0.431145 -0.433312 -0.435321 -0.437168 -0.43885 -0.440366 -0.441713 -0.442886 -0.443882 -0.444696 -0.44532 -0.445749 -0.445972 -0.445977 -0.445751 -0.445275 -0.444528 -0.443483 -0.442107 -0.440363 -0.438201 -0.435566 -0.43239 -0.428592 -0.424079 -0.418739 -0.412442 -0.405039 -0.396358 -0.386201 -0.374348 -0.360549 -0.344526 -0.325977 -0.304572 -0.279958 -0.251762 -0.219599 -0.183076 -0.141802 -0.0954018 -0.0435236 0.0141433 0.0778547 0.147796 0.224067 0.306666 0.395478 0.490262 0.590646 0.696121 0.806046 0.919649 1.03604 1.15424 1.27317 1.39171 1.5087 1.62296 1.73335 1.83875 1.93809 2.03038 2.11472 2.19029 2.25637 2.31231 2.3576 2.39168 2.41474 2.42718 2.42897 2.42016 2.40093 2.3716 2.33257 2.28437 2.22763 2.16305 2.09139 2.01352 1.9303 1.84266 1.75153 1.65783 1.56247 1.46635 1.37028 1.27505 1.18135 1.08984 1.00106 0.915496 0.833534 0.75549 0.681599 0.612021 0.546848 0.486107 0.429772 0.377764 0.329968 0.286232 0.24638 0.210218 0.177542 0.148143 0.121814 0.0983551 0.0775784 0.0593095 0.0433915 0.029686 0.0180744 0.00845797 0.000757909 -0.0050852 -0.00911214 -0.0113459 -0.0117925 -0.0104417 -0.00726782 -0.0022301 0.00472729 0.0136755 0.0247023 0.0379144 0.0534429 0.0714525 0.09216 0.115867 0.143015 0.174258 0.209953 0.250103 0.294751 0.343864 0.397298 0.454792 0.515952 0.580226 0.646719 0.713469 0.783197 
-0.0983307 -0.198149 -0.201198 -0.204394 -0.207732 -0.211206 -0.214813 -0.218545 -0.222398 -0.226366 -0.230444 -0.234626 -0.238906 -0.243278 -0.247736 -0.252274 -0.256886 -0.261565 -0.266306 -0.2711 -0.275943 -0.280827 -0.285746 -0.290691 -0.295658 -0.300637 -0.305623 -0.310607 -0.315583 -0.320543 -0.32548 -0.330386 -0.335253 -0.340075 -0.344843 -0.349551 -0.35419 -0.358755 -0.363237 -0.36763 -0.371928 -0.376123 -0.38021 -0.384184 -0.388038 -0.391767 -0.395367 -0.398833 -0.402162 -0.405349 -0.408392 -0.411286 -0.414031 -0.416622 -0.419058 -0.421336 -0.423455 -0.425413 -0.427206 -0.428833 -0.430291 -0.431577 -0.432686 -0.433614 -0.434355 -0.434901 -0.435243 -0.435369 -0.435264 -0.434911 -0.434286 -0.433362 -0.432106 -0.430476 -0.428425 -0.425893 -0.422811 -0.419095 -0.414648 -0.409356 -0.403084 -0.395679 -0.386962 -0.376729 -0.364749 -0.350762 -0.334475 -0.315567 -0.293683 -0.268442 -0.239434 -0.206227 -0.168373 -0.125416 -0.0769019 -0.0223915 0.0385274 0.106222 0.181 0.263087 0.352615 0.449598 0.553921 0.665325 0.783395 0.907559 1.03709 1.1711 1.30857 1.44837 1.58926 1.72994 1.86909 2.00538 2.13749 2.26418 2.38427 2.49668 2.60043 2.69464 2.77857 2.85153 2.91296 2.96238 2.99913 3.02326 3.03519 3.03489 3.02243 2.99803 2.962 2.91479 2.85698 2.78922 2.71229 2.62704 2.5344 2.43535 2.33093 2.22219 2.11021 1.99604 1.88071 1.76522 1.65047 1.53734 1.42659 1.31891 1.2149 1.11503 1.01973 0.929288 0.843929 0.763788 0.688924 0.619329 0.554937 0.495629 0.44125 0.391608 0.346493 0.305678 0.268928 0.236011 0.206698 0.180772 0.15803 0.138287 0.121379 0.107162 0.0955169 0.086346 0.0795753 0.0751537 0.0730526 0.0732656 0.0758082 0.0807177 0.088053 0.0978952 0.110349 0.125544 0.143642 0.164842 0.189399 0.217655 0.250096 0.287477 0.330515 0.37936 0.433933 0.494208 0.560021 0.631044 0.706778 0.786552 0.869466 0.953909 1.03364 1.07156 
-0.0966154 -0.194707 -0.197733 -0.200905 -0.204219 -0.207669 -0.211249 -0.214955 -0.218781 -0.222722 -0.226771 -0.230923 -0.235172 -0.239513 -0.243938 -0.248442 -0.253019 -0.257662 -0.262364 -0.267119 -0.27192 -0.276761 -0.281634 -0.286532 -0.291447 -0.296374 -0.301303 -0.306228 -0.311142 -0.316035 -0.320901 -0.325732 -0.33052 -0.335258 -0.339936 -0.344549 -0.349088 -0.353546 -0.357915 -0.362189 -0.366361 -0.370424 -0.374372 -0.378199 -0.381899 -0.385468 -0.388901 -0.392194 -0.395342 -0.398342 -0.401191 -0.403887 -0.406426 -0.408807 -0.411027 -0.413085 -0.414978 -0.416704 -0.418261 -0.419645 -0.420854 -0.421881 -0.422722 -0.423369 -0.423813 -0.424041 -0.424038 -0.423785 -0.423259 -0.422432 -0.421267 -0.419723 -0.417749 -0.415282 -0.41225 -0.408568 -0.404133 -0.398828 -0.392515 -0.385035 -0.376203 -0.365812 -0.353622 -0.339364 -0.322737 -0.303404 -0.280995 -0.255105 -0.225299 -0.191108 -0.152042 -0.107592 -0.0572403 -0.000469524 0.0632207 0.1343 0.21319 0.300244 0.395726 0.499792 0.612467 0.733628 0.862984 1.00007 1.14423 1.29463 1.45025 1.6099 1.77229 1.93597 2.09946 2.26123 2.41976 2.5736 2.72136 2.86178 2.99372 3.11617 3.22829 3.32934 3.41873 3.49596 3.56059 3.61226 3.65023 3.67434 3.68496 3.68208 3.66579 3.63627 3.59385 3.53895 3.47212 3.39403 3.30546 3.20728 3.10046 2.98604 2.86516 2.73895 2.60862 2.47536 2.34036 2.20475 2.06962 1.93601 1.80485 1.67696 1.55308 1.43385 1.31977 1.21124 1.10857 1.01195 0.921494 0.837226 0.759099 0.687006 0.620788 0.560246 0.505152 0.455258 0.410305 0.370031 0.334178 0.302499 0.274762 0.250753 0.230282 0.213183 0.199316 0.188568 0.180856 0.176123 0.174342 0.175516 0.179675 0.186883 0.19723 0.21084 0.227872 0.248523 0.273035 0.301712 0.334945 0.373265 0.417434 0.468567 0.527192 0.593126 0.666276 0.746445 0.833222 0.925971 1.02384 1.12576 1.23038 1.33529 1.42979 1.43624 
-0.0946848 -0.190834 -0.193837 -0.196986 -0.200275 -0.203699 -0.207254 -0.210933 -0.214732 -0.218644 -0.222664 -0.226786 -0.231004 -0.235312 -0.239703 -0.244173 -0.248713 -0.253318 -0.257981 -0.262695 -0.267453 -0.272248 -0.277073 -0.28192 -0.286783 -0.291653 -0.296523 -0.301385 -0.306231 -0.311053 -0.315844 -0.320594 -0.325296 -0.329942 -0.334524 -0.339034 -0.343463 -0.347805 -0.352051 -0.356194 -0.360228 -0.364145 -0.36794 -0.371606 -0.375137 -0.37853 -0.381779 -0.38488 -0.387829 -0.390623 -0.39326 -0.395736 -0.39805 -0.4002 -0.402183 -0.403998 -0.405642 -0.407112 -0.408406 -0.409518 -0.410443 -0.411174 -0.411701 -0.412011 -0.412089 -0.411914 -0.411463 -0.410704 -0.4096 -0.408105 -0.406165 -0.403716 -0.40068 -0.396968 -0.392472 -0.387071 -0.380622 -0.37296 -0.363898 -0.35322 -0.340682 -0.32601 -0.308893 -0.288989 -0.265915 -0.239254 -0.20855 -0.173314 -0.133024 -0.087133 -0.0350734 0.0237303 0.0898515 0.163846 0.246236 0.337488 0.437995 0.548051 0.667827 0.797349 0.936473 1.08486 1.24198 1.40708 1.57917 1.75708 1.93944 2.1247 2.3112 2.49722 2.68099 2.86079 3.03499 3.20207 3.36071 3.50975 3.64824 3.77541 3.89069 3.99365 4.08397 4.16143 4.22588 4.27709 4.31441 4.33727 4.34584 4.34027 4.32059 4.28692 4.23949 4.17864 4.10481 4.0186 3.92068 3.81187 3.69311 3.56545 3.43001 3.28802 3.14076 2.98954 2.83567 2.68048 2.52521 2.37109 2.21921 2.07061 1.92618 1.78671 1.65287 1.52518 1.40404 1.28977 1.18252 1.08239 0.989366 0.903365 0.824238 0.751786 0.685774 0.625935 0.57199 0.52365 0.48063 0.442654 0.409461 0.380812 0.356493 0.336316 0.320126 0.307802 0.299254 0.294432 0.29332 0.295941 0.302358 0.312676 0.32704 0.345642 0.368723 0.39658 0.429576 0.468166 0.512935 0.564679 0.624591 0.693859 0.772584 0.860335 0.956862 1.06164 1.17384 1.29237 1.41589 1.54281 1.67127 1.79801 1.908 1.88493 
-0.092519 -0.186491 -0.189471 -0.192596 -0.195861 -0.19926 -0.202788 -0.206441 -0.210211 -0.214095 -0.218085 -0.222176 -0.226362 -0.230637 -0.234995 -0.239428 -0.243931 -0.248497 -0.25312 -0.257791 -0.262504 -0.267252 -0.272027 -0.276822 -0.281628 -0.286439 -0.291246 -0.296041 -0.300816 -0.305563 -0.310272 -0.314936 -0.319546 -0.324094 -0.328571 -0.332968 -0.337278 -0.341493 -0.345604 -0.349605 -0.353487 -0.357245 -0.360871 -0.36436 -0.367705 -0.370903 -0.373949 -0.376839 -0.379569 -0.382136 -0.384539 -0.386774 -0.38884 -0.390734 -0.392455 -0.394 -0.395366 -0.396549 -0.397543 -0.398341 -0.398933 -0.399306 -0.399443 -0.399323 -0.39892 -0.398199 -0.39712 -0.395634 -0.393681 -0.391193 -0.388086 -0.384263 -0.379614 -0.374007 -0.367295 -0.359308 -0.34985 -0.338703 -0.325617 -0.310312 -0.292476 -0.271758 -0.247774 -0.220098 -0.188267 -0.151779 -0.110094 -0.0626437 -0.00882883 0.051967 0.120369 0.196999 0.282458 0.377309 0.482055 0.597117 0.722804 0.859293 1.0066 1.16453 1.3327 1.51048 1.69698 1.89105 2.09132 2.29615 2.50374 2.71214 2.91931 3.12322 3.32189 3.51349 3.6964 3.86921 4.03082 4.1804 4.31739 4.44148 4.55254 4.65061 4.73582 4.80836 4.86837 4.91591 4.95056 4.97114 4.9774 4.96978 4.94817 4.91257 4.863 4.7996 4.72259 4.63234 4.52934 4.41422 4.28778 4.15096 4.00484 3.85064 3.68966 3.52331 3.35303 3.18027 3.00649 2.83307 2.66136 2.49257 2.32782 2.1681 2.01424 1.86694 1.72677 1.59413 1.46932 1.3525 1.24373 1.14296 1.05008 0.964906 0.887204 0.816704 0.753109 0.696114 0.645411 0.6007 0.561695 0.528136 0.499789 0.476454 0.457965 0.4442 0.435077 0.430561 0.430664 0.43545 0.445034 0.459589 0.479346 0.5046 0.535713 0.573128 0.617378 0.669122 0.729201 0.798756 0.879454 0.972087 1.0761 1.19092 1.31584 1.44978 1.59132 1.73873 1.89005 2.04313 2.19558 2.34338 2.46768 2.41888 
-0.0900977 -0.181637 -0.184594 -0.187695 -0.190935 -0.194309 -0.197812 -0.201437 -0.20518 -0.209034 -0.212995 -0.217055 -0.221209 -0.225451 -0.229774 -0.234171 -0.238636 -0.243163 -0.247743 -0.25237 -0.257037 -0.261736 -0.26646 -0.2712 -0.275948 -0.280697 -0.285438 -0.290163 -0.294862 -0.299528 -0.304151 -0.308723 -0.313234 -0.317676 -0.322039 -0.326316 -0.330497 -0.334573 -0.338537 -0.342382 -0.346098 -0.34968 -0.353121 -0.356414 -0.359555 -0.362538 -0.36536 -0.368016 -0.370504 -0.372821 -0.374964 -0.376932 -0.378722 -0.380333 -0.38176 -0.383001 -0.38405 -0.3849 -0.385541 -0.385958 -0.386134 -0.386045 -0.385663 -0.384949 -0.383859 -0.382337 -0.380318 -0.377725 -0.374466 -0.370437 -0.365517 -0.359566 -0.352429 -0.343925 -0.333854 -0.321989 -0.308077 -0.291834 -0.272944 -0.251058 -0.22579 -0.196715 -0.16337 -0.125251 -0.0818177 -0.0324907 0.0233401 0.0863119 0.15708 0.236306 0.324648 0.422736 0.531163 0.650451 0.781034 0.923226 1.07719 1.24291 1.42014 1.60842 1.80698 2.01479 2.23048 2.45243 2.67869 2.90713 3.13542 3.36115 3.58195 3.79554 3.99986 4.19315 4.37401 4.54144 4.69482 4.83393 4.95888 5.07001 5.16789 5.25316 5.3265 5.38854 5.43981 5.48063 5.51083 5.52879 5.53367 5.52588 5.50524 5.47149 5.42435 5.36362 5.28916 5.20095 5.09915 4.98408 4.85627 4.71645 4.56553 4.40464 4.23508 4.05826 3.87571 3.68905 3.49988 3.30983 3.12044 2.93319 2.74943 2.57039 2.39714 2.23058 2.07148 1.9204 1.77779 1.64393 1.51896 1.40294 1.29578 1.19736 1.10744 1.02578 0.952081 0.88602 0.827282 0.77555 0.730525 0.691932 0.659526 0.633101 0.612497 0.597601 0.588355 0.584759 0.586876 0.594836 0.608841 0.62917 0.656181 0.690322 0.73213 0.782244 0.84142 0.910568 0.990823 1.08371 1.19103 1.31278 1.44765 1.59462 1.75226 1.91868 2.09165 2.2687 2.44721 2.62454 2.79792 2.96282 3.09761 3.02872 
-0.0874001 -0.176231 -0.179165 -0.182242 -0.185458 -0.188807 -0.192284 -0.195882 -0.199597 -0.203423 -0.207354 -0.211383 -0.215505 -0.219713 -0.224001 -0.228362 -0.232789 -0.237276 -0.241814 -0.246397 -0.251016 -0.255665 -0.260336 -0.265019 -0.269708 -0.274392 -0.279064 -0.283715 -0.288335 -0.292916 -0.297448 -0.301921 -0.306326 -0.310654 -0.314896 -0.319041 -0.323082 -0.327008 -0.330812 -0.334485 -0.338019 -0.341408 -0.344645 -0.347723 -0.350637 -0.353383 -0.355956 -0.358354 -0.360573 -0.362611 -0.364466 -0.366135 -0.367616 -0.368906 -0.369998 -0.370886 -0.37156 -0.372005 -0.372201 -0.372122 -0.371735 -0.370998 -0.36986 -0.368257 -0.366114 -0.363343 -0.359841 -0.355491 -0.350159 -0.343693 -0.335923 -0.326659 -0.315688 -0.302778 -0.287667 -0.270069 -0.249668 -0.226117 -0.199034 -0.168002 -0.132567 -0.0922352 -0.0464758 0.00528058 0.0636388 0.129235 0.20273 0.284801 0.376131 0.477394 0.589237 0.712259 0.846989 0.993855 1.15316 1.32503 1.5094 1.70598 1.91416 2.13305 2.36141 2.59764 2.83976 3.08549 3.33225 3.57727 3.81767 4.05064 4.27356 4.48411 4.68041 4.86111 5.02542 5.1731 5.30444 5.42014 5.52124 5.60898 5.68471 5.74974 5.80529 5.85241 5.89188 5.92424 5.94943 5.96565 5.97153 5.96709 5.95188 5.92529 5.88666 5.83531 5.77061 5.69205 5.5993 5.49223 5.37096 5.2359 5.0877 4.9273 4.75588 4.57483 4.38574 4.1903 3.99033 3.78762 3.58399 3.38118 3.18082 2.98442 2.79331 2.60868 2.43151 2.2626 2.10256 1.95185 1.81075 1.67941 1.55784 1.44598 1.34364 1.2506 1.16658 1.09127 1.02436 0.965518 0.914454 0.870886 0.834573 0.805321 0.782987 0.76749 0.758818 0.757036 0.76229 0.774819 0.794957 0.823144 0.859926 0.905963 0.962027 1.029 1.1079 1.19987 1.30629 1.42898 1.56913 1.72554 1.89608 2.0788 2.27121 2.47042 2.6733 2.87667 3.07743 3.27271 3.4597 3.63384 3.7722 3.69042 
-0.0844052 -0.17023 -0.173142 -0.176196 -0.179388 -0.182712 -0.186163 -0.189735 -0.193423 -0.197221 -0.201122 -0.205121 -0.209211 -0.213386 -0.217639 -0.221964 -0.226353 -0.230799 -0.235295 -0.239833 -0.244405 -0.249003 -0.25362 -0.258245 -0.262872 -0.26749 -0.272091 -0.276664 -0.281202 -0.285693 -0.290128 -0.294497 -0.29879 -0.302997 -0.307107 -0.311111 -0.314999 -0.318762 -0.322391 -0.325876 -0.329211 -0.332387 -0.335397 -0.338237 -0.340899 -0.343381 -0.345678 -0.347787 -0.349706 -0.351432 -0.352962 -0.354293 -0.35542 -0.356337 -0.357032 -0.35749 -0.35769 -0.357602 -0.35719 -0.356403 -0.355183 -0.353454 -0.351128 -0.348103 -0.344257 -0.339456 -0.333546 -0.326355 -0.317697 -0.307362 -0.295126 -0.280741 -0.26394 -0.244433 -0.221903 -0.19601 -0.166381 -0.132615 -0.0942761 -0.0508941 -0.00196219 0.0530629 0.11476 0.183742 0.260649 0.346148 0.440918 0.54564 0.660986 0.787597 0.926063 1.0769 1.24051 1.41716 1.60694 1.80972 2.0251 2.25237 2.49045 2.73785 2.99268 3.25259 3.51482 3.77628 4.03363 4.28344 4.52237 4.74738 4.9559 5.14597 5.3164 5.46679 5.59749 5.70953 5.80449 5.8843 5.95112 6.00713 6.05438 6.09474 6.12975 6.16063 6.18821 6.21297 6.23481 6.25199 6.26269 6.2663 6.26199 6.24872 6.2253 6.19054 6.14323 6.0823 6.00683 5.91615 5.80989 5.68799 5.55074 5.3988 5.23315 5.05507 4.86614 4.66811 4.46293 4.2526 4.03919 3.82471 3.6111 3.40018 3.19362 2.99289 2.79925 2.61377 2.4373 2.2705 2.11383 1.96758 1.83189 1.70678 1.59216 1.48783 1.39358 1.30911 1.23413 1.16833 1.11143 1.06318 1.02333 0.991749 0.968321 0.953029 0.945945 0.947236 0.957186 0.976199 1.00481 1.04369 1.09364 1.15561 1.23065 1.3199 1.42456 1.5459 1.68525 1.84426 2.02269 2.21768 2.42606 2.64448 2.86921 3.09634 3.32201 3.54269 3.75524 3.95706 4.14586 4.31765 4.45011 4.36361 
-0.0810922 -0.163593 -0.166483 -0.169514 -0.172683 -0.175983 -0.179409 -0.182955 -0.186617 -0.190387 -0.194259 -0.198229 -0.202288 -0.20643 -0.21065 -0.214939 -0.21929 -0.223696 -0.22815 -0.232643 -0.237168 -0.241715 -0.246277 -0.250844 -0.255408 -0.259958 -0.264485 -0.26898 -0.273431 -0.277829 -0.282163 -0.286422 -0.290595 -0.294672 -0.298642 -0.302493 -0.306217 -0.309802 -0.313239 -0.316519 -0.319632 -0.322573 -0.325333 -0.327906 -0.330289 -0.332475 -0.334462 -0.336246 -0.337825 -0.339196 -0.340354 -0.341291 -0.341999 -0.34246 -0.342652 -0.342543 -0.342089 -0.341233 -0.339903 -0.33801 -0.335448 -0.332092 -0.327797 -0.322401 -0.315722 -0.307561 -0.297702 -0.285913 -0.271945 -0.255535 -0.236403 -0.214254 -0.188773 -0.159628 -0.126464 -0.088904 -0.0465428 0.00105282 0.0543475 0.113838 0.180056 0.253566 0.334961 0.424866 0.523924 0.632793 0.752132 0.882586 1.02477 1.17924 1.34649 1.52687 1.72062 1.92775 2.14806 2.38104 2.62583 2.88114 3.14523 3.41582 3.69013 3.96484 4.23622 4.50026 4.75286 4.99005 5.20834 5.40492 5.57788 5.72638 5.85067 5.95201 6.03253 6.09498 6.14251 6.17835 6.20564 6.22723 6.24554 6.26252 6.27961 6.29776 6.31751 6.33894 6.36169 6.38424 6.40447 6.42108 6.4329 6.43841 6.43596 6.42382 6.40025 6.3636 6.31237 6.24531 6.16148 6.06031 5.94164 5.80572 5.65326 5.48534 5.30342 5.10926 4.90488 4.69246 4.47428 4.25263 4.02976 3.80783 3.58885 3.3746 3.16671 2.96652 2.77517 2.59355 2.42236 2.26206 2.11296 1.97519 1.84876 1.73358 1.62948 1.53622 1.45356 1.38122 1.31896 1.26655 1.22382 1.19068 1.16711 1.15319 1.14912 1.15524 1.17204 1.20016 1.24044 1.29386 1.36155 1.44478 1.54485 1.66306 1.80057 1.95835 2.13707 2.33719 2.55639 2.78985 3.03287 3.28061 3.52825 3.77127 4.00571 4.22837 4.43686 4.62954 4.80525 4.96122 5.07753 4.99462 
-0.0774401 -0.156278 -0.159147 -0.162156 -0.165302 -0.168579 -0.171981 -0.175503 -0.179138 -0.182882 -0.186727 -0.190668 -0.194697 -0.198808 -0.202995 -0.207249 -0.211564 -0.215932 -0.220344 -0.224794 -0.229271 -0.233768 -0.238276 -0.242784 -0.247284 -0.251766 -0.256218 -0.260631 -0.264994 -0.269295 -0.273523 -0.277666 -0.281713 -0.285652 -0.289471 -0.293159 -0.296704 -0.300095 -0.303322 -0.306375 -0.309245 -0.311923 -0.314403 -0.316679 -0.318745 -0.320597 -0.322232 -0.323646 -0.324835 -0.325792 -0.326508 -0.326967 -0.327144 -0.327006 -0.326502 -0.325566 -0.324111 -0.322029 -0.319189 -0.315436 -0.31059 -0.304451 -0.296795 -0.287382 -0.275954 -0.262242 -0.245964 -0.226829 -0.204539 -0.178791 -0.149273 -0.115665 -0.0776397 -0.0348537 0.0130502 0.0664491 0.125743 0.191359 0.263752 0.343409 0.430847 0.526613 0.631284 0.745454 0.869733 1.00473 1.15105 1.30926 1.47988 1.66333 1.85993 2.06986 2.29306 2.52924 2.77778 3.03764 3.30732 3.58476 3.86728 4.15155 4.43361 4.70897 4.97281 5.22021 5.44656 5.64786 5.82117 5.96484 6.07869 6.16403 6.22349 6.26073 6.28009 6.28617 6.28349 6.27616 6.2677 6.26092 6.25789 6.25996 6.2679 6.28192 6.30183 6.32709 6.35688 6.3898 6.42384 6.4573 6.48866 6.51612 6.53769 6.55126 6.5547 6.5459 6.52285 6.48377 6.42718 6.35195 6.25739 6.14332 6.01002 5.85829 5.68938 5.50494 5.307 5.09782 4.87984 4.65562 4.42768 4.19852 3.97047 3.7457 3.52616 3.31353 3.10926 2.91452 2.73026 2.55717 2.39572 2.24623 2.10884 1.98356 1.8703 1.76893 1.67925 1.60107 1.53419 1.47847 1.43382 1.40026 1.37789 1.36697 1.3679 1.38128 1.4079 1.44875 1.50504 1.57813 1.66952 1.7807 1.91305 2.06767 2.24514 2.44531 2.66722 2.90879 3.16515 3.4295 3.69556 3.95749 4.21014 4.44939 4.67224 4.87687 5.06251 5.2292 5.37729 5.50555 5.59775 5.52606 
-0.0734289 -0.148246 -0.151093 -0.154082 -0.157206 -0.160461 -0.16384 -0.167338 -0.17095 -0.174668 -0.178487 -0.182401 -0.186402 -0.190484 -0.194639 -0.198861 -0.203141 -0.207471 -0.211844 -0.216251 -0.220683 -0.225131 -0.229585 -0.234036 -0.238473 -0.242886 -0.247263 -0.251593 -0.255865 -0.260066 -0.264184 -0.268207 -0.272121 -0.275913 -0.279571 -0.283082 -0.286433 -0.289613 -0.292609 -0.29541 -0.298008 -0.300393 -0.302558 -0.304496 -0.306202 -0.307672 -0.3089 -0.309882 -0.310608 -0.311064 -0.311226 -0.311058 -0.310505 -0.309491 -0.307912 -0.305636 -0.302499 -0.298305 -0.292827 -0.285806 -0.276962 -0.265991 -0.252575 -0.236384 -0.217088 -0.194354 -0.167855 -0.137273 -0.102298 -0.0626296 -0.0179743 0.0319567 0.0874526 0.148808 0.216328 0.290336 0.371175 0.459217 0.554863 0.658547 0.770734 0.89192 1.02262 1.16339 1.31475 1.47724 1.65139 1.83763 2.03636 2.24784 2.47217 2.70924 2.95867 3.21972 3.49119 3.77132 4.05772 4.34723 4.6359 4.91903 5.19123 5.44672 5.67969 5.88477 6.05756 6.19516 6.29652 6.36261 6.39638 6.40241 6.38643 6.35475 6.31368 6.26903 6.22575 6.18776 6.15789 6.13789 6.12862 6.13019 6.14216 6.16367 6.19362 6.23076 6.27377 6.32122 6.37151 6.42312 6.47442 6.52352 6.56835 6.60671 6.63629 6.65473 6.6597 6.64901 6.6207 6.57314 6.50509 6.41585 6.30523 6.1736 6.02192 5.8516 5.66456 5.46306 5.24962 5.02697 4.79787 4.56511 4.33136 4.09911 3.87067 3.64808 3.43309 3.2272 3.03161 2.84727 2.67486 2.5149 2.36766 2.23332 2.11191 2.00338 1.90765 1.82461 1.75418 1.69633 1.65112 1.61871 1.59943 1.59377 1.60247 1.62647 1.66698 1.72544 1.80346 1.90278 2.02508 2.1718 2.34388 2.54145 2.76354 3.00783 3.27042 3.54564 3.82591 4.10319 4.37049 4.6223 4.85469 5.06541 5.25376 5.42033 5.56655 5.69435 5.80555 5.9001 5.96572 5.9114 
-0.0690388 -0.139456 -0.142284 -0.145253 -0.148356 -0.15159 -0.154948 -0.158425 -0.162014 -0.165709 -0.169504 -0.173393 -0.177368 -0.181422 -0.185549 -0.18974 -0.193987 -0.198283 -0.202619 -0.206986 -0.211375 -0.215775 -0.220178 -0.224573 -0.228948 -0.233293 -0.237595 -0.241842 -0.246022 -0.250121 -0.254126 -0.258023 -0.261797 -0.265434 -0.26892 -0.272241 -0.275381 -0.278328 -0.281069 -0.283591 -0.285883 -0.287935 -0.28974 -0.291291 -0.29258 -0.293602 -0.294349 -0.294809 -0.29496 -0.294768 -0.294176 -0.293099 -0.291418 -0.288972 -0.285556 -0.28092 -0.274769 -0.266767 -0.256545 -0.243709 -0.227849 -0.208548 -0.185395 -0.157994 -0.125972 -0.0889842 -0.046719 0.00110025 0.0547169 0.114345 0.180176 0.252383 0.331137 0.416608 0.50898 0.608459 0.715278 0.829707 0.952053 1.08266 1.22192 1.37026 1.52811 1.69594 1.87423 2.0634 2.26388 2.47598 2.69993 2.93578 3.18339 3.44228 3.7116 3.98999 4.27545 4.56521 4.85559 5.14194 5.41868 5.67939 5.91721 6.1253 6.29755 6.4293 6.51803 6.56381 6.56946 6.54028 6.4835 6.40748 6.3208 6.23151 6.14654 6.07129 6.00957 5.96366 5.93448 5.92188 5.9249 5.94209 5.97164 6.01166 6.06025 6.1156 6.17606 6.24015 6.3067 6.37478 6.44313 6.51008 6.57376 6.63215 6.68304 6.72408 6.75286 6.76696 6.76408 6.74215 6.69947 6.63476 6.54734 6.43707 6.30448 6.15065 5.97727 5.78645 5.58071 5.36285 5.1358 4.90256 4.66609 4.4292 4.19451 3.9644 3.74096 3.52597 3.32095 3.12708 2.94532 2.77634 2.62064 2.47854 2.35022 2.23578 2.13525 2.04869 1.97615 1.91777 1.87383 1.84474 1.83114 1.83389 1.85415 1.89335 1.95318 2.03552 2.14232 2.27541 2.43617 2.62524 2.84213 3.08484 3.3496 3.63075 3.92078 4.21048 4.48996 4.75135 4.98952 5.20138 5.38617 5.54506 5.68058 5.79603 5.89489 5.98034 6.05482 6.11846 6.16202 6.12908 
-0.0642515 -0.129872 -0.132682 -0.135632 -0.138717 -0.141931 -0.14527 -0.148727 -0.152295 -0.15597 -0.159743 -0.163609 -0.167561 -0.171591 -0.175692 -0.179855 -0.184074 -0.188338 -0.19264 -0.196971 -0.201319 -0.205676 -0.21003 -0.214371 -0.218687 -0.222966 -0.227194 -0.231359 -0.235447 -0.239443 -0.243332 -0.247098 -0.250726 -0.2542 -0.257502 -0.260617 -0.263528 -0.266219 -0.268675 -0.270882 -0.272826 -0.274498 -0.275886 -0.276981 -0.277776 -0.278259 -0.278414 -0.278209 -0.277592 -0.276479 -0.274737 -0.272179 -0.268554 -0.26354 -0.256753 -0.247747 -0.236028 -0.221066 -0.202312 -0.179219 -0.151254 -0.11792 -0.0787677 -0.0334078 0.0184804 0.0771457 0.142765 0.215448 0.295248 0.382168 0.476182 0.577245 0.685311 0.800349 0.922355 1.05137 1.18747 1.3308 1.48156 1.64 1.80643 1.98121 2.16472 2.35737 2.55954 2.77162 2.9939 3.22658 3.46971 3.72309 3.98623 4.25818 4.53744 4.82175 5.10795 5.3918 5.66787 5.92955 6.16927 6.37893 6.55061 6.67754 6.75507 6.78156 6.75896 6.6928 6.59162 6.46602 6.32737 6.18661 6.05327 5.93484 5.83651 5.76127 5.71015 5.68268 5.67725 5.69153 5.72283 5.76829 5.82512 5.89071 5.96272 6.03911 6.11815 6.19845 6.27911 6.35987 6.44025 6.51908 6.59495 6.66622 6.73106 6.78738 6.83289 6.86519 6.8818 6.8804 6.85884 6.81541 6.74885 6.65852 6.54443 6.40726 6.24831 6.06949 5.87316 5.66209 5.43928 5.20788 4.97106 4.73187 4.49325 4.25785 4.02809 3.80605 3.59351 3.39194 3.20251 3.02616 2.86356 2.71521 2.58149 2.46266 2.35893 2.27053 2.19776 2.14099 2.10082 2.07801 2.07364 2.08908 2.12599 2.18634 2.27225 2.38584 2.52894 2.70273 2.90732 3.14127 3.40124 3.68175 3.97523 4.27232 4.56252 4.83505 5.07986 5.29127 5.46865 5.61397 5.73123 5.82562 5.90264 5.96736 6.02397 6.07552 6.12356 6.16716 6.19855 6.1884 
-0.0590499 -0.11946 -0.122253 -0.125185 -0.128253 -0.131451 -0.134772 -0.138212 -0.141763 -0.145419 -0.149174 -0.153021 -0.156953 -0.160962 -0.165041 -0.169181 -0.173374 -0.177611 -0.181883 -0.186181 -0.190493 -0.19481 -0.199121 -0.203412 -0.207672 -0.211888 -0.216045 -0.22013 -0.224127 -0.228019 -0.23179 -0.235423 -0.238899 -0.2422 -0.245306 -0.248198 -0.250857 -0.253264 -0.2554 -0.257248 -0.258793 -0.260019 -0.260913 -0.261463 -0.261652 -0.261458 -0.260839 -0.259718 -0.257967 -0.255383 -0.251672 -0.246435 -0.23917 -0.229279 -0.216088 -0.198865 -0.176856 -0.149308 -0.115505 -0.0747911 -0.026596 0.0295443 0.0939744 0.166912 0.248447 0.338549 0.437075 0.543793 0.658398 0.78054 0.909848 1.04595 1.18852 1.33726 1.49194 1.65243 1.81865 1.99065 2.16854 2.35253 2.54288 2.73994 2.94408 3.15569 3.37514 3.60275 3.83876 4.08323 4.336 4.59654 4.86388 5.13637 5.41154 5.68582 5.95435 6.21083 6.44755 6.65561 6.82558 6.94844 7.01691 7.02678 6.97808 6.87559 6.72859 6.54978 6.35368 6.15479 5.96605 5.79775 5.65705 5.54799 5.47187 5.42789 5.41368 5.42592 5.46081 5.51439 5.58281 5.66251 5.75024 5.84321 5.93903 6.03571 6.13171 6.22582 6.31736 6.40644 6.4934 6.57785 6.65892 6.73556 6.80645 6.86993 6.92407 6.96665 6.99525 7.00743 7.0008 6.97326 6.92308 6.84913 6.75088 6.62853 6.48298 6.31577 6.12907 5.92549 5.708 5.47982 5.24424 5.00451 4.76377 4.52498 4.29078 4.06355 3.84534 3.63786 3.44255 3.26055 3.09276 2.9399 2.80253 2.68114 2.57617 2.48811 2.41755 2.36525 2.3322 2.31969 2.32932 2.36304 2.42303 2.51162 2.63098 2.78281 2.96783 3.18529 3.43246 3.70425 3.99316 4.28952 4.58213 4.85936 5.11036 5.32629 5.50134 5.63447 5.73045 5.79756 5.84465 5.87981 5.90963 5.93886 5.97043 6.00553 6.04357 6.08145 6.11149 6.12302 
-0.0534184 -0.108189 -0.110966 -0.113884 -0.116937 -0.12012 -0.123426 -0.126851 -0.130387 -0.134029 -0.137769 -0.141601 -0.145517 -0.149509 -0.15357 -0.157691 -0.161864 -0.166079 -0.170327 -0.174597 -0.178879 -0.183162 -0.187433 -0.19168 -0.19589 -0.200047 -0.204138 -0.208146 -0.212054 -0.215844 -0.219497 -0.222993 -0.226311 -0.22943 -0.232326 -0.234976 -0.237357 -0.239446 -0.241219 -0.242653 -0.243727 -0.244421 -0.244716 -0.244587 -0.244003 -0.242907 -0.241192 -0.238671 -0.235033 -0.229816 -0.222388 -0.211954 -0.197578 -0.178233 -0.152842 -0.120338 -0.0797123 -0.0300625 0.0293716 0.0991754 0.179739 0.271246 0.37367 0.486788 0.610189 0.743311 0.885463 1.03587 1.1937 1.35813 1.52834 1.70359 1.88324 2.06673 2.25368 2.4438 2.63697 2.83319 3.03261 3.23548 3.44212 3.65297 3.86847 4.08907 4.3152 4.54717 4.78515 5.02904 5.27837 5.53212 5.78857 6.04498 6.29736 6.54023 6.76637 6.96685 7.1314 7.24916 7.3101 7.30672 7.23591 7.1003 6.90871 6.67527 6.41762 6.15437 5.90276 5.67682 5.48642 5.33718 5.23096 5.16665 5.14109 5.14987 5.18796 5.25022 5.33166 5.42768 5.53413 5.64738 5.76431 5.88228 5.99914 6.11316 6.22304 6.32785 6.42707 6.52085 6.61004 6.69511 6.77578 6.85158 6.92177 6.98526 7.04057 7.08585 7.11893 7.1374 7.13882 7.12084 7.08141 7.01894 6.93245 6.82165 6.687 6.52967 6.35151 6.15493 5.94281 5.7183 5.48477 5.24558 5.00405 4.76331 4.52627 4.29551 4.07334 3.86172 3.66231 3.47648 3.30537 3.14993 3.01096 2.88922 2.78547 2.70053 2.63541 2.59136 2.56991 2.57294 2.60263 2.66138 2.75161 2.87542 3.03412 3.2277 3.45417 3.70912 3.98539 4.27321 4.56076 4.83525 5.08434 5.2977 5.46838 5.59366 5.67532 5.71922 5.73504 5.7349 5.73016 5.72907 5.73653 5.75474 5.78371 5.82173 5.86544 5.90925 5.94513 5.97543 
-0.0473437 -0.096033 -0.098796 -0.1017 -0.104741 -0.107911 -0.111206 -0.11462 -0.118145 -0.121776 -0.125505 -0.129326 -0.133231 -0.137212 -0.14126 -0.145368 -0.149526 -0.153725 -0.157955 -0.162204 -0.166462 -0.170717 -0.174956 -0.179166 -0.183331 -0.187437 -0.191467 -0.195403 -0.199226 -0.202917 -0.206452 -0.20981 -0.212965 -0.215892 -0.218563 -0.220949 -0.223022 -0.22475 -0.226103 -0.22705 -0.227561 -0.227604 -0.227144 -0.226137 -0.224506 -0.222108 -0.218676 -0.21375 -0.20661 -0.196248 -0.181388 -0.160556 -0.13217 -0.0946486 -0.0465084 0.0135565 0.0866098 0.173429 0.274476 0.389887 0.519472 0.662731 0.818879 0.986891 1.16554 1.35346 1.5492 1.75128 1.95826 2.16877 2.38159 2.59564 2.81005 3.02417 3.23753 3.44991 3.66128 3.87178 4.08174 4.29162 4.50197 4.71345 4.92669 5.14232 5.36083 5.58255 5.80753 6.03536 6.26501 6.49456 6.72099 6.93982 7.14485 7.32793 7.47902 7.58657 7.63851 7.62402 7.53584 7.37269 7.14093 6.85462 6.53376 6.20129 5.87954 5.58738 5.33845 5.14071 4.99697 4.906 4.86383 4.86484 4.90272 4.97107 5.06375 5.17516 5.30028 5.43468 5.57455 5.71662 5.85814 5.99683 6.13084 6.25873 6.37942 6.4922 6.59668 6.69285 6.78176 6.86452 6.94131 7.01221 7.07707 7.13536 7.18614 7.22803 7.2592 7.2775 7.28054 7.26593 7.23143 7.17512 7.09567 6.99237 6.86525 6.71512 6.54349 6.35254 6.14496 5.92383 5.69248 5.45435 5.21284 4.97125 4.73264 4.49982 4.27528 4.06122 3.85952 3.67179 3.49941 3.34361 3.20548 3.08613 2.98669 2.90848 2.85302 2.82213 2.81797 2.84294 2.89957 2.99026 3.11682 3.27994 3.47849 3.70894 3.96484 4.23672 4.51249 4.77842 5.02061 5.2268 5.38809 5.50023 5.56414 5.58565 5.57438 5.54221 5.50166 5.46456 5.44049 5.43471 5.44824 5.47942 5.52481 5.57972 5.63815 5.69244 5.73514 5.78095 
-0.0408149 -0.0829692 -0.0857204 -0.0886138 -0.0916442 -0.0948056 -0.0980922 -0.101498 -0.105016 -0.108641 -0.112364 -0.116179 -0.120078 -0.124053 -0.128095 -0.132196 -0.136346 -0.140536 -0.144755 -0.148991 -0.153233 -0.157469 -0.161684 -0.165864 -0.169994 -0.174056 -0.178033 -0.181904 -0.185649 -0.189244 -0.192664 -0.195882 -0.19887 -0.201595 -0.204024 -0.206121 -0.207847 -0.209163 -0.210024 -0.210388 -0.210205 -0.209425 -0.207982 -0.205774 -0.202617 -0.198151 -0.191715 -0.182211 -0.168034 -0.147117 -0.117084 -0.0754777 -0.01997 0.0514558 0.140388 0.247919 0.374616 0.520524 0.685185 0.867673 1.06665 1.28041 1.50699 1.74419 1.98972 2.24121 2.49638 2.75304 3.00919 3.26309 3.51326 3.75853 3.99806 4.23131 4.45807 4.67839 4.8926 5.10125 5.30508 5.50498 5.70196 5.89713 6.09143 6.28559 6.48004 6.6752 6.87087 7.06561 7.25693 7.4411 7.61288 7.76522 7.88907 7.97359 8.00672 7.97639 7.8722 7.68776 7.42402 7.09161 6.71059 6.30738 5.90999 5.54338 5.22635 4.9703 4.77971 4.65356 4.58707 4.57338 4.60478 4.67353 4.77239 4.89478 5.03492 5.18772 5.34879 5.51432 5.68105 5.84618 6.00734 6.16257 6.31029 6.44925 6.57854 6.69757 6.80604 6.90381 6.99166 7.07092 7.14236 7.20646 7.26352 7.31355 7.35617 7.39047 7.41508 7.42819 7.42763 7.4111 7.37629 7.32116 7.24409 7.14408 7.02083 6.87479 6.7072 6.51995 6.31556 6.09698 5.86747 5.63048 5.38946 5.1478 4.90869 4.67511 4.44973 4.23495 4.03287 3.84535 3.67406 3.52052 3.38622 3.27268 3.18154 3.11467 3.07419 3.06251 3.0822 3.13584 3.22563 3.35286 3.5173 3.71641 3.94477 4.19367 4.45128 4.70342 4.9349 5.13151 5.28202 5.37994 5.42454 5.42093 5.3791 5.31222 5.2347 5.16019 5.10015 5.06292 5.0531 5.07074 5.11222 5.17207 5.24384 5.3203 5.3934 5.45444 5.49899 5.55802 
-0.0338237 -0.0689816 -0.0717231 -0.0746082 -0.0776314 -0.080787 -0.0840689 -0.0874711 -0.0909868 -0.0946095 -0.0983319 -0.102147 -0.106046 -0.110021 -0.114064 -0.118166 -0.122316 -0.126505 -0.130721 -0.134953 -0.139189 -0.143414 -0.147616 -0.151777 -0.155881 -0.159909 -0.163842 -0.167658 -0.171332 -0.174838 -0.178147 -0.181227 -0.184043 -0.186556 -0.188724 -0.190501 -0.191835 -0.192671 -0.192946 -0.192594 -0.191537 -0.189682 -0.186894 -0.182941 -0.177364 -0.169266 -0.157038 -0.138162 -0.109247 -0.066379 -0.00563014 0.0764537 0.182528 0.314299 0.472514 0.657017 0.866847 1.10035 1.35527 1.62888 1.9181 2.21955 2.52977 2.84522 3.16249 3.47834 3.78982 4.09431 4.38962 4.67401 4.94617 5.20526 5.45089 5.68305 5.90212 6.10882 6.30416 6.4895 6.66637 6.8363 7.0018 7.16504 7.32644 7.48556 7.64156 7.7933 7.93897 8.0758 8.19973 8.30499 8.38393 8.42696 8.42293 8.36008 8.2276 8.01775 7.72818 7.36366 6.93763 6.47301 6.00127 5.55543 5.16186 4.83746 4.5897 4.4184 4.31825 4.28106 4.29761 4.35876 4.45608 4.58213 4.73044 4.89545 5.07236 5.257 5.44574 5.63537 5.82311 6.0065 6.18346 6.35223 6.51135 6.6597 6.79645 6.92105 7.03322 7.13283 7.22005 7.296 7.36204 7.41895 7.46742 7.50792 7.54054 7.56491 7.58009 7.58466 7.57677 7.55429 7.51502 7.45687 7.37813 7.27759 7.15471 7.00971 6.84355 6.65793 6.45516 6.23806 6.00981 5.77382 5.53357 5.29248 5.05386 4.8208 4.59614 4.38248 4.18215 3.99729 3.82988 3.68184 3.55509 3.45169 3.37383 3.32395 3.30467 3.31867 3.36843 3.45575 3.58118 3.74324 3.93772 4.1571 4.39036 4.62349 4.84061 5.02586 5.1656 5.25061 5.27768 5.25019 5.17757 5.07374 4.95489 4.83721 4.73491 4.65891 4.6161 4.60949 4.63795 4.69606 4.77608 4.86949 4.9674 5.06067 5.13991 5.19707 5.23473 5.30652 
-0.0263651 -0.0540601 -0.0567942 -0.0596737 -0.0626929 -0.0658462 -0.0691275 -0.0725305 -0.0760485 -0.0796748 -0.0834021 -0.0872229 -0.091129 -0.0951122 -0.0991635 -0.103274 -0.107432 -0.111629 -0.115853 -0.120091 -0.12433 -0.128557 -0.132756 -0.13691 -0.141 -0.145007 -0.148908 -0.15268 -0.156293 -0.159719 -0.162923 -0.165867 -0.168509 -0.1708 -0.172686 -0.174106 -0.174991 -0.175261 -0.174825 -0.173577 -0.171386 -0.168074 -0.163357 -0.156681 -0.146915 -0.131848 -0.107678 -0.068876 -0.00878903 0.0791475 0.20023 0.357817 0.553213 0.785903 1.05391 1.35416 1.68273 2.03515 2.40652 2.79175 3.18563 3.58305 3.97911 4.36924 4.74932 5.11578 5.46563 5.79654 6.10683 6.39544 6.66192 6.90634 7.12928 7.33175 7.51516 7.6814 7.8327 7.97285 8.10549 8.23117 8.34947 8.46034 8.56386 8.65957 8.74634 8.82199 8.88326 8.92598 8.9443 8.93042 8.87464 8.76607 8.59386 8.34906 8.02707 7.62995 7.16835 6.66156 6.13585 5.62172 5.15134 4.75168 4.43722 4.21063 4.06682 3.99649 3.9888 4.03306 4.11961 4.2401 4.38751 4.55592 4.74033 4.93642 5.14042 5.34891 5.55885 5.76742 5.9721 6.17064 6.36105 6.54163 6.71099 6.86803 7.01192 7.14213 7.25834 7.36037 7.44789 7.52157 7.58297 7.6332 7.67332 7.70422 7.72641 7.73996 7.74437 7.73859 7.72111 7.69005 7.64338 7.57911 7.49552 7.39132 7.26588 7.11924 6.9522 6.76628 6.56365 6.34701 6.11946 5.88434 5.64513 5.4053 5.16823 4.93711 4.71495 4.50455 4.3085 4.12925 3.96917 3.83064 3.71607 3.62806 3.5693 3.54258 3.55058 3.5955 3.67856 3.79927 3.95471 4.13878 4.34177 4.55052 4.74919 4.9209 5.04995 5.12424 5.1374 5.09005 4.98985 4.85032 4.68866 4.5233 4.37141 4.24709 4.16033 4.11663 4.11718 4.15949 4.23736 4.34107 4.45962 4.58202 4.69742 4.79523 4.86592 4.9048 4.92648 5.0123 
-0.0184371 -0.0382013 -0.0409305 -0.0438072 -0.0468259 -0.0499808 -0.0532656 -0.0566742 -0.0601998 -0.0638355 -0.0675739 -0.0714074 -0.0753278 -0.0793264 -0.0833943 -0.0875218 -0.0916986 -0.0959137 -0.100155 -0.104411 -0.108666 -0.112907 -0.117116 -0.121276 -0.125367 -0.129366 -0.13325 -0.136991 -0.140557 -0.143914 -0.147022 -0.149835 -0.1523 -0.154358 -0.155938 -0.156958 -0.157322 -0.156917 -0.155603 -0.15321 -0.149508 -0.144152 -0.136514 -0.125281 -0.107675 -0.0783679 -0.0286855 0.05284 0.177946 0.355462 0.589546 0.879771 1.22224 1.61084 2.03824 2.49653 2.97764 3.47353 3.97641 4.47887 4.97403 5.45564 5.91824 6.35725 6.769 7.15078 7.5008 7.81817 8.10276 8.35515 8.57649 8.76838 8.93285 9.07242 9.19005 9.29135 9.38022 9.45622 9.5196 9.57085 9.60895 9.6331 9.64385 9.64134 9.62459 9.59115 9.53677 9.45527 9.33854 9.17695 8.96015 8.6786 8.32569 7.90014 7.40821 6.86496 6.29393 5.7248 5.1896 4.71765 4.3309 4.04001 3.84304 3.7301 3.68881 3.7068 3.773 3.87812 4.01454 4.17611 4.35779 4.55531 4.76499 4.98347 5.20767 5.43466 5.66166 5.88604 6.10536 6.31737 6.52007 6.71174 6.89096 7.05659 7.20779 7.34398 7.4648 7.56994 7.6587 7.73124 7.78898 7.8334 7.86596 7.88791 7.90016 7.9031 7.8966 7.87995 7.85192 7.81092 7.75513 7.68274 7.59212 7.48204 7.35184 7.20152 7.03179 6.84409 6.64047 6.42356 6.19637 5.96222 5.72458 5.48693 5.25273 5.0253 4.80782 4.60331 4.41466 4.24469 4.0962 3.97201 3.87503 3.8082 3.77438 3.77609 3.8151 3.8918 4.00447 4.14855 4.31596 4.49495 4.67051 4.82557 4.94306 5.0083 5.01157 4.94994 4.82808 4.6577 4.45576 4.24192 4.03584 3.85485 3.71244 3.61749 3.57422 3.58261 3.63881 3.73585 3.86352 4.00882 4.15811 4.29817 4.41645 4.50186 4.54684 4.55392 4.55439 4.6565 
-0.0100419 -0.0214091 -0.024136 -0.0270131 -0.0300348 -0.0331952 -0.0364883 -0.0399075 -0.0434463 -0.0470974 -0.0508536 -0.054707 -0.0586493 -0.0626718 -0.0667653 -0.0709198 -0.0751249 -0.0793692 -0.0836405 -0.0879256 -0.0922101 -0.0964783 -0.100713 -0.104894 -0.109002 -0.11301 -0.116894 -0.120621 -0.124156 -0.127458 -0.130481 -0.13317 -0.135459 -0.137273 -0.138519 -0.139088 -0.138845 -0.137623 -0.13521 -0.131325 -0.12556 -0.117229 -0.104938 -0.0855701 -0.052426 0.00697652 0.111621 0.283608 0.540196 0.887378 1.32001 1.82584 2.38957 2.99552 3.62885 4.27601 4.92481 5.56433 6.18495 6.77834 7.33759 7.85721 8.33325 8.76318 9.14588 9.48147 9.77112 10.0168 10.2212 10.3871 10.518 10.6171 10.688 10.7367 10.7675 10.7804 10.7763 10.7541 10.7133 10.6558 10.5836 10.4979 10.3985 10.2841 10.1521 9.99776 9.81486 9.59533 9.32995 9.00947 8.62625 8.17644 7.66228 7.09394 6.49022 5.87736 5.2861 4.74721 4.28663 3.92171 3.65909 3.49307 3.40924 3.3923 3.42932 3.50979 3.62545 3.76987 3.93805 4.12592 4.33007 4.54744 4.7752 5.01056 5.25079 5.49314 5.73492 5.97348 6.2063 6.43105 6.64563 6.84824 7.03736 7.21178 7.37061 7.51321 7.63914 7.74795 7.83868 7.91089 7.9658 8.00532 8.03136 8.04551 8.04893 8.04228 8.02564 7.99854 7.96004 7.90879 7.84323 7.76175 7.66292 7.54564 7.40934 7.25406 7.08053 6.89016 6.68496 6.46753 6.24083 6.00818 5.77303 5.53894 5.30942 5.08796 4.87793 4.68261 4.50523 4.34897 4.21702 4.11256 4.03866 3.99813 3.9932 4.025 4.0929 4.1938 4.32137 4.46566 4.61313 4.74742 4.85097 4.9073 4.90363 4.83326 4.69702 4.5035 4.26784 4.00952 3.74958 3.508 3.30162 3.14293 3.0396 2.99486 3.00795 3.0746 3.18726 3.3355 3.50592 3.68277 3.84992 3.99206 4.09571 4.1511 4.1561 4.12494 4.10733 4.22816 
-0.00118544 -0.00369548 -0.00642276 -0.00930346 -0.0123319 -0.0155021 -0.0188081 -0.0222433 -0.0258011 -0.0294741 -0.033255 -0.0371358 -0.0411083 -0.0451635 -0.049292 -0.0534838 -0.0577281 -0.0620133 -0.0663269 -0.070655 -0.0749829 -0.0792939 -0.0835698 -0.0877901 -0.0919316 -0.0959683 -0.0998701 -0.103603 -0.107125 -0.110391 -0.113345 -0.11592 -0.118036 -0.119595 -0.120478 -0.120535 -0.119578 -0.11736 -0.113555 -0.107699 -0.0990601 -0.0862576 -0.0661994 -0.0315763 0.0333739 0.156895 0.378562 0.737027 1.24818 1.89706 2.65084 3.47314 4.33142 5.19902 6.05477 6.8818 7.66662 8.39855 9.06939 9.6734 10.2072 10.6699 11.0625 11.3879 11.6506 11.8559 12.0095 12.1175 12.1854 12.2185 12.2211 12.1982 12.1538 12.0895 12.0065 11.9033 11.78 11.6402 11.4863 11.3199 11.1414 10.9503 10.7446 10.521 10.2746 9.99872 9.68572 9.32721 8.9155 8.44529 7.91575 7.33259 6.70937 6.06753 5.43465 4.84086 4.31429 3.87651 3.53943 3.30436 3.16376 3.10229 3.10229 3.15024 3.23669 3.3548 3.49951 3.66703 3.8543 4.05872 4.27788 4.50945 4.751 5.00004 5.25391 5.50991 5.76523 6.01714 6.26298 6.50024 6.72668 6.94034 7.13957 7.32308 7.48987 7.63921 7.77056 7.88332 7.97642 8.0488 8.10149 8.13707 8.15786 8.1657 8.16189 8.14717 8.12176 8.08534 8.03718 7.97616 7.901 7.81034 7.70298 7.57806 7.43516 7.27446 7.09678 6.90358 6.6969 6.47934 6.25389 6.02386 5.79276 5.5642 5.34184 5.12931 4.93022 4.74811 4.58651 4.44887 4.33854 4.25863 4.21175 4.19965 4.22264 4.27892 4.36388 4.46953 4.58421 4.693 4.77885 4.82447 4.81485 4.7397 4.59556 4.38691 4.12618 3.83162 3.52447 3.22596 2.95504 2.72705 2.55291 2.43909 2.38813 2.39917 2.46825 2.58846 2.74973 2.93899 3.14006 3.33459 3.50403 3.63156 3.70447 3.71757 3.67855 3.6166 3.59607 3.73829 
0.00812235 0.0149196 0.0121895 0.00930221 0.00626342 0.00307887 -0.000245456 -0.0037031 -0.00728698 -0.010989 -0.0148015 -0.0187175 -0.0227287 -0.0268259 -0.0309993 -0.0352389 -0.0395338 -0.0438722 -0.0482411 -0.0526265 -0.0570128 -0.061383 -0.0657177 -0.0699952 -0.0741908 -0.0782762 -0.0822183 -0.0859787 -0.0895117 -0.0927629 -0.0956664 -0.098142 -0.10009 -0.101387 -0.101876 -0.101353 -0.0995522 -0.0961139 -0.0905331 -0.082046 -0.0693322 -0.0496179 -0.0161026 0.047996 0.178595 0.436986 0.901408 1.63113 2.60984 3.75347 4.9715 6.19436 7.37512 8.48365 9.50066 10.4137 11.2152 11.9014 12.4721 12.9308 13.2841 13.5414 13.7139 13.8139 13.8536 13.8448 13.7976 13.7206 13.6199 13.4996 13.3613 13.2065 13.0377 12.8537 12.6548 12.4439 12.2227 11.9921 11.752 11.5015 11.2389 10.9612 10.6644 10.3432 9.99138 9.60186 9.16765 8.68314 8.14573 7.5577 6.92789 6.27246 5.61438 4.9811 4.40086 3.89817 3.48989 3.18292 2.97433 2.85352 2.80556 2.81379 2.86442 2.949 3.06217 3.20025 3.36057 3.54099 3.73968 3.95484 4.18462 4.42702 4.67981 4.94054 5.20657 5.47509 5.7432 6.00797 6.26656 6.5163 6.75472 6.97967 7.18934 7.38228 7.55735 7.7137 7.85064 7.96745 8.06305 8.13599 8.18719 8.21996 8.23704 8.24035 8.23115 8.21016 8.17764 8.13338 8.07681 8.00706 7.92309 7.82384 7.7084 7.57617 7.42698 7.26121 7.07983 6.88442 6.67712 6.46058 6.23785 6.0123 5.78752 5.56722 5.3552 5.15527 4.97121 4.80676 4.66556 4.55098 4.46602 4.41293 4.39281 4.40499 4.44642 4.51099 4.58913 4.66787 4.73148 4.76289 4.74573 4.66699 4.51968 4.30464 4.03032 3.71164 3.36817 3.02135 2.69174 2.39672 2.14955 1.95939 1.83145 1.76775 1.76767 1.82814 1.94355 2.10542 2.30189 2.51784 2.73487 2.93237 3.09008 3.19122 3.22618 3.19719 3.12362 3.04782 3.04032 3.2031 
0.0178671 0.0344074 0.031672 0.0287754 0.025723 0.0225204 0.0191735 0.0156884 0.0120721 0.00833245 0.00447686 0.000512682 -0.00355026 -0.00769982 -0.0119269 -0.0162243 -0.0205813 -0.024985 -0.0294225 -0.0338793 -0.0383397 -0.0427858 -0.0471975 -0.0515519 -0.0558227 -0.0599794 -0.0639859 -0.0677995 -0.0713687 -0.0746307 -0.0775082 -0.0799043 -0.0816965 -0.0827272 -0.0827903 -0.0816116 -0.0788172 -0.0738818 -0.06603 -0.0540098 -0.0354478 -0.00480999 0.0525988 0.174235 0.438693 0.972541 1.923 3.36611 5.15425 7.02313 8.80165 10.4066 11.8043 12.9855 13.9517 14.71 15.2719 15.6529 15.8727 15.9547 15.9243 15.8072 15.6279 15.4077 15.1643 14.9113 14.6574 14.4068 14.1576 13.9065 13.6535 13.3994 13.1443 12.8879 12.6294 12.3669 12.0985 11.8215 11.5331 11.2302 10.909 10.5651 10.1935 9.78865 9.3448 8.85696 8.322 7.7402 7.11684 6.46342 5.79791 5.14366 4.52679 3.97254 3.50126 3.12522 2.84716 2.66105 2.55469 2.51326 2.52208 2.56844 2.64446 2.74648 2.87209 3.0196 3.18768 3.37514 3.58076 3.80318 4.04081 4.29177 4.55392 4.82481 5.10174 5.38181 5.66196 5.93912 6.21026 6.47247 6.72306 6.95964 7.18021 7.38306 7.56684 7.73055 7.87336 7.99446 8.0928 8.16691 8.21778 8.24921 8.26431 8.26494 8.25221 8.22676 8.18885 8.13835 8.07485 7.99771 7.90615 7.79944 7.67698 7.53848 7.38405 7.21433 7.0305 6.83432 6.62806 6.41448 6.19674 5.9783 5.76284 5.5542 5.35627 5.17296 5.00811 4.86534 4.74797 4.65867 4.59917 4.56975 4.56867 4.5916 4.63105 4.67623 4.71323 4.72591 4.69791 4.61516 4.46793 4.25276 3.97378 3.64258 3.27617 2.89432 2.51714 2.16299 1.84713 1.58099 1.3722 1.22516 1.14167 1.12152 1.16266 1.26106 1.41026 1.6007 1.81918 2.04901 2.27014 2.46043 2.59917 2.67116 2.67142 2.61003 2.51607 2.43949 2.44945 2.62679 
0.02803 0.0547304 0.0519869 0.0490779 0.0460087 0.0427848 0.0394118 0.0358958 0.0322431 0.0284602 0.0245541 0.0205327 0.0164057 0.0121848 0.00787934 0.00349908 -0.000937614 -0.00541712 -0.00993383 -0.0144755 -0.0190246 -0.0235626 -0.028069 -0.03252 -0.0368876 -0.0411392 -0.0452358 -0.0491303 -0.0527649 -0.0560679 -0.0589488 -0.0612919 -0.0629465 -0.0637136 -0.0633251 -0.0614122 -0.0574545 -0.0506907 -0.0399412 -0.0231701 0.00385236 0.0520092 0.152292 0.385458 0.915075 1.98766 3.87243 6.65429 9.75683 12.4944 14.7014 16.3883 17.6088 18.4212 18.879 19.0346 18.9412 18.6533 18.226 17.711 17.1534 16.5893 16.0451 15.538 15.0772 14.6648 14.2963 13.959 13.642 13.3439 13.0647 12.8013 12.5481 12.2988 12.0475 11.7887 11.5177 11.23 10.9215 10.5882 10.2261 9.83091 9.39837 8.9247 8.40729 7.84585 7.24359 6.60832 5.95319 5.29709 4.6632 4.07584 3.55703 3.12255 2.77993 2.52847 2.36019 2.26256 2.22169 2.22492 2.26203 2.32529 2.41139 2.51989 2.64999 2.80102 2.97235 3.16322 3.37274 3.59975 3.8428 4.10011 4.36957 4.64878 4.935 5.22529 5.51652 5.80544 6.08881 6.36345 6.6264 6.87513 7.10733 7.32078 7.5139 7.68555 7.83485 7.96096 8.06295 8.13958 8.19183 8.22373 8.2387 8.23841 8.22386 8.19559 8.15389 8.09873 8.02986 7.94688 7.8493 7.7367 7.60882 7.46569 7.30776 7.13595 6.95169 6.75694 6.55417 6.34626 6.13649 5.92842 5.72581 5.53253 5.35246 5.18938 5.04678 4.9277 4.83436 4.76785 4.72756 4.71055 4.7111 4.72047 4.72701 4.71659 4.67386 4.58433 4.43658 4.22442 3.94815 3.61479 3.2373 2.83277 2.42013 2.01793 1.64261 1.30744 1.02211 0.79296 0.62358 0.515527 0.468869 0.48245 0.553786 0.678606 0.850131 1.05827 1.28898 1.52463 1.74403 1.92414 2.04451 2.09205 2.06622 1.98348 1.87938 1.80704 1.83122 2.01631 
0.0385883 0.0758426 0.0730883 0.0701637 0.0670739 0.0638245 0.0604211 0.0568696 0.0531761 0.0493468 0.0453884 0.0413079 0.0371127 0.0328112 0.0284124 0.0239289 0.0193792 0.0147771 0.0101343 0.00547914 0.000829783 -0.0038119 -0.00842906 -0.0129942 -0.0174787 -0.0218481 -0.0260606 -0.0300648 -0.0337965 -0.0371746 -0.0400944 -0.0424186 -0.0439641 -0.0444818 -0.0436262 -0.0409063 -0.0356048 -0.0266307 -0.0122095 0.0109318 0.0502315 0.126652 0.303648 0.748695 1.78206 3.85123 7.45773 12.7789 17.8588 21.0662 22.8909 23.7348 23.8647 23.4649 22.6835 21.6554 20.497 19.3044 18.152 17.0899 16.1459 15.3298 14.6395 14.0652 13.5921 13.2015 12.8687 12.574 12.3138 12.0874 11.8857 11.6966 11.5096 11.3157 11.1074 10.8787 10.6244 10.3403 10.0229 9.66878 9.27512 8.83946 8.36018 7.83693 7.27186 6.67086 6.0448 5.40924 4.78263 4.18565 3.63937 3.16183 2.76534 2.45416 2.22496 2.069 1.97437 1.92873 1.92142 1.94442 1.99221 2.06059 2.1487 2.25787 2.38816 2.53937 2.71117 2.90308 3.11433 3.34389 3.59043 3.85226 4.12732 4.41323 4.70727 5.00645 5.30756 5.60725 5.90204 6.18854 6.4635 6.7241 6.96774 7.19195 7.39491 7.57534 7.73224 7.86484 7.97238 8.05403 8.11036 8.14508 8.16194 8.16252 8.14773 8.11817 8.07418 8.01588 7.94325 7.85613 7.75433 7.63777 7.50653 7.36099 7.20194 7.03058 6.84862 6.65825 6.46209 6.26317 6.06485 5.87073 5.6845 5.50987 5.35042 5.20934 5.08918 4.99151 4.91653 4.86254 4.82553 4.79875 4.77271 4.73551 4.67367 4.57347 4.42291 4.21385 3.94331 3.61419 3.2352 2.81988 2.38486 1.9478 1.52553 1.1326 0.780465 0.477256 0.228128 0.0358709 -0.0983825 -0.174562 -0.193318 -0.156003 -0.0649926 0.075677 0.259445 0.476316 0.712129 0.949023 1.1653 1.33749 1.44552 1.47775 1.43657 1.34234 1.23411 1.16586 1.19836 1.38543 
0.0495145 0.0976896 0.0949217 0.0919781 0.0888641 0.0855852 0.0821468 0.0785549 0.0748153 0.0709342 0.066918 0.0627733 0.058507 0.0541264 0.0496393 0.0450543 0.0403813 0.035632 0.030825 0.0259915 0.0211513 0.0163241 0.0115557 0.00686399 0.00224837 -0.00225909 -0.00661085 -0.0107526 -0.014614 -0.0181042 -0.0211038 -0.0234525 -0.0249304 -0.0252304 -0.0239128 -0.0203328 -0.0135146 -0.00191438 0.0171014 0.0487211 0.105786 0.227604 0.539879 1.37637 3.31993 7.11407 13.7616 24.3233 31.9059 32.8512 31.737 29.7768 27.3941 24.8343 22.3529 20.0991 18.1314 16.4697 15.1086 14.0208 13.1677 12.5085 12.0058 11.6261 11.3395 11.1169 10.9327 10.7822 10.6664 10.5717 10.4829 10.3879 10.2768 10.1416 9.97617 9.77558 9.53606 9.25466 8.92907 8.55761 8.13943 7.67513 7.16784 6.62254 6.04673 5.4519 4.85382 4.27116 3.72248 3.22473 2.79159 2.43158 2.1469 1.9336 1.78339 1.68582 1.6305 1.60871 1.61409 1.64255 1.69185 1.75948 1.84549 1.9522 2.08014 2.22936 2.39974 2.59091 2.80226 3.03286 3.28147 3.54646 3.82587 4.11732 4.4181 4.72519 5.03527 5.34487 5.65036 5.94816 6.23479 6.507 6.76192 6.99703 7.21033 7.40028 7.5658 7.70616 7.82088 7.90975 7.97274 8.01275 8.03372 8.03719 8.0241 7.99511 7.95071 7.89122 7.81685 7.72773 7.62401 7.50593 7.37395 7.22881 7.0716 6.90383 6.72744 6.54481 6.35868 6.17213 5.98846 5.8111 5.6434 5.48853 5.34915 5.22722 5.12352 5.03732 4.96595 4.90447 4.8455 4.77944 4.69502 4.58014 4.42333 4.21536 3.95083 3.62928 3.25548 2.83916 2.39385 1.93534 1.47986 1.04254 0.636156 0.270552 -0.0474862 -0.313879 -0.526649 -0.685242 -0.789922 -0.841348 -0.840406 -0.788316 -0.68704 -0.539986 -0.352938 -0.135067 0.100268 0.335736 0.549804 0.719023 0.823258 0.850991 0.805222 0.707492 0.598047 0.531082 0.565421 0.749756 
0.0607772 0.120208 0.117424 0.114459 0.111317 0.108005 0.104527 0.10089 0.097099 0.0931605 0.0890804 0.0848653 0.0805217 0.0760563 0.0714764 0.0667892 0.0620026 0.0571253 0.0521675 0.0471417 0.042065 0.0369731 0.0319174 0.0269257 0.022048 0.0173556 0.0128518 0.00854818 0.00452492 0.000884363 -0.00224149 -0.00466824 -0.0061375 -0.00627745 -0.00453908 -9.01848e-05 0.0083749 0.0230069 0.0476567 0.0904065 0.172886 0.366419 0.911468 2.45009 5.95488 12.5256 24.3108 48.2743 55.3199 40.6367 32.2686 27.067 22.5645 18.6971 16.002 13.9824 12.4579 11.3452 10.5582 10.0124 9.64018 9.39239 9.23406 9.1389 9.08542 9.05408 9.04042 9.04815 9.06688 9.08108 9.0792 9.05224 8.99302 8.89574 8.75579 8.5697 8.33526 8.05141 7.71786 7.33538 6.90618 6.43465 5.92823 5.39648 4.851 4.30604 3.77759 3.28164 2.83233 2.44046 2.11223 1.84865 1.64588 1.49669 1.39232 1.32429 1.28561 1.27134 1.27844 1.30535 1.35161 1.41557 1.49736 1.59967 1.72348 1.86902 2.03629 2.22505 2.4348 2.66474 2.91373 3.18026 3.46244 3.75799 4.06423 4.37812 4.69633 5.01527 5.3312 5.64033 5.93896 6.22355 6.49089 6.73819 6.96317 7.16407 7.33969 7.48932 7.6127 7.71017 7.78132 7.82834 7.85517 7.86342 7.85401 7.8277 7.78512 7.72679 7.65317 7.56468 7.46179 7.34511 7.21541 7.07376 6.92155 6.76053 6.5928 6.42081 6.24731 6.07521 5.90749 5.74707 5.59652 5.45788 5.33234 5.2199 5.11903 5.02635 4.93647 4.84196 4.73367 4.60138 4.43477 4.22468 3.96444 3.65113 3.28624 2.87585 2.43012 1.96221 1.48686 1.01887 0.571731 0.15667 -0.217855 -0.546197 -0.825199 -1.05364 -1.23163 -1.35999 -1.43984 -1.47225 -1.45821 -1.39871 -1.29516 -1.15004 -0.967857 -0.75624 -0.526808 -0.295474 -0.0828087 0.0882309 0.197033 0.230678 0.190304 0.0958478 -0.0132073 -0.0824913 -0.0525996 0.124925 
0.0723411 0.143328 0.140526 0.137535 0.134363 0.131013 0.127493 0.123806 0.119959 0.115958 0.111808 0.107516 0.103089 0.098532 0.0938523 0.0890565 0.0841517 0.0791449 0.0740437 0.0688563 0.0635923 0.0582644 0.0528899 0.0475018 0.0421792 0.0370012 0.0320156 0.0273601 0.0231345 0.0193171 0.0160075 0.0134356 0.0118934 0.011816 0.0138738 0.0191138 0.0292433 0.0472023 0.078517 0.135496 0.253418 0.556593 1.48877 4.25785 10.3272 21.0782 40.886 49.1535 34.9185 20.9053 14.3043 11.1055 8.16989 6.71379 6.94439 6.73996 6.56525 6.53713 6.59224 6.67996 6.78019 6.88668 6.99712 7.10886 7.21812 7.32315 7.43131 7.54073 7.63678 7.70938 7.75102 7.75578 7.71872 7.63582 7.50404 7.32139 7.08724 6.80234 6.46862 6.08954 5.67042 5.21865 4.74375 4.25698 3.77122 3.30024 2.85752 2.45479 2.10073 1.80012 1.55349 1.35756 1.20643 1.09307 1.01078 0.9541 0.919251 0.904042 0.907496 0.92943 0.970195 1.02884 1.10522 1.20175 1.32003 1.46041 1.623 1.80767 2.01406 2.24148 2.48896 2.75511 3.03819 3.33602 3.64603 3.96524 4.29033 4.61769 4.94349 5.26381 5.57472 5.87244 6.15347 6.41468 6.65345 6.86774 7.05611 7.2177 7.3523 7.46028 7.54125 7.59696 7.63121 7.64587 7.64196 7.62032 7.58174 7.52691 7.45653 7.37131 7.27199 7.15948 7.03485 6.89941 6.75477 6.60278 6.4456 6.28555 6.12514 5.96684 5.81299 5.66554 5.52585 5.39439 5.27047 5.15196 5.03507 4.91433 4.78265 4.63177 4.45289 4.23761 3.97903 3.67279 3.31798 2.9176 2.47855 2.01102 1.52757 1.0418 0.567118 0.115552 -0.303015 -0.681273 -1.0145 -1.30029 -1.53807 -1.72853 -1.87315 -1.97368 -2.03185 -2.04911 -2.02656 -1.96503 -1.86538 -1.72906 -1.55901 -1.36079 -1.14346 -0.920599 -0.710847 -0.535875 -0.41673 -0.368781 -0.394937 -0.479651 -0.58643 -0.661085 -0.641381 -0.474501 
0.0841672 0.166972 0.164148 0.161131 0.157925 0.154535 0.150967 0.147227 0.14332 0.139251 0.135027 0.130654 0.126136 0.121482 0.116695 0.111784 0.106754 0.101611 0.0963614 0.0910117 0.0855681 0.0800374 0.0744271 0.0687476 0.0630162 0.0572606 0.0515635 0.0461051 0.0410024 0.0363949 0.0326149 0.0298297 0.0281142 0.0279286 0.030107 0.0358995 0.047458 0.0687012 0.10733 0.181464 0.346179 0.807223 2.35243 7.26378 17.5035 34.7138 39.5218 16.8238 0 0 0 0 -0.45322 -0.98953 -0.131454 1.30825 2.31369 3.23291 3.94184 4.45119 4.8251 5.11678 5.35868 5.56841 5.75471 5.92771 6.09235 6.24018 6.3619 6.45133 6.50349 6.51428 6.48013 6.39836 6.26731 6.08642 5.85642 5.57941 5.25902 4.90051 4.51096 4.09912 3.67526 3.2507 2.83723 2.44614 2.08718 1.76749 1.49102 1.25829 1.06686 0.912211 0.78897 0.691999 0.617174 0.561713 0.524111 0.503856 0.501089 0.516322 0.550178 0.602501 0.672639 0.762335 0.873879 1.00776 1.16418 1.34311 1.5443 1.76725 2.0111 2.27469 2.55643 2.85433 3.16596 3.48848 3.81866 4.15292 4.48742 4.81816 5.14108 5.4522 5.74773 6.02424 6.27875 6.50885 6.71275 6.88932 7.03814 7.15931 7.2526 7.3194 7.36319 7.38637 7.39007 7.37527 7.3429 7.29387 7.22908 7.14946 7.05603 6.9499 6.83235 6.70484 6.56902 6.42672 6.27991 6.13062 5.98078 5.83215 5.68606 5.54322 5.40351 5.26568 5.12725 4.98433 4.8317 4.66295 4.47097 4.24857 3.98927 3.68821 3.34303 2.95441 2.52646 2.06647 1.58446 1.09219 0.602147 0.126427 -0.324226 -0.741081 -1.11776 -1.45029 -1.73681 -1.97723 -2.17275 -2.32535 -2.43742 -2.51143 -2.54958 -2.55371 -2.52512 -2.4646 -2.37264 -2.24982 -2.09758 -1.91922 -1.72076 -1.5127 -1.31074 -1.13406 -1.00331 -0.936345 -0.941438 -1.00997 -1.11127 -1.19282 -1.18824 -1.03593 
0.0962133 0.191054 0.188208 0.185161 0.181919 0.178487 0.17487 0.171073 0.167102 0.162962 0.158659 0.154199 0.149587 0.144829 0.139931 0.134898 0.129736 0.12445 0.119045 0.113527 0.107899 0.102166 0.0963308 0.0903963 0.0843651 0.0782407 0.0720335 0.0657682 0.0595085 0.0534918 0.0480687 0.0434778 0.0402529 0.0393395 0.041366 0.0471788 0.0593439 0.0830155 0.128241 0.22004 0.438777 1.10007 3.53016 12.2485 29.7133 34.2618 14.0692 0 0 0 0 0 0 -1.02469 -2.62967 -2.43788 -0.625978 1.13256 2.29549 3.02344 3.50556 3.85646 4.13507 4.37055 4.5777 4.76788 4.94141 5.0896 5.20763 5.29162 5.33797 5.34351 5.30559 5.22243 5.09321 4.91833 4.69952 4.43994 4.14428 3.81877 3.47107 3.11008 2.74549 2.38725 2.04479 1.72624 1.43766 1.18251 0.961595 0.773366 0.614641 0.481528 0.370282 0.277922 0.202507 0.143108 0.0995993 0.0723913 0.0621885 0.0698174 0.0960137 0.141366 0.204621 0.286712 0.390564 0.516814 0.665714 0.837335 1.03155 1.24798 1.486 1.74461 2.02248 2.31782 2.62844 2.95168 3.28448 3.62338 3.9646 4.30415 4.63791 4.96176 5.2717 5.56401 5.83537 6.08299 6.30466 6.49886 6.66479 6.80213 6.9107 6.99137 7.04736 7.08157 7.0953 7.08967 7.06578 7.0247 6.96753 6.89538 6.80943 6.71095 6.60128 6.48189 6.35434 6.22022 6.08112 5.93849 5.79354 5.64704 5.49917 5.34934 5.196 5.03652 4.8672 4.68332 4.47939 4.24959 3.98833 3.69094 3.35437 2.97786 2.56337 2.11568 1.64226 1.15271 0.657984 0.169462 -0.30196 -0.746671 -1.15692 -1.5271 -1.85379 -2.13558 -2.3727 -2.56667 -2.71983 -2.83505 -2.91534 -2.96362 -2.9825 -2.97411 -2.94 -2.88109 -2.79777 -2.69012 -2.55845 -2.40417 -2.23032 -2.04407 -1.85733 -1.68551 -1.54731 -1.46181 -1.44249 -1.48928 -1.58046 -1.66825 -1.68263 -1.54908 
0.108435 0.215487 0.212616 0.209538 0.206258 0.202781 0.199112 0.195256 0.191219 0.187006 0.182621 0.178071 0.173361 0.168496 0.163481 0.158321 0.153022 0.147588 0.142022 0.136329 0.130511 0.12457 0.118507 0.112321 0.106007 0.0995588 0.0929663 0.0862158 0.0792942 0.0722014 0.0649608 0.0577592 0.0512295 0.0461655 0.0433307 0.0447225 0.0544914 0.0784245 0.125938 0.226634 0.484198 1.31771 4.71697 20.792 29.7454 12.6888 0 0 0 0 0 0 0 0 -1.21118 -3.82172 -3.18277 -0.17361 1.29647 2.08433 2.56519 2.90251 3.16725 3.39045 3.58875 3.76914 3.92808 4.06061 4.16364 4.23421 4.26949 4.26694 4.22463 4.14144 4.01726 3.85317 3.65156 3.41618 3.15212 2.86574 2.56441 2.25617 1.94928 1.65157 1.36987 1.10938 0.873336 0.662877 0.477318 0.314676 0.172352 0.0477993 -0.0609833 -0.155216 -0.235331 -0.301119 -0.351936 -0.386901 -0.40504 -0.405399 -0.387128 -0.34915 -0.29319 -0.219068 -0.123535 -0.0057446 0.134589 0.297585 0.483206 0.691226 0.921185 1.17234 1.44359 1.73344 2.03998 2.36081 2.69311 3.03361 3.37869 3.72445 4.06678 4.40151 4.72451 5.03185 5.3199 5.58551 5.82604 6.03954 6.22468 6.3807 6.50726 6.60458 6.67547 6.7233 6.74949 6.75529 6.74191 6.71056 6.66248 6.59889 6.52105 6.43025 6.32781 6.21503 6.09323 5.96361 5.8272 5.68476 5.53664 5.38263 5.22186 5.05266 4.87251 4.67809 4.46537 4.2299 3.96714 3.67304 3.34452 2.98008 2.58022 2.1478 1.68805 1.20837 0.71783 0.226546 -0.255142 -0.717425 -1.1517 -1.55107 -1.91057 -2.22724 -2.49998 -2.72925 -2.91675 -3.06504 -3.17722 -3.25663 -3.30662 -3.33032 -3.33053 -3.30955 -3.26911 -3.21035 -3.13379 -3.03948 -2.92724 -2.79722 -2.65032 -2.49076 -2.32643 -2.16816 -2.03101 -1.93301 -1.89097 -1.91311 -1.9891 -2.08024 -2.1158 -2.00556 
0.120784 0.240175 0.237279 0.234169 0.23085 0.227326 0.223604 0.219688 0.215582 0.211293 0.206825 0.202183 0.197372 0.192398 0.187264 0.181975 0.176535 0.170949 0.165218 0.159346 0.153334 0.147182 0.140888 0.134447 0.127851 0.121088 0.114136 0.106968 0.0995409 0.0917955 0.0836509 0.0750115 0.0657848 0.0558818 0.045715 0.0369205 0.0320561 0.0347138 0.0542034 0.121541 0.329564 1.00562 3.62269 16.1847 13.3247 0 0 0 0 0 0 0 0 0 0 -2.645 -3.32103 -0.476404 0.820974 1.47776 1.86933 2.14653 2.36895 2.56156 2.73631 2.89398 3.0301 3.14192 3.22695 3.28267 3.3067 3.29702 3.25222 3.17171 3.05585 2.90617 2.72533 2.5172 2.28671 2.03973 1.78273 1.52237 1.26512 1.01669 0.781604 0.562916 0.362103 0.179227 0.0133135 -0.137147 -0.273688 -0.397483 -0.509127 -0.608613 -0.695425 -0.768698 -0.827374 -0.870333 -0.896479 -0.904803 -0.894369 -0.864162 -0.815516 -0.748958 -0.661894 -0.552899 -0.421693 -0.268167 -0.0923193 0.105725 0.325671 0.567001 0.828904 1.11021 1.40933 1.7242 2.05233 2.39071 2.73596 3.08435 3.43187 3.7744 4.10775 4.42787 4.7309 5.01338 5.27229 5.50521 5.71031 5.88632 6.03262 6.14861 6.23659 6.30016 6.3408 6.35977 6.35837 6.33787 6.29954 6.24466 6.17445 6.09014 5.99287 5.88371 5.7636 5.63326 5.49314 5.3433 5.18333 5.01225 4.82846 4.62973 4.41326 4.17583 3.914 3.62451 3.30464 2.95271 2.56842 2.15329 1.71079 1.24633 0.767103 0.281615 -0.200871 -0.670991 -1.11993 -1.54 -1.92503 -2.27063 -2.57425 -2.83502 -3.05356 -3.23165 -3.37193 -3.47761 -3.55212 -3.59896 -3.62148 -3.62274 -3.60544 -3.57186 -3.5238 -3.46255 -3.38893 -3.30324 -3.20546 -3.09517 -2.9724 -2.83949 -2.70083 -2.56288 -2.43612 -2.33522 -2.27717 -2.27603 -2.33311 -2.42298 -2.47995 -2.39778 
0.133213 0.265021 0.262099 0.258956 0.255597 0.252027 0.24825 0.244273 0.240099 0.235733 0.231181 0.226447 0.221535 0.21645 0.211196 0.205777 0.200196 0.194456 0.18856 0.182508 0.176301 0.169936 0.163409 0.156713 0.149837 0.142761 0.135461 0.127896 0.120009 0.111716 0.10289 0.0933481 0.0828101 0.0708509 0.0568612 0.0399599 0.0187167 -0.00818678 -0.038629 -0.062887 -0.0572057 0.0433363 0.405504 1.10747 0.76667 0 0 0 0 0 0 0 0 0 0 -1.25006 -1.52682 -0.0547425 0.689647 1.07781 1.32391 1.51543 1.68398 1.84063 1.98646 2.11751 2.2303 2.32219 2.39073 2.43359 2.4487 2.43443 2.38977 2.31446 2.20918 2.07559 1.91632 1.735 1.53604 1.32443 1.10546 0.884318 0.665759 0.45371 0.251048 0.059489 -0.120318 -0.288543 -0.445814 -0.592839 -0.730097 -0.857651 -0.975101 -1.08164 -1.17618 -1.25746 -1.32419 -1.37512 -1.40908 -1.42505 -1.4221 -1.39957 -1.35772 -1.29786 -1.21879 -1.11825 -0.996005 -0.852048 -0.686425 -0.499237 -0.290671 -0.0610478 0.189102 0.458953 0.747307 1.05252 1.37246 1.70452 2.04561 2.39226 2.74065 3.08677 3.42649 3.7557 4.07043 4.36696 4.64199 4.89267 5.1167 5.31231 5.47848 5.61384 5.71999 5.80043 5.85655 5.88957 5.90073 5.89128 5.86247 5.81548 5.75146 5.67146 5.57639 5.46701 5.34389 5.20728 5.05714 4.89298 4.7139 4.51853 4.30504 4.07123 3.81469 3.533 3.22402 2.8862 2.51897 2.12303 1.70059 1.25551 0.793247 0.32067 -0.154329 -0.623302 -1.0778 -1.50992 -1.9128 -2.28094 -2.61048 -2.89918 -3.14641 -3.35288 -3.52043 -3.65169 -3.74982 -3.81823 -3.86037 -3.87953 -3.87875 -3.86077 -3.82797 -3.78236 -3.72566 -3.65924 -3.58415 -3.5011 -3.41051 -3.312 -3.20577 -3.09357 -2.9775 -2.8609 -2.74998 -2.65491 -2.5899 -2.57085 -2.60808 -2.69142 -2.76742 -2.718 
0.145672 0.289927 0.286978 0.283802 0.280403 0.276786 0.272956 0.268917 0.264675 0.260234 0.255598 0.250772 0.24576 0.240565 0.235192 0.229644 0.223923 0.218032 0.211971 0.205741 0.19934 0.192765 0.186009 0.179062 0.17191 0.164531 0.156892 0.148947 0.140628 0.131836 0.122421 0.112156 0.100688 0.0874531 0.0715273 0.0513394 0.0240853 -0.0152958 -0.0761853 -0.177841 -0.368327 -0.812895 -2.326 -8.89436 -7.13399 0 0 0 0 0 0 0 0 0 0 -0.390977 -0.242105 0.45646 0.670064 0.765386 0.853416 0.956674 1.07282 1.19388 1.31126 1.41865 1.51183 1.58763 1.64342 1.67696 1.68642 1.67044 1.62828 1.55989 1.46606 1.34838 1.20926 1.05183 0.879793 0.697171 0.508059 0.316325 0.125333 -0.0622652 -0.244629 -0.420704 -0.590063 -0.752663 -0.908564 -1.05768 -1.19965 -1.33371 -1.4588 -1.5736 -1.67662 -1.76636 -1.84134 -1.9002 -1.94173 -1.96488 -1.96881 -1.953 -1.91691 -1.86274 -1.79045 -1.69719 -1.5828 -1.44748 -1.29145 -1.11491 -0.91807 -0.701123 -0.464367 -0.208282 0.0663571 0.35838 0.666144 0.987488 1.31974 1.65977 2.00404 2.34873 2.68983 3.02328 3.34506 3.65133 3.93855 4.20355 4.44363 4.65658 4.8409 4.99459 5.11849 5.21555 5.28695 5.33373 5.357 5.35787 5.33745 5.29681 5.23691 5.1586 5.06255 4.94923 4.81888 4.67144 4.50653 4.32343 4.12109 3.89816 3.65309 3.38425 3.09012 2.76953 2.42192 2.04761 1.64804 1.22591 0.785296 0.331557 -0.128827 -0.58858 -1.04003 -1.47559 -1.8882 -2.27172 -2.6213 -2.93353 -3.20651 -3.43977 -3.6341 -3.79135 -3.91408 -4.00535 -4.06843 -4.10658 -4.12291 -4.12024 -4.10111 -4.06771 -4.02196 -3.96553 -3.89988 -3.82636 -3.74614 -3.66027 -3.56953 -3.47395 -3.37454 -3.27316 -3.17106 -3.07003 -2.97345 -2.88748 -2.82219 -2.79169 -2.81065 -2.8824 -2.97177 -2.95885 
0.158111 0.314793 0.311818 0.308608 0.305169 0.301506 0.297623 0.293525 0.289216 0.284701 0.279984 0.275068 0.269958 0.264657 0.259168 0.253494 0.247637 0.241598 0.235377 0.228973 0.222384 0.215605 0.208626 0.201438 0.19402 0.18635 0.178389 0.170087 0.161368 0.152123 0.14219 0.13132 0.119129 0.104997 0.0878931 0.0660299 0.0361436 -0.00804774 -0.079593 -0.20954 -0.492111 -1.32532 -4.90424 -24.5179 -20.5942 0 0 0 0 0 0 0 0 0 0 1.02708 1.6511 1.00237 0.626077 0.445079 0.395225 0.425095 0.497925 0.589645 0.685331 0.775956 0.855873 0.92126 0.969299 0.997816 1.00516 0.990203 0.952389 0.891798 0.809183 0.705971 0.584215 0.446495 0.295759 0.135126 -0.0323318 -0.203804 -0.376916 -0.549831 -0.721263 -0.890389 -1.05669 -1.21975 -1.37906 -1.53392 -1.68329 -1.82589 -1.96017 -2.08443 -2.19691 -2.29586 -2.37961 -2.44667 -2.49572 -2.52569 -2.53579 -2.52545 -2.49402 -2.44401 -2.37631 -2.28826 -2.17953 -2.05065 -1.90217 -1.7346 -1.5483 -1.34353 -1.12047 -0.87931 -0.62041 -0.344414 -0.052389 0.254082 0.572861 0.901265 1.23614 1.57393 1.91085 2.24293 2.5662 2.87678 3.17099 3.44543 3.69711 3.92345 4.12245 4.29173 4.43133 4.5433 4.62844 4.68754 4.72144 4.73107 4.71733 4.68109 4.62312 4.54406 4.44439 4.32436 4.18402 4.02318 3.84138 3.63795 3.41205 3.16274 2.88911 2.59043 2.26635 1.91711 1.54372 1.14813 0.733387 0.303622 -0.135981 -0.579364 -1.01986 -1.45054 -1.86459 -2.25573 -2.61851 -2.94865 -3.24315 -3.5004 -3.7201 -3.90307 -4.05113 -4.16673 -4.25276 -4.31228 -4.34831 -4.36367 -4.36089 -4.34218 -4.30944 -4.26429 -4.20816 -4.14233 -4.06804 -3.98649 -3.89889 -3.8065 -3.70998 -3.61011 -3.50886 -3.40812 -3.30926 -3.21378 -3.12391 -3.04338 -2.97868 -2.94053 -2.9437 -3.00005 -3.09357 -3.11874 
0.17048 0.33952 0.336518 0.333276 0.329799 0.326091 0.322157 0.318002 0.313628 0.309042 0.304246 0.299244 0.29404 0.288637 0.283037 0.277242 0.271254 0.265074 0.2587 0.252131 0.245363 0.238389 0.2312 0.223782 0.216115 0.208172 0.199914 0.191284 0.182205 0.172561 0.162186 0.150825 0.138089 0.123355 0.105594 0.0830341 0.0524497 0.00757456 -0.0650379 -0.199517 -0.508603 -1.48984 -5.78028 -27.7148 -36.9569 -13.8969 0 0 0 0 0 0 0 0 1.14985 2.87473 2.49413 1.06249 0.350744 0.0125868 -0.117001 -0.130367 -0.082384 -0.00571743 0.0803994 0.16464 0.240169 0.302657 0.349191 0.377734 0.386867 0.375704 0.343878 0.291555 0.219439 0.128758 0.0212035 -0.101167 -0.236061 -0.381113 -0.534043 -0.692799 -0.855654 -1.02124 -1.18852 -1.35668 -1.52498 -1.69264 -1.85871 -2.02199 -2.18101 -2.33407 -2.47927 -2.61461 -2.73804 -2.84755 -2.94124 -3.01738 -3.07449 -3.1114 -3.12724 -3.12144 -3.09377 -3.04591 -2.97978 -2.89413 -2.78789 -2.66197 -2.51747 -2.35538 -2.1765 -1.98139 -1.77032 -1.54339 -1.30061 -1.04213 -0.768353 -0.480159 -0.178997 0.133069 0.45339 0.778818 1.10584 1.43068 1.74948 2.05839 2.35367 2.63179 2.88957 3.12415 3.33311 3.51387 3.66572 3.78959 3.88581 3.95479 3.99709 4.01336 4.00428 3.9705 3.91259 3.83104 3.72618 3.59819 3.44709 3.27272 3.0748 2.85296 2.60684 2.33615 2.04082 1.72119 1.37809 1.01306 0.628413 0.227376 -0.185944 -0.606603 -1.02898 -1.44699 -1.8544 -2.24511 -2.61353 -2.95486 -3.2653 -3.54227 -3.78437 -3.99142 -4.16428 -4.30465 -4.41486 -4.49756 -4.55557 -4.59159 -4.60812 -4.60737 -4.5912 -4.56115 -4.51853 -4.46445 -4.39994 -4.32598 -4.2436 -4.15387 -4.05794 -3.95689 -3.85134 -3.74313 -3.63476 -3.52782 -3.42388 -3.32463 -3.23208 -3.149 -3.07989 -3.03269 -3.02044 -3.05896 -3.14891 -3.21364 
0.182732 0.364011 0.360983 0.35771 0.354196 0.350445 0.346463 0.342253 0.337819 0.333165 0.328295 0.323212 0.317919 0.31242 0.306715 0.300807 0.294697 0.288384 0.281867 0.275143 0.268207 0.261053 0.253668 0.246039 0.238143 0.229951 0.221424 0.212504 0.20311 0.193129 0.182395 0.170661 0.157553 0.142481 0.124494 0.101979 0.0720718 0.029317 -0.0378122 -0.158417 -0.428054 -1.24829 -4.43512 -16.1981 -35.2041 -36.7173 -14.215 0 0 0 0 0 0 1.26287 3.08021 2.85394 1.41663 0.345179 -0.296831 -0.627352 -0.758607 -0.771328 -0.718896 -0.635019 -0.540363 -0.447395 -0.363611 -0.293554 -0.240017 -0.20473 -0.188727 -0.192526 -0.216205 -0.259431 -0.321473 -0.401232 -0.497289 -0.60799 -0.731546 -0.866147 -1.01007 -1.16177 -1.31991 -1.48337 -1.65119 -1.82246 -1.99624 -2.17147 -2.34684 -2.52083 -2.69163 -2.85725 -3.0155 -3.16409 -3.30065 -3.42286 -3.52851 -3.61556 -3.68222 -3.72707 -3.74909 -3.74768 -3.72287 -3.67521 -3.60799 -3.52168 -3.41422 -3.28692 -3.1415 -2.97971 -2.80305 -2.61268 -2.40934 -2.19332 -1.96459 -1.72289 -1.46801 -1.20003 -0.919513 -0.627697 -0.326507 -0.0185166 0.293176 0.605097 0.913558 1.2148 1.50509 1.78088 2.03883 2.27597 2.48951 2.67685 2.83661 2.96849 3.07232 3.14814 3.19616 3.21675 3.21033 3.17737 3.11828 3.03344 2.92314 2.78757 2.62688 2.44111 2.23034 1.99466 1.73431 1.44979 1.14191 0.812006 0.461957 0.0943329 -0.287576 -0.679758 -1.07755 -1.47575 -1.86885 -2.25121 -2.61742 -2.96251 -3.28221 -3.57321 -3.83322 -4.06107 -4.25664 -4.42075 -4.55499 -4.66147 -4.74259 -4.80087 -4.83869 -4.8582 -4.86126 -4.84939 -4.82382 -4.78553 -4.73536 -4.67406 -4.60238 -4.52104 -4.43095 -4.33341 -4.22969 -4.12008 -4.00536 -3.888 -3.77017 -3.65341 -3.5394 -3.43 -3.32727 -3.23374 -3.15308 -3.09165 -3.06084 -3.07866 -3.16066 -3.26759 
0.194818 0.388172 0.385119 0.381816 0.378267 0.374477 0.370449 0.366188 0.361697 0.356981 0.352043 0.346885 0.34151 0.335922 0.330121 0.324109 0.317886 0.311451 0.304803 0.297937 0.290849 0.28353 0.275968 0.268148 0.260048 0.251637 0.242875 0.233705 0.224049 0.213797 0.20279 0.190797 0.177476 0.162297 0.144425 0.122488 0.0941195 0.0549706 -0.00385729 -0.104278 -0.31653 -0.919655 -3.02877 -9.71471 -21.3945 -37.4041 -39.3716 -15.9885 0 0 0 0 1.13776 2.66018 2.08854 0.600372 -0.321431 -0.971713 -1.37611 -1.57561 -1.62697 -1.58296 -1.48455 -1.36062 -1.23036 -1.10598 -0.994916 -0.901502 -0.8281 -0.77584 -0.745097 -0.73576 -0.747376 -0.779226 -0.830353 -0.899598 -0.985632 -1.08702 -1.20226 -1.32991 -1.46858 -1.61701 -1.7741 -1.93883 -2.11023 -2.28731 -2.46896 -2.6539 -2.84061 -3.02733 -3.21203 -3.39247 -3.56621 -3.73065 -3.88314 -4.02096 -4.1415 -4.2423 -4.32114 -4.3762 -4.40614 -4.41015 -4.3881 -4.33996 -4.27005 -4.18026 -4.06823 -3.9352 -3.78357 -3.61591 -3.43466 -3.24194 -3.03934 -2.82787 -2.60785 -2.37905 -2.14084 -1.89255 -1.63375 -1.3646 -1.08601 -0.799696 -0.508098 -0.214236 0.0784928 0.366494 0.646127 0.913821 1.16621 1.40027 1.61303 1.80189 1.96484 2.10047 2.20813 2.28749 2.33845 2.3611 2.35564 2.32235 2.26154 2.17356 2.05871 1.91733 1.74975 1.55636 1.33764 1.09424 0.827057 0.537303 0.226621 -0.102853 -0.448424 -0.806807 -1.17414 -1.54605 -1.91777 -2.28427 -2.64052 -2.98167 -3.3033 -3.60165 -3.87377 -4.11765 -4.33226 -4.51752 -4.67415 -4.80358 -4.90767 -4.98854 -5.04837 -5.08921 -5.11287 -5.12086 -5.11439 -5.09439 -5.0616 -5.01659 -4.95984 -4.89192 -4.8138 -4.72636 -4.63021 -4.52638 -4.41555 -4.29775 -4.1744 -4.0478 -3.9196 -3.79147 -3.66519 -3.54266 -3.42597 -3.31752 -3.22054 -3.14039 -3.08734 -3.08109 -3.15109 -3.30204 
0.206694 0.411913 0.408837 0.405507 0.401925 0.398098 0.394029 0.389721 0.385179 0.380406 0.375406 0.37018 0.364732 0.359063 0.353176 0.34707 0.340746 0.334202 0.327436 0.320444 0.313221 0.305756 0.298039 0.290052 0.281775 0.273176 0.264217 0.254842 0.244978 0.23452 0.223323 0.211179 0.197784 0.182682 0.165173 0.144139 0.117724 0.08264 0.0324117 -0.0483851 -0.207429 -0.623285 -1.94654 -5.80357 -13.0851 -23.8555 -41.2561 -45.8526 -29.6053 -15.3568 -8.85853 -5.20117 -2.16048 -1.50696 -2.51137 -2.84242 -2.9696 -3.04134 -3.05435 -2.9943 -2.86696 -2.69095 -2.4876 -2.27563 -2.06956 -1.87959 -1.71217 -1.57089 -1.45725 -1.37142 -1.31273 -1.28006 -1.27203 -1.28717 -1.32392 -1.38076 -1.45613 -1.54855 -1.65657 -1.77884 -1.91411 -2.06125 -2.21922 -2.38703 -2.56367 -2.74808 -2.93903 -3.1351 -3.33463 -3.53569 -3.73612 -3.93348 -4.1251 -4.30812 -4.47953 -4.63625 -4.77519 -4.89337 -4.98804 -5.05684 -5.0979 -5.11 -5.09259 -5.04574 -4.97292 -4.87769 -4.75919 -4.61747 -4.45539 -4.27627 -4.08351 -3.88035 -3.66963 -3.45356 -3.2335 -3.00988 -2.78223 -2.54949 -2.31035 -2.06378 -1.80934 -1.54752 -1.27972 -1.00819 -0.73583 -0.46593 -0.201966 0.0525532 0.294215 0.520018 0.727132 0.912861 1.07442 1.20961 1.31741 1.39715 1.44847 1.4712 1.46536 1.4311 1.36868 1.27842 1.16076 1.01619 0.845315 0.648875 0.4278 0.183264 -0.0832549 -0.369909 -0.674426 -0.994068 -1.32562 -1.66541 -2.00936 -2.35308 -2.69205 -3.02171 -3.33774 -3.63621 -3.91376 -4.16776 -4.39641 -4.59877 -4.77473 -4.9249 -5.05049 -5.15309 -5.23451 -5.29658 -5.34101 -5.36928 -5.3826 -5.38189 -5.36784 -5.3409 -5.30149 -5.2503 -5.18797 -5.11491 -5.03182 -4.9394 -4.83805 -4.72818 -4.60964 -4.48325 -4.35127 -4.21545 -4.07727 -3.93829 -3.80018 -3.66473 -3.53389 -3.40985 -3.29545 -3.19528 -3.11873 -3.08676 -3.14162 -3.33733 
0.218318 0.435152 0.432054 0.428697 0.425087 0.421226 0.41712 0.412771 0.408183 0.40336 0.398304 0.393019 0.387506 0.381767 0.375804 0.369616 0.363204 0.356565 0.349697 0.342596 0.335256 0.327667 0.319817 0.311691 0.303266 0.294514 0.285396 0.275862 0.265843 0.255244 0.243935 0.231733 0.218379 0.203491 0.186501 0.16653 0.14217 0.111016 0.0685201 0.004285 -0.112346 -0.389489 -1.19462 -3.41454 -7.86802 -14.9761 -26.0703 -46.155 -49.202 -33.2556 -24.0652 -17.5281 -13.0443 -10.6838 -9.01919 -7.77263 -6.83031 -6.12062 -5.564 -5.0929 -4.66493 -4.26034 -3.87386 -3.50849 -3.17079 -2.86692 -2.60113 -2.37557 -2.19041 -2.04458 -1.93607 -1.86236 -1.8207 -1.80834 -1.82267 -1.86126 -1.92195 -2.00276 -2.10195 -2.21798 -2.3495 -2.4953 -2.65428 -2.82537 -3.00751 -3.19952 -3.40011 -3.60775 -3.8207 -4.03695 -4.25421 -4.4699 -4.68116 -4.88491 -5.07781 -5.25639 -5.41711 -5.55645 -5.67104 -5.75785 -5.81438 -5.83877 -5.82997 -5.78801 -5.71429 -5.61434 -5.48991 -5.33932 -5.1654 -4.9719 -4.76292 -4.54267 -4.31529 -4.08453 -3.85339 -3.62378 -3.39632 -3.17039 -2.94441 -2.7164 -2.48454 -2.24766 -2.00563 -1.75945 -1.5111 -1.26329 -1.01918 -0.782099 -0.555446 -0.342476 -0.145134 0.0336331 0.189685 0.320667 0.425288 0.502633 0.552088 0.573302 0.566148 0.53069 0.467162 0.37595 0.25759 0.11278 -0.0576068 -0.252487 -0.470531 -0.71012 -0.969306 -1.24577 -1.53682 -1.83935 -2.14989 -2.46467 -2.77968 -3.09079 -3.39394 -3.68522 -3.96112 -4.21861 -4.45534 -4.66963 -4.8606 -5.02806 -5.17247 -5.29479 -5.39632 -5.47854 -5.54296 -5.59094 -5.62367 -5.64208 -5.64681 -5.63835 -5.61725 -5.58407 -5.53919 -5.48307 -5.41621 -5.3388 -5.25096 -5.153 -5.04542 -4.92821 -4.80159 -4.66737 -4.52756 -4.38347 -4.23644 -4.08793 -3.93944 -3.79263 -3.64921 -3.51113 -3.3808 -3.26214 -3.16364 -3.1069 -3.14536 -3.38554 
0.229651 0.457809 0.454691 0.451311 0.447674 0.443785 0.439645 0.435261 0.430633 0.425767 0.420665 0.415328 0.40976 0.403962 0.397934 0.391677 0.38519 0.378472 0.371519 0.364328 0.356891 0.3492 0.341242 0.333004 0.324462 0.315592 0.306356 0.296708 0.286585 0.275905 0.264553 0.252373 0.239148 0.224568 0.208184 0.18932 0.166933 0.139305 0.103316 0.052174 -0.033048 -0.215147 -0.696238 -1.96074 -4.60429 -9.08501 -15.9712 -25.8292 -32.0254 -31.4827 -28.8432 -25.3041 -21.6294 -18.3751 -15.6443 -13.4084 -11.5953 -10.1341 -8.95202 -7.97763 -7.15064 -6.4272 -5.77958 -5.19361 -4.66456 -4.19192 -3.7765 -3.41896 -3.11885 -2.87429 -2.6823 -2.53904 -2.44008 -2.38096 -2.35744 -2.36565 -2.4022 -2.46413 -2.54892 -2.65443 -2.77887 -2.92068 -3.07849 -3.25106 -3.43713 -3.63541 -3.84449 -4.06275 -4.28839 -4.51931 -4.75315 -4.98722 -5.21854 -5.44382 -5.65948 -5.86172 -6.04655 -6.20995 -6.34797 -6.45689 -6.53347 -6.57514 -6.5802 -6.54797 -6.47835 -6.37771 -6.25026 -6.09406 -5.91101 -5.70477 -5.47957 -5.24006 -4.99122 -4.73819 -4.48579 -4.238 -3.99747 -3.76525 -3.54074 -3.322 -3.10632 -2.89093 -2.67375 -2.45387 -2.23173 -2.00894 -1.78797 -1.57177 -1.3635 -1.16665 -0.982437 -0.814156 -0.667118 -0.543518 -0.444844 -0.372211 -0.32641 -0.307934 -0.317011 -0.353628 -0.417546 -0.508314 -0.62527 -0.767533 -0.933988 -1.12327 -1.33372 -1.56341 -1.81004 -2.07101 -2.34339 -2.62394 -2.90917 -3.19542 -3.47895 -3.75609 -4.02331 -4.27744 -4.51575 -4.73605 -4.93679 -5.11705 -5.27656 -5.41558 -5.53482 -5.63528 -5.71812 -5.78452 -5.83552 -5.87203 -5.89472 -5.9042 -5.90104 -5.88569 -5.8586 -5.82018 -5.77063 -5.70992 -5.63804 -5.55509 -5.4613 -5.35708 -5.2427 -5.11799 -4.9841 -4.84311 -4.69636 -4.54503 -4.39036 -4.2337 -4.07646 -3.92011 -3.76621 -3.61644 -3.47284 -3.33869 -3.22153 -3.14296 -3.16552 -3.44892 
0.240658 0.479814 0.476678 0.473278 0.469618 0.465703 0.461537 0.457121 0.452462 0.44756 0.442419 0.43704 0.431427 0.42558 0.419501 0.413188 0.406642 0.39986 0.39284 0.385577 0.378064 0.370294 0.362255 0.353932 0.345305 0.336351 0.327035 0.317317 0.30714 0.296433 0.285097 0.273004 0.259974 0.245762 0.230018 0.212235 0.191652 0.167062 0.136365 0.0952292 0.0323331 -0.0876134 -0.373076 -1.08502 -2.60675 -5.30898 -9.50232 -15.1629 -20.1778 -22.9144 -23.9648 -23.7919 -22.759 -21.1958 -19.3749 -17.5004 -15.7019 -14.0502 -12.5733 -11.269 -10.1183 -9.09631 -8.18001 -7.35243 -6.60338 -5.92813 -5.32528 -4.7952 -4.33817 -3.95317 -3.63767 -3.38773 -3.19814 -3.06317 -2.97699 -2.93407 -2.92935 -2.95836 -3.0173 -3.10293 -3.21255 -3.3439 -3.49505 -3.6643 -3.85008 -4.05083 -4.26495 -4.49069 -4.72615 -4.96914 -5.21723 -5.46769 -5.71755 -5.96331 -6.20107 -6.42674 -6.63606 -6.82455 -6.98774 -7.12137 -7.22158 -7.28509 -7.30941 -7.29295 -7.23495 -7.13964 -7.01365 -6.85786 -6.67224 -6.45981 -6.22431 -5.97001 -5.70195 -5.42581 -5.1476 -4.87318 -4.60759 -4.35455 -4.11596 -3.89171 -3.67974 -3.47662 -3.27857 -3.08239 -2.8862 -2.6897 -2.49403 -2.30132 -2.11417 -1.93552 -1.76697 -1.61249 -1.47731 -1.36366 -1.27316 -1.20708 -1.16633 -1.15151 -1.16291 -1.20055 -1.26417 -1.35326 -1.46704 -1.60448 -1.76427 -1.94486 -2.14435 -2.3606 -2.59115 -2.83325 -3.08392 -3.33996 -3.59803 -3.85473 -4.10673 -4.35084 -4.58418 -4.80422 -5.00893 -5.1968 -5.36688 -5.51877 -5.65252 -5.76858 -5.86765 -5.95058 -6.0182 -6.07133 -6.11067 -6.1368 -6.15031 -6.15179 -6.14166 -6.12027 -6.0877 -6.04388 -5.98871 -5.92216 -5.84424 -5.75513 -5.6551 -5.54453 -5.42323 -5.29168 -5.15169 -5.00474 -4.8519 -4.69426 -4.53302 -4.36946 -4.20489 -4.04069 -3.87827 -3.71913 -3.56499 -3.41861 -3.2866 -3.18995 -3.19813 -3.52267 
0.251307 0.501105 0.497952 0.494535 0.490856 0.48692 0.482731 0.478291 0.473605 0.468675 0.463504 0.458094 0.452446 0.446562 0.440443 0.434089 0.427498 0.420669 0.413599 0.406284 0.398718 0.390892 0.382796 0.374417 0.365736 0.356731 0.347373 0.337625 0.327439 0.316752 0.305484 0.293528 0.280741 0.266929 0.251827 0.235059 0.216079 0.194049 0.167579 0.133955 0.0865705 0.00611663 -0.164293 -0.562301 -1.41555 -2.98384 -5.47948 -8.88785 -12.4693 -15.4173 -17.5603 -18.926 -19.5951 -19.6698 -19.2658 -18.5059 -17.5075 -16.3728 -15.1826 -13.9941 -12.8423 -11.7455 -10.7106 -9.73923 -8.83176 -7.98949 -7.21523 -6.51287 -5.88636 -5.33858 -4.8705 -4.48091 -4.16651 -3.92236 -3.74246 -3.62042 -3.54985 -3.52478 -3.53984 -3.59032 -3.67222 -3.78214 -3.91721 -4.07494 -4.25315 -4.4498 -4.66293 -4.89053 -5.13045 -5.3804 -5.63779 -5.89981 -6.1634 -6.42498 -6.68051 -6.92574 -7.1562 -7.36725 -7.5542 -7.71244 -7.83767 -7.92605 -7.97416 -7.97935 -7.94021 -7.85752 -7.73943 -7.59107 -7.4113 -7.20227 -6.96679 -6.70831 -6.43113 -6.14031 -5.84168 -5.5416 -5.2466 -4.96294 -4.69592 -4.44905 -4.2232 -4.01655 -3.82518 -3.64424 -3.46931 -3.29736 -3.12717 -2.95925 -2.79541 -2.63673 -2.48562 -2.34746 -2.22644 -2.12479 -2.04424 -1.98617 -1.95158 -1.94115 -1.95522 -1.9938 -2.05664 -2.14316 -2.2525 -2.38354 -2.53486 -2.70473 -2.89119 -3.09198 -3.30457 -3.52625 -3.75409 -3.98506 -4.21609 -4.44413 -4.6663 -4.87993 -5.08268 -5.27261 -5.44824 -5.60855 -5.753 -5.88143 -5.99401 -6.09115 -6.17343 -6.24147 -6.2957 -6.33674 -6.36537 -6.38203 -6.38724 -6.38138 -6.3645 -6.33659 -6.29754 -6.24725 -6.18562 -6.11265 -6.02841 -5.93309 -5.82701 -5.71013 -5.58242 -5.44517 -5.29995 -5.14775 -4.98957 -4.82645 -4.65955 -4.49011 -4.31939 -4.14872 -3.97941 -3.81284 -3.65053 -3.49478 -3.35136 -3.24032 -3.23596 -3.59891 
0.261571 0.521626 0.51846 0.515027 0.511332 0.50738 0.503173 0.498716 0.49401 0.48906 0.483867 0.478434 0.472762 0.466853 0.460708 0.454325 0.447705 0.440845 0.433744 0.426396 0.418797 0.410938 0.402811 0.394403 0.385697 0.376674 0.367309 0.357568 0.347412 0.336788 0.32563 0.31385 0.301337 0.287941 0.273463 0.257627 0.240047 0.220149 0.197023 0.168994 0.132277 0.0765308 -0.0274657 -0.250658 -0.720597 -1.60318 -3.05131 -5.10379 -7.51149 -9.89775 -12.0329 -13.809 -15.1839 -16.1509 -16.7262 -16.9438 -16.8507 -16.5015 -15.9532 -15.2593 -14.4666 -13.6128 -12.7264 -11.8289 -10.9364 -10.0624 -9.21906 -8.4182 -7.671 -6.98751 -6.3758 -5.84123 -5.38619 -5.01011 -4.70999 -4.48105 -4.31738 -4.21265 -4.16057 -4.1552 -4.19119 -4.26381 -4.36895 -4.50307 -4.66302 -4.84602 -5.04946 -5.27084 -5.50763 -5.75721 -6.01676 -6.28324 -6.55334 -6.82344 -7.08953 -7.34731 -7.59222 -7.81961 -8.02477 -8.20301 -8.34984 -8.46114 -8.53308 -8.56234 -8.54666 -8.48463 -8.38211 -8.24693 -8.08063 -7.88397 -7.65915 -7.4094 -7.13801 -6.84844 -6.54487 -6.23231 -5.9166 -5.60469 -5.30449 -5.02336 -4.76675 -4.53708 -4.33334 -4.15158 -3.9862 -3.83156 -3.68328 -3.53899 -3.39845 -3.26087 -3.12914 -3.00925 -2.90423 -2.81626 -2.74714 -2.6983 -2.67084 -2.66548 -2.68259 -2.72222 -2.7841 -2.86762 -2.97189 -3.09573 -3.23765 -3.39591 -3.56847 -3.7531 -3.94732 -4.14852 -4.35394 -4.5608 -4.76635 -4.96791 -5.16304 -5.34953 -5.52553 -5.68954 -5.84047 -5.97758 -6.10055 -6.20936 -6.30414 -6.38487 -6.45199 -6.50631 -6.54813 -6.57807 -6.59677 -6.60452 -6.60153 -6.58784 -6.5634 -6.52812 -6.48187 -6.42458 -6.3562 -6.27676 -6.18634 -6.08511 -5.9732 -5.85037 -5.71727 -5.57533 -5.42554 -5.26875 -5.10588 -4.93797 -4.76616 -4.59167 -4.41576 -4.23971 -4.06481 -3.89234 -3.72369 -3.56086 -3.40888 -3.28659 -3.27142 -3.66961 
0.271427 0.541332 0.538153 0.534708 0.531002 0.527037 0.522818 0.518348 0.51363 0.508667 0.503461 0.498014 0.492329 0.486406 0.480246 0.473849 0.467214 0.46034 0.453224 0.445863 0.438251 0.430382 0.422247 0.413836 0.405133 0.396122 0.386781 0.377082 0.366991 0.356465 0.34545 0.333877 0.321659 0.308682 0.294797 0.279807 0.26344 0.245308 0.22482 0.200956 0.171573 0.131221 0.0651574 -0.0623955 -0.319789 -0.80588 -1.62588 -2.83907 -4.38386 -6.10373 -7.84655 -9.50011 -10.9896 -12.2677 -13.3065 -14.094 -14.6314 -14.9303 -15.0108 -14.8984 -14.6212 -14.2076 -13.684 -13.0745 -12.4004 -11.681 -10.9343 -10.1778 -9.42863 -8.70353 -8.01802 -7.38559 -6.81683 -6.31899 -5.8958 -5.54779 -5.27286 -5.06702 -4.92511 -4.84141 -4.81009 -4.82562 -4.88282 -4.97707 -5.10416 -5.26036 -5.44219 -5.64645 -5.86999 -6.10969 -6.36236 -6.62461 -6.89287 -7.1633 -7.4318 -7.694 -7.94533 -8.18111 -8.39662 -8.58725 -8.74858 -8.87651 -8.96734 -9.01779 -9.02518 -8.98744 -8.90549 -8.78672 -8.63707 -8.45768 -8.25096 -8.02001 -7.76749 -7.49565 -7.20673 -6.90302 -6.58723 -6.26485 -5.94381 -5.63255 -5.33988 -5.07329 -4.83739 -4.63308 -4.4575 -4.30479 -4.16814 -4.0418 -3.921 -3.80357 -3.69261 -3.59218 -3.5045 -3.43155 -3.37509 -3.33659 -3.31717 -3.3176 -3.33829 -3.37933 -3.44043 -3.52103 -3.6202 -3.73677 -3.86925 -4.01591 -4.17477 -4.34366 -4.52024 -4.70205 -4.88658 -5.07132 -5.25384 -5.43184 -5.60323 -5.76619 -5.91924 -6.06126 -6.19144 -6.30898 -6.41324 -6.50432 -6.58261 -6.64806 -6.70115 -6.74263 -6.77294 -6.79246 -6.80146 -6.80008 -6.78835 -6.76622 -6.73364 -6.69053 -6.63681 -6.57245 -6.49742 -6.41175 -6.31549 -6.20875 -6.09133 -5.9634 -5.82596 -5.67997 -5.52615 -5.36528 -5.19825 -5.02612 -4.85001 -4.67115 -4.4908 -4.31024 -4.13074 -3.95357 -3.78003 -3.61187 -3.45351 -3.32251 -3.298 -3.72801 
0.280856 0.560185 0.556995 0.553541 0.549825 0.545852 0.541626 0.537149 0.532425 0.527456 0.522245 0.516795 0.511106 0.505179 0.499017 0.492618 0.485983 0.47911 0.471996 0.464639 0.457035 0.449176 0.441056 0.432666 0.423992 0.415021 0.405732 0.396105 0.386109 0.375711 0.364867 0.353523 0.341612 0.329048 0.315723 0.301496 0.286177 0.269506 0.251106 0.230356 0.206055 0.175362 0.130942 0.0550957 -0.0875375 -0.352722 -0.808034 -1.50843 -2.46016 -3.6139 -4.8942 -6.22526 -7.5421 -8.79267 -9.93689 -10.9453 -11.7979 -12.4832 -12.9972 -13.3425 -13.5264 -13.56 -13.4566 -13.2307 -12.8972 -12.4715 -11.969 -11.4057 -10.7988 -10.1659 -9.52543 -8.8955 -8.29303 -7.73273 -7.22633 -6.78211 -6.40485 -6.0962 -5.8552 -5.67896 -5.56335 -5.50353 -5.49442 -5.53095 -5.60829 -5.72187 -5.86744 -6.04097 -6.23863 -6.45667 -6.69133 -6.9388 -7.19516 -7.45626 -7.71782 -7.97535 -8.22423 -8.45977 -8.67729 -8.87226 -9.04036 -9.17762 -9.28048 -9.34587 -9.37118 -9.35433 -9.29373 -9.19318 -9.05972 -8.89754 -8.70994 -8.50016 -8.27106 -8.02489 -7.76311 -7.4863 -7.19459 -6.89006 -6.57677 -6.26006 -5.94765 -5.64885 -5.37304 -5.1287 -4.92051 -4.74723 -4.60332 -4.48099 -4.37102 -4.26925 -4.1771 -4.09548 -4.02539 -3.96818 -3.92529 -3.89806 -3.88757 -3.89461 -3.91961 -3.96268 -4.0236 -4.10179 -4.19641 -4.30629 -4.43 -4.5659 -4.71209 -4.86654 -5.02705 -5.19138 -5.35726 -5.52246 -5.68489 -5.84265 -5.99393 -6.13705 -6.27029 -6.39264 -6.50374 -6.60295 -6.68968 -6.76419 -6.82696 -6.87829 -6.91861 -6.94831 -6.96766 -6.97685 -6.976 -6.96515 -6.9443 -6.91344 -6.87253 -6.82154 -6.76045 -6.68924 -6.60788 -6.51636 -6.4147 -6.30279 -6.18053 -6.04842 -5.90729 -5.75768 -5.60022 -5.43565 -5.26487 -5.08893 -4.90898 -4.72627 -4.54207 -4.3577 -4.17442 -3.99349 -3.81616 -3.64403 -3.48098 -3.34329 -3.31068 -3.76897 
0.289844 0.578154 0.574957 0.571495 0.567774 0.563797 0.559567 0.555089 0.550365 0.545398 0.540189 0.534743 0.529059 0.523141 0.516987 0.510599 0.503977 0.497119 0.490023 0.482687 0.475108 0.467279 0.459195 0.450847 0.442226 0.433318 0.424108 0.414577 0.404703 0.394457 0.383805 0.372706 0.361109 0.348949 0.336149 0.322608 0.308196 0.292742 0.276003 0.257607 0.23688 0.212351 0.180407 0.132429 0.0506295 -0.095074 -0.345329 -0.741375 -1.30778 -2.04168 -2.91716 -3.89596 -4.93635 -5.99834 -7.04598 -8.04832 -8.97974 -9.81999 -10.554 -11.1715 -11.6667 -12.0376 -12.2852 -12.413 -12.4264 -12.3322 -12.1387 -11.8556 -11.4942 -11.0676 -10.5908 -10.0804 -9.5537 -9.02828 -8.52056 -8.04499 -7.6133 -7.23407 -6.91272 -6.65178 -6.45135 -6.30968 -6.2237 -6.18951 -6.20278 -6.25898 -6.35356 -6.48207 -6.6401 -6.82336 -7.02757 -7.24845 -7.48164 -7.7227 -7.96706 -8.21007 -8.44701 -8.67313 -8.88377 -9.07443 -9.24085 -9.37918 -9.486 -9.55838 -9.59399 -9.59098 -9.54781 -9.46479 -9.34658 -9.19917 -9.02717 -8.8349 -8.62615 -8.40397 -8.1704 -7.92628 -7.67138 -7.40489 -7.12627 -6.83611 -6.53724 -6.23561 -5.94022 -5.66285 -5.41485 -5.20325 -5.02979 -4.88898 -4.77216 -4.67443 -4.59314 -4.52569 -4.4708 -4.42842 -4.39913 -4.38368 -4.38288 -4.39738 -4.42757 -4.47358 -4.53521 -4.61196 -4.70302 -4.80733 -4.92356 -5.05016 -5.18542 -5.32748 -5.47432 -5.62382 -5.77393 -5.92234 -6.06704 -6.20644 -6.33903 -6.46333 -6.57779 -6.68157 -6.77451 -6.85634 -6.92701 -6.98676 -7.03581 -7.07441 -7.10283 -7.12127 -7.12988 -7.12876 -7.11799 -7.09761 -7.06764 -7.02811 -6.97906 -6.92048 -6.85237 -6.7747 -6.68743 -6.59047 -6.48376 -6.36716 -6.24081 -6.10518 -5.96067 -5.80768 -5.64679 -5.47873 -5.30443 -5.12495 -4.94149 -4.75532 -4.56776 -4.38013 -4.19372 -4.0098 -3.82959 -3.65457 -3.48817 -3.34543 -3.30578 -3.78876 
0.298379 0.595221 0.592016 0.58855 0.584826 0.580848 0.57662 0.572145 0.567427 0.562467 0.557269 0.551834 0.546165 0.540263 0.534129 0.527763 0.521166 0.514336 0.507273 0.499974 0.492436 0.484654 0.476625 0.46834 0.459791 0.450968 0.441858 0.432447 0.422715 0.412641 0.402198 0.391355 0.380073 0.368305 0.355995 0.343074 0.329453 0.315018 0.299616 0.283025 0.264865 0.244377 0.219788 0.186953 0.137123 0.0546505 -0.0835772 -0.304861 -0.633075 -1.08107 -1.64805 -2.32171 -3.08212 -3.90547 -4.76673 -5.6414 -6.50667 -7.34205 -8.12979 -8.8551 -9.50609 -10.0737 -10.5515 -10.9351 -11.2225 -11.4131 -11.5079 -11.5096 -11.4227 -11.2534 -11.01 -10.7034 -10.3462 -9.953 -9.53937 -9.12102 -8.71289 -8.32824 -7.97804 -7.67058 -7.41146 -7.20374 -7.04834 -6.94441 -6.88981 -6.88145 -6.91567 -6.98839 -7.09532 -7.23205 -7.39406 -7.57677 -7.77554 -7.98565 -8.20231 -8.42067 -8.63588 -8.84312 -9.03768 -9.21503 -9.37094 -9.50156 -9.60354 -9.67407 -9.71099 -9.71277 -9.67846 -9.60755 -9.50187 -9.36623 -9.20607 -9.02666 -8.83284 -8.62882 -8.41784 -8.20189 -7.98147 -7.7556 -7.52212 -7.27839 -7.02242 -6.75434 -6.47767 -6.20009 -5.93279 -5.68818 -5.47582 -5.29849 -5.15541 -5.04417 -4.95973 -4.89683 -4.85136 -4.82075 -4.80368 -4.79974 -4.80899 -4.83167 -4.868 -4.91804 -4.98158 -5.05817 -5.14706 -5.24724 -5.35747 -5.47629 -5.60204 -5.73296 -5.86716 -6.00276 -6.13781 -6.27014 -6.39789 -6.51965 -6.63414 -6.74026 -6.83714 -6.92427 -7.00136 -7.06824 -7.12491 -7.17148 -7.20808 -7.23488 -7.25201 -7.2596 -7.25775 -7.24657 -7.22613 -7.19652 -7.15781 -7.11007 -7.05337 -6.98773 -6.91312 -6.82949 -6.73672 -6.63468 -6.5233 -6.4026 -6.2727 -6.13375 -5.98593 -5.82958 -5.66527 -5.49376 -5.31601 -5.13313 -4.94635 -4.757 -4.56644 -4.37601 -4.18704 -4.00079 -3.81847 -3.64146 -3.47282 -3.3264 -3.28068 -3.78472 
0.306455 0.611371 0.608161 0.604692 0.600967 0.596992 0.59277 0.588303 0.583595 0.578649 0.573467 0.568051 0.562405 0.556528 0.550422 0.544089 0.537528 0.530739 0.52372 0.516472 0.50899 0.501271 0.493312 0.485107 0.476649 0.46793 0.458939 0.449665 0.440093 0.430206 0.419984 0.409404 0.398436 0.387047 0.375197 0.362838 0.34991 0.336339 0.322029 0.306846 0.290579 0.272831 0.252735 0.228312 0.195334 0.145902 0.0674713 -0.0565402 -0.243859 -0.509246 -0.861356 -1.30166 -1.8251 -2.42154 -3.07745 -3.7773 -4.50473 -5.24348 -5.97795 -6.69373 -7.37789 -8.01906 -8.60757 -9.13534 -9.59581 -9.98383 -10.2956 -10.5286 -10.6817 -10.7554 -10.7518 -10.6752 -10.5319 -10.3307 -10.0821 -9.79846 -9.49317 -9.17967 -8.87086 -8.57832 -8.31176 -8.07876 -7.88465 -7.73267 -7.62415 -7.55885 -7.53527 -7.55094 -7.60267 -7.68673 -7.79902 -7.93516 -8.09057 -8.26051 -8.44014 -8.62455 -8.8088 -8.98804 -9.15749 -9.31263 -9.44917 -9.56328 -9.65158 -9.7113 -9.74037 -9.73747 -9.70205 -9.63421 -9.5349 -9.40675 -9.25439 -9.08341 -8.89928 -8.70707 -8.51117 -8.31489 -8.12021 -7.92741 -7.73498 -7.53977 -7.33757 -7.12414 -6.89684 -6.65624 -6.40757 -6.16031 -5.92577 -5.71568 -5.53942 -5.40028 -5.29631 -5.22303 -5.17529 -5.14837 -5.13867 -5.14383 -5.16242 -5.19365 -5.23708 -5.29238 -5.35916 -5.43689 -5.52483 -5.622 -5.72721 -5.83909 -5.95607 -6.07645 -6.19855 -6.32067 -6.44107 -6.55808 -6.67024 -6.77629 -6.87514 -6.9659 -7.04792 -7.12077 -7.18419 -7.23803 -7.28226 -7.31693 -7.34211 -7.3579 -7.3644 -7.36172 -7.34998 -7.32931 -7.29983 -7.26167 -7.21496 -7.15979 -7.09621 -7.02421 -6.94374 -6.85465 -6.75677 -6.65 -6.53442 -6.41004 -6.2767 -6.13432 -5.98301 -5.82312 -5.65521 -5.48012 -5.29885 -5.11257 -4.92258 -4.73025 -4.53699 -4.34418 -4.15315 -3.96517 -3.78144 -3.60327 -3.43337 -3.28448 -3.23358 -3.75503 
0.314071 0.6266 0.623385 0.619915 0.616193 0.612223 0.608009 0.603554 0.598861 0.593934 0.588774 0.583384 0.577766 0.571923 0.565854 0.559562 0.553047 0.546309 0.539347 0.53216 0.524747 0.517106 0.509231 0.501121 0.492769 0.484168 0.475311 0.466189 0.456791 0.447103 0.437111 0.426796 0.416139 0.405115 0.393697 0.38185 0.369537 0.356708 0.343305 0.329246 0.314413 0.298598 0.281376 0.261806 0.237871 0.205677 0.158672 0.0874062 -0.0196468 -0.174283 -0.386517 -0.663057 -1.00662 -1.41597 -1.88644 -2.41067 -2.97931 -3.58176 -4.20678 -4.84299 -5.47926 -6.105 -6.71035 -7.28629 -7.82473 -8.31846 -8.7612 -9.14758 -9.47319 -9.7347 -9.92999 -10.0584 -10.121 -10.1207 -10.0624 -9.95323 -9.80179 -9.61827 -9.41361 -9.19897 -8.98503 -8.78145 -8.59645 -8.43656 -8.30652 -8.20932 -8.14636 -8.11766 -8.12204 -8.15737 -8.22077 -8.30875 -8.41736 -8.54233 -8.6791 -8.82299 -8.96921 -9.11299 -9.24965 -9.37468 -9.48387 -9.57337 -9.63985 -9.68057 -9.6935 -9.67741 -9.63198 -9.55776 -9.45621 -9.32941 -9.1804 -9.01382 -8.83518 -8.64988 -8.46287 -8.27843 -8.09976 -7.92871 -7.76543 -7.60812 -7.45308 -7.29502 -7.12801 -6.94689 -6.74928 -6.5372 -6.31838 -6.10585 -5.91287 -5.7488 -5.61838 -5.5222 -5.45787 -5.4214 -5.40845 -5.41507 -5.43808 -5.47511 -5.52448 -5.58493 -5.65549 -5.73526 -5.82332 -5.91865 -6.02009 -6.12637 -6.23607 -6.34773 -6.45983 -6.57084 -6.67927 -6.78375 -6.88303 -6.97604 -7.06187 -7.1398 -7.20929 -7.26996 -7.32158 -7.364 -7.39718 -7.42114 -7.43593 -7.44164 -7.43838 -7.42631 -7.40557 -7.37635 -7.33883 -7.29318 -7.23953 -7.17795 -7.10847 -7.03098 -6.94534 -6.85131 -6.74866 -6.63756 -6.51816 -6.39013 -6.25311 -6.10696 -5.95177 -5.78793 -5.6161 -5.43715 -5.25217 -5.06243 -4.86928 -4.67415 -4.47849 -4.28369 -4.09112 -3.90203 -3.71759 -3.53903 -3.3688 -3.21855 -3.16336 -3.69849 
0.321227 0.640908 0.637691 0.634221 0.630504 0.626542 0.622339 0.617899 0.613225 0.608321 0.603188 0.597829 0.592246 0.586442 0.580418 0.574175 0.567715 0.561036 0.55414 0.547026 0.539693 0.532139 0.524361 0.516357 0.508123 0.499654 0.490943 0.481985 0.47277 0.463289 0.453532 0.443485 0.433133 0.422461 0.411448 0.400073 0.38831 0.376128 0.36349 0.350348 0.336636 0.322245 0.306963 0.290344 0.271434 0.248351 0.217776 0.174583 0.111886 0.0216438 -0.10433 -0.273293 -0.490715 -0.759783 -1.08125 -1.45353 -1.87301 -2.3344 -2.83113 -3.35574 -3.90022 -4.45633 -5.01583 -5.57065 -6.11304 -6.63565 -7.13159 -7.59449 -8.01855 -8.39859 -8.7302 -9.00988 -9.23524 -9.40519 -9.52019 -9.58238 -9.59563 -9.56548 -9.49894 -9.40408 -9.28965 -9.16449 -9.03711 -8.91523 -8.80546 -8.71308 -8.64196 -8.59456 -8.572 -8.57423 -8.60013 -8.64771 -8.71424 -8.79641 -8.89045 -8.99228 -9.0976 -9.20203 -9.30117 -9.39077 -9.46681 -9.52562 -9.564 -9.57935 -9.56974 -9.53404 -9.47203 -9.38443 -9.27301 -9.14055 -8.98994 -8.82433 -8.64817 -8.46666 -8.28477 -8.10706 -7.93736 -7.77854 -7.63217 -7.49821 -7.37478 -7.25781 -7.14158 -7.01983 -6.88629 -6.73665 -6.57166 -6.39748 -6.2237 -6.06095 -5.91862 -5.80321 -5.71779 -5.66237 -5.6348 -5.63178 -5.64967 -5.68509 -5.73512 -5.79737 -5.86992 -5.95115 -6.03967 -6.13415 -6.23331 -6.33584 -6.44039 -6.54559 -6.65008 -6.75252 -6.85161 -6.94619 -7.03519 -7.1177 -7.19295 -7.26033 -7.3194 -7.36981 -7.41135 -7.44391 -7.46745 -7.48198 -7.4876 -7.48441 -7.47258 -7.45231 -7.42383 -7.38737 -7.34315 -7.29134 -7.23207 -7.16534 -7.09106 -7.00902 -6.91891 -6.82035 -6.71335 -6.5983 -6.47507 -6.34306 -6.20185 -6.05134 -5.89169 -5.72338 -5.54715 -5.364 -5.17511 -4.98183 -4.78559 -4.58788 -4.39015 -4.19385 -4.00031 -3.81077 -3.62637 -3.44825 -3.27858 -3.12806 -3.06949 -3.61451 
0.327927 0.654306 0.651086 0.647618 0.643906 0.639954 0.635765 0.631344 0.626692 0.621814 0.616712 0.611389 0.605846 0.600087 0.594114 0.587926 0.581527 0.574916 0.568093 0.56106 0.553815 0.546358 0.538687 0.5308 0.522693 0.514365 0.50581 0.497023 0.487999 0.478731 0.469211 0.45943 0.449378 0.439044 0.428414 0.417474 0.406208 0.394597 0.382617 0.370242 0.357434 0.344134 0.330238 0.315534 0.299572 0.281456 0.259547 0.231171 0.192455 0.138424 0.0633671 -0.0386 -0.172938 -0.344165 -0.555484 -0.808592 -1.10363 -1.43925 -1.81278 -2.22044 -2.65752 -3.11863 -3.59794 -4.08928 -4.58636 -5.08286 -5.57253 -6.04927 -6.50721 -6.94075 -7.34469 -7.71432 -8.04554 -8.33506 -8.58057 -8.78094 -8.93632 -9.04831 -9.11989 -9.15539 -9.16021 -9.1406 -9.10325 -9.05491 -9.00205 -8.95051 -8.90528 -8.87031 -8.84843 -8.84137 -8.84976 -8.87326 -8.91062 -8.95985 -9.01834 -9.08297 -9.15028 -9.21659 -9.27812 -9.33112 -9.37201 -9.39752 -9.40479 -9.3915 -9.35599 -9.29733 -9.21542 -9.11106 -8.98597 -8.84305 -8.68599 -8.51831 -8.34298 -8.16381 -7.98542 -7.81214 -7.64779 -7.49556 -7.35773 -7.2352 -7.12789 -7.035 -6.95402 -6.88013 -6.80636 -6.72522 -6.63127 -6.52278 -6.40231 -6.27611 -6.15262 -6.0405 -5.94702 -5.87697 -5.83248 -5.81336 -5.81778 -5.84301 -5.886 -5.94376 -6.01358 -6.09306 -6.18015 -6.27299 -6.36995 -6.46948 -6.57015 -6.67056 -6.76939 -6.86541 -6.95744 -7.04445 -7.1255 -7.1998 -7.26668 -7.32562 -7.37623 -7.41822 -7.45142 -7.47573 -7.49116 -7.49777 -7.49568 -7.48508 -7.46619 -7.43928 -7.40463 -7.36253 -7.3132 -7.2568 -7.19338 -7.12283 -7.0449 -6.95918 -6.86514 -6.76241 -6.65141 -6.53246 -6.40497 -6.26833 -6.12221 -5.96658 -5.80176 -5.62835 -5.44724 -5.25956 -5.0666 -4.8698 -4.67066 -4.47069 -4.27139 -4.07418 -3.88038 -3.69118 -3.50765 -3.33086 -3.16274 -3.01303 -2.95201 -3.50304 
0.334178 0.666807 0.663585 0.66012 0.656415 0.652474 0.648301 0.6439 0.639273 0.634424 0.629356 0.624072 0.618574 0.612865 0.606946 0.600819 0.594486 0.587949 0.581207 0.574261 0.567112 0.559758 0.552201 0.544437 0.536466 0.528285 0.519892 0.511283 0.502455 0.493402 0.484119 0.474601 0.464841 0.454831 0.444564 0.434029 0.423216 0.412115 0.400712 0.388991 0.376932 0.364503 0.351653 0.33828 0.324174 0.308911 0.2917 0.271188 0.245295 0.211145 0.165129 0.103117 0.0207757 -0.0860867 -0.22119 -0.387515 -0.587121 -0.821048 -1.08929 -1.39084 -1.72377 -2.08534 -2.47215 -2.88022 -3.30516 -3.74225 -4.18656 -4.63303 -5.07653 -5.51196 -5.9343 -6.33872 -6.72067 -7.076 -7.40112 -7.69311 -7.94993 -8.1705 -8.35484 -8.50409 -8.62048 -8.70724 -8.76838 -8.80851 -8.83249 -8.8452 -8.85127 -8.85481 -8.85926 -8.86728 -8.88063 -8.90024 -8.92616 -8.95769 -8.99342 -9.03139 -9.06919 -9.10406 -9.13308 -9.15327 -9.16176 -9.15588 -9.13332 -9.09226 -9.03145 -8.9503 -8.84897 -8.72836 -8.59015 -8.43685 -8.27197 -8.09957 -7.92317 -7.74593 -7.57116 -7.40214 -7.24206 -7.09394 -6.96059 -6.84442 -6.74745 -6.67097 -6.6145 -6.57469 -6.54571 -6.52046 -6.49162 -6.4531 -6.40138 -6.33641 -6.26155 -6.18279 -6.10733 -6.04211 -5.99268 -5.96259 -5.95331 -5.96457 -5.99484 -6.04184 -6.10298 -6.1756 -6.25721 -6.3455 -6.43838 -6.53396 -6.63055 -6.7266 -6.8207 -6.91159 -6.99812 -7.07929 -7.15423 -7.2222 -7.2826 -7.33496 -7.37893 -7.41429 -7.44088 -7.45867 -7.4677 -7.46808 -7.46002 -7.44376 -7.41959 -7.38784 -7.34883 -7.30287 -7.25015 -7.19078 -7.12467 -7.05154 -6.97091 -6.88211 -6.78436 -6.67767 -6.5627 -6.43931 -6.30678 -6.16461 -6.01265 -5.85105 -5.68031 -5.50123 -5.31485 -5.12245 -4.92544 -4.72534 -4.52369 -4.32204 -4.12186 -3.92455 -3.73137 -3.54345 -3.3618 -3.18736 -3.02183 -2.87408 -2.81158 -3.36465 
0.33999 0.67843 0.675207 0.671745 0.668048 0.66412 0.659964 0.655585 0.650985 0.646167 0.641136 0.635894 0.630443 0.624786 0.618926 0.612864 0.606602 0.600142 0.593485 0.586632 0.579583 0.572339 0.5649 0.557265 0.549435 0.541406 0.533179 0.524751 0.51612 0.507282 0.498236 0.488976 0.479499 0.469801 0.459876 0.449719 0.439324 0.428685 0.417794 0.406643 0.39522 0.383511 0.371489 0.359105 0.346262 0.332762 0.318228 0.301993 0.282982 0.259613 0.229758 0.190782 0.139657 0.0731416 -0.0120098 -0.118838 -0.249987 -0.407556 -0.592991 -0.807024 -1.04966 -1.32019 -1.61722 -1.93877 -2.28231 -2.64483 -3.02296 -3.41299 -3.81098 -4.21279 -4.61419 -5.01087 -5.39859 -5.77324 -6.1309 -6.46803 -6.78157 -7.06902 -7.32863 -7.55941 -7.76127 -7.93493 -8.08194 -8.20455 -8.30554 -8.38807 -8.45545 -8.51092 -8.5575 -8.5978 -8.63389 -8.66727 -8.69876 -8.72855 -8.75624 -8.78087 -8.80104 -8.81498 -8.82074 -8.81624 -8.79943 -8.76844 -8.72167 -8.65793 -8.57652 -8.47731 -8.36077 -8.22802 -8.08077 -7.92135 -7.75263 -7.57795 -7.4013 -7.22618 -7.05531 -6.89144 -6.73735 -6.59588 -6.46997 -6.36278 -6.27706 -6.21411 -6.17381 -6.15468 -6.15352 -6.16541 -6.18407 -6.20265 -6.21484 -6.21607 -6.2044 -6.18081 -6.14888 -6.1139 -6.08172 -6.05774 -6.04611 -6.04941 -6.06866 -6.10355 -6.15279 -6.21449 -6.28643 -6.36631 -6.45188 -6.54103 -6.6318 -6.72245 -6.81139 -6.89724 -6.97877 -7.05493 -7.12483 -7.18774 -7.24306 -7.29034 -7.32925 -7.35959 -7.38126 -7.39424 -7.39864 -7.39463 -7.38246 -7.36242 -7.33487 -7.30016 -7.25862 -7.21054 -7.15604 -7.0951 -7.02746 -6.9526 -6.86976 -6.77792 -6.6763 -6.56543 -6.44586 -6.317 -6.17832 -6.02954 -5.87075 -5.70236 -5.5251 -5.33996 -5.14818 -4.95117 -4.75045 -4.54758 -4.34415 -4.14168 -3.94161 -3.74527 -3.55385 -3.36838 -3.18976 -3.01882 -2.85704 -2.71245 -2.64952 -3.20059 
0.345376 0.6892 0.685976 0.682518 0.67883 0.674915 0.670777 0.66642 0.661848 0.657064 0.652071 0.646873 0.641471 0.63587 0.63007 0.624076 0.617888 0.611508 0.604939 0.598182 0.591237 0.584105 0.576788 0.569286 0.561598 0.553725 0.545665 0.537419 0.528985 0.520361 0.511547 0.502539 0.493337 0.483937 0.474337 0.464534 0.454526 0.444308 0.433878 0.423232 0.412363 0.401265 0.389925 0.378321 0.366407 0.354092 0.341199 0.327405 0.312172 0.294665 0.273693 0.247686 0.214705 0.172509 0.118653 0.0506172 -0.0340609 -0.137652 -0.26212 -0.409024 -0.579453 -0.773981 -0.992651 -1.23497 -1.49994 -1.78608 -2.09147 -2.41377 -2.75033 -3.09817 -3.45407 -3.81463 -4.1763 -4.53548 -4.8886 -5.23216 -5.56289 -5.87779 -6.17428 -6.45026 -6.70421 -6.93521 -7.143 -7.32792 -7.49089 -7.63328 -7.75683 -7.86347 -7.95518 -8.03387 -8.10126 -8.15871 -8.20725 -8.24745 -8.27946 -8.30302 -8.31752 -8.32204 -8.31548 -8.29662 -8.26429 -8.21741 -8.15514 -8.07697 -7.98279 -7.87296 -7.7483 -7.61017 -7.46038 -7.30117 -7.13514 -6.96519 -6.79442 -6.62596 -6.46282 -6.30792 -6.16402 -6.03377 -5.91967 -5.82407 -5.74903 -5.69606 -5.666 -5.65876 -5.67304 -5.70614 -5.75383 -5.81064 -5.87034 -5.92684 -5.97511 -6.01198 -6.03664 -6.05058 -6.05712 -6.06062 -6.06564 -6.07623 -6.09544 -6.12509 -6.16587 -6.21745 -6.27877 -6.34826 -6.42409 -6.50433 -6.58705 -6.67043 -6.75281 -6.83266 -6.90868 -6.97972 -7.04482 -7.10319 -7.1542 -7.19737 -7.23238 -7.25901 -7.27718 -7.28691 -7.28831 -7.28161 -7.26706 -7.24501 -7.2158 -7.17978 -7.13724 -7.08839 -7.03323 -6.97158 -6.90293 -6.82649 -6.74115 -6.64554 -6.53937 -6.42348 -6.29797 -6.16231 -6.01622 -5.85976 -5.6933 -5.51754 -5.33346 -5.14229 -4.94541 -4.74436 -4.54072 -4.33608 -4.13201 -3.92998 -3.73136 -3.53736 -3.34908 -3.16744 -2.9932 -2.82706 -2.67028 -2.53012 -2.46785 -3.01286 
0.350349 0.699144 0.69592 0.692466 0.688786 0.684885 0.680766 0.676432 0.671889 0.667139 0.662185 0.657032 0.651681 0.646136 0.640399 0.634473 0.628361 0.622064 0.615584 0.608924 0.602085 0.595068 0.587875 0.580506 0.572962 0.565244 0.557352 0.549287 0.541047 0.532634 0.524046 0.515284 0.506346 0.497231 0.487939 0.478469 0.46882 0.458991 0.44898 0.438786 0.428408 0.417842 0.407084 0.396123 0.384938 0.373489 0.361693 0.349399 0.336342 0.322096 0.306024 0.287237 0.264572 0.236598 0.201647 0.157868 0.103305 0.0359861 -0.0459919 -0.144371 -0.260659 -0.39606 -0.551429 -0.727237 -0.92355 -1.14002 -1.37591 -1.63008 -1.901 -2.18684 -2.48544 -2.79435 -3.11092 -3.43231 -3.75556 -4.07763 -4.39554 -4.70634 -5.00728 -5.29587 -5.56991 -5.82761 -6.0676 -6.28899 -6.49132 -6.67457 -6.83909 -6.98551 -7.1147 -7.22762 -7.32523 -7.40844 -7.47798 -7.5344 -7.578 -7.60885 -7.62681 -7.63153 -7.62256 -7.59941 -7.56159 -7.50875 -7.44072 -7.3576 -7.25981 -7.14815 -7.02377 -6.8882 -6.74334 -6.59137 -6.43471 -6.27595 -6.11778 -5.96291 -5.81401 -5.67363 -5.54422 -5.42807 -5.32731 -5.2439 -5.17963 -5.13597 -5.11406 -5.11451 -5.13721 -5.18105 -5.2438 -5.3219 -5.41068 -5.5047 -5.59833 -5.68652 -5.76551 -5.83324 -5.88958 -5.93607 -5.97551 -6.01126 -6.04674 -6.08488 -6.12783 -6.17688 -6.23245 -6.29423 -6.36138 -6.43266 -6.50661 -6.5817 -6.6564 -6.72925 -6.79893 -6.86426 -6.92424 -6.97803 -7.02494 -7.06446 -7.09622 -7.12 -7.13569 -7.14331 -7.14297 -7.13486 -7.11926 -7.09646 -7.06678 -7.0305 -6.98781 -6.93878 -6.88326 -6.82085 -6.75078 -6.67194 -6.58285 -6.48209 -6.37002 -6.24758 -6.11453 -5.97065 -5.81605 -5.65111 -5.47656 -5.29338 -5.1028 -4.90622 -4.70517 -4.50125 -4.29606 -4.09117 -3.88808 -3.68816 -3.49267 -3.30271 -3.11921 -2.94297 -2.77461 -2.61469 -2.46425 -2.32982 -2.26932 -2.80423 
0.354925 0.708295 0.70507 0.701619 0.697948 0.69406 0.68996 0.685651 0.681136 0.67642 0.671506 0.666398 0.661098 0.65561 0.649936 0.64408 0.638043 0.63183 0.62544 0.618878 0.612145 0.605243 0.598173 0.590937 0.583537 0.575973 0.568247 0.560359 0.552311 0.544103 0.535736 0.52721 0.518526 0.509683 0.500683 0.491526 0.482212 0.472742 0.463116 0.453333 0.443396 0.433302 0.423051 0.412639 0.402057 0.391288 0.380294 0.369006 0.357297 0.344955 0.331652 0.316906 0.300055 0.280239 0.256398 0.227287 0.191505 0.14754 0.093827 0.0288056 -0.049016 -0.141001 -0.248327 -0.371944 -0.512531 -0.670469 -0.845824 -1.03833 -1.2474 -1.47212 -1.71126 -1.96329 -2.22642 -2.49864 -2.7777 -3.06122 -3.34672 -3.63164 -3.91346 -4.18972 -4.45811 -4.7165 -4.96302 -5.1961 -5.41446 -5.61717 -5.8036 -5.9734 -6.12647 -6.26288 -6.38286 -6.48667 -6.57461 -6.64693 -6.70383 -6.74541 -6.77172 -6.78273 -6.77839 -6.75867 -6.72359 -6.67333 -6.60822 -6.52883 -6.43597 -6.33074 -6.21454 -6.089 -5.95603 -5.81771 -5.67628 -5.53405 -5.39338 -5.25661 -5.126 -5.00374 -4.89186 -4.79229 -4.70681 -4.63708 -4.5846 -4.55074 -4.53665 -4.54322 -4.57095 -4.61973 -4.6887 -4.77603 -4.87882 -4.9932 -5.1145 -5.23775 -5.3582 -5.47188 -5.57603 -5.66936 -5.75201 -5.82533 -5.89143 -5.9528 -6.01184 -6.0706 -6.13056 -6.19259 -6.25696 -6.3234 -6.3913 -6.45972 -6.5276 -6.59382 -6.65724 -6.71682 -6.77161 -6.8208 -6.86369 -6.89976 -6.92862 -6.95 -6.96377 -6.9699 -6.96848 -6.95964 -6.94359 -6.92055 -6.89074 -6.85432 -6.81134 -6.7617 -6.70505 -6.64076 -6.56782 -6.48481 -6.38985 -6.28209 -6.16247 -6.03168 -5.88964 -5.73653 -5.57284 -5.39934 -5.21704 -5.0272 -4.83123 -4.63068 -4.42714 -4.22221 -4.01746 -3.81438 -3.61434 -3.41861 -3.22827 -3.04427 -2.8674 -2.69828 -2.53741 -2.38519 -2.24245 -2.11505 -2.05742 -2.5783 
0.359122 0.716686 0.713459 0.710012 0.706349 0.702475 0.698393 0.694107 0.689621 0.684939 0.680065 0.675001 0.669752 0.66432 0.658709 0.652922 0.646961 0.64083 0.634531 0.628066 0.621438 0.614649 0.607701 0.600597 0.593338 0.585925 0.578361 0.570648 0.562786 0.554777 0.546622 0.538324 0.529882 0.521299 0.512575 0.503712 0.494712 0.485575 0.476303 0.466897 0.457359 0.44769 0.43789 0.427959 0.417895 0.40769 0.397328 0.386779 0.375983 0.364839 0.353182 0.340761 0.327214 0.31205 0.294634 0.27418 0.24976 0.220313 0.18468 0.141631 0.0899094 0.0282734 -0.0444556 -0.129351 -0.22734 -0.339167 -0.465363 -0.60622 -0.761775 -0.931798 -1.11578 -1.31296 -1.52228 -1.74246 -1.97199 -2.20914 -2.45202 -2.69861 -2.94681 -3.19446 -3.43944 -3.67965 -3.91313 -4.13807 -4.35284 -4.556 -4.74636 -4.92294 -5.08499 -5.23193 -5.36337 -5.47904 -5.57877 -5.66248 -5.73013 -5.78172 -5.81729 -5.83692 -5.84073 -5.82896 -5.80193 -5.76012 -5.70416 -5.63491 -5.55341 -5.46092 -5.35893 -5.24909 -5.13322 -5.01327 -4.89126 -4.76922 -4.64922 -4.53323 -4.42318 -4.32089 -4.22805 -4.14627 -4.07701 -4.02166 -3.98149 -3.95769 -3.95134 -3.96337 -3.99452 -4.04523 -4.11544 -4.20451 -4.311 -4.43259 -4.56611 -4.70769 -4.85305 -4.99789 -5.13835 -5.27139 -5.39499 -5.50827 -5.61141 -5.70537 -5.79165 -5.87193 -5.94785 -6.02077 -6.09167 -6.16112 -6.22931 -6.29607 -6.36097 -6.4234 -6.48266 -6.53801 -6.58871 -6.6341 -6.67359 -6.70669 -6.73303 -6.75234 -6.76445 -6.76931 -6.76692 -6.75735 -6.74069 -6.71706 -6.68653 -6.64912 -6.60469 -6.55298 -6.49345 -6.42527 -6.34723 -6.25765 -6.15452 -6.03788 -5.90914 -5.76876 -5.61704 -5.45459 -5.28225 -5.1011 -4.91245 -4.71772 -4.51845 -4.31623 -4.11266 -3.90926 -3.70752 -3.50879 -3.31429 -3.12511 -2.94216 -2.76622 -2.59791 -2.43769 -2.28592 -2.14286 -2.00915 -1.89002 -1.8363 -2.33938 
0.362956 0.724352 0.721123 0.71768 0.714025 0.710163 0.706099 0.701836 0.697378 0.692729 0.687893 0.682874 0.677674 0.672298 0.666749 0.66103 0.655143 0.649093 0.642882 0.636513 0.629988 0.62331 0.616482 0.609506 0.602385 0.59512 0.587713 0.580168 0.572486 0.564669 0.556719 0.548637 0.540427 0.53209 0.523627 0.515041 0.506334 0.497507 0.488563 0.479504 0.470331 0.461048 0.451655 0.442153 0.432544 0.422825 0.41299 0.403027 0.39291 0.38259 0.371988 0.360977 0.349368 0.336892 0.323185 0.307778 0.290091 0.269432 0.245003 0.21592 0.181227 0.139929 0.0910168 0.0335057 -0.0335351 -0.110947 -0.19945 -0.299615 -0.411837 -0.536318 -0.673046 -0.821786 -0.982077 -1.15323 -1.33433 -1.52427 -1.72172 -1.92521 -2.13313 -2.34373 -2.55524 -2.76583 -2.97367 -3.177 -3.37414 -3.56352 -3.74369 -3.91338 -4.07147 -4.21699 -4.34916 -4.46732 -4.57098 -4.65974 -4.73334 -4.79163 -4.83456 -4.86218 -4.87467 -4.87234 -4.85563 -4.82515 -4.78167 -4.72614 -4.65967 -4.58357 -4.49926 -4.40832 -4.31244 -4.21334 -4.11281 -4.01263 -3.91454 -3.82021 -3.73126 -3.6492 -3.57544 -3.51129 -3.45799 -3.41668 -3.38843 -3.37426 -3.37513 -3.39194 -3.42549 -3.47641 -3.54512 -3.63163 -3.73548 -3.85556 -3.99006 -4.13644 -4.29152 -4.45169 -4.61322 -4.77253 -4.92656 -5.07294 -5.21014 -5.33747 -5.45498 -5.56326 -5.66324 -5.75598 -5.84253 -5.92375 -6.00027 -6.07248 -6.14052 -6.20432 -6.26366 -6.3182 -6.36753 -6.41126 -6.44898 -6.48033 -6.50504 -6.52287 -6.53365 -6.53729 -6.53375 -6.52299 -6.50502 -6.47981 -6.4473 -6.40733 -6.35963 -6.30379 -6.23913 -6.16471 -6.0792 -5.98073 -5.86775 -5.74118 -5.60261 -5.45257 -5.29178 -5.12118 -4.94193 -4.75536 -4.56292 -4.36613 -4.16658 -3.96581 -3.76533 -3.56657 -3.37083 -3.17931 -2.99304 -2.81291 -2.63966 -2.47389 -2.31604 -2.16644 -2.02529 -1.89274 -1.76925 -1.65948 -1.6106 -2.09239 
0.366446 0.73133 0.7281 0.724659 0.721011 0.717162 0.713114 0.708873 0.704442 0.699825 0.695027 0.69005 0.684899 0.679577 0.674088 0.668434 0.66262 0.656649 0.650524 0.644247 0.637823 0.631253 0.624541 0.617689 0.610701 0.603578 0.596324 0.588941 0.581431 0.573798 0.566043 0.558169 0.550178 0.542073 0.533856 0.52553 0.517097 0.508559 0.499919 0.49118 0.482344 0.473413 0.46439 0.455277 0.446075 0.436786 0.427408 0.417937 0.408361 0.398661 0.3888 0.378714 0.368309 0.357443 0.345916 0.333462 0.319734 0.304306 0.286664 0.266211 0.242278 0.214132 0.180995 0.142067 0.0965461 0.0436558 -0.0173284 -0.0870532 -0.166063 -0.254774 -0.353458 -0.462221 -0.580994 -0.709519 -0.84735 -0.993849 -1.1482 -1.3094 -1.47631 -1.64764 -1.82199 -1.99789 -2.1738 -2.34818 -2.51947 -2.68618 -2.84686 -3.00018 -3.14489 -3.27988 -3.40415 -3.51686 -3.61729 -3.70487 -3.77917 -3.83989 -3.88689 -3.92014 -3.93979 -3.94613 -3.9396 -3.9208 -3.89051 -3.84964 -3.79925 -3.74056 -3.67487 -3.60361 -3.52823 -3.45026 -3.37122 -3.2926 -3.21587 -3.14243 -3.07361 -3.01066 -2.95474 -2.90695 -2.86831 -2.83976 -2.82222 -2.81657 -2.82364 -2.84424 -2.87916 -2.92908 -2.99461 -3.07611 -3.17369 -3.28703 -3.4153 -3.55709 -3.71038 -3.87261 -4.04079 -4.21174 -4.38228 -4.54949 -4.71092 -4.8647 -5.00958 -5.14493 -5.27063 -5.38693 -5.49433 -5.59343 -5.68483 -5.76906 -5.84653 -5.91749 -5.98209 -6.04034 -6.09216 -6.13743 -6.17598 -6.20765 -6.23226 -6.24966 -6.25975 -6.26242 -6.25757 -6.24514 -6.22503 -6.1971 -6.16118 -6.11701 -6.06421 -6.00228 -5.93052 -5.84799 -5.75336 -5.64475 -5.52157 -5.38549 -5.23798 -5.07987 -4.91219 -4.73616 -4.55313 -4.36456 -4.17196 -3.97686 -3.78076 -3.58512 -3.3913 -3.20055 -3.01399 -2.83262 -2.65726 -2.48863 -2.32727 -2.1736 -2.02794 -1.89045 -1.76124 -1.64034 -1.52807 -1.42855 -1.38526 -1.84263 
0.369612 0.73766 0.734427 0.730987 0.727346 0.723508 0.719476 0.715255 0.71085 0.706264 0.701501 0.696565 0.691461 0.686191 0.680759 0.675169 0.669425 0.66353 0.657488 0.651301 0.644973 0.638507 0.631906 0.625174 0.618314 0.611328 0.604219 0.596991 0.589646 0.582187 0.574617 0.566939 0.559156 0.55127 0.543284 0.535201 0.527025 0.518756 0.510399 0.501956 0.49343 0.484823 0.476139 0.46738 0.458547 0.449644 0.440671 0.431628 0.422512 0.413314 0.404018 0.394596 0.385001 0.375161 0.364971 0.354285 0.342908 0.330586 0.317005 0.301788 0.28449 0.264611 0.241593 0.214841 0.183729 0.147623 0.105894 0.0579433 0.0032203 -0.0587552 -0.128374 -0.205916 -0.29154 -0.385263 -0.486953 -0.596326 -0.712937 -0.836185 -0.965321 -1.09946 -1.23758 -1.37857 -1.52123 -1.66429 -1.80645 -1.94641 -2.08287 -2.21457 -2.34033 -2.45904 -2.56966 -2.6713 -2.76316 -2.84459 -2.91506 -2.97419 -3.02175 -3.05766 -3.08197 -3.09492 -3.09687 -3.08837 -3.07008 -3.04281 -3.00751 -2.96521 -2.91706 -2.86425 -2.80803 -2.74967 -2.69043 -2.63155 -2.57423 -2.51963 -2.46882 -2.42283 -2.38262 -2.3491 -2.32309 -2.30542 -2.29684 -2.2981 -2.30994 -2.33308 -2.36823 -2.41609 -2.47728 -2.55234 -2.64165 -2.74533 -2.86321 -2.99465 -3.13858 -3.2934 -3.45705 -3.6271 -3.80087 -3.9756 -4.14865 -4.31763 -4.48056 -4.6359 -4.78257 -4.91994 -5.04772 -5.16592 -5.27471 -5.37438 -5.46523 -5.54756 -5.62162 -5.68758 -5.74558 -5.79568 -5.8379 -5.87222 -5.89862 -5.91703 -5.92739 -5.92963 -5.92366 -5.90938 -5.88663 -5.85525 -5.81498 -5.76553 -5.70652 -5.63745 -5.5577 -5.46647 -5.36262 -5.24452 -5.11266 -4.96922 -4.81548 -4.65255 -4.48168 -4.30425 -4.12168 -3.93544 -3.74702 -3.55784 -3.3693 -3.18266 -2.99912 -2.81972 -2.64538 -2.47688 -2.31487 -2.15987 -2.01227 -1.87234 -1.74024 -1.61606 -1.49979 -1.39137 -1.29104 -1.20241 -1.16527 -1.59549 
0.372473 0.743379 0.740142 0.736703 0.733068 0.729239 0.725222 0.721021 0.716639 0.712082 0.707353 0.702456 0.697396 0.692175 0.686799 0.68127 0.675593 0.66977 0.663807 0.657705 0.651469 0.645103 0.638609 0.631991 0.625252 0.618396 0.611426 0.604345 0.597156 0.589862 0.582467 0.574974 0.567386 0.559706 0.551937 0.544083 0.536145 0.528127 0.520032 0.511864 0.503624 0.495316 0.486943 0.478508 0.470012 0.46146 0.452852 0.444191 0.435476 0.426706 0.417874 0.408968 0.399968 0.390837 0.381523 0.37195 0.362011 0.351562 0.340421 0.328358 0.315097 0.30031 0.283626 0.264629 0.242866 0.217861 0.18912 0.156151 0.118474 0.0756396 0.0272476 -0.02704 -0.0874808 -0.154238 -0.22737 -0.306815 -0.392389 -0.483781 -0.580548 -0.682127 -0.787832 -0.89687 -1.00836 -1.12133 -1.23476 -1.3476 -1.45875 -1.56715 -1.67175 -1.77155 -1.86559 -1.95302 -2.03307 -2.10508 -2.16851 -2.22295 -2.2681 -2.30384 -2.33016 -2.3472 -2.35525 -2.35473 -2.34618 -2.33028 -2.30778 -2.27955 -2.24653 -2.20968 -2.17003 -2.1286 -2.08641 -2.04446 -2.00371 -1.96509 -1.92948 -1.89771 -1.87055 -1.84875 -1.83301 -1.82399 -1.82235 -1.82873 -1.84375 -1.86807 -1.90231 -1.94711 -2.0031 -2.07084 -2.15084 -2.24344 -2.3488 -2.46682 -2.59703 -2.7386 -2.89027 -3.05039 -3.21699 -3.38782 -3.56056 -3.73285 -3.9025 -4.06755 -4.22635 -4.37759 -4.5203 -4.65384 -4.77781 -4.89202 -4.99645 -5.09116 -5.17626 -5.25189 -5.31816 -5.37521 -5.42311 -5.46192 -5.49169 -5.51242 -5.52411 -5.52669 -5.52012 -5.50428 -5.47904 -5.44421 -5.39958 -5.34487 -5.27979 -5.20395 -5.11693 -5.01817 -4.90683 -4.78197 -4.64484 -4.49776 -4.34198 -4.17876 -4.00944 -3.83542 -3.65811 -3.47891 -3.29917 -3.12018 -2.94314 -2.76915 -2.59917 -2.43405 -2.27451 -2.12115 -1.97443 -1.83473 -1.70227 -1.57723 -1.45966 -1.34955 -1.24683 -1.1514 -1.0634 -0.985998 -0.955324 -1.35618 
0.375048 0.748525 0.745284 0.741846 0.738214 0.734394 0.730391 0.726207 0.721848 0.717317 0.71262 0.70776 0.702741 0.697567 0.692243 0.686771 0.681157 0.675404 0.669515 0.663495 0.657347 0.651074 0.644681 0.638171 0.631548 0.624815 0.617975 0.611033 0.603991 0.596854 0.589623 0.582304 0.574899 0.567412 0.559845 0.552203 0.544488 0.536703 0.528852 0.520937 0.512962 0.50493 0.496843 0.488706 0.480519 0.472287 0.464012 0.455696 0.44734 0.438947 0.430514 0.422037 0.413507 0.40491 0.396219 0.387397 0.378387 0.369112 0.35947 0.349327 0.338519 0.326844 0.314064 0.299906 0.284063 0.266199 0.245954 0.222956 0.196826 0.167193 0.133704 0.096039 0.0539217 0.00713558 -0.0444663 -0.100949 -0.162289 -0.228363 -0.298949 -0.37372 -0.452247 -0.534007 -0.618386 -0.70469 -0.792159 -0.879984 -0.967319 -1.0533 -1.13707 -1.21777 -1.29462 -1.36684 -1.43375 -1.49476 -1.54935 -1.59712 -1.63778 -1.67115 -1.69718 -1.71594 -1.72763 -1.73256 -1.73112 -1.72385 -1.71134 -1.69426 -1.67335 -1.64936 -1.6231 -1.59538 -1.56698 -1.5387 -1.5113 -1.48552 -1.46204 -1.44153 -1.42463 -1.41192 -1.40399 -1.40139 -1.40467 -1.41438 -1.43105 -1.45525 -1.48753 -1.52847 -1.57864 -1.63859 -1.70883 -1.78983 -1.8819 -1.9852 -2.09968 -2.22498 -2.36046 -2.50512 -2.65762 -2.81636 -2.9795 -3.14505 -3.31098 -3.47533 -3.63625 -3.79211 -3.94152 -4.08332 -4.21664 -4.34082 -4.4554 -4.56008 -4.6547 -4.73917 -4.81347 -4.8776 -4.93161 -4.97551 -5.00934 -5.03313 -5.04685 -5.05049 -5.04401 -5.02732 -5.00033 -4.96291 -4.91491 -4.85617 -4.78653 -4.70581 -4.61382 -4.51034 -4.39496 -4.26754 -4.12978 -3.98387 -3.83105 -3.67261 -3.50987 -3.34417 -3.17682 -3.00907 -2.84211 -2.67705 -2.51488 -2.3565 -2.20268 -2.05408 -1.91124 -1.77459 -1.64445 -1.52107 -1.40457 -1.29503 -1.19244 -1.09673 -1.00778 -0.925467 -0.849859 -0.783751 -0.759643 -1.12943 
0.377355 0.753137 0.749891 0.746452 0.742823 0.739011 0.735019 0.730851 0.726512 0.722007 0.717339 0.712513 0.707533 0.702403 0.697127 0.69171 0.686155 0.680466 0.674648 0.668704 0.662638 0.656455 0.650157 0.643749 0.637234 0.630616 0.6239 0.617088 0.610184 0.603192 0.596116 0.58896 0.581726 0.574418 0.56704 0.559595 0.552087 0.544518 0.536892 0.529213 0.521482 0.513704 0.505882 0.498018 0.490115 0.482176 0.474205 0.466203 0.458174 0.450118 0.442038 0.433933 0.4258 0.417634 0.409423 0.40115 0.392786 0.384292 0.375614 0.366676 0.357386 0.347623 0.337244 0.326077 0.313924 0.300561 0.285743 0.269205 0.25067 0.229855 0.20648 0.180277 0.150999 0.118434 0.0824093 0.0428053 -0.000435987 -0.0473044 -0.0977149 -0.151504 -0.208428 -0.268163 -0.33031 -0.394397 -0.459891 -0.526205 -0.59271 -0.658753 -0.723663 -0.786773 -0.847434 -0.905025 -0.958975 -1.00877 -1.05396 -1.09419 -1.12918 -1.15875 -1.18281 -1.2014 -1.21461 -1.22266 -1.22584 -1.22453 -1.21918 -1.21029 -1.19841 -1.18412 -1.16802 -1.15074 -1.13287 -1.11504 -1.09781 -1.08177 -1.06745 -1.05538 -1.04606 -1.03998 -1.03759 -1.03936 -1.04574 -1.0572 -1.07419 -1.09718 -1.12668 -1.16316 -1.20715 -1.25916 -1.31967 -1.38914 -1.46798 -1.55646 -1.65474 -1.76277 -1.88029 -2.00678 -2.14142 -2.28314 -2.43062 -2.58234 -2.73663 -2.89174 -3.04594 -3.19756 -3.34506 -3.48704 -3.62231 -3.74985 -3.86887 -3.9787 -4.07887 -4.16901 -4.24887 -4.31826 -4.37707 -4.42521 -4.46264 -4.48932 -4.50522 -4.51031 -4.50455 -4.4879 -4.46032 -4.42176 -4.37218 -4.31157 -4.23992 -4.15729 -4.06376 -3.95948 -3.84448 -3.71935 -3.58595 -3.44618 -3.30123 -3.15236 -3.00077 -2.84768 -2.69424 -2.54153 -2.39055 -2.24222 -2.09734 -1.95662 -1.82064 -1.68991 -1.56482 -1.44566 -1.33267 -1.22597 -1.12563 -1.03166 -0.94401 -0.86258 -0.787236 -0.717827 -0.654393 -0.59937 -0.581729 -0.919312 
0.379414 0.757251 0.753999 0.750558 0.746932 0.743126 0.739144 0.73499 0.73067 0.726187 0.721546 0.716751 0.711807 0.706718 0.701488 0.696121 0.690621 0.684993 0.679241 0.673368 0.66738 0.661279 0.65507 0.648757 0.642344 0.635834 0.629233 0.622542 0.615768 0.608912 0.60198 0.594974 0.587899 0.580759 0.573556 0.566294 0.558977 0.551608 0.544191 0.536728 0.529224 0.52168 0.514101 0.506489 0.498846 0.491177 0.483484 0.47577 0.468038 0.460289 0.452527 0.444753 0.436966 0.429167 0.421351 0.41351 0.405633 0.397699 0.389682 0.381541 0.373226 0.364669 0.355786 0.346475 0.336614 0.326061 0.314656 0.302222 0.288569 0.273493 0.25679 0.238254 0.217687 0.194908 0.169757 0.142106 0.111864 0.0789882 0.0434843 0.00541566 -0.0350953 -0.0778653 -0.12265 -0.169148 -0.217003 -0.26581 -0.315127 -0.364479 -0.413373 -0.461307 -0.507784 -0.552322 -0.594466 -0.633803 -0.669968 -0.702652 -0.731617 -0.756691 -0.777781 -0.794868 -0.80801 -0.817339 -0.823055 -0.825419 -0.824749 -0.821407 -0.815795 -0.80834 -0.799486 -0.78969 -0.779408 -0.769095 -0.759194 -0.75014 -0.74235 -0.736231 -0.732175 -0.730565 -0.731777 -0.736183 -0.744158 -0.75608 -0.772336 -0.793329 -0.819471 -0.851192 -0.888934 -0.933146 -0.984273 -1.04275 -1.10896 -1.18326 -1.26588 -1.35694 -1.45642 -1.56408 -1.67949 -1.802 -1.9307 -2.06451 -2.20216 -2.34224 -2.48327 -2.62374 -2.76215 -2.89708 -3.02723 -3.1514 -3.26856 -3.37783 -3.47845 -3.56982 -3.65144 -3.72293 -3.784 -3.83441 -3.87399 -3.90263 -3.92023 -3.92673 -3.9221 -3.90632 -3.87941 -3.8414 -3.79237 -3.73244 -3.66179 -3.58067 -3.48942 -3.38849 -3.27835 -3.16008 -3.0355 -2.90616 -2.77319 -2.63769 -2.50076 -2.36343 -2.22668 -2.09141 -1.95843 -1.82848 -1.70219 -1.58009 -1.46265 -1.35021 -1.24308 -1.14144 -1.04545 -0.955172 -0.870638 -0.791819 -0.718644 -0.651008 -0.588771 -0.531783 -0.480058 -0.435711 -0.424288 -0.729078 
0.381243 0.760904 0.757646 0.754202 0.750577 0.746775 0.742802 0.738661 0.734357 0.729894 0.725278 0.720511 0.7156 0.710548 0.70536 0.700039 0.694591 0.689019 0.683328 0.677522 0.671605 0.665582 0.659456 0.653231 0.646912 0.640504 0.634009 0.627432 0.620777 0.614048 0.607248 0.600383 0.593455 0.586469 0.579428 0.572336 0.565196 0.558012 0.550787 0.543524 0.536227 0.5289 0.521544 0.514163 0.50676 0.499339 0.491901 0.48445 0.476989 0.469521 0.462048 0.454572 0.447095 0.439619 0.432142 0.424664 0.417178 0.409677 0.402148 0.394572 0.386921 0.37916 0.371242 0.363108 0.354687 0.345893 0.336626 0.326775 0.316213 0.304806 0.292409 0.278877 0.264064 0.247827 0.230037 0.210581 0.189366 0.16633 0.141444 0.114715 0.0861917 0.0559686 0.0241834 -0.00898111 -0.0432994 -0.0785067 -0.114304 -0.150363 -0.186338 -0.221866 -0.256586 -0.290137 -0.32218 -0.352394 -0.380495 -0.406237 -0.429422 -0.449902 -0.467585 -0.482435 -0.494473 -0.503774 -0.510466 -0.514724 -0.516766 -0.516844 -0.515241 -0.512262 -0.508227 -0.503464 -0.49831 -0.493096 -0.488153 -0.483806 -0.480372 -0.47816 -0.477475 -0.478615 -0.48188 -0.487566 -0.495977 -0.507421 -0.522219 -0.540703 -0.563218 -0.590126 -0.621803 -0.658631 -0.701002 -0.749299 -0.803889 -0.865104 -0.933221 -1.00844 -1.09084 -1.18039 -1.27688 -1.37994 -1.48901 -1.60334 -1.72203 -1.84399 -1.96804 -2.09292 -2.21732 -2.33992 -2.45945 -2.5747 -2.68456 -2.78802 -2.88417 -2.97226 -3.0516 -3.12165 -3.18195 -3.23214 -3.27194 -3.30111 -3.31952 -3.32706 -3.32368 -3.3094 -3.28426 -3.24837 -3.2019 -3.1451 -3.07829 -3.00186 -2.91635 -2.8224 -2.72085 -2.61304 -2.5006 -2.38477 -2.26655 -2.14691 -2.02677 -1.90698 -1.78836 -1.67162 -1.55741 -1.44632 -1.33881 -1.23531 -1.13616 -1.04162 -0.951896 -0.867132 -0.787419 -0.712801 -0.643278 -0.578814 -0.519333 -0.464732 -0.41488 -0.369633 -0.328989 -0.294765 -0.289212 -0.561167 
0.382858 0.76413 0.760865 0.757417 0.753792 0.749994 0.746027 0.741897 0.737607 0.733163 0.728568 0.723828 0.718947 0.713929 0.708779 0.703501 0.6981 0.69258 0.686946 0.681201 0.67535 0.669398 0.663348 0.657206 0.650974 0.644659 0.638262 0.63179 0.625246 0.618634 0.611957 0.605222 0.59843 0.591586 0.584694 0.577758 0.570781 0.563767 0.556718 0.54964 0.542534 0.535405 0.528254 0.521086 0.513903 0.506708 0.499505 0.492296 0.485084 0.477871 0.470661 0.463457 0.45626 0.449073 0.441897 0.434733 0.42758 0.420435 0.413294 0.406146 0.398981 0.391779 0.384516 0.377161 0.369672 0.362001 0.354089 0.345867 0.337257 0.328173 0.31852 0.308199 0.297109 0.285148 0.272218 0.25823 0.243106 0.226785 0.209225 0.190408 0.170346 0.149079 0.126677 0.103244 0.0789171 0.0538604 0.0282675 0.0023548 -0.0236424 -0.049476 -0.0748911 -0.0996329 -0.123454 -0.14612 -0.167419 -0.187163 -0.205196 -0.221399 -0.23569 -0.248028 -0.258412 -0.266881 -0.273513 -0.278421 -0.281747 -0.283664 -0.284366 -0.284063 -0.282981 -0.281354 -0.27942 -0.277422 -0.275598 -0.27419 -0.273433 -0.27356 -0.274804 -0.277396 -0.281568 -0.287555 -0.295598 -0.305946 -0.318857 -0.334602 -0.353467 -0.375747 -0.401755 -0.431814 -0.466252 -0.505401 -0.549584 -0.599105 -0.654233 -0.715187 -0.782111 -0.855062 -0.933979 -1.01867 -1.10881 -1.20391 -1.30333 -1.40629 -1.51189 -1.61912 -1.72689 -1.83409 -1.93956 -2.04218 -2.14087 -2.23461 -2.32247 -2.40359 -2.47721 -2.54269 -2.59946 -2.64707 -2.68514 -2.71337 -2.73156 -2.73958 -2.73736 -2.72492 -2.70233 -2.66976 -2.62744 -2.57569 -2.51492 -2.44562 -2.36843 -2.28412 -2.19367 -2.09856 -2.0002 -1.89955 -1.79746 -1.69473 -1.59213 -1.49033 -1.38999 -1.29169 -1.19592 -1.10313 -1.01369 -0.927932 -0.846099 -0.768398 -0.694981 -0.625959 -0.561396 -0.501324 -0.445737 -0.394596 -0.347835 -0.305357 -0.26704 -0.23275 -0.202472 -0.177742 -0.177661 -0.417257 
0.384277 0.766963 0.76369 0.760237 0.756611 0.752815 0.748853 0.744732 0.740454 0.736026 0.731451 0.726734 0.72188 0.716893 0.711778 0.706539 0.701181 0.695709 0.690126 0.684437 0.678648 0.672761 0.666782 0.660715 0.654564 0.648334 0.642028 0.635653 0.62921 0.622705 0.616143 0.609526 0.602859 0.596146 0.589392 0.582599 0.575771 0.568913 0.562027 0.555117 0.548186 0.541238 0.534276 0.527303 0.520321 0.513335 0.506346 0.499357 0.492373 0.485395 0.478426 0.471469 0.464527 0.457602 0.450696 0.443812 0.436951 0.430111 0.423294 0.416494 0.409709 0.402928 0.396141 0.38933 0.382476 0.37555 0.36852 0.361346 0.353982 0.346374 0.338464 0.330189 0.321481 0.312272 0.302493 0.29208 0.280972 0.269118 0.256481 0.243034 0.22877 0.213702 0.197861 0.181303 0.164104 0.146364 0.128202 0.109755 0.0911772 0.0726321 0.0542918 0.0363305 0.0189205 0.00222655 -0.0135984 -0.0284178 -0.0421156 -0.0545992 -0.0658022 -0.0756857 -0.0842391 -0.09148 -0.0974529 -0.102228 -0.105898 -0.108575 -0.110391 -0.111489 -0.112025 -0.11216 -0.112064 -0.111908 -0.111865 -0.112109 -0.112813 -0.114152 -0.116301 -0.119434 -0.123731 -0.129375 -0.136554 -0.145465 -0.156314 -0.169318 -0.184707 -0.20272 -0.223613 -0.247649 -0.2751 -0.306245 -0.341356 -0.380699 -0.424518 -0.473022 -0.526375 -0.584676 -0.647943 -0.7161 -0.788962 -0.866222 -0.947454 -1.0321 -1.1195 -1.20888 -1.29937 -1.39006 -1.47997 -1.56813 -1.65355 -1.73529 -1.81245 -1.88418 -1.94973 -2.00839 -2.05958 -2.10278 -2.13757 -2.16362 -2.18068 -2.1886 -2.18731 -2.17681 -2.15721 -2.12867 -2.09148 -2.04599 -1.99263 -1.93195 -1.86459 -1.79136 -1.71326 -1.63175 -1.54808 -1.46296 -1.37708 -1.29109 -1.20559 -1.12113 -1.03822 -0.957313 -0.878799 -0.803023 -0.730282 -0.660822 -0.594849 -0.532525 -0.473977 -0.419297 -0.368543 -0.321741 -0.27889 -0.239954 -0.204874 -0.17356 -0.145895 -0.121751 -0.101094 -0.0851945 -0.0901746 -0.298386 
0.385515 0.769433 0.766152 0.762694 0.759065 0.75527 0.751312 0.747198 0.742931 0.738516 0.733958 0.729262 0.724432 0.719473 0.714389 0.709186 0.703867 0.698437 0.692902 0.687265 0.681531 0.675704 0.66979 0.663792 0.657714 0.651563 0.645341 0.639053 0.632704 0.626298 0.619839 0.613332 0.606779 0.600187 0.593558 0.586896 0.580205 0.573489 0.566752 0.559996 0.553226 0.546444 0.539654 0.532858 0.526061 0.519264 0.512472 0.505685 0.498909 0.492145 0.485396 0.478665 0.471955 0.465269 0.458608 0.451976 0.445375 0.438805 0.432269 0.425765 0.419294 0.412851 0.406432 0.40003 0.393634 0.387231 0.380803 0.374328 0.367781 0.36113 0.354341 0.347375 0.34019 0.332742 0.324987 0.316879 0.308378 0.299444 0.290047 0.280162 0.269778 0.258893 0.247518 0.235681 0.223422 0.2108 0.197884 0.184758 0.171519 0.158272 0.145129 0.132203 0.119612 0.107467 0.0958731 0.0849263 0.0747096 0.0652908 0.0567206 0.0490315 0.0422366 0.03633 0.0312869 0.027065 0.0236052 0.0208341 0.0186657 0.0170031 0.0157411 0.0147676 0.0139656 0.0132145 0.0123911 0.0113705 0.0100263 0.00823048 0.00585332 0.00276254 -0.00117756 -0.00610723 -0.0121725 -0.0195264 -0.0283305 -0.0387556 -0.050983 -0.0652045 -0.081623 -0.100451 -0.121909 -0.146223 -0.17362 -0.204322 -0.238539 -0.27646 -0.318241 -0.363995 -0.413779 -0.46758 -0.525306 -0.58677 -0.651691 -0.719686 -0.790272 -0.862872 -0.936823 -1.01139 -1.0858 -1.15921 -1.23081 -1.29974 -1.3652 -1.42643 -1.48268 -1.53331 -1.57772 -1.6154 -1.64593 -1.66896 -1.68424 -1.6916 -1.69095 -1.68232 -1.66579 -1.64156 -1.60988 -1.57112 -1.52571 -1.47418 -1.41714 -1.35535 -1.28974 -1.22165 -1.15219 -1.08191 -1.01134 -0.940977 -0.871308 -0.802764 -0.73574 -0.67059 -0.607628 -0.547131 -0.489337 -0.434454 -0.382655 -0.334084 -0.288856 -0.247055 -0.208739 -0.173935 -0.142641 -0.114825 -0.0904254 -0.0693523 -0.0514874 -0.0366955 -0.0249166 -0.0171728 -0.0267922 -0.205063 
0.386587 0.771572 0.768281 0.764817 0.761185 0.757389 0.753434 0.749324 0.745066 0.740663 0.73612 0.731442 0.726633 0.721699 0.716643 0.711472 0.706188 0.700798 0.695305 0.689715 0.684031 0.678259 0.672404 0.666469 0.660459 0.654379 0.648233 0.642026 0.635762 0.629446 0.623082 0.616674 0.610226 0.603743 0.597229 0.590687 0.584121 0.577535 0.570933 0.564318 0.557694 0.551063 0.54443 0.537797 0.531168 0.524545 0.517931 0.511329 0.504742 0.498174 0.491626 0.485101 0.478603 0.472133 0.465696 0.459292 0.452926 0.446598 0.440311 0.434067 0.427865 0.421707 0.41559 0.409513 0.40347 0.397457 0.391465 0.385482 0.379495 0.373487 0.367439 0.361328 0.35513 0.348818 0.342365 0.335741 0.328919 0.321874 0.314581 0.307024 0.29919 0.291072 0.282673 0.274006 0.265091 0.255958 0.24665 0.237216 0.227713 0.218207 0.208768 0.19947 0.190388 0.181594 0.17316 0.165149 0.157619 0.150616 0.144178 0.138328 0.13308 0.128432 0.12437 0.120869 0.117891 0.11539 0.113308 0.111581 0.110138 0.108902 0.107793 0.106726 0.105614 0.104369 0.102898 0.101109 0.0989063 0.0961909 0.0928612 0.0888108 0.0839284 0.0780965 0.0711903 0.0630773 0.0536164 0.0426573 0.0300408 0.015599 -0.000843136 -0.0194663 -0.0404535 -0.063986 -0.0902386 -0.119372 -0.151527 -0.186812 -0.225298 -0.267005 -0.311895 -0.35986 -0.410719 -0.46421 -0.519988 -0.577632 -0.636641 -0.696452 -0.756443 -0.815952 -0.87429 -0.930755 -0.984651 -1.0353 -1.08206 -1.12434 -1.16159 -1.19334 -1.21918 -1.23878 -1.2519 -1.25838 -1.25813 -1.25116 -1.23756 -1.2175 -1.19124 -1.1591 -1.12148 -1.07887 -1.03182 -0.980978 -0.927164 -0.871538 -0.81509 -0.758278 -0.701481 -0.645095 -0.589492 -0.535016 -0.48198 -0.430672 -0.38135 -0.334248 -0.289574 -0.247512 -0.20822 -0.171834 -0.138463 -0.108188 -0.0810629 -0.0571093 -0.0363184 -0.0186489 -0.00402702 0.00765194 0.0165214 0.0227341 0.0263841 0.0266859 0.0128836 -0.137337 
0.387506 0.773406 0.770105 0.766634 0.762997 0.759199 0.755245 0.75114 0.746888 0.742495 0.737965 0.733302 0.728512 0.7236 0.71857 0.713426 0.708175 0.702819 0.697365 0.691817 0.68618 0.680457 0.674655 0.668777 0.662828 0.656813 0.650737 0.644603 0.638417 0.632183 0.625905 0.619588 0.613235 0.606852 0.600441 0.594008 0.587556 0.581088 0.57461 0.568123 0.561631 0.555139 0.548648 0.542163 0.535687 0.529221 0.52277 0.516336 0.509923 0.503532 0.497167 0.49083 0.484524 0.478253 0.472018 0.465822 0.459669 0.453559 0.447497 0.441483 0.43552 0.429608 0.42375 0.417944 0.41219 0.406486 0.400829 0.395213 0.389633 0.384079 0.378543 0.373012 0.367473 0.36191 0.356307 0.350647 0.344914 0.33909 0.333161 0.327114 0.320938 0.31463 0.308186 0.301613 0.294919 0.288122 0.281244 0.274314 0.267366 0.26044 0.253578 0.246826 0.24023 0.233838 0.227694 0.221841 0.216315 0.211148 0.206366 0.201985 0.198014 0.194453 0.191296 0.188526 0.186119 0.184044 0.182264 0.180736 0.17941 0.178236 0.177157 0.176115 0.175047 0.173892 0.172583 0.171052 0.16923 0.167043 0.164416 0.16127 0.15752 0.153076 0.147845 0.141724 0.134605 0.126373 0.116904 0.106067 0.0937272 0.0797414 0.0639655 0.0462545 0.0264675 0.00447174 -0.0198516 -0.0466006 -0.0758457 -0.107622 -0.141921 -0.178684 -0.217797 -0.259082 -0.302297 -0.347137 -0.393232 -0.440154 -0.487425 -0.534523 -0.580897 -0.625978 -0.66919 -0.709966 -0.747758 -0.782051 -0.812373 -0.838303 -0.85948 -0.875608 -0.886463 -0.891895 -0.891828 -0.886265 -0.875283 -0.859033 -0.837738 -0.811688 -0.781234 -0.746792 -0.708834 -0.667912 -0.624694 -0.580103 -0.535074 -0.490037 -0.445208 -0.40091 -0.357439 -0.315078 -0.274087 -0.234711 -0.197179 -0.161701 -0.128469 -0.0976565 -0.0694145 -0.0438707 -0.0211258 -0.00125054 0.0157168 0.0297725 0.0409483 0.0493118 0.0549652 0.0580431 0.0587081 0.057142 0.0534803 0.0471548 0.0297235 -0.094758 
0.388287 0.77496 0.771649 0.76817 0.764528 0.760728 0.756774 0.752671 0.748424 0.744039 0.739519 0.73487 0.730096 0.725203 0.720195 0.715077 0.709854 0.70453 0.699111 0.6936 0.688004 0.682326 0.676572 0.670746 0.664853 0.658897 0.652883 0.646816 0.6407 0.63454 0.628341 0.622106 0.615839 0.609546 0.603231 0.596896 0.590547 0.584187 0.57782 0.571449 0.565078 0.558711 0.55235 0.545999 0.539661 0.533339 0.527036 0.520754 0.514498 0.508268 0.502069 0.495904 0.489773 0.483682 0.477631 0.471624 0.465664 0.459752 0.453892 0.448086 0.442336 0.436644 0.431012 0.425441 0.419932 0.414485 0.4091 0.403775 0.398508 0.393296 0.388133 0.383016 0.377936 0.372885 0.367856 0.362839 0.357824 0.352802 0.347763 0.342699 0.337605 0.332476 0.327309 0.322108 0.316875 0.311621 0.306358 0.301101 0.295872 0.290692 0.285587 0.280585 0.275714 0.271004 0.266481 0.262173 0.258103 0.25429 0.25075 0.247496 0.244531 0.241857 0.239468 0.237354 0.235499 0.233882 0.232477 0.231256 0.230184 0.229227 0.228345 0.227497 0.22664 0.225728 0.224714 0.223549 0.222183 0.220561 0.218627 0.216322 0.213584 0.210345 0.206533 0.202072 0.19688 0.190868 0.183943 0.176005 0.166948 0.156664 0.14504 0.131963 0.11732 0.101007 0.0829254 0.062992 0.0411431 0.01734 -0.00842497 -0.0361224 -0.0656806 -0.0969814 -0.129857 -0.164087 -0.199402 -0.235484 -0.271968 -0.308454 -0.344512 -0.37969 -0.413528 -0.445563 -0.475348 -0.502453 -0.526482 -0.54708 -0.563937 -0.576799 -0.585472 -0.589824 -0.589787 -0.585362 -0.576612 -0.563665 -0.546709 -0.525989 -0.501802 -0.474492 -0.444454 -0.412138 -0.378077 -0.342966 -0.307667 -0.272622 -0.237945 -0.203893 -0.170721 -0.138672 -0.10798 -0.0788708 -0.0515565 -0.0262376 -0.00309816 0.0176981 0.0360114 0.0517307 0.0647772 0.0751082 0.0827195 0.0876465 0.0899641 0.0897852 0.0872575 0.0825594 0.0758941 0.0674793 0.0574935 0.0455582 0.0252391 -0.0762015 
0.388939 0.77626 0.772938 0.76945 0.765802 0.761998 0.758043 0.753941 0.749698 0.745319 0.740808 0.73617 0.73141 0.726534 0.721545 0.716449 0.711251 0.705955 0.700567 0.695091 0.689532 0.683894 0.678183 0.672404 0.666561 0.660658 0.654701 0.648694 0.642642 0.636549 0.63042 0.62426 0.618072 0.61186 0.60563 0.599385 0.593129 0.586866 0.5806 0.574334 0.568073 0.561818 0.555575 0.549345 0.543133 0.53694 0.530771 0.524628 0.518514 0.512431 0.506383 0.500372 0.494401 0.488472 0.482589 0.476753 0.470968 0.465236 0.459559 0.453941 0.448383 0.442888 0.437457 0.432094 0.426798 0.421573 0.416418 0.411335 0.406322 0.40138 0.396507 0.391701 0.38696 0.382279 0.377655 0.373083 0.368559 0.364078 0.359634 0.355223 0.350843 0.346489 0.342162 0.337861 0.333589 0.329351 0.325154 0.321007 0.316922 0.312911 0.30899 0.305175 0.301483 0.297931 0.294536 0.291313 0.288276 0.285438 0.282808 0.280391 0.278192 0.276209 0.274437 0.27287 0.271496 0.2703 0.269264 0.268368 0.267588 0.2669 0.266275 0.265684 0.265097 0.26448 0.2638 0.26302 0.262104 0.261013 0.259704 0.258134 0.256255 0.254019 0.251372 0.248255 0.244608 0.240363 0.235451 0.229795 0.223317 0.215931 0.207554 0.198097 0.187474 0.175602 0.162403 0.147809 0.131765 0.114235 0.0952045 0.0746858 0.0527223 0.0293925 0.00481272 -0.0208614 -0.047434 -0.0746703 -0.102299 -0.130017 -0.157495 -0.184382 -0.210318 -0.234938 -0.257883 -0.278808 -0.29739 -0.313339 -0.326399 -0.336361 -0.343062 -0.34639 -0.34629 -0.342758 -0.335848 -0.325663 -0.31236 -0.296139 -0.277244 -0.255958 -0.232601 -0.207537 -0.181189 -0.154088 -0.126957 -0.100262 -0.0741245 -0.048741 -0.0243411 -0.00115327 0.020598 0.0406953 0.0589321 0.0751174 0.0890815 0.100681 0.109806 0.116381 0.120375 0.121797 0.120704 0.117192 0.1114 0.103504 0.0937073 0.0822411 0.0693514 0.0552905 0.0402713 0.0240656 0.00188685 -0.079545 
0.389475 0.777325 0.773992 0.770495 0.76684 0.763031 0.759074 0.754972 0.750731 0.746357 0.741852 0.737224 0.732476 0.727614 0.722643 0.717566 0.71239 0.70712 0.701759 0.696313 0.690787 0.685186 0.679514 0.673777 0.667978 0.662124 0.656218 0.650266 0.644271 0.638239 0.632174 0.62608 0.619963 0.613825 0.607672 0.601508 0.595336 0.589161 0.582986 0.576815 0.570652 0.5645 0.558362 0.552242 0.546143 0.540068 0.53402 0.528001 0.522016 0.516065 0.510154 0.504283 0.498455 0.492675 0.486943 0.481262 0.475636 0.470066 0.464556 0.459107 0.453722 0.448404 0.443155 0.437977 0.432871 0.427841 0.422887 0.41801 0.413213 0.408495 0.403858 0.3993 0.394822 0.390423 0.386101 0.381854 0.377682 0.373581 0.369551 0.365588 0.361691 0.35786 0.354094 0.350394 0.346761 0.343198 0.339709 0.3363 0.332976 0.329747 0.32662 0.323605 0.320712 0.317951 0.31533 0.31286 0.310548 0.3084 0.306422 0.304616 0.302982 0.30152 0.300226 0.299092 0.29811 0.297269 0.296557 0.295957 0.295454 0.295027 0.294659 0.294327 0.294008 0.29368 0.293316 0.292892 0.292379 0.291748 0.290969 0.290009 0.288834 0.287407 0.285687 0.283632 0.281197 0.27833 0.27498 0.271089 0.266599 0.261446 0.255565 0.24889 0.241356 0.232897 0.223453 0.21297 0.201404 0.188721 0.174907 0.159964 0.143917 0.126819 0.108749 0.0898175 0.0701648 0.049962 0.0294094 0.00873337 -0.0118174 -0.0319769 -0.0514676 -0.070007 -0.087315 -0.10312 -0.117168 -0.129227 -0.139093 -0.146597 -0.151608 -0.154037 -0.153839 -0.151011 -0.145597 -0.137684 -0.127397 -0.114902 -0.100397 -0.084115 -0.0663169 -0.0472988 -0.0274022 -0.00704535 0.0131952 0.0328168 0.051631 0.0694951 0.0861807 0.101461 0.115114 0.126931 0.136719 0.144313 0.149577 0.152416 0.152778 0.150659 0.146103 0.139202 0.130095 0.118961 0.106016 0.0915021 0.0756835 0.0588352 0.0412364 0.0231589 0.0048299 -0.0138831 -0.0365286 -0.101233 
0.389904 0.778176 0.774831 0.771325 0.767662 0.763848 0.759887 0.755784 0.751544 0.747173 0.742674 0.738054 0.733316 0.728466 0.723509 0.71845 0.713294 0.708045 0.702709 0.69729 0.691794 0.686225 0.680589 0.674889 0.669131 0.66332 0.65746 0.651557 0.645614 0.639637 0.633629 0.627596 0.621542 0.615471 0.609388 0.603296 0.597201 0.591104 0.585012 0.578926 0.572852 0.566791 0.560749 0.554728 0.54873 0.542761 0.536821 0.530915 0.525046 0.519215 0.513426 0.507681 0.501984 0.496336 0.490741 0.485201 0.479718 0.474295 0.468934 0.463639 0.458411 0.453252 0.448166 0.443154 0.438218 0.433361 0.428585 0.42389 0.41928 0.414754 0.410316 0.405965 0.401702 0.397528 0.393443 0.389447 0.38554 0.381722 0.377992 0.37435 0.370796 0.36733 0.363952 0.360663 0.357464 0.354358 0.351348 0.348435 0.345625 0.342922 0.340331 0.337857 0.335505 0.333282 0.331193 0.329241 0.327432 0.325768 0.324251 0.322881 0.321658 0.320579 0.319641 0.318836 0.318159 0.317601 0.317151 0.316797 0.316527 0.316328 0.316183 0.316078 0.315995 0.315917 0.315826 0.315701 0.315524 0.315271 0.314921 0.314449 0.31383 0.313037 0.312039 0.310805 0.3093 0.307489 0.305332 0.302785 0.299806 0.296346 0.292358 0.287791 0.282595 0.276721 0.270123 0.262759 0.254592 0.245597 0.235757 0.22507 0.213553 0.201237 0.188178 0.174453 0.160163 0.14543 0.130401 0.115244 0.100143 0.0852968 0.0709162 0.0572155 0.0444089 0.0327049 0.0223003 0.0133747 0.006086 0.000565394 -0.00308595 -0.00479984 -0.00454295 -0.00231782 0.00183715 0.00784851 0.0156093 0.0249813 0.0357971 0.0478622 0.0609555 0.0748268 0.0891875 0.103689 0.117871 0.131199 0.143394 0.154329 0.16378 0.171523 0.177352 0.181086 0.182576 0.181714 0.178442 0.17275 0.164685 0.154346 0.141882 0.127491 0.111406 0.0938946 0.075243 0.055751 0.0357213 0.0154511 -0.00477553 -0.0246969 -0.0441047 -0.0631012 -0.0844426 -0.135825 
0.390233 0.778829 0.775472 0.771956 0.768285 0.764465 0.7605 0.756395 0.752155 0.747786 0.743291 0.738677 0.733948 0.729108 0.724164 0.71912 0.713981 0.708753 0.703439 0.698044 0.692575 0.687036 0.681431 0.675765 0.670044 0.664272 0.658454 0.652595 0.646699 0.640771 0.634815 0.628837 0.62284 0.616829 0.610808 0.604782 0.598754 0.592728 0.586709 0.5807 0.574705 0.568727 0.56277 0.556837 0.550931 0.545055 0.539213 0.533408 0.527642 0.521918 0.516238 0.510607 0.505026 0.499497 0.494025 0.48861 0.483256 0.477964 0.472739 0.467581 0.462493 0.457478 0.452537 0.447674 0.44289 0.438188 0.433569 0.429035 0.424588 0.420231 0.415964 0.411789 0.407708 0.403721 0.39983 0.396035 0.392338 0.388738 0.385237 0.381836 0.378534 0.375333 0.372233 0.369236 0.366343 0.363555 0.360874 0.358302 0.355843 0.353498 0.351271 0.349164 0.34718 0.345323 0.343595 0.341998 0.340533 0.339201 0.338002 0.336936 0.336001 0.335192 0.334507 0.333939 0.333484 0.333132 0.332877 0.332709 0.332617 0.332592 0.332621 0.332693 0.332795 0.332914 0.333036 0.333146 0.33323 0.333271 0.333253 0.333158 0.332966 0.332658 0.33221 0.331601 0.330804 0.329791 0.328534 0.327001 0.325158 0.322971 0.320403 0.317416 0.313972 0.310036 0.30557 0.300542 0.294925 0.288695 0.28184 0.274356 0.266249 0.257543 0.248273 0.238495 0.228277 0.21771 0.206899 0.195964 0.185043 0.174283 0.163838 0.15387 0.144537 0.135998 0.128398 0.121874 0.116543 0.112501 0.109823 0.108554 0.108713 0.11029 0.113244 0.117506 0.122979 0.129538 0.137033 0.145291 0.154112 0.163272 0.17251 0.181514 0.189885 0.197097 0.202775 0.206755 0.20885 0.208872 0.206669 0.202134 0.195213 0.185909 0.174286 0.160466 0.144625 0.126992 0.107832 0.0874457 0.0661517 0.0442793 0.0221571 0.000104067 -0.0215792 -0.0426166 -0.0627619 -0.0818047 -0.0995967 -0.116279 -0.134264 -0.175681 
0.390472 0.7793 0.775931 0.772404 0.768725 0.764898 0.760928 0.75682 0.75258 0.748211 0.74372 0.739111 0.734389 0.72956 0.724628 0.719598 0.714475 0.709264 0.703971 0.698599 0.693155 0.687643 0.682067 0.676433 0.670746 0.66501 0.65923 0.653411 0.647557 0.641673 0.635764 0.629835 0.623889 0.617931 0.611966 0.605997 0.600029 0.594066 0.588111 0.582169 0.576243 0.570337 0.564453 0.558597 0.55277 0.546977 0.54122 0.535501 0.529825 0.524194 0.51861 0.513077 0.507597 0.502173 0.496807 0.491502 0.48626 0.481084 0.475975 0.470938 0.465973 0.461083 0.45627 0.451537 0.446885 0.442317 0.437835 0.433441 0.429136 0.424922 0.420801 0.416775 0.412846 0.409014 0.405281 0.401649 0.398118 0.39469 0.391366 0.388146 0.385033 0.382026 0.379127 0.376337 0.373657 0.371089 0.368633 0.366292 0.364068 0.36196 0.359972 0.358105 0.35636 0.354738 0.35324 0.351867 0.35062 0.349496 0.348496 0.347617 0.346857 0.346213 0.34568 0.345254 0.34493 0.344701 0.344561 0.344502 0.344517 0.344598 0.344735 0.34492 0.345143 0.345395 0.345666 0.345944 0.346218 0.346477 0.346708 0.346898 0.347033 0.347096 0.347071 0.34694 0.346685 0.346283 0.345713 0.34495 0.343968 0.342742 0.341243 0.339442 0.337311 0.33482 0.331943 0.328653 0.324928 0.320751 0.316108 0.310996 0.305417 0.299384 0.292923 0.286068 0.278871 0.271393 0.263708 0.255905 0.24808 0.240339 0.232795 0.225565 0.218762 0.212502 0.206888 0.202017 0.19797 0.194812 0.192588 0.19132 0.19101 0.191631 0.193135 0.195447 0.198467 0.202073 0.206118 0.210437 0.214837 0.219104 0.222992 0.226207 0.228384 0.229031 0.227695 0.224171 0.218366 0.21019 0.199616 0.186678 0.171479 0.154185 0.135021 0.114261 0.0922207 0.0692427 0.0456858 0.0219124 -0.00172327 -0.0248848 -0.0472621 -0.0685779 -0.0885921 -0.107105 -0.123956 -0.139029 -0.152274 -0.163929 -0.176467 -0.21103 
0.390626 0.7796 0.776219 0.772682 0.768994 0.76516 0.761185 0.757075 0.752834 0.748467 0.74398 0.739377 0.734664 0.729845 0.724926 0.719911 0.714805 0.709614 0.704343 0.698995 0.693576 0.688091 0.682545 0.676941 0.671286 0.665584 0.659839 0.654056 0.64824 0.642395 0.636526 0.630638 0.624734 0.61882 0.6129 0.606977 0.601056 0.595141 0.589237 0.583346 0.577473 0.571621 0.565794 0.559995 0.554228 0.548496 0.542802 0.53715 0.531541 0.52598 0.520468 0.515009 0.509605 0.50426 0.498975 0.493753 0.488596 0.483507 0.478489 0.473543 0.468672 0.463877 0.459162 0.454528 0.449977 0.445511 0.441133 0.436843 0.432644 0.428537 0.424524 0.420607 0.416786 0.413065 0.409443 0.405922 0.402503 0.399188 0.395978 0.392873 0.389874 0.386984 0.384202 0.381529 0.378967 0.376517 0.374179 0.371954 0.369843 0.367848 0.365968 0.364206 0.36256 0.361031 0.35962 0.358326 0.357149 0.356087 0.35514 0.354305 0.35358 0.352962 0.352449 0.352037 0.351721 0.351498 0.351363 0.351312 0.351338 0.351436 0.351602 0.351828 0.352108 0.352435 0.352803 0.353203 0.353627 0.354065 0.354509 0.354946 0.355366 0.355756 0.356101 0.356386 0.356595 0.35671 0.356713 0.356583 0.356299 0.355839 0.35518 0.354298 0.35317 0.351773 0.350084 0.348082 0.345748 0.343068 0.340028 0.336624 0.332854 0.328725 0.324253 0.319459 0.314378 0.30905 0.303525 0.297865 0.292134 0.286405 0.280756 0.275264 0.270008 0.265062 0.260494 0.256363 0.252715 0.249583 0.246983 0.244911 0.243344 0.242237 0.241526 0.241122 0.240919 0.240788 0.240584 0.24014 0.239276 0.237789 0.23545 0.231995 0.227101 0.220334 0.211227 0.199596 0.185505 0.169063 0.150443 0.129885 0.107687 0.0841943 0.0597846 0.0348549 0.00980712 -0.0149658 -0.0390912 -0.062227 -0.0840693 -0.104357 -0.122878 -0.139463 -0.153994 -0.166395 -0.176632 -0.184707 -0.190688 -0.194942 -0.200308 -0.230671 
0.3907 0.779742 0.776349 0.772802 0.769106 0.765267 0.761291 0.757181 0.752944 0.748584 0.744107 0.739517 0.73482 0.730021 0.725123 0.720133 0.715054 0.709891 0.70465 0.699333 0.693946 0.688494 0.68298 0.677409 0.671785 0.666114 0.660398 0.654644 0.648854 0.643034 0.637189 0.631321 0.625437 0.61954 0.613634 0.607725 0.601815 0.59591 0.590013 0.584128 0.57826 0.572412 0.566588 0.560792 0.555027 0.549297 0.543604 0.537953 0.532347 0.526787 0.521279 0.515824 0.510425 0.505084 0.499806 0.494591 0.489443 0.484363 0.479354 0.474419 0.469559 0.464776 0.460072 0.45545 0.45091 0.446454 0.442085 0.437803 0.43361 0.429507 0.425495 0.421576 0.41775 0.414019 0.410384 0.406845 0.403403 0.400059 0.396813 0.393667 0.39062 0.387674 0.384829 0.382086 0.379445 0.376906 0.374471 0.37214 0.369914 0.367792 0.365777 0.363869 0.362067 0.360374 0.358789 0.357314 0.355947 0.354691 0.353546 0.352511 0.351587 0.350774 0.350072 0.349482 0.349002 0.348632 0.348373 0.348222 0.348178 0.34824 0.348406 0.348671 0.349032 0.349485 0.350023 0.350639 0.351325 0.352072 0.352867 0.3537 0.354556 0.35542 0.356277 0.357108 0.357895 0.358619 0.359259 0.359794 0.360203 0.360463 0.360552 0.360448 0.360129 0.359573 0.35876 0.357671 0.356288 0.354597 0.352584 0.350242 0.347567 0.34456 0.341225 0.337577 0.333631 0.329414 0.324954 0.320287 0.315454 0.310498 0.305463 0.300397 0.295341 0.290336 0.285414 0.280602 0.275912 0.271345 0.26689 0.262519 0.258185 0.253829 0.249372 0.244723 0.239772 0.2344 0.228476 0.221859 0.214399 0.205938 0.196304 0.1853 0.17269 0.158151 0.141298 0.122067 0.100768 0.0777733 0.0534923 0.0283655 0.0028481 -0.0226054 -0.0475565 -0.0715955 -0.0943526 -0.115506 -0.134785 -0.151978 -0.166926 -0.179527 -0.189726 -0.197518 -0.202936 -0.206047 -0.206946 -0.205755 -0.202641 -0.198091 -0.195457 -0.223669 
0.390699 0.779736 0.776334 0.772783 0.769089 0.765257 0.761294 0.757203 0.752991 0.748663 0.744224 0.739678 0.735029 0.730282 0.725441 0.720508 0.715489 0.710385 0.7052 0.699938 0.694602 0.689194 0.683718 0.678178 0.672576 0.666916 0.661202 0.655436 0.649623 0.643767 0.637871 0.631939 0.625976 0.619986 0.613973 0.607941 0.601895 0.595839 0.589779 0.583717 0.57766 0.571611 0.565574 0.559555 0.553558 0.547586 0.541644 0.535736 0.529865 0.524036 0.518252 0.512517 0.506834 0.501205 0.495634 0.490124 0.484676 0.479294 0.47398 0.468735 0.463561 0.45846 0.453433 0.44848 0.443605 0.438805 0.434084 0.429441 0.424875 0.420389 0.415981 0.411652 0.407402 0.40323 0.399137 0.395122 0.391185 0.387327 0.383547 0.379846 0.376223 0.37268 0.369218 0.365836 0.362538 0.359323 0.356195 0.353157 0.35021 0.347358 0.344606 0.341958 0.339419 0.336994 0.33469 0.332514 0.330472 0.328572 0.326823 0.325232 0.323808 0.322559 0.321494 0.32062 0.319945 0.319475 0.319216 0.319171 0.319343 0.319732 0.320337 0.321152 0.32217 0.323383 0.324776 0.326335 0.32804 0.329871 0.331804 0.333813 0.33587 0.337946 0.34001 0.342031 0.343978 0.345818 0.34752 0.349054 0.350389 0.351497 0.352351 0.352924 0.353191 0.353131 0.352722 0.351944 0.35078 0.349216 0.347239 0.344839 0.34201 0.338749 0.335055 0.330933 0.32639 0.321437 0.316089 0.310364 0.304282 0.297864 0.291133 0.284109 0.27681 0.269254 0.261449 0.253399 0.2451 0.236539 0.227693 0.218532 0.209013 0.199087 0.188695 0.177775 0.166258 0.154077 0.141162 0.127449 0.112873 0.0973757 0.0808944 0.0633574 0.0446668 0.0246669 0.00314122 -0.0197613 -0.0434732 -0.0674174 -0.0910552 -0.113888 -0.135467 -0.155402 -0.17337 -0.189113 -0.202443 -0.213236 -0.221431 -0.227022 -0.230053 -0.23061 -0.228815 -0.224814 -0.218777 -0.210882 -0.201315 -0.190263 -0.17794 -0.16489 -0.154926 -0.182419 
0.390634 0.779612 0.776228 0.772708 0.769061 0.765292 0.761408 0.757416 0.753318 0.749119 0.744822 0.740428 0.735939 0.731355 0.726677 0.721904 0.717036 0.712071 0.70701 0.701849 0.696589 0.691227 0.685762 0.680194 0.674521 0.668744 0.66286 0.656872 0.650779 0.644582 0.638282 0.631882 0.625385 0.618793 0.612109 0.605339 0.598486 0.591556 0.584555 0.577488 0.570363 0.563186 0.555964 0.548705 0.541416 0.534105 0.526779 0.519446 0.512113 0.504788 0.497476 0.490185 0.482921 0.475688 0.468492 0.461337 0.454227 0.447165 0.440152 0.433191 0.426283 0.419429 0.412628 0.40588 0.399184 0.392538 0.385942 0.379393 0.37289 0.36643 0.360011 0.353633 0.347295 0.340994 0.334732 0.328508 0.322324 0.316182 0.310086 0.30404 0.29805 0.292123 0.286268 0.280495 0.274815 0.269243 0.263793 0.258483 0.253331 0.248359 0.243587 0.239039 0.234742 0.230719 0.227 0.22361 0.220578 0.217931 0.215697 0.213902 0.212569 0.21172 0.211374 0.211548 0.212251 0.213491 0.215269 0.217579 0.220411 0.223746 0.22756 0.23182 0.236488 0.241518 0.246858 0.25245 0.25823 0.264133 0.270087 0.27602 0.281857 0.287525 0.292951 0.298062 0.302791 0.307074 0.310848 0.31406 0.316659 0.318599 0.319843 0.320355 0.320108 0.31908 0.317252 0.314612 0.311152 0.306868 0.301761 0.295835 0.289099 0.281567 0.273254 0.264181 0.254371 0.243854 0.232658 0.22082 0.208374 0.195361 0.181819 0.167791 0.153317 0.138438 0.123193 0.107618 0.091747 0.0756128 0.0592437 0.0426663 0.0259051 0.00898391 -0.00807311 -0.0252402 -0.0424885 -0.0597848 -0.0770909 -0.0943639 -0.111557 -0.128625 -0.145526 -0.162233 -0.178742 -0.195075 -0.211259 -0.227035 -0.241851 -0.255193 -0.266659 -0.275942 -0.282826 -0.287177 -0.288937 -0.288115 -0.284775 -0.279031 -0.271036 -0.260976 -0.249056 -0.235499 -0.220534 -0.20439 -0.187291 -0.169446 -0.151043 -0.132241 -0.113195 -0.0943708 -0.079761 -0.107559 
0.39052 0.779427 0.776161 0.77282 0.769412 0.76594 0.762405 0.758806 0.75514 0.751402 0.747586 0.743685 0.739686 0.735581 0.731355 0.726996 0.722488 0.717814 0.712959 0.707904 0.702631 0.697122 0.691359 0.685323 0.678995 0.672358 0.665395 0.65809 0.650429 0.642398 0.633987 0.625185 0.615986 0.606385 0.596381 0.585974 0.575167 0.563967 0.552384 0.540428 0.528116 0.515463 0.50249 0.489218 0.47567 0.461869 0.447841 0.433611 0.419205 0.404646 0.38996 0.375169 0.360293 0.345352 0.330363 0.315341 0.300297 0.285241 0.270181 0.255122 0.240066 0.225014 0.209967 0.194921 0.179876 0.164828 0.149775 0.134715 0.119648 0.104575 0.089502 0.0744346 0.0593838 0.0443644 0.0293955 0.0145013 -0.000289102 -0.0149408 -0.0294133 -0.0436603 -0.0576299 -0.0712643 -0.0845002 -0.0972693 -0.109499 -0.121111 -0.132027 -0.142162 -0.151432 -0.159752 -0.167038 -0.173207 -0.17818 -0.181882 -0.184244 -0.185203 -0.184708 -0.182716 -0.179194 -0.174123 -0.167498 -0.159327 -0.149634 -0.138458 -0.125854 -0.111895 -0.0966684 -0.080277 -0.0628404 -0.0444919 -0.0253786 -0.0056599 0.0144938 0.0349029 0.0553801 0.0757327 0.0957643 0.115277 0.134074 0.15196 0.168746 0.18425 0.198298 0.210728 0.221389 0.230144 0.236873 0.241471 0.243851 0.243943 0.241696 0.23708 0.230082 0.220711 0.208992 0.194974 0.178721 0.160321 0.139876 0.117508 0.0933574 0.0675798 0.0403469 0.0118447 -0.017728 -0.048161 -0.0792347 -0.110722 -0.142392 -0.17401 -0.205342 -0.236157 -0.266229 -0.295341 -0.323287 -0.349874 -0.374924 -0.398277 -0.419792 -0.439346 -0.456839 -0.47219 -0.48534 -0.496248 -0.504896 -0.511282 -0.515428 -0.517372 -0.517177 -0.514933 -0.51076 -0.504823 -0.497329 -0.488521 -0.478605 -0.46757 -0.455194 -0.441285 -0.425749 -0.408573 -0.389806 -0.36955 -0.347948 -0.325175 -0.301433 -0.276938 -0.251921 -0.226616 -0.20126 -0.176082 -0.151296 -0.127098 -0.103651 -0.0810731 -0.0594187 -0.0386566 -0.0186653 0.000477937 0.0151995 -0.0138481 
