# vtk DataFile Version 3.0
Navier-Stokes 2D - t=2.1
ASCII
DATASET STRUCTURED_POINTS
DIMENSIONS 200 100 1
ORIGIN 0.005 0.005 0
SPACING 0.01 0.01 1
POINT_DATA 20000
SCALARS pressure double
LOOKUP_TABLE default
-0.0175261 -0.0175261 -0.0175264 -0.0175269 -0.0175277 -0.0175285 -0.0175293 -0.0175301 -0.0175307 -0.017531 -0.0175307 -0.0175298 -0.017528 -0.0175249 -0.0175205 -0.0175142 -0.0175057 -0.0174945 -0.0174802 -0.0174623 -0.01744 -0.0174128 -0.0173799 -0.0173406 -0.0172939 -0.0172391 -0.017175 -0.0171008 -0.0170153 -0.0169175 -0.0168061 -0.0166801 -0.0165382 -0.0163793 -0.0162023 -0.0160059 -0.0157891 -0.0155508 -0.0152901 -0.015006 -0.0146979 -0.0143651 -0.014007 -0.0136233 -0.0132138 -0.0127786 -0.0123177 -0.0118315 -0.0113206 -0.0107857 -0.0102277 -0.00964776 -0.00904714 -0.00842732 -0.0077899 -0.00713665 -0.00646945 -0.00579029 -0.00510126 -0.00440452 -0.00370229 -0.00299682 -0.00229039 -0.00158524 -0.000883645 -0.000187798 0.000500142 0.00117809 0.00184405 0.00249611 0.00313248 0.0037515 0.00435163 0.00493146 0.00548975 0.0060254 0.00653746 0.00702516 0.00748789 0.00792519 0.00833676 0.00872248 0.00908238 0.00941662 0.00972552 0.0100095 0.0102693 0.0105054 0.0107278 0.0109375 0.0111344 0.0113182 0.0114891 0.0116471 0.0117922 0.0119246 0.0120448 0.0121528 0.0122493 0.0123344 0.0124087 0.0124727 0.0125269 0.0125717 0.0126077 0.0126355 0.0126555 0.0126682 0.0126743 0.0126742 0.0126685 0.0126576 0.0126419 0.012622 0.0125983 0.0125712 0.0125412 0.0125084 0.0124735 0.0124365 0.012398 0.0123581 0.0123171 0.0122753 0.0122329 0.01219 0.0121469 0.0121038 0.0120608 0.0120179 0.0119754 0.0119333 0.0118917 0.0118508 0.0118104 0.0117708 0.0117318 0.0116937 0.0116563 0.0116196 0.0115838 0.0115487 0.0115144 0.0114808 0.0114479 0.0114157 0.0113841 0.0113531 0.0113227 0.0112929 0.0112634 0.0112344 0.0112058 0.0111774 0.0111493 0.0111214 0.0110936 0.0110659 0.0110382 0.0110104 0.0109825 0.0109544 0.0109261 0.0108974 0.0108684 0.0108389 0.0108089 0.0107784 0.0107472 0.0107153 0.0106826 0.0106492 0.0106148 0.0105795 0.0105432 0.0105058 0.0104672 0.0104275 0.0103865 0.0103441 0.0103004 0.0102552 0.0102085 0.0101603 0.0101104 0.0100588 0.0100054 0.00995016 0.00989303 0.00983393 0.00977278 0.0097095 0.00964402 0.00957626 0.00950613 0.00943356 0.00935846 0.00928075 0.00920038 0.00911823 
-0.0140311 -0.0140313 -0.0140323 -0.014034 -0.0140366 -0.01404 -0.0140442 -0.0140491 -0.014055 -0.0140616 -0.0140691 -0.0140775 -0.0140867 -0.0140967 -0.0141075 -0.0141189 -0.0141309 -0.0141433 -0.0141559 -0.0141685 -0.0141808 -0.0141924 -0.0142029 -0.0142119 -0.0142188 -0.0142229 -0.0142237 -0.0142203 -0.0142119 -0.0141976 -0.0141764 -0.0141474 -0.0141093 -0.0140612 -0.0140018 -0.0139299 -0.0138443 -0.0137438 -0.0136273 -0.0134935 -0.0133414 -0.01317 -0.0129783 -0.0127654 -0.0125307 -0.0122737 -0.0119938 -0.0116908 -0.0113647 -0.0110155 -0.0106435 -0.0102493 -0.00983334 -0.00939663 -0.00894012 -0.00846499 -0.00797258 -0.00746436 -0.00694192 -0.00640696 -0.00586128 -0.00530674 -0.00474526 -0.00417877 -0.00360924 -0.00303862 -0.00246884 -0.00190178 -0.00133927 -0.000783061 -0.000234828 0.000303863 0.000831555 0.00134691 0.00184872 0.00233592 0.00280756 0.00326285 0.00370117 0.00412199 0.00452499 0.00490994 0.00527679 0.0056256 0.00595658 0.00627006 0.00656646 0.00684628 0.00711705 0.00737977 0.0076344 0.00788088 0.00811914 0.00834912 0.00857081 0.00878422 0.00898939 0.00918639 0.00937532 0.0095563 0.00972947 0.00989499 0.010053 0.0102038 0.0103474 0.0104842 0.0106142 0.0107377 0.010855 0.0109661 0.0110713 0.0111707 0.0112647 0.0113532 0.0114366 0.0115151 0.0115887 0.0116576 0.011722 0.0117822 0.0118381 0.01189 0.011938 0.0119822 0.0120229 0.0120601 0.0120939 0.0121246 0.0121522 0.0121768 0.0121986 0.0122177 0.0122341 0.0122481 0.0122598 0.0122691 0.0122763 0.0122814 0.0122846 0.0122858 0.0122853 0.012283 0.0122792 0.0122738 0.0122669 0.0122586 0.0122489 0.012238 0.0122258 0.0122125 0.012198 0.0121825 0.0121659 0.0121483 0.0121297 0.0121102 0.0120898 0.0120684 0.0120462 0.0120231 0.0119991 0.0119743 0.0119486 0.0119221 0.0118947 0.0118665 0.0118374 0.0118073 0.0117764 0.0117446 0.0117118 0.0116781 0.0116433 0.0116075 0.0115707 0.0115328 0.0114938 0.0114537 0.0114123 0.0113698 0.0113259 0.0112808 0.0112343 0.0111864 0.0111371 0.0110864 0.0110341 0.0109803 0.0109249 0.0108679 0.0108093 0.0107489 0.0106868 0.010623 0.0105573 0.0104898 0.0104203 0.0103487 0.0102748 0.0101991 
-0.0105352 -0.0105355 -0.0105372 -0.0105402 -0.0105446 -0.0105504 -0.0105579 -0.010567 -0.0105779 -0.0105909 -0.010606 -0.0106236 -0.0106438 -0.0106667 -0.0106927 -0.0107219 -0.0107543 -0.0107903 -0.0108299 -0.0108731 -0.01092 -0.0109706 -0.0110247 -0.0110823 -0.011143 -0.0112065 -0.0112725 -0.0113404 -0.0114097 -0.0114796 -0.0115494 -0.0116181 -0.0116847 -0.0117482 -0.0118074 -0.0118611 -0.0119078 -0.0119463 -0.0119752 -0.0119929 -0.0119981 -0.0119893 -0.0119652 -0.0119244 -0.0118657 -0.0117881 -0.0116903 -0.0115717 -0.0114314 -0.0112689 -0.0110839 -0.0108762 -0.0106458 -0.0103929 -0.0101179 -0.00982141 -0.00950422 -0.00916728 -0.00881169 -0.00843869 -0.00804965 -0.00764606 -0.00722947 -0.00680152 -0.00636387 -0.00591823 -0.00546629 -0.00500976 -0.00455028 -0.00408947 -0.00362887 -0.00316996 -0.00271412 -0.00226261 -0.00181661 -0.00137718 -0.000945244 -0.000521601 -0.000106928 0.000298231 0.000693462 0.00107848 0.00145313 0.00181737 0.0021713 0.00251512 0.00284917 0.00317388 0.00349453 0.00381183 0.00412585 0.00443653 0.00474373 0.00504729 0.005347 0.00564269 0.00593415 0.00622121 0.0065037 0.00678143 0.00705426 0.00732201 0.00758455 0.00784173 0.00809341 0.00833945 0.00857972 0.00881411 0.00904249 0.00926474 0.00948076 0.00969045 0.00989373 0.0100905 0.0102807 0.0104643 0.0106412 0.0108113 0.0109748 0.0111315 0.0112814 0.0114246 0.0115611 0.011691 0.0118143 0.0119311 0.0120414 0.0121455 0.0122433 0.012335 0.0124207 0.0125006 0.0125748 0.0126435 0.0127068 0.0127649 0.0128179 0.0128661 0.0129096 0.0129486 0.0129832 0.0130137 0.0130402 0.0130628 0.0130818 0.0130974 0.0131096 0.0131187 0.0131248 0.013128 0.0131285 0.0131264 0.013122 0.0131152 0.0131062 0.0130951 0.0130821 0.0130672 0.0130506 0.0130323 0.0130124 0.0129909 0.012968 0.0129437 0.0129181 0.0128912 0.012863 0.0128337 0.0128031 0.0127715 0.0127387 0.0127047 0.0126697 0.0126336 0.0125964 0.0125581 0.0125188 0.0124783 0.0124367 0.0123939 0.0123501 0.012305 0.0122588 0.0122114 0.0121628 0.0121129 0.0120619 0.0120095 0.011956 0.0119012 0.0118451 0.0117878 0.0117292 0.0116695 0.0116085 0.0115462 0.0114826 0.0114176 0.0113508 0.0112823 
-0.00703796 -0.00703852 -0.00704085 -0.00704501 -0.0070511 -0.00705929 -0.00706978 -0.00708281 -0.00709869 -0.00711773 -0.00714031 -0.00716682 -0.00719768 -0.00723332 -0.0072742 -0.00732076 -0.00737346 -0.00743274 -0.00749901 -0.00757266 -0.00765404 -0.00774344 -0.0078411 -0.00794718 -0.00806176 -0.00818482 -0.00831625 -0.0084558 -0.00860313 -0.00875774 -0.00891902 -0.0090862 -0.00925838 -0.00943453 -0.00961345 -0.00979384 -0.00997426 -0.0101532 -0.0103289 -0.0104997 -0.0106639 -0.0108196 -0.010965 -0.0110983 -0.0112176 -0.0113213 -0.0114077 -0.0114754 -0.0115229 -0.0115491 -0.0115529 -0.0115336 -0.0114903 -0.0114229 -0.0113309 -0.0112146 -0.011074 -0.0109096 -0.010722 -0.010512 -0.0102805 -0.0100287 -0.00975778 -0.00946901 -0.0091638 -0.00884359 -0.00850989 -0.00816417 -0.00780793 -0.00744265 -0.00706975 -0.00669059 -0.00630649 -0.00591867 -0.00552824 -0.00513625 -0.00474362 -0.00435116 -0.00395959 -0.00356948 -0.00318132 -0.00279547 -0.00241218 -0.0020316 -0.00165377 -0.00127859 -0.000905851 -0.000535182 -0.000163213 0.00021044 0.000585834 0.000962832 0.00134118 0.00172054 0.00210053 0.00248073 0.00286071 0.00324 0.00361814 0.00399467 0.00436909 0.00474093 0.00510972 0.00547496 0.0058362 0.00619296 0.00654479 0.00689122 0.00723182 0.00756618 0.00789388 0.00821453 0.00852778 0.00883327 0.0091307 0.00941977 0.00970023 0.00997183 0.0102344 0.0104877 0.0107317 0.0109662 0.0111912 0.0114065 0.0116123 0.0118085 0.0119951 0.0121723 0.0123401 0.0124986 0.012648 0.0127884 0.0129201 0.0130432 0.0131579 0.0132644 0.0133631 0.0134541 0.0135377 0.0136142 0.0136837 0.0137467 0.0138033 0.0138539 0.0138987 0.0139379 0.0139718 0.0140007 0.0140249 0.0140445 0.0140599 0.0140712 0.0140788 0.0140827 0.0140832 0.0140806 0.0140749 0.0140665 0.0140554 0.0140418 0.0140259 0.0140078 0.0139876 0.0139656 0.0139417 0.0139161 0.0138889 0.0138603 0.0138301 0.0137986 0.0137658 0.0137317 0.0136965 0.0136601 0.0136225 0.0135839 0.0135442 0.0135034 0.0134616 0.0134187 0.0133748 0.0133299 0.013284 0.0132371 0.0131892 0.0131403 0.0130904 0.0130396 0.0129879 0.0129353 0.0128818 0.0128275 0.0127725 0.0127169 0.0126606 0.0126037 0.0125462 0.012488 0.0124288 0.0123688 
-0.00353902 -0.00353975 -0.00354266 -0.00354785 -0.00355548 -0.00356579 -0.00357909 -0.00359574 -0.00361617 -0.00364089 -0.00367043 -0.0037054 -0.00374643 -0.0037942 -0.00384944 -0.00391285 -0.0039852 -0.00406721 -0.00415963 -0.00426317 -0.00437851 -0.00450629 -0.00464707 -0.00480136 -0.00496955 -0.00515196 -0.00534875 -0.00555998 -0.00578555 -0.00602518 -0.00627845 -0.00654473 -0.00682324 -0.00711298 -0.00741277 -0.00772123 -0.00803681 -0.00835779 -0.00868229 -0.00900829 -0.00933364 -0.00965611 -0.00997339 -0.0102832 -0.010583 -0.0108708 -0.011144 -0.0114007 -0.0116387 -0.0118562 -0.0120515 -0.012223 -0.0123695 -0.0124898 -0.0125832 -0.0126491 -0.0126871 -0.0126971 -0.0126792 -0.0126339 -0.0125615 -0.0124628 -0.0123388 -0.0121903 -0.0120185 -0.0118246 -0.0116099 -0.0113757 -0.0111233 -0.010854 -0.0105691 -0.01027 -0.00995785 -0.0096338 -0.00929896 -0.00895432 -0.00860082 -0.00823927 -0.00787042 -0.0074949 -0.00711324 -0.0067259 -0.00633323 -0.00593548 -0.00553281 -0.0051253 -0.00471288 -0.00429526 -0.00387063 -0.00343884 -0.00299999 -0.00255437 -0.00210242 -0.00164468 -0.00118175 -0.000714317 -0.000243089 0.000231181 0.00070772 0.00118573 0.0016644 0.00214292 0.00262045 0.00309618 0.00356929 0.00403895 0.00450438 0.00496479 0.00541942 0.00586753 0.00630841 0.0067414 0.00716585 0.00758116 0.00798677 0.00838217 0.0087669 0.00914052 0.00950266 0.009853 0.0101913 0.0105172 0.0108307 0.0111316 0.0114198 0.0116953 0.0119581 0.0122082 0.0124457 0.0126708 0.0128836 0.0130842 0.013273 0.0134502 0.0136159 0.0137706 0.0139145 0.014048 0.0141714 0.0142849 0.0143891 0.0144842 0.0145707 0.0146488 0.014719 0.0147816 0.014837 0.0148855 0.0149275 0.0149633 0.0149933 0.0150178 0.0150372 0.0150516 0.0150615 0.0150671 0.0150687 0.0150665 0.0150608 0.0150519 0.0150399 0.015025 0.0150076 0.0149877 0.0149655 0.0149412 0.014915 0.0148869 0.0148572 0.0148258 0.014793 0.0147588 0.0147233 0.0146866 0.0146487 0.0146097 0.0145697 0.0145286 0.0144866 0.0144437 0.0143998 0.0143551 0.0143095 0.0142631 0.0142159 0.014168 0.0141194 0.01407 0.0140201 0.0139697 0.0139188 0.0138675 0.013816 0.0137644 0.0137128 0.0136613 0.01361 0.0135589 0.013508 0.0134574 
-3.79372e-05 -3.87967e-05 -4.21845e-05 -4.82298e-05 -5.71544e-05 -6.92723e-05 -8.49875e-05 -0.000104792 -0.000129264 -0.000159061 -0.000194918 -0.000237641 -0.000288101 -0.000347223 -0.000415985 -0.000495402 -0.000586516 -0.000690388 -0.000808082 -0.000940651 -0.00108912 -0.00125448 -0.00143765 -0.00163948 -0.00186072 -0.00210201 -0.00236384 -0.00264655 -0.00295031 -0.0032751 -0.00362068 -0.00398661 -0.0043722 -0.00477651 -0.00519837 -0.00563635 -0.0060888 -0.00655379 -0.00702922 -0.00751274 -0.00800184 -0.00849385 -0.00898598 -0.00947535 -0.00995903 -0.0104341 -0.0108976 -0.0113466 -0.0117786 -0.0121908 -0.0125808 -0.0129464 -0.0132857 -0.0135969 -0.0138785 -0.0141294 -0.0143486 -0.0145355 -0.0146896 -0.014811 -0.0148996 -0.0149559 -0.0149803 -0.0149736 -0.0149366 -0.0148702 -0.0147755 -0.0146537 -0.0145059 -0.0143333 -0.0141371 -0.0139185 -0.0136786 -0.0134186 -0.0131395 -0.0128422 -0.0125278 -0.012197 -0.0118506 -0.0114892 -0.0111136 -0.0107241 -0.0103213 -0.00990558 -0.00947715 -0.00903628 -0.00858312 -0.00811756 -0.00763884 -0.00714708 -0.00664262 -0.00612597 -0.00559781 -0.00505891 -0.00451015 -0.00395248 -0.00338693 -0.00281455 -0.00223646 -0.00165381 -0.00106774 -0.000479443 0.000109893 0.000699082 0.00128694 0.00187229 0.00245399 0.00303092 0.00360196 0.00416608 0.00472224 0.00526949 0.00580692 0.00633365 0.00684889 0.00735191 0.00784203 0.00831864 0.0087812 0.00922925 0.00966238 0.0100803 0.0104826 0.0108692 0.01124 0.0115948 0.0119336 0.0122566 0.0125636 0.012855 0.0131309 0.0133914 0.0136369 0.0138677 0.0140841 0.0142865 0.0144752 0.0146506 0.0148133 0.0149635 0.0151018 0.0152287 0.0153445 0.0154497 0.0155449 0.0156305 0.0157069 0.0157746 0.015834 0.0158857 0.01593 0.0159674 0.0159982 0.0160229 0.0160419 0.0160555 0.0160641 0.016068 0.0160675 0.016063 0.0160548 0.0160431 0.0160282 0.0160103 0.0159897 0.0159666 0.0159412 0.0159137 0.0158843 0.0158531 0.0158202 0.0157858 0.01575 0.015713 0.0156747 0.0156354 0.015595 0.0155537 0.0155115 0.0154685 0.0154247 0.0153801 0.0153349 0.015289 0.0152426 0.0151956 0.0151481 0.0151003 0.0150522 0.0150039 0.0149555 0.0149071 0.014859 0.0148114 0.0147643 0.0147181 0.014673 0.0146292 0.0145868 0.0145463 
0.00346564 0.00346468 0.00346095 0.00345427 0.00344438 0.00343087 0.00341325 0.00339088 0.00336306 0.00332895 0.00328763 0.00323807 0.00317917 0.00310975 0.00302856 0.00293429 0.00282558 0.00270105 0.00255929 0.00239889 0.00221846 0.00201665 0.00179217 0.00154378 0.00127039 0.000970993 0.000644758 0.000291024 -9.06721e-05 -0.000500567 -0.000938652 -0.00140465 -0.00189802 -0.00241789 -0.0029631 -0.0035322 -0.00412339 -0.00473459 -0.00536343 -0.00600725 -0.00666314 -0.00732799 -0.00799848 -0.00867117 -0.0093425 -0.0100089 -0.0106666 -0.0113122 -0.0119422 -0.0125532 -0.0131421 -0.0137058 -0.0142418 -0.0147476 -0.015221 -0.0156602 -0.0160637 -0.0164304 -0.0167594 -0.0170501 -0.0173021 -0.0175154 -0.0176903 -0.0178271 -0.0179264 -0.017989 -0.0180156 -0.0180073 -0.0179651 -0.01789 -0.0177832 -0.0176457 -0.0174786 -0.017283 -0.0170598 -0.0168101 -0.0165347 -0.0162345 -0.0159103 -0.0155628 -0.0151926 -0.0148004 -0.0143867 -0.013952 -0.0134968 -0.0130214 -0.0125263 -0.0120116 -0.0114771 -0.0109234 -0.0103511 -0.00976084 -0.00915369 -0.00853067 -0.00789294 -0.00724179 -0.00657855 -0.00590463 -0.00522149 -0.00453066 -0.00383366 -0.00313206 -0.00242743 -0.00172135 -0.00101538 -0.000311075 0.000390054 0.00108652 0.00177687 0.00245973 0.00313375 0.00379768 0.00445031 0.00509051 0.00571726 0.00632958 0.00692661 0.00750754 0.00807169 0.00861844 0.00914725 0.00965771 0.0101494 0.0106222 0.0110758 0.0115101 0.011925 0.0123207 0.0126972 0.0130546 0.0133933 0.0137134 0.0140152 0.0142992 0.0145658 0.0148153 0.0150482 0.0152651 0.0154665 0.0156528 0.0158247 0.0159826 0.0161272 0.016259 0.0163787 0.0164866 0.0165836 0.01667 0.0167464 0.0168135 0.0168716 0.0169214 0.0169634 0.0169979 0.0170256 0.0170469 0.0170621 0.0170717 0.0170762 0.0170759 0.0170712 0.0170624 0.0170498 0.0170338 0.0170146 0.0169926 0.0169679 0.0169408 0.0169116 0.0168803 0.0168473 0.0168127 0.0167766 0.0167392 0.0167005 0.0166608 0.0166201 0.0165785 0.0165361 0.016493 0.0164492 0.0164048 0.0163599 0.0163145 0.0162688 0.0162227 0.0161764 0.01613 0.0160836 0.0160373 0.0159913 0.0159458 0.0159009 0.015857 0.0158144 0.0157733 0.0157341 0.0156974 0.0156634 0.0156332 
0.00697193 0.00697093 0.00696702 0.00696 0.00694953 0.00693515 0.00691624 0.00689206 0.00686174 0.00682427 0.00677853 0.00672328 0.00665719 0.00657879 0.00648655 0.00637887 0.00625406 0.0061104 0.00594611 0.00575943 0.00554858 0.00531181 0.00504744 0.00475384 0.00442953 0.00407311 0.0036834 0.00325937 0.00280025 0.00230551 0.0017749 0.00120851 0.000606721 -2.96963e-05 -0.000699618 -0.00140154 -0.00213357 -0.00289344 -0.00367852 -0.00448582 -0.00531203 -0.00615355 -0.00700652 -0.00786688 -0.00873042 -0.00959282 -0.0104497 -0.0112968 -0.0121297 -0.0129445 -0.013737 -0.0145036 -0.0152408 -0.0159455 -0.0166149 -0.0172465 -0.0178382 -0.0183882 -0.0188952 -0.0193582 -0.0197763 -0.0201493 -0.0204769 -0.0207593 -0.0209968 -0.0211899 -0.0213393 -0.0214459 -0.0215104 -0.0215338 -0.0215172 -0.0214615 -0.0213677 -0.0212369 -0.02107 -0.0208679 -0.0206316 -0.0203619 -0.0200596 -0.0197254 -0.0193602 -0.0189645 -0.018539 -0.0180844 -0.0176013 -0.0170901 -0.0165516 -0.0159862 -0.0153941 -0.0147762 -0.0141335 -0.0134669 -0.0127777 -0.0120674 -0.0113373 -0.0105891 -0.0098245 -0.00904526 -0.00825324 -0.00745033 -0.00663849 -0.00581967 -0.00499586 -0.00416904 -0.00334117 -0.00251422 -0.00169008 -0.000870616 -5.76362e-05 0.000747123 0.001542 0.00232541 0.00309588 0.003852 0.00459249 0.00531617 0.00602194 0.00670885 0.00737603 0.00802273 0.00864831 0.00925225 0.0098341 0.0103936 0.0109304 0.0114444 0.0119357 0.0124041 0.0128499 0.0132733 0.0136744 0.0140537 0.0144115 0.0147482 0.0150644 0.0153605 0.0156371 0.0158948 0.0161342 0.0163559 0.0165606 0.016749 0.0169217 0.0170794 0.0172228 0.0173526 0.0174694 0.0175738 0.0176667 0.0177485 0.0178199 0.0178816 0.0179341 0.0179781 0.018014 0.0180424 0.0180639 0.0180789 0.018088 0.0180915 0.0180899 0.0180837 0.0180732 0.0180588 0.0180408 0.0180195 0.0179954 0.0179685 0.0179393 0.017908 0.0178747 0.0178397 0.0178031 0.0177653 0.0177262 0.017686 0.0176449 0.017603 0.0175603 0.0175171 0.0174733 0.017429 0.0173844 0.0173395 0.0172944 0.0172492 0.017204 0.0171589 0.0171141 0.0170697 0.017026 0.016983 0.0169412 0.0169008 0.0168622 0.0168259 0.0167924 0.0167622 0.0167363 0.0167157 
0.0104811 0.0104801 0.0104762 0.0104692 0.0104586 0.010444 0.0104245 0.0103994 0.0103676 0.0103279 0.010279 0.0102195 0.0101476 0.0100619 0.00996026 0.00984092 0.00970183 0.0095409 0.009356 0.00914494 0.00890557 0.00863571 0.00833325 0.00799616 0.00762252 0.00721053 0.00675858 0.0062653 0.00572953 0.00515043 0.00452747 0.00386049 0.00314971 0.00239576 0.00159973 0.000763137 -0.000112029 -0.00102332 -0.00196784 -0.00294225 -0.00394281 -0.00496541 -0.00600562 -0.00705871 -0.00811977 -0.00918372 -0.0102454 -0.0112996 -0.0123413 -0.0133655 -0.0143673 -0.0153423 -0.0162861 -0.0171949 -0.0180652 -0.0188938 -0.0196779 -0.0204153 -0.0211041 -0.0217428 -0.0223302 -0.0228656 -0.0233486 -0.0237789 -0.0241567 -0.0244823 -0.0247561 -0.0249789 -0.0251514 -0.0252745 -0.0253489 -0.0253758 -0.025356 -0.0252904 -0.0251801 -0.0250259 -0.0248287 -0.0245893 -0.0243086 -0.0239874 -0.0236265 -0.0232265 -0.0227883 -0.0223126 -0.0218002 -0.0212518 -0.0206682 -0.0200501 -0.0193982 -0.0187137 -0.0179977 -0.0172517 -0.0164773 -0.015676 -0.0148499 -0.0140008 -0.0131307 -0.012242 -0.0113369 -0.0104176 -0.00948661 -0.00854623 -0.00759893 -0.00664709 -0.00569314 -0.00473943 -0.00378828 -0.00284195 -0.00190262 -0.000972407 -5.33043e-05 0.000852785 0.00174407 0.00261889 0.00347569 0.00431305 0.00512971 0.0059245 0.00669642 0.00744457 0.0081682 0.00886671 0.00953958 0.0101864 0.010807 0.0114012 0.011969 0.0125103 0.0130254 0.0135145 0.0139779 0.014416 0.0148293 0.0152182 0.0155834 0.0159255 0.0162451 0.0165429 0.0168196 0.017076 0.0173128 0.0175308 0.0177309 0.0179137 0.0180801 0.0182308 0.0183667 0.0184885 0.018597 0.0186929 0.0187769 0.0188498 0.0189123 0.018965 0.0190086 0.0190437 0.0190709 0.0190908 0.0191039 0.0191108 0.019112 0.019108 0.0190991 0.019086 0.0190688 0.0190481 0.0190242 0.0189974 0.018968 0.0189363 0.0189026 0.0188671 0.0188299 0.0187915 0.0187518 0.0187111 0.0186695 0.0186272 0.0185842 0.0185408 0.0184969 0.0184527 0.0184084 0.0183639 0.0183194 0.018275 0.0182308 0.0181869 0.0181436 0.0181009 0.0180592 0.0180186 0.0179795 0.0179423 0.0179073 0.0178753 0.0178467 0.0178225 0.0178036 0.0177914 
0.0139931 0.0139921 0.0139885 0.0139818 0.0139717 0.0139575 0.0139384 0.0139134 0.0138813 0.0138407 0.0137902 0.0137279 0.0136521 0.0135608 0.0134518 0.0133229 0.0131717 0.0129958 0.0127925 0.0125594 0.0122938 0.0119931 0.0116548 0.0112763 0.0108553 0.0103895 0.00987699 0.00931581 0.00870447 0.00804175 0.00732682 0.00655922 0.00573896 0.00486653 0.00394293 0.00296968 0.00194887 0.000883108 -0.000224425 -0.00137004 -0.00254953 -0.00375825 -0.00499114 -0.00624278 -0.00750747 -0.00877931 -0.0100523 -0.0113203 -0.0125774 -0.0138176 -0.0150353 -0.016225 -0.0173816 -0.0185004 -0.0195772 -0.020608 -0.0215895 -0.0225189 -0.0233938 -0.024212 -0.0249723 -0.0256733 -0.0263145 -0.0268953 -0.0274157 -0.0278757 -0.0282758 -0.0286165 -0.0288984 -0.0291222 -0.0292888 -0.0293991 -0.0294539 -0.0294541 -0.0294007 -0.0292946 -0.0291365 -0.0289274 -0.028668 -0.0283592 -0.0280019 -0.0275968 -0.0271448 -0.0266467 -0.0261034 -0.025516 -0.0248854 -0.0242124 -0.0234982 -0.0227442 -0.0219519 -0.0211231 -0.0202597 -0.0193637 -0.0184373 -0.017483 -0.0165031 -0.0155004 -0.0144774 -0.013437 -0.012382 -0.0113153 -0.0102397 -0.00915818 -0.00807348 -0.00698846 -0.00590587 -0.00482838 -0.00375859 -0.00269898 -0.0016519 -0.000619599 0.00039583 0.00139243 0.0023684 0.00332209 0.00425202 0.00515685 0.00603541 0.0068867 0.00770985 0.00850416 0.00926908 0.0100042 0.0107092 0.011384 0.0120286 0.0126429 0.0132273 0.013782 0.0143074 0.014804 0.0152723 0.0157129 0.0161265 0.0165139 0.0168757 0.0172128 0.017526 0.0178162 0.0180843 0.0183311 0.0185576 0.0187646 0.0189531 0.019124 0.0192781 0.0194164 0.0195397 0.0196488 0.0197447 0.0198281 0.0198997 0.0199605 0.020011 0.0200521 0.0200844 0.0201086 0.0201253 0.0201351 0.0201385 0.0201362 0.0201286 0.0201163 0.0200997 0.0200791 0.0200551 0.020028 0.0199982 0.0199659 0.0199315 0.0198952 0.0198574 0.0198181 0.0197777 0.0197364 0.0196942 0.0196513 0.019608 0.0195643 0.0195203 0.0194761 0.0194319 0.0193877 0.0193438 0.0193 0.0192567 0.019214 0.019172 0.0191308 0.0190909 0.0190524 0.0190156 0.0189811 0.0189493 0.0189209 0.0188965 0.0188772 0.0188641 0.0188588 
0.0175077 0.0175069 0.0175038 0.0174979 0.0174889 0.017476 0.0174582 0.0174345 0.0174034 0.0173635 0.017313 0.0172499 0.0171721 0.0170775 0.0169634 0.0168273 0.0166665 0.0164781 0.0162591 0.0160066 0.0157175 0.0153887 0.0150171 0.0145998 0.0141339 0.0136166 0.0130455 0.0124181 0.0117326 0.0109873 0.010181 0.00931296 0.00838286 0.00739104 0.00633837 0.00522637 0.00405718 0.0028336 0.00155907 0.00023767 -0.00112593 -0.00252648 -0.00395825 -0.00541506 -0.00689037 -0.00837738 -0.00986913 -0.0113586 -0.0128387 -0.0143025 -0.0157435 -0.0171552 -0.0185316 -0.0198671 -0.0211567 -0.0223957 -0.0235802 -0.0247067 -0.0257723 -0.0267745 -0.0277114 -0.0285817 -0.0293842 -0.0301183 -0.0307837 -0.0313805 -0.0319088 -0.032369 -0.0327617 -0.0330876 -0.0333475 -0.033542 -0.0336722 -0.0337388 -0.0337428 -0.0336849 -0.033566 -0.0333869 -0.0331486 -0.0328517 -0.0324972 -0.032086 -0.0316189 -0.031097 -0.0305212 -0.0298928 -0.0292129 -0.0284825 -0.0277032 -0.0268765 -0.0260045 -0.0250891 -0.0241326 -0.0231375 -0.0221064 -0.0210421 -0.0199474 -0.0188256 -0.0176796 -0.0165129 -0.0153287 -0.0141303 -0.0129212 -0.0117047 -0.0104841 -0.00926273 -0.00804381 -0.00683045 -0.00562564 -0.00443228 -0.0032531 -0.00209069 -0.000947461 0.000174331 0.00127262 0.00234552 0.00339135 0.00440858 0.0053959 0.00635218 0.00727646 0.00816795 0.00902607 0.00985035 0.0106405 0.0113964 0.0121181 0.0128057 0.0134594 0.0140795 0.0146667 0.0152214 0.0157442 0.0162359 0.0166973 0.0171291 0.0175324 0.0179079 0.0182568 0.0185799 0.0188782 0.0191528 0.0194047 0.019635 0.0198446 0.0200346 0.020206 0.0203598 0.020497 0.0206185 0.0207253 0.0208182 0.0208983 0.0209663 0.0210231 0.0210694 0.0211061 0.0211339 0.0211534 0.0211655 0.0211706 0.0211695 0.0211627 0.0211507 0.0211341 0.0211133 0.0210889 0.0210611 0.0210305 0.0209973 0.020962 0.0209247 0.0208859 0.0208457 0.0208044 0.0207622 0.0207192 0.0206758 0.0206319 0.0205878 0.0205436 0.0204993 0.0204552 0.0204113 0.0203677 0.0203246 0.020282 0.0202402 0.0201993 0.0201595 0.0201211 0.0200843 0.0200495 0.0200173 0.019988 0.0199624 0.0199413 0.0199257 0.0199169 0.0199166 
0.0210246 0.021024 0.0210217 0.0210172 0.02101 0.0209993 0.020984 0.0209628 0.0209343 0.0208968 0.0208482 0.0207863 0.0207089 0.0206133 0.0204968 0.0203563 0.0201888 0.0199909 0.0197594 0.0194906 0.0191812 0.0188274 0.0184257 0.0179725 0.0174646 0.0168984 0.0162711 0.0155797 0.0148219 0.0139954 0.0130986 0.0121304 0.0110903 0.00997821 0.00879496 0.00754198 0.00622148 0.0048364 0.00339046 0.00188815 0.000334644 -0.00126418 -0.00290186 -0.00457136 -0.00626524 -0.00797571 -0.00969475 -0.0114142 -0.013126 -0.0148222 -0.0164949 -0.0181368 -0.0197409 -0.0213007 -0.0228102 -0.0242641 -0.0256578 -0.0269871 -0.0282486 -0.0294395 -0.0305574 -0.0316006 -0.0325678 -0.0334583 -0.0342715 -0.0350073 -0.0356658 -0.0362474 -0.0367525 -0.0371818 -0.037536 -0.0378159 -0.0380222 -0.0381558 -0.0382175 -0.0382081 -0.0381285 -0.0379794 -0.0377617 -0.0374761 -0.0371237 -0.0367053 -0.0362219 -0.0356745 -0.0350644 -0.0343928 -0.033661 -0.0328704 -0.0320227 -0.0311199 -0.0301643 -0.0291581 -0.0281041 -0.0270052 -0.0258643 -0.0246847 -0.0234699 -0.0222233 -0.0209487 -0.0196498 -0.0183304 -0.0169946 -0.0156461 -0.0142888 -0.0129267 -0.0115635 -0.0102028 -0.00884838 -0.00750356 -0.00617168 -0.00485587 -0.00355907 -0.00228405 -0.00103335 0.000190693 0.00138595 0.00255053 0.00368274 0.00478111 0.00584438 0.00687152 0.00786168 0.00881421 0.00972866 0.0106047 0.0114423 0.0122415 0.0130024 0.0137254 0.0144109 0.0150595 0.0156718 0.0162486 0.0167907 0.0172991 0.0177747 0.0182185 0.0186316 0.019015 0.0193699 0.0196975 0.0199988 0.0202751 0.0205275 0.0207572 0.0209652 0.0211528 0.0213211 0.0214711 0.0216039 0.0217207 0.0218223 0.0219098 0.0219841 0.0220462 0.022097 0.0221373 0.0221679 0.0221896 0.0222033 0.0222094 0.0222089 0.0222022 0.0221901 0.022173 0.0221515 0.0221262 0.0220974 0.0220656 0.0220312 0.0219945 0.021956 0.0219159 0.0218746 0.0218321 0.0217889 0.0217451 0.0217008 0.0216563 0.0216117 0.0215671 0.0215227 0.0214785 0.0214347 0.0213915 0.0213488 0.0213069 0.0212658 0.0212258 0.0211871 0.0211499 0.0211145 0.0210813 0.0210507 0.0210233 0.0209997 0.0209808 0.0209677 0.0209616 0.0209642 
0.0245432 0.024543 0.0245418 0.0245391 0.0245345 0.024527 0.0245154 0.0244983 0.0244741 0.0244408 0.0243963 0.0243381 0.0242636 0.0241699 0.0240538 0.023912 0.023741 0.0235372 0.0232965 0.0230151 0.0226889 0.0223138 0.0218856 0.0214002 0.0208535 0.0202417 0.0195612 0.0188084 0.0179804 0.0170744 0.0160884 0.0150208 0.0138706 0.0126375 0.0113222 0.0099259 0.00845091 0.00690032 0.00527812 0.00358919 0.00183928 3.49365e-05 -0.00181656 -0.00370728 -0.00562875 -0.00757207 -0.00952807 -0.0114874 -0.0134408 -0.015379 -0.017293 -0.0191744 -0.0210151 -0.0228076 -0.024545 -0.0262213 -0.0278309 -0.0293693 -0.0308324 -0.032217 -0.0335204 -0.0347407 -0.0358763 -0.0369263 -0.0378901 -0.0387674 -0.0395583 -0.0402631 -0.0408822 -0.0414163 -0.0418661 -0.0422323 -0.0425156 -0.0427168 -0.0428367 -0.0428761 -0.0428358 -0.0427166 -0.0425191 -0.0422444 -0.0418931 -0.0414664 -0.0409652 -0.0403906 -0.0397441 -0.0390269 -0.0382406 -0.0373866 -0.0364671 -0.0354842 -0.0344406 -0.0333391 -0.0321827 -0.0309746 -0.0297184 -0.0284178 -0.0270768 -0.0256993 -0.0242897 -0.0228522 -0.0213913 -0.0199115 -0.0184172 -0.0169129 -0.015403 -0.0138918 -0.0123835 -0.0108822 -0.00939191 -0.00791628 -0.00645888 -0.00502305 -0.00361187 -0.00222822 -0.000874697 0.000446326 0.00173274 0.00298268 0.00419455 0.00536697 0.00649882 0.00758921 0.00863746 0.0096431 0.0106059 0.0115257 0.0124027 0.0132371 0.0140293 0.0147799 0.0154896 0.016159 0.0167892 0.017381 0.0179356 0.018454 0.0189373 0.0193869 0.0198038 0.0201895 0.0205451 0.020872 0.0211715 0.0214448 0.0216933 0.0219182 0.0221208 0.0223024 0.0224641 0.0226072 0.0227328 0.022842 0.0229359 0.0230156 0.0230821 0.0231364 0.0231794 0.023212 0.0232351 0.0232495 0.023256 0.0232554 0.0232482 0.0232353 0.0232172 0.0231945 0.0231677 0.0231374 0.023104 0.023068 0.0230297 0.0229896 0.022948 0.0229052 0.0228614 0.0228169 0.0227719 0.0227267 0.0226814 0.0226362 0.0225911 0.0225464 0.0225021 0.0224583 0.0224152 0.0223729 0.0223314 0.022291 0.0222518 0.0222139 0.0221776 0.0221432 0.0221111 0.0220816 0.0220554 0.022033 0.0220153 0.0220034 0.0219983 0.0220017 
0.0280627 0.0280629 0.0280632 0.0280631 0.0280619 0.0280587 0.0280522 0.0280408 0.0280228 0.0279959 0.0279579 0.0279059 0.0278371 0.0277483 0.027636 0.0274964 0.0273257 0.0271196 0.0268739 0.0265839 0.0262451 0.0258528 0.0254022 0.0248886 0.0243072 0.0236535 0.0229232 0.0221122 0.0212167 0.0202335 0.0191599 0.0179938 0.0167337 0.015379 0.0139301 0.0123882 0.0107553 0.00903488 0.00723107 0.00534921 0.00339564 0.00137765 -0.000696599 -0.00281815 -0.00497739 -0.0071642 -0.00936812 -0.0115785 -0.0137845 -0.0159758 -0.018142 -0.0202733 -0.0223605 -0.0243951 -0.0263693 -0.028276 -0.0301091 -0.0318633 -0.0335342 -0.035118 -0.0366119 -0.0380135 -0.0393213 -0.0405341 -0.0416512 -0.0426725 -0.043598 -0.0444279 -0.0451628 -0.0458031 -0.0463497 -0.0468032 -0.0471643 -0.0474339 -0.0476126 -0.0477011 -0.0477003 -0.0476107 -0.0474333 -0.0471687 -0.0468178 -0.0463816 -0.045861 -0.0452575 -0.0445722 -0.0438069 -0.0429629 -0.0420422 -0.0410469 -0.0399798 -0.0388437 -0.0376417 -0.0363774 -0.0350544 -0.0336768 -0.0322488 -0.0307749 -0.0292598 -0.0277082 -0.0261251 -0.0245156 -0.0228847 -0.0212375 -0.0195791 -0.0179145 -0.0162486 -0.0145862 -0.0129318 -0.01129 -0.00966494 -0.00806056 -0.00648061 -0.00492856 -0.00340757 -0.00192054 -0.000470093 0.000941465 0.0023121 0.00364008 0.00492392 0.00616244 0.00735469 0.00849998 0.00959788 0.0106481 0.0116507 0.0126059 0.0135139 0.0143752 0.0151906 0.0159609 0.0166869 0.0173697 0.0180104 0.0186102 0.0191704 0.0196922 0.020177 0.0206263 0.0210414 0.0214239 0.021775 0.0220963 0.0223893 0.0226553 0.0228958 0.0231122 0.0233058 0.023478 0.0236301 0.0237633 0.0238789 0.0239782 0.0240622 0.024132 0.0241888 0.0242336 0.0242673 0.0242909 0.0243053 0.0243113 0.0243098 0.0243015 0.0242871 0.0242673 0.0242428 0.0242141 0.0241817 0.0241463 0.0241082 0.024068 0.0240259 0.0239824 0.0239378 0.0238924 0.0238465 0.0238002 0.0237538 0.0237075 0.0236615 0.0236158 0.0235707 0.0235261 0.0234823 0.0234392 0.0233971 0.023356 0.023316 0.0232773 0.02324 0.0232044 0.0231706 0.0231391 0.0231103 0.0230845 0.0230625 0.023045 0.023033 0.0230275 0.0230298 
0.031582 0.0315828 0.0315849 0.031588 0.0315912 0.0315935 0.0315936 0.0315897 0.0315799 0.0315618 0.0315328 0.03149 0.0314301 0.0313497 0.0312448 0.0311113 0.0309449 0.0307409 0.0304945 0.0302006 0.0298539 0.0294492 0.028981 0.0284438 0.0278323 0.0271411 0.0263651 0.0254995 0.0245398 0.0234822 0.022323 0.0210597 0.0196903 0.0182136 0.0166298 0.0149397 0.0131454 0.0112504 0.00925909 0.00717731 0.00501201 0.00277127 0.000464245 -0.00189897 -0.00430751 -0.00674985 -0.00921406 -0.011688 -0.0141593 -0.0166161 -0.0190465 -0.0214394 -0.0237843 -0.0260715 -0.028292 -0.0304381 -0.0325028 -0.0344803 -0.0363655 -0.0381544 -0.0398437 -0.0414312 -0.042915 -0.044294 -0.0455675 -0.0467353 -0.0477975 -0.0487544 -0.0496066 -0.0503547 -0.0509993 -0.0515411 -0.051981 -0.0523197 -0.0525577 -0.0526958 -0.0527346 -0.0526748 -0.052517 -0.052262 -0.0519106 -0.0514636 -0.0509223 -0.0502877 -0.0495614 -0.0487451 -0.0478402 -0.0468489 -0.0457738 -0.0446177 -0.0433839 -0.042076 -0.0406978 -0.0392536 -0.0377479 -0.0361855 -0.0345715 -0.0329111 -0.0312099 -0.0294735 -0.0277074 -0.0259176 -0.0241098 -0.0222896 -0.0204628 -0.0186348 -0.0168112 -0.0149969 -0.013197 -0.0114163 -0.00965904 -0.00792948 -0.00623142 -0.00456837 -0.00294351 -0.00135971 0.000180532 0.00167501 0.00312185 0.00451951 0.00586672 0.00716253 0.00840625 0.00959745 0.010736 0.0118218 0.0128554 0.013837 0.0147673 0.0156472 0.0164775 0.0172594 0.017994 0.0186826 0.0193265 0.0199273 0.0204863 0.0210052 0.0214855 0.0219287 0.0223365 0.0227105 0.0230522 0.0233634 0.0236455 0.0239002 0.0241289 0.0243332 0.0245145 0.0246743 0.0248139 0.0249347 0.0250381 0.0251252 0.0251973 0.0252555 0.025301 0.0253348 0.025358 0.0253715 0.0253762 0.025373 0.0253627 0.0253462 0.025324 0.025297 0.0252658 0.0252309 0.0251929 0.0251523 0.0251096 0.0250652 0.0250195 0.0249728 0.0249255 0.0248778 0.02483 0.0247823 0.0247348 0.0246879 0.0246414 0.0245957 0.0245508 0.0245068 0.0244637 0.0244217 0.0243808 0.0243411 0.0243027 0.0242658 0.0242305 0.0241971 0.0241658 0.024137 0.0241112 0.0240888 0.0240705 0.0240572 0.0240499 0.0240496 
0.0350999 0.0351013 0.0351057 0.0351126 0.0351212 0.0351305 0.0351388 0.0351443 0.0351449 0.0351381 0.0351211 0.0350906 0.035043 0.0349746 0.0348811 0.034758 0.0346005 0.0344034 0.0341613 0.0338686 0.0335193 0.0331076 0.0326271 0.0320718 0.0314353 0.0307116 0.0298948 0.0289791 0.0279592 0.0268303 0.0255883 0.0242296 0.0227517 0.021153 0.0194329 0.0175921 0.0156327 0.013558 0.0113729 0.00908347 0.00669744 0.00422377 0.0016727 -0.000944405 -0.00361523 -0.00632671 -0.00906523 -0.0118169 -0.0145677 -0.0173039 -0.0200122 -0.0226798 -0.0252947 -0.0278459 -0.0303236 -0.0327188 -0.0350239 -0.0372324 -0.0393389 -0.0413389 -0.0432291 -0.045007 -0.0466707 -0.0482193 -0.049652 -0.0509688 -0.0521699 -0.0532557 -0.0542268 -0.0550839 -0.0558277 -0.0564591 -0.0569787 -0.0573872 -0.0576852 -0.0578733 -0.0579521 -0.057922 -0.0577837 -0.0575378 -0.057185 -0.0567261 -0.0561623 -0.0554947 -0.0547249 -0.0538545 -0.0528853 -0.0518195 -0.0506599 -0.0494099 -0.0480729 -0.0466529 -0.0451543 -0.0435819 -0.0419408 -0.0402363 -0.0384741 -0.0366604 -0.0348011 -0.0329027 -0.0309715 -0.0290142 -0.0270371 -0.0250467 -0.0230494 -0.0210514 -0.0190586 -0.0170769 -0.0151119 -0.0131687 -0.0112522 -0.00936706 -0.00751747 -0.00570727 -0.00393994 -0.00221857 -0.000545889 0.00107576 0.00264438 0.00415835 0.00561636 0.00701746 0.00836098 0.00964654 0.010874 0.0120437 0.0131557 0.0142109 0.0152099 0.0161537 0.0170434 0.0178803 0.0186657 0.0194011 0.020088 0.0207281 0.021323 0.0218745 0.0223842 0.022854 0.0232857 0.0236809 0.0240416 0.0243694 0.0246661 0.0249334 0.0251729 0.0253864 0.0255753 0.0257414 0.025886 0.0260107 0.0261169 0.0262058 0.026279 0.0263375 0.0263826 0.0264154 0.0264372 0.0264487 0.0264512 0.0264455 0.0264325 0.026413 0.0263878 0.0263577 0.0263233 0.0262852 0.0262441 0.0262005 0.0261549 0.0261077 0.0260594 0.0260103 0.0259608 0.0259111 0.0258615 0.0258122 0.0257635 0.0257154 0.0256681 0.0256217 0.0255763 0.025532 0.0254888 0.0254468 0.025406 0.0253664 0.0253283 0.0252916 0.0252564 0.025223 0.0251916 0.0251624 0.0251359 0.0251124 0.0250925 0.025077 0.0250666 0.0250622 
0.0386145 0.0386167 0.0386239 0.0386354 0.0386506 0.0386681 0.0386864 0.0387034 0.0387169 0.0387242 0.0387221 0.0387073 0.0386759 0.0386236 0.0385459 0.0384379 0.0382943 0.0381093 0.0378771 0.0375913 0.0372453 0.0368326 0.036346 0.0357785 0.0351232 0.0343729 0.0335207 0.03256 0.0314846 0.0302886 0.028967 0.0275154 0.0259304 0.0242097 0.0223523 0.0203584 0.0182299 0.0159702 0.0135842 0.0110786 0.00846188 0.0057439 0.00293612 5.13461e-05 -0.00289647 -0.00589247 -0.00892114 -0.0119666 -0.0150129 -0.0180444 -0.0210457 -0.0240024 -0.026901 -0.0297291 -0.0324755 -0.0351304 -0.0376854 -0.0401333 -0.0424683 -0.0446858 -0.0467822 -0.048755 -0.0506026 -0.052324 -0.0539187 -0.0553868 -0.0567287 -0.0579451 -0.0590366 -0.0600042 -0.0608485 -0.0615705 -0.0621708 -0.06265 -0.0630088 -0.0632474 -0.0633665 -0.0633664 -0.0632474 -0.0630101 -0.0626552 -0.0621833 -0.0615953 -0.0608926 -0.0600766 -0.0591491 -0.0581118 -0.0569672 -0.0557183 -0.0543688 -0.0529226 -0.051384 -0.049758 -0.0480497 -0.0462651 -0.04441 -0.042491 -0.0405147 -0.0384881 -0.0364183 -0.0343126 -0.0321782 -0.0300225 -0.0278526 -0.0256758 -0.0234988 -0.0213285 -0.0191713 -0.0170332 -0.0149202 -0.0128376 -0.0107904 -0.00878334 -0.00682053 -0.00490576 -0.00304236 -0.00123325 0.000519068 0.00221251 0.00384538 0.00541637 0.00692452 0.00836921 0.00975015 0.0110673 0.012321 0.0135117 0.0146402 0.0157075 0.0167146 0.0176629 0.0185538 0.0193889 0.0201698 0.0208984 0.0215763 0.0222055 0.022788 0.0233256 0.0238203 0.0242741 0.0246889 0.0250667 0.0254095 0.025719 0.0259972 0.026246 0.026467 0.0266621 0.0268329 0.026981 0.0271081 0.0272157 0.0273052 0.0273781 0.0274356 0.0274792 0.0275099 0.0275291 0.0275378 0.027537 0.0275279 0.0275112 0.027488 0.027459 0.027425 0.0273867 0.0273449 0.0273001 0.027253 0.027204 0.0271536 0.0271023 0.0270504 0.0269984 0.0269464 0.0268947 0.0268437 0.0267934 0.0267441 0.0266958 0.0266486 0.0266027 0.026558 0.0265146 0.0264725 0.0264317 0.0263923 0.0263542 0.0263176 0.0262824 0.0262488 0.0262169 0.0261869 0.0261592 0.026134 0.0261119 0.0260932 0.0260788 0.0260693 
0.0421241 0.0421272 0.0421375 0.0421546 0.0421775 0.0422048 0.0422349 0.0422657 0.0422946 0.0423189 0.0423351 0.0423397 0.0423284 0.0422967 0.0422397 0.0421519 0.0420276 0.0418606 0.0416442 0.0413717 0.0410357 0.0406286 0.0401428 0.0395702 0.0389028 0.0381325 0.0372515 0.0362519 0.0351264 0.0338682 0.032471 0.0309295 0.0292394 0.0273974 0.0254019 0.0232526 0.020951 0.0185004 0.015906 0.0131749 0.0103163 0.00734129 0.00426256 0.00109458 -0.00214685 -0.0054448 -0.00878157 -0.012139 -0.0154989 -0.0188432 -0.0221547 -0.0254168 -0.0286143 -0.0317332 -0.034761 -0.037687 -0.0405019 -0.0431979 -0.045769 -0.0482103 -0.0505183 -0.0526907 -0.0547258 -0.056623 -0.0583822 -0.0600038 -0.0614884 -0.0628369 -0.0640502 -0.0651294 -0.0660754 -0.0668891 -0.067571 -0.068122 -0.0685423 -0.0688322 -0.0689922 -0.0690223 -0.0689227 -0.0686939 -0.0683361 -0.06785 -0.0672364 -0.0664965 -0.0656317 -0.0646437 -0.0635343 -0.0623063 -0.060963 -0.0595082 -0.0579461 -0.0562818 -0.0545205 -0.0526682 -0.0507312 -0.0487163 -0.0466307 -0.044482 -0.0422779 -0.0400264 -0.0377357 -0.0354139 -0.0330692 -0.0307097 -0.0283433 -0.0259778 -0.0236206 -0.0212789 -0.0189594 -0.0166686 -0.0144124 -0.0121963 -0.0100253 -0.00790403 -0.00583651 -0.00382634 -0.0018766 1.00732e-05 0.0018315 0.00358596 0.00527213 0.00688909 0.0084363 0.00991356 0.011321 0.012659 0.0139284 0.0151299 0.0162648 0.0173345 0.0183404 0.0192841 0.0201676 0.0209926 0.0217611 0.0224753 0.0231371 0.0237488 0.0243124 0.0248302 0.0253043 0.0257368 0.0261299 0.0264857 0.0268063 0.0270937 0.0273499 0.0275767 0.0277762 0.0279501 0.0281002 0.0282282 0.0283357 0.0284243 0.0284955 0.0285507 0.0285914 0.0286189 0.0286344 0.0286391 0.0286341 0.0286205 0.0285993 0.0285714 0.0285377 0.0284991 0.0284563 0.0284101 0.028361 0.0283098 0.0282569 0.0282028 0.0281481 0.0280931 0.0280381 0.0279836 0.0279297 0.0278766 0.0278247 0.0277739 0.0277245 0.0276765 0.0276299 0.0275848 0.0275412 0.027499 0.0274582 0.0274188 0.0273808 0.0273441 0.0273087 0.0272747 0.0272421 0.0272111 0.0271818 0.0271545 0.0271294 0.0271071 0.0270878 0.0270724 
0.0456262 0.0456304 0.0456445 0.0456679 0.0456997 0.0457384 0.0457823 0.0458292 0.0458764 0.0459208 0.0459589 0.0459868 0.046 0.0459936 0.0459624 0.0459004 0.0458014 0.0456587 0.045465 0.0452127 0.0448939 0.0445001 0.0440227 0.0434527 0.042781 0.0419985 0.041096 0.0400646 0.0388956 0.037581 0.0361132 0.0344857 0.032693 0.030731 0.028597 0.02629 0.0238112 0.0211636 0.0183526 0.0153857 0.012273 0.00902666 0.00566095 0.00219219 -0.00136168 -0.00498135 -0.00864658 -0.0123366 -0.0160305 -0.0197077 -0.0233485 -0.026934 -0.0304471 -0.0338722 -0.0371952 -0.0404044 -0.0434898 -0.046443 -0.0492579 -0.0519294 -0.0544543 -0.0568303 -0.0590564 -0.0611322 -0.0630581 -0.0648349 -0.0664636 -0.0679455 -0.0692818 -0.0704738 -0.0715225 -0.0724289 -0.0731937 -0.0738173 -0.0743002 -0.0746424 -0.0748439 -0.0749048 -0.074825 -0.0746045 -0.0742434 -0.0737421 -0.0731014 -0.0723222 -0.0714059 -0.070354 -0.0691684 -0.0678522 -0.0664089 -0.0648424 -0.0631576 -0.0613597 -0.0594547 -0.0574492 -0.0553502 -0.0531653 -0.0509026 -0.0485705 -0.0461777 -0.0437331 -0.041246 -0.0387254 -0.0361804 -0.0336201 -0.0310534 -0.0284887 -0.0259345 -0.0233986 -0.0208886 -0.0184113 -0.0159734 -0.0135809 -0.0112392 -0.00895318 -0.00672729 -0.00456532 -0.00247053 -0.000445663 0.00150703 0.00338581 0.00518939 0.00691691 0.00856794 0.0101424 0.0116406 0.0130631 0.0144109 0.015685 0.0168868 0.018018 0.0190803 0.0200755 0.0210058 0.0218733 0.0226801 0.0234286 0.0241211 0.02476 0.0253477 0.0258865 0.0263788 0.026827 0.0272334 0.0276002 0.0279299 0.0282245 0.0284861 0.028717 0.0289191 0.0290943 0.0292446 0.0293718 0.0294776 0.0295638 0.0296319 0.0296835 0.02972 0.0297429 0.0297534 0.029753 0.0297426 0.0297235 0.0296968 0.0296634 0.0296242 0.0295802 0.0295321 0.0294807 0.0294267 0.0293708 0.0293135 0.0292553 0.0291967 0.0291381 0.02908 0.0290225 0.0289661 0.0289109 0.0288571 0.0288048 0.0287542 0.0287052 0.028658 0.0286124 0.0285685 0.0285263 0.0284855 0.0284461 0.0284081 0.0283714 0.0283358 0.0283013 0.0282678 0.0282355 0.0282044 0.0281746 0.0281462 0.0281196 0.0280951 0.0280731 
0.0491182 0.0491236 0.049142 0.0491727 0.0492147 0.0492665 0.0493264 0.0493918 0.0494602 0.049528 0.0495918 0.0496472 0.0496896 0.0497137 0.0497138 0.0496836 0.0496164 0.0495048 0.0493411 0.0491168 0.0488232 0.0484511 0.0479906 0.047432 0.0467648 0.0459787 0.0450633 0.0440083 0.0428035 0.0414394 0.0399071 0.0381985 0.0363068 0.0342267 0.0319542 0.0294878 0.0268276 0.0239766 0.0209401 0.0177262 0.0143457 0.010812 0.00714122 0.00335178 -0.000535916 -0.0044998 -0.00851666 -0.0125626 -0.0166137 -0.0206463 -0.0246378 -0.028567 -0.0324143 -0.0361622 -0.0397953 -0.0433007 -0.0466676 -0.0498874 -0.0529536 -0.0558615 -0.0586081 -0.0611917 -0.0636116 -0.0658683 -0.0679626 -0.0698959 -0.0716698 -0.073286 -0.0747462 -0.0760519 -0.0772043 -0.0782046 -0.0790532 -0.0797508 -0.0802974 -0.080693 -0.0809372 -0.0810297 -0.0809701 -0.0807581 -0.0803935 -0.0798764 -0.0792071 -0.0783866 -0.077416 -0.0762967 -0.0750308 -0.0736214 -0.072072 -0.0703872 -0.0685719 -0.0666321 -0.0645743 -0.0624056 -0.0601341 -0.0577681 -0.0553166 -0.0527891 -0.0501953 -0.0475452 -0.0448491 -0.042117 -0.0393594 -0.0365861 -0.0338071 -0.0310318 -0.0282696 -0.025529 -0.0228183 -0.0201453 -0.017517 -0.01494 -0.0124202 -0.00996289 -0.00757267 -0.00525361 -0.00300914 -0.000842096 0.00124524 0.00325112 0.00517434 0.00701413 0.00877019 0.0104426 0.0120319 0.0135389 0.0149647 0.0163107 0.0175785 0.01877 0.0198873 0.0209324 0.0219078 0.0228158 0.023659 0.0244398 0.0251608 0.0258248 0.0264343 0.0269918 0.0275002 0.0279618 0.0283792 0.028755 0.0290915 0.0293912 0.0296564 0.0298892 0.0300919 0.0302666 0.0304153 0.03054 0.0306424 0.0307245 0.030788 0.0308343 0.0308653 0.0308822 0.0308866 0.0308797 0.0308629 0.0308372 0.0308039 0.030764 0.0307184 0.0306681 0.030614 0.0305568 0.0304972 0.0304359 0.0303736 0.0303107 0.0302478 0.0301854 0.0301236 0.0300631 0.0300038 0.0299462 0.0298904 0.0298365 0.0297846 0.0297346 0.0296867 0.0296407 0.0295967 0.0295543 0.0295136 0.0294744 0.0294365 0.0293997 0.0293639 0.0293289 0.0292946 0.0292609 0.0292278 0.0291953 0.0291633 0.0291321 0.0291018 0.0290729 
0.0525971 0.0526039 0.052627 0.052666 0.0527196 0.0527863 0.0528643 0.052951 0.0530435 0.0531384 0.0532318 0.0533192 0.0533956 0.0534556 0.053493 0.0535011 0.0534727 0.0533997 0.0532739 0.0530861 0.0528266 0.0524852 0.0520513 0.0515138 0.050861 0.0500814 0.0491629 0.0480936 0.046862 0.0454567 0.0438672 0.0420836 0.0400976 0.0379021 0.0354921 0.0328646 0.0300191 0.026958 0.0236866 0.0202132 0.0165496 0.0127107 0.00871448 0.00458177 0.000335884 -0.00399788 -0.00839279 -0.0128213 -0.0172559 -0.0216694 -0.0260358 -0.030331 -0.0345329 -0.0386219 -0.0425811 -0.0463963 -0.0500562 -0.0535519 -0.0568769 -0.060027 -0.0629997 -0.0657939 -0.0684099 -0.0708489 -0.0731126 -0.0752031 -0.0771227 -0.0788738 -0.0804584 -0.0818785 -0.0831355 -0.0842306 -0.0851644 -0.0859373 -0.0865491 -0.0869994 -0.0872877 -0.087413 -0.0873747 -0.0871718 -0.0868037 -0.0862702 -0.0855714 -0.0847077 -0.0836802 -0.08249 -0.0811394 -0.0796313 -0.0779698 -0.0761593 -0.0742055 -0.0721147 -0.0698941 -0.0675515 -0.0650959 -0.0625366 -0.0598836 -0.0571474 -0.0543391 -0.0514697 -0.0485507 -0.0455935 -0.0426095 -0.0396098 -0.0366055 -0.0336071 -0.0306247 -0.027668 -0.024746 -0.0218671 -0.0190391 -0.016269 -0.0135633 -0.0109275 -0.00836667 -0.00588497 -0.00348599 -0.00117266 0.00105275 0.00318855 0.0052336 0.00718729 0.00904951 0.0108205 0.0125011 0.0140924 0.0155956 0.0170126 0.0183452 0.0195956 0.0207662 0.0218594 0.0228779 0.0238244 0.0247016 0.0255123 0.0262596 0.0269462 0.027575 0.028149 0.0286709 0.0291435 0.0295696 0.0299519 0.0302931 0.0305956 0.030862 0.0310947 0.0312959 0.0314681 0.0316132 0.0317335 0.0318308 0.0319071 0.0319642 0.0320038 0.0320277 0.0320372 0.0320341 0.0320195 0.0319949 0.0319616 0.0319206 0.0318732 0.0318203 0.0317628 0.0317018 0.031638 0.0315721 0.0315049 0.031437 0.031369 0.0313013 0.0312345 0.0311689 0.0311048 0.0310426 0.0309824 0.0309244 0.0308687 0.0308154 0.0307645 0.0307159 0.0306696 0.0306254 0.0305831 0.0305427 0.0305037 0.030466 0.0304294 0.0303935 0.0303581 0.030323 0.0302879 0.0302528 0.0302174 0.0301817 0.0301457 0.0301095 0.0300733 
0.0560594 0.0560677 0.0560963 0.0561444 0.056211 0.0562945 0.0563929 0.0565035 0.0566234 0.056749 0.0568762 0.0570003 0.0571161 0.0572177 0.0572988 0.057352 0.0573698 0.0573436 0.0572642 0.057122 0.0569063 0.0566059 0.0562092 0.0557036 0.0550765 0.0543145 0.053404 0.0523316 0.0510837 0.049647 0.048009 0.0461579 0.0440834 0.0417766 0.0392308 0.0364414 0.0334069 0.0301288 0.0266122 0.0228659 0.0189024 0.0147381 0.0103933 0.00589157 0.00125965 -0.00347336 -0.00827659 -0.0131182 -0.0179662 -0.0227894 -0.027558 -0.0322443 -0.0368233 -0.0412733 -0.0455755 -0.0497149 -0.0536793 -0.05746 -0.0610508 -0.0644481 -0.0676503 -0.0706574 -0.0734708 -0.0760926 -0.0785258 -0.0807734 -0.0828386 -0.0847245 -0.0864337 -0.0879685 -0.0893308 -0.0905218 -0.0915421 -0.0923918 -0.0930706 -0.0935776 -0.0939118 -0.0940717 -0.094056 -0.0938633 -0.0934923 -0.0929424 -0.092213 -0.0913045 -0.0902176 -0.0889531 -0.0875132 -0.0859012 -0.0841209 -0.0821772 -0.0800761 -0.0778245 -0.0754301 -0.0729019 -0.0702496 -0.0674835 -0.064615 -0.0616557 -0.0586179 -0.0555141 -0.052357 -0.0491594 -0.0459341 -0.0426934 -0.0394495 -0.0362142 -0.0329986 -0.0298133 -0.0266683 -0.0235726 -0.0205348 -0.0175625 -0.0146625 -0.0118408 -0.00910269 -0.00645254 -0.00389407 -0.00143021 0.000936767 0.00320526 0.00537429 0.00744341 0.00941274 0.0112828 0.0130547 0.0147297 0.0163096 0.0177964 0.0191924 0.0205 0.021722 0.0228612 0.0239205 0.024903 0.0258117 0.0266499 0.0274208 0.0281274 0.0287729 0.0293605 0.0298933 0.0303744 0.0308066 0.0311929 0.0315361 0.031839 0.0321043 0.0323345 0.0325322 0.0326996 0.0328392 0.032953 0.0330433 0.033112 0.033161 0.0331923 0.0332074 0.0332081 0.033196 0.0331724 0.0331388 0.0330966 0.0330469 0.0329908 0.0329296 0.0328641 0.0327953 0.032724 0.0326512 0.0325774 0.0325033 0.0324295 0.0323566 0.032285 0.0322152 0.0321473 0.0320818 0.0320189 0.0319586 0.0319011 0.0318464 0.0317945 0.0317453 0.0316988 0.0316546 0.0316126 0.0315725 0.0315341 0.0314969 0.0314606 0.0314248 0.0313892 0.0313535 0.0313172 0.0312801 0.0312419 0.0312025 0.0311616 0.0311193 0.0310759 
0.0595012 0.0595112 0.0595458 0.0596042 0.0596853 0.0597874 0.0599085 0.060046 0.0601966 0.0603567 0.060522 0.0606877 0.0608483 0.0609977 0.0611291 0.0612348 0.0613068 0.0613359 0.0613124 0.0612256 0.0610642 0.060816 0.0604681 0.0600067 0.0594176 0.0586859 0.0577964 0.0567333 0.0554812 0.0540247 0.0523488 0.0504396 0.0482841 0.0458715 0.0431926 0.0402413 0.0370144 0.0335125 0.0297401 0.025706 0.0214237 0.0169114 0.0121918 0.00729174 0.00224186 -0.00292418 -0.00817053 -0.0134602 -0.018756 -0.0240218 -0.0292231 -0.0343284 -0.0393095 -0.0441418 -0.0488051 -0.0532832 -0.0575637 -0.061638 -0.0655007 -0.0691493 -0.0725833 -0.0758042 -0.0788148 -0.0816189 -0.0842205 -0.0866241 -0.0888338 -0.0908537 -0.092687 -0.0943367 -0.0958049 -0.0970928 -0.098201 -0.0991295 -0.0998775 -0.100444 -0.100826 -0.101023 -0.101032 -0.100851 -0.100478 -0.0999124 -0.0991522 -0.0981975 -0.0970487 -0.0957065 -0.0941731 -0.0924514 -0.0905454 -0.0884605 -0.0862027 -0.0837797 -0.0811999 -0.0784732 -0.0756103 -0.0726228 -0.0695232 -0.0663248 -0.0630411 -0.0596862 -0.0562743 -0.0528197 -0.0493366 -0.0458388 -0.0423398 -0.0388526 -0.0353895 -0.0319621 -0.0285814 -0.0252573 -0.0219989 -0.0188145 -0.0157113 -0.0126958 -0.00977344 -0.00694881 -0.00422568 -0.001607 0.000905047 0.00330898 0.00560402 0.00778996 0.00986718 0.0118366 0.0136994 0.0154575 0.017113 0.0186682 0.0201257 0.0214885 0.0227597 0.0239424 0.02504 0.0260558 0.0269934 0.0278562 0.0286477 0.0293713 0.0300307 0.0306291 0.0311699 0.0316565 0.032092 0.0324796 0.0328223 0.033123 0.0333847 0.03361 0.0338016 0.0339621 0.0340939 0.0341992 0.0342804 0.0343396 0.0343788 0.0343998 0.0344047 0.0343949 0.0343723 0.0343383 0.0342944 0.034242 0.0341823 0.0341166 0.034046 0.0339715 0.0338941 0.0338146 0.033734 0.0336529 0.033572 0.033492 0.0334134 0.0333366 0.0332621 0.0331902 0.0331212 0.0330553 0.0329926 0.0329332 0.0328771 0.0328243 0.0327747 0.032728 0.0326841 0.0326426 0.0326032 0.0325655 0.0325291 0.0324935 0.0324583 0.0324229 0.0323868 0.0323495 0.0323107 0.0322699 0.0322268 0.0321811 0.0321326 0.0320818 
0.0629183 0.0629302 0.0629714 0.063041 0.0631381 0.0632608 0.0634071 0.0635742 0.063759 0.0639576 0.0641656 0.064378 0.0645891 0.0647926 0.0649813 0.0651473 0.0652819 0.0653755 0.0654178 0.0653972 0.0653016 0.0651177 0.0648314 0.0644277 0.0638906 0.0632035 0.0623492 0.0613101 0.060068 0.0586053 0.0569042 0.054948 0.0527211 0.0502097 0.0474023 0.0442903 0.0408684 0.0371358 0.0330962 0.0287583 0.0241365 0.0192507 0.0141264 0.00879427 0.00328962 -0.00234846 -0.00807816 -0.0138562 -0.0196393 -0.0253851 -0.0310539 -0.0366094 -0.0420197 -0.0472575 -0.0523008 -0.0571324 -0.06174 -0.0661156 -0.0702551 -0.0741573 -0.0778236 -0.0812576 -0.0844638 -0.0874478 -0.0902154 -0.0927725 -0.0951247 -0.0972769 -0.0992334 -0.100998 -0.102572 -0.103958 -0.105156 -0.106165 -0.106985 -0.107614 -0.108048 -0.108285 -0.108321 -0.108155 -0.107782 -0.107201 -0.10641 -0.105408 -0.104195 -0.102772 -0.101141 -0.0993039 -0.0972653 -0.0950305 -0.0926061 -0.0900003 -0.0872224 -0.0842831 -0.0811944 -0.0779693 -0.0746218 -0.0711665 -0.0676188 -0.0639944 -0.0603093 -0.0565794 -0.0528204 -0.0490478 -0.0452766 -0.0415211 -0.037795 -0.034111 -0.0304809 -0.0269157 -0.0234251 -0.0200181 -0.0167024 -0.0134848 -0.0103709 -0.00736551 -0.00447245 -0.00169459 0.00096599 0.00350802 0.00593095 0.0082349 0.0104206 0.0124892 0.0144425 0.0162827 0.0180123 0.019634 0.0211511 0.0225668 0.0238845 0.025108 0.0262409 0.0272871 0.0282504 0.0291346 0.0299436 0.0306812 0.0313511 0.0319572 0.0325029 0.032992 0.0334278 0.0338137 0.034153 0.0344488 0.0347041 0.034922 0.0351051 0.0352562 0.0353779 0.0354726 0.0355426 0.0355903 0.0356176 0.0356267 0.0356194 0.0355976 0.035563 0.0355171 0.0354615 0.0353976 0.0353268 0.0352503 0.0351692 0.0350847 0.0349977 0.0349092 0.03482 0.034731 0.0346427 0.0345558 0.034471 0.0343886 0.0343091 0.0342328 0.0341601 0.034091 0.0340258 0.0339645 0.0339071 0.0338534 0.0338035 0.0337569 0.0337135 0.0336729 0.0336345 0.0335981 0.0335629 0.0335285 0.0334942 0.0334594 0.0334234 0.0333856 0.0333454 0.0333023 0.0332557 0.0332053 0.0331508 0.0330926 
0.0663059 0.0663199 0.0663683 0.0664503 0.0665648 0.0667101 0.066884 0.0670838 0.0673062 0.0675473 0.0678026 0.068067 0.0683346 0.0685988 0.0688521 0.0690865 0.0692926 0.0694605 0.0695791 0.0696363 0.0696188 0.0695124 0.0693018 0.0689705 0.0685008 0.0678744 0.0670719 0.0660732 0.0648576 0.0634045 0.0616933 0.0597039 0.0574174 0.0548168 0.0518872 0.0486171 0.0449986 0.041029 0.0367104 0.0320514 0.0270669 0.0217789 0.0162158 0.0104128 0.00441081 -0.00174462 -0.00800441 -0.0143177 -0.0206334 -0.0269023 -0.0330779 -0.0391185 -0.0449879 -0.0506558 -0.0560985 -0.0612982 -0.066243 -0.0709261 -0.0753452 -0.0795014 -0.0833985 -0.0870424 -0.0904403 -0.0935999 -0.0965293 -0.099236 -0.101727 -0.104009 -0.106087 -0.107965 -0.109646 -0.111131 -0.112421 -0.113514 -0.114409 -0.115104 -0.115593 -0.115874 -0.115943 -0.115794 -0.115424 -0.11483 -0.114008 -0.112959 -0.111681 -0.110174 -0.108441 -0.106482 -0.104304 -0.10191 -0.0993088 -0.0965079 -0.093518 -0.0903508 -0.0870197 -0.0835392 -0.079925 -0.0761934 -0.0723617 -0.0684476 -0.0644688 -0.0604433 -0.0563886 -0.0523219 -0.0482598 -0.0442182 -0.0402122 -0.0362556 -0.0323615 -0.0285416 -0.0248065 -0.0211658 -0.0176277 -0.0141991 -0.0108862 -0.0076936 -0.00462523 -0.00168386 0.00112866 0.0038113 0.00636382 0.0087867 0.0110811 0.0132486 0.0152915 0.0172124 0.0190143 0.0207005 0.0222746 0.0237403 0.0251017 0.0263629 0.0275279 0.0286011 0.0295866 0.0304888 0.0313118 0.0320598 0.0327369 0.0333472 0.0338945 0.0343828 0.0348157 0.0351968 0.0355296 0.0358175 0.0360637 0.0362714 0.0364434 0.0365826 0.0366917 0.0367734 0.0368301 0.0368641 0.0368776 0.0368728 0.0368517 0.0368161 0.0367678 0.0367085 0.0366398 0.0365631 0.0364798 0.0363913 0.0362987 0.0362032 0.0361057 0.0360073 0.0359088 0.035811 0.0357146 0.0356204 0.0355288 0.0354403 0.0353555 0.0352745 0.0351978 0.0351255 0.0350576 0.0349944 0.0349357 0.0348814 0.0348313 0.0347851 0.0347426 0.0347031 0.0346664 0.0346316 0.0345983 0.0345656 0.0345329 0.0344993 0.034464 0.0344262 0.0343852 0.0343402 0.0342905 0.0342357 0.0341752 0.0341096 
0.069659 0.0696752 0.0697314 0.0698268 0.0699603 0.0701302 0.0703342 0.0705696 0.0708332 0.0711209 0.0714283 0.07175 0.0720801 0.0724118 0.0727374 0.0730485 0.0733356 0.073588 0.0737942 0.0739413 0.0740152 0.0740006 0.073881 0.0736383 0.0732533 0.0727055 0.0719732 0.0710337 0.0698636 0.0684389 0.0667354 0.0647294 0.0623981 0.0597203 0.0566774 0.0532539 0.0494389 0.0452264 0.0406169 0.0356181 0.0302455 0.0245227 0.0184818 0.0121632 0.00561421 -0.0011115 -0.00795603 -0.0148591 -0.0217605 -0.0286017 -0.0353289 -0.0418936 -0.0482547 -0.0543789 -0.0602406 -0.0658221 -0.0711125 -0.076107 -0.0808059 -0.0852134 -0.0893367 -0.0931847 -0.0967676 -0.100096 -0.103181 -0.106031 -0.108657 -0.111065 -0.113261 -0.115252 -0.117039 -0.118624 -0.120008 -0.121189 -0.122163 -0.122929 -0.123479 -0.12381 -0.123915 -0.123789 -0.123425 -0.12282 -0.121971 -0.120873 -0.119529 -0.117936 -0.116097 -0.114012 -0.111686 -0.109125 -0.106335 -0.103326 -0.100109 -0.0966969 -0.0931052 -0.0893497 -0.085448 -0.0814186 -0.0772809 -0.0730546 -0.0687598 -0.0644164 -0.0600441 -0.055662 -0.0512887 -0.0469416 -0.0426372 -0.038391 -0.0342169 -0.0301279 -0.0261351 -0.0222489 -0.0184778 -0.0148293 -0.0113095 -0.00792315 -0.00467408 -0.00156489 0.00140282 0.00422836 0.0069119 0.00945437 0.0118574 0.0141231 0.0162543 0.0182541 0.020126 0.0218741 0.0235023 0.025015 0.0264167 0.027712 0.0289055 0.0300019 0.0310059 0.0319222 0.0327554 0.0335101 0.0341906 0.0348014 0.0353467 0.0358307 0.0362572 0.0366302 0.0369533 0.0372302 0.0374643 0.0376588 0.0378169 0.0379416 0.0380357 0.0381019 0.0381429 0.0381611 0.0381587 0.038138 0.0381012 0.03805 0.0379864 0.0379121 0.0378288 0.0377379 0.0376409 0.0375391 0.0374339 0.0373262 0.0372173 0.0371081 0.0369994 0.0368922 0.0367871 0.0366848 0.0365859 0.036491 0.0364004 0.0363145 0.0362336 0.0361579 0.0360874 0.0360222 0.0359623 0.0359075 0.0358575 0.0358121 0.0357708 0.0357331 0.0356984 0.035666 0.0356352 0.035605 0.0355746 0.035543 0.0355092 0.0354722 0.035431 0.0353847 0.0353324 0.0352735 0.0352074 0.0351345 
0.0729719 0.0729905 0.0730551 0.073165 0.0733189 0.0735153 0.0737519 0.074026 0.0743343 0.0746728 0.0750369 0.0754214 0.0758202 0.0762264 0.0766322 0.0770288 0.0774064 0.0777541 0.0780596 0.0783096 0.078489 0.0785816 0.0785695 0.0784332 0.0781518 0.0777024 0.0770612 0.0762024 0.0750995 0.0737249 0.0720503 0.0700478 0.0676898 0.0649505 0.0618063 0.058237 0.0542271 0.0497674 0.0448552 0.0394969 0.0337078 0.0275135 0.0209501 0.0140637 0.00690972 -0.000448492 -0.0079421 -0.0154992 -0.0230478 -0.0305188 -0.0378484 -0.0449808 -0.0518691 -0.0584767 -0.0647767 -0.070752 -0.0763937 -0.0817002 -0.0866755 -0.0913279 -0.0956688 -0.0997113 -0.103469 -0.106957 -0.110188 -0.113174 -0.115927 -0.118456 -0.120767 -0.122868 -0.124761 -0.126448 -0.127928 -0.1292 -0.13026 -0.131102 -0.13172 -0.132108 -0.132256 -0.132158 -0.131807 -0.131195 -0.130319 -0.129175 -0.127764 -0.126084 -0.124135 -0.121919 -0.119439 -0.1167 -0.113709 -0.110478 -0.107018 -0.103343 -0.0994706 -0.0954186 -0.0912067 -0.0868558 -0.0823876 -0.0778245 -0.0731888 -0.0685031 -0.0637892 -0.0590686 -0.0543617 -0.0496879 -0.0450654 -0.040511 -0.03604 -0.0316662 -0.0274018 -0.0232576 -0.0192427 -0.0153648 -0.01163 -0.0080433 -0.00460818 -0.00132701 0.00179895 0.00476942 0.00758508 0.0102474 0.0127585 0.0151212 0.0173389 0.0194154 0.0213547 0.0231615 0.0248405 0.0263966 0.0278347 0.0291602 0.0303781 0.0314936 0.032512 0.0334383 0.0342775 0.0350347 0.0357147 0.036322 0.0368614 0.0373372 0.0377537 0.038115 0.0384251 0.0386877 0.0389064 0.0390848 0.0392261 0.0393334 0.0394098 0.0394581 0.039481 0.039481 0.0394606 0.039422 0.0393675 0.0392989 0.0392183 0.0391274 0.0390279 0.0389213 0.0388093 0.0386931 0.038574 0.0384532 0.0383318 0.0382108 0.0380912 0.0379737 0.0378592 0.0377483 0.0376417 0.0375398 0.0374431 0.037352 0.0372666 0.0371873 0.0371142 0.0370471 0.0369861 0.036931 0.0368815 0.0368372 0.0367976 0.0367623 0.0367303 0.036701 0.0366735 0.0366467 0.0366196 0.036591 0.0365596 0.0365244 0.0364839 0.0364371 0.0363829 0.0363204 0.0362489 0.0361687 
0.0762385 0.0762597 0.0763333 0.0764587 0.0766346 0.0768595 0.0771311 0.0774468 0.0778033 0.0781967 0.0786224 0.0790751 0.0795488 0.0800365 0.0805303 0.0810214 0.0814996 0.0819536 0.0823709 0.0827373 0.0830373 0.0832534 0.0833667 0.0833561 0.0831988 0.08287 0.082343 0.0815893 0.0805785 0.0792791 0.0776585 0.0756835 0.0733213 0.0705401 0.0673105 0.0636063 0.0594066 0.0546969 0.0494709 0.0437322 0.0374957 0.0307885 0.0236508 0.0161359 0.00830863 0.00024423 -0.00797478 -0.0162619 -0.0245304 -0.0326977 -0.0406882 -0.0484368 -0.0558905 -0.0630091 -0.0697653 -0.0761435 -0.0821383 -0.0877526 -0.0929957 -0.0978815 -0.102427 -0.10665 -0.110569 -0.114202 -0.117567 -0.120678 -0.123549 -0.126191 -0.128613 -0.130821 -0.132819 -0.134609 -0.136189 -0.137557 -0.138708 -0.139635 -0.140329 -0.140781 -0.140981 -0.14092 -0.140587 -0.139974 -0.139075 -0.137886 -0.13641 -0.134642 -0.132582 -0.13023 -0.127588 -0.124661 -0.121458 -0.117989 -0.114268 -0.110311 -0.106136 -0.101764 -0.0972168 -0.0925183 -0.0876928 -0.0827656 -0.0777619 -0.0727069 -0.0676253 -0.0625407 -0.057476 -0.0524526 -0.0474905 -0.0426081 -0.0378219 -0.0331468 -0.0285961 -0.0241809 -0.0199108 -0.0157938 -0.011836 -0.00804225 -0.00441581 -0.000958723 0.00232822 0.00544529 0.00839372 0.0111756 0.0137939 0.0162519 0.0185538 0.0207041 0.0227077 0.0245697 0.0262955 0.0278907 0.0293611 0.0307123 0.0319501 0.0330802 0.0341083 0.03504 0.0358809 0.0366362 0.0373111 0.0379108 0.0384401 0.0389038 0.0393064 0.0396523 0.0399456 0.0401905 0.0403906 0.0405496 0.040671 0.0407581 0.0408141 0.0408418 0.0408441 0.0408236 0.0407829 0.0407243 0.04065 0.0405622 0.0404627 0.0403536 0.0402363 0.0401127 0.0399842 0.0398523 0.0397181 0.0395831 0.0394482 0.0393145 0.0391831 0.0390546 0.03893 0.0388099 0.038695 0.0385857 0.0384825 0.0383858 0.0382959 0.0382129 0.038137 0.0380681 0.0380062 0.0379511 0.0379023 0.0378596 0.0378224 0.03779 0.0377616 0.0377363 0.0377131 0.0376907 0.037668 0.0376435 0.0376159 0.0375835 0.037545 0.0374987 0.0374435 0.0373781 0.0373015 0.0372141 
0.0794525 0.0794765 0.0795597 0.0797015 0.0799008 0.0801561 0.0804651 0.0808252 0.0812334 0.0816856 0.0821776 0.082704 0.0832588 0.0838351 0.084425 0.0850195 0.0856084 0.0861803 0.086722 0.0872191 0.0876553 0.0880123 0.08827 0.0884058 0.0883953 0.0882113 0.0878245 0.087203 0.0863128 0.0851179 0.0835805 0.0816619 0.0793227 0.0765244 0.0732303 0.0694069 0.0650261 0.0600667 0.054517 0.0483766 0.0416588 0.0343918 0.0266204 0.0184056 0.00982402 0.00096548 -0.00807022 -0.017178 -0.0262526 -0.0351941 -0.0439125 -0.0523314 -0.0603909 -0.0680478 -0.0752752 -0.0820608 -0.0884046 -0.0943161 -0.0998118 -0.104913 -0.109643 -0.114026 -0.118087 -0.121848 -0.12533 -0.128552 -0.13153 -0.134276 -0.136802 -0.139113 -0.141215 -0.143108 -0.144792 -0.146261 -0.14751 -0.14853 -0.149309 -0.149837 -0.1501 -0.150085 -0.14978 -0.149173 -0.148255 -0.147025 -0.145486 -0.143632 -0.14146 -0.138968 -0.136158 -0.133034 -0.129606 -0.125884 -0.121884 -0.117622 -0.113121 -0.108403 -0.103493 -0.0984181 -0.0932059 -0.0878848 -0.0824834 -0.0770298 -0.0715518 -0.0660757 -0.060627 -0.0552293 -0.0499046 -0.0446729 -0.0395522 -0.0345586 -0.029706 -0.0250063 -0.0204694 -0.0161034 -0.0119145 -0.00790717 -0.00408443 -0.000447806 0.00300246 0.0062673 0.00934866 0.0122494 0.0149732 0.0175242 0.0199075 0.0221282 0.0241921 0.0261051 0.0278733 0.0295031 0.0310008 0.0323728 0.0336255 0.0347652 0.0357981 0.0367303 0.0375679 0.0383165 0.0389818 0.0395693 0.0400841 0.0405315 0.040916 0.0412425 0.0415154 0.0417388 0.0419167 0.0420531 0.0421515 0.0422154 0.042248 0.0422524 0.0422316 0.0421882 0.0421249 0.0420441 0.0419481 0.041839 0.0417189 0.0415898 0.0414532 0.041311 0.0411647 0.0410157 0.0408653 0.0407149 0.0405655 0.0404182 0.040274 0.0401338 0.0399984 0.0398685 0.0397446 0.0396275 0.0395175 0.0394149 0.0393202 0.0392334 0.0391548 0.0390842 0.0390215 0.0389666 0.0389191 0.0388785 0.0388442 0.0388156 0.0387916 0.0387713 0.0387535 0.0387369 0.0387199 0.038701 0.0386785 0.0386505 0.0386153 0.0385709 0.0385158 0.0384484 0.0383674 0.0382729 
0.082607 0.0826339 0.0827272 0.0828865 0.0831105 0.0833979 0.0837465 0.0841539 0.084617 0.0851321 0.0856949 0.0863002 0.0869422 0.0876141 0.088308 0.0890151 0.089725 0.0904262 0.0911055 0.091748 0.0923367 0.0928528 0.0932751 0.0935797 0.0937403 0.0937276 0.0935095 0.0930508 0.0923134 0.0912565 0.0898367 0.0880086 0.0857256 0.0829411 0.0796096 0.0756886 0.0711406 0.0659358 0.0600549 0.0534917 0.0462561 0.0383767 0.0299027 0.020904 0.0114713 0.00171275 -0.00824993 -0.0182877 -0.0282715 -0.0380791 -0.0476022 -0.0567515 -0.065459 -0.0736793 -0.0813878 -0.0885781 -0.0952583 -0.101447 -0.107172 -0.112461 -0.117348 -0.121865 -0.126041 -0.129907 -0.133485 -0.1368 -0.139869 -0.142707 -0.145327 -0.147736 -0.149938 -0.151935 -0.153725 -0.155302 -0.156657 -0.15778 -0.158657 -0.159273 -0.159611 -0.159655 -0.159389 -0.158797 -0.157867 -0.156603 -0.155006 -0.15307 -0.150786 -0.148153 -0.145169 -0.14184 -0.138173 -0.134182 -0.129882 -0.125294 -0.120441 -0.115349 -0.110046 -0.104564 -0.0989332 -0.093186 -0.0873545 -0.0814707 -0.0755654 -0.0696683 -0.0638074 -0.0580091 -0.0522972 -0.0466939 -0.0412184 -0.0358881 -0.0307177 -0.0257197 -0.0209042 -0.0162794 -0.0118514 -0.00762431 -0.00360066 0.000218617 0.00383399 0.00724717 0.0104609 0.0134791 0.0163061 0.0189472 0.0214082 0.0236953 0.025815 0.0277742 0.0295798 0.0312389 0.0327585 0.0341459 0.035408 0.0365518 0.0375841 0.0385115 0.0393405 0.0400773 0.040728 0.0412984 0.0417942 0.0422206 0.0425829 0.0428859 0.0431342 0.0433324 0.0434846 0.0435949 0.043667 0.0437046 0.0437109 0.0436892 0.0436426 0.0435738 0.0434855 0.0433803 0.0432605 0.0431283 0.0429857 0.0428348 0.0426774 0.0425151 0.0423495 0.0421821 0.0420143 0.0418473 0.0416824 0.0415205 0.0413628 0.04121 0.041063 0.0409226 0.0407894 0.0406639 0.0405466 0.040438 0.0403382 0.0402476 0.0401662 0.0400939 0.0400307 0.0399764 0.0399305 0.0398926 0.0398621 0.039838 0.0398195 0.0398054 0.0397943 0.0397848 0.0397751 0.0397635 0.0397479 0.0397261 0.039696 0.0396552 0.0396017 0.0395335 0.0394489 0.0393477 
0.0856948 0.0857246 0.0858287 0.0860062 0.0862563 0.0865775 0.0869679 0.0874251 0.0879463 0.0885279 0.0891658 0.0898551 0.0905903 0.0913645 0.0921703 0.0929988 0.09384 0.0946822 0.0955123 0.096315 0.0970732 0.0977674 0.0983754 0.0988723 0.0992301 0.0994175 0.0993994 0.0991375 0.0985893 0.0977087 0.0964462 0.0947492 0.0925626 0.0898303 0.0864961 0.0825065 0.0778123 0.0723723 0.0661567 0.0591507 0.0513586 0.0428078 0.0335513 0.0236692 0.013269 0.00248182 -0.0085424 -0.0196435 -0.0306608 -0.0414435 -0.0518602 -0.0618054 -0.0712031 -0.0800072 -0.0881984 -0.09578 -0.102772 -0.109207 -0.115123 -0.120563 -0.125569 -0.130183 -0.134442 -0.138381 -0.142029 -0.145412 -0.148552 -0.151467 -0.154169 -0.156666 -0.158964 -0.161064 -0.162962 -0.164651 -0.166121 -0.167359 -0.168346 -0.169065 -0.169495 -0.169614 -0.169401 -0.168836 -0.167902 -0.166613 -0.164969 -0.162957 -0.160566 -0.157791 -0.154631 -0.151088 -0.147171 -0.142894 -0.138275 -0.133336 -0.128104 -0.122608 -0.116882 -0.110959 -0.104875 -0.0986672 -0.0923714 -0.0860234 -0.0796581 -0.0733086 -0.067006 -0.0607792 -0.0546548 -0.0486565 -0.0428054 -0.0371199 -0.0316155 -0.0263052 -0.0211995 -0.0163064 -0.0116317 -0.00717913 -0.00295057 0.00105382 0.00483535 0.00839668 0.0117416 0.0148749 0.0178021 0.0205295 0.0230639 0.0254125 0.0275829 0.0295827 0.0314199 0.0331024 0.0346381 0.0360348 0.0373004 0.0384424 0.0394682 0.040385 0.0411999 0.0419195 0.0425503 0.0430987 0.0435704 0.0439713 0.0443067 0.0445818 0.0448016 0.0449706 0.0450934 0.045174 0.0452165 0.0452245 0.0452015 0.0451509 0.0450758 0.0449791 0.0448635 0.0447316 0.0445858 0.0444285 0.0442616 0.0440872 0.0439072 0.0437233 0.043537 0.04335 0.0431635 0.0429789 0.0427973 0.0426199 0.0424477 0.0422816 0.0421224 0.0419709 0.0418277 0.0416934 0.0415685 0.0414534 0.0413485 0.0412538 0.0411696 0.0410958 0.0410324 0.040979 0.0409352 0.0409007 0.0408746 0.0408561 0.0408441 0.0408374 0.0408346 0.0408339 0.0408334 0.040831 0.0408244 0.040811 0.0407881 0.0407531 0.0407032 0.0406359 0.0405488 0.0404414 
0.0887082 0.0887412 0.0888563 0.089053 0.0893302 0.0896867 0.0901208 0.0906303 0.0912124 0.091864 0.0925812 0.0933593 0.0941931 0.0950762 0.0960014 0.0969601 0.0979425 0.0989373 0.0999312 0.100909 0.101854 0.102746 0.103562 0.104276 0.104858 0.105277 0.105493 0.105465 0.105147 0.104486 0.103427 0.101908 0.0998664 0.0972333 0.0939408 0.0899213 0.0851111 0.0794541 0.0729062 0.0654403 0.0570519 0.0477641 0.0376327 0.0267489 0.01524 0.00326636 -0.00898559 -0.0213143 -0.0335172 -0.0454055 -0.0568179 -0.0676296 -0.077757 -0.0871562 -0.095818 -0.103761 -0.111023 -0.117654 -0.123711 -0.129249 -0.134324 -0.138987 -0.143285 -0.147257 -0.15094 -0.154361 -0.157547 -0.160516 -0.163283 -0.165857 -0.168243 -0.170441 -0.172447 -0.174254 -0.175846 -0.177209 -0.178322 -0.179161 -0.1797 -0.179913 -0.179771 -0.17925 -0.178324 -0.177026 -0.175349 -0.173273 -0.170783 -0.167871 -0.164532 -0.16077 -0.156592 -0.152014 -0.147056 -0.141742 -0.136104 -0.130175 -0.123992 -0.117594 -0.111022 -0.104318 -0.0975216 -0.0906745 -0.0838152 -0.0769808 -0.0702059 -0.0635224 -0.0569593 -0.0505426 -0.0442948 -0.0382355 -0.0323812 -0.0267452 -0.0213381 -0.0161677 -0.0112395 -0.00655661 -0.00212 0.00207104 0.00601886 0.00972722 0.013201 0.0164463 0.0194697 0.0222788 0.0248814 0.0272859 0.0295009 0.0315352 0.0333976 0.035097 0.0366422 0.0380419 0.0393044 0.0404382 0.0414513 0.0423515 0.0431463 0.043843 0.0444484 0.0449693 0.0454119 0.0457823 0.0460862 0.0463291 0.046516 0.0466519 0.0467414 0.0467887 0.0467981 0.0467734 0.0467181 0.0466357 0.0465294 0.0464021 0.0462568 0.046096 0.0459222 0.0457377 0.0455447 0.0453451 0.0451409 0.0449339 0.0447255 0.0445175 0.0443111 0.0441077 0.0439085 0.0437146 0.0435271 0.0433468 0.0431747 0.0430114 0.0428577 0.0427141 0.0425813 0.0424595 0.0423491 0.0422504 0.0421634 0.0420882 0.0420247 0.0419726 0.0419315 0.0419009 0.0418801 0.0418682 0.041864 0.0418663 0.0418733 0.0418833 0.0418941 0.0419032 0.0419081 0.0419057 0.0418928 0.0418662 0.0418224 0.0417582 0.0416705 0.0415579 
0.0916393 0.0916756 0.0918023 0.0920187 0.0923241 0.0927173 0.0931968 0.0937606 0.0944063 0.0951309 0.095931 0.0968024 0.09774 0.0987381 0.0997897 0.100887 0.10202 0.103179 0.104349 0.105518 0.106666 0.107775 0.108821 0.109778 0.110615 0.111297 0.111784 0.112032 0.111988 0.111596 0.110793 0.109509 0.107669 0.105193 0.101997 0.0979987 0.0931147 0.08727 0.0804014 0.0724642 0.0634399 0.0533433 0.0422305 0.0302036 0.0174136 0.0040575 -0.00963012 -0.023392 -0.0369684 -0.0501195 -0.0626447 -0.0743966 -0.0852851 -0.0952742 -0.104373 -0.112624 -0.12009 -0.126845 -0.132968 -0.138533 -0.143609 -0.14826 -0.15254 -0.156497 -0.160169 -0.16359 -0.166788 -0.169783 -0.172592 -0.175224 -0.177684 -0.179972 -0.182084 -0.184009 -0.18573 -0.18723 -0.188482 -0.189459 -0.19013 -0.190459 -0.190412 -0.189955 -0.189057 -0.187774 -0.186084 -0.183961 -0.181386 -0.178345 -0.174832 -0.170849 -0.166403 -0.161511 -0.156196 -0.150486 -0.144415 -0.138023 -0.131351 -0.124444 -0.117349 -0.110112 -0.10278 -0.0953988 -0.0880117 -0.0806602 -0.0733828 -0.0662145 -0.0591873 -0.052329 -0.0456642 -0.0392135 -0.0329942 -0.0270201 -0.0213015 -0.0158462 -0.0106588 -0.00574182 -0.00109521 0.00328285 0.00739592 0.011249 0.0148484 0.0182014 0.0213161 0.0242012 0.0268659 0.0293198 0.0315728 0.0336346 0.0355152 0.0372244 0.038772 0.0401675 0.0414202 0.042539 0.0435328 0.04441 0.0451785 0.0458463 0.0464206 0.0469085 0.0473167 0.0476516 0.0479192 0.0481252 0.048275 0.0483737 0.048426 0.0484365 0.0484094 0.0483486 0.048258 0.0481409 0.0480007 0.0478405 0.047663 0.0474711 0.0472672 0.0470536 0.0468326 0.0466061 0.0463762 0.0461445 0.0459127 0.0456823 0.0454549 0.0452316 0.0450138 0.0448024 0.0445987 0.0444035 0.0442177 0.0440421 0.0438773 0.043724 0.0435828 0.043454 0.043338 0.0432351 0.0431453 0.0430688 0.0430055 0.042955 0.0429172 0.0428913 0.0428767 0.0428725 0.0428774 0.0428901 0.0429089 0.0429316 0.042956 0.0429794 0.0429987 0.0430104 0.0430109 0.042996 0.0429616 0.0429035 0.0428176 0.0427014 
0.0944799 0.0945196 0.0946581 0.0948949 0.0952293 0.0956603 0.0961867 0.0968066 0.0975181 0.0983185 0.0992048 0.100173 0.101219 0.102338 0.103523 0.104766 0.106059 0.107392 0.108752 0.110125 0.111494 0.11284 0.114139 0.115365 0.116486 0.117466 0.118264 0.11883 0.11911 0.119042 0.118554 0.117569 0.115999 0.11375 0.110721 0.106809 0.101909 0.095921 0.0887563 0.0803457 0.0706493 0.0596671 0.0474506 0.0341116 0.0198282 0.00484349 -0.0105438 -0.0259999 -0.0411856 -0.0557901 -0.0695611 -0.0823244 -0.093988 -0.104534 -0.114002 -0.122471 -0.13004 -0.136816 -0.142903 -0.1484 -0.15339 -0.15795 -0.162141 -0.166018 -0.169624 -0.172995 -0.176162 -0.179146 -0.181965 -0.184629 -0.187144 -0.189509 -0.191718 -0.193759 -0.195613 -0.197258 -0.198664 -0.199798 -0.200623 -0.201095 -0.201172 -0.200808 -0.199968 -0.198731 -0.197058 -0.194914 -0.192274 -0.189119 -0.185442 -0.18124 -0.176524 -0.171311 -0.165626 -0.159501 -0.152976 -0.146095 -0.138906 -0.131459 -0.123808 -0.116005 -0.108104 -0.100156 -0.0922094 -0.0843106 -0.0765023 -0.0688233 -0.0613082 -0.0539874 -0.0468872 -0.0400294 -0.033432 -0.027109 -0.0210707 -0.0153244 -0.00987394 -0.00472077 0.0001362 0.00470012 0.00897597 0.0129702 0.0166906 0.020146 0.0233458 0.0263003 0.0290201 0.0315161 0.0337995 0.0358812 0.0377723 0.0394837 0.0410261 0.04241 0.0436455 0.0447423 0.0457099 0.0465573 0.0472932 0.0479259 0.0484632 0.0489126 0.0492811 0.0495754 0.0498019 0.0499665 0.0500749 0.0501323 0.0501436 0.0501136 0.0500466 0.0499466 0.0498176 0.049663 0.0494863 0.0492906 0.0490787 0.0488535 0.0486175 0.0483729 0.0481221 0.0478672 0.0476099 0.0473522 0.0470956 0.0468417 0.046592 0.0463478 0.0461103 0.0458807 0.04566 0.0454491 0.0452489 0.0450604 0.044884 0.0447206 0.0445706 0.0444345 0.0443126 0.0442054 0.0441129 0.0440352 0.0439723 0.0439239 0.0438897 0.0438693 0.0438619 0.0438665 0.0438819 0.0439067 0.0439392 0.043977 0.0440177 0.0440583 0.0440954 0.0441249 0.0441426 0.0441437 0.0441229 0.0440749 0.0439944 0.0438774 
0.0972217 0.0972648 0.0974154 0.097673 0.098037 0.0985067 0.099081 0.0997586 0.100538 0.101416 0.102391 0.10346 0.104619 0.105862 0.107186 0.108582 0.110043 0.11156 0.113121 0.114713 0.116319 0.117921 0.119495 0.121017 0.122452 0.123766 0.124915 0.125847 0.126505 0.126821 0.126716 0.126103 0.124882 0.122943 0.120167 0.116426 0.111587 0.10552 0.0981031 0.0892318 0.078835 0.066888 0.0534293 0.0385761 0.0225359 0.00560984 -0.0118176 -0.0293056 -0.0464008 -0.0626913 -0.077855 -0.0916878 -0.104106 -0.115128 -0.124844 -0.133388 -0.140911 -0.147561 -0.153477 -0.158781 -0.163574 -0.167943 -0.171958 -0.175677 -0.179148 -0.182409 -0.185491 -0.188418 -0.191207 -0.193871 -0.196414 -0.198835 -0.201126 -0.203275 -0.205261 -0.207056 -0.208629 -0.20994 -0.210943 -0.211589 -0.211824 -0.211588 -0.210855 -0.209705 -0.208086 -0.205954 -0.203278 -0.200033 -0.196209 -0.191802 -0.186822 -0.181288 -0.175228 -0.168679 -0.161685 -0.154296 -0.146567 -0.138555 -0.130322 -0.121927 -0.113428 -0.104886 -0.0963527 -0.0878811 -0.0795182 -0.0713065 -0.0632839 -0.0554833 -0.0479328 -0.0406554 -0.0336699 -0.0269903 -0.0206268 -0.014586 -0.00887086 -0.00348169 0.00158397 0.00633074 0.0107652 0.0148954 0.0187307 0.0222817 0.0255595 0.0285758 0.0313427 0.0338727 0.0361782 0.0382715 0.0401649 0.0418704 0.0433997 0.0447643 0.045975 0.0470424 0.0479768 0.0487878 0.0494846 0.050076 0.0505704 0.0509756 0.0512991 0.0515479 0.0517285 0.0518473 0.05191 0.0519221 0.0518888 0.0518147 0.0517045 0.0515623 0.051392 0.0511973 0.0509816 0.050748 0.0504996 0.050239 0.0499689 0.0496916 0.0494094 0.0491244 0.0488384 0.0485533 0.0482707 0.0479922 0.0477192 0.0474531 0.047195 0.0469462 0.0467077 0.0464804 0.0462653 0.0460632 0.0458748 0.0457007 0.0455416 0.0453979 0.0452701 0.0451584 0.0450631 0.0449843 0.044922 0.0448761 0.0448462 0.0448319 0.0448325 0.0448471 0.0448745 0.0449133 0.0449615 0.0450169 0.0450768 0.045138 0.0451966 0.0452484 0.0452881 0.0453101 0.0453083 0.0452758 0.0452056 0.0450919 
0.0998559 0.0999025 0.100065 0.100344 0.100738 0.101247 0.10187 0.102606 0.103454 0.104412 0.105478 0.10665 0.107924 0.109297 0.110764 0.112319 0.113956 0.115665 0.117438 0.119261 0.121119 0.122995 0.124867 0.126709 0.12849 0.130174 0.131716 0.133063 0.134156 0.13492 0.135272 0.135115 0.134335 0.132807 0.130388 0.126923 0.122249 0.116194 0.108593 0.0992967 0.0881868 0.0751987 0.0603441 0.043736 0.0256109 0.0063405 -0.0135746 -0.0335398 -0.0529331 -0.0711931 -0.0879019 -0.102827 -0.115915 -0.127252 -0.137014 -0.145415 -0.152676 -0.159002 -0.164569 -0.169522 -0.173982 -0.178041 -0.181777 -0.185249 -0.188505 -0.191585 -0.194521 -0.197336 -0.20005 -0.202672 -0.205209 -0.207659 -0.210015 -0.212259 -0.214371 -0.216319 -0.218067 -0.219571 -0.220778 -0.221631 -0.222064 -0.222006 -0.221435 -0.220423 -0.218904 -0.216827 -0.214153 -0.210852 -0.206908 -0.202319 -0.197093 -0.19125 -0.184822 -0.17785 -0.170383 -0.16248 -0.1542 -0.145611 -0.13678 -0.127774 -0.11866 -0.109504 -0.100367 -0.091305 -0.0823709 -0.0736115 -0.0650682 -0.0567764 -0.0487661 -0.0410617 -0.0336826 -0.0266429 -0.0199525 -0.0136171 -0.00763889 -0.00201665 0.0032535 0.00817786 0.0127647 0.0170239 0.0209667 0.0246053 0.0279525 0.031022 0.0338273 0.0363825 0.0387013 0.0407975 0.0426846 0.0443758 0.0458838 0.047221 0.0483994 0.0494301 0.0503243 0.0510921 0.0517434 0.0522875 0.0527333 0.0530889 0.0533623 0.0535606 0.0536909 0.0537595 0.0537726 0.0537357 0.0536541 0.0535328 0.0533764 0.053189 0.0529749 0.0527375 0.0524804 0.0522069 0.0519199 0.0516221 0.0513162 0.0510046 0.0506895 0.050373 0.050057 0.0497433 0.0494336 0.0491294 0.0488322 0.0485432 0.0482638 0.0479951 0.0477381 0.0474939 0.0472632 0.047047 0.0468461 0.046661 0.0464924 0.0463409 0.0462068 0.0460906 0.0459925 0.0459127 0.0458513 0.0458081 0.045783 0.0457755 0.045785 0.0458108 0.0458516 0.045906 0.0459722 0.0460478 0.0461301 0.0462156 0.0463001 0.0463789 0.0464462 0.0464955 0.0465191 0.046509 0.0464561 0.0463519 
0.102374 0.102424 0.102599 0.102899 0.103323 0.103872 0.104544 0.105339 0.106257 0.107296 0.108454 0.10973 0.111122 0.112627 0.114241 0.11596 0.117778 0.119687 0.12168 0.123745 0.125869 0.128036 0.130225 0.132413 0.134569 0.136658 0.138636 0.140449 0.142036 0.143319 0.144209 0.1446 0.144366 0.143364 0.141428 0.138373 0.133995 0.128077 0.120398 0.110745 0.0989361 0.0848429 0.068428 0.0497817 0.0291614 0.00702183 -0.0159799 -0.0390232 -0.0612259 -0.0817971 -0.100186 -0.116146 -0.129701 -0.141065 -0.150548 -0.158486 -0.165192 -0.170934 -0.17593 -0.180349 -0.184319 -0.187939 -0.191284 -0.194413 -0.197372 -0.200199 -0.202924 -0.205572 -0.208159 -0.210699 -0.213194 -0.215645 -0.218041 -0.220365 -0.222593 -0.224692 -0.226621 -0.228332 -0.229765 -0.230858 -0.231534 -0.23171 -0.231365 -0.230546 -0.22918 -0.227208 -0.224582 -0.221267 -0.217245 -0.212509 -0.207067 -0.200942 -0.194168 -0.18679 -0.178864 -0.170454 -0.16163 -0.152464 -0.143033 -0.133414 -0.123681 -0.113906 -0.104158 -0.0944994 -0.0849885 -0.0756763 -0.066608 -0.0578218 -0.0493499 -0.0412179 -0.0334459 -0.026048 -0.019034 -0.0124085 -0.00617254 -0.000323595 0.0051439 0.010238 0.0149689 0.0193482 0.0233893 0.0271061 0.0305134 0.0336265 0.0364607 0.0390316 0.0413546 0.0434447 0.0453168 0.0469852 0.0484638 0.0497659 0.0509044 0.0518914 0.0527385 0.0534567 0.0540565 0.0545476 0.0549393 0.0552403 0.0554587 0.0556022 0.0556779 0.0556925 0.0556523 0.055563 0.0554301 0.0552586 0.0550531 0.0548182 0.0545577 0.0542756 0.0539752 0.0536598 0.0533324 0.0529959 0.0526528 0.0523055 0.0519562 0.0516071 0.05126 0.0509167 0.0505789 0.0502482 0.0499259 0.0496134 0.049312 0.0490227 0.0487467 0.0484849 0.0482382 0.0480075 0.0477936 0.0475972 0.0474189 0.0472592 0.0471188 0.0469979 0.046897 0.0468162 0.0467558 0.0467157 0.0466958 0.0466957 0.0467151 0.0467531 0.0468087 0.0468806 0.0469669 0.0470654 0.0471733 0.0472871 0.0474023 0.0475137 0.047615 0.0476987 0.047756 0.047777 0.0477505 0.0476648 
0.104767 0.10482 0.105008 0.105329 0.105783 0.106371 0.107093 0.107947 0.108934 0.110054 0.111305 0.112687 0.114198 0.115837 0.1176 0.119486 0.121489 0.123604 0.125824 0.12814 0.130541 0.133014 0.135539 0.138094 0.140653 0.143181 0.145636 0.147966 0.150107 0.151982 0.153496 0.154536 0.154965 0.154623 0.153319 0.150835 0.146924 0.141311 0.133706 0.123815 0.111363 0.0961286 0.0779893 0.0569786 0.0333524 0.00765302 -0.0192528 -0.046205 -0.0719016 -0.0951807 -0.115313 -0.132086 -0.145704 -0.156608 -0.165324 -0.172353 -0.178124 -0.182972 -0.18715 -0.190837 -0.194162 -0.197217 -0.200069 -0.202769 -0.205358 -0.20787 -0.21033 -0.212763 -0.215184 -0.217604 -0.220028 -0.222453 -0.224869 -0.227258 -0.229592 -0.231838 -0.23395 -0.235875 -0.237553 -0.238911 -0.23987 -0.240339 -0.240277 -0.239707 -0.238549 -0.236733 -0.234207 -0.23093 -0.226878 -0.222042 -0.21643 -0.210064 -0.202981 -0.195231 -0.186877 -0.177988 -0.168641 -0.15892 -0.148907 -0.138689 -0.128349 -0.117966 -0.107616 -0.09737 -0.0872899 -0.0774324 -0.0678464 -0.0585733 -0.0496474 -0.0410958 -0.0329391 -0.025192 -0.0178634 -0.0109574 -0.00447376 0.00159162 0.00724595 0.0124991 0.0173632 0.021852 0.0259806 0.029765 0.033222 0.0363684 0.0392216 0.0417986 0.0441164 0.0461915 0.0480399 0.0496773 0.0511187 0.0523783 0.0534699 0.0544065 0.0552003 0.0558631 0.0564058 0.0568387 0.0571716 0.0574134 0.0575728 0.0576575 0.0576751 0.0576323 0.0575357 0.0573912 0.0572043 0.0569801 0.0567235 0.0564389 0.0561303 0.0558015 0.0554562 0.0550975 0.0547285 0.0543519 0.0539704 0.0535863 0.053202 0.0528193 0.0524403 0.0520667 0.0517002 0.0513423 0.0509944 0.0506579 0.0503339 0.0500236 0.0497281 0.0494483 0.0491853 0.0489398 0.0487126 0.0485045 0.0483162 0.0481483 0.0480013 0.0478756 0.0477718 0.0476902 0.0476309 0.047594 0.0475797 0.0475876 0.0476175 0.0476688 0.0477405 0.0478315 0.0479401 0.0480643 0.0482011 0.0483472 0.048498 0.0486481 0.0487906 0.0489172 0.0490179 0.049081 0.0490929 0.0490379 
0.107026 0.107083 0.107282 0.107624 0.108109 0.108736 0.109506 0.110419 0.111475 0.112675 0.114019 0.115506 0.117136 0.118909 0.120823 0.122876 0.125067 0.127391 0.129843 0.132418 0.135105 0.137894 0.14077 0.143713 0.146699 0.149697 0.152669 0.155563 0.158319 0.160859 0.163087 0.164884 0.166105 0.166573 0.166075 0.164357 0.161124 0.156036 0.148719 0.138774 0.125802 0.109443 0.089437 0.0657023 0.0384427 0.0082716 -0.0236741 -0.0557138 -0.0858344 -0.11224 -0.133983 -0.151037 -0.163987 -0.17367 -0.180932 -0.186488 -0.190886 -0.194515 -0.197638 -0.200425 -0.202984 -0.205386 -0.207679 -0.209899 -0.212077 -0.214238 -0.216405 -0.218598 -0.22083 -0.223112 -0.225448 -0.227833 -0.230256 -0.232698 -0.235131 -0.237518 -0.239811 -0.241954 -0.243883 -0.245522 -0.246789 -0.247591 -0.247859 -0.247582 -0.246675 -0.245064 -0.242689 -0.239502 -0.235473 -0.230591 -0.224861 -0.218307 -0.210966 -0.202895 -0.194159 -0.184835 -0.175009 -0.16477 -0.154213 -0.14343 -0.132513 -0.121551 -0.110627 -0.0998178 -0.0891919 -0.0788109 -0.0687278 -0.0589874 -0.049626 -0.0406726 -0.0321485 -0.0240686 -0.0164415 -0.0092705 -0.0025541 0.00371319 0.0095403 0.014939 0.0199232 0.0245087 0.0287127 0.0325531 0.0360484 0.0392177 0.0420797 0.0446532 0.0469567 0.0490081 0.0508248 0.0524237 0.0538206 0.0550311 0.0560696 0.0569499 0.0576851 0.0582874 0.0587684 0.0591388 0.0594089 0.0595879 0.0596848 0.0597078 0.0596643 0.0595617 0.0594063 0.0592044 0.0589615 0.058683 0.0583736 0.0580377 0.0576797 0.0573032 0.0569119 0.0565089 0.0560973 0.0556799 0.0552594 0.0548379 0.0544178 0.0540012 0.0535898 0.0531855 0.0527899 0.0524044 0.0520306 0.0516696 0.0513228 0.0509913 0.050676 0.0503781 0.0500985 0.0498379 0.0495974 0.0493775 0.049179 0.0490026 0.048849 0.0487185 0.0486118 0.0485292 0.0484711 0.0484377 0.0484292 0.0484455 0.0484865 0.0485519 0.0486408 0.0487525 0.0488854 0.0490376 0.0492067 0.0493892 0.0495808 0.0497759 0.0499674 0.0501464 0.0503018 0.0504203 0.0504854 0.0504777 
0.109143 0.109203 0.109414 0.109777 0.11029 0.110955 0.111773 0.112744 0.113868 0.115147 0.116582 0.118172 0.119921 0.121826 0.12389 0.126111 0.12849 0.131024 0.133711 0.136547 0.139526 0.142639 0.145877 0.149223 0.152657 0.156152 0.159674 0.163178 0.166606 0.169882 0.172914 0.17558 0.177729 0.179173 0.179676 0.178953 0.176657 0.172377 0.165639 0.155914 0.14264 0.125264 0.10331 0.0764883 0.0448504 0.00901413 -0.0295673 -0.0684125 -0.104243 -0.134103 -0.156886 -0.173142 -0.18422 -0.191602 -0.196556 -0.200021 -0.202632 -0.204781 -0.206698 -0.208503 -0.210258 -0.211994 -0.213727 -0.215474 -0.21725 -0.219071 -0.220954 -0.222914 -0.224965 -0.227113 -0.229361 -0.231706 -0.234135 -0.236627 -0.239154 -0.241675 -0.244143 -0.246499 -0.248674 -0.250592 -0.252166 -0.253307 -0.253923 -0.253962 -0.253335 -0.251964 -0.249778 -0.246724 -0.242766 -0.237888 -0.232094 -0.225406 -0.217865 -0.209529 -0.200469 -0.190768 -0.180519 -0.169819 -0.158769 -0.147473 -0.136029 -0.124535 -0.113081 -0.10175 -0.0906178 -0.0797502 -0.0692046 -0.059029 -0.0492625 -0.0399354 -0.0310704 -0.0226824 -0.0147798 -0.00736534 -0.000436372 0.00601397 0.0119962 0.0175239 0.0226129 0.0272809 0.0315469 0.0354308 0.038953 0.0421343 0.0449951 0.047556 0.0498367 0.0518566 0.0536344 0.0551879 0.0565344 0.0576901 0.0586704 0.0594898 0.0601621 0.0607001 0.0611159 0.0614207 0.0616251 0.0617389 0.0617711 0.0617301 0.0616239 0.0614597 0.0612443 0.0609837 0.0606838 0.0603499 0.0599868 0.0595992 0.0591911 0.0587663 0.0583285 0.057881 0.0574266 0.0569682 0.0565083 0.0560493 0.0555935 0.0551427 0.0546989 0.0542639 0.0538391 0.0534261 0.0530263 0.052641 0.0522714 0.0519186 0.0515836 0.0512675 0.0509713 0.0506957 0.0504416 0.0502099 0.0500013 0.0498164 0.049656 0.0495206 0.0494109 0.0493274 0.0492705 0.0492406 0.0492381 0.0492631 0.0493157 0.0493957 0.0495028 0.0496363 0.0497951 0.0499777 0.050182 0.0504048 0.0506422 0.0508887 0.0511374 0.051379 0.0516018 0.0517909 0.0519278 0.0519883 
0.111108 0.111172 0.111395 0.111777 0.112319 0.113021 0.113885 0.114911 0.116101 0.117457 0.11898 0.120673 0.122536 0.124572 0.126782 0.129169 0.131733 0.134476 0.137397 0.140494 0.143767 0.147209 0.150815 0.154573 0.158469 0.162482 0.166584 0.170735 0.174885 0.178965 0.182886 0.186531 0.189749 0.192343 0.194064 0.194597 0.193546 0.190425 0.184649 0.175534 0.162311 0.144166 0.120307 0.0900981 0.0532646 0.0102574 -0.0371917 -0.0854168 -0.128792 -0.162052 -0.184412 -0.197947 -0.205403 -0.209161 -0.210937 -0.211811 -0.212392 -0.212985 -0.213713 -0.214602 -0.215637 -0.216793 -0.218049 -0.219396 -0.220833 -0.222369 -0.224014 -0.225781 -0.22768 -0.229719 -0.231898 -0.234214 -0.236653 -0.239195 -0.24181 -0.244458 -0.247087 -0.249639 -0.252041 -0.254215 -0.256072 -0.257519 -0.258461 -0.258809 -0.258466 -0.257343 -0.255363 -0.252466 -0.248609 -0.243771 -0.237954 -0.23118 -0.223491 -0.214947 -0.205624 -0.195609 -0.185001 -0.173905 -0.162429 -0.150684 -0.138778 -0.126813 -0.114888 -0.103093 -0.0915079 -0.0802044 -0.0692439 -0.0586776 -0.0485473 -0.038885 -0.0297143 -0.0210507 -0.0129026 -0.0052721 0.00184435 0.00845484 0.0145714 0.0202091 0.0253855 0.0301203 0.0344341 0.0383487 0.0418862 0.0450691 0.0479195 0.0504592 0.0527095 0.0546912 0.0564241 0.0579271 0.0592184 0.0603151 0.0612335 0.0619889 0.0625955 0.0630668 0.0634154 0.0636529 0.0637902 0.0638374 0.0638039 0.0636984 0.0635288 0.0633026 0.0630267 0.0627074 0.0623504 0.0619612 0.0615446 0.0611053 0.0606474 0.0601747 0.0596908 0.059199 0.0587022 0.0582032 0.0577045 0.0572085 0.0567173 0.0562329 0.0557571 0.0552917 0.0548382 0.0543981 0.0539728 0.0535634 0.0531713 0.0527976 0.0524432 0.0521092 0.0517965 0.0515061 0.0512387 0.0509952 0.0507764 0.0505831 0.050416 0.0502757 0.050163 0.0500785 0.0500228 0.0499965 0.05 0.0500337 0.050098 0.0501931 0.0503188 0.050475 0.050661 0.0508757 0.0511176 0.0513841 0.0516718 0.0519759 0.0522898 0.0526045 0.0529083 0.0531853 0.0534153 0.05357 
0.112915 0.112982 0.113216 0.113617 0.114185 0.114923 0.115831 0.11691 0.118164 0.119594 0.121202 0.122992 0.124966 0.127128 0.129481 0.132029 0.134774 0.13772 0.14087 0.144226 0.147789 0.151559 0.155534 0.159709 0.164075 0.168618 0.173318 0.178146 0.183058 0.187999 0.192886 0.197614 0.202036 0.205958 0.209125 0.2112 0.211746 0.210206 0.205879 0.197904 0.185263 0.166803 0.141302 0.107595 0.0648261 0.0129377 -0.0463661 -0.107924 -0.161689 -0.197213 -0.216084 -0.223939 -0.225667 -0.224574 -0.222619 -0.220773 -0.219423 -0.21866 -0.218431 -0.218627 -0.219141 -0.219885 -0.220804 -0.221866 -0.223061 -0.22439 -0.225862 -0.227487 -0.229276 -0.231235 -0.233366 -0.235665 -0.238119 -0.240708 -0.2434 -0.246155 -0.248922 -0.251639 -0.254233 -0.256623 -0.258716 -0.260418 -0.261625 -0.26224 -0.26215 -0.261255 -0.25947 -0.256726 -0.252974 -0.24819 -0.242372 -0.235544 -0.227747 -0.219043 -0.209511 -0.199244 -0.188344 -0.176922 -0.165093 -0.152974 -0.140678 -0.128316 -0.115991 -0.1038 -0.0918279 -0.080151 -0.0688343 -0.0579324 -0.0474891 -0.0375385 -0.0281053 -0.0192057 -0.0108479 -0.0030338 0.00424085 0.0109852 0.0172124 0.0229391 0.0281845 0.0329694 0.0373165 0.0412491 0.0447908 0.0479655 0.0507969 0.0533082 0.0555221 0.0574603 0.0591437 0.0605925 0.0618256 0.062861 0.0637157 0.0644055 0.0649454 0.0653494 0.0656304 0.0658004 0.0658708 0.0658518 0.0657531 0.0655836 0.0653514 0.0650642 0.0647288 0.0643517 0.0639387 0.0634953 0.0630264 0.0625366 0.0620301 0.0615107 0.0609819 0.0604471 0.059909 0.0593706 0.0588342 0.0583022 0.0577767 0.0572597 0.056753 0.0562582 0.0557769 0.0553105 0.0548604 0.0544279 0.054014 0.0536199 0.0532467 0.0528953 0.0525667 0.0522618 0.0519814 0.0517265 0.0514979 0.0512963 0.0511225 0.0509774 0.0508617 0.0507762 0.0507216 0.0506987 0.0507081 0.0507504 0.0508264 0.0509365 0.051081 0.0512602 0.051474 0.051722 0.0520032 0.052316 0.0526578 0.0530247 0.0534113 0.0538093 0.0542075 0.0545906 0.0549374 0.0552166 
0.114556 0.114625 0.114869 0.115288 0.115882 0.116652 0.117602 0.118732 0.120045 0.121544 0.123233 0.125116 0.127196 0.129478 0.131967 0.134668 0.137587 0.14073 0.144102 0.147708 0.151554 0.155645 0.159983 0.16457 0.169404 0.17448 0.179787 0.185307 0.19101 0.196852 0.202768 0.208666 0.214415 0.219835 0.224674 0.228591 0.231123 0.231651 0.229364 0.223216 0.211903 0.193861 0.167312 0.130389 0.0813809 0.0192255 -0.055332 -0.136294 -0.205881 -0.239829 -0.249706 -0.248292 -0.242588 -0.236131 -0.230611 -0.226476 -0.223674 -0.221992 -0.221173 -0.220971 -0.221192 -0.221702 -0.22242 -0.223306 -0.224344 -0.225535 -0.226889 -0.228416 -0.230127 -0.23203 -0.234127 -0.236415 -0.23888 -0.241502 -0.24425 -0.247084 -0.249953 -0.252791 -0.255528 -0.258077 -0.260347 -0.262236 -0.263638 -0.264446 -0.264551 -0.263836 -0.262207 -0.259586 -0.255919 -0.251178 -0.245363 -0.238494 -0.230614 -0.221788 -0.212096 -0.201633 -0.190505 -0.178827 -0.16672 -0.154303 -0.141697 -0.129017 -0.116372 -0.103861 -0.0915766 -0.0795969 -0.0679909 -0.0568157 -0.0461176 -0.0359323 -0.0262856 -0.0171943 -0.00866716 -0.00070561 0.00669498 0.0135445 0.0198572 0.0256508 0.0309456 0.0357641 0.0401302 0.0440684 0.0476039 0.0507619 0.0535672 0.0560444 0.0582172 0.0601084 0.0617399 0.0631326 0.0643064 0.06528 0.0660709 0.0666956 0.0671697 0.0675075 0.0677222 0.0678265 0.0678317 0.0677485 0.0675868 0.0673554 0.0670629 0.0667169 0.0663244 0.0658918 0.0654252 0.06493 0.064411 0.063873 0.0633201 0.0627561 0.0621846 0.0616087 0.0610314 0.0604554 0.0598832 0.059317 0.058759 0.058211 0.0576749 0.0571522 0.0566445 0.0561532 0.0556797 0.055225 0.0547905 0.0543771 0.053986 0.0536181 0.0532743 0.0529556 0.0526629 0.0523971 0.0521589 0.0519494 0.0517693 0.0516195 0.0515008 0.0514143 0.0513607 0.0513409 0.0513559 0.0514066 0.0514939 0.0516186 0.0517816 0.0519836 0.0522252 0.0525067 0.0528279 0.0531884 0.0535868 0.0540206 0.0544857 0.0549758 0.0554812 0.0559881 0.0564765 0.0569132 
0.116022 0.116094 0.116348 0.116782 0.1174 0.118201 0.119189 0.120366 0.121735 0.123299 0.125063 0.127031 0.12921 0.131604 0.13422 0.137066 0.140149 0.143477 0.147059 0.150904 0.155021 0.159419 0.164107 0.169094 0.174385 0.179986 0.185895 0.192108 0.19861 0.205374 0.212357 0.219489 0.226663 0.233724 0.240444 0.246495 0.251412 0.254542 0.254983 0.25151 0.24251 0.225946 0.199381 0.160153 0.105684 0.0337098 -0.0576989 -0.166124 -0.266047 -0.287865 -0.280702 -0.267593 -0.254456 -0.243328 -0.235182 -0.229574 -0.225923 -0.223757 -0.222658 -0.222278 -0.222363 -0.222752 -0.223356 -0.224132 -0.225068 -0.226167 -0.227438 -0.228895 -0.230549 -0.232408 -0.234474 -0.236745 -0.239207 -0.241842 -0.244617 -0.247492 -0.250416 -0.253324 -0.256143 -0.258788 -0.261163 -0.263165 -0.264686 -0.265613 -0.265833 -0.265232 -0.263702 -0.261157 -0.257538 -0.252817 -0.246993 -0.240086 -0.23214 -0.223221 -0.213408 -0.2028 -0.191505 -0.17964 -0.167328 -0.154692 -0.141857 -0.128941 -0.116057 -0.103309 -0.0907894 -0.078582 -0.0667576 -0.0553758 -0.0444848 -0.0341219 -0.0243138 -0.0150782 -0.00642411 0.00164692 0.00913982 0.016065 0.0224374 0.0282755 0.0336008 0.0384367 0.0428082 0.0467409 0.0502612 0.0533953 0.0561692 0.0586083 0.0607373 0.0625798 0.0641587 0.0654956 0.066611 0.0675242 0.0682534 0.0688156 0.0692265 0.0695011 0.069653 0.0696948 0.0696385 0.0694947 0.0692736 0.0689842 0.0686351 0.0682339 0.0677879 0.0673036 0.0667868 0.0662432 0.0656776 0.0650947 0.0644986 0.0638932 0.0632819 0.0626679 0.0620542 0.0614433 0.0608379 0.06024 0.0596518 0.0590751 0.0585117 0.0579632 0.057431 0.0569166 0.0564213 0.0559462 0.0554925 0.0550612 0.0546534 0.0542702 0.0539123 0.0535808 0.0532765 0.0530005 0.0527535 0.0525365 0.0523504 0.0521961 0.0520746 0.051987 0.0519342 0.0519174 0.0519376 0.0519961 0.052094 0.0522327 0.0524134 0.0526373 0.0529059 0.0532201 0.0535811 0.0539894 0.0544452 0.0549478 0.0554952 0.0560837 0.0567066 0.057353 0.0580061 0.058634 
0.117307 0.117382 0.117644 0.118094 0.118732 0.119562 0.120585 0.121804 0.123223 0.124846 0.126678 0.128725 0.130994 0.133491 0.136224 0.139203 0.142436 0.145936 0.149712 0.153779 0.158148 0.162834 0.167853 0.173218 0.178945 0.185048 0.191538 0.198426 0.205714 0.213396 0.221454 0.229848 0.238505 0.247309 0.256074 0.264513 0.272193 0.278465 0.28238 0.282567 0.277107 0.263426 0.23833 0.198412 0.141017 0.0643727 -0.0360207 -0.170919 -0.352767 -0.334886 -0.303199 -0.280142 -0.261867 -0.247306 -0.237599 -0.231203 -0.227109 -0.224712 -0.223496 -0.22304 -0.223056 -0.223371 -0.223897 -0.224598 -0.225462 -0.226494 -0.227706 -0.229111 -0.23072 -0.23254 -0.234575 -0.23682 -0.239263 -0.241884 -0.244653 -0.247529 -0.25046 -0.253383 -0.256223 -0.258894 -0.261301 -0.26334 -0.264901 -0.26587 -0.266131 -0.265571 -0.26408 -0.261559 -0.257949 -0.25322 -0.247371 -0.240426 -0.232427 -0.223439 -0.213544 -0.202839 -0.191434 -0.179446 -0.167001 -0.154223 -0.141237 -0.128166 -0.115124 -0.102217 -0.089541 -0.0771804 -0.0652086 -0.0536869 -0.042665 -0.0321815 -0.0222641 -0.0129313 -0.0041925 0.00395052 0.0115027 0.0184748 0.024882 0.0307436 0.0360816 0.0409202 0.0452851 0.049203 0.0527009 0.0558058 0.0585447 0.0609437 0.0630281 0.0648225 0.0663502 0.0676335 0.0686933 0.0695497 0.070221 0.0707249 0.0710773 0.0712935 0.0713875 0.0713721 0.0712593 0.0710602 0.0707848 0.0704425 0.0700419 0.0695907 0.0690961 0.0685647 0.0680026 0.0674151 0.0668073 0.0661837 0.0655486 0.0649057 0.0642585 0.0636101 0.0629635 0.0623212 0.0616858 0.0610593 0.0604439 0.0598413 0.0592533 0.0586815 0.0581273 0.0575921 0.0570771 0.0565835 0.0561125 0.0556651 0.0552423 0.0548451 0.0544745 0.0541314 0.0538167 0.0535313 0.0532763 0.0530524 0.0528608 0.0527024 0.0525783 0.0524896 0.0524375 0.0524233 0.0524482 0.0525137 0.0526214 0.0527729 0.0529699 0.0532144 0.0535083 0.0538537 0.0542526 0.0547072 0.0552192 0.0557901 0.0564208 0.0571107 0.0578572 0.0586544 0.0594912 0.0603403 
0.118406 0.118483 0.118752 0.119215 0.119873 0.120727 0.121781 0.123037 0.124501 0.126176 0.128069 0.130186 0.132535 0.135123 0.137961 0.141059 0.144427 0.148081 0.152033 0.156299 0.160898 0.165847 0.171167 0.176879 0.183008 0.189578 0.196612 0.204136 0.212172 0.220736 0.22984 0.239477 0.249621 0.260206 0.271108 0.282111 0.292855 0.302754 0.310882 0.315798 0.315312 0.306253 0.284452 0.245711 0.189036 0.118643 0.0394201 -0.0429817 -0.459611 -0.367219 -0.312411 -0.285634 -0.265934 -0.248508 -0.238356 -0.231859 -0.227654 -0.22517 -0.223899 -0.223397 -0.223364 -0.22363 -0.224108 -0.224764 -0.225587 -0.226583 -0.22776 -0.229133 -0.230709 -0.232498 -0.2345 -0.236712 -0.239121 -0.241707 -0.24444 -0.24728 -0.250175 -0.253061 -0.255865 -0.2585 -0.260873 -0.262879 -0.264407 -0.265344 -0.265575 -0.264988 -0.263478 -0.26094 -0.257304 -0.252546 -0.246664 -0.239683 -0.231645 -0.222613 -0.21267 -0.201912 -0.190449 -0.1784 -0.165887 -0.153036 -0.139974 -0.126822 -0.113696 -0.100705 -0.0879445 -0.0755004 -0.0634472 -0.0518477 -0.0407528 -0.0302018 -0.0202237 -0.0108373 -0.00205286 0.00612765 0.013709 0.0207018 0.0271218 0.0329882 0.0383235 0.0431525 0.0475013 0.0513971 0.0548676 0.0579404 0.0606428 0.0630017 0.065043 0.0667916 0.0682715 0.0695052 0.0705143 0.071319 0.0719383 0.0723897 0.0726899 0.0728542 0.0728967 0.0728306 0.072668 0.07242 0.0720968 0.071708 0.071262 0.0707668 0.0702297 0.0696571 0.0690551 0.0684293 0.0677845 0.0671254 0.0664562 0.0657805 0.0651019 0.0644235 0.0637482 0.0630785 0.0624168 0.0617654 0.0611262 0.0605011 0.0598917 0.0592995 0.0587261 0.0581727 0.0576405 0.0571308 0.0566447 0.0561832 0.0557473 0.055338 0.0549562 0.0546029 0.054279 0.0539855 0.0537233 0.0534934 0.0532969 0.0531348 0.0530084 0.0529187 0.0528671 0.052855 0.052884 0.0529558 0.0530721 0.0532349 0.0534466 0.0537096 0.0540264 0.0544002 0.0548341 0.0553317 0.0558966 0.0565327 0.0572439 0.0580336 0.0589044 0.059857 0.0608888 0.0619809 
0.119312 0.119391 0.119667 0.120141 0.120814 0.12169 0.12277 0.124059 0.125561 0.127281 0.129226 0.131404 0.133821 0.136489 0.139416 0.142616 0.146103 0.149889 0.153994 0.158435 0.163234 0.168413 0.173999 0.180019 0.186505 0.193491 0.201014 0.209114 0.217831 0.227207 0.237283 0.248093 0.259657 0.271975 0.285001 0.298618 0.312583 0.326447 0.339408 0.350086 0.356153 0.353825 0.337493 0.301139 0.246075 0.185431 0.12863 -0.0193103 -0.199428 -0.239078 -0.243879 -0.243057 -0.241571 -0.243257 -0.23657 -0.231214 -0.227323 -0.224933 -0.223693 -0.223206 -0.223184 -0.22346 -0.223948 -0.224612 -0.225441 -0.226439 -0.227614 -0.228977 -0.230539 -0.232305 -0.234277 -0.236451 -0.238815 -0.241348 -0.244022 -0.246795 -0.249617 -0.252426 -0.255147 -0.257697 -0.259981 -0.261897 -0.263335 -0.264184 -0.26433 -0.263665 -0.262091 -0.25951 -0.255832 -0.251035 -0.24512 -0.238109 -0.230045 -0.220993 -0.211032 -0.20026 -0.188784 -0.176725 -0.164201 -0.151337 -0.138259 -0.12509 -0.111945 -0.0989324 -0.086149 -0.0736806 -0.0616025 -0.0499783 -0.0388596 -0.0282866 -0.0182888 -0.00888598 -8.87055e-05 0.00810041 0.0156859 0.0226782 0.0290929 0.0349494 0.0402704 0.0450808 0.0494069 0.0532763 0.056717 0.0597569 0.0624239 0.0647449 0.0667463 0.0684535 0.0698906 0.0710806 0.0720453 0.0728051 0.0733793 0.0737858 0.0740412 0.0741611 0.0741598 0.0740506 0.0738457 0.0735563 0.0731928 0.0727646 0.0722805 0.0717482 0.0711752 0.0705679 0.0699325 0.0692743 0.0685985 0.0679096 0.0672116 0.0665085 0.0658035 0.0650999 0.0644004 0.0637077 0.0630241 0.0623518 0.0616926 0.0610485 0.0604211 0.0598119 0.0592223 0.0586536 0.0581071 0.0575839 0.0570851 0.0566117 0.0561648 0.0557452 0.055354 0.0549921 0.0546605 0.0543601 0.0540919 0.0538569 0.0536563 0.0534911 0.0533625 0.0532719 0.0532208 0.0532105 0.0532429 0.0533199 0.0534435 0.0536161 0.0538403 0.0541191 0.0544559 0.0548544 0.0553191 0.0558548 0.0564671 0.0571623 0.0579475 0.0588306 0.0598198 0.0609238 0.0621506 0.0634933 
0.120021 0.120102 0.120383 0.120866 0.121553 0.122446 0.123548 0.124863 0.126396 0.128153 0.130141 0.132368 0.134842 0.137574 0.140576 0.143861 0.147444 0.151342 0.155573 0.160159 0.165124 0.170496 0.176303 0.182582 0.189369 0.196708 0.204647 0.213239 0.222544 0.232626 0.243555 0.255404 0.268245 0.282144 0.297146 0.313251 0.330375 0.348269 0.366384 0.383605 0.397769 0.40477 0.397222 0.364786 0.308766 0.2553 0.155401 0.0365402 -0.0797125 -0.145784 -0.180969 -0.201143 -0.214034 -0.223973 -0.232847 -0.229279 -0.225708 -0.223585 -0.222599 -0.222322 -0.222463 -0.222865 -0.22345 -0.224188 -0.225073 -0.22611 -0.227309 -0.228683 -0.230242 -0.231993 -0.233937 -0.236071 -0.238382 -0.240853 -0.243452 -0.24614 -0.248868 -0.251573 -0.254184 -0.256618 -0.258781 -0.260573 -0.261887 -0.262615 -0.262645 -0.261876 -0.260212 -0.257579 -0.253859 -0.24903 -0.243092 -0.236068 -0.228 -0.21895 -0.208999 -0.19824 -0.186782 -0.17474 -0.162237 -0.149395 -0.136341 -0.123198 -0.110079 -0.0970926 -0.0843328 -0.0718846 -0.0598236 -0.0482142 -0.0371087 -0.0265475 -0.0165606 -0.00716847 0.00161762 0.00979453 0.0173663 0.0243433 0.0307407 0.0365779 0.0418774 0.0466642 0.0509648 0.0548067 0.0582181 0.0612271 0.0638617 0.0661492 0.068116 0.0697877 0.0711886 0.072342 0.0732698 0.0739927 0.0745299 0.0748996 0.0751186 0.0752026 0.0751658 0.0750218 0.0747829 0.0744602 0.0740642 0.0736045 0.0730896 0.0725277 0.0719258 0.0712908 0.0706285 0.0699445 0.0692438 0.068531 0.0678101 0.0670849 0.0663589 0.0656351 0.0649163 0.0642052 0.063504 0.0628149 0.0621399 0.0614806 0.0608388 0.060216 0.0596135 0.0590326 0.0584746 0.0579406 0.0574316 0.0569487 0.056493 0.0560652 0.0556665 0.0552978 0.0549599 0.054654 0.054381 0.0541419 0.0539379 0.0537702 0.0536399 0.0535486 0.0534977 0.0534889 0.053524 0.0536052 0.0537346 0.0539151 0.0541494 0.0544412 0.0547943 0.0552133 0.0557035 0.056271 0.0569233 0.0576689 0.0585179 0.0594826 0.0605771 0.0618184 0.0632264 0.0648086 
0.12053 0.120611 0.120897 0.121387 0.122084 0.12299 0.124108 0.125444 0.127001 0.128786 0.130807 0.133072 0.135589 0.138371 0.14143 0.14478 0.148438 0.15242 0.156749 0.161447 0.166541 0.172062 0.178042 0.184522 0.191544 0.19916 0.207426 0.216408 0.22618 0.236827 0.248443 0.261138 0.275029 0.290246 0.30692 0.325175 0.345098 0.366685 0.389734 0.413618 0.436826 0.455914 0.463123 0.442194 0.384557 0.308702 0.201134 0.0897842 -0.0101766 -0.0833742 -0.133069 -0.166511 -0.189447 -0.205754 -0.217666 -0.226565 -0.222556 -0.221078 -0.220716 -0.220892 -0.221353 -0.221983 -0.222735 -0.223596 -0.22457 -0.225671 -0.226914 -0.228312 -0.229878 -0.231621 -0.233542 -0.23564 -0.237903 -0.240311 -0.242836 -0.245439 -0.248071 -0.250671 -0.253168 -0.255481 -0.257518 -0.259182 -0.260368 -0.26097 -0.260882 -0.260006 -0.258253 -0.255553 -0.251795 -0.24694 -0.240991 -0.233967 -0.22591 -0.21688 -0.206955 -0.19623 -0.18481 -0.17281 -0.16035 -0.147555 -0.134547 -0.121448 -0.108373 -0.095426 -0.0827048 -0.0702947 -0.058272 -0.0466998 -0.0356288 -0.0250987 -0.0151398 -0.00577333 0.00298871 0.0111426 0.018692 0.0256466 0.0320216 0.0378361 0.0431125 0.0478755 0.0521517 0.0559686 0.0593543 0.062337 0.0649446 0.0672046 0.0691436 0.0707871 0.0721596 0.0732845 0.0741838 0.0748782 0.0753872 0.0757289 0.0759202 0.0759769 0.0759134 0.0757431 0.0754784 0.0751306 0.0747102 0.0742267 0.0736888 0.0731045 0.072481 0.0718251 0.0711427 0.0704393 0.06972 0.0689892 0.0682511 0.0675094 0.0667676 0.0660286 0.0652954 0.0645705 0.0638561 0.0631545 0.0624675 0.0617969 0.0611444 0.0605113 0.0598992 0.0593092 0.0587426 0.0582005 0.057684 0.057194 0.0567317 0.0562979 0.0558935 0.0555197 0.0551772 0.0548672 0.0545905 0.0543484 0.0541419 0.0539723 0.0538408 0.0537489 0.0536982 0.0536905 0.0537276 0.0538119 0.0539457 0.054132 0.0543741 0.0546756 0.0550411 0.0554756 0.0559853 0.0565774 0.0572606 0.0580455 0.0589449 0.0599746 0.0611543 0.0625087 0.064069 0.0658577 
0.120835 0.120917 0.121205 0.1217 0.122404 0.123319 0.124449 0.125798 0.127371 0.129176 0.131219 0.133509 0.136056 0.138872 0.14197 0.145364 0.149071 0.153112 0.157507 0.162281 0.167463 0.173085 0.179184 0.185801 0.192985 0.200791 0.209282 0.218534 0.22863 0.23967 0.251769 0.26506 0.279699 0.295862 0.313754 0.333597 0.355629 0.380069 0.40706 0.436527 0.467905 0.499639 0.528661 0.552645 0.591512 0.39382 0.250649 0.131641 0.0325974 -0.0444661 -0.10142 -0.142384 -0.171487 -0.191929 -0.205498 -0.211542 -0.216343 -0.217753 -0.218575 -0.21937 -0.22021 -0.221094 -0.222023 -0.223012 -0.224079 -0.225245 -0.22653 -0.227955 -0.229532 -0.231271 -0.233177 -0.235248 -0.237472 -0.239831 -0.242297 -0.244832 -0.247386 -0.249901 -0.252307 -0.254522 -0.256458 -0.258018 -0.259101 -0.259603 -0.259421 -0.25846 -0.256634 -0.253873 -0.250077 -0.245205 -0.239252 -0.232237 -0.224198 -0.215193 -0.2053 -0.194612 -0.183233 -0.171277 -0.158863 -0.146115 -0.133154 -0.120102 -0.107071 -0.0941665 -0.0814857 -0.0691143 -0.0571277 -0.045589 -0.0345496 -0.0240502 -0.0141214 -0.00478194 0.00395547 0.0120867 0.0196145 0.0265486 0.0329036 0.0386986 0.0439557 0.0486996 0.0529566 0.0567543 0.0601207 0.063084 0.0656721 0.0679124 0.0698316 0.0714553 0.072808 0.0739131 0.0747926 0.0754674 0.0759569 0.0762794 0.0764518 0.0764898 0.076408 0.0762198 0.0759376 0.0755727 0.0751357 0.074636 0.0740824 0.0734829 0.0728448 0.0721746 0.0714786 0.070762 0.07003 0.069287 0.0685373 0.0677844 0.0670318 0.0662827 0.0655397 0.0648054 0.0640822 0.0633721 0.0626771 0.0619989 0.0613391 0.0606992 0.0600806 0.0594845 0.0589122 0.0583647 0.0578431 0.0573485 0.0568817 0.0564439 0.0560359 0.0556586 0.0553131 0.0550004 0.0547214 0.0544773 0.0542691 0.0540983 0.053966 0.0538737 0.0538232 0.0538162 0.0538547 0.053941 0.0540777 0.0542679 0.054515 0.054823 0.0551966 0.0556415 0.0561642 0.0567727 0.0574767 0.0582882 0.0592219 0.0602963 0.0615352 0.0629692 0.0646385 0.0665782 
0.120934 0.121017 0.121306 0.121804 0.122511 0.123431 0.124566 0.125922 0.127504 0.129318 0.131372 0.133676 0.136238 0.139071 0.142188 0.145605 0.149338 0.153408 0.157836 0.162649 0.167876 0.173549 0.179707 0.186394 0.193659 0.201562 0.210168 0.219556 0.229817 0.241058 0.253403 0.267001 0.282024 0.298679 0.317207 0.337889 0.361047 0.387032 0.416184 0.448726 0.484494 0.522288 0.558573 0.586511 0.604115 0.424418 0.276004 0.153534 0.0533927 -0.0256662 -0.0857601 -0.130116 -0.162186 -0.184975 -0.200853 -0.212146 -0.214577 -0.216081 -0.217291 -0.218406 -0.219475 -0.220519 -0.221561 -0.222629 -0.223752 -0.224957 -0.226269 -0.227708 -0.22929 -0.231027 -0.232924 -0.234979 -0.237181 -0.239513 -0.241946 -0.244443 -0.246956 -0.249425 -0.251781 -0.253945 -0.255827 -0.257333 -0.258362 -0.258812 -0.258582 -0.257578 -0.255718 -0.252912 -0.249093 -0.244217 -0.238273 -0.231272 -0.22325 -0.214266 -0.204396 -0.193732 -0.182379 -0.170451 -0.158065 -0.145345 -0.132412 -0.119387 -0.106381 -0.0935009 -0.080843 -0.0684931 -0.0565263 -0.0450061 -0.0339841 -0.0235011 -0.0135873 -0.00426266 0.00446137 0.0125808 0.0200971 0.02702 0.0333643 0.0391487 0.0443955 0.0491291 0.0533758 0.0571631 0.0605191 0.0634719 0.0660494 0.068279 0.0701875 0.0718003 0.0731422 0.0742365 0.0751052 0.0757693 0.0762481 0.0765601 0.076722 0.0767497 0.0766578 0.0764598 0.0761679 0.0757936 0.0753474 0.0748388 0.0742765 0.0736686 0.0730224 0.0723445 0.0716409 0.0709171 0.0701781 0.0694285 0.0686723 0.0679133 0.067155 0.0664002 0.065652 0.0649127 0.0641847 0.06347 0.0627707 0.0620884 0.0614248 0.0607813 0.0601593 0.0595601 0.0589848 0.0584345 0.0579103 0.0574133 0.0569444 0.0565045 0.0560946 0.0557157 0.0553687 0.0550547 0.0547745 0.0545294 0.0543206 0.0541491 0.0540165 0.0539241 0.0538737 0.053867 0.0539062 0.0539935 0.0541317 0.0543238 0.0545733 0.0548844 0.055262 0.0557118 0.0562407 0.0568572 0.0575712 0.0583955 0.0593458 0.0604419 0.0617097 0.0631829 0.0649066 0.0669228 
0.120827 0.12091 0.121199 0.121697 0.122404 0.123324 0.124459 0.125816 0.127398 0.129212 0.131267 0.13357 0.136133 0.138966 0.142083 0.1455 0.149234 0.153303 0.157732 0.162545 0.167771 0.173444 0.179602 0.186288 0.193552 0.201453 0.210057 0.219443 0.229701 0.240938 0.253278 0.26687 0.281885 0.298529 0.317043 0.337707 0.360842 0.386796 0.415907 0.448394 0.48409 0.521795 0.557983 0.585859 0.603513 0.423736 0.275417 0.153098 0.0531074 -0.0258301 -0.0858365 -0.130134 -0.162166 -0.18493 -0.200793 -0.212075 -0.214511 -0.216021 -0.217235 -0.218353 -0.219422 -0.220465 -0.221505 -0.222571 -0.22369 -0.22489 -0.226197 -0.227631 -0.229209 -0.230943 -0.232836 -0.234887 -0.237087 -0.239418 -0.241851 -0.244349 -0.246864 -0.249336 -0.251697 -0.253867 -0.255757 -0.257271 -0.258309 -0.258769 -0.258549 -0.257554 -0.255696 -0.252896 -0.249091 -0.244237 -0.238314 -0.231333 -0.223323 -0.214346 -0.204481 -0.19382 -0.182467 -0.170537 -0.158148 -0.145424 -0.132486 -0.119453 -0.10644 -0.0935526 -0.0808867 -0.0685289 -0.0565542 -0.0450263 -0.033997 -0.0235072 -0.0135871 -0.00425671 0.00447247 0.0125966 0.0201169 0.0270433 0.0333904 0.0391771 0.0444256 0.0491605 0.053408 0.0571957 0.0605516 0.063504 0.0660808 0.0683095 0.0702168 0.0718282 0.0731686 0.0742611 0.075128 0.0757901 0.076267 0.0765769 0.0767368 0.0767624 0.0766684 0.0764683 0.0761743 0.075798 0.0753498 0.0748393 0.0742752 0.0736656 0.0730176 0.072338 0.0716328 0.0709076 0.0701672 0.0694162 0.0686588 0.0678987 0.0671392 0.0663834 0.0656342 0.0648941 0.0641653 0.0634499 0.06275 0.0620671 0.061403 0.0607591 0.0601367 0.0595371 0.0589615 0.0584111 0.0578867 0.0573896 0.0569205 0.0564806 0.0560707 0.0556918 0.0553448 0.0550308 0.0547507 0.0545057 0.0542969 0.0541256 0.053993 0.0539007 0.0538504 0.0538437 0.0538829 0.0539703 0.0541084 0.0543004 0.0545498 0.0548607 0.0552379 0.0556873 0.0562156 0.0568312 0.0575442 0.0583671 0.0593156 0.0604093 0.0616738 0.0631423 0.0648595 0.0668662 
0.120513 0.120595 0.120884 0.121379 0.122083 0.122998 0.124129 0.125478 0.127052 0.128858 0.130901 0.133192 0.13574 0.138557 0.141655 0.14505 0.148758 0.152799 0.157194 0.161968 0.16715 0.172771 0.178868 0.185483 0.192663 0.200465 0.208952 0.218196 0.228283 0.239312 0.251396 0.264669 0.279283 0.295415 0.313267 0.333059 0.355023 0.379375 0.406247 0.435556 0.466721 0.498173 0.526838 0.550466 0.589432 0.391595 0.248831 0.130337 0.0317699 -0.0449236 -0.101621 -0.142416 -0.171411 -0.191785 -0.205312 -0.211333 -0.216148 -0.21758 -0.218418 -0.21922 -0.220061 -0.220941 -0.221863 -0.222841 -0.223896 -0.225048 -0.22632 -0.227731 -0.229294 -0.231021 -0.232917 -0.234978 -0.237196 -0.239552 -0.242018 -0.244556 -0.247118 -0.249644 -0.252064 -0.254298 -0.256256 -0.257842 -0.258953 -0.259485 -0.259335 -0.258405 -0.256605 -0.25386 -0.250113 -0.245312 -0.239412 -0.232438 -0.224428 -0.215443 -0.205563 -0.19488 -0.1835 -0.171538 -0.159115 -0.146352 -0.133374 -0.120301 -0.107248 -0.0943204 -0.0816159 -0.0692206 -0.0572102 -0.0456487 -0.0345877 -0.0240681 -0.0141205 -0.00476407 0.00398872 0.0121336 0.0196733 0.0266174 0.0329808 0.0387824 0.0440445 0.048792 0.0530512 0.0568499 0.0602161 0.0631781 0.0657641 0.0680016 0.0699171 0.0715366 0.0728847 0.0739846 0.0748587 0.0755278 0.0760114 0.0763279 0.0764941 0.076526 0.076438 0.0762437 0.0759554 0.0755847 0.0751418 0.0746365 0.0740775 0.0734727 0.0728295 0.0721546 0.0714539 0.0707329 0.0699967 0.0692499 0.0684964 0.0677401 0.0669844 0.0662322 0.0654865 0.0647497 0.0640242 0.063312 0.0626151 0.0619352 0.0612739 0.0606327 0.060013 0.059416 0.0588428 0.0582947 0.0577726 0.0572775 0.0568105 0.0563725 0.0559644 0.0555871 0.0552417 0.054929 0.0546502 0.0544063 0.0541984 0.0540277 0.0538957 0.0538037 0.0537533 0.0537464 0.0537849 0.0538712 0.0540078 0.0541977 0.0544443 0.0547516 0.0551242 0.0555677 0.0560886 0.0566947 0.0573956 0.0582029 0.0591312 0.0601984 0.0614275 0.0628481 0.0644988 0.066412 
0.119993 0.120075 0.120361 0.120851 0.121549 0.122455 0.123575 0.124911 0.126469 0.128256 0.130278 0.132544 0.135063 0.137846 0.140906 0.144257 0.147915 0.151898 0.156227 0.160925 0.166019 0.171538 0.177516 0.183992 0.19101 0.198619 0.206877 0.215847 0.225605 0.236233 0.247826 0.26049 0.274343 0.289511 0.306123 0.324297 0.344115 0.365566 0.388433 0.412075 0.434949 0.453566 0.460059 0.437931 0.378665 0.304383 0.197977 0.087648 -0.0114394 -0.0840122 -0.133305 -0.166496 -0.189274 -0.205488 -0.217334 -0.226142 -0.222247 -0.220827 -0.22049 -0.220675 -0.221133 -0.221753 -0.222489 -0.223331 -0.224284 -0.225362 -0.226581 -0.227956 -0.229501 -0.231224 -0.233129 -0.235213 -0.237467 -0.239871 -0.242398 -0.245009 -0.247655 -0.250275 -0.252799 -0.255145 -0.257222 -0.25893 -0.260165 -0.260821 -0.260789 -0.259969 -0.258269 -0.255614 -0.251947 -0.247184 -0.241307 -0.234339 -0.226323 -0.217321 -0.207412 -0.196692 -0.185268 -0.173255 -0.160776 -0.147955 -0.134917 -0.121782 -0.108668 -0.0956821 -0.0829209 -0.0704709 -0.0584085 -0.0467984 -0.0356918 -0.0251284 -0.0151389 -0.00574434 0.00304292 0.0112191 0.0187877 0.0257585 0.0321469 0.037972 0.0432563 0.0480249 0.0523044 0.0561226 0.0595077 0.0624882 0.0650922 0.0673473 0.0692802 0.0709167 0.0722815 0.073398 0.0742883 0.0749733 0.0754726 0.0758045 0.0759858 0.0760324 0.0759589 0.0757786 0.0755042 0.0751468 0.074717 0.0742244 0.0736776 0.0730848 0.0724532 0.0717895 0.0710996 0.0703892 0.0696631 0.068926 0.068182 0.0674348 0.0666878 0.0659441 0.0652064 0.0644775 0.0637594 0.0630544 0.0623644 0.0616911 0.0610361 0.060401 0.059787 0.0591955 0.0586276 0.0580844 0.057567 0.0570764 0.0566135 0.0561794 0.0557749 0.055401 0.0550586 0.0547487 0.0544723 0.0542304 0.0540243 0.0538549 0.0537238 0.0536322 0.0535817 0.0535741 0.0536113 0.0536954 0.053829 0.0540147 0.0542559 0.0545561 0.0549199 0.0553521 0.0558588 0.0564469 0.057125 0.0579032 0.0587938 0.0598119 0.0609763 0.0623099 0.0638417 0.065591 
0.11927 0.119351 0.119632 0.120116 0.120804 0.121697 0.1228 0.124117 0.125652 0.127411 0.1294 0.131629 0.134105 0.136839 0.139843 0.143129 0.146713 0.150611 0.154843 0.159429 0.164394 0.169763 0.175568 0.181842 0.188623 0.195953 0.203881 0.212458 0.221744 0.231801 0.242699 0.254509 0.2673 0.281136 0.296057 0.312059 0.32905 0.346773 0.364665 0.38159 0.395357 0.401813 0.393495 0.360003 0.302949 0.249296 0.151049 0.0337188 -0.081162 -0.146379 -0.181091 -0.200989 -0.213701 -0.223557 -0.232393 -0.228882 -0.225388 -0.223314 -0.22235 -0.222074 -0.222204 -0.222586 -0.223145 -0.223854 -0.224707 -0.225712 -0.226879 -0.228222 -0.229752 -0.231477 -0.2334 -0.235518 -0.237821 -0.24029 -0.242895 -0.245598 -0.24835 -0.251088 -0.253741 -0.256224 -0.258446 -0.260303 -0.26169 -0.262495 -0.262607 -0.261921 -0.26034 -0.257788 -0.254188 -0.249462 -0.243608 -0.236648 -0.228627 -0.219608 -0.209671 -0.198913 -0.187443 -0.175379 -0.162844 -0.149964 -0.136864 -0.123668 -0.110494 -0.0974507 -0.0846348 -0.0721309 -0.0600157 -0.0483536 -0.0371982 -0.0265905 -0.0165609 -0.00713003 0.00169059 0.00989777 0.0174956 0.0244944 0.0309096 0.0367608 0.0420708 0.0468647 0.0511694 0.0550127 0.0584229 0.0614286 0.0640579 0.0663384 0.0682967 0.0699586 0.0713488 0.0724906 0.0734061 0.0741161 0.0746401 0.0749963 0.0752017 0.075272 0.0752217 0.0750643 0.074812 0.0744764 0.0740677 0.0735957 0.073069 0.0724956 0.0718828 0.0712372 0.0705649 0.0698714 0.0691618 0.0684405 0.0677116 0.066979 0.0662461 0.0655159 0.0647912 0.0640746 0.0633685 0.0626749 0.0619958 0.0613329 0.0606878 0.0600621 0.0594572 0.0588742 0.0583144 0.0577789 0.0572687 0.0567849 0.0563284 0.0559002 0.0555012 0.0551323 0.0547945 0.0544887 0.0542159 0.0539772 0.0537735 0.0536061 0.0534763 0.0533852 0.0533346 0.0533258 0.0533609 0.0534417 0.0535706 0.0537502 0.0539832 0.0542732 0.0546238 0.0550396 0.0555256 0.0560877 0.056733 0.0574696 0.058307 0.0592565 0.0603312 0.0615462 0.0629189 0.0644538 
0.118346 0.118425 0.118701 0.119176 0.119851 0.120727 0.121809 0.1231 0.124603 0.126326 0.128273 0.130453 0.132873 0.135543 0.138473 0.141675 0.145163 0.148951 0.153056 0.157498 0.162296 0.167473 0.173055 0.17907 0.185548 0.192524 0.200034 0.208115 0.21681 0.226157 0.236196 0.246959 0.258466 0.270709 0.283642 0.297141 0.310957 0.324631 0.337349 0.347714 0.353375 0.350519 0.333509 0.296353 0.240614 0.179795 0.123204 -0.0226582 -0.200547 -0.23925 -0.243688 -0.242666 -0.240983 -0.242644 -0.236089 -0.230836 -0.227024 -0.224679 -0.223453 -0.222957 -0.222913 -0.223157 -0.223608 -0.224232 -0.22502 -0.225976 -0.22711 -0.228436 -0.229963 -0.2317 -0.23365 -0.235809 -0.238166 -0.240704 -0.243391 -0.24619 -0.249048 -0.251905 -0.254685 -0.257305 -0.259669 -0.261674 -0.263208 -0.264159 -0.264412 -0.263856 -0.262391 -0.259932 -0.256383 -0.251697 -0.245871 -0.238929 -0.230913 -0.221888 -0.211936 -0.201157 -0.189659 -0.177562 -0.164994 -0.152077 -0.138938 -0.125702 -0.112485 -0.0993979 -0.0865405 -0.0739993 -0.0618505 -0.0501586 -0.0389762 -0.0283441 -0.0182923 -0.00884071 -2.67169e-07 0.00822647 0.0158441 0.0228632 0.0292997 0.0351732 0.0405067 0.0453254 0.0496561 0.0535266 0.0569654 0.0600008 0.0626607 0.0649726 0.0669632 0.068658 0.0700815 0.0712569 0.0722061 0.0729499 0.0735076 0.0738973 0.0741358 0.0742388 0.0742207 0.0740949 0.0738736 0.0735682 0.0731891 0.0727458 0.072247 0.0717007 0.0711142 0.0704941 0.0698463 0.0691766 0.0684897 0.0677904 0.0670827 0.0663705 0.0656571 0.0649456 0.0642389 0.0635395 0.0628498 0.0621719 0.0615078 0.0608592 0.0602278 0.0596151 0.0590224 0.0584511 0.0579023 0.0573772 0.0568769 0.0564023 0.0559544 0.0555342 0.0551425 0.0547804 0.0544487 0.0541484 0.0538804 0.0536457 0.0534453 0.0532804 0.0531522 0.0530618 0.0530107 0.0530005 0.0530326 0.053109 0.0532318 0.0534031 0.0536256 0.053902 0.0542356 0.05463 0.0550894 0.0556184 0.0562221 0.0569065 0.0576778 0.0585431 0.0595095 0.0605838 0.0617718 0.0630641 
0.117224 0.117302 0.117572 0.118035 0.118694 0.11955 0.120605 0.121864 0.12333 0.125008 0.126904 0.129024 0.131376 0.133967 0.136808 0.139908 0.143279 0.146934 0.150888 0.155154 0.159752 0.164699 0.170015 0.175723 0.181843 0.188402 0.195421 0.202925 0.210935 0.219468 0.228531 0.238117 0.248197 0.258702 0.269504 0.280382 0.29097 0.300674 0.30856 0.313172 0.312309 0.302788 0.280442 0.24112 0.184003 0.113558 0.0347039 -0.047007 -0.459116 -0.366386 -0.311742 -0.285006 -0.264917 -0.24784 -0.237879 -0.231505 -0.227385 -0.224944 -0.22368 -0.223162 -0.223098 -0.223322 -0.223754 -0.224359 -0.225131 -0.226077 -0.227208 -0.228537 -0.230077 -0.231835 -0.233816 -0.236015 -0.238424 -0.241022 -0.243779 -0.246657 -0.249603 -0.252555 -0.255437 -0.258164 -0.260639 -0.262757 -0.264406 -0.26547 -0.265831 -0.265377 -0.264003 -0.26161 -0.258109 -0.253465 -0.247675 -0.240762 -0.23277 -0.223762 -0.213822 -0.203047 -0.19155 -0.179451 -0.166877 -0.153955 -0.140813 -0.127575 -0.11436 -0.101276 -0.0884242 -0.0758905 -0.063751 -0.0520694 -0.0408976 -0.0302757 -0.020233 -0.0107888 -0.00195326 0.00627151 0.0138905 0.0209146 0.0273597 0.0332455 0.038595 0.0434333 0.0477869 0.0516836 0.0551513 0.0582182 0.060912 0.0632598 0.065288 0.0670218 0.0684854 0.0697018 0.0706927 0.0714784 0.0720782 0.07251 0.0727904 0.0729348 0.0729576 0.0728721 0.0726903 0.0724237 0.0720824 0.0716759 0.0712129 0.0707014 0.0701485 0.069561 0.0689448 0.0683054 0.0676479 0.0669767 0.0662962 0.0656099 0.0649215 0.0642339 0.0635502 0.0628727 0.062204 0.0615461 0.0609011 0.0602707 0.0596566 0.0590603 0.0584832 0.0579266 0.0573918 0.0568798 0.0563918 0.0559288 0.0554916 0.0550814 0.054699 0.0543452 0.0540211 0.0537275 0.0534654 0.0532357 0.0530394 0.0528775 0.0527512 0.0526615 0.0526099 0.0525976 0.0526261 0.0526971 0.0528122 0.0529734 0.0531828 0.0534428 0.0537558 0.0541247 0.0545524 0.0550422 0.0555973 0.0562212 0.056917 0.0576874 0.0585338 0.0594555 0.0604482 0.061491 
0.11591 0.115985 0.116248 0.116699 0.117339 0.11817 0.119195 0.120417 0.121839 0.123465 0.125301 0.127351 0.129624 0.132124 0.134861 0.137843 0.141079 0.144581 0.14836 0.152427 0.156796 0.161481 0.166496 0.171855 0.177574 0.183665 0.19014 0.197007 0.204268 0.211916 0.219932 0.228272 0.236863 0.245585 0.254248 0.262563 0.270089 0.276173 0.27986 0.279772 0.273985 0.259925 0.234414 0.194096 0.136438 0.059866 -0.039923 -0.173417 -0.352788 -0.3343 -0.302548 -0.27944 -0.261085 -0.246699 -0.237147 -0.230867 -0.226854 -0.224498 -0.223289 -0.222817 -0.222797 -0.223066 -0.22354 -0.224183 -0.22499 -0.225967 -0.227128 -0.228487 -0.230057 -0.231847 -0.233863 -0.2361 -0.238549 -0.241191 -0.243995 -0.246922 -0.24992 -0.252925 -0.255863 -0.258646 -0.261177 -0.263352 -0.265057 -0.266175 -0.26659 -0.266185 -0.264852 -0.262488 -0.259017 -0.254407 -0.248652 -0.241774 -0.233817 -0.224846 -0.214944 -0.20421 -0.192757 -0.180706 -0.168182 -0.155315 -0.142232 -0.129056 -0.115906 -0.10289 -0.0901056 -0.0776398 -0.0655669 -0.0539498 -0.042839 -0.0322737 -0.0222823 -0.0128834 -0.00408659 0.00410656 0.0117012 0.0187083 0.0251436 0.0310267 0.0363802 0.0412287 0.0455986 0.0495169 0.0530113 0.0561092 0.0588379 0.061224 0.0632933 0.0650707 0.0665799 0.0678434 0.0688825 0.0697173 0.0703667 0.0708483 0.0711784 0.0713722 0.071444 0.0714068 0.0712725 0.0710524 0.0707567 0.0703946 0.0699748 0.0695053 0.0689931 0.068445 0.0678668 0.0672642 0.066642 0.066005 0.0653571 0.0647023 0.0640441 0.0633854 0.0627293 0.0620783 0.0614348 0.060801 0.0601789 0.0595704 0.058977 0.0584005 0.0578421 0.0573032 0.056785 0.0562887 0.0558154 0.0553661 0.0549418 0.0545434 0.0541719 0.0538281 0.053513 0.0532273 0.0529721 0.0527482 0.0525566 0.0523982 0.0522741 0.0521852 0.0521328 0.0521181 0.0521422 0.0522067 0.0523128 0.0524622 0.0526566 0.0528976 0.0531871 0.053527 0.053919 0.054365 0.0548664 0.0554243 0.0560388 0.0567088 0.0574308 0.0581978 0.0589976 0.0598017 
0.114409 0.114482 0.114736 0.115172 0.115791 0.116595 0.117585 0.118765 0.120137 0.121705 0.123473 0.125445 0.127628 0.130026 0.132647 0.135497 0.138584 0.141915 0.145499 0.149346 0.153463 0.15786 0.162545 0.167527 0.17281 0.178399 0.184293 0.190484 0.19696 0.20369 0.21063 0.217708 0.224817 0.231797 0.238419 0.24435 0.249124 0.252082 0.252318 0.248608 0.239339 0.222478 0.195613 0.156124 0.101519 0.0296736 -0.0611842 -0.168498 -0.266892 -0.287866 -0.280334 -0.26705 -0.253857 -0.242814 -0.23478 -0.229267 -0.225684 -0.223554 -0.222462 -0.222065 -0.222115 -0.222457 -0.223005 -0.223722 -0.224597 -0.225637 -0.226855 -0.228265 -0.229881 -0.231712 -0.233763 -0.236032 -0.238509 -0.241173 -0.243995 -0.246935 -0.249941 -0.252949 -0.255884 -0.25866 -0.261179 -0.263338 -0.265023 -0.26612 -0.266513 -0.266085 -0.264727 -0.262344 -0.25887 -0.254269 -0.248537 -0.241694 -0.233785 -0.224874 -0.215045 -0.204396 -0.193039 -0.181095 -0.168688 -0.155946 -0.142996 -0.129958 -0.116949 -0.104076 -0.0914331 -0.0791061 -0.0671676 -0.0556785 -0.0446879 -0.0342338 -0.0243435 -0.0150347 -0.00631659 0.00180956 0.00934893 0.0163123 0.0227152 0.0285765 0.0339184 0.0387648 0.0431412 0.047074 0.05059 0.0537159 0.0564783 0.0589031 0.0610152 0.0628389 0.0643973 0.0657124 0.0668049 0.0676945 0.0683995 0.0689372 0.0693236 0.0695737 0.0697013 0.0697193 0.0696394 0.0694727 0.0692293 0.0689183 0.0685483 0.0681271 0.0676619 0.0671591 0.0666249 0.0660646 0.0654833 0.0648856 0.0642756 0.0636571 0.0630336 0.0624083 0.0617841 0.0611636 0.0605493 0.0599433 0.0593477 0.0587643 0.0581949 0.057641 0.057104 0.0565854 0.0560864 0.0556081 0.0551517 0.0547182 0.0543085 0.0539237 0.0535646 0.0532321 0.0529271 0.0526505 0.0524031 0.0521857 0.0519993 0.0518448 0.051723 0.051635 0.0515817 0.051564 0.0515832 0.0516402 0.0517363 0.0518725 0.0520501 0.0522702 0.0525339 0.0528422 0.0531958 0.0535951 0.0540399 0.0545292 0.0550606 0.0556296 0.0562291 0.0568474 0.0574671 0.0580562 
0.112726 0.112796 0.113041 0.113461 0.114057 0.11483 0.115782 0.116916 0.118233 0.119737 0.12143 0.123317 0.125402 0.127689 0.130183 0.13289 0.135814 0.13896 0.142335 0.145944 0.149792 0.153882 0.158218 0.1628 0.167627 0.172692 0.177985 0.183485 0.189162 0.194971 0.200845 0.206692 0.212379 0.217722 0.22247 0.226277 0.228679 0.229056 0.226594 0.220249 0.208722 0.190459 0.163702 0.12662 0.0775606 0.0155465 -0.0585826 -0.138775 -0.207364 -0.240523 -0.249891 -0.248175 -0.242323 -0.23584 -0.230351 -0.226261 -0.223497 -0.221835 -0.221013 -0.22079 -0.220974 -0.221435 -0.222097 -0.222922 -0.223899 -0.225032 -0.226332 -0.227813 -0.229488 -0.231367 -0.233453 -0.235745 -0.238232 -0.240894 -0.2437 -0.246612 -0.249576 -0.25253 -0.255398 -0.258096 -0.260528 -0.26259 -0.264173 -0.265166 -0.265456 -0.264928 -0.263479 -0.261023 -0.257501 -0.252879 -0.247154 -0.240344 -0.232494 -0.223667 -0.213947 -0.20343 -0.192227 -0.180455 -0.168238 -0.155699 -0.142961 -0.130145 -0.11736 -0.104711 -0.0922895 -0.0801782 -0.068447 -0.0571545 -0.046348 -0.0360638 -0.0263281 -0.0171579 -0.00856186 -0.000541216 0.00690904 0.0137993 0.0201443 0.0259624 0.0312745 0.0361039 0.0404748 0.0444127 0.0479432 0.0510921 0.0538849 0.0563464 0.0585009 0.0603717 0.061981 0.0633503 0.0644994 0.0654476 0.0662126 0.0668111 0.0672588 0.0675703 0.0677591 0.0678377 0.0678177 0.06771 0.0675243 0.0672698 0.0669549 0.0665874 0.0661742 0.0657219 0.0652365 0.0647234 0.0641875 0.0636335 0.0630656 0.0624875 0.0619028 0.0613146 0.060726 0.0601394 0.0595575 0.0589824 0.0584163 0.0578609 0.0573181 0.0567894 0.0562764 0.0557803 0.0553025 0.0548442 0.0544065 0.0539904 0.0535969 0.0532271 0.0528817 0.0525617 0.0522678 0.0520011 0.0517622 0.051552 0.0513713 0.051221 0.0511017 0.0510145 0.05096 0.0509391 0.0509528 0.0510017 0.0510868 0.0512088 0.0513684 0.0515662 0.0518027 0.0520779 0.0523916 0.052743 0.0531305 0.0535512 0.0540008 0.0544726 0.0549566 0.0554385 0.0558982 0.056303 
0.110869 0.110936 0.11117 0.111573 0.112144 0.112884 0.113795 0.114879 0.116137 0.117571 0.119185 0.12098 0.122961 0.125129 0.127488 0.130041 0.132792 0.135743 0.138898 0.142257 0.145823 0.149594 0.153567 0.157738 0.162098 0.166632 0.171319 0.176128 0.181017 0.185927 0.190776 0.195456 0.199821 0.203674 0.206758 0.208736 0.20917 0.207501 0.203028 0.194897 0.182093 0.163475 0.137837 0.104043 0.061275 0.00952469 -0.0494554 -0.110485 -0.163583 -0.19848 -0.216855 -0.224356 -0.225858 -0.224642 -0.222631 -0.220762 -0.219401 -0.218624 -0.218372 -0.218534 -0.219002 -0.219693 -0.220552 -0.221552 -0.222685 -0.223956 -0.225375 -0.226956 -0.228711 -0.230649 -0.232775 -0.235085 -0.237568 -0.240205 -0.242965 -0.245808 -0.248683 -0.251526 -0.254265 -0.256816 -0.259085 -0.260972 -0.262372 -0.26318 -0.263289 -0.262586 -0.260982 -0.258401 -0.25479 -0.250119 -0.244385 -0.237608 -0.22983 -0.221116 -0.211544 -0.201211 -0.190223 -0.178693 -0.16674 -0.154484 -0.142044 -0.129532 -0.117056 -0.104715 -0.0925959 -0.0807779 -0.0693276 -0.0583008 -0.0477424 -0.0376872 -0.0281601 -0.0191773 -0.0107472 -0.0028712 0.00445534 0.0112421 0.0175029 0.0232549 0.028518 0.0333139 0.0376657 0.0415975 0.0451336 0.0482984 0.0511163 0.0536109 0.0558053 0.0577219 0.0593819 0.0608058 0.0620129 0.0630215 0.0638487 0.0645109 0.065023 0.0653993 0.0656528 0.0657958 0.0658396 0.0657946 0.0656707 0.0654767 0.0652209 0.0649109 0.0645536 0.0641556 0.0637227 0.0632603 0.0627734 0.0622667 0.0617441 0.0612097 0.0606668 0.0601187 0.0595685 0.0590186 0.0584718 0.0579301 0.0573958 0.0568707 0.0563566 0.0558552 0.055368 0.0548963 0.0544414 0.0540046 0.0535871 0.0531898 0.0528138 0.05246 0.0521293 0.0518227 0.0515408 0.0512847 0.0510549 0.0508523 0.0506776 0.0505316 0.050415 0.0503284 0.0502727 0.0502483 0.0502561 0.0502964 0.05037 0.050477 0.0506179 0.0507927 0.0510013 0.0512429 0.0515166 0.0518204 0.0521517 0.0525064 0.0528785 0.0532599 0.0536392 0.0540008 0.0543239 0.0545779 
0.108844 0.108908 0.109132 0.109515 0.11006 0.110765 0.111632 0.112663 0.113859 0.11522 0.116749 0.118448 0.120318 0.122361 0.124578 0.126972 0.129543 0.132292 0.135218 0.13832 0.141596 0.145041 0.148647 0.152404 0.156296 0.160301 0.164391 0.168527 0.172656 0.176709 0.180596 0.184199 0.187365 0.189899 0.191549 0.191998 0.190852 0.187625 0.181735 0.172499 0.159158 0.140904 0.116963 0.0867164 0.0499159 0.00703882 -0.0401599 -0.088011 -0.130924 -0.163712 -0.185654 -0.19885 -0.206053 -0.209636 -0.211295 -0.212089 -0.212612 -0.213154 -0.213832 -0.214667 -0.215644 -0.216737 -0.217928 -0.219209 -0.220584 -0.222061 -0.223654 -0.225379 -0.227248 -0.229269 -0.231447 -0.233779 -0.236254 -0.238851 -0.241541 -0.244284 -0.24703 -0.249716 -0.252272 -0.254616 -0.256658 -0.2583 -0.259442 -0.259991 -0.259844 -0.258909 -0.257104 -0.254362 -0.250636 -0.245901 -0.240156 -0.233422 -0.225741 -0.217173 -0.207798 -0.197704 -0.186995 -0.175779 -0.164168 -0.152276 -0.140215 -0.128091 -0.116006 -0.104052 -0.0923128 -0.0808618 -0.0697621 -0.0590662 -0.0488165 -0.039046 -0.0297785 -0.0210294 -0.0128071 -0.00511312 0.00205635 0.00871004 0.0148606 0.0205239 0.0257181 0.0304636 0.0347819 0.0386952 0.0422266 0.0453989 0.0482348 0.0507569 0.052987 0.054946 0.0566544 0.0581314 0.0593956 0.0604644 0.0613543 0.0620808 0.0626585 0.0631009 0.0634209 0.0636302 0.0637398 0.0637599 0.0637 0.0635689 0.0633746 0.0631246 0.0628258 0.0624845 0.0621066 0.0616974 0.0612619 0.0608047 0.0603298 0.0598412 0.0593424 0.0588366 0.0583267 0.0578156 0.0573056 0.0567992 0.0562985 0.0558053 0.0553216 0.0548489 0.0543889 0.0539428 0.0535122 0.0530981 0.0527018 0.0523243 0.0519666 0.0516298 0.0513146 0.0510219 0.0507526 0.0505075 0.0502872 0.0500925 0.049924 0.0497825 0.0496686 0.0495827 0.0495255 0.0494975 0.0494991 0.0495306 0.0495922 0.0496841 0.0498061 0.0499578 0.0501385 0.0503471 0.0505816 0.0508397 0.0511175 0.0514103 0.0517113 0.0520114 0.0522988 0.052558 0.0527691 0.0529047 
0.106659 0.10672 0.106933 0.107297 0.107813 0.108482 0.109304 0.110279 0.111409 0.112695 0.114136 0.115734 0.11749 0.119403 0.121475 0.123704 0.12609 0.128632 0.131326 0.134168 0.137152 0.14027 0.14351 0.146856 0.150287 0.153778 0.157291 0.160782 0.164192 0.167447 0.170449 0.173079 0.175186 0.176578 0.177022 0.176231 0.173858 0.169495 0.16267 0.152857 0.1395 0.122055 0.100059 0.0732342 0.0416487 0.00593462 -0.0324448 -0.0710106 -0.106505 -0.136011 -0.158458 -0.17442 -0.185256 -0.192448 -0.197256 -0.200608 -0.203127 -0.205199 -0.207043 -0.208778 -0.210463 -0.212127 -0.213791 -0.215469 -0.21718 -0.218943 -0.220776 -0.222697 -0.224719 -0.226855 -0.229107 -0.231472 -0.233941 -0.236493 -0.2391 -0.241722 -0.244311 -0.246807 -0.249141 -0.251233 -0.252997 -0.254339 -0.255161 -0.255389 -0.254949 -0.253753 -0.251727 -0.248813 -0.244971 -0.24018 -0.234442 -0.227779 -0.220232 -0.211859 -0.202734 -0.192943 -0.182581 -0.171751 -0.160557 -0.149106 -0.1375 -0.125841 -0.114221 -0.102728 -0.0914377 -0.0804196 -0.0697324 -0.0594252 -0.049538 -0.0401017 -0.031139 -0.022665 -0.0146879 -0.00720991 -0.000227977 0.00626539 0.0122814 0.0178343 0.0229406 0.0276188 0.0318886 0.0357707 0.0392861 0.042456 0.0453018 0.0478442 0.0501038 0.0521002 0.0538527 0.0553794 0.0566979 0.0578247 0.0587756 0.0595652 0.0602076 0.0607159 0.0611021 0.0613778 0.0615536 0.0616393 0.0616442 0.0615767 0.0614449 0.061256 0.0610167 0.0607333 0.0604116 0.0600569 0.059674 0.0592676 0.0588417 0.0584003 0.0579468 0.0574844 0.0570162 0.056545 0.0560731 0.0556031 0.055137 0.0546768 0.0542244 0.0537814 0.0533495 0.05293 0.0525243 0.0521337 0.0517593 0.0514023 0.0510635 0.0507441 0.0504448 0.0501666 0.0499102 0.0496764 0.0494658 0.0492791 0.049117 0.0489801 0.0488688 0.0487836 0.0487249 0.0486932 0.0486885 0.048711 0.0487608 0.0488376 0.0489408 0.0490699 0.0492236 0.0494003 0.0495977 0.0498126 0.0500411 0.0502775 0.0505148 0.0507439 0.0509531 0.0511279 0.0512501 0.0512966 
0.104323 0.104381 0.104581 0.104925 0.105413 0.106044 0.106818 0.107737 0.1088 0.110007 0.111358 0.112853 0.114491 0.116273 0.118196 0.120259 0.122459 0.124791 0.127252 0.129835 0.132529 0.135324 0.138203 0.141149 0.144136 0.147132 0.150097 0.152983 0.155726 0.158248 0.160453 0.162222 0.163408 0.163835 0.16329 0.161518 0.158227 0.153077 0.145697 0.135692 0.122667 0.106272 0.0862529 0.0625392 0.0353439 0.00528855 -0.0264866 -0.0583048 -0.0881667 -0.114297 -0.13577 -0.152577 -0.165308 -0.174809 -0.181919 -0.187348 -0.191639 -0.195175 -0.198212 -0.200919 -0.203401 -0.205728 -0.207949 -0.210101 -0.212216 -0.214321 -0.216441 -0.218598 -0.220808 -0.223081 -0.225424 -0.227835 -0.230302 -0.232808 -0.235324 -0.237814 -0.240229 -0.242514 -0.244602 -0.246417 -0.247875 -0.248883 -0.249341 -0.249235 -0.248494 -0.247039 -0.244804 -0.241736 -0.237803 -0.232989 -0.227297 -0.220751 -0.213389 -0.205267 -0.196455 -0.187031 -0.177084 -0.166709 -0.156001 -0.145059 -0.133978 -0.122848 -0.111758 -0.100785 -0.090002 -0.0794713 -0.0692476 -0.0593767 -0.049896 -0.0408347 -0.0322145 -0.0240501 -0.0163498 -0.00911665 -0.00234858 0.00396052 0.00982024 0.015243 0.0202436 0.0248384 0.0290454 0.032883 0.0363707 0.0395279 0.042374 0.0449284 0.04721 0.0492372 0.0510279 0.0525992 0.0539674 0.0551482 0.0561566 0.0570064 0.0577109 0.0582827 0.0587334 0.0590739 0.0593145 0.0594648 0.0595336 0.0595292 0.0594594 0.0593312 0.0591512 0.0589257 0.0586603 0.0583601 0.0580301 0.0576748 0.0572983 0.0569043 0.0564965 0.056078 0.055652 0.055221 0.0547878 0.0543546 0.0539236 0.0534969 0.0530763 0.0526635 0.05226 0.0518675 0.0514872 0.0511204 0.0507683 0.050432 0.0501124 0.0498107 0.0495276 0.0492639 0.0490206 0.0487981 0.0485974 0.0484188 0.0482631 0.0481307 0.0480221 0.0479375 0.0478774 0.0478419 0.047831 0.0478448 0.0478829 0.0479449 0.0480301 0.0481375 0.0482655 0.0484122 0.048575 0.0487504 0.048934 0.0491203 0.0493021 0.0494706 0.0496151 0.0497222 0.0497764 0.0497588 
0.101844 0.101898 0.102087 0.10241 0.102868 0.10346 0.104187 0.105047 0.106041 0.107168 0.108428 0.109819 0.111339 0.112988 0.114762 0.116658 0.118671 0.120796 0.123027 0.125353 0.127763 0.130243 0.132774 0.135335 0.137897 0.140426 0.142879 0.145204 0.147337 0.149199 0.150697 0.151716 0.15212 0.151747 0.150408 0.147886 0.143932 0.138277 0.130631 0.120703 0.108224 0.092978 0.0748485 0.0538758 0.0303221 0.00473381 -0.0220217 -0.0487884 -0.0742736 -0.0973286 -0.117237 -0.133799 -0.147224 -0.157958 -0.166526 -0.173427 -0.179086 -0.183835 -0.187922 -0.191525 -0.194771 -0.197751 -0.200533 -0.203168 -0.205698 -0.208158 -0.210577 -0.212979 -0.215382 -0.217799 -0.220236 -0.22269 -0.225154 -0.227608 -0.230027 -0.232376 -0.234609 -0.236674 -0.238507 -0.240036 -0.241182 -0.241854 -0.241951 -0.241529 -0.240513 -0.238829 -0.23642 -0.23324 -0.229261 -0.224473 -0.21888 -0.212506 -0.205388 -0.197577 -0.189137 -0.180141 -0.17067 -0.160808 -0.150645 -0.140268 -0.129764 -0.119216 -0.108704 -0.0982977 -0.0880643 -0.0780613 -0.0683389 -0.0589397 -0.0498985 -0.0412429 -0.0329938 -0.0251655 -0.0177668 -0.0108015 -0.00426869 0.00183624 0.00752116 0.0127967 0.0176755 0.0221722 0.0263025 0.030083 0.0335312 0.0366647 0.0395012 0.0420583 0.0443534 0.0464036 0.0482253 0.0498345 0.0512464 0.0524758 0.0535366 0.054442 0.0552046 0.0558362 0.0563479 0.0567502 0.057053 0.0572654 0.0573959 0.0574527 0.0574431 0.0573741 0.0572522 0.0570834 0.0568732 0.0566267 0.0563489 0.056044 0.0557162 0.0553693 0.0550068 0.054632 0.0542478 0.053857 0.0534622 0.0530658 0.0526699 0.0522765 0.0518877 0.051505 0.0511301 0.0507645 0.0504096 0.0500667 0.0497368 0.0494213 0.049121 0.0488369 0.0485699 0.0483209 0.0480905 0.0478795 0.0476884 0.047518 0.0473686 0.0472407 0.0471347 0.0470508 0.0469893 0.0469501 0.0469332 0.0469385 0.0469655 0.0470134 0.0470815 0.0471685 0.0472726 0.0473916 0.0475229 0.0476626 0.0478066 0.0479491 0.0480835 0.0482017 0.0482938 0.0483483 0.0483521 0.0482906 
0.0992295 0.0992801 0.0994567 0.0997591 0.100187 0.10074 0.101418 0.10222 0.103145 0.104192 0.10536 0.106646 0.108049 0.109564 0.11119 0.112921 0.11475 0.116672 0.118676 0.120753 0.122888 0.125065 0.127264 0.129459 0.131622 0.133715 0.135695 0.137508 0.139091 0.140368 0.141248 0.141626 0.141375 0.140353 0.138394 0.135314 0.13091 0.124967 0.117266 0.107598 0.0957823 0.0816974 0.0653098 0.0467145 0.0261728 0.00414146 -0.0187228 -0.0416031 -0.0636239 -0.0840032 -0.102199 -0.117973 -0.131355 -0.14256 -0.151902 -0.159714 -0.166307 -0.171948 -0.176852 -0.181185 -0.185077 -0.188624 -0.191901 -0.194969 -0.197874 -0.200655 -0.203345 -0.205968 -0.208543 -0.211084 -0.213597 -0.21608 -0.218525 -0.220916 -0.223227 -0.225427 -0.227473 -0.229316 -0.230897 -0.23215 -0.233001 -0.233364 -0.233147 -0.232452 -0.231204 -0.229338 -0.226804 -0.223564 -0.219594 -0.214887 -0.20945 -0.203303 -0.196483 -0.189036 -0.18102 -0.172501 -0.163551 -0.154248 -0.144669 -0.134896 -0.125005 -0.115072 -0.105168 -0.095358 -0.0857013 -0.0762513 -0.0670539 -0.0581487 -0.0495681 -0.0413383 -0.0334794 -0.0260056 -0.0189261 -0.0122454 -0.00596405 -7.88422e-05 0.00541635 0.0105302 0.0152736 0.0196589 0.0237 0.0274115 0.0308088 0.0339077 0.0367242 0.0392742 0.0415737 0.0436382 0.0454828 0.0471223 0.0485708 0.0498421 0.0509491 0.0519044 0.0527196 0.053406 0.0539742 0.0544341 0.0547951 0.055066 0.055255 0.0553699 0.0554179 0.0554056 0.0553395 0.0552252 0.0550683 0.0548739 0.0546466 0.0543907 0.0541105 0.0538095 0.0534913 0.0531591 0.052816 0.0524646 0.0521076 0.0517473 0.0513859 0.0510255 0.0506679 0.050315 0.0499683 0.0496294 0.0492995 0.0489801 0.0486724 0.0483773 0.048096 0.0478294 0.0475784 0.0473437 0.0471262 0.0469264 0.046745 0.0465825 0.0464393 0.0463159 0.0462125 0.0461293 0.0460665 0.0460239 0.0460013 0.0459986 0.046015 0.0460498 0.046102 0.0461701 0.0462523 0.0463463 0.0464492 0.0465575 0.0466669 0.0467721 0.0468669 0.0469439 0.0469946 0.0470094 0.0469774 0.0468875 
0.0964891 0.0965362 0.0967007 0.0969821 0.0973801 0.0978942 0.0985234 0.0992667 0.100123 0.10109 0.102166 0.103349 0.104634 0.10602 0.107499 0.109068 0.110718 0.112441 0.114227 0.116064 0.117935 0.119824 0.121708 0.123561 0.125352 0.127043 0.128591 0.129944 0.131038 0.131803 0.132152 0.131989 0.131202 0.129664 0.127234 0.123757 0.119071 0.113007 0.105401 0.0961063 0.0850078 0.0720444 0.0572312 0.0406845 0.022643 0.00347966 -0.0163059 -0.0361221 -0.0553518 -0.07344 -0.0899753 -0.104731 -0.117658 -0.128845 -0.13847 -0.146747 -0.153895 -0.160118 -0.165591 -0.170459 -0.17484 -0.178828 -0.182498 -0.185912 -0.189119 -0.192157 -0.195061 -0.197856 -0.200561 -0.203188 -0.205744 -0.208228 -0.210632 -0.212941 -0.215133 -0.217176 -0.219033 -0.220659 -0.222001 -0.223 -0.223588 -0.223691 -0.22323 -0.222314 -0.220888 -0.218895 -0.216291 -0.213043 -0.209135 -0.204559 -0.199325 -0.193452 -0.186972 -0.179927 -0.17237 -0.16436 -0.15596 -0.147239 -0.138268 -0.129117 -0.119856 -0.110553 -0.10127 -0.0920674 -0.0829984 -0.0741116 -0.0654492 -0.0570477 -0.0489376 -0.0411435 -0.0336849 -0.0265759 -0.0198261 -0.0134409 -0.00742205 -0.00176777 0.00352638 0.00846728 0.0130638 0.0173265 0.0212671 0.0248985 0.0282341 0.031288 0.0340743 0.0366075 0.0389019 0.0409715 0.0428304 0.0444919 0.0459691 0.0472748 0.0484211 0.0494195 0.0502811 0.0510166 0.0516357 0.0521481 0.0525625 0.0528875 0.0531308 0.0532999 0.0534018 0.053443 0.0534295 0.0533671 0.0532609 0.0531161 0.0529371 0.0527283 0.0524937 0.0522369 0.0519615 0.0516705 0.0513671 0.0510539 0.0507335 0.0504084 0.0500806 0.0497523 0.0494253 0.0491014 0.0487822 0.0484693 0.048164 0.0478676 0.0475814 0.0473064 0.0470437 0.0467942 0.0465588 0.0463382 0.0461332 0.0459445 0.0457725 0.0456177 0.0454807 0.0453617 0.0452609 0.0451784 0.0451144 0.0450686 0.0450408 0.0450306 0.0450373 0.04506 0.0450976 0.0451486 0.045211 0.0452827 0.0453607 0.0454416 0.0455214 0.0455952 0.0456575 0.0457017 0.0457205 0.0457061 0.0456496 0.0455432 
0.0936313 0.093675 0.0938273 0.0940879 0.0944562 0.0949313 0.0955122 0.0961975 0.0969854 0.0978738 0.0988599 0.0999405 0.101112 0.102369 0.103707 0.105118 0.106594 0.108126 0.109703 0.111311 0.112932 0.114549 0.116139 0.117674 0.119123 0.120449 0.121609 0.12255 0.123216 0.123538 0.123437 0.122827 0.121607 0.119669 0.116893 0.113152 0.108315 0.102253 0.0948458 0.0859914 0.075621 0.0637126 0.050307 0.0355239 0.0195722 0.00275343 -0.0145488 -0.0318962 -0.048839 -0.0649701 -0.0799722 -0.0936457 -0.105911 -0.116788 -0.126369 -0.134788 -0.142196 -0.148741 -0.154561 -0.159776 -0.164489 -0.168785 -0.172735 -0.176397 -0.179819 -0.18304 -0.186091 -0.188999 -0.191781 -0.194449 -0.19701 -0.199463 -0.2018 -0.204008 -0.206067 -0.207949 -0.20962 -0.21104 -0.212162 -0.212935 -0.2133 -0.213198 -0.212563 -0.211485 -0.209936 -0.207867 -0.205243 -0.202036 -0.198232 -0.193828 -0.188832 -0.183263 -0.17715 -0.170529 -0.163449 -0.155959 -0.148118 -0.139985 -0.131624 -0.123096 -0.114464 -0.105787 -0.0971231 -0.0885243 -0.0800397 -0.0717132 -0.0635836 -0.0556846 -0.0480447 -0.0406873 -0.033631 -0.0268901 -0.0204744 -0.0143901 -0.00864006 -0.00322388 0.00186133 0.00662075 0.0110615 0.0151922 0.0190228 0.0225643 0.0258284 0.0288274 0.0315738 0.0340805 0.0363603 0.038426 0.0402902 0.0419651 0.0434629 0.0447951 0.045973 0.0470074 0.0479086 0.0486866 0.0493506 0.0499096 0.0503721 0.050746 0.0510389 0.0512579 0.0514096 0.0515003 0.0515359 0.0515218 0.0514633 0.0513651 0.0512318 0.0510676 0.0508762 0.0506615 0.0504268 0.0501753 0.0499099 0.0496334 0.0493482 0.0490568 0.0487614 0.048464 0.0481665 0.0478707 0.0475781 0.0472904 0.0470089 0.0467349 0.0464696 0.0462141 0.0459694 0.0457365 0.0455162 0.0453093 0.0451165 0.0449384 0.0447756 0.0446284 0.0444973 0.0443826 0.0442844 0.0442028 0.0441378 0.0440892 0.0440566 0.0440396 0.0440374 0.0440492 0.0440736 0.0441092 0.0441542 0.0442062 0.0442626 0.04432 0.0443749 0.0444228 0.0444588 0.0444773 0.0444722 0.044437 0.044365 0.0442505 
0.0906648 0.090705 0.0908453 0.0910853 0.0914243 0.0918612 0.0923946 0.0930229 0.0937439 0.0945551 0.0954532 0.0964345 0.0974945 0.0986277 0.0998279 0.101088 0.102398 0.103748 0.105126 0.106517 0.107904 0.109268 0.110585 0.111828 0.112966 0.113963 0.114775 0.115356 0.11565 0.115594 0.115118 0.114143 0.112583 0.110344 0.107326 0.103426 0.0985402 0.0925701 0.0854287 0.0770484 0.0673913 0.0564596 0.0443066 0.0310455 0.0168554 0.00197955 -0.0132842 -0.0286042 -0.043644 -0.0580964 -0.0717127 -0.0843224 -0.0958364 -0.106239 -0.115572 -0.123913 -0.131364 -0.138031 -0.144018 -0.149422 -0.154328 -0.158811 -0.162934 -0.166751 -0.170305 -0.173635 -0.176769 -0.179732 -0.182541 -0.185207 -0.187735 -0.190127 -0.192375 -0.194466 -0.196384 -0.198104 -0.199595 -0.200823 -0.201749 -0.202327 -0.202512 -0.202253 -0.201501 -0.200317 -0.198696 -0.196598 -0.193995 -0.190866 -0.187199 -0.182994 -0.178258 -0.173009 -0.167272 -0.161082 -0.154477 -0.147505 -0.140215 -0.13266 -0.124895 -0.116975 -0.108955 -0.100889 -0.0928268 -0.0848162 -0.0769011 -0.0691214 -0.0615127 -0.0541061 -0.0469281 -0.040001 -0.0333427 -0.0269672 -0.0208848 -0.0151022 -0.00962327 -0.00444882 0.000422637 0.00499473 0.00927292 0.0132642 0.0169768 0.02042 0.0236038 0.026539 0.0292364 0.0317076 0.0339638 0.0360165 0.0378772 0.039557 0.041067 0.0424177 0.0436195 0.0446825 0.0456162 0.0464299 0.0471323 0.0477319 0.0482367 0.0486541 0.0489914 0.0492553 0.0494523 0.0495882 0.0496689 0.0496995 0.0496851 0.0496304 0.0495396 0.0494171 0.0492664 0.0490913 0.0488951 0.0486809 0.0484515 0.0482098 0.0479582 0.047699 0.0474345 0.0471666 0.0468974 0.0466284 0.0463615 0.0460979 0.0458393 0.0455867 0.0453416 0.0451048 0.0448776 0.0446607 0.044455 0.0442613 0.0440802 0.0439124 0.0437584 0.0436186 0.0434933 0.0433828 0.0432872 0.0432066 0.0431408 0.0430897 0.0430529 0.0430298 0.0430197 0.0430217 0.0430344 0.0430565 0.0430861 0.0431211 0.043159 0.0431967 0.0432309 0.0432577 0.0432729 0.0432717 0.0432491 0.0431999 0.0431189 0.0430023 
0.0875979 0.0876348 0.0877635 0.0879833 0.0882936 0.088693 0.0891801 0.0897529 0.0904088 0.091145 0.0919579 0.0928431 0.0937958 0.0948099 0.0958786 0.0969937 0.0981456 0.0993234 0.100514 0.101703 0.102872 0.104002 0.105069 0.106047 0.106904 0.107607 0.108114 0.108381 0.108357 0.107984 0.107199 0.105933 0.104112 0.101655 0.0984806 0.0945046 0.0896462 0.0838313 0.0769981 0.0691033 0.06013 0.0500945 0.0390543 0.0271127 0.014421 0.00117639 -0.0123875 -0.026015 -0.0394486 -0.0524511 -0.0648251 -0.0764259 -0.0871659 -0.0970112 -0.105972 -0.114093 -0.121436 -0.128076 -0.134092 -0.139559 -0.144545 -0.149113 -0.153319 -0.15721 -0.160826 -0.1642 -0.16736 -0.170329 -0.173121 -0.175748 -0.178214 -0.180521 -0.182662 -0.184627 -0.186401 -0.187961 -0.189284 -0.190338 -0.191091 -0.191507 -0.191546 -0.191171 -0.190346 -0.189103 -0.187452 -0.185363 -0.182814 -0.179789 -0.176281 -0.17229 -0.167824 -0.162898 -0.157536 -0.151767 -0.145626 -0.139155 -0.132395 -0.125395 -0.118202 -0.110864 -0.10343 -0.0959478 -0.0884617 -0.0810146 -0.073646 -0.0663922 -0.0592855 -0.0523547 -0.0456245 -0.0391159 -0.0328462 -0.0268291 -0.021075 -0.0155913 -0.0103824 -0.00545037 -0.000794862 0.00358639 0.00769741 0.0115436 0.0151318 0.0184696 0.0215656 0.0244289 0.0270691 0.0294963 0.0317204 0.0337518 0.0356006 0.037277 0.0387909 0.0401521 0.0413702 0.0424543 0.0434134 0.0442559 0.0449903 0.0456242 0.0461652 0.0466205 0.0469969 0.0473007 0.0475381 0.0477149 0.0478363 0.0479077 0.0479337 0.0479189 0.0478675 0.0477835 0.0476707 0.0475326 0.0473723 0.047193 0.0469976 0.0467886 0.0465686 0.04634 0.0461047 0.045865 0.0456225 0.0453792 0.0451365 0.0448961 0.0446592 0.0444273 0.0442013 0.0439826 0.0437719 0.0435704 0.0433787 0.0431976 0.0430279 0.04287 0.0427245 0.0425917 0.042472 0.0423657 0.0422727 0.0421932 0.0421269 0.0420738 0.0420332 0.0420048 0.0419877 0.041981 0.0419836 0.0419939 0.0420103 0.0420308 0.042053 0.0420742 0.0420916 0.0421016 0.0421006 0.0420847 0.0420497 0.0419916 0.0419064 0.0417918 
0.0844391 0.0844728 0.0845901 0.0847904 0.0850728 0.0854359 0.0858782 0.0863972 0.0869903 0.0876542 0.0883851 0.0891782 0.0900282 0.0909287 0.0918724 0.0928506 0.0938535 0.0948696 0.0958857 0.0968865 0.0978547 0.0987702 0.0996102 0.100349 0.100956 0.101399 0.10164 0.101638 0.101344 0.100709 0.0996749 0.0981826 0.0961675 0.0935627 0.0903004 0.0863136 0.0815397 0.0759235 0.0694221 0.0620097 0.0536827 0.0444658 0.0344156 0.0236241 0.0122189 0.000360202 -0.0117662 -0.0239602 -0.0360209 -0.0477618 -0.0590238 -0.0696846 -0.0796627 -0.0889159 -0.0974366 -0.105244 -0.112378 -0.118888 -0.12483 -0.130262 -0.135239 -0.139812 -0.144028 -0.147928 -0.151546 -0.154913 -0.158054 -0.160988 -0.163729 -0.166289 -0.168672 -0.170877 -0.172902 -0.174736 -0.176367 -0.177776 -0.178943 -0.179842 -0.180447 -0.180727 -0.180652 -0.180194 -0.179326 -0.178059 -0.17641 -0.174358 -0.171887 -0.168985 -0.165648 -0.161877 -0.15768 -0.153072 -0.148073 -0.14271 -0.137012 -0.131016 -0.12476 -0.118284 -0.11163 -0.104841 -0.0979607 -0.0910295 -0.0840882 -0.0771746 -0.0703246 -0.0635708 -0.0569428 -0.050467 -0.0441665 -0.038061 -0.0321671 -0.0264981 -0.0210645 -0.015874 -0.0109317 -0.00624044 -0.00180092 0.00238795 0.00632891 0.0100261 0.0134849 0.0167115 0.0197132 0.0224978 0.0250735 0.027449 0.0296332 0.0316353 0.0334644 0.0351295 0.0366396 0.0380038 0.0392307 0.0403287 0.0413061 0.0421708 0.0429304 0.0435925 0.0441639 0.0446514 0.0450614 0.0454 0.045673 0.0458859 0.0460439 0.0461518 0.0462144 0.0462359 0.0462205 0.0461719 0.046094 0.04599 0.0458631 0.0457163 0.0455525 0.0453741 0.0451838 0.0449837 0.0447761 0.0445627 0.0443457 0.0441265 0.0439069 0.0436884 0.0434722 0.0432598 0.0430521 0.0428505 0.0426557 0.0424687 0.0422904 0.0421214 0.0419625 0.0418141 0.0416767 0.0415508 0.0414365 0.0413342 0.0412439 0.0411656 0.0410991 0.0410443 0.0410006 0.0409676 0.0409444 0.0409303 0.040924 0.0409242 0.0409293 0.0409376 0.0409468 0.0409546 0.0409583 0.0409551 0.0409418 0.0409152 0.040872 0.040809 0.0407231 0.0406131 
0.0811966 0.0812271 0.0813334 0.0815148 0.0817704 0.0820986 0.0824976 0.0829651 0.0834979 0.0840927 0.0847453 0.0854507 0.0862032 0.0869962 0.087822 0.0886717 0.0895352 0.0904008 0.0912552 0.0920832 0.0928675 0.0935885 0.094224 0.094749 0.0951355 0.095352 0.0953637 0.095132 0.0946146 0.0937655 0.0925353 0.0908718 0.0887201 0.0860246 0.0827298 0.0787826 0.0741347 0.0687458 0.0625869 0.0556444 0.0479237 0.0394528 0.0302856 0.0205028 0.0102119 -0.000455952 -0.0113516 -0.022316 -0.0331899 -0.0438244 -0.0540897 -0.0638824 -0.0731285 -0.0817833 -0.089829 -0.0972699 -0.104127 -0.110433 -0.116228 -0.121553 -0.126453 -0.130968 -0.135136 -0.138992 -0.142567 -0.145886 -0.148972 -0.151841 -0.154507 -0.15698 -0.159264 -0.161359 -0.163262 -0.164966 -0.166459 -0.167728 -0.168754 -0.169517 -0.169994 -0.170163 -0.17 -0.169483 -0.168592 -0.167326 -0.165704 -0.163709 -0.161332 -0.158564 -0.155403 -0.151851 -0.147918 -0.143616 -0.138964 -0.133984 -0.128704 -0.123155 -0.117369 -0.111383 -0.105234 -0.0989585 -0.0925947 -0.0861796 -0.0797487 -0.0733363 -0.0669743 -0.0606923 -0.0545173 -0.0484735 -0.0425824 -0.0368625 -0.0313294 -0.0259962 -0.0208733 -0.0159684 -0.0112873 -0.00683331 -0.00260814 0.0013884 0.00515795 0.00870351 0.0120292 0.0151402 0.0180423 0.0207422 0.0232469 0.0255641 0.0277015 0.0296671 0.0314691 0.0331156 0.0346148 0.0359746 0.0372032 0.0383082 0.0392971 0.0401774 0.0409562 0.0416402 0.0422362 0.0427503 0.0431886 0.043557 0.0438608 0.0441053 0.0442954 0.0444359 0.0445311 0.0445852 0.0446023 0.044586 0.0445398 0.0444671 0.0443709 0.0442541 0.0441195 0.0439696 0.0438069 0.0436335 0.0434516 0.043263 0.0430697 0.0428733 0.0426755 0.0424775 0.0422809 0.0420869 0.0418966 0.0417111 0.0415314 0.0413583 0.0411927 0.0410352 0.0408865 0.0407472 0.0406176 0.0404982 0.0403893 0.0402909 0.0402033 0.0401263 0.0400599 0.0400037 0.0399575 0.0399205 0.0398922 0.0398717 0.0398579 0.0398496 0.0398453 0.0398433 0.0398419 0.0398388 0.0398318 0.0398184 0.0397961 0.0397621 0.0397139 0.0396488 0.0395647 0.0394609 
0.077878 0.0779056 0.0780013 0.0781647 0.0783945 0.0786894 0.0790471 0.0794653 0.0799408 0.0804699 0.0810483 0.0816708 0.0823314 0.0830234 0.0837388 0.0844688 0.0852029 0.0859295 0.0866355 0.0873057 0.0879233 0.0884693 0.0889224 0.0892588 0.089452 0.0894729 0.0892893 0.0888661 0.0881653 0.0871461 0.0857653 0.0839779 0.0817377 0.0789984 0.0757149 0.0718454 0.0673531 0.0622091 0.0563947 0.0499046 0.0427494 0.0349587 0.0265818 0.0176894 0.00837209 -0.00126219 -0.0110923 -0.0209902 -0.0308279 -0.0404848 -0.0498541 -0.0588481 -0.0674004 -0.0754672 -0.083025 -0.0900686 -0.096607 -0.10266 -0.108254 -0.11342 -0.118191 -0.1226 -0.126676 -0.130449 -0.133944 -0.137183 -0.140187 -0.142969 -0.145542 -0.147914 -0.150089 -0.152069 -0.15385 -0.155428 -0.156792 -0.157931 -0.158831 -0.159475 -0.159846 -0.159925 -0.159694 -0.159135 -0.158236 -0.156989 -0.155408 -0.153485 -0.15121 -0.148581 -0.145597 -0.142261 -0.138582 -0.134572 -0.130246 -0.125627 -0.120737 -0.115603 -0.110255 -0.104725 -0.0990434 -0.0932445 -0.0873612 -0.0814262 -0.0754714 -0.069527 -0.063622 -0.0577829 -0.0520345 -0.0463989 -0.0408959 -0.0355428 -0.0303546 -0.0253437 -0.0205203 -0.0158923 -0.0114656 -0.00724432 -0.00323058 0.000574921 0.00417293 0.00756546 0.0107556 0.0137474 0.0165457 0.019156 0.0215844 0.0238373 0.0259216 0.0278443 0.0296126 0.0312338 0.0327152 0.0340642 0.0352878 0.0363932 0.0373874 0.0382771 0.0390688 0.0397691 0.0403839 0.0409192 0.0413807 0.0417738 0.0421037 0.0423753 0.0425933 0.0427622 0.0428863 0.0429695 0.0430156 0.0430283 0.0430108 0.0429665 0.0428983 0.042809 0.0427012 0.0425776 0.0424403 0.0422917 0.0421337 0.0419682 0.0417971 0.041622 0.0414444 0.0412659 0.0410876 0.0409109 0.040737 0.0405667 0.0404012 0.0402412 0.0400876 0.039941 0.0398021 0.0396714 0.0395493 0.0394361 0.0393323 0.0392378 0.0391529 0.0390774 0.0390113 0.0389542 0.0389059 0.0388657 0.0388331 0.0388073 0.0387872 0.0387717 0.0387596 0.0387493 0.0387392 0.0387275 0.0387123 0.0386913 0.0386626 0.0386238 0.0385729 0.038508 0.0384274 0.0383309 
0.074491 0.0745157 0.0746014 0.0747476 0.074953 0.0752161 0.0755348 0.0759063 0.0763276 0.0767947 0.0773032 0.0778478 0.0784225 0.0790202 0.0796332 0.0802523 0.0808673 0.0814666 0.0820373 0.0825647 0.0830326 0.0834225 0.0837144 0.0838857 0.0839119 0.083766 0.0834184 0.0828376 0.0819897 0.0808386 0.0793469 0.0774761 0.0751872 0.072442 0.0692043 0.0654413 0.0611252 0.0562358 0.0507618 0.0447036 0.038075 0.030905 0.0232386 0.0151372 0.00667731 -0.00205143 -0.0109498 -0.0199134 -0.0288382 -0.0376254 -0.0461862 -0.0544459 -0.0623458 -0.0698441 -0.076915 -0.0835473 -0.089742 -0.0955094 -0.100867 -0.105836 -0.11044 -0.114705 -0.118655 -0.122313 -0.125701 -0.128837 -0.131738 -0.134416 -0.136883 -0.139145 -0.141207 -0.14307 -0.144731 -0.146188 -0.147431 -0.148453 -0.149241 -0.149783 -0.150064 -0.15007 -0.149786 -0.149201 -0.148303 -0.147086 -0.145558 -0.143713 -0.141547 -0.139059 -0.136249 -0.133121 -0.129684 -0.125948 -0.12193 -0.117646 -0.113119 -0.108371 -0.103429 -0.0983193 -0.0930711 -0.0877133 -0.0822751 -0.0767857 -0.0712731 -0.0657647 -0.0602862 -0.0548618 -0.0495138 -0.0442626 -0.0391265 -0.0341215 -0.0292618 -0.0245592 -0.0200236 -0.0156629 -0.0114833 -0.00748897 -0.0036828 -6.60639e-05 0.00336126 0.00660034 0.0096534 0.0125236 0.0152147 0.0177315 0.0200789 0.0222625 0.0242882 0.0261623 0.027891 0.0294808 0.0309383 0.0322701 0.0334827 0.0345825 0.0355759 0.0364691 0.0372682 0.0379791 0.0386074 0.0391588 0.0396385 0.0400516 0.040403 0.0406973 0.0409391 0.0411325 0.0412816 0.0413903 0.0414621 0.0415005 0.0415088 0.04149 0.0414471 0.0413828 0.0412995 0.0411999 0.041086 0.0409602 0.0408243 0.0406802 0.0405296 0.0403743 0.0402157 0.0400552 0.0398941 0.0397337 0.039575 0.0394191 0.0392669 0.0391193 0.038977 0.0388407 0.038711 0.0385885 0.0384735 0.0383664 0.0382674 0.0381768 0.0380945 0.0380207 0.0379551 0.0378975 0.0378476 0.0378048 0.0377687 0.0377384 0.0377131 0.0376918 0.0376733 0.0376563 0.0376394 0.0376211 0.0375995 0.0375731 0.0375401 0.0374986 0.0374471 0.037384 0.0373081 0.0372194 
0.0710427 0.0710647 0.0711409 0.0712708 0.0714532 0.0716863 0.0719681 0.0722958 0.0726661 0.0730752 0.0735183 0.0739904 0.0744851 0.0749957 0.0755141 0.0760314 0.0765375 0.0770212 0.0774697 0.077869 0.0782034 0.0784556 0.0786064 0.078635 0.0785185 0.0782321 0.0777492 0.0770414 0.0760785 0.074829 0.0732606 0.0713403 0.0690358 0.0663155 0.0631504 0.059515 0.0553888 0.0507578 0.0456163 0.0399686 0.0338298 0.0272278 0.0202029 0.0128086 0.00510967 -0.00281889 -0.010895 -0.0190329 -0.0271469 -0.0351552 -0.0429835 -0.050568 -0.0578568 -0.064811 -0.0714044 -0.0776224 -0.0834605 -0.0889226 -0.0940185 -0.0987629 -0.103173 -0.107267 -0.111065 -0.114585 -0.117844 -0.120859 -0.123641 -0.126204 -0.128555 -0.130701 -0.132647 -0.134393 -0.135938 -0.13728 -0.138411 -0.139326 -0.140015 -0.140468 -0.140673 -0.14062 -0.140298 -0.139697 -0.138809 -0.137628 -0.136158 -0.134397 -0.132341 -0.129992 -0.127351 -0.124423 -0.121215 -0.117739 -0.114007 -0.110036 -0.105845 -0.101454 -0.0968868 -0.0921664 -0.0873183 -0.0823682 -0.077342 -0.0722653 -0.0671633 -0.0620603 -0.0569795 -0.0519426 -0.0469701 -0.0420804 -0.0372904 -0.032615 -0.0280675 -0.0236592 -0.0193995 -0.0152963 -0.0113557 -0.0075823 -0.00397919 -0.000548217 0.00271004 0.00579606 0.00871135 0.0114582 0.0140398 0.0164597 0.0187223 0.0208323 0.0227948 0.0246152 0.026299 0.027852 0.0292801 0.0305891 0.031785 0.0328736 0.0338607 0.0347519 0.035553 0.0362693 0.0369062 0.0374687 0.0379618 0.0383904 0.0387589 0.0390718 0.0393333 0.0395474 0.0397179 0.0398486 0.0399428 0.0400039 0.040035 0.040039 0.0400187 0.0399769 0.0399158 0.0398379 0.0397455 0.0396404 0.0395248 0.0394003 0.0392688 0.0391318 0.0389907 0.038847 0.0387019 0.0385566 0.0384122 0.0382697 0.0381301 0.037994 0.0378624 0.0377358 0.0376148 0.0375 0.0373917 0.0372904 0.0371961 0.0371092 0.0370297 0.0369576 0.0368928 0.036835 0.0367839 0.0367392 0.0367002 0.0366664 0.0366369 0.0366108 0.0365872 0.036565 0.0365428 0.0365193 0.0364933 0.0364631 0.0364275 0.036385 0.0363342 0.0362741 0.0362038 0.0361233 
0.0675398 0.0675593 0.0676266 0.0677413 0.0679019 0.068107 0.0683543 0.0686409 0.0689637 0.0693187 0.0697013 0.0701062 0.0705272 0.0709576 0.0713894 0.071814 0.0722215 0.0726009 0.07294 0.0732253 0.073442 0.0735738 0.0736026 0.0735092 0.0732725 0.07287 0.0722776 0.0714699 0.0704204 0.0691016 0.0674856 0.0655446 0.0632515 0.0605806 0.0575089 0.0540165 0.0500885 0.0457159 0.040897 0.0356381 0.0299552 0.0238742 0.0174313 0.0106729 0.00365424 -0.00356161 -0.0109062 -0.0183084 -0.0256969 -0.0330034 -0.0401654 -0.0471279 -0.0538454 -0.0602822 -0.0664126 -0.0722203 -0.0776975 -0.0828433 -0.0876625 -0.0921642 -0.0963601 -0.100264 -0.103891 -0.107254 -0.110368 -0.113246 -0.115899 -0.118336 -0.120565 -0.122592 -0.12442 -0.126051 -0.127484 -0.128716 -0.129744 -0.130562 -0.131163 -0.131538 -0.13168 -0.13158 -0.131229 -0.13062 -0.129748 -0.128607 -0.127199 -0.125523 -0.123578 -0.121365 -0.118887 -0.116148 -0.113158 -0.109924 -0.10646 -0.10278 -0.0989004 -0.0948401 -0.0906189 -0.0862581 -0.0817797 -0.0772065 -0.0725613 -0.0678671 -0.0631461 -0.0584201 -0.05371 -0.0490353 -0.0444144 -0.0398645 -0.0354008 -0.0310373 -0.0267863 -0.0226585 -0.018663 -0.0148073 -0.0110976 -0.00753853 -0.00413354 -0.000884817 0.00220658 0.00514059 0.00791807 0.0105407 0.0130108 0.0153315 0.0175062 0.019539 0.0214343 0.0231966 0.0248309 0.0263422 0.0277359 0.029017 0.0301911 0.0312633 0.0322389 0.0331232 0.0339213 0.0346382 0.0352788 0.0358478 0.03635 0.0367896 0.0371711 0.0374985 0.0377759 0.038007 0.0381955 0.0383449 0.0384583 0.0385391 0.0385901 0.0386142 0.038614 0.0385922 0.038551 0.0384928 0.0384196 0.0383335 0.0382364 0.0381299 0.0380158 0.0378956 0.0377707 0.0376425 0.0375122 0.037381 0.0372499 0.0371199 0.0369919 0.0368667 0.036745 0.0366275 0.0365148 0.0364072 0.0363054 0.0362095 0.0361198 0.0360365 0.0359598 0.0358895 0.0358255 0.0357678 0.035716 0.0356698 0.0356287 0.035592 0.0355592 0.0355294 0.0355018 0.0354754 0.0354492 0.0354221 0.0353929 0.0353605 0.0353236 0.0352813 0.0352325 0.0351762 0.035112 0.0350399 
0.0639888 0.0640058 0.0640649 0.0641653 0.0643058 0.0644847 0.0646998 0.0649485 0.0652272 0.0655323 0.065859 0.0662021 0.0665556 0.0669128 0.0672661 0.0676069 0.0679256 0.0682118 0.0684538 0.0686389 0.0687528 0.0687804 0.0687051 0.068509 0.0681728 0.0676761 0.0669974 0.0661141 0.0650028 0.0636398 0.0620012 0.0600634 0.057804 0.055202 0.0522393 0.0489007 0.0451757 0.0410587 0.0365508 0.0316598 0.0264017 0.0208002 0.0148878 0.00870474 0.00229832 -0.0042781 -0.010967 -0.0177088 -0.0244437 -0.0311144 -0.0376676 -0.0440562 -0.0502399 -0.0561864 -0.0618711 -0.0672774 -0.0723951 -0.0772203 -0.0817541 -0.0860014 -0.0899699 -0.0936693 -0.0971102 -0.100304 -0.103261 -0.105992 -0.108506 -0.110811 -0.112913 -0.114818 -0.116528 -0.118045 -0.119369 -0.120498 -0.12143 -0.122159 -0.122681 -0.122989 -0.123077 -0.122938 -0.122566 -0.121956 -0.121104 -0.120006 -0.118661 -0.11707 -0.115233 -0.113152 -0.11083 -0.108272 -0.105486 -0.10248 -0.0992655 -0.0958558 -0.0922657 -0.0885114 -0.0846106 -0.0805823 -0.0764458 -0.0722213 -0.0679292 -0.0635895 -0.0592225 -0.0548473 -0.0504828 -0.0461466 -0.0418555 -0.0376248 -0.0334688 -0.0294003 -0.0254308 -0.0215702 -0.0178273 -0.0142093 -0.0107223 -0.00737095 -0.00415887 -0.00108851 0.00183868 0.00462221 0.00726242 0.00976042 0.012118 0.0143375 0.0164219 0.0183745 0.0201991 0.0218995 0.0234803 0.0249457 0.0263004 0.0275492 0.0286968 0.0297479 0.0307075 0.0315801 0.0323706 0.0330835 0.0337234 0.0342947 0.0348015 0.0352482 0.0356388 0.035977 0.0362666 0.0365113 0.0367143 0.0368791 0.0370088 0.0371063 0.0371745 0.037216 0.0372335 0.0372293 0.0372058 0.0371651 0.0371093 0.0370403 0.0369599 0.0368698 0.0367716 0.0366668 0.0365567 0.0364428 0.0363262 0.0362079 0.0360891 0.0359707 0.0358536 0.0357384 0.0356261 0.0355171 0.035412 0.0353114 0.0352155 0.0351248 0.0350395 0.0349598 0.0348857 0.0348173 0.0347545 0.0346971 0.034645 0.0345977 0.0345549 0.0345161 0.0344807 0.034448 0.0344173 0.0343879 0.0343587 0.034329 0.0342978 0.0342642 0.0342272 0.034186 0.0341399 0.0340882 0.0340305 0.033967 
0.0603955 0.0604103 0.0604617 0.0605489 0.0606706 0.0608254 0.0610109 0.0612244 0.0614627 0.0617219 0.0619974 0.0622842 0.0625764 0.0628674 0.0631499 0.0634155 0.0636552 0.063859 0.0640157 0.0641133 0.0641386 0.0640775 0.0639145 0.0636333 0.0632165 0.0626455 0.0619012 0.0609637 0.0598124 0.0584268 0.0567866 0.054872 0.0526643 0.0501467 0.0473049 0.0441274 0.040607 0.0367411 0.0325323 0.0279894 0.0231276 0.0179691 0.0125425 0.0068828 0.00103087 -0.00496796 -0.011065 -0.01721 -0.0233526 -0.029444 -0.0354389 -0.0412964 -0.0469812 -0.052464 -0.057722 -0.0627383 -0.067502 -0.072007 -0.0762518 -0.0802382 -0.0839707 -0.0874559 -0.0907013 -0.0937154 -0.0965065 -0.0990826 -0.101451 -0.103619 -0.105591 -0.107372 -0.108964 -0.11037 -0.111588 -0.112619 -0.113459 -0.114107 -0.114557 -0.114806 -0.114847 -0.114678 -0.114292 -0.113685 -0.112856 -0.111801 -0.11052 -0.109014 -0.107282 -0.105328 -0.103155 -0.100768 -0.0981738 -0.095381 -0.0923998 -0.0892417 -0.0859202 -0.0824496 -0.0788458 -0.0751254 -0.0713056 -0.0674043 -0.0634395 -0.0594292 -0.0553912 -0.0513429 -0.0473011 -0.0432816 -0.0392997 -0.0353693 -0.0315036 -0.0277142 -0.0240118 -0.0204058 -0.0169044 -0.0135145 -0.0102421 -0.00709182 -0.00406729 -0.00117118 0.00159479 0.00422977 0.00673368 0.00910718 0.0113515 0.0134686 0.0154608 0.0173307 0.0190817 0.0207172 0.0222408 0.0236565 0.0249684 0.0261807 0.0272976 0.0283234 0.0292626 0.0301193 0.030898 0.0316028 0.0322378 0.0328072 0.033315 0.0337649 0.0341607 0.0345061 0.0348046 0.0350594 0.0352739 0.0354511 0.0355941 0.0357055 0.0357882 0.0358447 0.0358774 0.0358887 0.0358807 0.0358555 0.0358151 0.0357614 0.035696 0.0356206 0.0355368 0.035446 0.0353495 0.0352486 0.0351445 0.0350382 0.0349308 0.0348231 0.0347159 0.0346102 0.0345065 0.0344054 0.0343076 0.0342134 0.0341232 0.0340375 0.0339563 0.03388 0.0338086 0.0337421 0.0336805 0.0336237 0.0335715 0.0335235 0.0334796 0.0334392 0.0334018 0.0333669 0.033334 0.0333022 0.033271 0.0332397 0.0332073 0.0331734 0.0331371 0.0330978 0.033055 0.0330083 0.0329573 0.0329024 
0.0567655 0.0567783 0.0568225 0.0568975 0.0570021 0.0571346 0.057293 0.0574744 0.0576756 0.057893 0.0581221 0.058358 0.0585949 0.0588265 0.0590457 0.0592446 0.0594145 0.059546 0.0596286 0.059651 0.0596009 0.0594652 0.0592299 0.0588799 0.0583995 0.0577721 0.0569807 0.0560077 0.0548353 0.0534458 0.0518218 0.0499468 0.0478055 0.0453843 0.042672 0.0396604 0.0363444 0.0327236 0.0288019 0.0245884 0.0200976 0.0153495 0.0103697 0.0051889 -0.000157836 -0.00563164 -0.0111911 -0.0167935 -0.0223959 -0.027957 -0.0334377 -0.0388026 -0.0440206 -0.0490654 -0.0539158 -0.0585556 -0.0629733 -0.0671618 -0.0711176 -0.0748404 -0.0783323 -0.0815973 -0.0846407 -0.0874686 -0.0900872 -0.0925029 -0.0947216 -0.0967486 -0.0985883 -0.100244 -0.101719 -0.103014 -0.10413 -0.105067 -0.105822 -0.106393 -0.106778 -0.106973 -0.106975 -0.106779 -0.106384 -0.105785 -0.104981 -0.10397 -0.102752 -0.101328 -0.099698 -0.0978655 -0.0958339 -0.0936083 -0.0911952 -0.0886022 -0.0858386 -0.082915 -0.0798433 -0.0766363 -0.0733081 -0.0698733 -0.0663474 -0.0627462 -0.0590855 -0.0553816 -0.0516501 -0.0479068 -0.0441665 -0.0404438 -0.0367522 -0.0331045 -0.0295127 -0.0259875 -0.0225388 -0.0191754 -0.0159049 -0.012734 -0.00966828 -0.00671241 -0.00387003 -0.0011439 0.00146405 0.0039527 0.00632165 0.00857117 0.0107021 0.0127159 0.0146143 0.0163998 0.0180749 0.0196425 0.021106 0.0224687 0.0237343 0.0249064 0.0259889 0.0269856 0.0279005 0.0287374 0.0295003 0.0301931 0.0308195 0.0313834 0.0318883 0.0323378 0.0327355 0.0330848 0.0333887 0.0336507 0.0338735 0.0340603 0.0342137 0.0343365 0.0344312 0.0345001 0.0345458 0.0345703 0.0345758 0.0345642 0.0345374 0.0344971 0.0344452 0.034383 0.0343121 0.034234 0.0341497 0.0340607 0.033968 0.0338726 0.0337756 0.0336777 0.0335799 0.0334828 0.0333871 0.0332934 0.0332022 0.0331141 0.0330293 0.0329482 0.032871 0.032798 0.0327291 0.0326646 0.0326044 0.0325483 0.0324962 0.032448 0.0324032 0.0323617 0.0323229 0.0322864 0.0322518 0.0322185 0.0321859 0.0321535 0.0321208 0.0320871 0.0320521 0.0320152 0.0319762 0.0319347 0.0318906 0.0318443 
0.0531038 0.0531147 0.0531525 0.0532164 0.0533053 0.0534175 0.0535511 0.0537033 0.053871 0.0540507 0.0542379 0.054428 0.0546155 0.0547942 0.0549574 0.0550977 0.0552068 0.0552757 0.0552947 0.0552533 0.0551401 0.0549431 0.0546494 0.0542453 0.0537168 0.053049 0.0522268 0.0512349 0.0500576 0.04868 0.0470872 0.0452655 0.0432024 0.0408869 0.0383105 0.0354672 0.0323541 0.0289719 0.0253256 0.0214241 0.0172811 0.0129148 0.00834798 0.00360739 -0.00127648 -0.00627022 -0.0113384 -0.0164445 -0.0215519 -0.026625 -0.0316304 -0.036537 -0.0413176 -0.0459486 -0.0504105 -0.054688 -0.0587695 -0.0626474 -0.0663169 -0.0697763 -0.0730258 -0.0760677 -0.0789052 -0.0815427 -0.0839848 -0.0862362 -0.0883018 -0.0901856 -0.0918915 -0.0934224 -0.0947805 -0.0959673 -0.0969834 -0.0978285 -0.0985018 -0.0990017 -0.0993262 -0.0994729 -0.0994392 -0.0992226 -0.0988207 -0.0982317 -0.0974541 -0.0964872 -0.0953311 -0.0939862 -0.0924543 -0.0907378 -0.0888407 -0.0867676 -0.0845247 -0.082119 -0.079559 -0.0768542 -0.0740151 -0.0710534 -0.0679815 -0.0648123 -0.0615597 -0.0582375 -0.05486 -0.0514415 -0.0479961 -0.0445378 -0.0410799 -0.0376355 -0.0342169 -0.0308357 -0.0275028 -0.0242279 -0.0210203 -0.0178881 -0.0148384 -0.0118776 -0.00901095 -0.00624302 -0.00357741 -0.00101694 0.00143634 0.00378111 0.0060167 0.00814308 0.0101608 0.0120707 0.0138745 0.0155739 0.0171712 0.0186688 0.0200695 0.0213764 0.0225925 0.0237213 0.0247659 0.0257301 0.0266171 0.0274307 0.0281744 0.0288516 0.0294659 0.0300207 0.0305193 0.0309652 0.0313615 0.0317114 0.0320179 0.0322839 0.0325123 0.0327059 0.0328672 0.0329987 0.033103 0.0331822 0.0332386 0.0332742 0.0332912 0.0332912 0.0332762 0.0332479 0.0332077 0.0331572 0.0330979 0.0330311 0.0329579 0.0328796 0.0327972 0.0327118 0.0326242 0.0325354 0.032446 0.0323569 0.0322686 0.0321817 0.0320968 0.0320142 0.0319344 0.0318577 0.0317843 0.0317144 0.0316481 0.0315856 0.0315267 0.0314715 0.0314198 0.0313714 0.0313263 0.0312839 0.0312441 0.0312065 0.0311708 0.0311364 0.031103 0.0310701 0.0310375 0.0310046 0.0309712 0.0309371 0.030902 0.0308658 0.0308286 0.0307908 
0.049415 0.0494243 0.0494562 0.04951 0.0495846 0.0496786 0.0497897 0.0499156 0.0500532 0.050199 0.0503489 0.0504983 0.050642 0.0507741 0.0508884 0.0509777 0.0510343 0.0510498 0.0510151 0.0509205 0.0507557 0.0505094 0.05017 0.0497253 0.0491625 0.0484685 0.04763 0.0466335 0.0454656 0.0441133 0.0425643 0.0408071 0.0388315 0.0366289 0.0341927 0.0315188 0.0286059 0.0254556 0.0220733 0.0184678 0.0146519 0.010642 0.00645842 0.00212462 -0.00233288 -0.00688525 -0.011502 -0.0161517 -0.020803 -0.0254253 -0.0299894 -0.0344686 -0.0388386 -0.0430784 -0.0471703 -0.0510999 -0.054856 -0.0584307 -0.0618186 -0.0650169 -0.0680245 -0.0708423 -0.0734723 -0.0759171 -0.0781802 -0.0802653 -0.0821758 -0.0839151 -0.0854864 -0.0868921 -0.0881343 -0.0892142 -0.0901326 -0.0908895 -0.0914845 -0.0919167 -0.0921846 -0.0922867 -0.0922213 -0.0919865 -0.0915809 -0.0910032 -0.0902527 -0.0893291 -0.088233 -0.0869648 -0.0855264 -0.0839205 -0.0821507 -0.0802216 -0.0781388 -0.0759089 -0.0735394 -0.071039 -0.0684171 -0.0656841 -0.0628509 -0.0599292 -0.0569312 -0.0538691 -0.0507558 -0.0476038 -0.0444259 -0.0412344 -0.0380414 -0.0348586 -0.031697 -0.0285673 -0.0254792 -0.0224419 -0.0194636 -0.0165518 -0.0137134 -0.0109542 -0.00827934 -0.00569306 -0.00319894 -0.000799793 0.00150225 0.00370573 0.00580979 0.00781414 0.009719 0.0115251 0.0132335 0.0148457 0.0163636 0.0177892 0.0191251 0.0203736 0.0215377 0.0226201 0.023624 0.0245525 0.0254086 0.0261956 0.0269167 0.0275751 0.028174 0.0287166 0.0292059 0.029645 0.0300369 0.0303845 0.0306906 0.030958 0.0311892 0.031387 0.0315536 0.0316916 0.0318031 0.0318904 0.0319554 0.0320002 0.0320267 0.0320367 0.0320318 0.0320137 0.0319838 0.0319436 0.0318945 0.0318377 0.0317744 0.0317057 0.0316326 0.0315562 0.0314772 0.0313966 0.031315 0.0312331 0.0311516 0.031071 0.0309919 0.0309145 0.0308394 0.0307667 0.0306969 0.03063 0.0305661 0.0305055 0.0304481 0.0303938 0.0303426 0.0302944 0.030249 0.0302062 0.0301657 0.0301273 0.0300908 0.0300557 0.0300219 0.0299889 0.0299567 0.0299249 0.0298933 0.0298621 0.029831 0.0298001 0.0297697 0.0297403 
0.0457035 0.0457112 0.0457378 0.0457825 0.0458444 0.0459218 0.046013 0.0461154 0.0462261 0.0463418 0.0464586 0.0465722 0.0466775 0.0467691 0.046841 0.0468866 0.0468986 0.0468692 0.0467901 0.0466522 0.0464461 0.0461617 0.0457883 0.0453149 0.0447303 0.0440227 0.0431805 0.0421919 0.0410455 0.0397302 0.0382355 0.0365519 0.0346713 0.0325869 0.0302938 0.0277893 0.0250731 0.0221478 0.0190188 0.0156946 0.0121871 0.00851118 0.00468478 0.00072862 -0.00333418 -0.00747861 -0.0116783 -0.0159063 -0.0201353 -0.0243391 -0.0284923 -0.0325714 -0.0365552 -0.0404249 -0.0441644 -0.0477605 -0.0512024 -0.0544823 -0.0575945 -0.0605354 -0.0633033 -0.065898 -0.0683202 -0.0705718 -0.072655 -0.0745725 -0.0763271 -0.0779215 -0.0793581 -0.080639 -0.0817661 -0.0827406 -0.0835632 -0.0842343 -0.0847538 -0.0851212 -0.0853357 -0.0853962 -0.0853016 -0.085051 -0.0846433 -0.0840778 -0.0833544 -0.0824731 -0.0814348 -0.0802403 -0.0788912 -0.0773903 -0.0757411 -0.0739478 -0.0720157 -0.0699508 -0.06776 -0.0654509 -0.063032 -0.0605125 -0.0579023 -0.0552117 -0.0524513 -0.0496323 -0.0467659 -0.0438633 -0.0409359 -0.0379948 -0.0350506 -0.032114 -0.0291949 -0.0263028 -0.0234467 -0.0206349 -0.0178749 -0.0151737 -0.0125376 -0.00997201 -0.00748182 -0.00507111 -0.00274332 -0.000501209 0.00165307 0.00371795 0.00569244 0.00757606 0.0093688 0.0110711 0.0126838 0.014208 0.0156453 0.0169975 0.0182665 0.0194546 0.0205643 0.021598 0.0225585 0.0234485 0.0242708 0.0250283 0.0257239 0.0263606 0.0269411 0.0274685 0.0279455 0.028375 0.0287597 0.0291022 0.0294053 0.0296714 0.029903 0.0301025 0.0302722 0.0304143 0.0305309 0.0306241 0.0306959 0.030748 0.0307822 0.0308004 0.0308039 0.0307945 0.0307734 0.0307422 0.030702 0.030654 0.0305994 0.0305393 0.0304745 0.0304062 0.030335 0.0302617 0.0301872 0.030112 0.0300367 0.0299618 0.029888 0.0298154 0.0297446 0.0296758 0.0296092 0.0295452 0.0294837 0.0294249 0.0293689 0.0293156 0.029265 0.0292171 0.0291717 0.0291286 0.0290877 0.0290488 0.0290117 0.0289763 0.0289422 0.0289094 0.0288777 0.0288471 0.0288175 0.028789 0.0287618 0.0287361 0.0287122 0.0286907 
0.0419729 0.0419793 0.0420011 0.0420378 0.0420882 0.042151 0.0422244 0.0423059 0.0423929 0.0424822 0.0425701 0.0426524 0.0427245 0.0427813 0.0428171 0.0428257 0.0428005 0.0427343 0.0426192 0.0424472 0.0422094 0.0418968 0.0414999 0.0410088 0.0404133 0.0397034 0.0388686 0.0378989 0.0367843 0.0355156 0.0340839 0.0324815 0.0307018 0.0287395 0.0265912 0.0242551 0.021732 0.0190248 0.016139 0.0130827 0.00986684 0.00650485 0.00301274 -0.000591245 -0.00428689 -0.00805243 -0.011865 -0.0157013 -0.0195377 -0.0233514 -0.0271204 -0.0308241 -0.0344438 -0.0379628 -0.0413665 -0.0446429 -0.0477819 -0.0507759 -0.0536191 -0.0563076 -0.0588391 -0.0612127 -0.0634284 -0.0654873 -0.0673908 -0.0691408 -0.0707394 -0.0721889 -0.0734911 -0.074648 -0.075661 -0.0765315 -0.0772601 -0.0778475 -0.0782937 -0.0785986 -0.0787619 -0.0787831 -0.0786614 -0.0783964 -0.0779877 -0.0774348 -0.0767381 -0.0758978 -0.074915 -0.0737908 -0.0725268 -0.0711256 -0.0695904 -0.0679254 -0.0661353 -0.0642255 -0.0622022 -0.0600725 -0.0578437 -0.0555242 -0.0531225 -0.050648 -0.0481101 -0.0455186 -0.0428835 -0.0402148 -0.0375226 -0.0348168 -0.0321069 -0.0294025 -0.0267124 -0.0240453 -0.0214093 -0.0188118 -0.0162599 -0.0137599 -0.0113176 -0.00893815 -0.00662598 -0.00438502 -0.00221855 -0.000129265 0.00188069 0.00380972 0.00565672 0.00742107 0.00910258 0.0107015 0.0122183 0.013654 0.0150098 0.0162873 0.017488 0.0186139 0.0196671 0.0206499 0.0215646 0.0224136 0.0231996 0.023925 0.0245925 0.0252047 0.0257642 0.0262737 0.0267357 0.0271529 0.0275278 0.0278627 0.0281603 0.0284227 0.0286522 0.0288512 0.0290218 0.0291659 0.0292856 0.0293828 0.0294593 0.0295169 0.0295573 0.0295819 0.0295924 0.0295902 0.0295766 0.0295529 0.0295204 0.0294801 0.0294331 0.0293805 0.0293232 0.029262 0.0291977 0.0291311 0.0290629 0.0289937 0.0289241 0.0288545 0.0287855 0.0287174 0.0286505 0.0285853 0.0285218 0.0284604 0.0284011 0.0283442 0.0282895 0.0282373 0.0281874 0.0281398 0.0280944 0.0280512 0.0280101 0.0279709 0.0279335 0.0278977 0.0278636 0.027831 0.0278 0.0277705 0.0277427 0.0277169 0.0276933 0.0276723 0.0276544 0.0276405 
0.0382268 0.038232 0.0382496 0.038279 0.0383194 0.0383693 0.038427 0.0384903 0.0385566 0.0386229 0.0386857 0.0387412 0.038785 0.0388123 0.0388178 0.0387959 0.0387404 0.0386446 0.0385015 0.0383035 0.0380429 0.0377113 0.0373003 0.0368011 0.0362047 0.0355021 0.0346845 0.033743 0.0326692 0.0314553 0.0300939 0.0285787 0.0269044 0.0250671 0.0230642 0.0208952 0.0185612 0.0160655 0.0134134 0.0106128 0.00767346 0.00460768 0.00142966 -0.00184448 -0.00519703 -0.008609 -0.0120605 -0.0155313 -0.019001 -0.0224497 -0.0258581 -0.0292084 -0.0324841 -0.0356702 -0.0387538 -0.0417238 -0.044571 -0.0472881 -0.0498694 -0.0523111 -0.0546104 -0.056766 -0.0587774 -0.060645 -0.0623697 -0.063953 -0.0653963 -0.0667015 -0.0678701 -0.0689038 -0.069804 -0.0705717 -0.0712079 -0.0717133 -0.0720881 -0.0723325 -0.0724465 -0.07243 -0.0722826 -0.0720043 -0.071595 -0.0710547 -0.0703838 -0.069583 -0.0686533 -0.0675963 -0.0664131 -0.0651063 -0.0636791 -0.0621352 -0.0604788 -0.058715 -0.0568493 -0.0548879 -0.0528375 -0.0507054 -0.0484994 -0.0462275 -0.0438982 -0.0415202 -0.0391023 -0.0366534 -0.0341824 -0.0316982 -0.0292093 -0.0267242 -0.0242509 -0.0217971 -0.0193702 -0.0169769 -0.0146236 -0.0123161 -0.0100597 -0.00785919 -0.00571871 -0.00364193 -0.00163196 0.000308595 0.00217764 0.00397357 0.00569522 0.00734186 0.00891317 0.0104092 0.0118303 0.0131772 0.0144509 0.0156526 0.0167837 0.0178459 0.018841 0.0197709 0.0206378 0.0214437 0.022191 0.0228819 0.0235188 0.0241041 0.0246402 0.0251293 0.0255739 0.0259764 0.026339 0.026664 0.0269537 0.0272102 0.0274355 0.0276319 0.0278012 0.0279453 0.0280662 0.0281655 0.0282451 0.0283065 0.0283513 0.0283809 0.0283969 0.0284005 0.028393 0.0283757 0.0283496 0.0283159 0.0282756 0.0282295 0.0281786 0.0281238 0.0280657 0.028005 0.0279425 0.0278787 0.0278142 0.0277494 0.0276848 0.0276207 0.0275575 0.0274955 0.0274349 0.027376 0.0273188 0.0272635 0.0272102 0.027159 0.0271098 0.0270626 0.0270174 0.0269742 0.0269329 0.0268934 0.0268557 0.0268198 0.0267856 0.0267533 0.0267228 0.0266943 0.0266681 0.0266445 0.0266241 0.0266073 0.0265948 0.0265876 
0.034468 0.0344721 0.0344861 0.0345093 0.0345408 0.0345795 0.0346236 0.0346711 0.0347195 0.034766 0.0348075 0.0348403 0.0348603 0.0348631 0.0348439 0.0347973 0.0347178 0.0345993 0.0344353 0.034219 0.0339434 0.0336011 0.0331845 0.0326858 0.0320971 0.0314106 0.0306186 0.0297134 0.028688 0.0275358 0.0262506 0.0248274 0.023262 0.0215516 0.0196944 0.0176905 0.0155416 0.0132509 0.0108239 0.00826766 0.00559139 0.00280603 -7.57344e-05 -0.00303966 -0.00607019 -0.00915074 -0.012264 -0.0153923 -0.018518 -0.0216237 -0.0246927 -0.0277093 -0.030659 -0.0335286 -0.0363065 -0.0389827 -0.0415488 -0.043998 -0.046325 -0.0485257 -0.0505975 -0.0525387 -0.0543486 -0.0560271 -0.0575748 -0.0589926 -0.0602818 -0.0614437 -0.0624798 -0.0633915 -0.0641799 -0.0648463 -0.0653916 -0.0658164 -0.0661213 -0.0663067 -0.0663729 -0.0663198 -0.0661478 -0.0658567 -0.065447 -0.0649188 -0.0642728 -0.0635098 -0.0626308 -0.0616375 -0.0605311 -0.0593139 -0.0579889 -0.0565593 -0.0550292 -0.0534029 -0.0516855 -0.0498825 -0.0479998 -0.0460439 -0.0440216 -0.0419401 -0.0398069 -0.0376296 -0.0354161 -0.0331742 -0.0309118 -0.0286368 -0.0263568 -0.0240793 -0.0218115 -0.0195603 -0.0173324 -0.0151338 -0.0129703 -0.0108472 -0.0087693 -0.00674103 -0.00476624 -0.00284835 -0.00099027 0.000805515 0.00253698 0.00420254 0.00580101 0.0073316 0.00879386 0.0101877 0.0115134 0.0127714 0.0139625 0.0150877 0.0161482 0.0171454 0.0180808 0.0189563 0.0197735 0.0205344 0.021241 0.0218953 0.0224995 0.0230557 0.023566 0.0240325 0.0244575 0.024843 0.0251911 0.025504 0.0257837 0.0260321 0.0262512 0.0264429 0.026609 0.0267514 0.0268716 0.0269714 0.0270523 0.0271159 0.0271636 0.0271968 0.0272168 0.0272249 0.0272224 0.0272102 0.0271895 0.0271613 0.0271266 0.0270861 0.0270409 0.0269915 0.0269389 0.0268835 0.026826 0.0267671 0.0267071 0.0266466 0.026586 0.0265256 0.0264657 0.0264067 0.0263488 0.0262921 0.0262369 0.0261832 0.0261312 0.0260809 0.0260324 0.0259856 0.0259406 0.0258974 0.025856 0.0258163 0.0257784 0.0257422 0.025708 0.0256757 0.0256455 0.0256178 0.0255928 0.025571 0.0255531 0.0255397 0.0255317 0.0255303 
0.0306993 0.0307025 0.0307132 0.030731 0.030755 0.0307839 0.0308164 0.0308503 0.0308835 0.0309134 0.030937 0.0309509 0.0309514 0.0309344 0.0308954 0.0308297 0.030732 0.030597 0.0304186 0.030191 0.0299076 0.029562 0.0291473 0.0286567 0.0280834 0.0274205 0.0266614 0.0257995 0.0248289 0.0237441 0.0225401 0.0212127 0.0197589 0.0181765 0.0164646 0.0146237 0.0126557 0.0105641 0.008354 0.00603209 0.00360671 0.00108772 -0.00151356 -0.00418456 -0.00691159 -0.00968014 -0.0124751 -0.0152812 -0.0180829 -0.0208651 -0.0236134 -0.0263139 -0.028954 -0.0315219 -0.0340075 -0.0364017 -0.038697 -0.0408871 -0.042967 -0.0449329 -0.0467822 -0.0485132 -0.0501248 -0.0516168 -0.0529896 -0.0542437 -0.0553803 -0.0564003 -0.0573052 -0.058096 -0.0587741 -0.0593404 -0.059796 -0.0601416 -0.060378 -0.0605056 -0.060525 -0.0604364 -0.0602402 -0.0599367 -0.0595264 -0.0590097 -0.0583874 -0.0576604 -0.0568297 -0.0558969 -0.0548634 -0.0537311 -0.0525028 -0.0511814 -0.0497704 -0.048274 -0.0466964 -0.0450426 -0.0433179 -0.0415279 -0.0396786 -0.0377764 -0.0358279 -0.0338398 -0.031819 -0.0297725 -0.0277072 -0.0256301 -0.0235479 -0.0214674 -0.0193948 -0.0173365 -0.0152982 -0.0132856 -0.0113038 -0.00935751 -0.00745125 -0.00558898 -0.00377426 -0.00201024 -0.000299651 0.00135517 0.00295229 0.00449018 0.00596764 0.00738384 0.00873829 0.0100308 0.0112614 0.0124306 0.0135388 0.014587 0.015576 0.0165072 0.0173818 0.0182013 0.0189673 0.0196815 0.0203456 0.0209614 0.0215309 0.022056 0.0225385 0.0229804 0.0233836 0.0237501 0.0240818 0.0243805 0.0246482 0.0248866 0.0250976 0.0252828 0.025444 0.0255827 0.0257006 0.0257992 0.0258799 0.0259442 0.0259934 0.0260288 0.0260516 0.026063 0.0260641 0.026056 0.0260396 0.0260159 0.0259859 0.0259502 0.0259097 0.0258652 0.0258172 0.0257664 0.0257135 0.0256588 0.0256029 0.0255462 0.0254892 0.0254321 0.0253753 0.025319 0.0252635 0.0252089 0.0251555 0.0251033 0.0250525 0.0250031 0.0249552 0.0249088 0.024864 0.0248208 0.0247792 0.0247393 0.0247011 0.0246646 0.0246301 0.0245977 0.0245677 0.0245403 0.024516 0.0244954 0.0244792 0.0244683 0.0244637 0.0244668 
0.0269228 0.0269253 0.0269333 0.0269464 0.0269639 0.0269847 0.0270072 0.0270298 0.0270504 0.0270665 0.0270754 0.0270739 0.0270588 0.0270263 0.0269722 0.0268923 0.0267819 0.0266359 0.0264492 0.0262163 0.0259316 0.0255892 0.0251832 0.0247075 0.0241563 0.0235236 0.0228036 0.0219911 0.0210807 0.0200681 0.0189492 0.0177207 0.0163803 0.0149266 0.0133592 0.0116789 0.00988795 0.00798973 0.00598911 0.00389231 0.00170691 -0.000558213 -0.00289299 -0.00528629 -0.0077261 -0.0101997 -0.012694 -0.0151955 -0.0176909 -0.0201669 -0.0226111 -0.0250113 -0.0273564 -0.0296363 -0.0318418 -0.033965 -0.0359991 -0.0379385 -0.0397785 -0.0415158 -0.0431478 -0.0446727 -0.0460896 -0.0473982 -0.0485984 -0.049691 -0.0506767 -0.0515565 -0.0523315 -0.0530029 -0.0535718 -0.0540394 -0.0544065 -0.0546742 -0.0548431 -0.0549139 -0.0548874 -0.0547638 -0.0545439 -0.054228 -0.0538168 -0.0533108 -0.0527109 -0.052018 -0.0512332 -0.0503579 -0.0493935 -0.0483418 -0.047205 -0.045986 -0.0446878 -0.0433141 -0.0418686 -0.0403557 -0.03878 -0.0371466 -0.0354606 -0.0337277 -0.0319536 -0.0301443 -0.0283057 -0.026444 -0.0245654 -0.0226758 -0.0207814 -0.018888 -0.0170013 -0.0151269 -0.0132698 -0.0114351 -0.00962738 -0.00785102 -0.00610997 -0.00440784 -0.0027479 -0.00113303 0.000434236 0.00195173 0.00341763 0.00483045 0.00618905 0.00749258 0.00874049 0.00993252 0.0110687 0.0121491 0.0131744 0.0141451 0.0150621 0.0159264 0.016739 0.0175014 0.0182148 0.0188808 0.0195008 0.0200765 0.0206096 0.0211017 0.0215545 0.0219699 0.0223495 0.0226951 0.0230085 0.0232912 0.0235451 0.0237717 0.0239728 0.0241498 0.0243043 0.0244378 0.0245518 0.0246477 0.0247268 0.0247904 0.0248397 0.024876 0.0249003 0.0249138 0.0249176 0.0249124 0.0248994 0.0248793 0.024853 0.0248213 0.0247849 0.0247444 0.0247005 0.0246537 0.0246046 0.0245537 0.0245014 0.0244482 0.0243944 0.0243403 0.0242862 0.0242324 0.0241791 0.0241264 0.0240746 0.0240238 0.0239741 0.0239255 0.0238782 0.0238322 0.0237875 0.0237442 0.0237025 0.0236622 0.0236236 0.0235867 0.0235518 0.023519 0.0234887 0.0234612 0.023437 0.0234169 0.0234015 0.0233919 0.0233894 0.0233953 
0.0231407 0.0231424 0.0231482 0.0231574 0.0231695 0.0231834 0.0231978 0.023211 0.0232212 0.0232261 0.0232233 0.0232099 0.0231828 0.0231386 0.0230737 0.0229842 0.0228657 0.022714 0.0225243 0.0222917 0.0220114 0.0216781 0.0212867 0.0208319 0.0203086 0.0197117 0.0190365 0.0182782 0.0174327 0.0164962 0.0154656 0.0143383 0.0131127 0.0117879 0.0103638 0.00884182 0.00722403 0.00551387 0.00371591 0.00183589 -0.000119307 -0.00214171 -0.00422236 -0.00635142 -0.00851836 -0.010712 -0.012921 -0.0151336 -0.0173382 -0.0195234 -0.0216782 -0.0237921 -0.0258556 -0.0278596 -0.0297963 -0.0316586 -0.0334406 -0.0351372 -0.0367444 -0.038259 -0.0396788 -0.041002 -0.0422279 -0.043356 -0.0443865 -0.0453197 -0.0461565 -0.0468978 -0.0475445 -0.0480979 -0.048559 -0.048929 -0.0492089 -0.0493996 -0.049502 -0.0495169 -0.0494451 -0.0492871 -0.0490435 -0.0487151 -0.0483025 -0.0478064 -0.0472275 -0.0465669 -0.0458255 -0.0450048 -0.0441061 -0.0431308 -0.0420809 -0.0409589 -0.0397676 -0.0385101 -0.0371896 -0.0358101 -0.0343754 -0.0328901 -0.0313586 -0.0297858 -0.0281768 -0.0265367 -0.0248707 -0.0231843 -0.0214828 -0.0197716 -0.0180558 -0.0163407 -0.0146313 -0.0129324 -0.0112487 -0.00958454 -0.00794408 -0.00633117 -0.00474938 -0.00320195 -0.00169185 -0.000221694 0.0012062 0.00258982 0.00392748 0.00521778 0.00645961 0.00765215 0.00879483 0.00988733 0.0109296 0.0119217 0.012864 0.013757 0.0146014 0.0153981 0.016148 0.0168521 0.0175118 0.0181282 0.0187027 0.0192367 0.0197318 0.0201893 0.0206109 0.020998 0.0213523 0.0216753 0.0219686 0.0222336 0.022472 0.0226852 0.0228747 0.0230419 0.0231883 0.0233151 0.0234238 0.0235155 0.0235916 0.0236531 0.0237014 0.0237374 0.0237621 0.0237767 0.0237819 0.0237788 0.0237682 0.0237509 0.0237276 0.023699 0.0236659 0.0236288 0.0235883 0.0235449 0.0234992 0.0234516 0.0234025 0.0233523 0.0233014 0.0232499 0.0231983 0.0231467 0.0230954 0.0230445 0.0229942 0.0229446 0.0228958 0.022848 0.0228012 0.0227554 0.0227109 0.0226675 0.0226254 0.0225848 0.0225456 0.0225082 0.0224726 0.0224391 0.0224081 0.02238 0.0223553 0.0223347 0.0223192 0.0223097 0.0223076 0.0223145 
0.0193544 0.0193556 0.0193595 0.0193655 0.0193732 0.0193815 0.0193892 0.0193949 0.0193968 0.019393 0.0193812 0.0193588 0.019323 0.0192708 0.0191989 0.0191038 0.0189818 0.0188289 0.0186409 0.0184137 0.0181428 0.0178238 0.0174522 0.0170234 0.0165331 0.015977 0.015351 0.0146513 0.0138744 0.0130174 0.0120776 0.0110534 0.00994335 0.0087472 0.00746535 0.00609914 0.00465086 0.00312381 0.00152226 -0.000148505 -0.00188225 -0.00367184 -0.00550933 -0.00738604 -0.00929272 -0.0112197 -0.0131569 -0.0150944 -0.0170219 -0.0189297 -0.0208082 -0.0226485 -0.0244421 -0.0261813 -0.0278594 -0.0294701 -0.0310083 -0.0324697 -0.0338506 -0.0351483 -0.0363608 -0.0374868 -0.0385253 -0.0394762 -0.0403396 -0.0411159 -0.0418058 -0.0424103 -0.0429304 -0.0433673 -0.0437219 -0.0439955 -0.0441892 -0.044304 -0.0443407 -0.0443004 -0.0441837 -0.0439915 -0.0437244 -0.0433832 -0.0429686 -0.0424814 -0.0419222 -0.0412921 -0.040592 -0.0398231 -0.0389868 -0.038084 -0.0371167 -0.036087 -0.0349971 -0.0338498 -0.0326479 -0.0313948 -0.0300938 -0.0287489 -0.0273639 -0.025943 -0.0244906 -0.0230111 -0.0215092 -0.0199894 -0.0184564 -0.0169149 -0.0153695 -0.0138246 -0.0122846 -0.0107539 -0.00923639 -0.00773602 -0.00625642 -0.00480102 -0.00337298 -0.00197521 -0.00061034 0.000719249 0.00201146 0.00326448 0.00447674 0.00564695 0.00677405 0.00785726 0.00889601 0.00988995 0.0108389 0.011743 0.0126025 0.0134177 0.0141892 0.0149177 0.015604 0.0162491 0.0168539 0.0174196 0.0179473 0.0184384 0.018894 0.0193155 0.0197042 0.0200616 0.020389 0.0206879 0.0209595 0.0212053 0.0214266 0.0216248 0.0218013 0.0219572 0.022094 0.0222127 0.0223147 0.022401 0.0224728 0.0225312 0.0225771 0.0226117 0.0226358 0.0226504 0.0226562 0.0226543 0.0226452 0.0226298 0.0226087 0.0225826 0.0225521 0.0225178 0.0224801 0.0224397 0.0223969 0.0223521 0.0223058 0.0222583 0.0222098 0.0221608 0.0221113 0.0220618 0.0220122 0.0219629 0.0219139 0.0218655 0.0218176 0.0217704 0.021724 0.0216785 0.0216339 0.0215904 0.021548 0.0215067 0.0214669 0.0214286 0.0213921 0.0213576 0.0213255 0.0212962 0.0212703 0.0212485 0.0212316 0.0212209 0.0212175 0.0212233 
0.0155654 0.0155662 0.0155685 0.015572 0.0155761 0.0155799 0.0155824 0.0155823 0.0155779 0.0155676 0.0155492 0.0155205 0.015479 0.0154221 0.0153466 0.0152497 0.015128 0.0149779 0.014796 0.0145784 0.0143215 0.0140213 0.013674 0.0132758 0.0128229 0.0123117 0.0117389 0.0111013 0.0103962 0.00962116 0.00877429 0.00785426 0.00686035 0.00579251 0.00465144 0.00343863 0.00215639 0.000807861 -0.00060296 -0.00207125 -0.00359137 -0.00515696 -0.00676099 -0.00839582 -0.0100534 -0.0117252 -0.0134027 -0.015077 -0.0167396 -0.0183819 -0.0199958 -0.0215735 -0.0231078 -0.0245923 -0.0260209 -0.0273885 -0.0286907 -0.0299236 -0.0310844 -0.0321707 -0.0331808 -0.0341136 -0.0349685 -0.0357453 -0.0364444 -0.0370661 -0.0376113 -0.0380808 -0.0384759 -0.0387976 -0.0390471 -0.0392255 -0.039334 -0.0393736 -0.0393455 -0.0392504 -0.0390893 -0.0388631 -0.0385725 -0.0382182 -0.037801 -0.0373216 -0.0367809 -0.0361795 -0.0355186 -0.034799 -0.034022 -0.0331884 -0.0322997 -0.0313577 -0.0303643 -0.0293217 -0.0282326 -0.0270996 -0.0259258 -0.0247143 -0.0234685 -0.022192 -0.0208885 -0.0195619 -0.0182162 -0.0168552 -0.015483 -0.0141035 -0.0127209 -0.0113388 -0.00996125 -0.00859178 -0.00723396 -0.00589118 -0.00456661 -0.00326325 -0.0019839 -0.000731099 0.000492797 0.00168569 0.00284569 0.00397117 0.00506071 0.00611313 0.00712746 0.00810294 0.00903904 0.00993538 0.0107918 0.0116083 0.0123851 0.0131224 0.0138207 0.0144805 0.0151027 0.0156879 0.016237 0.0167509 0.0172308 0.0176776 0.0180925 0.0184766 0.0188312 0.0191574 0.0194565 0.0197297 0.0199782 0.0202033 0.0204062 0.0205881 0.0207501 0.0208935 0.0210193 0.0211286 0.0212227 0.0213024 0.0213688 0.0214228 0.0214655 0.0214976 0.0215201 0.0215337 0.0215394 0.0215377 0.0215294 0.0215151 0.0214956 0.0214713 0.0214428 0.0214107 0.0213754 0.0213374 0.0212971 0.0212548 0.0212109 0.0211657 0.0211195 0.0210725 0.0210251 0.0209773 0.0209293 0.0208814 0.0208337 0.0207862 0.0207392 0.0206926 0.0206465 0.0206011 0.0205565 0.0205126 0.0204697 0.0204278 0.0203872 0.0203478 0.0203101 0.0202742 0.0202406 0.0202096 0.0201817 0.0201578 0.0201386 0.0201251 0.0201188 0.0201212 
0.0117747 0.0117752 0.0117763 0.0117778 0.0117791 0.0117796 0.0117781 0.0117737 0.0117648 0.0117499 0.0117272 0.0116947 0.0116501 0.0115912 0.0115154 0.0114199 0.0113018 0.0111583 0.0109861 0.0107821 0.010543 0.0102656 0.00994654 0.00958267 0.00917088 0.0087082 0.00819187 0.00761939 0.00698858 0.00629762 0.00554513 0.00473022 0.00385257 0.00291242 0.00191069 0.00084894 -0.000270539 -0.00144476 -0.00267002 -0.00394192 -0.00525541 -0.00660482 -0.00798396 -0.00938614 -0.0108043 -0.0122312 -0.0136594 -0.0150813 -0.0164895 -0.0178768 -0.0192362 -0.0205613 -0.0218458 -0.0230843 -0.0242718 -0.0254039 -0.026477 -0.027488 -0.0284344 -0.0293143 -0.0301265 -0.0308701 -0.0315448 -0.0321507 -0.032688 -0.0331575 -0.03356 -0.0338965 -0.0341681 -0.0343761 -0.0345216 -0.0346059 -0.0346302 -0.0345956 -0.0345031 -0.0343538 -0.0341487 -0.0338885 -0.0335742 -0.0332064 -0.032786 -0.0323136 -0.03179 -0.0312159 -0.0305921 -0.0299195 -0.0291991 -0.0284314 -0.0276177 -0.0267593 -0.0258579 -0.0249154 -0.0239337 -0.0229152 -0.0218624 -0.020778 -0.0196648 -0.018526 -0.0173646 -0.0161839 -0.0149871 -0.0137778 -0.0125593 -0.011335 -0.0101083 -0.00888244 -0.00766074 -0.00644633 -0.00524225 -0.00405139 -0.00287651 -0.00172019 -0.000584855 0.00052727 0.00161414 0.00267391 0.00370492 0.00470573 0.00567507 0.00661187 0.00751526 0.00838455 0.00921922 0.0100189 0.0107834 0.0115128 0.012207 0.0128664 0.0134913 0.0140822 0.0146396 0.0151642 0.0156568 0.0161181 0.016549 0.0169505 0.0173236 0.0176691 0.0179883 0.018282 0.0185515 0.0187978 0.019022 0.0192251 0.0194082 0.0195724 0.0197187 0.0198483 0.0199619 0.0200608 0.0201457 0.0202177 0.0202777 0.0203264 0.0203647 0.0203935 0.0204135 0.0204255 0.02043 0.0204279 0.0204196 0.0204059 0.0203873 0.0203643 0.0203373 0.0203069 0.0202735 0.0202375 0.0201992 0.020159 0.0201172 0.020074 0.0200298 0.0199848 0.019939 0.0198929 0.0198464 0.0197998 0.0197532 0.0197066 0.0196602 0.0196141 0.0195684 0.019523 0.0194782 0.019434 0.0193905 0.0193478 0.0193061 0.0192655 0.0192263 0.0191887 0.0191531 0.0191199 0.0190895 0.0190626 0.0190399 0.0190224 0.0190114 0.0190083 
0.00798334 0.00798352 0.00798375 0.00798375 0.00798305 0.00798101 0.00797678 0.00796933 0.00795747 0.00793978 0.00791472 0.00788053 0.00783532 0.00777703 0.00770345 0.00761225 0.00750098 0.00736706 0.00720787 0.00702071 0.00680284 0.00655153 0.00626408 0.00593784 0.00557029 0.00515904 0.00470191 0.00419694 0.00364248 0.00303721 0.00238021 0.00167097 0.000909497 9.62827e-05 -0.000767613 -0.00168056 -0.00264032 -0.0036441 -0.00468846 -0.00576943 -0.0068825 -0.00802265 -0.00918445 -0.0103621 -0.0115495 -0.0127404 -0.0139283 -0.0151071 -0.0162702 -0.0174117 -0.0185257 -0.0196068 -0.0206498 -0.0216503 -0.022604 -0.0235076 -0.0243579 -0.0251526 -0.0258898 -0.0265681 -0.0271865 -0.0277447 -0.0282426 -0.0286803 -0.0290585 -0.0293781 -0.0296398 -0.029845 -0.0299947 -0.0300903 -0.0301331 -0.0301243 -0.0300652 -0.029957 -0.0298008 -0.0295978 -0.0293488 -0.0290547 -0.0287165 -0.0283349 -0.0279106 -0.0274443 -0.0269367 -0.0263884 -0.0258 -0.0251723 -0.0245059 -0.0238014 -0.0230595 -0.0222811 -0.0214677 -0.0206206 -0.0197416 -0.0188324 -0.0178952 -0.0169322 -0.0159458 -0.0149385 -0.0139129 -0.0128717 -0.0118176 -0.0107536 -0.00968241 -0.00860691 -0.00752991 -0.00645421 -0.00538254 -0.00431754 -0.00326177 -0.00221768 -0.00118761 -0.000173759 0.000821821 0.00179722 0.00275069 0.00368063 0.00458562 0.0054644 0.00631585 0.00713906 0.00793323 0.00869775 0.00943214 0.0101361 0.0108094 0.011452 0.0120639 0.0126454 0.0131967 0.0137182 0.0142104 0.0146739 0.0151091 0.015517 0.0158981 0.0162533 0.0165834 0.0168893 0.0171719 0.0174321 0.0176708 0.0178889 0.0180875 0.0182674 0.0184296 0.018575 0.0187046 0.0188191 0.0189196 0.0190069 0.0190818 0.0191451 0.0191976 0.0192401 0.0192733 0.0192979 0.0193146 0.0193241 0.0193269 0.0193236 0.0193149 0.0193011 0.0192828 0.0192605 0.0192346 0.0192055 0.0191736 0.0191392 0.0191026 0.0190642 0.0190242 0.0189829 0.0189404 0.0188971 0.018853 0.0188083 0.0187632 0.0187177 0.0186721 0.0186263 0.0185806 0.0185349 0.0184894 0.018444 0.018399 0.0183543 0.0183101 0.0182665 0.0182236 0.0181816 0.0181407 0.0181011 0.0180631 0.0180271 0.0179935 0.0179629 0.0179359 0.0179132 0.017896 0.0178854 
0.0041918 0.0041918 0.00419139 0.00419034 0.00418825 0.00418456 0.00417853 0.0041693 0.00415583 0.00413691 0.00411121 0.00407725 0.00403341 0.00397795 0.00390899 0.00382458 0.00372266 0.00360108 0.00345767 0.00329018 0.00309638 0.00287405 0.00262099 0.00233511 0.0020144 0.001657 0.00126126 0.000825719 0.0003492 -0.000169175 -0.000729938 -0.00133324 -0.00197882 -0.00266598 -0.00339354 -0.00415984 -0.00496273 -0.00579957 -0.00666724 -0.00756215 -0.0084803 -0.00941727 -0.0103684 -0.0113285 -0.0122926 -0.0132552 -0.014211 -0.0151546 -0.0160808 -0.0169845 -0.017861 -0.0187057 -0.0195145 -0.0202838 -0.0210103 -0.0216914 -0.0223246 -0.0229082 -0.0234409 -0.0239218 -0.0243504 -0.0247265 -0.0250506 -0.0253229 -0.0255445 -0.0257161 -0.025839 -0.0259145 -0.0259438 -0.0259283 -0.0258694 -0.0257685 -0.0256269 -0.0254458 -0.0252264 -0.0249699 -0.0246773 -0.0243494 -0.0239871 -0.0235913 -0.0231625 -0.0227015 -0.0222088 -0.0216849 -0.0211303 -0.0205456 -0.0199312 -0.0192873 -0.0186142 -0.0179127 -0.0171836 -0.016428 -0.0156473 -0.0148428 -0.0140163 -0.0131696 -0.0123046 -0.0114232 -0.0105278 -0.00962032 -0.00870317 -0.00777862 -0.00684898 -0.00591659 -0.00498373 -0.0040527 -0.00312574 -0.00220502 -0.00129265 -0.000390666 0.000499016 0.00137456 0.00223427 0.00307653 0.00389989 0.00470301 0.00548468 0.00624383 0.00697952 0.00769096 0.00837747 0.00903851 0.00967367 0.0102826 0.0108653 0.0114215 0.0119513 0.0124549 0.0129324 0.0133843 0.0138108 0.0142125 0.0145898 0.0149434 0.0152739 0.0155819 0.0158681 0.0161334 0.0163784 0.0166039 0.0168107 0.0169997 0.0171716 0.0173273 0.0174675 0.0175931 0.0177048 0.0178035 0.0178898 0.0179646 0.0180285 0.0180822 0.0181265 0.018162 0.0181893 0.0182091 0.0182219 0.0182282 0.0182286 0.0182237 0.0182138 0.0181995 0.0181812 0.0181592 0.0181339 0.0181057 0.0180749 0.0180418 0.0180068 0.0179699 0.0179315 0.0178918 0.0178509 0.0178091 0.0177664 0.0177231 0.0176792 0.0176349 0.0175902 0.0175452 0.0175001 0.0174548 0.0174094 0.017364 0.0173187 0.0172735 0.0172285 0.0171839 0.0171397 0.017096 0.0170532 0.0170113 0.0169706 0.0169314 0.0168941 0.0168592 0.016827 0.0167982 0.0167735 0.016754 
0.000400593 0.000400476 0.000399661 0.000397953 0.000395018 0.000390383 0.000383441 0.000373453 0.000359547 0.000340729 0.000315881 0.000283772 0.000243061 0.000192308 0.000129982 5.44719e-05 -3.58984e-05 -0.000142857 -0.000268169 -0.000413612 -0.000580962 -0.000771967 -0.000988319 -0.00123163 -0.00150341 -0.00180502 -0.00213765 -0.00250229 -0.00289969 -0.00333033 -0.0037944 -0.00429175 -0.00482189 -0.00538394 -0.00597664 -0.00659834 -0.00724697 -0.00792008 -0.00861481 -0.00932798 -0.010056 -0.0107952 -0.0115413 -0.0122902 -0.0130374 -0.0137785 -0.0145089 -0.0152244 -0.0159206 -0.0165935 -0.0172391 -0.0178541 -0.018435 -0.0189793 -0.0194843 -0.0199482 -0.0203692 -0.0207464 -0.0210788 -0.021366 -0.0216082 -0.0218054 -0.0219584 -0.0220679 -0.0221349 -0.0221606 -0.0221465 -0.0220937 -0.0220039 -0.0218785 -0.021719 -0.0215269 -0.0213035 -0.0210501 -0.020768 -0.0204583 -0.0201222 -0.0197604 -0.019374 -0.0189635 -0.0185298 -0.0180732 -0.0175945 -0.0170938 -0.0165716 -0.0160283 -0.0154639 -0.0148785 -0.0142719 -0.0136443 -0.0129962 -0.0123286 -0.0116422 -0.0109382 -0.010218 -0.00948287 -0.00873434 -0.007974 -0.00720353 -0.00642467 -0.00563918 -0.00484887 -0.00405557 -0.00326112 -0.00246734 -0.00167604 -0.000888996 -0.000107935 0.000665459 0.00142957 0.00218285 0.00292384 0.00365115 0.00436351 0.00505971 0.00573869 0.00639944 0.00704111 0.00766291 0.0082642 0.00884441 0.0094031 0.00993992 0.0104546 0.0109471 0.0114172 0.011865 0.0122906 0.0126942 0.0130761 0.0134365 0.0137759 0.0140947 0.0143933 0.0146724 0.0149323 0.0151739 0.0153975 0.015604 0.0157939 0.015968 0.0161268 0.0162712 0.0164017 0.016519 0.0166239 0.0167169 0.0167988 0.0168701 0.0169316 0.0169838 0.0170272 0.0170626 0.0170904 0.0171112 0.0171254 0.0171337 0.0171364 0.017134 0.0171269 0.0171155 0.0171002 0.0170814 0.0170593 0.0170344 0.0170068 0.0169769 0.016945 0.0169111 0.0168756 0.0168386 0.0168004 0.016761 0.0167206 0.0166793 0.0166372 0.0165945 0.0165512 0.0165074 0.0164632 0.0164186 0.0163736 0.0163284 0.0162829 0.0162372 0.0161915 0.0161457 0.0160999 0.0160543 0.0160089 0.0159639 0.0159195 0.0158758 0.0158332 0.0157918 0.015752 0.0157141 0.0156785 0.0156456 0.015616 
-0.00338998 -0.00339016 -0.00339119 -0.00339323 -0.00339654 -0.00340151 -0.00340864 -0.00341852 -0.00343186 -0.00344946 -0.00347221 -0.00350111 -0.00353723 -0.0035817 -0.00363573 -0.0037006 -0.0037776 -0.00386808 -0.00397338 -0.00409485 -0.00423384 -0.00439162 -0.00456944 -0.00476843 -0.00498965 -0.00523399 -0.00550221 -0.00579488 -0.00611234 -0.00645474 -0.00682194 -0.00721352 -0.0076288 -0.00806675 -0.00852606 -0.00900508 -0.00950184 -0.0100141 -0.0105392 -0.0110745 -0.0116167 -0.0121626 -0.0127088 -0.0132516 -0.0137875 -0.0143128 -0.0148239 -0.0153172 -0.0157894 -0.0162373 -0.016658 -0.0170487 -0.0174073 -0.0177316 -0.0180201 -0.0182714 -0.0184846 -0.0186592 -0.018795 -0.018892 -0.0189507 -0.0189718 -0.0189562 -0.018905 -0.0188195 -0.0187011 -0.0185514 -0.0183719 -0.0181642 -0.01793 -0.0176708 -0.0173881 -0.0170836 -0.0167584 -0.016414 -0.0160515 -0.0156719 -0.0152763 -0.0148655 -0.0144401 -0.0140008 -0.0135481 -0.0130823 -0.0126039 -0.0121129 -0.0116094 -0.0110935 -0.0105649 -0.0100225 -0.00946627 -0.0088964 -0.00831336 -0.0077178 -0.00711053 -0.00649246 -0.00586465 -0.00522819 -0.0045843 -0.0039342 -0.0032792 -0.00262062 -0.00195982 -0.00129815 -0.000637004 2.22579e-05 0.000678274 0.00132971 0.00197525 0.00261363 0.00324361 0.00386403 0.00447377 0.00507176 0.00565703 0.00622866 0.00678582 0.00732774 0.00785375 0.00836325 0.00885575 0.0093308 0.00978806 0.0102273 0.0106482 0.0110508 0.011435 0.0118009 0.0121484 0.0124779 0.0127894 0.0130833 0.0133599 0.0136195 0.0138626 0.0140895 0.0143007 0.0144967 0.014678 0.0148452 0.0149987 0.0151391 0.015267 0.015383 0.0154875 0.0155812 0.0156645 0.0157381 0.0158025 0.0158582 0.0159057 0.0159455 0.0159781 0.0160039 0.0160235 0.0160372 0.0160455 0.0160488 0.0160474 0.0160418 0.0160321 0.0160189 0.0160023 0.0159827 0.0159604 0.0159355 0.0159084 0.0158792 0.0158481 0.0158153 0.015781 0.0157453 0.0157084 0.0156704 0.0156313 0.0155914 0.0155506 0.015509 0.0154667 0.0154238 0.0153802 0.0153361 0.0152915 0.0152464 0.0152008 0.0151548 0.0151085 0.0150618 0.0150148 0.0149677 0.0149204 0.0148732 0.0148261 0.0147792 0.0147329 0.0146871 0.0146422 0.0145982 0.0145555 0.0145139 0.014474 
-0.00717976 -0.00717996 -0.00718105 -0.00718314 -0.00718645 -0.00719127 -0.00719798 -0.00720705 -0.00721901 -0.00723447 -0.00725413 -0.00727872 -0.00730906 -0.00734598 -0.0073904 -0.00744323 -0.00750543 -0.00757795 -0.00766174 -0.00775776 -0.0078669 -0.00799001 -0.00812791 -0.00828128 -0.00845073 -0.00863675 -0.00883966 -0.00905966 -0.00929672 -0.00955065 -0.00982102 -0.0101072 -0.0104083 -0.0107232 -0.0110506 -0.0113887 -0.0117358 -0.0120897 -0.0124482 -0.0128088 -0.0131689 -0.0135255 -0.013876 -0.0142174 -0.0145467 -0.014861 -0.0151576 -0.0154338 -0.015687 -0.0159149 -0.0161155 -0.0162869 -0.0164276 -0.0165364 -0.0166124 -0.0166551 -0.0166641 -0.0166396 -0.0165818 -0.0164915 -0.0163694 -0.0162167 -0.0160346 -0.0158246 -0.0155883 -0.0153274 -0.0150434 -0.0147384 -0.0144139 -0.0140717 -0.0137137 -0.0133413 -0.0129561 -0.0125596 -0.0121532 -0.011738 -0.0113152 -0.0108856 -0.0104501 -0.0100095 -0.00956418 -0.00911464 -0.00866117 -0.00820394 -0.007743 -0.00727826 -0.00680951 -0.00633628 -0.00585628 -0.00536911 -0.00487471 -0.00437329 -0.00386523 -0.00335106 -0.00283141 -0.00230699 -0.00177856 -0.00124693 -0.000712971 -0.000177557 0.000358401 0.000893978 0.00142824 0.00196024 0.00248904 0.0030137 0.00353331 0.00404696 0.00455376 0.00505287 0.00554347 0.00602478 0.00649605 0.00695661 0.0074058 0.00784306 0.00826783 0.00867966 0.00907813 0.00946288 0.00983363 0.0101901 0.0105322 0.0108598 0.0111727 0.0114711 0.0117549 0.0120242 0.0122792 0.0125201 0.0127471 0.0129603 0.0131602 0.0133471 0.0135212 0.013683 0.0138329 0.0139711 0.0140983 0.0142147 0.0143208 0.0144171 0.014504 0.0145819 0.0146513 0.0147125 0.0147661 0.0148124 0.0148519 0.0148849 0.0149118 0.014933 0.014949 0.0149599 0.0149662 0.0149681 0.0149661 0.0149603 0.0149511 0.0149386 0.0149233 0.0149052 0.0148846 0.0148618 0.0148368 0.0148099 0.0147813 0.014751 0.0147192 0.014686 0.0146515 0.0146159 0.0145792 0.0145415 0.0145028 0.0144632 0.0144227 0.0143815 0.0143394 0.0142966 0.014253 0.0142087 0.0141637 0.0141181 0.0140717 0.0140247 0.0139771 0.0139289 0.0138802 0.013831 0.0137814 0.0137315 0.0136814 0.0136311 0.0135808 0.0135306 0.0134805 0.0134305 0.0133804 0.0133303 
-0.0109687 -0.0109689 -0.0109699 -0.0109718 -0.0109748 -0.0109791 -0.010985 -0.0109927 -0.0110026 -0.0110153 -0.011031 -0.0110505 -0.0110741 -0.0111026 -0.0111364 -0.0111761 -0.0112224 -0.0112759 -0.0113371 -0.0114066 -0.0114848 -0.0115722 -0.0116692 -0.0117761 -0.011893 -0.01202 -0.0121571 -0.0123041 -0.0124606 -0.0126261 -0.0127999 -0.0129812 -0.013169 -0.0133619 -0.0135586 -0.0137576 -0.013957 -0.0141549 -0.0143494 -0.0145382 -0.0147191 -0.0148899 -0.0150483 -0.0151919 -0.0153185 -0.0154259 -0.0155122 -0.0155753 -0.0156136 -0.0156256 -0.0156101 -0.015566 -0.0154926 -0.0153895 -0.0152565 -0.0150937 -0.0149015 -0.0146806 -0.0144319 -0.0141566 -0.0138559 -0.0135313 -0.0131846 -0.0128175 -0.0124318 -0.0120295 -0.0116126 -0.0111829 -0.0107425 -0.0102932 -0.00983691 -0.00937529 -0.00890998 -0.00844253 -0.0079743 -0.00750655 -0.00704039 -0.00657676 -0.00611646 -0.00566015 -0.00520833 -0.00476133 -0.00431935 -0.00388246 -0.00345056 -0.00302342 -0.00260064 -0.00218163 -0.00176243 -0.00134221 -0.000920742 -0.000498067 -7.43806e-05 0.000350019 0.000774763 0.00119944 0.00162359 0.00204674 0.00246841 0.00288808 0.00330524 0.00371936 0.00412992 0.00453638 0.00493821 0.00533487 0.00572586 0.00611064 0.00648872 0.00685961 0.00722284 0.00757797 0.00792458 0.00826226 0.00859067 0.00890946 0.00921833 0.00951704 0.00980535 0.0100831 0.0103501 0.0106062 0.0108515 0.0110858 0.0113091 0.0115216 0.0117232 0.011914 0.0120943 0.0122641 0.0124237 0.0125732 0.0127129 0.0128431 0.0129639 0.0130757 0.0131788 0.0132735 0.0133601 0.0134388 0.0135101 0.0135743 0.0136315 0.0136823 0.0137269 0.0137656 0.0137987 0.0138265 0.0138493 0.0138675 0.0138812 0.0138907 0.0138963 0.0138983 0.0138969 0.0138922 0.0138846 0.0138742 0.0138612 0.0138458 0.0138282 0.0138084 0.0137867 0.0137633 0.0137381 0.0137113 0.0136831 0.0136536 0.0136227 0.0135906 0.0135573 0.013523 0.0134876 0.0134511 0.0134137 0.0133753 0.013336 0.0132958 0.0132546 0.0132125 0.0131695 0.0131256 0.0130807 0.013035 0.0129883 0.0129407 0.0128922 0.0128427 0.0127924 0.0127413 0.0126893 0.0126365 0.012583 0.0125287 0.0124738 0.0124183 0.0123621 0.012305 0.0122467 0.0121873 
-0.0147568 -0.014757 -0.0147578 -0.0147595 -0.014762 -0.0147654 -0.0147701 -0.014776 -0.0147835 -0.0147928 -0.0148042 -0.0148179 -0.0148342 -0.0148535 -0.014876 -0.0149019 -0.0149317 -0.0149654 -0.0150033 -0.0150455 -0.0150922 -0.0151433 -0.0151989 -0.0152588 -0.0153228 -0.0153905 -0.0154616 -0.0155355 -0.0156116 -0.015689 -0.0157667 -0.0158439 -0.0159191 -0.0159912 -0.0160587 -0.01612 -0.0161734 -0.0162174 -0.01625 -0.0162694 -0.0162739 -0.0162617 -0.0162308 -0.0161797 -0.0161068 -0.0160106 -0.0158897 -0.015743 -0.0155697 -0.015369 -0.0151405 -0.014884 -0.0145994 -0.0142871 -0.0139477 -0.013582 -0.0131909 -0.0127759 -0.0123383 -0.0118797 -0.011402 -0.0109072 -0.0103971 -0.00987408 -0.00934014 -0.00879752 -0.00824839 -0.00769493 -0.00713923 -0.00658335 -0.00602922 -0.0054787 -0.00493349 -0.00439518 -0.00386521 -0.00334486 -0.00283522 -0.00233727 -0.00185177 -0.00137933 -0.000920392 -0.000475219 -4.39178e-05 0.000373568 0.000777453 0.0011681 0.00154604 0.00191192 0.00227186 0.00262724 0.00297827 0.00332498 0.00366728 0.00400505 0.00433813 0.00466636 0.00498958 0.00530763 0.00562034 0.00592757 0.00622917 0.00652499 0.00681488 0.00709872 0.00737635 0.00764764 0.00791246 0.00817067 0.00842214 0.00866675 0.00890438 0.00913492 0.00935826 0.00957431 0.00978298 0.00998422 0.010178 0.0103641 0.0105428 0.0107138 0.0108773 0.0110333 0.0111817 0.0113227 0.0114563 0.0115827 0.0117018 0.011814 0.0119192 0.0120176 0.0121094 0.0121947 0.0122738 0.0123468 0.012414 0.0124754 0.0125313 0.012582 0.0126275 0.0126683 0.0127043 0.0127359 0.0127632 0.0127865 0.012806 0.0128217 0.0128341 0.0128431 0.012849 0.012852 0.0128523 0.0128499 0.012845 0.0128379 0.0128285 0.0128171 0.0128038 0.0127886 0.0127718 0.0127533 0.0127332 0.0127118 0.0126889 0.0126647 0.0126393 0.0126127 0.0125849 0.012556 0.012526 0.012495 0.0124629 0.0124299 0.0123958 0.0123606 0.0123245 0.0122874 0.0122492 0.01221 0.0121698 0.0121285 0.0120861 0.0120426 0.0119979 0.0119521 0.0119051 0.0118569 0.0118075 0.0117568 0.0117049 0.0116517 0.0115973 0.0115417 0.0114847 0.0114265 0.011367 0.0113062 0.011244 0.0111802 0.0111144 0.0110469 
-0.0185443 -0.0185444 -0.018545 -0.0185463 -0.0185481 -0.0185506 -0.0185538 -0.0185577 -0.0185625 -0.0185682 -0.0185748 -0.0185825 -0.0185911 -0.0186009 -0.0186117 -0.0186235 -0.0186363 -0.0186499 -0.0186642 -0.0186789 -0.0186938 -0.0187084 -0.0187224 -0.0187352 -0.0187463 -0.0187548 -0.0187602 -0.0187613 -0.0187574 -0.0187472 -0.0187296 -0.0187034 -0.0186671 -0.0186195 -0.018559 -0.018484 -0.0183932 -0.0182849 -0.0181575 -0.0180097 -0.0178398 -0.0176467 -0.017429 -0.0171856 -0.0169155 -0.016618 -0.0162924 -0.0159385 -0.0155559 -0.0151448 -0.0147056 -0.0142387 -0.0137451 -0.0132256 -0.0126817 -0.0121147 -0.0115264 -0.0109186 -0.0102933 -0.00965279 -0.00899922 -0.00833499 -0.00766251 -0.00698423 -0.00630265 -0.00562019 -0.00493931 -0.00426234 -0.0035916 -0.00292925 -0.00227739 -0.00163795 -0.00101275 -0.000403414 0.000188561 0.000761873 0.0013154 0.00184819 0.00235949 0.00284875 0.00331558 0.00375979 0.00418137 0.00458049 0.00495747 0.0053128 0.00564712 0.00596111 0.00626348 0.00655616 0.00683918 0.0071125 0.00737611 0.00763 0.0078742 0.00810875 0.00833376 0.00854936 0.0087557 0.00895297 0.00914137 0.00932114 0.00949249 0.00965568 0.00981096 0.00995856 0.0100988 0.0102318 0.0103579 0.0104773 0.0105903 0.0106971 0.0107979 0.0108929 0.0109823 0.0110663 0.0111452 0.0112191 0.0112881 0.0113525 0.0114125 0.0114681 0.0115196 0.0115671 0.0116108 0.0116508 0.0116872 0.0117203 0.0117501 0.0117769 0.0118006 0.0118215 0.0118396 0.0118552 0.0118683 0.011879 0.0118875 0.0118938 0.0118981 0.0119005 0.011901 0.0118998 0.011897 0.0118926 0.0118867 0.0118794 0.0118708 0.0118609 0.0118498 0.0118375 0.0118241 0.0118097 0.0117943 0.0117779 0.0117606 0.0117424 0.0117233 0.0117033 0.0116825 0.0116609 0.0116384 0.0116152 0.0115911 0.0115663 0.0115406 0.0115141 0.0114867 0.0114586 0.0114295 0.0113996 0.0113687 0.0113369 0.0113042 0.0112704 0.0112356 0.0111998 0.0111628 0.0111247 0.0110855 0.011045 0.0110032 0.0109601 0.0109157 0.0108699 0.0108226 0.0107739 0.0107236 0.0106717 0.0106182 0.0105631 0.0105063 0.0104477 0.0103874 0.0103253 0.0102612 0.0101953 0.0101272 0.0100571 0.00998444 0.00990983 
-0.0223311 -0.0223311 -0.0223315 -0.0223323 -0.0223334 -0.0223348 -0.0223365 -0.0223383 -0.0223402 -0.0223421 -0.0223439 -0.0223453 -0.0223462 -0.0223464 -0.0223454 -0.022343 -0.0223388 -0.0223323 -0.0223229 -0.0223102 -0.0222933 -0.0222716 -0.0222443 -0.0222103 -0.0221688 -0.0221186 -0.0220586 -0.0219877 -0.0219043 -0.0218074 -0.0216953 -0.0215666 -0.0214199 -0.0212537 -0.0210664 -0.0208566 -0.0206228 -0.0203636 -0.0200778 -0.0197641 -0.0194215 -0.0190491 -0.0186461 -0.0182119 -0.0177463 -0.017249 -0.0167203 -0.0161603 -0.0155699 -0.0149497 -0.0143009 -0.0136248 -0.012923 -0.0121972 -0.0114494 -0.0106818 -0.0098967 -0.00909658 -0.00828401 -0.00746167 -0.00663231 -0.00579871 -0.00496369 -0.00413005 -0.00330057 -0.00247798 -0.00166495 -0.000864059 -7.77632e-05 0.000691588 0.00144179 0.00217078 0.00287668 0.00355777 0.00421253 0.0048396 0.00543787 0.00600638 0.00654441 0.00705143 0.00752711 0.00797135 0.00838422 0.00876598 0.00911709 0.00943817 0.00973 0.00999353 0.0102402 0.0104721 0.0106891 0.0108911 0.011078 0.0112499 0.0114069 0.0115495 0.0116778 0.0117924 0.0118936 0.0119821 0.0120583 0.0121228 0.0121763 0.0122195 0.0122528 0.0122771 0.0122929 0.0123008 0.0123016 0.0122958 0.0122839 0.0122667 0.0122446 0.0122182 0.0121879 0.0121543 0.0121178 0.0120789 0.0120378 0.011995 0.0119509 0.0119057 0.0118597 0.0118132 0.0117664 0.0117196 0.0116728 0.0116264 0.0115804 0.011535 0.0114902 0.0114462 0.0114031 0.0113609 0.0113197 0.0112794 0.0112402 0.011202 0.0111648 0.0111287 0.0110936 0.0110595 0.0110264 0.0109942 0.010963 0.0109326 0.010903 0.0108741 0.010846 0.0108185 0.0107915 0.0107652 0.0107392 0.0107137 0.0106885 0.0106635 0.0106387 0.0106141 0.0105895 0.0105648 0.0105401 0.0105152 0.0104901 0.0104646 0.0104388 0.0104126 0.0103858 0.0103585 0.0103305 0.0103017 0.0102722 0.0102418 0.0102105 0.0101782 0.0101449 0.0101104 0.0100748 0.0100379 0.00999965 0.00996004 0.00991899 0.00987643 0.0098323 0.00978653 0.00973905 0.0096898 0.00963872 0.00958573 0.00953077 0.00947376 0.00941463 0.00935331 0.00928972 0.00922377 0.0091554 0.00908451 0.00901103 0.00893489 0.00885603 0.00877532 
VECTORS velocity double
1 -0.00174654 0.0
1 -0.00523578 0.0
1 -0.00872066 0.0
1 -0.0122006 0.0
1 -0.015675 0.0
1 -0.0191432 0.0
1.00001 -0.0226043 0.0
1.00001 -0.0260575 0.0
1.00001 -0.0295017 0.0
1.00002 -0.0329356 0.0
1.00002 -0.036358 0.0
1.00002 -0.0397672 0.0
1.00003 -0.0431615 0.0
1.00003 -0.0465387 0.0
1.00004 -0.0498967 0.0
1.00004 -0.053233 0.0
1.00005 -0.0565446 0.0
1.00006 -0.0598285 0.0
1.00006 -0.0630814 0.0
1.00007 -0.0662994 0.0
1.00008 -0.0694786 0.0
1.00009 -0.0726147 0.0
1.00009 -0.0757029 0.0
1.0001 -0.0787383 0.0
1.00011 -0.0817156 0.0
1.00012 -0.0846292 0.0
1.00013 -0.0874733 0.0
1.00015 -0.0902418 0.0
1.00016 -0.0929283 0.0
1.00017 -0.0955262 0.0
1.00018 -0.0980289 0.0
1.0002 -0.100429 0.0
1.00021 -0.102721 0.0
1.00022 -0.104896 0.0
1.00024 -0.106948 0.0
1.00025 -0.10887 0.0
1.00027 -0.110655 0.0
1.00029 -0.112296 0.0
1.00031 -0.113787 0.0
1.00032 -0.115121 0.0
1.00034 -0.116293 0.0
1.00036 -0.117297 0.0
1.00038 -0.118129 0.0
1.0004 -0.118782 0.0
1.00043 -0.119254 0.0
1.00045 -0.11954 0.0
1.00047 -0.119639 0.0
1.0005 -0.119546 0.0
1.00052 -0.119262 0.0
1.00055 -0.118784 0.0
1.00057 -0.118112 0.0
1.0006 -0.117246 0.0
1.00063 -0.116188 0.0
1.00066 -0.114939 0.0
1.00069 -0.113501 0.0
1.00072 -0.111877 0.0
1.00075 -0.11007 0.0
1.00078 -0.108084 0.0
1.00081 -0.105924 0.0
1.00085 -0.103594 0.0
1.00088 -0.101099 0.0
1.00091 -0.0984459 0.0
1.00095 -0.0956403 0.0
1.00099 -0.0926887 0.0
1.00102 -0.089598 0.0
1.00106 -0.0863753 0.0
1.0011 -0.0830279 0.0
1.00114 -0.0795634 0.0
1.00118 -0.0759897 0.0
1.00122 -0.0723147 0.0
1.00126 -0.0685467 0.0
1.0013 -0.0646938 0.0
1.00134 -0.0607645 0.0
1.00138 -0.0567674 0.0
1.00143 -0.0527109 0.0
1.00147 -0.0486038 0.0
1.00151 -0.0444547 0.0
1.00155 -0.0402723 0.0
1.0016 -0.0360652 0.0
1.00164 -0.0318423 0.0
1.00168 -0.0276121 0.0
1.00172 -0.0233832 0.0
1.00177 -0.019164 0.0
1.00181 -0.0149632 0.0
1.00185 -0.0107889 0.0
1.00189 -0.00664934 0.0
1.00193 -0.00255257 0.0
1.00197 0.00149403 0.0
1.00201 0.00548538 0.0
1.00205 0.00941626 0.0
1.00209 0.0132812 0.0
1.00212 0.0170746 0.0
1.00216 0.0207911 0.0
1.00219 0.0244251 0.0
1.00223 0.0279715 0.0
1.00226 0.0314253 0.0
1.00229 0.0347817 0.0
1.00232 0.0380363 0.0
1.00235 0.0411849 0.0
1.00238 0.0442237 0.0
1.0024 0.0471491 0.0
1.00243 0.0499582 0.0
1.00245 0.052648 0.0
1.00247 0.0552163 0.0
1.0025 0.057661 0.0
1.00251 0.0599804 0.0
1.00253 0.0621735 0.0
1.00255 0.0642393 0.0
1.00256 0.0661774 0.0
1.00257 0.0679876 0.0
1.00258 0.0696702 0.0
1.00259 0.0712258 0.0
1.0026 0.0726554 0.0
1.0026 0.0739601 0.0
1.00261 0.0751416 0.0
1.00261 0.0762016 0.0
1.00261 0.0771422 0.0
1.00261 0.0779658 0.0
1.00261 0.078675 0.0
1.0026 0.0792725 0.0
1.0026 0.0797612 0.0
1.00259 0.0801443 0.0
1.00258 0.080425 0.0
1.00257 0.0806067 0.0
1.00256 0.0806929 0.0
1.00255 0.0806871 0.0
1.00253 0.080593 0.0
1.00252 0.0804141 0.0
1.0025 0.0801543 0.0
1.00248 0.0798172 0.0
1.00247 0.0794065 0.0
1.00245 0.0789259 0.0
1.00243 0.0783791 0.0
1.00241 0.0777697 0.0
1.00239 0.0771013 0.0
1.00236 0.0763773 0.0
1.00234 0.0756013 0.0
1.00232 0.0747766 0.0
1.00229 0.0739064 0.0
1.00227 0.0729939 0.0
1.00224 0.0720422 0.0
1.00222 0.0710544 0.0
1.00219 0.0700332 0.0
1.00217 0.0689815 0.0
1.00214 0.0679019 0.0
1.00211 0.066797 0.0
1.00209 0.0656692 0.0
1.00206 0.0645208 0.0
1.00203 0.0633541 0.0
1.00201 0.0621712 0.0
1.00198 0.060974 0.0
1.00195 0.0597644 0.0
1.00193 0.0585442 0.0
1.0019 0.057315 0.0
1.00187 0.0560784 0.0
1.00185 0.0548359 0.0
1.00182 0.0535886 0.0
1.0018 0.052338 0.0
1.00177 0.051085 0.0
1.00175 0.0498307 0.0
1.00172 0.048576 0.0
1.0017 0.0473217 0.0
1.00168 0.0460685 0.0
1.00165 0.0448169 0.0
1.00163 0.0435676 0.0
1.00161 0.0423209 0.0
1.00158 0.041077 0.0
1.00156 0.0398363 0.0
1.00154 0.0385988 0.0
1.00152 0.0373645 0.0
1.0015 0.0361333 0.0
1.00148 0.0349053 0.0
1.00146 0.03368 0.0
1.00144 0.0324573 0.0
1.00142 0.0312367 0.0
1.0014 0.030018 0.0
1.00138 0.0288007 0.0
1.00136 0.0275843 0.0
1.00134 0.0263684 0.0
1.00132 0.0251525 0.0
1.0013 0.0239362 0.0
1.00128 0.0227191 0.0
1.00126 0.0215009 0.0
1.00124 0.0202812 0.0
1.00122 0.0190601 0.0
1.0012 0.0178373 0.0
1.00118 0.0166129 0.0
1.00116 0.0153873 0.0
1.00114 0.0141606 0.0
1.00112 0.0129336 0.0
1.0011 0.0117068 0.0
1.00108 0.0104811 0.0
1.00107 0.00925767 0.0
1.00105 0.00803758 0.0
1.00103 0.00682227 0.0
1.00101 0.00561328 0.0
1.001 0.00441241 0.0
1.00099 0.00322225 0.0
1.00097 0.0020525 0.0
1.00096 0.000990362 0.0
1 -0.00174684 0.0
1 -0.00523667 0.0
1 -0.00872214 0.0
1 -0.0122027 0.0
1.00001 -0.0156778 0.0
1.00001 -0.0191466 0.0
1.00002 -0.0226084 0.0
1.00002 -0.0260624 0.0
1.00003 -0.0295074 0.0
1.00004 -0.0329422 0.0
1.00005 -0.0363655 0.0
1.00006 -0.0397758 0.0
1.00008 -0.0431711 0.0
1.00009 -0.0465496 0.0
1.00011 -0.0499089 0.0
1.00013 -0.0532465 0.0
1.00015 -0.0565597 0.0
1.00018 -0.0598452 0.0
1.0002 -0.0630998 0.0
1.00023 -0.0663197 0.0
1.00027 -0.0695009 0.0
1.00031 -0.072639 0.0
1.00035 -0.0757294 0.0
1.00039 -0.0787671 0.0
1.00045 -0.0817468 0.0
1.0005 -0.084663 0.0
1.00056 -0.0875097 0.0
1.00062 -0.0902808 0.0
1.00069 -0.0929701 0.0
1.00077 -0.0955708 0.0
1.00084 -0.0980763 0.0
1.00093 -0.10048 0.0
1.00102 -0.102774 0.0
1.00111 -0.104952 0.0
1.00121 -0.107007 0.0
1.00132 -0.108932 0.0
1.00143 -0.110719 0.0
1.00154 -0.112363 0.0
1.00166 -0.113856 0.0
1.00178 -0.115193 0.0
1.00191 -0.116367 0.0
1.00204 -0.117374 0.0
1.00217 -0.118206 0.0
1.00231 -0.118862 0.0
1.00245 -0.119335 0.0
1.00259 -0.119622 0.0
1.00273 -0.119721 0.0
1.00287 -0.11963 0.0
1.00301 -0.119345 0.0
1.00315 -0.118867 0.0
1.0033 -0.118195 0.0
1.00343 -0.11733 0.0
1.00357 -0.116271 0.0
1.00371 -0.115021 0.0
1.00384 -0.113582 0.0
1.00397 -0.111956 0.0
1.00409 -0.110147 0.0
1.00421 -0.108159 0.0
1.00432 -0.105997 0.0
1.00443 -0.103664 0.0
1.00454 -0.101167 0.0
1.00464 -0.098511 0.0
1.00473 -0.0957025 0.0
1.00481 -0.0927479 0.0
1.00489 -0.0896541 0.0
1.00496 -0.0864281 0.0
1.00502 -0.0830773 0.0
1.00508 -0.0796094 0.0
1.00513 -0.0760322 0.0
1.00517 -0.0723536 0.0
1.0052 -0.0685819 0.0
1.00523 -0.0647253 0.0
1.00525 -0.0607923 0.0
1.00526 -0.0567913 0.0
1.00526 -0.052731 0.0
1.00525 -0.0486201 0.0
1.00524 -0.0444672 0.0
1.00521 -0.040281 0.0
1.00519 -0.0360702 0.0
1.00515 -0.0318435 0.0
1.0051 -0.0276097 0.0
1.00505 -0.0233772 0.0
1.005 -0.0191546 0.0
1.00493 -0.0149503 0.0
1.00486 -0.0107727 0.0
1.00478 -0.00663005 0.0
1.0047 -0.0025303 0.0
1.00461 0.00151902 0.0
1.00452 0.00551277 0.0
1.00443 0.00944568 0.0
1.00433 0.0133123 0.0
1.00423 0.017107 0.0
1.00413 0.0208244 0.0
1.00402 0.024459 0.0
1.00392 0.0280058 0.0
1.00382 0.0314596 0.0
1.00372 0.0348159 0.0
1.00362 0.0380701 0.0
1.00352 0.0412182 0.0
1.00343 0.0442563 0.0
1.00334 0.047181 0.0
1.00325 0.0499892 0.0
1.00317 0.0526781 0.0
1.00308 0.0552454 0.0
1.00301 0.0576891 0.0
1.00293 0.0600076 0.0
1.00286 0.0621997 0.0
1.0028 0.0642645 0.0
1.00273 0.0662017 0.0
1.00267 0.068011 0.0
1.00262 0.0696928 0.0
1.00256 0.0712477 0.0
1.00251 0.0726765 0.0
1.00246 0.0739806 0.0
1.00242 0.0751614 0.0
1.00238 0.0762209 0.0
1.00234 0.0771611 0.0
1.0023 0.0779844 0.0
1.00227 0.0786932 0.0
1.00224 0.0792904 0.0
1.00221 0.079779 0.0
1.00218 0.0801619 0.0
1.00215 0.0804426 0.0
1.00213 0.0806242 0.0
1.0021 0.0807104 0.0
1.00208 0.0807047 0.0
1.00206 0.0806106 0.0
1.00204 0.0804319 0.0
1.00202 0.0801722 0.0
1.002 0.0798352 0.0
1.00198 0.0794247 0.0
1.00196 0.0789443 0.0
1.00194 0.0783977 0.0
1.00193 0.0777885 0.0
1.00191 0.0771203 0.0
1.00189 0.0763966 0.0
1.00188 0.0756208 0.0
1.00186 0.0747962 0.0
1.00185 0.0739262 0.0
1.00183 0.0730139 0.0
1.00181 0.0720624 0.0
1.0018 0.0710748 0.0
1.00178 0.0700537 0.0
1.00177 0.0690022 0.0
1.00175 0.0679227 0.0
1.00174 0.0668178 0.0
1.00172 0.0656901 0.0
1.00171 0.0645418 0.0
1.00169 0.0633751 0.0
1.00168 0.0621922 0.0
1.00166 0.0609949 0.0
1.00164 0.0597853 0.0
1.00163 0.058565 0.0
1.00161 0.0573357 0.0
1.0016 0.056099 0.0
1.00158 0.0548563 0.0
1.00157 0.0536089 0.0
1.00155 0.0523581 0.0
1.00154 0.0511049 0.0
1.00152 0.0498504 0.0
1.00151 0.0485955 0.0
1.00149 0.0473409 0.0
1.00148 0.0460875 0.0
1.00146 0.0448357 0.0
1.00145 0.0435861 0.0
1.00143 0.0423392 0.0
1.00142 0.0410951 0.0
1.0014 0.0398541 0.0
1.00139 0.0386164 0.0
1.00138 0.0373819 0.0
1.00136 0.0361506 0.0
1.00135 0.0349223 0.0
1.00133 0.0336969 0.0
1.00132 0.0324741 0.0
1.00131 0.0312535 0.0
1.00129 0.0300348 0.0
1.00128 0.0288175 0.0
1.00126 0.0276012 0.0
1.00125 0.0263853 0.0
1.00123 0.0251696 0.0
1.00122 0.0239534 0.0
1.0012 0.0227365 0.0
1.00119 0.0215185 0.0
1.00117 0.0202991 0.0
1.00115 0.0190781 0.0
1.00114 0.0178555 0.0
1.00112 0.0166313 0.0
1.0011 0.0154058 0.0
1.00109 0.0141792 0.0
1.00107 0.0129521 0.0
1.00105 0.0117252 0.0
1.00103 0.0104993 0.0
1.00102 0.00927538 0.0
1.001 0.00805473 0.0
1.00098 0.00683866 0.0
1.00097 0.0056287 0.0
1.00095 0.0044266 0.0
1.00094 0.0032349 0.0
1.00093 0.00206322 0.0
1.00092 0.000998864 0.0
1 -0.00174736 0.0
1 -0.00523826 0.0
1 -0.00872482 0.0
1.00001 -0.0122065 0.0
1.00001 -0.0156828 0.0
1.00002 -0.019153 0.0
1.00003 -0.0226163 0.0
1.00004 -0.0260718 0.0
1.00005 -0.0295186 0.0
1.00007 -0.0329555 0.0
1.00009 -0.036381 0.0
1.00011 -0.0397937 0.0
1.00013 -0.0431918 0.0
1.00016 -0.0465734 0.0
1.00019 -0.049936 0.0
1.00023 -0.0532774 0.0
1.00028 -0.0565945 0.0
1.00032 -0.0598845 0.0
1.00038 -0.0631438 0.0
1.00044 -0.0663687 0.0
1.00051 -0.0695554 0.0
1.00059 -0.0726993 0.0
1.00067 -0.0757959 0.0
1.00076 -0.0788401 0.0
1.00087 -0.0818267 0.0
1.00098 -0.08475 0.0
1.0011 -0.0876041 0.0
1.00123 -0.090383 0.0
1.00138 -0.0930802 0.0
1.00153 -0.095689 0.0
1.0017 -0.0982028 0.0
1.00187 -0.100614 0.0
1.00206 -0.102917 0.0
1.00226 -0.105103 0.0
1.00247 -0.107166 0.0
1.00269 -0.109099 0.0
1.00293 -0.110894 0.0
1.00317 -0.112546 0.0
1.00342 -0.114046 0.0
1.00369 -0.115389 0.0
1.00396 -0.11657 0.0
1.00424 -0.117581 0.0
1.00452 -0.118419 0.0
1.00481 -0.119078 0.0
1.00511 -0.119554 0.0
1.00541 -0.119844 0.0
1.00572 -0.119945 0.0
1.00602 -0.119854 0.0
1.00633 -0.11957 0.0
1.00663 -0.119091 0.0
1.00694 -0.118417 0.0
1.00724 -0.117548 0.0
1.00753 -0.116486 0.0
1.00782 -0.115231 0.0
1.00811 -0.113786 0.0
1.00838 -0.112155 0.0
1.00865 -0.110339 0.0
1.0089 -0.108344 0.0
1.00915 -0.106173 0.0
1.00938 -0.103831 0.0
1.0096 -0.101325 0.0
1.00981 -0.0986588 0.0
1.01001 -0.0958398 0.0
1.01018 -0.0928744 0.0
1.01035 -0.0897692 0.0
1.01049 -0.0865316 0.0
1.01063 -0.0831688 0.0
1.01074 -0.0796886 0.0
1.01084 -0.0760989 0.0
1.01092 -0.0724076 0.0
1.01098 -0.0686229 0.0
1.01102 -0.0647533 0.0
1.01105 -0.0608072 0.0
1.01105 -0.0567931 0.0
1.01104 -0.0527196 0.0
1.01101 -0.0485955 0.0
1.01096 -0.0444294 0.0
1.0109 -0.0402302 0.0
1.01081 -0.0360066 0.0
1.01071 -0.0317673 0.0
1.01059 -0.027521 0.0
1.01045 -0.0232764 0.0
1.01029 -0.019042 0.0
1.01012 -0.0148263 0.0
1.00993 -0.0106377 0.0
1.00973 -0.00648452 0.0
1.00951 -0.00237476 0.0
1.00927 0.00168392 0.0
1.00903 0.00568612 0.0
1.00877 0.00962634 0.0
1.0085 0.013499 0.0
1.00822 0.0172986 0.0
1.00794 0.0210195 0.0
1.00765 0.0246565 0.0
1.00735 0.0282044 0.0
1.00706 0.0316583 0.0
1.00676 0.0350136 0.0
1.00647 0.0382659 0.0
1.00617 0.0414112 0.0
1.00588 0.0444457 0.0
1.0056 0.0473662 0.0
1.00532 0.0501695 0.0
1.00505 0.052853 0.0
1.00479 0.0554144 0.0
1.00453 0.0578519 0.0
1.00429 0.0601639 0.0
1.00405 0.0623493 0.0
1.00383 0.0644073 0.0
1.00361 0.0663375 0.0
1.00341 0.0681398 0.0
1.00321 0.0698146 0.0
1.00303 0.0713626 0.0
1.00286 0.0727846 0.0
1.00269 0.0740821 0.0
1.00254 0.0752564 0.0
1.0024 0.0763096 0.0
1.00227 0.0772438 0.0
1.00214 0.0780612 0.0
1.00203 0.0787645 0.0
1.00192 0.0793564 0.0
1.00183 0.0798399 0.0
1.00174 0.0802181 0.0
1.00166 0.0804943 0.0
1.00158 0.0806717 0.0
1.00151 0.080754 0.0
1.00145 0.0807445 0.0
1.0014 0.0806471 0.0
1.00135 0.0804652 0.0
1.00131 0.0802026 0.0
1.00127 0.0798629 0.0
1.00123 0.07945 0.0
1.0012 0.0789673 0.0
1.00117 0.0784187 0.0
1.00115 0.0778077 0.0
1.00113 0.0771378 0.0
1.00111 0.0764126 0.0
1.0011 0.0756354 0.0
1.00109 0.0748097 0.0
1.00107 0.0739386 0.0
1.00107 0.0730254 0.0
1.00106 0.0720731 0.0
1.00105 0.0710847 0.0
1.00105 0.0700631 0.0
1.00105 0.069011 0.0
1.00104 0.0679311 0.0
1.00104 0.0668259 0.0
1.00104 0.0656978 0.0
1.00104 0.0645492 0.0
1.00104 0.0633823 0.0
1.00104 0.0621992 0.0
1.00105 0.0610019 0.0
1.00105 0.0597921 0.0
1.00105 0.0585718 0.0
1.00105 0.0573424 0.0
1.00105 0.0561057 0.0
1.00105 0.054863 0.0
1.00106 0.0536156 0.0
1.00106 0.0523647 0.0
1.00106 0.0511116 0.0
1.00106 0.0498571 0.0
1.00106 0.0486022 0.0
1.00106 0.0473477 0.0
1.00106 0.0460943 0.0
1.00107 0.0448426 0.0
1.00107 0.043593 0.0
1.00107 0.0423461 0.0
1.00107 0.0411021 0.0
1.00107 0.0398612 0.0
1.00107 0.0386236 0.0
1.00107 0.0373892 0.0
1.00106 0.0361581 0.0
1.00106 0.03493 0.0
1.00106 0.0337049 0.0
1.00106 0.0324823 0.0
1.00106 0.031262 0.0
1.00105 0.0300435 0.0
1.00105 0.0288265 0.0
1.00104 0.0276106 0.0
1.00104 0.0263951 0.0
1.00103 0.0251798 0.0
1.00103 0.0239641 0.0
1.00102 0.0227477 0.0
1.00101 0.0215301 0.0
1.00101 0.0203112 0.0
1.001 0.0190907 0.0
1.00099 0.0178686 0.0
1.00098 0.0166448 0.0
1.00097 0.0154197 0.0
1.00096 0.0141935 0.0
1.00094 0.0129667 0.0
1.00093 0.01174 0.0
1.00092 0.0105142 0.0
1.00091 0.00929038 0.0
1.00089 0.00806961 0.0
1.00088 0.00685325 0.0
1.00087 0.00564278 0.0
1.00085 0.00443988 0.0
1.00084 0.00324695 0.0
1.00083 0.00207344 0.0
1.00082 0.00100657 0.0
1 -0.00174812 0.0
1 -0.00524056 0.0
1.00001 -0.00872873 0.0
1.00001 -0.0122122 0.0
1.00002 -0.0156903 0.0
1.00003 -0.0191625 0.0
1.00004 -0.0226281 0.0
1.00006 -0.0260863 0.0
1.00007 -0.029536 0.0
1.0001 -0.0329761 0.0
1.00012 -0.0364054 0.0
1.00015 -0.0398223 0.0
1.00019 -0.043225 0.0
1.00023 -0.0466117 0.0
1.00028 -0.0499801 0.0
1.00034 -0.0533278 0.0
1.0004 -0.0566519 0.0
1.00048 -0.0599494 0.0
1.00056 -0.0632169 0.0
1.00065 -0.0664508 0.0
1.00076 -0.069647 0.0
1.00087 -0.0728011 0.0
1.001 -0.0759086 0.0
1.00115 -0.0789643 0.0
1.00131 -0.0819629 0.0
1.00148 -0.0848989 0.0
1.00167 -0.0877663 0.0
1.00187 -0.0905589 0.0
1.00209 -0.0932701 0.0
1.00233 -0.0958934 0.0
1.00259 -0.0984218 0.0
1.00287 -0.100848 0.0
1.00316 -0.103166 0.0
1.00348 -0.105367 0.0
1.00381 -0.107445 0.0
1.00415 -0.109392 0.0
1.00452 -0.111201 0.0
1.0049 -0.112865 0.0
1.0053 -0.114379 0.0
1.00572 -0.115734 0.0
1.00614 -0.116925 0.0
1.00659 -0.117946 0.0
1.00704 -0.118793 0.0
1.0075 -0.119459 0.0
1.00797 -0.119942 0.0
1.00845 -0.120237 0.0
1.00893 -0.12034 0.0
1.00942 -0.120251 0.0
1.00991 -0.119967 0.0
1.0104 -0.119486 0.0
1.01088 -0.118809 0.0
1.01136 -0.117936 0.0
1.01184 -0.116868 0.0
1.0123 -0.115605 0.0
1.01276 -0.114152 0.0
1.0132 -0.112509 0.0
1.01363 -0.110682 0.0
1.01405 -0.108673 0.0
1.01445 -0.106488 0.0
1.01483 -0.104131 0.0
1.0152 -0.101608 0.0
1.01554 -0.0989253 0.0
1.01586 -0.0960881 0.0
1.01616 -0.0931036 0.0
1.01643 -0.0899786 0.0
1.01668 -0.0867205 0.0
1.01691 -0.0833367 0.0
1.01711 -0.0798348 0.0
1.01728 -0.076223 0.0
1.01743 -0.0725091 0.0
1.01754 -0.0687016 0.0
1.01764 -0.0648088 0.0
1.0177 -0.0608391 0.0
1.01773 -0.0568014 0.0
1.01773 -0.0527041 0.0
1.01771 -0.0485561 0.0
1.01766 -0.0443663 0.0
1.01757 -0.0401433 0.0
1.01746 -0.035896 0.0
1.01732 -0.0316333 0.0
1.01715 -0.0273639 0.0
1.01695 -0.0230965 0.0
1.01672 -0.0188398 0.0
1.01647 -0.0146023 0.0
1.01619 -0.0103925 0.0
1.01588 -0.00621863 0.0
1.01555 -0.00208892 0.0
1.01519 0.00198901 0.0
1.01481 0.00600925 0.0
1.0144 0.00996592 0.0
1.01398 0.0138532 0.0
1.01354 0.0176654 0.0
1.01308 0.0213969 0.0
1.0126 0.0250424 0.0
1.01212 0.0285967 0.0
1.01163 0.032055 0.0
1.01113 0.0354126 0.0
1.01062 0.0386653 0.0
1.01012 0.0418092 0.0
1.00961 0.0448405 0.0
1.00911 0.0477562 0.0
1.00862 0.0505532 0.0
1.00813 0.053229 0.0
1.00765 0.0557815 0.0
1.00718 0.058209 0.0
1.00672 0.0605101 0.0
1.00627 0.0626836 0.0
1.00584 0.0647291 0.0
1.00543 0.0666462 0.0
1.00503 0.0684351 0.0
1.00464 0.0700961 0.0
1.00428 0.07163 0.0
1.00393 0.0730379 0.0
1.0036 0.0743212 0.0
1.00329 0.0754815 0.0
1.003 0.0765208 0.0
1.00272 0.0774413 0.0
1.00246 0.0782454 0.0
1.00222 0.0789356 0.0
1.00199 0.0795149 0.0
1.00179 0.0799862 0.0
1.00159 0.0803527 0.0
1.00142 0.0806176 0.0
1.00125 0.0807843 0.0
1.00111 0.0808564 0.0
1.00097 0.0808372 0.0
1.00085 0.0807306 0.0
1.00074 0.0805401 0.0
1.00064 0.0802694 0.0
1.00056 0.0799222 0.0
1.00048 0.0795021 0.0
1.00041 0.0790129 0.0
1.00035 0.0784582 0.0
1.0003 0.0778416 0.0
1.00026 0.0771665 0.0
1.00022 0.0764365 0.0
1.0002 0.075655 0.0
1.00017 0.0748253 0.0
1.00016 0.0739506 0.0
1.00014 0.0730342 0.0
1.00013 0.072079 0.0
1.00013 0.0710879 0.0
1.00013 0.070064 0.0
1.00013 0.0690098 0.0
1.00014 0.067928 0.0
1.00015 0.0668212 0.0
1.00016 0.0656918 0.0
1.00017 0.064542 0.0
1.00019 0.0633741 0.0
1.0002 0.0621901 0.0
1.00022 0.060992 0.0
1.00024 0.0597817 0.0
1.00026 0.0585609 0.0
1.00028 0.0573313 0.0
1.0003 0.0560943 0.0
1.00032 0.0548514 0.0
1.00034 0.0536039 0.0
1.00036 0.0523531 0.0
1.00038 0.0511 0.0
1.0004 0.0498457 0.0
1.00043 0.0485909 0.0
1.00045 0.0473367 0.0
1.00047 0.0460835 0.0
1.00049 0.0448321 0.0
1.00051 0.0435829 0.0
1.00053 0.0423364 0.0
1.00054 0.0410928 0.0
1.00056 0.0398524 0.0
1.00058 0.0386152 0.0
1.0006 0.0373814 0.0
1.00061 0.0361507 0.0
1.00063 0.0349233 0.0
1.00064 0.0336987 0.0
1.00066 0.0324767 0.0
1.00067 0.0312571 0.0
1.00068 0.0300394 0.0
1.00069 0.0288231 0.0
1.0007 0.0276079 0.0
1.00071 0.0263933 0.0
1.00072 0.0251787 0.0
1.00073 0.0239639 0.0
1.00073 0.0227483 0.0
1.00074 0.0215316 0.0
1.00074 0.0203136 0.0
1.00074 0.019094 0.0
1.00075 0.0178728 0.0
1.00075 0.0166499 0.0
1.00075 0.0154256 0.0
1.00074 0.0142003 0.0
1.00074 0.0129743 0.0
1.00074 0.0117483 0.0
1.00073 0.0105232 0.0
1.00073 0.0092999 0.0
1.00072 0.00807962 0.0
1.00071 0.00686362 0.0
1.0007 0.00565332 0.0
1.0007 0.00445032 0.0
1.00069 0.00325687 0.0
1.00068 0.00208217 0.0
1.00067 0.00101331 0.0
1 -0.0017491 0.0
1 -0.00524353 0.0
1.00001 -0.00873379 0.0
1.00001 -0.0122195 0.0
1.00002 -0.0157001 0.0
1.00004 -0.0191751 0.0
1.00005 -0.0226438 0.0
1.00007 -0.0261055 0.0
1.00009 -0.0295593 0.0
1.00012 -0.033004 0.0
1.00016 -0.0364385 0.0
1.0002 -0.0398612 0.0
1.00025 -0.0432706 0.0
1.0003 -0.0466647 0.0
1.00037 -0.0500413 0.0
1.00044 -0.053398 0.0
1.00053 -0.056732 0.0
1.00062 -0.0600404 0.0
1.00073 -0.0633198 0.0
1.00086 -0.0665665 0.0
1.001 -0.0697765 0.0
1.00116 -0.0729455 0.0
1.00133 -0.0760687 0.0
1.00152 -0.0791411 0.0
1.00174 -0.0821575 0.0
1.00197 -0.085112 0.0
1.00223 -0.0879986 0.0
1.00251 -0.0908112 0.0
1.00281 -0.0935431 0.0
1.00314 -0.0961876 0.0
1.00349 -0.0987375 0.0
1.00387 -0.101186 0.0
1.00427 -0.103525 0.0
1.0047 -0.105748 0.0
1.00515 -0.107848 0.0
1.00563 -0.109816 0.0
1.00613 -0.111646 0.0
1.00666 -0.11333 0.0
1.00721 -0.114862 0.0
1.00778 -0.116235 0.0
1.00837 -0.117443 0.0
1.00898 -0.118479 0.0
1.0096 -0.119339 0.0
1.01024 -0.120017 0.0
1.01089 -0.120508 0.0
1.01155 -0.120811 0.0
1.01222 -0.12092 0.0
1.0129 -0.120834 0.0
1.01358 -0.12055 0.0
1.01425 -0.120068 0.0
1.01493 -0.119387 0.0
1.0156 -0.118508 0.0
1.01626 -0.117432 0.0
1.01691 -0.116159 0.0
1.01755 -0.114693 0.0
1.01817 -0.113036 0.0
1.01878 -0.111192 0.0
1.01936 -0.109166 0.0
1.01993 -0.106961 0.0
1.02047 -0.104582 0.0
1.02099 -0.102036 0.0
1.02148 -0.0993289 0.0
1.02194 -0.0964661 0.0
1.02237 -0.0934548 0.0
1.02277 -0.090302 0.0
1.02313 -0.087015 0.0
1.02347 -0.0836014 0.0
1.02376 -0.080069 0.0
1.02403 -0.0764259 0.0
1.02426 -0.0726801 0.0
1.02445 -0.0688401 0.0
1.0246 -0.0649143 0.0
1.02472 -0.0609113 0.0
1.02479 -0.0568397 0.0
1.02483 -0.0527085 0.0
1.02483 -0.0485263 0.0
1.02479 -0.0443021 0.0
1.02471 -0.0400448 0.0
1.02459 -0.0357633 0.0
1.02443 -0.0314665 0.0
1.02424 -0.0271633 0.0
1.024 -0.0228624 0.0
1.02372 -0.0185727 0.0
1.02341 -0.0143028 0.0
1.02306 -0.0100611 0.0
1.02268 -0.00585617 0.0
1.02225 -0.00169608 0.0
1.0218 0.00241149 0.0
1.0213 0.00646007 0.0
1.02078 0.0104433 0.0
1.02022 0.0143551 0.0
1.01964 0.0181895 0.0
1.01903 0.0219407 0.0
1.0184 0.0256033 0.0
1.01775 0.029172 0.0
1.01708 0.0326419 0.0
1.0164 0.0360085 0.0
1.0157 0.0392674 0.0
1.015 0.0424147 0.0
1.01429 0.0454469 0.0
1.01358 0.0483609 0.0
1.01287 0.0511537 0.0
1.01216 0.0538231 0.0
1.01147 0.056367 0.0
1.01077 0.0587839 0.0
1.0101 0.0610725 0.0
1.00943 0.0632319 0.0
1.00878 0.0652618 0.0
1.00815 0.067162 0.0
1.00753 0.0689328 0.0
1.00694 0.0705747 0.0
1.00637 0.0720889 0.0
1.00582 0.0734764 0.0
1.00529 0.0747389 0.0
1.00479 0.0758781 0.0
1.00431 0.0768961 0.0
1.00386 0.0777953 0.0
1.00343 0.0785783 0.0
1.00302 0.0792476 0.0
1.00264 0.0798063 0.0
1.00229 0.0802575 0.0
1.00196 0.0806043 0.0
1.00165 0.0808501 0.0
1.00137 0.0809984 0.0
1.0011 0.0810527 0.0
1.00086 0.0810165 0.0
1.00064 0.0808935 0.0
1.00044 0.0806874 0.0
1.00026 0.0804019 0.0
1.00009 0.0800407 0.0
0.999947 0.0796075 0.0
0.999816 0.0791058 0.0
0.9997 0.0785394 0.0
0.999598 0.0779118 0.0
0.99951 0.0772266 0.0
0.999435 0.0764871 0.0
0.999371 0.0756968 0.0
0.999318 0.074859 0.0
0.999276 0.0739769 0.0
0.999242 0.0730536 0.0
0.999217 0.0720921 0.0
0.9992 0.0710954 0.0
0.999191 0.0700662 0.0
0.999187 0.0690074 0.0
0.99919 0.0679214 0.0
0.999198 0.0668108 0.0
0.999211 0.065678 0.0
0.999228 0.0645253 0.0
0.999249 0.0633548 0.0
0.999274 0.0621685 0.0
0.999301 0.0609685 0.0
0.999331 0.0597565 0.0
0.999363 0.0585343 0.0
0.999397 0.0573035 0.0
0.999433 0.0560656 0.0
0.99947 0.054822 0.0
0.999508 0.053574 0.0
0.999547 0.0523227 0.0
0.999586 0.0510694 0.0
0.999626 0.049815 0.0
0.999666 0.0485603 0.0
0.999706 0.0473062 0.0
0.999746 0.0460533 0.0
0.999786 0.0448022 0.0
0.999825 0.0435535 0.0
0.999864 0.0423075 0.0
0.999902 0.0410645 0.0
0.99994 0.0398247 0.0
0.999977 0.0385883 0.0
1.00001 0.0373552 0.0
1.00005 0.0361255 0.0
1.00008 0.0348989 0.0
1.00011 0.0336753 0.0
1.00015 0.0324543 0.0
1.00018 0.0312357 0.0
1.00021 0.030019 0.0
1.00023 0.0288039 0.0
1.00026 0.0275899 0.0
1.00029 0.0263765 0.0
1.00031 0.0251632 0.0
1.00033 0.0239496 0.0
1.00035 0.0227353 0.0
1.00037 0.02152 0.0
1.00039 0.0203033 0.0
1.00041 0.019085 0.0
1.00042 0.0178651 0.0
1.00044 0.0166436 0.0
1.00045 0.0154207 0.0
1.00046 0.0141967 0.0
1.00047 0.012972 0.0
1.00047 0.0117473 0.0
1.00048 0.0105235 0.0
1.00048 0.00930148 0.0
1.00048 0.0080824 0.0
1.00048 0.00686754 0.0
1.00048 0.00565828 0.0
1.00048 0.00445613 0.0
1.00048 0.00326322 0.0
1.00047 0.00208856 0.0
1.00047 0.00101903 0.0
1 -0.00175026 0.0
1 -0.00524706 0.0
1.00001 -0.00873984 0.0
1.00002 -0.0122282 0.0
1.00003 -0.0157119 0.0
1.00004 -0.0191903 0.0
1.00006 -0.022663 0.0
1.00008 -0.0261291 0.0
1.00011 -0.029588 0.0
1.00015 -0.0330386 0.0
1.00019 -0.0364797 0.0
1.00024 -0.03991 0.0
1.00029 -0.0433279 0.0
1.00036 -0.0467315 0.0
1.00044 -0.0501187 0.0
1.00053 -0.0534872 0.0
1.00064 -0.0568343 0.0
1.00076 -0.0601569 0.0
1.0009 -0.0634518 0.0
1.00105 -0.0667153 0.0
1.00123 -0.0699435 0.0
1.00142 -0.0731319 0.0
1.00164 -0.0762759 0.0
1.00189 -0.0793704 0.0
1.00215 -0.0824101 0.0
1.00245 -0.085389 0.0
1.00277 -0.0883013 0.0
1.00312 -0.0911404 0.0
1.00351 -0.0938997 0.0
1.00392 -0.0965722 0.0
1.00437 -0.0991509 0.0
1.00485 -0.101628 0.0
1.00536 -0.103997 0.0
1.0059 -0.106249 0.0
1.00648 -0.108377 0.0
1.00709 -0.110374 0.0
1.00773 -0.112232 0.0
1.0084 -0.113943 0.0
1.0091 -0.1155 0.0
1.00983 -0.116897 0.0
1.01059 -0.118127 0.0
1.01136 -0.119183 0.0
1.01217 -0.120061 0.0
1.01299 -0.120754 0.0
1.01382 -0.12126 0.0
1.01467 -0.121572 0.0
1.01553 -0.121689 0.0
1.0164 -0.121607 0.0
1.01727 -0.121326 0.0
1.01814 -0.120842 0.0
1.01901 -0.120158 0.0
1.01988 -0.119271 0.0
1.02073 -0.118184 0.0
1.02157 -0.116899 0.0
1.0224 -0.115417 0.0
1.02321 -0.113742 0.0
1.02399 -0.111878 0.0
1.02475 -0.109828 0.0
1.02549 -0.107598 0.0
1.02619 -0.105192 0.0
1.02687 -0.102617 0.0
1.02751 -0.0998783 0.0
1.02811 -0.0969828 0.0
1.02868 -0.0939373 0.0
1.02921 -0.0907488 0.0
1.0297 -0.087425 0.0
1.03015 -0.0839733 0.0
1.03055 -0.0804019 0.0
1.03092 -0.0767187 0.0
1.03123 -0.0729321 0.0
1.0315 -0.0690504 0.0
1.03173 -0.0650823 0.0
1.03191 -0.0610365 0.0
1.03204 -0.0569216 0.0
1.03212 -0.0527466 0.0
1.03215 -0.0485205 0.0
1.03213 -0.0442521 0.0
1.03207 -0.0399505 0.0
1.03196 -0.0356247 0.0
1.03179 -0.0312837 0.0
1.03158 -0.0269365 0.0
1.03132 -0.0225921 0.0
1.03101 -0.0182593 0.0
1.03065 -0.0139468 0.0
1.03025 -0.00966332 0.0
1.0298 -0.00541728 0.0
1.0293 -0.00121695 0.0
1.02876 0.00292998 0.0
1.02818 0.00701652 0.0
1.02755 0.0110359 0.0
1.02689 0.0149817 0.0
1.02619 0.0188476 0.0
1.02545 0.0226277 0.0
1.02468 0.0263163 0.0
1.02388 0.029908 0.0
1.02306 0.0333977 0.0
1.02222 0.0367809 0.0
1.02135 0.0400532 0.0
1.02047 0.0432106 0.0
1.01958 0.0462496 0.0
1.01868 0.0491671 0.0
1.01778 0.0519603 0.0
1.01688 0.054627 0.0
1.01597 0.0571653 0.0
1.01508 0.0595736 0.0
1.01419 0.061851 0.0
1.01331 0.0639967 0.0
1.01244 0.0660106 0.0
1.0116 0.0678927 0.0
1.01077 0.0696434 0.0
1.00997 0.0712637 0.0
1.00918 0.0727546 0.0
1.00843 0.0741177 0.0
1.00769 0.0753546 0.0
1.00699 0.0764675 0.0
1.00632 0.0774585 0.0
1.00567 0.0783303 0.0
1.00506 0.0790855 0.0
1.00448 0.0797271 0.0
1.00392 0.0802581 0.0
1.0034 0.0806818 0.0
1.00291 0.0810014 0.0
1.00245 0.0812206 0.0
1.00202 0.0813427 0.0
1.00162 0.0813716 0.0
1.00125 0.0813107 0.0
1.0009 0.0811639 0.0
1.00059 0.0809348 0.0
1.0003 0.0806272 0.0
1.00003 0.0802449 0.0
0.999789 0.0797915 0.0
0.99957 0.0792707 0.0
0.999374 0.0786862 0.0
0.999199 0.0780415 0.0
0.999043 0.0773401 0.0
0.998907 0.0765855 0.0
0.998787 0.075781 0.0
0.998685 0.07493 0.0
0.998598 0.0740355 0.0
0.998525 0.0731008 0.0
0.998466 0.0721287 0.0
0.998419 0.0711223 0.0
0.998384 0.0700842 0.0
0.998359 0.0690171 0.0
0.998344 0.0679237 0.0
0.998338 0.0668063 0.0
0.99834 0.0656673 0.0
0.998349 0.0645091 0.0
0.998365 0.0633336 0.0
0.998388 0.0621429 0.0
0.998415 0.0609389 0.0
0.998448 0.0597235 0.0
0.998484 0.0584983 0.0
0.998524 0.0572649 0.0
0.998568 0.0560247 0.0
0.998614 0.0547792 0.0
0.998663 0.0535296 0.0
0.998714 0.0522772 0.0
0.998767 0.0510229 0.0
0.99882 0.0497677 0.0
0.998875 0.0485125 0.0
0.998931 0.0472581 0.0
0.998987 0.0460051 0.0
0.999043 0.0447541 0.0
0.9991 0.0435056 0.0
0.999156 0.04226 0.0
0.999212 0.0410175 0.0
0.999267 0.0397784 0.0
0.999322 0.0385427 0.0
0.999376 0.0373105 0.0
0.999429 0.0360817 0.0
0.999481 0.0348562 0.0
0.999532 0.0336337 0.0
0.999582 0.032414 0.0
0.99963 0.0311967 0.0
0.999677 0.0299814 0.0
0.999723 0.0287677 0.0
0.999767 0.0275551 0.0
0.999809 0.0263432 0.0
0.999849 0.0251315 0.0
0.999888 0.0239196 0.0
0.999925 0.022707 0.0
0.99996 0.0214933 0.0
0.999994 0.0202784 0.0
1.00002 0.0190619 0.0
1.00005 0.0178438 0.0
1.00008 0.0166242 0.0
1.00011 0.0154031 0.0
1.00013 0.0141809 0.0
1.00015 0.0129581 0.0
1.00017 0.0117353 0.0
1.00019 0.0105134 0.0
1.0002 0.00929338 0.0
1.00021 0.00807629 0.0
1.00022 0.00686343 0.0
1.00023 0.00565618 0.0
1.00023 0.00445602 0.0
1.00023 0.003265 0.0
1.00023 0.00209202 0.0
1.00023 0.00102373 0.0
1 -0.00175157 0.0
1 -0.00525105 0.0
1.00001 -0.00874667 0.0
1.00002 -0.0122382 0.0
1.00003 -0.0157254 0.0
1.00005 -0.0192078 0.0
1.00007 -0.022685 0.0
1.00009 -0.0261565 0.0
1.00012 -0.0296215 0.0
1.00016 -0.0330791 0.0
1.00021 -0.0365283 0.0
1.00027 -0.0399677 0.0
1.00034 -0.0433959 0.0
1.00041 -0.0468112 0.0
1.00051 -0.0502114 0.0
1.00062 -0.0535944 0.0
1.00074 -0.0569574 0.0
1.00088 -0.0602976 0.0
1.00105 -0.0636117 0.0
1.00123 -0.066896 0.0
1.00144 -0.0701467 0.0
1.00167 -0.0733593 0.0
1.00193 -0.0765291 0.0
1.00222 -0.0796511 0.0
1.00255 -0.0827198 0.0
1.0029 -0.0857293 0.0
1.00329 -0.0886734 0.0
1.00372 -0.0915457 0.0
1.00418 -0.0943394 0.0
1.00468 -0.0970472 0.0
1.00522 -0.0996618 0.0
1.0058 -0.102176 0.0
1.00642 -0.104581 0.0
1.00708 -0.10687 0.0
1.00778 -0.109035 0.0
1.00852 -0.111067 0.0
1.0093 -0.11296 0.0
1.01012 -0.114705 0.0
1.01098 -0.116294 0.0
1.01187 -0.117722 0.0
1.01279 -0.11898 0.0
1.01374 -0.120062 0.0
1.01472 -0.120963 0.0
1.01572 -0.121677 0.0
1.01675 -0.122199 0.0
1.01779 -0.122525 0.0
1.01884 -0.122652 0.0
1.01991 -0.122577 0.0
1.02098 -0.122298 0.0
1.02205 -0.121814 0.0
1.02312 -0.121124 0.0
1.02418 -0.120229 0.0
1.02523 -0.119131 0.0
1.02626 -0.11783 0.0
1.02728 -0.116329 0.0
1.02827 -0.114632 0.0
1.02924 -0.112743 0.0
1.03018 -0.110665 0.0
1.03109 -0.108404 0.0
1.03197 -0.105965 0.0
1.0328 -0.103354 0.0
1.0336 -0.100578 0.0
1.03435 -0.0976428 0.0
1.03506 -0.0945556 0.0
1.03573 -0.0913239 0.0
1.03634 -0.0879553 0.0
1.03691 -0.0844575 0.0
1.03742 -0.0808386 0.0
1.03789 -0.0771068 0.0
1.03829 -0.0732706 0.0
1.03865 -0.0693385 0.0
1.03895 -0.0653191 0.0
1.03919 -0.0612212 0.0
1.03938 -0.0570538 0.0
1.03951 -0.0528257 0.0
1.03958 -0.0485461 0.0
1.03959 -0.0442239 0.0
1.03955 -0.0398685 0.0
1.03944 -0.0354888 0.0
1.03928 -0.031094 0.0
1.03906 -0.0266932 0.0
1.03878 -0.0222956 0.0
1.03845 -0.01791 0.0
1.03805 -0.0135455 0.0
1.0376 -0.00921065 0.0
1.0371 -0.0049142 0.0
1.03653 -0.000664435 0.0
1.03592 0.00353081 0.0
1.03526 0.00766411 0.0
1.03454 0.0117284 0.0
1.03378 0.0157167 0.0
1.03297 0.0196227 0.0
1.03212 0.02344 0.0
1.03123 0.0271627 0.0
1.0303 0.0307854 0.0
1.02934 0.0343028 0.0
1.02835 0.03771 0.0
1.02734 0.0410027 0.0
1.0263 0.0441769 0.0
1.02524 0.0472289 0.0
1.02418 0.0501557 0.0
1.0231 0.0529546 0.0
1.02201 0.0556232 0.0
1.02092 0.0581598 0.0
1.01984 0.0605631 0.0
1.01875 0.062832 0.0
1.01768 0.0649662 0.0
1.01662 0.0669654 0.0
1.01557 0.06883 0.0
1.01455 0.0705607 0.0
1.01354 0.0721586 0.0
1.01256 0.0736249 0.0
1.0116 0.0749615 0.0
1.01067 0.0761702 0.0
1.00977 0.0772535 0.0
1.0089 0.0782137 0.0
1.00807 0.0790537 0.0
1.00727 0.0797764 0.0
1.0065 0.0803849 0.0
1.00577 0.0808825 0.0
1.00508 0.0812726 0.0
1.00442 0.0815589 0.0
1.0038 0.0817448 0.0
1.00321 0.0818342 0.0
1.00266 0.0818307 0.0
1.00215 0.0817383 0.0
1.00167 0.0815606 0.0
1.00122 0.0813015 0.0
1.00081 0.0809649 0.0
1.00043 0.0805546 0.0
1.00008 0.0800742 0.0
0.999754 0.0795276 0.0
0.999461 0.0789183 0.0
0.999195 0.0782501 0.0
0.998956 0.0775263 0.0
0.998741 0.0767505 0.0
0.99855 0.0759261 0.0
0.998381 0.0750562 0.0
0.998233 0.0741441 0.0
0.998105 0.0731928 0.0
0.997995 0.0722052 0.0
0.997903 0.0711844 0.0
0.997828 0.0701329 0.0
0.997767 0.0690535 0.0
0.99772 0.0679487 0.0
0.997686 0.0668208 0.0
0.997664 0.0656723 0.0
0.997654 0.0645053 0.0
0.997653 0.0633218 0.0
0.997661 0.0621239 0.0
0.997678 0.0609135 0.0
0.997702 0.0596922 0.0
0.997733 0.0584618 0.0
0.99777 0.0572238 0.0
0.997812 0.0559795 0.0
0.997859 0.0547305 0.0
0.997911 0.0534779 0.0
0.997966 0.0522228 0.0
0.998024 0.0509662 0.0
0.998085 0.0497092 0.0
0.998148 0.0484526 0.0
0.998213 0.047197 0.0
0.99828 0.0459432 0.0
0.998348 0.0446916 0.0
0.998416 0.0434428 0.0
0.998485 0.0421971 0.0
0.998555 0.0409548 0.0
0.998624 0.039716 0.0
0.998694 0.0384808 0.0
0.998762 0.0372493 0.0
0.998831 0.0360214 0.0
0.998898 0.0347968 0.0
0.998964 0.0335754 0.0
0.99903 0.0323569 0.0
0.999094 0.031141 0.0
0.999157 0.0299271 0.0
0.999218 0.028715 0.0
0.999277 0.0275041 0.0
0.999335 0.0262939 0.0
0.999391 0.025084 0.0
0.999445 0.0238739 0.0
0.999498 0.0226633 0.0
0.999548 0.0214516 0.0
0.999596 0.0202387 0.0
0.999641 0.0190244 0.0
0.999685 0.0178085 0.0
0.999726 0.016591 0.0
0.999764 0.0153722 0.0
0.9998 0.0141523 0.0
0.999834 0.0129319 0.0
0.999865 0.0117116 0.0
0.999893 0.0104923 0.0
0.999918 0.00927485 0.0
0.99994 0.00806051 0.0
0.999959 0.00685053 0.0
0.999974 0.00564631 0.0
0.999986 0.00444935 0.0
0.999994 0.00326172 0.0
0.999997 0.00209228 0.0
0.999996 0.00102743 0.0
1 -0.00175297 0.0
1 -0.00525532 0.0
1.00001 -0.00875401 0.0
1.00002 -0.012249 0.0
1.00003 -0.01574 0.0
1.00005 -0.0192269 0.0
1.00007 -0.0227093 0.0
1.0001 -0.0261868 0.0
1.00013 -0.0296588 0.0
1.00018 -0.0331245 0.0
1.00023 -0.036583 0.0
1.00029 -0.0400331 0.0
1.00037 -0.0434734 0.0
1.00046 -0.0469023 0.0
1.00056 -0.0503179 0.0
1.00068 -0.0537179 0.0
1.00083 -0.0570999 0.0
1.00099 -0.0604609 0.0
1.00117 -0.0637978 0.0
1.00139 -0.0671069 0.0
1.00163 -0.0703844 0.0
1.0019 -0.0736259 0.0
1.0022 -0.0768267 0.0
1.00254 -0.0799816 0.0
1.00291 -0.0830852 0.0
1.00332 -0.0861314 0.0
1.00378 -0.089114 0.0
1.00427 -0.0920263 0.0
1.00481 -0.0948614 0.0
1.0054 -0.0976118 0.0
1.00603 -0.10027 0.0
1.00671 -0.102828 0.0
1.00744 -0.105278 0.0
1.00822 -0.107612 0.0
1.00904 -0.109821 0.0
1.00992 -0.111897 0.0
1.01084 -0.113832 0.0
1.01181 -0.115618 0.0
1.01282 -0.117247 0.0
1.01387 -0.118712 0.0
1.01496 -0.120005 0.0
1.01609 -0.121119 0.0
1.01725 -0.122048 0.0
1.01844 -0.122786 0.0
1.01966 -0.123329 0.0
1.0209 -0.123672 0.0
1.02215 -0.123812 0.0
1.02341 -0.123745 0.0
1.02469 -0.12347 0.0
1.02596 -0.122986 0.0
1.02723 -0.122291 0.0
1.02849 -0.121387 0.0
1.02974 -0.120274 0.0
1.03098 -0.118956 0.0
1.03219 -0.117433 0.0
1.03338 -0.11571 0.0
1.03453 -0.113791 0.0
1.03566 -0.11168 0.0
1.03674 -0.109383 0.0
1.03779 -0.106905 0.0
1.03879 -0.104252 0.0
1.03974 -0.101431 0.0
1.04065 -0.0984489 0.0
1.0415 -0.0953128 0.0
1.0423 -0.0920301 0.0
1.04304 -0.0886087 0.0
1.04373 -0.0850566 0.0
1.04436 -0.0813819 0.0
1.04492 -0.077593 0.0
1.04543 -0.0736985 0.0
1.04587 -0.0697071 0.0
1.04624 -0.0656274 0.0
1.04656 -0.0614685 0.0
1.0468 -0.0572393 0.0
1.04698 -0.052949 0.0
1.04709 -0.0486065 0.0
1.04714 -0.0442213 0.0
1.04711 -0.0398026 0.0
1.04702 -0.0353595 0.0
1.04686 -0.0309015 0.0
1.04664 -0.0264377 0.0
1.04634 -0.0219775 0.0
1.04598 -0.0175298 0.0
1.04555 -0.013104 0.0
1.04506 -0.00870872 0.0
1.0445 -0.00435288 0.0
1.04388 -4.49372e-05 0.0
1.0432 0.00420709 0.0
1.04245 0.00839542 0.0
1.04165 0.0125126 0.0
1.0408 0.0165514 0.0
1.03989 0.0205052 0.0
1.03893 0.0243673 0.0
1.03792 0.0281316 0.0
1.03687 0.0317924 0.0
1.03578 0.0353443 0.0
1.03466 0.0387822 0.0
1.0335 0.0421018 0.0
1.03232 0.0452987 0.0
1.03111 0.0483695 0.0
1.02989 0.0513109 0.0
1.02864 0.0541203 0.0
1.02739 0.0567953 0.0
1.02613 0.0593344 0.0
1.02487 0.061736 0.0
1.02361 0.0639996 0.0
1.02236 0.0661246 0.0
1.02112 0.0681112 0.0
1.01989 0.0699598 0.0
1.01867 0.0716713 0.0
1.01748 0.073247 0.0
1.01631 0.0746885 0.0
1.01517 0.0759977 0.0
1.01405 0.0771769 0.0
1.01297 0.0782287 0.0
1.01192 0.0791557 0.0
1.0109 0.0799609 0.0
1.00993 0.0806477 0.0
1.00899 0.0812194 0.0
1.00808 0.0816794 0.0
1.00722 0.0820315 0.0
1.0064 0.0822794 0.0
1.00562 0.082427 0.0
1.00488 0.0824781 0.0
1.00418 0.0824367 0.0
1.00352 0.0823067 0.0
1.0029 0.0820922 0.0
1.00232 0.081797 0.0
1.00178 0.0814252 0.0
1.00127 0.0809806 0.0
1.0008 0.0804671 0.0
1.00037 0.0798884 0.0
0.999973 0.0792483 0.0
0.999608 0.0785505 0.0
0.999275 0.0777984 0.0
0.998972 0.0769956 0.0
0.998699 0.0761454 0.0
0.998453 0.0752512 0.0
0.998234 0.074316 0.0
0.998039 0.073343 0.0
0.997868 0.072335 0.0
0.99772 0.071295 0.0
0.997592 0.0702256 0.0
0.997484 0.0691294 0.0
0.997394 0.068009 0.0
0.997321 0.0668667 0.0
0.997265 0.0657048 0.0
0.997223 0.0645255 0.0
0.997194 0.0633307 0.0
0.997178 0.0621225 0.0
0.997173 0.0609026 0.0
0.997179 0.0596727 0.0
0.997195 0.0584345 0.0
0.997219 0.0571895 0.0
0.997251 0.055939 0.0
0.997291 0.0546844 0.0
0.997336 0.0534268 0.0
0.997387 0.0521673 0.0
0.997444 0.050907 0.0
0.997504 0.0496467 0.0
0.997569 0.0483872 0.0
0.997636 0.0471293 0.0
0.997707 0.0458735 0.0
0.99778 0.0446204 0.0
0.997855 0.0433704 0.0
0.997931 0.0421238 0.0
0.998008 0.0408809 0.0
0.998087 0.0396419 0.0
0.998166 0.0384067 0.0
0.998245 0.0371754 0.0
0.998323 0.0359479 0.0
0.998402 0.034724 0.0
0.99848 0.0335034 0.0
0.998558 0.032286 0.0
0.998634 0.0310712 0.0
0.998709 0.0298587 0.0
0.998783 0.028648 0.0
0.998855 0.0274387 0.0
0.998926 0.0262303 0.0
0.998995 0.0250222 0.0
0.999063 0.0238141 0.0
0.999128 0.0226055 0.0
0.999191 0.021396 0.0
0.999251 0.0201854 0.0
0.99931 0.0189734 0.0
0.999366 0.0177599 0.0
0.999419 0.0165449 0.0
0.99947 0.0153287 0.0
0.999518 0.0141116 0.0
0.999563 0.012894 0.0
0.999605 0.0116766 0.0
0.999644 0.0104603 0.0
0.999679 0.00924611 0.0
0.999711 0.00803521 0.0
0.999738 0.00682893 0.0
0.999762 0.00562873 0.0
0.99978 0.00443616 0.0
0.999794 0.0032534 0.0
0.999801 0.00208939 0.0
0.999802 0.00103017 0.0
1 -0.00175439 0.0
1 -0.00525968 0.0
1.00001 -0.00876155 0.0
1.00002 -0.0122601 0.0
1.00003 -0.0157552 0.0
1.00005 -0.0192469 0.0
1.00007 -0.0227349 0.0
1.0001 -0.0262191 0.0
1.00014 -0.0296988 0.0
1.00018 -0.0331736 0.0
1.00024 -0.0366426 0.0
1.00031 -0.0401047 0.0
1.00039 -0.0435588 0.0
1.00049 -0.0470033 0.0
1.0006 -0.0504364 0.0
1.00074 -0.0538561 0.0
1.00089 -0.0572598 0.0
1.00107 -0.0606449 0.0
1.00128 -0.0640081 0.0
1.00152 -0.067346 0.0
1.00179 -0.0706547 0.0
1.00209 -0.0739299 0.0
1.00243 -0.0771667 0.0
1.00281 -0.0803601 0.0
1.00324 -0.0835044 0.0
1.00371 -0.0865936 0.0
1.00422 -0.0896213 0.0
1.00479 -0.0925807 0.0
1.0054 -0.0954645 0.0
1.00607 -0.0982651 0.0
1.0068 -0.100975 0.0
1.00758 -0.103585 0.0
1.00842 -0.106088 0.0
1.00931 -0.108474 0.0
1.01026 -0.110736 0.0
1.01127 -0.112864 0.0
1.01234 -0.11485 0.0
1.01345 -0.116685 0.0
1.01462 -0.118361 0.0
1.01584 -0.11987 0.0
1.01711 -0.121204 0.0
1.01841 -0.122356 0.0
1.01976 -0.123319 0.0
1.02114 -0.124088 0.0
1.02255 -0.124656 0.0
1.02399 -0.12502 0.0
1.02545 -0.125175 0.0
1.02692 -0.125118 0.0
1.0284 -0.124848 0.0
1.02988 -0.124363 0.0
1.03136 -0.123663 0.0
1.03283 -0.122748 0.0
1.03428 -0.12162 0.0
1.03572 -0.12028 0.0
1.03713 -0.118732 0.0
1.03851 -0.116979 0.0
1.03986 -0.115026 0.0
1.04117 -0.112877 0.0
1.04243 -0.110537 0.0
1.04365 -0.108014 0.0
1.04482 -0.105312 0.0
1.04593 -0.10244 0.0
1.04699 -0.0994037 0.0
1.04799 -0.096211 0.0
1.04893 -0.0928695 0.0
1.0498 -0.0893873 0.0
1.05061 -0.0857726 0.0
1.05135 -0.0820337 0.0
1.05202 -0.0781792 0.0
1.05262 -0.0742177 0.0
1.05315 -0.070158 0.0
1.05361 -0.0660091 0.0
1.05399 -0.0617801 0.0
1.0543 -0.05748 0.0
1.05453 -0.053118 0.0
1.05468 -0.0487035 0.0
1.05476 -0.0442459 0.0
1.05476 -0.0397544 0.0
1.05468 -0.0352386 0.0
1.05452 -0.0307079 0.0
1.05429 -0.0261717 0.0
1.05398 -0.0216395 0.0
1.0536 -0.0171206 0.0
1.05313 -0.0126242 0.0
1.0526 -0.00815954 0.0
1.05199 -0.00373549 0.0
1.05131 0.000639236 0.0
1.05056 0.00495635 0.0
1.04974 0.00920776 0.0
1.04885 0.0133857 0.0
1.0479 0.0174826 0.0
1.0469 0.0214915 0.0
1.04583 0.0254054 0.0
1.04471 0.0292182 0.0
1.04354 0.0329236 0.0
1.04233 0.0365163 0.0
1.04107 0.0399909 0.0
1.03978 0.0433428 0.0
1.03845 0.0465679 0.0
1.0371 0.0496623 0.0
1.03572 0.0526229 0.0
1.03432 0.055447 0.0
1.03291 0.0581323 0.0
1.03149 0.0606771 0.0
1.03006 0.0630802 0.0
1.02864 0.0653409 0.0
1.02721 0.067459 0.0
1.0258 0.0694346 0.0
1.0244 0.0712685 0.0
1.02301 0.0729617 0.0
1.02164 0.0745157 0.0
1.0203 0.0759323 0.0
1.01898 0.0772137 0.0
1.0177 0.0783625 0.0
1.01644 0.0793814 0.0
1.01522 0.0802734 0.0
1.01404 0.0810418 0.0
1.01289 0.0816902 0.0
1.01179 0.0822221 0.0
1.01072 0.0826413 0.0
1.0097 0.0829518 0.0
1.00873 0.0831575 0.0
1.00779 0.0832626 0.0
1.0069 0.083271 0.0
1.00606 0.083187 0.0
1.00526 0.0830148 0.0
1.00451 0.0827585 0.0
1.0038 0.0824221 0.0
1.00313 0.0820098 0.0
1.0025 0.0815257 0.0
1.00192 0.0809736 0.0
1.00138 0.0803575 0.0
1.00087 0.0796812 0.0
1.00041 0.0789484 0.0
0.999976 0.0781626 0.0
0.999582 0.0773276 0.0
0.999222 0.0764465 0.0
0.998895 0.0755228 0.0
0.998599 0.0745595 0.0
0.998333 0.0735599 0.0
0.998095 0.0725267 0.0
0.997883 0.0714629 0.0
0.997697 0.0703711 0.0
0.997535 0.069254 0.0
0.997395 0.0681139 0.0
0.997276 0.0669532 0.0
0.997177 0.0657742 0.0
0.997096 0.064579 0.0
0.997032 0.0633695 0.0
0.996984 0.0621476 0.0
0.99695 0.0609152 0.0
0.99693 0.0596738 0.0
0.996923 0.0584251 0.0
0.996927 0.0571705 0.0
0.996941 0.0559113 0.0
0.996965 0.0546488 0.0
0.996997 0.0533841 0.0
0.997038 0.0521183 0.0
0.997085 0.0508523 0.0
0.997138 0.049587 0.0
0.997197 0.0483232 0.0
0.997261 0.0470615 0.0
0.997329 0.0458024 0.0
0.997401 0.0445465 0.0
0.997476 0.0432942 0.0
0.997553 0.0420458 0.0
0.997633 0.0408014 0.0
0.997715 0.0395612 0.0
0.997798 0.0383252 0.0
0.997882 0.0370935 0.0
0.997967 0.0358658 0.0
0.998052 0.034642 0.0
0.998137 0.0334219 0.0
0.998222 0.032205 0.0
0.998306 0.030991 0.0
0.99839 0.0297796 0.0
0.998473 0.0285701 0.0
0.998555 0.0273622 0.0
0.998635 0.0261554 0.0
0.998714 0.0249491 0.0
0.998791 0.0237428 0.0
0.998866 0.0225362 0.0
0.998939 0.0213289 0.0
0.99901 0.0201206 0.0
0.999078 0.0189109 0.0
0.999145 0.0177 0.0
0.999208 0.0164877 0.0
0.999269 0.0152743 0.0
0.999326 0.0140601 0.0
0.999381 0.0128456 0.0
0.999432 0.0116315 0.0
0.99948 0.0104187 0.0
0.999524 0.00920826 0.0
0.999563 0.00800141 0.0
0.999599 0.00679955 0.0
0.999629 0.00560422 0.0
0.999653 0.00441711 0.0
0.999672 0.00324055 0.0
0.999682 0.00208365 0.0
0.999685 0.001032 0.0
1 -0.00175577 0.0
1 -0.00526391 0.0
1.00001 -0.0087689 0.0
1.00002 -0.012271 0.0
1.00003 -0.0157703 0.0
1.00005 -0.019267 0.0
1.00007 -0.022761 0.0
1.0001 -0.0262522 0.0
1.00014 -0.0297403 0.0
1.00018 -0.033225 0.0
1.00024 -0.0367054 0.0
1.00031 -0.0401809 0.0
1.0004 -0.0436503 0.0
1.0005 -0.0471122 0.0
1.00062 -0.0505649 0.0
1.00077 -0.0540066 0.0
1.00094 -0.0574349 0.0
1.00113 -0.0608472 0.0
1.00136 -0.0642403 0.0
1.00162 -0.0676109 0.0
1.00192 -0.0709551 0.0
1.00225 -0.0742687 0.0
1.00263 -0.0775467 0.0
1.00305 -0.0807842 0.0
1.00352 -0.0839753 0.0
1.00404 -0.0871139 0.0
1.00462 -0.0901936 0.0
1.00525 -0.0932072 0.0
1.00595 -0.0961473 0.0
1.0067 -0.099006 0.0
1.00751 -0.101775 0.0
1.00839 -0.104446 0.0
1.00934 -0.10701 0.0
1.01035 -0.109458 0.0
1.01143 -0.111781 0.0
1.01257 -0.11397 0.0
1.01378 -0.116015 0.0
1.01505 -0.117908 0.0
1.01638 -0.119639 0.0
1.01777 -0.121199 0.0
1.01921 -0.122582 0.0
1.0207 -0.123778 0.0
1.02224 -0.124781 0.0
1.02381 -0.125585 0.0
1.02543 -0.126183 0.0
1.02707 -0.126571 0.0
1.02873 -0.126744 0.0
1.03041 -0.1267 0.0
1.0321 -0.126436 0.0
1.0338 -0.125951 0.0
1.03549 -0.125245 0.0
1.03717 -0.124318 0.0
1.03884 -0.123172 0.0
1.04048 -0.121808 0.0
1.0421 -0.120231 0.0
1.04368 -0.118444 0.0
1.04522 -0.116451 0.0
1.04672 -0.114258 0.0
1.04817 -0.111871 0.0
1.04957 -0.109296 0.0
1.05091 -0.106539 0.0
1.05218 -0.103608 0.0
1.0534 -0.10051 0.0
1.05455 -0.0972525 0.0
1.05563 -0.0938442 0.0
1.05663 -0.090293 0.0
1.05756 -0.0866073 0.0
1.05842 -0.0827956 0.0
1.0592 -0.0788667 0.0
1.05989 -0.0748293 0.0
1.06051 -0.0706925 0.0
1.06105 -0.0664654 0.0
1.0615 -0.062157 0.0
1.06187 -0.0577767 0.0
1.06215 -0.0533339 0.0
1.06234 -0.0488379 0.0
1.06245 -0.0442983 0.0
1.06248 -0.0397247 0.0
1.06241 -0.0351266 0.0
1.06226 -0.0305138 0.0
1.06202 -0.0258957 0.0
1.0617 -0.0212821 0.0
1.06129 -0.0166825 0.0
1.0608 -0.0121065 0.0
1.06022 -0.00756325 0.0
1.05956 -0.00306211 0.0
1.05881 0.00138805 0.0
1.05799 0.00577862 0.0
1.0571 0.0101012 0.0
1.05613 0.0143476 0.0
1.05509 0.0185102 0.0
1.05398 0.0225814 0.0
1.0528 0.0265541 0.0
1.05157 0.0304218 0.0
1.05028 0.0341782 0.0
1.04894 0.0378174 0.0
1.04755 0.0413342 0.0
1.04612 0.0447237 0.0
1.04465 0.0479815 0.0
1.04315 0.0511039 0.0
1.04162 0.0540876 0.0
1.04007 0.0569299 0.0
1.0385 0.0596284 0.0
1.03692 0.0621817 0.0
1.03534 0.0645885 0.0
1.03375 0.0668483 0.0
1.03216 0.0689609 0.0
1.03058 0.0709267 0.0
1.02901 0.0727466 0.0
1.02746 0.0744218 0.0
1.02593 0.075954 0.0
1.02442 0.0773454 0.0
1.02294 0.0785983 0.0
1.02149 0.0797155 0.0
1.02007 0.0807002 0.0
1.01869 0.0815555 0.0
1.01735 0.0822851 0.0
1.01605 0.0828928 0.0
1.01479 0.0833824 0.0
1.01358 0.083758 0.0
1.01241 0.0840237 0.0
1.01129 0.0841839 0.0
1.01021 0.0842429 0.0
1.00919 0.084205 0.0
1.00821 0.0840745 0.0
1.00728 0.0838559 0.0
1.0064 0.0835535 0.0
1.00556 0.0831716 0.0
1.00478 0.0827145 0.0
1.00403 0.0821863 0.0
1.00334 0.0815911 0.0
1.00269 0.0809329 0.0
1.00208 0.0802157 0.0
1.00152 0.0794433 0.0
1.001 0.0786193 0.0
1.00052 0.0777473 0.0
1.00007 0.0768307 0.0
0.999664 0.075873 0.0
0.999291 0.0748773 0.0
0.998953 0.0738467 0.0
0.998646 0.0727841 0.0
0.998371 0.0716923 0.0
0.998124 0.0705741 0.0
0.997905 0.069432 0.0
0.997712 0.0682684 0.0
0.997544 0.0670857 0.0
0.997399 0.065886 0.0
0.997275 0.0646715 0.0
0.997172 0.063444 0.0
0.997087 0.0622054 0.0
0.99702 0.0609575 0.0
0.99697 0.0597018 0.0
0.996934 0.0584398 0.0
0.996913 0.0571731 0.0
0.996904 0.0559028 0.0
0.996907 0.0546301 0.0
0.996921 0.0533562 0.0
0.996945 0.052082 0.0
0.996977 0.0508085 0.0
0.997018 0.0495364 0.0
0.997066 0.0482666 0.0
0.997121 0.0469995 0.0
0.997181 0.0457357 0.0
0.997246 0.0444757 0.0
0.997316 0.0432198 0.0
0.99739 0.0419683 0.0
0.997467 0.0407214 0.0
0.997548 0.0394791 0.0
0.99763 0.0382415 0.0
0.997714 0.0370085 0.0
0.9978 0.0357799 0.0
0.997887 0.0345556 0.0
0.997975 0.0333351 0.0
0.998063 0.0321183 0.0
0.998152 0.0309047 0.0
0.99824 0.0296938 0.0
0.998327 0.0284852 0.0
0.998414 0.0272783 0.0
0.9985 0.0260727 0.0
0.998585 0.0248679 0.0
0.998668 0.0236633 0.0
0.99875 0.0224586 0.0
0.99883 0.0212533 0.0
0.998908 0.0200471 0.0
0.998983 0.0188399 0.0
0.999057 0.0176315 0.0
0.999127 0.0164219 0.0
0.999195 0.0152114 0.0
0.99926 0.0140003 0.0
0.999321 0.012789 0.0
0.999379 0.0115785 0.0
0.999434 0.0103695 0.0
0.999484 0.00916314 0.0
0.99953 0.00796079 0.0
0.999571 0.00676391 0.0
0.999606 0.00557415 0.0
0.999635 0.00439336 0.0
0.999656 0.00322407 0.0
0.99967 0.00207561 0.0
0.999674 0.00103304 0.0
1 -0.00175701 0.0
1 -0.00526773 0.0
1.00001 -0.00877562 0.0
1.00002 -0.0122811 0.0
1.00003 -0.0157845 0.0
1.00004 -0.0192862 0.0
1.00006 -0.0227862 0.0
1.00009 -0.0262848 0.0
1.00013 -0.0297818 0.0
1.00018 -0.0332769 0.0
1.00023 -0.0367698 0.0
1.00031 -0.0402597 0.0
1.00039 -0.0437457 0.0
1.0005 -0.0472266 0.0
1.00063 -0.050701 0.0
1.00078 -0.0541671 0.0
1.00096 -0.0576226 0.0
1.00117 -0.0610651 0.0
1.00141 -0.0644916 0.0
1.00169 -0.0678987 0.0
1.00201 -0.0712827 0.0
1.00237 -0.0746394 0.0
1.00278 -0.0779639 0.0
1.00324 -0.081251 0.0
1.00376 -0.0844951 0.0
1.00433 -0.0876898 0.0
1.00497 -0.0908284 0.0
1.00566 -0.0939036 0.0
1.00643 -0.0969079 0.0
1.00726 -0.0998329 0.0
1.00817 -0.10267 0.0
1.00915 -0.105411 0.0
1.0102 -0.108045 0.0
1.01133 -0.110564 0.0
1.01253 -0.112957 0.0
1.01381 -0.115216 0.0
1.01516 -0.117329 0.0
1.01659 -0.119288 0.0
1.01808 -0.121082 0.0
1.01964 -0.122703 0.0
1.02126 -0.124142 0.0
1.02294 -0.12539 0.0
1.02467 -0.126439 0.0
1.02645 -0.127283 0.0
1.02827 -0.127916 0.0
1.03012 -0.128332 0.0
1.032 -0.128527 0.0
1.0339 -0.128497 0.0
1.03581 -0.128241 0.0
1.03772 -0.127756 0.0
1.03964 -0.127043 0.0
1.04154 -0.126103 0.0
1.04342 -0.124936 0.0
1.04528 -0.123545 0.0
1.0471 -0.121935 0.0
1.04889 -0.120109 0.0
1.05063 -0.118072 0.0
1.05232 -0.115829 0.0
1.05396 -0.113388 0.0
1.05554 -0.110753 0.0
1.05705 -0.107934 0.0
1.0585 -0.104937 0.0
1.05987 -0.101769 0.0
1.06117 -0.0984396 0.0
1.06239 -0.0949563 0.0
1.06353 -0.0913277 0.0
1.06459 -0.0875624 0.0
1.06556 -0.0836692 0.0
1.06645 -0.079657 0.0
1.06724 -0.0755348 0.0
1.06795 -0.0713118 0.0
1.06857 -0.0669972 0.0
1.06909 -0.0626002 0.0
1.06952 -0.0581304 0.0
1.06985 -0.0535972 0.0
1.07009 -0.0490102 0.0
1.07024 -0.0443792 0.0
1.07028 -0.0397138 0.0
1.07023 -0.0350238 0.0
1.07009 -0.0303191 0.0
1.06984 -0.0256095 0.0
1.0695 -0.020905 0.0
1.06907 -0.0162152 0.0
1.06854 -0.01155 0.0
1.06792 -0.00691904 0.0
1.0672 -0.00233174 0.0
1.0664 0.00220268 0.0
1.06551 0.00667527 0.0
1.06453 0.0110773 0.0
1.06347 0.0154002 0.0
1.06234 0.019636 0.0
1.06112 0.0237768 0.0
1.05984 0.0278153 0.0
1.05849 0.0317445 0.0
1.05708 0.0355579 0.0
1.05561 0.0392494 0.0
1.05408 0.0428136 0.0
1.05251 0.0462454 0.0
1.0509 0.0495404 0.0
1.04925 0.0526947 0.0
1.04757 0.0557049 0.0
1.04586 0.0585683 0.0
1.04414 0.0612827 0.0
1.0424 0.0638465 0.0
1.04065 0.0662587 0.0
1.0389 0.0685187 0.0
1.03715 0.0706266 0.0
1.03541 0.072583 0.0
1.03368 0.0743888 0.0
1.03196 0.0760457 0.0
1.03027 0.0775555 0.0
1.0286 0.0789206 0.0
1.02696 0.0801437 0.0
1.02535 0.0812278 0.0
1.02378 0.0821764 0.0
1.02225 0.082993 0.0
1.02076 0.0836814 0.0
1.01931 0.0842458 0.0
1.01791 0.0846903 0.0
1.01655 0.0850193 0.0
1.01524 0.0852373 0.0
1.01399 0.0853487 0.0
1.01278 0.0853582 0.0
1.01162 0.0852704 0.0
1.01052 0.0850899 0.0
1.00947 0.0848212 0.0
1.00847 0.084469 0.0
1.00752 0.0840376 0.0
1.00663 0.0835317 0.0
1.00578 0.0829554 0.0
1.00498 0.0823131 0.0
1.00423 0.0816088 0.0
1.00353 0.0808467 0.0
1.00288 0.0800305 0.0
1.00227 0.0791642 0.0
1.0017 0.0782513 0.0
1.00118 0.0772953 0.0
1.00069 0.0762997 0.0
1.00025 0.0752676 0.0
0.999842 0.0742022 0.0
0.999471 0.0731064 0.0
0.999133 0.0719831 0.0
0.998828 0.0708348 0.0
0.998554 0.0696643 0.0
0.998308 0.0684739 0.0
0.998091 0.0672658 0.0
0.9979 0.0660423 0.0
0.997733 0.0648054 0.0
0.997589 0.0635569 0.0
0.997467 0.0622988 0.0
0.997365 0.0610326 0.0
0.997282 0.05976 0.0
0.997217 0.0584823 0.0
0.997168 0.057201 0.0
0.997134 0.0559174 0.0
0.997113 0.0546324 0.0
0.997106 0.0533472 0.0
0.99711 0.0520627 0.0
0.997125 0.0507799 0.0
0.99715 0.0494993 0.0
0.997183 0.0482218 0.0
0.997225 0.0469478 0.0
0.997274 0.0456779 0.0
0.997329 0.0444125 0.0
0.99739 0.0431518 0.0
0.997456 0.0418961 0.0
0.997527 0.0406455 0.0
0.997602 0.0394001 0.0
0.99768 0.0381599 0.0
0.99776 0.0369247 0.0
0.997844 0.0356944 0.0
0.997929 0.0344687 0.0
0.998015 0.0332474 0.0
0.998103 0.03203 0.0
0.998191 0.0308161 0.0
0.99828 0.0296053 0.0
0.998369 0.028397 0.0
0.998457 0.0271908 0.0
0.998545 0.0259861 0.0
0.998633 0.0247824 0.0
0.998719 0.0235792 0.0
0.998803 0.022376 0.0
0.998887 0.0211725 0.0
0.998968 0.0199684 0.0
0.999047 0.0187634 0.0
0.999125 0.0175574 0.0
0.999199 0.0163505 0.0
0.999271 0.0151428 0.0
0.99934 0.0139348 0.0
0.999406 0.012727 0.0
0.999468 0.01152 0.0
0.999526 0.010315 0.0
0.99958 0.00911303 0.0
0.99963 0.00791548 0.0
0.999674 0.00672396 0.0
0.999712 0.00554025 0.0
0.999744 0.00436636 0.0
0.999768 0.00320508 0.0
0.999783 0.00206595 0.0
0.999788 0.00103344 0.0
1 -0.00175801 0.0
1 -0.00527087 0.0
1.00001 -0.00878122 0.0
1.00001 -0.0122897 0.0
1.00002 -0.0157969 0.0
1.00003 -0.0193034 0.0
1.00005 -0.0228095 0.0
1.00008 -0.0263155 0.0
1.00011 -0.0298216 0.0
1.00016 -0.0333277 0.0
1.00021 -0.0368336 0.0
1.00028 -0.0403388 0.0
1.00037 -0.0438427 0.0
1.00048 -0.0473442 0.0
1.00061 -0.050842 0.0
1.00077 -0.0543345 0.0
1.00095 -0.0578198 0.0
1.00117 -0.0612954 0.0
1.00142 -0.0647586 0.0
1.00172 -0.0682061 0.0
1.00206 -0.0716342 0.0
1.00245 -0.0750387 0.0
1.00289 -0.0784149 0.0
1.00338 -0.0817575 0.0
1.00394 -0.0850607 0.0
1.00456 -0.0883181 0.0
1.00525 -0.0915229 0.0
1.00601 -0.0946675 0.0
1.00684 -0.097744 0.0
1.00776 -0.100744 0.0
1.00875 -0.103658 0.0
1.00982 -0.106477 0.0
1.01098 -0.109191 0.0
1.01223 -0.111791 0.0
1.01356 -0.114264 0.0
1.01497 -0.116602 0.0
1.01647 -0.118794 0.0
1.01805 -0.120828 0.0
1.01971 -0.122695 0.0
1.02145 -0.124385 0.0
1.02326 -0.125888 0.0
1.02513 -0.127195 0.0
1.02706 -0.128298 0.0
1.02905 -0.129189 0.0
1.03108 -0.129862 0.0
1.03315 -0.13031 0.0
1.03525 -0.13053 0.0
1.03737 -0.130517 0.0
1.03951 -0.130269 0.0
1.04165 -0.129785 0.0
1.04379 -0.129064 0.0
1.04591 -0.128108 0.0
1.04802 -0.126918 0.0
1.0501 -0.125497 0.0
1.05214 -0.123849 0.0
1.05414 -0.121979 0.0
1.05608 -0.119892 0.0
1.05798 -0.117594 0.0
1.05981 -0.115091 0.0
1.06157 -0.112391 0.0
1.06326 -0.109502 0.0
1.06488 -0.10643 0.0
1.06641 -0.103185 0.0
1.06786 -0.0997749 0.0
1.06923 -0.0962081 0.0
1.07051 -0.0924934 0.0
1.07169 -0.0886397 0.0
1.07278 -0.0846561 0.0
1.07378 -0.0805516 0.0
1.07468 -0.0763355 0.0
1.07547 -0.072017 0.0
1.07617 -0.0676056 0.0
1.07677 -0.0631106 0.0
1.07726 -0.0585418 0.0
1.07765 -0.0539087 0.0
1.07793 -0.049221 0.0
1.07811 -0.0444888 0.0
1.07818 -0.0397218 0.0
1.07814 -0.0349301 0.0
1.078 -0.0301237 0.0
1.07775 -0.0253128 0.0
1.0774 -0.0205075 0.0
1.07694 -0.0157178 0.0
1.07637 -0.0109538 0.0
1.0757 -0.00622558 0.0
1.07493 -0.0015428 0.0
1.07407 0.00308497 0.0
1.0731 0.00764842 0.0
1.07204 0.0121384 0.0
1.07089 0.0165461 0.0
1.06966 0.0208629 0.0
1.06834 0.0250809 0.0
1.06694 0.0291922 0.0
1.06547 0.0331895 0.0
1.06393 0.0370661 0.0
1.06233 0.0408157 0.0
1.06066 0.0444326 0.0
1.05895 0.0479115 0.0
1.05719 0.0512479 0.0
1.05539 0.0544377 0.0
1.05355 0.0574776 0.0
1.05169 0.0603648 0.0
1.0498 0.0630971 0.0
1.0479 0.065673 0.0
1.04599 0.0680916 0.0
1.04407 0.0703525 0.0
1.04216 0.0724558 0.0
1.04025 0.0744025 0.0
1.03836 0.0761937 0.0
1.03648 0.0778312 0.0
1.03463 0.0793172 0.0
1.0328 0.0806544 0.0
1.031 0.0818457 0.0
1.02924 0.0828945 0.0
1.02752 0.0838045 0.0
1.02584 0.0845796 0.0
1.0242 0.085224 0.0
1.02261 0.0857421 0.0
1.02107 0.0861383 0.0
1.01958 0.0864175 0.0
1.01814 0.0865842 0.0
1.01675 0.0866434 0.0
1.01542 0.0865999 0.0
1.01415 0.0864585 0.0
1.01293 0.0862242 0.0
1.01176 0.0859017 0.0
1.01066 0.0854959 0.0
1.0096 0.0850114 0.0
1.0086 0.0844529 0.0
1.00766 0.0838248 0.0
1.00677 0.0831316 0.0
1.00593 0.0823775 0.0
1.00514 0.0815667 0.0
1.0044 0.0807032 0.0
1.00371 0.0797909 0.0
1.00307 0.0788335 0.0
1.00247 0.0778346 0.0
1.00192 0.0767975 0.0
1.00141 0.0757257 0.0
1.00094 0.0746222 0.0
1.00051 0.0734899 0.0
1.00011 0.0723318 0.0
0.999751 0.0711505 0.0
0.999425 0.0699485 0.0
0.999132 0.0687282 0.0
0.998868 0.067492 0.0
0.998633 0.0662418 0.0
0.998426 0.0649799 0.0
0.998244 0.0637079 0.0
0.998086 0.0624277 0.0
0.99795 0.0611409 0.0
0.997835 0.0598491 0.0
0.99774 0.0585535 0.0
0.997663 0.0572556 0.0
0.997603 0.0559566 0.0
0.997559 0.0546574 0.0
0.99753 0.0533591 0.0
0.997513 0.0520626 0.0
0.997509 0.0507687 0.0
0.997517 0.0494782 0.0
0.997534 0.0481915 0.0
0.997561 0.0469092 0.0
0.997597 0.0456319 0.0
0.99764 0.0443597 0.0
0.99769 0.0430931 0.0
0.997746 0.0418321 0.0
0.997808 0.0405768 0.0
0.997874 0.0393274 0.0
0.997945 0.0380836 0.0
0.998019 0.0368455 0.0
0.998097 0.0356127 0.0
0.998177 0.034385 0.0
0.998259 0.033162 0.0
0.998343 0.0319434 0.0
0.998429 0.0307287 0.0
0.998515 0.0295174 0.0
0.998602 0.028309 0.0
0.998689 0.0271029 0.0
0.998776 0.0258987 0.0
0.998862 0.0246958 0.0
0.998948 0.0234936 0.0
0.999033 0.0222918 0.0
0.999116 0.0210898 0.0
0.999198 0.0198875 0.0
0.999278 0.0186845 0.0
0.999356 0.0174808 0.0
0.999432 0.0162765 0.0
0.999505 0.0150716 0.0
0.999575 0.0138666 0.0
0.999642 0.0126621 0.0
0.999706 0.0114589 0.0
0.999766 0.0102579 0.0
0.999821 0.00906035 0.0
0.999872 0.00786776 0.0
0.999917 0.0066818 0.0
0.999957 0.00550439 0.0
0.999989 0.00433773 0.0
1.00001 0.00318481 0.0
1.00003 0.00205542 0.0
1.00003 0.00103336 0.0
1 -0.00175867 0.0
1 -0.00527297 0.0
1 -0.00878515 0.0
1.00001 -0.0122961 0.0
1.00001 -0.0158066 0.0
1.00002 -0.0193174 0.0
1.00004 -0.0228293 0.0
1.00006 -0.0263426 0.0
1.00009 -0.0298578 0.0
1.00013 -0.0333751 0.0
1.00018 -0.0368945 0.0
1.00025 -0.0404158 0.0
1.00033 -0.0439385 0.0
1.00044 -0.0474618 0.0
1.00057 -0.0509847 0.0
1.00072 -0.0545057 0.0
1.00091 -0.0580231 0.0
1.00114 -0.0615347 0.0
1.0014 -0.0650378 0.0
1.00171 -0.0685294 0.0
1.00206 -0.0720057 0.0
1.00247 -0.0754628 0.0
1.00294 -0.0788959 0.0
1.00346 -0.0822997 0.0
1.00406 -0.0856684 0.0
1.00472 -0.0889955 0.0
1.00546 -0.0922739 0.0
1.00628 -0.0954959 0.0
1.00718 -0.0986532 0.0
1.00817 -0.101737 0.0
1.00925 -0.104737 0.0
1.01042 -0.107645 0.0
1.01168 -0.110449 0.0
1.01305 -0.113139 0.0
1.0145 -0.115704 0.0
1.01606 -0.118131 0.0
1.0177 -0.120411 0.0
1.01944 -0.122531 0.0
1.02127 -0.124481 0.0
1.02319 -0.126249 0.0
1.02518 -0.127826 0.0
1.02725 -0.1292 0.0
1.02939 -0.130364 0.0
1.03159 -0.131309 0.0
1.03384 -0.132027 0.0
1.03614 -0.132512 0.0
1.03847 -0.13276 0.0
1.04083 -0.132766 0.0
1.0432 -0.132528 0.0
1.04558 -0.132045 0.0
1.04795 -0.131316 0.0
1.05031 -0.130342 0.0
1.05265 -0.129126 0.0
1.05495 -0.127671 0.0
1.05721 -0.125981 0.0
1.05943 -0.124061 0.0
1.06159 -0.121918 0.0
1.06369 -0.119557 0.0
1.06571 -0.116986 0.0
1.06767 -0.114213 0.0
1.06954 -0.111245 0.0
1.07133 -0.108092 0.0
1.07303 -0.104761 0.0
1.07464 -0.101261 0.0
1.07615 -0.0976018 0.0
1.07757 -0.0937921 0.0
1.07888 -0.0898411 0.0
1.08009 -0.0857579 0.0
1.0812 -0.081552 0.0
1.0822 -0.0772326 0.0
1.08309 -0.0728093 0.0
1.08387 -0.0682917 0.0
1.08454 -0.0636892 0.0
1.0851 -0.0590117 0.0
1.08554 -0.0542689 0.0
1.08586 -0.0494708 0.0
1.08608 -0.0446274 0.0
1.08617 -0.0397489 0.0
1.08615 -0.0348454 0.0
1.08601 -0.0299273 0.0
1.08576 -0.025005 0.0
1.08538 -0.0200888 0.0
1.0849 -0.0151892 0.0
1.0843 -0.0103166 0.0
1.08358 -0.00548124 0.0
1.08276 -0.000693347 0.0
1.08182 0.00403722 0.0
1.08078 0.00870069 0.0
1.07964 0.0132875 0.0
1.07839 0.0177885 0.0
1.07706 0.0221946 0.0
1.07563 0.0264975 0.0
1.07411 0.0306889 0.0
1.07251 0.0347613 0.0
1.07084 0.0387075 0.0
1.0691 0.042521 0.0
1.06729 0.0461958 0.0
1.06543 0.0497266 0.0
1.06351 0.0531085 0.0
1.06155 0.0563374 0.0
1.05956 0.0594099 0.0
1.05753 0.0623233 0.0
1.05548 0.0650754 0.0
1.05341 0.0676647 0.0
1.05133 0.0700904 0.0
1.04925 0.0723523 0.0
1.04717 0.0744509 0.0
1.04509 0.0763871 0.0
1.04303 0.0781624 0.0
1.04099 0.0797789 0.0
1.03898 0.0812391 0.0
1.03699 0.082546 0.0
1.03504 0.0837029 0.0
1.03312 0.0847135 0.0
1.03125 0.0855818 0.0
1.02942 0.0863121 0.0
1.02764 0.086909 0.0
1.02591 0.0873771 0.0
1.02423 0.0877214 0.0
1.02261 0.0879469 0.0
1.02105 0.0880585 0.0
1.01954 0.0880615 0.0
1.01809 0.087961 0.0
1.0167 0.0877621 0.0
1.01537 0.0874701 0.0
1.0141 0.0870899 0.0
1.01289 0.0866266 0.0
1.01174 0.086085 0.0
1.01064 0.0854701 0.0
1.00961 0.0847864 0.0
1.00863 0.0840386 0.0
1.00771 0.0832311 0.0
1.00684 0.0823681 0.0
1.00603 0.0814538 0.0
1.00527 0.0804921 0.0
1.00455 0.0794869 0.0
1.00389 0.0784417 0.0
1.00327 0.0773602 0.0
1.0027 0.0762455 0.0
1.00218 0.0751008 0.0
1.00169 0.0739292 0.0
1.00124 0.0727334 0.0
1.00083 0.0715162 0.0
1.00046 0.0702801 0.0
1.00013 0.0690275 0.0
0.999821 0.0677606 0.0
0.999547 0.0664815 0.0
0.999302 0.0651922 0.0
0.999085 0.0638945 0.0
0.998894 0.0625901 0.0
0.998728 0.0612807 0.0
0.998584 0.0599676 0.0
0.998461 0.0586523 0.0
0.998359 0.057336 0.0
0.998275 0.0560198 0.0
0.998208 0.0547048 0.0
0.998157 0.0533918 0.0
0.998121 0.0520819 0.0
0.998099 0.0507756 0.0
0.998089 0.0494736 0.0
0.998091 0.0481765 0.0
0.998103 0.0468848 0.0
0.998125 0.0455989 0.0
0.998155 0.044319 0.0
0.998193 0.0430454 0.0
0.998238 0.0417781 0.0
0.99829 0.0405173 0.0
0.998347 0.039263 0.0
0.998409 0.0380149 0.0
0.998475 0.036773 0.0
0.998546 0.0355371 0.0
0.998619 0.0343067 0.0
0.998695 0.0330815 0.0
0.998774 0.0318611 0.0
0.998854 0.0306451 0.0
0.998935 0.0294328 0.0
0.999018 0.0282239 0.0
0.999101 0.0270176 0.0
0.999185 0.0258135 0.0
0.999268 0.024611 0.0
0.999351 0.0234095 0.0
0.999433 0.0222087 0.0
0.999514 0.0210081 0.0
0.999594 0.0198073 0.0
0.999672 0.0186062 0.0
0.999748 0.0174046 0.0
0.999822 0.0162026 0.0
0.999894 0.0150004 0.0
0.999963 0.0137984 0.0
1.00003 0.0125972 0.0
1.00009 0.0113975 0.0
1.00015 0.0102005 0.0
1.0002 0.00900747 0.0
1.00025 0.00781985 0.0
1.0003 0.00663947 0.0
1.00034 0.0054684 0.0
1.00037 0.00430899 0.0
1.00039 0.00316445 0.0
1.00041 0.00204475 0.0
1.00041 0.001033 0.0
1 -0.00175886 0.0
1 -0.00527369 0.0
1 -0.0087868 0.0
1 -0.0122993 0.0
1 -0.0158124 0.0
1.00001 -0.019327 0.0
1.00002 -0.022844 0.0
1.00003 -0.0263642 0.0
1.00005 -0.0298884 0.0
1.00009 -0.0334168 0.0
1.00013 -0.03695 0.0
1.00019 -0.0404878 0.0
1.00027 -0.04403 0.0
1.00037 -0.0475762 0.0
1.0005 -0.0511256 0.0
1.00065 -0.0546769 0.0
1.00084 -0.0582286 0.0
1.00106 -0.0617788 0.0
1.00133 -0.0653249 0.0
1.00165 -0.0688641 0.0
1.00201 -0.0723929 0.0
1.00244 -0.0759072 0.0
1.00292 -0.0794025 0.0
1.00348 -0.0828733 0.0
1.0041 -0.086314 0.0
1.0048 -0.0897178 0.0
1.00559 -0.0930775 0.0
1.00646 -0.0963851 0.0
1.00743 -0.0996321 0.0
1.00849 -0.102809 0.0
1.00965 -0.105906 0.0
1.01092 -0.108912 0.0
1.01229 -0.111817 0.0
1.01376 -0.114609 0.0
1.01535 -0.117275 0.0
1.01704 -0.119804 0.0
1.01884 -0.122184 0.0
1.02074 -0.124401 0.0
1.02274 -0.126444 0.0
1.02484 -0.128301 0.0
1.02703 -0.129961 0.0
1.02931 -0.131412 0.0
1.03166 -0.132644 0.0
1.03408 -0.13365 0.0
1.03656 -0.134419 0.0
1.0391 -0.134947 0.0
1.04167 -0.135227 0.0
1.04426 -0.135255 0.0
1.04688 -0.135028 0.0
1.0495 -0.134545 0.0
1.05212 -0.133806 0.0
1.05472 -0.132813 0.0
1.0573 -0.131567 0.0
1.05984 -0.130074 0.0
1.06233 -0.128336 0.0
1.06477 -0.126361 0.0
1.06715 -0.124155 0.0
1.06945 -0.121724 0.0
1.07168 -0.119077 0.0
1.07383 -0.116223 0.0
1.07589 -0.113169 0.0
1.07786 -0.109924 0.0
1.07973 -0.106498 0.0
1.0815 -0.1029 0.0
1.08316 -0.0991399 0.0
1.08472 -0.0952261 0.0
1.08616 -0.0911684 0.0
1.0875 -0.0869765 0.0
1.08872 -0.0826597 0.0
1.08982 -0.0782277 0.0
1.0908 -0.0736901 0.0
1.09167 -0.0690566 0.0
1.09241 -0.0643369 0.0
1.09303 -0.0595409 0.0
1.09353 -0.0546786 0.0
1.0939 -0.0497601 0.0
1.09415 -0.0447955 0.0
1.09427 -0.0397953 0.0
1.09426 -0.0347698 0.0
1.09412 -0.0297297 0.0
1.09386 -0.0246856 0.0
1.09347 -0.0196482 0.0
1.09296 -0.0146284 0.0
1.09232 -0.0096368 0.0
1.09156 -0.0046842 0.0
1.09067 0.000218824 0.0
1.08967 0.00506198 0.0
1.08855 0.00983504 0.0
1.08732 0.014528 0.0
1.08598 0.0191311 0.0
1.08453 0.0236351 0.0
1.08299 0.028031 0.0
1.08135 0.0323102 0.0
1.07962 0.0364648 0.0
1.07781 0.0404872 0.0
1.07592 0.0443707 0.0
1.07397 0.0481089 0.0
1.07195 0.0516963 0.0
1.06987 0.0551279 0.0
1.06775 0.0583995 0.0
1.06559 0.0615076 0.0
1.06339 0.0644494 0.0
1.06117 0.0672229 0.0
1.05893 0.0698266 0.0
1.05667 0.0722598 0.0
1.05442 0.0745227 0.0
1.05216 0.0766157 0.0
1.04992 0.0785402 0.0
1.04769 0.0802979 0.0
1.04548 0.0818913 0.0
1.0433 0.0833232 0.0
1.04115 0.0845968 0.0
1.03904 0.0857161 0.0
1.03697 0.0866849 0.0
1.03495 0.0875078 0.0
1.03297 0.0881894 0.0
1.03105 0.0887347 0.0
1.02918 0.0891487 0.0
1.02737 0.0894367 0.0
1.02562 0.089604 0.0
1.02393 0.0896561 0.0
1.0223 0.0895985 0.0
1.02074 0.0894366 0.0
1.01924 0.0891759 0.0
1.0178 0.0888218 0.0
1.01643 0.0883796 0.0
1.01512 0.0878546 0.0
1.01388 0.0872519 0.0
1.0127 0.0865765 0.0
1.01158 0.0858334 0.0
1.01052 0.0850272 0.0
1.00953 0.0841625 0.0
1.00859 0.0832437 0.0
1.0077 0.0822751 0.0
1.00687 0.0812607 0.0
1.0061 0.0802044 0.0
1.00538 0.0791099 0.0
1.0047 0.0779807 0.0
1.00408 0.0768203 0.0
1.0035 0.0756317 0.0
1.00297 0.074418 0.0
1.00248 0.0731821 0.0
1.00203 0.0719265 0.0
1.00161 0.0706539 0.0
1.00124 0.0693666 0.0
1.0009 0.0680669 0.0
1.00059 0.0667567 0.0
1.00031 0.065438 0.0
1.00006 0.0641127 0.0
0.999845 0.0627823 0.0
0.999651 0.0614485 0.0
0.999482 0.0601126 0.0
0.999335 0.0587759 0.0
0.99921 0.0574397 0.0
0.999105 0.056105 0.0
0.999018 0.0547727 0.0
0.998949 0.0534439 0.0
0.998895 0.0521192 0.0
0.998856 0.0507993 0.0
0.998831 0.0494849 0.0
0.998818 0.0481764 0.0
0.998816 0.0468743 0.0
0.998824 0.0455789 0.0
0.998843 0.0442903 0.0
0.998869 0.0430089 0.0
0.998904 0.0417347 0.0
0.998945 0.0404676 0.0
0.998993 0.0392077 0.0
0.999046 0.0379548 0.0
0.999104 0.0367086 0.0
0.999166 0.0354689 0.0
0.999232 0.0342353 0.0
0.999301 0.0330075 0.0
0.999372 0.0317849 0.0
0.999446 0.0305671 0.0
0.999521 0.0293535 0.0
0.999598 0.0281436 0.0
0.999676 0.0269368 0.0
0.999754 0.0257325 0.0
0.999832 0.0245302 0.0
0.99991 0.0233292 0.0
0.999988 0.0221292 0.0
1.00006 0.0209296 0.0
1.00014 0.0197303 0.0
1.00021 0.0185308 0.0
1.00029 0.0173312 0.0
1.00036 0.0161314 0.0
1.00042 0.0149317 0.0
1.00049 0.0137326 0.0
1.00055 0.0125345 0.0
1.00061 0.0113383 0.0
1.00067 0.0101452 0.0
1.00072 0.00895651 0.0
1.00077 0.00777373 0.0
1.00081 0.00659881 0.0
1.00084 0.0054339 0.0
1.00087 0.00428151 0.0
1.0009 0.00314505 0.0
1.00091 0.0020346 0.0
1.00092 0.00103258 0.0
1 -0.00175845 0.0
0.999998 -0.00527261 0.0
0.999995 -0.0087855 0.0
0.999992 -0.0122985 0.0
0.999989 -0.0158131 0.0
0.999988 -0.0193305 0.0
0.99999 -0.0228519 0.0
0.999997 -0.0263784 0.0
1.00001 -0.029911 0.0
1.00003 -0.0334504 0.0
1.00007 -0.0369971 0.0
1.00012 -0.0405517 0.0
1.00019 -0.044114 0.0
1.00028 -0.0476839 0.0
1.0004 -0.0512609 0.0
1.00055 -0.054844 0.0
1.00073 -0.0584321 0.0
1.00095 -0.0620232 0.0
1.00122 -0.0656153 0.0
1.00153 -0.0692056 0.0
1.00191 -0.0727908 0.0
1.00234 -0.076367 0.0
1.00284 -0.0799296 0.0
1.00342 -0.0834734 0.0
1.00407 -0.0869926 0.0
1.00481 -0.0904803 0.0
1.00563 -0.0939293 0.0
1.00656 -0.0973312 0.0
1.00758 -0.100677 0.0
1.00871 -0.103957 0.0
1.00995 -0.107161 0.0
1.01131 -0.110277 0.0
1.01278 -0.113294 0.0
1.01437 -0.116199 0.0
1.01608 -0.11898 0.0
1.01791 -0.121623 0.0
1.01986 -0.124114 0.0
1.02193 -0.126441 0.0
1.02411 -0.128589 0.0
1.0264 -0.130546 0.0
1.02879 -0.132299 0.0
1.03128 -0.133837 0.0
1.03386 -0.135147 0.0
1.03651 -0.136221 0.0
1.03923 -0.137049 0.0
1.042 -0.137624 0.0
1.04482 -0.13794 0.0
1.04767 -0.137992 0.0
1.05055 -0.137778 0.0
1.05342 -0.137295 0.0
1.0563 -0.136546 0.0
1.05915 -0.13553 0.0
1.06197 -0.134251 0.0
1.06476 -0.132714 0.0
1.06749 -0.130923 0.0
1.07016 -0.128886 0.0
1.07276 -0.126609 0.0
1.07529 -0.124101 0.0
1.07773 -0.12137 0.0
1.08007 -0.118425 0.0
1.08232 -0.115276 0.0
1.08447 -0.111931 0.0
1.08651 -0.108402 0.0
1.08844 -0.104696 0.0
1.09026 -0.100825 0.0
1.09196 -0.0967974 0.0
1.09354 -0.0926237 0.0
1.095 -0.0883134 0.0
1.09633 -0.0838762 0.0
1.09754 -0.079322 0.0
1.09862 -0.0746605 0.0
1.09957 -0.0699014 0.0
1.10039 -0.0650548 0.0
1.10108 -0.0601305 0.0
1.10163 -0.0551386 0.0
1.10205 -0.0500895 0.0
1.10233 -0.0449936 0.0
1.10247 -0.0398612 0.0
1.10248 -0.0347033 0.0
1.10235 -0.0295306 0.0
1.10208 -0.024354 0.0
1.10167 -0.0191848 0.0
1.10113 -0.014034 0.0
1.10045 -0.00891284 0.0
1.09964 -0.00383246 0.0
1.09869 0.00119612 0.0
1.09762 0.00616209 0.0
1.09641 0.0110547 0.0
1.09509 0.0158635 0.0
1.09365 0.0205782 0.0
1.09209 0.0251889 0.0
1.09043 0.0296863 0.0
1.08866 0.0340614 0.0
1.0868 0.0383056 0.0
1.08484 0.0424112 0.0
1.0828 0.0463709 0.0
1.08069 0.0501782 0.0
1.07851 0.0538271 0.0
1.07627 0.0573127 0.0
1.07398 0.0606306 0.0
1.07164 0.0637771 0.0
1.06926 0.0667495 0.0
1.06686 0.0695458 0.0
1.06444 0.0721647 0.0
1.06201 0.0746056 0.0
1.05958 0.0768689 0.0
1.05714 0.0789553 0.0
1.05472 0.0808664 0.0
1.05232 0.0826044 0.0
1.04994 0.084172 0.0
1.04759 0.0855725 0.0
1.04528 0.0868096 0.0
1.043 0.0878874 0.0
1.04078 0.0888104 0.0
1.0386 0.0895836 0.0
1.03648 0.090212 0.0
1.03441 0.0907009 0.0
1.0324 0.091056 0.0
1.03046 0.0912828 0.0
1.02858 0.0913871 0.0
1.02677 0.0913748 0.0
1.02502 0.0912516 0.0
1.02335 0.0910234 0.0
1.02174 0.090696 0.0
1.0202 0.0902751 0.0
1.01873 0.0897662 0.0
1.01733 0.089175 0.0
1.016 0.0885067 0.0
1.01474 0.0877667 0.0
1.01354 0.0869599 0.0
1.01241 0.0860913 0.0
1.01134 0.0851656 0.0
1.01033 0.0841873 0.0
1.00938 0.0831608 0.0
1.0085 0.0820902 0.0
1.00767 0.0809796 0.0
1.00689 0.0798326 0.0
1.00617 0.0786529 0.0
1.0055 0.0774439 0.0
1.00487 0.0762087 0.0
1.0043 0.0749504 0.0
1.00377 0.0736718 0.0
1.00328 0.0723756 0.0
1.00283 0.0710643 0.0
1.00242 0.0697403 0.0
1.00205 0.0684057 0.0
1.00171 0.0670625 0.0
1.00141 0.0657128 0.0
1.00114 0.0643581 0.0
1.00089 0.0630001 0.0
1.00068 0.0616404 0.0
1.00049 0.0602802 0.0
1.00032 0.0589209 0.0
1.00018 0.0575635 0.0
1.00005 0.0562091 0.0
0.999949 0.0548586 0.0
0.999864 0.0535128 0.0
0.999795 0.0521724 0.0
0.999742 0.050838 0.0
0.999703 0.0495103 0.0
0.999677 0.0481896 0.0
0.999664 0.0468763 0.0
0.999661 0.0455707 0.0
0.999668 0.0442729 0.0
0.999685 0.0429831 0.0
0.999709 0.0417013 0.0
0.999741 0.0404275 0.0
0.99978 0.0391615 0.0
0.999824 0.0379032 0.0
0.999874 0.0366523 0.0
0.999928 0.0354085 0.0
0.999986 0.0341714 0.0
1.00005 0.0329405 0.0
1.00011 0.0317155 0.0
1.00018 0.0304957 0.0
1.00025 0.0292805 0.0
1.00032 0.0280695 0.0
1.00039 0.0268619 0.0
1.00046 0.0256572 0.0
1.00053 0.0244549 0.0
1.0006 0.0232542 0.0
1.00068 0.0220548 0.0
1.00075 0.0208563 0.0
1.00082 0.0196581 0.0
1.00089 0.0184602 0.0
1.00095 0.0172624 0.0
1.00102 0.0160648 0.0
1.00108 0.0148675 0.0
1.00114 0.013671 0.0
1.0012 0.012476 0.0
1.00125 0.0112832 0.0
1.0013 0.0100938 0.0
1.00135 0.0089092 0.0
1.00139 0.00773105 0.0
1.00143 0.0065613 0.0
1.00146 0.00540221 0.0
1.00149 0.00425642 0.0
1.00151 0.00312746 0.0
1.00152 0.0020255 0.0
1.00153 0.0010323 0.0
0.999999 -0.00175729 0.0
0.999996 -0.00526931 0.0
0.99999 -0.00878052 0.0
0.999982 -0.0122927 0.0
0.999973 -0.0158074 0.0
0.999964 -0.0193264 0.0
0.999957 -0.0228511 0.0
0.999954 -0.0263829 0.0
0.999956 -0.0299231 0.0
0.999967 -0.0334728 0.0
0.99999 -0.0370329 0.0
1.00003 -0.0406041 0.0
1.00008 -0.0441866 0.0
1.00016 -0.0477808 0.0
1.00027 -0.0513863 0.0
1.0004 -0.0550025 0.0
1.00057 -0.0586286 0.0
1.00079 -0.0622629 0.0
1.00105 -0.0659037 0.0
1.00136 -0.0695483 0.0
1.00174 -0.0731938 0.0
1.00217 -0.0768363 0.0
1.00268 -0.0804715 0.0
1.00327 -0.0840942 0.0
1.00395 -0.0876985 0.0
1.00471 -0.0912776 0.0
1.00558 -0.094824 0.0
1.00654 -0.0983291 0.0
1.00762 -0.101784 0.0
1.00882 -0.105177 0.0
1.01014 -0.108499 0.0
1.01158 -0.111737 0.0
1.01315 -0.114878 0.0
1.01485 -0.11791 0.0
1.01669 -0.120818 0.0
1.01866 -0.123588 0.0
1.02077 -0.126204 0.0
1.023 -0.128653 0.0
1.02537 -0.13092 0.0
1.02785 -0.13299 0.0
1.03045 -0.134848 0.0
1.03316 -0.136483 0.0
1.03596 -0.137882 0.0
1.03886 -0.139032 0.0
1.04183 -0.139926 0.0
1.04486 -0.140554 0.0
1.04794 -0.14091 0.0
1.05106 -0.14099 0.0
1.05419 -0.140789 0.0
1.05734 -0.140307 0.0
1.06048 -0.139544 0.0
1.06359 -0.138503 0.0
1.06668 -0.137187 0.0
1.06972 -0.1356 0.0
1.0727 -0.13375 0.0
1.07561 -0.131643 0.0
1.07844 -0.129288 0.0
1.08119 -0.126694 0.0
1.08384 -0.12387 0.0
1.0864 -0.120826 0.0
1.08884 -0.117571 0.0
1.09118 -0.114117 0.0
1.09339 -0.110474 0.0
1.09549 -0.106651 0.0
1.09746 -0.102659 0.0
1.0993 -0.0985082 0.0
1.10102 -0.0942087 0.0
1.1026 -0.0897704 0.0
1.10405 -0.0852032 0.0
1.10537 -0.0805171 0.0
1.10654 -0.0757219 0.0
1.10758 -0.0708275 0.0
1.10848 -0.065844 0.0
1.10923 -0.0607813 0.0
1.10984 -0.0556498 0.0
1.1103 -0.0504599 0.0
1.11062 -0.045222 0.0
1.11079 -0.039947 0.0
1.11081 -0.0346459 0.0
1.11068 -0.0293297 0.0
1.11041 -0.0240098 0.0
1.10998 -0.0186976 0.0
1.10941 -0.0134049 0.0
1.10869 -0.00814306 0.0
1.10782 -0.0029239 0.0
1.10682 0.0022411 0.0
1.10567 0.00734059 0.0
1.10438 0.0123632 0.0
1.10296 0.017298 0.0
1.10141 0.0221341 0.0
1.09974 0.0268611 0.0
1.09795 0.0314689 0.0
1.09605 0.0359482 0.0
1.09404 0.04029 0.0
1.09194 0.0444859 0.0
1.08974 0.0485284 0.0
1.08746 0.0524106 0.0
1.08511 0.0561263 0.0
1.0827 0.0596702 0.0
1.08023 0.0630379 0.0
1.07771 0.0662257 0.0
1.07515 0.0692308 0.0
1.07256 0.0720512 0.0
1.06996 0.0746859 0.0
1.06734 0.0771344 0.0
1.06472 0.0793972 0.0
1.0621 0.0814756 0.0
1.0595 0.0833713 0.0
1.05691 0.085087 0.0
1.05436 0.0866258 0.0
1.05183 0.0879913 0.0
1.04935 0.0891878 0.0
1.04691 0.0902199 0.0
1.04452 0.0910925 0.0
1.04219 0.0918111 0.0
1.03992 0.0923812 0.0
1.03771 0.0928086 0.0
1.03556 0.0930994 0.0
1.03348 0.0932596 0.0
1.03148 0.0932955 0.0
1.02954 0.0932132 0.0
1.02768 0.0930191 0.0
1.02589 0.0927193 0.0
1.02418 0.0923198 0.0
1.02254 0.0918269 0.0
1.02098 0.0912464 0.0
1.01949 0.090584 0.0
1.01807 0.0898454 0.0
1.01673 0.089036 0.0
1.01546 0.0881612 0.0
1.01425 0.0872259 0.0
1.01312 0.0862351 0.0
1.01205 0.0851935 0.0
1.01104 0.0841054 0.0
1.0101 0.0829752 0.0
1.00922 0.0818069 0.0
1.0084 0.0806043 0.0
1.00763 0.079371 0.0
1.00692 0.0781105 0.0
1.00625 0.076826 0.0
1.00564 0.0755206 0.0
1.00508 0.074197 0.0
1.00456 0.0728579 0.0
1.00408 0.0715058 0.0
1.00364 0.0701431 0.0
1.00325 0.0687718 0.0
1.00289 0.067394 0.0
1.00256 0.0660115 0.0
1.00227 0.0646261 0.0
1.002 0.0632391 0.0
1.00177 0.0618522 0.0
1.00156 0.0604666 0.0
1.00138 0.0590834 0.0
1.00122 0.0577038 0.0
1.00108 0.0563288 0.0
1.00096 0.054959 0.0
1.00087 0.0535954 0.0
1.00079 0.0522386 0.0
1.00072 0.0508891 0.0
1.00067 0.0495474 0.0
1.00064 0.0482139 0.0
1.00061 0.0468889 0.0
1.0006 0.0455725 0.0
1.0006 0.044265 0.0
1.00061 0.0429664 0.0
1.00062 0.0416767 0.0
1.00065 0.0403958 0.0
1.00068 0.0391235 0.0
1.00071 0.0378596 0.0
1.00076 0.0366037 0.0
1.0008 0.0353556 0.0
1.00085 0.0341148 0.0
1.00091 0.0328808 0.0
1.00097 0.0316531 0.0
1.00103 0.0304311 0.0
1.00109 0.0292143 0.0
1.00115 0.028002 0.0
1.00122 0.0267936 0.0
1.00128 0.0255885 0.0
1.00135 0.0243861 0.0
1.00141 0.0231857 0.0
1.00148 0.0219869 0.0
1.00154 0.0207892 0.0
1.0016 0.0195923 0.0
1.00166 0.0183958 0.0
1.00172 0.0171998 0.0
1.00178 0.0160042 0.0
1.00184 0.0148092 0.0
1.00189 0.0136153 0.0
1.00194 0.0124231 0.0
1.00199 0.0112335 0.0
1.00204 0.0100476 0.0
1.00208 0.00886691 0.0
1.00211 0.00769306 0.0
1.00215 0.00652809 0.0
1.00217 0.00537435 0.0
1.0022 0.00423454 0.0
1.00221 0.00311231 0.0
1.00222 0.00201787 0.0
1.00223 0.00103232 0.0
0.999999 -0.00175524 0.0
0.999994 -0.00526332 0.0
0.999984 -0.00877109 0.0
0.99997 -0.0122806 0.0
0.999953 -0.0157939 0.0
0.999935 -0.0193129 0.0
0.999917 -0.0228395 0.0
0.999901 -0.0263754 0.0
0.99989 -0.0299221 0.0
0.999886 -0.0334813 0.0
0.999892 -0.037054 0.0
0.999913 -0.0406413 0.0
0.999951 -0.044244 0.0
1.00001 -0.0478625 0.0
1.0001 -0.0514971 0.0
1.00022 -0.0551474 0.0
1.00038 -0.0588129 0.0
1.00058 -0.0624924 0.0
1.00082 -0.0661842 0.0
1.00113 -0.0698863 0.0
1.0015 -0.0735957 0.0
1.00193 -0.077309 0.0
1.00244 -0.0810219 0.0
1.00304 -0.0847294 0.0
1.00373 -0.0884255 0.0
1.00452 -0.0921035 0.0
1.00541 -0.0957556 0.0
1.00642 -0.0993732 0.0
1.00754 -0.102946 0.0
1.0088 -0.106465 0.0
1.01019 -0.109916 0.0
1.01171 -0.113289 0.0
1.01338 -0.116568 0.0
1.0152 -0.11974 0.0
1.01716 -0.122789 0.0
1.01927 -0.1257 0.0
1.02153 -0.128457 0.0
1.02394 -0.131043 0.0
1.02649 -0.133442 0.0
1.02917 -0.135638 0.0
1.03199 -0.137616 0.0
1.03493 -0.13936 0.0
1.03797 -0.140857 0.0
1.04112 -0.142095 0.0
1.04435 -0.143062 0.0
1.04765 -0.14375 0.0
1.051 -0.144152 0.0
1.0544 -0.144261 0.0
1.05782 -0.144075 0.0
1.06124 -0.143593 0.0
1.06466 -0.142815 0.0
1.06806 -0.141744 0.0
1.07141 -0.140385 0.0
1.07471 -0.138743 0.0
1.07795 -0.136826 0.0
1.08111 -0.134641 0.0
1.08419 -0.132199 0.0
1.08717 -0.12951 0.0
1.09004 -0.126582 0.0
1.0928 -0.123429 0.0
1.09545 -0.120059 0.0
1.09797 -0.116485 0.0
1.10037 -0.112717 0.0
1.10263 -0.108767 0.0
1.10476 -0.104644 0.0
1.10675 -0.10036 0.0
1.1086 -0.0959253 0.0
1.11032 -0.0913491 0.0
1.11188 -0.0866421 0.0
1.11331 -0.0818143 0.0
1.11458 -0.0768756 0.0
1.1157 -0.071836 0.0
1.11668 -0.0667056 0.0
1.1175 -0.0614946 0.0
1.11817 -0.0562132 0.0
1.11868 -0.050872 0.0
1.11903 -0.0454816 0.0
1.11923 -0.0400532 0.0
1.11926 -0.0345978 0.0
1.11914 -0.029127 0.0
1.11886 -0.0236524 0.0
1.11841 -0.0181859 0.0
1.11781 -0.0127397 0.0
1.11705 -0.00732572 0.0
1.11613 -0.0019563 0.0
1.11505 0.00335651 0.0
1.11382 0.00860074 0.0
1.11245 0.0137644 0.0
1.11093 0.0188359 0.0
1.10927 0.0238038 0.0
1.10748 0.0286569 0.0
1.10556 0.0333847 0.0
1.10351 0.0379771 0.0
1.10136 0.0424246 0.0
1.09909 0.0467185 0.0
1.09673 0.0508506 0.0
1.09428 0.0548138 0.0
1.09176 0.0586015 0.0
1.08916 0.0622083 0.0
1.0865 0.0656295 0.0
1.08379 0.0688614 0.0
1.08104 0.0719012 0.0
1.07826 0.0747469 0.0
1.07546 0.0773977 0.0
1.07265 0.0798534 0.0
1.06983 0.0821147 0.0
1.06702 0.0841832 0.0
1.06423 0.0860611 0.0
1.06146 0.0877514 0.0
1.05872 0.0892578 0.0
1.05602 0.0905843 0.0
1.05336 0.0917357 0.0
1.05075 0.0927172 0.0
1.0482 0.0935343 0.0
1.04571 0.0941929 0.0
1.04328 0.0946991 0.0
1.04093 0.0950592 0.0
1.03864 0.0952798 0.0
1.03643 0.0953675 0.0
1.03429 0.095329 0.0
1.03224 0.0951709 0.0
1.03026 0.0948999 0.0
1.02836 0.0945226 0.0
1.02655 0.0940455 0.0
1.02481 0.093475 0.0
1.02315 0.0928173 0.0
1.02158 0.0920785 0.0
1.02008 0.0912645 0.0
1.01866 0.090381 0.0
1.01731 0.0894334 0.0
1.01604 0.088427 0.0
1.01485 0.0873669 0.0
1.01372 0.0862577 0.0
1.01266 0.0851043 0.0
1.01167 0.0839107 0.0
1.01074 0.0826813 0.0
1.00987 0.0814198 0.0
1.00907 0.0801299 0.0
1.00832 0.0788151 0.0
1.00762 0.0774786 0.0
1.00698 0.0761235 0.0
1.00638 0.0747526 0.0
1.00583 0.0733684 0.0
1.00533 0.0719736 0.0
1.00487 0.0705703 0.0
1.00446 0.0691606 0.0
1.00408 0.0677465 0.0
1.00373 0.0663298 0.0
1.00342 0.0649121 0.0
1.00314 0.063495 0.0
1.00289 0.0620797 0.0
1.00267 0.0606676 0.0
1.00248 0.0592596 0.0
1.00231 0.057857 0.0
1.00216 0.0564604 0.0
1.00203 0.0550708 0.0
1.00192 0.0536887 0.0
1.00183 0.0523149 0.0
1.00176 0.0509497 0.0
1.0017 0.0495935 0.0
1.00166 0.0482468 0.0
1.00163 0.0469097 0.0
1.00161 0.0455824 0.0
1.0016 0.0442649 0.0
1.0016 0.0429573 0.0
1.00161 0.0416595 0.0
1.00163 0.0403713 0.0
1.00166 0.0390925 0.0
1.00169 0.0378229 0.0
1.00172 0.036562 0.0
1.00176 0.0353095 0.0
1.00181 0.034065 0.0
1.00186 0.0328278 0.0
1.00191 0.0315975 0.0
1.00196 0.0303734 0.0
1.00202 0.0291549 0.0
1.00207 0.0279414 0.0
1.00213 0.0267323 0.0
1.00219 0.0255267 0.0
1.00225 0.0243242 0.0
1.0023 0.0231242 0.0
1.00236 0.021926 0.0
1.00242 0.0207292 0.0
1.00247 0.0195335 0.0
1.00253 0.0183386 0.0
1.00258 0.0171442 0.0
1.00263 0.0159506 0.0
1.00268 0.0147579 0.0
1.00273 0.0135664 0.0
1.00277 0.012377 0.0
1.00281 0.0111903 0.0
1.00285 0.0100077 0.0
1.00288 0.0088306 0.0
1.00291 0.00766067 0.0
1.00294 0.0065 0.0
1.00296 0.005351 0.0
1.00298 0.00421645 0.0
1.003 0.00310003 0.0
1.003 0.00201197 0.0
1.00301 0.00103282 0.0
0.999998 -0.00175211 0.0
0.999991 -0.00525413 0.0
0.999976 -0.00875638 0.0
0.999956 -0.0122613 0.0
0.99993 -0.0157711 0.0
0.999901 -0.0192883 0.0
0.999869 -0.022815 0.0
0.999838 -0.0263532 0.0
0.99981 -0.0299051 0.0
0.999788 -0.0334723 0.0
0.999775 -0.0370566 0.0
0.999775 -0.0406593 0.0
0.999791 -0.0442816 0.0
0.99983 -0.0479244 0.0
0.999895 -0.0515882 0.0
0.999992 -0.0552732 0.0
1.00013 -0.0589792 0.0
1.00031 -0.0627053 0.0
1.00054 -0.0664505 0.0
1.00083 -0.0702127 0.0
1.00118 -0.0739896 0.0
1.0016 -0.0777778 0.0
1.00211 -0.0815734 0.0
1.00271 -0.0853714 0.0
1.0034 -0.0891661 0.0
1.0042 -0.0929507 0.0
1.00512 -0.0967173 0.0
1.00616 -0.100457 0.0
1.00733 -0.10416 0.0
1.00863 -0.107814 0.0
1.01009 -0.111408 0.0
1.01169 -0.114928 0.0
1.01345 -0.118359 0.0
1.01538 -0.121687 0.0
1.01747 -0.124893 0.0
1.01972 -0.127962 0.0
1.02214 -0.130875 0.0
1.02472 -0.133614 0.0
1.02746 -0.136162 0.0
1.03035 -0.1385 0.0
1.03339 -0.140611 0.0
1.03657 -0.142478 0.0
1.03987 -0.144086 0.0
1.04328 -0.145421 0.0
1.04678 -0.146471 0.0
1.05037 -0.147226 0.0
1.05401 -0.147677 0.0
1.0577 -0.14782 0.0
1.06142 -0.14765 0.0
1.06514 -0.147166 0.0
1.06885 -0.146371 0.0
1.07253 -0.145266 0.0
1.07617 -0.143858 0.0
1.07975 -0.142153 0.0
1.08326 -0.140161 0.0
1.08668 -0.137889 0.0
1.09001 -0.13535 0.0
1.09322 -0.132554 0.0
1.09632 -0.129513 0.0
1.0993 -0.126239 0.0
1.10215 -0.122743 0.0
1.10487 -0.119038 0.0
1.10744 -0.115136 0.0
1.10988 -0.111047 0.0
1.11217 -0.106784 0.0
1.11431 -0.102356 0.0
1.1163 -0.097775 0.0
1.11814 -0.093051 0.0
1.11983 -0.0881943 0.0
1.12136 -0.083215 0.0
1.12273 -0.078123 0.0
1.12394 -0.0729283 0.0
1.125 -0.0676411 0.0
1.12589 -0.0622715 0.0
1.12662 -0.0568298 0.0
1.12717 -0.0513268 0.0
1.12757 -0.0457732 0.0
1.12779 -0.0401802 0.0
1.12784 -0.0345594 0.0
1.12772 -0.0289224 0.0
1.12743 -0.0232815 0.0
1.12697 -0.0176489 0.0
1.12633 -0.0120372 0.0
1.12552 -0.00645906 0.0
1.12455 -0.000927381 0.0
1.1234 0.00454521 0.0
1.1221 0.009946 0.0
1.12063 0.0152624 0.0
1.119 0.0204819 0.0
1.11723 0.0255924 0.0
1.11531 0.0305822 0.0
1.11325 0.0354399 0.0
1.11106 0.0401549 0.0
1.10874 0.0447169 0.0
1.10632 0.0491167 0.0
1.10378 0.0533457 0.0
1.10115 0.0573963 0.0
1.09844 0.0612616 0.0
1.09565 0.0649358 0.0
1.09279 0.0684142 0.0
1.08989 0.071693 0.0
1.08694 0.0747693 0.0
1.08395 0.0776414 0.0
1.08095 0.0803085 0.0
1.07793 0.0827706 0.0
1.07492 0.085029 0.0
1.07191 0.0870854 0.0
1.06892 0.0889426 0.0
1.06595 0.090604 0.0
1.06303 0.0920738 0.0
1.06014 0.0933568 0.0
1.0573 0.0944581 0.0
1.05452 0.0953837 0.0
1.0518 0.0961395 0.0
1.04915 0.096732 0.0
1.04656 0.0971681 0.0
1.04406 0.0974546 0.0
1.04163 0.0975987 0.0
1.03928 0.0976074 0.0
1.03702 0.097488 0.0
1.03484 0.0972476 0.0
1.03275 0.0968934 0.0
1.03074 0.0964324 0.0
1.02882 0.0958715 0.0
1.02699 0.0952174 0.0
1.02524 0.0944769 0.0
1.02358 0.0936561 0.0
1.022 0.0927613 0.0
1.02051 0.0917984 0.0
1.0191 0.0907731 0.0
1.01776 0.0896909 0.0
1.01651 0.0885569 0.0
1.01532 0.0873761 0.0
1.01422 0.0861532 0.0
1.01318 0.0848925 0.0
1.01221 0.0835984 0.0
1.0113 0.0822746 0.0
1.01046 0.0809251 0.0
1.00967 0.0795531 0.0
1.00895 0.0781619 0.0
1.00828 0.0767546 0.0
1.00766 0.075334 0.0
1.00709 0.0739026 0.0
1.00657 0.072463 0.0
1.00609 0.0710172 0.0
1.00566 0.0695675 0.0
1.00526 0.0681156 0.0
1.0049 0.0666633 0.0
1.00458 0.0652122 0.0
1.00429 0.0637636 0.0
1.00403 0.062319 0.0
1.0038 0.0608793 0.0
1.00359 0.0594458 0.0
1.00342 0.0580193 0.0
1.00326 0.0566007 0.0
1.00313 0.0551905 0.0
1.00301 0.0537895 0.0
1.00292 0.0523982 0.0
1.00284 0.0510169 0.0
1.00278 0.0496461 0.0
1.00273 0.0482859 0.0
1.00269 0.0469365 0.0
1.00267 0.045598 0.0
1.00266 0.0442704 0.0
1.00265 0.0429537 0.0
1.00266 0.0416477 0.0
1.00267 0.0403523 0.0
1.00269 0.0390671 0.0
1.00272 0.0377917 0.0
1.00275 0.0365259 0.0
1.00278 0.0352692 0.0
1.00282 0.034021 0.0
1.00287 0.0327808 0.0
1.00291 0.031548 0.0
1.00296 0.030322 0.0
1.00301 0.029102 0.0
1.00306 0.0278875 0.0
1.00311 0.0266777 0.0
1.00316 0.0254719 0.0
1.00321 0.0242696 0.0
1.00326 0.0230699 0.0
1.00331 0.0218725 0.0
1.00336 0.0206768 0.0
1.00341 0.0194824 0.0
1.00346 0.018289 0.0
1.0035 0.0170964 0.0
1.00354 0.0159048 0.0
1.00358 0.0147142 0.0
1.00362 0.0135252 0.0
1.00366 0.0123383 0.0
1.00369 0.0111545 0.0
1.00372 0.00997485 0.0
1.00375 0.00880092 0.0
1.00377 0.00763446 0.0
1.00379 0.00647754 0.0
1.00381 0.00533261 0.0
1.00383 0.00420248 0.0
1.00383 0.00309088 0.0
1.00384 0.002008 0.0
1.00384 0.00103391 0.0
0.999997 -0.00174774 0.0
0.999987 -0.00524123 0.0
0.999968 -0.0087355 0.0
0.999939 -0.0122333 0.0
0.999903 -0.0157374 0.0
0.999861 -0.0192505 0.0
0.999814 -0.0227751 0.0
0.999765 -0.0263138 0.0
0.999718 -0.0298689 0.0
0.999674 -0.0334425 0.0
0.999637 -0.0370369 0.0
0.999612 -0.0406538 0.0
0.999602 -0.0442948 0.0
0.999613 -0.0479612 0.0
0.999651 -0.051654 0.0
0.99972 -0.0553739 0.0
0.999827 -0.0591211 0.0
0.999979 -0.0628951 0.0
1.00018 -0.0666954 0.0
1.00045 -0.0705202 0.0
1.00078 -0.0743677 0.0
1.00119 -0.0782348 0.0
1.00168 -0.0821179 0.0
1.00227 -0.0860122 0.0
1.00296 -0.0899122 0.0
1.00377 -0.0938111 0.0
1.0047 -0.0977009 0.0
1.00576 -0.101573 0.0
1.00696 -0.105416 0.0
1.00831 -0.109219 0.0
1.00982 -0.112969 0.0
1.0115 -0.116651 0.0
1.01335 -0.12025 0.0
1.01538 -0.123749 0.0
1.01759 -0.127129 0.0
1.01999 -0.130373 0.0
1.02256 -0.13346 0.0
1.02532 -0.136371 0.0
1.02826 -0.139085 0.0
1.03137 -0.141582 0.0
1.03465 -0.143842 0.0
1.03807 -0.145848 0.0
1.04164 -0.14758 0.0
1.04532 -0.149025 0.0
1.04912 -0.150168 0.0
1.053 -0.150997 0.0
1.05696 -0.151504 0.0
1.06096 -0.151683 0.0
1.06498 -0.15153 0.0
1.06902 -0.151044 0.0
1.07304 -0.150227 0.0
1.07703 -0.149083 0.0
1.08097 -0.147619 0.0
1.08484 -0.145843 0.0
1.08863 -0.143765 0.0
1.09232 -0.141396 0.0
1.0959 -0.138748 0.0
1.09936 -0.135835 0.0
1.10269 -0.132668 0.0
1.10589 -0.129261 0.0
1.10895 -0.125628 0.0
1.11186 -0.12178 0.0
1.11462 -0.117732 0.0
1.11723 -0.113494 0.0
1.11968 -0.109078 0.0
1.12197 -0.104496 0.0
1.12411 -0.0997593 0.0
1.12608 -0.0948774 0.0
1.12788 -0.0898611 0.0
1.12952 -0.0847204 0.0
1.131 -0.0794652 0.0
1.1323 -0.0741056 0.0
1.13344 -0.0686516 0.0
1.1344 -0.0631133 0.0
1.13519 -0.057501 0.0
1.1358 -0.0518255 0.0
1.13623 -0.0460977 0.0
1.13648 -0.040329 0.0
1.13655 -0.0345311 0.0
1.13643 -0.0287163 0.0
1.13613 -0.0228969 0.0
1.13565 -0.0170858 0.0
1.13498 -0.0112962 0.0
1.13413 -0.00554134 0.0
1.13309 0.00016523 0.0
1.13188 0.00581018 0.0
1.13049 0.01138 0.0
1.12892 0.0168613 0.0
1.12719 0.0222409 0.0
1.12529 0.0275058 0.0
1.12324 0.0326434 0.0
1.12103 0.0376417 0.0
1.11869 0.0424891 0.0
1.11621 0.0471749 0.0
1.1136 0.0516891 0.0
1.11089 0.0560226 0.0
1.10807 0.0601672 0.0
1.10516 0.0641158 0.0
1.10217 0.0678623 0.0
1.09911 0.0714017 0.0
1.09599 0.0747301 0.0
1.09283 0.0778448 0.0
1.08963 0.080744 0.0
1.08641 0.0834272 0.0
1.08319 0.0858948 0.0
1.07996 0.0881483 0.0
1.07674 0.09019 0.0
1.07355 0.092023 0.0
1.07038 0.0936515 0.0
1.06726 0.0950802 0.0
1.06418 0.0963144 0.0
1.06116 0.09736 0.0
1.0582 0.0982235 0.0
1.05531 0.0989117 0.0
1.05249 0.0994317 0.0
1.04975 0.0997909 0.0
1.04709 0.0999969 0.0
1.04452 0.100057 0.0
1.04203 0.0999801 0.0
1.03964 0.0997728 0.0
1.03734 0.0994432 0.0
1.03513 0.098999 0.0
1.03301 0.0984476 0.0
1.03099 0.0977963 0.0
1.02906 0.0970525 0.0
1.02723 0.0962228 0.0
1.02549 0.0953142 0.0
1.02383 0.0943329 0.0
1.02227 0.0932853 0.0
1.02079 0.0921771 0.0
1.0194 0.0910141 0.0
1.01808 0.0898016 0.0
1.01685 0.0885447 0.0
1.0157 0.0872482 0.0
1.01462 0.0859166 0.0
1.01361 0.0845541 0.0
1.01267 0.0831648 0.0
1.01179 0.0817523 0.0
1.01098 0.0803201 0.0
1.01023 0.0788715 0.0
1.00953 0.0774096 0.0
1.0089 0.0759369 0.0
1.00831 0.0744562 0.0
1.00777 0.0729698 0.0
1.00728 0.0714799 0.0
1.00683 0.0699884 0.0
1.00642 0.0684973 0.0
1.00605 0.067008 0.0
1.00572 0.0655223 0.0
1.00542 0.0640413 0.0
1.00516 0.0625663 0.0
1.00492 0.0610984 0.0
1.00471 0.0596385 0.0
1.00453 0.0581876 0.0
1.00437 0.0567462 0.0
1.00423 0.0553151 0.0
1.00412 0.0538948 0.0
1.00402 0.0524857 0.0
1.00394 0.0510881 0.0
1.00387 0.0497023 0.0
1.00382 0.0483285 0.0
1.00378 0.0469668 0.0
1.00376 0.0456171 0.0
1.00374 0.0442795 0.0
1.00374 0.0429538 0.0
1.00374 0.0416397 0.0
1.00375 0.0403371 0.0
1.00377 0.0390456 0.0
1.00379 0.0377648 0.0
1.00382 0.0364943 0.0
1.00385 0.0352335 0.0
1.00388 0.0339819 0.0
1.00392 0.032739 0.0
1.00396 0.031504 0.0
1.004 0.0302762 0.0
1.00405 0.0290551 0.0
1.00409 0.0278398 0.0
1.00414 0.0266296 0.0
1.00418 0.0254239 0.0
1.00422 0.0242219 0.0
1.00427 0.023023 0.0
1.00431 0.0218266 0.0
1.00435 0.0206321 0.0
1.00439 0.0194392 0.0
1.00443 0.0182474 0.0
1.00447 0.0170568 0.0
1.0045 0.0158672 0.0
1.00453 0.0146788 0.0
1.00456 0.013492 0.0
1.00459 0.0123076 0.0
1.00462 0.0111263 0.0
1.00464 0.00994939 0.0
1.00466 0.00877829 0.0
1.00468 0.00761479 0.0
1.00469 0.00646102 0.0
1.0047 0.00531941 0.0
1.00471 0.00419283 0.0
1.00472 0.00308498 0.0
1.00472 0.00200605 0.0
1.00472 0.0010357 0.0
0.999997 -0.00174195 0.0
0.999984 -0.00522405 0.0
0.999958 -0.00870752 0.0
0.99992 -0.0121955 0.0
0.999872 -0.0156911 0.0
0.999815 -0.0191975 0.0
0.99975 -0.0227175 0.0
0.999681 -0.0262541 0.0
0.999611 -0.0298101 0.0
0.999541 -0.0333882 0.0
0.999477 -0.0369907 0.0
0.999422 -0.0406201 0.0
0.999381 -0.0442784 0.0
0.99936 -0.0479674 0.0
0.999363 -0.0516886 0.0
0.999398 -0.0554431 0.0
0.99947 -0.0592317 0.0
0.999588 -0.0630544 0.0
0.999758 -0.0669111 0.0
0.99999 -0.0708007 0.0
1.00029 -0.0747215 0.0
1.00067 -0.0786712 0.0
1.00114 -0.0826463 0.0
1.00171 -0.0866425 0.0
1.00239 -0.0906544 0.0
1.00319 -0.0946754 0.0
1.00413 -0.0986975 0.0
1.0052 -0.102712 0.0
1.00643 -0.106707 0.0
1.00782 -0.110671 0.0
1.00938 -0.114591 0.0
1.01112 -0.118451 0.0
1.01306 -0.122234 0.0
1.01519 -0.125922 0.0
1.01752 -0.129496 0.0
1.02005 -0.132934 0.0
1.02279 -0.136216 0.0
1.02573 -0.139318 0.0
1.02887 -0.142217 0.0
1.03221 -0.144893 0.0
1.03572 -0.147321 0.0
1.03941 -0.149482 0.0
1.04325 -0.151355 0.0
1.04724 -0.152923 0.0
1.05134 -0.154169 0.0
1.05554 -0.155082 0.0
1.05982 -0.155651 0.0
1.06415 -0.155869 0.0
1.06852 -0.155734 0.0
1.07288 -0.155243 0.0
1.07723 -0.1544 0.0
1.08154 -0.153211 0.0
1.0858 -0.151682 0.0
1.08997 -0.149825 0.0
1.09405 -0.14765 0.0
1.09802 -0.145172 0.0
1.10187 -0.142403 0.0
1.10559 -0.139358 0.0
1.10916 -0.136053 0.0
1.11259 -0.132501 0.0
1.11586 -0.128716 0.0
1.11897 -0.124714 0.0
1.12191 -0.120507 0.0
1.1247 -0.116108 0.0
1.12731 -0.111529 0.0
1.12975 -0.106783 0.0
1.13203 -0.101879 0.0
1.13413 -0.0968294 0.0
1.13606 -0.0916435 0.0
1.13781 -0.0863317 0.0
1.13939 -0.0809037 0.0
1.14078 -0.0753694 0.0
1.142 -0.0697386 0.0
1.14303 -0.0640214 0.0
1.14388 -0.0582281 0.0
1.14454 -0.0523695 0.0
1.14501 -0.0464564 0.0
1.14529 -0.0405005 0.0
1.14538 -0.0345139 0.0
1.14527 -0.0285089 0.0
1.14496 -0.0224985 0.0
1.14446 -0.0164962 0.0
1.14376 -0.0105156 0.0
1.14286 -0.00457085 0.0
1.14176 0.00132391 0.0
1.14047 0.00715449 0.0
1.13899 0.0129066 0.0
1.13733 0.0185659 0.0
1.13548 0.0241183 0.0
1.13345 0.0295499 0.0
1.13126 0.0348473 0.0
1.1289 0.0399974 0.0
1.1264 0.044988 0.0
1.12374 0.0498074 0.0
1.12096 0.054445 0.0
1.11805 0.058891 0.0
1.11503 0.0631368 0.0
1.11191 0.0671747 0.0
1.10871 0.0709983 0.0
1.10543 0.0746025 0.0
1.10209 0.0779833 0.0
1.09871 0.0811379 0.0
1.09529 0.0840649 0.0
1.09185 0.0867638 0.0
1.0884 0.0892355 0.0
1.08495 0.0914817 0.0
1.08152 0.0935055 0.0
1.07811 0.0953105 0.0
1.07474 0.0969014 0.0
1.07141 0.0982836 0.0
1.06813 0.0994632 0.0
1.06492 0.100447 0.0
1.06178 0.101242 0.0
1.05871 0.101855 0.0
1.05572 0.102295 0.0
1.05282 0.10257 0.0
1.05 0.102688 0.0
1.04729 0.102657 0.0
1.04466 0.102487 0.0
1.04214 0.102184 0.0
1.03971 0.101758 0.0
1.03739 0.101216 0.0
1.03517 0.100567 0.0
1.03305 0.0998187 0.0
1.03103 0.0989782 0.0
1.02911 0.0980531 0.0
1.02728 0.0970503 0.0
1.02556 0.0959767 0.0
1.02392 0.0948386 0.0
1.02238 0.0936422 0.0
1.02093 0.0923933 0.0
1.01957 0.0910975 0.0
1.01829 0.08976 0.0
1.01709 0.0883856 0.0
1.01597 0.086979 0.0
1.01493 0.0855445 0.0
1.01396 0.0840861 0.0
1.01305 0.0826075 0.0
1.01222 0.0811122 0.0
1.01145 0.0796035 0.0
1.01073 0.0780843 0.0
1.01008 0.0765573 0.0
1.00947 0.0750252 0.0
1.00892 0.0734901 0.0
1.00842 0.0719543 0.0
1.00796 0.0704196 0.0
1.00755 0.0688877 0.0
1.00717 0.0673603 0.0
1.00684 0.0658388 0.0
1.00653 0.0643244 0.0
1.00627 0.0628182 0.0
1.00603 0.0613213 0.0
1.00582 0.0598345 0.0
1.00563 0.0583585 0.0
1.00547 0.0568941 0.0
1.00533 0.0554417 0.0
1.00522 0.0540018 0.0
1.00512 0.0525747 0.0
1.00504 0.0511607 0.0
1.00497 0.0497599 0.0
1.00492 0.0483725 0.0
1.00488 0.0469984 0.0
1.00486 0.0456377 0.0
1.00484 0.0442901 0.0
1.00483 0.0429555 0.0
1.00484 0.0416337 0.0
1.00484 0.0403242 0.0
1.00486 0.0390266 0.0
1.00488 0.0377407 0.0
1.00491 0.0364657 0.0
1.00493 0.0352013 0.0
1.00497 0.0339467 0.0
1.005 0.0327013 0.0
1.00504 0.0314645 0.0
1.00508 0.0302355 0.0
1.00511 0.0290135 0.0
1.00515 0.0277978 0.0
1.00519 0.0265877 0.0
1.00523 0.0253824 0.0
1.00527 0.0241811 0.0
1.0053 0.0229833 0.0
1.00534 0.0217881 0.0
1.00537 0.0205952 0.0
1.00541 0.0194039 0.0
1.00544 0.0182141 0.0
1.00546 0.0170254 0.0
1.00549 0.0158379 0.0
1.00551 0.0146517 0.0
1.00554 0.0134673 0.0
1.00555 0.0122851 0.0
1.00557 0.0111062 0.0
1.00559 0.00993164 0.0
1.0056 0.00876294 0.0
1.00561 0.00760188 0.0
1.00562 0.00645059 0.0
1.00562 0.00531153 0.0
1.00563 0.00418755 0.0
1.00563 0.00308238 0.0
1.00563 0.00200615 0.0
1.00563 0.00103826 0.0
0.999996 -0.00173453 0.0
0.999979 -0.005202 0.0
0.999947 -0.00867145 0.0
0.999899 -0.0121464 0.0
0.999837 -0.0156305 0.0
0.999763 -0.019127 0.0
0.999678 -0.0226395 0.0
0.999586 -0.0261712 0.0
0.999489 -0.0297254 0.0
0.99939 -0.0333053 0.0
0.999294 -0.0369137 0.0
0.999205 -0.0405534 0.0
0.999128 -0.0442272 0.0
0.999067 -0.0479372 0.0
0.999031 -0.0516856 0.0
0.999023 -0.0554739 0.0
0.999053 -0.0593035 0.0
0.999128 -0.0631752 0.0
0.999256 -0.0670891 0.0
0.999447 -0.071045 0.0
0.999709 -0.0750416 0.0
1.00005 -0.0790771 0.0
1.00049 -0.0831485 0.0
1.00103 -0.0872518 0.0
1.00169 -0.0913821 0.0
1.00247 -0.095533 0.0
1.0034 -0.0996965 0.0
1.00447 -0.103864 0.0
1.00571 -0.108023 0.0
1.00713 -0.112162 0.0
1.00874 -0.116267 0.0
1.01054 -0.120321 0.0
1.01255 -0.124307 0.0
1.01477 -0.128204 0.0
1.01722 -0.131991 0.0
1.01989 -0.135645 0.0
1.02279 -0.139143 0.0
1.02591 -0.142458 0.0
1.02926 -0.145567 0.0
1.03283 -0.148442 0.0
1.0366 -0.15106 0.0
1.04056 -0.153395 0.0
1.0447 -0.155426 0.0
1.049 -0.157132 0.0
1.05343 -0.158495 0.0
1.05798 -0.159501 0.0
1.0626 -0.160139 0.0
1.06729 -0.1604 0.0
1.07201 -0.160282 0.0
1.07673 -0.159784 0.0
1.08143 -0.158909 0.0
1.08608 -0.157666 0.0
1.09066 -0.156063 0.0
1.09516 -0.154113 0.0
1.09954 -0.151829 0.0
1.10381 -0.149227 0.0
1.10793 -0.146322 0.0
1.11191 -0.143132 0.0
1.11573 -0.139673 0.0
1.11938 -0.135961 0.0
1.12287 -0.132012 0.0
1.12618 -0.127842 0.0
1.12932 -0.123464 0.0
1.13228 -0.118892 0.0
1.13505 -0.114138 0.0
1.13765 -0.109216 0.0
1.14007 -0.104135 0.0
1.1423 -0.0989076 0.0
1.14435 -0.0935424 0.0
1.14621 -0.0880498 0.0
1.14789 -0.0824394 0.0
1.14938 -0.0767208 0.0
1.15068 -0.0709035 0.0
1.15179 -0.0649975 0.0
1.1527 -0.0590129 0.0
1.15341 -0.0529603 0.0
1.15393 -0.0468508 0.0
1.15424 -0.0406962 0.0
1.15434 -0.0345086 0.0
1.15424 -0.0283009 0.0
1.15392 -0.0220865 0.0
1.1534 -0.0158796 0.0
1.15266 -0.00969444 0.0
1.15172 -0.00354591 0.0
1.15056 0.00255102 0.0
1.14919 0.0085813 0.0
1.14762 0.0145297 0.0
1.14585 0.0203808 0.0
1.14388 0.0261197 0.0
1.14172 0.0317313 0.0
1.13938 0.0372011 0.0
1.13687 0.0425152 0.0
1.13419 0.0476603 0.0
1.13135 0.0526239 0.0
1.12837 0.0573945 0.0
1.12526 0.0619616 0.0
1.12203 0.0663158 0.0
1.11869 0.0704493 0.0
1.11526 0.0743552 0.0
1.11176 0.0780281 0.0
1.10819 0.0814639 0.0
1.10457 0.08466 0.0
1.10092 0.087615 0.0
1.09724 0.0903288 0.0
1.09356 0.0928027 0.0
1.08988 0.0950389 0.0
1.08622 0.097041 0.0
1.08259 0.0988133 0.0
1.079 0.100361 0.0
1.07546 0.101691 0.0
1.07198 0.102809 0.0
1.06857 0.103724 0.0
1.06524 0.104443 0.0
1.06199 0.104974 0.0
1.05882 0.105326 0.0
1.05576 0.105509 0.0
1.05279 0.10553 0.0
1.04992 0.1054 0.0
1.04716 0.105128 0.0
1.04451 0.104721 0.0
1.04196 0.104191 0.0
1.03952 0.103544 0.0
1.03719 0.10279 0.0
1.03497 0.101937 0.0
1.03286 0.100993 0.0
1.03086 0.0999652 0.0
1.02896 0.0988618 0.0
1.02716 0.0976895 0.0
1.02546 0.0964551 0.0
1.02386 0.0951649 0.0
1.02236 0.0938249 0.0
1.02095 0.0924408 0.0
1.01962 0.091018 0.0
1.01839 0.0895614 0.0
1.01723 0.0880758 0.0
1.01616 0.0865655 0.0
1.01516 0.0850345 0.0
1.01424 0.0834866 0.0
1.01338 0.0819252 0.0
1.01259 0.0803536 0.0
1.01186 0.0787748 0.0
1.01119 0.0771913 0.0
1.01058 0.0756056 0.0
1.01002 0.0740201 0.0
1.00951 0.0724366 0.0
1.00905 0.0708572 0.0
1.00863 0.0692833 0.0
1.00825 0.0677166 0.0
1.00791 0.0661583 0.0
1.00761 0.0646096 0.0
1.00734 0.0630715 0.0
1.0071 0.0615449 0.0
1.00689 0.0600306 0.0
1.00671 0.0585292 0.0
1.00655 0.0570413 0.0
1.00642 0.0555674 0.0
1.0063 0.0541077 0.0
1.00621 0.0526625 0.0
1.00613 0.0512321 0.0
1.00606 0.0498164 0.0
1.00602 0.0484155 0.0
1.00598 0.0470293 0.0
1.00596 0.0456576 0.0
1.00594 0.0443004 0.0
1.00594 0.0429572 0.0
1.00594 0.0416278 0.0
1.00595 0.0403118 0.0
1.00596 0.0390087 0.0
1.00598 0.0377179 0.0
1.00601 0.036439 0.0
1.00603 0.0351713 0.0
1.00606 0.0339142 0.0
1.0061 0.0326669 0.0
1.00613 0.0314287 0.0
1.00616 0.0301989 0.0
1.0062 0.0289766 0.0
1.00623 0.027761 0.0
1.00627 0.0265514 0.0
1.0063 0.025347 0.0
1.00633 0.0241469 0.0
1.00636 0.0229505 0.0
1.00639 0.021757 0.0
1.00642 0.0205659 0.0
1.00644 0.0193767 0.0
1.00646 0.0181889 0.0
1.00648 0.0170025 0.0
1.0065 0.0158172 0.0
1.00651 0.0146333 0.0
1.00653 0.0134511 0.0
1.00654 0.0122711 0.0
1.00655 0.0110943 0.0
1.00655 0.00992177 0.0
1.00656 0.00875503 0.0
1.00656 0.00759585 0.0
1.00656 0.00644636 0.0
1.00656 0.00530901 0.0
1.00656 0.00418668 0.0
1.00656 0.00308307 0.0
1.00656 0.00200831 0.0
1.00655 0.00104164 0.0
0.999995 -0.00172528 0.0
0.999974 -0.00517448 0.0
0.999934 -0.00862629 0.0
0.999875 -0.0120847 0.0
0.999798 -0.0155535 0.0
0.999704 -0.0190368 0.0
0.999597 -0.0225383 0.0
0.999479 -0.0260618 0.0
0.999352 -0.0296111 0.0
0.99922 -0.0331896 0.0
0.999088 -0.036801 0.0
0.998959 -0.0404485 0.0
0.998839 -0.0441353 0.0
0.998734 -0.0478642 0.0
0.99865 -0.0516379 0.0
0.998594 -0.0554587 0.0
0.998574 -0.0593285 0.0
0.998597 -0.0632487 0.0
0.998674 -0.0672203 0.0
0.998813 -0.0712434 0.0
0.999025 -0.0753177 0.0
0.999321 -0.0794417 0.0
0.999713 -0.0836132 0.0
1.00021 -0.0878287 0.0
1.00083 -0.0920836 0.0
1.00159 -0.0963719 0.0
1.00249 -0.100686 0.0
1.00356 -0.105017 0.0
1.0048 -0.109353 0.0
1.00623 -0.113681 0.0
1.00787 -0.117987 0.0
1.00972 -0.122254 0.0
1.01179 -0.126461 0.0
1.01411 -0.130588 0.0
1.01666 -0.134611 0.0
1.01947 -0.138505 0.0
1.02253 -0.142243 0.0
1.02585 -0.145798 0.0
1.02941 -0.14914 0.0
1.03322 -0.152241 0.0
1.03725 -0.155071 0.0
1.04151 -0.157604 0.0
1.04596 -0.159812 0.0
1.05059 -0.161674 0.0
1.05538 -0.163168 0.0
1.06028 -0.164278 0.0
1.06529 -0.164991 0.0
1.07035 -0.165299 0.0
1.07545 -0.165198 0.0
1.08055 -0.164689 0.0
1.08562 -0.163776 0.0
1.09064 -0.162469 0.0
1.09557 -0.16078 0.0
1.1004 -0.158722 0.0
1.10511 -0.156313 0.0
1.10968 -0.153571 0.0
1.11409 -0.150515 0.0
1.11833 -0.147162 0.0
1.1224 -0.143533 0.0
1.12629 -0.139646 0.0
1.13 -0.135518 0.0
1.13351 -0.131164 0.0
1.13684 -0.126602 0.0
1.13997 -0.121844 0.0
1.14291 -0.116905 0.0
1.14566 -0.111796 0.0
1.14822 -0.106528 0.0
1.15058 -0.101112 0.0
1.15275 -0.095558 0.0
1.15473 -0.0898754 0.0
1.15651 -0.0840733 0.0
1.1581 -0.078161 0.0
1.15948 -0.0721478 0.0
1.16066 -0.0660431 0.0
1.16164 -0.059857 0.0
1.16241 -0.0535998 0.0
1.16297 -0.0472827 0.0
1.16331 -0.0409174 0.0
1.16343 -0.0345165 0.0
1.16334 -0.0280931 0.0
1.16302 -0.0216614 0.0
1.16247 -0.0152359 0.0
1.1617 -0.00883185 0.0
1.16071 -0.00246495 0.0
1.15948 0.00384895 0.0
1.15804 0.0100938 0.0
1.15637 0.0162534 0.0
1.15449 0.0223112 0.0
1.1524 0.0282511 0.0
1.1501 0.0340569 0.0
1.1476 0.0397129 0.0
1.14492 0.045204 0.0
1.14205 0.0505158 0.0
1.13902 0.0556348 0.0
1.13584 0.0605486 0.0
1.13251 0.0652458 0.0
1.12906 0.0697165 0.0
1.12549 0.0739521 0.0
1.12182 0.0779454 0.0
1.11808 0.0816909 0.0
1.11426 0.0851844 0.0
1.1104 0.0884232 0.0
1.1065 0.0914062 0.0
1.10257 0.0941338 0.0
1.09865 0.0966075 0.0
1.09473 0.0988302 0.0
1.09083 0.100806 0.0
1.08697 0.102541 0.0
1.08315 0.104039 0.0
1.07939 0.10531 0.0
1.0757 0.10636 0.0
1.07209 0.107197 0.0
1.06856 0.107832 0.0
1.06512 0.108272 0.0
1.06179 0.108528 0.0
1.05855 0.108609 0.0
1.05542 0.108525 0.0
1.05241 0.108287 0.0
1.04951 0.107904 0.0
1.04672 0.107385 0.0
1.04405 0.106741 0.0
1.0415 0.105981 0.0
1.03907 0.105114 0.0
1.03675 0.104149 0.0
1.03455 0.103093 0.0
1.03246 0.101956 0.0
1.03049 0.100746 0.0
1.02863 0.0994682 0.0
1.02687 0.0981313 0.0
1.02521 0.0967415 0.0
1.02366 0.0953049 0.0
1.0222 0.0938275 0.0
1.02084 0.0923147 0.0
1.01957 0.0907715 0.0
1.01839 0.0892027 0.0
1.01729 0.0876128 0.0
1.01627 0.0860058 0.0
1.01532 0.0843853 0.0
1.01445 0.082755 0.0
1.01365 0.0811178 0.0
1.01291 0.0794768 0.0
1.01223 0.0778346 0.0
1.01161 0.0761934 0.0
1.01105 0.0745556 0.0
1.01054 0.072923 0.0
1.01007 0.0712974 0.0
1.00965 0.0696804 0.0
1.00928 0.0680732 0.0
1.00894 0.0664772 0.0
1.00864 0.0648934 0.0
1.00837 0.0633227 0.0
1.00814 0.0617659 0.0
1.00793 0.0602237 0.0
1.00776 0.0586966 0.0
1.0076 0.0571851 0.0
1.00747 0.0556895 0.0
1.00736 0.05421 0.0
1.00727 0.0527468 0.0
1.0072 0.0512999 0.0
1.00714 0.0498694 0.0
1.00709 0.0484552 0.0
1.00706 0.0470571 0.0
1.00704 0.0456749 0.0
1.00703 0.0443084 0.0
1.00703 0.042957 0.0
1.00703 0.0416206 0.0
1.00704 0.0402985 0.0
1.00706 0.0389902 0.0
1.00708 0.0376952 0.0
1.00711 0.0364129 0.0
1.00713 0.0351425 0.0
1.00716 0.0338834 0.0
1.00719 0.0326348 0.0
1.00722 0.0313958 0.0
1.00726 0.0301658 0.0
1.00729 0.0289437 0.0
1.00732 0.0277289 0.0
1.00735 0.0265203 0.0
1.00737 0.0253173 0.0
1.0074 0.0241189 0.0
1.00742 0.0229244 0.0
1.00745 0.0217331 0.0
1.00746 0.0205442 0.0
1.00748 0.0193574 0.0
1.00749 0.0181721 0.0
1.00751 0.0169881 0.0
1.00751 0.0158052 0.0
1.00752 0.0146236 0.0
1.00753 0.0134436 0.0
1.00753 0.0122657 0.0
1.00753 0.0110908 0.0
1.00753 0.00991997 0.0
1.00752 0.00875472 0.0
1.00752 0.00759682 0.0
1.00751 0.00644839 0.0
1.00751 0.00531189 0.0
1.0075 0.00419021 0.0
1.0075 0.00308705 0.0
1.00749 0.00201253 0.0
1.00749 0.00104586 0.0
0.999994 -0.001714 0.0
0.999969 -0.00514087 0.0
0.99992 -0.00857099 0.0
0.999848 -0.0120087 0.0
0.999754 -0.0154585 0.0
0.999639 -0.0189245 0.0
0.999507 -0.0224111 0.0
0.999359 -0.0259227 0.0
0.999199 -0.0294632 0.0
0.999029 -0.033037 0.0
0.998856 -0.0366479 0.0
0.998682 -0.0402999 0.0
0.998515 -0.0439966 0.0
0.998358 -0.0477417 0.0
0.99822 -0.0515384 0.0
0.998107 -0.0553897 0.0
0.998028 -0.0592981 0.0
0.997991 -0.0632659 0.0
0.998006 -0.0672946 0.0
0.998083 -0.0713854 0.0
0.998233 -0.0755384 0.0
0.998469 -0.0797531 0.0
0.998803 -0.0840279 0.0
0.999249 -0.0883601 0.0
0.99982 -0.0927455 0.0
1.00053 -0.0971787 0.0
1.0014 -0.101652 0.0
1.00244 -0.106157 0.0
1.00367 -0.110683 0.0
1.0051 -0.115216 0.0
1.00676 -0.11974 0.0
1.00864 -0.124237 0.0
1.01077 -0.128687 0.0
1.01317 -0.133067 0.0
1.01583 -0.137351 0.0
1.01877 -0.141512 0.0
1.02199 -0.145519 0.0
1.02549 -0.149341 0.0
1.02928 -0.152945 0.0
1.03333 -0.156299 0.0
1.03765 -0.15937 0.0
1.04222 -0.162125 0.0
1.047 -0.164535 0.0
1.05199 -0.166572 0.0
1.05715 -0.168213 0.0
1.06245 -0.16944 0.0
1.06786 -0.170236 0.0
1.07333 -0.170594 0.0
1.07884 -0.170509 0.0
1.08435 -0.169983 0.0
1.08982 -0.169024 0.0
1.09522 -0.167641 0.0
1.10053 -0.16585 0.0
1.10571 -0.163669 0.0
1.11076 -0.161117 0.0
1.11564 -0.158216 0.0
1.12035 -0.154989 0.0
1.12487 -0.151455 0.0
1.12919 -0.147639 0.0
1.13332 -0.143558 0.0
1.13724 -0.139234 0.0
1.14096 -0.134683 0.0
1.14448 -0.129922 0.0
1.14778 -0.124966 0.0
1.15089 -0.119828 0.0
1.15379 -0.114521 0.0
1.15648 -0.109056 0.0
1.15898 -0.103442 0.0
1.16127 -0.0976901 0.0
1.16336 -0.0918084 0.0
1.16524 -0.0858058 0.0
1.16692 -0.079691 0.0
1.16839 -0.0734726 0.0
1.16965 -0.0671599 0.0
1.17069 -0.0607622 0.0
1.17152 -0.0542898 0.0
1.17212 -0.0477538 0.0
1.1725 -0.041166 0.0
1.17265 -0.034539 0.0
1.17256 -0.0278867 0.0
1.17223 -0.0212236 0.0
1.17167 -0.014565 0.0
1.17086 -0.00792705 0.0
1.16982 -0.00132644 0.0
1.16853 0.00522008 0.0
1.167 0.0116954 0.0
1.16524 0.0180821 0.0
1.16324 0.0243625 0.0
1.16101 0.030519 0.0
1.15857 0.0365342 0.0
1.15591 0.0423911 0.0
1.15304 0.0480732 0.0
1.14999 0.0535648 0.0
1.14675 0.0588513 0.0
1.14335 0.0639192 0.0
1.1398 0.0687562 0.0
1.1361 0.0733517 0.0
1.13229 0.0776963 0.0
1.12838 0.0817826 0.0
1.12437 0.0856046 0.0
1.1203 0.0891582 0.0
1.11617 0.0924407 0.0
1.11201 0.0954514 0.0
1.10783 0.098191 0.0
1.10364 0.100662 0.0
1.09947 0.102867 0.0
1.09533 0.104811 0.0
1.09122 0.106502 0.0
1.08717 0.107945 0.0
1.08319 0.109148 0.0
1.07928 0.110121 0.0
1.07546 0.110873 0.0
1.07173 0.111414 0.0
1.0681 0.111754 0.0
1.06458 0.111903 0.0
1.06117 0.111873 0.0
1.05789 0.111675 0.0
1.05472 0.111319 0.0
1.05168 0.110815 0.0
1.04876 0.110175 0.0
1.04597 0.109409 0.0
1.04331 0.108527 0.0
1.04078 0.107538 0.0
1.03837 0.106452 0.0
1.03608 0.105277 0.0
1.03391 0.104023 0.0
1.03187 0.102698 0.0
1.02994 0.101309 0.0
1.02813 0.0998632 0.0
1.02642 0.0983678 0.0
1.02482 0.0968291 0.0
1.02333 0.0952531 0.0
1.02193 0.0936455 0.0
1.02063 0.0920112 0.0
1.01943 0.0903552 0.0
1.0183 0.0886819 0.0
1.01727 0.0869953 0.0
1.01631 0.0852992 0.0
1.01542 0.0835969 0.0
1.01461 0.0818916 0.0
1.01387 0.0801862 0.0
1.01318 0.078483 0.0
1.01256 0.0767845 0.0
1.012 0.0750927 0.0
1.01149 0.0734095 0.0
1.01103 0.0717365 0.0
1.01061 0.0700751 0.0
1.01024 0.0684266 0.0
1.00991 0.0667921 0.0
1.00961 0.0651725 0.0
1.00935 0.0635687 0.0
1.00913 0.0619813 0.0
1.00893 0.0604109 0.0
1.00876 0.0588579 0.0
1.00861 0.0573226 0.0
1.00849 0.0558052 0.0
1.00839 0.054306 0.0
1.0083 0.0528249 0.0
1.00824 0.0513619 0.0
1.00819 0.0499168 0.0
1.00815 0.0484897 0.0
1.00812 0.0470801 0.0
1.00811 0.0456877 0.0
1.0081 0.0443123 0.0
1.0081 0.0429533 0.0
1.00811 0.0416102 0.0
1.00813 0.0402826 0.0
1.00815 0.0389698 0.0
1.00817 0.0376712 0.0
1.0082 0.0363861 0.0
1.00822 0.0351137 0.0
1.00825 0.0338533 0.0
1.00828 0.0326039 0.0
1.00831 0.0313649 0.0
1.00834 0.0301353 0.0
1.00837 0.0289142 0.0
1.0084 0.0277007 0.0
1.00842 0.0264939 0.0
1.00845 0.0252929 0.0
1.00847 0.0240968 0.0
1.00849 0.0229048 0.0
1.0085 0.0217161 0.0
1.00851 0.0205301 0.0
1.00852 0.019346 0.0
1.00853 0.0181635 0.0
1.00853 0.0169822 0.0
1.00853 0.015802 0.0
1.00853 0.0146228 0.0
1.00852 0.013445 0.0
1.00851 0.0122691 0.0
1.00851 0.0110959 0.0
1.0085 0.00992642 0.0
1.00848 0.00876219 0.0
1.00847 0.00760494 0.0
1.00846 0.0064568 0.0
1.00845 0.00532026 0.0
1.00844 0.00419819 0.0
1.00843 0.00309433 0.0
1.00842 0.0020188 0.0
1.00841 0.00105093 0.0
0.999993 -0.00170047 0.0
0.999963 -0.00510051 0.0
0.999905 -0.00850446 0.0
0.999819 -0.0119171 0.0
0.999706 -0.0153432 0.0
0.999568 -0.0187877 0.0
0.999407 -0.0222551 0.0
0.999226 -0.0257503 0.0
0.999029 -0.029278 0.0
0.998818 -0.0328427 0.0
0.998599 -0.0364492 0.0
0.998375 -0.0401018 0.0
0.998153 -0.043805 0.0
0.997938 -0.0475628 0.0
0.997738 -0.0513794 0.0
0.997561 -0.0552583 0.0
0.997413 -0.0592031 0.0
0.997306 -0.0632166 0.0
0.997248 -0.0673014 0.0
0.997251 -0.0714593 0.0
0.997328 -0.0756916 0.0
0.99749 -0.0799984 0.0
0.997752 -0.0843791 0.0
0.998129 -0.0888317 0.0
0.998636 -0.093353 0.0
0.99929 -0.097938 0.0
1.00011 -0.10258 0.0
1.00111 -0.107271 0.0
1.00231 -0.111998 0.0
1.00372 -0.11675 0.0
1.00538 -0.12151 0.0
1.00728 -0.126259 0.0
1.00946 -0.130975 0.0
1.01192 -0.135633 0.0
1.01468 -0.140205 0.0
1.01774 -0.144662 0.0
1.02112 -0.148968 0.0
1.02482 -0.15309 0.0
1.02883 -0.15699 0.0
1.03315 -0.160629 0.0
1.03776 -0.163971 0.0
1.04265 -0.166979 0.0
1.0478 -0.169616 0.0
1.05317 -0.171853 0.0
1.05874 -0.17366 0.0
1.06446 -0.175017 0.0
1.07031 -0.175905 0.0
1.07622 -0.176316 0.0
1.08217 -0.176246 0.0
1.08812 -0.175697 0.0
1.09402 -0.174679 0.0
1.09983 -0.173206 0.0
1.10554 -0.171295 0.0
1.1111 -0.16897 0.0
1.11649 -0.166254 0.0
1.1217 -0.163173 0.0
1.12671 -0.159752 0.0
1.13152 -0.156016 0.0
1.1361 -0.151991 0.0
1.14047 -0.147699 0.0
1.14461 -0.143161 0.0
1.14853 -0.138396 0.0
1.15223 -0.133422 0.0
1.15571 -0.128254 0.0
1.15897 -0.122906 0.0
1.16202 -0.11739 0.0
1.16485 -0.111717 0.0
1.16747 -0.105896 0.0
1.16988 -0.0999373 0.0
1.17208 -0.0938481 0.0
1.17407 -0.0876367 0.0
1.17584 -0.0813109 0.0
1.1774 -0.0748788 0.0
1.17873 -0.0683488 0.0
1.17984 -0.0617299 0.0
1.18073 -0.055032 0.0
1.18138 -0.0482659 0.0
1.18179 -0.0414435 0.0
1.18196 -0.0345777 0.0
1.18188 -0.0276826 0.0
1.18155 -0.0207736 0.0
1.18097 -0.0138668 0.0
1.18013 -0.00697925 0.0
1.17903 -0.000128787 0.0
1.17767 0.00666687 0.0
1.17606 0.0133894 0.0
1.17419 0.0200202 0.0
1.17207 0.0265401 0.0
1.16971 0.03293 0.0
1.16711 0.0391711 0.0
1.16428 0.0452447 0.0
1.16123 0.0511329 0.0
1.15797 0.0568185 0.0
1.15452 0.0622856 0.0
1.15088 0.0675193 0.0
1.14709 0.0725065 0.0
1.14314 0.0772355 0.0
1.13907 0.0816964 0.0
1.13489 0.0858811 0.0
1.13062 0.0897836 0.0
1.12627 0.0933996 0.0
1.12187 0.0967266 0.0
1.11743 0.0997641 0.0
1.11298 0.102513 0.0
1.10852 0.104977 0.0
1.10408 0.10716 0.0
1.09968 0.109067 0.0
1.09532 0.110706 0.0
1.09103 0.112085 0.0
1.08681 0.113213 0.0
1.08267 0.1141 0.0
1.07863 0.114757 0.0
1.0747 0.115194 0.0
1.07088 0.115423 0.0
1.06718 0.115456 0.0
1.0636 0.115304 0.0
1.06015 0.11498 0.0
1.05683 0.114495 0.0
1.05365 0.113861 0.0
1.05061 0.11309 0.0
1.0477 0.112192 0.0
1.04493 0.111177 0.0
1.04229 0.110058 0.0
1.03979 0.108842 0.0
1.03742 0.107541 0.0
1.03518 0.106162 0.0
1.03307 0.104715 0.0
1.03109 0.103207 0.0
1.02922 0.101646 0.0
1.02747 0.100039 0.0
1.02583 0.0983925 0.0
1.0243 0.0967128 0.0
1.02288 0.0950054 0.0
1.02155 0.0932756 0.0
1.02033 0.0915282 0.0
1.01919 0.0897678 0.0
1.01814 0.0879982 0.0
1.01717 0.0862233 0.0
1.01628 0.0844463 0.0
1.01546 0.0826703 0.0
1.01472 0.0808981 0.0
1.01404 0.0791321 0.0
1.01342 0.0773744 0.0
1.01286 0.0756271 0.0
1.01235 0.0738919 0.0
1.0119 0.0721703 0.0
1.01149 0.0704636 0.0
1.01113 0.0687729 0.0
1.01081 0.0670992 0.0
1.01052 0.0654434 0.0
1.01027 0.0638061 0.0
1.01006 0.0621878 0.0
1.00987 0.060589 0.0
1.00971 0.0590099 0.0
1.00957 0.0574509 0.0
1.00946 0.0559119 0.0
1.00937 0.0543931 0.0
1.0093 0.0528943 0.0
1.00924 0.0514155 0.0
1.0092 0.0499563 0.0
1.00917 0.0485166 0.0
1.00915 0.047096 0.0
1.00914 0.045694 0.0
1.00914 0.0443103 0.0
1.00915 0.0429442 0.0
1.00917 0.0415953 0.0
1.00919 0.0402628 0.0
1.00921 0.0389462 0.0
1.00924 0.0376446 0.0
1.00927 0.0363574 0.0
1.0093 0.0350838 0.0
1.00933 0.0338228 0.0
1.00936 0.0325735 0.0
1.00939 0.0313352 0.0
1.00942 0.0301068 0.0
1.00944 0.0288874 0.0
1.00947 0.027676 0.0
1.00949 0.0264717 0.0
1.00951 0.0252734 0.0
1.00952 0.0240803 0.0
1.00954 0.0228915 0.0
1.00954 0.0217061 0.0
1.00955 0.0205234 0.0
1.00955 0.0193426 0.0
1.00955 0.0181634 0.0
1.00954 0.0169851 0.0
1.00953 0.0158078 0.0
1.00952 0.0146312 0.0
1.00951 0.0134557 0.0
1.00949 0.0122817 0.0
1.00947 0.0111099 0.0
1.00945 0.00994143 0.0
1.00943 0.0087777 0.0
1.00941 0.00762045 0.0
1.00939 0.0064718 0.0
1.00938 0.00533426 0.0
1.00936 0.00421071 0.0
1.00935 0.00310495 0.0
1.00934 0.00202715 0.0
1.00933 0.00105687 0.0
0.999991 -0.00168448 0.0
0.999957 -0.00505277 0.0
0.999888 -0.00842562 0.0
0.999786 -0.0118083 0.0
0.999653 -0.0152059 0.0
0.999489 -0.0186238 0.0
0.999298 -0.0220672 0.0
0.999081 -0.0255412 0.0
0.998843 -0.0290512 0.0
0.998586 -0.0326023 0.0
0.998315 -0.0361997 0.0
0.998036 -0.0398485 0.0
0.997753 -0.0435536 0.0
0.997473 -0.0473201 0.0
0.997204 -0.0511526 0.0
0.996952 -0.0550557 0.0
0.996727 -0.0590337 0.0
0.996539 -0.0630903 0.0
0.996397 -0.0672291 0.0
0.996315 -0.0714528 0.0
0.996304 -0.0757638 0.0
0.996378 -0.0801632 0.0
0.996553 -0.0846515 0.0
0.996845 -0.0892277 0.0
0.99727 -0.0938894 0.0
0.997847 -0.0986327 0.0
0.998595 -0.103452 0.0
0.999535 -0.108338 0.0
1.00069 -0.113282 0.0
1.00207 -0.118268 0.0
1.00371 -0.123283 0.0
1.00562 -0.128304 0.0
1.00782 -0.13331 0.0
1.01034 -0.138274 0.0
1.01318 -0.143166 0.0
1.01636 -0.14795 0.0
1.0199 -0.152592 0.0
1.02378 -0.157049 0.0
1.02802 -0.161282 0.0
1.03261 -0.165245 0.0
1.03754 -0.168895 0.0
1.04278 -0.172188 0.0
1.04831 -0.175085 0.0
1.0541 -0.177547 0.0
1.06011 -0.179543 0.0
1.0663 -0.181046 0.0
1.07261 -0.182036 0.0
1.07902 -0.182504 0.0
1.08545 -0.182445 0.0
1.09187 -0.181863 0.0
1.09823 -0.180772 0.0
1.10449 -0.179189 0.0
1.11061 -0.177138 0.0
1.11657 -0.174644 0.0
1.12233 -0.171738 0.0
1.12788 -0.168451 0.0
1.13321 -0.164811 0.0
1.1383 -0.160849 0.0
1.14314 -0.156593 0.0
1.14775 -0.152067 0.0
1.15211 -0.147296 0.0
1.15622 -0.1423 0.0
1.1601 -0.137097 0.0
1.16375 -0.131703 0.0
1.16716 -0.126133 0.0
1.17035 -0.120397 0.0
1.17332 -0.114507 0.0
1.17606 -0.10847 0.0
1.17858 -0.102296 0.0
1.18089 -0.0959919 0.0
1.18297 -0.089564 0.0
1.18483 -0.0830195 0.0
1.18647 -0.0763656 0.0
1.18788 -0.0696098 0.0
1.18906 -0.0627605 0.0
1.19 -0.055827 0.0
1.1907 -0.0488199 0.0
1.19115 -0.0417509 0.0
1.19134 -0.0346332 0.0
1.19128 -0.0274815 0.0
1.19094 -0.0203116 0.0
1.19034 -0.0131408 0.0
1.18946 -0.00598742 0.0
1.18831 0.00112975 0.0
1.18688 0.0081919 0.0
1.18518 0.0151795 0.0
1.18321 0.0220723 0.0
1.18096 0.0288499 0.0
1.17845 0.0354913 0.0
1.17569 0.041976 0.0
1.17268 0.0482835 0.0
1.16943 0.054394 0.0
1.16595 0.0602888 0.0
1.16227 0.0659504 0.0
1.1584 0.0713626 0.0
1.15434 0.0765108 0.0
1.15013 0.0813826 0.0
1.14579 0.0859673 0.0
1.14132 0.0902563 0.0
1.13676 0.0942431 0.0
1.13213 0.0979235 0.0
1.12744 0.101295 0.0
1.12271 0.104358 0.0
1.11797 0.107114 0.0
1.11323 0.109567 0.0
1.10852 0.111721 0.0
1.10384 0.113584 0.0
1.09922 0.115164 0.0
1.09468 0.11647 0.0
1.09021 0.117512 0.0
1.08585 0.118303 0.0
1.08159 0.118853 0.0
1.07744 0.119175 0.0
1.07342 0.119282 0.0
1.06953 0.119187 0.0
1.06578 0.118902 0.0
1.06217 0.118441 0.0
1.05871 0.117817 0.0
1.05539 0.117041 0.0
1.05222 0.116127 0.0
1.04919 0.115087 0.0
1.04631 0.113931 0.0
1.04358 0.112671 0.0
1.041 0.111317 0.0
1.03855 0.10988 0.0
1.03624 0.108368 0.0
1.03407 0.106791 0.0
1.03203 0.105157 0.0
1.03012 0.103474 0.0
1.02833 0.10175 0.0
1.02666 0.0999895 0.0
1.0251 0.0982006 0.0
1.02366 0.0963887 0.0
1.02231 0.0945588 0.0
1.02107 0.0927161 0.0
1.01992 0.0908647 0.0
1.01887 0.0890089 0.0
1.0179 0.0871521 0.0
1.017 0.0852977 0.0
1.01619 0.0834486 0.0
1.01545 0.0816076 0.0
1.01477 0.0797768 0.0
1.01416 0.0779584 0.0
1.01361 0.0761542 0.0
1.01312 0.0743658 0.0
1.01267 0.0725945 0.0
1.01228 0.0708416 0.0
1.01193 0.0691081 0.0
1.01162 0.0673948 0.0
1.01135 0.0657023 0.0
1.01111 0.0640312 0.0
1.01091 0.0623818 0.0
1.01074 0.0607546 0.0
1.01059 0.0591496 0.0
1.01047 0.057567 0.0
1.01037 0.0560067 0.0
1.01029 0.0544686 0.0
1.01023 0.0529526 0.0
1.01019 0.0514583 0.0
1.01016 0.0499855 0.0
1.01014 0.0485338 0.0
1.01013 0.0471027 0.0
1.01014 0.0456918 0.0
1.01015 0.0443004 0.0
1.01016 0.042928 0.0
1.01019 0.0415739 0.0
1.01021 0.0402374 0.0
1.01024 0.0389177 0.0
1.01028 0.0376141 0.0
1.01031 0.0363257 0.0
1.01034 0.0350515 0.0
1.01037 0.0337908 0.0
1.01041 0.0325426 0.0
1.01044 0.0313058 0.0
1.01047 0.0300795 0.0
1.01049 0.0288626 0.0
1.01051 0.0276542 0.0
1.01053 0.0264531 0.0
1.01055 0.0252585 0.0
1.01056 0.0240691 0.0
1.01056 0.0228842 0.0
1.01056 0.0217028 0.0
1.01056 0.020524 0.0
1.01056 0.0193472 0.0
1.01055 0.0181716 0.0
1.01053 0.0169969 0.0
1.01051 0.0158228 0.0
1.01049 0.014649 0.0
1.01047 0.0134759 0.0
1.01044 0.0123037 0.0
1.01041 0.0111332 0.0
1.01039 0.0099654 0.0
1.01036 0.00880166 0.0
1.01033 0.00764373 0.0
1.0103 0.00649372 0.0
1.01028 0.00535416 0.0
1.01026 0.00422799 0.0
1.01024 0.00311904 0.0
1.01022 0.00203762 0.0
1.01021 0.00106364 0.0
0.99999 -0.0016658 0.0
0.99995 -0.00499697 0.0
0.99987 -0.00833336 0.0
0.999752 -0.0116806 0.0
0.999596 -0.0150444 0.0
0.999404 -0.0184304 0.0
0.999179 -0.0218443 0.0
0.998923 -0.0252919 0.0
0.99864 -0.0287789 0.0
0.998332 -0.032311 0.0
0.998006 -0.035894 0.0
0.997665 -0.0395337 0.0
0.997315 -0.0432359 0.0
0.996962 -0.047006 0.0
0.996615 -0.0508498 0.0
0.99628 -0.0547727 0.0
0.995968 -0.0587797 0.0
0.995687 -0.0628758 0.0
0.99545 -0.0670654 0.0
0.995269 -0.0713526 0.0
0.995156 -0.0757408 0.0
0.995127 -0.0802323 0.0
0.995199 -0.0848288 0.0
0.995387 -0.0895305 0.0
0.995711 -0.0943364 0.0
0.996192 -0.0992436 0.0
0.99685 -0.104247 0.0
0.997708 -0.10934 0.0
0.998789 -0.114512 0.0
1.00012 -0.11975 0.0
1.00172 -0.125038 0.0
1.00361 -0.130355 0.0
1.00582 -0.135677 0.0
1.00838 -0.140977 0.0
1.01129 -0.14622 0.0
1.01458 -0.15137 0.0
1.01826 -0.156385 0.0
1.02234 -0.161221 0.0
1.02682 -0.165829 0.0
1.03169 -0.170158 0.0
1.03694 -0.174159 0.0
1.04255 -0.177779 0.0
1.0485 -0.180972 0.0
1.05474 -0.183692 0.0
1.06123 -0.185901 0.0
1.06793 -0.187569 0.0
1.07477 -0.188672 0.0
1.0817 -0.189199 0.0
1.08866 -0.189146 0.0
1.0956 -0.18852 0.0
1.10246 -0.187337 0.0
1.1092 -0.185621 0.0
1.11577 -0.183401 0.0
1.12214 -0.18071 0.0
1.12829 -0.177584 0.0
1.13419 -0.174059 0.0
1.13983 -0.170171 0.0
1.14521 -0.165955 0.0
1.15032 -0.161441 0.0
1.15516 -0.156659 0.0
1.15972 -0.151634 0.0
1.16403 -0.146388 0.0
1.16808 -0.14094 0.0
1.17188 -0.135306 0.0
1.17544 -0.129501 0.0
1.17876 -0.123535 0.0
1.18184 -0.117417 0.0
1.1847 -0.111157 0.0
1.18732 -0.104761 0.0
1.18973 -0.0982338 0.0
1.1919 -0.0915825 0.0
1.19385 -0.0848124 0.0
1.19557 -0.0779295 0.0
1.19705 -0.0709401 0.0
1.19829 -0.0638519 0.0
1.19929 -0.0566734 0.0
1.20003 -0.0494147 0.0
1.20051 -0.0420875 0.0
1.20073 -0.0347051 0.0
1.20067 -0.0272826 0.0
1.20033 -0.0198368 0.0
1.1997 -0.0123861 0.0
1.19879 -0.00495 0.0
1.19758 0.00245129 0.0
1.19608 0.00979803 0.0
1.19428 0.0170693 0.0
1.1922 0.0242434 0.0
1.18982 0.0312979 0.0
1.18716 0.0382102 0.0
1.18423 0.0449573 0.0
1.18103 0.051517 0.0
1.17757 0.0578674 0.0
1.17387 0.0639878 0.0
1.16994 0.0698589 0.0
1.16581 0.0754628 0.0
1.16149 0.0807839 0.0
1.157 0.0858082 0.0
1.15236 0.0905245 0.0
1.1476 0.0949234 0.0
1.14274 0.0989983 0.0
1.1378 0.102745 0.0
1.1328 0.106161 0.0
1.12777 0.109247 0.0
1.12273 0.112006 0.0
1.1177 0.114442 0.0
1.1127 0.116561 0.0
1.10775 0.118372 0.0
1.10286 0.119883 0.0
1.09805 0.121106 0.0
1.09334 0.122052 0.0
1.08873 0.122735 0.0
1.08425 0.123166 0.0
1.07989 0.123361 0.0
1.07567 0.123333 0.0
1.0716 0.123097 0.0
1.06767 0.122667 0.0
1.0639 0.122056 0.0
1.06029 0.12128 0.0
1.05684 0.120351 0.0
1.05354 0.119284 0.0
1.05041 0.11809 0.0
1.04743 0.116782 0.0
1.04461 0.115371 0.0
1.04194 0.11387 0.0
1.03943 0.112288 0.0
1.03706 0.110635 0.0
1.03483 0.108921 0.0
1.03275 0.107153 0.0
1.0308 0.105342 0.0
1.02897 0.103493 0.0
1.02728 0.101613 0.0
1.0257 0.09971 0.0
1.02424 0.0977886 0.0
1.02289 0.0958544 0.0
1.02164 0.0939122 0.0
1.02049 0.0919664 0.0
1.01943 0.090021 0.0
1.01846 0.0880795 0.0
1.01758 0.0861452 0.0
1.01677 0.0842208 0.0
1.01604 0.0823089 0.0
1.01538 0.0804116 0.0
1.01478 0.078531 0.0
1.01424 0.0766687 0.0
1.01376 0.0748261 0.0
1.01334 0.0730044 0.0
1.01296 0.0712047 0.0
1.01262 0.0694279 0.0
1.01233 0.0676745 0.0
1.01208 0.0659451 0.0
1.01186 0.0642402 0.0
1.01168 0.0625598 0.0
1.01152 0.0609043 0.0
1.0114 0.0592737 0.0
1.01129 0.0576678 0.0
1.01121 0.0560865 0.0
1.01115 0.0545296 0.0
1.0111 0.0529968 0.0
1.01107 0.0514877 0.0
1.01106 0.050002 0.0
1.01105 0.0485389 0.0
1.01106 0.0470982 0.0
1.01107 0.045679 0.0
1.0111 0.0442808 0.0
1.01112 0.0429029 0.0
1.01116 0.0415445 0.0
1.01119 0.0402048 0.0
1.01123 0.038883 0.0
1.01127 0.0375782 0.0
1.01131 0.0362894 0.0
1.01134 0.0350158 0.0
1.01138 0.0337564 0.0
1.01142 0.0325101 0.0
1.01145 0.0312758 0.0
1.01148 0.0300525 0.0
1.0115 0.0288392 0.0
1.01152 0.0276347 0.0
1.01154 0.0264378 0.0
1.01155 0.0252476 0.0
1.01155 0.0240629 0.0
1.01156 0.0228828 0.0
1.01155 0.0217061 0.0
1.01154 0.020532 0.0
1.01153 0.0193598 0.0
1.01151 0.0181886 0.0
1.01149 0.0170179 0.0
1.01146 0.0158473 0.0
1.01143 0.0146767 0.0
1.01139 0.0135061 0.0
1.01136 0.0123358 0.0
1.01132 0.0111664 0.0
1.01128 0.00999889 0.0
1.01124 0.00883463 0.0
1.0112 0.0076753 0.0
1.01117 0.00652304 0.0
1.01114 0.00538038 0.0
1.01111 0.00425032 0.0
1.01109 0.00313681 0.0
1.01107 0.00205028 0.0
1.01106 0.00107124 0.0
0.999988 -0.00164422 0.0
0.999942 -0.00493246 0.0
0.99985 -0.00822658 0.0
0.999714 -0.0115326 0.0
0.999534 -0.0148567 0.0
0.999312 -0.018205 0.0
0.999051 -0.0215835 0.0
0.998752 -0.0249987 0.0
0.99842 -0.0284567 0.0
0.998058 -0.0319639 0.0
0.99767 -0.0355266 0.0
0.997261 -0.0391514 0.0
0.996837 -0.0428446 0.0
0.996405 -0.0466128 0.0
0.995971 -0.0504623 0.0
0.995544 -0.0543994 0.0
0.995134 -0.0584304 0.0
0.99475 -0.0625612 0.0
0.994405 -0.0667975 0.0
0.99411 -0.0711446 0.0
0.993881 -0.0756071 0.0
0.993732 -0.0801888 0.0
0.993681 -0.0848929 0.0
0.993747 -0.0897211 0.0
0.99395 -0.0946737 0.0
0.994312 -0.0997493 0.0
0.994857 -0.104944 0.0
0.995609 -0.110253 0.0
0.996595 -0.115666 0.0
0.997842 -0.121171 0.0
0.999378 -0.126752 0.0
1.00123 -0.132389 0.0
1.00343 -0.138056 0.0
1.006 -0.143723 0.0
1.00897 -0.149355 0.0
1.01235 -0.154911 0.0
1.01617 -0.160344 0.0
1.02044 -0.165605 0.0
1.02515 -0.170638 0.0
1.03032 -0.175385 0.0
1.03592 -0.179785 0.0
1.04193 -0.18378 0.0
1.04832 -0.187312 0.0
1.05506 -0.190328 0.0
1.06208 -0.192781 0.0
1.06933 -0.194635 0.0
1.07675 -0.195863 0.0
1.08426 -0.196451 0.0
1.09181 -0.196397 0.0
1.09931 -0.195711 0.0
1.10672 -0.194413 0.0
1.11397 -0.192534 0.0
1.12102 -0.190112 0.0
1.12783 -0.187187 0.0
1.13438 -0.183803 0.0
1.14064 -0.180005 0.0
1.14661 -0.175835 0.0
1.15227 -0.171331 0.0
1.15763 -0.166531 0.0
1.16269 -0.161466 0.0
1.16746 -0.156164 0.0
1.17194 -0.150647 0.0
1.17615 -0.144937 0.0
1.18009 -0.139049 0.0
1.18377 -0.132996 0.0
1.1872 -0.126789 0.0
1.19038 -0.120435 0.0
1.19333 -0.113943 0.0
1.19605 -0.107317 0.0
1.19853 -0.100562 0.0
1.20078 -0.0936811 0.0
1.2028 -0.0866795 0.0
1.20458 -0.0795613 0.0
1.20612 -0.0723318 0.0
1.20742 -0.0649972 0.0
1.20846 -0.0575653 0.0
1.20924 -0.0500455 0.0
1.20975 -0.0424491 0.0
1.20998 -0.0347897 0.0
1.20992 -0.0270829 0.0
1.20957 -0.0193464 0.0
1.20892 -0.0115998 0.0
1.20796 -0.00386439 0.0
1.2067 0.00383863 0.0
1.20512 0.0114885 0.0
1.20323 0.0190628 0.0
1.20103 0.0265381 0.0
1.19852 0.0338899 0.0
1.1957 0.0410933 0.0
1.19259 0.0481231 0.0
1.18919 0.0549546 0.0
1.18551 0.0615635 0.0
1.18157 0.0679268 0.0
1.17739 0.0740233 0.0
1.17299 0.0798332 0.0
1.16839 0.0853392 0.0
1.1636 0.0905263 0.0
1.15866 0.0953821 0.0
1.15359 0.0998967 0.0
1.14842 0.104063 0.0
1.14316 0.107877 0.0
1.13785 0.111337 0.0
1.13251 0.114444 0.0
1.12715 0.117201 0.0
1.12182 0.119614 0.0
1.11652 0.12169 0.0
1.11128 0.123438 0.0
1.10612 0.124871 0.0
1.10104 0.125999 0.0
1.09608 0.126837 0.0
1.09123 0.127398 0.0
1.08652 0.127698 0.0
1.08196 0.127752 0.0
1.07754 0.127576 0.0
1.07329 0.127185 0.0
1.06919 0.126595 0.0
1.06527 0.125823 0.0
1.06151 0.124881 0.0
1.05793 0.123787 0.0
1.05452 0.122554 0.0
1.05128 0.121195 0.0
1.04821 0.119724 0.0
1.04531 0.118153 0.0
1.04257 0.116493 0.0
1.03999 0.114757 0.0
1.03757 0.112954 0.0
1.0353 0.111095 0.0
1.03318 0.109187 0.0
1.0312 0.10724 0.0
1.02936 0.10526 0.0
1.02764 0.103256 0.0
1.02605 0.101233 0.0
1.02458 0.0991972 0.0
1.02323 0.0971543 0.0
1.02198 0.0951088 0.0
1.02084 0.0930652 0.0
1.01979 0.0910272 0.0
1.01883 0.0889984 0.0
1.01796 0.0869817 0.0
1.01717 0.08498 0.0
1.01645 0.0829955 0.0
1.01581 0.0810304 0.0
1.01523 0.0790863 0.0
1.01472 0.0771649 0.0
1.01426 0.0752673 0.0
1.01386 0.0733946 0.0
1.0135 0.0715477 0.0
1.01319 0.0697272 0.0
1.01292 0.0679337 0.0
1.01269 0.0661675 0.0
1.0125 0.0644288 0.0
1.01234 0.0627177 0.0
1.0122 0.0610342 0.0
1.0121 0.0593783 0.0
1.01201 0.0577496 0.0
1.01195 0.0561479 0.0
1.01191 0.0545729 0.0
1.01188 0.053024 0.0
1.01187 0.0515009 0.0
1.01187 0.0500029 0.0
1.01189 0.0485294 0.0
1.01191 0.0470798 0.0
1.01194 0.0456533 0.0
1.01197 0.0442493 0.0
1.01201 0.0428668 0.0
1.01206 0.041505 0.0
1.0121 0.0401632 0.0
1.01215 0.0388402 0.0
1.0122 0.0375353 0.0
1.01224 0.0362473 0.0
1.01229 0.0349753 0.0
1.01233 0.0337182 0.0
1.01237 0.0324749 0.0
1.0124 0.0312442 0.0
1.01243 0.0300251 0.0
1.01246 0.0288163 0.0
1.01248 0.0276167 0.0
1.01249 0.0264251 0.0
1.0125 0.0252404 0.0
1.0125 0.0240614 0.0
1.0125 0.0228869 0.0
1.01249 0.0217159 0.0
1.01247 0.0205474 0.0
1.01245 0.0193805 0.0
1.01242 0.0182144 0.0
1.01239 0.0170483 0.0
1.01235 0.0158819 0.0
1.01231 0.0147147 0.0
1.01226 0.0135469 0.0
1.01222 0.0123785 0.0
1.01217 0.0112101 0.0
1.01212 0.0100426 0.0
1.01207 0.00887735 0.0
1.01202 0.0077159 0.0
1.01198 0.00656042 0.0
1.01194 0.00541348 0.0
1.01191 0.00427817 0.0
1.01188 0.00315855 0.0
1.01186 0.00206528 0.0
1.01185 0.00107962 0.0
0.999987 -0.00161952 0.0
0.999934 -0.00485861 0.0
0.999829 -0.0081042 0.0
0.999674 -0.0113628 0.0
0.999468 -0.0146408 0.0
0.999213 -0.017945 0.0
0.998913 -0.0212818 0.0
0.998568 -0.0246581 0.0
0.998184 -0.0280806 0.0
0.997762 -0.0315562 0.0
0.997307 -0.0350921 0.0
0.996825 -0.0386953 0.0
0.996321 -0.0423729 0.0
0.995801 -0.0461324 0.0
0.995272 -0.0499809 0.0
0.994744 -0.053926 0.0
0.994225 -0.0579747 0.0
0.993726 -0.0621343 0.0
0.993259 -0.0664118 0.0
0.992837 -0.0708138 0.0
0.992474 -0.0753463 0.0
0.992188 -0.080015 0.0
0.991996 -0.0848246 0.0
0.991919 -0.0897784 0.0
0.991978 -0.0948787 0.0
0.992197 -0.100126 0.0
0.992603 -0.105518 0.0
0.993222 -0.111051 0.0
0.994085 -0.116717 0.0
0.995222 -0.122505 0.0
0.996666 -0.128399 0.0
0.99845 -0.134379 0.0
1.00061 -0.14042 0.0
1.00317 -0.14649 0.0
1.00616 -0.152551 0.0
1.00962 -0.158558 0.0
1.01357 -0.16446 0.0
1.01801 -0.170201 0.0
1.02297 -0.175716 0.0
1.02843 -0.180938 0.0
1.0344 -0.185798 0.0
1.04084 -0.190224 0.0
1.04773 -0.194147 0.0
1.055 -0.197504 0.0
1.06261 -0.200238 0.0
1.07048 -0.202304 0.0
1.07854 -0.20367 0.0
1.08671 -0.204321 0.0
1.09489 -0.204255 0.0
1.10302 -0.203486 0.0
1.11102 -0.202042 0.0
1.11883 -0.199964 0.0
1.12639 -0.197296 0.0
1.13367 -0.194093 0.0
1.14063 -0.190407 0.0
1.14726 -0.186292 0.0
1.15354 -0.181798 0.0
1.15948 -0.176971 0.0
1.16508 -0.17185 0.0
1.17034 -0.166472 0.0
1.17529 -0.160867 0.0
1.17992 -0.155058 0.0
1.18425 -0.149066 0.0
1.1883 -0.142907 0.0
1.19207 -0.136593 0.0
1.19559 -0.130134 0.0
1.19884 -0.123536 0.0
1.20186 -0.116804 0.0
1.20463 -0.109942 0.0
1.20716 -0.102952 0.0
1.20946 -0.0958376 0.0
1.21152 -0.0885999 0.0
1.21333 -0.0812419 0.0
1.21491 -0.0737672 0.0
1.21623 -0.0661806 0.0
1.2173 -0.0584887 0.0
1.2181 -0.0507 0.0
1.21862 -0.0428254 0.0
1.21885 -0.0348784 0.0
1.21879 -0.026875 0.0
1.21842 -0.0188342 0.0
1.21773 -0.010777 0.0
1.21673 -0.00272645 0.0
1.2154 0.00529529 0.0
1.21374 0.0132665 0.0
1.21175 0.0211632 0.0
1.20943 0.0289601 0.0
1.20678 0.0366302 0.0
1.20381 0.044146 0.0
1.20051 0.0514795 0.0
1.19691 0.0586032 0.0
1.19301 0.0654901 0.0
1.18883 0.0721147 0.0
1.18439 0.0784532 0.0
1.17971 0.0844838 0.0
1.17481 0.0901874 0.0
1.16973 0.0955476 0.0
1.16448 0.100551 0.0
1.15909 0.105187 0.0
1.15359 0.109448 0.0
1.14801 0.11333 0.0
1.14238 0.116832 0.0
1.13671 0.119955 0.0
1.13105 0.122705 0.0
1.1254 0.125087 0.0
1.11981 0.12711 0.0
1.11428 0.128787 0.0
1.10884 0.130128 0.0
1.1035 0.131149 0.0
1.09829 0.131865 0.0
1.09321 0.132291 0.0
1.08828 0.132445 0.0
1.08351 0.132344 0.0
1.0789 0.132004 0.0
1.07447 0.131444 0.0
1.07022 0.130681 0.0
1.06615 0.129732 0.0
1.06226 0.128612 0.0
1.05856 0.127339 0.0
1.05505 0.125927 0.0
1.05171 0.124392 0.0
1.04856 0.122746 0.0
1.04559 0.121004 0.0
1.0428 0.119177 0.0
1.04017 0.117277 0.0
1.03771 0.115316 0.0
1.03541 0.113303 0.0
1.03326 0.111247 0.0
1.03126 0.109157 0.0
1.02941 0.107041 0.0
1.02769 0.104906 0.0
1.0261 0.102759 0.0
1.02464 0.100605 0.0
1.02329 0.0984489 0.0
1.02206 0.0962966 0.0
1.02093 0.094152 0.0
1.0199 0.0920187 0.0
1.01896 0.0899002 0.0
1.01811 0.0877992 0.0
1.01734 0.0857184 0.0
1.01666 0.08366 0.0
1.01604 0.0816257 0.0
1.01549 0.0796173 0.0
1.015 0.077636 0.0
1.01457 0.0756829 0.0
1.0142 0.0737589 0.0
1.01387 0.0718646 0.0
1.01359 0.0700005 0.0
1.01335 0.068167 0.0
1.01315 0.0663642 0.0
1.01299 0.0645921 0.0
1.01285 0.0628507 0.0
1.01274 0.0611399 0.0
1.01266 0.0594593 0.0
1.01261 0.0578085 0.0
1.01257 0.0561872 0.0
1.01255 0.0545948 0.0
1.01255 0.0530308 0.0
1.01256 0.0514945 0.0
1.01258 0.0499853 0.0
1.01261 0.0485023 0.0
1.01265 0.0470449 0.0
1.0127 0.0456122 0.0
1.01275 0.0442033 0.0
1.01281 0.0428174 0.0
1.01286 0.0414534 0.0
1.01292 0.0401105 0.0
1.01298 0.0387877 0.0
1.01304 0.0374837 0.0
1.01309 0.0361977 0.0
1.01314 0.0349285 0.0
1.01319 0.0336749 0.0
1.01324 0.0324357 0.0
1.01327 0.0312099 0.0
1.01331 0.029996 0.0
1.01333 0.028793 0.0
1.01335 0.0275996 0.0
1.01337 0.0264144 0.0
1.01337 0.0252363 0.0
1.01337 0.024064 0.0
1.01336 0.0228964 0.0
1.01335 0.0217321 0.0
1.01333 0.0205702 0.0
1.0133 0.0194095 0.0
1.01326 0.0182492 0.0
1.01322 0.0170886 0.0
1.01317 0.0159269 0.0
1.01312 0.0147637 0.0
1.01306 0.0135989 0.0
1.013 0.0124327 0.0
1.01294 0.0112653 0.0
1.01288 0.0100976 0.0
1.01282 0.00893078 0.0
1.01276 0.00776646 0.0
1.01271 0.00660675 0.0
1.01266 0.00545427 0.0
1.01262 0.00431218 0.0
1.01258 0.00318471 0.0
1.01256 0.0020828 0.0
1.01255 0.00108872 0.0
0.999985 -0.0015915 0.0
0.999926 -0.00477478 0.0
0.999807 -0.00796518 0.0
0.999631 -0.0111696 0.0
0.999397 -0.0143948 0.0
0.999108 -0.017648 0.0
0.998766 -0.0209361 0.0
0.998372 -0.0242665 0.0
0.997931 -0.0276464 0.0
0.997446 -0.0310833 0.0
0.99692 -0.0345849 0.0
0.996358 -0.038159 0.0
0.995767 -0.0418136 0.0
0.995151 -0.0455568 0.0
0.99452 -0.0493968 0.0
0.99388 -0.0533422 0.0
0.993241 -0.0574012 0.0
0.992615 -0.0615824 0.0
0.992012 -0.0658941 0.0
0.991447 -0.0703444 0.0
0.990935 -0.0749412 0.0
0.990492 -0.0796918 0.0
0.990139 -0.0846028 0.0
0.989896 -0.0896798 0.0
0.989786 -0.094927 0.0
0.989836 -0.100347 0.0
0.990074 -0.10594 0.0
0.99053 -0.111704 0.0
0.991237 -0.117634 0.0
0.992231 -0.123719 0.0
0.993549 -0.129946 0.0
0.995228 -0.136295 0.0
0.997309 -0.142741 0.0
0.999829 -0.149251 0.0
1.00283 -0.155784 0.0
1.00633 -0.162292 0.0
1.01038 -0.16872 0.0
1.015 -0.175002 0.0
1.02019 -0.181066 0.0
1.02597 -0.186833 0.0
1.03232 -0.192222 0.0
1.03923 -0.197147 0.0
1.04664 -0.201524 0.0
1.05452 -0.205277 0.0
1.06278 -0.208335 0.0
1.07135 -0.210644 0.0
1.08012 -0.212165 0.0
1.08901 -0.212879 0.0
1.09791 -0.212785 0.0
1.10673 -0.211905 0.0
1.11539 -0.210275 0.0
1.1238 -0.207948 0.0
1.1319 -0.204983 0.0
1.13967 -0.201445 0.0
1.14705 -0.197402 0.0
1.15404 -0.192918 0.0
1.16063 -0.188051 0.0
1.16683 -0.182854 0.0
1.17264 -0.177374 0.0
1.17807 -0.171649 0.0
1.18315 -0.16571 0.0
1.18789 -0.159583 0.0
1.1923 -0.153289 0.0
1.19641 -0.146841 0.0
1.20023 -0.140251 0.0
1.20377 -0.133528 0.0
1.20704 -0.126675 0.0
1.21006 -0.119695 0.0
1.21283 -0.112592 0.0
1.21536 -0.105363 0.0
1.21764 -0.0980112 0.0
1.21969 -0.0905347 0.0
1.2215 -0.0829346 0.0
1.22306 -0.0752124 0.0
1.22438 -0.0673713 0.0
1.22543 -0.059416 0.0
1.22621 -0.0513541 0.0
1.22671 -0.0431956 0.0
1.22693 -0.0349537 0.0
1.22683 -0.026645 0.0
1.22643 -0.0182891 0.0
1.2257 -0.00990916 0.0
1.22464 -0.00153026 0.0
1.22324 0.00682525 0.0
1.2215 0.0151346 0.0
1.21941 0.0233724 0.0
1.21697 0.0315106 0.0
1.21418 0.0395198 0.0
1.21105 0.0473692 0.0
1.20757 0.0550278 0.0
1.20377 0.0624646 0.0
1.19965 0.0696495 0.0
1.19523 0.0765539 0.0
1.19053 0.0831513 0.0
1.18557 0.0894176 0.0
1.18039 0.0953315 0.0
1.175 0.100875 0.0
1.16944 0.106033 0.0
1.16374 0.110796 0.0
1.15792 0.115154 0.0
1.15202 0.119104 0.0
1.14607 0.122646 0.0
1.14009 0.125782 0.0
1.13412 0.128517 0.0
1.12818 0.130859 0.0
1.12229 0.13282 0.0
1.11648 0.134412 0.0
1.11078 0.13565 0.0
1.10519 0.13655 0.0
1.09974 0.137129 0.0
1.09444 0.137405 0.0
1.0893 0.137397 0.0
1.08434 0.137125 0.0
1.07956 0.136607 0.0
1.07497 0.135863 0.0
1.07058 0.134911 0.0
1.06638 0.13377 0.0
1.06238 0.132459 0.0
1.05858 0.130993 0.0
1.05498 0.12939 0.0
1.05157 0.127665 0.0
1.04836 0.125834 0.0
1.04534 0.123909 0.0
1.0425 0.121905 0.0
1.03985 0.119833 0.0
1.03736 0.117705 0.0
1.03505 0.11553 0.0
1.03289 0.11332 0.0
1.03089 0.111081 0.0
1.02904 0.108823 0.0
1.02733 0.106552 0.0
1.02576 0.104275 0.0
1.02432 0.101998 0.0
1.02299 0.0997261 0.0
1.02178 0.0974639 0.0
1.02068 0.0952155 0.0
1.01968 0.0929847 0.0
1.01878 0.0907744 0.0
1.01796 0.0885875 0.0
1.01723 0.0864264 0.0
1.01658 0.0842929 0.0
1.016 0.0821888 0.0
1.01549 0.0801155 0.0
1.01504 0.0780741 0.0
1.01465 0.0760653 0.0
1.01431 0.07409 0.0
1.01402 0.0721485 0.0
1.01378 0.0702412 0.0
1.01357 0.0683681 0.0
1.01341 0.0665292 0.0
1.01327 0.0647245 0.0
1.01317 0.0629535 0.0
1.0131 0.0612161 0.0
1.01305 0.0595117 0.0
1.01303 0.0578399 0.0
1.01302 0.0561999 0.0
1.01303 0.0545913 0.0
1.01305 0.0530132 0.0
1.01309 0.0514649 0.0
1.01314 0.0499455 0.0
1.01319 0.0484543 0.0
1.01325 0.0469903 0.0
1.01332 0.0455525 0.0
1.01339 0.0441401 0.0
1.01346 0.042752 0.0
1.01354 0.0413872 0.0
1.01361 0.0400445 0.0
1.01368 0.038723 0.0
1.01375 0.0374214 0.0
1.01382 0.0361387 0.0
1.01388 0.0348735 0.0
1.01394 0.0336248 0.0
1.01399 0.0323911 0.0
1.01403 0.0311714 0.0
1.01407 0.0299642 0.0
1.0141 0.0287683 0.0
1.01412 0.0275823 0.0
1.01413 0.0264049 0.0
1.01414 0.0252347 0.0
1.01414 0.0240704 0.0
1.01412 0.0229107 0.0
1.0141 0.0217543 0.0
1.01407 0.0206001 0.0
1.01404 0.0194468 0.0
1.01399 0.0182934 0.0
1.01394 0.017139 0.0
1.01388 0.0159828 0.0
1.01381 0.0148243 0.0
1.01375 0.0136631 0.0
1.01367 0.0124993 0.0
1.0136 0.011333 0.0
1.01353 0.0101649 0.0
1.01345 0.00899608 0.0
1.01338 0.00782815 0.0
1.01332 0.00666315 0.0
1.01326 0.00550373 0.0
1.01321 0.00435316 0.0
1.01317 0.00321584 0.0
1.01314 0.0021031 0.0
1.01313 0.00109846 0.0
0.999983 -0.00155996 0.0
0.999917 -0.00468038 0.0
0.999784 -0.00780849 0.0
0.999585 -0.0109515 0.0
0.999322 -0.0141168 0.0
0.998997 -0.0173117 0.0
0.99861 -0.0205437 0.0
0.998165 -0.0238206 0.0
0.997664 -0.0271501 0.0
0.99711 -0.0305404 0.0
0.996507 -0.0339997 0.0
0.995861 -0.0375365 0.0
0.995175 -0.0411595 0.0
0.994457 -0.0448779 0.0
0.993714 -0.0487008 0.0
0.992953 -0.0526377 0.0
0.992184 -0.0566983 0.0
0.991417 -0.0608923 0.0
0.990665 -0.0652297 0.0
0.989942 -0.0697202 0.0
0.989262 -0.0743736 0.0
0.988644 -0.0791991 0.0
0.988107 -0.0842055 0.0
0.987673 -0.0894009 0.0
0.987369 -0.0947919 0.0
0.98722 -0.100384 0.0
0.987258 -0.10618 0.0
0.987517 -0.11218 0.0
0.988033 -0.118382 0.0
0.988846 -0.124778 0.0
0.989997 -0.131357 0.0
0.991532 -0.1381 0.0
0.993496 -0.144982 0.0
0.995936 -0.15197 0.0
0.998898 -0.159023 0.0
1.00242 -0.166089 0.0
1.00656 -0.173105 0.0
1.01132 -0.179999 0.0
1.01675 -0.186689 0.0
1.02284 -0.193083 0.0
1.0296 -0.199084 0.0
1.037 -0.20459 0.0
1.045 -0.209498 0.0
1.05354 -0.213714 0.0
1.06253 -0.217152 0.0
1.07188 -0.219741 0.0
1.08147 -0.221434 0.0
1.09118 -0.222209 0.0
1.10089 -0.222066 0.0
1.11048 -0.221036 0.0
1.11985 -0.219167 0.0
1.12891 -0.216528 0.0
1.1376 -0.213196 0.0
1.14586 -0.209254 0.0
1.15366 -0.204785 0.0
1.161 -0.199865 0.0
1.16787 -0.194566 0.0
1.17428 -0.188946 0.0
1.18025 -0.183058 0.0
1.18579 -0.176944 0.0
1.19094 -0.170636 0.0
1.1957 -0.164161 0.0
1.20012 -0.157538 0.0
1.2042 -0.15078 0.0
1.20796 -0.143897 0.0
1.21144 -0.136895 0.0
1.21463 -0.129776 0.0
1.21756 -0.122542 0.0
1.22024 -0.115191 0.0
1.22266 -0.107721 0.0
1.22485 -0.10013 0.0
1.2268 -0.0924153 0.0
1.22852 -0.0845749 0.0
1.22999 -0.0766078 0.0
1.23122 -0.0685149 0.0
1.23219 -0.060299 0.0
1.2329 -0.0519658 0.0
1.23334 -0.0435241 0.0
1.23349 -0.0349864 0.0
1.23334 -0.0263695 0.0
1.23287 -0.0176939 0.0
1.23208 -0.00898442 0.0
1.23095 -0.0002688 0.0
1.22948 0.00843148 0.0
1.22766 0.0170927 0.0
1.22547 0.0256873 0.0
1.22292 0.0341848 0.0
1.22001 0.0425522 0.0
1.21672 0.0507554 0.0
1.21308 0.0587594 0.0
1.20909 0.0665294 0.0
1.20476 0.0740317 0.0
1.20012 0.0812342 0.0
1.19518 0.0881072 0.0
1.18997 0.0946238 0.0
1.18452 0.10076 0.0
1.17886 0.106497 0.0
1.17301 0.111818 0.0
1.16701 0.116711 0.0
1.1609 0.121169 0.0
1.1547 0.125187 0.0
1.14845 0.128765 0.0
1.14219 0.131907 0.0
1.13593 0.13462 0.0
1.12972 0.136914 0.0
1.12357 0.138801 0.0
1.11751 0.140296 0.0
1.11156 0.141417 0.0
1.10575 0.14218 0.0
1.1001 0.142607 0.0
1.0946 0.142718 0.0
1.08929 0.142532 0.0
1.08417 0.142073 0.0
1.07925 0.141361 0.0
1.07453 0.140416 0.0
1.07002 0.139261 0.0
1.06572 0.137914 0.0
1.06164 0.136396 0.0
1.05777 0.134725 0.0
1.05411 0.132918 0.0
1.05066 0.130993 0.0
1.04742 0.128964 0.0
1.04437 0.126848 0.0
1.04152 0.124656 0.0
1.03885 0.122403 0.0
1.03637 0.1201 0.0
1.03406 0.117757 0.0
1.03193 0.115385 0.0
1.02995 0.112992 0.0
1.02813 0.110586 0.0
1.02645 0.108175 0.0
1.02491 0.105764 0.0
1.0235 0.103361 0.0
1.02222 0.10097 0.0
1.02105 0.0985954 0.0
1.02 0.0962413 0.0
1.01904 0.0939111 0.0
1.01819 0.0916078 0.0
1.01742 0.089334 0.0
1.01674 0.0870917 0.0
1.01614 0.0848828 0.0
1.01561 0.0827086 0.0
1.01514 0.0805704 0.0
1.01474 0.078469 0.0
1.0144 0.076405 0.0
1.01411 0.0743788 0.0
1.01387 0.0723908 0.0
1.01367 0.0704409 0.0
1.01351 0.0685292 0.0
1.01339 0.0666552 0.0
1.0133 0.0648188 0.0
1.01324 0.0630194 0.0
1.01321 0.0612566 0.0
1.0132 0.0595297 0.0
1.01321 0.057838 0.0
1.01324 0.0561807 0.0
1.01328 0.0545571 0.0
1.01334 0.0529663 0.0
1.0134 0.0514073 0.0
1.01348 0.0498793 0.0
1.01356 0.0483812 0.0
1.01365 0.046912 0.0
1.01375 0.0454707 0.0
1.01384 0.0440562 0.0
1.01393 0.0426674 0.0
1.01403 0.0413031 0.0
1.01412 0.0399622 0.0
1.01421 0.0386435 0.0
1.0143 0.0373458 0.0
1.01438 0.0360678 0.0
1.01445 0.0348082 0.0
1.01452 0.0335658 0.0
1.01458 0.0323392 0.0
1.01463 0.031127 0.0
1.01467 0.029928 0.0
1.01471 0.0287406 0.0
1.01473 0.0275635 0.0
1.01475 0.0263953 0.0
1.01475 0.0252344 0.0
1.01475 0.0240796 0.0
1.01473 0.0229293 0.0
1.0147 0.0217822 0.0
1.01467 0.0206369 0.0
1.01462 0.0194922 0.0
1.01457 0.0183469 0.0
1.01451 0.0171998 0.0
1.01444 0.0160502 0.0
1.01436 0.0148972 0.0
1.01428 0.0137402 0.0
1.01419 0.0125792 0.0
1.01411 0.0114142 0.0
1.01402 0.0102457 0.0
1.01393 0.0090746 0.0
1.01385 0.00790235 0.0
1.01377 0.00673097 0.0
1.0137 0.00556312 0.0
1.01364 0.00440215 0.0
1.0136 0.0032527 0.0
1.01356 0.00212651 0.0
1.01354 0.00110872 0.0
0.999981 -0.00152471 0.0
0.999907 -0.00457484 0.0
0.999759 -0.0076332 0.0
0.999538 -0.0107074 0.0
0.999244 -0.013805 0.0
0.99888 -0.0169338 0.0
0.998446 -0.0201018 0.0
0.997946 -0.0233171 0.0
0.997381 -0.0265879 0.0
0.996755 -0.029923 0.0
0.996072 -0.0333312 0.0
0.995335 -0.0368216 0.0
0.994549 -0.0404039 0.0
0.993721 -0.0440879 0.0
0.992858 -0.0478839 0.0
0.991966 -0.0518024 0.0
0.991055 -0.0558543 0.0
0.990136 -0.060051 0.0
0.989221 -0.0644038 0.0
0.988322 -0.0689244 0.0
0.987457 -0.0736244 0.0
0.986643 -0.0785156 0.0
0.985899 -0.083609 0.0
0.98525 -0.0889154 0.0
0.984722 -0.0944445 0.0
0.984343 -0.100205 0.0
0.984148 -0.106202 0.0
0.984172 -0.112441 0.0
0.984456 -0.118921 0.0
0.985043 -0.12564 0.0
0.985983 -0.132587 0.0
0.987326 -0.139748 0.0
0.989126 -0.147098 0.0
0.991438 -0.154607 0.0
0.994319 -0.16223 0.0
0.997822 -0.169912 0.0
1.002 -0.177588 0.0
1.00689 -0.185176 0.0
1.01254 -0.192581 0.0
1.01895 -0.199699 0.0
1.02613 -0.206412 0.0
1.03407 -0.212598 0.0
1.04271 -0.218133 0.0
1.05199 -0.222896 0.0
1.06181 -0.22678 0.0
1.07204 -0.229696 0.0
1.08256 -0.231583 0.0
1.0932 -0.232413 0.0
1.10382 -0.232192 0.0
1.11428 -0.230957 0.0
1.12444 -0.228778 0.0
1.1342 -0.225744 0.0
1.14349 -0.221955 0.0
1.15226 -0.217517 0.0
1.16046 -0.212533 0.0
1.1681 -0.207096 0.0
1.17519 -0.201288 0.0
1.18173 -0.195178 0.0
1.18776 -0.188824 0.0
1.1933 -0.182268 0.0
1.19839 -0.175547 0.0
1.20306 -0.168685 0.0
1.20733 -0.1617 0.0
1.21124 -0.154606 0.0
1.21481 -0.147408 0.0
1.21806 -0.14011 0.0
1.22102 -0.132714 0.0
1.2237 -0.125216 0.0
1.22612 -0.117614 0.0
1.2283 -0.109902 0.0
1.23024 -0.102076 0.0
1.23195 -0.0941294 0.0
1.23343 -0.0860575 0.0
1.23469 -0.0778564 0.0
1.23572 -0.0695238 0.0
1.23652 -0.0610599 0.0
1.23707 -0.052468 0.0
1.23736 -0.0437548 0.0
1.23739 -0.0349316 0.0
1.23713 -0.0260144 0.0
1.23657 -0.0170246 0.0
1.2357 -0.00798849 0.0
1.2345 0.00106372 0.0
1.23295 0.0101126 0.0
1.23105 0.0191331 0.0
1.22879 0.0280954 0.0
1.22615 0.0369654 0.0
1.22313 0.0457066 0.0
1.21974 0.0542803 0.0
1.21597 0.0626473 0.0
1.21183 0.0707684 0.0
1.20734 0.0786056 0.0
1.20252 0.0861228 0.0
1.19739 0.0932867 0.0
1.19198 0.100067 0.0
1.18631 0.106438 0.0
1.18042 0.112377 0.0
1.17434 0.117867 0.0
1.1681 0.122895 0.0
1.16174 0.127453 0.0
1.15531 0.131537 0.0
1.14882 0.135149 0.0
1.14232 0.138292 0.0
1.13583 0.140975 0.0
1.1294 0.14321 0.0
1.12304 0.145011 0.0
1.11679 0.146397 0.0
1.11066 0.147386 0.0
1.10468 0.148 0.0
1.09887 0.148259 0.0
1.09324 0.148188 0.0
1.0878 0.147809 0.0
1.08257 0.147147 0.0
1.07756 0.146225 0.0
1.07276 0.145066 0.0
1.06819 0.143692 0.0
1.06384 0.142126 0.0
1.05972 0.140388 0.0
1.05582 0.138499 0.0
1.05215 0.136477 0.0
1.0487 0.134339 0.0
1.04545 0.132104 0.0
1.04242 0.129786 0.0
1.03959 0.127399 0.0
1.03696 0.124957 0.0
1.03452 0.122472 0.0
1.03225 0.119955 0.0
1.03016 0.117415 0.0
1.02824 0.114863 0.0
1.02647 0.112306 0.0
1.02485 0.109751 0.0
1.02337 0.107204 0.0
1.02203 0.104672 0.0
1.02081 0.10216 0.0
1.01971 0.0996712 0.0
1.01872 0.0972101 0.0
1.01784 0.0947798 0.0
1.01705 0.0923831 0.0
1.01635 0.0900221 0.0
1.01574 0.0876988 0.0
1.0152 0.0854147 0.0
1.01474 0.083171 0.0
1.01434 0.0809685 0.0
1.014 0.078808 0.0
1.01372 0.0766897 0.0
1.01349 0.0746139 0.0
1.01331 0.0725806 0.0
1.01317 0.0705895 0.0
1.01307 0.0686404 0.0
1.013 0.0667329 0.0
1.01296 0.0648663 0.0
1.01295 0.0630401 0.0
1.01297 0.0612534 0.0
1.01301 0.0595056 0.0
1.01306 0.0577957 0.0
1.01314 0.0561228 0.0
1.01322 0.0544859 0.0
1.01332 0.052884 0.0
1.01342 0.0513162 0.0
1.01353 0.0497812 0.0
1.01365 0.0482779 0.0
1.01377 0.0468053 0.0
1.0139 0.0453621 0.0
1.01402 0.0439473 0.0
1.01414 0.0425594 0.0
1.01426 0.0411974 0.0
1.01438 0.0398599 0.0
1.01449 0.0385457 0.0
1.01459 0.0372535 0.0
1.01469 0.0359819 0.0
1.01478 0.0347296 0.0
1.01486 0.0334952 0.0
1.01493 0.0322773 0.0
1.01499 0.0310744 0.0
1.01505 0.0298851 0.0
1.01509 0.028708 0.0
1.01512 0.0275415 0.0
1.01513 0.0263841 0.0
1.01514 0.0252342 0.0
1.01514 0.0240904 0.0
1.01512 0.0229511 0.0
1.01509 0.0218148 0.0
1.01505 0.0206801 0.0
1.015 0.0195454 0.0
1.01494 0.0184096 0.0
1.01486 0.0172712 0.0
1.01478 0.0161293 0.0
1.01469 0.0149828 0.0
1.0146 0.013831 0.0
1.0145 0.0126736 0.0
1.0144 0.0115103 0.0
1.01429 0.0103415 0.0
1.01419 0.00916784 0.0
1.01409 0.00799063 0.0
1.014 0.00681178 0.0
1.01392 0.0056339 0.0
1.01385 0.00446042 0.0
1.01379 0.00329618 0.0
1.01375 0.00215343 0.0
1.01373 0.00111932 0.0
0.999979 -0.00148557 0.0
0.999897 -0.00445764 0.0
0.999733 -0.00743844 0.0
0.999488 -0.0104358 0.0
0.999162 -0.0134578 0.0
0.998758 -0.0165124 0.0
0.998275 -0.0196079 0.0
0.997717 -0.0227529 0.0
0.997086 -0.0259562 0.0
0.996384 -0.0292269 0.0
0.995615 -0.0325745 0.0
0.994782 -0.0360088 0.0
0.99389 -0.0395401 0.0
0.992946 -0.0431792 0.0
0.991954 -0.0469372 0.0
0.990922 -0.050826 0.0
0.989859 -0.0548577 0.0
0.988775 -0.0590451 0.0
0.987682 -0.0634012 0.0
0.986593 -0.0679397 0.0
0.985524 -0.0726745 0.0
0.984492 -0.0776195 0.0
0.983518 -0.0827887 0.0
0.982627 -0.0881958 0.0
0.981845 -0.0938539 0.0
0.981203 -0.099775 0.0
0.980736 -0.105969 0.0
0.980483 -0.112445 0.0
0.98049 -0.119207 0.0
0.980803 -0.126256 0.0
0.981479 -0.133586 0.0
0.982574 -0.141187 0.0
0.984152 -0.149037 0.0
0.986279 -0.157107 0.0
0.989022 -0.165353 0.0
0.992448 -0.173719 0.0
0.996624 -0.182134 0.0
1.00161 -0.190506 0.0
1.00745 -0.198732 0.0
1.01417 -0.206687 0.0
1.0218 -0.214234 0.0
1.03031 -0.221223 0.0
1.03966 -0.227501 0.0
1.04977 -0.232917 0.0
1.06052 -0.237333 0.0
1.07178 -0.240634 0.0
1.08336 -0.242742 0.0
1.09508 -0.243618 0.0
1.10674 -0.243272 0.0
1.11817 -0.24176 0.0
1.1292 -0.239172 0.0
1.13971 -0.235628 0.0
1.14961 -0.231261 0.0
1.15885 -0.226207 0.0
1.16739 -0.220591 0.0
1.17524 -0.214528 0.0
1.18241 -0.208114 0.0
1.18894 -0.201426 0.0
1.19486 -0.194528 0.0
1.20022 -0.187465 0.0
1.20505 -0.180272 0.0
1.2094 -0.172974 0.0
1.2133 -0.165587 0.0
1.2168 -0.158122 0.0
1.21992 -0.150583 0.0
1.2227 -0.14297 0.0
1.22518 -0.135283 0.0
1.22736 -0.127517 0.0
1.22929 -0.119664 0.0
1.23098 -0.111717 0.0
1.23244 -0.103667 0.0
1.2337 -0.095505 0.0
1.23476 -0.0872227 0.0
1.23562 -0.0788122 0.0
1.23629 -0.0702673 0.0
1.23676 -0.0615846 0.0
1.23703 -0.0527637 0.0
1.23708 -0.0438084 0.0
1.23691 -0.0347275 0.0
1.23648 -0.0255355 0.0
1.23579 -0.0162534 0.0
1.23481 -0.0069089 0.0
1.23353 0.00246658 0.0
1.23193 0.0118565 0.0
1.22998 0.0212337 0.0
1.22768 0.0305651 0.0
1.225 0.0398129 0.0
1.22194 0.0489359 0.0
1.2185 0.0578907 0.0
1.21467 0.0666329 0.0
1.21047 0.0751184 0.0
1.20591 0.0833042 0.0
1.201 0.0911496 0.0
1.19578 0.0986171 0.0
1.19025 0.105673 0.0
1.18447 0.112288 0.0
1.17845 0.118437 0.0
1.17223 0.124102 0.0
1.16586 0.129269 0.0
1.15937 0.133928 0.0
1.15279 0.138078 0.0
1.14617 0.141719 0.0
1.13953 0.144857 0.0
1.13292 0.147503 0.0
1.12637 0.14967 0.0
1.1199 0.151376 0.0
1.11354 0.152641 0.0
1.10733 0.153486 0.0
1.10127 0.153935 0.0
1.09539 0.154014 0.0
1.08971 0.153747 0.0
1.08423 0.153161 0.0
1.07898 0.152283 0.0
1.07395 0.151137 0.0
1.06915 0.149749 0.0
1.06458 0.148145 0.0
1.06026 0.146347 0.0
1.05617 0.144378 0.0
1.05231 0.14226 0.0
1.04869 0.140013 0.0
1.04529 0.137655 0.0
1.04211 0.135204 0.0
1.03915 0.132677 0.0
1.0364 0.130089 0.0
1.03385 0.127452 0.0
1.03149 0.12478 0.0
1.02932 0.122084 0.0
1.02732 0.119374 0.0
1.02549 0.116659 0.0
1.02382 0.113948 0.0
1.0223 0.111247 0.0
1.02092 0.108563 0.0
1.01967 0.105902 0.0
1.01855 0.103268 0.0
1.01755 0.100665 0.0
1.01666 0.098097 0.0
1.01587 0.095567 0.0
1.01518 0.0930775 0.0
1.01457 0.0906303 0.0
1.01405 0.0882272 0.0
1.0136 0.0858693 0.0
1.01322 0.0835576 0.0
1.01291 0.0812926 0.0
1.01266 0.0790747 0.0
1.01246 0.076904 0.0
1.01231 0.0747804 0.0
1.0122 0.0727038 0.0
1.01213 0.0706736 0.0
1.0121 0.0686893 0.0
1.0121 0.0667502 0.0
1.01213 0.0648556 0.0
1.01218 0.0630046 0.0
1.01226 0.0611964 0.0
1.01236 0.0594298 0.0
1.01247 0.0577038 0.0
1.01259 0.0560174 0.0
1.01273 0.0543694 0.0
1.01288 0.0527587 0.0
1.01303 0.0511839 0.0
1.01318 0.049644 0.0
1.01334 0.0481377 0.0
1.0135 0.0466637 0.0
1.01366 0.0452207 0.0
1.01382 0.0438075 0.0
1.01398 0.0424226 0.0
1.01413 0.0410648 0.0
1.01427 0.0397327 0.0
1.01441 0.038425 0.0
1.01454 0.0371402 0.0
1.01466 0.035877 0.0
1.01477 0.0346339 0.0
1.01487 0.0334094 0.0
1.01496 0.032202 0.0
1.01503 0.0310103 0.0
1.0151 0.0298327 0.0
1.01515 0.0286677 0.0
1.01519 0.0275136 0.0
1.01521 0.0263688 0.0
1.01522 0.0252318 0.0
1.01522 0.0241009 0.0
1.0152 0.0229744 0.0
1.01517 0.0218508 0.0
1.01513 0.0207283 0.0
1.01507 0.0196055 0.0
1.015 0.0184808 0.0
1.01492 0.0173527 0.0
1.01483 0.0162199 0.0
1.01473 0.0150814 0.0
1.01462 0.013936 0.0
1.0145 0.0127831 0.0
1.01439 0.0116223 0.0
1.01427 0.0104535 0.0
1.01415 0.0092773 0.0
1.01403 0.00809465 0.0
1.01392 0.00690728 0.0
1.01383 0.00571771 0.0
1.01374 0.00452938 0.0
1.01368 0.00334732 0.0
1.01363 0.00218433 0.0
1.01361 0.00113002 0.0
0.999977 -0.00144241 0.0
0.999887 -0.00432834 0.0
0.999706 -0.00722343 0.0
0.999436 -0.0101358 0.0
0.999077 -0.0130737 0.0
0.998631 -0.0160454 0.0
0.998098 -0.0190597 0.0
0.99748 -0.0221254 0.0
0.996779 -0.0252518 0.0
0.995998 -0.0284483 0.0
0.995139 -0.0317251 0.0
0.994205 -0.0350926 0.0
0.993202 -0.0385618 0.0
0.992134 -0.0421444 0.0
0.991006 -0.0458524 0.0
0.989825 -0.0496988 0.0
0.9886 -0.0536971 0.0
0.987339 -0.0578616 0.0
0.986055 -0.0622071 0.0
0.984759 -0.0667491 0.0
0.983467 -0.071504 0.0
0.982197 -0.0764882 0.0
0.980969 -0.0817188 0.0
0.979807 -0.0872129 0.0
0.97874 -0.0929873 0.0
0.977798 -0.0990582 0.0
0.977019 -0.105441 0.0
0.976445 -0.112148 0.0
0.976124 -0.119189 0.0
0.976109 -0.126572 0.0
0.97646 -0.134296 0.0
0.977243 -0.142356 0.0
0.978531 -0.150735 0.0
0.980402 -0.159407 0.0
0.982937 -0.168331 0.0
0.98622 -0.177451 0.0
0.990333 -0.186691 0.0
0.995354 -0.195953 0.0
1.00135 -0.205119 0.0
1.00837 -0.214047 0.0
1.01645 -0.222573 0.0
1.02557 -0.230516 0.0
1.0357 -0.237686 0.0
1.04674 -0.243889 0.0
1.05858 -0.248948 0.0
1.07101 -0.25271 0.0
1.08384 -0.25507 0.0
1.0968 -0.255975 0.0
1.10966 -0.255441 0.0
1.12219 -0.253541 0.0
1.13417 -0.250405 0.0
1.14545 -0.246192 0.0
1.15593 -0.241079 0.0
1.16555 -0.23524 0.0
1.17428 -0.228836 0.0
1.18215 -0.222001 0.0
1.18919 -0.21485 0.0
1.19544 -0.20747 0.0
1.20096 -0.199927 0.0
1.2058 -0.192269 0.0
1.21004 -0.184531 0.0
1.21371 -0.176735 0.0
1.21687 -0.168896 0.0
1.21958 -0.16102 0.0
1.22189 -0.15311 0.0
1.22382 -0.145164 0.0
1.22544 -0.137178 0.0
1.22677 -0.129143 0.0
1.22786 -0.121049 0.0
1.22872 -0.112886 0.0
1.2294 -0.10464 0.0
1.22991 -0.0962976 0.0
1.23027 -0.0878462 0.0
1.23049 -0.079273 0.0
1.23058 -0.070567 0.0
1.23054 -0.0617196 0.0
1.23037 -0.0527255 0.0
1.23005 -0.0435839 0.0
1.22958 -0.0342995 0.0
1.22892 -0.0248837 0.0
1.22806 -0.0153558 0.0
1.22698 -0.00574366 0.0
1.22564 0.00392337 0.0
1.22401 0.0136295 0.0
1.22207 0.0233448 0.0
1.2198 0.0330324 0.0
1.21717 0.0426501 0.0
1.21418 0.0521515 0.0
1.21081 0.0614878 0.0
1.20706 0.0706087 0.0
1.20294 0.0794645 0.0
1.19845 0.0880063 0.0
1.19362 0.0961884 0.0
1.18845 0.103968 0.0
1.18299 0.111308 0.0
1.17725 0.118175 0.0
1.17128 0.124541 0.0
1.16511 0.130386 0.0
1.15877 0.135695 0.0
1.15231 0.140459 0.0
1.14576 0.144673 0.0
1.13916 0.148342 0.0
1.13256 0.151472 0.0
1.12598 0.154076 0.0
1.11946 0.156169 0.0
1.11304 0.157771 0.0
1.10673 0.158906 0.0
1.10057 0.159598 0.0
1.09458 0.159873 0.0
1.08877 0.15976 0.0
1.08317 0.159287 0.0
1.07778 0.158484 0.0
1.07262 0.157378 0.0
1.06769 0.155999 0.0
1.063 0.154374 0.0
1.05856 0.152529 0.0
1.05436 0.150491 0.0
1.0504 0.148284 0.0
1.04668 0.14593 0.0
1.04319 0.143451 0.0
1.03994 0.140867 0.0
1.03691 0.138196 0.0
1.0341 0.135456 0.0
1.0315 0.132662 0.0
1.0291 0.129828 0.0
1.02689 0.126968 0.0
1.02487 0.124091 0.0
1.02303 0.12121 0.0
1.02135 0.118333 0.0
1.01983 0.115467 0.0
1.01846 0.112621 0.0
1.01722 0.1098 0.0
1.01612 0.107011 0.0
1.01514 0.104256 0.0
1.01428 0.101541 0.0
1.01353 0.0988683 0.0
1.01287 0.096241 0.0
1.01231 0.0936612 0.0
1.01183 0.0911304 0.0
1.01143 0.0886501 0.0
1.0111 0.0862212 0.0
1.01084 0.0838443 0.0
1.01063 0.0815197 0.0
1.01049 0.0792474 0.0
1.01039 0.0770273 0.0
1.01034 0.074859 0.0
1.01033 0.0727421 0.0
1.01036 0.0706757 0.0
1.01042 0.0686592 0.0
1.0105 0.0666917 0.0
1.01062 0.064772 0.0
1.01075 0.0628992 0.0
1.0109 0.0610722 0.0
1.01107 0.0592897 0.0
1.01125 0.0575505 0.0
1.01145 0.0558533 0.0
1.01165 0.0541969 0.0
1.01185 0.0525799 0.0
1.01206 0.0510009 0.0
1.01227 0.0494587 0.0
1.01248 0.0479518 0.0
1.01269 0.0464789 0.0
1.0129 0.0450385 0.0
1.0131 0.0436293 0.0
1.0133 0.0422498 0.0
1.01349 0.0408986 0.0
1.01367 0.0395742 0.0
1.01384 0.0382752 0.0
1.014 0.0370001 0.0
1.01415 0.0357474 0.0
1.01429 0.0345157 0.0
1.01441 0.0333033 0.0
1.01452 0.0321086 0.0
1.01462 0.0309303 0.0
1.0147 0.0297665 0.0
1.01477 0.0286156 0.0
1.01482 0.0274761 0.0
1.01485 0.0263462 0.0
1.01487 0.0252241 0.0
1.01487 0.0241082 0.0
1.01486 0.0229966 0.0
1.01483 0.0218877 0.0
1.01479 0.0207796 0.0
1.01473 0.0196706 0.0
1.01465 0.018559 0.0
1.01457 0.0174432 0.0
1.01446 0.0163215 0.0
1.01435 0.0151926 0.0
1.01423 0.0140551 0.0
1.0141 0.0129081 0.0
1.01397 0.0117508 0.0
1.01383 0.0105828 0.0
1.01369 0.00940432 0.0
1.01356 0.00821595 0.0
1.01343 0.00701917 0.0
1.01332 0.00581626 0.0
1.01322 0.00461058 0.0
1.01315 0.00340728 0.0
1.01309 0.0022197 0.0
1.01307 0.00114048 0.0
0.999975 -0.00139509 0.0
0.999876 -0.00418654 0.0
0.999679 -0.00698751 0.0
0.999383 -0.00980633 0.0
0.99899 -0.0126514 0.0
0.9985 -0.0155315 0.0
0.997915 -0.0184553 0.0
0.997235 -0.0214322 0.0
0.996462 -0.0244717 0.0
0.995598 -0.0275837 0.0
0.994646 -0.0307789 0.0
0.993608 -0.0340682 0.0
0.992488 -0.0374633 0.0
0.99129 -0.0409767 0.0
0.99002 -0.0446215 0.0
0.988682 -0.0484116 0.0
0.987284 -0.0523619 0.0
0.985836 -0.056488 0.0
0.984346 -0.0608067 0.0
0.982828 -0.0653356 0.0
0.981295 -0.0700933 0.0
0.979766 -0.0750991 0.0
0.978259 -0.0803734 0.0
0.976798 -0.0859368 0.0
0.975413 -0.0918105 0.0
0.974134 -0.0980153 0.0
0.973001 -0.104572 0.0
0.972057 -0.111499 0.0
0.971353 -0.118813 0.0
0.970947 -0.126528 0.0
0.970905 -0.13465 0.0
0.971303 -0.143183 0.0
0.972222 -0.152115 0.0
0.973753 -0.161429 0.0
0.975994 -0.171086 0.0
0.979047 -0.181033 0.0
0.983017 -0.191192 0.0
0.988004 -0.201461 0.0
0.994102 -0.211706 0.0
1.00139 -0.221767 0.0
1.00991 -0.231449 0.0
1.01968 -0.240534 0.0
1.03066 -0.248782 0.0
1.04277 -0.255948 0.0
1.05584 -0.261794 0.0
1.06966 -0.266117 0.0
1.08394 -0.268767 0.0
1.09837 -0.269672 0.0
1.11262 -0.268848 0.0
1.12636 -0.266401 0.0
1.13934 -0.262509 0.0
1.15136 -0.257393 0.0
1.1623 -0.251293 0.0
1.17209 -0.244435 0.0
1.18073 -0.237022 0.0
1.18827 -0.229219 0.0
1.19476 -0.221156 0.0
1.20027 -0.212931 0.0
1.2049 -0.204614 0.0
1.20873 -0.196253 0.0
1.21183 -0.18788 0.0
1.21428 -0.179513 0.0
1.21616 -0.171165 0.0
1.21754 -0.162839 0.0
1.21848 -0.154533 0.0
1.21904 -0.146244 0.0
1.21929 -0.137963 0.0
1.21928 -0.129677 0.0
1.21905 -0.121374 0.0
1.21866 -0.113037 0.0
1.21814 -0.104648 0.0
1.21753 -0.0961893 0.0
1.21686 -0.0876412 0.0
1.21615 -0.0789851 0.0
1.2154 -0.0702035 0.0
1.21464 -0.0612809 0.0
1.21385 -0.0522055 0.0
1.21303 -0.0429695 0.0
1.21217 -0.0335717 0.0
1.21123 -0.0240178 0.0
1.21019 -0.0143234 0.0
1.20901 -0.00451404 0.0
1.20766 0.0053868 0.0
1.20609 0.0153597 0.0
1.20428 0.0253719 0.0
1.20217 0.0353822 0.0
1.19975 0.0453434 0.0
1.197 0.0552033 0.0
1.1939 0.0649069 0.0
1.19044 0.0743975 0.0
1.18662 0.0836187 0.0
1.18244 0.0925154 0.0
1.17792 0.101036 0.0
1.17307 0.109131 0.0
1.16792 0.11676 0.0
1.1625 0.123884 0.0
1.15683 0.130473 0.0
1.15095 0.136504 0.0
1.14491 0.14196 0.0
1.13873 0.146831 0.0
1.13247 0.151114 0.0
1.12615 0.154813 0.0
1.11982 0.157936 0.0
1.11351 0.160496 0.0
1.10726 0.162514 0.0
1.1011 0.164011 0.0
1.09506 0.165013 0.0
1.08917 0.165547 0.0
1.08344 0.165645 0.0
1.0779 0.165336 0.0
1.07256 0.164653 0.0
1.06744 0.163627 0.0
1.06255 0.16229 0.0
1.05789 0.160673 0.0
1.05347 0.158806 0.0
1.04929 0.156719 0.0
1.04535 0.154438 0.0
1.04166 0.15199 0.0
1.03821 0.149398 0.0
1.03499 0.146687 0.0
1.03199 0.143876 0.0
1.02922 0.140986 0.0
1.02667 0.138034 0.0
1.02432 0.135035 0.0
1.02216 0.132006 0.0
1.0202 0.128958 0.0
1.01842 0.125904 0.0
1.01681 0.122854 0.0
1.01536 0.119817 0.0
1.01406 0.116802 0.0
1.0129 0.113814 0.0
1.01188 0.110861 0.0
1.01098 0.107947 0.0
1.01021 0.105076 0.0
1.00954 0.102253 0.0
1.00897 0.0994805 0.0
1.00849 0.0967604 0.0
1.0081 0.0940949 0.0
1.00779 0.0914853 0.0
1.00755 0.0889326 0.0
1.00738 0.0864374 0.0
1.00727 0.0839999 0.0
1.00722 0.0816203 0.0
1.00721 0.0792982 0.0
1.00725 0.0770332 0.0
1.00733 0.0748246 0.0
1.00745 0.0726717 0.0
1.00759 0.0705735 0.0
1.00777 0.068529 0.0
1.00796 0.066537 0.0
1.00818 0.0645962 0.0
1.00842 0.0627056 0.0
1.00866 0.0608635 0.0
1.00893 0.0590688 0.0
1.00919 0.05732 0.0
1.00947 0.0556156 0.0
1.00975 0.0539542 0.0
1.01003 0.0523343 0.0
1.01032 0.0507544 0.0
1.0106 0.049213 0.0
1.01087 0.0477087 0.0
1.01115 0.0462399 0.0
1.01141 0.0448051 0.0
1.01167 0.0434027 0.0
1.01192 0.0420314 0.0
1.01216 0.0406895 0.0
1.01238 0.0393755 0.0
1.0126 0.038088 0.0
1.0128 0.0368252 0.0
1.01299 0.0355857 0.0
1.01316 0.0343678 0.0
1.01331 0.03317 0.0
1.01345 0.0319906 0.0
1.01358 0.030828 0.0
1.01368 0.0296805 0.0
1.01377 0.0285463 0.0
1.01384 0.0274238 0.0
1.0139 0.0263111 0.0
1.01393 0.0252064 0.0
1.01394 0.0241079 0.0
1.01394 0.0230137 0.0
1.01392 0.0219219 0.0
1.01388 0.0208306 0.0
1.01382 0.0197378 0.0
1.01374 0.0186417 0.0
1.01365 0.0175404 0.0
1.01354 0.0164321 0.0
1.01342 0.0153149 0.0
1.01329 0.0141874 0.0
1.01314 0.0130481 0.0
1.01299 0.0118959 0.0
1.01284 0.0107298 0.0
1.01268 0.00954973 0.0
1.01253 0.00835576 0.0
1.01239 0.00714891 0.0
1.01226 0.00593113 0.0
1.01214 0.00470552 0.0
1.01205 0.00347719 0.0
1.012 0.00226003 0.0
1.01197 0.00115022 0.0
0.999973 -0.0013435 0.0
0.999866 -0.00403193 0.0
0.999651 -0.00673017 0.0
0.999329 -0.00944668 0.0
0.998901 -0.0121901 0.0
0.998367 -0.0149691 0.0
0.997727 -0.017793 0.0
0.996984 -0.0206712 0.0
0.996137 -0.0236134 0.0
0.995189 -0.0266301 0.0
0.99414 -0.0297322 0.0
0.992994 -0.0329313 0.0
0.991753 -0.0362396 0.0
0.990421 -0.0396703 0.0
0.989001 -0.0432374 0.0
0.987499 -0.0469559 0.0
0.98592 -0.0508418 0.0
0.984273 -0.0549125 0.0
0.982566 -0.0591862 0.0
0.980811 -0.0636828 0.0
0.97902 -0.0684232 0.0
0.97721 -0.0734297 0.0
0.9754 -0.0787261 0.0
0.973613 -0.0843369 0.0
0.971876 -0.0902879 0.0
0.970222 -0.0966054 0.0
0.968689 -0.103316 0.0
0.967322 -0.110445 0.0
0.966176 -0.118017 0.0
0.965312 -0.126054 0.0
0.964803 -0.134573 0.0
0.964729 -0.143584 0.0
0.965186 -0.15309 0.0
0.966277 -0.163077 0.0
0.968119 -0.17352 0.0
0.970834 -0.184368 0.0
0.974554 -0.195547 0.0
0.979411 -0.20695 0.0
0.985528 -0.218433 0.0
0.993019 -0.229815 0.0
1.00196 -0.240868 0.0
1.01241 -0.251328 0.0
1.02433 -0.260896 0.0
1.03764 -0.269252 0.0
1.05215 -0.27608 0.0
1.0676 -0.281097 0.0
1.08362 -0.284086 0.0
1.09977 -0.284935 0.0
1.1156 -0.283661 0.0
1.13068 -0.280412 0.0
1.14464 -0.275445 0.0
1.15724 -0.269076 0.0
1.16833 -0.261634 0.0
1.17787 -0.253422 0.0
1.18588 -0.244696 0.0
1.19246 -0.235658 0.0
1.19772 -0.226457 0.0
1.20177 -0.217198 0.0
1.20474 -0.207951 0.0
1.20676 -0.198761 0.0
1.20795 -0.189655 0.0
1.2084 -0.180647 0.0
1.20823 -0.171742 0.0
1.20754 -0.16294 0.0
1.2064 -0.154236 0.0
1.20491 -0.145619 0.0
1.20315 -0.137076 0.0
1.20119 -0.128591 0.0
1.1991 -0.120146 0.0
1.19695 -0.111717 0.0
1.19478 -0.103281 0.0
1.19264 -0.0948124 0.0
1.19058 -0.0862843 0.0
1.18862 -0.07767 0.0
1.18679 -0.0689437 0.0
1.1851 -0.0600812 0.0
1.18354 -0.0510617 0.0
1.18211 -0.0418687 0.0
1.1808 -0.0324917 0.0
1.17957 -0.0229282 0.0
1.17838 -0.0131861 0.0
1.17719 -0.0032853 0.0
1.17594 0.00675704 0.0
1.17458 0.016916 0.0
1.17306 0.0271549 0.0
1.17134 0.037428 0.0
1.16937 0.0476823 0.0
1.16713 0.0578595 0.0
1.16458 0.0678976 0.0
1.16171 0.0777327 0.0
1.15852 0.0873012 0.0
1.15499 0.0965407 0.0
1.15113 0.105392 0.0
1.14695 0.113801 0.0
1.14247 0.121719 0.0
1.13771 0.129105 0.0
1.13271 0.135923 0.0
1.12749 0.142147 0.0
1.1221 0.147758 0.0
1.11656 0.152745 0.0
1.11092 0.157105 0.0
1.10522 0.160842 0.0
1.09949 0.163965 0.0
1.09378 0.16649 0.0
1.08811 0.168439 0.0
1.08252 0.169837 0.0
1.07703 0.170711 0.0
1.07168 0.171094 0.0
1.06649 0.171019 0.0
1.06147 0.170519 0.0
1.05665 0.16963 0.0
1.05204 0.168386 0.0
1.04764 0.166823 0.0
1.04346 0.164973 0.0
1.03952 0.16287 0.0
1.03581 0.160545 0.0
1.03233 0.158026 0.0
1.02908 0.155343 0.0
1.02606 0.15252 0.0
1.02326 0.149583 0.0
1.02068 0.146552 0.0
1.01831 0.143449 0.0
1.01614 0.140292 0.0
1.01417 0.137097 0.0
1.01239 0.133879 0.0
1.01079 0.130653 0.0
1.00935 0.127429 0.0
1.00807 0.124218 0.0
1.00695 0.12103 0.0
1.00596 0.117872 0.0
1.00511 0.114751 0.0
1.00438 0.111673 0.0
1.00377 0.108643 0.0
1.00326 0.105665 0.0
1.00285 0.102742 0.0
1.00253 0.0998771 0.0
1.0023 0.097072 0.0
1.00215 0.0943285 0.0
1.00206 0.0916474 0.0
1.00204 0.0890296 0.0
1.00207 0.0864752 0.0
1.00216 0.0839842 0.0
1.0023 0.0815564 0.0
1.00247 0.079191 0.0
1.00268 0.0768875 0.0
1.00293 0.0746449 0.0
1.00321 0.0724621 0.0
1.0035 0.0703379 0.0
1.00382 0.068271 0.0
1.00416 0.06626 0.0
1.00451 0.0643035 0.0
1.00488 0.0624001 0.0
1.00525 0.0605481 0.0
1.00563 0.0587459 0.0
1.00601 0.0569921 0.0
1.00639 0.055285 0.0
1.00677 0.053623 0.0
1.00715 0.0520044 0.0
1.00752 0.0504276 0.0
1.00789 0.048891 0.0
1.00825 0.0473931 0.0
1.0086 0.0459321 0.0
1.00894 0.0445064 0.0
1.00927 0.0431145 0.0
1.00959 0.0417548 0.0
1.00989 0.0404256 0.0
1.01018 0.0391252 0.0
1.01045 0.0378522 0.0
1.0107 0.0366048 0.0
1.01094 0.0353815 0.0
1.01116 0.0341805 0.0
1.01136 0.0330003 0.0
1.01154 0.031839 0.0
1.0117 0.030695 0.0
1.01184 0.0295666 0.0
1.01196 0.0284519 0.0
1.01206 0.0273491 0.0
1.01213 0.0262565 0.0
1.01219 0.0251719 0.0
1.01222 0.0240936 0.0
1.01224 0.0230196 0.0
1.01223 0.0219477 0.0
1.0122 0.020876 0.0
1.01214 0.0198023 0.0
1.01207 0.0187245 0.0
1.01198 0.0176406 0.0
1.01187 0.0165483 0.0
1.01175 0.0154456 0.0
1.01161 0.0143306 0.0
1.01145 0.0132013 0.0
1.01129 0.0120562 0.0
1.01112 0.0108939 0.0
1.01095 0.00971345 0.0
1.01078 0.00851448 0.0
1.01061 0.00729736 0.0
1.01046 0.00606346 0.0
1.01033 0.0048154 0.0
1.01023 0.00355805 0.0
1.01016 0.00230565 0.0
1.01013 0.00115861 0.0
0.999971 -0.00128758 0.0
0.999855 -0.00386429 0.0
0.999622 -0.00645102 0.0
0.999274 -0.00905629 0.0
0.99881 -0.0116888 0.0
0.998231 -0.0143575 0.0
0.997537 -0.0170717 0.0
0.996729 -0.0198408 0.0
0.995807 -0.0226751 0.0
0.994772 -0.0255852 0.0
0.993625 -0.0285823 0.0
0.992368 -0.0316784 0.0
0.991003 -0.0348864 0.0
0.989531 -0.03822 0.0
0.987957 -0.0416939 0.0
0.986284 -0.0453242 0.0
0.984517 -0.0491281 0.0
0.982662 -0.0531242 0.0
0.980727 -0.0573326 0.0
0.97872 -0.0617752 0.0
0.976655 -0.0664753 0.0
0.974546 -0.0714582 0.0
0.972409 -0.0767511 0.0
0.970267 -0.0823827 0.0
0.968145 -0.0883838 0.0
0.966076 -0.0947863 0.0
0.964097 -0.101623 0.0
0.962255 -0.108929 0.0
0.960603 -0.116736 0.0
0.959208 -0.125076 0.0
0.958146 -0.133979 0.0
0.957506 -0.143466 0.0
0.957394 -0.153552 0.0
0.957927 -0.16424 0.0
0.959241 -0.175513 0.0
0.961485 -0.187334 0.0
0.96482 -0.199635 0.0
0.969413 -0.212311 0.0
0.975433 -0.22521 0.0
0.983037 -0.238132 0.0
0.992355 -0.250815 0.0
1.00347 -0.262942 0.0
1.01641 -0.274137 0.0
1.03107 -0.283986 0.0
1.04727 -0.29206 0.0
1.06466 -0.297952 0.0
1.08275 -0.301336 0.0
1.10093 -0.302026 0.0
1.11856 -0.300029 0.0
1.135 -0.295564 0.0
1.14976 -0.289019 0.0
1.16252 -0.280859 0.0
1.17314 -0.271555 0.0
1.18161 -0.261516 0.0
1.18806 -0.25107 0.0
1.19266 -0.240458 0.0
1.19559 -0.229845 0.0
1.19707 -0.219338 0.0
1.19728 -0.208999 0.0
1.19641 -0.198864 0.0
1.19462 -0.188948 0.0
1.19207 -0.179256 0.0
1.18889 -0.169784 0.0
1.18521 -0.160525 0.0
1.18116 -0.151465 0.0
1.17684 -0.142587 0.0
1.17237 -0.133873 0.0
1.16783 -0.125298 0.0
1.16332 -0.116835 0.0
1.1589 -0.108455 0.0
1.15465 -0.100125 0.0
1.15063 -0.0918108 0.0
1.14688 -0.0834756 0.0
1.14344 -0.0750831 0.0
1.14034 -0.0665969 0.0
1.13759 -0.0579822 0.0
1.13519 -0.0492069 0.0
1.13314 -0.0402433 0.0
1.1314 -0.0310691 0.0
1.12995 -0.0216702 0.0
1.12874 -0.0120424 0.0
1.12769 -0.00219478 0.0
1.12675 0.00785875 0.0
1.12584 0.0180875 0.0
1.12489 0.0284501 0.0
1.12385 0.0388957 0.0
1.12267 0.0493654 0.0
1.12129 0.0597943 0.0
1.11969 0.070113 0.0
1.11782 0.0802498 0.0
1.11567 0.0901329 0.0
1.11322 0.0996916 0.0
1.11046 0.108859 0.0
1.1074 0.117574 0.0
1.10405 0.12578 0.0
1.10042 0.133429 0.0
1.09653 0.140483 0.0
1.09242 0.146911 0.0
1.08812 0.15269 0.0
1.08366 0.157808 0.0
1.07908 0.162261 0.0
1.07442 0.166053 0.0
1.0697 0.169194 0.0
1.06498 0.171702 0.0
1.06027 0.1736 0.0
1.05562 0.174916 0.0
1.05106 0.175681 0.0
1.0466 0.17593 0.0
1.04228 0.175698 0.0
1.03811 0.175024 0.0
1.03411 0.173946 0.0
1.03029 0.172502 0.0
1.02667 0.170728 0.0
1.02325 0.168663 0.0
1.02004 0.166339 0.0
1.01703 0.163792 0.0
1.01424 0.161053 0.0
1.01165 0.15815 0.0
1.00927 0.155113 0.0
1.0071 0.151965 0.0
1.00512 0.14873 0.0
1.00333 0.14543 0.0
1.00172 0.142083 0.0
1.00029 0.138707 0.0
0.999022 0.135317 0.0
0.997916 0.131927 0.0
0.99696 0.128548 0.0
0.996145 0.125191 0.0
0.995463 0.121866 0.0
0.994904 0.11858 0.0
0.994461 0.115339 0.0
0.994125 0.11215 0.0
0.993888 0.109017 0.0
0.993743 0.105944 0.0
0.993681 0.102933 0.0
0.993696 0.0999877 0.0
0.993781 0.0971093 0.0
0.993929 0.0942989 0.0
0.994135 0.0915574 0.0
0.994391 0.0888849 0.0
0.994694 0.0862815 0.0
0.995037 0.0837468 0.0
0.995416 0.0812802 0.0
0.995825 0.0788807 0.0
0.996262 0.0765475 0.0
0.996721 0.0742793 0.0
0.9972 0.0720747 0.0
0.997693 0.0699322 0.0
0.998199 0.0678505 0.0
0.998714 0.0658278 0.0
0.999236 0.0638625 0.0
0.99976 0.061953 0.0
1.00029 0.0600974 0.0
1.00081 0.058294 0.0
1.00133 0.0565411 0.0
1.00185 0.054837 0.0
1.00236 0.0531798 0.0
1.00286 0.0515678 0.0
1.00335 0.0499992 0.0
1.00383 0.0484723 0.0
1.0043 0.0469855 0.0
1.00475 0.0455368 0.0
1.00518 0.0441248 0.0
1.0056 0.0427475 0.0
1.006 0.0414035 0.0
1.00639 0.0400909 0.0
1.00675 0.038808 0.0
1.0071 0.0375533 0.0
1.00742 0.036325 0.0
1.00772 0.0351214 0.0
1.008 0.0339409 0.0
1.00826 0.0327816 0.0
1.0085 0.0316418 0.0
1.00871 0.0305198 0.0
1.0089 0.0294137 0.0
1.00906 0.0283217 0.0
1.0092 0.027242 0.0
1.00931 0.0261725 0.0
1.0094 0.0251113 0.0
1.00946 0.0240565 0.0
1.0095 0.0230058 0.0
1.00952 0.0219571 0.0
1.00951 0.0209082 0.0
1.00947 0.0198569 0.0
1.00941 0.0188007 0.0
1.00933 0.0177374 0.0
1.00922 0.0166644 0.0
1.0091 0.0155795 0.0
1.00896 0.0144801 0.0
1.0088 0.0133639 0.0
1.00863 0.0122288 0.0
1.00845 0.0110726 0.0
1.00826 0.00989383 0.0
1.00807 0.00869119 0.0
1.00789 0.00746425 0.0
1.00772 0.00621349 0.0
1.00758 0.00494078 0.0
1.00746 0.00365039 0.0
1.00739 0.00235665 0.0
1.00736 0.00116483 0.0
0.999969 -0.00122728 0.0
0.999844 -0.00368351 0.0
0.999594 -0.00614985 0.0
0.999219 -0.00863486 0.0
0.998719 -0.0111473 0.0
0.998095 -0.013696 0.0
0.997346 -0.0162904 0.0
0.996472 -0.0189402 0.0
0.995474 -0.0216556 0.0
0.994351 -0.0244474 0.0
0.993105 -0.0273271 0.0
0.991735 -0.030307 0.0
0.990242 -0.0334004 0.0
0.988629 -0.0366216 0.0
0.986897 -0.0399859 0.0
0.985048 -0.0435103 0.0
0.983086 -0.047213 0.0
0.981015 -0.0511138 0.0
0.978841 -0.0552345 0.0
0.976573 -0.0595989 0.0
0.974219 -0.0642327 0.0
0.971791 -0.069164 0.0
0.969306 -0.0744236 0.0
0.966782 -0.0800445 0.0
0.964244 -0.0860624 0.0
0.961721 -0.0925155 0.0
0.95925 -0.0994443 0.0
0.956875 -0.106891 0.0
0.954652 -0.1149 0.0
0.952648 -0.123513 0.0
0.950942 -0.132774 0.0
0.94963 -0.14272 0.0
0.948826 -0.153383 0.0
0.948665 -0.164782 0.0
0.949299 -0.17692 0.0
0.950906 -0.189778 0.0
0.95368 -0.203301 0.0
0.957835 -0.217393 0.0
0.963591 -0.231904 0.0
0.971166 -0.246618 0.0
0.980758 -0.26124 0.0
0.992517 -0.275394 0.0
1.00651 -0.288614 0.0
1.0227 -0.300361 0.0
1.04086 -0.310041 0.0
1.06056 -0.317059 0.0
1.08114 -0.320896 0.0
1.10171 -0.321223 0.0
1.12127 -0.318024 0.0
1.13891 -0.311646 0.0
1.15392 -0.30271 0.0
1.16594 -0.291945 0.0
1.17489 -0.280034 0.0
1.18091 -0.267538 0.0
1.18428 -0.254867 0.0
1.18532 -0.242295 0.0
1.18436 -0.229991 0.0
1.18174 -0.218043 0.0
1.17773 -0.206495 0.0
1.17259 -0.195358 0.0
1.16655 -0.184627 0.0
1.15982 -0.174288 0.0
1.15257 -0.164324 0.0
1.14498 -0.154713 0.0
1.13718 -0.14543 0.0
1.12932 -0.136449 0.0
1.12152 -0.127739 0.0
1.1139 -0.119265 0.0
1.10654 -0.110992 0.0
1.09953 -0.102878 0.0
1.09296 -0.0948796 0.0
1.08687 -0.0869513 0.0
1.08133 -0.0790452 0.0
1.07637 -0.0711128 0.0
1.07201 -0.0631056 0.0
1.06826 -0.0549762 0.0
1.06513 -0.0466798 0.0
1.06259 -0.0381752 0.0
1.06061 -0.0294266 0.0
1.05915 -0.0204052 0.0
1.05815 -0.011091 0.0
1.05752 -0.00147676 0.0
1.05718 0.00842295 0.0
1.05705 0.0185717 0.0
1.05704 0.0289235 0.0
1.05708 0.0394226 0.0
1.05709 0.0500045 0.0
1.05703 0.0605972 0.0
1.05682 0.0711238 0.0
1.05642 0.0815038 0.0
1.05579 0.0916563 0.0
1.05491 0.101501 0.0
1.05375 0.110963 0.0
1.05231 0.119971 0.0
1.05059 0.128461 0.0
1.04859 0.136379 0.0
1.04633 0.143678 0.0
1.04382 0.150324 0.0
1.04111 0.156291 0.0
1.03821 0.161563 0.0
1.03517 0.166134 0.0
1.03201 0.170007 0.0
1.02877 0.173195 0.0
1.02548 0.175715 0.0
1.02218 0.177592 0.0
1.01889 0.178857 0.0
1.01565 0.179543 0.0
1.01249 0.179689 0.0
1.00942 0.179333 0.0
1.00646 0.178516 0.0
1.00364 0.177279 0.0
1.00096 0.175664 0.0
0.998434 0.173711 0.0
0.996075 0.171459 0.0
0.993886 0.168945 0.0
0.991871 0.166206 0.0
0.99003 0.163274 0.0
0.988364 0.160181 0.0
0.986868 0.156956 0.0
0.985542 0.153625 0.0
0.984378 0.150213 0.0
0.983373 0.146742 0.0
0.98252 0.143232 0.0
0.981811 0.139699 0.0
0.98124 0.136161 0.0
0.980798 0.13263 0.0
0.980479 0.129119 0.0
0.980274 0.125639 0.0
0.980176 0.122198 0.0
0.980177 0.118805 0.0
0.980268 0.115465 0.0
0.980444 0.112184 0.0
0.980696 0.108967 0.0
0.981018 0.105817 0.0
0.981403 0.102736 0.0
0.981845 0.0997274 0.0
0.982337 0.0967918 0.0
0.982875 0.0939303 0.0
0.983452 0.0911431 0.0
0.984064 0.0884304 0.0
0.984705 0.0857917 0.0
0.985372 0.0832264 0.0
0.98606 0.0807337 0.0
0.986765 0.0783122 0.0
0.987483 0.0759609 0.0
0.988212 0.0736781 0.0
0.988947 0.0714623 0.0
0.989685 0.0693118 0.0
0.990425 0.0672249 0.0
0.991164 0.0651998 0.0
0.991898 0.0632346 0.0
0.992626 0.0613274 0.0
0.993347 0.0594763 0.0
0.994057 0.0576795 0.0
0.994756 0.055935 0.0
0.995441 0.0542409 0.0
0.996112 0.0525954 0.0
0.996766 0.0509965 0.0
0.997404 0.0494424 0.0
0.998023 0.0479312 0.0
0.998622 0.0464612 0.0
0.999201 0.0450304 0.0
0.999758 0.0436373 0.0
1.00029 0.0422798 0.0
1.00081 0.0409564 0.0
1.00129 0.0396652 0.0
1.00176 0.0384045 0.0
1.0022 0.0371726 0.0
1.00261 0.0359677 0.0
1.003 0.034788 0.0
1.00336 0.0336319 0.0
1.0037 0.0324976 0.0
1.004 0.0313832 0.0
1.00428 0.030287 0.0
1.00454 0.029207 0.0
1.00476 0.0281415 0.0
1.00495 0.0270885 0.0
1.00512 0.0260459 0.0
1.00526 0.0250118 0.0
1.00536 0.023984 0.0
1.00544 0.0229603 0.0
1.00549 0.0219385 0.0
1.00552 0.0209162 0.0
1.00551 0.019891 0.0
1.00547 0.0188603 0.0
1.00541 0.0178215 0.0
1.00532 0.0167718 0.0
1.00521 0.0157085 0.0
1.00508 0.0146286 0.0
1.00492 0.0135293 0.0
1.00475 0.0124077 0.0
1.00456 0.0112611 0.0
1.00437 0.0100869 0.0
1.00417 0.00888284 0.0
1.00397 0.00764743 0.0
1.00379 0.00637995 0.0
1.00363 0.00508106 0.0
1.0035 0.00375395 0.0
1.00342 0.00241264 0.0
1.00339 0.0011678 0.0
0.999967 -0.0011626 0.0
0.999833 -0.00348957 0.0
0.999565 -0.00582666 0.0
0.999164 -0.00818235 0.0
0.998629 -0.0105653 0.0
0.997959 -0.0129845 0.0
0.997155 -0.0154491 0.0
0.996216 -0.0179689 0.0
0.995141 -0.0205541 0.0
0.99393 -0.0232157 0.0
0.992583 -0.0259653 0.0
0.9911 -0.0288154 0.0
0.989479 -0.0317795 0.0
0.987722 -0.0348723 0.0
0.985829 -0.0381098 0.0
0.983801 -0.0415094 0.0
0.981639 -0.0450904 0.0
0.979347 -0.0488736 0.0
0.976927 -0.0528823 0.0
0.974386 -0.0571418 0.0
0.971731 -0.0616803 0.0
0.96897 -0.0665287 0.0
0.966117 -0.0717208 0.0
0.963187 -0.0772941 0.0
0.960202 -0.0832895 0.0
0.957188 -0.0897514 0.0
0.954179 -0.096728 0.0
0.951217 -0.104271 0.0
0.948355 -0.112435 0.0
0.945659 -0.121278 0.0
0.943212 -0.130856 0.0
0.941112 -0.141227 0.0
0.939481 -0.152442 0.0
0.938467 -0.164546 0.0
0.938242 -0.177566 0.0
0.93901 -0.191508 0.0
0.941006 -0.206342 0.0
0.944492 -0.221994 0.0
0.949755 -0.238323 0.0
0.95709 -0.25511 0.0
0.966785 -0.272035 0.0
0.979087 -0.28866 0.0
0.994157 -0.304416 0.0
1.01201 -0.3186 0.0
1.03244 -0.330385 0.0
1.05489 -0.338871 0.0
1.07843 -0.343198 0.0
1.1017 -0.342762 0.0
1.12314 -0.337491 0.0
1.14133 -0.32801 0.0
1.15538 -0.315401 0.0
1.16494 -0.300837 0.0
1.17017 -0.285327 0.0
1.17152 -0.269616 0.0
1.16955 -0.254187 0.0
1.16485 -0.239314 0.0
1.15796 -0.225129 0.0
1.14936 -0.211673 0.0
1.13944 -0.198938 0.0
1.12856 -0.186892 0.0
1.11699 -0.175493 0.0
1.105 -0.164698 0.0
1.0928 -0.154464 0.0
1.08057 -0.144749 0.0
1.06848 -0.135512 0.0
1.05668 -0.126709 0.0
1.0453 -0.118296 0.0
1.03444 -0.110223 0.0
1.02421 -0.102441 0.0
1.01468 -0.0948953 0.0
1.00592 -0.0875292 0.0
0.997986 -0.0802838 0.0
0.990913 -0.0730983 0.0
0.984726 -0.065911 0.0
0.979439 -0.0586601 0.0
0.975049 -0.0512848 0.0
0.97154 -0.0437269 0.0
0.968885 -0.0359314 0.0
0.96704 -0.0278483 0.0
0.965947 -0.0194331 0.0
0.965534 -0.0106487 0.0
0.965709 -0.00146836 0.0
0.966369 0.00809187 0.0
0.967415 0.0179905 0.0
0.968752 0.0281782 0.0
0.970287 0.0385951 0.0
0.97193 0.0491711 0.0
0.973602 0.0598273 0.0
0.975226 0.0704782 0.0
0.976739 0.081034 0.0
0.978088 0.0914033 0.0
0.979227 0.101496 0.0
0.980127 0.111225 0.0
0.980764 0.120511 0.0
0.98113 0.12928 0.0
0.981221 0.137469 0.0
0.981045 0.145025 0.0
0.980617 0.151907 0.0
0.979956 0.158083 0.0
0.979086 0.163536 0.0
0.978036 0.168256 0.0
0.976837 0.172246 0.0
0.975518 0.175517 0.0
0.974112 0.178087 0.0
0.972648 0.179985 0.0
0.971156 0.18124 0.0
0.969663 0.181891 0.0
0.968192 0.181977 0.0
0.966767 0.18154 0.0
0.965406 0.180625 0.0
0.964126 0.179275 0.0
0.96294 0.177534 0.0
0.961859 0.175445 0.0
0.960892 0.17305 0.0
0.960045 0.17039 0.0
0.959321 0.167501 0.0
0.958722 0.164418 0.0
0.958249 0.161176 0.0
0.957901 0.157804 0.0
0.957675 0.15433 0.0
0.957567 0.150779 0.0
0.957573 0.147175 0.0
0.957688 0.143537 0.0
0.957907 0.139884 0.0
0.958223 0.136231 0.0
0.95863 0.132593 0.0
0.959122 0.128983 0.0
0.959693 0.12541 0.0
0.960335 0.121883 0.0
0.961043 0.118411 0.0
0.96181 0.115 0.0
0.96263 0.111654 0.0
0.963497 0.108378 0.0
0.964406 0.105175 0.0
0.965351 0.102048 0.0
0.966327 0.0989978 0.0
0.96733 0.0960264 0.0
0.968353 0.093134 0.0
0.969395 0.0903208 0.0
0.970449 0.0875864 0.0
0.971512 0.0849303 0.0
0.972582 0.0823514 0.0
0.973653 0.0798487 0.0
0.974725 0.0774208 0.0
0.975793 0.075066 0.0
0.976854 0.0727827 0.0
0.977908 0.0705691 0.0
0.97895 0.0684234 0.0
0.97998 0.0663435 0.0
0.980995 0.0643275 0.0
0.981994 0.0623734 0.0
0.982974 0.0604792 0.0
0.983936 0.0586427 0.0
0.984876 0.056862 0.0
0.985795 0.055135 0.0
0.98669 0.0534598 0.0
0.987561 0.0518342 0.0
0.988408 0.0502564 0.0
0.989228 0.0487243 0.0
0.990022 0.0472362 0.0
0.990789 0.0457899 0.0
0.991527 0.0443838 0.0
0.992238 0.0430159 0.0
0.992919 0.0416844 0.0
0.993571 0.0403874 0.0
0.994193 0.0391233 0.0
0.994784 0.0378902 0.0
0.995345 0.0366863 0.0
0.995875 0.0355098 0.0
0.996373 0.0343591 0.0
0.99684 0.0332322 0.0
0.997275 0.0321275 0.0
0.997678 0.031043 0.0
0.998048 0.029977 0.0
0.998386 0.0289275 0.0
0.99869 0.0278927 0.0
0.998962 0.0268706 0.0
0.9992 0.0258591 0.0
0.999406 0.0248562 0.0
0.999577 0.0238596 0.0
0.999715 0.0228672 0.0
0.99982 0.0218764 0.0
0.999892 0.020885 0.0
0.999931 0.0198902 0.0
0.999937 0.0188893 0.0
0.999912 0.0178794 0.0
0.999855 0.0168575 0.0
0.99977 0.0158204 0.0
0.999656 0.0147647 0.0
0.999518 0.013687 0.0
0.999357 0.0125835 0.0
0.999177 0.0114508 0.0
0.998984 0.0102852 0.0
0.998783 0.00908324 0.0
0.998582 0.007842 0.0
0.998391 0.00655918 0.0
0.998219 0.00523372 0.0
0.998082 0.00386711 0.0
0.997992 0.00247243 0.0
0.997963 0.00116619 0.0
0.999964 -0.00109359 0.0
0.999822 -0.00328258 0.0
0.999537 -0.0054816 0.0
0.99911 -0.00769897 0.0
0.998539 -0.00994321 0.0
0.997825 -0.0122231 0.0
0.996966 -0.0145479 0.0
0.995962 -0.0169271 0.0
0.994812 -0.0193709 0.0
0.993513 -0.0218903 0.0
0.992066 -0.0244968 0.0
0.990469 -0.0272031 0.0
0.98872 -0.0300228 0.0
0.986819 -0.0329708 0.0
0.984764 -0.0360634 0.0
0.982555 -0.0393186 0.0
0.980191 -0.0427562 0.0
0.977673 -0.0463981 0.0
0.975003 -0.0502685 0.0
0.972183 -0.0543945 0.0
0.969216 -0.0588059 0.0
0.96611 -0.0635363 0.0
0.962872 -0.0686227 0.0
0.959516 -0.0741064 0.0
0.956057 -0.0800334 0.0
0.952517 -0.0864544 0.0
0.948927 -0.0934255 0.0
0.945323 -0.101008 0.0
0.941756 -0.109269 0.0
0.938287 -0.11828 0.0
0.934996 -0.128116 0.0
0.931985 -0.138856 0.0
0.929379 -0.150577 0.0
0.927333 -0.163352 0.0
0.92604 -0.177242 0.0
0.92573 -0.19229 0.0
0.926677 -0.208503 0.0
0.9292 -0.225842 0.0
0.933659 -0.244197 0.0
0.940448 -0.263361 0.0
0.949971 -0.283003 0.0
0.962612 -0.302634 0.0
0.978673 -0.321573 0.0
0.998285 -0.33891 0.0
1.02127 -0.353482 0.0
1.04693 -0.363893 0.0
1.07389 -0.368675 0.0
1.10002 -0.366685 0.0
1.12278 -0.357758 0.0
1.14001 -0.343176 0.0
1.15068 -0.324945 0.0
1.1548 -0.304978 0.0
1.1531 -0.284715 0.0
1.14658 -0.265061 0.0
1.1363 -0.246498 0.0
1.12321 -0.229214 0.0
1.1081 -0.21323 0.0
1.09161 -0.19848 0.0
1.07426 -0.184862 0.0
1.05645 -0.172271 0.0
1.0385 -0.160607 0.0
1.02069 -0.149781 0.0
1.00323 -0.139716 0.0
0.986306 -0.130341 0.0
0.970062 -0.12159 0.0
0.954628 -0.113398 0.0
0.940106 -0.105701 0.0
0.926579 -0.0984353 0.0
0.914116 -0.091533 0.0
0.902768 -0.084926 0.0
0.892571 -0.0785435 0.0
0.88355 -0.0723132 0.0
0.875715 -0.0661612 0.0
0.869066 -0.0600129 0.0
0.863589 -0.053794 0.0
0.859259 -0.0474312 0.0
0.85604 -0.0408536 0.0
0.853884 -0.0339938 0.0
0.852733 -0.0267891 0.0
0.852515 -0.0191822 0.0
0.85315 -0.0111215 0.0
0.854544 -0.00256446 0.0
0.856591 0.00648046 0.0
0.859179 0.0159668 0.0
0.8622 0.0258439 0.0
0.865546 0.0360487 0.0
0.869114 0.0465056 0.0
0.872807 0.0571281 0.0
0.876539 0.0678214 0.0
0.880231 0.0784851 0.0
0.883818 0.0890164 0.0
0.887247 0.0993138 0.0
0.890476 0.109279 0.0
0.893475 0.118821 0.0
0.896223 0.127856 0.0
0.898711 0.136313 0.0
0.900938 0.14413 0.0
0.902911 0.151258 0.0
0.904642 0.157662 0.0
0.90615 0.163319 0.0
0.907456 0.168217 0.0
0.908584 0.172356 0.0
0.90956 0.175748 0.0
0.91041 0.178412 0.0
0.91116 0.180374 0.0
0.911836 0.181668 0.0
0.91246 0.182333 0.0
0.913054 0.182411 0.0
0.913638 0.181947 0.0
0.91423 0.180987 0.0
0.914843 0.179579 0.0
0.91549 0.177767 0.0
0.916183 0.175599 0.0
0.916927 0.173118 0.0
0.917731 0.170366 0.0
0.918597 0.167382 0.0
0.919528 0.164204 0.0
0.920525 0.160866 0.0
0.921588 0.157399 0.0
0.922716 0.153833 0.0
0.923906 0.150194 0.0
0.925156 0.146505 0.0
0.926461 0.142786 0.0
0.927818 0.139058 0.0
0.929222 0.135336 0.0
0.93067 0.131634 0.0
0.932155 0.127964 0.0
0.933674 0.124338 0.0
0.935222 0.120764 0.0
0.936794 0.11725 0.0
0.938386 0.113802 0.0
0.939992 0.110425 0.0
0.941609 0.107122 0.0
0.943234 0.103897 0.0
0.944861 0.100753 0.0
0.946487 0.0976898 0.0
0.94811 0.0947094 0.0
0.949725 0.0918117 0.0
0.951329 0.0889968 0.0
0.952921 0.086264 0.0
0.954498 0.0836125 0.0
0.956056 0.0810412 0.0
0.957594 0.0785485 0.0
0.959111 0.0761331 0.0
0.960603 0.073793 0.0
0.96207 0.0715265 0.0
0.963511 0.0693315 0.0
0.964923 0.0672061 0.0
0.966305 0.0651481 0.0
0.967657 0.0631554 0.0
0.968978 0.0612259 0.0
0.970267 0.0593573 0.0
0.971522 0.0575476 0.0
0.972744 0.0557946 0.0
0.973931 0.0540962 0.0
0.975084 0.0524502 0.0
0.976201 0.0508546 0.0
0.977283 0.0493074 0.0
0.97833 0.0478065 0.0
0.97934 0.0463499 0.0
0.980313 0.0449357 0.0
0.98125 0.0435621 0.0
0.98215 0.0422269 0.0
0.983013 0.0409285 0.0
0.98384 0.039665 0.0
0.984629 0.0384346 0.0
0.98538 0.0372353 0.0
0.986095 0.0360656 0.0
0.986772 0.0349235 0.0
0.987411 0.0338072 0.0
0.988013 0.0327151 0.0
0.988577 0.0316452 0.0
0.989104 0.0305958 0.0
0.989593 0.029565 0.0
0.990043 0.0285509 0.0
0.990456 0.0275516 0.0
0.990831 0.0265651 0.0
0.991167 0.0255894 0.0
0.991465 0.0246223 0.0
0.991725 0.0236616 0.0
0.991946 0.0227051 0.0
0.99213 0.0217501 0.0
0.992275 0.0207943 0.0
0.992382 0.0198347 0.0
0.992452 0.0188686 0.0
0.992484 0.0178927 0.0
0.992481 0.0169037 0.0
0.992442 0.0158981 0.0
0.99237 0.014872 0.0
0.992267 0.0138213 0.0
0.992135 0.0127417 0.0
0.991979 0.0116284 0.0
0.991803 0.0104767 0.0
0.991613 0.00928189 0.0
0.991418 0.0080391 0.0
0.991227 0.00674407 0.0
0.991054 0.00539344 0.0
0.990912 0.00398623 0.0
0.990821 0.0025337 0.0
0.990796 0.00115837 0.0
0.999962 -0.00102032 0.0
0.999811 -0.00306278 0.0
0.99951 -0.00511506 0.0
0.999057 -0.00718526 0.0
0.998451 -0.00928165 0.0
0.997694 -0.0114128 0.0
0.996781 -0.0135877 0.0
0.995714 -0.0158158 0.0
0.994489 -0.018107 0.0
0.993104 -0.020472 0.0
0.991559 -0.0229225 0.0
0.989849 -0.0254709 0.0
0.987974 -0.0281308 0.0
0.985929 -0.0309171 0.0
0.983713 -0.0338464 0.0
0.981323 -0.0369369 0.0
0.978757 -0.0402086 0.0
0.976013 -0.0436842 0.0
0.973089 -0.0473887 0.0
0.969985 -0.0513502 0.0
0.966702 -0.0556004 0.0
0.963241 -0.0601746 0.0
0.959607 -0.0651128 0.0
0.955807 -0.0704599 0.0
0.951852 -0.0762663 0.0
0.947758 -0.0825889 0.0
0.943548 -0.0894912 0.0
0.939254 -0.0970445 0.0
0.934917 -0.105328 0.0
0.930593 -0.114428 0.0
0.926357 -0.124441 0.0
0.922307 -0.135469 0.0
0.918566 -0.147618 0.0
0.915296 -0.160996 0.0
0.9127 -0.175708 0.0
0.91103 -0.191844 0.0
0.9106 -0.209465 0.0
0.911785 -0.228588 0.0
0.915031 -0.249155 0.0
0.920843 -0.271003 0.0
0.929775 -0.293817 0.0
0.94239 -0.317078 0.0
0.959195 -0.339995 0.0
0.980506 -0.36141 0.0
1.00622 -0.379674 0.0
1.03544 -0.392593 0.0
1.06612 -0.397619 0.0
1.09482 -0.392569 0.0
1.11731 -0.377112 0.0
1.13044 -0.354195 0.0
1.13348 -0.327631 0.0
1.12748 -0.300421 0.0
1.11432 -0.274403 0.0
1.09594 -0.250473 0.0
1.07404 -0.228908 0.0
1.04997 -0.209645 0.0
1.02475 -0.192474 0.0
0.999146 -0.17714 0.0
0.973694 -0.163396 0.0
0.948796 -0.151026 0.0
0.92474 -0.139851 0.0
0.901735 -0.129722 0.0
0.879935 -0.120516 0.0
0.859448 -0.112128 0.0
0.840352 -0.104464 0.0
0.822699 -0.0974365 0.0
0.806522 -0.090963 0.0
0.791837 -0.0849626 0.0
0.778649 -0.079355 0.0
0.766952 -0.0740594 0.0
0.756733 -0.068994 0.0
0.747967 -0.0640761 0.0
0.740625 -0.0592218 0.0
0.734669 -0.0543467 0.0
0.730052 -0.0493665 0.0
0.726721 -0.0441986 0.0
0.724616 -0.0387625 0.0
0.723668 -0.0329819 0.0
0.723804 -0.0267854 0.0
0.724943 -0.0201079 0.0
0.727003 -0.0128905 0.0
0.729898 -0.00508457 0.0
0.733531 0.00331951 0.0
0.737795 0.0122761 0.0
0.742573 0.0217346 0.0
0.747756 0.0316291 0.0
0.753235 0.0418785 0.0
0.758908 0.0523878 0.0
0.764687 0.0630517 0.0
0.770491 0.0737583 0.0
0.776253 0.0843933 0.0
0.781918 0.094843 0.0
0.78744 0.104998 0.0
0.792786 0.114757 0.0
0.79793 0.124027 0.0
0.802858 0.132726 0.0
0.807561 0.140786 0.0
0.812039 0.148151 0.0
0.816296 0.154781 0.0
0.820341 0.160647 0.0
0.824188 0.165736 0.0
0.827853 0.170045 0.0
0.831352 0.173584 0.0
0.834705 0.176372 0.0
0.83793 0.178437 0.0
0.841044 0.179814 0.0
0.844066 0.180541 0.0
0.847011 0.180663 0.0
0.849895 0.180227 0.0
0.85273 0.179281 0.0
0.855527 0.177874 0.0
0.858297 0.176054 0.0
0.861047 0.17387 0.0
0.863784 0.171366 0.0
0.866513 0.168586 0.0
0.869237 0.165572 0.0
0.871959 0.162361 0.0
0.87468 0.15899 0.0
0.877399 0.155491 0.0
0.880118 0.151894 0.0
0.882834 0.148226 0.0
0.885546 0.14451 0.0
0.888253 0.140769 0.0
0.890951 0.13702 0.0
0.893638 0.133282 0.0
0.896311 0.129567 0.0
0.898968 0.125888 0.0
0.901606 0.122257 0.0
0.904222 0.118682 0.0
0.906814 0.115169 0.0
0.909378 0.111727 0.0
0.911913 0.108358 0.0
0.914416 0.105068 0.0
0.916885 0.101858 0.0
0.919318 0.0987316 0.0
0.921713 0.0956892 0.0
0.924069 0.0927318 0.0
0.926383 0.0898595 0.0
0.928655 0.087072 0.0
0.930883 0.0843685 0.0
0.933067 0.0817479 0.0
0.935205 0.0792091 0.0
0.937296 0.0767504 0.0
0.939341 0.0743701 0.0
0.941338 0.0720663 0.0
0.943287 0.069837 0.0
0.945187 0.0676801 0.0
0.947039 0.0655934 0.0
0.948842 0.0635748 0.0
0.950597 0.061622 0.0
0.952302 0.0597329 0.0
0.953959 0.0579051 0.0
0.955566 0.0561364 0.0
0.957126 0.0544246 0.0
0.958636 0.0527676 0.0
0.960099 0.0511632 0.0
0.961514 0.0496092 0.0
0.962881 0.0481036 0.0
0.9642 0.0466444 0.0
0.965472 0.0452295 0.0
0.966698 0.0438569 0.0
0.967877 0.0425248 0.0
0.96901 0.0412311 0.0
0.970096 0.0399741 0.0
0.971137 0.0387519 0.0
0.972133 0.0375627 0.0
0.973084 0.0364046 0.0
0.973989 0.0352759 0.0
0.974851 0.0341748 0.0
0.975667 0.0330995 0.0
0.97644 0.0320482 0.0
0.977168 0.0310192 0.0
0.977853 0.0300106 0.0
0.978494 0.0290206 0.0
0.979091 0.0280473 0.0
0.979644 0.0270888 0.0
0.980154 0.0261432 0.0
0.98062 0.0252084 0.0
0.981043 0.0242823 0.0
0.981422 0.0233625 0.0
0.981757 0.0224469 0.0
0.982049 0.0215329 0.0
0.982298 0.0206178 0.0
0.982503 0.0196987 0.0
0.982664 0.0187727 0.0
0.982784 0.0178364 0.0
0.982861 0.0168862 0.0
0.982896 0.0159181 0.0
0.982892 0.0149279 0.0
0.98285 0.0139107 0.0
0.982773 0.0128614 0.0
0.982663 0.0117744 0.0
0.982526 0.0106436 0.0
0.982368 0.00946263 0.0
0.982196 0.00822463 0.0
0.982022 0.00692288 0.0
0.981859 0.00555104 0.0
0.981724 0.00410478 0.0
0.981638 0.00259246 0.0
0.98162 0.00114239 0.0
0.99996 -0.000942902 0.0
0.999801 -0.00283053 0.0
0.999483 -0.00472766 0.0
0.999005 -0.00664205 0.0
0.998367 -0.00858168 0.0
0.997566 -0.0105548 0.0
0.996603 -0.0125701 0.0
0.995473 -0.0146366 0.0
0.994176 -0.0167641 0.0
0.992708 -0.0189629 0.0
0.991066 -0.0212444 0.0
0.989247 -0.0236208 0.0
0.987247 -0.0261055 0.0
0.985062 -0.0287133 0.0
0.982688 -0.0314605 0.0
0.980121 -0.0343654 0.0
0.977354 -0.0374482 0.0
0.974385 -0.0407316 0.0
0.971209 -0.0442414 0.0
0.967821 -0.0480061 0.0
0.964219 -0.0520587 0.0
0.960399 -0.0564359 0.0
0.956361 -0.0611799 0.0
0.952107 -0.0663385 0.0
0.94764 -0.0719661 0.0
0.942969 -0.0781248 0.0
0.938109 -0.0848853 0.0
0.93308 -0.0923279 0.0
0.927917 -0.100544 0.0
0.922664 -0.109636 0.0
0.917385 -0.11972 0.0
0.912168 -0.130923 0.0
0.90713 -0.143385 0.0
0.902429 -0.157257 0.0
0.89827 -0.172692 0.0
0.894922 -0.189842 0.0
0.892727 -0.208842 0.0
0.892115 -0.229786 0.0
0.893617 -0.252705 0.0
0.897865 -0.277514 0.0
0.905588 -0.30396 0.0
0.917576 -0.331539 0.0
0.934607 -0.35937 0.0
0.957256 -0.385996 0.0
0.985525 -0.409069 0.0
1.01825 -0.425145 0.0
1.05236 -0.429862 0.0
1.08237 -0.419033 0.0
1.10113 -0.391901 0.0
1.10435 -0.355758 0.0
1.09292 -0.317675 0.0
1.07033 -0.28179 0.0
1.04035 -0.249892 0.0
1.00614 -0.222392 0.0
0.970045 -0.198991 0.0
0.93368 -0.179128 0.0
0.898116 -0.162213 0.0
0.864034 -0.147713 0.0
0.831844 -0.135183 0.0
0.801771 -0.124269 0.0
0.773914 -0.114696 0.0
0.748293 -0.106252 0.0
0.724876 -0.0987697 0.0
0.703603 -0.0921155 0.0
0.684398 -0.0861761 0.0
0.667178 -0.080852 0.0
0.651861 -0.0760525 0.0
0.638364 -0.0716915 0.0
0.62661 -0.0676849 0.0
0.616526 -0.0639489 0.0
0.608039 -0.0603987 0.0
0.601081 -0.0569483 0.0
0.595583 -0.0535097 0.0
0.591475 -0.0499944 0.0
0.588686 -0.0463133 0.0
0.587144 -0.0423788 0.0
0.586772 -0.0381057 0.0
0.587494 -0.0334133 0.0
0.589231 -0.0282267 0.0
0.591903 -0.0224784 0.0
0.595433 -0.01611 0.0
0.599748 -0.00907542 0.0
0.604779 -0.00135453 0.0
0.610442 0.00702416 0.0
0.616636 0.0160132 0.0
0.623259 0.0255443 0.0
0.630214 0.03553 0.0
0.63741 0.0458658 0.0
0.64477 0.0564352 0.0
0.652225 0.067115 0.0
0.65972 0.0777798 0.0
0.667205 0.0883061 0.0
0.674643 0.0985754 0.0
0.682 0.108477 0.0
0.689252 0.117911 0.0
0.696378 0.126788 0.0
0.703366 0.135033 0.0
0.710205 0.142587 0.0
0.716891 0.149402 0.0
0.723421 0.155449 0.0
0.729798 0.160709 0.0
0.736026 0.165179 0.0
0.742109 0.168867 0.0
0.748054 0.171791 0.0
0.753869 0.173979 0.0
0.759562 0.175465 0.0
0.765139 0.17629 0.0
0.77061 0.176498 0.0
0.775979 0.176138 0.0
0.781254 0.17526 0.0
0.78644 0.173912 0.0
0.791542 0.172145 0.0
0.796563 0.170007 0.0
0.801507 0.167547 0.0
0.806377 0.164807 0.0
0.811172 0.16183 0.0
0.815896 0.158657 0.0
0.820548 0.155322 0.0
0.825129 0.151859 0.0
0.829638 0.148299 0.0
0.834075 0.144668 0.0
0.838439 0.140991 0.0
0.84273 0.13729 0.0
0.846947 0.133584 0.0
0.851089 0.129889 0.0
0.855154 0.12622 0.0
0.859143 0.122589 0.0
0.863055 0.119007 0.0
0.866888 0.115482 0.0
0.870643 0.112022 0.0
0.874318 0.108633 0.0
0.877914 0.10532 0.0
0.88143 0.102086 0.0
0.884867 0.0989341 0.0
0.888223 0.095866 0.0
0.8915 0.0928828 0.0
0.894697 0.0899853 0.0
0.897815 0.0871733 0.0
0.900855 0.0844465 0.0
0.903816 0.081804 0.0
0.9067 0.0792447 0.0
0.909507 0.0767671 0.0
0.912238 0.0743696 0.0
0.914893 0.0720504 0.0
0.917475 0.0698075 0.0
0.919983 0.0676387 0.0
0.922418 0.0655421 0.0
0.924782 0.0635153 0.0
0.927075 0.0615561 0.0
0.929299 0.0596623 0.0
0.931455 0.0578315 0.0
0.933543 0.0560615 0.0
0.935565 0.0543501 0.0
0.937521 0.052695 0.0
0.939413 0.051094 0.0
0.941242 0.049545 0.0
0.943009 0.0480458 0.0
0.944714 0.0465944 0.0
0.946359 0.0451887 0.0
0.947945 0.0438268 0.0
0.949472 0.0425066 0.0
0.950942 0.0412262 0.0
0.952355 0.0399838 0.0
0.953712 0.0387774 0.0
0.955014 0.0376054 0.0
0.956261 0.0364658 0.0
0.957455 0.0353569 0.0
0.958596 0.0342769 0.0
0.959684 0.0332241 0.0
0.96072 0.0321968 0.0
0.961705 0.0311932 0.0
0.962639 0.0302115 0.0
0.963523 0.02925 0.0
0.964356 0.0283069 0.0
0.965139 0.0273804 0.0
0.965873 0.0264685 0.0
0.966557 0.0255694 0.0
0.967191 0.024681 0.0
0.967777 0.0238013 0.0
0.968313 0.022928 0.0
0.9688 0.0220587 0.0
0.969238 0.021191 0.0
0.969627 0.0203222 0.0
0.969966 0.0194494 0.0
0.970257 0.0185694 0.0
0.970499 0.0176787 0.0
0.970692 0.0167735 0.0
0.970837 0.0158495 0.0
0.970936 0.014902 0.0
0.970988 0.0139256 0.0
0.970998 0.0129145 0.0
0.970966 0.011862 0.0
0.970898 0.0107606 0.0
0.9708 0.00960226 0.0
0.970678 0.00837787 0.0
0.970544 0.00707782 0.0
0.97041 0.00569222 0.0
0.970296 0.00421241 0.0
0.970225 0.00264258 0.0
0.970218 0.00111604 0.0
0.999958 -0.000861511 0.0
0.999791 -0.00258633 0.0
0.999458 -0.0043202 0.0
0.998956 -0.0060705 0.0
0.998286 -0.00784478 0.0
0.997445 -0.0096509 0.0
0.996432 -0.0114971 0.0
0.995243 -0.013392 0.0
0.993877 -0.015345 0.0
0.992328 -0.0173659 0.0
0.990594 -0.0194658 0.0
0.98867 -0.0216564 0.0
0.98655 -0.0239507 0.0
0.98423 -0.026363 0.0
0.981702 -0.0289095 0.0
0.978961 -0.031608 0.0
0.976 -0.0344784 0.0
0.972811 -0.0375435 0.0
0.969386 -0.0408289 0.0
0.965719 -0.0443634 0.0
0.9618 -0.0481804 0.0
0.957623 -0.0523176 0.0
0.95318 -0.0568184 0.0
0.948467 -0.0617327 0.0
0.94348 -0.0671179 0.0
0.938218 -0.0730404 0.0
0.932685 -0.0795765 0.0
0.926891 -0.0868148 0.0
0.920855 -0.0948575 0.0
0.914607 -0.103822 0.0
0.908197 -0.113844 0.0
0.901694 -0.125078 0.0
0.895199 -0.137698 0.0
0.888856 -0.1519 0.0
0.882862 -0.167897 0.0
0.877484 -0.185913 0.0
0.873081 -0.206174 0.0
0.870125 -0.228887 0.0
0.869222 -0.254204 0.0
0.871133 -0.282174 0.0
0.876776 -0.312666 0.0
0.887207 -0.345253 0.0
0.903524 -0.379003 0.0
0.926598 -0.412086 0.0
0.956476 -0.441126 0.0
0.991512 -0.460845 0.0
1.02736 -0.464124 0.0
1.05561 -0.443023 0.0
1.06399 -0.395064 0.0
1.04739 -0.339209 0.0
1.01184 -0.287245 0.0
0.965359 -0.243147 0.0
0.914136 -0.207333 0.0
0.862303 -0.178909 0.0
0.812403 -0.156478 0.0
0.765838 -0.138711 0.0
0.723282 -0.12451 0.0
0.684955 -0.113007 0.0
0.650789 -0.103533 0.0
0.62054 -0.0955961 0.0
0.593873 -0.0888455 0.0
0.570429 -0.0830371 0.0
0.549862 -0.0779998 0.0
0.531859 -0.0736098 0.0
0.516153 -0.0697713 0.0
0.50252 -0.0664046 0.0
0.490775 -0.0634375 0.0
0.480765 -0.0608001 0.0
0.472364 -0.0584215 0.0
0.465464 -0.056228 0.0
0.459972 -0.0541417 0.0
0.455806 -0.0520808 0.0
0.452886 -0.0499599 0.0
0.451141 -0.047691 0.0
0.450498 -0.045185 0.0
0.450886 -0.0423534 0.0
0.452237 -0.0391107 0.0
0.454482 -0.0353758 0.0
0.457555 -0.0310748 0.0
0.461395 -0.0261421 0.0
0.465942 -0.0205235 0.0
0.471144 -0.0141795 0.0
0.476954 -0.00709212 0.0
0.483327 0.000726102 0.0
0.490201 0.00924221 0.0
0.497503 0.01839 0.0
0.505158 0.0280751 0.0
0.5131 0.038182 0.0
0.521276 0.0485825 0.0
0.529645 0.0591436 0.0
0.538169 0.069732 0.0
0.546819 0.0802181 0.0
0.555567 0.0904783 0.0
0.564386 0.100398 0.0
0.573252 0.109872 0.0
0.582143 0.118809 0.0
0.591037 0.12713 0.0
0.599916 0.134772 0.0
0.608762 0.141686 0.0
0.617559 0.147837 0.0
0.626295 0.153208 0.0
0.634957 0.157791 0.0
0.643536 0.161593 0.0
0.652023 0.164633 0.0
0.66041 0.166935 0.0
0.66869 0.168535 0.0
0.676859 0.169473 0.0
0.684912 0.169793 0.0
0.692843 0.169543 0.0
0.700651 0.168772 0.0
0.708332 0.167532 0.0
0.715883 0.165872 0.0
0.723302 0.16384 0.0
0.730586 0.161485 0.0
0.737734 0.158851 0.0
0.744744 0.15598 0.0
0.751615 0.152912 0.0
0.758345 0.149684 0.0
0.764934 0.146328 0.0
0.77138 0.142875 0.0
0.777684 0.139351 0.0
0.783844 0.135783 0.0
0.789862 0.13219 0.0
0.795737 0.128592 0.0
0.80147 0.125006 0.0
0.807062 0.121445 0.0
0.812514 0.117923 0.0
0.817826 0.114449 0.0
0.823 0.111032 0.0
0.828038 0.10768 0.0
0.832942 0.104397 0.0
0.837712 0.10119 0.0
0.842351 0.0980608 0.0
0.846862 0.0950126 0.0
0.851245 0.0920473 0.0
0.855504 0.0891657 0.0
0.85964 0.0863685 0.0
0.863657 0.0836554 0.0
0.867555 0.0810261 0.0
0.871338 0.0784797 0.0
0.875008 0.0760148 0.0
0.878568 0.0736301 0.0
0.88202 0.0713239 0.0
0.885365 0.0690943 0.0
0.888608 0.0669394 0.0
0.89175 0.0648571 0.0
0.894792 0.0628451 0.0
0.897739 0.0609014 0.0
0.900592 0.0590237 0.0
0.903352 0.0572097 0.0
0.906024 0.0554571 0.0
0.908607 0.0537638 0.0
0.911106 0.0521274 0.0
0.913521 0.0505459 0.0
0.915854 0.049017 0.0
0.918108 0.0475387 0.0
0.920285 0.0461088 0.0
0.922385 0.0447253 0.0
0.924412 0.0433862 0.0
0.926366 0.0420895 0.0
0.928248 0.0408334 0.0
0.930062 0.0396159 0.0
0.931808 0.0384352 0.0
0.933487 0.0372896 0.0
0.9351 0.0361772 0.0
0.93665 0.0350964 0.0
0.938137 0.0340453 0.0
0.939562 0.0330224 0.0
0.940926 0.0320259 0.0
0.942231 0.0310541 0.0
0.943476 0.0301053 0.0
0.944663 0.029178 0.0
0.945793 0.0282703 0.0
0.946865 0.0273806 0.0
0.947881 0.026507 0.0
0.948842 0.0256478 0.0
0.949746 0.0248012 0.0
0.950595 0.0239651 0.0
0.95139 0.0231375 0.0
0.952129 0.0223162 0.0
0.952813 0.021499 0.0
0.953442 0.0206834 0.0
0.954016 0.0198667 0.0
0.954535 0.019046 0.0
0.954999 0.0182181 0.0
0.955408 0.0173794 0.0
0.955761 0.0165258 0.0
0.956059 0.015653 0.0
0.956303 0.0147559 0.0
0.956494 0.0138285 0.0
0.956631 0.0128644 0.0
0.956719 0.0118558 0.0
0.956759 0.0107942 0.0
0.956756 0.00966944 0.0
0.956718 0.0084703 0.0
0.956654 0.00718401 0.0
0.956577 0.00579654 0.0
0.956504 0.00429405 0.0
0.956461 0.00267523 0.0
0.956474 0.00107687 0.0
0.999956 -0.000776356 0.0
0.999782 -0.0023308 0.0
0.999434 -0.00389375 0.0
0.99891 -0.00547208 0.0
0.99821 -0.00707286 0.0
0.997331 -0.00870342 0.0
0.996271 -0.0103715 0.0
0.995027 -0.0120852 0.0
0.993595 -0.0138533 0.0
0.99197 -0.0156852 0.0
0.990149 -0.0175912 0.0
0.988124 -0.0195825 0.0
0.985891 -0.0216716 0.0
0.983441 -0.0238721 0.0
0.980767 -0.0261994 0.0
0.977861 -0.0286708 0.0
0.974712 -0.0313058 0.0
0.971311 -0.0341263 0.0
0.967646 -0.0371574 0.0
0.963707 -0.0404279 0.0
0.95948 -0.0439705 0.0
0.954952 -0.0478232 0.0
0.950111 -0.0520297 0.0
0.944944 -0.056641 0.0
0.939437 -0.0617159 0.0
0.93358 -0.0673237 0.0
0.927365 -0.0735449 0.0
0.920786 -0.0804742 0.0
0.913847 -0.0882226 0.0
0.906557 -0.0969208 0.0
0.898944 -0.106722 0.0
0.891052 -0.117805 0.0
0.882956 -0.130381 0.0
0.87477 -0.144689 0.0
0.866666 -0.161009 0.0
0.85889 -0.179647 0.0
0.851794 -0.200941 0.0
0.845864 -0.225234 0.0
0.84176 -0.25285 0.0
0.840353 -0.284031 0.0
0.842748 -0.318848 0.0
0.850274 -0.357029 0.0
0.864353 -0.397622 0.0
0.88605 -0.438239 0.0
0.915072 -0.473874 0.0
0.948782 -0.496845 0.0
0.981453 -0.496644 0.0
1.00155 -0.458846 0.0
0.987652 -0.373731 0.0
0.935893 -0.292181 0.0
0.865484 -0.228313 0.0
0.790827 -0.180942 0.0
0.719257 -0.146745 0.0
0.654392 -0.122799 0.0
0.597782 -0.106079 0.0
0.549554 -0.0943177 0.0
0.509139 -0.0859323 0.0
0.475646 -0.0797642 0.0
0.448027 -0.0749903 0.0
0.425219 -0.0710826 0.0
0.406268 -0.0677414 0.0
0.390386 -0.0648155 0.0
0.376968 -0.0622366 0.0
0.365572 -0.0599738 0.0
0.355878 -0.0580087 0.0
0.347665 -0.0563213 0.0
0.340773 -0.0548836 0.0
0.335086 -0.0536577 0.0
0.330518 -0.0525944 0.0
0.326998 -0.0516347 0.0
0.324464 -0.0507101 0.0
0.322862 -0.0497445 0.0
0.322141 -0.0486556 0.0
0.322248 -0.0473577 0.0
0.323136 -0.0457632 0.0
0.324758 -0.0437851 0.0
0.327067 -0.0413398 0.0
0.330024 -0.0383486 0.0
0.333589 -0.0347408 0.0
0.337728 -0.0304553 0.0
0.342414 -0.0254431 0.0
0.347622 -0.0196705 0.0
0.353334 -0.0131236 0.0
0.35953 -0.00581124 0.0
0.366191 0.00224373 0.0
0.373286 0.0109917 0.0
0.380771 0.0203329 0.0
0.388615 0.0301378 0.0
0.396799 0.0402662 0.0
0.405312 0.0505784 0.0
0.414145 0.0609389 0.0
0.423288 0.0712181 0.0
0.432725 0.0812937 0.0
0.442436 0.0910519 0.0
0.452397 0.100389 0.0
0.462582 0.109215 0.0
0.472961 0.11745 0.0
0.483503 0.125031 0.0
0.494176 0.131907 0.0
0.50495 0.138044 0.0
0.515793 0.143421 0.0
0.526677 0.148031 0.0
0.537573 0.151878 0.0
0.548455 0.154979 0.0
0.559297 0.157359 0.0
0.570076 0.159051 0.0
0.580772 0.160092 0.0
0.591364 0.160528 0.0
0.601837 0.160403 0.0
0.612174 0.159767 0.0
0.622362 0.158669 0.0
0.632388 0.157157 0.0
0.642242 0.155281 0.0
0.651916 0.153086 0.0
0.661401 0.150617 0.0
0.670691 0.147914 0.0
0.679781 0.145018 0.0
0.688666 0.141963 0.0
0.697344 0.138782 0.0
0.705813 0.135505 0.0
0.71407 0.132159 0.0
0.722116 0.128768 0.0
0.729951 0.125352 0.0
0.737576 0.12193 0.0
0.744993 0.118518 0.0
0.752202 0.115131 0.0
0.759208 0.11178 0.0
0.766012 0.108475 0.0
0.772617 0.105225 0.0
0.779028 0.102037 0.0
0.785247 0.0989167 0.0
0.791279 0.095868 0.0
0.797127 0.0928947 0.0
0.802796 0.0899993 0.0
0.808289 0.0871834 0.0
0.813612 0.0844481 0.0
0.818767 0.0817938 0.0
0.823761 0.0792204 0.0
0.828596 0.0767274 0.0
0.833277 0.0743139 0.0
0.837808 0.0719787 0.0
0.842194 0.0697204 0.0
0.846438 0.0675374 0.0
0.850545 0.0654278 0.0
0.854519 0.0633897 0.0
0.858363 0.061421 0.0
0.862081 0.0595198 0.0
0.865677 0.0576838 0.0
0.869155 0.0559109 0.0
0.872517 0.0541989 0.0
0.875768 0.0525456 0.0
0.87891 0.0509488 0.0
0.881948 0.0494065 0.0
0.884883 0.0479165 0.0
0.887719 0.0464768 0.0
0.890458 0.0450852 0.0
0.893104 0.0437398 0.0
0.895659 0.0424387 0.0
0.898125 0.0411799 0.0
0.900505 0.0399615 0.0
0.902801 0.0387818 0.0
0.905016 0.037639 0.0
0.907151 0.0365312 0.0
0.909208 0.0354569 0.0
0.91119 0.0344143 0.0
0.913098 0.0334017 0.0
0.914933 0.0324176 0.0
0.916697 0.0314604 0.0
0.918392 0.0305283 0.0
0.920019 0.02962 0.0
0.921579 0.0287337 0.0
0.923074 0.0278679 0.0
0.924503 0.0270209 0.0
0.925869 0.0261913 0.0
0.927172 0.0253772 0.0
0.928412 0.024577 0.0
0.929591 0.0237888 0.0
0.930708 0.023011 0.0
0.931763 0.0222414 0.0
0.932758 0.0214781 0.0
0.933692 0.0207188 0.0
0.934565 0.0199611 0.0
0.935378 0.0192025 0.0
0.936129 0.01844 0.0
0.936818 0.0176705 0.0
0.937446 0.0168903 0.0
0.938011 0.0160955 0.0
0.938515 0.0152814 0.0
0.938955 0.0144427 0.0
0.939334 0.0135732 0.0
0.93965 0.0126657 0.0
0.939904 0.011712 0.0
0.9401 0.010702 0.0
0.940239 0.00962433 0.0
0.940327 0.00846524 0.0
0.940372 0.00720884 0.0
0.940384 0.00583678 0.0
0.94038 0.00432935 0.0
0.940384 0.00267854 0.0
0.940423 0.00102233 0.0
0.999955 -0.000687688 0.0
0.999774 -0.00206471 0.0
0.999412 -0.00344957 0.0
0.998868 -0.00484858 0.0
0.998139 -0.00626822 0.0
0.997225 -0.00771523 0.0
0.996122 -0.00919668 0.0
0.994826 -0.0107201 0.0
0.993333 -0.0122936 0.0
0.991638 -0.0139258 0.0
0.989735 -0.0156264 0.0
0.987618 -0.0174057 0.0
0.985278 -0.0192753 0.0
0.982707 -0.0212481 0.0
0.979896 -0.0233386 0.0
0.976834 -0.025563 0.0
0.973508 -0.0279398 0.0
0.969907 -0.03049 0.0
0.966015 -0.0332376 0.0
0.961817 -0.0362102 0.0
0.957295 -0.0394397 0.0
0.952431 -0.0429631 0.0
0.947205 -0.0468234 0.0
0.941596 -0.051071 0.0
0.935582 -0.0557652 0.0
0.92914 -0.0609756 0.0
0.922247 -0.0667849 0.0
0.914882 -0.0732913 0.0
0.907028 -0.0806116 0.0
0.898671 -0.0888858 0.0
0.889808 -0.0982811 0.0
0.880452 -0.108998 0.0
0.870637 -0.121277 0.0
0.860435 -0.135405 0.0
0.849967 -0.151721 0.0
0.839432 -0.170625 0.0
0.829139 -0.192574 0.0
0.819548 -0.21808 0.0
0.811327 -0.24768 0.0
0.805414 -0.281882 0.0
0.803069 -0.321048 0.0
0.805867 -0.365153 0.0
0.815474 -0.413183 0.0
0.832783 -0.461684 0.0
0.855991 -0.50266 0.0
0.879922 -0.5257 0.0
0.897333 -0.517871 0.0
0.895748 -0.456131 0.0
0.839184 -0.305983 0.0
0.733149 -0.202134 0.0
0.624951 -0.139755 0.0
0.531295 -0.101188 0.0
0.454242 -0.0778767 0.0
0.39353 -0.0660913 0.0
0.347782 -0.0604291 0.0
0.314051 -0.0580076 0.0
0.289519 -0.0572964 0.0
0.271803 -0.0571905 0.0
0.258863 -0.0570049 0.0
0.249083 -0.0564816 0.0
0.241328 -0.0556361 0.0
0.234886 -0.0545966 0.0
0.229354 -0.0535063 0.0
0.224527 -0.0524803 0.0
0.220311 -0.0515937 0.0
0.216672 -0.0508841 0.0
0.2136 -0.0503569 0.0
0.211094 -0.0499922 0.0
0.209152 -0.04975 0.0
0.207768 -0.0495748 0.0
0.20693 -0.0493992 0.0
0.206623 -0.0491472 0.0
0.206829 -0.0487366 0.0
0.207526 -0.0480822 0.0
0.208697 -0.0470979 0.0
0.210324 -0.0456992 0.0
0.212394 -0.0438057 0.0
0.214898 -0.041343 0.0
0.217831 -0.0382447 0.0
0.221194 -0.0344546 0.0
0.224993 -0.0299286 0.0
0.229237 -0.0246374 0.0
0.233937 -0.018569 0.0
0.239105 -0.0117298 0.0
0.244748 -0.00414215 0.0
0.250873 0.00415781 0.0
0.257475 0.0130786 0.0
0.264553 0.02247 0.0
0.272124 0.0321795 0.0
0.280209 0.0420669 0.0
0.288823 0.0520025 0.0
0.29797 0.0618644 0.0
0.307643 0.0715379 0.0
0.317823 0.0809161 0.0
0.328485 0.0899016 0.0
0.339595 0.0984078 0.0
0.351113 0.10636 0.0
0.362996 0.113696 0.0
0.375198 0.120367 0.0
0.387671 0.126338 0.0
0.400368 0.131587 0.0
0.413242 0.136107 0.0
0.426244 0.139902 0.0
0.439331 0.142987 0.0
0.452458 0.145382 0.0
0.465586 0.14712 0.0
0.478676 0.148236 0.0
0.491695 0.148772 0.0
0.504611 0.14877 0.0
0.517396 0.148278 0.0
0.530023 0.147342 0.0
0.542472 0.146009 0.0
0.554722 0.144325 0.0
0.566756 0.142334 0.0
0.578559 0.140079 0.0
0.59012 0.1376 0.0
0.601429 0.134933 0.0
0.612477 0.132113 0.0
0.623259 0.129172 0.0
0.63377 0.126136 0.0
0.644008 0.123033 0.0
0.65397 0.119885 0.0
0.663658 0.116711 0.0
0.673072 0.113531 0.0
0.682214 0.110359 0.0
0.691087 0.107208 0.0
0.699694 0.10409 0.0
0.70804 0.101015 0.0
0.716129 0.0979909 0.0
0.723966 0.0950241 0.0
0.731556 0.0921201 0.0
0.738905 0.0892832 0.0
0.74602 0.0865167 0.0
0.752905 0.083823 0.0
0.759567 0.0812036 0.0
0.766013 0.0786596 0.0
0.772247 0.0761914 0.0
0.778278 0.0737988 0.0
0.78411 0.0714815 0.0
0.78975 0.0692386 0.0
0.795203 0.0670689 0.0
0.800477 0.0649711 0.0
0.805575 0.0629436 0.0
0.810505 0.0609848 0.0
0.815271 0.0590928 0.0
0.819878 0.0572658 0.0
0.824333 0.0555017 0.0
0.82864 0.0537986 0.0
0.832804 0.0521544 0.0
0.83683 0.050567 0.0
0.840722 0.0490345 0.0
0.844484 0.0475547 0.0
0.848122 0.0461257 0.0
0.851638 0.0447456 0.0
0.855037 0.0434123 0.0
0.858323 0.0421239 0.0
0.861499 0.0408787 0.0
0.864569 0.0396748 0.0
0.867536 0.0385103 0.0
0.870403 0.0373836 0.0
0.873174 0.036293 0.0
0.87585 0.0352367 0.0
0.878435 0.0342133 0.0
0.880931 0.0332211 0.0
0.883341 0.0322585 0.0
0.885666 0.031324 0.0
0.88791 0.0304161 0.0
0.890074 0.0295334 0.0
0.89216 0.0286743 0.0
0.894169 0.0278374 0.0
0.896104 0.0270213 0.0
0.897965 0.0262244 0.0
0.899754 0.0254453 0.0
0.901472 0.0246825 0.0
0.903121 0.0239345 0.0
0.9047 0.0231996 0.0
0.906212 0.0224763 0.0
0.907655 0.0217628 0.0
0.909031 0.0210572 0.0
0.910341 0.0203578 0.0
0.911583 0.0196623 0.0
0.912759 0.0189685 0.0
0.913867 0.018274 0.0
0.914909 0.017576 0.0
0.915882 0.0168713 0.0
0.916787 0.0161566 0.0
0.917622 0.0154277 0.0
0.918388 0.0146801 0.0
0.919082 0.0139084 0.0
0.919705 0.0131063 0.0
0.920255 0.0122662 0.0
0.920733 0.0113792 0.0
0.921137 0.0104347 0.0
0.921469 0.00941966 0.0
0.921732 0.00831861 0.0
0.921931 0.0071127 0.0
0.922072 0.00577934 0.0
0.922169 0.00429286 0.0
0.922242 0.00263775 0.0
0.922316 0.000949968 0.0
0.999953 -0.000595803 0.0
0.999766 -0.00178894 0.0
0.999392 -0.00298915 0.0
0.998829 -0.0042021 0.0
0.998076 -0.0054336 0.0
0.997129 -0.00668969 0.0
0.995987 -0.00797674 0.0
0.994644 -0.00930154 0.0
0.993096 -0.0106714 0.0
0.991337 -0.0120941 0.0
0.989359 -0.0135784 0.0
0.987157 -0.0151337 0.0
0.98472 -0.0167706 0.0
0.982038 -0.0185008 0.0
0.979101 -0.0203377 0.0
0.975895 -0.0222962 0.0
0.972407 -0.0243933 0.0
0.96862 -0.0266486 0.0
0.964517 -0.0290843 0.0
0.960078 -0.0317264 0.0
0.955281 -0.0346049 0.0
0.950102 -0.0377549 0.0
0.944513 -0.0412174 0.0
0.938486 -0.045041 0.0
0.931988 -0.0492828 0.0
0.924983 -0.0540114 0.0
0.917435 -0.0593083 0.0
0.909303 -0.0652719 0.0
0.900547 -0.0720207 0.0
0.891126 -0.0796989 0.0
0.881003 -0.088482 0.0
0.870146 -0.0985849 0.0
0.858541 -0.110271 0.0
0.846195 -0.123863 0.0
0.833158 -0.139759 0.0
0.819547 -0.158441 0.0
0.805577 -0.180495 0.0
0.791624 -0.206615 0.0
0.778291 -0.237591 0.0
0.766505 -0.274271 0.0
0.757609 -0.317418 0.0
0.753368 -0.367341 0.0
0.755571 -0.422806 0.0
0.764254 -0.478054 0.0
0.773499 -0.518744 0.0
0.771465 -0.531514 0.0
0.745896 -0.503899 0.0
0.684894 -0.407516 0.0
0.553866 -0.167006 0.0
0.395813 -0.0770228 0.0
0.28552 -0.046376 0.0
0.215677 -0.0310668 0.0
0.169477 -0.0247458 0.0
0.141139 -0.0301729 0.0
0.126612 -0.0360723 0.0
0.119507 -0.0415285 0.0
0.116751 -0.0464884 0.0
0.116559 -0.0500896 0.0
0.117383 -0.0519897 0.0
0.118152 -0.0524871 0.0
0.11837 -0.0520936 0.0
0.11794 -0.0512671 0.0
0.116967 -0.0503316 0.0
0.115624 -0.049485 0.0
0.114081 -0.0488309 0.0
0.112482 -0.0484081 0.0
0.110932 -0.0482118 0.0
0.109508 -0.0482081 0.0
0.10826 -0.0483438 0.0
0.107216 -0.0485529 0.0
0.106392 -0.0487601 0.0
0.105797 -0.0488847 0.0
0.105435 -0.0488427 0.0
0.105311 -0.0485493 0.0
0.10543 -0.0479211 0.0
0.105804 -0.0468775 0.0
0.106449 -0.0453432 0.0
0.107389 -0.0432489 0.0
0.108651 -0.040534 0.0
0.110269 -0.0371473 0.0
0.112283 -0.033049 0.0
0.114735 -0.0282127 0.0
0.117667 -0.0226269 0.0
0.121123 -0.0162956 0.0
0.125142 -0.00923847 0.0
0.129762 -0.00149151 0.0
0.135016 0.00687209 0.0
0.14093 0.0156844 0.0
0.147545 0.024779 0.0
0.154902 0.0340244 0.0
0.163027 0.0433054 0.0
0.171927 0.0525142 0.0
0.181594 0.0615482 0.0
0.192009 0.070311 0.0
0.203139 0.0787148 0.0
0.214942 0.0866808 0.0
0.22737 0.0941407 0.0
0.240365 0.101037 0.0
0.253868 0.107322 0.0
0.267816 0.112962 0.0
0.282145 0.117936 0.0
0.296791 0.122238 0.0
0.31169 0.12587 0.0
0.32678 0.128843 0.0
0.341999 0.131179 0.0
0.357291 0.132904 0.0
0.372603 0.13405 0.0
0.387885 0.134656 0.0
0.403092 0.134762 0.0
0.418184 0.13441 0.0
0.433123 0.133643 0.0
0.447877 0.132505 0.0
0.462416 0.131039 0.0
0.476715 0.129286 0.0
0.490752 0.127286 0.0
0.50451 0.125075 0.0
0.517973 0.122687 0.0
0.531129 0.120155 0.0
0.543967 0.117509 0.0
0.556482 0.114773 0.0
0.568669 0.111972 0.0
0.580525 0.109127 0.0
0.592048 0.106257 0.0
0.603241 0.103379 0.0
0.614103 0.100506 0.0
0.62464 0.097651 0.0
0.634854 0.094825 0.0
0.644752 0.0920368 0.0
0.654338 0.0892939 0.0
0.66362 0.0866025 0.0
0.672604 0.0839677 0.0
0.681296 0.0813934 0.0
0.689706 0.0788827 0.0
0.697839 0.0764379 0.0
0.705705 0.0740604 0.0
0.713311 0.0717513 0.0
0.720664 0.0695109 0.0
0.727774 0.0673393 0.0
0.734646 0.0652359 0.0
0.74129 0.0632 0.0
0.747713 0.0612306 0.0
0.753923 0.0593266 0.0
0.759926 0.0574864 0.0
0.765729 0.0557086 0.0
0.77134 0.0539915 0.0
0.776766 0.0523334 0.0
0.782012 0.0507325 0.0
0.787086 0.0491869 0.0
0.791993 0.0476948 0.0
0.796739 0.0462544 0.0
0.801331 0.0448638 0.0
0.805772 0.0435211 0.0
0.810069 0.0422245 0.0
0.814227 0.0409723 0.0
0.81825 0.0397627 0.0
0.822144 0.0385939 0.0
0.825911 0.0374644 0.0
0.829558 0.0363723 0.0
0.833087 0.0353161 0.0
0.836504 0.0342944 0.0
0.83981 0.0333054 0.0
0.84301 0.0323477 0.0
0.846107 0.03142 0.0
0.849105 0.0305206 0.0
0.852005 0.0296484 0.0
0.854811 0.0288018 0.0
0.857526 0.0279795 0.0
0.860152 0.0271802 0.0
0.86269 0.0264026 0.0
0.865144 0.0256454 0.0
0.867516 0.0249072 0.0
0.869806 0.0241868 0.0
0.872016 0.0234829 0.0
0.874149 0.0227939 0.0
0.876204 0.0221187 0.0
0.878184 0.0214558 0.0
0.880089 0.0208036 0.0
0.88192 0.0201607 0.0
0.883677 0.0195254 0.0
0.885361 0.0188959 0.0
0.886973 0.0182703 0.0
0.888511 0.0176466 0.0
0.889975 0.0170225 0.0
0.891366 0.0163953 0.0
0.892682 0.0157622 0.0
0.893923 0.0151198 0.0
0.895087 0.0144644 0.0
0.896173 0.0137915 0.0
0.89718 0.0130958 0.0
0.898105 0.012371 0.0
0.898946 0.0116095 0.0
0.899702 0.0108024 0.0
0.900371 0.00993843 0.0
0.90095 0.0090039 0.0
0.901439 0.00798191 0.0
0.901838 0.00685139 0.0
0.902151 0.00558625 0.0
0.902384 0.00415543 0.0
0.90255 0.00253592 0.0
0.90267 0.000857672 0.0
0.999952 -0.000501038 0.0
0.999759 -0.0015045 0.0
0.999374 -0.00251419 0.0
0.998795 -0.00353503 0.0
0.998019 -0.00457208 0.0
0.997045 -0.00563064 0.0
0.995867 -0.00671626 0.0
0.994483 -0.00783488 0.0
0.992886 -0.00899288 0.0
0.991069 -0.0101972 0.0
0.989026 -0.0114554 0.0
0.986748 -0.0127758 0.0
0.984224 -0.0141679 0.0
0.981444 -0.015642 0.0
0.978394 -0.0172098 0.0
0.97506 -0.0188849 0.0
0.971426 -0.0206823 0.0
0.967472 -0.0226196 0.0
0.963179 -0.024717 0.0
0.958522 -0.0269979 0.0
0.953475 -0.0294895 0.0
0.948007 -0.032224 0.0
0.942087 -0.0352392 0.0
0.935674 -0.0385799 0.0
0.928728 -0.0422996 0.0
0.9212 -0.0464626 0.0
0.913038 -0.0511466 0.0
0.904181 -0.0564456 0.0
0.894565 -0.0624751 0.0
0.884118 -0.069377 0.0
0.872765 -0.0773268 0.0
0.860424 -0.0865435 0.0
0.847018 -0.0973014 0.0
0.832477 -0.109946 0.0
0.816751 -0.124913 0.0
0.799832 -0.142756 0.0
0.781793 -0.164171 0.0
0.762837 -0.190031 0.0
0.743396 -0.221402 0.0
0.724253 -0.259532 0.0
0.706704 -0.305713 0.0
0.692635 -0.360736 0.0
0.683938 -0.422917 0.0
0.679167 -0.481856 0.0
0.664076 -0.509095 0.0
0.612418 -0.487471 0.0
0.489877 -0.399833 0.0
0.202935 -0.183287 0.0
0 -0.0384602 0.0
0 -0.00452775 0.0
0 -0.00202498 0.0
0 -0.00177496 0.0
-0.00279868 -0.00303173 0.0
-0.0028596 -0.0232553 0.0
0.00270565 -0.0340277 0.0
0.00867124 -0.0424345 0.0
0.0155547 -0.0497105 0.0
0.0227879 -0.0539085 0.0
0.0288589 -0.0550656 0.0
0.0329887 -0.0543105 0.0
0.0351929 -0.0526923 0.0
0.0358432 -0.0508892 0.0
0.0353711 -0.0492652 0.0
0.0341444 -0.047982 0.0
0.0324391 -0.0470861 0.0
0.0304477 -0.0465619 0.0
0.0282982 -0.0463593 0.0
0.0260717 -0.0464107 0.0
0.0238181 -0.0466392 0.0
0.0215678 -0.0469633 0.0
0.0193408 -0.0472993 0.0
0.0171527 -0.0475627 0.0
0.0150197 -0.0476701 0.0
0.0129621 -0.0475399 0.0
0.0110058 -0.0470938 0.0
0.00918457 -0.046258 0.0
0.00753982 -0.0449638 0.0
0.00612092 -0.0431491 0.0
0.00498468 -0.0407597 0.0
0.00419435 -0.03775 0.0
0.00381842 -0.0340846 0.0
0.00392903 -0.0297395 0.0
0.00460016 -0.0247039 0.0
0.00590606 -0.0189804 0.0
0.00792061 -0.0125872 0.0
0.010718 -0.00556113 0.0
0.0143744 0.00203158 0.0
0.0189421 0.0100428 0.0
0.0244601 0.0182872 0.0
0.0309687 0.0266498 0.0
0.0384889 0.0350346 0.0
0.0470236 0.0433502 0.0
0.0565598 0.0515084 0.0
0.0670718 0.0594242 0.0
0.0785219 0.0670214 0.0
0.0908605 0.0742316 0.0
0.104028 0.0809945 0.0
0.117956 0.0872591 0.0
0.132572 0.0929807 0.0
0.147799 0.0981276 0.0
0.163558 0.102681 0.0
0.179771 0.106634 0.0
0.196358 0.109988 0.0
0.21324 0.112754 0.0
0.230341 0.114948 0.0
0.247589 0.116594 0.0
0.264917 0.117719 0.0
0.282264 0.118358 0.0
0.299571 0.118546 0.0
0.316785 0.11832 0.0
0.333858 0.11772 0.0
0.350749 0.116784 0.0
0.36742 0.115551 0.0
0.383836 0.114059 0.0
0.39997 0.112342 0.0
0.415797 0.110434 0.0
0.431296 0.108366 0.0
0.446451 0.106166 0.0
0.461249 0.103861 0.0
0.475679 0.101474 0.0
0.489736 0.099027 0.0
0.503414 0.0965383 0.0
0.516711 0.0940249 0.0
0.529628 0.0915018 0.0
0.542166 0.0889818 0.0
0.554328 0.0864761 0.0
0.566118 0.0839942 0.0
0.577544 0.0815444 0.0
0.58861 0.0791333 0.0
0.599324 0.0767667 0.0
0.609695 0.074449 0.0
0.61973 0.0721838 0.0
0.629439 0.069974 0.0
0.63883 0.0678216 0.0
0.647913 0.0657281 0.0
0.656696 0.0636942 0.0
0.66519 0.0617205 0.0
0.673403 0.0598069 0.0
0.681345 0.0579531 0.0
0.689025 0.0561584 0.0
0.696452 0.0544221 0.0
0.703634 0.052743 0.0
0.710581 0.05112 0.0
0.717301 0.0495516 0.0
0.723801 0.0480365 0.0
0.730091 0.0465732 0.0
0.736177 0.0451601 0.0
0.742066 0.0437955 0.0
0.747767 0.042478 0.0
0.753286 0.0412058 0.0
0.75863 0.0399773 0.0
0.763805 0.038791 0.0
0.768817 0.0376452 0.0
0.773672 0.0365385 0.0
0.778376 0.0354692 0.0
0.782934 0.0344358 0.0
0.787351 0.0334369 0.0
0.791633 0.0324711 0.0
0.795784 0.031537 0.0
0.799808 0.0306332 0.0
0.803709 0.0297583 0.0
0.807492 0.0289111 0.0
0.811161 0.0280904 0.0
0.814719 0.0272948 0.0
0.818169 0.0265232 0.0
0.821515 0.0257744 0.0
0.82476 0.0250472 0.0
0.827906 0.0243405 0.0
0.830956 0.0236531 0.0
0.833913 0.0229839 0.0
0.836779 0.0223318 0.0
0.839555 0.0216956 0.0
0.842244 0.0210742 0.0
0.844848 0.0204665 0.0
0.847367 0.0198711 0.0
0.849803 0.019287 0.0
0.852157 0.0187127 0.0
0.854431 0.018147 0.0
0.856624 0.0175884 0.0
0.858737 0.0170353 0.0
0.86077 0.0164861 0.0
0.862724 0.0159389 0.0
0.864598 0.0153916 0.0
0.866391 0.014842 0.0
0.868103 0.0142874 0.0
0.869731 0.0137248 0.0
0.871276 0.0131507 0.0
0.872734 0.0125608 0.0
0.874103 0.0119504 0.0
0.875381 0.0113134 0.0
0.876564 0.0106425 0.0
0.877648 0.00992903 0.0
0.878629 0.00916184 0.0
0.879503 0.00832719 0.0
0.880265 0.00740768 0.0
0.880909 0.00638115 0.0
0.881433 0.00521935 0.0
0.881835 0.00388735 0.0
0.882117 0.00235578 0.0
0.882291 0.000744029 0.0
0.999951 -0.000403765 0.0
0.999754 -0.00121252 0.0
0.999359 -0.00202656 0.0
0.998766 -0.00285001 0.0
0.997971 -0.00368714 0.0
0.996972 -0.00454239 0.0
0.995765 -0.00542043 0.0
0.994345 -0.00632626 0.0
0.992705 -0.00726526 0.0
0.99084 -0.00824328 0.0
0.98874 -0.00926674 0.0
0.986397 -0.0103427 0.0
0.983798 -0.0114792 0.0
0.980933 -0.012685 0.0
0.977786 -0.0139701 0.0
0.974341 -0.0153461 0.0
0.97058 -0.0168259 0.0
0.966481 -0.0184246 0.0
0.962022 -0.0201596 0.0
0.957175 -0.0220512 0.0
0.951908 -0.0241232 0.0
0.946188 -0.0264035 0.0
0.939974 -0.0289253 0.0
0.933221 -0.0317284 0.0
0.925876 -0.0348601 0.0
0.917879 -0.0383781 0.0
0.909163 -0.0423524 0.0
0.899648 -0.0468687 0.0
0.889245 -0.0520331 0.0
0.87785 -0.0579779 0.0
0.865347 -0.0648688 0.0
0.851602 -0.0729159 0.0
0.836466 -0.0823876 0.0
0.819777 -0.0936295 0.0
0.801363 -0.10709 0.0
0.781057 -0.123356 0.0
0.758721 -0.143196 0.0
0.734293 -0.167623 0.0
0.707879 -0.197954 0.0
0.679904 -0.235862 0.0
0.651365 -0.283296 0.0
0.624094 -0.341812 0.0
0.600307 -0.409357 0.0
0.577518 -0.467856 0.0
0.528702 -0.45919 0.0
0.409932 -0.366948 0.0
0.163971 -0.157913 0.0
0 0 0.0
0 0 0.0
0 0 0.0
0 0 0.0
0 0 0.0
0 0 0.0
-0.0119482 -0.0129966 0.0
-0.027989 -0.0327626 0.0
-0.0322163 -0.0454382 0.0
-0.0298965 -0.0559104 0.0
-0.024971 -0.0598675 0.0
-0.0210873 -0.0590615 0.0
-0.0193916 -0.0561404 0.0
-0.0196951 -0.0527633 0.0
-0.0214578 -0.0497062 0.0
-0.0241855 -0.0472485 0.0
-0.0275233 -0.0454345 0.0
-0.0312418 -0.04421 0.0
-0.0352031 -0.0434855 0.0
-0.0393291 -0.0431604 0.0
-0.0435777 -0.0431348 0.0
-0.0479265 -0.0433129 0.0
-0.0523625 -0.0436037 0.0
-0.056874 -0.0439206 0.0
-0.0614462 -0.0441813 0.0
-0.0660576 -0.0443075 0.0
-0.0706778 -0.044225 0.0
-0.0752664 -0.0438641 0.0
-0.079773 -0.0431602 0.0
-0.0841365 -0.0420535 0.0
-0.0882865 -0.0404907 0.0
-0.0921436 -0.0384251 0.0
-0.0956207 -0.0358175 0.0
-0.0986246 -0.0326376 0.0
-0.101057 -0.0288648 0.0
-0.102817 -0.02449 0.0
-0.103802 -0.0195162 0.0
-0.103906 -0.0139619 0.0
-0.103026 -0.00786426 0.0
-0.101061 -0.00128686 0.0
-0.0979357 0.00566834 0.0
-0.0936097 0.0128174 0.0
-0.0880592 0.0200601 0.0
-0.0812723 0.0273169 0.0
-0.073251 0.0345117 0.0
-0.0640108 0.0415703 0.0
-0.0535819 0.0484211 0.0
-0.042008 0.0550002 0.0
-0.0293438 0.0612498 0.0
-0.0156541 0.0671188 0.0
-0.00101201 0.072564 0.0
0.0144987 0.0775491 0.0
0.0307839 0.0820469 0.0
0.047747 0.0860393 0.0
0.0652944 0.0895152 0.0
0.0833333 0.09248 0.0
0.10177 0.0949426 0.0
0.120514 0.0969144 0.0
0.139481 0.0984128 0.0
0.158591 0.0994616 0.0
0.177771 0.10009 0.0
0.196949 0.100328 0.0
0.216064 0.100208 0.0
0.235058 0.0997634 0.0
0.25388 0.0990273 0.0
0.272484 0.0980335 0.0
0.290829 0.0968143 0.0
0.308881 0.0954005 0.0
0.326608 0.0938207 0.0
0.343985 0.0921017 0.0
0.360992 0.0902679 0.0
0.377612 0.0883417 0.0
0.393831 0.0863434 0.0
0.409641 0.0842913 0.0
0.425035 0.0822018 0.0
0.440009 0.0800892 0.0
0.454564 0.0779663 0.0
0.468699 0.0758443 0.0
0.482417 0.0737327 0.0
0.495724 0.0716399 0.0
0.508624 0.0695727 0.0
0.521126 0.0675371 0.0
0.533236 0.0655379 0.0
0.544963 0.0635792 0.0
0.556318 0.0616639 0.0
0.567308 0.0597946 0.0
0.577945 0.057973 0.0
0.588238 0.0562005 0.0
0.598198 0.0544778 0.0
0.607836 0.0528054 0.0
0.617161 0.0511832 0.0
0.626184 0.0496111 0.0
0.634916 0.0480885 0.0
0.643366 0.0466148 0.0
0.651545 0.045189 0.0
0.659461 0.0438103 0.0
0.667125 0.0424775 0.0
0.674546 0.0411894 0.0
0.681732 0.0399447 0.0
0.688692 0.0387423 0.0
0.695435 0.0375806 0.0
0.701968 0.0364585 0.0
0.708299 0.0353745 0.0
0.714437 0.0343274 0.0
0.720387 0.0333158 0.0
0.726157 0.0323383 0.0
0.731753 0.0313937 0.0
0.737182 0.0304808 0.0
0.742449 0.0295982 0.0
0.747562 0.0287447 0.0
0.752524 0.0279193 0.0
0.757341 0.0271206 0.0
0.762019 0.0263477 0.0
0.766561 0.0255993 0.0
0.770974 0.0248745 0.0
0.775259 0.0241722 0.0
0.779423 0.0234913 0.0
0.783468 0.022831 0.0
0.787398 0.0221901 0.0
0.791217 0.0215678 0.0
0.794927 0.0209631 0.0
0.798532 0.020375 0.0
0.802034 0.0198027 0.0
0.805437 0.0192451 0.0
0.808741 0.0187014 0.0
0.811949 0.0181707 0.0
0.815064 0.0176518 0.0
0.818086 0.017144 0.0
0.821018 0.016646 0.0
0.82386 0.0161569 0.0
0.826614 0.0156755 0.0
0.82928 0.0152005 0.0
0.831859 0.0147308 0.0
0.834351 0.0142648 0.0
0.836756 0.013801 0.0
0.839073 0.0133377 0.0
0.841303 0.0128728 0.0
0.843444 0.0124041 0.0
0.845494 0.0119289 0.0
0.847452 0.0114441 0.0
0.849315 0.0109461 0.0
0.85108 0.0104305 0.0
0.852743 0.00989198 0.0
0.8543 0.0093239 0.0
0.855745 0.00871815 0.0
0.857072 0.00806449 0.0
0.858272 0.0073499 0.0
0.859338 0.00655765 0.0
0.860258 0.00566603 0.0
0.861022 0.00464661 0.0
0.861617 0.00346319 0.0
0.862032 0.0020825 0.0
0.862266 0.000608652 0.0
0.99995 -0.000304389 0.0
0.999749 -0.000914209 0.0
0.999347 -0.0015283 0.0
0.998742 -0.00214995 0.0
0.997931 -0.00278254 0.0
0.996913 -0.00342962 0.0
0.995681 -0.0040949 0.0
0.994232 -0.00478237 0.0
0.992558 -0.00549633 0.0
0.990652 -0.00624144 0.0
0.988506 -0.00702284 0.0
0.986109 -0.00784622 0.0
0.983449 -0.00871792 0.0
0.980513 -0.00964507 0.0
0.977286 -0.0106358 0.0
0.973749 -0.0116992 0.0
0.969883 -0.0128459 0.0
0.965665 -0.0140881 0.0
0.961068 -0.01544 0.0
0.956062 -0.0169179 0.0
0.950613 -0.0185415 0.0
0.944681 -0.0203335 0.0
0.938221 -0.0223215 0.0
0.93118 -0.0245381 0.0
0.923497 -0.0270229 0.0
0.915102 -0.0298241 0.0
0.905913 -0.0330005 0.0
0.895832 -0.036625 0.0
0.884746 -0.0407885 0.0
0.872523 -0.0456051 0.0
0.859005 -0.05122 0.0
0.844005 -0.0578197 0.0
0.827303 -0.065646 0.0
0.808637 -0.0750166 0.0
0.787701 -0.0863537 0.0
0.764139 -0.100225 0.0
0.73755 -0.117402 0.0
0.707505 -0.138945 0.0
0.673604 -0.166315 0.0
0.635596 -0.201518 0.0
0.593669 -0.247174 0.0
0.54897 -0.305965 0.0
0.503968 -0.376416 0.0
0.457079 -0.431119 0.0
0.360993 -0.351025 0.0
0.144805 -0.14248 0.0
0 0 0.0
0 0 0.0
0 0 0.0
0 0 0.0
0 0 0.0
0 0 0.0
0 0 0.0
0 0 0.0
-0.0131323 -0.014335 0.0
-0.0333396 -0.0382288 0.0
-0.0417014 -0.057078 0.0
-0.0438434 -0.0614836 0.0
-0.0463945 -0.0587784 0.0
-0.0505286 -0.0539853 0.0
-0.0558586 -0.0492851 0.0
-0.0618796 -0.0454009 0.0
-0.0682522 -0.0424537 0.0
-0.0747913 -0.0403527 0.0
-0.0814134 -0.0389515 0.0
-0.0880932 -0.0381032 0.0
-0.0948346 -0.0376755 0.0
-0.101654 -0.0375526 0.0
-0.108567 -0.0376335 0.0
-0.115585 -0.0378288 0.0
-0.122712 -0.0380579 0.0
-0.129936 -0.0382473 0.0
-0.137237 -0.0383293 0.0
-0.144579 -0.0382413 0.0
-0.151913 -0.0379256 0.0
-0.159177 -0.0373288 0.0
-0.166296 -0.0364026 0.0
-0.173184 -0.0351037 0.0
-0.179745 -0.0333944 0.0
-0.185873 -0.0312435 0.0
-0.191454 -0.0286268 0.0
-0.196368 -0.0255284 0.0
-0.200493 -0.0219418 0.0
-0.203702 -0.0178718 0.0
-0.205868 -0.0133361 0.0
-0.20687 -0.0083685 0.0
-0.206597 -0.00302164 0.0
-0.204952 0.00263283 0.0
-0.201886 0.00846084 0.0
-0.197388 0.0143682 0.0
-0.191453 0.0202871 0.0
-0.184088 0.0261542 0.0
-0.17531 0.0319095 0.0
-0.165153 0.0374961 0.0
-0.153665 0.0428629 0.0
-0.140906 0.0479636 0.0
-0.126948 0.0527574 0.0
-0.111875 0.0572096 0.0
-0.0957769 0.0612945 0.0
-0.0787514 0.0649905 0.0
-0.0608999 0.0682809 0.0
-0.0423286 0.0711547 0.0
-0.0231442 0.0736168 0.0
-0.00344965 0.0756742 0.0
0.0166525 0.0773361 0.0
0.0370607 0.0786156 0.0
0.0576808 0.079528 0.0
0.0784265 0.0800983 0.0
0.0992167 0.0803505 0.0
0.119978 0.0803092 0.0
0.140646 0.0800009 0.0
0.161159 0.0794538 0.0
0.181467 0.0786955 0.0
0.20152 0.0777531 0.0
0.221279 0.0766518 0.0
0.240705 0.075415 0.0
0.259771 0.0740643 0.0
0.278449 0.0726194 0.0
0.296721 0.0710985 0.0
0.314571 0.0695178 0.0
0.331985 0.0678922 0.0
0.348957 0.0662347 0.0
0.365481 0.0645572 0.0
0.381555 0.0628699 0.0
0.397179 0.0611817 0.0
0.412355 0.0595004 0.0
0.427088 0.0578329 0.0
0.441382 0.0561846 0.0
0.455245 0.0545604 0.0
0.468685 0.0529642 0.0
0.481711 0.0513992 0.0
0.494332 0.0498681 0.0
0.506559 0.0483728 0.0
0.518402 0.0469148 0.0
0.529872 0.0454951 0.0
0.540981 0.0441146 0.0
0.551738 0.0427734 0.0
0.562156 0.0414718 0.0
0.572245 0.0402095 0.0
0.582017 0.0389862 0.0
0.591483 0.0378013 0.0
0.600652 0.0366543 0.0
0.609536 0.0355444 0.0
0.618145 0.0344706 0.0
0.626488 0.0334322 0.0
0.634575 0.0324281 0.0
0.642416 0.0314574 0.0
0.65002 0.0305189 0.0
0.657395 0.0296118 0.0
0.66455 0.0287349 0.0
0.671492 0.0278871 0.0
0.67823 0.0270676 0.0
0.684771 0.0262752 0.0
0.691123 0.025509 0.0
0.697291 0.0247679 0.0
0.703283 0.0240511 0.0
0.709105 0.0233576 0.0
0.714762 0.0226864 0.0
0.720261 0.0220367 0.0
0.725608 0.0214076 0.0
0.730806 0.0207983 0.0
0.735861 0.020208 0.0
0.740778 0.0196358 0.0
0.745561 0.019081 0.0
0.750214 0.0185428 0.0
0.754741 0.0180205 0.0
0.759146 0.0175133 0.0
0.763432 0.0170206 0.0
0.767603 0.0165415 0.0
0.771661 0.0160754 0.0
0.77561 0.0156215 0.0
0.779451 0.0151792 0.0
0.783188 0.0147476 0.0
0.786822 0.0143261 0.0
0.790355 0.0139139 0.0
0.793789 0.0135102 0.0
0.797125 0.013114 0.0
0.800365 0.0127246 0.0
0.803509 0.012341 0.0
0.806558 0.0119621 0.0
0.809512 0.0115868 0.0
0.812372 0.0112139 0.0
0.815137 0.0108419 0.0
0.817806 0.0104692 0.0
0.820379 0.010094 0.0
0.822853 0.00971418 0.0
0.825226 0.00932713 0.0
0.827496 0.00892985 0.0
0.829659 0.00851869 0.0
0.831711 0.00808919 0.0
0.833644 0.00763581 0.0
0.835454 0.00715163 0.0
0.83713 0.00662783 0.0
0.838663 0.0060531 0.0
0.840038 0.00541267 0.0
0.841242 0.00468705 0.0
0.842253 0.0038502 0.0
0.84305 0.0028681 0.0
0.843604 0.00170742 0.0
0.843901 0.000452502 0.0
0.999949 -0.000203344 0.0
0.999745 -0.000610876 0.0
0.999337 -0.00102161 0.0
0.998723 -0.00143793 0.0
0.997901 -0.00186233 0.0
0.996867 -0.00229736 0.0
0.995617 -0.00274577 0.0
0.994145 -0.00321044 0.0
0.992445 -0.00369452 0.0
0.990508 -0.00420142 0.0
0.988326 -0.0047349 0.0
0.985888 -0.00529911 0.0
0.983181 -0.0058987 0.0
0.980192 -0.0065389 0.0
0.976902 -0.00722565 0.0
0.973295 -0.0079657 0.0
0.969348 -0.00876682 0.0
0.965037 -0.00963801 0.0
0.960334 -0.0105897 0.0
0.955205 -0.0116341 0.0
0.949614 -0.0127856 0.0
0.943518 -0.0140614 0.0
0.936866 -0.0154818 0.0
0.9296 -0.0170713 0.0
0.921652 -0.0188597 0.0
0.912943 -0.0208834 0.0
0.903378 -0.0231869 0.0
0.892846 -0.0258261 0.0
0.881215 -0.0288706 0.0
0.868323 -0.0324089 0.0
0.85398 -0.0365546 0.0
0.837949 -0.041455 0.0
0.819944 -0.0473039 0.0
0.799611 -0.0543598 0.0
0.776509 -0.0629728 0.0
0.75009 -0.0736247 0.0
0.719666 -0.0869895 0.0
0.684379 -0.104026 0.0
0.643166 -0.12612 0.0
0.594748 -0.155289 0.0
0.537706 -0.194433 0.0
0.470871 -0.247172 0.0
0.394646 -0.313982 0.0
0.310465 -0.362483 0.0
0.133266 -0.139821 0.0
0 0 0.0
0 0 0.0
0 0 0.0
0 0 0.0
0 0 0.0
0 0 0.0
0 0 0.0
0 0 0.0
0 0 0.0
0 0 0.0
-0.0143809 -0.0155769 0.0
-0.0341249 -0.0504282 0.0
-0.0449634 -0.0551531 0.0
-0.0562569 -0.0512645 0.0
-0.0678481 -0.0457741 0.0
-0.0791678 -0.040847 0.0
-0.0899999 -0.0369861 0.0
-0.100341 -0.0341552 0.0
-0.110276 -0.032177 0.0
-0.119918 -0.0308638 0.0
-0.129376 -0.0300536 0.0
-0.138746 -0.0296135 0.0
-0.148107 -0.0294354 0.0
-0.157514 -0.0294301 0.0
-0.167007 -0.0295217 0.0
-0.176601 -0.0296448 0.0
-0.186296 -0.0297412 0.0
-0.196071 -0.0297589 0.0
-0.205891 -0.0296505 0.0
-0.215701 -0.0293727 0.0
-0.225433 -0.0288862 0.0
-0.235004 -0.0281555 0.0
-0.244318 -0.0271492 0.0
-0.253266 -0.0258402 0.0
-0.26173 -0.0242062 0.0
-0.269583 -0.0222304 0.0
-0.276691 -0.0199022 0.0
-0.282916 -0.0172185 0.0
-0.288118 -0.0141845 0.0
-0.29216 -0.0108154 0.0
-0.294909 -0.00713754 0.0
-0.296247 -0.00318944 0.0
-0.296069 0.000977306 0.0
-0.294312 0.00529407 0.0
-0.290957 0.00968118 0.0
-0.285997 0.0140793 0.0
-0.279438 0.0184373 0.0
-0.271299 0.0227095 0.0
-0.261615 0.0268547 0.0
-0.250435 0.0308358 0.0
-0.237823 0.0346196 0.0
-0.223856 0.0381768 0.0
-0.208623 0.0414831 0.0
-0.19222 0.0445194 0.0
-0.17475 0.0472697 0.0
-0.156322 0.0497223 0.0
-0.137051 0.0518707 0.0
-0.117052 0.0537168 0.0
-0.0964375 0.0552652 0.0
-0.0753191 0.0565244 0.0
-0.0538037 0.0575036 0.0
-0.0319957 0.0582117 0.0
-0.00999461 0.0586676 0.0
0.0121074 0.0588887 0.0
0.0342254 0.0588912 0.0
0.0562837 0.0586931 0.0
0.078215 0.0583161 0.0
0.0999591 0.0577814 0.0
0.121462 0.0571101 0.0
0.142677 0.0563214 0.0
0.163563 0.0554326 0.0
0.184085 0.0544596 0.0
0.204213 0.0534167 0.0
0.223925 0.0523172 0.0
0.243201 0.0511731 0.0
0.262028 0.0499952 0.0
0.280394 0.048793 0.0
0.298294 0.0475752 0.0
0.315722 0.0463493 0.0
0.332678 0.0451218 0.0
0.349164 0.0438984 0.0
0.365182 0.0426841 0.0
0.380738 0.041483 0.0
0.395838 0.0402985 0.0
0.410489 0.0391337 0.0
0.424702 0.0379908 0.0
0.438486 0.0368717 0.0
0.45185 0.035778 0.0
0.464805 0.0347107 0.0
0.477363 0.0336706 0.0
0.489536 0.0326583 0.0
0.501334 0.031674 0.0
0.512769 0.0307179 0.0
0.523853 0.0297898 0.0
0.534597 0.0288895 0.0
0.545013 0.0280166 0.0
0.555111 0.0271708 0.0
0.564903 0.0263515 0.0
0.5744 0.025558 0.0
0.583611 0.0247898 0.0
0.592548 0.0240463 0.0
0.601219 0.0233266 0.0
0.609635 0.0226301 0.0
0.617804 0.0219562 0.0
0.625735 0.0213039 0.0
0.633438 0.0206727 0.0
0.64092 0.0200619 0.0
0.648189 0.0194706 0.0
0.655252 0.0188983 0.0
0.662118 0.0183443 0.0
0.668793 0.0178079 0.0
0.675283 0.0172884 0.0
0.681596 0.0167853 0.0
0.687736 0.0162979 0.0
0.693711 0.0158257 0.0
0.699524 0.015368 0.0
0.705183 0.0149244 0.0
0.710691 0.0144942 0.0
0.716053 0.014077 0.0
0.721275 0.0136722 0.0
0.726359 0.0132794 0.0
0.73131 0.0128979 0.0
0.736132 0.0125274 0.0
0.740829 0.0121673 0.0
0.745402 0.0118172 0.0
0.749857 0.0114765 0.0
0.754195 0.0111447 0.0
0.758418 0.0108214 0.0
0.762531 0.0105061 0.0
0.766533 0.0101981 0.0
0.770428 0.00989692 0.0
0.774217 0.00960199 0.0
0.777901 0.00931265 0.0
0.781481 0.00902821 0.0
0.784959 0.00874795 0.0
0.788334 0.00847103 0.0
0.791607 0.00819655 0.0
0.794778 0.00792347 0.0
0.797845 0.00765063 0.0
0.800808 0.00737666 0.0
0.803666 0.00709999 0.0
0.806414 0.00681873 0.0
0.809052 0.00653064 0.0
0.811573 0.00623298 0.0
0.813974 0.00592242 0.0
0.816248 0.00559476 0.0
0.818387 0.00524474 0.0
0.820379 0.00486563 0.0
0.822213 0.00444868 0.0
0.823871 0.00398239 0.0
0.825334 0.00345132 0.0
0.826573 0.0028346 0.0
0.827556 0.00210432 0.0
0.82824 0.00123183 0.0
0.828594 0.000278083 0.0
0.999949 -0.000101085 0.0
0.999743 -0.000303891 0.0
0.999331 -0.000508781 0.0
0.998711 -0.000717228 0.0
0.997881 -0.000930752 0.0
0.996836 -0.00115094 0.0
0.995573 -0.00137945 0.0
0.994086 -0.00161809 0.0
0.992368 -0.00186877 0.0
0.990411 -0.00213359 0.0
0.988205 -0.00241484 0.0
0.985738 -0.0027151 0.0
0.983 -0.00303719 0.0
0.979973 -0.00338434 0.0
0.976642 -0.00376017 0.0
0.972987 -0.00416885 0.0
0.968985 -0.00461513 0.0
0.96461 -0.00510453 0.0
0.959834 -0.00564348 0.0
0.954621 -0.00623949 0.0
0.948933 -0.00690143 0.0
0.942724 -0.00763985 0.0
0.935939 -0.00846736 0.0
0.928518 -0.00939915 0.0
0.920388 -0.0104537 0.0
0.911461 -0.0116536 0.0
0.901635 -0.0130268 0.0
0.890789 -0.0146082 0.0
0.878773 -0.0164418 0.0
0.86541 -0.0185836 0.0
0.85048 -0.0211061 0.0
0.833711 -0.0241041 0.0
0.814764 -0.0277032 0.0
0.79321 -0.0320732 0.0
0.768499 -0.0374469 0.0
0.739918 -0.0441503 0.0
0.706526 -0.0526483 0.0
0.667063 -0.0636176 0.0
0.619807 -0.0780595 0.0
0.56234 -0.0974655 0.0
0.491123 -0.123997 0.0
0.400622 -0.160273 0.0
0.281856 -0.20589 0.0
0.126609 -0.231146 0.0
0.0196022 0 0.0
0 0 0.0
0 0 0.0
0 0 0.0
0 0 0.0
0 0 0.0
0 0 0.0
0 0 0.0
0 0 0.0
0 0 0.0
0 0 0.0
-0.000479308 0 0.0
-0.0126811 -0.0333427 0.0
-0.0358613 -0.0382201 0.0
-0.057438 -0.0353276 0.0
-0.0764409 -0.0311172 0.0
-0.0932114 -0.0274142 0.0
-0.108224 -0.0245741 0.0
-0.121925 -0.0225258 0.0
-0.134689 -0.0211073 0.0
-0.146817 -0.0201641 0.0
-0.158543 -0.0195704 0.0
-0.170041 -0.019228 0.0
-0.181442 -0.0190598 0.0
-0.192836 -0.0190039 0.0
-0.204282 -0.0190097 0.0
-0.215811 -0.0190344 0.0
-0.227427 -0.0190408 0.0
-0.239115 -0.0189961 0.0
-0.250838 -0.018871 0.0
-0.262541 -0.0186391 0.0
-0.274152 -0.0182769 0.0
-0.285583 -0.017763 0.0
-0.296733 -0.0170791 0.0
-0.307486 -0.0162093 0.0
-0.317718 -0.0151411 0.0
-0.327296 -0.0138655 0.0
-0.336078 -0.0123773 0.0
-0.343921 -0.0106759 0.0
-0.35068 -0.00876609 0.0
-0.356214 -0.00665847 0.0
-0.360388 -0.00437034 0.0
-0.363082 -0.00192609 0.0
-0.364188 0.00064172 0.0
-0.363632 0.00331683 0.0
-0.361374 0.00604458 0.0
-0.357395 0.00877671 0.0
-0.35169 0.0114764 0.0
-0.344274 0.014115 0.0
-0.335178 0.0166687 0.0
-0.324453 0.0191161 0.0
-0.312164 0.0214381 0.0
-0.29839 0.0236179 0.0
-0.283223 0.0256414 0.0
-0.266763 0.0274974 0.0
-0.249119 0.0291767 0.0
-0.230404 0.0306731 0.0
-0.210739 0.0319837 0.0
-0.190244 0.0331093 0.0
-0.169039 0.0340532 0.0
-0.147242 0.0348205 0.0
-0.124967 0.035417 0.0
-0.102327 0.0358492 0.0
-0.079426 0.0361281 0.0
-0.0563645 0.0362643 0.0
-0.0332345 0.0362672 0.0
-0.0101225 0.0361467 0.0
0.0128923 0.0359162 0.0
0.0357423 0.0355871 0.0
0.0583686 0.0351746 0.0
0.0807186 0.0346916 0.0
0.102747 0.0341484 0.0
0.124414 0.0335545 0.0
0.145688 0.0329186 0.0
0.166543 0.0322485 0.0
0.186957 0.0315515 0.0
0.206913 0.0308341 0.0
0.226398 0.0301019 0.0
0.245405 0.0293603 0.0
0.263927 0.0286135 0.0
0.281962 0.0278657 0.0
0.299511 0.0271201 0.0
0.316576 0.0263796 0.0
0.33316 0.0256468 0.0
0.349271 0.0249237 0.0
0.364915 0.024212 0.0
0.380102 0.0235131 0.0
0.394839 0.0228281 0.0
0.409139 0.0221579 0.0
0.423011 0.0215031 0.0
0.436466 0.0208643 0.0
0.449516 0.0202416 0.0
0.462173 0.0196354 0.0
0.474449 0.0190455 0.0
0.486355 0.018472 0.0
0.497903 0.0179148 0.0
0.509105 0.0173736 0.0
0.519972 0.0168482 0.0
0.530515 0.0163382 0.0
0.540746 0.0158435 0.0
0.550675 0.0153635 0.0
0.560313 0.014898 0.0
0.56967 0.0144465 0.0
0.578755 0.0140087 0.0
0.58758 0.0135841 0.0
0.596151 0.0131724 0.0
0.604479 0.0127732 0.0
0.612573 0.012386 0.0
0.62044 0.0120105 0.0
0.628088 0.0116464 0.0
0.635524 0.0112933 0.0
0.642758 0.0109508 0.0
0.649794 0.0106186 0.0
0.65664 0.0102963 0.0
0.663302 0.00998375 0.0
0.669787 0.00968051 0.0
0.6761 0.00938633 0.0
0.682246 0.00910092 0.0
0.688232 0.00882399 0.0
0.694061 0.00855529 0.0
0.699739 0.00829453 0.0
0.70527 0.00804147 0.0
0.710658 0.00779585 0.0
0.715908 0.0075574 0.0
0.721023 0.00732588 0.0
0.726006 0.00710103 0.0
0.730861 0.00688259 0.0
0.735592 0.0066703 0.0
0.7402 0.00646388 0.0
0.744688 0.00626304 0.0
0.749059 0.00606749 0.0
0.753314 0.00587692 0.0
0.757456 0.00569099 0.0
0.761486 0.00550933 0.0
0.765405 0.00533155 0.0
0.769215 0.00515721 0.0
0.772915 0.00498584 0.0
0.776507 0.00481688 0.0
0.779989 0.00464972 0.0
0.783362 0.00448365 0.0
0.786625 0.00431786 0.0
0.789775 0.00415137 0.0
0.79281 0.00398306 0.0
0.795727 0.00381153 0.0
0.798522 0.00363514 0.0
0.801189 0.00345182 0.0
0.803721 0.003259 0.0
0.80611 0.00305346 0.0
0.808343 0.00283101 0.0
0.810406 0.00258625 0.0
0.81228 0.00231198 0.0
0.813941 0.00199849 0.0
0.815356 0.0016325 0.0
0.816483 0.00119603 0.0
0.817269 0.000669949 0.0
0.817666 8.94685e-05 0.0
0.999948 1.91509e-06 0.0
0.999742 5.32549e-06 0.0
0.999328 7.79373e-06 0.0
0.998705 8.78882e-06 0.0
0.99787 7.76461e-06 0.0
0.996821 4.15293e-06 0.0
0.995551 -2.64388e-06 0.0
0.994056 -1.32612e-05 0.0
0.992329 -2.83815e-05 0.0
0.990361 -4.87444e-05 0.0
0.988142 -7.51591e-05 0.0
0.985662 -0.000108518 0.0
0.982907 -0.000149815 0.0
0.979861 -0.00020016 0.0
0.976509 -0.000260811 0.0
0.972829 -0.000333194 0.0
0.968799 -0.000418945 0.0
0.964392 -0.000519947 0.0
0.959578 -0.00063839 0.0
0.954323 -0.000776831 0.0
0.948585 -0.000938283 0.0
0.942318 -0.00112632 0.0
0.935466 -0.00134522 0.0
0.927965 -0.00160011 0.0
0.91974 -0.00189726 0.0
0.910701 -0.00224432 0.0
0.900741 -0.00265076 0.0
0.889732 -0.00312844 0.0
0.877518 -0.0036923 0.0
0.863909 -0.00436148 0.0
0.848671 -0.00516074 0.0
0.831513 -0.00612261 0.0
0.812066 -0.0072905 0.0
0.789857 -0.00872335 0.0
0.764274 -0.0105027 0.0
0.734504 -0.0127436 0.0
0.699452 -0.0156119 0.0
0.657613 -0.0193518 0.0
0.60687 -0.0243264 0.0
0.544209 -0.0310716 0.0
0.465357 -0.0403211 0.0
0.36466 -0.0527519 0.0
0.237142 -0.0671278 0.0
0.0927566 -0.0702754 0.0
0.00964509 0 0.0
0 0 0.0
0 0 0.0
0 0 0.0
0 0 0.0
0 0 0.0
0 0 0.0
0 0 0.0
0 0 0.0
0 0 0.0
0 0 0.0
0.000598379 0 0.0
-0.00927067 -0.011153 0.0
-0.0326456 -0.013855 0.0
-0.0576419 -0.01312 0.0
-0.0803211 -0.0116428 0.0
-0.100149 -0.0102906 0.0
-0.117587 -0.00924676 0.0
-0.133248 -0.00849209 0.0
-0.147661 -0.00796449 0.0
-0.161235 -0.00760431 0.0
-0.174277 -0.00736356 0.0
-0.187008 -0.00720533 0.0
-0.199589 -0.00710115 0.0
-0.212129 -0.00702869 0.0
-0.224698 -0.00696995 0.0
-0.237334 -0.00691006 0.0
-0.250046 -0.00683647 0.0
-0.262821 -0.00673838 0.0
-0.27562 -0.0066064 0.0
-0.288388 -0.00643234 0.0
-0.301052 -0.00620908 0.0
-0.313522 -0.00593049 0.0
-0.325693 -0.00559148 0.0
-0.337449 -0.005188 0.0
-0.348662 -0.00471715 0.0
-0.359197 -0.00417733 0.0
-0.368912 -0.00356832 0.0
-0.377663 -0.0028915 0.0
-0.385305 -0.00215001 0.0
-0.391697 -0.00134897 0.0
-0.396707 -0.000495471 0.0
-0.400216 0.000402168 0.0
-0.402134 0.00133728 0.0
-0.402383 0.00231277 0.0
-0.40089 0.00329822 0.0
-0.397614 0.00426727 0.0
-0.392538 0.00520462 0.0
-0.385669 0.006102 0.0
-0.37704 0.00695573 0.0
-0.366698 0.0077615 0.0
-0.354709 0.00851499 0.0
-0.341154 0.00921239 0.0
-0.326125 0.00985056 0.0
-0.309724 0.0104271 0.0
-0.292063 0.0109405 0.0
-0.273257 0.0113897 0.0
-0.253431 0.0117752 0.0
-0.232707 0.0120983 0.0
-0.211209 0.0123611 0.0
-0.189059 0.0125659 0.0
-0.166378 0.0127152 0.0
-0.14328 0.012812 0.0
-0.119876 0.0128603 0.0
-0.0962689 0.0128637 0.0
-0.0725571 0.0128257 0.0
-0.0488311 0.0127499 0.0
-0.0251737 0.0126404 0.0
-0.00166116 0.0125 0.0
0.0216392 0.0123346 0.0
0.0446715 0.012149 0.0
0.0673881 0.0119461 0.0
0.0897483 0.011729 0.0
0.111717 0.0115003 0.0
0.133267 0.0112623 0.0
0.154373 0.0110173 0.0
0.175018 0.0107671 0.0
0.195188 0.0105134 0.0
0.214872 0.0102577 0.0
0.234065 0.0100012 0.0
0.252762 0.00974497 0.0
0.270964 0.00949 0.0
0.288672 0.00923704 0.0
0.30589 0.0089867 0.0
0.322623 0.00873952 0.0
0.338878 0.00849591 0.0
0.354665 0.00825621 0.0
0.369991 0.00802064 0.0
0.384867 0.00778942 0.0
0.399304 0.00756265 0.0
0.413313 0.00734042 0.0
0.426905 0.00712277 0.0
0.440092 0.0069097 0.0
0.452886 0.0067012 0.0
0.465299 0.00649723 0.0
0.477343 0.00629772 0.0
0.489029 0.00610262 0.0
0.500369 0.00591184 0.0
0.511374 0.00572531 0.0
0.522057 0.00554293 0.0
0.532427 0.00536464 0.0
0.542495 0.00519033 0.0
0.552272 0.00501994 0.0
0.561768 0.00485338 0.0
0.570993 0.00469058 0.0
0.579955 0.00453148 0.0
0.588665 0.004376 0.0
0.59713 0.00422411 0.0
0.60536 0.00407573 0.0
0.613362 0.00393084 0.0
0.621145 0.00378938 0.0
0.628715 0.00365134 0.0
0.636079 0.00351667 0.0
0.643246 0.00338535 0.0
0.650221 0.00325737 0.0
0.65701 0.00313271 0.0
0.66362 0.00301134 0.0
0.670056 0.00289327 0.0
0.676323 0.00277848 0.0
0.682427 0.00266696 0.0
0.688373 0.00255871 0.0
0.694166 0.00245371 0.0
0.699809 0.00235196 0.0
0.705306 0.00225343 0.0
0.710663 0.00215813 0.0
0.715882 0.00206603 0.0
0.720967 0.00197709 0.0
0.725921 0.00189131 0.0
0.730747 0.00180864 0.0
0.735448 0.00172903 0.0
0.740026 0.00165245 0.0
0.744483 0.00157881 0.0
0.748822 0.00150806 0.0
0.753044 0.0014401 0.0
0.75715 0.00137484 0.0
0.761142 0.00131216 0.0
0.765021 0.00125191 0.0
0.768786 0.00119394 0.0
0.772437 0.00113806 0.0
0.775975 0.00108404 0.0
0.779399 0.00103164 0.0
0.782705 0.00098055 0.0
0.785893 0.0009304 0.0
0.788959 0.00088076 0.0
0.791899 0.000831106 0.0
0.794707 0.000780796 0.0
0.797375 0.000729038 0.0
0.799895 0.000674835 0.0
0.802254 0.000616923 0.0
0.804438 0.000553661 0.0
0.806425 0.000482889 0.0
0.80819 0.000401707 0.0
0.809698 0.00030615 0.0
0.810902 0.000190834 0.0
0.811741 4.98622e-05 0.0
0.812161 -0.00010791 0.0
0.999948 0.000105175 0.0
0.999742 0.000315322 0.0
0.999327 0.000525677 0.0
0.998704 0.00073666 0.0
0.99787 0.000948702 0.0
0.99682 0.00116226 0.0
0.99555 0.00137782 0.0
0.994055 0.0015959 0.0
0.992328 0.00181708 0.0
0.99036 0.00204199 0.0
0.988141 0.00227131 0.0
0.98566 0.00250584 0.0
0.982904 0.00274646 0.0
0.979859 0.00299419 0.0
0.976506 0.00325016 0.0
0.972826 0.00351573 0.0
0.968795 0.00379242 0.0
0.964388 0.00408204 0.0
0.959574 0.00438671 0.0
0.954319 0.00470891 0.0
0.948581 0.0050516 0.0
0.942313 0.00541832 0.0
0.935462 0.00581333 0.0
0.927962 0.00624176 0.0
0.919737 0.00670991 0.0
0.910699 0.00722549 0.0
0.90074 0.0077981 0.0
0.889732 0.00843974 0.0
0.87752 0.00916561 0.0
0.863914 0.00999515 0.0
0.84868 0.0109536 0.0
0.831527 0.012074 0.0
0.812087 0.0134006 0.0
0.789887 0.0149933 0.0
0.764316 0.0169349 0.0
0.734563 0.0193419 0.0
0.699535 0.022382 0.0
0.657727 0.026301 0.0
0.607028 0.0314626 0.0
0.544427 0.0384004 0.0
0.46565 0.0478363 0.0
0.365028 0.0604095 0.0
0.237521 0.0747344 0.0
0.0929521 0.0768171 0.0
0.00966293 0 0.0
0 0 0.0
0 0 0.0
0 0 0.0
0 0 0.0
0 0 0.0
0 0 0.0
0 0 0.0
0 0 0.0
0 0 0.0
0 0 0.0
0.000597633 0 0.0
-0.00930174 0.0098113 0.0
-0.0327536 0.0120072 0.0
-0.0578495 0.0111097 0.0
-0.0806322 0.00958922 0.0
-0.100561 0.00823338 0.0
-0.118096 0.00720253 0.0
-0.13385 0.0064737 0.0
-0.148355 0.00598651 0.0
-0.16202 0.00568403 0.0
-0.175151 0.00552088 0.0
-0.187972 0.00546221 0.0
-0.200641 0.00548113 0.0
-0.213269 0.00555627 0.0
-0.225925 0.00567002 0.0
-0.238647 0.00580731 0.0
-0.251443 0.00595485 0.0
-0.2643 0.00610055 0.0
-0.277179 0.00623328 0.0
-0.290026 0.00634267 0.0
-0.302765 0.00641901 0.0
-0.315308 0.00645329 0.0
-0.327549 0.00643719 0.0
-0.339374 0.00636324 0.0
-0.350654 0.00622489 0.0
-0.361255 0.00601668 0.0
-0.371037 0.00573445 0.0
-0.379856 0.00537555 0.0
-0.387571 0.00493914 0.0
-0.394044 0.00442644 0.0
-0.399147 0.00384122 0.0
-0.402763 0.00319106 0.0
-0.404788 0.00249125 0.0
-0.405128 0.00174705 0.0
-0.403706 0.000949557 0.0
-0.400467 0.000100194 0.0
-0.395393 -0.000779398 0.0
-0.388503 -0.00167252 0.0
-0.379837 -0.00256572 0.0
-0.369449 -0.00344729 0.0
-0.357407 -0.00430688 0.0
-0.343793 -0.00513527 0.0
-0.328699 -0.00592442 0.0
-0.312231 -0.00666748 0.0
-0.294499 -0.00735876 0.0
-0.275622 -0.00799352 0.0
-0.255722 -0.00856813 0.0
-0.234925 -0.00908033 0.0
-0.213354 -0.00952923 0.0
-0.191132 -0.00991493 0.0
-0.16838 -0.0102382 0.0
-0.145212 -0.0105004 0.0
-0.12174 -0.0107038 0.0
-0.0980679 -0.0108516 0.0
-0.0742923 -0.0109467 0.0
-0.0505043 -0.0109921 0.0
-0.026787 -0.0109925 0.0
-0.00321653 -0.0109503 0.0
0.0201399 -0.0108721 0.0
0.0432263 -0.0107633 0.0
0.0659954 -0.0106276 0.0
0.0884066 -0.0104687 0.0
0.110425 -0.0102901 0.0
0.132023 -0.0100949 0.0
0.153177 -0.00988615 0.0
0.173869 -0.0096666 0.0
0.194085 -0.00943878 0.0
0.213815 -0.00920494 0.0
0.233054 -0.00896715 0.0
0.251796 -0.00872723 0.0
0.270043 -0.00848679 0.0
0.287796 -0.00824727 0.0
0.305059 -0.00800989 0.0
0.321837 -0.00777572 0.0
0.338138 -0.00754569 0.0
0.35397 -0.00732056 0.0
0.369342 -0.00710097 0.0
0.384264 -0.00688744 0.0
0.398746 -0.00668041 0.0
0.412801 -0.00648018 0.0
0.426439 -0.00628699 0.0
0.439672 -0.00610102 0.0
0.452512 -0.00592236 0.0
0.464971 -0.00575104 0.0
0.47706 -0.00558706 0.0
0.488792 -0.00543035 0.0
0.500177 -0.00528082 0.0
0.511227 -0.00513834 0.0
0.521954 -0.00500274 0.0
0.532368 -0.00487385 0.0
0.542479 -0.00475146 0.0
0.552299 -0.00463535 0.0
0.561837 -0.00452527 0.0
0.571102 -0.00442098 0.0
0.580105 -0.00432222 0.0
0.588853 -0.00422872 0.0
0.597356 -0.00414022 0.0
0.605623 -0.00405643 0.0
0.613661 -0.00397709 0.0
0.621477 -0.0039019 0.0
0.62908 -0.0038306 0.0
0.636477 -0.0037629 0.0
0.643673 -0.00369852 0.0
0.650677 -0.0036372 0.0
0.657493 -0.00357867 0.0
0.664129 -0.00352265 0.0
0.670589 -0.0034689 0.0
0.676879 -0.00341714 0.0
0.683004 -0.00336713 0.0
0.688969 -0.00331862 0.0
0.694779 -0.00327137 0.0
0.700438 -0.00322515 0.0
0.70595 -0.00317973 0.0
0.711319 -0.00313488 0.0
0.716549 -0.0030904 0.0
0.721644 -0.00304605 0.0
0.726605 -0.00300166 0.0
0.731438 -0.002957 0.0
0.736143 -0.00291188 0.0
0.740724 -0.00286612 0.0
0.745184 -0.00281951 0.0
0.749523 -0.00277188 0.0
0.753744 -0.00272302 0.0
0.757848 -0.00267275 0.0
0.761836 -0.00262086 0.0
0.76571 -0.00256715 0.0
0.769469 -0.00251139 0.0
0.773113 -0.00245334 0.0
0.776643 -0.00239272 0.0
0.780057 -0.00232923 0.0
0.783354 -0.0022625 0.0
0.786532 -0.0021921 0.0
0.789586 -0.0021175 0.0
0.792514 -0.00203808 0.0
0.795309 -0.00195301 0.0
0.797964 -0.00186128 0.0
0.800471 -0.00176157 0.0
0.802817 -0.00165217 0.0
0.804987 -0.00153077 0.0
0.806961 -0.0013943 0.0
0.808713 -0.00123854 0.0
0.810209 -0.00105763 0.0
0.811403 -0.000843505 0.0
0.812235 -0.000587664 0.0
0.812652 -0.000307705 0.0
0.999949 0.000208208 0.0
0.999743 0.000624637 0.0
0.99933 0.00104242 0.0
0.99871 0.0014629 0.0
0.99788 0.00188751 0.0
0.996835 0.0023177 0.0
0.995571 0.00275504 0.0
0.994084 0.0032012 0.0
0.992365 0.00365799 0.0
0.990407 0.0041274 0.0
0.988199 0.00461161 0.0
0.985732 0.00511307 0.0
0.982992 0.00563452 0.0
0.979965 0.00617906 0.0
0.976632 0.00675024 0.0
0.972976 0.00735209 0.0
0.968973 0.0079893 0.0
0.964597 0.00866729 0.0
0.95982 0.0093924 0.0
0.954607 0.0101721 0.0
0.948918 0.0110152 0.0
0.942707 0.0119321 0.0
0.935923 0.0129355 0.0
0.928502 0.0140406 0.0
0.920371 0.0152658 0.0
0.911445 0.0166337 0.0
0.901621 0.0181725 0.0
0.890777 0.0199172 0.0
0.878765 0.0219118 0.0
0.865407 0.0242128 0.0
0.850483 0.0268929 0.0
0.833723 0.0300473 0.0
0.814789 0.0338023 0.0
0.793251 0.0383284 0.0
0.768562 0.0438592 0.0
0.740011 0.0507217 0.0
0.70666 0.059382 0.0
0.66725 0.0705175 0.0
0.620066 0.0851295 0.0
0.562692 0.104708 0.0
0.491588 0.131409 0.0
0.401207 0.167839 0.0
0.282504 0.213515 0.0
0.12706 0.23805 0.0
0.0197262 0 0.0
0 0 0.0
0 0 0.0
0 0 0.0
0 0 0.0
0 0 0.0
0 0 0.0
0 0 0.0
0 0 0.0
0 0 0.0
0 0 0.0
-0.000476641 0 0.0
-0.0127723 0.0321272 0.0
-0.0361889 0.0365596 0.0
-0.0580501 0.0335142 0.0
-0.077338 0.029255 0.0
-0.0943835 0.0255412 0.0
-0.109663 0.0227087 0.0
-0.123624 0.020683 0.0
-0.136646 0.0193034 0.0
-0.149031 0.0184176 0.0
-0.161015 0.0179018 0.0
-0.172772 0.0176595 0.0
-0.184434 0.0176146 0.0
-0.19609 0.0177063 0.0
-0.207798 0.0178841 0.0
-0.219588 0.0181048 0.0
-0.231465 0.0183305 0.0
-0.243411 0.0185271 0.0
-0.255389 0.0186637 0.0
-0.267343 0.0187117 0.0
-0.279198 0.018645 0.0
-0.290868 0.0184396 0.0
-0.30225 0.018074 0.0
-0.313229 0.0175292 0.0
-0.323679 0.0167893 0.0
-0.333468 0.0158417 0.0
-0.342454 0.0146776 0.0
-0.350496 0.0132931 0.0
-0.357449 0.0116889 0.0
-0.363172 0.00987225 0.0
-0.36753 0.00785642 0.0
-0.370401 0.00566177 0.0
-0.371669 0.00331425 0.0
-0.371242 0.000836702 0.0
-0.369047 -0.00175702 0.0
-0.365064 -0.00441602 0.0
-0.359309 -0.00709236 0.0
-0.351809 -0.00974988 0.0
-0.342603 -0.0123603 0.0
-0.331747 -0.0148972 0.0
-0.31931 -0.0173361 0.0
-0.305375 -0.0196554 0.0
-0.290037 -0.0218363 0.0
-0.273398 -0.0238632 0.0
-0.25557 -0.0257236 0.0
-0.236668 -0.0274077 0.0
-0.216814 -0.0289084 0.0
-0.196129 -0.0302228 0.0
-0.174735 -0.0313516 0.0
-0.152752 -0.0322977 0.0
-0.130294 -0.0330658 0.0
-0.107474 -0.0336609 0.0
-0.0843981 -0.0340917 0.0
-0.0611659 -0.0343687 0.0
-0.0378697 -0.0345016 0.0
-0.0145962 -0.0344989 0.0
0.00857528 -0.0343747 0.0
0.0315768 -0.0341404 0.0
0.05435 -0.0338119 0.0
0.0768428 -0.0334029 0.0
0.0990098 -0.0329243 0.0
0.120813 -0.0323864 0.0
0.14222 -0.0317985 0.0
0.163204 -0.0311694 0.0
0.183746 -0.0305073 0.0
0.203827 -0.0298193 0.0
0.223437 -0.0291122 0.0
0.242567 -0.0283917 0.0
0.261211 -0.0276632 0.0
0.279369 -0.0269313 0.0
0.297039 -0.0262001 0.0
0.314225 -0.0254731 0.0
0.330931 -0.0247533 0.0
0.347163 -0.0240433 0.0
0.362929 -0.0233454 0.0
0.378238 -0.0226613 0.0
0.393098 -0.0219926 0.0
0.40752 -0.0213403 0.0
0.421515 -0.0207055 0.0
0.435094 -0.0200888 0.0
0.448268 -0.0194907 0.0
0.461049 -0.0189115 0.0
0.473448 -0.0183514 0.0
0.485478 -0.0178104 0.0
0.497149 -0.0172883 0.0
0.508473 -0.0167851 0.0
0.519462 -0.0163003 0.0
0.530126 -0.0158338 0.0
0.540477 -0.0153849 0.0
0.550524 -0.0149534 0.0
0.560279 -0.0145386 0.0
0.569751 -0.0141401 0.0
0.57895 -0.0137573 0.0
0.587885 -0.0133896 0.0
0.596565 -0.0130365 0.0
0.604999 -0.0126974 0.0
0.613196 -0.0123716 0.0
0.621163 -0.0120586 0.0
0.628907 -0.0117578 0.0
0.636438 -0.0114686 0.0
0.643761 -0.0111904 0.0
0.650884 -0.0109226 0.0
0.657813 -0.0106646 0.0
0.664554 -0.010416 0.0
0.671113 -0.010176 0.0
0.677497 -0.00994434 0.0
0.68371 -0.00972032 0.0
0.689757 -0.00950346 0.0
0.695644 -0.00929326 0.0
0.701375 -0.00908923 0.0
0.706955 -0.00889088 0.0
0.712388 -0.00869774 0.0
0.717678 -0.00850936 0.0
0.722829 -0.00832527 0.0
0.727843 -0.00814504 0.0
0.732725 -0.00796821 0.0
0.737478 -0.00779437 0.0
0.742104 -0.00762308 0.0
0.746607 -0.00745391 0.0
0.750988 -0.00728642 0.0
0.755249 -0.00712019 0.0
0.759393 -0.00695477 0.0
0.763422 -0.00678969 0.0
0.767336 -0.00662448 0.0
0.771137 -0.00645862 0.0
0.774825 -0.00629157 0.0
0.778401 -0.00612272 0.0
0.781866 -0.00595141 0.0
0.785218 -0.00577688 0.0
0.788457 -0.00559828 0.0
0.791581 -0.00541457 0.0
0.794588 -0.00522457 0.0
0.797475 -0.00502683 0.0
0.800238 -0.00481956 0.0
0.802871 -0.00460058 0.0
0.805369 -0.0043671 0.0
0.807722 -0.00411561 0.0
0.809919 -0.00384153 0.0
0.811946 -0.00353886 0.0
0.813786 -0.00319962 0.0
0.815413 -0.00281295 0.0
0.816797 -0.00236396 0.0
0.817898 -0.00183251 0.0
0.818665 -0.00119758 0.0
0.819053 -0.000503324 0.0
0.999949 0.000310533 0.0
0.999745 0.00093182 0.0
0.999337 0.00155557 0.0
0.998722 0.00218407 0.0
0.997899 0.00281967 0.0
0.996865 0.00346484 0.0
0.995613 0.00412219 0.0
0.99414 0.00479451 0.0
0.992439 0.00548481 0.0
0.990501 0.00619641 0.0
0.988318 0.00693294 0.0
0.985878 0.00769845 0.0
0.983169 0.00849747 0.0
0.980177 0.00933514 0.0
0.976886 0.0102173 0.0
0.973277 0.0111505 0.0
0.969328 0.0121426 0.0
0.965015 0.0132023 0.0
0.960309 0.0143401 0.0
0.955179 0.0155681 0.0
0.949586 0.0169006 0.0
0.943488 0.0183547 0.0
0.936834 0.0199507 0.0
0.929568 0.0217131 0.0
0.921619 0.0236717 0.0
0.91291 0.0258627 0.0
0.903347 0.028331 0.0
0.892817 0.0311323 0.0
0.881189 0.0343364 0.0
0.868303 0.038032 0.0
0.853967 0.0423329 0.0
0.837947 0.0473866 0.0
0.819957 0.0533873 0.0
0.799644 0.0605939 0.0
0.776569 0.0693568 0.0
0.750186 0.0801583 0.0
0.71981 0.0936726 0.0
0.684587 0.110859 0.0
0.643458 0.133102 0.0
0.595148 0.162419 0.0
0.538244 0.201706 0.0
0.471587 0.25458 0.0
0.395615 0.321448 0.0
0.311854 0.369322 0.0
0.134095 0.140919 0.0
0 0 0.0
0 0 0.0
0 0 0.0
0 0 0.0
0 0 0.0
0 0 0.0
0 0 0.0
0 0 0.0
0 0 0.0
0 0 0.0
-0.0143384 0.0155192 0.0
-0.034248 0.0495172 0.0
-0.0455304 0.0538683 0.0
-0.0572875 0.0498236 0.0
-0.0693221 0.0442678 0.0
-0.0810639 0.0393154 0.0
-0.0923032 0.0354525 0.0
-0.103043 0.0326395 0.0
-0.113373 0.030699 0.0
-0.12341 0.0294445 0.0
-0.133267 0.0287147 0.0
-0.143041 0.0283777 0.0
-0.152809 0.028326 0.0
-0.162629 0.0284705 0.0
-0.172537 0.0287354 0.0
-0.182548 0.0290547 0.0
-0.19266 0.0293692 0.0
-0.202851 0.0296255 0.0
-0.213083 0.0297744 0.0
-0.223299 0.0297706 0.0
-0.23343 0.0295722 0.0
-0.243389 0.0291411 0.0
-0.253078 0.028443 0.0
-0.262387 0.0274475 0.0
-0.271195 0.0261293 0.0
-0.279373 0.0244683 0.0
-0.286787 0.0224507 0.0
-0.293295 0.0200698 0.0
-0.298757 0.0173272 0.0
-0.303035 0.0142339 0.0
-0.305993 0.0108113 0.0
-0.307508 0.00709179 0.0
-0.307471 0.00311669 0.0
-0.305795 -0.00107022 0.0
-0.302442 -0.00539755 0.0
-0.297425 -0.0097762 0.0
-0.290761 -0.0141516 0.0
-0.282476 -0.0184757 0.0
-0.272612 -0.0227045 0.0
-0.261225 -0.0267965 0.0
-0.248385 -0.0307143 0.0
-0.234173 -0.0344245 0.0
-0.21868 -0.0378984 0.0
-0.202008 -0.0411123 0.0
-0.184263 -0.0440484 0.0
-0.165556 -0.0466917 0.0
-0.146003 -0.0490321 0.0
-0.125721 -0.0510659 0.0
-0.104826 -0.0527969 0.0
-0.0834314 -0.0542308 0.0
-0.0616446 -0.0553773 0.0
-0.0395703 -0.0562442 0.0
-0.0173087 -0.0568462 0.0
0.00504693 -0.0572022 0.0
0.0274112 -0.0573287 0.0
0.0497081 -0.0572425 0.0
0.0718709 -0.0569656 0.0
0.0938396 -0.05652 0.0
0.115561 -0.0559272 0.0
0.136988 -0.0552075 0.0
0.158079 -0.0543787 0.0
0.178802 -0.0534575 0.0
0.199126 -0.0524591 0.0
0.21903 -0.0513975 0.0
0.238495 -0.0502856 0.0
0.257507 -0.049135 0.0
0.276056 -0.047956 0.0
0.294136 -0.046758 0.0
0.311744 -0.0455493 0.0
0.328879 -0.0443371 0.0
0.345542 -0.0431277 0.0
0.361737 -0.0419267 0.0
0.377469 -0.0407386 0.0
0.392746 -0.0395675 0.0
0.407575 -0.0384167 0.0
0.421965 -0.037289 0.0
0.435926 -0.0361865 0.0
0.449468 -0.0351111 0.0
0.462603 -0.0340641 0.0
0.47534 -0.0330464 0.0
0.487691 -0.0320588 0.0
0.499668 -0.0311016 0.0
0.511282 -0.0301751 0.0
0.522545 -0.0292791 0.0
0.533467 -0.0284135 0.0
0.54406 -0.0275778 0.0
0.554336 -0.0267717 0.0
0.564303 -0.0259945 0.0
0.573974 -0.0252455 0.0
0.583357 -0.0245241 0.0
0.592464 -0.0238293 0.0
0.601302 -0.0231604 0.0
0.609883 -0.0225165 0.0
0.618214 -0.0218967 0.0
0.626304 -0.0213001 0.0
0.634162 -0.0207258 0.0
0.641795 -0.0201729 0.0
0.649211 -0.0196405 0.0
0.656417 -0.0191276 0.0
0.663421 -0.0186333 0.0
0.670229 -0.0181569 0.0
0.676847 -0.0176973 0.0
0.683282 -0.0172539 0.0
0.68954 -0.0168256 0.0
0.695625 -0.0164118 0.0
0.701545 -0.0160115 0.0
0.707303 -0.0156241 0.0
0.712904 -0.0152488 0.0
0.718353 -0.0148847 0.0
0.723655 -0.0145313 0.0
0.728814 -0.0141877 0.0
0.733833 -0.0138533 0.0
0.738717 -0.0135274 0.0
0.743468 -0.0132094 0.0
0.748091 -0.0128984 0.0
0.752588 -0.012594 0.0
0.756962 -0.0122955 0.0
0.761215 -0.0120021 0.0
0.765351 -0.0117133 0.0
0.769371 -0.0114284 0.0
0.773278 -0.0111467 0.0
0.777073 -0.0108675 0.0
0.780757 -0.0105902 0.0
0.784333 -0.0103139 0.0
0.787801 -0.0100379 0.0
0.791161 -0.00976126 0.0
0.794414 -0.00948305 0.0
0.797561 -0.00920219 0.0
0.8006 -0.00891749 0.0
0.803531 -0.00862755 0.0
0.806352 -0.00833075 0.0
0.809061 -0.00802518 0.0
0.811656 -0.00770852 0.0
0.814133 -0.00737797 0.0
0.816487 -0.00703007 0.0
0.818712 -0.00666049 0.0
0.8208 -0.00626372 0.0
0.822742 -0.00583274 0.0
0.824525 -0.00535835 0.0
0.826134 -0.00482846 0.0
0.82755 -0.00422682 0.0
0.828746 -0.00353145 0.0
0.829693 -0.00271308 0.0
0.830351 -0.00174228 0.0
0.830692 -0.000688646 0.0
0.99995 0.000411677 0.0
0.999749 0.00123545 0.0
0.999346 0.00206276 0.0
0.99874 0.00289678 0.0
0.997929 0.00374078 0.0
0.996909 0.00459818 0.0
0.995676 0.0054726 0.0
0.994225 0.0063679 0.0
0.992549 0.00728826 0.0
0.990642 0.00823824 0.0
0.988493 0.00922285 0.0
0.986094 0.0102477 0.0
0.983431 0.0113189 0.0
0.980493 0.0124437 0.0
0.977263 0.0136298 0.0
0.973723 0.0148866 0.0
0.969854 0.0162243 0.0
0.965632 0.017655 0.0
0.961032 0.0191929 0.0
0.956023 0.0208544 0.0
0.950572 0.0226588 0.0
0.944637 0.0246289 0.0
0.938174 0.0267922 0.0
0.931131 0.0291812 0.0
0.923447 0.0318356 0.0
0.915052 0.0348034 0.0
0.905862 0.0381435 0.0
0.895782 0.0419289 0.0
0.8847 0.0462502 0.0
0.872482 0.051222 0.0
0.858971 0.0569893 0.0
0.843982 0.0637386 0.0
0.827296 0.0717119 0.0
0.808651 0.081227 0.0
0.787743 0.0927059 0.0
0.764219 0.106716 0.0
0.737681 0.124029 0.0
0.707703 0.145703 0.0
0.673888 0.1732 0.0
0.635995 0.208522 0.0
0.594219 0.254283 0.0
0.549729 0.31315 0.0
0.505028 0.383549 0.0
0.45852 0.43749 0.0
0.362078 0.353776 0.0
0.145069 0.142911 0.0
0 0 0.0
0 0 0.0
0 0 0.0
0 0 0.0
0 0 0.0
0 0 0.0
0 0 0.0
0 0 0.0
-0.0131585 0.0143532 0.0
-0.0334753 0.0381967 0.0
-0.0421618 0.0566164 0.0
-0.044832 0.0607213 0.0
-0.0479554 0.0578508 0.0
-0.0526478 0.0529673 0.0
-0.0585104 0.0482202 0.0
-0.0650436 0.0443199 0.0
-0.0719155 0.0413832 0.0
-0.0789487 0.0393186 0.0
-0.0860655 0.0379788 0.0
-0.0932443 0.0372159 0.0
-0.100491 0.036897 0.0
-0.107823 0.0369065 0.0
-0.115256 0.0371428 0.0
-0.122802 0.0375157 0.0
-0.13046 0.0379434 0.0
-0.138219 0.0383512 0.0
-0.146054 0.0386697 0.0
-0.153927 0.0388343 0.0
-0.161785 0.038785 0.0
-0.169563 0.0384658 0.0
-0.177182 0.0378255 0.0
-0.184552 0.036818 0.0
-0.191574 0.0354024 0.0
-0.198136 0.0335444 0.0
-0.204121 0.0312167 0.0
-0.209406 0.0284002 0.0
-0.213863 0.0250854 0.0
-0.217363 0.0212733 0.0
-0.219775 0.0169776 0.0
-0.220977 0.0122265 0.0
-0.22085 0.00706473 0.0
-0.219297 0.00155421 0.0
-0.216254 -0.00422776 0.0
-0.211707 -0.0101392 0.0
-0.205667 -0.0160917 0.0
-0.198148 -0.0220209 0.0
-0.189173 -0.0278658 0.0
-0.178784 -0.033568 0.0
-0.167032 -0.0390718 0.0
-0.153984 -0.0443272 0.0
-0.139718 -0.0492905 0.0
-0.12432 -0.0539234 0.0
-0.107885 -0.0581945 0.0
-0.0905152 -0.0620818 0.0
-0.0723141 -0.0655665 0.0
-0.0533894 -0.0686353 0.0
-0.033851 -0.0712832 0.0
-0.0138063 -0.0735193 0.0
0.00664218 -0.0753521 0.0
0.0273924 -0.0767934 0.0
0.0483476 -0.0778579 0.0
0.0694201 -0.0785669 0.0
0.0905288 -0.0789462 0.0
0.1116 -0.0790203 0.0
0.132567 -0.0788156 0.0
0.153372 -0.0783605 0.0
0.173962 -0.0776836 0.0
0.194289 -0.0768125 0.0
0.214313 -0.0757732 0.0
0.233998 -0.07459 0.0
0.253314 -0.0732853 0.0
0.272238 -0.0718796 0.0
0.290749 -0.070392 0.0
0.308832 -0.0688395 0.0
0.326476 -0.0672377 0.0
0.343674 -0.0656006 0.0
0.360421 -0.0639406 0.0
0.376715 -0.0622686 0.0
0.392556 -0.0605942 0.0
0.407948 -0.0589259 0.0
0.422895 -0.0572709 0.0
0.437403 -0.0556353 0.0
0.45148 -0.0540242 0.0
0.465133 -0.0524421 0.0
0.478371 -0.0508924 0.0
0.491205 -0.0493781 0.0
0.503644 -0.0479013 0.0
0.5157 -0.0464638 0.0
0.527382 -0.0450667 0.0
0.538703 -0.0437108 0.0
0.549673 -0.0423967 0.0
0.560303 -0.0411244 0.0
0.570604 -0.0398938 0.0
0.580587 -0.0387045 0.0
0.590263 -0.0375559 0.0
0.599641 -0.0364474 0.0
0.608733 -0.0353782 0.0
0.617547 -0.0343471 0.0
0.626094 -0.0333534 0.0
0.634383 -0.0323957 0.0
0.642423 -0.031473 0.0
0.650222 -0.0305841 0.0
0.65779 -0.0297279 0.0
0.665133 -0.0289029 0.0
0.672261 -0.0281082 0.0
0.679179 -0.0273423 0.0
0.685896 -0.0266042 0.0
0.692418 -0.0258925 0.0
0.698752 -0.0252061 0.0
0.704903 -0.0245439 0.0
0.710879 -0.0239047 0.0
0.716685 -0.0232873 0.0
0.722325 -0.0226907 0.0
0.727807 -0.0221138 0.0
0.733133 -0.0215555 0.0
0.73831 -0.0210148 0.0
0.743341 -0.0204908 0.0
0.748231 -0.0199824 0.0
0.752983 -0.0194887 0.0
0.757603 -0.0190088 0.0
0.762093 -0.0185417 0.0
0.766456 -0.0180865 0.0
0.770697 -0.0176425 0.0
0.774817 -0.0172086 0.0
0.77882 -0.0167841 0.0
0.782709 -0.0163681 0.0
0.786486 -0.0159598 0.0
0.790152 -0.0155582 0.0
0.793711 -0.0151625 0.0
0.797163 -0.0147719 0.0
0.800511 -0.0143854 0.0
0.803756 -0.014002 0.0
0.806898 -0.0136207 0.0
0.80994 -0.0132405 0.0
0.812881 -0.0128601 0.0
0.815721 -0.0124784 0.0
0.818461 -0.0120938 0.0
0.821101 -0.0117047 0.0
0.823639 -0.0113093 0.0
0.826074 -0.0109055 0.0
0.828404 -0.0104906 0.0
0.830627 -0.0100616 0.0
0.83274 -0.00961485 0.0
0.834738 -0.00914578 0.0
0.836617 -0.00864879 0.0
0.83837 -0.00811679 0.0
0.839989 -0.00754082 0.0
0.841465 -0.00690928 0.0
0.842785 -0.00620709 0.0
0.843936 -0.00541433 0.0
0.844899 -0.00450447 0.0
0.845655 -0.00344301 0.0
0.846181 -0.00219692 0.0
0.846464 -0.000858614 0.0
0.999951 0.000511187 0.0
0.999753 0.00153416 0.0
0.999358 0.00256169 0.0
0.998764 0.00359778 0.0
0.997968 0.00464658 0.0
0.996967 0.00571241 0.0
0.995759 0.00679984 0.0
0.994336 0.00791375 0.0
0.992695 0.0090594 0.0
0.990827 0.0102425 0.0
0.988724 0.0114694 0.0
0.986377 0.0127471 0.0
0.983775 0.0140833 0.0
0.980906 0.0154868 0.0
0.977755 0.0169676 0.0
0.974306 0.018537 0.0
0.970541 0.0202078 0.0
0.966439 0.0219952 0.0
0.961975 0.0239163 0.0
0.957124 0.0259913 0.0
0.951853 0.0282439 0.0
0.946129 0.0307021 0.0
0.939912 0.0333989 0.0
0.933155 0.0363739 0.0
0.925807 0.0396746 0.0
0.917809 0.0433584 0.0
0.909091 0.0474953 0.0
0.899577 0.052171 0.0
0.889175 0.0574916 0.0
0.877785 0.0635891 0.0
0.865288 0.0706293 0.0
0.851553 0.0788223 0.0
0.836431 0.0884361 0.0
0.819762 0.0998161 0.0
0.801376 0.11341 0.0
0.781107 0.129804 0.0
0.758819 0.149767 0.0
0.734454 0.174308 0.0
0.708123 0.204742 0.0
0.680257 0.242739 0.0
0.651862 0.290236 0.0
0.624784 0.348765 0.0
0.601254 0.416166 0.0
0.578709 0.473927 0.0
0.529634 0.462856 0.0
0.410069 0.368248 0.0
0.163822 0.157921 0.0
0 0 0.0
0 0 0.0
0 0 0.0
0 0 0.0
0 0 0.0
0 0 0.0
-0.0120444 0.0130818 0.0
-0.028349 0.0329666 0.0
-0.0329378 0.0456834 0.0
-0.0310807 0.0559588 0.0
-0.0267298 0.0596978 0.0
-0.0234648 0.0587325 0.0
-0.0223845 0.0556974 0.0
-0.0232808 0.0522489 0.0
-0.0256148 0.049158 0.0
-0.0288987 0.0467006 0.0
-0.0327846 0.04492 0.0
-0.03705 0.0437593 0.0
-0.0415616 0.0431255 0.0
-0.0462441 0.0429166 0.0
-0.0510573 0.0430317 0.0
-0.0559799 0.0433733 0.0
-0.0609985 0.0438488 0.0
-0.0661002 0.0443697 0.0
-0.0712681 0.0448515 0.0
-0.0764773 0.0452136 0.0
-0.081694 0.0453796 0.0
-0.0868736 0.0452771 0.0
-0.0919608 0.0448384 0.0
-0.0968899 0.0440009 0.0
-0.101585 0.042708 0.0
-0.105961 0.0409097 0.0
-0.109926 0.0385639 0.0
-0.113381 0.0356369 0.0
-0.116221 0.0321053 0.0
-0.118341 0.0279566 0.0
-0.119631 0.0231912 0.0
-0.119983 0.0178242 0.0
-0.11929 0.0118883 0.0
-0.117452 0.00543814 0.0
-0.114379 -0.00144607 0.0
-0.110028 -0.00862132 0.0
-0.104395 -0.0159254 0.0
-0.0974739 -0.0232672 0.0
-0.0892697 -0.0305696 0.0
-0.0798035 -0.0377579 0.0
-0.0691099 -0.0447594 0.0
-0.0572373 -0.051505 0.0
-0.0442469 -0.0579324 0.0
-0.0302095 -0.0639891 0.0
-0.0152037 -0.0696289 0.0
0.000685856 -0.0748134 0.0
0.017365 -0.0795123 0.0
0.0347319 -0.0837043 0.0
0.0526862 -0.0873768 0.0
0.0711319 -0.0905262 0.0
0.0899747 -0.0931641 0.0
0.109121 -0.0953024 0.0
0.128484 -0.0969562 0.0
0.147982 -0.0981485 0.0
0.16754 -0.0989071 0.0
0.187088 -0.0992631 0.0
0.206562 -0.0992489 0.0
0.225905 -0.0988978 0.0
0.245066 -0.0982442 0.0
0.263998 -0.0973223 0.0
0.282662 -0.0961654 0.0
0.301023 -0.094805 0.0
0.31905 -0.0932708 0.0
0.336719 -0.0915903 0.0
0.35401 -0.0897888 0.0
0.370906 -0.0878897 0.0
0.387394 -0.0859141 0.0
0.403468 -0.083881 0.0
0.41912 -0.0818074 0.0
0.434348 -0.0797087 0.0
0.449151 -0.077598 0.0
0.463532 -0.0754873 0.0
0.477493 -0.0733865 0.0
0.49104 -0.0713045 0.0
0.504178 -0.0692486 0.0
0.516916 -0.0672251 0.0
0.529261 -0.0652392 0.0
0.541222 -0.0632951 0.0
0.552808 -0.0613962 0.0
0.564031 -0.059545 0.0
0.574898 -0.0577436 0.0
0.585422 -0.0559933 0.0
0.595611 -0.0542949 0.0
0.605478 -0.052649 0.0
0.615031 -0.0510556 0.0
0.624281 -0.0495143 0.0
0.633239 -0.0480248 0.0
0.641914 -0.0465862 0.0
0.650315 -0.0451975 0.0
0.658453 -0.0438577 0.0
0.666336 -0.0425656 0.0
0.673974 -0.0413198 0.0
0.681374 -0.040119 0.0
0.688546 -0.0389617 0.0
0.695497 -0.0378463 0.0
0.702235 -0.0367715 0.0
0.708768 -0.0357356 0.0
0.715102 -0.0347371 0.0
0.721244 -0.0337746 0.0
0.727202 -0.0328465 0.0
0.732981 -0.0319512 0.0
0.738587 -0.0310875 0.0
0.744026 -0.0302537 0.0
0.749303 -0.0294485 0.0
0.754425 -0.0286706 0.0
0.759395 -0.0279185 0.0
0.764218 -0.027191 0.0
0.7689 -0.0264867 0.0
0.773444 -0.0258044 0.0
0.777854 -0.025143 0.0
0.782135 -0.0245011 0.0
0.78629 -0.0238777 0.0
0.790322 -0.0232717 0.0
0.794235 -0.0226818 0.0
0.798032 -0.022107 0.0
0.801715 -0.0215463 0.0
0.805288 -0.0209985 0.0
0.808753 -0.0204627 0.0
0.812112 -0.0199378 0.0
0.815368 -0.0194227 0.0
0.818523 -0.0189164 0.0
0.821577 -0.0184178 0.0
0.824534 -0.0179258 0.0
0.827394 -0.0174394 0.0
0.830158 -0.0169572 0.0
0.832828 -0.0164781 0.0
0.835404 -0.0160007 0.0
0.837886 -0.0155236 0.0
0.840276 -0.0150453 0.0
0.842572 -0.0145638 0.0
0.844775 -0.0140774 0.0
0.846884 -0.0135837 0.0
0.848898 -0.01308 0.0
0.850815 -0.0125634 0.0
0.852633 -0.0120302 0.0
0.854349 -0.0114759 0.0
0.855961 -0.0108952 0.0
0.857464 -0.0102815 0.0
0.858854 -0.00962678 0.0
0.860124 -0.00892059 0.0
0.861269 -0.00814992 0.0
0.86228 -0.00729799 0.0
0.863148 -0.00634304 0.0
0.863865 -0.00525674 0.0
0.864421 -0.0040032 0.0
0.864809 -0.00255038 0.0
0.86503 -0.0010096 0.0
0.999952 0.000608628 0.0
0.999759 0.00182665 0.0
0.999373 0.00305016 0.0
0.998792 0.00428397 0.0
0.998015 0.00553303 0.0
0.997039 0.00680251 0.0
0.995859 0.00809785 0.0
0.994472 0.00942486 0.0
0.992872 0.0107898 0.0
0.991053 0.0121995 0.0
0.989006 0.0136614 0.0
0.986724 0.0151838 0.0
0.984196 0.0167759 0.0
0.981411 0.018448 0.0
0.978356 0.0202117 0.0
0.975017 0.0220803 0.0
0.971378 0.024069 0.0
0.967419 0.026195 0.0
0.96312 0.0284785 0.0
0.958458 0.0309428 0.0
0.953405 0.033615 0.0
0.947933 0.0365272 0.0
0.942007 0.039717 0.0
0.93559 0.0432292 0.0
0.92864 0.0471173 0.0
0.921108 0.0514453 0.0
0.912943 0.0562907 0.0
0.904085 0.0617477 0.0
0.894469 0.0679316 0.0
0.884025 0.0749838 0.0
0.872676 0.08308 0.0
0.860344 0.0924388 0.0
0.84695 0.103334 0.0
0.832427 0.116111 0.0
0.816724 0.131204 0.0
0.799838 0.149166 0.0
0.781841 0.170691 0.0
0.762941 0.196649 0.0
0.743571 0.228103 0.0
0.724519 0.266295 0.0
0.707089 0.312504 0.0
0.69317 0.367494 0.0
0.684646 0.42949 0.0
0.679988 0.487805 0.0
0.664638 0.513403 0.0
0.612216 0.489689 0.0
0.488843 0.400199 0.0
0.202243 0.182855 0.0
0 0.0381704 0.0
0 0.00445238 0.0
0 0.00200723 0.0
0 0.00178449 0.0
-0.00322589 0.00341814 0.0
-0.00406505 0.0237767 0.0
0.000895351 0.034653 0.0
0.00639277 0.0430881 0.0
0.0128221 0.0502674 0.0
0.0195442 0.054316 0.0
0.025059 0.0553342 0.0
0.0286147 0.0544593 0.0
0.0302423 0.0527555 0.0
0.0303229 0.0509047 0.0
0.0292897 0.0492708 0.0
0.0275094 0.0480157 0.0
0.0252552 0.0471829 0.0
0.0227155 0.0467528 0.0
0.0200141 0.0466729 0.0
0.0172293 0.0468732 0.0
0.014409 0.0472744 0.0
0.0115829 0.0477922 0.0
0.00877113 0.0483397 0.0
0.00599076 0.0488295 0.0
0.00326052 0.0491749 0.0
0.000604038 0.0492912 0.0
-0.00194803 0.0490969 0.0
-0.00435704 0.0485146 0.0
-0.00657603 0.0474725 0.0
-0.00854989 0.0459051 0.0
-0.0102159 0.0437547 0.0
-0.0115049 0.0409725 0.0
-0.0123422 0.03752 0.0
-0.0126498 0.0333701 0.0
-0.0123475 0.0285087 0.0
-0.0113546 0.0229359 0.0
-0.00959121 0.0166677 0.0
-0.00697777 0.00973835 0.0
-0.00343533 0.00220745 0.0
0.0010972 -0.0058217 0.0
0.00665134 -0.0141507 0.0
0.0132503 -0.022628 0.0
0.0209125 -0.0311486 0.0
0.0296385 -0.0396187 0.0
0.0394119 -0.0479486 0.0
0.0502017 -0.0560523 0.0
0.0619648 -0.0638481 0.0
0.0746479 -0.0712631 0.0
0.0881875 -0.0782356 0.0
0.102511 -0.0847122 0.0
0.117541 -0.0906491 0.0
0.133193 -0.096009 0.0
0.149388 -0.100769 0.0
0.16604 -0.104919 0.0
0.183069 -0.108459 0.0
0.200392 -0.111398 0.0
0.217932 -0.113755 0.0
0.235614 -0.115549 0.0
0.253369 -0.116809 0.0
0.271134 -0.117569 0.0
0.288849 -0.117865 0.0
0.306462 -0.117734 0.0
0.323923 -0.117217 0.0
0.341191 -0.116353 0.0
0.358227 -0.115182 0.0
0.374999 -0.113741 0.0
0.391477 -0.112068 0.0
0.407638 -0.110196 0.0
0.423461 -0.108158 0.0
0.438931 -0.105982 0.0
0.454035 -0.103696 0.0
0.468763 -0.101325 0.0
0.48311 -0.0988903 0.0
0.497071 -0.0964118 0.0
0.510646 -0.0939071 0.0
0.523834 -0.0913916 0.0
0.536638 -0.0888787 0.0
0.549062 -0.0863803 0.0
0.561111 -0.0839062 0.0
0.57279 -0.081465 0.0
0.584107 -0.0790637 0.0
0.59507 -0.0767083 0.0
0.605686 -0.0744035 0.0
0.615964 -0.0721532 0.0
0.625914 -0.0699601 0.0
0.635544 -0.0678266 0.0
0.644864 -0.065754 0.0
0.653883 -0.0637433 0.0
0.662611 -0.0617948 0.0
0.671056 -0.0599086 0.0
0.679229 -0.0580843 0.0
0.687137 -0.0563211 0.0
0.69479 -0.0546182 0.0
0.702197 -0.0529743 0.0
0.709366 -0.0513881 0.0
0.716306 -0.0498581 0.0
0.723023 -0.0483827 0.0
0.729526 -0.0469603 0.0
0.735823 -0.0455891 0.0
0.74192 -0.0442674 0.0
0.747825 -0.0429934 0.0
0.753544 -0.0417652 0.0
0.759083 -0.0405811 0.0
0.764449 -0.0394393 0.0
0.769647 -0.0383379 0.0
0.774684 -0.0372753 0.0
0.779564 -0.0362497 0.0
0.784292 -0.0352594 0.0
0.788874 -0.0343028 0.0
0.793315 -0.0333782 0.0
0.797618 -0.0324842 0.0
0.801788 -0.0316191 0.0
0.805829 -0.0307814 0.0
0.809744 -0.0299697 0.0
0.813538 -0.0291826 0.0
0.817215 -0.0284187 0.0
0.820776 -0.0276766 0.0
0.824226 -0.026955 0.0
0.827567 -0.0262526 0.0
0.830802 -0.0255682 0.0
0.833933 -0.0249004 0.0
0.836964 -0.0242482 0.0
0.839895 -0.0236101 0.0
0.84273 -0.0229851 0.0
0.845471 -0.0223718 0.0
0.848118 -0.0217691 0.0
0.850674 -0.0211757 0.0
0.853139 -0.0205904 0.0
0.855516 -0.0200117 0.0
0.857805 -0.0194384 0.0
0.860007 -0.0188689 0.0
0.862123 -0.0183018 0.0
0.864153 -0.0177353 0.0
0.866097 -0.0171676 0.0
0.867955 -0.0165966 0.0
0.869727 -0.0160202 0.0
0.871413 -0.0154357 0.0
0.873011 -0.0148401 0.0
0.87452 -0.0142299 0.0
0.87594 -0.0136011 0.0
0.877267 -0.0129487 0.0
0.878499 -0.0122669 0.0
0.879635 -0.0115486 0.0
0.88067 -0.0107848 0.0
0.881601 -0.00996477 0.0
0.882426 -0.0090748 0.0
0.883139 -0.00809769 0.0
0.883738 -0.00701162 0.0
0.884222 -0.00578886 0.0
0.88459 -0.00439542 0.0
0.884847 -0.00280377 0.0
0.885009 -0.00113952 0.0
0.999953 0.000703597 0.0
0.999766 0.0021117 0.0
0.99939 0.00352615 0.0
0.998826 0.00495247 0.0
0.998071 0.00639638 0.0
0.997123 0.00786379 0.0
0.995977 0.00936095 0.0
0.994632 0.0108945 0.0
0.99308 0.0124717 0.0
0.991317 0.0141002 0.0
0.989335 0.0157886 0.0
0.987128 0.0175462 0.0
0.984686 0.0193834 0.0
0.981999 0.021312 0.0
0.979056 0.023345 0.0
0.975844 0.0254973 0.0
0.97235 0.0277858 0.0
0.968556 0.0302299 0.0
0.964447 0.0328519 0.0
0.960001 0.0356775 0.0
0.955197 0.0387365 0.0
0.950011 0.042064 0.0
0.944416 0.045701 0.0
0.938382 0.0496956 0.0
0.931878 0.0541052 0.0
0.924868 0.058998 0.0
0.917316 0.0644554 0.0
0.909181 0.0705756 0.0
0.900423 0.077477 0.0
0.891002 0.0853035 0.0
0.880881 0.0942303 0.0
0.87003 0.104472 0.0
0.858433 0.116291 0.0
0.846101 0.13001 0.0
0.833084 0.146025 0.0
0.819497 0.164818 0.0
0.805561 0.186972 0.0
0.791652 0.213177 0.0
0.778374 0.244222 0.0
0.766656 0.280945 0.0
0.757843 0.324098 0.0
0.753696 0.373966 0.0
0.755987 0.429251 0.0
0.764674 0.484015 0.0
0.773622 0.523594 0.0
0.770797 0.534744 0.0
0.743964 0.505349 0.0
0.681404 0.407476 0.0
0.549112 0.166865 0.0
0.390462 0.0770303 0.0
0.279941 0.0464098 0.0
0.209965 0.0311498 0.0
0.163832 0.0253879 0.0
0.135678 0.0309928 0.0
0.121181 0.0369727 0.0
0.113988 0.0424642 0.0
0.111051 0.0473982 0.0
0.110589 0.0509257 0.0
0.111064 0.0527345 0.0
0.111426 0.053141 0.0
0.111197 0.0526748 0.0
0.110297 0.051804 0.0
0.108843 0.0508581 0.0
0.107014 0.0500375 0.0
0.104984 0.0494453 0.0
0.102896 0.0491182 0.0
0.100856 0.0490487 0.0
0.0989378 0.0492002 0.0
0.0971888 0.0495164 0.0
0.0956373 0.0499274 0.0
0.094299 0.0503542 0.0
0.0931822 0.0507118 0.0
0.0922927 0.050912 0.0
0.0916371 0.0508659 0.0
0.0912255 0.0504857 0.0
0.0910731 0.0496871 0.0
0.0912013 0.0483906 0.0
0.0916381 0.0465237 0.0
0.0924179 0.0440219 0.0
0.093581 0.0408309 0.0
0.0951723 0.0369075 0.0
0.0972404 0.032222 0.0
0.099835 0.0267595 0.0
0.103005 0.0205215 0.0
0.106798 0.0135261 0.0
0.111255 0.00580913 0.0
0.116416 -0.0025673 0.0
0.122306 -0.0114689 0.0
0.128948 -0.0207006 0.0
0.136383 -0.0301118 0.0
0.144635 -0.0395792 0.0
0.153711 -0.0489908 0.0
0.163602 -0.0582413 0.0
0.174284 -0.0672314 0.0
0.185721 -0.075869 0.0
0.197867 -0.0840717 0.0
0.210669 -0.0917686 0.0
0.224065 -0.0988997 0.0
0.23799 -0.105416 0.0
0.252377 -0.111281 0.0
0.267156 -0.116471 0.0
0.282261 -0.120975 0.0
0.297623 -0.124794 0.0
0.313177 -0.127941 0.0
0.32886 -0.130435 0.0
0.344612 -0.132303 0.0
0.360378 -0.133577 0.0
0.376106 -0.134295 0.0
0.391751 -0.134499 0.0
0.40727 -0.134232 0.0
0.422626 -0.133537 0.0
0.437785 -0.13246 0.0
0.452719 -0.131045 0.0
0.467401 -0.129332 0.0
0.48181 -0.127364 0.0
0.495928 -0.125179 0.0
0.50974 -0.122811 0.0
0.523234 -0.120293 0.0
0.536402 -0.117657 0.0
0.549237 -0.114928 0.0
0.561734 -0.112132 0.0
0.573893 -0.10929 0.0
0.585711 -0.106422 0.0
0.597191 -0.103545 0.0
0.608335 -0.100674 0.0
0.619147 -0.0978212 0.0
0.629631 -0.0949984 0.0
0.639794 -0.0922146 0.0
0.64964 -0.0894778 0.0
0.659177 -0.0867942 0.0
0.668412 -0.0841692 0.0
0.677353 -0.0816069 0.0
0.686007 -0.0791103 0.0
0.694382 -0.0766818 0.0
0.702486 -0.0743229 0.0
0.710327 -0.0720346 0.0
0.717912 -0.0698172 0.0
0.725251 -0.0676707 0.0
0.732351 -0.0655944 0.0
0.739219 -0.0635877 0.0
0.745863 -0.0616492 0.0
0.75229 -0.0597778 0.0
0.758508 -0.0579717 0.0
0.764523 -0.0562294 0.0
0.770343 -0.0545489 0.0
0.775974 -0.0529285 0.0
0.781422 -0.051366 0.0
0.786693 -0.0498596 0.0
0.791794 -0.0484071 0.0
0.79673 -0.0470066 0.0
0.801507 -0.0456559 0.0
0.806129 -0.044353 0.0
0.810603 -0.043096 0.0
0.814932 -0.0418829 0.0
0.819121 -0.0407116 0.0
0.823175 -0.0395804 0.0
0.827098 -0.0384873 0.0
0.830895 -0.0374305 0.0
0.834568 -0.0364083 0.0
0.838122 -0.0354189 0.0
0.841559 -0.0344606 0.0
0.844885 -0.0335318 0.0
0.848101 -0.0326309 0.0
0.85121 -0.0317564 0.0
0.854217 -0.0309066 0.0
0.857122 -0.0300802 0.0
0.859929 -0.0292756 0.0
0.86264 -0.0284914 0.0
0.865257 -0.0277263 0.0
0.867783 -0.0269788 0.0
0.870219 -0.0262475 0.0
0.872567 -0.0255311 0.0
0.874829 -0.0248282 0.0
0.877006 -0.0241373 0.0
0.879099 -0.0234572 0.0
0.881111 -0.0227863 0.0
0.883041 -0.0221231 0.0
0.884891 -0.0214661 0.0
0.886661 -0.0208137 0.0
0.888352 -0.0201641 0.0
0.889965 -0.0195154 0.0
0.891498 -0.0188656 0.0
0.892954 -0.0182125 0.0
0.89433 -0.0175534 0.0
0.895628 -0.0168857 0.0
0.896845 -0.016206 0.0
0.897982 -0.0155106 0.0
0.899038 -0.0147952 0.0
0.900011 -0.0140546 0.0
0.900899 -0.0132825 0.0
0.901702 -0.0124717 0.0
0.902418 -0.0116132 0.0
0.903046 -0.0106961 0.0
0.903585 -0.00970701 0.0
0.904036 -0.00862937 0.0
0.904399 -0.00744273 0.0
0.904679 -0.00612186 0.0
0.904886 -0.00463699 0.0
0.905033 -0.00296723 0.0
0.905142 -0.0012478 0.0
0.999955 0.000795721 0.0
0.999773 0.00238819 0.0
0.99941 0.00398776 0.0
0.998864 0.00560064 0.0
0.998134 0.00723316 0.0
0.997217 0.00889196 0.0
0.996111 0.010584 0.0
0.994812 0.0123167 0.0
0.993315 0.014098 0.0
0.991615 0.0159364 0.0
0.989707 0.0178415 0.0
0.987584 0.0198235 0.0
0.985238 0.0218938 0.0
0.982661 0.0240653 0.0
0.979843 0.0263523 0.0
0.976773 0.0287708 0.0
0.973441 0.0313393 0.0
0.969831 0.0340786 0.0
0.965931 0.0370126 0.0
0.961725 0.0401688 0.0
0.957195 0.0435789 0.0
0.952323 0.0472797 0.0
0.947089 0.0513142 0.0
0.941472 0.0557327 0.0
0.93545 0.0605941 0.0
0.929 0.065968 0.0
0.922101 0.0719369 0.0
0.914731 0.0785987 0.0
0.906872 0.0860701 0.0
0.898513 0.0944906 0.0
0.88965 0.104027 0.0
0.880295 0.11488 0.0
0.870485 0.127288 0.0
0.860291 0.141538 0.0
0.849836 0.157969 0.0
0.839319 0.176976 0.0
0.829049 0.199018 0.0
0.819487 0.224602 0.0
0.811303 0.25426 0.0
0.805432 0.288495 0.0
0.803134 0.32766 0.0
0.805975 0.37171 0.0
0.8156 0.419591 0.0
0.832839 0.467749 0.0
0.855742 0.508009 0.0
0.878953 0.529943 0.0
0.895142 0.520793 0.0
0.891898 0.457836 0.0
0.833618 0.307076 0.0
0.726167 0.202921 0.0
0.616861 0.140346 0.0
0.522345 0.101706 0.0
0.44474 0.0785678 0.0
0.383781 0.0669271 0.0
0.337948 0.0613666 0.0
0.3042 0.0590113 0.0
0.279657 0.0583309 0.0
0.261889 0.0582237 0.0
0.248835 0.058015 0.0
0.238874 0.0574587 0.0
0.230877 0.0565834 0.0
0.224142 0.0555288 0.0
0.218283 0.0544465 0.0
0.213103 0.053457 0.0
0.208521 0.0526384 0.0
0.204505 0.0520284 0.0
0.201052 0.0516319 0.0
0.19816 0.0514266 0.0
0.195829 0.0513697 0.0
0.194052 0.051402 0.0
0.192818 0.0514517 0.0
0.192111 0.0514379 0.0
0.191913 0.0512734 0.0
0.192205 0.050868 0.0
0.192969 0.0501304 0.0
0.194193 0.0489714 0.0
0.195864 0.047306 0.0
0.19798 0.0450557 0.0
0.20054 0.0421502 0.0
0.203549 0.0385297 0.0
0.207019 0.034147 0.0
0.210964 0.0289691 0.0
0.215401 0.0229804 0.0
0.220347 0.0161843 0.0
0.225814 0.00860311 0.0
0.231814 0.00027518 0.0
0.238346 -0.00872695 0.0
0.245406 -0.018259 0.0
0.253005 -0.0281524 0.0
0.261164 -0.0382538 0.0
0.269899 -0.0484249 0.0
0.279215 -0.058538 0.0
0.289104 -0.068474 0.0
0.299545 -0.0781218 0.0
0.31051 -0.0873798 0.0
0.32196 -0.0961577 0.0
0.333853 -0.104377 0.0
0.34614 -0.111974 0.0
0.358769 -0.118897 0.0
0.371689 -0.125107 0.0
0.384846 -0.130582 0.0
0.39819 -0.135312 0.0
0.411669 -0.139299 0.0
0.425236 -0.142557 0.0
0.438843 -0.145109 0.0
0.452448 -0.146985 0.0
0.46601 -0.148223 0.0
0.479494 -0.148862 0.0
0.492867 -0.14895 0.0
0.506098 -0.148532 0.0
0.519162 -0.147657 0.0
0.532035 -0.146373 0.0
0.544698 -0.144728 0.0
0.557133 -0.142767 0.0
0.569326 -0.140533 0.0
0.581265 -0.138068 0.0
0.59294 -0.135409 0.0
0.604343 -0.132593 0.0
0.61547 -0.129652 0.0
0.626315 -0.126614 0.0
0.636877 -0.123506 0.0
0.647155 -0.120352 0.0
0.65715 -0.117173 0.0
0.666862 -0.113987 0.0
0.676294 -0.110809 0.0
0.685451 -0.107654 0.0
0.694334 -0.104534 0.0
0.70295 -0.101458 0.0
0.711303 -0.0984343 0.0
0.719399 -0.0954706 0.0
0.727242 -0.092572 0.0
0.73484 -0.0897428 0.0
0.742198 -0.0869864 0.0
0.749322 -0.0843052 0.0
0.75622 -0.0817008 0.0
0.762896 -0.0791741 0.0
0.769357 -0.0767255 0.0
0.775611 -0.0743547 0.0
0.781662 -0.0720612 0.0
0.787517 -0.0698441 0.0
0.793182 -0.0677019 0.0
0.798662 -0.0656333 0.0
0.803964 -0.0636365 0.0
0.809094 -0.0617096 0.0
0.814055 -0.0598506 0.0
0.818855 -0.0580575 0.0
0.823498 -0.056328 0.0
0.827988 -0.05466 0.0
0.832332 -0.0530512 0.0
0.836532 -0.0514993 0.0
0.840594 -0.0500022 0.0
0.844523 -0.0485577 0.0
0.848321 -0.0471634 0.0
0.851994 -0.0458173 0.0
0.855544 -0.0445173 0.0
0.858976 -0.0432612 0.0
0.862293 -0.042047 0.0
0.865499 -0.0408728 0.0
0.868596 -0.0397365 0.0
0.871587 -0.0386363 0.0
0.874476 -0.0375704 0.0
0.877266 -0.036537 0.0
0.879958 -0.0355343 0.0
0.882556 -0.0345605 0.0
0.885061 -0.0336142 0.0
0.887476 -0.0326935 0.0
0.889804 -0.0317969 0.0
0.892045 -0.0309229 0.0
0.894203 -0.0300698 0.0
0.896278 -0.0292363 0.0
0.898272 -0.0284206 0.0
0.900187 -0.0276214 0.0
0.902024 -0.0268371 0.0
0.903785 -0.0260662 0.0
0.90547 -0.0253072 0.0
0.90708 -0.0245583 0.0
0.908617 -0.0238181 0.0
0.91008 -0.0230848 0.0
0.911471 -0.0223566 0.0
0.912791 -0.0216317 0.0
0.914038 -0.0209079 0.0
0.915214 -0.0201831 0.0
0.916318 -0.0194549 0.0
0.917351 -0.0187206 0.0
0.918312 -0.0179772 0.0
0.919201 -0.0172213 0.0
0.920017 -0.016449 0.0
0.92076 -0.0156558 0.0
0.92143 -0.0148366 0.0
0.922026 -0.0139851 0.0
0.922547 -0.013094 0.0
0.922995 -0.0121548 0.0
0.923369 -0.011157 0.0
0.923671 -0.0100881 0.0
0.923905 -0.00893308 0.0
0.924077 -0.00767394 0.0
0.924195 -0.00628908 0.0
0.924273 -0.00475428 0.0
0.924332 -0.00305618 0.0
0.924398 -0.00133509 0.0
0.999956 0.000884666 0.0
0.999782 0.00265511 0.0
0.999432 0.00443333 0.0
0.998906 0.00622608 0.0
0.998204 0.00804029 0.0
0.997322 0.0098832 0.0
0.996258 0.0117624 0.0
0.99501 0.0136859 0.0
0.993573 0.0156623 0.0
0.991944 0.017701 0.0
0.990116 0.019812 0.0
0.988086 0.0220065 0.0
0.985845 0.0242968 0.0
0.983388 0.0266964 0.0
0.980706 0.0292207 0.0
0.977791 0.0318866 0.0
0.974634 0.0347136 0.0
0.971224 0.0377235 0.0
0.96755 0.0409413 0.0
0.963601 0.0443955 0.0
0.959364 0.0481188 0.0
0.954826 0.052149 0.0
0.949975 0.0565297 0.0
0.944798 0.0613115 0.0
0.939281 0.0665533 0.0
0.933415 0.072324 0.0
0.927191 0.0787041 0.0
0.920605 0.0857879 0.0
0.913658 0.0936861 0.0
0.906363 0.102529 0.0
0.898745 0.112469 0.0
0.890851 0.123686 0.0
0.882755 0.136388 0.0
0.874572 0.150816 0.0
0.866473 0.167245 0.0
0.858706 0.185984 0.0
0.851622 0.207365 0.0
0.845707 0.231731 0.0
0.841621 0.259401 0.0
0.840232 0.290613 0.0
0.842642 0.32543 0.0
0.85017 0.36357 0.0
0.864218 0.404058 0.0
0.885807 0.444453 0.0
0.914549 0.479659 0.0
0.947677 0.501954 0.0
0.979372 0.500898 0.0
0.998113 0.462234 0.0
0.982647 0.376423 0.0
0.929315 0.294357 0.0
0.85743 0.2301 0.0
0.78144 0.182459 0.0
0.708734 0.148126 0.0
0.642959 0.124103 0.0
0.585644 0.107337 0.0
0.536883 0.0955497 0.0
0.49607 0.087149 0.0
0.462272 0.0809706 0.0
0.434405 0.0761885 0.0
0.411375 0.0722754 0.0
0.392204 0.0689353 0.0
0.376093 0.0660224 0.0
0.362432 0.0634738 0.0
0.350777 0.0612635 0.0
0.340815 0.0593765 0.0
0.332325 0.0577947 0.0
0.325154 0.0564906 0.0
0.319188 0.0554252 0.0
0.314342 0.0545477 0.0
0.310547 0.0537955 0.0
0.307743 0.0530962 0.0
0.305874 0.0523688 0.0
0.304888 0.0515259 0.0
0.304736 0.0504758 0.0
0.305368 0.0491255 0.0
0.306739 0.0473824 0.0
0.308804 0.0451577 0.0
0.311524 0.042368 0.0
0.314864 0.0389383 0.0
0.318792 0.0348037 0.0
0.323283 0.0299119 0.0
0.328316 0.0242257 0.0
0.333875 0.0177271 0.0
0.339946 0.0104209 0.0
0.346512 0.00233318 0.0
0.35355 -0.00649225 0.0
0.361024 -0.0159661 0.0
0.368899 -0.0259555 0.0
0.377154 -0.0363104 0.0
0.38578 -0.0468807 0.0
0.394769 -0.0575223 0.0
0.40411 -0.0680986 0.0
0.413789 -0.0784811 0.0
0.423784 -0.0885509 0.0
0.434068 -0.0981997 0.0
0.444612 -0.107332 0.0
0.455381 -0.115866 0.0
0.466341 -0.123733 0.0
0.477455 -0.130882 0.0
0.488688 -0.137275 0.0
0.500004 -0.142889 0.0
0.511371 -0.147715 0.0
0.522755 -0.151759 0.0
0.534127 -0.155036 0.0
0.54546 -0.15757 0.0
0.556726 -0.159396 0.0
0.567904 -0.160552 0.0
0.578971 -0.161084 0.0
0.589909 -0.161039 0.0
0.600702 -0.160467 0.0
0.611335 -0.159419 0.0
0.621795 -0.157945 0.0
0.632071 -0.156096 0.0
0.642155 -0.153918 0.0
0.652037 -0.151458 0.0
0.661713 -0.148758 0.0
0.671177 -0.145858 0.0
0.680424 -0.142796 0.0
0.689453 -0.139605 0.0
0.698262 -0.136315 0.0
0.70685 -0.132955 0.0
0.715216 -0.129548 0.0
0.723362 -0.126118 0.0
0.731289 -0.122682 0.0
0.738999 -0.119257 0.0
0.746494 -0.115858 0.0
0.753777 -0.112497 0.0
0.760852 -0.109185 0.0
0.767721 -0.10593 0.0
0.774389 -0.102739 0.0
0.780859 -0.0996179 0.0
0.787136 -0.0965716 0.0
0.793223 -0.0936034 0.0
0.799126 -0.0907156 0.0
0.804848 -0.0879099 0.0
0.810394 -0.0851874 0.0
0.815768 -0.0825482 0.0
0.820975 -0.0799922 0.0
0.826018 -0.0775188 0.0
0.830904 -0.0751269 0.0
0.835635 -0.0728151 0.0
0.840215 -0.0705818 0.0
0.84465 -0.0684252 0.0
0.848943 -0.0663433 0.0
0.853098 -0.0643339 0.0
0.857118 -0.0623949 0.0
0.861009 -0.0605239 0.0
0.864772 -0.0587186 0.0
0.868413 -0.0569766 0.0
0.871933 -0.0552955 0.0
0.875338 -0.053673 0.0
0.878629 -0.0521067 0.0
0.88181 -0.0505943 0.0
0.884885 -0.0491335 0.0
0.887855 -0.047722 0.0
0.890723 -0.0463575 0.0
0.893493 -0.0450381 0.0
0.896167 -0.0437614 0.0
0.898748 -0.0425255 0.0
0.901237 -0.0413283 0.0
0.903637 -0.0401679 0.0
0.90595 -0.0390424 0.0
0.908179 -0.0379498 0.0
0.910324 -0.0368885 0.0
0.912389 -0.0358565 0.0
0.914374 -0.0348522 0.0
0.916282 -0.0338738 0.0
0.918114 -0.0329196 0.0
0.919871 -0.0319881 0.0
0.921556 -0.0310775 0.0
0.923168 -0.0301863 0.0
0.924709 -0.0293127 0.0
0.926181 -0.0284552 0.0
0.927585 -0.0276121 0.0
0.92892 -0.0267818 0.0
0.930188 -0.0259626 0.0
0.93139 -0.0251527 0.0
0.932526 -0.0243502 0.0
0.933597 -0.0235533 0.0
0.934602 -0.02276 0.0
0.935543 -0.0219681 0.0
0.936419 -0.0211752 0.0
0.937231 -0.020379 0.0
0.937978 -0.0195765 0.0
0.93866 -0.0187648 0.0
0.939278 -0.0179404 0.0
0.939831 -0.0170993 0.0
0.940319 -0.0162371 0.0
0.940742 -0.0153488 0.0
0.941102 -0.0144283 0.0
0.941398 -0.0134687 0.0
0.941632 -0.012462 0.0
0.941807 -0.0113988 0.0
0.941926 -0.0102678 0.0
0.941994 -0.00905626 0.0
0.942021 -0.00774892 0.0
0.942017 -0.00632854 0.0
0.942001 -0.00477685 0.0
0.941996 -0.0030878 0.0
0.942029 -0.001403 0.0
0.999958 0.000970137 0.0
0.999791 0.00291159 0.0
0.999455 0.00486136 0.0
0.998952 0.0068267 0.0
0.998279 0.00881506 0.0
0.997435 0.0108341 0.0
0.996418 0.0128921 0.0
0.995224 0.0149974 0.0
0.993852 0.0171593 0.0
0.992298 0.0193876 0.0
0.990557 0.0216931 0.0
0.988626 0.0240874 0.0
0.986498 0.0265835 0.0
0.984169 0.0291956 0.0
0.981633 0.0319394 0.0
0.978882 0.0348329 0.0
0.975911 0.0378959 0.0
0.972711 0.0411508 0.0
0.969276 0.0446231 0.0
0.965597 0.0483417 0.0
0.961667 0.0523395 0.0
0.957478 0.0566543 0.0
0.953024 0.0613293 0.0
0.948298 0.0664141 0.0
0.943299 0.071966 0.0
0.938026 0.078051 0.0
0.932481 0.0847455 0.0
0.926676 0.0921376 0.0
0.92063 0.100329 0.0
0.914374 0.109437 0.0
0.907955 0.119597 0.0
0.901445 0.130962 0.0
0.894946 0.143707 0.0
0.888599 0.158026 0.0
0.882603 0.17413 0.0
0.877225 0.192243 0.0
0.872823 0.21259 0.0
0.869869 0.235374 0.0
0.868967 0.260745 0.0
0.870875 0.28875 0.0
0.876507 0.319251 0.0
0.88691 0.351817 0.0
0.903168 0.385505 0.0
0.926122 0.418462 0.0
0.955761 0.447269 0.0
0.990361 0.466617 0.0
1.0255 0.4694 0.0
1.05275 0.447741 0.0
1.05991 0.399224 0.0
1.04193 0.342862 0.0
1.00496 0.290457 0.0
0.957059 0.245989 0.0
0.904482 0.209878 0.0
0.851397 0.181211 0.0
0.800364 0.158578 0.0
0.752791 0.140643 0.0
0.709351 0.126308 0.0
0.670259 0.114701 0.0
0.635432 0.105151 0.0
0.604612 0.0971624 0.0
0.577448 0.0903837 0.0
0.553563 0.0845703 0.0
0.532598 0.079552 0.0
0.514231 0.0752059 0.0
0.49819 0.0714375 0.0
0.484245 0.0681676 0.0
0.47221 0.0653242 0.0
0.46193 0.0628366 0.0
0.45328 0.0606322 0.0
0.446151 0.0586343 0.0
0.440451 0.0567616 0.0
0.436096 0.0549276 0.0
0.433006 0.0530418 0.0
0.431108 0.0510104 0.0
0.430328 0.0487385 0.0
0.430595 0.0461317 0.0
0.431839 0.0430988 0.0
0.433992 0.0395535 0.0
0.436987 0.0354172 0.0
0.440763 0.0306206 0.0
0.445261 0.0251062 0.0
0.450427 0.0188311 0.0
0.456218 0.011772 0.0
0.462587 0.00393529 0.0
0.469486 -0.00464653 0.0
0.47685 -0.0139142 0.0
0.484604 -0.0237728 0.0
0.492682 -0.0341023 0.0
0.50103 -0.0447669 0.0
0.509604 -0.0556245 0.0
0.51837 -0.0665333 0.0
0.527297 -0.0773558 0.0
0.536355 -0.0879615 0.0
0.545518 -0.0982289 0.0
0.55476 -0.108048 0.0
0.564055 -0.117322 0.0
0.573377 -0.125968 0.0
0.582706 -0.133919 0.0
0.592018 -0.141123 0.0
0.601295 -0.147544 0.0
0.61052 -0.153161 0.0
0.619678 -0.157967 0.0
0.628754 -0.161969 0.0
0.637738 -0.165183 0.0
0.64662 -0.167637 0.0
0.65539 -0.169366 0.0
0.664042 -0.170411 0.0
0.672568 -0.170819 0.0
0.680965 -0.170639 0.0
0.689227 -0.169922 0.0
0.697351 -0.168721 0.0
0.705333 -0.167086 0.0
0.71317 -0.165069 0.0
0.720862 -0.162719 0.0
0.728405 -0.160082 0.0
0.735798 -0.157202 0.0
0.743039 -0.154119 0.0
0.750129 -0.150872 0.0
0.757066 -0.147495 0.0
0.76385 -0.144018 0.0
0.77048 -0.140471 0.0
0.776958 -0.136877 0.0
0.783283 -0.13326 0.0
0.789457 -0.12964 0.0
0.79548 -0.126032 0.0
0.801353 -0.122452 0.0
0.807078 -0.118912 0.0
0.812655 -0.115423 0.0
0.818088 -0.111994 0.0
0.823377 -0.108632 0.0
0.828525 -0.105343 0.0
0.833533 -0.102132 0.0
0.838403 -0.0990018 0.0
0.843139 -0.0959556 0.0
0.847742 -0.092995 0.0
0.852214 -0.0901208 0.0
0.856559 -0.0873335 0.0
0.860777 -0.0846327 0.0
0.864873 -0.082018 0.0
0.868848 -0.0794881 0.0
0.872704 -0.0770417 0.0
0.876445 -0.0746772 0.0
0.880073 -0.0723926 0.0
0.88359 -0.0701859 0.0
0.886999 -0.068055 0.0
0.890302 -0.0659975 0.0
0.893501 -0.0640111 0.0
0.896599 -0.0620933 0.0
0.899598 -0.0602417 0.0
0.9025 -0.0584538 0.0
0.905308 -0.0567273 0.0
0.908024 -0.0550596 0.0
0.910649 -0.0534483 0.0
0.913186 -0.0518911 0.0
0.915637 -0.0503855 0.0
0.918003 -0.0489294 0.0
0.920287 -0.0475205 0.0
0.922491 -0.0461565 0.0
0.924615 -0.0448354 0.0
0.926662 -0.0435549 0.0
0.928634 -0.0423131 0.0
0.930531 -0.041108 0.0
0.932356 -0.0399376 0.0
0.934109 -0.0388001 0.0
0.935793 -0.0376935 0.0
0.937408 -0.036616 0.0
0.938956 -0.0355658 0.0
0.940437 -0.0345412 0.0
0.941853 -0.0335404 0.0
0.943205 -0.0325617 0.0
0.944494 -0.0316034 0.0
0.945721 -0.0306638 0.0
0.946885 -0.0297411 0.0
0.947989 -0.0288337 0.0
0.949033 -0.0279396 0.0
0.950017 -0.0270573 0.0
0.950942 -0.0261848 0.0
0.951808 -0.0253202 0.0
0.952615 -0.0244615 0.0
0.953364 -0.0236067 0.0
0.954055 -0.0227534 0.0
0.954688 -0.0218994 0.0
0.955264 -0.021042 0.0
0.955782 -0.0201785 0.0
0.956242 -0.0193057 0.0
0.956645 -0.0184203 0.0
0.95699 -0.0175183 0.0
0.957279 -0.0165956 0.0
0.957512 -0.0156473 0.0
0.957691 -0.0146677 0.0
0.957816 -0.0136506 0.0
0.95789 -0.0125888 0.0
0.957917 -0.011474 0.0
0.957902 -0.0102966 0.0
0.957852 -0.00904619 0.0
0.957777 -0.00771066 0.0
0.95769 -0.00627708 0.0
0.957611 -0.00473289 0.0
0.957563 -0.00307847 0.0
0.957571 -0.0014537 0.0
0.99996 0.00105188 0.0
0.9998 0.00315686 0.0
0.999481 0.00527059 0.0
0.999001 0.00740074 0.0
0.998359 0.00955515 0.0
0.997555 0.011742 0.0
0.996587 0.0139697 0.0
0.995452 0.0162473 0.0
0.994149 0.0185844 0.0
0.992674 0.0209913 0.0
0.991025 0.0234791 0.0
0.989198 0.0260599 0.0
0.987189 0.028747 0.0
0.984995 0.0315551 0.0
0.982611 0.0345003 0.0
0.980032 0.0376008 0.0
0.977254 0.0408766 0.0
0.974273 0.0443503 0.0
0.971085 0.0480475 0.0
0.967684 0.0519967 0.0
0.964068 0.0562304 0.0
0.960235 0.0607855 0.0
0.956183 0.0657038 0.0
0.951914 0.071033 0.0
0.947433 0.0768272 0.0
0.942748 0.0831483 0.0
0.937874 0.0900668 0.0
0.932832 0.0976627 0.0
0.927655 0.106027 0.0
0.922389 0.115262 0.0
0.917098 0.125482 0.0
0.911869 0.136816 0.0
0.906821 0.149402 0.0
0.90211 0.163389 0.0
0.897942 0.178931 0.0
0.894585 0.196177 0.0
0.892381 0.215262 0.0
0.891759 0.236278 0.0
0.893248 0.259254 0.0
0.897476 0.284104 0.0
0.905169 0.310572 0.0
0.917111 0.338151 0.0
0.934067 0.365957 0.0
0.956597 0.392526 0.0
0.984671 0.415492 0.0
1.01707 0.431391 0.0
1.0507 0.435857 0.0
1.08002 0.424711 0.0
1.09791 0.397211 0.0
1.10008 0.360682 0.0
1.08748 0.322216 0.0
1.06363 0.285969 0.0
1.03237 0.253736 0.0
0.996882 0.225928 0.0
0.959532 0.202243 0.0
0.921959 0.182123 0.0
0.885249 0.164978 0.0
0.850093 0.15028 0.0
0.816906 0.137585 0.0
0.785916 0.126538 0.0
0.757221 0.116866 0.0
0.730839 0.108355 0.0
0.706732 0.100839 0.0
0.684835 0.0941819 0.0
0.665067 0.0882705 0.0
0.647342 0.0830047 0.0
0.631571 0.0782926 0.0
0.617672 0.0740465 0.0
0.605564 0.0701802 0.0
0.595171 0.0666071 0.0
0.586421 0.0632388 0.0
0.579242 0.0599847 0.0
0.573564 0.0567522 0.0
0.569315 0.053447 0.0
0.566423 0.0499744 0.0
0.56481 0.0462406 0.0
0.564401 0.0421548 0.0
0.565115 0.0376306 0.0
0.56687 0.0325885 0.0
0.569587 0.0269571 0.0
0.573183 0.0206751 0.0
0.577585 0.0136934 0.0
0.582722 0.00598207 0.0
0.588521 -0.00244294 0.0
0.594887 -0.0115343 0.0
0.601719 -0.0212222 0.0
0.608916 -0.0314166 0.0
0.616388 -0.042008 0.0
0.624051 -0.052873 0.0
0.631838 -0.0638802 0.0
0.639691 -0.0748959 0.0
0.647559 -0.0857882 0.0
0.655402 -0.0964312 0.0
0.663187 -0.106707 0.0
0.670885 -0.11651 0.0
0.678474 -0.125745 0.0
0.685939 -0.134333 0.0
0.693266 -0.14221 0.0
0.700447 -0.149326 0.0
0.707478 -0.15565 0.0
0.714358 -0.161161 0.0
0.721088 -0.165855 0.0
0.727671 -0.169741 0.0
0.734112 -0.172836 0.0
0.740416 -0.17517 0.0
0.746589 -0.176777 0.0
0.752639 -0.177701 0.0
0.758571 -0.177988 0.0
0.764391 -0.177688 0.0
0.770106 -0.176851 0.0
0.77572 -0.17553 0.0
0.781237 -0.173777 0.0
0.786663 -0.171642 0.0
0.791999 -0.169174 0.0
0.797248 -0.16642 0.0
0.802412 -0.163422 0.0
0.807493 -0.160222 0.0
0.812491 -0.156857 0.0
0.817407 -0.153362 0.0
0.822242 -0.149768 0.0
0.826994 -0.146103 0.0
0.831664 -0.142392 0.0
0.836251 -0.138658 0.0
0.840755 -0.13492 0.0
0.845176 -0.131195 0.0
0.849512 -0.127498 0.0
0.853764 -0.123842 0.0
0.85793 -0.120237 0.0
0.862011 -0.116693 0.0
0.866006 -0.113217 0.0
0.869915 -0.109815 0.0
0.873738 -0.106491 0.0
0.877474 -0.10325 0.0
0.881124 -0.100094 0.0
0.884688 -0.0970242 0.0
0.888167 -0.0940425 0.0
0.89156 -0.0911492 0.0
0.894867 -0.0883439 0.0
0.898091 -0.0856261 0.0
0.901231 -0.0829948 0.0
0.904287 -0.0804486 0.0
0.907262 -0.0779859 0.0
0.910155 -0.0756048 0.0
0.912967 -0.0733034 0.0
0.9157 -0.0710793 0.0
0.918354 -0.0689303 0.0
0.92093 -0.0668541 0.0
0.92343 -0.0648483 0.0
0.925855 -0.0629103 0.0
0.928204 -0.0610376 0.0
0.930481 -0.059228 0.0
0.932685 -0.0574787 0.0
0.934818 -0.0557875 0.0
0.93688 -0.0541519 0.0
0.938874 -0.0525695 0.0
0.9408 -0.051038 0.0
0.942658 -0.0495551 0.0
0.944451 -0.0481185 0.0
0.94618 -0.0467262 0.0
0.947844 -0.0453758 0.0
0.949445 -0.0440654 0.0
0.950985 -0.0427929 0.0
0.952464 -0.0415563 0.0
0.953882 -0.0403537 0.0
0.955241 -0.0391831 0.0
0.956542 -0.0380426 0.0
0.957786 -0.0369304 0.0
0.958972 -0.0358447 0.0
0.960102 -0.0347837 0.0
0.961177 -0.0337455 0.0
0.962197 -0.0327285 0.0
0.963162 -0.0317308 0.0
0.964074 -0.0307507 0.0
0.964932 -0.0297864 0.0
0.965737 -0.028836 0.0
0.96649 -0.0278977 0.0
0.96719 -0.0269696 0.0
0.967838 -0.0260497 0.0
0.968434 -0.025136 0.0
0.968979 -0.0242263 0.0
0.969472 -0.0233184 0.0
0.969914 -0.0224098 0.0
0.970304 -0.021498 0.0
0.970644 -0.0205802 0.0
0.970933 -0.0196534 0.0
0.971172 -0.0187143 0.0
0.971361 -0.0177592 0.0
0.9715 -0.016784 0.0
0.971592 -0.0157843 0.0
0.971638 -0.014755 0.0
0.97164 -0.0136906 0.0
0.971601 -0.0125847 0.0
0.971526 -0.0114304 0.0
0.971421 -0.01022 0.0
0.971293 -0.00894518 0.0
0.971153 -0.00759711 0.0
0.971015 -0.00616678 0.0
0.970898 -0.00464664 0.0
0.970824 -0.00304226 0.0
0.970815 -0.00148967 0.0
0.999962 0.00112969 0.0
0.99981 0.00339029 0.0
0.999507 0.00565998 0.0
0.999051 0.00794672 0.0
0.998443 0.0102587 0.0
0.997681 0.0126043 0.0
0.996764 0.0149925 0.0
0.99569 0.0174324 0.0
0.994459 0.019934 0.0
0.993067 0.0225079 0.0
0.991513 0.0251654 0.0
0.989794 0.0279189 0.0
0.987909 0.030782 0.0
0.985854 0.0337693 0.0
0.983626 0.0368973 0.0
0.981225 0.040184 0.0
0.978646 0.0436494 0.0
0.975888 0.0473158 0.0
0.97295 0.0512083 0.0
0.969832 0.0553548 0.0
0.966533 0.0597866 0.0
0.963056 0.0645391 0.0
0.959406 0.0696519 0.0
0.95559 0.0751697 0.0
0.951618 0.0811429 0.0
0.947508 0.0876279 0.0
0.943281 0.0946882 0.0
0.938969 0.102395 0.0
0.934615 0.110826 0.0
0.930275 0.120069 0.0
0.926023 0.130218 0.0
0.921956 0.141375 0.0
0.9182 0.153647 0.0
0.914914 0.16714 0.0
0.912301 0.181959 0.0
0.910615 0.198192 0.0
0.910166 0.2159 0.0
0.911331 0.235097 0.0
0.914551 0.255727 0.0
0.920331 0.277623 0.0
0.92922 0.300471 0.0
0.941778 0.323752 0.0
0.958503 0.346675 0.0
0.979702 0.36808 0.0
1.00525 0.386313 0.0
1.03425 0.399171 0.0
1.0646 0.404098 0.0
1.09284 0.398901 0.0
1.11474 0.383244 0.0
1.12714 0.360083 0.0
1.1293 0.333247 0.0
1.12233 0.305749 0.0
1.10811 0.279438 0.0
1.08861 0.255214 0.0
1.06556 0.233359 0.0
1.04033 0.213815 0.0
1.01394 0.196378 0.0
0.987184 0.180797 0.0
0.960608 0.16683 0.0
0.934626 0.154265 0.0
0.909534 0.142925 0.0
0.885549 0.132664 0.0
0.862828 0.123358 0.0
0.841482 0.114904 0.0
0.821592 0.107206 0.0
0.80321 0.100177 0.0
0.786368 0.0937324 0.0
0.771083 0.0877899 0.0
0.757361 0.0822668 0.0
0.745194 0.0770794 0.0
0.734569 0.0721424 0.0
0.725459 0.0673689 0.0
0.717835 0.0626702 0.0
0.711656 0.0579569 0.0
0.706874 0.0531391 0.0
0.703433 0.0481283 0.0
0.701271 0.0428385 0.0
0.700316 0.0371879 0.0
0.700491 0.0311002 0.0
0.701714 0.0245065 0.0
0.703897 0.0173455 0.0
0.706952 0.00956562 0.0
0.71079 0.00113407 0.0
0.715306 -0.00790963 0.0
0.720381 -0.0175093 0.0
0.725899 -0.0275965 0.0
0.731745 -0.0380869 0.0
0.737817 -0.0488807 0.0
0.744019 -0.0598659 0.0
0.750267 -0.0709231 0.0
0.756491 -0.0819297 0.0
0.762633 -0.0927642 0.0
0.768644 -0.10331 0.0
0.774487 -0.113457 0.0
0.780137 -0.123108 0.0
0.785574 -0.132174 0.0
0.79079 -0.140583 0.0
0.795779 -0.148276 0.0
0.800546 -0.155208 0.0
0.805098 -0.161351 0.0
0.809447 -0.166688 0.0
0.813605 -0.171217 0.0
0.817591 -0.174948 0.0
0.821421 -0.1779 0.0
0.825112 -0.180102 0.0
0.828683 -0.18159 0.0
0.83215 -0.182406 0.0
0.835529 -0.182595 0.0
0.838834 -0.182207 0.0
0.842079 -0.181291 0.0
0.845275 -0.1799 0.0
0.848432 -0.178082 0.0
0.851558 -0.175888 0.0
0.854659 -0.173366 0.0
0.857742 -0.17056 0.0
0.860809 -0.167513 0.0
0.863863 -0.164266 0.0
0.866906 -0.160855 0.0
0.869939 -0.157314 0.0
0.872961 -0.153673 0.0
0.875972 -0.149961 0.0
0.87897 -0.146203 0.0
0.881954 -0.142419 0.0
0.884921 -0.138631 0.0
0.88787 -0.134854 0.0
0.890797 -0.131103 0.0
0.893701 -0.127392 0.0
0.896578 -0.123731 0.0
0.899427 -0.120129 0.0
0.902244 -0.116594 0.0
0.905028 -0.113131 0.0
0.907775 -0.109745 0.0
0.910484 -0.106441 0.0
0.913153 -0.103221 0.0
0.91578 -0.100087 0.0
0.918363 -0.0970407 0.0
0.9209 -0.0940816 0.0
0.923391 -0.0912102 0.0
0.925833 -0.0884259 0.0
0.928226 -0.085728 0.0
0.930568 -0.083115 0.0
0.93286 -0.0805856 0.0
0.935099 -0.0781379 0.0
0.937286 -0.07577 0.0
0.93942 -0.0734798 0.0
0.941501 -0.071265 0.0
0.943528 -0.0691234 0.0
0.945502 -0.0670526 0.0
0.947421 -0.0650501 0.0
0.949287 -0.0631136 0.0
0.951099 -0.0612406 0.0
0.952858 -0.0594287 0.0
0.954562 -0.0576754 0.0
0.956214 -0.0559784 0.0
0.957812 -0.0543353 0.0
0.959358 -0.0527438 0.0
0.960851 -0.0512016 0.0
0.962292 -0.0497064 0.0
0.963682 -0.0482561 0.0
0.96502 -0.0468486 0.0
0.966307 -0.0454816 0.0
0.967544 -0.0441533 0.0
0.96873 -0.0428615 0.0
0.969867 -0.0416042 0.0
0.970955 -0.0403797 0.0
0.971993 -0.0391858 0.0
0.972983 -0.0380209 0.0
0.973925 -0.0368829 0.0
0.97482 -0.0357702 0.0
0.975666 -0.0346808 0.0
0.976466 -0.0336129 0.0
0.977219 -0.0325648 0.0
0.977925 -0.0315347 0.0
0.978585 -0.0305206 0.0
0.979198 -0.0295208 0.0
0.979766 -0.0285333 0.0
0.980288 -0.0275563 0.0
0.980764 -0.0265876 0.0
0.981195 -0.0256253 0.0
0.98158 -0.0246672 0.0
0.98192 -0.023711 0.0
0.982215 -0.0227543 0.0
0.982465 -0.0217946 0.0
0.982671 -0.0208291 0.0
0.982832 -0.0198551 0.0
0.98295 -0.0188692 0.0
0.983024 -0.0178681 0.0
0.983057 -0.0168481 0.0
0.98305 -0.0158051 0.0
0.983004 -0.0147346 0.0
0.982923 -0.0136319 0.0
0.98281 -0.0124916 0.0
0.982669 -0.0113083 0.0
0.982508 -0.0100758 0.0
0.982335 -0.0087881 0.0
0.982159 -0.00743911 0.0
0.981995 -0.00602329 0.0
0.981859 -0.00453721 0.0
0.981772 -0.00299031 0.0
0.981752 -0.00151342 0.0
0.999964 0.0012034 0.0
0.999821 0.0036114 0.0
0.999534 0.00602869 0.0
0.999104 0.00846348 0.0
0.99853 0.0109242 0.0
0.997811 0.0134194 0.0
0.996947 0.0159583 0.0
0.995936 0.0185503 0.0
0.994778 0.0212054 0.0
0.993472 0.0239344 0.0
0.992016 0.0267488 0.0
0.990409 0.0296611 0.0
0.988649 0.0326848 0.0
0.986736 0.0358346 0.0
0.984668 0.0391267 0.0
0.982445 0.0425789 0.0
0.980068 0.0462109 0.0
0.977535 0.0500443 0.0
0.974849 0.0541034 0.0
0.972012 0.0584149 0.0
0.969028 0.0630086 0.0
0.965904 0.0679177 0.0
0.962648 0.0731791 0.0
0.959273 0.078834 0.0
0.955795 0.0849281 0.0
0.952236 0.0915118 0.0
0.948626 0.098641 0.0
0.945002 0.106377 0.0
0.941414 0.114785 0.0
0.937924 0.123938 0.0
0.934613 0.133911 0.0
0.931581 0.144781 0.0
0.928953 0.156625 0.0
0.926886 0.169515 0.0
0.92557 0.183513 0.0
0.925236 0.198659 0.0
0.926156 0.214961 0.0
0.928649 0.232378 0.0
0.933074 0.250801 0.0
0.939821 0.270022 0.0
0.949294 0.28971 0.0
0.961871 0.309378 0.0
0.97785 0.328344 0.0
0.997358 0.345702 0.0
1.02021 0.360289 0.0
1.0457 0.370706 0.0
1.07244 0.375476 0.0
1.09827 0.373446 0.0
1.12064 0.36444 0.0
1.13739 0.349738 0.0
1.14746 0.331348 0.0
1.15089 0.311191 0.0
1.1484 0.290711 0.0
1.14101 0.270824 0.0
1.1298 0.252013 0.0
1.11572 0.234476 0.0
1.09958 0.218238 0.0
1.08204 0.203239 0.0
1.06362 0.189384 0.0
1.04474 0.176573 0.0
1.02574 0.164709 0.0
1.00689 0.153708 0.0
0.988434 0.143495 0.0
0.970546 0.134 0.0
0.953387 0.125158 0.0
0.93709 0.116905 0.0
0.921761 0.109175 0.0
0.907489 0.101903 0.0
0.894344 0.0950204 0.0
0.882381 0.0884558 0.0
0.871637 0.0821354 0.0
0.862138 0.0759832 0.0
0.853897 0.0699212 0.0
0.846912 0.06387 0.0
0.84117 0.0577502 0.0
0.836644 0.0514832 0.0
0.833297 0.0449927 0.0
0.831079 0.0382063 0.0
0.829929 0.0310563 0.0
0.829775 0.0234816 0.0
0.830534 0.0154277 0.0
0.832114 0.00684822 0.0
0.834409 -0.00228174 0.0
0.837302 -0.0119038 0.0
0.840677 -0.0219651 0.0
0.844419 -0.0324002 0.0
0.848419 -0.0431301 0.0
0.852573 -0.0540637 0.0
0.856788 -0.0650998 0.0
0.860981 -0.0761308 0.0
0.865081 -0.0870466 0.0
0.869031 -0.097738 0.0
0.872783 -0.1081 0.0
0.876306 -0.118034 0.0
0.879576 -0.127451 0.0
0.882581 -0.136274 0.0
0.88532 -0.144437 0.0
0.887795 -0.151888 0.0
0.89002 -0.158589 0.0
0.89201 -0.164514 0.0
0.893788 -0.169651 0.0
0.895376 -0.174001 0.0
0.8968 -0.177574 0.0
0.898086 -0.18039 0.0
0.89926 -0.182478 0.0
0.900348 -0.183872 0.0
0.901371 -0.184614 0.0
0.902354 -0.184748 0.0
0.903315 -0.18432 0.0
0.904272 -0.18338 0.0
0.90524 -0.181975 0.0
0.906232 -0.180155 0.0
0.907259 -0.177968 0.0
0.908328 -0.175458 0.0
0.909447 -0.172669 0.0
0.91062 -0.169644 0.0
0.911849 -0.166419 0.0
0.913136 -0.163032 0.0
0.914482 -0.159515 0.0
0.915884 -0.155897 0.0
0.91734 -0.152206 0.0
0.918849 -0.148466 0.0
0.920407 -0.144698 0.0
0.92201 -0.140922 0.0
0.923653 -0.137154 0.0
0.925333 -0.13341 0.0
0.927045 -0.129701 0.0
0.928784 -0.126039 0.0
0.930545 -0.122432 0.0
0.932325 -0.118888 0.0
0.934118 -0.115413 0.0
0.93592 -0.112013 0.0
0.937727 -0.108691 0.0
0.939535 -0.10545 0.0
0.941341 -0.102292 0.0
0.94314 -0.0992186 0.0
0.94493 -0.0962307 0.0
0.946706 -0.0933284 0.0
0.948467 -0.0905111 0.0
0.95021 -0.0877784 0.0
0.951931 -0.0851289 0.0
0.95363 -0.0825616 0.0
0.955302 -0.0800746 0.0
0.956948 -0.0776662 0.0
0.958564 -0.0753345 0.0
0.96015 -0.0730773 0.0
0.961704 -0.0708925 0.0
0.963225 -0.0687779 0.0
0.964711 -0.066731 0.0
0.966162 -0.0647497 0.0
0.967577 -0.0628315 0.0
0.968955 -0.0609741 0.0
0.970295 -0.0591751 0.0
0.971597 -0.0574323 0.0
0.97286 -0.0557433 0.0
0.974084 -0.0541058 0.0
0.975268 -0.0525177 0.0
0.976413 -0.0509767 0.0
0.977518 -0.0494806 0.0
0.978583 -0.0480274 0.0
0.979608 -0.046615 0.0
0.980593 -0.0452414 0.0
0.981537 -0.0439044 0.0
0.982441 -0.0426023 0.0
0.983304 -0.041333 0.0
0.984127 -0.0400947 0.0
0.98491 -0.0388854 0.0
0.985653 -0.0377034 0.0
0.986356 -0.0365467 0.0
0.987018 -0.0354136 0.0
0.987641 -0.0343023 0.0
0.988223 -0.0332109 0.0
0.988765 -0.0321375 0.0
0.989268 -0.0310804 0.0
0.98973 -0.0300376 0.0
0.990153 -0.0290073 0.0
0.990536 -0.0279875 0.0
0.99088 -0.0269762 0.0
0.991183 -0.0259714 0.0
0.991447 -0.0249708 0.0
0.991672 -0.0239723 0.0
0.991857 -0.0229735 0.0
0.992004 -0.021972 0.0
0.992111 -0.0209651 0.0
0.992181 -0.0199501 0.0
0.992213 -0.018924 0.0
0.992208 -0.0178837 0.0
0.992168 -0.0168258 0.0
0.992095 -0.0157467 0.0
0.99199 -0.0146427 0.0
0.991857 -0.0135097 0.0
0.991699 -0.0123434 0.0
0.991522 -0.0111396 0.0
0.991333 -0.00989375 0.0
0.991138 -0.0086018 0.0
0.990947 -0.00726002 0.0
0.990775 -0.00586572 0.0
0.990634 -0.00441862 0.0
0.990543 -0.00293085 0.0
0.990517 -0.00152734 0.0
0.999966 0.00127289 0.0
0.999831 0.00381982 0.0
0.999562 0.00637614 0.0
0.999158 0.00895021 0.0
0.998618 0.0115506 0.0
0.997944 0.014186 0.0
0.997134 0.0168657 0.0
0.996188 0.0195992 0.0
0.995105 0.0223967 0.0
0.993885 0.0252689 0.0
0.992528 0.0282273 0.0
0.991033 0.0312844 0.0
0.989401 0.0344534 0.0
0.987631 0.0377489 0.0
0.985724 0.0411868 0.0
0.983681 0.0447843 0.0
0.981503 0.0485604 0.0
0.979194 0.0525361 0.0
0.976758 0.0567342 0.0
0.974198 0.06118 0.0
0.971524 0.0659015 0.0
0.968743 0.0709292 0.0
0.965869 0.076297 0.0
0.962918 0.0820421 0.0
0.959911 0.088205 0.0
0.956875 0.09483 0.0
0.953842 0.101965 0.0
0.950857 0.109662 0.0
0.947971 0.117974 0.0
0.945251 0.126959 0.0
0.942778 0.136674 0.0
0.940653 0.147175 0.0
0.938996 0.158514 0.0
0.937954 0.170734 0.0
0.9377 0.183863 0.0
0.938437 0.197905 0.0
0.9404 0.212831 0.0
0.94385 0.228565 0.0
0.949071 0.244968 0.0
0.956357 0.26182 0.0
0.965995 0.278801 0.0
0.978229 0.295476 0.0
0.99322 0.311276 0.0
1.01098 0.325502 0.0
1.03129 0.337329 0.0
1.05361 0.345854 0.0
1.07698 0.350216 0.0
1.10006 0.349801 0.0
1.12125 0.344528 0.0
1.13913 0.335014 0.0
1.15279 0.322337 0.0
1.16189 0.307672 0.0
1.16659 0.29203 0.0
1.16732 0.27616 0.0
1.16466 0.260549 0.0
1.1592 0.245476 0.0
1.1515 0.231079 0.0
1.14203 0.217406 0.0
1.13122 0.204453 0.0
1.1194 0.192194 0.0
1.1069 0.180592 0.0
1.09396 0.169608 0.0
1.08082 0.159203 0.0
1.06766 0.149337 0.0
1.05467 0.139971 0.0
1.042 0.131061 0.0
1.02978 0.122564 0.0
1.01814 0.11443 0.0
1.00717 0.106607 0.0
0.996958 0.0990405 0.0
0.987582 0.0916703 0.0
0.979094 0.0844346 0.0
0.971536 0.077269 0.0
0.964935 0.0701076 0.0
0.959306 0.0628845 0.0
0.954646 0.0555341 0.0
0.950941 0.0479933 0.0
0.948162 0.0402023 0.0
0.946266 0.0321064 0.0
0.945194 0.023657 0.0
0.944874 0.0148126 0.0
0.945216 0.00554139 0.0
0.946112 -0.00416554 0.0
0.947451 -0.0142532 0.0
0.949132 -0.0246715 0.0
0.951054 -0.0353581 0.0
0.953121 -0.0462394 0.0
0.955244 -0.0572319 0.0
0.957341 -0.0682441 0.0
0.959341 -0.0791798 0.0
0.961184 -0.089941 0.0
0.962822 -0.100431 0.0
0.964218 -0.110556 0.0
0.965347 -0.12023 0.0
0.966197 -0.129375 0.0
0.966763 -0.137922 0.0
0.967051 -0.145815 0.0
0.967073 -0.153008 0.0
0.96685 -0.15947 0.0
0.966405 -0.165178 0.0
0.965766 -0.170125 0.0
0.964964 -0.174313 0.0
0.96403 -0.177752 0.0
0.962995 -0.180463 0.0
0.96189 -0.182474 0.0
0.960746 -0.183819 0.0
0.959589 -0.184535 0.0
0.958446 -0.184666 0.0
0.957337 -0.184255 0.0
0.956284 -0.183349 0.0
0.955303 -0.181993 0.0
0.954408 -0.180235 0.0
0.95361 -0.178118 0.0
0.952919 -0.175686 0.0
0.952341 -0.172982 0.0
0.95188 -0.170043 0.0
0.951538 -0.166908 0.0
0.951315 -0.163609 0.0
0.951211 -0.16018 0.0
0.951224 -0.156647 0.0
0.95135 -0.153038 0.0
0.951584 -0.149377 0.0
0.951923 -0.145683 0.0
0.952359 -0.141976 0.0
0.952888 -0.138273 0.0
0.953503 -0.134587 0.0
0.954197 -0.130931 0.0
0.954965 -0.127316 0.0
0.9558 -0.123751 0.0
0.956695 -0.120244 0.0
0.957645 -0.1168 0.0
0.958642 -0.113426 0.0
0.959682 -0.110125 0.0
0.960758 -0.1069 0.0
0.961866 -0.103754 0.0
0.962999 -0.100689 0.0
0.964153 -0.0977047 0.0
0.965324 -0.0948022 0.0
0.966507 -0.0919814 0.0
0.967698 -0.0892418 0.0
0.968893 -0.0865826 0.0
0.97009 -0.0840025 0.0
0.971283 -0.0815003 0.0
0.972471 -0.0790743 0.0
0.973651 -0.0767228 0.0
0.974819 -0.0744438 0.0
0.975975 -0.0722355 0.0
0.977114 -0.0700956 0.0
0.978237 -0.0680221 0.0
0.979339 -0.0660127 0.0
0.980421 -0.0640653 0.0
0.981481 -0.0621776 0.0
0.982516 -0.0603474 0.0
0.983527 -0.0585725 0.0
0.984511 -0.0568507 0.0
0.985468 -0.0551797 0.0
0.986397 -0.0535576 0.0
0.987297 -0.051982 0.0
0.988167 -0.050451 0.0
0.989008 -0.0489625 0.0
0.989817 -0.0475144 0.0
0.990595 -0.0461049 0.0
0.991342 -0.0447318 0.0
0.992056 -0.0433934 0.0
0.992738 -0.0420876 0.0
0.993387 -0.0408127 0.0
0.994003 -0.0395668 0.0
0.994586 -0.038348 0.0
0.995136 -0.0371545 0.0
0.995651 -0.0359845 0.0
0.996134 -0.0348362 0.0
0.996582 -0.0337078 0.0
0.996996 -0.0325974 0.0
0.997376 -0.0315033 0.0
0.997722 -0.0304235 0.0
0.998033 -0.0293561 0.0
0.998311 -0.0282993 0.0
0.998554 -0.0272509 0.0
0.998762 -0.0262091 0.0
0.998936 -0.0251716 0.0
0.999076 -0.0241364 0.0
0.999182 -0.023101 0.0
0.999254 -0.0220632 0.0
0.999293 -0.0210206 0.0
0.999299 -0.0199704 0.0
0.999273 -0.01891 0.0
0.999217 -0.0178365 0.0
0.99913 -0.0167471 0.0
0.999017 -0.0156385 0.0
0.998878 -0.0145076 0.0
0.998717 -0.0133511 0.0
0.998537 -0.0121657 0.0
0.998345 -0.0109482 0.0
0.998145 -0.00969577 0.0
0.997946 -0.00840575 0.0
0.997756 -0.00707644 0.0
0.997587 -0.00570732 0.0
0.99745 -0.00430045 0.0
0.997362 -0.00286956 0.0
0.997333 -0.00153357 0.0
0.999968 0.00133808 0.0
0.999842 0.00401532 0.0
0.99959 0.00670194 0.0
0.999212 0.00940638 0.0
0.998708 0.0121372 0.0
0.998079 0.0149033 0.0
0.997323 0.0177139 0.0
0.996442 0.0205784 0.0
0.995435 0.0235071 0.0
0.994302 0.0265105 0.0
0.993044 0.0296001 0.0
0.991663 0.032788 0.0
0.990157 0.0360873 0.0
0.98853 0.0395122 0.0
0.986782 0.0430779 0.0
0.984917 0.0468012 0.0
0.982937 0.0507 0.0
0.980848 0.0547942 0.0
0.978656 0.0591053 0.0
0.976367 0.0636568 0.0
0.973992 0.0684744 0.0
0.971542 0.073586 0.0
0.969034 0.079022 0.0
0.966486 0.0848153 0.0
0.963923 0.0910015 0.0
0.961375 0.0976184 0.0
0.958878 0.104706 0.0
0.956476 0.112307 0.0
0.954226 0.120465 0.0
0.952193 0.129221 0.0
0.950457 0.13862 0.0
0.949115 0.148697 0.0
0.94828 0.159484 0.0
0.948086 0.171001 0.0
0.948686 0.18325 0.0
0.950256 0.19621 0.0
0.952991 0.209828 0.0
0.957103 0.224007 0.0
0.962811 0.238597 0.0
0.970333 0.253382 0.0
0.979864 0.26807 0.0
0.991554 0.282283 0.0
1.00547 0.29556 0.0
1.02157 0.307361 0.0
1.03963 0.317098 0.0
1.05922 0.324174 0.0
1.07968 0.328069 0.0
1.1001 0.328448 0.0
1.1195 0.325289 0.0
1.13694 0.318931 0.0
1.15171 0.30999 0.0
1.16344 0.299191 0.0
1.17204 0.287217 0.0
1.17765 0.27463 0.0
1.18055 0.261843 0.0
1.18105 0.249132 0.0
1.17951 0.23667 0.0
1.17624 0.224551 0.0
1.17154 0.212822 0.0
1.16568 0.2015 0.0
1.15888 0.190585 0.0
1.15137 0.180067 0.0
1.14333 0.169931 0.0
1.13493 0.160159 0.0
1.12634 0.150729 0.0
1.1177 0.141614 0.0
1.10914 0.132786 0.0
1.10078 0.124211 0.0
1.09273 0.11585 0.0
1.08507 0.107663 0.0
1.07789 0.0996031 0.0
1.07126 0.0916231 0.0
1.06523 0.083672 0.0
1.05983 0.0756981 0.0
1.05511 0.0676491 0.0
1.05106 0.0594737 0.0
1.0477 0.0511228 0.0
1.045 0.0425511 0.0
1.04293 0.0337183 0.0
1.04146 0.024591 0.0
1.04051 0.0151445 0.0
1.04001 0.00536564 0.0
1.03987 -0.00473879 0.0
1.03998 -0.0151291 0.0
1.04026 -0.0257569 0.0
1.04063 -0.0365637 0.0
1.04101 -0.047481 0.0
1.04132 -0.0584325 0.0
1.04152 -0.069336 0.0
1.04154 -0.0801055 0.0
1.04133 -0.0906538 0.0
1.04087 -0.100895 0.0
1.04013 -0.110749 0.0
1.0391 -0.120137 0.0
1.03778 -0.128994 0.0
1.03617 -0.137258 0.0
1.03428 -0.144882 0.0
1.03215 -0.151827 0.0
1.02978 -0.158065 0.0
1.02722 -0.163579 0.0
1.0245 -0.168364 0.0
1.02165 -0.172423 0.0
1.01871 -0.175766 0.0
1.01571 -0.178415 0.0
1.01269 -0.180395 0.0
1.00968 -0.181739 0.0
1.0067 -0.182482 0.0
1.00379 -0.182664 0.0
1.00096 -0.182325 0.0
0.998248 -0.18151 0.0
0.995658 -0.180262 0.0
0.99321 -0.178623 0.0
0.990913 -0.176636 0.0
0.988776 -0.174341 0.0
0.986805 -0.171778 0.0
0.985004 -0.168984 0.0
0.983374 -0.165994 0.0
0.981915 -0.162841 0.0
0.980624 -0.159554 0.0
0.979498 -0.15616 0.0
0.978532 -0.152686 0.0
0.977722 -0.149153 0.0
0.97706 -0.145583 0.0
0.976539 -0.141993 0.0
0.976153 -0.138399 0.0
0.975893 -0.134816 0.0
0.975751 -0.131256 0.0
0.97572 -0.127729 0.0
0.975793 -0.124245 0.0
0.97596 -0.120812 0.0
0.976214 -0.117436 0.0
0.976548 -0.114122 0.0
0.976955 -0.110875 0.0
0.977427 -0.107699 0.0
0.977958 -0.104595 0.0
0.978542 -0.101566 0.0
0.979171 -0.0986125 0.0
0.979842 -0.095736 0.0
0.980547 -0.0929365 0.0
0.981283 -0.0902137 0.0
0.982044 -0.0875671 0.0
0.982825 -0.0849958 0.0
0.983623 -0.0824987 0.0
0.984434 -0.0800745 0.0
0.985253 -0.0777216 0.0
0.986077 -0.0754384 0.0
0.986904 -0.0732232 0.0
0.98773 -0.071074 0.0
0.988553 -0.0689889 0.0
0.989369 -0.0669659 0.0
0.990178 -0.0650029 0.0
0.990976 -0.0630979 0.0
0.991762 -0.0612489 0.0
0.992534 -0.0594537 0.0
0.99329 -0.0577103 0.0
0.99403 -0.0560166 0.0
0.99475 -0.0543706 0.0
0.995451 -0.0527703 0.0
0.996132 -0.0512136 0.0
0.99679 -0.0496987 0.0
0.997425 -0.0482235 0.0
0.998037 -0.0467862 0.0
0.998625 -0.0453848 0.0
0.999188 -0.0440175 0.0
0.999725 -0.0426825 0.0
1.00024 -0.0413779 0.0
1.00072 -0.0401019 0.0
1.00118 -0.0388528 0.0
1.00161 -0.0376286 0.0
1.00201 -0.0364277 0.0
1.00238 -0.0352483 0.0
1.00272 -0.0340886 0.0
1.00304 -0.0329467 0.0
1.00333 -0.0318209 0.0
1.00358 -0.0307093 0.0
1.00381 -0.02961 0.0
1.00401 -0.0285211 0.0
1.00418 -0.0274408 0.0
1.00432 -0.0263669 0.0
1.00443 -0.0252975 0.0
1.00451 -0.0242305 0.0
1.00456 -0.0231635 0.0
1.00458 -0.0220946 0.0
1.00457 -0.0210212 0.0
1.00454 -0.019941 0.0
1.00447 -0.0188516 0.0
1.00439 -0.0177504 0.0
1.00427 -0.0166349 0.0
1.00414 -0.0155023 0.0
1.00398 -0.0143502 0.0
1.00381 -0.0131759 0.0
1.00363 -0.011977 0.0
1.00343 -0.0107513 0.0
1.00324 -0.00949709 0.0
1.00304 -0.00821317 0.0
1.00286 -0.00689931 0.0
1.00271 -0.00555659 0.0
1.00258 -0.00418866 0.0
1.0025 -0.00281008 0.0
1.00247 -0.00153399 0.0
0.999971 0.00139894 0.0
0.999853 0.00419779 0.0
0.999618 0.00700593 0.0
0.999267 0.00983177 0.0
0.998798 0.0126839 0.0
0.998213 0.0155711 0.0
0.997512 0.0185025 0.0
0.996696 0.0214876 0.0
0.995764 0.0245363 0.0
0.994719 0.0276591 0.0
0.99356 0.0308673 0.0
0.99229 0.0341725 0.0
0.99091 0.0375875 0.0
0.989424 0.0411259 0.0
0.987833 0.0448023 0.0
0.986142 0.0486326 0.0
0.984356 0.0526338 0.0
0.982481 0.0568243 0.0
0.980525 0.0612241 0.0
0.978496 0.0658548 0.0
0.976408 0.0707397 0.0
0.974274 0.0759038 0.0
0.972112 0.0813741 0.0
0.969943 0.0871791 0.0
0.967794 0.0933493 0.0
0.965696 0.0999165 0.0
0.963688 0.106914 0.0
0.961816 0.114374 0.0
0.960133 0.122331 0.0
0.958705 0.130816 0.0
0.95761 0.139856 0.0
0.956936 0.149476 0.0
0.956787 0.159688 0.0
0.957283 0.170495 0.0
0.958557 0.181881 0.0
0.960759 0.193807 0.0
0.964049 0.206206 0.0
0.968594 0.218972 0.0
0.974561 0.231956 0.0
0.982108 0.244955 0.0
0.991363 0.25771 0.0
1.00241 0.269904 0.0
1.01527 0.281163 0.0
1.02985 0.291077 0.0
1.04596 0.299215 0.0
1.06325 0.305174 0.0
1.08124 0.308626 0.0
1.09932 0.309382 0.0
1.11683 0.307444 0.0
1.13314 0.303028 0.0
1.14775 0.296513 0.0
1.16032 0.288364 0.0
1.17072 0.279046 0.0
1.17894 0.268968 0.0
1.18509 0.25846 0.0
1.18934 0.247762 0.0
1.19188 0.237043 0.0
1.19291 0.226412 0.0
1.19264 0.215935 0.0
1.19124 0.205651 0.0
1.18889 0.19558 0.0
1.18575 0.18573 0.0
1.18195 0.176101 0.0
1.17765 0.166686 0.0
1.17296 0.157476 0.0
1.16802 0.148455 0.0
1.16292 0.139604 0.0
1.15777 0.130902 0.0
1.15266 0.12232 0.0
1.14768 0.113828 0.0
1.14291 0.105392 0.0
1.1384 0.096976 0.0
1.13421 0.0885418 0.0
1.13038 0.0800497 0.0
1.12694 0.0714607 0.0
1.12391 0.0627366 0.0
1.1213 0.0538418 0.0
1.11908 0.0447449 0.0
1.11725 0.0354199 0.0
1.11577 0.0258483 0.0
1.11458 0.0160214 0.0
1.11362 0.00594348 0.0
1.11282 -0.00436587 0.0
1.11209 -0.0148817 0.0
1.11136 -0.0255593 0.0
1.11058 -0.0363444 0.0
1.10967 -0.0471745 0.0
1.10859 -0.0579803 0.0
1.1073 -0.0686878 0.0
1.10575 -0.0792202 0.0
1.10391 -0.0895005 0.0
1.10178 -0.099453 0.0
1.09933 -0.109006 0.0
1.09657 -0.118093 0.0
1.09351 -0.126654 0.0
1.09017 -0.134639 0.0
1.08655 -0.142005 0.0
1.0827 -0.148718 0.0
1.07865 -0.154756 0.0
1.07443 -0.160106 0.0
1.07007 -0.164761 0.0
1.06562 -0.168726 0.0
1.06111 -0.172014 0.0
1.05659 -0.174642 0.0
1.05208 -0.176635 0.0
1.04761 -0.178023 0.0
1.04323 -0.178838 0.0
1.03895 -0.179118 0.0
1.0348 -0.1789 0.0
1.03081 -0.178224 0.0
1.02698 -0.17713 0.0
1.02333 -0.175658 0.0
1.01987 -0.173848 0.0
1.01662 -0.171737 0.0
1.01357 -0.169363 0.0
1.01073 -0.16676 0.0
1.0081 -0.16396 0.0
1.00568 -0.160995 0.0
1.00347 -0.157893 0.0
1.00145 -0.154681 0.0
0.999634 -0.151382 0.0
0.998004 -0.148018 0.0
0.996557 -0.144609 0.0
0.995284 -0.141173 0.0
0.994176 -0.137725 0.0
0.993225 -0.134279 0.0
0.992422 -0.130848 0.0
0.991758 -0.127442 0.0
0.991225 -0.124071 0.0
0.990813 -0.120741 0.0
0.990513 -0.117461 0.0
0.990318 -0.114236 0.0
0.990218 -0.111069 0.0
0.990207 -0.107966 0.0
0.990276 -0.104928 0.0
0.990418 -0.101958 0.0
0.990626 -0.0990582 0.0
0.990894 -0.0962289 0.0
0.991215 -0.0934707 0.0
0.991584 -0.0907839 0.0
0.991994 -0.0881682 0.0
0.992441 -0.0856231 0.0
0.992919 -0.0831478 0.0
0.993424 -0.0807412 0.0
0.993952 -0.0784021 0.0
0.994498 -0.0761291 0.0
0.99506 -0.0739207 0.0
0.995632 -0.0717753 0.0
0.996213 -0.0696911 0.0
0.996798 -0.0676663 0.0
0.997386 -0.0656992 0.0
0.997974 -0.0637878 0.0
0.998559 -0.0619302 0.0
0.999139 -0.0601246 0.0
0.999712 -0.058369 0.0
1.00028 -0.0566616 0.0
1.00083 -0.0550003 0.0
1.00137 -0.0533834 0.0
1.0019 -0.051809 0.0
1.00241 -0.0502751 0.0
1.00291 -0.04878 0.0
1.00339 -0.0473219 0.0
1.00385 -0.0458988 0.0
1.00429 -0.0445091 0.0
1.00472 -0.0431509 0.0
1.00512 -0.0418225 0.0
1.0055 -0.0405222 0.0
1.00586 -0.0392482 0.0
1.00619 -0.0379987 0.0
1.00651 -0.0367721 0.0
1.0068 -0.0355666 0.0
1.00706 -0.0343804 0.0
1.0073 -0.0332117 0.0
1.00752 -0.0320589 0.0
1.00771 -0.0309201 0.0
1.00788 -0.0297934 0.0
1.00802 -0.028677 0.0
1.00813 -0.027569 0.0
1.00822 -0.0264676 0.0
1.00829 -0.0253706 0.0
1.00832 -0.0242761 0.0
1.00834 -0.0231821 0.0
1.00833 -0.0220863 0.0
1.00829 -0.0209867 0.0
1.00823 -0.0198812 0.0
1.00815 -0.0187673 0.0
1.00805 -0.0176431 0.0
1.00792 -0.0165061 0.0
1.00778 -0.0153544 0.0
1.00762 -0.0141857 0.0
1.00745 -0.0129981 0.0
1.00727 -0.0117901 0.0
1.00709 -0.0105602 0.0
1.0069 -0.00930763 0.0
1.00672 -0.00803234 0.0
1.00656 -0.00673519 0.0
1.00641 -0.0054184 0.0
1.0063 -0.00408659 0.0
1.00622 -0.00275458 0.0
1.0062 -0.00153016 0.0
0.999973 0.00145547 0.0
0.999864 0.00436726 0.0
0.999647 0.00728813 0.0
0.999321 0.0102264 0.0
0.998888 0.0131906 0.0
0.998347 0.0161894 0.0
0.997701 0.0192318 0.0
0.996948 0.0223271 0.0
0.996091 0.025485 0.0
0.995131 0.0287157 0.0
0.99407 0.0320301 0.0
0.99291 0.0354395 0.0
0.991654 0.0389561 0.0
0.990305 0.0425929 0.0
0.988867 0.0463637 0.0
0.987345 0.0502834 0.0
0.985746 0.0543678 0.0
0.984077 0.058634 0.0
0.982348 0.0631003 0.0
0.980568 0.0677862 0.0
0.978752 0.0727125 0.0
0.976915 0.0779014 0.0
0.975077 0.0833763 0.0
0.973261 0.0891616 0.0
0.971494 0.0952828 0.0
0.969808 0.101766 0.0
0.968242 0.108637 0.0
0.966843 0.115923 0.0
0.965662 0.123646 0.0
0.964761 0.131828 0.0
0.964214 0.140487 0.0
0.964102 0.149632 0.0
0.964518 0.159265 0.0
0.965567 0.169373 0.0
0.967364 0.17993 0.0
0.970033 0.190886 0.0
0.973704 0.202166 0.0
0.978507 0.213663 0.0
0.984568 0.225235 0.0
0.991998 0.236699 0.0
1.00088 0.24783 0.0
1.01125 0.258363 0.0
1.0231 0.268001 0.0
1.03633 0.276426 0.0
1.05076 0.283324 0.0
1.06612 0.288411 0.0
1.08205 0.291471 0.0
1.09811 0.292391 0.0
1.11385 0.291184 0.0
1.12884 0.287995 0.0
1.1427 0.283077 0.0
1.15518 0.276741 0.0
1.16614 0.269314 0.0
1.17552 0.261098 0.0
1.18335 0.252348 0.0
1.18972 0.243264 0.0
1.19472 0.233998 0.0
1.19849 0.224655 0.0
1.20114 0.215308 0.0
1.20281 0.206005 0.0
1.20362 0.196775 0.0
1.20366 0.187634 0.0
1.20306 0.178591 0.0
1.20191 0.169647 0.0
1.20031 0.160799 0.0
1.19835 0.152038 0.0
1.19612 0.143353 0.0
1.19369 0.134727 0.0
1.19115 0.126142 0.0
1.18856 0.117576 0.0
1.18597 0.109002 0.0
1.18345 0.100395 0.0
1.18104 0.0917261 0.0
1.17877 0.0829665 0.0
1.17666 0.0740882 0.0
1.17473 0.0650644 0.0
1.17299 0.0558715 0.0
1.17143 0.04649 0.0
1.17003 0.0369063 0.0
1.16876 0.0271147 0.0
1.16759 0.0171193 0.0
1.16645 0.00693667 0.0
1.1653 -0.00340337 0.0
1.16407 -0.0138844 0.0
1.16271 -0.0244673 0.0
1.16116 -0.0351032 0.0
1.15938 -0.0457354 0.0
1.15734 -0.0563015 0.0
1.15501 -0.0667354 0.0
1.15236 -0.0769687 0.0
1.14937 -0.086933 0.0
1.14605 -0.0965617 0.0
1.14239 -0.105792 0.0
1.1384 -0.114564 0.0
1.13411 -0.122828 0.0
1.12953 -0.130537 0.0
1.12469 -0.137656 0.0
1.11962 -0.144155 0.0
1.11437 -0.150015 0.0
1.10897 -0.155223 0.0
1.10346 -0.159777 0.0
1.09788 -0.16368 0.0
1.09227 -0.166943 0.0
1.08667 -0.169583 0.0
1.08111 -0.171623 0.0
1.07562 -0.173089 0.0
1.07025 -0.174011 0.0
1.065 -0.174423 0.0
1.05992 -0.17436 0.0
1.05501 -0.173858 0.0
1.05029 -0.172953 0.0
1.04579 -0.171683 0.0
1.0415 -0.170083 0.0
1.03744 -0.16819 0.0
1.03362 -0.166036 0.0
1.03002 -0.163655 0.0
1.02667 -0.161077 0.0
1.02354 -0.158332 0.0
1.02065 -0.155446 0.0
1.01798 -0.152444 0.0
1.01553 -0.149349 0.0
1.01329 -0.146183 0.0
1.01125 -0.142963 0.0
1.00941 -0.139707 0.0
1.00776 -0.136431 0.0
1.00629 -0.133148 0.0
1.00498 -0.129871 0.0
1.00383 -0.126609 0.0
1.00284 -0.123373 0.0
1.00198 -0.12017 0.0
1.00125 -0.117007 0.0
1.00065 -0.11389 0.0
1.00016 -0.110824 0.0
0.999768 -0.107812 0.0
0.999477 -0.104859 0.0
0.999274 -0.101967 0.0
0.999152 -0.0991365 0.0
0.999103 -0.0963704 0.0
0.999122 -0.0936691 0.0
0.999201 -0.0910332 0.0
0.999334 -0.0884627 0.0
0.999516 -0.0859575 0.0
0.999741 -0.0835171 0.0
1 -0.0811406 0.0
1.0003 -0.0788273 0.0
1.00063 -0.076576 0.0
1.00098 -0.0743854 0.0
1.00135 -0.0722542 0.0
1.00174 -0.0701809 0.0
1.00214 -0.068164 0.0
1.00255 -0.0662018 0.0
1.00297 -0.0642927 0.0
1.00339 -0.0624351 0.0
1.00382 -0.0606271 0.0
1.00425 -0.058867 0.0
1.00467 -0.0571532 0.0
1.00509 -0.0554838 0.0
1.00551 -0.0538571 0.0
1.00592 -0.0522713 0.0
1.00632 -0.0507248 0.0
1.0067 -0.0492158 0.0
1.00708 -0.0477425 0.0
1.00744 -0.0463033 0.0
1.00779 -0.0448965 0.0
1.00813 -0.0435203 0.0
1.00844 -0.0421731 0.0
1.00874 -0.0408533 0.0
1.00903 -0.0395591 0.0
1.00929 -0.0382888 0.0
1.00954 -0.0370409 0.0
1.00976 -0.0358135 0.0
1.00997 -0.034605 0.0
1.01016 -0.0334138 0.0
1.01032 -0.0322379 0.0
1.01046 -0.0310758 0.0
1.01058 -0.0299257 0.0
1.01068 -0.0287856 0.0
1.01076 -0.0276539 0.0
1.01082 -0.0265286 0.0
1.01085 -0.0254079 0.0
1.01086 -0.0242898 0.0
1.01086 -0.0231725 0.0
1.01082 -0.0220538 0.0
1.01077 -0.020932 0.0
1.0107 -0.0198049 0.0
1.01061 -0.0186706 0.0
1.0105 -0.0175272 0.0
1.01038 -0.0163728 0.0
1.01024 -0.0152057 0.0
1.01008 -0.0140243 0.0
1.00992 -0.0128271 0.0
1.00975 -0.0116132 0.0
1.00958 -0.0103819 0.0
1.00941 -0.00913324 0.0
1.00925 -0.00786786 0.0
1.00911 -0.00658746 0.0
1.00898 -0.00529502 0.0
1.00888 -0.00399568 0.0
1.00881 -0.00270411 0.0
1.00878 -0.00152337 0.0
0.999975 0.00150771 0.0
0.999875 0.00452383 0.0
0.999674 0.00754875 0.0
0.999375 0.0105907 0.0
0.998976 0.0136579 0.0
0.99848 0.016759 0.0
0.997886 0.0199027 0.0
0.997196 0.023098 0.0
0.996413 0.0263545 0.0
0.995537 0.0296819 0.0
0.994571 0.0330906 0.0
0.993518 0.0365916 0.0
0.992381 0.0401964 0.0
0.991165 0.0439173 0.0
0.989875 0.0477671 0.0
0.988517 0.0517597 0.0
0.987097 0.0559098 0.0
0.985625 0.0602328 0.0
0.984111 0.0647454 0.0
0.982566 0.069465 0.0
0.981006 0.0744099 0.0
0.979447 0.0795993 0.0
0.97791 0.0850534 0.0
0.976418 0.0907925 0.0
0.974999 0.0968376 0.0
0.973686 0.10321 0.0
0.972517 0.109928 0.0
0.971536 0.117013 0.0
0.970793 0.124479 0.0
0.970347 0.13234 0.0
0.970264 0.140604 0.0
0.970619 0.149272 0.0
0.971493 0.158334 0.0
0.972977 0.16777 0.0
0.975169 0.177544 0.0
0.978171 0.187602 0.0
0.982087 0.197865 0.0
0.987017 0.208231 0.0
0.993055 0.218568 0.0
1.00028 0.228715 0.0
1.00873 0.238479 0.0
1.01843 0.247641 0.0
1.02934 0.255964 0.0
1.04137 0.263203 0.0
1.05436 0.269121 0.0
1.0681 0.273515 0.0
1.0823 0.276237 0.0
1.09665 0.277211 0.0
1.11082 0.276455 0.0
1.12449 0.27407 0.0
1.1374 0.270232 0.0
1.14934 0.26516 0.0
1.16019 0.25909 0.0
1.16988 0.252247 0.0
1.17842 0.244832 0.0
1.18582 0.237009 0.0
1.19216 0.228909 0.0
1.19751 0.22063 0.0
1.20194 0.212242 0.0
1.20555 0.203796 0.0
1.20841 0.195324 0.0
1.2106 0.186848 0.0
1.2122 0.178381 0.0
1.21328 0.169928 0.0
1.2139 0.161489 0.0
1.21415 0.153062 0.0
1.21407 0.144637 0.0
1.21373 0.136205 0.0
1.21319 0.127752 0.0
1.21249 0.11926 0.0
1.21168 0.110713 0.0
1.21079 0.10209 0.0
1.20986 0.0933714 0.0
1.20892 0.0845364 0.0
1.20798 0.0755659 0.0
1.20705 0.0664427 0.0
1.20613 0.0571527 0.0
1.20521 0.0476862 0.0
1.20428 0.0380394 0.0
1.20332 0.028216 0.0
1.20228 0.018229 0.0
1.20114 0.00810253 0.0
1.19985 -0.0021283 0.0
1.19837 -0.0124479 0.0
1.19665 -0.0228228 0.0
1.19466 -0.0332097 0.0
1.19237 -0.0435582 0.0
1.18974 -0.0538126 0.0
1.18676 -0.0639137 0.0
1.18343 -0.0738011 0.0
1.17973 -0.083414 0.0
1.17566 -0.0926937 0.0
1.17125 -0.101584 0.0
1.1665 -0.110035 0.0
1.16143 -0.117999 0.0
1.15608 -0.125438 0.0
1.15049 -0.132319 0.0
1.14467 -0.138616 0.0
1.13868 -0.144313 0.0
1.13256 -0.149399 0.0
1.12634 -0.15387 0.0
1.12006 -0.157731 0.0
1.11377 -0.16099 0.0
1.1075 -0.163664 0.0
1.10129 -0.165771 0.0
1.09517 -0.167337 0.0
1.08917 -0.168387 0.0
1.08332 -0.168953 0.0
1.07764 -0.169065 0.0
1.07215 -0.168756 0.0
1.06687 -0.16806 0.0
1.06181 -0.167011 0.0
1.05698 -0.165642 0.0
1.05239 -0.163984 0.0
1.04805 -0.162071 0.0
1.04395 -0.159931 0.0
1.0401 -0.157594 0.0
1.0365 -0.155087 0.0
1.03314 -0.152435 0.0
1.03001 -0.149662 0.0
1.02712 -0.146789 0.0
1.02445 -0.143837 0.0
1.022 -0.140823 0.0
1.01976 -0.137766 0.0
1.01771 -0.134678 0.0
1.01586 -0.131575 0.0
1.01419 -0.128467 0.0
1.01269 -0.125365 0.0
1.01135 -0.12228 0.0
1.01016 -0.119218 0.0
1.00912 -0.116187 0.0
1.0082 -0.113193 0.0
1.00742 -0.110241 0.0
1.00674 -0.107335 0.0
1.00618 -0.10448 0.0
1.00571 -0.101677 0.0
1.00534 -0.0989291 0.0
1.00505 -0.0962381 0.0
1.00483 -0.0936053 0.0
1.00469 -0.0910313 0.0
1.0046 -0.0885167 0.0
1.00458 -0.0860617 0.0
1.00461 -0.083666 0.0
1.00468 -0.0813293 0.0
1.0048 -0.0790509 0.0
1.00495 -0.07683 0.0
1.00513 -0.0746658 0.0
1.00534 -0.0725569 0.0
1.00558 -0.0705024 0.0
1.00584 -0.0685009 0.0
1.00611 -0.0665509 0.0
1.0064 -0.0646511 0.0
1.0067 -0.0628 0.0
1.007 -0.0609961 0.0
1.00732 -0.0592377 0.0
1.00763 -0.0575234 0.0
1.00795 -0.0558516 0.0
1.00826 -0.0542206 0.0
1.00858 -0.0526288 0.0
1.00888 -0.0510747 0.0
1.00919 -0.0495567 0.0
1.00948 -0.048073 0.0
1.00977 -0.0466223 0.0
1.01004 -0.0452028 0.0
1.01031 -0.0438129 0.0
1.01056 -0.0424511 0.0
1.0108 -0.0411158 0.0
1.01103 -0.0398053 0.0
1.01124 -0.0385181 0.0
1.01143 -0.0372525 0.0
1.01161 -0.036007 0.0
1.01177 -0.0347798 0.0
1.01192 -0.0335694 0.0
1.01204 -0.032374 0.0
1.01215 -0.0311921 0.0
1.01224 -0.0300218 0.0
1.01232 -0.0288614 0.0
1.01237 -0.0277092 0.0
1.0124 -0.0265635 0.0
1.01242 -0.0254223 0.0
1.01241 -0.024284 0.0
1.01239 -0.0231466 0.0
1.01235 -0.0220084 0.0
1.01229 -0.0208675 0.0
1.01222 -0.0197223 0.0
1.01212 -0.0185709 0.0
1.01202 -0.0174116 0.0
1.0119 -0.0162431 0.0
1.01177 -0.0150638 0.0
1.01162 -0.0138725 0.0
1.01148 -0.0126685 0.0
1.01132 -0.0114512 0.0
1.01117 -0.0102204 0.0
1.01102 -0.00897685 0.0
1.01088 -0.00772174 0.0
1.01075 -0.00645732 0.0
1.01064 -0.00518699 0.0
1.01055 -0.00391614 0.0
1.01049 -0.00265905 0.0
1.01047 -0.00151464 0.0
0.999977 0.00155574 0.0
0.999885 0.00466773 0.0
0.999702 0.00778817 0.0
0.999427 0.010925 0.0
0.999063 0.0140865 0.0
0.998609 0.0172807 0.0
0.998067 0.0205162 0.0
0.997439 0.0238019 0.0
0.996726 0.0271466 0.0
0.995932 0.03056 0.0
0.995058 0.0340518 0.0
0.994109 0.0376325 0.0
0.993088 0.0413128 0.0
0.992 0.0451042 0.0
0.990851 0.0490187 0.0
0.989648 0.0530691 0.0
0.988399 0.0572687 0.0
0.987114 0.0616316 0.0
0.985802 0.0661724 0.0
0.984478 0.0709066 0.0
0.983156 0.0758501 0.0
0.981854 0.0810193 0.0
0.980593 0.0864312 0.0
0.979397 0.0921024 0.0
0.978294 0.0980497 0.0
0.977315 0.104289 0.0
0.976497 0.110835 0.0
0.975883 0.117701 0.0
0.975519 0.124897 0.0
0.97546 0.132427 0.0
0.975765 0.140294 0.0
0.976502 0.148491 0.0
0.977741 0.157001 0.0
0.979561 0.165798 0.0
0.982043 0.174842 0.0
0.98527 0.184074 0.0
0.989325 0.193421 0.0
0.994285 0.202784 0.0
1.00022 0.212045 0.0
1.00717 0.221062 0.0
1.01518 0.229673 0.0
1.02423 0.237697 0.0
1.03428 0.244944 0.0
1.04525 0.251222 0.0
1.05701 0.256353 0.0
1.06937 0.260187 0.0
1.08211 0.262616 0.0
1.09501 0.263589 0.0
1.1078 0.263119 0.0
1.12025 0.261281 0.0
1.13217 0.258198 0.0
1.14339 0.25403 0.0
1.15381 0.248952 0.0
1.16336 0.243136 0.0
1.17203 0.236741 0.0
1.17982 0.229901 0.0
1.18677 0.222728 0.0
1.19293 0.215311 0.0
1.19833 0.207717 0.0
1.20305 0.199994 0.0
1.20715 0.192176 0.0
1.21066 0.184288 0.0
1.21366 0.176345 0.0
1.21619 0.168356 0.0
1.2183 0.160322 0.0
1.22004 0.152245 0.0
1.22145 0.144118 0.0
1.22258 0.135935 0.0
1.22346 0.127685 0.0
1.22413 0.119358 0.0
1.22462 0.11094 0.0
1.22495 0.102417 0.0
1.22515 0.0937743 0.0
1.22522 0.084999 0.0
1.22519 0.0760784 0.0
1.22505 0.0670027 0.0
1.22479 0.0577652 0.0
1.22442 0.0483636 0.0
1.22391 0.0388011 0.0
1.22324 0.0290879 0.0
1.22239 0.0192423 0.0
1.22133 0.00929219 0.0
1.22003 -0.000726371 0.0
1.21845 -0.0107946 0.0
1.21658 -0.0208828 0.0
1.21437 -0.0309531 0.0
1.21181 -0.0409606 0.0
1.20888 -0.0508559 0.0
1.20558 -0.0605867 0.0
1.20188 -0.0700993 0.0
1.19781 -0.0793401 0.0
1.19336 -0.0882571 0.0
1.18856 -0.096801 0.0
1.18342 -0.104927 0.0
1.17797 -0.112593 0.0
1.17223 -0.119766 0.0
1.16626 -0.126417 0.0
1.16008 -0.132522 0.0
1.15372 -0.138066 0.0
1.14724 -0.143039 0.0
1.14067 -0.147439 0.0
1.13406 -0.151269 0.0
1.12743 -0.154535 0.0
1.12083 -0.157252 0.0
1.1143 -0.159437 0.0
1.10786 -0.161111 0.0
1.10154 -0.162299 0.0
1.09538 -0.163026 0.0
1.08939 -0.163321 0.0
1.08359 -0.163213 0.0
1.078 -0.162734 0.0
1.07263 -0.161913 0.0
1.0675 -0.16078 0.0
1.06261 -0.159366 0.0
1.05797 -0.1577 0.0
1.05357 -0.155809 0.0
1.04942 -0.15372 0.0
1.04552 -0.151459 0.0
1.04187 -0.149049 0.0
1.03846 -0.146512 0.0
1.03528 -0.14387 0.0
1.03233 -0.141141 0.0
1.02961 -0.138342 0.0
1.02709 -0.135491 0.0
1.02479 -0.132601 0.0
1.02267 -0.129686 0.0
1.02075 -0.126757 0.0
1.019 -0.123825 0.0
1.01741 -0.120899 0.0
1.01599 -0.117987 0.0
1.01472 -0.115098 0.0
1.01358 -0.112235 0.0
1.01258 -0.109407 0.0
1.01169 -0.106615 0.0
1.01093 -0.103866 0.0
1.01026 -0.101161 0.0
1.0097 -0.0985043 0.0
1.00922 -0.0958966 0.0
1.00883 -0.0933401 0.0
1.00851 -0.0908359 0.0
1.00827 -0.0883849 0.0
1.00809 -0.0859874 0.0
1.00796 -0.0836437 0.0
1.00789 -0.0813536 0.0
1.00786 -0.079117 0.0
1.00788 -0.0769332 0.0
1.00794 -0.0748016 0.0
1.00802 -0.0727213 0.0
1.00814 -0.0706916 0.0
1.00828 -0.0687112 0.0
1.00845 -0.066779 0.0
1.00863 -0.0648939 0.0
1.00883 -0.0630546 0.0
1.00904 -0.0612598 0.0
1.00926 -0.059508 0.0
1.00949 -0.057798 0.0
1.00973 -0.0561282 0.0
1.00996 -0.0544973 0.0
1.0102 -0.0529038 0.0
1.01044 -0.0513463 0.0
1.01068 -0.0498232 0.0
1.01091 -0.0483332 0.0
1.01113 -0.0468746 0.0
1.01135 -0.0454461 0.0
1.01156 -0.0440461 0.0
1.01177 -0.0426732 0.0
1.01196 -0.0413257 0.0
1.01214 -0.0400023 0.0
1.01231 -0.0387013 0.0
1.01247 -0.0374213 0.0
1.01261 -0.0361607 0.0
1.01274 -0.0349178 0.0
1.01285 -0.0336913 0.0
1.01295 -0.0324794 0.0
1.01304 -0.0312804 0.0
1.01311 -0.0300929 0.0
1.01316 -0.0289151 0.0
1.0132 -0.0277453 0.0
1.01322 -0.0265819 0.0
1.01322 -0.0254232 0.0
1.01321 -0.0242674 0.0
1.01318 -0.0231129 0.0
1.01314 -0.0219579 0.0
1.01308 -0.0208009 0.0
1.01301 -0.0196403 0.0
1.01292 -0.0184745 0.0
1.01282 -0.0173022 0.0
1.01271 -0.0161221 0.0
1.01259 -0.014933 0.0
1.01246 -0.0137344 0.0
1.01233 -0.0125255 0.0
1.01219 -0.0113064 0.0
1.01206 -0.0100773 0.0
1.01193 -0.00883939 0.0
1.0118 -0.00759426 0.0
1.01169 -0.00634451 0.0
1.0116 -0.00509378 0.0
1.01152 -0.00384745 0.0
1.01147 -0.00261931 0.0
1.01145 -0.00150479 0.0
0.999979 0.00159965 0.0
0.999895 0.00479927 0.0
0.999728 0.00800691 0.0
0.999478 0.0112303 0.0
0.999146 0.0144773 0.0
0.998734 0.0177559 0.0
0.998242 0.0210742 0.0
0.997674 0.0244407 0.0
0.99703 0.0278639 0.0
0.996314 0.031353 0.0
0.995529 0.0349172 0.0
0.994679 0.0385662 0.0
0.993768 0.0423101 0.0
0.992803 0.0461597 0.0
0.991789 0.0501258 0.0
0.990733 0.0542202 0.0
0.989645 0.0584547 0.0
0.988534 0.0628421 0.0
0.987412 0.0673952 0.0
0.986292 0.0721274 0.0
0.985191 0.0770524 0.0
0.984125 0.082184 0.0
0.983116 0.087536 0.0
0.982188 0.0931219 0.0
0.981367 0.0989545 0.0
0.980684 0.105046 0.0
0.980175 0.111405 0.0
0.979878 0.118042 0.0
0.979839 0.124959 0.0
0.980105 0.132158 0.0
0.980731 0.139633 0.0
0.981775 0.147372 0.0
0.9833 0.155356 0.0
0.985371 0.163553 0.0
0.988057 0.17192 0.0
0.991424 0.180401 0.0
0.995538 0.188925 0.0
1.00046 0.197401 0.0
1.00623 0.205724 0.0
1.01288 0.213771 0.0
1.02044 0.221405 0.0
1.02887 0.228478 0.0
1.03815 0.234835 0.0
1.04818 0.240326 0.0
1.05886 0.244815 0.0
1.07004 0.248187 0.0
1.08155 0.250362 0.0
1.09319 0.251303 0.0
1.10479 0.251018 0.0
1.11615 0.249561 0.0
1.12713 0.247024 0.0
1.13759 0.243523 0.0
1.14744 0.239191 0.0
1.15662 0.23416 0.0
1.16512 0.228556 0.0
1.17291 0.222493 0.0
1.18004 0.216065 0.0
1.18651 0.20935 0.0
1.19237 0.20241 0.0
1.19766 0.195292 0.0
1.20241 0.188032 0.0
1.20667 0.180653 0.0
1.21049 0.173173 0.0
1.21388 0.165602 0.0
1.2169 0.157946 0.0
1.21957 0.150207 0.0
1.22193 0.142382 0.0
1.22401 0.134467 0.0
1.22583 0.126456 0.0
1.2274 0.118339 0.0
1.22877 0.110109 0.0
1.22993 0.101755 0.0
1.2309 0.0932688 0.0
1.23168 0.0846409 0.0
1.23229 0.0758647 0.0
1.23271 0.0669357 0.0
1.23294 0.0578528 0.0
1.23297 0.0486188 0.0
1.23279 0.0392418 0.0
1.23237 0.029736 0.0
1.23169 0.0201223 0.0
1.23073 0.0104293 0.0
1.22948 0.000691962 0.0
1.22791 -0.00906716 0.0
1.22599 -0.018821 0.0
1.22372 -0.0285353 0.0
1.22107 -0.0381703 0.0
1.21804 -0.0476824 0.0
1.21461 -0.0570251 0.0
1.21079 -0.0661511 0.0
1.20659 -0.0750129 0.0
1.20202 -0.0835646 0.0
1.19709 -0.0917626 0.0
1.19183 -0.0995668 0.0
1.18627 -0.106941 0.0
1.18044 -0.113855 0.0
1.17437 -0.120281 0.0
1.1681 -0.126201 0.0
1.16166 -0.131599 0.0
1.1551 -0.136467 0.0
1.14846 -0.1408 0.0
1.14177 -0.144602 0.0
1.13507 -0.147878 0.0
1.1284 -0.150641 0.0
1.12179 -0.152904 0.0
1.11527 -0.154686 0.0
1.10887 -0.156009 0.0
1.10261 -0.156896 0.0
1.09653 -0.157372 0.0
1.09063 -0.157463 0.0
1.08493 -0.157197 0.0
1.07945 -0.156602 0.0
1.07419 -0.155704 0.0
1.06917 -0.154531 0.0
1.06439 -0.15311 0.0
1.05985 -0.151466 0.0
1.05556 -0.149624 0.0
1.05151 -0.147607 0.0
1.0477 -0.145439 0.0
1.04413 -0.143139 0.0
1.04079 -0.140728 0.0
1.03768 -0.138223 0.0
1.03479 -0.135641 0.0
1.03211 -0.132999 0.0
1.02963 -0.130309 0.0
1.02735 -0.127585 0.0
1.02526 -0.124838 0.0
1.02334 -0.122079 0.0
1.0216 -0.119317 0.0
1.02001 -0.11656 0.0
1.01858 -0.113816 0.0
1.01729 -0.11109 0.0
1.01613 -0.108389 0.0
1.0151 -0.105718 0.0
1.01418 -0.10308 0.0
1.01337 -0.100478 0.0
1.01267 -0.0979169 0.0
1.01206 -0.0953978 0.0
1.01153 -0.0929228 0.0
1.01109 -0.0904935 0.0
1.01072 -0.088111 0.0
1.01041 -0.0857762 0.0
1.01017 -0.0834894 0.0
1.00999 -0.081251 0.0
1.00985 -0.0790609 0.0
1.00977 -0.0769189 0.0
1.00972 -0.0748246 0.0
1.00971 -0.0727775 0.0
1.00974 -0.0707769 0.0
1.00979 -0.068822 0.0
1.00987 -0.0669119 0.0
1.00997 -0.0650457 0.0
1.01009 -0.0632222 0.0
1.01023 -0.0614404 0.0
1.01038 -0.059699 0.0
1.01054 -0.057997 0.0
1.01071 -0.056333 0.0
1.01088 -0.0547057 0.0
1.01106 -0.0531139 0.0
1.01124 -0.0515563 0.0
1.01142 -0.0500315 0.0
1.01161 -0.0485382 0.0
1.01179 -0.047075 0.0
1.01196 -0.0456405 0.0
1.01213 -0.0442333 0.0
1.01229 -0.0428521 0.0
1.01245 -0.0414953 0.0
1.0126 -0.0401617 0.0
1.01274 -0.0388497 0.0
1.01286 -0.037558 0.0
1.01298 -0.0362849 0.0
1.01309 -0.035029 0.0
1.01318 -0.0337889 0.0
1.01326 -0.0325629 0.0
1.01333 -0.0313496 0.0
1.01338 -0.0301473 0.0
1.01342 -0.0289545 0.0
1.01345 -0.0277697 0.0
1.01346 -0.0265911 0.0
1.01346 -0.0254172 0.0
1.01345 -0.0242464 0.0
1.01342 -0.0230771 0.0
1.01338 -0.0219079 0.0
1.01332 -0.0207371 0.0
1.01325 -0.0195635 0.0
1.01317 -0.0183856 0.0
1.01308 -0.0172024 0.0
1.01299 -0.0160128 0.0
1.01288 -0.0148161 0.0
1.01277 -0.0136116 0.0
1.01265 -0.0123994 0.0
1.01253 -0.0111795 0.0
1.01242 -0.00995279 0.0
1.0123 -0.0087205 0.0
1.0122 -0.00748464 0.0
1.0121 -0.00624798 0.0
1.01202 -0.00501424 0.0
1.01196 -0.00378869 0.0
1.01192 -0.00258457 0.0
1.01189 -0.0014944 0.0
0.999981 0.00163957 0.0
0.999905 0.00491883 0.0
0.999754 0.00820563 0.0
0.999527 0.0115074 0.0
0.999227 0.0148317 0.0
0.998855 0.0181861 0.0
0.998412 0.0215785 0.0
0.9979 0.0250168 0.0
0.997322 0.0285093 0.0
0.996681 0.0320644 0.0
0.995981 0.0356908 0.0
0.995225 0.0393977 0.0
0.99442 0.0431943 0.0
0.99357 0.0470905 0.0
0.992683 0.0510963 0.0
0.991766 0.055222 0.0
0.990828 0.0594786 0.0
0.98988 0.0638769 0.0
0.988933 0.0684284 0.0
0.988002 0.0731445 0.0
0.987103 0.0780366 0.0
0.986252 0.0831161 0.0
0.98547 0.0883941 0.0
0.984781 0.093881 0.0
0.984211 0.0995864 0.0
0.983789 0.105518 0.0
0.983548 0.111683 0.0
0.983524 0.118084 0.0
0.983759 0.124721 0.0
0.984295 0.131592 0.0
0.985182 0.138686 0.0
0.98647 0.145987 0.0
0.988212 0.153473 0.0
0.990465 0.161111 0.0
0.993284 0.168857 0.0
0.996723 0.176657 0.0
1.00083 0.184444 0.0
1.00566 0.192138 0.0
1.01123 0.199643 0.0
1.01757 0.206855 0.0
1.02468 0.213658 0.0
1.03254 0.219929 0.0
1.04111 0.225544 0.0
1.05031 0.230383 0.0
1.06005 0.234339 0.0
1.07021 0.237324 0.0
1.08065 0.239277 0.0
1.09122 0.240168 0.0
1.10177 0.240003 0.0
1.11217 0.23882 0.0
1.12227 0.236687 0.0
1.13198 0.23369 0.0
1.14122 0.229932 0.0
1.14994 0.225515 0.0
1.15811 0.220542 0.0
1.16571 0.215104 0.0
1.17276 0.209283 0.0
1.17927 0.203149 0.0
1.18526 0.196757 0.0
1.19077 0.190151 0.0
1.19582 0.183367 0.0
1.20044 0.176429 0.0
1.20467 0.169356 0.0
1.20853 0.162161 0.0
1.21205 0.15485 0.0
1.21525 0.147428 0.0
1.21816 0.139895 0.0
1.22079 0.132248 0.0
1.22317 0.124485 0.0
1.22529 0.116601 0.0
1.22719 0.108589 0.0
1.22886 0.100443 0.0
1.23032 0.0921588 0.0
1.23155 0.0837309 0.0
1.23256 0.0751566 0.0
1.23335 0.0664357 0.0
1.2339 0.0575708 0.0
1.2342 0.0485685 0.0
1.23424 0.0394397 0.0
1.23399 0.0302008 0.0
1.23345 0.0208735 0.0
1.2326 0.0114857 0.0
1.23142 0.00206993 0.0
1.2299 -0.0073485 0.0
1.22801 -0.016744 0.0
1.22576 -0.0260852 0.0
1.22313 -0.0353367 0.0
1.2201 -0.0444593 0.0
1.2167 -0.0534122 0.0
1.2129 -0.0621534 0.0
1.20873 -0.0706408 0.0
1.2042 -0.078834 0.0
1.19933 -0.0866942 0.0
1.19414 -0.0941859 0.0
1.18865 -0.101277 0.0
1.18291 -0.107939 0.0
1.17693 -0.11415 0.0
1.17076 -0.11989 0.0
1.16443 -0.125147 0.0
1.15799 -0.129912 0.0
1.15145 -0.13418 0.0
1.14488 -0.137954 0.0
1.13829 -0.141238 0.0
1.13172 -0.144042 0.0
1.1252 -0.146378 0.0
1.11877 -0.148262 0.0
1.11245 -0.149713 0.0
1.10626 -0.150751 0.0
1.10023 -0.151399 0.0
1.09438 -0.15168 0.0
1.08871 -0.151618 0.0
1.08325 -0.151239 0.0
1.07801 -0.150566 0.0
1.07298 -0.149625 0.0
1.06819 -0.14844 0.0
1.06362 -0.147035 0.0
1.0593 -0.145432 0.0
1.0552 -0.143654 0.0
1.05134 -0.14172 0.0
1.0477 -0.139652 0.0
1.04429 -0.137467 0.0
1.0411 -0.135182 0.0
1.03813 -0.132815 0.0
1.03536 -0.130378 0.0
1.03279 -0.127886 0.0
1.03042 -0.125352 0.0
1.02822 -0.122787 0.0
1.02621 -0.1202 0.0
1.02436 -0.117602 0.0
1.02267 -0.115 0.0
1.02113 -0.112402 0.0
1.01973 -0.109815 0.0
1.01847 -0.107244 0.0
1.01733 -0.104693 0.0
1.01631 -0.102169 0.0
1.0154 -0.0996731 0.0
1.01459 -0.0972101 0.0
1.01388 -0.0947822 0.0
1.01326 -0.0923917 0.0
1.01272 -0.0900404 0.0
1.01226 -0.0877296 0.0
1.01186 -0.0854606 0.0
1.01153 -0.083234 0.0
1.01126 -0.0810505 0.0
1.01104 -0.0789102 0.0
1.01087 -0.0768133 0.0
1.01075 -0.0747596 0.0
1.01066 -0.072749 0.0
1.01061 -0.0707808 0.0
1.0106 -0.0688546 0.0
1.01061 -0.0669697 0.0
1.01064 -0.0651254 0.0
1.0107 -0.0633209 0.0
1.01078 -0.0615551 0.0
1.01087 -0.0598271 0.0
1.01098 -0.058136 0.0
1.0111 -0.0564806 0.0
1.01122 -0.0548598 0.0
1.01135 -0.0532726 0.0
1.01149 -0.0517176 0.0
1.01163 -0.0501937 0.0
1.01177 -0.0486997 0.0
1.01192 -0.0472344 0.0
1.01206 -0.0457964 0.0
1.01219 -0.0443845 0.0
1.01233 -0.0429975 0.0
1.01245 -0.0416339 0.0
1.01258 -0.0402924 0.0
1.01269 -0.0389718 0.0
1.0128 -0.0376705 0.0
1.01289 -0.0363873 0.0
1.01298 -0.0351206 0.0
1.01306 -0.0338691 0.0
1.01313 -0.0326313 0.0
1.01318 -0.0314058 0.0
1.01323 -0.0301909 0.0
1.01326 -0.0289854 0.0
1.01328 -0.0277875 0.0
1.01329 -0.0265959 0.0
1.01329 -0.0254089 0.0
1.01328 -0.0242252 0.0
1.01325 -0.0230433 0.0
1.01321 -0.0218618 0.0
1.01316 -0.0206793 0.0
1.0131 -0.0194946 0.0
1.01303 -0.0183066 0.0
1.01296 -0.0171143 0.0
1.01287 -0.0159169 0.0
1.01278 -0.0147138 0.0
1.01268 -0.013505 0.0
1.01258 -0.0122903 0.0
1.01248 -0.0110703 0.0
1.01238 -0.0098461 0.0
1.01229 -0.00861911 0.0
1.0122 -0.00739154 0.0
1.01212 -0.00616626 0.0
1.01205 -0.00494698 0.0
1.012 -0.00373878 0.0
1.01196 -0.0025544 0.0
1.01194 -0.00148395 0.0
0.999983 0.00167565 0.0
0.999914 0.00502688 0.0
0.999778 0.00838511 0.0
0.999574 0.0117574 0.0
0.999305 0.0151511 0.0
0.99897 0.0185732 0.0
0.998573 0.0220314 0.0
0.998116 0.025533 0.0
0.997601 0.0290859 0.0
0.997031 0.032698 0.0
0.996411 0.0363773 0.0
0.995745 0.0401323 0.0
0.995038 0.0439715 0.0
0.994297 0.0479039 0.0
0.993529 0.0519385 0.0
0.992741 0.0560845 0.0
0.991943 0.0603515 0.0
0.991145 0.0647492 0.0
0.99036 0.0692871 0.0
0.989602 0.073975 0.0
0.988885 0.0788222 0.0
0.988228 0.083838 0.0
0.987651 0.089031 0.0
0.987175 0.0944088 0.0
0.986825 0.099978 0.0
0.98663 0.105744 0.0
0.986619 0.111709 0.0
0.986827 0.117873 0.0
0.98729 0.124234 0.0
0.988048 0.130785 0.0
0.989142 0.137512 0.0
0.990618 0.144398 0.0
0.992521 0.151417 0.0
0.994897 0.158537 0.0
0.997793 0.165715 0.0
1.00125 0.1729 0.0
1.00531 0.18003 0.0
1.01001 0.187032 0.0
1.01536 0.193824 0.0
1.02138 0.200315 0.0
1.02806 0.206407 0.0
1.03538 0.211998 0.0
1.0433 0.216988 0.0
1.05176 0.22128 0.0
1.06067 0.224789 0.0
1.06994 0.227446 0.0
1.07946 0.229202 0.0
1.08909 0.230034 0.0
1.09873 0.229944 0.0
1.10826 0.22896 0.0
1.11757 0.227132 0.0
1.12657 0.224526 0.0
1.13521 0.221219 0.0
1.14343 0.217294 0.0
1.15119 0.212831 0.0
1.1585 0.207908 0.0
1.16533 0.202593 0.0
1.17172 0.196947 0.0
1.17766 0.191021 0.0
1.18318 0.184857 0.0
1.18831 0.178486 0.0
1.19305 0.171936 0.0
1.19745 0.165225 0.0
1.20151 0.158368 0.0
1.20526 0.151372 0.0
1.20872 0.144245 0.0
1.2119 0.136989 0.0
1.21482 0.129605 0.0
1.21748 0.122091 0.0
1.2199 0.114445 0.0
1.22209 0.106664 0.0
1.22404 0.0987456 0.0
1.22575 0.0906873 0.0
1.22724 0.0824876 0.0
1.22848 0.0741471 0.0
1.22947 0.0656683 0.0
1.2302 0.0570566 0.0
1.23066 0.048321 0.0
1.23083 0.0394743 0.0
1.23071 0.0305334 0.0
1.23027 0.02152 0.0
1.2295 0.0124605 0.0
1.22839 0.00338472 0.0
1.22693 -0.00568083 0.0
1.22511 -0.0147115 0.0
1.22293 -0.0236785 0.0
1.22037 -0.0325494 0.0
1.21743 -0.0412893 0.0
1.21412 -0.0498618 0.0
1.21044 -0.0582296 0.0
1.2064 -0.0663556 0.0
1.20201 -0.0742038 0.0
1.1973 -0.0817397 0.0
1.19228 -0.0889318 0.0
1.18699 -0.0957513 0.0
1.18144 -0.102173 0.0
1.17568 -0.108177 0.0
1.16973 -0.113744 0.0
1.16363 -0.118864 0.0
1.15741 -0.123527 0.0
1.1511 -0.12773 0.0
1.14475 -0.131473 0.0
1.13838 -0.13476 0.0
1.13203 -0.137598 0.0
1.12572 -0.139999 0.0
1.11949 -0.141975 0.0
1.11335 -0.143543 0.0
1.10734 -0.144721 0.0
1.10147 -0.145528 0.0
1.09575 -0.145985 0.0
1.09022 -0.146113 0.0
1.08487 -0.145936 0.0
1.07972 -0.145475 0.0
1.07478 -0.144753 0.0
1.07006 -0.143791 0.0
1.06555 -0.142613 0.0
1.06126 -0.141238 0.0
1.05719 -0.139686 0.0
1.05335 -0.137978 0.0
1.04972 -0.136132 0.0
1.04631 -0.134165 0.0
1.0431 -0.132093 0.0
1.0401 -0.129931 0.0
1.0373 -0.127694 0.0
1.0347 -0.125396 0.0
1.03228 -0.123047 0.0
1.03004 -0.120659 0.0
1.02797 -0.118242 0.0
1.02606 -0.115805 0.0
1.02431 -0.113356 0.0
1.0227 -0.110903 0.0
1.02124 -0.108452 0.0
1.0199 -0.10601 0.0
1.0187 -0.103581 0.0
1.0176 -0.10117 0.0
1.01662 -0.0987807 0.0
1.01574 -0.0964169 0.0
1.01496 -0.0940813 0.0
1.01427 -0.0917765 0.0
1.01365 -0.0895046 0.0
1.01312 -0.0872672 0.0
1.01266 -0.0850657 0.0
1.01226 -0.0829013 0.0
1.01192 -0.0807746 0.0
1.01164 -0.0786863 0.0
1.01141 -0.0766366 0.0
1.01122 -0.0746258 0.0
1.01108 -0.0726538 0.0
1.01097 -0.0707203 0.0
1.0109 -0.0688252 0.0
1.01085 -0.0669679 0.0
1.01084 -0.0651479 0.0
1.01085 -0.0633645 0.0
1.01087 -0.0616171 0.0
1.01092 -0.0599049 0.0
1.01098 -0.058227 0.0
1.01106 -0.0565825 0.0
1.01115 -0.0549704 0.0
1.01124 -0.0533899 0.0
1.01134 -0.0518397 0.0
1.01145 -0.050319 0.0
1.01156 -0.0488265 0.0
1.01167 -0.0473612 0.0
1.01178 -0.0459219 0.0
1.01189 -0.0445074 0.0
1.012 -0.0431166 0.0
1.01211 -0.0417482 0.0
1.01221 -0.040401 0.0
1.0123 -0.0390736 0.0
1.01239 -0.0377649 0.0
1.01248 -0.0364734 0.0
1.01255 -0.035198 0.0
1.01262 -0.033937 0.0
1.01268 -0.0326893 0.0
1.01273 -0.0314535 0.0
1.01277 -0.030228 0.0
1.0128 -0.0290115 0.0
1.01281 -0.0278025 0.0
1.01282 -0.0265997 0.0
1.01282 -0.0254016 0.0
1.01281 -0.0242068 0.0
1.01279 -0.023014 0.0
1.01276 -0.021822 0.0
1.01272 -0.0206294 0.0
1.01267 -0.0194353 0.0
1.01261 -0.0182387 0.0
1.01254 -0.0170387 0.0
1.01247 -0.0158348 0.0
1.01239 -0.0146266 0.0
1.01231 -0.0134141 0.0
1.01223 -0.0121977 0.0
1.01214 -0.0109779 0.0
1.01206 -0.00975609 0.0
1.01198 -0.00853382 0.0
1.0119 -0.00731342 0.0
1.01184 -0.00609779 0.0
1.01178 -0.00489058 0.0
1.01174 -0.00369668 0.0
1.0117 -0.00252834 0.0
1.01169 -0.00147376 0.0
0.999985 0.00170808 0.0
0.999923 0.00512393 0.0
0.999801 0.00854621 0.0
0.999619 0.0119817 0.0
0.999378 0.0154371 0.0
0.99908 0.0189193 0.0
0.998727 0.0224354 0.0
0.998321 0.0259924 0.0
0.997865 0.0295975 0.0
0.997363 0.033258 0.0
0.996818 0.0369816 0.0
0.996236 0.0407758 0.0
0.995622 0.0446484 0.0
0.994982 0.0486076 0.0
0.994324 0.0526613 0.0
0.993656 0.0568177 0.0
0.992987 0.0610852 0.0
0.992327 0.065472 0.0
0.99169 0.0699863 0.0
0.991088 0.074636 0.0
0.990536 0.0794289 0.0
0.990053 0.0843719 0.0
0.989656 0.0894714 0.0
0.989367 0.094733 0.0
0.98921 0.10016 0.0
0.98921 0.105756 0.0
0.989395 0.111521 0.0
0.989797 0.117451 0.0
0.990448 0.123542 0.0
0.991383 0.129784 0.0
0.992639 0.136161 0.0
0.994256 0.142656 0.0
0.996271 0.149241 0.0
0.998723 0.155884 0.0
1.00165 0.162545 0.0
1.00509 0.169175 0.0
1.00906 0.175718 0.0
1.0136 0.18211 0.0
1.01872 0.188278 0.0
1.02442 0.194143 0.0
1.03069 0.199624 0.0
1.03751 0.204636 0.0
1.04484 0.209095 0.0
1.05264 0.212923 0.0
1.06082 0.216053 0.0
1.0693 0.218428 0.0
1.078 0.220009 0.0
1.08681 0.220777 0.0
1.09564 0.220732 0.0
1.10439 0.219894 0.0
1.11298 0.2183 0.0
1.12133 0.216 0.0
1.12939 0.213055 0.0
1.1371 0.209528 0.0
1.14444 0.205487 0.0
1.1514 0.200994 0.0
1.15796 0.196107 0.0
1.16413 0.190881 0.0
1.16991 0.185359 0.0
1.17533 0.17958 0.0
1.18039 0.173576 0.0
1.18512 0.167372 0.0
1.18953 0.160988 0.0
1.19363 0.154439 0.0
1.19744 0.147735 0.0
1.20098 0.140884 0.0
1.20426 0.133891 0.0
1.20729 0.126759 0.0
1.21007 0.119489 0.0
1.21261 0.112082 0.0
1.21492 0.104536 0.0
1.21699 0.0968525 0.0
1.21882 0.0890308 0.0
1.22041 0.0810725 0.0
1.22175 0.0729803 0.0
1.22284 0.0647594 0.0
1.22365 0.0564169 0.0
1.22419 0.0479634 0.0
1.22444 0.0394123 0.0
1.22438 0.0307811 0.0
1.224 0.0220906 0.0
1.22329 0.0133652 0.0
1.22225 0.00463219 0.0
1.22086 -0.00408176 0.0
1.21912 -0.0127532 0.0
1.21702 -0.0213549 0.0
1.21457 -0.0298575 0.0
1.21175 -0.0382294 0.0
1.20858 -0.046438 0.0
1.20506 -0.0544501 0.0
1.20119 -0.0622326 0.0
1.19701 -0.0697536 0.0
1.19251 -0.0769824 0.0
1.18773 -0.0838906 0.0
1.18268 -0.0904527 0.0
1.1774 -0.0966461 0.0
1.17191 -0.102452 0.0
1.16625 -0.107854 0.0
1.16044 -0.112841 0.0
1.15451 -0.117404 0.0
1.1485 -0.121541 0.0
1.14244 -0.12525 0.0
1.13636 -0.128534 0.0
1.13029 -0.131399 0.0
1.12425 -0.133854 0.0
1.11828 -0.135911 0.0
1.11239 -0.137584 0.0
1.10661 -0.138887 0.0
1.10096 -0.139838 0.0
1.09545 -0.140456 0.0
1.0901 -0.140759 0.0
1.08493 -0.140768 0.0
1.07994 -0.140503 0.0
1.07514 -0.139984 0.0
1.07053 -0.139232 0.0
1.06613 -0.138265 0.0
1.06194 -0.137104 0.0
1.05795 -0.135766 0.0
1.05417 -0.134271 0.0
1.0506 -0.132635 0.0
1.04722 -0.130875 0.0
1.04405 -0.129005 0.0
1.04107 -0.127041 0.0
1.03828 -0.124996 0.0
1.03567 -0.122883 0.0
1.03325 -0.120712 0.0
1.03099 -0.118496 0.0
1.0289 -0.116243 0.0
1.02697 -0.113963 0.0
1.02518 -0.111663 0.0
1.02354 -0.109352 0.0
1.02204 -0.107035 0.0
1.02067 -0.10472 0.0
1.01941 -0.10241 0.0
1.01828 -0.100111 0.0
1.01725 -0.0978276 0.0
1.01632 -0.0955623 0.0
1.01548 -0.0933188 0.0
1.01474 -0.0910998 0.0
1.01407 -0.0889075 0.0
1.01349 -0.086744 0.0
1.01297 -0.0846108 0.0
1.01252 -0.0825094 0.0
1.01214 -0.0804406 0.0
1.0118 -0.0784054 0.0
1.01152 -0.0764043 0.0
1.01129 -0.0744378 0.0
1.0111 -0.0725059 0.0
1.01094 -0.0706087 0.0
1.01082 -0.0687462 0.0
1.01074 -0.0669182 0.0
1.01068 -0.0651242 0.0
1.01065 -0.0633638 0.0
1.01064 -0.0616366 0.0
1.01065 -0.0599419 0.0
1.01067 -0.058279 0.0
1.01071 -0.0566472 0.0
1.01077 -0.0550457 0.0
1.01083 -0.0534737 0.0
1.0109 -0.0519302 0.0
1.01098 -0.0504144 0.0
1.01107 -0.0489253 0.0
1.01116 -0.0474618 0.0
1.01124 -0.046023 0.0
1.01133 -0.0446077 0.0
1.01142 -0.0432149 0.0
1.01151 -0.0418434 0.0
1.0116 -0.0404922 0.0
1.01168 -0.0391599 0.0
1.01175 -0.0378454 0.0
1.01183 -0.0365475 0.0
1.01189 -0.0352649 0.0
1.01195 -0.0339963 0.0
1.012 -0.0327404 0.0
1.01205 -0.0314959 0.0
1.01208 -0.0302614 0.0
1.01211 -0.0290356 0.0
1.01213 -0.0278172 0.0
1.01214 -0.0266048 0.0
1.01214 -0.0253971 0.0
1.01214 -0.0241929 0.0
1.01212 -0.0229908 0.0
1.0121 -0.0217897 0.0
1.01206 -0.0205886 0.0
1.01202 -0.0193864 0.0
1.01198 -0.0181824 0.0
1.01192 -0.0169759 0.0
1.01186 -0.0157665 0.0
1.0118 -0.014554 0.0
1.01173 -0.0133386 0.0
1.01166 -0.0121207 0.0
1.01159 -0.0109012 0.0
1.01153 -0.00968139 0.0
1.01146 -0.00846312 0.0
1.0114 -0.00724871 0.0
1.01134 -0.00604106 0.0
1.0113 -0.00484373 0.0
1.01126 -0.00366142 0.0
1.01123 -0.00250599 0.0
1.01122 -0.00146409 0.0
0.999986 0.00173702 0.0
0.999932 0.00521054 0.0
0.999823 0.00868987 0.0
0.999662 0.0121814 0.0
0.999448 0.0156915 0.0
0.999184 0.0192266 0.0
0.998872 0.0227933 0.0
0.998514 0.0263981 0.0
0.998114 0.0300478 0.0
0.997675 0.0337491 0.0
0.997201 0.0375089 0.0
0.996697 0.0413341 0.0
0.996169 0.0452319 0.0
0.995623 0.0492094 0.0
0.995067 0.0532737 0.0
0.994508 0.0574319 0.0
0.993957 0.0616913 0.0
0.993423 0.0660587 0.0
0.992919 0.070541 0.0
0.992458 0.0751445 0.0
0.992054 0.0798753 0.0
0.991724 0.0847387 0.0
0.991486 0.089739 0.0
0.99136 0.0948797 0.0
0.991369 0.100163 0.0
0.991535 0.105588 0.0
0.991885 0.111154 0.0
0.992446 0.116855 0.0
0.993249 0.122685 0.0
0.994323 0.128631 0.0
0.995702 0.134678 0.0
0.997419 0.140806 0.0
0.999505 0.146989 0.0
1.00199 0.153194 0.0
1.00492 0.159385 0.0
1.0083 0.165516 0.0
1.01216 0.171536 0.0
1.01653 0.177388 0.0
1.0214 0.183008 0.0
1.02679 0.18833 0.0
1.03267 0.193284 0.0
1.03903 0.197797 0.0
1.04582 0.201802 0.0
1.05301 0.205234 0.0
1.06054 0.208038 0.0
1.06833 0.210169 0.0
1.0763 0.211593 0.0
1.08438 0.212296 0.0
1.09249 0.212274 0.0
1.10055 0.211544 0.0
1.10848 0.210131 0.0
1.11622 0.208075 0.0
1.12373 0.205422 0.0
1.13095 0.202224 0.0
1.13787 0.198534 0.0
1.14445 0.194405 0.0
1.1507 0.189886 0.0
1.15661 0.185023 0.0
1.16218 0.179857 0.0
1.16743 0.174421 0.0
1.17235 0.168746 0.0
1.17697 0.162856 0.0
1.1813 0.156771 0.0
1.18535 0.150506 0.0
1.18913 0.144074 0.0
1.19265 0.137484 0.0
1.19592 0.130742 0.0
1.19894 0.123854 0.0
1.20173 0.116822 0.0
1.20429 0.10965 0.0
1.20661 0.102339 0.0
1.2087 0.0948904 0.0
1.21055 0.0873079 0.0
1.21217 0.0795945 0.0
1.21353 0.0717551 0.0
1.21463 0.0637963 0.0
1.21547 0.0557268 0.0
1.21603 0.0475579 0.0
1.21629 0.0393038 0.0
1.21626 0.0309814 0.0
1.21592 0.0226106 0.0
1.21526 0.014214 0.0
1.21427 0.0058167 0.0
1.21295 -0.00255577 0.0
1.21129 -0.0108807 0.0
1.20929 -0.0191326 0.0
1.20695 -0.0272844 0.0
1.20427 -0.0353075 0.0
1.20125 -0.0431726 0.0
1.19791 -0.0508498 0.0
1.19425 -0.0583096 0.0
1.19028 -0.0655234 0.0
1.18603 -0.0724639 0.0
1.18151 -0.0791056 0.0
1.17674 -0.0854255 0.0
1.17175 -0.0914032 0.0
1.16657 -0.0970212 0.0
1.16121 -0.102265 0.0
1.15572 -0.107125 0.0
1.15012 -0.111591 0.0
1.14443 -0.115661 0.0
1.13869 -0.119333 0.0
1.13293 -0.122608 0.0
1.12717 -0.125492 0.0
1.12144 -0.127993 0.0
1.11576 -0.130119 0.0
1.11015 -0.131882 0.0
1.10464 -0.133297 0.0
1.09924 -0.134378 0.0
1.09397 -0.13514 0.0
1.08885 -0.135603 0.0
1.08388 -0.135782 0.0
1.07908 -0.135697 0.0
1.07445 -0.135365 0.0
1.07001 -0.134805 0.0
1.06575 -0.134035 0.0
1.06168 -0.133072 0.0
1.05781 -0.131935 0.0
1.05412 -0.130639 0.0
1.05063 -0.1292 0.0
1.04733 -0.127635 0.0
1.04422 -0.125957 0.0
1.04129 -0.12418 0.0
1.03853 -0.122317 0.0
1.03596 -0.12038 0.0
1.03355 -0.118381 0.0
1.03131 -0.116328 0.0
1.02922 -0.114233 0.0
1.02729 -0.112104 0.0
1.0255 -0.109949 0.0
1.02384 -0.107775 0.0
1.02232 -0.105588 0.0
1.02093 -0.103396 0.0
1.01965 -0.101203 0.0
1.01848 -0.0990144 0.0
1.01742 -0.0968339 0.0
1.01646 -0.0946657 0.0
1.01559 -0.092513 0.0
1.01481 -0.0903789 0.0
1.01411 -0.0882657 0.0
1.01348 -0.0861757 0.0
1.01293 -0.0841108 0.0
1.01244 -0.0820724 0.0
1.01202 -0.080062 0.0
1.01164 -0.0780804 0.0
1.01132 -0.0761285 0.0
1.01105 -0.074207 0.0
1.01082 -0.0723161 0.0
1.01063 -0.0704563 0.0
1.01048 -0.0686275 0.0
1.01036 -0.0668299 0.0
1.01027 -0.0650631 0.0
1.0102 -0.0633271 0.0
1.01016 -0.0616214 0.0
1.01014 -0.0599455 0.0
1.01013 -0.0582991 0.0
1.01015 -0.0566815 0.0
1.01017 -0.055092 0.0
1.01021 -0.0535301 0.0
1.01026 -0.0519948 0.0
1.01032 -0.0504854 0.0
1.01038 -0.0490011 0.0
1.01045 -0.047541 0.0
1.01052 -0.0461042 0.0
1.01059 -0.0446897 0.0
1.01066 -0.0432964 0.0
1.01074 -0.0419234 0.0
1.01081 -0.0405697 0.0
1.01088 -0.039234 0.0
1.01095 -0.0379154 0.0
1.01101 -0.0366125 0.0
1.01107 -0.0353243 0.0
1.01112 -0.0340495 0.0
1.01117 -0.0327869 0.0
1.01121 -0.0315353 0.0
1.01125 -0.0302933 0.0
1.01127 -0.0290598 0.0
1.0113 -0.0278334 0.0
1.01131 -0.0266129 0.0
1.01131 -0.025397 0.0
1.01131 -0.0241846 0.0
1.0113 -0.0229746 0.0
1.01129 -0.0217657 0.0
1.01126 -0.0205572 0.0
1.01123 -0.0193481 0.0
1.0112 -0.0181378 0.0
1.01116 -0.0169257 0.0
1.01111 -0.0157116 0.0
1.01106 -0.0144954 0.0
1.01101 -0.0132774 0.0
1.01095 -0.0120582 0.0
1.0109 -0.0108389 0.0
1.01084 -0.00962069 0.0
1.01079 -0.00840562 0.0
1.01074 -0.007196 0.0
1.0107 -0.00599474 0.0
1.01066 -0.00480529 0.0
1.01063 -0.0036322 0.0
1.01061 -0.00248698 0.0
1.01059 -0.00145509 0.0
0.999988 0.00176269 0.0
0.99994 0.0052873 0.0
0.999844 0.00881711 0.0
0.999701 0.0123581 0.0
0.999513 0.0159161 0.0
0.999282 0.0194974 0.0
0.999008 0.0231078 0.0
0.998696 0.0267536 0.0
0.998347 0.0304408 0.0
0.997966 0.0341757 0.0
0.997558 0.0379645 0.0
0.997127 0.0418135 0.0
0.996678 0.045729 0.0
0.996218 0.0497174 0.0
0.995755 0.0537848 0.0
0.995297 0.0579374 0.0
0.994852 0.0621813 0.0
0.994432 0.0665223 0.0
0.994048 0.0709657 0.0
0.993712 0.0755168 0.0
0.993439 0.0801798 0.0
0.993244 0.0849586 0.0
0.993144 0.089856 0.0
0.993159 0.0948734 0.0
0.993308 0.100011 0.0
0.993614 0.105267 0.0
0.9941 0.110638 0.0
0.994791 0.116118 0.0
0.995713 0.121697 0.0
0.996893 0.127363 0.0
0.99836 0.1331 0.0
1.00014 0.138886 0.0
1.00227 0.144697 0.0
1.00476 0.150502 0.0
1.00765 0.156266 0.0
1.01095 0.161948 0.0
1.01469 0.167502 0.0
1.01887 0.172876 0.0
1.0235 0.178016 0.0
1.02858 0.182863 0.0
1.03409 0.187358 0.0
1.04001 0.191441 0.0
1.04631 0.195055 0.0
1.05296 0.198146 0.0
1.05989 0.200669 0.0
1.06706 0.202585 0.0
1.07439 0.203869 0.0
1.08182 0.204506 0.0
1.08928 0.204494 0.0
1.0967 0.203842 0.0
1.10404 0.20257 0.0
1.11122 0.20071 0.0
1.1182 0.198296 0.0
1.12496 0.195371 0.0
1.13145 0.191978 0.0
1.13767 0.18816 0.0
1.14359 0.18396 0.0
1.14922 0.179416 0.0
1.15454 0.174564 0.0
1.15958 0.169435 0.0
1.16432 0.164058 0.0
1.16879 0.158455 0.0
1.17299 0.152647 0.0
1.17692 0.146648 0.0
1.1806 0.140472 0.0
1.18404 0.13413 0.0
1.18724 0.127629 0.0
1.1902 0.120976 0.0
1.19294 0.114176 0.0
1.19544 0.107234 0.0
1.19772 0.100153 0.0
1.19977 0.0929377 0.0
1.20159 0.0855925 0.0
1.20316 0.0781223 0.0
1.2045 0.0705337 0.0
1.20557 0.0628345 0.0
1.20639 0.0550345 0.0
1.20694 0.0471456 0.0
1.2072 0.0391819 0.0
1.20718 0.0311601 0.0
1.20685 0.0230989 0.0
1.20622 0.0150195 0.0
1.20528 0.00694474 0.0
1.20402 -0.00110141 0.0
1.20244 -0.00909675 0.0
1.20054 -0.0170176 0.0
1.19832 -0.0248388 0.0
1.19578 -0.0325345 0.0
1.19292 -0.0400779 0.0
1.18976 -0.0474423 0.0
1.18631 -0.0546011 0.0
1.18257 -0.0615285 0.0
1.17857 -0.0682001 0.0
1.17431 -0.074593 0.0
1.16983 -0.0806864 0.0
1.16513 -0.0864617 0.0
1.16026 -0.091903 0.0
1.15523 -0.0969973 0.0
1.15006 -0.101734 0.0
1.14479 -0.106106 0.0
1.13944 -0.110109 0.0
1.13403 -0.113741 0.0
1.1286 -0.117003 0.0
1.12316 -0.1199 0.0
1.11774 -0.122436 0.0
1.11237 -0.12462 0.0
1.10705 -0.126463 0.0
1.10182 -0.127975 0.0
1.09669 -0.129171 0.0
1.09168 -0.130064 0.0
1.0868 -0.130669 0.0
1.08205 -0.131003 0.0
1.07746 -0.131081 0.0
1.07302 -0.130921 0.0
1.06876 -0.130538 0.0
1.06466 -0.129949 0.0
1.06074 -0.12917 0.0
1.057 -0.128218 0.0
1.05343 -0.127108 0.0
1.05005 -0.125854 0.0
1.04684 -0.124471 0.0
1.0438 -0.122973 0.0
1.04094 -0.121372 0.0
1.03825 -0.119681 0.0
1.03572 -0.117912 0.0
1.03335 -0.116074 0.0
1.03114 -0.114178 0.0
1.02907 -0.112234 0.0
1.02715 -0.110249 0.0
1.02537 -0.108232 0.0
1.02372 -0.10619 0.0
1.0222 -0.10413 0.0
1.0208 -0.102057 0.0
1.01951 -0.0999768 0.0
1.01833 -0.0978948 0.0
1.01725 -0.0958151 0.0
1.01627 -0.0937417 0.0
1.01538 -0.091678 0.0
1.01458 -0.0896272 0.0
1.01385 -0.0875919 0.0
1.0132 -0.0855746 0.0
1.01262 -0.0835772 0.0
1.0121 -0.0816015 0.0
1.01164 -0.0796491 0.0
1.01124 -0.0777211 0.0
1.01089 -0.0758186 0.0
1.01059 -0.0739424 0.0
1.01033 -0.0720931 0.0
1.01011 -0.0702711 0.0
1.00993 -0.0684768 0.0
1.00978 -0.0667103 0.0
1.00966 -0.0649717 0.0
1.00957 -0.0632609 0.0
1.0095 -0.0615777 0.0
1.00946 -0.0599218 0.0
1.00943 -0.058293 0.0
1.00942 -0.0566907 0.0
1.00942 -0.0551144 0.0
1.00944 -0.0535637 0.0
1.00947 -0.0520379 0.0
1.00951 -0.0505363 0.0
1.00955 -0.0490581 0.0
1.0096 -0.0476027 0.0
1.00966 -0.0461692 0.0
1.00972 -0.0447567 0.0
1.00978 -0.0433644 0.0
1.00984 -0.0419913 0.0
1.0099 -0.0406364 0.0
1.00996 -0.0392987 0.0
1.01002 -0.0379772 0.0
1.01008 -0.0366708 0.0
1.01013 -0.0353783 0.0
1.01018 -0.0340988 0.0
1.01023 -0.0328308 0.0
1.01027 -0.0315734 0.0
1.0103 -0.0303253 0.0
1.01033 -0.0290853 0.0
1.01035 -0.0278522 0.0
1.01037 -0.0266249 0.0
1.01038 -0.0254021 0.0
1.01039 -0.0241828 0.0
1.01039 -0.0229659 0.0
1.01038 -0.0217505 0.0
1.01036 -0.0205356 0.0
1.01034 -0.0193206 0.0
1.01032 -0.0181048 0.0
1.01029 -0.0168879 0.0
1.01026 -0.0156696 0.0
1.01022 -0.0144501 0.0
1.01018 -0.0132298 0.0
1.01014 -0.0120094 0.0
1.01009 -0.0107899 0.0
1.01005 -0.00957278 0.0
1.01001 -0.00836007 0.0
1.00997 -0.0071541 0.0
1.00994 -0.00595774 0.0
1.00991 -0.00477436 0.0
1.00988 -0.00360837 0.0
1.00987 -0.00247103 0.0
1.00985 -0.0014469 0.0
0.999989 0.00178528 0.0
0.999947 0.00535484 0.0
0.999863 0.00892896 0.0
0.999739 0.0125132 0.0
0.999574 0.016113 0.0
0.999372 0.0197341 0.0
0.999135 0.023382 0.0
0.998864 0.0270623 0.0
0.998564 0.0307806 0.0
0.998237 0.0345426 0.0
0.997889 0.0383539 0.0
0.997524 0.0422202 0.0
0.997148 0.0461469 0.0
0.996767 0.0501396 0.0
0.996389 0.0542037 0.0
0.996021 0.0583444 0.0
0.995673 0.0625668 0.0
0.995354 0.0668754 0.0
0.995076 0.0712748 0.0
0.994851 0.0757685 0.0
0.994693 0.0803597 0.0
0.994615 0.0850509 0.0
0.994635 0.0898432 0.0
0.994769 0.0947368 0.0
0.995037 0.0997304 0.0
0.995458 0.104821 0.0
0.996054 0.110003 0.0
0.996846 0.11527 0.0
0.997859 0.12061 0.0
0.999117 0.126012 0.0
1.00064 0.131457 0.0
1.00246 0.136927 0.0
1.0046 0.142396 0.0
1.00707 0.147836 0.0
1.0099 0.153214 0.0
1.01311 0.158492 0.0
1.0167 0.163629 0.0
1.02069 0.168579 0.0
1.02507 0.173296 0.0
1.02985 0.177728 0.0
1.03501 0.181823 0.0
1.04053 0.185533 0.0
1.04638 0.188807 0.0
1.05253 0.191603 0.0
1.05893 0.19388 0.0
1.06553 0.195609 0.0
1.07228 0.196766 0.0
1.07912 0.197339 0.0
1.08599 0.197325 0.0
1.09285 0.19673 0.0
1.09963 0.19557 0.0
1.10629 0.193867 0.0
1.11279 0.191651 0.0
1.1191 0.188955 0.0
1.12518 0.185814 0.0
1.13103 0.182264 0.0
1.13662 0.17834 0.0
1.14195 0.174077 0.0
1.14702 0.169506 0.0
1.15182 0.164655 0.0
1.15637 0.15955 0.0
1.16065 0.154211 0.0
1.16469 0.14866 0.0
1.16848 0.14291 0.0
1.17203 0.136977 0.0
1.17535 0.13087 0.0
1.17844 0.1246 0.0
1.1813 0.118174 0.0
1.18394 0.1116 0.0
1.18637 0.104882 0.0
1.18856 0.0980269 0.0
1.19054 0.0910401 0.0
1.19229 0.0839274 0.0
1.1938 0.0766957 0.0
1.19508 0.0693523 0.0
1.19611 0.0619064 0.0
1.19688 0.0543684 0.0
1.1974 0.0467504 0.0
1.19764 0.0390666 0.0
1.19761 0.0313331 0.0
1.19729 0.0235678 0.0
1.19669 0.0157904 0.0
1.19578 0.00802194 0.0
1.19458 0.000284689 0.0
1.19307 -0.00739997 0.0
1.19127 -0.0150098 0.0
1.18917 -0.0225217 0.0
1.18676 -0.0299117 0.0
1.18407 -0.0371557 0.0
1.1811 -0.0442292 0.0
1.17784 -0.0511083 0.0
1.17433 -0.0577699 0.0
1.17057 -0.0641918 0.0
1.16658 -0.0703533 0.0
1.16237 -0.0762356 0.0
1.15797 -0.0818218 0.0
1.1534 -0.0870973 0.0
1.14868 -0.09205 0.0
1.14383 -0.0966702 0.0
1.13889 -0.100951 0.0
1.13386 -0.104888 0.0
1.12878 -0.108478 0.0
1.12367 -0.111723 0.0
1.11856 -0.114625 0.0
1.11345 -0.11719 0.0
1.10839 -0.119423 0.0
1.10337 -0.121333 0.0
1.09843 -0.122932 0.0
1.09357 -0.124229 0.0
1.08881 -0.125238 0.0
1.08418 -0.125972 0.0
1.07966 -0.126444 0.0
1.07529 -0.126671 0.0
1.07105 -0.126666 0.0
1.06697 -0.126445 0.0
1.06305 -0.126022 0.0
1.05929 -0.125413 0.0
1.05569 -0.124633 0.0
1.05226 -0.123694 0.0
1.04899 -0.122612 0.0
1.04588 -0.1214 0.0
1.04294 -0.12007 0.0
1.04016 -0.118634 0.0
1.03754 -0.117105 0.0
1.03508 -0.115493 0.0
1.03276 -0.113809 0.0
1.03059 -0.112061 0.0
1.02856 -0.11026 0.0
1.02667 -0.108413 0.0
1.02491 -0.106528 0.0
1.02328 -0.104613 0.0
1.02177 -0.102673 0.0
1.02037 -0.100715 0.0
1.01909 -0.0987439 0.0
1.0179 -0.0967652 0.0
1.01682 -0.0947832 0.0
1.01583 -0.0928018 0.0
1.01493 -0.0908248 0.0
1.01411 -0.0888554 0.0
1.01337 -0.0868963 0.0
1.0127 -0.0849502 0.0
1.0121 -0.0830193 0.0
1.01156 -0.0811056 0.0
1.01108 -0.0792106 0.0
1.01066 -0.0773358 0.0
1.01028 -0.0754824 0.0
1.00996 -0.0736515 0.0
1.00968 -0.0718437 0.0
1.00944 -0.0700599 0.0
1.00923 -0.0683004 0.0
1.00906 -0.0665655 0.0
1.00892 -0.0648556 0.0
1.0088 -0.0631707 0.0
1.00871 -0.0615107 0.0
1.00865 -0.0598756 0.0
1.0086 -0.0582652 0.0
1.00857 -0.0566791 0.0
1.00856 -0.0551171 0.0
1.00856 -0.0535786 0.0
1.00857 -0.0520633 0.0
1.00859 -0.0505705 0.0
1.00862 -0.0490996 0.0
1.00866 -0.04765 0.0
1.0087 -0.046221 0.0
1.00875 -0.0448117 0.0
1.0088 -0.0434215 0.0
1.00885 -0.0420494 0.0
1.00891 -0.0406946 0.0
1.00896 -0.0393561 0.0
1.00901 -0.038033 0.0
1.00907 -0.0367242 0.0
1.00912 -0.0354288 0.0
1.00916 -0.0341456 0.0
1.00921 -0.0328736 0.0
1.00925 -0.0316116 0.0
1.00928 -0.0303585 0.0
1.00932 -0.0291133 0.0
1.00934 -0.0278747 0.0
1.00936 -0.0266416 0.0
1.00938 -0.0254131 0.0
1.00939 -0.0241879 0.0
1.0094 -0.0229652 0.0
1.0094 -0.0217441 0.0
1.00939 -0.0205238 0.0
1.00938 -0.0193036 0.0
1.00937 -0.0180831 0.0
1.00935 -0.0168619 0.0
1.00933 -0.01564 0.0
1.0093 -0.0144175 0.0
1.00928 -0.013195 0.0
1.00925 -0.0119732 0.0
1.00922 -0.0107532 0.0
1.00919 -0.00953665 0.0
1.00916 -0.00832547 0.0
1.00913 -0.00712203 0.0
1.0091 -0.00592917 0.0
1.00908 -0.00475021 0.0
1.00906 -0.00358944 0.0
1.00905 -0.00245793 0.0
1.00904 -0.00143959 0.0
0.999991 0.00180501 0.0
0.999954 0.0054138 0.0
0.999881 0.0090265 0.0
0.999773 0.0126482 0.0
0.999631 0.0162841 0.0
0.999456 0.0199392 0.0
0.999252 0.0236188 0.0
0.99902 0.0273278 0.0
0.998764 0.0310714 0.0
0.998487 0.0348547 0.0
0.998194 0.0386827 0.0
0.99789 0.0425603 0.0
0.99758 0.0464925 0.0
0.99727 0.050484 0.0
0.996968 0.0545393 0.0
0.996682 0.0586628 0.0
0.99642 0.0628587 0.0
0.996191 0.0671305 0.0
0.996007 0.0714816 0.0
0.995879 0.0759146 0.0
0.995819 0.0804314 0.0
0.995843 0.0850332 0.0
0.995963 0.0897201 0.0
0.996198 0.0944909 0.0
0.996563 0.0993431 0.0
0.997077 0.104273 0.0
0.99776 0.109273 0.0
0.998631 0.114336 0.0
0.99971 0.119451 0.0
1.00102 0.124604 0.0
1.00258 0.129779 0.0
1.00441 0.134956 0.0
1.00653 0.140111 0.0
1.00896 0.145218 0.0
1.01172 0.150246 0.0
1.01481 0.155161 0.0
1.01825 0.159926 0.0
1.02204 0.164501 0.0
1.02619 0.168843 0.0
1.03068 0.17291 0.0
1.03551 0.176656 0.0
1.04065 0.180039 0.0
1.04608 0.183018 0.0
1.05177 0.185556 0.0
1.05768 0.187619 0.0
1.06377 0.189181 0.0
1.06999 0.190224 0.0
1.07629 0.190735 0.0
1.08263 0.190712 0.0
1.08896 0.190158 0.0
1.09524 0.189086 0.0
1.10142 0.187512 0.0
1.10746 0.18546 0.0
1.11334 0.182957 0.0
1.11904 0.180031 0.0
1.12452 0.176713 0.0
1.12979 0.173032 0.0
1.13483 0.169018 0.0
1.13963 0.164698 0.0
1.14419 0.160098 0.0
1.14851 0.155241 0.0
1.1526 0.150147 0.0
1.15645 0.144834 0.0
1.16008 0.139319 0.0
1.16348 0.133615 0.0
1.16666 0.127733 0.0
1.16962 0.121685 0.0
1.17237 0.115478 0.0
1.1749 0.109122 0.0
1.17722 0.102622 0.0
1.17932 0.0959865 0.0
1.1812 0.089222 0.0
1.18286 0.0823358 0.0
1.1843 0.0753356 0.0
1.18551 0.06823 0.0
1.18648 0.0610288 0.0
1.1872 0.053743 0.0
1.18768 0.0463848 0.0
1.1879 0.0389684 0.0
1.18785 0.0315092 0.0
1.18754 0.0240243 0.0
1.18695 0.0165322 0.0
1.18608 0.00905246 0.0
1.18493 0.00160574 0.0
1.1835 -0.0057876 0.0
1.18179 -0.0131068 0.0
1.1798 -0.0203302 0.0
1.17753 -0.027436 0.0
1.17499 -0.0344019 0.0
1.17219 -0.0412058 0.0
1.16914 -0.047826 0.0
1.16584 -0.0542413 0.0
1.16231 -0.0604318 0.0
1.15857 -0.0663787 0.0
1.15463 -0.0720648 0.0
1.15051 -0.0774747 0.0
1.14623 -0.0825951 0.0
1.14182 -0.0874146 0.0
1.13728 -0.0919242 0.0
1.13265 -0.0961171 0.0
1.12794 -0.0999887 0.0
1.12318 -0.103537 0.0
1.11838 -0.106762 0.0
1.11358 -0.109665 0.0
1.10878 -0.11225 0.0
1.10401 -0.114524 0.0
1.09928 -0.116492 0.0
1.09462 -0.118165 0.0
1.09003 -0.119552 0.0
1.08554 -0.120664 0.0
1.08114 -0.121513 0.0
1.07686 -0.122111 0.0
1.07271 -0.122472 0.0
1.06868 -0.122608 0.0
1.06479 -0.122535 0.0
1.06105 -0.122265 0.0
1.05745 -0.121811 0.0
1.054 -0.121188 0.0
1.0507 -0.120409 0.0
1.04756 -0.119486 0.0
1.04457 -0.118432 0.0
1.04173 -0.117259 0.0
1.03904 -0.115978 0.0
1.03651 -0.114601 0.0
1.03411 -0.113137 0.0
1.03186 -0.111597 0.0
1.02974 -0.10999 0.0
1.02776 -0.108324 0.0
1.02591 -0.106608 0.0
1.02418 -0.104849 0.0
1.02258 -0.103054 0.0
1.02109 -0.101229 0.0
1.01971 -0.0993811 0.0
1.01843 -0.097515 0.0
1.01725 -0.0956357 0.0
1.01617 -0.0937479 0.0
1.01518 -0.0918556 0.0
1.01427 -0.0899626 0.0
1.01345 -0.0880722 0.0
1.0127 -0.0861874 0.0
1.01202 -0.0843108 0.0
1.01141 -0.082445 0.0
1.01085 -0.0805919 0.0
1.01036 -0.0787534 0.0
1.00992 -0.0769311 0.0
1.00953 -0.0751264 0.0
1.00919 -0.0733404 0.0
1.00889 -0.071574 0.0
1.00863 -0.0698282 0.0
1.00841 -0.0681036 0.0
1.00822 -0.0664006 0.0
1.00806 -0.0647197 0.0
1.00793 -0.063061 0.0
1.00782 -0.0614248 0.0
1.00774 -0.0598111 0.0
1.00768 -0.0582197 0.0
1.00763 -0.0566506 0.0
1.0076 -0.0551035 0.0
1.00759 -0.0535782 0.0
1.00759 -0.0520741 0.0
1.0076 -0.0505911 0.0
1.00761 -0.0491284 0.0
1.00764 -0.0476856 0.0
1.00767 -0.046262 0.0
1.00771 -0.044857 0.0
1.00776 -0.0434699 0.0
1.0078 -0.0421 0.0
1.00785 -0.0407463 0.0
1.0079 -0.0394081 0.0
1.00795 -0.0380845 0.0
1.008 -0.0367744 0.0
1.00804 -0.0354771 0.0
1.00809 -0.0341914 0.0
1.00814 -0.0329164 0.0
1.00818 -0.0316509 0.0
1.00822 -0.030394 0.0
1.00825 -0.0291445 0.0
1.00828 -0.0279014 0.0
1.00831 -0.0266637 0.0
1.00833 -0.0254303 0.0
1.00835 -0.0242003 0.0
1.00836 -0.0229727 0.0
1.00837 -0.0217468 0.0
1.00838 -0.0205218 0.0
1.00838 -0.0192971 0.0
1.00837 -0.0180724 0.0
1.00837 -0.0168475 0.0
1.00836 -0.0156222 0.0
1.00834 -0.014397 0.0
1.00833 -0.0131722 0.0
1.00831 -0.0119489 0.0
1.00829 -0.0107281 0.0
1.00827 -0.00951148 0.0
1.00825 -0.008301 0.0
1.00823 -0.00709904 0.0
1.00821 -0.00590839 0.0
1.0082 -0.00473232 0.0
1.00818 -0.00357505 0.0
1.00817 -0.00244753 0.0
1.00816 -0.00143322 0.0
0.999992 0.00182209 0.0
0.99996 0.00546483 0.0
0.999898 0.00911082 0.0
0.999805 0.0127648 0.0
0.999683 0.0164314 0.0
0.999534 0.0201153 0.0
0.999359 0.0238212 0.0
0.999163 0.0275536 0.0
0.998947 0.0313173 0.0
0.998716 0.0351167 0.0
0.998473 0.0389562 0.0
0.998223 0.0428402 0.0
0.997973 0.0467728 0.0
0.997727 0.0507583 0.0
0.997494 0.0548002 0.0
0.99728 0.0589023 0.0
0.997093 0.0630677 0.0
0.996944 0.0672993 0.0
0.996841 0.0715992 0.0
0.996797 0.0759692 0.0
0.996823 0.0804102 0.0
0.996931 0.0849223 0.0
0.997136 0.0895046 0.0
0.997453 0.0941549 0.0
0.997897 0.0988696 0.0
0.998485 0.103644 0.0
0.999234 0.10847 0.0
1.00016 0.11334 0.0
1.00128 0.118243 0.0
1.00262 0.123164 0.0
1.0042 0.128087 0.0
1.00602 0.132994 0.0
1.00811 0.137861 0.0
1.01048 0.142665 0.0
1.01314 0.147377 0.0
1.01611 0.151966 0.0
1.0194 0.156398 0.0
1.02299 0.160639 0.0
1.0269 0.164651 0.0
1.03111 0.168395 0.0
1.03562 0.171835 0.0
1.04041 0.174932 0.0
1.04545 0.177653 0.0
1.05072 0.179964 0.0
1.05618 0.181838 0.0
1.0618 0.183253 0.0
1.06754 0.184193 0.0
1.07336 0.184646 0.0
1.07921 0.184608 0.0
1.08506 0.184084 0.0
1.09086 0.183081 0.0
1.09659 0.181613 0.0
1.1022 0.179698 0.0
1.10768 0.177358 0.0
1.113 0.174617 0.0
1.11814 0.1715 0.0
1.12308 0.168033 0.0
1.12782 0.16424 0.0
1.13235 0.160146 0.0
1.13667 0.155773 0.0
1.14077 0.151143 0.0
1.14465 0.146275 0.0
1.14831 0.141185 0.0
1.15176 0.13589 0.0
1.155 0.130403 0.0
1.15803 0.124735 0.0
1.16086 0.118899 0.0
1.16347 0.112903 0.0
1.16588 0.106757 0.0
1.16808 0.100468 0.0
1.17008 0.094045 0.0
1.17186 0.0874958 0.0
1.17343 0.0808285 0.0
1.17478 0.074052 0.0
1.17592 0.0671754 0.0
1.17682 0.0602092 0.0
1.17749 0.0531646 0.0
1.17793 0.0460541 0.0
1.17811 0.0388916 0.0
1.17805 0.0316919 0.0
1.17774 0.0244715 0.0
1.17717 0.0172477 0.0
1.17633 0.010039 0.0
1.17523 0.00286435 0.0
1.17388 -0.00425678 0.0
1.17225 -0.011305 0.0
1.17037 -0.0182602 0.0
1.16823 -0.0251022 0.0
1.16585 -0.0318105 0.0
1.16321 -0.0383648 0.0
1.16035 -0.0447454 0.0
1.15726 -0.0509331 0.0
1.15395 -0.0569095 0.0
1.15045 -0.0626576 0.0
1.14676 -0.0681616 0.0
1.14291 -0.0734076 0.0
1.13891 -0.078383 0.0
1.13478 -0.0830775 0.0
1.13054 -0.0874824 0.0
1.1262 -0.0915914 0.0
1.1218 -0.0953999 0.0
1.11734 -0.0989054 0.0
1.11285 -0.102107 0.0
1.10834 -0.105007 0.0
1.10384 -0.107608 0.0
1.09936 -0.109915 0.0
1.09491 -0.111933 0.0
1.09052 -0.11367 0.0
1.0862 -0.115136 0.0
1.08195 -0.116339 0.0
1.0778 -0.117291 0.0
1.07375 -0.118002 0.0
1.06981 -0.118484 0.0
1.06599 -0.118749 0.0
1.06229 -0.11881 0.0
1.05873 -0.118679 0.0
1.0553 -0.118368 0.0
1.052 -0.11789 0.0
1.04885 -0.117258 0.0
1.04584 -0.116482 0.0
1.04297 -0.115575 0.0
1.04024 -0.114548 0.0
1.03765 -0.113412 0.0
1.0352 -0.112176 0.0
1.03288 -0.110852 0.0
1.0307 -0.109447 0.0
1.02865 -0.107972 0.0
1.02672 -0.106434 0.0
1.02492 -0.104842 0.0
1.02323 -0.103202 0.0
1.02166 -0.101522 0.0
1.02019 -0.0998072 0.0
1.01884 -0.0980642 0.0
1.01758 -0.0962983 0.0
1.01642 -0.0945145 0.0
1.01535 -0.0927172 0.0
1.01436 -0.0909107 0.0
1.01346 -0.0890988 0.0
1.01263 -0.0872849 0.0
1.01188 -0.0854721 0.0
1.0112 -0.0836633 0.0
1.01058 -0.0818608 0.0
1.01002 -0.080067 0.0
1.00952 -0.0782838 0.0
1.00907 -0.076513 0.0
1.00867 -0.0747561 0.0
1.00832 -0.0730145 0.0
1.008 -0.0712891 0.0
1.00773 -0.0695811 0.0
1.00749 -0.0678912 0.0
1.00729 -0.0662201 0.0
1.00712 -0.0645683 0.0
1.00697 -0.0629361 0.0
1.00685 -0.061324 0.0
1.00676 -0.0597319 0.0
1.00668 -0.0581601 0.0
1.00662 -0.0566085 0.0
1.00658 -0.055077 0.0
1.00656 -0.0535654 0.0
1.00655 -0.0520734 0.0
1.00655 -0.0506008 0.0
1.00656 -0.0491471 0.0
1.00657 -0.0477119 0.0
1.0066 -0.0462947 0.0
1.00663 -0.0448948 0.0
1.00667 -0.0435118 0.0
1.00671 -0.0421448 0.0
1.00675 -0.0407933 0.0
1.0068 -0.0394563 0.0
1.00684 -0.0381331 0.0
1.00689 -0.0368228 0.0
1.00694 -0.0355245 0.0
1.00699 -0.0342373 0.0
1.00703 -0.0329603 0.0
1.00707 -0.0316923 0.0
1.00712 -0.0304325 0.0
1.00715 -0.0291797 0.0
1.00719 -0.0279331 0.0
1.00722 -0.0266916 0.0
1.00725 -0.0254543 0.0
1.00728 -0.0242202 0.0
1.0073 -0.0229885 0.0
1.00732 -0.0217585 0.0
1.00733 -0.0205295 0.0
1.00734 -0.0193009 0.0
1.00735 -0.0180726 0.0
1.00735 -0.0168442 0.0
1.00735 -0.0156159 0.0
1.00735 -0.014388 0.0
1.00735 -0.013161 0.0
1.00734 -0.0119359 0.0
1.00733 -0.0107139 0.0
1.00732 -0.00949665 0.0
1.00731 -0.00828608 0.0
1.0073 -0.00708457 0.0
1.00729 -0.00589492 0.0
1.00728 -0.00472033 0.0
1.00727 -0.00356497 0.0
1.00727 -0.00243973 0.0
1.00726 -0.00142782 0.0
0.999993 0.00183675 0.0
0.999966 0.00550857 0.0
0.999913 0.00918301 0.0
0.999834 0.0128643 0.0
0.99973 0.0165568 0.0
0.999604 0.0202647 0.0
0.999458 0.0239922 0.0
0.999293 0.0277434 0.0
0.999114 0.0315224 0.0
0.998923 0.0353332 0.0
0.998726 0.0391798 0.0
0.998526 0.0430657 0.0
0.998328 0.0469947 0.0
0.99814 0.0509701 0.0
0.997967 0.054995 0.0
0.997816 0.0590722 0.0
0.997696 0.0632042 0.0
0.997615 0.0673929 0.0
0.997583 0.0716397 0.0
0.99761 0.0759456 0.0
0.997708 0.0803105 0.0
0.997887 0.0847336 0.0
0.998162 0.0892132 0.0
0.998545 0.0937462 0.0
0.99905 0.0983283 0.0
0.999694 0.102954 0.0
1.00049 0.107615 0.0
1.00146 0.112303 0.0
1.0026 0.117006 0.0
1.00395 0.121711 0.0
1.00552 0.126402 0.0
1.00732 0.13106 0.0
1.00936 0.135665 0.0
1.01166 0.140193 0.0
1.01422 0.144619 0.0
1.01706 0.148915 0.0
1.02018 0.15305 0.0
1.02358 0.156993 0.0
1.02725 0.160711 0.0
1.0312 0.164172 0.0
1.03541 0.167341 0.0
1.03986 0.170187 0.0
1.04454 0.17268 0.0
1.04942 0.174792 0.0
1.05446 0.1765 0.0
1.05965 0.177784 0.0
1.06495 0.178629 0.0
1.07031 0.179027 0.0
1.07571 0.178973 0.0
1.08111 0.178469 0.0
1.08648 0.177521 0.0
1.09179 0.17614 0.0
1.097 0.174341 0.0
1.1021 0.172141 0.0
1.10705 0.16956 0.0
1.11186 0.166618 0.0
1.11649 0.163339 0.0
1.12094 0.159743 0.0
1.1252 0.155852 0.0
1.12926 0.151685 0.0
1.13313 0.147263 0.0
1.1368 0.142603 0.0
1.14027 0.137721 0.0
1.14354 0.132632 0.0
1.14662 0.127349 0.0
1.14949 0.121885 0.0
1.15217 0.116251 0.0
1.15464 0.110457 0.0
1.15693 0.104513 0.0
1.15901 0.0984268 0.0
1.16089 0.0922085 0.0
1.16257 0.0858667 0.0
1.16405 0.0794102 0.0
1.16532 0.0728484 0.0
1.16637 0.0661913 0.0
1.16721 0.0594496 0.0
1.16783 0.0526348 0.0
1.16822 0.0457594 0.0
1.16838 0.038837 0.0
1.16831 0.0318821 0.0
1.16799 0.0249103 0.0
1.16743 0.0179382 0.0
1.16663 0.010983 0.0
1.16559 0.00406257 0.0
1.1643 -0.00280483 0.0
1.16276 -0.00960095 0.0
1.16099 -0.0163071 0.0
1.15897 -0.0229045 0.0
1.15673 -0.0293744 0.0
1.15426 -0.035698 0.0
1.15157 -0.0418571 0.0
1.14867 -0.0478343 0.0
1.14558 -0.0536128 0.0
1.1423 -0.0591769 0.0
1.13886 -0.0645123 0.0
1.13526 -0.0696058 0.0
1.13152 -0.0744462 0.0
1.12766 -0.0790235 0.0
1.1237 -0.0833299 0.0
1.11965 -0.0873589 0.0
1.11553 -0.0911063 0.0
1.11136 -0.0945694 0.0
1.10715 -0.0977473 0.0
1.10293 -0.100641 0.0
1.09871 -0.103252 0.0
1.09451 -0.105585 0.0
1.09033 -0.107646 0.0
1.08621 -0.109439 0.0
1.08214 -0.110974 0.0
1.07814 -0.112259 0.0
1.07422 -0.113302 0.0
1.07039 -0.114114 0.0
1.06667 -0.114705 0.0
1.06305 -0.115087 0.0
1.05954 -0.11527 0.0
1.05616 -0.115266 0.0
1.05289 -0.115087 0.0
1.04976 -0.114742 0.0
1.04675 -0.114245 0.0
1.04387 -0.113605 0.0
1.04112 -0.112835 0.0
1.03851 -0.111943 0.0
1.03602 -0.110941 0.0
1.03366 -0.109838 0.0
1.03143 -0.108644 0.0
1.02932 -0.107367 0.0
1.02734 -0.106016 0.0
1.02547 -0.104599 0.0
1.02372 -0.103123 0.0
1.02208 -0.101596 0.0
1.02055 -0.100024 0.0
1.01912 -0.0984142 0.0
1.0178 -0.0967714 0.0
1.01656 -0.0951011 0.0
1.01542 -0.0934085 0.0
1.01437 -0.0916981 0.0
1.0134 -0.089974 0.0
1.0125 -0.0882402 0.0
1.01169 -0.0865001 0.0
1.01094 -0.0847569 0.0
1.01026 -0.0830135 0.0
1.00964 -0.0812726 0.0
1.00908 -0.0795365 0.0
1.00857 -0.0778073 0.0
1.00812 -0.0760868 0.0
1.00771 -0.0743768 0.0
1.00735 -0.0726787 0.0
1.00703 -0.0709938 0.0
1.00675 -0.0693231 0.0
1.0065 -0.0676676 0.0
1.00629 -0.0660282 0.0
1.00611 -0.0644054 0.0
1.00595 -0.0627998 0.0
1.00582 -0.0612118 0.0
1.00572 -0.0596417 0.0
1.00563 -0.0580897 0.0
1.00557 -0.056556 0.0
1.00552 -0.0550405 0.0
1.00548 -0.0535431 0.0
1.00546 -0.0520637 0.0
1.00546 -0.0506022 0.0
1.00546 -0.0491581 0.0
1.00547 -0.0477312 0.0
1.00549 -0.0463211 0.0
1.00552 -0.0449271 0.0
1.00555 -0.0435489 0.0
1.00559 -0.0421858 0.0
1.00563 -0.0408371 0.0
1.00567 -0.0395022 0.0
1.00572 -0.0381803 0.0
1.00577 -0.0368706 0.0
1.00581 -0.0355723 0.0
1.00586 -0.0342845 0.0
1.00591 -0.0330063 0.0
1.00596 -0.0317367 0.0
1.006 -0.0304748 0.0
1.00604 -0.0292197 0.0
1.00609 -0.0279703 0.0
1.00612 -0.0267258 0.0
1.00616 -0.0254853 0.0
1.00619 -0.0242479 0.0
1.00622 -0.0230128 0.0
1.00625 -0.0217793 0.0
1.00627 -0.0205469 0.0
1.00629 -0.0193149 0.0
1.00631 -0.0180833 0.0
1.00633 -0.0168518 0.0
1.00634 -0.0156206 0.0
1.00635 -0.0143901 0.0
1.00635 -0.0131608 0.0
1.00636 -0.0119338 0.0
1.00636 -0.0107102 0.0
1.00636 -0.00949168 0.0
1.00636 -0.00828025 0.0
1.00636 -0.00707825 0.0
1.00635 -0.00588843 0.0
1.00635 -0.004714 0.0
1.00635 -0.00355906 0.0
1.00634 -0.00243448 0.0
1.00634 -0.0014234 0.0
0.999994 0.00184919 0.0
0.999971 0.00554568 0.0
0.999926 0.00924416 0.0
0.99986 0.0129485 0.0
0.999773 0.0166625 0.0
0.999668 0.02039 0.0
0.999546 0.0241348 0.0
0.999411 0.0279005 0.0
0.999264 0.0316908 0.0
0.999111 0.035509 0.0
0.998953 0.0393587 0.0
0.998797 0.0432429 0.0
0.998647 0.0471646 0.0
0.998509 0.0511267 0.0
0.998388 0.0551315 0.0
0.998293 0.0591813 0.0
0.99823 0.0632776 0.0
0.998208 0.0674219 0.0
0.998236 0.0716147 0.0
0.998323 0.0758562 0.0
0.99848 0.0801456 0.0
0.998717 0.0844813 0.0
0.999047 0.0888609 0.0
0.999482 0.0932806 0.0
1.00003 0.0977357 0.0
1.00072 0.10222 0.0
1.00154 0.106725 0.0
1.00253 0.111242 0.0
1.00369 0.115759 0.0
1.00503 0.120263 0.0
1.00658 0.124739 0.0
1.00833 0.129169 0.0
1.01031 0.133534 0.0
1.01253 0.137813 0.0
1.01498 0.14198 0.0
1.01768 0.146012 0.0
1.02064 0.149881 0.0
1.02384 0.153559 0.0
1.02729 0.157017 0.0
1.03098 0.160226 0.0
1.0349 0.163156 0.0
1.03904 0.165781 0.0
1.04338 0.168073 0.0
1.04789 0.17001 0.0
1.05255 0.17157 0.0
1.05734 0.172737 0.0
1.06222 0.173498 0.0
1.06717 0.173844 0.0
1.07216 0.173772 0.0
1.07714 0.173281 0.0
1.08211 0.172378 0.0
1.08702 0.171069 0.0
1.09185 0.169367 0.0
1.09658 0.167287 0.0
1.10119 0.164844 0.0
1.10567 0.162057 0.0
1.10999 0.158943 0.0
1.11416 0.155523 0.0
1.11815 0.151814 0.0
1.12197 0.147836 0.0
1.12561 0.143604 0.0
1.12907 0.139136 0.0
1.13234 0.134446 0.0
1.13543 0.12955 0.0
1.13833 0.12446 0.0
1.14104 0.119188 0.0
1.14357 0.113746 0.0
1.14591 0.108144 0.0
1.14806 0.102393 0.0
1.15002 0.0965015 0.0
1.15179 0.0904795 0.0
1.15337 0.0843364 0.0
1.15475 0.0780816 0.0
1.15593 0.0717252 0.0
1.15692 0.0652775 0.0
1.15769 0.0587494 0.0
1.15825 0.0521526 0.0
1.15861 0.0454997 0.0
1.15874 0.0388038 0.0
1.15865 0.0320791 0.0
1.15834 0.0253405 0.0
1.1578 0.0186039 0.0
1.15703 0.0118854 0.0
1.15603 0.00520196 0.0
1.15481 -0.0014293 0.0
1.15336 -0.00799125 0.0
1.15168 -0.0144664 0.0
1.14979 -0.0208374 0.0
1.14768 -0.0270866 0.0
1.14536 -0.0331969 0.0
1.14284 -0.0391515 0.0
1.14013 -0.0449343 0.0
1.13724 -0.0505299 0.0
1.13418 -0.0559239 0.0
1.13096 -0.0611029 0.0
1.1276 -0.066055 0.0
1.12411 -0.0707696 0.0
1.12051 -0.0752374 0.0
1.11681 -0.079451 0.0
1.11302 -0.0834043 0.0
1.10918 -0.087093 0.0
1.10528 -0.0905143 0.0
1.10135 -0.093667 0.0
1.0974 -0.0965515 0.0
1.09345 -0.0991696 0.0
1.08951 -0.101524 0.0
1.08559 -0.10362 0.0
1.08172 -0.105463 0.0
1.0779 -0.107058 0.0
1.07413 -0.108415 0.0
1.07045 -0.10954 0.0
1.06684 -0.110443 0.0
1.06332 -0.111133 0.0
1.0599 -0.11162 0.0
1.05658 -0.111915 0.0
1.05337 -0.112027 0.0
1.05028 -0.111967 0.0
1.0473 -0.111745 0.0
1.04443 -0.111372 0.0
1.04169 -0.110858 0.0
1.03907 -0.110213 0.0
1.03657 -0.109448 0.0
1.03419 -0.10857 0.0
1.03193 -0.107591 0.0
1.02979 -0.106518 0.0
1.02776 -0.10536 0.0
1.02585 -0.104126 0.0
1.02405 -0.102822 0.0
1.02236 -0.101457 0.0
1.02077 -0.100036 0.0
1.01929 -0.0985677 0.0
1.0179 -0.0970566 0.0
1.01661 -0.0955088 0.0
1.01541 -0.0939297 0.0
1.01429 -0.0923241 0.0
1.01326 -0.0906967 0.0
1.01231 -0.0890515 0.0
1.01143 -0.0873926 0.0
1.01062 -0.0857234 0.0
1.00988 -0.0840473 0.0
1.00921 -0.0823672 0.0
1.0086 -0.0806859 0.0
1.00804 -0.0790057 0.0
1.00753 -0.0773289 0.0
1.00708 -0.0756574 0.0
1.00667 -0.0739932 0.0
1.00631 -0.0723377 0.0
1.00599 -0.0706923 0.0
1.0057 -0.0690584 0.0
1.00545 -0.0674369 0.0
1.00523 -0.0658287 0.0
1.00505 -0.0642348 0.0
1.00488 -0.0626556 0.0
1.00475 -0.0610918 0.0
1.00464 -0.0595437 0.0
1.00455 -0.0580118 0.0
1.00447 -0.0564961 0.0
1.00442 -0.0549969 0.0
1.00438 -0.0535142 0.0
1.00436 -0.0520478 0.0
1.00434 -0.0505978 0.0
1.00434 -0.0491639 0.0
1.00435 -0.0477459 0.0
1.00437 -0.0463434 0.0
1.00439 -0.044956 0.0
1.00442 -0.0435832 0.0
1.00446 -0.0422246 0.0
1.0045 -0.0408796 0.0
1.00454 -0.0395475 0.0
1.00459 -0.0382276 0.0
1.00463 -0.0369193 0.0
1.00468 -0.0356217 0.0
1.00473 -0.034334 0.0
1.00479 -0.0330553 0.0
1.00484 -0.0317849 0.0
1.00489 -0.0305217 0.0
1.00493 -0.0292649 0.0
1.00498 -0.0280136 0.0
1.00503 -0.0267668 0.0
1.00507 -0.0255238 0.0
1.00511 -0.0242837 0.0
1.00515 -0.0230458 0.0
1.00518 -0.0218093 0.0
1.00522 -0.0205739 0.0
1.00525 -0.019339 0.0
1.00528 -0.0181044 0.0
1.0053 -0.0168701 0.0
1.00532 -0.0156362 0.0
1.00534 -0.014403 0.0
1.00536 -0.0131714 0.0
1.00537 -0.0119421 0.0
1.00539 -0.0107165 0.0
1.0054 -0.0094962 0.0
1.0054 -0.00828318 0.0
1.00541 -0.00707978 0.0
1.00541 -0.00588873 0.0
1.00542 -0.00471318 0.0
1.00542 -0.00355725 0.0
1.00542 -0.00243175 0.0
1.00541 -0.00141994 0.0
0.999995 0.00185964 0.0
0.999976 0.00557679 0.0
0.999939 0.00929531 0.0
0.999884 0.0130187 0.0
0.999812 0.0167503 0.0
0.999725 0.0204936 0.0
0.999626 0.0242519 0.0
0.999516 0.0280284 0.0
0.999399 0.0318263 0.0
0.999278 0.0356485 0.0
0.999156 0.0394979 0.0
0.999039 0.0433772 0.0
0.99893 0.0472889 0.0
0.998835 0.051235 0.0
0.998761 0.0552175 0.0
0.998713 0.0592379 0.0
0.998699 0.0632973 0.0
0.998727 0.0673963 0.0
0.998804 0.0715348 0.0
0.998941 0.0757124 0.0
0.999145 0.0799277 0.0
0.999429 0.0841784 0.0
0.999801 0.0884615 0.0
1.00027 0.0927727 0.0
1.00086 0.0971067 0.0
1.00157 0.101457 0.0
1.00241 0.105815 0.0
1.0034 0.110172 0.0
1.00456 0.114516 0.0
1.00588 0.118835 0.0
1.00739 0.123113 0.0
1.0091 0.127335 0.0
1.011 0.131481 0.0
1.01312 0.135533 0.0
1.01546 0.139468 0.0
1.01802 0.143263 0.0
1.02081 0.146893 0.0
1.02382 0.150335 0.0
1.02705 0.153561 0.0
1.03049 0.156546 0.0
1.03414 0.159266 0.0
1.03798 0.161694 0.0
1.04199 0.163809 0.0
1.04616 0.16559 0.0
1.05047 0.16702 0.0
1.05488 0.168082 0.0
1.05939 0.168766 0.0
1.06395 0.169065 0.0
1.06854 0.168973 0.0
1.07314 0.168492 0.0
1.07772 0.167623 0.0
1.08226 0.166375 0.0
1.08673 0.164757 0.0
1.09112 0.162779 0.0
1.0954 0.160457 0.0
1.09956 0.157805 0.0
1.10359 0.154839 0.0
1.10748 0.151576 0.0
1.11121 0.148032 0.0
1.11479 0.144223 0.0
1.1182 0.140165 0.0
1.12145 0.135874 0.0
1.12452 0.131363 0.0
1.12742 0.126646 0.0
1.13014 0.121737 0.0
1.1327 0.116646 0.0
1.13507 0.111386 0.0
1.13727 0.105967 0.0
1.13929 0.100399 0.0
1.14113 0.094693 0.0
1.14279 0.0888582 0.0
1.14426 0.0829046 0.0
1.14555 0.0768421 0.0
1.14665 0.0706812 0.0
1.14756 0.0644324 0.0
1.14827 0.0581068 0.0
1.14879 0.0517162 0.0
1.1491 0.045273 0.0
1.14921 0.0387902 0.0
1.14911 0.0322815 0.0
1.1488 0.0257613 0.0
1.14827 0.0192445 0.0
1.14754 0.0127468 0.0
1.14659 0.00628392 0.0
1.14543 -0.000127898 0.0
1.14406 -0.00647256 0.0
1.14248 -0.0127337 0.0
1.1407 -0.0188951 0.0
1.13873 -0.0249404 0.0
1.13655 -0.0308537 0.0
1.1342 -0.0366194 0.0
1.13166 -0.0422227 0.0
1.12896 -0.0476494 0.0
1.1261 -0.052886 0.0
1.1231 -0.0579204 0.0
1.11996 -0.0627413 0.0
1.11671 -0.0673389 0.0
1.11335 -0.0717046 0.0
1.1099 -0.0758311 0.0
1.10637 -0.0797128 0.0
1.10278 -0.0833453 0.0
1.09914 -0.0867259 0.0
1.09547 -0.0898531 0.0
1.09178 -0.0927267 0.0
1.08808 -0.0953483 0.0
1.0844 -0.0977201 0.0
1.08073 -0.099846 0.0
1.0771 -0.101731 0.0
1.07351 -0.10338 0.0
1.06998 -0.1048 0.0
1.06651 -0.105998 0.0
1.06312 -0.106983 0.0
1.0598 -0.107762 0.0
1.05658 -0.108345 0.0
1.05345 -0.108741 0.0
1.05041 -0.108958 0.0
1.04748 -0.109008 0.0
1.04466 -0.108898 0.0
1.04194 -0.10864 0.0
1.03933 -0.108242 0.0
1.03684 -0.107714 0.0
1.03446 -0.107065 0.0
1.03219 -0.106303 0.0
1.03003 -0.105439 0.0
1.02798 -0.104479 0.0
1.02604 -0.103433 0.0
1.0242 -0.102308 0.0
1.02247 -0.10111 0.0
1.02084 -0.0998486 0.0
1.01931 -0.0985287 0.0
1.01788 -0.0971572 0.0
1.01654 -0.0957398 0.0
1.01529 -0.0942822 0.0
1.01412 -0.0927896 0.0
1.01304 -0.0912668 0.0
1.01204 -0.0897185 0.0
1.01111 -0.0881487 0.0
1.01025 -0.0865615 0.0
1.00946 -0.0849604 0.0
1.00874 -0.0833487 0.0
1.00808 -0.0817295 0.0
1.00747 -0.0801056 0.0
1.00692 -0.0784794 0.0
1.00643 -0.0768534 0.0
1.00598 -0.0752296 0.0
1.00557 -0.0736098 0.0
1.00521 -0.0719959 0.0
1.00489 -0.0703892 0.0
1.0046 -0.0687912 0.0
1.00435 -0.067203 0.0
1.00413 -0.0656257 0.0
1.00394 -0.0640602 0.0
1.00378 -0.0625072 0.0
1.00364 -0.0609674 0.0
1.00353 -0.0594413 0.0
1.00343 -0.0579294 0.0
1.00336 -0.056432 0.0
1.0033 -0.0549492 0.0
1.00326 -0.0534813 0.0
1.00323 -0.0520283 0.0
1.00322 -0.0505902 0.0
1.00322 -0.0491669 0.0
1.00322 -0.0477582 0.0
1.00324 -0.0463638 0.0
1.00326 -0.0449834 0.0
1.00329 -0.0436167 0.0
1.00333 -0.0422632 0.0
1.00337 -0.0409223 0.0
1.00341 -0.0395936 0.0
1.00346 -0.0382764 0.0
1.00351 -0.0369701 0.0
1.00357 -0.0356738 0.0
1.00362 -0.0343869 0.0
1.00367 -0.0331085 0.0
1.00373 -0.0318378 0.0
1.00379 -0.0305739 0.0
1.00384 -0.0293161 0.0
1.00389 -0.0280634 0.0
1.00395 -0.0268149 0.0
1.004 -0.02557 0.0
1.00405 -0.0243277 0.0
1.00409 -0.0230875 0.0
1.00414 -0.0218486 0.0
1.00418 -0.0206106 0.0
1.00422 -0.019373 0.0
1.00426 -0.0181358 0.0
1.00429 -0.0168988 0.0
1.00432 -0.0156622 0.0
1.00435 -0.0144264 0.0
1.00438 -0.0131922 0.0
1.00441 -0.0119605 0.0
1.00443 -0.0107325 0.0
1.00445 -0.00950989 0.0
1.00446 -0.00829459 0.0
1.00448 -0.00708894 0.0
1.00449 -0.00589563 0.0
1.0045 -0.00471778 0.0
1.0045 -0.00355946 0.0
1.00451 -0.00243152 0.0
1.00451 -0.00141742 0.0
0.999996 0.00186828 0.0
0.99998 0.00560251 0.0
0.99995 0.00933752 0.0
0.999905 0.0130764 0.0
0.999846 0.0168222 0.0
0.999777 0.0205778 0.0
0.999697 0.0243463 0.0
0.99961 0.0281303 0.0
0.999519 0.0319327 0.0
0.999426 0.0357559 0.0
0.999336 0.0396024 0.0
0.999252 0.0434743 0.0
0.999178 0.0473735 0.0
0.999122 0.0513017 0.0
0.999086 0.0552602 0.0
0.999079 0.0592501 0.0
0.999106 0.0632717 0.0
0.999175 0.0673252 0.0
0.999293 0.07141 0.0
0.999468 0.0755249 0.0
0.999711 0.079668 0.0
1.00003 0.0838367 0.0
1.00043 0.0880273 0.0
1.00093 0.0922352 0.0
1.00154 0.0964547 0.0
1.00226 0.100679 0.0
1.00311 0.1049 0.0
1.00409 0.109108 0.0
1.00523 0.113292 0.0
1.00652 0.117439 0.0
1.00799 0.121536 0.0
1.00963 0.125567 0.0
1.01145 0.129515 0.0
1.01347 0.133361 0.0
1.01569 0.137086 0.0
1.0181 0.140668 0.0
1.02072 0.144085 0.0
1.02354 0.147315 0.0
1.02655 0.150336 0.0
1.02976 0.153123 0.0
1.03315 0.155655 0.0
1.0367 0.157909 0.0
1.04041 0.159868 0.0
1.04426 0.161511 0.0
1.04823 0.162824 0.0
1.0523 0.163793 0.0
1.05645 0.164408 0.0
1.06064 0.164662 0.0
1.06487 0.164551 0.0
1.06911 0.164075 0.0
1.07334 0.163236 0.0
1.07752 0.162038 0.0
1.08165 0.160491 0.0
1.08571 0.158603 0.0
1.08968 0.156386 0.0
1.09354 0.153853 0.0
1.09728 0.151018 0.0
1.10089 0.147895 0.0
1.10437 0.144499 0.0
1.10771 0.140845 0.0
1.11089 0.136946 0.0
1.11392 0.132817 0.0
1.1168 0.128472 0.0
1.11951 0.123922 0.0
1.12207 0.119182 0.0
1.12445 0.114261 0.0
1.12668 0.109172 0.0
1.12874 0.103925 0.0
1.13062 0.0985318 0.0
1.13234 0.0930012 0.0
1.13389 0.087344 0.0
1.13526 0.0815703 0.0
1.13646 0.0756903 0.0
1.13748 0.0697146 0.0
1.13832 0.0636539 0.0
1.13897 0.0575197 0.0
1.13943 0.0513234 0.0
1.13971 0.0450774 0.0
1.13979 0.0387945 0.0
1.13968 0.032488 0.0
1.13938 0.0261717 0.0
1.13887 0.01986 0.0
1.13817 0.0135677 0.0
1.13727 0.00730978 0.0
1.13617 0.00110157 0.0
1.13488 -0.00504173 0.0
1.1334 -0.0111048 0.0
1.13173 -0.0170724 0.0
1.12987 -0.0229293 0.0
1.12784 -0.0286607 0.0
1.12564 -0.0342522 0.0
1.12327 -0.0396899 0.0
1.12075 -0.0449606 0.0
1.11809 -0.0500519 0.0
1.11529 -0.0549525 0.0
1.11236 -0.0596519 0.0
1.10933 -0.0641409 0.0
1.1062 -0.0684113 0.0
1.10298 -0.0724563 0.0
1.0997 -0.0762705 0.0
1.09635 -0.0798496 0.0
1.09296 -0.0831908 0.0
1.08953 -0.0862923 0.0
1.08609 -0.0891539 0.0
1.08264 -0.0917763 0.0
1.07919 -0.0941616 0.0
1.07577 -0.0963129 0.0
1.07237 -0.0982341 0.0
1.06901 -0.0999302 0.0
1.0657 -0.101407 0.0
1.06244 -0.102671 0.0
1.05926 -0.103729 0.0
1.05614 -0.104588 0.0
1.05311 -0.105258 0.0
1.05016 -0.105745 0.0
1.04729 -0.106059 0.0
1.04453 -0.106209 0.0
1.04186 -0.106202 0.0
1.03929 -0.106049 0.0
1.03682 -0.105758 0.0
1.03445 -0.105337 0.0
1.03219 -0.104796 0.0
1.03003 -0.104142 0.0
1.02797 -0.103385 0.0
1.02602 -0.102531 0.0
1.02417 -0.101588 0.0
1.02241 -0.100565 0.0
1.02076 -0.0994677 0.0
1.0192 -0.0983031 0.0
1.01773 -0.0970778 0.0
1.01635 -0.0957978 0.0
1.01506 -0.0944689 0.0
1.01386 -0.0930966 0.0
1.01273 -0.091686 0.0
1.01169 -0.0902419 0.0
1.01072 -0.0887688 0.0
1.00982 -0.087271 0.0
1.00899 -0.0857522 0.0
1.00822 -0.0842162 0.0
1.00752 -0.0826663 0.0
1.00687 -0.0811055 0.0
1.00628 -0.0795368 0.0
1.00575 -0.0779627 0.0
1.00526 -0.0763857 0.0
1.00482 -0.0748079 0.0
1.00442 -0.0732313 0.0
1.00407 -0.0716577 0.0
1.00375 -0.0700887 0.0
1.00347 -0.0685258 0.0
1.00322 -0.0669702 0.0
1.00301 -0.0654231 0.0
1.00282 -0.0638856 0.0
1.00266 -0.0623584 0.0
1.00252 -0.0608423 0.0
1.00241 -0.059338 0.0
1.00232 -0.057846 0.0
1.00224 -0.0563667 0.0
1.00218 -0.0549005 0.0
1.00214 -0.0534476 0.0
1.00212 -0.052008 0.0
1.0021 -0.050582 0.0
1.0021 -0.0491695 0.0
1.00211 -0.0477704 0.0
1.00212 -0.0463844 0.0
1.00215 -0.0450115 0.0
1.00218 -0.0436512 0.0
1.00222 -0.0423032 0.0
1.00226 -0.040967 0.0
1.00231 -0.0396422 0.0
1.00236 -0.0383282 0.0
1.00242 -0.0370243 0.0
1.00248 -0.0357298 0.0
1.00253 -0.0344442 0.0
1.00259 -0.0331666 0.0
1.00266 -0.0318962 0.0
1.00272 -0.0306322 0.0
1.00278 -0.0293738 0.0
1.00284 -0.0281202 0.0
1.0029 -0.0268706 0.0
1.00296 -0.0256242 0.0
1.00301 -0.0243802 0.0
1.00307 -0.023138 0.0
1.00312 -0.021897 0.0
1.00318 -0.0206567 0.0
1.00323 -0.0194168 0.0
1.00327 -0.0181771 0.0
1.00332 -0.0169375 0.0
1.00336 -0.0156984 0.0
1.0034 -0.01446 0.0
1.00344 -0.0132231 0.0
1.00347 -0.0119886 0.0
1.0035 -0.0107579 0.0
1.00353 -0.00953241 0.0
1.00356 -0.0083142 0.0
1.00358 -0.00710549 0.0
1.0036 -0.00590896 0.0
1.00361 -0.00472766 0.0
1.00362 -0.00356564 0.0
1.00363 -0.00243373 0.0
1.00363 -0.00141577 0.0
0.999997 0.00187532 0.0
0.999984 0.00562344 0.0
0.999959 0.00937177 0.0
0.999923 0.013123 0.0
0.999877 0.0168798 0.0
0.999822 0.0206449 0.0
0.99976 0.0244206 0.0
0.999693 0.0282094 0.0
0.999624 0.0320137 0.0
0.999556 0.0358354 0.0
0.999492 0.0396766 0.0
0.999437 0.043539 0.0
0.999395 0.047424 0.0
0.99937 0.0513329 0.0
0.999367 0.0552664 0.0
0.999393 0.0592251 0.0
0.999454 0.0632089 0.0
0.999555 0.0672173 0.0
0.999706 0.0712494 0.0
0.999912 0.0753034 0.0
1.00018 0.079377 0.0
1.00052 0.0834671 0.0
1.00095 0.0875696 0.0
1.00146 0.0916797 0.0
1.00208 0.0957915 0.0
1.0028 0.0998978 0.0
1.00364 0.10399 0.0
1.00461 0.10806 0.0
1.00572 0.112096 0.0
1.00697 0.116086 0.0
1.00838 0.120017 0.0
1.00995 0.123875 0.0
1.01169 0.127642 0.0
1.0136 0.131303 0.0
1.01569 0.134838 0.0
1.01796 0.138229 0.0
1.02041 0.141455 0.0
1.02304 0.144497 0.0
1.02585 0.147334 0.0
1.02882 0.149945 0.0
1.03196 0.15231 0.0
1.03524 0.154412 0.0
1.03866 0.156231 0.0
1.04221 0.157752 0.0
1.04586 0.158961 0.0
1.0496 0.159846 0.0
1.05341 0.160399 0.0
1.05727 0.160613 0.0
1.06116 0.160483 0.0
1.06506 0.160009 0.0
1.06894 0.159193 0.0
1.0728 0.158039 0.0
1.0766 0.156552 0.0
1.08034 0.154742 0.0
1.08401 0.152618 0.0
1.08758 0.15019 0.0
1.09104 0.147472 0.0
1.09439 0.144475 0.0
1.09762 0.141212 0.0
1.10072 0.137698 0.0
1.10368 0.133945 0.0
1.1065 0.129965 0.0
1.10918 0.125772 0.0
1.11171 0.121378 0.0
1.11409 0.116794 0.0
1.11632 0.112032 0.0
1.11839 0.107104 0.0
1.12031 0.10202 0.0
1.12207 0.0967901 0.0
1.12366 0.0914253 0.0
1.1251 0.0859358 0.0
1.12637 0.080332 0.0
1.12748 0.0746243 0.0
1.12842 0.0688234 0.0
1.12919 0.0629401 0.0
1.12978 0.0569858 0.0
1.1302 0.050972 0.0
1.13044 0.044911 0.0
1.1305 0.0388151 0.0
1.13039 0.0326973 0.0
1.13008 0.0265711 0.0
1.1296 0.0204502 0.0
1.12893 0.0143487 0.0
1.12807 0.00828088 0.0
1.12704 0.00226129 0.0
1.12583 -0.00369569 0.0
1.12443 -0.00957568 0.0
1.12287 -0.0153643 0.0
1.12113 -0.0210474 0.0
1.11923 -0.0266111 0.0
1.11717 -0.0320418 0.0
1.11497 -0.0373268 0.0
1.11262 -0.0424537 0.0
1.11014 -0.047411 0.0
1.10753 -0.0521879 0.0
1.10481 -0.0567749 0.0
1.10199 -0.0611631 0.0
1.09907 -0.0653449 0.0
1.09608 -0.0693139 0.0
1.09302 -0.0730647 0.0
1.08991 -0.0765932 0.0
1.08675 -0.0798965 0.0
1.08356 -0.0829727 0.0
1.08035 -0.0858213 0.0
1.07713 -0.0884426 0.0
1.07392 -0.0908384 0.0
1.07072 -0.0930109 0.0
1.06755 -0.0949638 0.0
1.06441 -0.0967012 0.0
1.06131 -0.0982282 0.0
1.05826 -0.0995504 0.0
1.05528 -0.100674 0.0
1.05235 -0.101606 0.0
1.0495 -0.102354 0.0
1.04673 -0.102925 0.0
1.04404 -0.103327 0.0
1.04143 -0.103568 0.0
1.03892 -0.103656 0.0
1.03649 -0.1036 0.0
1.03416 -0.103407 0.0
1.03192 -0.103085 0.0
1.02978 -0.102644 0.0
1.02773 -0.10209 0.0
1.02578 -0.101431 0.0
1.02393 -0.100675 0.0
1.02217 -0.0998301 0.0
1.0205 -0.098902 0.0
1.01892 -0.097898 0.0
1.01743 -0.0968247 0.0
1.01603 -0.0956881 0.0
1.01472 -0.0944943 0.0
1.01348 -0.0932488 0.0
1.01233 -0.0919571 0.0
1.01125 -0.0906241 0.0
1.01025 -0.0892545 0.0
1.00931 -0.0878529 0.0
1.00845 -0.0864234 0.0
1.00765 -0.0849698 0.0
1.00691 -0.0834959 0.0
1.00623 -0.082005 0.0
1.00561 -0.0805003 0.0
1.00504 -0.0789846 0.0
1.00452 -0.0774606 0.0
1.00405 -0.0759307 0.0
1.00363 -0.0743973 0.0
1.00324 -0.0728624 0.0
1.0029 -0.0713279 0.0
1.00259 -0.0697954 0.0
1.00232 -0.0682666 0.0
1.00208 -0.0667427 0.0
1.00187 -0.0652251 0.0
1.00169 -0.0637149 0.0
1.00154 -0.0622129 0.0
1.00141 -0.0607202 0.0
1.0013 -0.0592373 0.0
1.00121 -0.057765 0.0
1.00114 -0.0563037 0.0
1.00108 -0.0548539 0.0
1.00105 -0.0534159 0.0
1.00102 -0.0519899 0.0
1.00101 -0.050576 0.0
1.00101 -0.0491744 0.0
1.00103 -0.047785 0.0
1.00105 -0.0464078 0.0
1.00108 -0.0450425 0.0
1.00111 -0.0436889 0.0
1.00115 -0.0423466 0.0
1.0012 -0.0410155 0.0
1.00125 -0.0396948 0.0
1.00131 -0.0383843 0.0
1.00137 -0.0370832 0.0
1.00143 -0.0357911 0.0
1.0015 -0.0345071 0.0
1.00157 -0.0332306 0.0
1.00163 -0.0319609 0.0
1.0017 -0.0306972 0.0
1.00177 -0.0294387 0.0
1.00184 -0.0281846 0.0
1.00191 -0.0269341 0.0
1.00197 -0.0256866 0.0
1.00204 -0.0244412 0.0
1.0021 -0.0231973 0.0
1.00216 -0.0219545 0.0
1.00223 -0.0207122 0.0
1.00228 -0.0194701 0.0
1.00234 -0.018228 0.0
1.0024 -0.016986 0.0
1.00245 -0.0157442 0.0
1.0025 -0.0145031 0.0
1.00254 -0.0132633 0.0
1.00259 -0.0120259 0.0
1.00263 -0.010792 0.0
1.00266 -0.00956331 0.0
1.0027 -0.00834159 0.0
1.00272 -0.0071291 0.0
1.00275 -0.00592845 0.0
1.00277 -0.00474265 0.0
1.00278 -0.00357565 0.0
1.00279 -0.0024383 0.0
1.00279 -0.00141491 0.0
0.999997 0.00188096 0.0
0.999987 0.00564015 0.0
0.999968 0.00939901 0.0
0.99994 0.0131599 0.0
0.999904 0.0169251 0.0
0.999861 0.0206969 0.0
0.999814 0.0244774 0.0
0.999765 0.0282687 0.0
0.999715 0.0320726 0.0
0.999668 0.0358908 0.0
0.999628 0.039725 0.0
0.999597 0.0435764 0.0
0.99958 0.047446 0.0
0.999582 0.0513345 0.0
0.999606 0.0552425 0.0
0.999659 0.0591698 0.0
0.999746 0.0631161 0.0
0.999874 0.0670805 0.0
1.00005 0.0710613 0.0
1.00028 0.0750567 0.0
1.00057 0.0790639 0.0
1.00092 0.0830792 0.0
1.00136 0.0870986 0.0
1.00188 0.0911167 0.0
1.00249 0.0951275 0.0
1.00321 0.099124 0.0
1.00403 0.103098 0.0
1.00497 0.10704 0.0
1.00604 0.11094 0.0
1.00725 0.114786 0.0
1.00859 0.118565 0.0
1.01008 0.122265 0.0
1.01173 0.125869 0.0
1.01353 0.129362 0.0
1.01549 0.132727 0.0
1.01761 0.135946 0.0
1.0199 0.139002 0.0
1.02234 0.141876 0.0
1.02494 0.144549 0.0
1.02769 0.147003 0.0
1.03059 0.149222 0.0
1.03362 0.151186 0.0
1.03677 0.152882 0.0
1.04002 0.154295 0.0
1.04338 0.155412 0.0
1.04681 0.156223 0.0
1.0503 0.156719 0.0
1.05384 0.156896 0.0
1.05741 0.156748 0.0
1.06098 0.156275 0.0
1.06454 0.155478 0.0
1.06808 0.15436 0.0
1.07158 0.152927 0.0
1.07502 0.151184 0.0
1.07839 0.149141 0.0
1.08168 0.146807 0.0
1.08488 0.144192 0.0
1.08797 0.141308 0.0
1.09096 0.138166 0.0
1.09382 0.134779 0.0
1.09657 0.131158 0.0
1.09918 0.127315 0.0
1.10166 0.123262 0.0
1.10401 0.119011 0.0
1.10622 0.114573 0.0
1.10828 0.10996 0.0
1.11021 0.105182 0.0
1.11198 0.100249 0.0
1.11361 0.0951732 0.0
1.11509 0.0899641 0.0
1.11642 0.0846323 0.0
1.11759 0.0791883 0.0
1.11861 0.0736425 0.0
1.11947 0.0680057 0.0
1.12017 0.0622888 0.0
1.12071 0.0565032 0.0
1.12109 0.0506602 0.0
1.1213 0.0447719 0.0
1.12134 0.0388504 0.0
1.12121 0.0329085 0.0
1.12091 0.026959 0.0
1.12045 0.0210151 0.0
1.11981 0.0150905 0.0
1.119 0.00919865 0.0
1.11803 0.00335346 0.0
1.11688 -0.00243143 0.0
1.11558 -0.00814247 0.0
1.11411 -0.0137661 0.0
1.11249 -0.019289 0.0
1.11072 -0.0246982 0.0
1.1088 -0.029981 0.0
1.10675 -0.0351253 0.0
1.10456 -0.0401197 0.0
1.10225 -0.0449534 0.0
1.09983 -0.0496164 0.0
1.0973 -0.0540994 0.0
1.09468 -0.0583944 0.0
1.09197 -0.062494 0.0
1.08919 -0.0663921 0.0
1.08635 -0.0700836 0.0
1.08345 -0.0735644 0.0
1.08052 -0.0768315 0.0
1.07755 -0.079883 0.0
1.07457 -0.0827181 0.0
1.07158 -0.0853369 0.0
1.06859 -0.0877406 0.0
1.06561 -0.0899311 0.0
1.06265 -0.0919114 0.0
1.05972 -0.0936852 0.0
1.05683 -0.0952568 0.0
1.05398 -0.0966314 0.0
1.05119 -0.0978144 0.0
1.04846 -0.0988121 0.0
1.04579 -0.0996309 0.0
1.04319 -0.100278 0.0
1.04067 -0.10076 0.0
1.03822 -0.101084 0.0
1.03586 -0.101259 0.0
1.03358 -0.101291 0.0
1.03138 -0.101188 0.0
1.02927 -0.100958 0.0
1.02725 -0.100609 0.0
1.02532 -0.100147 0.0
1.02348 -0.0995807 0.0
1.02173 -0.0989164 0.0
1.02006 -0.0981613 0.0
1.01848 -0.0973221 0.0
1.01698 -0.0964054 0.0
1.01557 -0.0954174 0.0
1.01424 -0.0943642 0.0
1.01299 -0.0932513 0.0
1.01182 -0.0920844 0.0
1.01072 -0.0908686 0.0
1.00969 -0.0896089 0.0
1.00873 -0.0883099 0.0
1.00785 -0.086976 0.0
1.00702 -0.0856113 0.0
1.00626 -0.0842198 0.0
1.00555 -0.0828051 0.0
1.00491 -0.0813705 0.0
1.00431 -0.0799192 0.0
1.00377 -0.0784542 0.0
1.00328 -0.0769782 0.0
1.00283 -0.0754936 0.0
1.00242 -0.0740029 0.0
1.00205 -0.0725081 0.0
1.00173 -0.0710112 0.0
1.00144 -0.069514 0.0
1.00118 -0.0680181 0.0
1.00095 -0.066525 0.0
1.00075 -0.0650361 0.0
1.00058 -0.0635524 0.0
1.00044 -0.062075 0.0
1.00032 -0.060605 0.0
1.00021 -0.0591431 0.0
1.00013 -0.0576901 0.0
1.00007 -0.0562464 0.0
1.00003 -0.0548128 0.0
0.999996 -0.0533894 0.0
0.999979 -0.0519768 0.0
0.999976 -0.050575 0.0
0.999983 -0.0491843 0.0
1 -0.0478047 0.0
1.00003 -0.0464361 0.0
1.00006 -0.0450785 0.0
1.00011 -0.0437317 0.0
1.00015 -0.0423954 0.0
1.00021 -0.0410693 0.0
1.00027 -0.0397531 0.0
1.00033 -0.0384462 0.0
1.0004 -0.0371482 0.0
1.00047 -0.0358585 0.0
1.00054 -0.0345764 0.0
1.00061 -0.0333014 0.0
1.00069 -0.0320326 0.0
1.00076 -0.0307694 0.0
1.00084 -0.0295109 0.0
1.00091 -0.0282566 0.0
1.00099 -0.0270055 0.0
1.00106 -0.0257571 0.0
1.00114 -0.0245105 0.0
1.00121 -0.0232652 0.0
1.00128 -0.0220207 0.0
1.00135 -0.0207765 0.0
1.00142 -0.0195323 0.0
1.00148 -0.0182879 0.0
1.00155 -0.0170434 0.0
1.00161 -0.015799 0.0
1.00166 -0.0145551 0.0
1.00172 -0.0133123 0.0
1.00177 -0.0120717 0.0
1.00182 -0.0108344 0.0
1.00186 -0.00960195 0.0
1.0019 -0.00837618 0.0
1.00194 -0.00715926 0.0
1.00197 -0.0059537 0.0
1.00199 -0.00476242 0.0
1.00201 -0.00358928 0.0
1.00202 -0.00244508 0.0
1.00203 -0.00141472 0.0
0.999998 0.00188536 0.0
0.99999 0.00565318 0.0
0.999975 0.00942016 0.0
0.999954 0.0131883 0.0
0.999927 0.0169596 0.0
0.999895 0.020736 0.0
0.999861 0.0245192 0.0
0.999826 0.0283109 0.0
0.999793 0.0321127 0.0
0.999765 0.0359258 0.0
0.999743 0.0397516 0.0
0.999733 0.0435908 0.0
0.999737 0.0474442 0.0
0.99976 0.051312 0.0
0.999806 0.0551943 0.0
0.99988 0.0590907 0.0
0.999987 0.0630003 0.0
1.00013 0.0669219 0.0
1.00033 0.0708537 0.0
1.00057 0.0747931 0.0
1.00087 0.0787371 0.0
1.00123 0.0826819 0.0
1.00167 0.0866231 0.0
1.00219 0.0905553 0.0
1.00279 0.0944722 0.0
1.00349 0.0983668 0.0
1.00429 0.102231 0.0
1.0052 0.106056 0.0
1.00622 0.109831 0.0
1.00737 0.113546 0.0
1.00864 0.117187 0.0
1.01005 0.120744 0.0
1.01159 0.1242 0.0
1.01328 0.127542 0.0
1.01511 0.130754 0.0
1.01709 0.13382 0.0
1.01921 0.136723 0.0
1.02147 0.139447 0.0
1.02387 0.141975 0.0
1.0264 0.144291 0.0
1.02907 0.146378 0.0
1.03185 0.148222 0.0
1.03474 0.149808 0.0
1.03772 0.151125 0.0
1.04079 0.15216 0.0
1.04393 0.152904 0.0
1.04712 0.15335 0.0
1.05036 0.153493 0.0
1.05361 0.153328 0.0
1.05688 0.152855 0.0
1.06014 0.152074 0.0
1.06338 0.150987 0.0
1.06658 0.149599 0.0
1.06973 0.147916 0.0
1.07283 0.145945 0.0
1.07584 0.143693 0.0
1.07878 0.141171 0.0
1.08163 0.138388 0.0
1.08437 0.135355 0.0
1.08701 0.132083 0.0
1.08954 0.128582 0.0
1.09195 0.124864 0.0
1.09424 0.12094 0.0
1.09641 0.116821 0.0
1.09844 0.112518 0.0
1.10035 0.108042 0.0
1.10212 0.103403 0.0
1.10376 0.0986124 0.0
1.10526 0.09368 0.0
1.10662 0.0886164 0.0
1.10784 0.0834321 0.0
1.10892 0.0781375 0.0
1.10985 0.0727432 0.0
1.11064 0.0672598 0.0
1.11127 0.0616985 0.0
1.11176 0.0560702 0.0
1.11209 0.0503864 0.0
1.11227 0.0446588 0.0
1.11229 0.0388995 0.0
1.11215 0.0331207 0.0
1.11186 0.0273349 0.0
1.11141 0.021555 0.0
1.11081 0.0157938 0.0
1.11005 0.0100645 0.0
1.10913 0.00438021 0.0
1.10806 -0.00124608 0.0
1.10684 -0.00680152 0.0
1.10547 -0.0122733 0.0
1.10396 -0.0176489 0.0
1.1023 -0.022916 0.0
1.10052 -0.0280627 0.0
1.09861 -0.0330778 0.0
1.09658 -0.0379504 0.0
1.09444 -0.0426704 0.0
1.09219 -0.0472283 0.0
1.08984 -0.0516156 0.0
1.08741 -0.0558245 0.0
1.0849 -0.059848 0.0
1.08232 -0.0636803 0.0
1.07969 -0.0673165 0.0
1.077 -0.0707525 0.0
1.07428 -0.0739853 0.0
1.07153 -0.077013 0.0
1.06876 -0.0798345 0.0
1.06598 -0.0824496 0.0
1.0632 -0.0848592 0.0
1.06044 -0.0870649 0.0
1.05768 -0.0890691 0.0
1.05496 -0.0908749 0.0
1.05227 -0.0924863 0.0
1.04962 -0.0939077 0.0
1.04702 -0.095144 0.0
1.04447 -0.0962008 0.0
1.04198 -0.097084 0.0
1.03955 -0.0977998 0.0
1.03719 -0.0983548 0.0
1.03491 -0.0987556 0.0
1.03269 -0.0990093 0.0
1.03055 -0.0991228 0.0
1.0285 -0.0991033 0.0
1.02652 -0.0989578 0.0
1.02462 -0.0986935 0.0
1.02281 -0.0983172 0.0
1.02108 -0.097836 0.0
1.01943 -0.0972565 0.0
1.01786 -0.0965855 0.0
1.01637 -0.0958292 0.0
1.01496 -0.094994 0.0
1.01363 -0.0940859 0.0
1.01237 -0.0931107 0.0
1.01119 -0.0920739 0.0
1.01008 -0.0909808 0.0
1.00905 -0.0898366 0.0
1.00808 -0.088646 0.0
1.00718 -0.0874136 0.0
1.00634 -0.0861438 0.0
1.00556 -0.0848406 0.0
1.00484 -0.0835079 0.0
1.00417 -0.0821494 0.0
1.00356 -0.0807684 0.0
1.003 -0.0793681 0.0
1.00249 -0.0779514 0.0
1.00203 -0.0765212 0.0
1.0016 -0.07508 0.0
1.00122 -0.0736301 0.0
1.00088 -0.0721738 0.0
1.00058 -0.070713 0.0
1.00031 -0.0692497 0.0
1.00007 -0.0677856 0.0
0.999857 -0.0663221 0.0
0.999676 -0.0648607 0.0
0.999521 -0.0634026 0.0
0.999391 -0.0619491 0.0
0.999282 -0.060501 0.0
0.999195 -0.0590594 0.0
0.999126 -0.057625 0.0
0.999076 -0.0561986 0.0
0.999041 -0.0547806 0.0
0.999021 -0.0533716 0.0
0.999014 -0.0519719 0.0
0.99902 -0.050582 0.0
0.999037 -0.0492019 0.0
0.999063 -0.0478318 0.0
0.999099 -0.0464717 0.0
0.999142 -0.0451217 0.0
0.999193 -0.0437816 0.0
0.99925 -0.0424512 0.0
0.999312 -0.0411302 0.0
0.999379 -0.0398183 0.0
0.999449 -0.0385152 0.0
0.999524 -0.0372203 0.0
0.9996 -0.035933 0.0
0.99968 -0.034653 0.0
0.999761 -0.0333794 0.0
0.999843 -0.0321116 0.0
0.999926 -0.030849 0.0
1.00001 -0.0295908 0.0
1.00009 -0.0283362 0.0
1.00018 -0.0270847 0.0
1.00026 -0.0258354 0.0
1.00034 -0.0245877 0.0
1.00042 -0.0233411 0.0
1.0005 -0.0220949 0.0
1.00058 -0.0208489 0.0
1.00065 -0.0196026 0.0
1.00072 -0.018356 0.0
1.00079 -0.017109 0.0
1.00086 -0.0158618 0.0
1.00093 -0.014615 0.0
1.00099 -0.013369 0.0
1.00105 -0.012125 0.0
1.0011 -0.0108839 0.0
1.00115 -0.00964741 0.0
1.0012 -0.00841714 0.0
1.00124 -0.00719522 0.0
1.00127 -0.00598406 0.0
1.0013 -0.00478645 0.0
1.00133 -0.00360614 0.0
1.00134 -0.00245381 0.0
1.00134 -0.00141505 0.0
0.999999 0.00188871 0.0
0.999993 0.00566305 0.0
0.999982 0.00943608 0.0
0.999966 0.0132095 0.0
0.999946 0.0169849 0.0
0.999924 0.020764 0.0
0.999901 0.0245482 0.0
0.999879 0.0283387 0.0
0.999859 0.032137 0.0
0.999845 0.0359438 0.0
0.99984 0.0397602 0.0
0.999846 0.0435866 0.0
0.999866 0.0474233 0.0
0.999906 0.0512703 0.0
0.999968 0.0551273 0.0
1.00006 0.0589935 0.0
1.00018 0.0628677 0.0
1.00034 0.0667484 0.0
1.00054 0.0706333 0.0
1.00079 0.0745197 0.0
1.0011 0.0784043 0.0
1.00146 0.0822831 0.0
1.0019 0.0861514 0.0
1.0024 0.0900037 0.0
1.00299 0.0938338 0.0
1.00366 0.0976345 0.0
1.00443 0.101398 0.0
1.00529 0.105115 0.0
1.00626 0.108777 0.0
1.00735 0.112372 0.0
1.00854 0.115889 0.0
1.00986 0.119316 0.0
1.0113 0.122639 0.0
1.01287 0.125846 0.0
1.01457 0.128921 0.0
1.0164 0.131849 0.0
1.01836 0.134617 0.0
1.02044 0.137207 0.0
1.02265 0.139606 0.0
1.02497 0.141799 0.0
1.02741 0.14377 0.0
1.02995 0.145507 0.0
1.03259 0.146996 0.0
1.03531 0.148228 0.0
1.03811 0.14919 0.0
1.04097 0.149875 0.0
1.04388 0.150276 0.0
1.04682 0.150389 0.0
1.04979 0.150208 0.0
1.05276 0.149734 0.0
1.05573 0.148966 0.0
1.05868 0.147906 0.0
1.0616 0.146558 0.0
1.06448 0.144927 0.0
1.0673 0.143019 0.0
1.07006 0.140841 0.0
1.07275 0.138401 0.0
1.07535 0.135709 0.0
1.07786 0.132774 0.0
1.08028 0.129606 0.0
1.0826 0.126214 0.0
1.08481 0.12261 0.0
1.08691 0.118804 0.0
1.0889 0.114806 0.0
1.09077 0.110627 0.0
1.09251 0.106278 0.0
1.09414 0.101768 0.0
1.09564 0.0971083 0.0
1.09702 0.0923092 0.0
1.09826 0.0873809 0.0
1.09937 0.0823337 0.0
1.10036 0.0771782 0.0
1.1012 0.0719248 0.0
1.10191 0.0665842 0.0
1.10248 0.0611673 0.0
1.10291 0.0556852 0.0
1.1032 0.0501491 0.0
1.10335 0.0445706 0.0
1.10335 0.0389614 0.0
1.10321 0.0333334 0.0
1.10293 0.0276989 0.0
1.1025 0.0220702 0.0
1.10192 0.0164597 0.0
1.1012 0.01088 0.0
1.10034 0.00534366 0.0
1.09934 -0.000136838 0.0
1.0982 -0.00554935 0.0
1.09692 -0.0108817 0.0
1.09552 -0.0161221 0.0
1.09398 -0.0212589 0.0
1.09233 -0.0262809 0.0
1.09056 -0.0311773 0.0
1.08867 -0.0359382 0.0
1.08669 -0.0405538 0.0
1.08461 -0.0450152 0.0
1.08244 -0.0493144 0.0
1.08019 -0.053444 0.0
1.07786 -0.0573973 0.0
1.07548 -0.0611688 0.0
1.07304 -0.0647536 0.0
1.07056 -0.0681478 0.0
1.06804 -0.0713484 0.0
1.06549 -0.0743533 0.0
1.06293 -0.0771613 0.0
1.06036 -0.0797721 0.0
1.05778 -0.0821861 0.0
1.05522 -0.0844046 0.0
1.05267 -0.0864296 0.0
1.05014 -0.0882639 0.0
1.04765 -0.0899107 0.0
1.04519 -0.0913741 0.0
1.04277 -0.0926585 0.0
1.0404 -0.0937688 0.0
1.03808 -0.0947104 0.0
1.03583 -0.095489 0.0
1.03363 -0.0961105 0.0
1.0315 -0.0965812 0.0
1.02944 -0.0969075 0.0
1.02744 -0.0970958 0.0
1.02552 -0.0971528 0.0
1.02368 -0.0970851 0.0
1.02191 -0.0968994 0.0
1.02021 -0.0966022 0.0
1.01859 -0.0962001 0.0
1.01705 -0.0956994 0.0
1.01558 -0.0951066 0.0
1.01419 -0.0944276 0.0
1.01287 -0.0936685 0.0
1.01163 -0.0928351 0.0
1.01045 -0.091933 0.0
1.00935 -0.0909675 0.0
1.00831 -0.0899438 0.0
1.00734 -0.0888669 0.0
1.00644 -0.0877414 0.0
1.0056 -0.0865718 0.0
1.00481 -0.0853625 0.0
1.00409 -0.0841175 0.0
1.00342 -0.0828405 0.0
1.0028 -0.0815353 0.0
1.00223 -0.0802051 0.0
1.00171 -0.0788531 0.0
1.00124 -0.0774825 0.0
1.00081 -0.0760958 0.0
1.00042 -0.0746958 0.0
1.00007 -0.0732849 0.0
0.999761 -0.0718652 0.0
0.999483 -0.070439 0.0
0.999238 -0.069008 0.0
0.999024 -0.0675741 0.0
0.998838 -0.0661389 0.0
0.998678 -0.0647038 0.0
0.998544 -0.0632703 0.0
0.998432 -0.0618395 0.0
0.998342 -0.0604125 0.0
0.998272 -0.0589903 0.0
0.99822 -0.0575738 0.0
0.998184 -0.0561637 0.0
0.998164 -0.0547607 0.0
0.998157 -0.0533654 0.0
0.998164 -0.0519782 0.0
0.998182 -0.0505995 0.0
0.99821 -0.0492296 0.0
0.998248 -0.0478687 0.0
0.998294 -0.0465168 0.0
0.998348 -0.045174 0.0
0.998408 -0.0438403 0.0
0.998474 -0.0425155 0.0
0.998545 -0.0411994 0.0
0.99862 -0.0398917 0.0
0.9987 -0.0385921 0.0
0.998782 -0.0373001 0.0
0.998867 -0.0360152 0.0
0.998954 -0.034737 0.0
0.999042 -0.0334648 0.0
0.999131 -0.032198 0.0
0.999221 -0.0309359 0.0
0.999312 -0.0296778 0.0
0.999402 -0.0284231 0.0
0.999492 -0.027171 0.0
0.999581 -0.0259208 0.0
0.999669 -0.024672 0.0
0.999756 -0.023424 0.0
0.999841 -0.0221762 0.0
0.999924 -0.0209282 0.0
1.00001 -0.0196798 0.0
1.00008 -0.0184308 0.0
1.00016 -0.0171812 0.0
1.00023 -0.0159312 0.0
1.0003 -0.0146813 0.0
1.00037 -0.013432 0.0
1.00044 -0.0121843 0.0
1.0005 -0.0109393 0.0
1.00055 -0.00969838 0.0
1.0006 -0.00846325 0.0
1.00065 -0.00723588 0.0
1.00069 -0.00601858 0.0
1.00072 -0.00481398 0.0
1.00074 -0.00362564 0.0
1.00076 -0.00246411 0.0
1.00077 -0.00141572 0.0
0.999999 0.00189115 0.0
0.999995 0.00567024 0.0
0.999987 0.00944756 0.0
0.999976 0.0132245 0.0
0.999963 0.0170025 0.0
0.999948 0.0207827 0.0
0.999934 0.0245665 0.0
0.999922 0.0283547 0.0
0.999914 0.0321483 0.0
0.999912 0.035948 0.0
0.999919 0.0397544 0.0
0.999938 0.0435675 0.0
0.999971 0.0473876 0.0
1.00002 0.0512141 0.0
1.0001 0.0550464 0.0
1.0002 0.0588835 0.0
1.00033 0.062724 0.0
1.0005 0.0665658 0.0
1.0007 0.0704065 0.0
1.00096 0.0742432 0.0
1.00126 0.0780724 0.0
1.00162 0.0818898 0.0
1.00204 0.0856905 0.0
1.00253 0.0894692 0.0
1.00309 0.0932194 0.0
1.00373 0.0969341 0.0
1.00446 0.100606 0.0
1.00528 0.104225 0.0
1.00619 0.107784 0.0
1.0072 0.111271 0.0
1.00832 0.114675 0.0
1.00954 0.117986 0.0
1.01088 0.12119 0.0
1.01233 0.124275 0.0
1.01389 0.127228 0.0
1.01557 0.130034 0.0
1.01737 0.13268 0.0
1.01928 0.135153 0.0
1.02129 0.137437 0.0
1.02341 0.139521 0.0
1.02563 0.14139 0.0
1.02795 0.143032 0.0
1.03034 0.144436 0.0
1.03282 0.145592 0.0
1.03536 0.14649 0.0
1.03795 0.147123 0.0
1.04058 0.147484 0.0
1.04325 0.147569 0.0
1.04594 0.147374 0.0
1.04864 0.146898 0.0
1.05133 0.146141 0.0
1.054 0.145105 0.0
1.05665 0.143792 0.0
1.05926 0.142206 0.0
1.06182 0.140354 0.0
1.06433 0.138241 0.0
1.06677 0.135875 0.0
1.06914 0.133264 0.0
1.07142 0.130417 0.0
1.07363 0.127342 0.0
1.07574 0.12405 0.0
1.07775 0.120549 0.0
1.07966 0.11685 0.0
1.08147 0.112963 0.0
1.08318 0.108898 0.0
1.08477 0.104665 0.0
1.08625 0.100274 0.0
1.08762 0.0957353 0.0
1.08887 0.0910593 0.0
1.09 0.086256 0.0
1.091 0.0813357 0.0
1.09189 0.0763088 0.0
1.09265 0.0711859 0.0
1.09329 0.0659774 0.0
1.0938 0.0606941 0.0
1.09418 0.0553471 0.0
1.09443 0.0499474 0.0
1.09455 0.0445063 0.0
1.09453 0.0390354 0.0
1.09438 0.0335463 0.0
1.0941 0.0280509 0.0
1.09369 0.0225611 0.0
1.09315 0.017089 0.0
1.09247 0.0116465 0.0
1.09166 0.00624586 0.0
1.09073 0.000898911 0.0
1.08966 -0.00438272 0.0
1.08848 -0.00958751 0.0
1.08717 -0.0147042 0.0
1.08575 -0.0197217 0.0
1.08422 -0.0246295 0.0
1.08258 -0.0294175 0.0
1.08084 -0.0340761 0.0
1.079 -0.0385961 0.0
1.07708 -0.0429692 0.0
1.07508 -0.0471877 0.0
1.073 -0.0512445 0.0
1.07086 -0.0551333 0.0
1.06866 -0.0588487 0.0
1.06641 -0.0623861 0.0
1.06412 -0.0657415 0.0
1.0618 -0.068912 0.0
1.05945 -0.0718955 0.0
1.05708 -0.0746905 0.0
1.05471 -0.0772965 0.0
1.05233 -0.0797138 0.0
1.04997 -0.0819433 0.0
1.04761 -0.0839867 0.0
1.04528 -0.0858463 0.0
1.04297 -0.0875249 0.0
1.04069 -0.0890262 0.0
1.03846 -0.090354 0.0
1.03627 -0.0915129 0.0
1.03412 -0.0925077 0.0
1.03203 -0.0933436 0.0
1.03 -0.094026 0.0
1.02802 -0.0945607 0.0
1.02611 -0.0949535 0.0
1.02427 -0.0952107 0.0
1.02249 -0.0953382 0.0
1.02077 -0.0953424 0.0
1.01913 -0.0952294 0.0
1.01756 -0.0950055 0.0
1.01606 -0.0946768 0.0
1.01463 -0.0942494 0.0
1.01327 -0.0937294 0.0
1.01198 -0.0931225 0.0
1.01076 -0.0924345 0.0
1.0096 -0.091671 0.0
1.00852 -0.0908373 0.0
1.0075 -0.0899387 0.0
1.00654 -0.0889801 0.0
1.00564 -0.0879664 0.0
1.00481 -0.0869021 0.0
1.00403 -0.0857917 0.0
1.00331 -0.0846394 0.0
1.00265 -0.0834492 0.0
1.00203 -0.0822248 0.0
1.00147 -0.0809698 0.0
1.00095 -0.0796876 0.0
1.00048 -0.0783813 0.0
1.00006 -0.0770541 0.0
0.999669 -0.0757086 0.0
0.999321 -0.0743476 0.0
0.999011 -0.0729735 0.0
0.998734 -0.0715885 0.0
0.998491 -0.0701948 0.0
0.998278 -0.0687944 0.0
0.998093 -0.0673891 0.0
0.997936 -0.0659806 0.0
0.997803 -0.0645704 0.0
0.997693 -0.06316 0.0
0.997606 -0.0617506 0.0
0.997538 -0.0603434 0.0
0.997488 -0.0589395 0.0
0.997455 -0.0575398 0.0
0.997438 -0.0561452 0.0
0.997435 -0.0547563 0.0
0.997445 -0.0533738 0.0
0.997467 -0.0519982 0.0
0.997499 -0.0506301 0.0
0.997541 -0.0492696 0.0
0.997591 -0.0479172 0.0
0.99765 -0.0465729 0.0
0.997715 -0.0452368 0.0
0.997785 -0.0439089 0.0
0.997861 -0.0425893 0.0
0.997942 -0.0412776 0.0
0.998026 -0.0399737 0.0
0.998114 -0.0386772 0.0
0.998204 -0.0373878 0.0
0.998297 -0.036105 0.0
0.998391 -0.0348283 0.0
0.998486 -0.0335572 0.0
0.998582 -0.0322911 0.0
0.998678 -0.0310293 0.0
0.998774 -0.0297712 0.0
0.99887 -0.028516 0.0
0.998965 -0.0272632 0.0
0.999059 -0.0260121 0.0
0.999152 -0.024762 0.0
0.999244 -0.0235124 0.0
0.999333 -0.0222628 0.0
0.999421 -0.0210128 0.0
0.999507 -0.0197621 0.0
0.999589 -0.0185106 0.0
0.99967 -0.0172583 0.0
0.999747 -0.0160054 0.0
0.999821 -0.0147522 0.0
0.999892 -0.0134995 0.0
0.999959 -0.0122479 0.0
1.00002 -0.0109987 0.0
1.00008 -0.00975319 0.0
1.00013 -0.00851293 0.0
1.00018 -0.00727981 0.0
1.00022 -0.00605599 0.0
1.00026 -0.00484393 0.0
1.00028 -0.00364697 0.0
1.0003 -0.00247549 0.0
1.00031 -0.00141651 0.0
0.999999 0.00189285 0.0
0.999996 0.00567519 0.0
0.999991 0.00945534 0.0
0.999984 0.0132345 0.0
0.999976 0.0170136 0.0
0.999968 0.0207939 0.0
0.999961 0.0245761 0.0
0.999957 0.028361 0.0
0.999958 0.0321493 0.0
0.999965 0.0359413 0.0
0.999982 0.0397373 0.0
1.00001 0.0435373 0.0
1.00005 0.0473409 0.0
1.00011 0.0511475 0.0
1.0002 0.0549563 0.0
1.0003 0.0587657 0.0
1.00044 0.0625742 0.0
1.00061 0.0663796 0.0
1.00081 0.0701791 0.0
1.00106 0.0739696 0.0
1.00136 0.0777474 0.0
1.00171 0.0815081 0.0
1.00211 0.0852469 0.0
1.00257 0.0889581 0.0
1.00311 0.0926354 0.0
1.00371 0.0962719 0.0
1.00439 0.09986 0.0
1.00515 0.103391 0.0
1.006 0.106857 0.0
1.00694 0.110246 0.0
1.00797 0.11355 0.0
1.0091 0.116756 0.0
1.01033 0.119854 0.0
1.01166 0.122831 0.0
1.01309 0.125675 0.0
1.01463 0.128373 0.0
1.01626 0.130912 0.0
1.01799 0.13328 0.0
1.01982 0.135464 0.0
1.02175 0.137451 0.0
1.02376 0.139229 0.0
1.02585 0.140788 0.0
1.02801 0.142117 0.0
1.03024 0.143207 0.0
1.03253 0.144048 0.0
1.03487 0.144635 0.0
1.03724 0.14496 0.0
1.03965 0.145021 0.0
1.04207 0.144813 0.0
1.04449 0.144336 0.0
1.04692 0.143588 0.0
1.04933 0.142572 0.0
1.05172 0.14129 0.0
1.05407 0.139744 0.0
1.05638 0.137942 0.0
1.05864 0.135887 0.0
1.06085 0.133586 0.0
1.06298 0.131048 0.0
1.06505 0.128279 0.0
1.06704 0.125288 0.0
1.06895 0.122085 0.0
1.07077 0.118678 0.0
1.0725 0.115076 0.0
1.07414 0.11129 0.0
1.07568 0.107328 0.0
1.07712 0.103202 0.0
1.07845 0.0989194 0.0
1.07968 0.0944918 0.0
1.08081 0.0899287 0.0
1.08183 0.0852402 0.0
1.08273 0.0804366 0.0
1.08352 0.0755281 0.0
1.0842 0.070525 0.0
1.08477 0.065438 0.0
1.08522 0.0602776 0.0
1.08554 0.0550547 0.0
1.08575 0.0497802 0.0
1.08584 0.0444652 0.0
1.08581 0.0391211 0.0
1.08566 0.0337593 0.0
1.08539 0.0283912 0.0
1.08499 0.0230284 0.0
1.08448 0.0176827 0.0
1.08384 0.0123656 0.0
1.08308 0.00708877 0.0
1.08221 0.00186366 0.0
1.08123 -0.00329858 0.0
1.08013 -0.00838701 0.0
1.07892 -0.0133909 0.0
1.0776 -0.0182997 0.0
1.07619 -0.0231035 0.0
1.07468 -0.0277926 0.0
1.07307 -0.0323579 0.0
1.07138 -0.0367908 0.0
1.06961 -0.0410833 0.0
1.06777 -0.045228 0.0
1.06586 -0.0492183 0.0
1.06389 -0.0530481 0.0
1.06187 -0.0567122 0.0
1.0598 -0.060206 0.0
1.0577 -0.0635258 0.0
1.05556 -0.0666685 0.0
1.0534 -0.069632 0.0
1.05123 -0.0724148 0.0
1.04905 -0.0750161 0.0
1.04686 -0.077436 0.0
1.04469 -0.0796752 0.0
1.04252 -0.081735 0.0
1.04037 -0.0836173 0.0
1.03825 -0.0853247 0.0
1.03616 -0.0868604 0.0
1.0341 -0.0882278 0.0
1.03209 -0.089431 0.0
1.03011 -0.0904745 0.0
1.02819 -0.0913628 0.0
1.02632 -0.0921011 0.0
1.0245 -0.0926947 0.0
1.02274 -0.093149 0.0
1.02104 -0.0934697 0.0
1.01941 -0.0936624 0.0
1.01783 -0.0937331 0.0
1.01633 -0.0936876 0.0
1.01488 -0.0935318 0.0
1.0135 -0.0932714 0.0
1.01219 -0.0929122 0.0
1.01094 -0.0924601 0.0
1.00976 -0.0919204 0.0
1.00865 -0.0912989 0.0
1.00759 -0.0906006 0.0
1.0066 -0.089831 0.0
1.00567 -0.088995 0.0
1.0048 -0.0880974 0.0
1.00399 -0.0871429 0.0
1.00324 -0.0861361 0.0
1.00254 -0.0850812 0.0
1.00189 -0.0839823 0.0
1.00129 -0.0828435 0.0
1.00074 -0.0816683 0.0
1.00024 -0.0804605 0.0
0.999782 -0.0792233 0.0
0.999367 -0.0779599 0.0
0.998992 -0.0766733 0.0
0.998656 -0.0753665 0.0
0.998355 -0.0740419 0.0
0.998089 -0.0727021 0.0
0.997854 -0.0713495 0.0
0.99765 -0.0699863 0.0
0.997474 -0.0686143 0.0
0.997325 -0.0672357 0.0
0.9972 -0.065852 0.0
0.997098 -0.0644649 0.0
0.997018 -0.0630759 0.0
0.996957 -0.0616863 0.0
0.996915 -0.0602974 0.0
0.996889 -0.0589103 0.0
0.996878 -0.0575261 0.0
0.996882 -0.0561455 0.0
0.996898 -0.0547695 0.0
0.996926 -0.0533987 0.0
0.996964 -0.0520337 0.0
0.997012 -0.050675 0.0
0.997068 -0.0493231 0.0
0.997132 -0.0479782 0.0
0.997203 -0.0466406 0.0
0.997279 -0.0453105 0.0
0.99736 -0.0439878 0.0
0.997446 -0.0426725 0.0
0.997535 -0.0413646 0.0
0.997628 -0.0400639 0.0
0.997723 -0.03877 0.0
0.99782 -0.0374826 0.0
0.997919 -0.0362014 0.0
0.998019 -0.0349259 0.0
0.998119 -0.0336555 0.0
0.99822 -0.0323897 0.0
0.99832 -0.0311278 0.0
0.998421 -0.0298693 0.0
0.99852 -0.0286135 0.0
0.998618 -0.0273597 0.0
0.998715 -0.0261072 0.0
0.998811 -0.0248556 0.0
0.998905 -0.0236043 0.0
0.998997 -0.0223527 0.0
0.999086 -0.0211004 0.0
0.999173 -0.0198473 0.0
0.999258 -0.0185931 0.0
0.999339 -0.0173379 0.0
0.999418 -0.0160819 0.0
0.999493 -0.0148254 0.0
0.999565 -0.013569 0.0
0.999632 -0.0123135 0.0
0.999696 -0.01106 0.0
0.999755 -0.00980974 0.0
0.999809 -0.00856422 0.0
0.999858 -0.00732521 0.0
0.9999 -0.00609471 0.0
0.999935 -0.00487498 0.0
0.999961 -0.00366913 0.0
0.999978 -0.00248729 0.0
0.999984 -0.00141722 0.0
1 0.00189394 0.0
0.999998 0.00567831 0.0
0.999995 0.00946012 0.0
0.999991 0.0132403 0.0
0.999987 0.0170196 0.0
0.999984 0.0207989 0.0
0.999983 0.0245788 0.0
0.999985 0.0283598 0.0
0.999992 0.0321422 0.0
1.00001 0.0359263 0.0
1.00003 0.0397121 0.0
1.00007 0.0434991 0.0
1.00011 0.0472869 0.0
1.00018 0.0510746 0.0
1.00027 0.0548609 0.0
1.00038 0.0586445 0.0
1.00051 0.0624232 0.0
1.00068 0.0661946 0.0
1.00088 0.0699561 0.0
1.00112 0.0737041 0.0
1.0014 0.0774348 0.0
1.00173 0.0811438 0.0
1.00211 0.0848261 0.0
1.00255 0.088476 0.0
1.00305 0.0920874 0.0
1.00361 0.0956533 0.0
1.00424 0.0991662 0.0
1.00494 0.102618 0.0
1.00572 0.106 0.0
1.00659 0.109303 0.0
1.00753 0.112516 0.0
1.00856 0.11563 0.0
1.00968 0.118633 0.0
1.01089 0.121515 0.0
1.01218 0.124262 0.0
1.01357 0.126865 0.0
1.01505 0.12931 0.0
1.01661 0.131586 0.0
1.01826 0.13368 0.0
1.01998 0.135583 0.0
1.02179 0.137283 0.0
1.02366 0.138769 0.0
1.0256 0.140032 0.0
1.0276 0.141063 0.0
1.02965 0.141855 0.0
1.03174 0.142401 0.0
1.03386 0.142695 0.0
1.03601 0.142734 0.0
1.03818 0.142515 0.0
1.04035 0.142036 0.0
1.04251 0.141297 0.0
1.04467 0.140298 0.0
1.0468 0.139042 0.0
1.04891 0.137533 0.0
1.05097 0.135773 0.0
1.053 0.13377 0.0
1.05497 0.131527 0.0
1.05689 0.129053 0.0
1.05874 0.126355 0.0
1.06052 0.12344 0.0
1.06223 0.120316 0.0
1.06386 0.116993 0.0
1.06541 0.113479 0.0
1.06688 0.109784 0.0
1.06826 0.105916 0.0
1.06954 0.101886 0.0
1.07074 0.0977028 0.0
1.07184 0.0933761 0.0
1.07284 0.0889159 0.0
1.07375 0.0843322 0.0
1.07455 0.0796351 0.0
1.07525 0.0748346 0.0
1.07585 0.0699411 0.0
1.07634 0.0649649 0.0
1.07673 0.0599167 0.0
1.07701 0.054807 0.0
1.07718 0.0496467 0.0
1.07724 0.0444467 0.0
1.07719 0.0392182 0.0
1.07703 0.0339721 0.0
1.07677 0.0287199 0.0
1.07639 0.0234727 0.0
1.0759 0.0182418 0.0
1.07531 0.0130386 0.0
1.0746 0.00787422 0.0
1.07379 0.00275972 0.0
1.07288 -0.00229416 0.0
1.07186 -0.00727698 0.0
1.07075 -0.0121784 0.0
1.06954 -0.0169886 0.0
1.06824 -0.0216979 0.0
1.06685 -0.0262973 0.0
1.06537 -0.0307779 0.0
1.06382 -0.0351317 0.0
1.0622 -0.039351 0.0
1.06051 -0.0434289 0.0
1.05876 -0.0473588 0.0
1.05696 -0.051135 0.0
1.05511 -0.0547524 0.0
1.05322 -0.0582066 0.0
1.05129 -0.0614939 0.0
1.04934 -0.0646114 0.0
1.04736 -0.0675567 0.0
1.04538 -0.0703283 0.0
1.04338 -0.0729253 0.0
1.04138 -0.0753476 0.0
1.03939 -0.0775956 0.0
1.03741 -0.0796704 0.0
1.03545 -0.0815736 0.0
1.03351 -0.0833075 0.0
1.0316 -0.0848748 0.0
1.02972 -0.0862786 0.0
1.02788 -0.0875227 0.0
1.02608 -0.088611 0.0
1.02433 -0.0895479 0.0
1.02262 -0.0903379 0.0
1.02097 -0.090986 0.0
1.01936 -0.0914973 0.0
1.01782 -0.0918769 0.0
1.01633 -0.0921303 0.0
1.0149 -0.0922628 0.0
1.01353 -0.0922801 0.0
1.01222 -0.0921876 0.0
1.01098 -0.0919908 0.0
1.00979 -0.0916953 0.0
1.00867 -0.0913065 0.0
1.0076 -0.0908296 0.0
1.0066 -0.0902699 0.0
1.00566 -0.0896327 0.0
1.00477 -0.0889228 0.0
1.00394 -0.0881452 0.0
1.00317 -0.0873045 0.0
1.00245 -0.0864053 0.0
1.00178 -0.0854519 0.0
1.00117 -0.0844487 0.0
1.0006 -0.0833996 0.0
1.00008 -0.0823086 0.0
0.999603 -0.0811792 0.0
0.99917 -0.0800151 0.0
0.998778 -0.0788196 0.0
0.998426 -0.0775959 0.0
0.99811 -0.076347 0.0
0.997829 -0.0750757 0.0
0.997581 -0.0737847 0.0
0.997365 -0.0724765 0.0
0.997177 -0.0711537 0.0
0.997017 -0.0698182 0.0
0.996883 -0.0684723 0.0
0.996772 -0.0671179 0.0
0.996683 -0.0657568 0.0
0.996615 -0.0643906 0.0
0.996566 -0.0630209 0.0
0.996535 -0.0616492 0.0
0.99652 -0.0602767 0.0
0.996519 -0.0589047 0.0
0.996531 -0.0575342 0.0
0.996556 -0.0561661 0.0
0.996592 -0.0548014 0.0
0.996638 -0.0534409 0.0
0.996693 -0.0520851 0.0
0.996756 -0.0507346 0.0
0.996826 -0.04939 0.0
0.996902 -0.0480516 0.0
0.996984 -0.0467196 0.0
0.99707 -0.0453944 0.0
0.997161 -0.0440759 0.0
0.997255 -0.0427642 0.0
0.997351 -0.0414592 0.0
0.99745 -0.0401609 0.0
0.99755 -0.0388689 0.0
0.997652 -0.0375829 0.0
0.997755 -0.0363027 0.0
0.997858 -0.0350277 0.0
0.997961 -0.0337575 0.0
0.998064 -0.0324915 0.0
0.998166 -0.0312291 0.0
0.998267 -0.0299698 0.0
0.998367 -0.0287128 0.0
0.998466 -0.0274577 0.0
0.998563 -0.0262036 0.0
0.998658 -0.0249502 0.0
0.998751 -0.0236968 0.0
0.998842 -0.0224429 0.0
0.998931 -0.0211883 0.0
0.999016 -0.0199325 0.0
0.999099 -0.0186755 0.0
0.999179 -0.0174173 0.0
0.999256 -0.016158 0.0
0.999329 -0.014898 0.0
0.999399 -0.0136379 0.0
0.999464 -0.0123785 0.0
0.999526 -0.0111206 0.0
0.999583 -0.00986559 0.0
0.999635 -0.00861483 0.0
0.999682 -0.00736997 0.0
0.999722 -0.00613285 0.0
0.999756 -0.00490555 0.0
0.999781 -0.00369088 0.0
0.999797 -0.00249877 0.0
0.999803 -0.00141762 0.0
1 0.00189453 0.0
0.999999 0.00567997 0.0
0.999998 0.00946251 0.0
0.999996 0.0132428 0.0
0.999995 0.0170215 0.0
0.999996 0.0207992 0.0
0.999999 0.0245762 0.0
1.00001 0.0283529 0.0
1.00002 0.0321293 0.0
1.00004 0.0359055 0.0
1.00007 0.0396812 0.0
1.0001 0.0434558 0.0
1.00016 0.0472286 0.0
1.00022 0.0509985 0.0
1.00031 0.0547641 0.0
1.00042 0.0585236 0.0
1.00055 0.0622749 0.0
1.00071 0.0660153 0.0
1.0009 0.069742 0.0
1.00113 0.0734513 0.0
1.0014 0.0771393 0.0
1.0017 0.0808016 0.0
1.00206 0.084433 0.0
1.00246 0.0880278 0.0
1.00292 0.0915801 0.0
1.00344 0.0950828 0.0
1.00401 0.0985288 0.0
1.00465 0.10191 0.0
1.00536 0.105218 0.0
1.00614 0.108444 0.0
1.007 0.111578 0.0
1.00793 0.11461 0.0
1.00893 0.11753 0.0
1.01002 0.120327 0.0
1.01118 0.12299 0.0
1.01242 0.125509 0.0
1.01374 0.127871 0.0
1.01513 0.130067 0.0
1.0166 0.132084 0.0
1.01814 0.133913 0.0
1.01974 0.135544 0.0
1.02141 0.136966 0.0
1.02313 0.138172 0.0
1.0249 0.139152 0.0
1.02672 0.139901 0.0
1.02857 0.140412 0.0
1.03045 0.140679 0.0
1.03235 0.1407 0.0
1.03427 0.14047 0.0
1.03619 0.13999 0.0
1.03811 0.139258 0.0
1.04002 0.138274 0.0
1.04191 0.137042 0.0
1.04377 0.135564 0.0
1.0456 0.133843 0.0
1.04739 0.131884 0.0
1.04914 0.129693 0.0
1.05084 0.127276 0.0
1.05248 0.12464 0.0
1.05406 0.121792 0.0
1.05557 0.11874 0.0
1.05702 0.115492 0.0
1.05839 0.112057 0.0
1.05969 0.108443 0.0
1.06091 0.10466 0.0
1.06205 0.100716 0.0
1.0631 0.0966221 0.0
1.06407 0.0923866 0.0
1.06496 0.0880195 0.0
1.06575 0.0835305 0.0
1.06645 0.0789297 0.0
1.06706 0.0742271 0.0
1.06758 0.0694327 0.0
1.068 0.064557 0.0
1.06833 0.0596103 0.0
1.06856 0.0546032 0.0
1.06869 0.0495463 0.0
1.06873 0.0444503 0.0
1.06867 0.0393262 0.0
1.0685 0.0341849 0.0
1.06824 0.0290372 0.0
1.06788 0.0238944 0.0
1.06742 0.0187672 0.0
1.06686 0.0136668 0.0
1.06621 0.00860383 0.0
1.06546 0.00358913 0.0
1.06461 -0.00136698 0.0
1.06368 -0.00625449 0.0
1.06266 -0.0110635 0.0
1.06155 -0.0157847 0.0
1.06036 -0.0204087 0.0
1.05909 -0.024927 0.0
1.05774 -0.0293313 0.0
1.05633 -0.0336137 0.0
1.05485 -0.0377671 0.0
1.05331 -0.0417846 0.0
1.05171 -0.0456601 0.0
1.05007 -0.049388 0.0
1.04838 -0.0529635 0.0
1.04666 -0.0563822 0.0
1.04491 -0.0596405 0.0
1.04314 -0.0627354 0.0
1.04134 -0.0656647 0.0
1.03954 -0.0684267 0.0
1.03772 -0.0710204 0.0
1.03591 -0.0734454 0.0
1.03411 -0.075702 0.0
1.03231 -0.0777911 0.0
1.03054 -0.0797141 0.0
1.02878 -0.0814728 0.0
1.02705 -0.0830698 0.0
1.02535 -0.0845077 0.0
1.02369 -0.08579 0.0
1.02207 -0.0869203 0.0
1.02049 -0.0879025 0.0
1.01895 -0.0887408 0.0
1.01746 -0.0894399 0.0
1.01602 -0.0900043 0.0
1.01464 -0.090439 0.0
1.01331 -0.0907489 0.0
1.01203 -0.0909392 0.0
1.01081 -0.0910151 0.0
1.00965 -0.0909817 0.0
1.00854 -0.0908442 0.0
1.00749 -0.090608 0.0
1.0065 -0.090278 0.0
1.00557 -0.0898595 0.0
1.00469 -0.0893575 0.0
1.00386 -0.0887768 0.0
1.00309 -0.0881224 0.0
1.00237 -0.0873988 0.0
1.00171 -0.0866107 0.0
1.00109 -0.0857625 0.0
1.00052 -0.0848585 0.0
0.999996 -0.0839028 0.0
0.999518 -0.0828995 0.0
0.999081 -0.0818522 0.0
0.998686 -0.0807648 0.0
0.998329 -0.0796406 0.0
0.998009 -0.078483 0.0
0.997725 -0.0772953 0.0
0.997473 -0.0760804 0.0
0.997253 -0.0748413 0.0
0.997062 -0.0735806 0.0
0.996898 -0.0723008 0.0
0.996761 -0.0710045 0.0
0.996647 -0.0696939 0.0
0.996556 -0.0683711 0.0
0.996485 -0.0670382 0.0
0.996434 -0.0656969 0.0
0.9964 -0.0643491 0.0
0.996383 -0.0629964 0.0
0.99638 -0.0616401 0.0
0.996392 -0.0602819 0.0
0.996415 -0.0589227 0.0
0.99645 -0.0575639 0.0
0.996495 -0.0562065 0.0
0.996549 -0.0548514 0.0
0.996611 -0.0534993 0.0
0.996681 -0.0521511 0.0
0.996756 -0.0508074 0.0
0.996838 -0.0494687 0.0
0.996924 -0.0481354 0.0
0.997014 -0.0468079 0.0
0.997107 -0.0454863 0.0
0.997204 -0.044171 0.0
0.997302 -0.0428618 0.0
0.997403 -0.0415589 0.0
0.997504 -0.040262 0.0
0.997607 -0.0389711 0.0
0.99771 -0.0376858 0.0
0.997813 -0.0364058 0.0
0.997916 -0.0351307 0.0
0.998018 -0.0338601 0.0
0.998119 -0.0325933 0.0
0.99822 -0.0313299 0.0
0.998318 -0.0300693 0.0
0.998416 -0.0288109 0.0
0.998511 -0.027554 0.0
0.998604 -0.026298 0.0
0.998696 -0.0250425 0.0
0.998785 -0.0237867 0.0
0.998871 -0.0225304 0.0
0.998955 -0.0212731 0.0
0.999035 -0.0200145 0.0
0.999113 -0.0187546 0.0
0.999188 -0.0174932 0.0
0.99926 -0.0162306 0.0
0.999328 -0.0149672 0.0
0.999393 -0.0137033 0.0
0.999453 -0.0124399 0.0
0.99951 -0.0111778 0.0
0.999562 -0.00991814 0.0
0.99961 -0.00866231 0.0
0.999652 -0.00741184 0.0
0.999689 -0.00616842 0.0
0.999719 -0.00493392 0.0
0.999742 -0.00371094 0.0
0.999756 -0.00250913 0.0
0.999761 -0.00141751 0.0
1 0.00189475 0.0
1 0.00568052 0.0
1 0.00946308 0.0
1 0.0132429 0.0
1 0.0170205 0.0
1 0.020796 0.0
1.00001 0.0245699 0.0
1.00002 0.0283421 0.0
1.00004 0.0321126 0.0
1.00006 0.0358811 0.0
1.00009 0.0396472 0.0
1.00013 0.0434102 0.0
1.00018 0.047169 0.0
1.00025 0.0509225 0.0
1.00033 0.054669 0.0
1.00044 0.0584066 0.0
1.00056 0.062133 0.0
1.00071 0.0658454 0.0
1.00089 0.0695408 0.0
1.0011 0.0732154 0.0
1.00135 0.0768652 0.0
1.00163 0.0804857 0.0
1.00195 0.0840718 0.0
1.00232 0.0876178 0.0
1.00273 0.0911176 0.0
1.0032 0.0945645 0.0
1.00372 0.0979514 0.0
1.00429 0.10127 0.0
1.00493 0.104513 0.0
1.00562 0.107671 0.0
1.00638 0.110736 0.0
1.00721 0.113696 0.0
1.0081 0.116544 0.0
1.00906 0.119268 0.0
1.01009 0.121858 0.0
1.01119 0.124303 0.0
1.01235 0.126594 0.0
1.01358 0.12872 0.0
1.01487 0.130671 0.0
1.01622 0.132436 0.0
1.01763 0.134007 0.0
1.01909 0.135375 0.0
1.0206 0.136531 0.0
1.02216 0.137468 0.0
1.02375 0.138179 0.0
1.02537 0.13866 0.0
1.02701 0.138904 0.0
1.02868 0.138908 0.0
1.03035 0.138671 0.0
1.03203 0.138189 0.0
1.03371 0.137463 0.0
1.03538 0.136493 0.0
1.03703 0.135282 0.0
1.03866 0.13383 0.0
1.04026 0.132143 0.0
1.04183 0.130224 0.0
1.04335 0.128078 0.0
1.04484 0.125711 0.0
1.04627 0.12313 0.0
1.04765 0.120341 0.0
1.04898 0.117352 0.0
1.05024 0.114171 0.0
1.05144 0.110805 0.0
1.05257 0.107264 0.0
1.05363 0.103556 0.0
1.05462 0.0996903 0.0
1.05554 0.0956757 0.0
1.05638 0.0915217 0.0
1.05715 0.0872378 0.0
1.05783 0.0828338 0.0
1.05844 0.0783193 0.0
1.05896 0.0737044 0.0
1.0594 0.068999 0.0
1.05975 0.0642133 0.0
1.06002 0.0593577 0.0
1.0602 0.0544425 0.0
1.0603 0.0494783 0.0
1.0603 0.0444756 0.0
1.06022 0.039445 0.0
1.06006 0.0343974 0.0
1.0598 0.0293435 0.0
1.05945 0.024294 0.0
1.05902 0.0192596 0.0
1.0585 0.0142511 0.0
1.0579 0.00927896 0.0
1.05721 0.00435356 0.0
1.05643 -0.000515011 0.0
1.05558 -0.00531714 0.0
1.05464 -0.0100434 0.0
1.05363 -0.0146847 0.0
1.05255 -0.0192324 0.0
1.05139 -0.0236782 0.0
1.05017 -0.0280141 0.0
1.04889 -0.0322327 0.0
1.04755 -0.0363272 0.0
1.04615 -0.0402909 0.0
1.04471 -0.044118 0.0
1.04323 -0.0478032 0.0
1.0417 -0.0513417 0.0
1.04015 -0.0547292 0.0
1.03857 -0.0579622 0.0
1.03697 -0.0610379 0.0
1.03535 -0.0639538 0.0
1.03373 -0.0667082 0.0
1.0321 -0.0693001 0.0
1.03048 -0.071729 0.0
1.02886 -0.0739949 0.0
1.02725 -0.0760984 0.0
1.02566 -0.0780408 0.0
1.0241 -0.0798237 0.0
1.02256 -0.0814491 0.0
1.02104 -0.0829198 0.0
1.01957 -0.0842385 0.0
1.01813 -0.0854085 0.0
1.01673 -0.0864336 0.0
1.01537 -0.0873176 0.0
1.01406 -0.0880646 0.0
1.0128 -0.088679 0.0
1.01158 -0.0891653 0.0
1.01042 -0.0895282 0.0
1.00931 -0.0897725 0.0
1.00825 -0.0899029 0.0
1.00724 -0.0899245 0.0
1.00629 -0.0898422 0.0
1.00539 -0.0896609 0.0
1.00454 -0.0893854 0.0
1.00374 -0.0890207 0.0
1.003 -0.0885717 0.0
1.0023 -0.0880429 0.0
1.00166 -0.0874392 0.0
1.00106 -0.086765 0.0
1.0005 -0.0860248 0.0
0.999996 -0.0852229 0.0
0.999531 -0.0843635 0.0
0.999107 -0.0834507 0.0
0.998722 -0.0824884 0.0
0.998375 -0.0814804 0.0
0.998064 -0.0804303 0.0
0.997787 -0.0793417 0.0
0.997543 -0.0782178 0.0
0.997328 -0.0770619 0.0
0.997143 -0.0758769 0.0
0.996984 -0.0746659 0.0
0.99685 -0.0734316 0.0
0.99674 -0.0721765 0.0
0.996652 -0.0709031 0.0
0.996584 -0.0696139 0.0
0.996535 -0.0683108 0.0
0.996503 -0.0669962 0.0
0.996487 -0.0656717 0.0
0.996485 -0.0643394 0.0
0.996497 -0.0630007 0.0
0.99652 -0.0616574 0.0
0.996555 -0.0603108 0.0
0.9966 -0.0589622 0.0
0.996653 -0.0576129 0.0
0.996714 -0.0562639 0.0
0.996782 -0.0549163 0.0
0.996856 -0.053571 0.0
0.996936 -0.0522286 0.0
0.99702 -0.05089 0.0
0.997108 -0.0495556 0.0
0.997199 -0.048226 0.0
0.997293 -0.0469015 0.0
0.997389 -0.0455825 0.0
0.997487 -0.0442691 0.0
0.997586 -0.0429615 0.0
0.997686 -0.0416596 0.0
0.997786 -0.0403633 0.0
0.997886 -0.0390726 0.0
0.997985 -0.0377872 0.0
0.998084 -0.0365068 0.0
0.998183 -0.035231 0.0
0.99828 -0.0339593 0.0
0.998375 -0.0326913 0.0
0.998469 -0.0314265 0.0
0.998562 -0.0301642 0.0
0.998652 -0.0289038 0.0
0.99874 -0.0276449 0.0
0.998826 -0.0263867 0.0
0.998909 -0.0251287 0.0
0.99899 -0.0238705 0.0
0.999068 -0.0226115 0.0
0.999144 -0.0213514 0.0
0.999217 -0.0200899 0.0
0.999286 -0.0188269 0.0
0.999353 -0.0175624 0.0
0.999416 -0.0162966 0.0
0.999476 -0.0150296 0.0
0.999532 -0.0137622 0.0
0.999585 -0.0124949 0.0
0.999634 -0.0112288 0.0
0.999679 -0.00996479 0.0
0.99972 -0.00870425 0.0
0.999756 -0.00744861 0.0
0.999787 -0.00619943 0.0
0.999812 -0.00495844 0.0
0.999831 -0.00372801 0.0
0.999842 -0.00251758 0.0
0.999845 -0.0014167 0.0
1 0.00189469 0.0
1 0.00568025 0.0
1 0.00946233 0.0
1 0.0132412 0.0
1.00001 0.0170172 0.0
1.00001 0.0207905 0.0
1.00002 0.024561 0.0
1.00003 0.0283288 0.0
1.00005 0.0320936 0.0
1.00007 0.0358549 0.0
1.0001 0.0396121 0.0
1.00014 0.0433644 0.0
1.00019 0.0471106 0.0
1.00026 0.0508492 0.0
1.00034 0.0545786 0.0
1.00043 0.0582966 0.0
1.00055 0.0620008 0.0
1.00069 0.0656883 0.0
1.00085 0.0693559 0.0
1.00104 0.0729998 0.0
1.00126 0.076616 0.0
1.00151 0.0801999 0.0
1.0018 0.0837462 0.0
1.00213 0.0872494 0.0
1.0025 0.0907035 0.0
1.00291 0.0941018 0.0
1.00336 0.0974372 0.0
1.00387 0.100702 0.0
1.00443 0.103889 0.0
1.00504 0.106989 0.0
1.00571 0.109993 0.0
1.00643 0.112892 0.0
1.00721 0.115677 0.0
1.00804 0.118337 0.0
1.00894 0.120864 0.0
1.00989 0.123248 0.0
1.0109 0.125477 0.0
1.01196 0.127544 0.0
1.01308 0.129437 0.0
1.01425 0.131148 0.0
1.01547 0.132669 0.0
1.01673 0.13399 0.0
1.01803 0.135104 0.0
1.01937 0.136004 0.0
1.02074 0.136684 0.0
1.02213 0.137138 0.0
1.02355 0.137362 0.0
1.02498 0.137353 0.0
1.02643 0.137109 0.0
1.02787 0.136626 0.0
1.02931 0.135906 0.0
1.03075 0.134948 0.0
1.03217 0.133754 0.0
1.03357 0.132326 0.0
1.03495 0.130668 0.0
1.03629 0.128783 0.0
1.03761 0.126677 0.0
1.03888 0.124354 0.0
1.04011 0.121821 0.0
1.0413 0.119083 0.0
1.04243 0.11615 0.0
1.04352 0.113027 0.0
1.04454 0.109723 0.0
1.04551 0.106245 0.0
1.04642 0.102604 0.0
1.04727 0.098806 0.0
1.04805 0.0948617 0.0
1.04876 0.0907797 0.0
1.04941 0.0865695 0.0
1.04998 0.0822405 0.0
1.05049 0.0778025 0.0
1.05092 0.0732652 0.0
1.05129 0.0686387 0.0
1.05157 0.0639328 0.0
1.05178 0.0591579 0.0
1.05192 0.0543242 0.0
1.05198 0.049442 0.0
1.05196 0.0445218 0.0
1.05186 0.0395742 0.0
1.05169 0.0346096 0.0
1.05144 0.0296385 0.0
1.05111 0.0246717 0.0
1.05071 0.0197194 0.0
1.05022 0.0147923 0.0
1.04967 0.00990045 0.0
1.04904 0.00505411 0.0
1.04833 0.000263092 0.0
1.04755 -0.00446334 0.0
1.04671 -0.00911616 0.0
1.04579 -0.0136867 0.0
1.04481 -0.0181667 0.0
1.04377 -0.0225482 0.0
1.04267 -0.0268238 0.0
1.04152 -0.0309862 0.0
1.04031 -0.0350289 0.0
1.03907 -0.0389456 0.0
1.03777 -0.0427306 0.0
1.03645 -0.0463789 0.0
1.03509 -0.0498856 0.0
1.0337 -0.0532468 0.0
1.0323 -0.056459 0.0
1.03087 -0.0595192 0.0
1.02944 -0.062425 0.0
1.028 -0.0651749 0.0
1.02656 -0.0677674 0.0
1.02513 -0.070202 0.0
1.02371 -0.0724786 0.0
1.02229 -0.0745977 0.0
1.0209 -0.0765601 0.0
1.01953 -0.0783672 0.0
1.01819 -0.0800209 0.0
1.01687 -0.0815235 0.0
1.01559 -0.0828774 0.0
1.01435 -0.0840858 0.0
1.01314 -0.0851519 0.0
1.01198 -0.0860792 0.0
1.01086 -0.0868716 0.0
1.00978 -0.087533 0.0
1.00875 -0.0880677 0.0
1.00777 -0.08848 0.0
1.00684 -0.0887743 0.0
1.00595 -0.0889553 0.0
1.00511 -0.0890276 0.0
1.00432 -0.0889957 0.0
1.00358 -0.0888645 0.0
1.00288 -0.0886386 0.0
1.00223 -0.0883227 0.0
1.00163 -0.0879214 0.0
1.00107 -0.0874393 0.0
1.00056 -0.0868809 0.0
1.00008 -0.0862506 0.0
0.999649 -0.0855528 0.0
0.999254 -0.0847918 0.0
0.998896 -0.0839716 0.0
0.998573 -0.0830962 0.0
0.998284 -0.0821697 0.0
0.998028 -0.0811957 0.0
0.997801 -0.0801778 0.0
0.997603 -0.0791196 0.0
0.997432 -0.0780244 0.0
0.997286 -0.0768954 0.0
0.997164 -0.0757357 0.0
0.997063 -0.0745483 0.0
0.996983 -0.073336 0.0
0.996923 -0.0721013 0.0
0.996879 -0.0708469 0.0
0.996852 -0.0695751 0.0
0.996839 -0.0682882 0.0
0.996841 -0.0669882 0.0
0.996854 -0.0656772 0.0
0.996879 -0.0643571 0.0
0.996913 -0.0630296 0.0
0.996957 -0.0616963 0.0
0.997009 -0.0603587 0.0
0.997068 -0.0590181 0.0
0.997133 -0.0576759 0.0
0.997204 -0.0563333 0.0
0.99728 -0.0549912 0.0
0.99736 -0.0536505 0.0
0.997443 -0.0523123 0.0
0.99753 -0.050977 0.0
0.997618 -0.0496455 0.0
0.997709 -0.0483182 0.0
0.997801 -0.0469955 0.0
0.997894 -0.0456778 0.0
0.997987 -0.0443653 0.0
0.99808 -0.0430581 0.0
0.998174 -0.0417563 0.0
0.998267 -0.0404599 0.0
0.998359 -0.0391687 0.0
0.99845 -0.0378825 0.0
0.99854 -0.036601 0.0
0.998629 -0.0353239 0.0
0.998716 -0.0340508 0.0
0.998802 -0.0327811 0.0
0.998885 -0.0315144 0.0
0.998966 -0.0302501 0.0
0.999045 -0.0289876 0.0
0.999122 -0.0277264 0.0
0.999197 -0.0264658 0.0
0.999269 -0.0252053 0.0
0.999338 -0.0239444 0.0
0.999405 -0.0226827 0.0
0.999469 -0.0214198 0.0
0.99953 -0.0201555 0.0
0.999588 -0.0188895 0.0
0.999643 -0.0176219 0.0
0.999695 -0.0163529 0.0
0.999744 -0.0150827 0.0
0.99979 -0.0138118 0.0
0.999833 -0.0125411 0.0
0.999872 -0.0112712 0.0
0.999908 -0.0100033 0.0
0.999939 -0.00873851 0.0
0.999967 -0.00747832 0.0
0.99999 -0.00622416 0.0
1.00001 -0.00497764 0.0
1.00002 -0.00374097 0.0
1.00003 -0.00252344 0.0
1.00003 -0.00141506 0.0
1 0.00189445 0.0
1 0.00567943 0.0
1 0.0094607 0.0
1 0.0132384 0.0
1.00001 0.0170127 0.0
1.00001 0.0207836 0.0
1.00002 0.0245509 0.0
1.00004 0.0283145 0.0
1.00005 0.0320739 0.0
1.00008 0.0358286 0.0
1.00011 0.0395778 0.0
1.00014 0.0433205 0.0
1.00019 0.0470554 0.0
1.00025 0.050781 0.0
1.00032 0.0544953 0.0
1.00041 0.0581961 0.0
1.00051 0.0618809 0.0
1.00064 0.0655468 0.0
1.00078 0.0691903 0.0
1.00095 0.0728077 0.0
1.00114 0.0763949 0.0
1.00136 0.0799471 0.0
1.00161 0.0834593 0.0
1.0019 0.0869258 0.0
1.00221 0.0903407 0.0
1.00257 0.0936974 0.0
1.00296 0.0969889 0.0
1.0034 0.100208 0.0
1.00388 0.103347 0.0
1.0044 0.106397 0.0
1.00497 0.10935 0.0
1.00559 0.112197 0.0
1.00625 0.114929 0.0
1.00696 0.117536 0.0
1.00772 0.12001 0.0
1.00853 0.122341 0.0
1.00939 0.124519 0.0
1.01029 0.126535 0.0
1.01124 0.128381 0.0
1.01222 0.130047 0.0
1.01325 0.131524 0.0
1.01432 0.132806 0.0
1.01542 0.133885 0.0
1.01655 0.134754 0.0
1.0177 0.135408 0.0
1.01888 0.135841 0.0
1.02007 0.136049 0.0
1.02128 0.136029 0.0
1.02249 0.135778 0.0
1.02371 0.135295 0.0
1.02492 0.13458 0.0
1.02613 0.133633 0.0
1.02732 0.132454 0.0
1.0285 0.131047 0.0
1.02966 0.129414 0.0
1.03079 0.127559 0.0
1.03189 0.125486 0.0
1.03296 0.1232 0.0
1.03399 0.120708 0.0
1.03499 0.118016 0.0
1.03594 0.11513 0.0
1.03685 0.112058 0.0
1.0377 0.108806 0.0
1.03851 0.105384 0.0
1.03927 0.1018 0.0
1.03997 0.0980618 0.0
1.04062 0.0941785 0.0
1.0412 0.0901591 0.0
1.04174 0.086013 0.0
1.04221 0.0817494 0.0
1.04262 0.077378 0.0
1.04296 0.0729084 0.0
1.04325 0.0683506 0.0
1.04347 0.0637143 0.0
1.04362 0.0590098 0.0
1.04371 0.0542471 0.0
1.04373 0.0494365 0.0
1.04369 0.0445883 0.0
1.04358 0.0397129 0.0
1.04341 0.0348206 0.0
1.04316 0.0299219 0.0
1.04285 0.025027 0.0
1.04247 0.0201463 0.0
1.04203 0.01529 0.0
1.04152 0.0104682 0.0
1.04095 0.00569076 0.0
1.04031 0.000967388 0.0
1.03962 -0.0036929 0.0
1.03886 -0.00828155 0.0
1.03804 -0.0127903 0.0
1.03717 -0.0172114 0.0
1.03624 -0.0215371 0.0
1.03527 -0.0257604 0.0
1.03424 -0.0298745 0.0
1.03318 -0.033873 0.0
1.03208 -0.0377498 0.0
1.03094 -0.0414996 0.0
1.02978 -0.0451173 0.0
1.02859 -0.0485984 0.0
1.02738 -0.0519389 0.0
1.02615 -0.0551354 0.0
1.02491 -0.0581849 0.0
1.02367 -0.061085 0.0
1.02243 -0.063834 0.0
1.02119 -0.0664305 0.0
1.01996 -0.0688737 0.0
1.01874 -0.0711633 0.0
1.01754 -0.0732996 0.0
1.01635 -0.0752833 0.0
1.0152 -0.0771154 0.0
1.01406 -0.0787976 0.0
1.01296 -0.0803317 0.0
1.01189 -0.0817202 0.0
1.01086 -0.0829655 0.0
1.00986 -0.0840707 0.0
1.00891 -0.085039 0.0
1.00799 -0.0858739 0.0
1.00711 -0.0865791 0.0
1.00628 -0.0871584 0.0
1.00549 -0.087616 0.0
1.00474 -0.087956 0.0
1.00404 -0.0881826 0.0
1.00337 -0.0883003 0.0
1.00275 -0.0883136 0.0
1.00218 -0.0882268 0.0
1.00164 -0.0880446 0.0
1.00114 -0.0877714 0.0
1.00069 -0.0874116 0.0
1.00026 -0.0869699 0.0
0.99988 -0.0864504 0.0
0.999531 -0.0858577 0.0
0.999214 -0.085196 0.0
0.99893 -0.0844694 0.0
0.998676 -0.0836821 0.0
0.998451 -0.0828381 0.0
0.998253 -0.0819411 0.0
0.99808 -0.0809951 0.0
0.997932 -0.0800036 0.0
0.997806 -0.0789701 0.0
0.997701 -0.0778981 0.0
0.997616 -0.0767908 0.0
0.997549 -0.0756513 0.0
0.997499 -0.0744826 0.0
0.997464 -0.0732875 0.0
0.997444 -0.0720688 0.0
0.997436 -0.070829 0.0
0.997441 -0.0695706 0.0
0.997456 -0.0682958 0.0
0.997481 -0.067007 0.0
0.997515 -0.065706 0.0
0.997557 -0.0643949 0.0
0.997606 -0.0630755 0.0
0.99766 -0.0617493 0.0
0.997721 -0.060418 0.0
0.997786 -0.0590831 0.0
0.997855 -0.0577457 0.0
0.997927 -0.0564072 0.0
0.998003 -0.0550686 0.0
0.99808 -0.053731 0.0
0.99816 -0.0523951 0.0
0.998241 -0.0510618 0.0
0.998323 -0.0497317 0.0
0.998406 -0.0484054 0.0
0.998489 -0.0470833 0.0
0.998572 -0.0457659 0.0
0.998654 -0.0444534 0.0
0.998736 -0.0431459 0.0
0.998818 -0.0418435 0.0
0.998898 -0.0405462 0.0
0.998977 -0.0392539 0.0
0.999055 -0.0379665 0.0
0.999131 -0.0366835 0.0
0.999205 -0.0354048 0.0
0.999278 -0.0341299 0.0
0.999349 -0.0328583 0.0
0.999417 -0.0315896 0.0
0.999484 -0.0303231 0.0
0.999548 -0.0290584 0.0
0.99961 -0.0277948 0.0
0.99967 -0.0265317 0.0
0.999727 -0.0252688 0.0
0.999782 -0.0240053 0.0
0.999834 -0.022741 0.0
0.999884 -0.0214754 0.0
0.999931 -0.0202083 0.0
0.999976 -0.0189395 0.0
1.00002 -0.0176691 0.0
1.00006 -0.0163972 0.0
1.00009 -0.015124 0.0
1.00013 -0.0138502 0.0
1.00016 -0.0125762 0.0
1.00018 -0.0113031 0.0
1.00021 -0.0100318 0.0
1.00023 -0.00876353 0.0
1.00025 -0.00749956 0.0
1.00026 -0.00624136 0.0
1.00028 -0.00499046 0.0
1.00028 -0.00374901 0.0
1.00029 -0.00252623 0.0
1.00028 -0.0014125 0.0
1 0.00189408 0.0
1 0.00567827 0.0
1 0.00945856 0.0
1.00001 0.013235 0.0
1.00001 0.0170075 0.0
1.00002 0.0207761 0.0
1.00002 0.0245404 0.0
1.00004 0.0283001 0.0
1.00005 0.0320548 0.0
1.00007 0.0358037 0.0
1.0001 0.0395459 0.0
1.00014 0.0432803 0.0
1.00018 0.0470055 0.0
1.00023 0.0507198 0.0
1.00029 0.0544212 0.0
1.00037 0.0581074 0.0
1.00046 0.0617758 0.0
1.00056 0.0654233 0.0
1.00069 0.0690465 0.0
1.00083 0.0726416 0.0
1.00099 0.0762043 0.0
1.00118 0.07973 0.0
1.00139 0.0832136 0.0
1.00163 0.0866495 0.0
1.0019 0.0900316 0.0
1.00219 0.0933537 0.0
1.00252 0.0966087 0.0
1.00288 0.0997895 0.0
1.00328 0.102888 0.0
1.00372 0.105897 0.0
1.00419 0.108808 0.0
1.0047 0.111612 0.0
1.00525 0.1143 0.0
1.00583 0.116864 0.0
1.00646 0.119294 0.0
1.00713 0.121582 0.0
1.00783 0.123718 0.0
1.00857 0.125693 0.0
1.00935 0.127499 0.0
1.01016 0.129128 0.0
1.011 0.130571 0.0
1.01188 0.131821 0.0
1.01278 0.132871 0.0
1.0137 0.133715 0.0
1.01465 0.134347 0.0
1.01561 0.134763 0.0
1.01658 0.134958 0.0
1.01757 0.134929 0.0
1.01856 0.134674 0.0
1.01955 0.134192 0.0
1.02054 0.133481 0.0
1.02152 0.132542 0.0
1.02249 0.131377 0.0
1.02345 0.129987 0.0
1.0244 0.128375 0.0
1.02532 0.126545 0.0
1.02621 0.124501 0.0
1.02708 0.122247 0.0
1.02792 0.11979 0.0
1.02872 0.117135 0.0
1.02949 0.11429 0.0
1.03022 0.11126 0.0
1.03091 0.108054 0.0
1.03156 0.104679 0.0
1.03217 0.101143 0.0
1.03273 0.0974554 0.0
1.03325 0.093624 0.0
1.03371 0.089658 0.0
1.03413 0.0855664 0.0
1.0345 0.0813586 0.0
1.03481 0.077044 0.0
1.03507 0.0726322 0.0
1.03528 0.0681329 0.0
1.03544 0.0635561 0.0
1.03554 0.0589116 0.0
1.03559 0.0542095 0.0
1.03558 0.04946 0.0
1.03551 0.0446732 0.0
1.03539 0.0398594 0.0
1.03521 0.0350288 0.0
1.03498 0.0301916 0.0
1.03469 0.025358 0.0
1.03434 0.0205382 0.0
1.03394 0.0157423 0.0
1.03348 0.01098 0.0
1.03297 0.00626126 0.0
1.03241 0.0015955 0.0
1.03179 -0.00300837 0.0
1.03113 -0.00754234 0.0
1.03041 -0.0119986 0.0
1.02965 -0.0163698 0.0
1.02885 -0.0206487 0.0
1.028 -0.0248285 0.0
1.02712 -0.0289028 0.0
1.02621 -0.0328653 0.0
1.02526 -0.0367103 0.0
1.02429 -0.0404325 0.0
1.0233 -0.044027 0.0
1.02229 -0.0474894 0.0
1.02127 -0.0508158 0.0
1.02024 -0.0540026 0.0
1.0192 -0.0570471 0.0
1.01817 -0.0599466 0.0
1.01714 -0.0626993 0.0
1.01611 -0.0653037 0.0
1.0151 -0.0677588 0.0
1.01411 -0.0700643 0.0
1.01313 -0.0722199 0.0
1.01218 -0.0742262 0.0
1.01125 -0.0760841 0.0
1.01034 -0.0777947 0.0
1.00947 -0.0793598 0.0
1.00863 -0.0807813 0.0
1.00782 -0.0820616 0.0
1.00704 -0.0832033 0.0
1.0063 -0.0842094 0.0
1.0056 -0.0850829 0.0
1.00493 -0.0858275 0.0
1.0043 -0.0864466 0.0
1.00371 -0.0869441 0.0
1.00315 -0.0873239 0.0
1.00263 -0.08759 0.0
1.00215 -0.0877468 0.0
1.0017 -0.0877984 0.0
1.00128 -0.0877492 0.0
1.0009 -0.0876035 0.0
1.00055 -0.0873657 0.0
1.00023 -0.0870402 0.0
0.999942 -0.0866314 0.0
0.999681 -0.0861436 0.0
0.999447 -0.0855811 0.0
0.999238 -0.0849482 0.0
0.999054 -0.0842489 0.0
0.998893 -0.0834875 0.0
0.998753 -0.0826679 0.0
0.998633 -0.0817939 0.0
0.998533 -0.0808694 0.0
0.99845 -0.079898 0.0
0.998383 -0.0788833 0.0
0.998331 -0.0778287 0.0
0.998293 -0.0767375 0.0
0.998268 -0.0756129 0.0
0.998255 -0.0744578 0.0
0.998252 -0.0732752 0.0
0.998259 -0.0720679 0.0
0.998275 -0.0708385 0.0
0.998299 -0.0695895 0.0
0.99833 -0.0683233 0.0
0.998367 -0.067042 0.0
0.99841 -0.0657478 0.0
0.998457 -0.0644427 0.0
0.998509 -0.0631285 0.0
0.998564 -0.0618069 0.0
0.998623 -0.0604796 0.0
0.998684 -0.059148 0.0
0.998747 -0.0578134 0.0
0.998812 -0.0564773 0.0
0.998878 -0.0551405 0.0
0.998946 -0.0538043 0.0
0.999014 -0.0524695 0.0
0.999082 -0.0511368 0.0
0.99915 -0.0498071 0.0
0.999218 -0.0484809 0.0
0.999285 -0.0471586 0.0
0.999352 -0.0458408 0.0
0.999418 -0.0445275 0.0
0.999484 -0.0432192 0.0
0.999548 -0.0419157 0.0
0.99961 -0.0406172 0.0
0.999672 -0.0393236 0.0
0.999731 -0.0380346 0.0
0.99979 -0.03675 0.0
0.999846 -0.0354696 0.0
0.999901 -0.0341928 0.0
0.999954 -0.0329193 0.0
1 -0.0316485 0.0
1.00005 -0.0303799 0.0
1.0001 -0.029113 0.0
1.00015 -0.0278472 0.0
1.00019 -0.0265819 0.0
1.00023 -0.0253167 0.0
1.00027 -0.0240509 0.0
1.0003 -0.0227841 0.0
1.00034 -0.0215161 0.0
1.00037 -0.0202466 0.0
1.0004 -0.0189754 0.0
1.00043 -0.0177025 0.0
1.00045 -0.016428 0.0
1.00047 -0.0151523 0.0
1.00049 -0.0138759 0.0
1.00051 -0.0125994 0.0
1.00053 -0.0113236 0.0
1.00054 -0.0100496 0.0
1.00055 -0.0087785 0.0
1.00056 -0.00751165 0.0
1.00057 -0.00625044 0.0
1.00057 -0.00499643 0.0
1.00057 -0.00375176 0.0
1.00057 -0.00252572 0.0
1.00057 -0.00140896 0.0
1 0.00189367 0.0
1 0.00567698 0.0
1 0.00945623 0.0
1.00001 0.0132314 0.0
1.00001 0.0170022 0.0
1.00002 0.0207687 0.0
1.00002 0.0245303 0.0
1.00004 0.0282867 0.0
1.00005 0.0320373 0.0
1.00007 0.0357813 0.0
1.00009 0.0395176 0.0
1.00012 0.0432451 0.0
1.00016 0.0469622 0.0
1.0002 0.0506672 0.0
1.00025 0.054358 0.0
1.00031 0.0580323 0.0
1.00039 0.0616872 0.0
1.00047 0.0653198 0.0
1.00058 0.0689265 0.0
1.00069 0.0725035 0.0
1.00082 0.0760465 0.0
1.00097 0.0795508 0.0
1.00114 0.0830113 0.0
1.00133 0.0864224 0.0
1.00155 0.0897783 0.0
1.00178 0.0930725 0.0
1.00205 0.0962983 0.0
1.00234 0.0994485 0.0
1.00265 0.102516 0.0
1.003 0.105492 0.0
1.00337 0.108369 0.0
1.00377 0.111138 0.0
1.0042 0.113792 0.0
1.00467 0.116321 0.0
1.00516 0.118716 0.0
1.00569 0.12097 0.0
1.00624 0.123072 0.0
1.00682 0.125015 0.0
1.00743 0.12679 0.0
1.00807 0.128389 0.0
1.00873 0.129805 0.0
1.00941 0.13103 0.0
1.01012 0.132057 0.0
1.01084 0.132882 0.0
1.01158 0.133498 0.0
1.01233 0.1339 0.0
1.01309 0.134085 0.0
1.01385 0.13405 0.0
1.01463 0.133792 0.0
1.0154 0.13331 0.0
1.01617 0.132603 0.0
1.01693 0.131672 0.0
1.01769 0.130518 0.0
1.01843 0.129142 0.0
1.01916 0.127548 0.0
1.01988 0.125739 0.0
1.02057 0.123718 0.0
1.02124 0.121491 0.0
1.02189 0.119062 0.0
1.02251 0.116439 0.0
1.0231 0.113626 0.0
1.02366 0.110632 0.0
1.02419 0.107462 0.0
1.02468 0.104126 0.0
1.02514 0.10063 0.0
1.02556 0.0969841 0.0
1.02595 0.0931956 0.0
1.02629 0.0892735 0.0
1.0266 0.085227 0.0
1.02687 0.0810652 0.0
1.02709 0.0767975 0.0
1.02727 0.0724334 0.0
1.02741 0.0679826 0.0
1.02751 0.0634548 0.0
1.02756 0.0588599 0.0
1.02757 0.0542078 0.0
1.02753 0.0495087 0.0
1.02745 0.0447726 0.0
1.02732 0.0400095 0.0
1.02715 0.0352296 0.0
1.02693 0.0304431 0.0
1.02666 0.0256599 0.0
1.02636 0.0208901 0.0
1.02601 0.0161435 0.0
1.02561 0.01143 0.0
1.02517 0.00675923 0.0
1.02469 0.00214055 0.0
1.02417 -0.00241718 0.0
1.02361 -0.00690656 0.0
1.02301 -0.0113204 0.0
1.02237 -0.0156516 0.0
1.0217 -0.0198935 0.0
1.021 -0.0240395 0.0
1.02028 -0.0280834 0.0
1.01953 -0.0320192 0.0
1.01876 -0.0358414 0.0
1.01797 -0.0395447 0.0
1.01717 -0.0431243 0.0
1.01636 -0.0465758 0.0
1.01555 -0.0498953 0.0
1.01474 -0.0530793 0.0
1.01393 -0.0561247 0.0
1.01312 -0.0590289 0.0
1.01232 -0.0617899 0.0
1.01154 -0.064406 0.0
1.01077 -0.0668761 0.0
1.01002 -0.0691994 0.0
1.00928 -0.0713757 0.0
1.00857 -0.0734051 0.0
1.00789 -0.0752883 0.0
1.00722 -0.0770261 0.0
1.00659 -0.07862 0.0
1.00598 -0.0800717 0.0
1.0054 -0.0813833 0.0
1.00485 -0.0825572 0.0
1.00433 -0.083596 0.0
1.00384 -0.0845026 0.0
1.00338 -0.0852803 0.0
1.00295 -0.0859325 0.0
1.00255 -0.0864628 0.0
1.00217 -0.086875 0.0
1.00183 -0.087173 0.0
1.00151 -0.0873608 0.0
1.00122 -0.0874426 0.0
1.00095 -0.0874226 0.0
1.00071 -0.0873051 0.0
1.00049 -0.0870944 0.0
1.00029 -0.0867949 0.0
1.00011 -0.0864108 0.0
0.999957 -0.0859465 0.0
0.999819 -0.0854063 0.0
0.999699 -0.0847945 0.0
0.999595 -0.084115 0.0
0.999507 -0.0833722 0.0
0.999433 -0.0825699 0.0
0.999373 -0.0817121 0.0
0.999325 -0.0808027 0.0
0.999288 -0.0798452 0.0
0.999262 -0.0788434 0.0
0.999245 -0.0778006 0.0
0.999237 -0.0767202 0.0
0.999237 -0.0756054 0.0
0.999244 -0.0744593 0.0
0.999258 -0.0732849 0.0
0.999277 -0.0720849 0.0
0.999301 -0.070862 0.0
0.99933 -0.0696189 0.0
0.999363 -0.0683578 0.0
0.999399 -0.067081 0.0
0.999438 -0.0657908 0.0
0.99948 -0.0644891 0.0
0.999524 -0.0631778 0.0
0.999569 -0.0618587 0.0
0.999616 -0.0605334 0.0
0.999664 -0.0592034 0.0
0.999713 -0.0578702 0.0
0.999762 -0.0565349 0.0
0.999811 -0.0551988 0.0
0.999861 -0.053863 0.0
0.99991 -0.0525282 0.0
0.999959 -0.0511955 0.0
1.00001 -0.0498655 0.0
1.00006 -0.0485387 0.0
1.0001 -0.0472158 0.0
1.00015 -0.0458971 0.0
1.00019 -0.0445829 0.0
1.00024 -0.0432734 0.0
1.00028 -0.0419688 0.0
1.00032 -0.040669 0.0
1.00036 -0.039374 0.0
1.0004 -0.0380835 0.0
1.00044 -0.0367974 0.0
1.00048 -0.0355153 0.0
1.00051 -0.0342369 0.0
1.00055 -0.0329616 0.0
1.00058 -0.031689 0.0
1.00061 -0.0304187 0.0
1.00064 -0.0291499 0.0
1.00066 -0.0278822 0.0
1.00069 -0.026615 0.0
1.00071 -0.0253477 0.0
1.00073 -0.02408 0.0
1.00075 -0.0228112 0.0
1.00077 -0.0215412 0.0
1.00079 -0.0202697 0.0
1.0008 -0.0189964 0.0
1.00081 -0.0177215 0.0
1.00082 -0.0164451 0.0
1.00083 -0.0151674 0.0
1.00084 -0.013889 0.0
1.00085 -0.0126104 0.0
1.00085 -0.0113327 0.0
1.00085 -0.0100567 0.0
1.00085 -0.00878357 0.0
1.00085 -0.00751473 0.0
1.00085 -0.00625159 0.0
1.00085 -0.00499572 0.0
1.00084 -0.00374937 0.0
1.00084 -0.00252198 0.0
1.00083 -0.0014044 0.0
1 0.00189326 0.0
1 0.0056757 0.0
1 0.00945395 0.0
1.00001 0.0132279 0.0
1.00001 0.0169973 0.0
1.00001 0.0207619 0.0
1.00002 0.0245214 0.0
1.00003 0.0282751 0.0
1.00004 0.0320224 0.0
1.00006 0.0357624 0.0
1.00008 0.039494 0.0
1.0001 0.043216 0.0
1.00013 0.0469268 0.0
1.00016 0.0506246 0.0
1.0002 0.0543072 0.0
1.00025 0.0579722 0.0
1.00031 0.0616168 0.0
1.00037 0.0652379 0.0
1.00045 0.0688319 0.0
1.00054 0.072395 0.0
1.00064 0.0759229 0.0
1.00075 0.0794109 0.0
1.00088 0.0828538 0.0
1.00102 0.0862462 0.0
1.00118 0.0895821 0.0
1.00135 0.0928552 0.0
1.00155 0.0960588 0.0
1.00176 0.0991858 0.0
1.00199 0.102229 0.0
1.00225 0.10518 0.0
1.00252 0.108032 0.0
1.00282 0.110776 0.0
1.00314 0.113403 0.0
1.00348 0.115906 0.0
1.00384 0.118276 0.0
1.00422 0.120503 0.0
1.00463 0.12258 0.0
1.00505 0.124499 0.0
1.0055 0.126251 0.0
1.00596 0.127828 0.0
1.00644 0.129224 0.0
1.00694 0.13043 0.0
1.00745 0.131441 0.0
1.00797 0.132251 0.0
1.00851 0.132855 0.0
1.00905 0.133247 0.0
1.0096 0.133425 0.0
1.01016 0.133386 0.0
1.01072 0.133126 0.0
1.01127 0.132645 0.0
1.01183 0.131942 0.0
1.01238 0.131018 0.0
1.01292 0.129872 0.0
1.01346 0.128508 0.0
1.01398 0.126928 0.0
1.01449 0.125135 0.0
1.01499 0.123133 0.0
1.01547 0.120926 0.0
1.01593 0.11852 0.0
1.01637 0.115921 0.0
1.01679 0.113134 0.0
1.01718 0.110167 0.0
1.01755 0.107027 0.0
1.0179 0.103721 0.0
1.01822 0.100257 0.0
1.01851 0.0966431 0.0
1.01877 0.0928881 0.0
1.01901 0.0890005 0.0
1.01921 0.0849893 0.0
1.01938 0.0808636 0.0
1.01952 0.0766326 0.0
1.01963 0.0723058 0.0
1.01971 0.0678929 0.0
1.01976 0.0634034 0.0
1.01977 0.0588473 0.0
1.01975 0.0542343 0.0
1.01969 0.0495744 0.0
1.0196 0.0448777 0.0
1.01948 0.040154 0.0
1.01933 0.0354135 0.0
1.01914 0.0306661 0.0
1.01892 0.0259217 0.0
1.01866 0.0211904 0.0
1.01837 0.0164817 0.0
1.01806 0.0118055 0.0
1.01771 0.00717119 0.0
1.01733 0.00258826 0.0
1.01692 -0.00193454 0.0
1.01648 -0.00639044 0.0
1.01602 -0.0107728 0.0
1.01553 -0.0150751 0.0
1.01502 -0.0192909 0.0
1.01449 -0.0234138 0.0
1.01394 -0.0274378 0.0
1.01339 -0.031357 0.0
1.01282 -0.0351659 0.0
1.01224 -0.0388594 0.0
1.01166 -0.0424325 0.0
1.01109 -0.0458808 0.0
1.01051 -0.0492004 0.0
1.00993 -0.0523875 0.0
1.00937 -0.055439 0.0
1.00881 -0.0583521 0.0
1.00827 -0.0611246 0.0
1.00773 -0.0637546 0.0
1.00722 -0.0662407 0.0
1.00672 -0.068582 0.0
1.00623 -0.070778 0.0
1.00577 -0.0728287 0.0
1.00533 -0.0747343 0.0
1.0049 -0.0764956 0.0
1.0045 -0.0781138 0.0
1.00412 -0.0795903 0.0
1.00376 -0.0809272 0.0
1.00342 -0.0821264 0.0
1.00311 -0.0831907 0.0
1.00281 -0.0841226 0.0
1.00254 -0.0849254 0.0
1.00228 -0.0856022 0.0
1.00205 -0.0861566 0.0
1.00183 -0.0865922 0.0
1.00164 -0.0869128 0.0
1.00146 -0.0871226 0.0
1.00129 -0.0872255 0.0
1.00115 -0.0872257 0.0
1.00101 -0.0871274 0.0
1.0009 -0.086935 0.0
1.00079 -0.0866528 0.0
1.0007 -0.0862851 0.0
1.00062 -0.0858363 0.0
1.00055 -0.0853105 0.0
1.00049 -0.0847121 0.0
1.00045 -0.0840452 0.0
1.00041 -0.083314 0.0
1.00037 -0.0825226 0.0
1.00035 -0.0816747 0.0
1.00033 -0.0807744 0.0
1.00032 -0.0798253 0.0
1.00031 -0.0788311 0.0
1.00031 -0.0777952 0.0
1.00031 -0.076721 0.0
1.00032 -0.0756119 0.0
1.00033 -0.0744709 0.0
1.00035 -0.0733009 0.0
1.00036 -0.0721049 0.0
1.00038 -0.0708855 0.0
1.0004 -0.0696454 0.0
1.00043 -0.0683869 0.0
1.00045 -0.0671124 0.0
1.00047 -0.0658241 0.0
1.0005 -0.0645239 0.0
1.00053 -0.0632139 0.0
1.00055 -0.0618958 0.0
1.00058 -0.0605712 0.0
1.00061 -0.0592417 0.0
1.00064 -0.0579087 0.0
1.00067 -0.0565736 0.0
1.00069 -0.0552375 0.0
1.00072 -0.0539014 0.0
1.00075 -0.0525663 0.0
1.00077 -0.0512331 0.0
1.0008 -0.0499025 0.0
1.00083 -0.0485751 0.0
1.00085 -0.0472514 0.0
1.00087 -0.0459318 0.0
1.0009 -0.0446167 0.0
1.00092 -0.0433063 0.0
1.00094 -0.0420006 0.0
1.00096 -0.0406997 0.0
1.00098 -0.0394035 0.0
1.001 -0.0381119 0.0
1.00101 -0.0368245 0.0
1.00103 -0.0355412 0.0
1.00105 -0.0342614 0.0
1.00106 -0.0329848 0.0
1.00107 -0.0317109 0.0
1.00109 -0.0304391 0.0
1.0011 -0.0291689 0.0
1.00111 -0.0278998 0.0
1.00111 -0.0266311 0.0
1.00112 -0.0253623 0.0
1.00113 -0.0240931 0.0
1.00113 -0.0228229 0.0
1.00114 -0.0215513 0.0
1.00114 -0.0202783 0.0
1.00114 -0.0190036 0.0
1.00114 -0.0177272 0.0
1.00114 -0.0164493 0.0
1.00114 -0.0151701 0.0
1.00113 -0.0138903 0.0
1.00113 -0.0126104 0.0
1.00112 -0.0113313 0.0
1.00111 -0.0100541 0.0
1.00111 -0.00877978 0.0
1.0011 -0.00750985 0.0
1.00109 -0.00624576 0.0
1.00108 -0.00498917 0.0
1.00107 -0.00374249 0.0
1.00106 -0.00251536 0.0
1.00106 -0.00139883 0.0
1 0.00189288 0.0
1 0.00567453 0.0
1 0.00945193 0.0
1 0.0132249 0.0
1.00001 0.0169931 0.0
1.00001 0.0207563 0.0
1.00002 0.024514 0.0
1.00002 0.0282657 0.0
1.00003 0.0320105 0.0
1.00004 0.0357476 0.0
1.00006 0.0394759 0.0
1.00008 0.043194 0.0
1.0001 0.0469002 0.0
1.00012 0.0505929 0.0
1.00015 0.0542696 0.0
1.00018 0.0579281 0.0
1.00022 0.0615655 0.0
1.00026 0.0651785 0.0
1.00032 0.0687637 0.0
1.00037 0.0723172 0.0
1.00044 0.0758346 0.0
1.00051 0.0793112 0.0
1.0006 0.082742 0.0
1.00069 0.0861214 0.0
1.0008 0.0894435 0.0
1.00091 0.0927021 0.0
1.00104 0.0958905 0.0
1.00118 0.0990017 0.0
1.00133 0.102028 0.0
1.00149 0.104963 0.0
1.00167 0.107797 0.0
1.00186 0.110523 0.0
1.00207 0.113133 0.0
1.00228 0.115618 0.0
1.00252 0.11797 0.0
1.00276 0.12018 0.0
1.00302 0.12224 0.0
1.00329 0.124142 0.0
1.00358 0.125879 0.0
1.00387 0.127441 0.0
1.00418 0.128823 0.0
1.00449 0.130017 0.0
1.00482 0.131017 0.0
1.00515 0.131818 0.0
1.00549 0.132414 0.0
1.00583 0.1328 0.0
1.00618 0.132974 0.0
1.00653 0.132931 0.0
1.00689 0.132671 0.0
1.00724 0.132191 0.0
1.00759 0.131491 0.0
1.00793 0.130572 0.0
1.00827 0.129433 0.0
1.00861 0.128078 0.0
1.00894 0.126508 0.0
1.00925 0.124726 0.0
1.00956 0.122737 0.0
1.00986 0.120545 0.0
1.01014 0.118156 0.0
1.01042 0.115574 0.0
1.01067 0.112806 0.0
1.01091 0.109858 0.0
1.01114 0.106739 0.0
1.01135 0.103454 0.0
1.01154 0.100013 0.0
1.01171 0.0964222 0.0
1.01187 0.092691 0.0
1.012 0.088828 0.0
1.01212 0.0848418 0.0
1.01222 0.0807416 0.0
1.01229 0.0765367 0.0
1.01235 0.0722363 0.0
1.01238 0.0678501 0.0
1.0124 0.0633877 0.0
1.01239 0.0588587 0.0
1.01236 0.0542731 0.0
1.01231 0.0496407 0.0
1.01224 0.0449714 0.0
1.01214 0.0402752 0.0
1.01203 0.0355619 0.0
1.01189 0.0308414 0.0
1.01174 0.0261237 0.0
1.01156 0.0214185 0.0
1.01137 0.0167355 0.0
1.01115 0.0120843 0.0
1.01092 0.00747439 0.0
1.01067 0.00291509 0.0
1.0104 -0.00158486 0.0
1.01012 -0.0060193 0.0
1.00982 -0.0103821 0.0
1.00951 -0.0146671 0.0
1.00919 -0.0188681 0.0
1.00886 -0.0229786 0.0
1.00852 -0.0269929 0.0
1.00818 -0.0309049 0.0
1.00784 -0.0347092 0.0
1.0075 -0.0384005 0.0
1.00716 -0.0419738 0.0
1.00683 -0.0454246 0.0
1.0065 -0.0487487 0.0
1.00617 -0.0519424 0.0
1.00586 -0.0550022 0.0
1.00555 -0.0579253 0.0
1.00525 -0.0607092 0.0
1.00497 -0.063352 0.0
1.00469 -0.0658519 0.0
1.00443 -0.068208 0.0
1.00418 -0.0704195 0.0
1.00394 -0.0724862 0.0
1.00372 -0.0744083 0.0
1.0035 -0.0761864 0.0
1.0033 -0.0778216 0.0
1.00312 -0.0793151 0.0
1.00294 -0.0806689 0.0
1.00278 -0.0818849 0.0
1.00263 -0.0829655 0.0
1.00249 -0.0839135 0.0
1.00236 -0.0847319 0.0
1.00224 -0.0854238 0.0
1.00214 -0.0859927 0.0
1.00204 -0.0864423 0.0
1.00195 -0.0867764 0.0
1.00187 -0.0869989 0.0
1.00179 -0.0871138 0.0
1.00173 -0.0871255 0.0
1.00167 -0.087038 0.0
1.00162 -0.0868557 0.0
1.00157 -0.0865829 0.0
1.00154 -0.0862241 0.0
1.0015 -0.0857834 0.0
1.00147 -0.0852652 0.0
1.00145 -0.0846738 0.0
1.00142 -0.0840134 0.0
1.00141 -0.0832881 0.0
1.00139 -0.082502 0.0
1.00138 -0.0816591 0.0
1.00137 -0.0807632 0.0
1.00136 -0.0798181 0.0
1.00136 -0.0788274 0.0
1.00136 -0.0777948 0.0
1.00135 -0.0767235 0.0
1.00135 -0.0756168 0.0
1.00135 -0.074478 0.0
1.00136 -0.07331 0.0
1.00136 -0.0721156 0.0
1.00136 -0.0708976 0.0
1.00137 -0.0696587 0.0
1.00137 -0.0684012 0.0
1.00138 -0.0671274 0.0
1.00138 -0.0658397 0.0
1.00139 -0.06454 0.0
1.00139 -0.0632303 0.0
1.0014 -0.0619124 0.0
1.0014 -0.0605879 0.0
1.00141 -0.0592584 0.0
1.00141 -0.0579253 0.0
1.00142 -0.05659 0.0
1.00142 -0.0552536 0.0
1.00143 -0.0539172 0.0
1.00143 -0.0525818 0.0
1.00144 -0.0512481 0.0
1.00144 -0.049917 0.0
1.00144 -0.0485891 0.0
1.00145 -0.0472649 0.0
1.00145 -0.0459448 0.0
1.00145 -0.0446291 0.0
1.00145 -0.043318 0.0
1.00145 -0.0420117 0.0
1.00146 -0.0407101 0.0
1.00146 -0.0394132 0.0
1.00146 -0.0381208 0.0
1.00146 -0.0368328 0.0
1.00145 -0.0355486 0.0
1.00145 -0.0342681 0.0
1.00145 -0.0329906 0.0
1.00145 -0.0317158 0.0
1.00144 -0.0304432 0.0
1.00144 -0.029172 0.0
1.00144 -0.0279019 0.0
1.00143 -0.0266323 0.0
1.00142 -0.0253626 0.0
1.00142 -0.0240923 0.0
1.00141 -0.0228211 0.0
1.0014 -0.0215486 0.0
1.00139 -0.0202746 0.0
1.00138 -0.0189989 0.0
1.00137 -0.0177215 0.0
1.00136 -0.0164427 0.0
1.00135 -0.0151627 0.0
1.00134 -0.013882 0.0
1.00133 -0.0126014 0.0
1.00131 -0.0113216 0.0
1.0013 -0.0100438 0.0
1.00128 -0.00876901 0.0
1.00127 -0.00749877 0.0
1.00126 -0.00623459 0.0
1.00124 -0.00497822 0.0
1.00123 -0.00373222 0.0
1.00122 -0.00250651 0.0
1.00121 -0.00139224 0.0
1 0.00189256 0.0
1 0.00567357 0.0
1 0.00945027 0.0
1 0.0132225 0.0
1.00001 0.0169898 0.0
1.00001 0.020752 0.0
1.00001 0.0245086 0.0
1.00002 0.0282589 0.0
1.00002 0.0320021 0.0
1.00003 0.0357374 0.0
1.00004 0.0394636 0.0
1.00005 0.0431792 0.0
1.00006 0.0468828 0.0
1.00007 0.0505723 0.0
1.00009 0.0542456 0.0
1.00011 0.0579003 0.0
1.00013 0.0615334 0.0
1.00015 0.0651417 0.0
1.00018 0.0687218 0.0
1.00021 0.0722697 0.0
1.00025 0.075781 0.0
1.00028 0.0792512 0.0
1.00033 0.082675 0.0
1.00037 0.086047 0.0
1.00043 0.0893614 0.0
1.00048 0.0926117 0.0
1.00055 0.0957915 0.0
1.00061 0.0988936 0.0
1.00069 0.101911 0.0
1.00077 0.104836 0.0
1.00085 0.10766 0.0
1.00094 0.110377 0.0
1.00104 0.112976 0.0
1.00115 0.115451 0.0
1.00126 0.117793 0.0
1.00138 0.119994 0.0
1.0015 0.122045 0.0
1.00163 0.123938 0.0
1.00176 0.125665 0.0
1.0019 0.12722 0.0
1.00204 0.128594 0.0
1.00219 0.129781 0.0
1.00235 0.130775 0.0
1.0025 0.131571 0.0
1.00266 0.132162 0.0
1.00282 0.132545 0.0
1.00299 0.132717 0.0
1.00315 0.132673 0.0
1.00331 0.132412 0.0
1.00348 0.131934 0.0
1.00364 0.131236 0.0
1.0038 0.130319 0.0
1.00396 0.129185 0.0
1.00412 0.127834 0.0
1.00427 0.12627 0.0
1.00442 0.124495 0.0
1.00457 0.122514 0.0
1.00471 0.120331 0.0
1.00484 0.117951 0.0
1.00497 0.115379 0.0
1.00509 0.112622 0.0
1.00521 0.109686 0.0
1.00531 0.106578 0.0
1.00541 0.103306 0.0
1.00551 0.0998771 0.0
1.00559 0.0962998 0.0
1.00567 0.0925823 0.0
1.00573 0.0887332 0.0
1.00579 0.0847613 0.0
1.00584 0.0806757 0.0
1.00588 0.0764855 0.0
1.00592 0.0722 0.0
1.00594 0.0678289 0.0
1.00595 0.0633816 0.0
1.00596 0.0588679 0.0
1.00595 0.0542976 0.0
1.00594 0.0496804 0.0
1.00592 0.0450262 0.0
1.00589 0.040345 0.0
1.00584 0.0356465 0.0
1.0058 0.0309407 0.0
1.00574 0.0262372 0.0
1.00567 0.0215459 0.0
1.0056 0.0168765 0.0
1.00552 0.0122383 0.0
1.00543 0.00764098 0.0
1.00534 0.00309363 0.0
1.00524 -0.0013951 0.0
1.00513 -0.00581945 0.0
1.00502 -0.0101736 0.0
1.0049 -0.0144514 0.0
1.00479 -0.0186467 0.0
1.00467 -0.0227533 0.0
1.00455 -0.026765 0.0
1.00443 -0.030676 0.0
1.00432 -0.0344806 0.0
1.0042 -0.0381734 0.0
1.00409 -0.0417495 0.0
1.00398 -0.045204 0.0
1.00387 -0.0485329 0.0
1.00377 -0.051732 0.0
1.00367 -0.0547981 0.0
1.00358 -0.0577281 0.0
1.00349 -0.0605194 0.0
1.0034 -0.0631699 0.0
1.00332 -0.0656779 0.0
1.00324 -0.0680422 0.0
1.00317 -0.0702621 0.0
1.0031 -0.0723372 0.0
1.00304 -0.0742678 0.0
1.00297 -0.0760543 0.0
1.00292 -0.0776976 0.0
1.00286 -0.0791993 0.0
1.00282 -0.0805608 0.0
1.00277 -0.0817844 0.0
1.00273 -0.0828724 0.0
1.00269 -0.0838274 0.0
1.00265 -0.0846525 0.0
1.00261 -0.0853508 0.0
1.00258 -0.0859257 0.0
1.00255 -0.086381 0.0
1.00252 -0.0867204 0.0
1.0025 -0.0869479 0.0
1.00247 -0.0870675 0.0
1.00245 -0.0870835 0.0
1.00243 -0.087 0.0
1.0024 -0.0868215 0.0
1.00238 -0.0865521 0.0
1.00237 -0.0861964 0.0
1.00235 -0.0857585 0.0
1.00233 -0.085243 0.0
1.00231 -0.0846539 0.0
1.0023 -0.0839956 0.0
1.00228 -0.0832722 0.0
1.00226 -0.0824878 0.0
1.00225 -0.0816464 0.0
1.00223 -0.0807518 0.0
1.00222 -0.0798079 0.0
1.0022 -0.0788183 0.0
1.00219 -0.0777865 0.0
1.00218 -0.076716 0.0
1.00216 -0.07561 0.0
1.00215 -0.0744717 0.0
1.00213 -0.0733041 0.0
1.00212 -0.0721101 0.0
1.0021 -0.0708925 0.0
1.00209 -0.0696537 0.0
1.00207 -0.0683964 0.0
1.00206 -0.0671228 0.0
1.00204 -0.0658352 0.0
1.00203 -0.0645356 0.0
1.00202 -0.0632259 0.0
1.002 -0.0619079 0.0
1.00199 -0.0605834 0.0
1.00197 -0.0592539 0.0
1.00196 -0.0579207 0.0
1.00194 -0.0565853 0.0
1.00193 -0.0552488 0.0
1.00191 -0.0539123 0.0
1.0019 -0.0525768 0.0
1.00189 -0.0512431 0.0
1.00187 -0.0499119 0.0
1.00186 -0.0485838 0.0
1.00184 -0.0472595 0.0
1.00183 -0.0459392 0.0
1.00182 -0.0446234 0.0
1.0018 -0.0433121 0.0
1.00179 -0.0420056 0.0
1.00177 -0.0407039 0.0
1.00176 -0.0394068 0.0
1.00175 -0.0381142 0.0
1.00173 -0.0368258 0.0
1.00172 -0.0355414 0.0
1.00171 -0.0342605 0.0
1.00169 -0.0329827 0.0
1.00168 -0.0317076 0.0
1.00167 -0.0304345 0.0
1.00165 -0.0291629 0.0
1.00164 -0.0278923 0.0
1.00162 -0.0266222 0.0
1.00161 -0.025352 0.0
1.00159 -0.0240812 0.0
1.00158 -0.0228094 0.0
1.00156 -0.0215364 0.0
1.00154 -0.0202618 0.0
1.00153 -0.0189855 0.0
1.00151 -0.0177077 0.0
1.00149 -0.0164284 0.0
1.00148 -0.015148 0.0
1.00146 -0.013867 0.0
1.00144 -0.0125861 0.0
1.00142 -0.0113062 0.0
1.00141 -0.0100283 0.0
1.00139 -0.00875373 0.0
1.00137 -0.00748381 0.0
1.00136 -0.00622019 0.0
1.00134 -0.00496471 0.0
1.00133 -0.00372004 0.0
1.00132 -0.00249629 0.0
1.00131 -0.00138467 0.0
1 0.00189232 0.0
1 0.00567283 0.0
1 0.00944904 0.0
1 0.0132207 0.0
1 0.0169875 0.0
1.00001 0.0207491 0.0
1.00001 0.024505 0.0
1.00001 0.0282546 0.0
1.00001 0.031997 0.0
1.00002 0.0357314 0.0
1.00002 0.0394567 0.0
1.00003 0.0431713 0.0
1.00003 0.0468737 0.0
1.00004 0.050562 0.0
1.00004 0.0542339 0.0
1.00005 0.057887 0.0
1.00006 0.0615185 0.0
1.00006 0.0651251 0.0
1.00007 0.0687032 0.0
1.00008 0.0722491 0.0
1.00009 0.0757582 0.0
1.0001 0.079226 0.0
1.00011 0.0826474 0.0
1.00012 0.0860168 0.0
1.00013 0.0893283 0.0
1.00014 0.0925758 0.0
1.00015 0.0957525 0.0
1.00016 0.0988515 0.0
1.00018 0.101866 0.0
1.00019 0.104787 0.0
1.00021 0.107608 0.0
1.00022 0.110321 0.0
1.00024 0.112917 0.0
1.00025 0.115389 0.0
1.00027 0.117727 0.0
1.00029 0.119925 0.0
1.00031 0.121972 0.0
1.00033 0.123862 0.0
1.00035 0.125586 0.0
1.00037 0.127138 0.0
1.00039 0.128509 0.0
1.00041 0.129694 0.0
1.00044 0.130686 0.0
1.00046 0.131479 0.0
1.00049 0.132069 0.0
1.00051 0.132451 0.0
1.00054 0.132621 0.0
1.00057 0.132576 0.0
1.0006 0.132315 0.0
1.00063 0.131836 0.0
1.00066 0.131139 0.0
1.00069 0.130222 0.0
1.00072 0.129089 0.0
1.00075 0.127739 0.0
1.00079 0.126177 0.0
1.00082 0.124404 0.0
1.00086 0.122425 0.0
1.0009 0.120244 0.0
1.00093 0.117866 0.0
1.00097 0.115297 0.0
1.00101 0.112542 0.0
1.00105 0.109609 0.0
1.00109 0.106505 0.0
1.00114 0.103236 0.0
1.00118 0.099811 0.0
1.00122 0.0962374 0.0
1.00127 0.0925237 0.0
1.00131 0.0886785 0.0
1.00136 0.0847107 0.0
1.00141 0.0806291 0.0
1.00146 0.0764431 0.0
1.0015 0.072162 0.0
1.00155 0.0677952 0.0
1.0016 0.0633523 0.0
1.00165 0.058843 0.0
1.0017 0.0542771 0.0
1.00175 0.0496643 0.0
1.0018 0.0450146 0.0
1.00185 0.0403378 0.0
1.0019 0.0356437 0.0
1.00195 0.0309421 0.0
1.002 0.0262429 0.0
1.00205 0.0215558 0.0
1.0021 0.0168904 0.0
1.00215 0.0122562 0.0
1.0022 0.00766261 0.0
1.00224 0.00311885 0.0
1.00229 -0.00136661 0.0
1.00234 -0.00578807 0.0
1.00238 -0.0101398 0.0
1.00243 -0.0144157 0.0
1.00247 -0.0186095 0.0
1.00251 -0.022715 0.0
1.00255 -0.0267261 0.0
1.00259 -0.0306368 0.0
1.00263 -0.0344414 0.0
1.00267 -0.0381346 0.0
1.0027 -0.0417112 0.0
1.00274 -0.0451665 0.0
1.00277 -0.0484962 0.0
1.0028 -0.0516965 0.0
1.00283 -0.0547637 0.0
1.00285 -0.0576949 0.0
1.00288 -0.0604874 0.0
1.0029 -0.0631391 0.0
1.00292 -0.0656483 0.0
1.00294 -0.0680139 0.0
1.00296 -0.0702349 0.0
1.00297 -0.0723112 0.0
1.00299 -0.0742429 0.0
1.003 -0.0760303 0.0
1.00301 -0.0776746 0.0
1.00302 -0.0791771 0.0
1.00302 -0.0805394 0.0
1.00303 -0.0817637 0.0
1.00303 -0.0828522 0.0
1.00303 -0.0838078 0.0
1.00303 -0.0846333 0.0
1.00302 -0.085332 0.0
1.00302 -0.0859072 0.0
1.00301 -0.0863627 0.0
1.003 -0.0867023 0.0
1.00299 -0.0869299 0.0
1.00298 -0.0870496 0.0
1.00297 -0.0870655 0.0
1.00296 -0.086982 0.0
1.00294 -0.0868034 0.0
1.00292 -0.086534 0.0
1.00291 -0.0861781 0.0
1.00289 -0.0857401 0.0
1.00287 -0.0852244 0.0
1.00285 -0.0846351 0.0
1.00283 -0.0839766 0.0
1.0028 -0.083253 0.0
1.00278 -0.0824685 0.0
1.00276 -0.0816268 0.0
1.00273 -0.0807321 0.0
1.00271 -0.079788 0.0
1.00268 -0.0787982 0.0
1.00265 -0.0777663 0.0
1.00263 -0.0766956 0.0
1.0026 -0.0755895 0.0
1.00257 -0.0744511 0.0
1.00255 -0.0732834 0.0
1.00252 -0.0720893 0.0
1.00249 -0.0708716 0.0
1.00247 -0.0696329 0.0
1.00244 -0.0683755 0.0
1.00241 -0.067102 0.0
1.00238 -0.0658144 0.0
1.00236 -0.0645148 0.0
1.00233 -0.0632052 0.0
1.0023 -0.0618874 0.0
1.00228 -0.060563 0.0
1.00225 -0.0592336 0.0
1.00222 -0.0579006 0.0
1.0022 -0.0565654 0.0
1.00217 -0.0552292 0.0
1.00215 -0.0538929 0.0
1.00212 -0.0525576 0.0
1.0021 -0.0512241 0.0
1.00207 -0.0498931 0.0
1.00205 -0.0485654 0.0
1.00203 -0.0472413 0.0
1.002 -0.0459213 0.0
1.00198 -0.0446057 0.0
1.00196 -0.0432947 0.0
1.00194 -0.0419884 0.0
1.00192 -0.0406869 0.0
1.0019 -0.0393899 0.0
1.00188 -0.0380975 0.0
1.00186 -0.0368093 0.0
1.00184 -0.035525 0.0
1.00182 -0.0342442 0.0
1.0018 -0.0329664 0.0
1.00178 -0.0316912 0.0
1.00176 -0.0304181 0.0
1.00174 -0.0291464 0.0
1.00172 -0.0278757 0.0
1.0017 -0.0266054 0.0
1.00168 -0.025335 0.0
1.00167 -0.024064 0.0
1.00165 -0.022792 0.0
1.00163 -0.0215187 0.0
1.00161 -0.0202439 0.0
1.00159 -0.0189674 0.0
1.00157 -0.0176893 0.0
1.00155 -0.0164099 0.0
1.00153 -0.0151294 0.0
1.00151 -0.0138485 0.0
1.00149 -0.0125677 0.0
1.00147 -0.011288 0.0
1.00145 -0.0100105 0.0
1.00143 -0.00873648 0.0
1.00142 -0.00746733 0.0
1.0014 -0.0062047 0.0
1.00138 -0.00495048 0.0
1.00137 -0.00370741 0.0
1.00136 -0.00248565 0.0
1.00135 -0.0013763 0.0
SCALARS vorticity double
LOOKUP_TABLE default
-0.174468 -0.348734 -0.348316 -0.347861 -0.347365 -0.346823 -0.346226 -0.345566 -0.344834 -0.344019 -0.343109 -0.342091 -0.340949 -0.33967 -0.338235 -0.336627 -0.334828 -0.332818 -0.330578 -0.328086 -0.325322 -0.322264 -0.318891 -0.315184 -0.311121 -0.306682 -0.30185 -0.296607 -0.290937 -0.284827 -0.278265 -0.27124 -0.263747 -0.255781 -0.247342 -0.23843 -0.229052 -0.219217 -0.208935 -0.198224 -0.187101 -0.175588 -0.16371 -0.151494 -0.138971 -0.126173 -0.113133 -0.0998874 -0.0864723 -0.0729249 -0.0592829 -0.0455837 -0.0318644 -0.0181616 -0.00451061 0.0090543 0.0225003 0.0357962 0.0489124 0.0618211 0.0744964 0.086914 0.0990513 0.110888 0.122404 0.133582 0.144406 0.15486 0.16493 0.174604 0.18387 0.192714 0.201128 0.2091 0.216622 0.223683 0.230275 0.236389 0.242017 0.247151 0.251783 0.255906 0.259512 0.262593 0.265143 0.267157 0.268653 0.269748 0.270516 0.270897 0.270833 0.270277 0.269196 0.267563 0.26536 0.262578 0.259213 0.255266 0.250745 0.245665 0.240041 0.233895 0.227254 0.220146 0.212603 0.204659 0.196351 0.187715 0.178791 0.169617 0.160232 0.150677 0.140989 0.131207 0.121368 0.111507 0.101659 0.0918565 0.0821298 0.0725082 0.0630186 0.0536857 0.0445323 0.0355789 0.0268441 0.0183441 0.0100932 0.00210375 -0.00561404 -0.0130517 -0.0202025 -0.0270616 -0.0336255 -0.0398923 -0.0458616 -0.0515342 -0.0569119 -0.0619979 -0.066796 -0.0713112 -0.0755491 -0.079516 -0.0832189 -0.0866651 -0.0898627 -0.0928199 -0.0955452 -0.0980477 -0.100336 -0.102421 -0.10431 -0.106013 -0.10754 -0.108902 -0.110106 -0.111164 -0.112085 -0.112878 -0.113555 -0.114124 -0.114595 -0.114978 -0.115284 -0.115522 -0.115701 -0.115832 -0.115923 -0.115986 -0.116027 -0.116057 -0.116084 -0.116116 -0.116159 -0.116221 -0.116307 -0.116421 -0.116567 -0.116747 -0.116961 -0.117208 -0.117486 -0.117789 -0.118111 -0.118444 -0.118778 -0.1191 -0.119396 -0.119653 -0.119853 -0.119979 -0.120013 -0.119937 -0.119733 -0.119382 -0.118868 -0.118169 -0.117235 -0.115676 -0.109272 -0.0508018 
-0.174503 -0.348824 -0.348456 -0.34808 -0.347696 -0.347299 -0.346889 -0.346461 -0.346014 -0.345544 -0.345047 -0.344519 -0.343956 -0.343353 -0.342706 -0.342008 -0.341254 -0.340437 -0.339553 -0.338593 -0.337551 -0.33642 -0.335194 -0.333864 -0.332425 -0.330869 -0.329189 -0.327378 -0.325431 -0.323341 -0.321103 -0.318711 -0.316161 -0.313448 -0.310569 -0.307521 -0.304301 -0.300908 -0.29734 -0.293597 -0.28968 -0.285589 -0.281324 -0.276889 -0.272286 -0.267517 -0.262585 -0.257494 -0.252248 -0.24685 -0.241304 -0.235615 -0.229787 -0.223823 -0.217726 -0.211502 -0.205153 -0.198681 -0.192092 -0.185385 -0.178565 -0.171634 -0.164593 -0.157444 -0.150189 -0.14283 -0.135368 -0.127806 -0.120145 -0.112388 -0.104538 -0.0965967 -0.088569 -0.0804591 -0.0722723 -0.0640145 -0.0556931 -0.0473161 -0.0388932 -0.0304349 -0.0219536 -0.0134627 -0.00497769 0.00348476 0.0119064 0.0202697 0.028577 0.0369367 0.0454101 0.053912 0.0623482 0.0706305 0.0786771 0.0864124 0.0937673 0.100679 0.107093 0.11296 0.118239 0.122896 0.126905 0.130245 0.132905 0.13488 0.13617 0.136782 0.136729 0.136029 0.134704 0.13278 0.130287 0.127257 0.123726 0.11973 0.115308 0.110498 0.105341 0.0998765 0.0941434 0.0881807 0.0820263 0.0757168 0.0692876 0.0627723 0.0562029 0.0496093 0.0430198 0.0364604 0.0299553 0.0235266 0.0171943 0.0109764 0.00488901 -0.00105359 -0.00683904 -0.0124567 -0.0178975 -0.0231541 -0.0282205 -0.0330921 -0.0377656 -0.042239 -0.0465111 -0.0505821 -0.0544527 -0.0581248 -0.061601 -0.0648843 -0.0679788 -0.0708888 -0.0736193 -0.0761757 -0.0785638 -0.0807899 -0.0828605 -0.0847826 -0.0865633 -0.0882101 -0.0897308 -0.0911335 -0.0924262 -0.0936173 -0.0947156 -0.0957296 -0.0966683 -0.0975405 -0.0983552 -0.0991213 -0.0998474 -0.100542 -0.101214 -0.10187 -0.102518 -0.103165 -0.103816 -0.104476 -0.105149 -0.105837 -0.10654 -0.107258 -0.107989 -0.108728 -0.109469 -0.110203 -0.110921 -0.111611 -0.112258 -0.112848 -0.113363 -0.113785 -0.114096 -0.114275 -0.114303 -0.114161 -0.11383 -0.11329 -0.11249 -0.111045 -0.104733 -0.0462134 
-0.174556 -0.348932 -0.34857 -0.348207 -0.347842 -0.347475 -0.347105 -0.346731 -0.346352 -0.345968 -0.345577 -0.345177 -0.344769 -0.34435 -0.343918 -0.343472 -0.34301 -0.342531 -0.342032 -0.34151 -0.340965 -0.340393 -0.339793 -0.339161 -0.338496 -0.337795 -0.337055 -0.336274 -0.33545 -0.334581 -0.333663 -0.332695 -0.331674 -0.330599 -0.329467 -0.328276 -0.327025 -0.325711 -0.324333 -0.322888 -0.321376 -0.319795 -0.318143 -0.316419 -0.31462 -0.312746 -0.310795 -0.308765 -0.306655 -0.304463 -0.302186 -0.299824 -0.297372 -0.294831 -0.292196 -0.289465 -0.286635 -0.283703 -0.280666 -0.277519 -0.274259 -0.270882 -0.267383 -0.263757 -0.260001 -0.256107 -0.252072 -0.24789 -0.243554 -0.23906 -0.234401 -0.229573 -0.224569 -0.219384 -0.214012 -0.208449 -0.20269 -0.196732 -0.190572 -0.184205 -0.177633 -0.170852 -0.163866 -0.156675 -0.149283 -0.141693 -0.133887 -0.12574 -0.117165 -0.108206 -0.0989218 -0.0893745 -0.079627 -0.0697451 -0.0597962 -0.0498487 -0.0399708 -0.0302302 -0.0206924 -0.0114205 -0.00247396 0.00609207 0.0142274 0.0218873 0.0290328 0.035631 0.0416553 0.047085 0.0519057 0.0561089 0.0596919 0.0626571 0.0650123 0.0667696 0.0679457 0.0685606 0.0686379 0.0682035 0.0672861 0.0659159 0.0641244 0.0619442 0.0594084 0.0565503 0.053403 0.0499993 0.0463711 0.0425496 0.0385648 0.0344454 0.0302188 0.0259109 0.021546 0.0171468 0.0127345 0.00832841 0.00394647 -0.00039511 -0.00468168 -0.00890011 -0.0130387 -0.0170873 -0.0210369 -0.0248799 -0.02861 -0.0322218 -0.0357113 -0.0390751 -0.0423113 -0.0454183 -0.0483958 -0.051244 -0.053964 -0.0565575 -0.0590268 -0.061375 -0.0636055 -0.0657225 -0.0677304 -0.0696345 -0.0714401 -0.0731532 -0.0747802 -0.0763276 -0.0778023 -0.0792116 -0.0805627 -0.0818632 -0.0831205 -0.084342 -0.085535 -0.0867063 -0.0878624 -0.0890093 -0.090152 -0.0912949 -0.092441 -0.0935924 -0.0947496 -0.0959116 -0.0970758 -0.0982376 -0.0993907 -0.100527 -0.101636 -0.102705 -0.103722 -0.104669 -0.105531 -0.106288 -0.106921 -0.107411 -0.107737 -0.107879 -0.107819 -0.107534 -0.106975 -0.105753 -0.099631 -0.0410783 
-0.174633 -0.349085 -0.348725 -0.348365 -0.348004 -0.347643 -0.347282 -0.34692 -0.346557 -0.346193 -0.345828 -0.345462 -0.345093 -0.344723 -0.344349 -0.343972 -0.343591 -0.343205 -0.342814 -0.342417 -0.342013 -0.341602 -0.341182 -0.340753 -0.340314 -0.339864 -0.339402 -0.338928 -0.338439 -0.337936 -0.337417 -0.336881 -0.336328 -0.335755 -0.335164 -0.334551 -0.333916 -0.333259 -0.332577 -0.331871 -0.331138 -0.330379 -0.32959 -0.328772 -0.327923 -0.327042 -0.326128 -0.325178 -0.324192 -0.323167 -0.322103 -0.320998 -0.319849 -0.318654 -0.317412 -0.316119 -0.314774 -0.313374 -0.311915 -0.310394 -0.308809 -0.307155 -0.305429 -0.303626 -0.301741 -0.29977 -0.297708 -0.295549 -0.293288 -0.290918 -0.288433 -0.285826 -0.28309 -0.280217 -0.277201 -0.274033 -0.270706 -0.26721 -0.263539 -0.259683 -0.255635 -0.251386 -0.246929 -0.242257 -0.237362 -0.232236 -0.226853 -0.221107 -0.214915 -0.208287 -0.201235 -0.193773 -0.185924 -0.177712 -0.169171 -0.160337 -0.151252 -0.141962 -0.132517 -0.122969 -0.113373 -0.103785 -0.0942607 -0.0848551 -0.0756221 -0.0666132 -0.057877 -0.0494587 -0.0413995 -0.0337363 -0.0265011 -0.0197213 -0.0134191 -0.00761179 -0.00231155 0.00247415 0.00674249 0.010495 0.0137372 0.0164785 0.0187312 0.0205111 0.021836 0.0227264 0.0232041 0.0232925 0.0230163 0.0224006 0.0214711 0.0202537 0.0187741 0.0170576 0.0151294 0.0130135 0.0107335 0.00831187 0.00577009 0.00312856 0.000406495 -0.00237806 -0.00520827 -0.00806854 -0.0109445 -0.013823 -0.0166919 -0.0195406 -0.0223594 -0.0251395 -0.0278736 -0.0305551 -0.0331784 -0.0357391 -0.0382334 -0.0406586 -0.0430126 -0.0452943 -0.0475033 -0.0496399 -0.0517052 -0.0537009 -0.0556292 -0.0574932 -0.0592962 -0.0610424 -0.062736 -0.0643821 -0.0659858 -0.0675525 -0.0690879 -0.0705976 -0.0720873 -0.0735624 -0.0750279 -0.0764886 -0.0779484 -0.0794106 -0.0808774 -0.0823498 -0.0838277 -0.0853092 -0.0867912 -0.0882684 -0.0897341 -0.0911795 -0.0925939 -0.0939647 -0.0952777 -0.0965167 -0.0976644 -0.0987019 -0.0996095 -0.100367 -0.100954 -0.101349 -0.101534 -0.101485 -0.101154 -0.100148 -0.0942144 -0.0356478 
-0.174731 -0.349282 -0.348922 -0.348563 -0.348204 -0.347845 -0.347487 -0.347128 -0.34677 -0.346412 -0.346054 -0.345697 -0.345339 -0.344981 -0.344624 -0.344266 -0.343907 -0.343547 -0.343187 -0.342825 -0.342462 -0.342097 -0.34173 -0.34136 -0.340987 -0.340611 -0.340231 -0.339847 -0.339458 -0.339065 -0.338665 -0.33826 -0.337848 -0.337429 -0.337002 -0.336567 -0.336123 -0.335669 -0.335206 -0.334731 -0.334246 -0.333748 -0.333237 -0.332713 -0.332175 -0.331621 -0.331052 -0.330467 -0.329864 -0.329243 -0.328603 -0.327943 -0.327261 -0.326558 -0.325832 -0.325081 -0.324305 -0.323502 -0.32267 -0.321807 -0.320913 -0.319984 -0.319019 -0.318016 -0.316971 -0.315881 -0.314745 -0.313557 -0.312316 -0.311015 -0.309652 -0.308222 -0.30672 -0.305139 -0.303476 -0.301722 -0.299873 -0.297921 -0.295858 -0.293677 -0.291371 -0.288931 -0.286347 -0.283612 -0.280717 -0.277649 -0.274382 -0.270843 -0.266976 -0.262774 -0.258224 -0.253316 -0.248044 -0.242405 -0.236399 -0.230031 -0.223312 -0.216257 -0.208886 -0.201223 -0.193298 -0.185144 -0.176798 -0.1683 -0.159692 -0.151017 -0.142322 -0.133651 -0.12505 -0.116563 -0.108232 -0.100099 -0.0922004 -0.0845717 -0.0772443 -0.0702459 -0.0636004 -0.057328 -0.0514446 -0.0459625 -0.04089 -0.0362319 -0.0319895 -0.0281608 -0.0247408 -0.0217221 -0.0190945 -0.016846 -0.0149626 -0.0134289 -0.0122282 -0.0113428 -0.0107543 -0.0104437 -0.010392 -0.0105799 -0.0109882 -0.0115979 -0.0123906 -0.0133482 -0.0144533 -0.015689 -0.0170395 -0.0184893 -0.0200243 -0.021631 -0.0232966 -0.0250095 -0.026759 -0.0285353 -0.0303293 -0.032133 -0.0339394 -0.0357421 -0.0375357 -0.0393158 -0.0410786 -0.0428212 -0.0445415 -0.0462381 -0.0479105 -0.0495587 -0.0511835 -0.0527863 -0.054369 -0.0559342 -0.0574847 -0.0590239 -0.0605553 -0.0620827 -0.0636098 -0.0651405 -0.0666781 -0.0682259 -0.0697864 -0.0713614 -0.072952 -0.074558 -0.0761782 -0.0778097 -0.0794483 -0.081088 -0.0827212 -0.0843381 -0.0859275 -0.0874759 -0.0889685 -0.0903884 -0.0917175 -0.0929364 -0.0940248 -0.0949616 -0.0957257 -0.096296 -0.0966517 -0.0967705 -0.0966014 -0.0957517 -0.0899575 -0.0314213 
-0.174847 -0.349515 -0.349157 -0.348799 -0.348441 -0.348084 -0.347726 -0.34737 -0.347013 -0.346658 -0.346303 -0.345948 -0.345594 -0.345241 -0.344889 -0.344536 -0.344185 -0.343833 -0.343482 -0.343131 -0.34278 -0.342429 -0.342077 -0.341725 -0.341372 -0.341018 -0.340662 -0.340306 -0.339947 -0.339586 -0.339223 -0.338856 -0.338487 -0.338114 -0.337737 -0.337356 -0.33697 -0.336579 -0.336182 -0.335779 -0.335369 -0.334953 -0.334529 -0.334097 -0.333656 -0.333207 -0.332748 -0.33228 -0.331802 -0.331313 -0.330813 -0.330302 -0.329779 -0.329244 -0.328696 -0.328136 -0.327562 -0.326973 -0.326371 -0.325752 -0.325118 -0.324467 -0.323798 -0.323111 -0.322403 -0.321674 -0.320922 -0.320146 -0.319344 -0.318514 -0.317653 -0.316759 -0.315829 -0.314861 -0.313851 -0.312795 -0.311689 -0.310529 -0.309311 -0.308029 -0.306678 -0.305252 -0.303744 -0.302149 -0.300458 -0.298663 -0.296739 -0.294642 -0.292345 -0.289836 -0.287098 -0.284114 -0.28087 -0.27735 -0.273542 -0.269435 -0.265019 -0.260291 -0.255249 -0.249893 -0.244229 -0.238266 -0.232019 -0.225503 -0.21874 -0.211754 -0.204572 -0.197226 -0.189747 -0.18217 -0.17453 -0.166865 -0.159209 -0.151601 -0.144074 -0.136662 -0.129399 -0.122313 -0.115433 -0.108784 -0.102388 -0.0962644 -0.0904293 -0.0848961 -0.0796752 -0.0747741 -0.0701975 -0.0659477 -0.0620241 -0.0584243 -0.0551437 -0.0521758 -0.0495124 -0.0471443 -0.0450606 -0.0432497 -0.0416991 -0.0403959 -0.0393265 -0.038477 -0.0378336 -0.0373823 -0.0371092 -0.0370009 -0.037044 -0.0372255 -0.0375331 -0.0379548 -0.0384794 -0.039096 -0.0397946 -0.0405658 -0.041401 -0.0422922 -0.0432322 -0.0442146 -0.0452335 -0.0462842 -0.0473624 -0.0484646 -0.0495881 -0.050731 -0.0518919 -0.0530701 -0.0542657 -0.0554792 -0.0567115 -0.0579642 -0.0592389 -0.0605378 -0.061863 -0.0632166 -0.0646006 -0.0660166 -0.0674658 -0.0689488 -0.0704651 -0.0720137 -0.0735918 -0.0751957 -0.0768201 -0.0784579 -0.0801004 -0.0817371 -0.0833557 -0.0849419 -0.0864799 -0.0879521 -0.0893394 -0.0906216 -0.0917775 -0.0927851 -0.0936225 -0.0942675 -0.0946987 -0.0948927 -0.0947975 -0.0940198 -0.0882964 -0.0298568 
-0.174978 -0.349778 -0.349421 -0.349064 -0.348707 -0.348351 -0.347995 -0.347639 -0.347284 -0.34693 -0.346576 -0.346223 -0.345871 -0.34552 -0.34517 -0.34482 -0.344471 -0.344122 -0.343774 -0.343427 -0.34308 -0.342733 -0.342386 -0.342039 -0.341692 -0.341345 -0.340997 -0.340648 -0.340298 -0.339947 -0.339594 -0.339239 -0.338882 -0.338523 -0.33816 -0.337794 -0.337425 -0.337051 -0.336674 -0.336291 -0.335903 -0.335509 -0.33511 -0.334704 -0.334292 -0.333872 -0.333446 -0.333012 -0.33257 -0.33212 -0.331662 -0.331196 -0.330721 -0.330238 -0.329746 -0.329245 -0.328736 -0.328218 -0.327691 -0.327155 -0.32661 -0.326055 -0.325491 -0.324917 -0.324333 -0.323738 -0.323132 -0.322514 -0.321883 -0.32124 -0.320582 -0.319909 -0.319219 -0.318511 -0.317783 -0.317034 -0.316262 -0.315464 -0.314638 -0.31378 -0.312889 -0.311959 -0.310989 -0.309973 -0.308907 -0.307785 -0.306585 -0.305286 -0.303877 -0.302349 -0.300688 -0.298881 -0.296915 -0.294773 -0.292443 -0.28991 -0.287159 -0.28418 -0.280959 -0.277488 -0.27376 -0.269768 -0.26551 -0.260986 -0.2562 -0.251157 -0.245868 -0.240344 -0.234601 -0.228658 -0.222536 -0.216258 -0.209848 -0.203335 -0.196744 -0.190106 -0.183448 -0.1768 -0.170188 -0.163642 -0.157186 -0.150846 -0.144644 -0.138602 -0.132738 -0.127069 -0.121611 -0.116375 -0.111372 -0.10661 -0.102095 -0.0978301 -0.0938182 -0.0900594 -0.0865523 -0.083294 -0.0802802 -0.0775057 -0.0749641 -0.072648 -0.0705494 -0.0686597 -0.06697 -0.0654706 -0.0641521 -0.0630047 -0.0620185 -0.0611841 -0.0604917 -0.0599321 -0.0594964 -0.0591759 -0.0589623 -0.058848 -0.0588257 -0.0588887 -0.0590308 -0.0592465 -0.059531 -0.0598798 -0.0602894 -0.0607568 -0.0612794 -0.0618556 -0.0624842 -0.0631643 -0.0638959 -0.0646792 -0.0655147 -0.0664033 -0.0673458 -0.0683432 -0.0693962 -0.0705055 -0.0716711 -0.0728923 -0.0741679 -0.0754955 -0.0768716 -0.0782913 -0.0797483 -0.0812348 -0.082741 -0.0842556 -0.0857652 -0.0872549 -0.0887077 -0.0901053 -0.0914276 -0.0926535 -0.0937609 -0.0947268 -0.0955282 -0.0961422 -0.096546 -0.0967154 -0.0965974 -0.0957988 -0.0900698 -0.0318042 
-0.175119 -0.350059 -0.349703 -0.349347 -0.348991 -0.348636 -0.34828 -0.347926 -0.347572 -0.347219 -0.346866 -0.346514 -0.346163 -0.345813 -0.345463 -0.345114 -0.344766 -0.344418 -0.344072 -0.343725 -0.343379 -0.343034 -0.342688 -0.342343 -0.341997 -0.341651 -0.341305 -0.340957 -0.340609 -0.34026 -0.339909 -0.339556 -0.339201 -0.338844 -0.338484 -0.338121 -0.337754 -0.337383 -0.337008 -0.336629 -0.336244 -0.335854 -0.335458 -0.335056 -0.334648 -0.334233 -0.333812 -0.333383 -0.332947 -0.332503 -0.332053 -0.331595 -0.331129 -0.330656 -0.330176 -0.329689 -0.329194 -0.328693 -0.328185 -0.32767 -0.327149 -0.326621 -0.326087 -0.325548 -0.325002 -0.32445 -0.323892 -0.323327 -0.322757 -0.32218 -0.321596 -0.321005 -0.320407 -0.3198 -0.319185 -0.31856 -0.317925 -0.317278 -0.316619 -0.315945 -0.315256 -0.31455 -0.313824 -0.313077 -0.312305 -0.311504 -0.310658 -0.309755 -0.308797 -0.307777 -0.306685 -0.305514 -0.304254 -0.302894 -0.301424 -0.299832 -0.298106 -0.296234 -0.294204 -0.292004 -0.289624 -0.287052 -0.28428 -0.281299 -0.278103 -0.274687 -0.271051 -0.267193 -0.263116 -0.258824 -0.254326 -0.249631 -0.244751 -0.2397 -0.234494 -0.229152 -0.223692 -0.218135 -0.212504 -0.206819 -0.201102 -0.195377 -0.189665 -0.183988 -0.178365 -0.172816 -0.16736 -0.162014 -0.156793 -0.15171 -0.146779 -0.14201 -0.137412 -0.132992 -0.128756 -0.124709 -0.120854 -0.117193 -0.113725 -0.11045 -0.107366 -0.10447 -0.10176 -0.0992301 -0.0968763 -0.0946929 -0.0926743 -0.0908145 -0.0891073 -0.0875462 -0.0861249 -0.084837 -0.0836764 -0.0826368 -0.0817126 -0.0808981 -0.0801882 -0.0795781 -0.0790634 -0.0786401 -0.0783048 -0.0780546 -0.077887 -0.0778001 -0.0777923 -0.0778626 -0.0780105 -0.0782356 -0.078538 -0.0789179 -0.0793756 -0.0799114 -0.0805256 -0.0812178 -0.0819875 -0.0828335 -0.0837536 -0.0847449 -0.0858031 -0.0869227 -0.0880967 -0.0893165 -0.0905718 -0.0918503 -0.0931381 -0.0944194 -0.0956766 -0.0968905 -0.0980403 -0.0991041 -0.100059 -0.100881 -0.101546 -0.10203 -0.10231 -0.10236 -0.102127 -0.101218 -0.0954102 -0.0373969 
-0.175262 -0.350346 -0.349991 -0.349635 -0.34928 -0.348925 -0.348571 -0.348217 -0.347864 -0.347511 -0.347159 -0.346807 -0.346456 -0.346106 -0.345756 -0.345408 -0.345059 -0.344712 -0.344364 -0.344018 -0.343671 -0.343325 -0.342979 -0.342632 -0.342286 -0.341939 -0.341591 -0.341243 -0.340893 -0.340542 -0.340189 -0.339834 -0.339477 -0.339117 -0.338754 -0.338388 -0.338018 -0.337644 -0.337265 -0.336882 -0.336493 -0.336098 -0.335697 -0.33529 -0.334876 -0.334456 -0.334028 -0.333593 -0.333151 -0.332701 -0.332244 -0.33178 -0.331308 -0.330829 -0.330343 -0.329851 -0.329352 -0.328846 -0.328335 -0.327818 -0.327296 -0.326769 -0.326237 -0.3257 -0.325159 -0.324615 -0.324066 -0.323515 -0.322959 -0.322401 -0.321839 -0.321274 -0.320705 -0.320133 -0.319558 -0.318979 -0.318396 -0.317808 -0.317215 -0.316617 -0.316012 -0.3154 -0.31478 -0.31415 -0.31351 -0.312853 -0.312168 -0.311452 -0.310707 -0.309931 -0.309119 -0.308265 -0.307364 -0.30641 -0.305396 -0.304315 -0.303157 -0.301915 -0.300579 -0.29914 -0.297588 -0.295912 -0.294103 -0.292152 -0.290049 -0.287787 -0.285359 -0.282757 -0.279978 -0.277019 -0.273878 -0.270556 -0.267055 -0.263379 -0.259534 -0.255528 -0.25137 -0.247072 -0.242647 -0.238108 -0.23347 -0.228748 -0.223961 -0.219123 -0.214253 -0.209366 -0.204481 -0.199612 -0.194777 -0.189989 -0.185263 -0.180612 -0.176048 -0.171583 -0.167225 -0.162984 -0.158867 -0.15488 -0.15103 -0.147319 -0.143751 -0.140329 -0.137053 -0.133924 -0.130941 -0.128104 -0.12541 -0.122859 -0.120446 -0.11817 -0.116027 -0.114013 -0.112126 -0.110361 -0.108715 -0.107184 -0.105765 -0.104455 -0.103251 -0.102151 -0.101151 -0.100249 -0.0994451 -0.0987366 -0.0981229 -0.0976033 -0.0971774 -0.0968454 -0.0966072 -0.0964631 -0.0964135 -0.0964585 -0.0965982 -0.0968323 -0.0971599 -0.0975796 -0.0980889 -0.0986847 -0.0993623 -0.100116 -0.100938 -0.10182 -0.102751 -0.103718 -0.104707 -0.105702 -0.106685 -0.107635 -0.108532 -0.109353 -0.110075 -0.110672 -0.11112 -0.111395 -0.111473 -0.111326 -0.1109 -0.109807 -0.103859 -0.0461691 
-0.1754 -0.350623 -0.350268 -0.349914 -0.349559 -0.349205 -0.348851 -0.348497 -0.348144 -0.347791 -0.347439 -0.347087 -0.346735 -0.346384 -0.346034 -0.345684 -0.345335 -0.344986 -0.344637 -0.344289 -0.34394 -0.343592 -0.343243 -0.342894 -0.342545 -0.342195 -0.341843 -0.341491 -0.341137 -0.340782 -0.340424 -0.340065 -0.339702 -0.339336 -0.338967 -0.338595 -0.338217 -0.337836 -0.337449 -0.337057 -0.336659 -0.336254 -0.335844 -0.335426 -0.335001 -0.334569 -0.334129 -0.333682 -0.333226 -0.332763 -0.332292 -0.331814 -0.331328 -0.330835 -0.330335 -0.329828 -0.329315 -0.328796 -0.328272 -0.327742 -0.327207 -0.326668 -0.326125 -0.325579 -0.32503 -0.324477 -0.323923 -0.323366 -0.322808 -0.322248 -0.321687 -0.321125 -0.320562 -0.319998 -0.319433 -0.318868 -0.318302 -0.317735 -0.317167 -0.316598 -0.316027 -0.315454 -0.314879 -0.314301 -0.313718 -0.313125 -0.312513 -0.311883 -0.311238 -0.310577 -0.309897 -0.309195 -0.30847 -0.307717 -0.306933 -0.306113 -0.305252 -0.304345 -0.303385 -0.302367 -0.301282 -0.300125 -0.298886 -0.297559 -0.296135 -0.294607 -0.292966 -0.291206 -0.28932 -0.287301 -0.285144 -0.282846 -0.280403 -0.277813 -0.275077 -0.272194 -0.269167 -0.266 -0.262698 -0.259268 -0.255717 -0.252054 -0.248289 -0.244433 -0.240496 -0.236492 -0.232433 -0.228331 -0.224199 -0.22005 -0.215896 -0.211749 -0.207623 -0.203526 -0.199471 -0.195467 -0.191524 -0.187649 -0.183851 -0.180136 -0.17651 -0.172978 -0.169546 -0.166215 -0.16299 -0.159873 -0.156865 -0.153967 -0.15118 -0.148504 -0.145938 -0.143483 -0.141137 -0.138899 -0.136769 -0.134744 -0.132824 -0.131006 -0.129291 -0.127677 -0.126163 -0.124749 -0.123433 -0.122217 -0.121099 -0.12008 -0.119161 -0.118342 -0.117624 -0.117007 -0.116493 -0.116081 -0.115773 -0.115569 -0.115466 -0.115465 -0.115563 -0.115757 -0.116043 -0.116413 -0.116862 -0.11738 -0.117956 -0.118579 -0.119232 -0.1199 -0.120565 -0.121207 -0.121803 -0.122332 -0.12277 -0.12309 -0.12327 -0.123282 -0.123103 -0.122706 -0.122036 -0.120706 -0.114576 -0.0572667 
-0.175524 -0.350872 -0.350518 -0.350165 -0.349811 -0.349456 -0.349102 -0.348748 -0.348395 -0.348041 -0.347688 -0.347335 -0.346982 -0.34663 -0.346278 -0.345926 -0.345574 -0.345222 -0.344871 -0.344519 -0.344167 -0.343815 -0.343462 -0.343109 -0.342754 -0.342399 -0.342042 -0.341684 -0.341324 -0.340961 -0.340596 -0.340228 -0.339858 -0.339483 -0.339104 -0.338721 -0.338334 -0.337941 -0.337542 -0.337137 -0.336726 -0.336307 -0.335882 -0.335449 -0.335008 -0.334559 -0.334102 -0.333636 -0.333162 -0.33268 -0.33219 -0.331692 -0.331185 -0.330672 -0.330151 -0.329624 -0.32909 -0.328551 -0.328006 -0.327456 -0.326902 -0.326345 -0.325784 -0.32522 -0.324655 -0.324087 -0.323518 -0.322949 -0.322378 -0.321808 -0.321238 -0.320669 -0.320101 -0.319534 -0.318968 -0.318403 -0.31784 -0.317279 -0.316719 -0.31616 -0.315603 -0.315048 -0.314493 -0.313938 -0.313383 -0.312821 -0.312245 -0.311657 -0.31106 -0.310456 -0.309841 -0.309216 -0.308578 -0.307926 -0.307258 -0.306571 -0.305862 -0.305129 -0.304367 -0.303573 -0.302743 -0.30187 -0.300952 -0.299981 -0.298952 -0.297859 -0.296695 -0.295455 -0.294133 -0.292721 -0.291215 -0.289609 -0.287898 -0.286077 -0.284144 -0.282096 -0.279931 -0.277648 -0.275248 -0.272731 -0.270101 -0.26736 -0.264514 -0.261567 -0.258525 -0.255396 -0.252188 -0.248908 -0.245565 -0.242169 -0.238728 -0.235253 -0.231752 -0.228236 -0.224712 -0.221191 -0.217681 -0.21419 -0.210726 -0.207297 -0.203909 -0.200569 -0.197282 -0.194054 -0.190889 -0.187792 -0.184766 -0.181814 -0.178939 -0.176143 -0.173428 -0.170796 -0.168248 -0.165785 -0.163407 -0.161116 -0.158913 -0.156796 -0.154768 -0.152829 -0.150979 -0.14922 -0.147551 -0.145975 -0.144491 -0.143102 -0.14181 -0.140615 -0.139518 -0.138523 -0.137629 -0.136839 -0.136153 -0.135571 -0.135094 -0.13472 -0.134448 -0.134275 -0.134197 -0.134208 -0.134301 -0.134467 -0.134697 -0.134977 -0.135293 -0.13563 -0.135968 -0.136289 -0.13657 -0.13679 -0.136924 -0.136947 -0.136834 -0.13656 -0.136099 -0.135425 -0.134484 -0.132893 -0.126561 -0.0696717 
-0.175625 -0.351074 -0.350722 -0.350368 -0.350014 -0.34966 -0.349306 -0.348951 -0.348596 -0.348241 -0.347886 -0.347532 -0.347177 -0.346822 -0.346466 -0.346111 -0.345756 -0.3454 -0.345044 -0.344688 -0.34433 -0.343973 -0.343614 -0.343254 -0.342892 -0.342529 -0.342164 -0.341797 -0.341428 -0.341056 -0.34068 -0.340302 -0.339919 -0.339532 -0.33914 -0.338743 -0.338341 -0.337933 -0.337518 -0.337096 -0.336666 -0.336229 -0.335784 -0.335331 -0.334868 -0.334397 -0.333917 -0.333428 -0.33293 -0.332423 -0.331907 -0.331383 -0.33085 -0.33031 -0.329763 -0.329209 -0.328648 -0.328082 -0.327511 -0.326935 -0.326356 -0.325774 -0.325189 -0.324602 -0.324014 -0.323425 -0.322836 -0.322248 -0.321661 -0.321075 -0.32049 -0.319908 -0.319329 -0.318753 -0.31818 -0.31761 -0.317044 -0.316481 -0.315923 -0.315368 -0.314817 -0.31427 -0.313726 -0.313185 -0.312647 -0.312103 -0.311546 -0.310983 -0.310416 -0.309844 -0.309268 -0.308686 -0.308098 -0.307502 -0.306898 -0.306284 -0.305659 -0.30502 -0.304366 -0.303694 -0.303003 -0.302288 -0.301546 -0.300775 -0.29997 -0.299128 -0.298243 -0.297311 -0.296327 -0.295287 -0.294186 -0.293018 -0.29178 -0.290466 -0.289073 -0.287596 -0.286033 -0.28438 -0.282636 -0.280799 -0.278869 -0.276845 -0.274728 -0.27252 -0.270224 -0.267842 -0.265377 -0.262835 -0.260221 -0.257539 -0.254796 -0.251998 -0.249152 -0.246264 -0.24334 -0.240389 -0.237418 -0.234432 -0.231438 -0.228444 -0.225455 -0.222478 -0.219518 -0.21658 -0.213671 -0.210794 -0.207953 -0.205154 -0.202399 -0.199692 -0.197037 -0.194435 -0.19189 -0.189404 -0.186979 -0.184617 -0.18232 -0.180091 -0.17793 -0.175841 -0.173824 -0.171882 -0.170016 -0.16823 -0.166525 -0.164903 -0.163367 -0.161919 -0.160562 -0.159298 -0.158129 -0.157057 -0.156083 -0.155209 -0.154435 -0.153761 -0.153186 -0.152707 -0.15232 -0.152021 -0.151803 -0.151658 -0.151576 -0.151544 -0.15155 -0.151578 -0.151609 -0.151625 -0.151604 -0.151524 -0.151362 -0.151092 -0.150691 -0.150132 -0.149391 -0.148441 -0.147228 -0.145374 -0.138843 -0.0823933 
-0.175692 -0.351208 -0.350855 -0.350502 -0.350148 -0.349793 -0.349438 -0.349082 -0.348726 -0.348369 -0.348012 -0.347654 -0.347295 -0.346937 -0.346577 -0.346218 -0.345857 -0.345496 -0.345134 -0.34477 -0.344406 -0.34404 -0.343673 -0.343304 -0.342933 -0.34256 -0.342184 -0.341806 -0.341424 -0.341039 -0.34065 -0.340256 -0.339858 -0.339455 -0.339046 -0.338631 -0.33821 -0.337781 -0.337345 -0.336902 -0.336449 -0.335988 -0.335518 -0.335038 -0.334549 -0.334049 -0.33354 -0.333021 -0.332492 -0.331954 -0.331406 -0.330849 -0.330284 -0.32971 -0.329129 -0.328541 -0.327947 -0.327348 -0.326744 -0.326136 -0.325525 -0.324912 -0.324297 -0.323681 -0.323065 -0.322449 -0.321835 -0.321223 -0.320613 -0.320006 -0.319403 -0.318804 -0.31821 -0.31762 -0.317036 -0.316457 -0.315884 -0.315318 -0.314757 -0.314203 -0.313655 -0.313113 -0.312577 -0.312047 -0.311521 -0.31099 -0.310449 -0.309906 -0.309361 -0.308816 -0.308268 -0.307718 -0.307165 -0.306609 -0.306048 -0.305482 -0.30491 -0.30433 -0.303743 -0.303146 -0.302538 -0.301916 -0.30128 -0.300626 -0.299953 -0.299257 -0.298536 -0.297787 -0.297006 -0.29619 -0.295335 -0.294437 -0.293494 -0.2925 -0.291453 -0.290348 -0.289183 -0.287954 -0.286658 -0.285293 -0.283858 -0.28235 -0.280768 -0.279112 -0.277382 -0.275578 -0.273702 -0.271755 -0.269739 -0.267656 -0.265511 -0.263307 -0.261046 -0.258734 -0.256376 -0.253975 -0.251536 -0.249065 -0.246566 -0.244045 -0.241507 -0.238956 -0.236397 -0.233835 -0.231275 -0.228721 -0.226178 -0.223648 -0.221137 -0.218648 -0.216184 -0.213748 -0.211345 -0.208976 -0.206644 -0.204354 -0.202106 -0.199905 -0.197752 -0.195651 -0.193604 -0.191614 -0.189683 -0.187816 -0.186014 -0.184281 -0.18262 -0.181034 -0.179526 -0.1781 -0.176757 -0.175501 -0.174333 -0.173256 -0.17227 -0.171375 -0.170572 -0.169858 -0.16923 -0.168684 -0.168214 -0.167812 -0.167469 -0.167174 -0.166914 -0.166673 -0.166434 -0.16618 -0.165889 -0.16554 -0.16511 -0.164574 -0.163908 -0.163088 -0.162088 -0.160882 -0.159417 -0.157321 -0.150608 -0.0946002 
-0.175711 -0.351247 -0.350895 -0.350542 -0.350188 -0.349832 -0.349475 -0.349118 -0.348759 -0.348399 -0.348038 -0.347677 -0.347314 -0.34695 -0.346585 -0.346219 -0.345852 -0.345483 -0.345113 -0.344741 -0.344368 -0.343992 -0.343614 -0.343233 -0.34285 -0.342464 -0.342074 -0.341681 -0.341284 -0.340882 -0.340475 -0.340063 -0.339646 -0.339222 -0.338791 -0.338354 -0.337908 -0.337454 -0.336992 -0.33652 -0.336039 -0.335548 -0.335046 -0.334534 -0.334011 -0.333476 -0.332931 -0.332375 -0.331808 -0.331231 -0.330643 -0.330046 -0.32944 -0.328825 -0.328203 -0.327574 -0.326939 -0.326299 -0.325655 -0.325007 -0.324357 -0.323706 -0.323054 -0.322402 -0.321752 -0.321104 -0.320459 -0.319817 -0.319179 -0.318547 -0.31792 -0.3173 -0.316687 -0.31608 -0.315482 -0.314891 -0.314309 -0.313736 -0.313171 -0.312616 -0.312069 -0.311532 -0.311003 -0.310483 -0.309968 -0.309449 -0.308924 -0.308401 -0.307879 -0.307357 -0.306836 -0.306315 -0.305794 -0.305271 -0.304748 -0.304222 -0.303693 -0.303161 -0.302625 -0.302083 -0.301535 -0.300979 -0.300415 -0.29984 -0.299253 -0.298653 -0.298037 -0.297403 -0.296749 -0.296073 -0.295373 -0.294644 -0.293886 -0.293094 -0.292267 -0.291401 -0.290493 -0.289541 -0.288542 -0.287493 -0.286393 -0.285239 -0.28403 -0.282763 -0.281439 -0.280056 -0.278614 -0.277112 -0.275552 -0.273935 -0.27226 -0.27053 -0.268747 -0.266913 -0.26503 -0.263101 -0.26113 -0.259118 -0.25707 -0.25499 -0.252879 -0.250743 -0.248585 -0.246408 -0.244216 -0.242012 -0.239801 -0.237585 -0.235368 -0.233154 -0.230946 -0.228746 -0.226558 -0.224385 -0.222231 -0.220097 -0.217988 -0.215906 -0.213854 -0.211835 -0.209853 -0.207911 -0.206011 -0.204158 -0.202355 -0.200605 -0.198913 -0.19728 -0.195712 -0.194212 -0.192782 -0.191426 -0.190146 -0.188945 -0.187824 -0.186784 -0.185825 -0.184945 -0.184143 -0.183414 -0.182753 -0.182153 -0.181607 -0.181102 -0.180626 -0.180167 -0.179706 -0.179227 -0.17871 -0.178133 -0.177474 -0.176711 -0.175818 -0.174773 -0.17355 -0.172124 -0.170442 -0.168136 -0.161271 -0.105689 
-0.175671 -0.351166 -0.350815 -0.350462 -0.350106 -0.349749 -0.349391 -0.34903 -0.348668 -0.348305 -0.34794 -0.347573 -0.347204 -0.346834 -0.346462 -0.346089 -0.345713 -0.345335 -0.344955 -0.344572 -0.344187 -0.343798 -0.343407 -0.343012 -0.342614 -0.342211 -0.341804 -0.341392 -0.340976 -0.340553 -0.340125 -0.33969 -0.339248 -0.338799 -0.338341 -0.337875 -0.3374 -0.336916 -0.336421 -0.335915 -0.335398 -0.33487 -0.33433 -0.333777 -0.333213 -0.332636 -0.332046 -0.331445 -0.330831 -0.330206 -0.329571 -0.328925 -0.328269 -0.327605 -0.326933 -0.326254 -0.325569 -0.32488 -0.324187 -0.323491 -0.322795 -0.322098 -0.321401 -0.320707 -0.320015 -0.319327 -0.318644 -0.317967 -0.317296 -0.316633 -0.315978 -0.315331 -0.314694 -0.314067 -0.313451 -0.312845 -0.312251 -0.311669 -0.311099 -0.310541 -0.309995 -0.309461 -0.30894 -0.30843 -0.307926 -0.307421 -0.306915 -0.306413 -0.305914 -0.305418 -0.304925 -0.304434 -0.303945 -0.303458 -0.302972 -0.302486 -0.302 -0.301514 -0.301025 -0.300534 -0.300039 -0.29954 -0.299036 -0.298525 -0.298006 -0.297479 -0.296941 -0.296392 -0.295829 -0.295251 -0.294656 -0.294043 -0.293408 -0.292752 -0.29207 -0.291362 -0.290624 -0.289855 -0.289053 -0.288216 -0.28734 -0.286426 -0.28547 -0.284472 -0.283429 -0.282342 -0.281208 -0.280026 -0.278798 -0.277521 -0.276197 -0.274826 -0.273408 -0.271944 -0.270435 -0.268883 -0.267289 -0.265655 -0.263983 -0.262274 -0.260532 -0.258759 -0.256956 -0.255127 -0.253273 -0.251399 -0.249506 -0.247596 -0.245674 -0.243741 -0.241801 -0.239855 -0.237907 -0.23596 -0.234016 -0.232078 -0.230149 -0.228232 -0.226331 -0.224447 -0.222585 -0.220748 -0.218939 -0.217161 -0.215419 -0.213716 -0.212056 -0.210442 -0.208878 -0.207369 -0.205916 -0.204525 -0.203198 -0.201936 -0.200743 -0.199619 -0.198565 -0.197579 -0.196661 -0.195807 -0.195011 -0.194269 -0.193571 -0.192909 -0.19227 -0.191642 -0.191008 -0.190352 -0.189654 -0.188896 -0.188054 -0.187107 -0.186032 -0.184805 -0.183401 -0.181797 -0.179939 -0.177465 -0.170482 -0.115295 
-0.175556 -0.350937 -0.350585 -0.350231 -0.349875 -0.349516 -0.349155 -0.348791 -0.348425 -0.348057 -0.347686 -0.347313 -0.346938 -0.34656 -0.346179 -0.345796 -0.34541 -0.34502 -0.344628 -0.344232 -0.343832 -0.343429 -0.343021 -0.342609 -0.342192 -0.341769 -0.341341 -0.340907 -0.340467 -0.34002 -0.339565 -0.339102 -0.338631 -0.338151 -0.337661 -0.337161 -0.33665 -0.336127 -0.335593 -0.335046 -0.334486 -0.333913 -0.333326 -0.332725 -0.33211 -0.331481 -0.330839 -0.330182 -0.329513 -0.328831 -0.328137 -0.327432 -0.326717 -0.325993 -0.325261 -0.324522 -0.323778 -0.32303 -0.322279 -0.321527 -0.320774 -0.320022 -0.319273 -0.318527 -0.317786 -0.317051 -0.316323 -0.315603 -0.314892 -0.314192 -0.313502 -0.312824 -0.312158 -0.311506 -0.310868 -0.310244 -0.309635 -0.309041 -0.308463 -0.307901 -0.307355 -0.306825 -0.306311 -0.305812 -0.305322 -0.304833 -0.304346 -0.303867 -0.303393 -0.302925 -0.302464 -0.302007 -0.301555 -0.301107 -0.300663 -0.300221 -0.299781 -0.299343 -0.298905 -0.298466 -0.298027 -0.297585 -0.297139 -0.29669 -0.296236 -0.295775 -0.295307 -0.29483 -0.294344 -0.293846 -0.293336 -0.292812 -0.292273 -0.291717 -0.291142 -0.290547 -0.289931 -0.289292 -0.288628 -0.287937 -0.287218 -0.286469 -0.28569 -0.284877 -0.284031 -0.28315 -0.282232 -0.281278 -0.280285 -0.279254 -0.278184 -0.277075 -0.275926 -0.274738 -0.273511 -0.272245 -0.270942 -0.269601 -0.268224 -0.266813 -0.265367 -0.263889 -0.262381 -0.260842 -0.259277 -0.257685 -0.256069 -0.254431 -0.252773 -0.251097 -0.249405 -0.247699 -0.245982 -0.244255 -0.242522 -0.240784 -0.239044 -0.237305 -0.23557 -0.233841 -0.232122 -0.230416 -0.228726 -0.227055 -0.225407 -0.223786 -0.222195 -0.220638 -0.21912 -0.217643 -0.216211 -0.214828 -0.213497 -0.212221 -0.211001 -0.209839 -0.208736 -0.207691 -0.206703 -0.205769 -0.204886 -0.204046 -0.203244 -0.20247 -0.201713 -0.200961 -0.200199 -0.19941 -0.198578 -0.197682 -0.196702 -0.195615 -0.1944 -0.193034 -0.191494 -0.189754 -0.187764 -0.185163 -0.178098 -0.123265 
-0.175351 -0.350527 -0.350175 -0.349821 -0.349463 -0.349101 -0.348737 -0.348369 -0.347998 -0.347624 -0.347247 -0.346866 -0.346482 -0.346095 -0.345704 -0.345309 -0.34491 -0.344508 -0.3441 -0.343689 -0.343272 -0.34285 -0.342423 -0.34199 -0.341551 -0.341105 -0.340652 -0.340191 -0.339723 -0.339246 -0.338759 -0.338263 -0.337757 -0.33724 -0.336711 -0.33617 -0.335616 -0.335048 -0.334466 -0.33387 -0.333259 -0.332632 -0.331989 -0.33133 -0.330655 -0.329964 -0.329258 -0.328536 -0.3278 -0.327049 -0.326286 -0.325511 -0.324726 -0.32393 -0.323127 -0.322318 -0.321503 -0.320685 -0.319865 -0.319045 -0.318226 -0.317409 -0.316597 -0.31579 -0.314991 -0.3142 -0.313418 -0.312648 -0.311889 -0.311144 -0.310413 -0.309697 -0.308997 -0.308314 -0.307648 -0.307002 -0.306374 -0.305765 -0.305177 -0.304609 -0.304061 -0.303534 -0.303028 -0.30254 -0.302065 -0.301593 -0.301128 -0.300673 -0.300228 -0.299793 -0.299367 -0.29895 -0.29854 -0.298137 -0.297739 -0.297348 -0.29696 -0.296576 -0.296195 -0.295815 -0.295436 -0.295056 -0.294675 -0.294292 -0.293905 -0.293514 -0.293117 -0.292713 -0.292301 -0.29188 -0.291449 -0.291006 -0.290551 -0.290082 -0.289597 -0.289097 -0.288578 -0.288041 -0.287484 -0.286905 -0.286304 -0.285679 -0.285029 -0.284353 -0.28365 -0.282918 -0.282158 -0.281367 -0.280545 -0.279691 -0.278806 -0.277887 -0.276936 -0.275951 -0.274932 -0.27388 -0.272795 -0.271677 -0.270526 -0.269342 -0.268127 -0.266881 -0.265604 -0.264298 -0.262964 -0.261603 -0.260215 -0.258803 -0.257368 -0.25591 -0.254432 -0.252935 -0.251421 -0.249892 -0.24835 -0.246796 -0.245232 -0.243662 -0.242088 -0.240512 -0.238936 -0.237364 -0.235799 -0.234244 -0.232702 -0.231177 -0.229672 -0.228191 -0.226738 -0.225316 -0.223929 -0.22258 -0.221273 -0.22001 -0.218792 -0.217623 -0.216503 -0.215431 -0.214407 -0.213429 -0.212492 -0.211591 -0.210721 -0.209872 -0.209034 -0.208196 -0.207343 -0.206461 -0.205532 -0.204537 -0.203457 -0.202271 -0.200956 -0.199491 -0.197854 -0.196018 -0.193935 -0.191247 -0.184132 -0.129603 
-0.175039 -0.349903 -0.349552 -0.349196 -0.348836 -0.348472 -0.348103 -0.347731 -0.347354 -0.346973 -0.346588 -0.346199 -0.345805 -0.345406 -0.345003 -0.344595 -0.344181 -0.343763 -0.343338 -0.342908 -0.342472 -0.342028 -0.341578 -0.341121 -0.340656 -0.340182 -0.3397 -0.339208 -0.338706 -0.338194 -0.337671 -0.337135 -0.336587 -0.336026 -0.335452 -0.334862 -0.334257 -0.333636 -0.332998 -0.332343 -0.331671 -0.33098 -0.330271 -0.329543 -0.328797 -0.328033 -0.32725 -0.326451 -0.325635 -0.324804 -0.323959 -0.323101 -0.322232 -0.321352 -0.320465 -0.319572 -0.318674 -0.317773 -0.316872 -0.315972 -0.315074 -0.314182 -0.313295 -0.312417 -0.311548 -0.310691 -0.309846 -0.309015 -0.308199 -0.3074 -0.306619 -0.305857 -0.305115 -0.304395 -0.303696 -0.30302 -0.302368 -0.301741 -0.301138 -0.300561 -0.30001 -0.299484 -0.298984 -0.298509 -0.298047 -0.297593 -0.297152 -0.296727 -0.296315 -0.295917 -0.295532 -0.295158 -0.294796 -0.294444 -0.294101 -0.293766 -0.293438 -0.293117 -0.2928 -0.292488 -0.292178 -0.291869 -0.291561 -0.291252 -0.290941 -0.290627 -0.290308 -0.289983 -0.289651 -0.289311 -0.288962 -0.288603 -0.288232 -0.287849 -0.287451 -0.287039 -0.286611 -0.286167 -0.285704 -0.285223 -0.284721 -0.284199 -0.283656 -0.283089 -0.282499 -0.281885 -0.281246 -0.280581 -0.27989 -0.279171 -0.278424 -0.27765 -0.276847 -0.276014 -0.275153 -0.274262 -0.273341 -0.272391 -0.271411 -0.270402 -0.269363 -0.268296 -0.267199 -0.266075 -0.264923 -0.263744 -0.262539 -0.261308 -0.260053 -0.258774 -0.257473 -0.25615 -0.254806 -0.253444 -0.252065 -0.25067 -0.249262 -0.247841 -0.24641 -0.244971 -0.243527 -0.242081 -0.240634 -0.23919 -0.237752 -0.236323 -0.234906 -0.233506 -0.232124 -0.230766 -0.229433 -0.228131 -0.22686 -0.225625 -0.224428 -0.22327 -0.222152 -0.221075 -0.220037 -0.219037 -0.218071 -0.217135 -0.216223 -0.215326 -0.214436 -0.213541 -0.212628 -0.211683 -0.210688 -0.209627 -0.20848 -0.207226 -0.205845 -0.204315 -0.202614 -0.200718 -0.198576 -0.195835 -0.188696 -0.134417 
-0.174603 -0.349031 -0.348679 -0.348322 -0.34796 -0.347592 -0.347219 -0.346841 -0.346457 -0.346069 -0.345674 -0.345274 -0.344869 -0.344457 -0.34404 -0.343616 -0.343186 -0.342749 -0.342305 -0.341854 -0.341394 -0.340926 -0.34045 -0.339964 -0.339469 -0.338963 -0.338447 -0.337919 -0.337379 -0.336826 -0.336259 -0.335678 -0.335082 -0.33447 -0.333841 -0.333195 -0.33253 -0.331846 -0.331143 -0.330419 -0.329674 -0.328908 -0.328121 -0.327312 -0.326482 -0.325631 -0.32476 -0.323869 -0.322959 -0.322033 -0.321091 -0.320135 -0.319167 -0.318189 -0.317203 -0.316211 -0.315216 -0.314218 -0.313222 -0.312228 -0.311238 -0.310256 -0.309282 -0.308319 -0.307368 -0.306432 -0.305511 -0.304607 -0.303723 -0.302859 -0.302017 -0.301198 -0.300404 -0.299636 -0.298894 -0.298181 -0.297497 -0.296843 -0.29622 -0.295628 -0.295068 -0.294541 -0.294046 -0.29358 -0.293132 -0.292698 -0.292284 -0.29189 -0.291516 -0.291159 -0.290819 -0.290495 -0.290187 -0.289893 -0.289612 -0.289343 -0.289085 -0.288836 -0.288594 -0.28836 -0.28813 -0.287904 -0.28768 -0.287457 -0.287233 -0.287007 -0.286778 -0.286543 -0.286302 -0.286054 -0.285796 -0.285529 -0.28525 -0.284959 -0.284655 -0.284335 -0.284001 -0.28365 -0.283282 -0.282895 -0.28249 -0.282064 -0.281619 -0.281151 -0.280663 -0.280151 -0.279616 -0.279058 -0.278475 -0.277868 -0.277235 -0.276576 -0.275892 -0.275181 -0.274444 -0.273679 -0.272888 -0.272069 -0.271223 -0.27035 -0.26945 -0.268522 -0.267567 -0.266585 -0.265577 -0.264542 -0.263481 -0.262395 -0.261285 -0.260149 -0.258991 -0.25781 -0.256606 -0.255383 -0.254139 -0.252877 -0.251599 -0.250305 -0.248997 -0.247678 -0.246349 -0.245012 -0.243671 -0.242327 -0.240983 -0.239643 -0.238309 -0.236985 -0.235673 -0.234378 -0.233102 -0.231848 -0.23062 -0.22942 -0.22825 -0.227112 -0.226008 -0.224937 -0.223899 -0.222892 -0.221914 -0.220959 -0.220023 -0.219099 -0.218177 -0.217246 -0.216295 -0.215309 -0.214273 -0.21317 -0.21198 -0.210685 -0.209264 -0.207696 -0.205959 -0.204029 -0.201856 -0.19909 -0.191947 -0.137859 
-0.174024 -0.347873 -0.347521 -0.347162 -0.346797 -0.346425 -0.346047 -0.345662 -0.345271 -0.344873 -0.344468 -0.344057 -0.343638 -0.343212 -0.342779 -0.342337 -0.341888 -0.34143 -0.340964 -0.340488 -0.340002 -0.339507 -0.339 -0.338482 -0.337952 -0.33741 -0.336854 -0.336285 -0.3357 -0.3351 -0.334484 -0.33385 -0.333198 -0.332527 -0.331836 -0.331124 -0.33039 -0.329633 -0.328853 -0.328048 -0.32722 -0.326366 -0.325487 -0.324583 -0.323654 -0.322702 -0.321725 -0.320727 -0.319708 -0.31867 -0.317615 -0.316544 -0.315461 -0.314367 -0.313265 -0.312158 -0.311048 -0.309937 -0.308828 -0.307724 -0.306626 -0.305538 -0.304461 -0.303397 -0.302348 -0.301316 -0.300303 -0.299312 -0.298342 -0.297397 -0.296478 -0.295586 -0.294724 -0.293892 -0.293093 -0.292328 -0.291598 -0.290905 -0.29025 -0.289634 -0.289057 -0.288522 -0.288026 -0.287566 -0.28713 -0.286717 -0.28633 -0.285969 -0.285633 -0.28532 -0.285031 -0.284764 -0.284517 -0.28429 -0.284081 -0.283889 -0.283711 -0.283547 -0.283394 -0.283252 -0.283117 -0.282988 -0.282864 -0.282742 -0.282622 -0.2825 -0.282376 -0.282247 -0.282112 -0.281971 -0.28182 -0.281659 -0.281486 -0.2813 -0.281101 -0.280886 -0.280655 -0.280407 -0.280142 -0.279857 -0.279553 -0.279228 -0.278883 -0.278517 -0.278128 -0.277717 -0.277282 -0.276825 -0.276343 -0.275838 -0.275308 -0.274753 -0.274173 -0.273567 -0.272936 -0.27228 -0.271597 -0.270888 -0.270154 -0.269393 -0.268606 -0.267792 -0.266953 -0.266087 -0.265196 -0.264278 -0.263335 -0.262367 -0.261374 -0.260356 -0.259314 -0.258249 -0.257162 -0.256052 -0.254921 -0.25377 -0.2526 -0.251413 -0.25021 -0.248991 -0.247761 -0.246519 -0.245269 -0.244012 -0.242752 -0.241491 -0.240231 -0.238976 -0.237728 -0.236492 -0.235269 -0.234063 -0.232876 -0.231712 -0.230572 -0.229459 -0.228373 -0.227314 -0.226283 -0.225279 -0.224297 -0.223336 -0.222388 -0.221448 -0.220508 -0.219557 -0.218583 -0.217573 -0.216513 -0.215385 -0.214172 -0.212855 -0.211413 -0.209826 -0.208073 -0.20613 -0.203948 -0.201176 -0.194043 -0.140088 
-0.173282 -0.34639 -0.346037 -0.345677 -0.345308 -0.344932 -0.344548 -0.344156 -0.343756 -0.343348 -0.342931 -0.342507 -0.342073 -0.341631 -0.34118 -0.340719 -0.340248 -0.339767 -0.339275 -0.338772 -0.338257 -0.33773 -0.337189 -0.336635 -0.336066 -0.335482 -0.334882 -0.334266 -0.333631 -0.332977 -0.332304 -0.33161 -0.330894 -0.330155 -0.329392 -0.328604 -0.32779 -0.326948 -0.326079 -0.325182 -0.324255 -0.323299 -0.322313 -0.321299 -0.320255 -0.319183 -0.318085 -0.316961 -0.315813 -0.314644 -0.313456 -0.312252 -0.311034 -0.309804 -0.308567 -0.307325 -0.306081 -0.304837 -0.303596 -0.302362 -0.301136 -0.299921 -0.29872 -0.297534 -0.296365 -0.295215 -0.294087 -0.292983 -0.291904 -0.290852 -0.28983 -0.288839 -0.287881 -0.28696 -0.286077 -0.285234 -0.284434 -0.283679 -0.28297 -0.28231 -0.2817 -0.281142 -0.280635 -0.280173 -0.279744 -0.279346 -0.278983 -0.278653 -0.278356 -0.278092 -0.277858 -0.277655 -0.277479 -0.27733 -0.277206 -0.277105 -0.277024 -0.276962 -0.276916 -0.276884 -0.276864 -0.276854 -0.276851 -0.276853 -0.276858 -0.276863 -0.276867 -0.276867 -0.276862 -0.276849 -0.276827 -0.276794 -0.276748 -0.276689 -0.276614 -0.276523 -0.276414 -0.276287 -0.276139 -0.275972 -0.275783 -0.275572 -0.275339 -0.275083 -0.274804 -0.2745 -0.274173 -0.273821 -0.273444 -0.273042 -0.272615 -0.272162 -0.271684 -0.27118 -0.27065 -0.270094 -0.269513 -0.268905 -0.268271 -0.267611 -0.266924 -0.266212 -0.265474 -0.264709 -0.263919 -0.263102 -0.26226 -0.261393 -0.2605 -0.259582 -0.25864 -0.257674 -0.256684 -0.255671 -0.254636 -0.25358 -0.252503 -0.251407 -0.250293 -0.249162 -0.248016 -0.246856 -0.245685 -0.244505 -0.243318 -0.242126 -0.240932 -0.239739 -0.238549 -0.237366 -0.236192 -0.23503 -0.233883 -0.232753 -0.231644 -0.230555 -0.229489 -0.228446 -0.227427 -0.226429 -0.22545 -0.224488 -0.223536 -0.22259 -0.22164 -0.220678 -0.219692 -0.21867 -0.217597 -0.216457 -0.215233 -0.213907 -0.212458 -0.210867 -0.209112 -0.20717 -0.204993 -0.202229 -0.195116 -0.141233 
-0.172358 -0.344542 -0.344189 -0.343826 -0.343454 -0.343072 -0.342682 -0.342282 -0.341872 -0.341453 -0.341024 -0.340584 -0.340135 -0.339675 -0.339203 -0.338721 -0.338226 -0.337719 -0.337199 -0.336666 -0.336118 -0.335556 -0.334977 -0.334382 -0.33377 -0.33314 -0.33249 -0.33182 -0.331129 -0.330415 -0.329677 -0.328914 -0.328126 -0.327309 -0.326464 -0.325589 -0.324683 -0.323745 -0.322773 -0.321768 -0.320728 -0.319653 -0.318544 -0.3174 -0.316222 -0.315012 -0.313771 -0.312501 -0.311203 -0.309882 -0.308539 -0.307178 -0.305802 -0.304414 -0.303018 -0.301618 -0.300215 -0.298814 -0.297417 -0.296027 -0.294646 -0.293277 -0.291922 -0.290582 -0.28926 -0.287957 -0.286676 -0.285419 -0.284188 -0.282985 -0.281813 -0.280675 -0.279574 -0.278514 -0.277498 -0.27653 -0.275613 -0.274752 -0.273949 -0.273208 -0.272532 -0.271923 -0.271382 -0.270901 -0.270464 -0.270069 -0.269721 -0.269418 -0.269161 -0.268948 -0.268777 -0.268647 -0.268555 -0.2685 -0.268479 -0.26849 -0.26853 -0.268596 -0.268685 -0.268794 -0.26892 -0.269061 -0.269213 -0.269373 -0.269538 -0.269706 -0.269873 -0.270037 -0.270196 -0.270347 -0.270487 -0.270616 -0.270731 -0.270829 -0.27091 -0.270973 -0.271014 -0.271035 -0.271033 -0.271008 -0.270959 -0.270885 -0.270785 -0.27066 -0.270509 -0.270331 -0.270126 -0.269894 -0.269635 -0.269348 -0.269034 -0.268693 -0.268324 -0.267928 -0.267504 -0.267053 -0.266575 -0.266069 -0.265536 -0.264975 -0.264388 -0.263773 -0.263132 -0.262463 -0.261768 -0.261046 -0.260298 -0.259523 -0.258722 -0.257896 -0.257044 -0.256167 -0.255266 -0.25434 -0.253391 -0.252419 -0.251425 -0.25041 -0.249376 -0.248323 -0.247252 -0.246167 -0.245067 -0.243955 -0.242833 -0.241704 -0.24057 -0.239433 -0.238296 -0.237162 -0.236033 -0.234913 -0.233803 -0.232707 -0.231626 -0.230563 -0.229518 -0.228493 -0.227486 -0.226498 -0.225526 -0.224566 -0.223616 -0.222668 -0.221715 -0.220748 -0.219757 -0.21873 -0.217652 -0.216508 -0.215281 -0.213954 -0.212507 -0.21092 -0.209173 -0.207242 -0.205079 -0.202333 -0.195242 -0.14137 
-0.171231 -0.342288 -0.341933 -0.341568 -0.341192 -0.340805 -0.340407 -0.339998 -0.339578 -0.339147 -0.338704 -0.338249 -0.337782 -0.337302 -0.336809 -0.336302 -0.335782 -0.335246 -0.334696 -0.334129 -0.333545 -0.332944 -0.332324 -0.331684 -0.331024 -0.330342 -0.329637 -0.328908 -0.328153 -0.327371 -0.326561 -0.325721 -0.32485 -0.323946 -0.323008 -0.322034 -0.321023 -0.319974 -0.318885 -0.317755 -0.316585 -0.315373 -0.31412 -0.312826 -0.311493 -0.310122 -0.308714 -0.307273 -0.305801 -0.304301 -0.302777 -0.301233 -0.299672 -0.298099 -0.296516 -0.294928 -0.293337 -0.291747 -0.290159 -0.288577 -0.287001 -0.285435 -0.283878 -0.282333 -0.2808 -0.279283 -0.277781 -0.276298 -0.274837 -0.2734 -0.271992 -0.270617 -0.269281 -0.267989 -0.266747 -0.265562 -0.26444 -0.263389 -0.262414 -0.261522 -0.260718 -0.260007 -0.259391 -0.258854 -0.258379 -0.257966 -0.257618 -0.257335 -0.257115 -0.256956 -0.256858 -0.256817 -0.25683 -0.256896 -0.257011 -0.25717 -0.257371 -0.25761 -0.257882 -0.258183 -0.258509 -0.258856 -0.259219 -0.259595 -0.259979 -0.260367 -0.260757 -0.261143 -0.261524 -0.261895 -0.262255 -0.2626 -0.262927 -0.263236 -0.263523 -0.263787 -0.264027 -0.264241 -0.264427 -0.264586 -0.264716 -0.264816 -0.264886 -0.264926 -0.264934 -0.264912 -0.264858 -0.264773 -0.264657 -0.26451 -0.264331 -0.264121 -0.263881 -0.263609 -0.263307 -0.262975 -0.262613 -0.26222 -0.261798 -0.261346 -0.260865 -0.260355 -0.259816 -0.259248 -0.258651 -0.258026 -0.257373 -0.256692 -0.255984 -0.255248 -0.254485 -0.253696 -0.252881 -0.252039 -0.251173 -0.250283 -0.249369 -0.248432 -0.247473 -0.246494 -0.245495 -0.244479 -0.243447 -0.2424 -0.241341 -0.240271 -0.239194 -0.23811 -0.237024 -0.235937 -0.234852 -0.233772 -0.232699 -0.231636 -0.230584 -0.229546 -0.228524 -0.227516 -0.226525 -0.225549 -0.224585 -0.223632 -0.222686 -0.22174 -0.220788 -0.219821 -0.218829 -0.217801 -0.216722 -0.215579 -0.214355 -0.213032 -0.211592 -0.210015 -0.208281 -0.206366 -0.204223 -0.2015 -0.194429 -0.140507 
-0.169879 -0.339583 -0.339228 -0.33886 -0.33848 -0.338087 -0.337682 -0.337264 -0.336832 -0.336388 -0.33593 -0.335458 -0.334972 -0.334471 -0.333954 -0.333422 -0.332873 -0.332307 -0.331723 -0.331121 -0.330498 -0.329854 -0.329189 -0.3285 -0.327787 -0.327048 -0.326282 -0.325487 -0.324662 -0.323805 -0.322915 -0.321989 -0.321025 -0.320023 -0.31898 -0.317894 -0.316763 -0.315587 -0.314363 -0.313092 -0.311771 -0.310401 -0.308982 -0.307515 -0.306001 -0.304442 -0.30284 -0.3012 -0.299523 -0.297815 -0.296079 -0.294319 -0.29254 -0.290746 -0.288939 -0.287124 -0.285303 -0.283476 -0.281646 -0.279814 -0.277978 -0.276139 -0.274298 -0.272452 -0.270604 -0.268753 -0.266903 -0.265054 -0.263212 -0.261382 -0.259571 -0.257786 -0.256037 -0.254335 -0.252691 -0.251116 -0.249625 -0.248228 -0.246938 -0.245766 -0.244723 -0.243816 -0.243048 -0.242395 -0.241834 -0.241366 -0.240994 -0.240715 -0.24053 -0.240436 -0.240431 -0.240511 -0.240673 -0.240912 -0.241223 -0.241601 -0.24204 -0.242534 -0.243077 -0.243663 -0.244285 -0.244937 -0.245613 -0.246307 -0.247013 -0.247726 -0.24844 -0.24915 -0.249852 -0.250542 -0.251216 -0.25187 -0.252501 -0.253106 -0.253684 -0.254231 -0.254746 -0.255228 -0.255675 -0.256086 -0.25646 -0.256796 -0.257095 -0.257355 -0.257578 -0.257761 -0.257907 -0.258014 -0.258083 -0.258115 -0.25811 -0.258067 -0.257988 -0.257873 -0.257722 -0.257536 -0.257315 -0.25706 -0.25677 -0.256448 -0.256092 -0.255703 -0.255282 -0.254829 -0.254345 -0.253829 -0.253283 -0.252706 -0.252098 -0.251461 -0.250795 -0.2501 -0.249376 -0.248624 -0.247846 -0.24704 -0.246209 -0.245353 -0.244473 -0.24357 -0.242645 -0.2417 -0.240736 -0.239756 -0.23876 -0.237751 -0.236731 -0.235703 -0.234668 -0.233629 -0.23259 -0.231551 -0.230516 -0.229488 -0.228468 -0.227457 -0.226459 -0.225472 -0.224499 -0.223537 -0.222585 -0.221642 -0.220702 -0.219761 -0.218813 -0.217849 -0.216859 -0.215833 -0.214758 -0.213619 -0.2124 -0.211084 -0.209653 -0.208088 -0.206369 -0.204473 -0.202352 -0.199654 -0.1926 -0.138562 
-0.16828 -0.336386 -0.33603 -0.33566 -0.335275 -0.334876 -0.334463 -0.334035 -0.333592 -0.333133 -0.332659 -0.332169 -0.331663 -0.33114 -0.330598 -0.330039 -0.32946 -0.328861 -0.328242 -0.3276 -0.326935 -0.326246 -0.325531 -0.324789 -0.324019 -0.323218 -0.322385 -0.321519 -0.320617 -0.319677 -0.318697 -0.317675 -0.316609 -0.315497 -0.314335 -0.313123 -0.311857 -0.310537 -0.30916 -0.307725 -0.306232 -0.30468 -0.303069 -0.3014 -0.299676 -0.297898 -0.29607 -0.294195 -0.292279 -0.290324 -0.288337 -0.286321 -0.28428 -0.282218 -0.280136 -0.278036 -0.275917 -0.273778 -0.271616 -0.269428 -0.267211 -0.26496 -0.262671 -0.260342 -0.257971 -0.255559 -0.253107 -0.25062 -0.248106 -0.245575 -0.24304 -0.240515 -0.23802 -0.235574 -0.233199 -0.230918 -0.228754 -0.22673 -0.224868 -0.223189 -0.221712 -0.22045 -0.219407 -0.21854 -0.217814 -0.217235 -0.216802 -0.216517 -0.216376 -0.216379 -0.21652 -0.216793 -0.217193 -0.217713 -0.218343 -0.219076 -0.219901 -0.22081 -0.221792 -0.222837 -0.223935 -0.225075 -0.22625 -0.227449 -0.228663 -0.229885 -0.231106 -0.232319 -0.233519 -0.234699 -0.235853 -0.236977 -0.238068 -0.23912 -0.240132 -0.2411 -0.242023 -0.242899 -0.243726 -0.244503 -0.24523 -0.245906 -0.246532 -0.247106 -0.24763 -0.248103 -0.248526 -0.2489 -0.249225 -0.249503 -0.249733 -0.249917 -0.250055 -0.250148 -0.250198 -0.250204 -0.250169 -0.250092 -0.249974 -0.249817 -0.24962 -0.249385 -0.249112 -0.248803 -0.248456 -0.248074 -0.247657 -0.247205 -0.246719 -0.246199 -0.245646 -0.245061 -0.244444 -0.243796 -0.243118 -0.24241 -0.241672 -0.240907 -0.240115 -0.239298 -0.238455 -0.23759 -0.236702 -0.235795 -0.23487 -0.233928 -0.232972 -0.232004 -0.231026 -0.230041 -0.229051 -0.22806 -0.227068 -0.226079 -0.225094 -0.224117 -0.223147 -0.222185 -0.221234 -0.220291 -0.219355 -0.218425 -0.217496 -0.216564 -0.215622 -0.214664 -0.21368 -0.212659 -0.211588 -0.210455 -0.209243 -0.207935 -0.206515 -0.204963 -0.20326 -0.201383 -0.199284 -0.19661 -0.189568 -0.135345 
-0.166413 -0.332653 -0.332296 -0.331923 -0.331534 -0.331129 -0.330707 -0.330269 -0.329813 -0.329341 -0.32885 -0.328342 -0.327814 -0.327267 -0.3267 -0.326111 -0.325501 -0.324868 -0.32421 -0.323527 -0.322818 -0.32208 -0.321312 -0.320513 -0.319681 -0.318814 -0.317909 -0.316965 -0.315979 -0.314948 -0.31387 -0.312743 -0.311563 -0.310328 -0.309034 -0.30768 -0.306262 -0.304778 -0.303227 -0.301605 -0.299913 -0.29815 -0.296317 -0.294414 -0.292444 -0.290409 -0.288315 -0.286165 -0.283963 -0.281716 -0.279426 -0.277098 -0.274734 -0.272332 -0.269892 -0.267408 -0.264874 -0.26228 -0.259617 -0.256871 -0.254033 -0.251091 -0.248034 -0.244858 -0.241557 -0.238132 -0.234589 -0.230938 -0.227195 -0.22338 -0.219519 -0.215644 -0.21179 -0.207994 -0.204299 -0.200747 -0.197379 -0.19424 -0.191368 -0.188799 -0.186567 -0.184695 -0.183182 -0.181951 -0.180948 -0.180184 -0.179663 -0.179382 -0.179339 -0.179528 -0.179941 -0.180568 -0.181398 -0.182419 -0.183614 -0.18497 -0.18647 -0.188096 -0.189833 -0.191663 -0.193569 -0.195536 -0.197547 -0.199589 -0.201647 -0.203708 -0.205761 -0.207796 -0.209801 -0.21177 -0.213695 -0.215568 -0.217386 -0.219142 -0.220833 -0.222457 -0.224011 -0.225493 -0.226902 -0.228237 -0.229498 -0.230686 -0.231801 -0.232842 -0.233812 -0.234712 -0.235543 -0.236305 -0.237001 -0.237632 -0.2382 -0.238707 -0.239153 -0.23954 -0.239871 -0.240146 -0.240367 -0.240536 -0.240653 -0.240721 -0.24074 -0.240712 -0.240637 -0.240518 -0.240354 -0.240147 -0.239898 -0.239608 -0.239278 -0.238909 -0.2385 -0.238054 -0.237572 -0.237053 -0.236499 -0.235911 -0.23529 -0.234636 -0.233952 -0.233237 -0.232494 -0.231724 -0.230929 -0.230109 -0.229267 -0.228406 -0.227526 -0.22663 -0.225721 -0.224801 -0.223872 -0.222937 -0.221998 -0.221057 -0.220117 -0.21918 -0.218247 -0.217319 -0.216396 -0.215479 -0.214565 -0.213654 -0.212742 -0.211824 -0.210894 -0.209946 -0.208971 -0.207958 -0.206895 -0.205769 -0.204566 -0.203269 -0.20186 -0.200321 -0.198633 -0.196775 -0.194697 -0.192046 -0.185006 -0.130524 
-0.164257 -0.328339 -0.327982 -0.327607 -0.327213 -0.326802 -0.326372 -0.325923 -0.325455 -0.324968 -0.32446 -0.323932 -0.323383 -0.322812 -0.322217 -0.321599 -0.320956 -0.320286 -0.319589 -0.318863 -0.318107 -0.317318 -0.316495 -0.315635 -0.314738 -0.313799 -0.312817 -0.311789 -0.310712 -0.309582 -0.308398 -0.307155 -0.305849 -0.304478 -0.303038 -0.301525 -0.299935 -0.298266 -0.296516 -0.294681 -0.29276 -0.290753 -0.28866 -0.286483 -0.284225 -0.281888 -0.279477 -0.276997 -0.274453 -0.271848 -0.269185 -0.266461 -0.263673 -0.260812 -0.257864 -0.254812 -0.251633 -0.248303 -0.244796 -0.241084 -0.237143 -0.232949 -0.228487 -0.223745 -0.21872 -0.213418 -0.207854 -0.202052 -0.196047 -0.189884 -0.183614 -0.1773 -0.171007 -0.164809 -0.158781 -0.153 -0.147542 -0.142482 -0.137887 -0.133822 -0.130338 -0.127475 -0.125206 -0.123403 -0.121992 -0.120989 -0.120394 -0.120205 -0.120413 -0.121008 -0.121974 -0.123293 -0.124943 -0.126901 -0.129139 -0.131631 -0.134347 -0.137257 -0.140331 -0.143542 -0.146859 -0.150257 -0.15371 -0.157194 -0.160686 -0.164166 -0.167617 -0.171021 -0.174365 -0.177637 -0.180826 -0.183923 -0.18692 -0.189813 -0.192596 -0.195268 -0.197824 -0.200265 -0.20259 -0.204798 -0.206892 -0.208873 -0.210741 -0.212501 -0.214153 -0.215701 -0.217147 -0.218495 -0.219747 -0.220907 -0.221977 -0.22296 -0.223859 -0.224678 -0.225418 -0.226083 -0.226675 -0.227197 -0.227651 -0.228039 -0.228364 -0.228627 -0.228831 -0.228977 -0.229067 -0.229103 -0.229086 -0.229018 -0.228901 -0.228735 -0.228522 -0.228263 -0.227959 -0.227613 -0.227224 -0.226794 -0.226325 -0.225817 -0.225272 -0.224692 -0.224078 -0.223431 -0.222754 -0.222047 -0.221314 -0.220555 -0.219773 -0.21897 -0.218149 -0.217312 -0.216462 -0.215601 -0.21473 -0.213854 -0.212974 -0.212091 -0.211208 -0.210326 -0.209444 -0.208564 -0.207684 -0.206802 -0.205915 -0.20502 -0.20411 -0.203179 -0.202219 -0.201219 -0.200169 -0.199055 -0.197863 -0.196578 -0.195182 -0.193658 -0.191987 -0.190147 -0.18809 -0.18546 -0.178416 -0.12359 
-0.161788 -0.323403 -0.323046 -0.322668 -0.322271 -0.321853 -0.321415 -0.320956 -0.320476 -0.319974 -0.319449 -0.318902 -0.31833 -0.317734 -0.317112 -0.316464 -0.315787 -0.31508 -0.314342 -0.313572 -0.312766 -0.311924 -0.311043 -0.31012 -0.309153 -0.308139 -0.307075 -0.305958 -0.304783 -0.303548 -0.302248 -0.300878 -0.299436 -0.297915 -0.296311 -0.294621 -0.292838 -0.29096 -0.288982 -0.286902 -0.284717 -0.282426 -0.28003 -0.27753 -0.274929 -0.27223 -0.269438 -0.266557 -0.263588 -0.260532 -0.25738 -0.254119 -0.250729 -0.247179 -0.243429 -0.239435 -0.235143 -0.2305 -0.22545 -0.219942 -0.213932 -0.207384 -0.200273 -0.192593 -0.184348 -0.175563 -0.166279 -0.156553 -0.146461 -0.136093 -0.125551 -0.114951 -0.104417 -0.0940788 -0.084071 -0.0745268 -0.0655767 -0.0573446 -0.0499446 -0.0434782 -0.0380301 -0.033656 -0.0302684 -0.0276589 -0.0257358 -0.0245113 -0.0239834 -0.0241433 -0.0249746 -0.0264544 -0.0285529 -0.0312348 -0.0344591 -0.0381807 -0.0423508 -0.0469186 -0.0518321 -0.057039 -0.0624874 -0.0681274 -0.0739106 -0.0797917 -0.085728 -0.0916805 -0.0976136 -0.103495 -0.109297 -0.114995 -0.120568 -0.125997 -0.131268 -0.13637 -0.141294 -0.146032 -0.15058 -0.154936 -0.159099 -0.163069 -0.166847 -0.170436 -0.173841 -0.177064 -0.18011 -0.182985 -0.185694 -0.188242 -0.190635 -0.192879 -0.194979 -0.196941 -0.19877 -0.200473 -0.202053 -0.203517 -0.204869 -0.206113 -0.207255 -0.208298 -0.209246 -0.210104 -0.210875 -0.211562 -0.212169 -0.212698 -0.213153 -0.213537 -0.213851 -0.214099 -0.214283 -0.214404 -0.214465 -0.214469 -0.214416 -0.214308 -0.214148 -0.213938 -0.213678 -0.213371 -0.213018 -0.212621 -0.212183 -0.211704 -0.211187 -0.210633 -0.210046 -0.209427 -0.208778 -0.208101 -0.2074 -0.206677 -0.205934 -0.205174 -0.204399 -0.203612 -0.202816 -0.202011 -0.201199 -0.200383 -0.199563 -0.198738 -0.197908 -0.197072 -0.196227 -0.195368 -0.194491 -0.19359 -0.192656 -0.19168 -0.190651 -0.189557 -0.188384 -0.187117 -0.185739 -0.184234 -0.182582 -0.180764 -0.17873 -0.176123 -0.169065 -0.113799 
-0.158988 -0.317803 -0.317446 -0.317067 -0.316666 -0.316242 -0.315796 -0.315327 -0.314835 -0.314318 -0.313777 -0.31321 -0.312617 -0.311996 -0.311347 -0.310667 -0.309957 -0.309212 -0.308433 -0.307617 -0.306762 -0.305865 -0.304924 -0.303936 -0.302897 -0.301805 -0.300654 -0.299442 -0.298164 -0.296816 -0.295391 -0.293885 -0.292293 -0.290607 -0.288824 -0.286935 -0.284936 -0.28282 -0.280583 -0.27822 -0.275728 -0.273105 -0.27035 -0.267465 -0.264451 -0.261312 -0.258049 -0.254663 -0.251145 -0.247479 -0.243637 -0.239573 -0.235226 -0.230517 -0.225356 -0.219641 -0.213265 -0.206125 -0.198123 -0.189176 -0.179218 -0.168206 -0.156125 -0.142986 -0.128829 -0.113726 -0.0977763 -0.0811066 -0.0638685 -0.0462357 -0.0284004 -0.0105693 0.00704039 0.0242057 0.0407026 0.0563109 0.0708194 0.0840305 0.0957652 0.105868 0.114211 0.120721 0.125608 0.12921 0.131628 0.132854 0.1329 0.131786 0.129545 0.126225 0.121883 0.116588 0.110415 0.10345 0.0957792 0.0874947 0.078688 0.0694503 0.0598704 0.0500337 0.040021 0.029908 0.0197643 0.0096531 -0.000368932 -0.0102519 -0.0199524 -0.0294336 -0.0386646 -0.0476206 -0.0562817 -0.064633 -0.0726639 -0.0803678 -0.0877412 -0.0947838 -0.101498 -0.107887 -0.113958 -0.119717 -0.125173 -0.130335 -0.135214 -0.139818 -0.14416 -0.148249 -0.152096 -0.155712 -0.159107 -0.162291 -0.165274 -0.168065 -0.170674 -0.173109 -0.175378 -0.17749 -0.179452 -0.181271 -0.182954 -0.184508 -0.185938 -0.18725 -0.188449 -0.189541 -0.19053 -0.19142 -0.192217 -0.192923 -0.193542 -0.194079 -0.194535 -0.194915 -0.195221 -0.195456 -0.195623 -0.195724 -0.195761 -0.195738 -0.195657 -0.195519 -0.195328 -0.195086 -0.194795 -0.194457 -0.194075 -0.193652 -0.19319 -0.192692 -0.192161 -0.191598 -0.191008 -0.190392 -0.189754 -0.189096 -0.188421 -0.187729 -0.187025 -0.186308 -0.18558 -0.18484 -0.184089 -0.183326 -0.182546 -0.181748 -0.180927 -0.180075 -0.179187 -0.178253 -0.177262 -0.176203 -0.175062 -0.173826 -0.172477 -0.171001 -0.169378 -0.16759 -0.165588 -0.16301 -0.155934 -0.100116 
-0.155836 -0.311499 -0.311143 -0.310763 -0.310359 -0.30993 -0.309477 -0.308999 -0.308495 -0.307965 -0.307407 -0.306822 -0.306207 -0.305562 -0.304886 -0.304176 -0.303432 -0.30265 -0.30183 -0.300969 -0.300063 -0.299111 -0.298109 -0.297054 -0.295941 -0.294768 -0.293528 -0.292217 -0.290831 -0.289362 -0.287804 -0.286152 -0.284397 -0.282532 -0.280549 -0.27844 -0.276197 -0.273812 -0.271278 -0.268587 -0.265736 -0.262718 -0.259534 -0.256181 -0.252661 -0.248971 -0.245105 -0.241049 -0.236768 -0.232205 -0.227276 -0.22186 -0.21581 -0.208952 -0.201095 -0.192041 -0.181602 -0.169603 -0.155898 -0.140377 -0.122974 -0.103668 -0.0824888 -0.0595145 -0.0348727 -0.00873699 0.018677 0.0471155 0.0762923 0.105894 0.135587 0.165022 0.193841 0.221688 0.248208 0.273061 0.295925 0.316504 0.334533 0.349787 0.362089 0.371352 0.378007 0.382583 0.385165 0.385755 0.384378 0.381079 0.375929 0.369016 0.360453 0.350366 0.338895 0.32619 0.312405 0.297699 0.282228 0.266147 0.249605 0.232743 0.215694 0.198581 0.181516 0.164598 0.147916 0.131547 0.115554 0.0999913 0.0849035 0.0703242 0.0562786 0.0427844 0.0298522 0.0174866 0.00568711 -0.00555132 -0.0162373 -0.0263826 -0.0360013 -0.0451092 -0.0537238 -0.0618634 -0.069547 -0.0767939 -0.0836235 -0.0900551 -0.0961077 -0.1018 -0.10715 -0.112175 -0.116892 -0.121317 -0.125465 -0.129351 -0.13299 -0.136393 -0.139575 -0.142545 -0.145316 -0.147898 -0.1503 -0.152532 -0.154603 -0.15652 -0.158291 -0.159924 -0.161424 -0.162798 -0.164052 -0.165192 -0.166222 -0.167147 -0.167973 -0.168702 -0.16934 -0.16989 -0.170356 -0.170742 -0.17105 -0.171284 -0.171448 -0.171545 -0.171577 -0.171548 -0.171461 -0.17132 -0.171126 -0.170885 -0.170597 -0.170267 -0.169898 -0.169493 -0.169054 -0.168585 -0.168089 -0.167567 -0.167021 -0.166455 -0.165867 -0.16526 -0.164632 -0.163983 -0.16331 -0.162611 -0.161881 -0.161115 -0.160304 -0.159442 -0.158518 -0.157521 -0.156438 -0.155256 -0.15396 -0.152533 -0.15096 -0.149221 -0.147267 -0.144735 -0.137645 -0.0811424 
-0.152313 -0.304454 -0.3041 -0.303719 -0.303313 -0.30288 -0.302421 -0.301934 -0.30142 -0.300877 -0.300305 -0.299702 -0.299067 -0.298399 -0.297697 -0.296958 -0.296181 -0.295364 -0.294503 -0.293597 -0.292642 -0.291635 -0.290572 -0.28945 -0.288263 -0.287006 -0.285675 -0.284263 -0.282763 -0.281168 -0.27947 -0.27766 -0.27573 -0.273669 -0.271467 -0.269113 -0.266596 -0.263904 -0.261026 -0.257953 -0.254675 -0.251185 -0.247476 -0.243545 -0.239383 -0.234976 -0.230296 -0.225281 -0.219831 -0.213789 -0.206936 -0.198998 -0.189651 -0.178547 -0.165333 -0.149674 -0.131274 -0.109895 -0.0853714 -0.0576143 -0.026619 0.00753518 0.044688 0.084603 0.126974 0.171434 0.217563 0.264898 0.312941 0.361169 0.409043 0.456016 0.501544 0.54509 0.586136 0.62419 0.658796 0.689539 0.716056 0.738042 0.755269 0.767659 0.775999 0.781069 0.782878 0.781441 0.776813 0.76909 0.758408 0.744941 0.72889 0.710482 0.689959 0.667575 0.643592 0.618272 0.591875 0.564654 0.536851 0.508693 0.480392 0.452141 0.424115 0.396466 0.369327 0.342813 0.317016 0.292014 0.267865 0.244613 0.22229 0.200913 0.18049 0.161019 0.142491 0.12489 0.108196 0.0923819 0.0774205 0.0632806 0.0499299 0.0373347 0.025461 0.0142748 0.00374225 -0.00616983 -0.0154938 -0.0242611 -0.032502 -0.0402455 -0.0475193 -0.05435 -0.0607625 -0.0667808 -0.0724273 -0.0777231 -0.0826884 -0.0873418 -0.0917009 -0.0957823 -0.0996016 -0.103173 -0.106511 -0.109627 -0.112533 -0.115241 -0.117761 -0.120102 -0.122274 -0.124285 -0.126143 -0.127856 -0.12943 -0.130872 -0.132189 -0.133385 -0.134467 -0.13544 -0.136308 -0.137077 -0.137751 -0.138335 -0.138832 -0.139248 -0.139586 -0.13985 -0.140044 -0.140172 -0.140238 -0.140246 -0.140199 -0.1401 -0.139955 -0.139764 -0.139532 -0.139262 -0.138956 -0.138615 -0.138242 -0.137837 -0.1374 -0.136931 -0.136427 -0.135887 -0.135305 -0.134678 -0.133998 -0.133258 -0.132449 -0.131559 -0.130578 -0.129492 -0.128288 -0.126949 -0.125462 -0.123808 -0.121939 -0.119484 -0.112395 -0.0550537 
-0.148402 -0.296635 -0.296282 -0.295903 -0.295495 -0.29506 -0.294595 -0.294102 -0.293579 -0.293025 -0.292439 -0.29182 -0.291167 -0.290478 -0.289752 -0.288986 -0.288179 -0.287327 -0.286428 -0.285479 -0.284476 -0.283416 -0.282293 -0.281104 -0.279843 -0.278504 -0.27708 -0.275564 -0.273947 -0.272221 -0.270375 -0.2684 -0.266282 -0.264008 -0.261565 -0.258938 -0.256111 -0.253067 -0.24979 -0.246265 -0.242475 -0.238407 -0.234045 -0.229375 -0.224368 -0.218976 -0.213102 -0.206573 -0.199118 -0.190347 -0.17976 -0.166771 -0.150754 -0.131088 -0.107201 -0.0786156 -0.044972 -0.00604777 0.0382345 0.0878076 0.142467 0.20188 0.265603 0.333095 0.403733 0.476831 0.551656 0.627437 0.703384 0.778698 0.852581 0.924247 0.99293 1.05789 1.11844 1.17392 1.22372 1.26733 1.30427 1.33418 1.35678 1.37206 1.3813 1.38555 1.38461 1.37855 1.3675 1.35165 1.33126 1.30664 1.27813 1.24611 1.21097 1.17312 1.13299 1.091 1.04757 1.00308 0.957913 0.912431 0.866954 0.821775 0.777156 0.733323 0.69047 0.648759 0.608323 0.569264 0.531659 0.495564 0.461011 0.428014 0.396573 0.366673 0.338288 0.311385 0.285919 0.261846 0.239111 0.217661 0.19744 0.17839 0.160454 0.143575 0.127697 0.112766 0.0987296 0.0855368 0.0731393 0.0614905 0.0505464 0.0402652 0.0306075 0.0215358 0.013015 0.00501218 -0.00250374 -0.00956181 -0.0161892 -0.0224115 -0.0282524 -0.0337342 -0.0388777 -0.0437022 -0.0482258 -0.0524655 -0.0564369 -0.0601549 -0.063633 -0.0668842 -0.0699203 -0.0727527 -0.0753917 -0.0778472 -0.0801284 -0.0822439 -0.084202 -0.0860102 -0.0876758 -0.0892058 -0.0906068 -0.0918848 -0.0930461 -0.0940962 -0.0950408 -0.0958853 -0.0966347 -0.0972942 -0.0978685 -0.0983626 -0.0987808 -0.0991276 -0.0994073 -0.0996238 -0.0997807 -0.0998816 -0.0999292 -0.0999262 -0.0998745 -0.0997754 -0.0996295 -0.0994365 -0.0991952 -0.0989034 -0.0985577 -0.0981536 -0.0976852 -0.0971454 -0.0965258 -0.0958168 -0.0950074 -0.0940858 -0.093039 -0.0918535 -0.0905151 -0.0890066 -0.0872819 -0.0849627 -0.0779107 -0.0195495 
-0.144088 -0.28801 -0.287661 -0.287284 -0.286876 -0.286439 -0.285972 -0.285473 -0.284943 -0.28438 -0.283783 -0.28315 -0.282482 -0.281774 -0.281027 -0.280236 -0.279401 -0.278518 -0.277583 -0.276594 -0.275547 -0.274436 -0.273256 -0.272003 -0.27067 -0.269249 -0.267733 -0.266112 -0.264377 -0.262516 -0.260517 -0.258366 -0.256048 -0.253544 -0.250837 -0.247905 -0.244726 -0.241277 -0.237532 -0.233465 -0.22905 -0.224259 -0.21906 -0.21341 -0.20723 -0.200374 -0.192573 -0.183374 -0.172101 -0.157865 -0.139613 -0.116229 -0.0866352 -0.0498877 -0.00524844 0.047774 0.109408 0.17962 0.258136 0.344464 0.437927 0.537694 0.642815 0.752252 0.864904 0.979633 1.09529 1.21072 1.32479 1.4364 1.54448 1.64801 1.74602 1.83761 1.92191 1.99815 2.06563 2.12373 2.17192 2.20977 2.23703 2.25395 2.2622 2.2628 2.25554 2.24058 2.21819 2.18873 2.15261 2.11033 2.06243 2.0095 1.95217 1.89106 1.82684 1.76013 1.69158 1.62178 1.55129 1.48065 1.41032 1.34074 1.27228 1.20526 1.13996 1.07659 1.01533 0.956331 0.899674 0.845423 0.793612 0.744244 0.697303 0.65275 0.610535 0.570592 0.532847 0.497219 0.463621 0.431964 0.402156 0.374105 0.347721 0.322913 0.299594 0.27768 0.25709 0.237744 0.219569 0.202493 0.18645 0.171376 0.157212 0.1439 0.131389 0.119628 0.108571 0.098174 0.0883975 0.0792029 0.0705549 0.0624205 0.0547688 0.0475712 0.0408009 0.0344329 0.0284439 0.0228124 0.0175181 0.0125421 0.00786686 0.00347596 -0.000645952 -0.00451323 -0.00813929 -0.0115367 -0.0147174 -0.0176923 -0.020472 -0.0230663 -0.0254845 -0.0277354 -0.0298275 -0.0317687 -0.0335667 -0.0352286 -0.0367615 -0.038172 -0.0394666 -0.0406513 -0.041732 -0.0427144 -0.0436037 -0.0444049 -0.0451227 -0.0457613 -0.0463245 -0.0468155 -0.047237 -0.047591 -0.0478787 -0.0481006 -0.0482561 -0.0483437 -0.0483606 -0.048303 -0.048166 -0.0479432 -0.0476273 -0.0472095 -0.0466801 -0.0460285 -0.0452431 -0.0443117 -0.0432218 -0.0419579 -0.0404747 -0.0383849 -0.0314356 0.0281548 
-0.139359 -0.278555 -0.278211 -0.277836 -0.277431 -0.276994 -0.276525 -0.276024 -0.275489 -0.274919 -0.274314 -0.273671 -0.272989 -0.272267 -0.271501 -0.27069 -0.269831 -0.26892 -0.267954 -0.26693 -0.265841 -0.264684 -0.263451 -0.262138 -0.260736 -0.259236 -0.25763 -0.255907 -0.254053 -0.252056 -0.249899 -0.247565 -0.245033 -0.242281 -0.239283 -0.23601 -0.232431 -0.22851 -0.224209 -0.219485 -0.214291 -0.208575 -0.202265 -0.19525 -0.187322 -0.178086 -0.166833 -0.15244 -0.13335 -0.107683 -0.0734471 -0.0287807 0.027846 0.0975054 0.180761 0.277677 0.387863 0.510539 0.64461 0.788735 0.941397 1.10096 1.26573 1.43397 1.604 1.77413 1.94278 2.10842 2.26962 2.42502 2.57339 2.71355 2.84445 2.96509 3.0746 3.17216 3.25707 3.3287 3.38653 3.43016 3.45937 3.47489 3.47837 3.47057 3.45154 3.42159 3.38116 3.33078 3.27112 3.2029 3.12694 3.04412 2.95534 2.86156 2.76372 2.66275 2.55955 2.45499 2.34986 2.24491 2.1408 2.03813 1.93741 1.83908 1.74351 1.65099 1.56176 1.47598 1.39376 1.31518 1.24026 1.16899 1.10132 1.03718 0.976479 0.919117 0.864972 0.813915 0.765813 0.720528 0.67792 0.637852 0.600186 0.564789 0.531531 0.500287 0.470938 0.443367 0.417467 0.393132 0.370267 0.348778 0.328578 0.309586 0.291726 0.274925 0.259117 0.244239 0.230233 0.217045 0.204623 0.19292 0.181892 0.171498 0.1617 0.152462 0.14375 0.135534 0.127785 0.120476 0.113583 0.10708 0.100948 0.0951648 0.0897121 0.0845718 0.0797273 0.0751628 0.0708637 0.066816 0.0630069 0.0594239 0.0560554 0.0528906 0.0499189 0.0471304 0.0445158 0.0420662 0.0397731 0.0376283 0.0356242 0.0337536 0.0320096 0.0303858 0.0288762 0.0274754 0.0261784 0.0249809 0.0238792 0.0228705 0.0219524 0.0211237 0.0203841 0.0197343 0.0191759 0.0187119 0.0183462 0.018084 0.0179317 0.0178965 0.017987 0.0182122 0.0185821 0.0191071 0.0197978 0.0206678 0.0217614 0.0234778 0.0302154 0.0912714 
-0.134205 -0.268249 -0.267911 -0.267541 -0.26714 -0.266705 -0.266238 -0.265736 -0.265199 -0.264626 -0.264015 -0.263365 -0.262675 -0.261941 -0.261162 -0.260335 -0.259456 -0.258523 -0.257531 -0.256476 -0.255352 -0.254154 -0.252875 -0.251507 -0.250041 -0.248468 -0.246777 -0.244953 -0.242983 -0.240849 -0.238531 -0.236007 -0.23325 -0.230231 -0.226914 -0.223259 -0.219221 -0.214747 -0.209777 -0.204241 -0.198056 -0.191119 -0.183273 -0.174244 -0.163493 -0.149994 -0.131979 -0.106807 -0.0711336 -0.0213666 0.0457523 0.13269 0.240887 0.370736 0.521692 0.692447 0.881117 1.08541 1.30278 1.53054 1.76596 2.00635 2.24911 2.4918 2.73212 2.96797 3.19744 3.41882 3.63058 3.83134 4.0199 4.1952 4.3563 4.50239 4.63273 4.7467 4.84375 4.9234 4.98528 5.02908 5.05468 5.0631 5.05567 5.03284 4.99492 4.94239 4.8759 4.79622 4.70429 4.60114 4.4879 4.3658 4.23609 4.10007 3.95903 3.81423 3.66689 3.51818 3.36916 3.22082 3.07406 2.92964 2.78826 2.65048 2.51679 2.38756 2.26307 2.14355 2.02913 1.91988 1.8158 1.71688 1.62302 1.53412 1.45005 1.37064 1.29572 1.22511 1.1586 1.09601 1.03713 0.981775 0.929744 0.880851 0.834914 0.791757 0.751211 0.713118 0.677323 0.643684 0.612063 0.582333 0.554373 0.52807 0.503318 0.480018 0.458076 0.437407 0.417929 0.399568 0.382253 0.365919 0.350505 0.335953 0.322212 0.309232 0.296967 0.285375 0.274415 0.264051 0.254249 0.244975 0.2362 0.227895 0.220035 0.212595 0.205551 0.198883 0.19257 0.186593 0.180934 0.175577 0.170505 0.165704 0.16116 0.156859 0.15279 0.148939 0.145296 0.14185 0.138591 0.13551 0.132597 0.129844 0.127245 0.12479 0.122475 0.120293 0.118239 0.116308 0.114499 0.112807 0.111231 0.109772 0.108429 0.107204 0.106099 0.10512 0.104269 0.103554 0.102981 0.102558 0.102292 0.102192 0.102266 0.102526 0.103014 0.104147 0.110506 0.173286 
-0.128617 -0.257077 -0.256747 -0.256385 -0.255989 -0.255559 -0.255095 -0.254596 -0.254061 -0.253488 -0.252876 -0.252223 -0.251528 -0.250788 -0.250001 -0.249163 -0.248272 -0.247322 -0.24631 -0.245231 -0.244079 -0.242848 -0.241529 -0.240113 -0.238592 -0.236953 -0.235182 -0.233265 -0.231182 -0.228914 -0.226434 -0.223715 -0.220723 -0.217416 -0.213749 -0.209665 -0.205097 -0.199968 -0.194183 -0.187627 -0.180152 -0.171552 -0.161482 -0.149272 -0.133563 -0.111782 -0.0796963 -0.0314585 0.0395197 0.139164 0.271556 0.438441 0.639355 0.872089 1.13322 1.4186 1.7237 2.04386 2.37453 2.71133 3.05021 3.38743 3.71966 4.04397 4.35782 4.65904 4.94585 5.21675 5.47055 5.70632 5.92331 6.12096 6.29885 6.45666 6.59416 6.71118 6.80759 6.88329 6.93819 6.97222 6.98538 6.97843 6.95198 6.9062 6.84158 6.7588 6.65873 6.54238 6.41097 6.2658 6.10833 5.94008 5.76265 5.57765 5.38671 5.1914 4.99327 4.79376 4.59423 4.39592 4.19995 4.00731 3.81886 3.63532 3.45731 3.2853 3.11966 2.96065 2.80844 2.66312 2.52469 2.3931 2.26824 2.14998 2.03811 1.93243 1.8327 1.73868 1.65011 1.56673 1.48827 1.41448 1.34509 1.27986 1.21854 1.16091 1.10674 1.05581 1.00793 0.96291 0.920559 0.880712 0.843209 0.8079 0.774645 0.743312 0.713778 0.685929 0.659657 0.634863 0.611452 0.58934 0.568443 0.548689 0.530005 0.512327 0.495593 0.479748 0.464738 0.450513 0.437028 0.42424 0.412108 0.400596 0.389667 0.37929 0.369434 0.360069 0.35117 0.34271 0.334667 0.327017 0.31974 0.312816 0.306226 0.299954 0.293982 0.288294 0.282877 0.277715 0.272797 0.26811 0.263642 0.259382 0.255321 0.251449 0.247757 0.244239 0.240886 0.237694 0.234656 0.23177 0.229032 0.226439 0.223992 0.221689 0.219532 0.217524 0.215667 0.213965 0.212423 0.211047 0.209842 0.208814 0.20797 0.207318 0.206902 0.207155 0.212894 0.277668 
-0.122593 -0.245033 -0.244713 -0.244359 -0.243972 -0.24355 -0.243092 -0.242599 -0.242069 -0.2415 -0.240892 -0.240241 -0.239547 -0.238806 -0.238017 -0.237175 -0.236277 -0.235318 -0.234294 -0.2332 -0.232028 -0.230772 -0.229422 -0.227969 -0.226401 -0.224705 -0.222865 -0.220862 -0.218674 -0.216276 -0.213637 -0.21072 -0.207482 -0.203868 -0.199816 -0.195247 -0.190066 -0.184154 -0.177363 -0.169503 -0.160309 -0.149369 -0.135913 -0.118324 -0.0932413 -0.0544399 0.00775994 0.105462 0.25012 0.449144 0.704434 1.013 1.36853 1.76298 2.18769 2.63409 3.09413 3.56042 4.02635 4.48614 4.93484 5.36829 5.78312 6.17668 6.54699 6.89264 7.21274 7.5068 7.77469 8.01657 8.23277 8.42379 8.59021 8.73267 8.85181 8.94826 9.02257 9.07524 9.10666 9.1171 9.10665 9.075 9.02148 8.94605 8.84937 8.73221 8.59554 8.44051 8.26842 8.0807 7.87895 7.66483 7.44013 7.20663 6.96618 6.72059 6.47162 6.22099 5.97029 5.72102 5.47452 5.23201 4.99457 4.76309 4.53835 4.32095 4.11138 3.90999 3.717 3.53255 3.35667 3.18932 3.03036 2.87965 2.73695 2.60201 2.47455 2.35427 2.24086 2.13399 2.03333 1.93857 1.84939 1.76546 1.68651 1.61222 1.54233 1.47656 1.41466 1.3564 1.30153 1.24986 1.20118 1.1553 1.11203 1.07122 1.03271 0.996354 0.962012 0.92956 0.898878 0.869858 0.842394 0.816392 0.791761 0.768419 0.746286 0.725291 0.705365 0.686446 0.668474 0.651393 0.635153 0.619705 0.605003 0.591007 0.577676 0.564973 0.552863 0.541314 0.530295 0.519777 0.509734 0.50014 0.49097 0.482203 0.473817 0.465792 0.458109 0.450751 0.4437 0.436941 0.430459 0.42424 0.418272 0.412543 0.407041 0.401756 0.39668 0.391805 0.387122 0.382627 0.378314 0.37418 0.37022 0.366434 0.362821 0.35938 0.356114 0.353023 0.35011 0.347379 0.344833 0.342475 0.34031 0.338344 0.336619 0.335597 0.340382 0.407409 
-0.116131 -0.232116 -0.231807 -0.231465 -0.231088 -0.230676 -0.23023 -0.229746 -0.229225 -0.228665 -0.228065 -0.227422 -0.226735 -0.226 -0.225214 -0.224375 -0.223479 -0.222519 -0.221493 -0.220392 -0.219211 -0.21794 -0.216571 -0.215092 -0.213489 -0.211748 -0.20985 -0.207772 -0.20549 -0.202971 -0.200177 -0.197062 -0.193569 -0.189629 -0.185154 -0.180037 -0.174139 -0.167283 -0.159238 -0.149685 -0.138149 -0.123801 -0.104922 -0.0776591 -0.0339113 0.0408398 0.167618 0.36945 0.662383 1.04915 1.52049 2.06033 2.65048 3.27349 3.91378 4.55803 5.19505 5.81562 6.41231 6.97926 7.51209 8.00776 8.4644 8.88113 9.25797 9.5956 9.89526 10.1586 10.3874 10.5838 10.7499 10.8878 10.9995 11.0871 11.1523 11.1968 11.222 11.229 11.2187 11.1917 11.1481 11.0859 11.0026 10.8979 10.7722 10.6262 10.4606 10.2763 10.0742 9.85565 9.62184 9.3743 9.11468 8.84471 8.56623 8.28112 7.99128 7.69859 7.40487 7.11185 6.82114 6.53421 6.25237 5.97679 5.70843 5.44813 5.19653 4.95414 4.7213 4.49825 4.28509 4.08183 3.88839 3.70462 3.5303 3.36516 3.20891 3.06121 2.92171 2.79005 2.66585 2.54875 2.43837 2.33436 2.23635 2.14401 2.05701 1.97503 1.89776 1.82493 1.75626 1.69149 1.63038 1.57271 1.51825 1.46681 1.41819 1.37223 1.32875 1.2876 1.24864 1.21173 1.17675 1.14357 1.1121 1.08221 1.05383 1.02685 1.0012 0.976804 0.953577 0.931457 0.910379 0.890283 0.871114 0.852818 0.835346 0.818653 0.802695 0.787431 0.772822 0.758834 0.745432 0.732584 0.72026 0.708432 0.697073 0.686159 0.675666 0.66557 0.655853 0.646493 0.637473 0.628775 0.620384 0.612283 0.604459 0.5969 0.589594 0.582529 0.575698 0.56909 0.562699 0.556519 0.550545 0.544772 0.539197 0.533819 0.528635 0.523646 0.518852 0.514254 0.509852 0.505648 0.501643 0.497842 0.494291 0.491481 0.494871 0.564368 
-0.109236 -0.218333 -0.218038 -0.217709 -0.217346 -0.216948 -0.216515 -0.216046 -0.215539 -0.214993 -0.214406 -0.213776 -0.213102 -0.21238 -0.211606 -0.210779 -0.209892 -0.208941 -0.207922 -0.206826 -0.205646 -0.204373 -0.202997 -0.201505 -0.199882 -0.19811 -0.196169 -0.194032 -0.191668 -0.189039 -0.186099 -0.182789 -0.179037 -0.174751 -0.169814 -0.164075 -0.157337 -0.149337 -0.139711 -0.127933 -0.113142 -0.0936681 -0.0656921 -0.0201972 0.061748 0.212595 0.475457 0.889588 1.46688 2.18519 3.00474 3.88424 4.7885 5.69004 6.56821 7.40766 8.19723 8.92901 9.59783 10.2008 10.7372 11.2079 11.6152 11.9624 12.2536 12.4936 12.687 12.8387 12.9535 13.0359 13.0901 13.12 13.1294 13.1212 13.0984 13.0634 13.0181 12.9641 12.9024 12.8336 12.7574 12.6707 12.5684 12.4492 12.313 12.1596 11.9888 11.8005 11.5948 11.3722 11.1331 10.8786 10.6097 10.3278 10.0346 9.73182 9.42146 9.10552 8.78603 8.46499 8.1443 7.82577 7.51105 7.2016 6.89874 6.60356 6.31699 6.03976 5.77243 5.51541 5.26895 5.03319 4.80815 4.59373 4.38979 4.19609 4.01235 3.83826 3.67346 3.51756 3.3702 3.23096 3.09945 2.97527 2.85805 2.74739 2.64294 2.54433 2.45123 2.36332 2.28028 2.20182 2.12767 2.05757 1.99126 1.92852 1.86913 1.81288 1.75958 1.70905 1.66112 1.61563 1.57244 1.53141 1.49241 1.45531 1.42 1.38638 1.35435 1.32381 1.29468 1.26688 1.24033 1.21495 1.19069 1.16747 1.14524 1.12395 1.10353 1.08395 1.06515 1.04709 1.02973 1.01304 0.996971 0.981494 0.966577 0.952188 0.9383 0.924885 0.911919 0.899376 0.887235 0.875475 0.864076 0.85302 0.842289 0.831869 0.821743 0.8119 0.802326 0.793011 0.783945 0.775119 0.766526 0.758159 0.750013 0.742083 0.734365 0.726856 0.719555 0.71246 0.70557 0.698883 0.6924 0.686125 0.680105 0.674874 0.676315 0.748409 
-0.101916 -0.203701 -0.203421 -0.203108 -0.202762 -0.202381 -0.201966 -0.201515 -0.201026 -0.200499 -0.199932 -0.199322 -0.198668 -0.197966 -0.197213 -0.196405 -0.195537 -0.194606 -0.193604 -0.192524 -0.191359 -0.190098 -0.188729 -0.18724 -0.185612 -0.183827 -0.18186 -0.179681 -0.177253 -0.174531 -0.171458 -0.167961 -0.163947 -0.159298 -0.153857 -0.147415 -0.139691 -0.130295 -0.118666 -0.103931 -0.084538 -0.0571305 -0.0133227 0.067482 0.227907 0.536995 1.07787 1.90818 3.00082 4.25717 5.5766 6.885 8.13467 9.29675 10.3544 11.2984 12.1246 12.8329 13.4265 13.9111 14.2947 14.5867 14.7975 14.9378 15.0178 15.0475 15.0359 14.9912 14.9205 14.8301 14.7258 14.612 14.4931 14.3723 14.2525 14.136 14.0242 13.9184 13.8188 13.7253 13.637 13.5503 13.4586 13.3576 13.2459 13.1215 12.9829 12.8285 12.657 12.4674 12.2592 12.0324 11.7874 11.5252 11.247 10.9546 10.6499 10.335 10.0124 9.68419 9.35278 9.02034 8.68894 8.36047 8.03661 7.71886 7.40849 7.10654 6.81386 6.53112 6.2588 5.9972 5.74652 5.5068 5.278 5.05998 4.85252 4.65537 4.46819 4.29065 4.12237 3.96297 3.81204 3.66919 3.53401 3.40611 3.28511 3.17063 3.06232 2.95982 2.8628 2.77094 2.68395 2.60154 2.52344 2.44938 2.37914 2.31248 2.24919 2.18907 2.13193 2.07759 2.02589 1.97666 1.92978 1.88508 1.84246 1.80178 1.76293 1.72581 1.69032 1.65636 1.62384 1.59269 1.56282 1.53417 1.50665 1.48022 1.45481 1.43035 1.40681 1.38412 1.36223 1.34112 1.32072 1.301 1.28193 1.26346 1.24557 1.22822 1.21138 1.19503 1.17914 1.16368 1.14863 1.13396 1.11967 1.10573 1.09212 1.07883 1.06583 1.05313 1.0407 1.02854 1.01663 1.00496 0.993536 0.982339 0.971366 0.960613 0.950074 0.939747 0.929628 0.919715 0.910007 0.900507 0.891268 0.882877 0.881708 0.956373 
-0.0941828 -0.188243 -0.18798 -0.187686 -0.18736 -0.187 -0.186606 -0.186178 -0.185713 -0.185211 -0.184669 -0.184086 -0.183459 -0.182784 -0.18206 -0.181281 -0.180444 -0.179542 -0.17857 -0.177519 -0.176382 -0.175147 -0.173802 -0.172332 -0.170719 -0.16894 -0.166967 -0.164767 -0.162297 -0.159502 -0.156313 -0.152642 -0.148371 -0.143346 -0.137358 -0.130124 -0.121244 -0.110148 -0.0959694 -0.0772793 -0.0512904 -0.0113156 0.0607081 0.210441 0.529626 1.15698 2.24381 3.85888 5.82947 7.86392 9.78037 11.4954 12.9791 14.2268 15.2449 16.0454 16.6444 17.0611 17.3175 17.4372 17.4442 17.3616 17.2105 17.0092 16.7731 16.5151 16.2453 15.9719 15.7014 15.4387 15.1881 14.9525 14.7346 14.5362 14.3585 14.2021 14.0672 13.9533 13.8592 13.7833 13.7232 13.6755 13.6338 13.5918 13.5446 13.4885 13.4199 13.3357 13.233 13.1095 12.9637 12.7947 12.6022 12.3867 12.1494 11.8919 11.6161 11.3246 11.0198 10.7044 10.3812 10.0527 9.7214 9.3897 9.05968 8.73324 8.41202 8.09742 7.79063 7.49258 7.20401 6.92548 6.65736 6.39988 6.15314 5.91714 5.69176 5.47684 5.27213 5.07735 4.89216 4.71622 4.54916 4.3906 4.24016 4.09744 3.96207 3.83367 3.71188 3.59635 3.48673 3.38271 3.28395 3.19018 3.1011 3.01644 2.93595 2.8594 2.78654 2.71717 2.65108 2.58809 2.528 2.47067 2.41591 2.36359 2.31357 2.2657 2.21988 2.17597 2.13387 2.09348 2.0547 2.01744 1.98161 1.94713 1.91392 1.88192 1.85104 1.82124 1.79244 1.7646 1.73766 1.71156 1.68626 1.66172 1.63789 1.61473 1.59221 1.57029 1.54893 1.52811 1.50779 1.48794 1.46855 1.44958 1.43102 1.41284 1.39502 1.37754 1.36039 1.34355 1.327 1.31074 1.29475 1.27901 1.26352 1.24827 1.23326 1.21846 1.20389 1.18953 1.17537 1.16142 1.14768 1.13414 1.12087 1.10852 1.10401 1.18098 
-0.0860526 -0.171992 -0.171749 -0.171477 -0.171173 -0.170837 -0.17047 -0.170069 -0.169633 -0.169161 -0.168651 -0.168101 -0.167508 -0.16687 -0.166184 -0.165444 -0.164646 -0.163786 -0.162856 -0.161848 -0.160753 -0.15956 -0.158256 -0.156824 -0.155245 -0.153494 -0.151539 -0.149342 -0.146855 -0.144013 -0.140734 -0.136908 -0.132391 -0.126983 -0.120411 -0.112289 -0.102062 -0.0888975 -0.0714786 -0.047482 -0.0119496 0.0482325 0.171018 0.454171 1.08472 2.32331 4.43648 7.49389 10.8648 13.8138 16.1751 17.9708 19.2667 20.1302 20.623 20.8047 20.734 20.4682 20.0614 19.562 19.0103 18.4376 17.8667 17.313 16.7862 16.2923 15.8346 15.4147 15.0332 14.6904 14.3861 14.12 13.8916 13.7001 13.5444 13.423 13.3341 13.2753 13.2438 13.2363 13.2491 13.2779 13.3175 13.3623 13.4055 13.4403 13.4617 13.4651 13.4466 13.4031 13.3324 13.2332 13.1049 12.9479 12.7633 12.5527 12.3184 12.0629 11.789 11.4997 11.1979 10.8867 10.5689 10.247 9.92374 9.60115 9.28125 8.96575 8.65609 8.35348 8.0589 7.77312 7.49672 7.2301 6.97353 6.72713 6.49093 6.26485 6.04876 5.84244 5.64564 5.45807 5.2794 5.10932 4.94745 4.79345 4.64696 4.50763 4.3751 4.24903 4.12909 4.01495 3.90631 3.80287 3.70435 3.61047 3.52097 3.43561 3.35416 3.27639 3.2021 3.13109 3.06318 2.99818 2.93593 2.87628 2.81907 2.76417 2.71145 2.66078 2.61205 2.56514 2.51996 2.4764 2.43437 2.39379 2.35457 2.31664 2.27993 2.24436 2.20987 2.17639 2.14388 2.11228 2.08153 2.05159 2.02241 1.99395 1.96617 1.93902 1.91248 1.88651 1.86108 1.83616 1.81171 1.78772 1.76416 1.741 1.71823 1.69582 1.67376 1.65202 1.63059 1.60946 1.58861 1.56803 1.5477 1.52762 1.50778 1.48816 1.46877 1.44958 1.43061 1.41184 1.39327 1.37491 1.35683 1.33974 1.33116 1.40987 
-0.0775466 -0.15499 -0.15477 -0.154521 -0.154243 -0.153936 -0.153598 -0.153229 -0.152827 -0.152391 -0.151919 -0.151409 -0.150859 -0.150266 -0.149625 -0.148934 -0.148187 -0.14738 -0.146504 -0.145552 -0.144515 -0.143381 -0.142136 -0.140762 -0.139239 -0.137538 -0.135627 -0.133462 -0.130988 -0.128129 -0.12479 -0.120839 -0.116096 -0.11031 -0.103125 -0.0940263 -0.0822434 -0.0665821 -0.0450619 -0.0139516 0.0354414 0.128273 0.341985 0.878185 2.09392 4.44103 8.40133 14.1385 19.5737 22.983 24.9064 25.7816 25.9018 25.472 24.6551 23.5967 22.4158 21.2047 20.0304 18.9353 17.9406 17.0524 16.2675 15.578 14.9747 14.4487 13.992 13.598 13.2617 12.979 12.7466 12.5618 12.4222 12.3254 12.2687 12.2493 12.264 12.3091 12.3809 12.4749 12.5867 12.7113 12.8438 12.9794 13.1128 13.236 13.3414 13.424 13.4797 13.5054 13.4993 13.4602 13.3879 13.2829 13.1465 12.9805 12.787 12.5688 12.3288 12.0701 11.7956 11.5086 11.212 10.9087 10.6012 10.2919 9.98299 9.67634 9.37358 9.07607 8.78496 8.50118 8.22544 7.95831 7.70016 7.45126 7.21174 6.98162 6.76087 6.54936 6.34691 6.15331 5.96829 5.79157 5.62285 5.46183 5.30817 5.16156 5.02168 4.8882 4.76082 4.63924 4.52315 4.41228 4.30634 4.20509 4.10826 4.01561 3.92693 3.84199 3.76058 3.68251 3.60759 3.53566 3.46653 3.40006 3.3361 3.2745 3.21513 3.15787 3.10261 3.04921 2.9976 2.94765 2.89928 2.85241 2.80694 2.7628 2.71991 2.67821 2.63762 2.59809 2.55955 2.52195 2.48524 2.44936 2.41428 2.37994 2.34631 2.31335 2.28101 2.24927 2.2181 2.18745 2.15731 2.12764 2.09843 2.06964 2.04126 2.01326 1.98562 1.95833 1.93137 1.90471 1.87836 1.85229 1.82648 1.80094 1.77564 1.75057 1.72573 1.70111 1.67671 1.65251 1.62852 1.60474 1.58126 1.55885 1.54561 1.62506 
-0.0686901 -0.137289 -0.137093 -0.13687 -0.136622 -0.136346 -0.136042 -0.135709 -0.135346 -0.134951 -0.134524 -0.134061 -0.13356 -0.133019 -0.132434 -0.131801 -0.131116 -0.130372 -0.129564 -0.128682 -0.127718 -0.126659 -0.125491 -0.124196 -0.122751 -0.121127 -0.119287 -0.117185 -0.114757 -0.111919 -0.108559 -0.104521 -0.0995866 -0.0934433 -0.0856361 -0.0754841 -0.0619371 -0.0433032 -0.0166424 0.0239464 0.0933914 0.238599 0.612554 1.61595 3.87787 8.10527 15.2563 26.4272 34.3891 35.3154 34.0455 31.8514 29.2438 26.535 23.9627 21.659 19.6602 17.9689 16.5676 15.4218 14.4892 13.7288 13.1059 12.593 12.1697 11.821 11.5366 11.3092 11.1338 11.0066 10.925 10.8864 10.8885 10.9288 11.0045 11.1123 11.2487 11.4098 11.5913 11.7888 11.9974 12.2124 12.4287 12.6417 12.8468 13.0372 13.2034 13.3393 13.4426 13.5116 13.5458 13.5448 13.5091 13.4395 13.3375 13.2049 13.044 12.8572 12.6475 12.4177 12.1709 11.9101 11.6381 11.3578 11.0716 10.782 10.491 10.2007 9.91254 9.62808 9.34847 9.07471 8.80761 8.54779 8.29572 8.05174 7.81606 7.5888 7.36999 7.15958 6.95746 6.76348 6.57745 6.39915 6.22832 6.0647 5.90803 5.75801 5.61438 5.47685 5.34513 5.21895 5.09805 4.98217 4.87104 4.76444 4.66212 4.56386 4.46945 4.37868 4.29136 4.2073 4.12633 4.04827 3.97297 3.90028 3.83006 3.76217 3.69649 3.63288 3.57125 3.51148 3.45347 3.39712 3.34234 3.28905 3.23717 3.18662 3.13732 3.08921 3.04223 2.99631 2.9514 2.90745 2.8644 2.8222 2.78081 2.74019 2.7003 2.66109 2.62254 2.58461 2.54727 2.51049 2.47424 2.4385 2.40323 2.36842 2.33405 2.30009 2.26652 2.23333 2.20049 2.16799 2.13582 2.10396 2.07239 2.0411 2.01009 1.97933 1.94881 1.91854 1.88849 1.85867 1.82907 1.79969 1.77062 1.74271 1.72454 1.80325 
-0.0595126 -0.118946 -0.118776 -0.118583 -0.118366 -0.118125 -0.117858 -0.117566 -0.117247 -0.116899 -0.116521 -0.116111 -0.115668 -0.115187 -0.114665 -0.1141 -0.113486 -0.112818 -0.112089 -0.111291 -0.110415 -0.109448 -0.108376 -0.10718 -0.105836 -0.104314 -0.102576 -0.100569 -0.0982253 -0.0954512 -0.092118 -0.0880445 -0.0829708 -0.076516 -0.0681081 -0.0568644 -0.0413762 -0.0192837 0.0137077 0.0667501 0.164775 0.392219 1.04116 2.88388 6.92276 14.1174 26.5727 51.4853 58.4839 42.6889 33.5454 27.6462 22.8967 19.2532 16.6861 14.7482 13.2702 12.1757 11.3803 10.7995 10.3678 10.0402 9.78825 9.59414 9.44744 9.34216 9.27509 9.24451 9.24945 9.28919 9.36288 9.46941 9.60721 9.77429 9.96815 10.1859 10.4241 10.6793 10.9474 11.2242 11.5055 11.7865 12.0627 12.3294 12.5816 12.8133 13.0138 13.1759 13.3002 13.3883 13.4412 13.4595 13.444 13.3959 13.3166 13.208 13.072 12.911 12.7276 12.5244 12.3043 12.0702 11.8245 11.57 11.3089 11.0434 10.7756 10.5071 10.2397 9.9746 9.71303 9.45595 9.20415 8.9583 8.71887 8.48626 8.26071 8.04239 7.83139 7.62771 7.43131 7.2421 7.05993 6.88465 6.71605 6.55394 6.39809 6.24826 6.10423 5.96575 5.83258 5.70449 5.58125 5.46262 5.3484 5.23835 5.13228 5.02999 4.93128 4.83598 4.74391 4.6549 4.56879 4.48544 4.4047 4.32643 4.25051 4.17681 4.10521 4.03562 3.96791 3.902 3.8378 3.77521 3.71415 3.65454 3.59632 3.53941 3.48374 3.42925 3.37589 3.32359 3.27232 3.22201 3.17262 3.1241 3.07642 3.02954 2.98342 2.93802 2.89331 2.84927 2.80585 2.76304 2.7208 2.67912 2.63796 2.59731 2.55714 2.51744 2.47818 2.43934 2.40091 2.36287 2.3252 2.28789 2.25092 2.21428 2.17794 2.14191 2.10616 2.07068 2.03546 2.0005 1.96577 1.93129 1.89714 1.8642 1.84138 1.91737 
-0.0500477 -0.100029 -0.0998875 -0.0997254 -0.0995428 -0.0993392 -0.0991139 -0.0988661 -0.0985948 -0.0982987 -0.0979763 -0.0976258 -0.097245 -0.0968314 -0.0963819 -0.0958928 -0.0953597 -0.0947775 -0.0941396 -0.0934383 -0.0926641 -0.091805 -0.0908463 -0.0897692 -0.0885498 -0.0871571 -0.0855501 -0.0836746 -0.0814567 -0.0787947 -0.0755452 -0.0715029 -0.066366 -0.0596807 -0.050746 -0.0384451 -0.0209299 0.00502278 0.0455579 0.114503 0.251979 0.603478 1.70714 5.0279 11.9591 23.5398 44.3054 52.3133 36.6313 21.6124 14.4136 10.7335 7.39984 6.10458 6.77108 6.80203 6.75869 6.80875 6.90339 6.99584 7.0743 7.14122 7.20299 7.26633 7.33717 7.42056 7.52062 7.64032 7.78168 7.9459 8.13333 8.34363 8.57578 8.82823 9.09891 9.38535 9.68474 9.99397 10.3097 10.6283 10.9459 11.2586 11.5622 11.8521 12.1233 12.3703 12.584 12.756 12.8881 12.9854 13.05 13.0826 13.084 13.0552 12.9977 12.913 12.8026 12.6682 12.5119 12.3366 12.1452 11.9401 11.7239 11.4985 11.2662 11.029 10.7888 10.547 10.3053 10.0647 9.82646 9.59142 9.36033 9.13381 8.91235 8.69632 8.486 8.28158 8.08318 7.89086 7.70461 7.52439 7.35012 7.18168 7.01895 6.86176 6.70995 6.56334 6.42175 6.28499 6.15286 6.02518 5.90176 5.78242 5.66697 5.55524 5.44705 5.34225 5.24067 5.14216 5.04658 4.95379 4.86364 4.77602 4.69081 4.60788 4.52714 4.44847 4.37178 4.29697 4.22397 4.15267 4.08301 4.0149 3.94829 3.88309 3.81926 3.75671 3.69541 3.6353 3.57632 3.51843 3.46158 3.40572 3.35083 3.29686 3.24376 3.19152 3.14008 3.08943 3.03954 2.99037 2.94189 2.89408 2.84693 2.80039 2.75445 2.70909 2.66429 2.62002 2.57627 2.53302 2.49024 2.44793 2.40605 2.3646 2.32355 2.2829 2.24261 2.20268 2.16309 2.12381 2.08484 2.04616 2.00775 1.9696 1.93179 1.89521 1.86876 1.9396 
-0.0403325 -0.0806129 -0.0805005 -0.0803716 -0.0802257 -0.0800625 -0.0798814 -0.0796815 -0.079462 -0.0792218 -0.0789595 -0.0786734 -0.0783616 -0.0780217 -0.0776508 -0.0772457 -0.0768022 -0.0763153 -0.0757791 -0.0751862 -0.0745273 -0.073791 -0.072963 -0.0720247 -0.0709524 -0.0697149 -0.0682707 -0.0665637 -0.0645169 -0.0620222 -0.0589251 -0.0549994 -0.0499059 -0.0431219 -0.0338169 -0.0206249 -0.00120064 0.0287206 0.0776552 0.165716 0.354271 0.880153 2.6963 8.61278 20.1995 38.4445 42.8413 18.0424 0 0 0 0 -0.789763 -1.78111 -0.83018 0.943155 2.14134 3.17401 3.94902 4.49078 4.87428 5.16188 5.39475 5.59871 5.79008 5.97952 6.17417 6.37864 6.59579 6.82726 7.07374 7.33511 7.61068 7.89923 8.19919 8.5086 8.82525 9.14667 9.47014 9.79272 10.1112 10.4223 10.7221 11.0068 11.272 11.5132 11.7252 11.8999 12.0369 12.1428 12.2197 12.2682 12.2889 12.2827 12.2508 12.1943 12.1145 12.0131 11.8916 11.752 11.5963 11.427 11.2465 11.0562 10.8579 10.6538 10.4457 10.2352 10.0236 9.81208 9.6016 9.393 9.18699 8.98413 8.78488 8.58962 8.39861 8.21207 8.03014 7.85292 7.68044 7.51272 7.34971 7.19138 7.03764 6.8884 6.74354 6.60295 6.4665 6.33406 6.2055 6.08067 5.95945 5.84168 5.72725 5.61602 5.50786 5.40264 5.30026 5.20057 5.10349 5.0089 4.91669 4.82677 4.73904 4.65341 4.5698 4.48813 4.40831 4.33027 4.25395 4.17927 4.10617 4.03458 3.96446 3.89575 3.82839 3.76233 3.69753 3.63394 3.57152 3.51022 3.45002 3.39086 3.33272 3.27556 3.21935 3.16406 3.10965 3.05611 3.00339 2.95148 2.90034 2.84996 2.80031 2.75136 2.70309 2.65549 2.60853 2.56218 2.51643 2.47126 2.42664 2.38256 2.33899 2.29592 2.25332 2.21118 2.16947 2.12818 2.08728 2.04674 2.00655 1.96668 1.92711 1.88781 1.84884 1.81105 1.78289 1.8458 
-0.0304075 -0.0607774 -0.0606959 -0.0606017 -0.0604945 -0.0603739 -0.0602395 -0.0600905 -0.0599261 -0.0597454 -0.0595472 -0.05933 -0.0590921 -0.0588314 -0.0585454 -0.0582311 -0.0578847 -0.0575018 -0.0570769 -0.0566031 -0.056072 -0.0554729 -0.054792 -0.0540119 -0.0531097 -0.0520549 -0.0508068 -0.0493096 -0.0474855 -0.0452241 -0.0423649 -0.0386692 -0.0337718 -0.0270978 -0.0177102 -0.00402158 0.0167895 0.0500643 0.106946 0.21486 0.460677 1.19905 4.02535 14.6222 34.2038 38.0479 15.3226 0 0 0 0 0 0 -1.31416 -3.31089 -3.02893 -0.95132 0.914601 2.1334 2.89749 3.40285 3.76868 4.06018 4.31275 4.54628 4.77244 4.99839 5.22855 5.46559 5.711 5.96542 6.2289 6.50097 6.78083 7.06735 7.35915 7.65463 7.95197 8.24912 8.54384 8.83366 9.11592 9.38775 9.6461 9.88786 10.1099 10.3094 10.4808 10.6219 10.7362 10.8255 10.8905 10.9315 10.9493 10.9447 10.9187 10.8724 10.8074 10.725 10.626 10.5117 10.3841 10.2452 10.0963 9.93873 9.77383 9.60349 9.42939 9.25264 9.07445 8.89595 8.71798 8.5412 8.36615 8.19325 8.02286 7.85526 7.69067 7.52926 7.37118 7.2165 7.06528 6.91755 6.77331 6.63255 6.49523 6.3613 6.23071 6.10339 5.97926 5.85825 5.74028 5.62526 5.5131 5.40372 5.29704 5.19296 5.09141 4.9923 4.89555 4.80109 4.70884 4.61871 4.53066 4.44459 4.36046 4.27819 4.19772 4.119 4.04197 3.96657 3.89275 3.82046 3.74965 3.68028 3.61231 3.54568 3.48036 3.41631 3.3535 3.29187 3.23141 3.17207 3.11383 3.05665 3.00049 2.94534 2.89116 2.83792 2.7856 2.73418 2.68361 2.63388 2.58497 2.53685 2.4895 2.44289 2.39699 2.3518 2.30728 2.26341 2.22018 2.17755 2.13551 2.09403 2.05309 2.01268 1.97275 1.9333 1.8943 1.85572 1.81753 1.77971 1.74222 1.70503 1.66811 1.63148 1.5959 1.5688 1.62089 
-0.0203159 -0.0406092 -0.0405596 -0.0405014 -0.0404344 -0.0403583 -0.0402726 -0.0401767 -0.0400701 -0.0399519 -0.0398211 -0.0396766 -0.0395169 -0.0393403 -0.0391446 -0.0389273 -0.0386852 -0.0384145 -0.0381105 -0.0377671 -0.0373769 -0.0369305 -0.0364155 -0.0358161 -0.0351114 -0.0342734 -0.0332641 -0.0320308 -0.0304995 -0.0285638 -0.0260668 -0.0227721 -0.0183123 -0.0120986 -0.0031522 0.010225 0.031133 0.0656198 0.126691 0.247165 0.533172 1.43996 5.34009 25.2316 35.1936 14.2313 0 0 0 0 0 0 0 0 -1.43546 -4.16443 -3.42983 -0.440922 1.02113 1.81649 2.30704 2.65182 2.92408 3.15945 3.37637 3.58499 3.79122 3.99858 4.20916 4.42412 4.64398 4.86883 5.09843 5.33227 5.56963 5.80963 6.05122 6.29319 6.53421 6.77278 7.0073 7.23606 7.45726 7.66905 7.86962 8.0572 8.23001 8.386 8.52249 8.63856 8.73487 8.81163 8.86906 8.90756 8.92763 8.92993 8.91527 8.88454 8.83864 8.77851 8.70527 8.62025 8.52472 8.41986 8.30665 8.18577 8.05857 7.92647 7.79024 7.65086 7.50965 7.36777 7.22592 7.08459 6.94412 6.80485 6.66704 6.53093 6.39672 6.26457 6.13461 6.00694 5.88163 5.75874 5.6383 5.52032 5.40483 5.29181 5.18124 5.0731 4.96737 4.864 4.76297 4.66422 4.5677 4.47338 4.38121 4.29113 4.20309 4.11705 4.03296 3.95076 3.87041 3.79185 3.71505 3.63996 3.56652 3.49471 3.42447 3.35575 3.28854 3.22277 3.15842 3.09544 3.03381 2.97348 2.91442 2.85659 2.79998 2.74453 2.69023 2.63704 2.58494 2.53389 2.48386 2.43484 2.38679 2.33968 2.2935 2.24821 2.2038 2.16022 2.11748 2.07553 2.03435 1.99393 1.95423 1.91524 1.87693 1.83929 1.80228 1.76588 1.73008 1.69485 1.66017 1.62601 1.59236 1.55918 1.52645 1.49415 1.46226 1.43073 1.39954 1.36866 1.33805 1.30766 1.27752 1.24819 1.22547 1.26407 
-0.0101032 -0.0201991 -0.0201822 -0.020161 -0.0201353 -0.0201049 -0.0200694 -0.0200286 -0.0199819 -0.0199289 -0.0198687 -0.0198007 -0.0197237 -0.0196365 -0.0195377 -0.0194253 -0.019297 -0.0191501 -0.0189809 -0.0187849 -0.0185565 -0.0182883 -0.0179708 -0.0175916 -0.0171339 -0.0165753 -0.0158848 -0.0150192 -0.0139171 -0.012489 -0.0106019 -0.00805267 -0.00452193 0.000508884 0.00791401 0.0192318 0.0373082 0.0677345 0.122414 0.230088 0.477064 1.21589 4.33156 21.1799 17.7383 0 0 0 0 0 0 0 0 0 0 -2.4161 -3.15372 -0.715132 0.424397 1.01932 1.37621 1.62379 1.8187 1.98731 2.14272 2.29186 2.43864 2.58533 2.73322 2.88304 3.0351 3.18946 3.34596 3.50431 3.66408 3.82478 3.98579 4.14645 4.30605 4.4638 4.61891 4.77056 4.91793 5.06021 5.19664 5.32648 5.44909 5.56544 5.67365 5.76968 5.85245 5.92188 5.97811 6.02128 6.05161 6.06939 6.07505 6.06907 6.05199 6.02443 5.98712 5.94079 5.88622 5.82413 5.75521 5.68015 5.59977 5.51481 5.42577 5.33325 5.23818 5.14145 5.04393 4.94639 4.84899 4.75189 4.65533 4.55949 4.46455 4.37069 4.27801 4.18664 4.09666 4.00813 3.92113 3.83569 3.75184 3.6696 3.589 3.51002 3.43268 3.35697 3.28287 3.21037 3.13945 3.07009 3.00227 2.93596 2.87115 2.80779 2.74587 2.68535 2.62621 2.56842 2.51195 2.45678 2.40287 2.35019 2.29873 2.24845 2.19933 2.15134 2.10445 2.05865 2.0139 1.97018 1.92747 1.88575 1.84499 1.80516 1.76626 1.72825 1.69111 1.65482 1.61937 1.58473 1.55087 1.51779 1.48546 1.45385 1.42295 1.39274 1.36321 1.33432 1.30606 1.27841 1.25136 1.22487 1.19894 1.17354 1.14866 1.12427 1.10035 1.07689 1.05387 1.03126 1.00905 0.987216 0.965734 0.944583 0.92374 0.903181 0.88288 0.862806 0.842928 0.823211 0.803652 0.784589 0.769632 0.792588 
0.000183479 0.000358846 0.000342544 0.000326098 0.000309529 0.000292866 0.000276148 0.000259427 0.000242766 0.000226258 0.000210028 0.000194243 0.000179125 0.000164962 0.000152122 0.000141075 0.000132418 0.000126921 0.000125569 0.000129643 0.000140813 0.000161283 0.000193985 0.000242872 0.000313335 0.000412834 0.000551856 0.000745385 0.00101524 0.00139386 0.00193051 0.00270206 0.00383177 0.00552382 0.00812913 0.0122763 0.0191451 0.0310681 0.0529378 0.0958961 0.189609 0.439377 1.34055 5.03922 4.01073 0 0 0 0 0 0 0 0 0 0 -0.611497 -0.861717 -0.253734 0.131189 0.351034 0.487261 0.583499 0.660386 0.727675 0.790173 0.850383 0.909674 0.968811 1.02821 1.08808 1.14848 1.2094 1.27073 1.33235 1.39408 1.45573 1.51709 1.57796 1.6381 1.69732 1.75542 1.81225 1.8677 1.9217 1.97425 2.02547 2.07567 2.12552 2.17287 2.21435 2.24895 2.27687 2.299 2.31592 2.32777 2.33471 2.3369 2.33455 2.32788 2.31715 2.30262 2.28458 2.26331 2.2391 2.21221 2.18293 2.15154 2.1183 2.08344 2.0472 2.00983 1.97147 1.93265 1.89388 1.85519 1.81656 1.77808 1.73982 1.70184 1.66422 1.62698 1.59019 1.55387 1.51805 1.48275 1.448 1.41381 1.38019 1.34715 1.31469 1.28282 1.25154 1.22085 1.19076 1.16125 1.13232 1.10398 1.07622 1.04903 1.02242 0.996368 0.97088 0.945948 0.921569 0.897737 0.874447 0.851693 0.829472 0.807777 0.786605 0.765948 0.745803 0.726165 0.707026 0.688383 0.670229 0.652558 0.635365 0.618643 0.602385 0.586586 0.571238 0.556334 0.541867 0.52783 0.514213 0.50101 0.488212 0.47581 0.463794 0.452157 0.440889 0.429979 0.419418 0.409195 0.399301 0.389723 0.380453 0.371477 0.362786 0.354367 0.34621 0.338302 0.330631 0.323186 0.315954 0.308924 0.302082 0.295417 0.288915 0.282563 0.276348 0.270256 0.264271 0.258378 0.25256 0.246808 0.24121 0.236758 0.242814 
0.0104961 0.0209684 0.0209188 0.0208646 0.0208056 0.0207416 0.0206725 0.0205979 0.0205176 0.020431 0.0203378 0.0202374 0.0201292 0.0200123 0.0198859 0.0197488 0.0195997 0.0194369 0.0192584 0.0190616 0.0188432 0.0185992 0.0183241 0.0180111 0.0176509 0.0172313 0.0167355 0.0161402 0.0154127 0.014506 0.0133504 0.0118412 0.00981477 0.00700859 0.00298398 -0.00302296 -0.0124072 -0.0278523 -0.0548322 -0.105455 -0.211129 -0.482489 -1.44771 -5.45187 -4.34491 0 0 0 0 0 0 0 0 0 0 0.544316 0.77544 0.242081 -0.100488 -0.29297 -0.407609 -0.484224 -0.542025 -0.59024 -0.633486 -0.67421 -0.713793 -0.753056 -0.7925 -0.832434 -0.873035 -0.914394 -0.956535 -0.999431 -1.04301 -1.08717 -1.13177 -1.17665 -1.22162 -1.26647 -1.311 -1.35496 -1.39813 -1.44026 -1.48115 -1.52058 -1.55829 -1.59545 -1.63412 -1.6745 -1.71396 -1.75005 -1.78232 -1.81054 -1.83458 -1.85434 -1.86981 -1.88101 -1.88801 -1.89093 -1.88993 -1.88519 -1.87694 -1.86541 -1.85083 -1.83346 -1.81357 -1.79144 -1.76729 -1.7414 -1.71403 -1.68536 -1.65588 -1.62619 -1.59634 -1.56636 -1.53635 -1.50642 -1.47668 -1.44721 -1.41809 -1.38939 -1.36116 -1.33345 -1.3063 -1.27974 -1.25379 -1.22847 -1.2038 -1.17978 -1.15641 -1.13369 -1.11162 -1.09019 -1.06938 -1.0492 -1.02961 -1.01061 -0.992168 -0.974278 -0.956915 -0.940058 -0.923687 -0.907779 -0.892314 -0.877269 -0.862624 -0.848356 -0.834444 -0.820869 -0.80761 -0.794646 -0.78196 -0.769532 -0.757344 -0.74538 -0.733623 -0.722058 -0.710669 -0.699443 -0.688366 -0.677426 -0.666612 -0.655912 -0.645317 -0.634817 -0.624404 -0.614071 -0.603809 -0.593614 -0.58348 -0.573402 -0.563376 -0.553398 -0.543467 -0.533578 -0.523731 -0.513925 -0.504158 -0.49443 -0.484742 -0.475092 -0.465483 -0.455914 -0.446387 -0.436901 -0.427459 -0.41806 -0.408705 -0.399393 -0.390124 -0.380896 -0.371706 -0.36255 -0.353421 -0.344312 -0.33523 -0.326345 -0.319406 -0.330609 
0.020786 0.041533 0.0414503 0.0413586 0.0412577 0.0411474 0.0410272 0.0408968 0.0407554 0.0406025 0.0404373 0.0402587 0.0400655 0.0398564 0.0396297 0.0393833 0.0391146 0.0388206 0.0384973 0.0381398 0.037742 0.037296 0.0367915 0.0362151 0.0355491 0.0347693 0.0338431 0.0327247 0.0313493 0.029623 0.0274067 0.0244889 0.0205383 0.0150192 0.00703195 -0.00500093 -0.0239866 -0.0556167 -0.111962 -0.222076 -0.473126 -1.22265 -4.39415 -21.6208 -18.1241 0 0 0 0 0 0 0 0 0 0 2.35316 3.07529 0.708187 -0.39333 -0.964156 -1.30215 -1.53253 -1.71065 -1.86235 -2.00054 -2.1321 -2.26091 -2.38926 -2.51853 -2.64951 -2.78263 -2.91805 -3.05576 -3.19559 -3.33725 -3.48038 -3.6245 -3.7691 -3.91359 -4.05733 -4.19968 -4.33996 -4.47751 -4.61173 -4.74211 -4.86823 -4.98986 -5.10707 -5.22023 -5.32583 -5.41886 -5.4983 -5.56474 -5.6186 -5.65997 -5.68901 -5.70601 -5.71136 -5.70552 -5.68904 -5.66254 -5.62673 -5.58235 -5.53012 -5.47075 -5.40492 -5.3334 -5.25697 -5.17624 -5.09169 -5.00427 -4.91497 -4.82467 -4.73417 -4.64369 -4.55337 -4.46347 -4.3742 -4.28578 -4.19837 -4.11213 -4.02717 -3.9436 -3.86151 -3.78097 -3.70201 -3.62469 -3.54903 -3.47505 -3.40275 -3.33212 -3.26317 -3.19588 -3.13022 -3.06618 -3.00372 -2.94282 -2.88344 -2.82554 -2.76909 -2.71405 -2.66037 -2.60803 -2.55697 -2.50716 -2.45855 -2.41111 -2.36479 -2.31956 -2.27537 -2.2322 -2.18999 -2.14871 -2.10833 -2.06882 -2.03013 -1.99224 -1.95511 -1.91872 -1.88303 -1.84801 -1.81365 -1.77991 -1.74677 -1.7142 -1.68219 -1.6507 -1.61973 -1.58925 -1.55923 -1.52967 -1.50055 -1.47185 -1.44356 -1.41566 -1.38813 -1.36097 -1.33417 -1.30771 -1.28158 -1.25577 -1.23027 -1.20507 -1.18017 -1.15554 -1.13119 -1.1071 -1.08326 -1.05966 -1.0363 -1.01314 -0.990197 -0.967435 -0.944839 -0.922385 -0.900048 -0.87784 -0.856178 -0.839354 -0.867324 
0.0310054 0.0619564 0.0618411 0.0617125 0.0615705 0.0614147 0.0612445 0.0610594 0.0608587 0.0606415 0.0604067 0.060153 0.059879 0.0595828 0.0592622 0.0589147 0.0585369 0.058125 0.057674 0.057178 0.0566293 0.0560181 0.0553322 0.0545552 0.0536658 0.0526356 0.0514258 0.0499829 0.0482316 0.0460637 0.0433199 0.0397605 0.0350133 0.0284824 0.0191781 0.0053851 -0.0160252 -0.0511517 -0.113099 -0.234903 -0.52349 -1.43897 -5.38909 -25.5995 -35.5837 -14.2994 0 0 0 0 0 0 0 0 1.43389 4.12579 3.38693 0.447474 -0.984761 -1.75992 -2.23441 -2.56475 -2.82308 -3.0446 -3.2475 -3.44185 -3.63348 -3.8259 -4.02121 -4.22062 -4.42475 -4.63379 -4.84762 -5.06588 -5.288 -5.51327 -5.7408 -5.96957 -6.19844 -6.42613 -6.65125 -6.87233 -7.08781 -7.29609 -7.4956 -7.68479 -7.86226 -8.02673 -8.17511 -8.30229 -8.40752 -8.49306 -8.55945 -8.60704 -8.63626 -8.6477 -8.64208 -8.62025 -8.58315 -8.53171 -8.46689 -8.38993 -8.30213 -8.2047 -8.09873 -7.98501 -7.86453 -7.73881 -7.60886 -7.47549 -7.34001 -7.20371 -7.06733 -6.93133 -6.79608 -6.66191 -6.5291 -6.39791 -6.26856 -6.14119 -6.01597 -5.893 -5.77236 -5.65411 -5.53831 -5.42496 -5.31409 -5.20569 -5.09975 -4.99625 -4.89516 -4.79645 -4.70007 -4.60599 -4.51415 -4.42451 -4.33701 -4.2516 -4.16823 -4.08684 -4.00738 -3.92978 -3.854 -3.77999 -3.70767 -3.63701 -3.56795 -3.50044 -3.43443 -3.36987 -3.30671 -3.2449 -3.1844 -3.12516 -3.06715 -3.01031 -2.95461 -2.90001 -2.84647 -2.79396 -2.74243 -2.69186 -2.64221 -2.59345 -2.54555 -2.49848 -2.4522 -2.40671 -2.36196 -2.31793 -2.2746 -2.23195 -2.18995 -2.14858 -2.10783 -2.06766 -2.02806 -1.98902 -1.95051 -1.91252 -1.87504 -1.83803 -1.8015 -1.76541 -1.72976 -1.69453 -1.65971 -1.62527 -1.5912 -1.55748 -1.52409 -1.49102 -1.45823 -1.4257 -1.39339 -1.36129 -1.32941 -1.29839 -1.27459 -1.31786 
0.041107 0.0821447 0.0819975 0.0818331 0.0816511 0.081451 0.0812324 0.0809945 0.0807364 0.080457 0.0801552 0.0798295 0.0794779 0.0790985 0.0786887 0.0782453 0.0777647 0.0772424 0.0766728 0.0760491 0.0753627 0.0746029 0.073756 0.0728043 0.0717248 0.0704869 0.0690494 0.0673563 0.0653291 0.0628567 0.0597775 0.0558509 0.0507097 0.043775 0.0341042 0.0200999 -0.00107778 -0.0348073 -0.092317 -0.201272 -0.449484 -1.19657 -4.06493 -14.8314 -34.5059 -38.1922 -15.3367 0 0 0 0 0 0 1.31988 3.32728 3.04313 0.967867 -0.878309 -2.07883 -2.82841 -3.32152 -3.67627 -3.95726 -4.19964 -4.42316 -4.63937 -4.85531 -5.07531 -5.302 -5.53687 -5.78061 -6.03328 -6.29454 -6.56368 -6.83971 -7.12141 -7.40733 -7.6958 -7.98495 -8.27272 -8.55683 -8.83483 -9.10405 -9.36172 -9.60493 -9.83077 -10.0364 -10.2193 -10.373 -10.4956 -10.5917 -10.6633 -10.711 -10.7354 -10.7374 -10.7178 -10.678 -10.619 -10.5426 -10.45 -10.3421 -10.2203 -10.0868 -9.94349 -9.79133 -9.63171 -9.46627 -9.29683 -9.12472 -8.95102 -8.77686 -8.60315 -8.43053 -8.25956 -8.09065 -7.92415 -7.76036 -7.59951 -7.44176 -7.28726 -7.13609 -6.98831 -6.84395 -6.70303 -6.56552 -6.43139 -6.3006 -6.1731 -6.04882 -5.92768 -5.80962 -5.69455 -5.58239 -5.47306 -5.36646 -5.26253 -5.16117 -5.06229 -4.96583 -4.87169 -4.7798 -4.69009 -4.60248 -4.51689 -4.43326 -4.35152 -4.2716 -4.19345 -4.117 -4.04219 -3.96896 -3.89727 -3.82705 -3.75826 -3.69085 -3.62477 -3.55998 -3.49643 -3.43408 -3.37289 -3.31283 -3.25384 -3.19591 -3.13898 -3.08304 -3.02805 -2.97397 -2.92078 -2.86845 -2.81694 -2.76624 -2.71632 -2.66715 -2.61871 -2.57098 -2.52393 -2.47754 -2.43179 -2.38665 -2.34212 -2.29816 -2.25476 -2.2119 -2.16956 -2.12773 -2.08637 -2.04548 -2.00503 -1.96501 -1.92539 -1.88615 -1.84727 -1.80872 -1.77048 -1.73252 -1.69481 -1.65739 -1.62106 -1.59367 -1.64996 
0.0510454 0.102007 0.101829 0.10163 0.10141 0.101167 0.100902 0.100614 0.100301 0.0999628 0.0995974 0.0992032 0.0987783 0.0983203 0.0978263 0.0972928 0.0967159 0.0960906 0.0954107 0.0946689 0.0938561 0.0929607 0.0919683 0.0908606 0.0896135 0.0881959 0.0865661 0.0846678 0.0824237 0.0797253 0.0764173 0.0722728 0.0669511 0.0599272 0.0503669 0.0368974 0.0171603 -0.0131387 -0.0625894 -0.151529 -0.342202 -0.875564 -2.72274 -8.7389 -20.412 -38.604 -42.8545 -18.0082 0 0 0 0 0.815382 1.85158 0.927389 -0.843795 -2.04848 -3.08013 -3.85075 -4.3873 -4.76461 -5.04574 -5.27216 -5.46997 -5.65576 -5.84012 -6.02996 -6.22979 -6.44241 -6.66941 -6.91141 -7.16827 -7.43931 -7.72335 -8.01889 -8.32409 -8.63681 -8.95469 -9.2751 -9.59519 -9.91188 -10.2218 -10.5215 -10.807 -11.0744 -11.3193 -11.5375 -11.7227 -11.8692 -11.9802 -12.0612 -12.1138 -12.1387 -12.1366 -12.1085 -12.0558 -11.9801 -11.8828 -11.7655 -11.63 -11.4783 -11.3126 -11.1354 -10.9487 -10.7541 -10.5534 -10.3486 -10.1414 -9.93311 -9.72483 -9.51757 -9.31218 -9.10935 -8.90963 -8.71348 -8.52125 -8.33323 -8.14962 -7.97055 -7.79611 -7.62635 -7.46125 -7.30079 -7.14491 -6.99353 -6.84655 -6.70386 -6.56536 -6.43089 -6.30035 -6.17358 -6.05047 -5.93086 -5.81463 -5.70165 -5.59179 -5.48492 -5.38093 -5.27969 -5.18109 -5.08503 -4.9914 -4.9001 -4.81103 -4.72412 -4.63926 -4.55637 -4.47539 -4.39622 -4.31881 -4.24308 -4.16897 -4.09641 -4.02535 -3.95573 -3.8875 -3.82061 -3.755 -3.69063 -3.62746 -3.56545 -3.50455 -3.44472 -3.38594 -3.32816 -3.27134 -3.21546 -3.16049 -3.10639 -3.05314 -3.00071 -2.94906 -2.89819 -2.84805 -2.79862 -2.74989 -2.70183 -2.65442 -2.60763 -2.56144 -2.51584 -2.47079 -2.4263 -2.38232 -2.33885 -2.29585 -2.25333 -2.21124 -2.16958 -2.12833 -2.08745 -2.04694 -2.00677 -1.96691 -1.92735 -1.88807 -1.84912 -1.81139 -1.78362 -1.85021 
0.0607775 0.121457 0.12125 0.121019 0.120762 0.120479 0.120171 0.119835 0.119471 0.119077 0.118652 0.118194 0.117701 0.11717 0.116598 0.115981 0.115315 0.114595 0.113815 0.112965 0.112038 0.111021 0.109899 0.108653 0.10726 0.105689 0.103898 0.101833 0.0994199 0.0965568 0.0931 0.0888434 0.0834843 0.0765673 0.067389 0.0548273 0.0370245 0.010735 -0.0302439 -0.0999203 -0.239111 -0.596304 -1.72111 -5.10266 -12.1052 -23.6966 -44.3488 -52.1716 -36.3757 -21.3313 -14.1304 -10.4277 -7.092 -5.82436 -6.51094 -6.56555 -6.54521 -6.61258 -6.71925 -6.81944 -6.90161 -6.96983 -7.03155 -7.09435 -7.16486 -7.24838 -7.34898 -7.46968 -7.61248 -7.77852 -7.96809 -8.18075 -8.41541 -8.67046 -8.94378 -9.23292 -9.53504 -9.84704 -10.1656 -10.4871 -10.8078 -11.1237 -11.4305 -11.7239 -11.9989 -12.2503 -12.4714 -12.6521 -12.7891 -12.8888 -12.955 -12.9891 -12.992 -12.9647 -12.9084 -12.8251 -12.7164 -12.5841 -12.43 -12.2566 -12.0667 -11.8632 -11.6485 -11.4249 -11.1945 -10.9591 -10.7208 -10.4811 -10.2414 -10.003 -9.76701 -9.53422 -9.30542 -9.08121 -8.86206 -8.64834 -8.44031 -8.23816 -8.04198 -7.85183 -7.66768 -7.48949 -7.31717 -7.15059 -6.98961 -6.83408 -6.68382 -6.53865 -6.39837 -6.26281 -6.13177 -6.00505 -5.88248 -5.76386 -5.64903 -5.5378 -5.43 -5.32549 -5.2241 -5.12569 -5.03011 -4.93723 -4.84693 -4.75908 -4.67357 -4.5903 -4.50915 -4.43003 -4.35285 -4.27752 -4.20396 -4.13209 -4.06184 -3.99314 -3.92592 -3.86012 -3.79569 -3.73256 -3.67068 -3.61001 -3.5505 -3.4921 -3.43477 -3.37846 -3.32315 -3.26879 -3.21535 -3.1628 -3.11109 -3.06021 -3.01013 -2.96081 -2.91222 -2.86435 -2.81717 -2.77065 -2.72477 -2.67951 -2.63484 -2.59075 -2.54721 -2.5042 -2.4617 -2.41969 -2.37816 -2.33708 -2.29643 -2.2562 -2.21636 -2.1769 -2.1378 -2.09905 -2.06061 -2.02248 -1.98465 -1.94709 -1.90989 -1.87396 -1.84839 -1.92239 
0.0702628 0.140415 0.14018 0.139918 0.139627 0.139307 0.138958 0.138578 0.138167 0.137722 0.137242 0.136726 0.136171 0.135573 0.13493 0.134238 0.133493 0.132688 0.131817 0.130872 0.129844 0.12872 0.127485 0.126121 0.124605 0.122905 0.120984 0.118789 0.116251 0.113277 0.109738 0.105453 0.10016 0.0934771 0.0848311 0.0733355 0.0575741 0.0351712 0.00178997 -0.051853 -0.151184 -0.382633 -1.04524 -2.92537 -7.01876 -14.2491 -26.6784 -51.4069 -58.2032 -42.3311 -33.1371 -27.1683 -22.4062 -18.813 -16.2791 -14.3691 -12.9187 -11.8504 -11.078 -10.516 -10.0986 -9.78182 -9.53798 -9.35034 -9.20924 -9.10932 -9.04777 -9.02315 -9.03463 -9.08158 -9.16315 -9.27814 -9.42492 -9.60136 -9.80481 -10.0322 -10.2802 -10.5449 -10.8224 -11.1084 -11.3985 -11.6881 -11.9725 -12.2467 -12.5059 -12.7442 -12.953 -13.1221 -13.2498 -13.3396 -13.3933 -13.412 -13.3966 -13.3486 -13.2693 -13.1606 -13.0247 -12.8638 -12.6805 -12.4775 -12.2576 -12.0237 -11.7783 -11.5242 -11.2636 -10.9988 -10.7317 -10.4641 -10.1977 -9.93371 -9.67333 -9.41754 -9.16712 -8.9227 -8.68477 -8.45368 -8.22969 -8.01293 -7.80349 -7.60135 -7.40645 -7.21869 -7.03792 -6.86397 -6.69662 -6.53566 -6.38086 -6.23198 -6.08878 -5.95102 -5.81845 -5.69084 -5.56795 -5.44955 -5.33542 -5.22535 -5.11914 -5.01658 -4.9175 -4.82172 -4.72906 -4.63936 -4.55248 -4.46826 -4.38658 -4.30729 -4.23029 -4.15545 -4.08267 -4.01185 -3.94288 -3.87569 -3.81018 -3.74628 -3.6839 -3.62298 -3.56345 -3.50525 -3.44832 -3.3926 -3.33804 -3.28459 -3.2322 -3.18083 -3.13044 -3.08098 -3.03242 -2.98472 -2.93784 -2.89176 -2.84645 -2.80187 -2.75799 -2.71479 -2.67225 -2.63033 -2.58902 -2.54828 -2.5081 -2.46846 -2.42934 -2.39071 -2.35255 -2.31485 -2.27759 -2.24075 -2.2043 -2.16824 -2.13254 -2.09718 -2.06216 -2.02746 -1.99306 -1.95895 -1.92512 -1.89156 -1.85837 -1.82642 -1.80475 -1.88346 
0.0794644 0.158806 0.158545 0.158254 0.157932 0.157578 0.157192 0.156772 0.156318 0.155827 0.155299 0.15473 0.154119 0.153462 0.152756 0.151998 0.151182 0.150303 0.149353 0.148326 0.147211 0.145996 0.144667 0.143205 0.141588 0.139788 0.137766 0.135476 0.132855 0.129819 0.126255 0.122006 0.116854 0.110486 0.102444 0.0920462 0.0782361 0.0593106 0.0323007 -0.0087842 -0.0791976 -0.22709 -0.609556 -1.63576 -3.93664 -8.20483 -15.3757 -26.5213 -34.4225 -35.2792 -33.9352 -31.6627 -28.9841 -26.2241 -23.6189 -21.2965 -19.2903 -17.6 -16.2053 -15.0691 -14.1469 -13.3966 -12.783 -12.2785 -11.863 -11.5218 -11.245 -11.0256 -10.8589 -10.7414 -10.6704 -10.6435 -10.6583 -10.7121 -10.802 -10.9245 -11.0759 -11.2521 -11.4486 -11.6607 -11.8835 -12.1121 -12.3413 -12.5659 -12.7812 -12.9812 -13.1571 -13.3009 -13.41 -13.4835 -13.5209 -13.5224 -13.4885 -13.4203 -13.3192 -13.1871 -13.0265 -12.8398 -12.6299 -12.3998 -12.1526 -11.8913 -11.6189 -11.338 -11.0514 -10.7614 -10.4702 -10.1796 -9.89139 -9.60696 -9.3275 -9.05401 -8.78728 -8.52793 -8.27643 -8.03309 -7.79812 -7.57162 -7.3536 -7.144 -6.94269 -6.74952 -6.56427 -6.38671 -6.21657 -6.05359 -5.89748 -5.74795 -5.60471 -5.46747 -5.33595 -5.20987 -5.08895 -4.97293 -4.86156 -4.7546 -4.6518 -4.55296 -4.45786 -4.36629 -4.27806 -4.193 -4.11092 -4.03168 -3.95512 -3.88109 -3.80946 -3.74009 -3.67288 -3.60771 -3.54446 -3.48305 -3.42337 -3.36534 -3.30887 -3.2539 -3.20034 -3.14812 -3.09718 -3.04746 -2.99891 -2.95146 -2.90507 -2.85968 -2.81526 -2.77176 -2.72914 -2.68736 -2.64639 -2.60618 -2.56672 -2.52796 -2.48988 -2.45244 -2.41563 -2.37942 -2.34378 -2.30869 -2.27413 -2.24007 -2.2065 -2.17339 -2.14072 -2.10848 -2.07665 -2.04521 -2.01414 -1.98343 -1.95306 -1.92301 -1.89328 -1.86384 -1.83469 -1.80582 -1.77722 -1.74889 -1.7209 -1.69412 -1.6772 -1.75827 
0.0883487 0.176563 0.176279 0.175962 0.175611 0.175226 0.174807 0.174352 0.173859 0.173328 0.172756 0.172142 0.171482 0.170774 0.170014 0.169199 0.168323 0.16738 0.166365 0.165269 0.164082 0.162793 0.161388 0.159849 0.158156 0.15628 0.154188 0.151837 0.149171 0.146115 0.142574 0.138413 0.133454 0.127446 0.12003 0.11069 0.0986517 0.0827132 0.0608742 0.0293454 -0.0207682 -0.115361 -0.334228 -0.884073 -2.12593 -4.50846 -8.50397 -14.2664 -19.7083 -23.1046 -24.9997 -25.8344 -25.9048 -25.4203 -24.5485 -23.4389 -22.2137 -20.9665 -19.7646 -18.6496 -17.6412 -16.7441 -15.9537 -15.2613 -14.6569 -14.1313 -13.6764 -13.2857 -12.954 -12.6775 -12.453 -12.2777 -12.1493 -12.0652 -12.0226 -12.0185 -12.0495 -12.1116 -12.2006 -12.312 -12.441 -12.5824 -12.7311 -12.8817 -13.0293 -13.1668 -13.2861 -13.381 -13.4475 -13.4826 -13.4844 -13.452 -13.3852 -13.2846 -13.1516 -12.988 -12.7963 -12.5791 -12.3395 -12.0807 -11.8057 -11.5179 -11.2203 -10.9157 -10.6068 -10.2962 -9.98597 -9.67804 -9.37407 -9.07545 -8.78336 -8.49872 -8.22225 -7.95452 -7.6959 -7.44665 -7.20687 -6.9766 -6.75577 -6.54424 -6.34183 -6.14829 -5.96335 -5.78673 -5.6181 -5.45713 -5.30351 -5.15689 -5.01694 -4.88334 -4.75576 -4.63391 -4.51747 -4.40616 -4.2997 -4.19784 -4.1003 -4.00686 -3.91729 -3.83137 -3.74889 -3.66967 -3.59352 -3.52027 -3.44975 -3.38182 -3.31634 -3.25316 -3.19217 -3.13323 -3.07625 -3.02112 -2.96773 -2.916 -2.86583 -2.81716 -2.76989 -2.72396 -2.67931 -2.63586 -2.59356 -2.55236 -2.51219 -2.47301 -2.43478 -2.39744 -2.36097 -2.3253 -2.29042 -2.25629 -2.22287 -2.19012 -2.15803 -2.12656 -2.09569 -2.06539 -2.03563 -2.0064 -1.97767 -1.94941 -1.92162 -1.89427 -1.86734 -1.84081 -1.81468 -1.78891 -1.7635 -1.73842 -1.71368 -1.68925 -1.66511 -1.64127 -1.61771 -1.59441 -1.57138 -1.54862 -1.52619 -1.50489 -1.49286 -1.5744 
0.0968864 0.193628 0.193322 0.192981 0.192605 0.192194 0.191745 0.191259 0.190733 0.190167 0.189558 0.188905 0.188204 0.187453 0.186648 0.185785 0.18486 0.183866 0.182798 0.181647 0.180404 0.179058 0.177596 0.176 0.174252 0.172327 0.170193 0.167812 0.165135 0.162097 0.158617 0.154584 0.149853 0.144225 0.137426 0.129068 0.118592 0.105161 0.0874463 0.0630863 0.0270023 -0.0343398 -0.160201 -0.451325 -1.09837 -2.36328 -4.51024 -7.60441 -11.0071 -13.9764 -16.3459 -18.1386 -19.4209 -20.2612 -20.7227 -20.8673 -20.7561 -20.4489 -20.002 -19.4654 -18.8805 -18.2789 -17.6832 -17.1086 -16.5645 -16.0565 -15.5874 -15.1588 -14.7712 -14.4247 -14.1193 -13.8544 -13.6297 -13.4441 -13.2966 -13.1856 -13.1088 -13.0636 -13.047 -13.0553 -13.0845 -13.1302 -13.1871 -13.2496 -13.3112 -13.3648 -13.404 -13.4241 -13.421 -13.3912 -13.3327 -13.2438 -13.1243 -12.9745 -12.7955 -12.5891 -12.3577 -12.104 -11.8308 -11.5414 -11.2389 -10.9263 -10.6066 -10.2826 -9.95695 -9.63187 -9.30942 -8.99138 -8.67924 -8.37426 -8.07744 -7.78957 -7.51123 -7.24285 -6.98467 -6.73683 -6.49934 -6.27211 -6.055 -5.84777 -5.65016 -5.46186 -5.28254 -5.11185 -4.94943 -4.79489 -4.64788 -4.50801 -4.37495 -4.24832 -4.1278 -4.01304 -3.90373 -3.79958 -3.70028 -3.60557 -3.51518 -3.42886 -3.34639 -3.26754 -3.1921 -3.11987 -3.05068 -2.98434 -2.9207 -2.85959 -2.80088 -2.74444 -2.69012 -2.63782 -2.58743 -2.53883 -2.49193 -2.44665 -2.40288 -2.36056 -2.3196 -2.27994 -2.24151 -2.20424 -2.16808 -2.13296 -2.09885 -2.06568 -2.03342 -2.00202 -1.97143 -1.94163 -1.91257 -1.88422 -1.85655 -1.82952 -1.80311 -1.77729 -1.75204 -1.72732 -1.70313 -1.67942 -1.65619 -1.63342 -1.61108 -1.58916 -1.56764 -1.54651 -1.52574 -1.50533 -1.48527 -1.46553 -1.4461 -1.42699 -1.40816 -1.38963 -1.37136 -1.35337 -1.33564 -1.31817 -1.30103 -1.28493 -1.27744 -1.35808 
0.105052 0.20995 0.209625 0.209263 0.208865 0.208429 0.207956 0.207443 0.20689 0.206295 0.205655 0.20497 0.204235 0.20345 0.202609 0.201708 0.200744 0.199711 0.198603 0.197411 0.196127 0.194741 0.193239 0.191607 0.189827 0.187876 0.185726 0.183343 0.180685 0.177697 0.174309 0.170433 0.165952 0.160709 0.154497 0.14703 0.137909 0.126556 0.112098 0.0930831 0.0666533 0.0258896 -0.0479753 -0.202274 -0.531335 -1.17619 -2.28892 -3.9369 -5.94286 -8.0098 -9.95299 -11.6877 -13.1835 -14.4355 -15.4502 -16.2399 -16.8217 -17.2159 -17.4459 -17.5366 -17.5134 -17.4007 -17.2202 -16.991 -16.729 -16.4471 -16.1558 -15.8633 -15.576 -15.2992 -15.037 -14.7925 -14.5683 -14.3663 -14.1876 -14.0329 -13.9021 -13.7945 -13.7089 -13.6432 -13.595 -13.5609 -13.5355 -13.5118 -13.4837 -13.4465 -13.3964 -13.3296 -13.243 -13.1343 -13.0015 -12.8436 -12.6604 -12.4524 -12.2207 -11.9671 -11.6939 -11.4034 -11.0984 -10.7819 -10.4566 -10.1254 -9.79089 -9.45557 -9.12169 -8.79124 -8.46596 -8.14734 -7.8366 -7.53474 -7.24255 -6.96058 -6.68924 -6.42876 -6.17924 -5.94068 -5.71295 -5.49588 -5.2892 -5.09261 -4.90578 -4.72833 -4.55988 -4.40004 -4.24839 -4.10455 -3.96811 -3.8387 -3.71592 -3.59942 -3.48885 -3.38387 -3.28416 -3.18942 -3.09935 -3.01368 -2.93215 -2.85451 -2.78054 -2.71002 -2.64274 -2.57852 -2.51716 -2.45852 -2.40241 -2.34871 -2.29727 -2.24795 -2.20064 -2.15523 -2.1116 -2.06967 -2.02932 -1.99048 -1.95307 -1.917 -1.88221 -1.84863 -1.81619 -1.78484 -1.75452 -1.72518 -1.69676 -1.66923 -1.64253 -1.61664 -1.5915 -1.56709 -1.54336 -1.5203 -1.49786 -1.47602 -1.45475 -1.43402 -1.41382 -1.39412 -1.3749 -1.35614 -1.33782 -1.31992 -1.30243 -1.28533 -1.2686 -1.25224 -1.23622 -1.22054 -1.20519 -1.19016 -1.17542 -1.16099 -1.14684 -1.13298 -1.11939 -1.10606 -1.09299 -1.08019 -1.06771 -1.05619 -1.05262 -1.13144 
0.112825 0.225488 0.225145 0.224765 0.224348 0.223893 0.223398 0.222864 0.222288 0.221669 0.221005 0.220295 0.219535 0.218722 0.217854 0.216926 0.215935 0.214873 0.213737 0.212518 0.211208 0.209797 0.208274 0.206625 0.204832 0.202877 0.200735 0.198375 0.195761 0.192848 0.189579 0.18588 0.181658 0.176795 0.171134 0.164464 0.156503 0.14686 0.134964 0.119931 0.100168 0.0721933 0.0272528 -0.0561505 -0.222243 -0.542042 -1.10027 -1.95494 -3.07722 -4.36537 -5.71605 -7.05322 -8.32792 -9.51043 -10.5833 -11.537 -12.3675 -13.0747 -13.6622 -14.1364 -14.5059 -14.7811 -14.9731 -15.0931 -15.1524 -15.1611 -15.1288 -15.0641 -14.9745 -14.8667 -14.7463 -14.6184 -14.4872 -14.3564 -14.2288 -14.1067 -13.9918 -13.8851 -13.787 -13.6972 -13.6146 -13.537 -13.4581 -13.3712 -13.2738 -13.1639 -13.0393 -12.8982 -12.739 -12.5603 -12.3616 -12.1426 -11.9037 -11.6459 -11.3704 -11.0791 -10.7741 -10.4577 -10.1324 -9.80058 -9.46479 -9.12739 -8.7906 -8.45644 -8.12675 -7.80311 -7.48689 -7.17921 -6.88099 -6.59293 -6.31553 -6.04915 -5.79397 -5.55005 -5.31734 -5.0957 -4.8849 -4.68465 -4.49463 -4.31448 -4.1438 -3.98218 -3.8292 -3.68445 -3.54752 -3.41798 -3.29544 -3.17952 -3.06982 -2.96601 -2.86772 -2.77464 -2.68645 -2.60287 -2.5236 -2.44839 -2.37699 -2.30917 -2.24471 -2.18341 -2.12508 -2.06953 -2.0166 -1.96613 -1.91797 -1.872 -1.82807 -1.78607 -1.74589 -1.70742 -1.67057 -1.63524 -1.60134 -1.56881 -1.53756 -1.50752 -1.47863 -1.45083 -1.42405 -1.39825 -1.37338 -1.34938 -1.32621 -1.30384 -1.28222 -1.26132 -1.24109 -1.22152 -1.20256 -1.1842 -1.16639 -1.14912 -1.13237 -1.1161 -1.10031 -1.08496 -1.07005 -1.05554 -1.04144 -1.02772 -1.01436 -1.00137 -0.988711 -0.976388 -0.964387 -0.952699 -0.941315 -0.930228 -0.91943 -0.908916 -0.898678 -0.888713 -0.879014 -0.869577 -0.860398 -0.851477 -0.842865 -0.835149 -0.834775 -0.911252 
0.120189 0.240208 0.23985 0.239455 0.239022 0.23855 0.238039 0.237487 0.236894 0.236257 0.235575 0.234846 0.234068 0.233237 0.23235 0.231404 0.230395 0.229316 0.228164 0.22693 0.225608 0.224188 0.222659 0.22101 0.219224 0.217285 0.21517 0.212855 0.210308 0.207491 0.204357 0.200849 0.196892 0.192395 0.187242 0.18128 0.174311 0.166069 0.156188 0.144131 0.129016 0.109105 0.080392 0.0333943 -0.0517237 -0.20874 -0.482202 -0.912345 -1.51093 -2.25456 -3.10181 -4.0098 -4.94203 -5.86997 -6.77211 -7.63251 -8.43953 -9.185 -9.86366 -10.4727 -11.0115 -11.4813 -11.8848 -12.2257 -12.5086 -12.7385 -12.9207 -13.0603 -13.1626 -13.2324 -13.2743 -13.2925 -13.2907 -13.2725 -13.2409 -13.1985 -13.1474 -13.0891 -13.025 -12.9555 -12.8805 -12.7987 -12.7037 -12.5914 -12.4623 -12.316 -12.152 -11.9698 -11.7695 -11.551 -11.315 -11.0621 -10.7935 -10.5106 -10.215 -9.90872 -9.59376 -9.27228 -8.94647 -8.61846 -8.29034 -7.96405 -7.64136 -7.32389 -7.01304 -6.71 -6.41577 -6.13114 -5.85673 -5.59297 -5.34014 -5.09839 -4.86773 -4.64808 -4.43927 -4.24106 -4.05316 -3.87522 -3.70687 -3.54771 -3.39734 -3.25533 -3.12126 -2.99472 -2.87531 -2.76262 -2.65627 -2.55589 -2.46113 -2.37165 -2.28712 -2.20724 -2.13173 -2.06031 -1.99273 -1.92875 -1.86814 -1.8107 -1.75622 -1.70452 -1.65542 -1.60878 -1.56443 -1.52224 -1.48208 -1.44382 -1.40734 -1.37255 -1.33935 -1.30764 -1.27733 -1.24834 -1.22061 -1.19406 -1.16862 -1.14423 -1.12084 -1.09839 -1.07683 -1.05612 -1.0362 -1.01705 -0.998621 -0.980876 -0.963782 -0.947307 -0.931423 -0.916099 -0.901311 -0.887033 -0.873243 -0.859917 -0.847035 -0.834579 -0.82253 -0.810872 -0.799588 -0.788665 -0.778088 -0.767846 -0.757927 -0.748321 -0.739018 -0.730011 -0.721292 -0.712855 -0.704693 -0.696803 -0.689179 -0.681819 -0.67472 -0.667878 -0.661292 -0.654959 -0.648877 -0.643047 -0.637515 -0.63282 -0.634928 -0.708841 
0.127131 0.254087 0.253716 0.253308 0.252862 0.252377 0.251853 0.251288 0.250682 0.250033 0.249339 0.248598 0.247808 0.246966 0.246069 0.245114 0.244096 0.243011 0.241854 0.240618 0.239296 0.23788 0.236361 0.234726 0.232964 0.231057 0.228989 0.226736 0.224273 0.221569 0.218584 0.215274 0.21158 0.207433 0.202746 0.19741 0.191286 0.184196 0.175904 0.166088 0.154258 0.139549 0.12015 0.0919756 0.0464484 -0.0317288 -0.164578 -0.37607 -0.682752 -1.08721 -1.57952 -2.14273 -2.75772 -3.40613 -4.07161 -4.74014 -5.39998 -6.04146 -6.6568 -7.23993 -7.78636 -8.29303 -8.75811 -9.18089 -9.56155 -9.90099 -10.2007 -10.4625 -10.6887 -10.8814 -11.0431 -11.1761 -11.2828 -11.3652 -11.4255 -11.4655 -11.4866 -11.4903 -11.4775 -11.4489 -11.4047 -11.3439 -11.2627 -11.159 -11.0342 -10.8887 -10.723 -10.5378 -10.334 -10.1127 -9.8751 -9.62282 -9.35745 -9.08079 -8.79475 -8.50132 -8.2025 -7.9003 -7.59667 -7.29347 -6.99245 -6.69517 -6.40308 -6.11742 -5.83925 -5.56946 -5.30874 -5.05765 -4.81655 -4.58571 -4.36522 -4.15511 -3.95528 -3.76557 -3.58573 -3.4155 -3.25454 -3.1025 -2.959 -2.82366 -2.69608 -2.57586 -2.46261 -2.35594 -2.25549 -2.16088 -2.07178 -1.98784 -1.90875 -1.83421 -1.76393 -1.69764 -1.6351 -1.57605 -1.52028 -1.46758 -1.41775 -1.37061 -1.32598 -1.28372 -1.24366 -1.20568 -1.16963 -1.13541 -1.10289 -1.07198 -1.04257 -1.01458 -0.987923 -0.962519 -0.938294 -0.915181 -0.893117 -0.872041 -0.851899 -0.832639 -0.814213 -0.796575 -0.779684 -0.7635 -0.747987 -0.73311 -0.718836 -0.705136 -0.691981 -0.679344 -0.6672 -0.655526 -0.644301 -0.633502 -0.62311 -0.613108 -0.603479 -0.594206 -0.585274 -0.576669 -0.56838 -0.560394 -0.5527 -0.545288 -0.538151 -0.53128 -0.524668 -0.518311 -0.512202 -0.50634 -0.50072 -0.495341 -0.490201 -0.4853 -0.480638 -0.476216 -0.472032 -0.468089 -0.464386 -0.460926 -0.457753 -0.455367 -0.459323 -0.530668 
0.133645 0.267108 0.266727 0.266308 0.265852 0.265357 0.264824 0.264251 0.263637 0.26298 0.262279 0.261532 0.260737 0.259891 0.258992 0.258035 0.257018 0.255936 0.254784 0.253556 0.252246 0.250847 0.24935 0.247744 0.246018 0.24416 0.242152 0.239977 0.237612 0.235032 0.232205 0.229096 0.22566 0.221844 0.217583 0.2128 0.207398 0.201258 0.194229 0.186117 0.17665 0.165396 0.15154 0.133351 0.107232 0.0665394 0.000993334 -0.102196 -0.255059 -0.465303 -0.734795 -1.06025 -1.43489 -1.85012 -2.29672 -2.76558 -3.24811 -3.73649 -4.22372 -4.70368 -5.17117 -5.62186 -6.05226 -6.45967 -6.84208 -7.19814 -7.52703 -7.82836 -8.10213 -8.34862 -8.56831 -8.76186 -8.93 -9.07351 -9.19317 -9.28975 -9.36392 -9.41629 -9.44732 -9.45735 -9.44652 -9.41449 -9.36008 -9.28278 -9.18328 -9.06236 -8.92096 -8.76022 -8.58146 -8.38614 -8.17591 -7.95249 -7.71773 -7.47354 -7.22183 -6.96453 -6.70354 -6.44066 -6.17763 -5.91604 -5.65736 -5.4029 -5.15379 -4.91103 -4.67543 -4.44765 -4.2282 -4.01745 -3.81565 -3.62292 -3.4393 -3.26472 -3.09906 -2.94212 -2.79367 -2.65342 -2.52106 -2.39627 -2.2787 -2.16801 -2.06384 -1.96585 -1.87369 -1.78704 -1.70556 -1.62894 -1.5569 -1.48913 -1.42538 -1.36539 -1.30891 -1.25573 -1.20562 -1.1584 -1.11386 -1.07184 -1.03217 -0.994701 -0.959291 -0.925809 -0.894129 -0.864139 -0.83573 -0.808804 -0.783269 -0.759038 -0.736033 -0.714178 -0.693405 -0.67365 -0.654852 -0.636956 -0.619911 -0.603667 -0.58818 -0.573409 -0.559313 -0.545857 -0.533006 -0.520728 -0.508993 -0.497774 -0.487045 -0.47678 -0.466957 -0.457554 -0.448552 -0.43993 -0.431671 -0.423758 -0.416176 -0.40891 -0.401945 -0.395269 -0.38887 -0.382738 -0.37686 -0.37123 -0.365837 -0.360676 -0.355739 -0.351021 -0.346518 -0.342226 -0.338144 -0.334269 -0.330602 -0.327143 -0.323894 -0.320856 -0.318032 -0.315426 -0.313041 -0.310879 -0.308944 -0.307243 -0.305817 -0.305137 -0.310412 -0.379327 
0.139726 0.279266 0.278875 0.278448 0.277984 0.277483 0.276944 0.276366 0.275748 0.275088 0.274386 0.273638 0.272844 0.272001 0.271105 0.270155 0.269146 0.268075 0.266937 0.265728 0.26444 0.263068 0.261603 0.260038 0.258362 0.256563 0.254628 0.252541 0.250285 0.247837 0.245174 0.242266 0.23908 0.235575 0.231703 0.22741 0.222627 0.217276 0.21126 0.204461 0.196729 0.187845 0.177442 0.164796 0.148434 0.125573 0.0916544 0.0404052 -0.0352077 -0.141476 -0.282697 -0.460661 -0.674798 -0.922675 -1.20058 -1.504 -1.82806 -2.16776 -2.51818 -2.87466 -3.23285 -3.58878 -3.93894 -4.28023 -4.61001 -4.92603 -5.22646 -5.5098 -5.77486 -6.02072 -6.24668 -6.45224 -6.63702 -6.80077 -6.94333 -7.06457 -7.16443 -7.24285 -7.29978 -7.33517 -7.34898 -7.3413 -7.31294 -7.26438 -7.19563 -7.10743 -7.00073 -6.87664 -6.73644 -6.58156 -6.41355 -6.23403 -6.04473 -5.84737 -5.64368 -5.43538 -5.22411 -5.01143 -4.79882 -4.5876 -4.379 -4.17407 -3.97375 -3.77881 -3.5899 -3.40753 -3.23209 -3.06384 -2.90295 -2.74951 -2.60351 -2.46487 -2.33349 -2.20917 -2.09172 -1.98089 -1.87641 -1.77803 -1.68544 -1.59837 -1.51652 -1.43961 -1.36736 -1.2995 -1.23576 -1.1759 -1.11967 -1.06684 -1.0172 -0.970535 -0.926661 -0.885393 -0.846561 -0.810005 -0.775575 -0.743133 -0.712549 -0.6837 -0.656475 -0.630769 -0.606483 -0.583527 -0.561817 -0.541274 -0.521825 -0.503402 -0.485943 -0.469389 -0.453686 -0.438782 -0.424631 -0.41119 -0.398417 -0.386275 -0.374728 -0.363744 -0.353292 -0.343342 -0.333869 -0.324847 -0.316253 -0.308066 -0.300263 -0.292827 -0.28574 -0.278983 -0.272541 -0.2664 -0.260544 -0.254962 -0.249639 -0.244565 -0.239728 -0.235119 -0.230727 -0.226545 -0.222563 -0.218776 -0.215177 -0.211761 -0.208523 -0.205459 -0.202569 -0.199848 -0.197299 -0.194921 -0.192716 -0.190687 -0.188838 -0.187173 -0.185697 -0.184416 -0.183336 -0.182464 -0.181804 -0.181367 -0.181195 -0.181733 -0.187912 -0.254617 
0.145375 0.290559 0.290161 0.289728 0.289259 0.288754 0.288212 0.287633 0.287015 0.286356 0.285656 0.284913 0.284125 0.28329 0.282405 0.281467 0.280474 0.279421 0.278305 0.277121 0.275864 0.274528 0.273106 0.271591 0.269973 0.268244 0.266391 0.264401 0.26226 0.259951 0.257453 0.254744 0.251797 0.248583 0.245067 0.241208 0.236959 0.232269 0.227074 0.221305 0.214875 0.207674 0.199535 0.190157 0.178949 0.164784 0.145728 0.118906 0.080687 0.0271937 -0.045078 -0.138763 -0.255378 -0.395305 -0.557908 -0.741733 -0.944703 -1.16431 -1.39776 -1.64214 -1.89449 -2.1519 -2.41158 -2.67089 -2.9274 -3.17888 -3.4233 -3.65887 -3.88398 -4.09722 -4.29734 -4.48325 -4.65401 -4.80877 -4.94682 -5.06751 -5.17029 -5.25469 -5.32031 -5.36683 -5.39404 -5.40205 -5.39271 -5.36726 -5.32542 -5.26764 -5.19465 -5.10732 -5.0067 -4.89395 -4.77034 -4.6372 -4.49593 -4.34793 -4.19463 -4.0374 -3.87757 -3.7164 -3.55507 -3.39465 -3.23609 -3.08027 -2.92789 -2.77959 -2.63587 -2.49712 -2.36366 -2.23569 -2.11335 -1.9967 -1.88573 -1.7804 -1.68061 -1.58623 -1.49708 -1.413 -1.33378 -1.2592 -1.18906 -1.12313 -1.06118 -1.00301 -0.948387 -0.897115 -0.84899 -0.803819 -0.761418 -0.721613 -0.684236 -0.649132 -0.616153 -0.58516 -0.556023 -0.52862 -0.502838 -0.47857 -0.455717 -0.434186 -0.413893 -0.394756 -0.376702 -0.359662 -0.34357 -0.328368 -0.314 -0.300415 -0.287565 -0.275405 -0.263895 -0.252995 -0.24267 -0.232887 -0.223616 -0.214827 -0.206493 -0.19859 -0.191095 -0.183985 -0.177241 -0.170843 -0.164774 -0.159017 -0.153556 -0.148376 -0.143464 -0.138807 -0.134392 -0.130208 -0.126243 -0.122488 -0.118933 -0.115568 -0.112384 -0.109375 -0.106532 -0.103849 -0.10132 -0.0989392 -0.0967023 -0.0946055 -0.092646 -0.0908218 -0.0891323 -0.0875774 -0.0861584 -0.0848778 -0.0837389 -0.0827465 -0.0819062 -0.0812244 -0.0807087 -0.080367 -0.0802079 -0.08024 -0.0804722 -0.0809157 -0.0816151 -0.0829955 -0.0897642 -0.154516 
0.150595 0.300996 0.300593 0.300155 0.299684 0.299177 0.298635 0.298057 0.297442 0.296788 0.296095 0.295361 0.294583 0.293761 0.292891 0.291972 0.291 0.289972 0.288884 0.287733 0.286514 0.285221 0.283849 0.282391 0.28084 0.279187 0.277423 0.275536 0.273515 0.271346 0.269013 0.266498 0.26378 0.260838 0.257645 0.254173 0.250388 0.246256 0.241737 0.236788 0.231359 0.225393 0.218815 0.211501 0.203217 0.193522 0.181628 0.166291 0.145794 0.118072 0.0809437 0.0323814 -0.0292746 -0.105177 -0.195919 -0.301544 -0.421597 -0.555203 -0.701137 -0.857915 -1.02386 -1.19718 -1.37601 -1.55848 -1.74273 -1.92696 -2.10944 -2.28854 -2.46273 -2.63055 -2.79069 -2.94191 -3.08307 -3.21314 -3.33118 -3.43634 -3.52786 -3.60508 -3.66744 -3.71448 -3.74592 -3.76173 -3.76386 -3.75387 -3.73163 -3.69739 -3.65158 -3.5948 -3.5278 -3.45141 -3.36657 -3.27428 -3.17557 -3.0715 -2.96312 -2.85147 -2.73755 -2.62232 -2.50665 -2.39136 -2.27718 -2.16476 -2.05466 -1.94735 -1.84323 -1.7426 -1.64571 -1.55273 -1.46377 -1.37888 -1.29809 -1.22136 -1.14862 -1.0798 -1.01478 -0.953429 -0.89561 -0.841173 -0.789963 -0.741822 -0.696592 -0.654115 -0.614236 -0.576807 -0.54168 -0.508718 -0.477786 -0.448757 -0.42151 -0.395932 -0.371915 -0.349358 -0.328166 -0.30825 -0.289527 -0.27192 -0.255356 -0.239767 -0.225091 -0.211269 -0.198247 -0.185974 -0.174403 -0.163491 -0.153197 -0.143484 -0.134315 -0.125659 -0.117486 -0.109768 -0.102477 -0.0955912 -0.0890864 -0.082942 -0.0771383 -0.0716571 -0.0664813 -0.0615949 -0.0569828 -0.0526312 -0.0485268 -0.0446572 -0.0410108 -0.0375766 -0.0343441 -0.0313035 -0.0284455 -0.0257611 -0.0232421 -0.0208803 -0.0186683 -0.016599 -0.0146656 -0.012862 -0.0111824 -0.00962162 -0.00817502 -0.00683863 -0.00560918 -0.00448417 -0.00346197 -0.00254187 -0.00172418 -0.00101027 -0.000402659 9.49689e-05 0.00047774 0.000739592 0.000873321 0.00087065 0.000722348 0.000418394 -5.18236e-05 -0.000699263 -0.00153516 -0.00257331 -0.00385929 -0.00580377 -0.0129346 -0.0759987 
0.155394 0.310592 0.310184 0.309744 0.309271 0.308765 0.308226 0.307652 0.307042 0.306397 0.305713 0.304991 0.304228 0.303423 0.302573 0.301676 0.30073 0.299732 0.298678 0.297565 0.296389 0.295146 0.293829 0.292435 0.290955 0.289384 0.287713 0.285933 0.284034 0.282005 0.279833 0.277505 0.275005 0.272316 0.269418 0.266291 0.262912 0.259257 0.255301 0.251016 0.246374 0.241346 0.235897 0.229976 0.223495 0.216286 0.208042 0.198253 0.18616 0.170769 0.150907 0.125334 0.0928587 0.0524407 0.00327151 -0.0551813 -0.123156 -0.200602 -0.287199 -0.382388 -0.485406 -0.595325 -0.711085 -0.831532 -0.955449 -1.08158 -1.20866 -1.33543 -1.46065 -1.58311 -1.70165 -1.81516 -1.92259 -2.02294 -2.11529 -2.1988 -2.2727 -2.3363 -2.38903 -2.43042 -2.46013 -2.47808 -2.48579 -2.48475 -2.47505 -2.45685 -2.43042 -2.39611 -2.35441 -2.30585 -2.25109 -2.19079 -2.12568 -2.05649 -1.98397 -1.90884 -1.83181 -1.75356 -1.67473 -1.59588 -1.51756 -1.44023 -1.3643 -1.29012 -1.21799 -1.14815 -1.08077 -1.016 -0.953937 -0.894629 -0.838099 -0.784342 -0.733327 -0.685001 -0.639297 -0.596134 -0.55542 -0.517057 -0.480943 -0.446972 -0.415037 -0.385032 -0.356852 -0.330394 -0.305558 -0.282248 -0.260373 -0.239845 -0.220579 -0.202496 -0.185523 -0.169587 -0.154624 -0.14057 -0.127368 -0.114963 -0.103305 -0.092345 -0.08204 -0.0723485 -0.0632322 -0.0546554 -0.0465848 -0.0389898 -0.0318416 -0.0251135 -0.0187809 -0.0128208 -0.00721158 -0.00193352 0.00303193 0.007702 0.0120927 0.0162191 0.0200951 0.0237338 0.0271473 0.0303472 0.0333441 0.0361482 0.0387691 0.0412156 0.0434964 0.0456196 0.0475928 0.0494235 0.0511187 0.0526851 0.0541292 0.0554571 0.0566747 0.0577875 0.0588008 0.0597196 0.0605482 0.0612909 0.061951 0.0625317 0.0630352 0.0634631 0.0638162 0.0640942 0.064296 0.0644192 0.0644603 0.0644147 0.0642764 0.0640382 0.0636915 0.0632267 0.0626331 0.0618991 0.0610122 0.0599595 0.0587277 0.057301 0.0556326 0.0533232 0.0459866 -0.0156443 
0.159782 0.319366 0.318955 0.318514 0.318041 0.317538 0.317003 0.316435 0.315834 0.315199 0.314528 0.313821 0.313075 0.31229 0.311463 0.310593 0.309677 0.308712 0.307696 0.306626 0.305497 0.304307 0.303051 0.301723 0.300319 0.298832 0.297256 0.295584 0.293807 0.291917 0.289903 0.287754 0.285459 0.283004 0.280375 0.277558 0.274535 0.271292 0.26781 0.264073 0.260064 0.255769 0.25117 0.246249 0.240973 0.235283 0.229066 0.222123 0.214141 0.204677 0.193162 0.178935 0.161289 0.139525 0.113004 0.0811928 0.0436922 0.000259831 -0.0491836 -0.104554 -0.165615 -0.231984 -0.303157 -0.378523 -0.457379 -0.538957 -0.622431 -0.706943 -0.791611 -0.875545 -0.957857 -1.03767 -1.11415 -1.18645 -1.25383 -1.31553 -1.37091 -1.41936 -1.46037 -1.49352 -1.51847 -1.53513 -1.54449 -1.54777 -1.54521 -1.5369 -1.52301 -1.50375 -1.47941 -1.45033 -1.4169 -1.37956 -1.33878 -1.29504 -1.24883 -1.20065 -1.15095 -1.10021 -1.04885 -0.99726 -0.945818 -0.894846 -0.844632 -0.795426 -0.74744 -0.700846 -0.655784 -0.612361 -0.570654 -0.530714 -0.492568 -0.456223 -0.421669 -0.388881 -0.357822 -0.328444 -0.300696 -0.274515 -0.24984 -0.226603 -0.204738 -0.184175 -0.164848 -0.14669 -0.129636 -0.113623 -0.0985906 -0.0844806 -0.0712376 -0.058809 -0.0471449 -0.0361982 -0.0259244 -0.0162817 -0.00723098 0.00126453 0.00923922 0.0167252 0.0237525 0.0303491 0.036541 0.0423526 0.0478065 0.0529237 0.0577238 0.0622251 0.0664445 0.0703977 0.0740996 0.0775636 0.0808026 0.0838284 0.0866522 0.0892842 0.0917341 0.0940111 0.0961235 0.0980796 0.0998867 0.101552 0.103083 0.104485 0.105765 0.106928 0.107981 0.108929 0.109777 0.110531 0.111195 0.111775 0.112274 0.112698 0.11305 0.113335 0.113556 0.113716 0.113819 0.113866 0.11386 0.1138 0.113687 0.113521 0.113299 0.113018 0.112675 0.112263 0.111776 0.111205 0.110541 0.109774 0.108891 0.10788 0.106725 0.105414 0.103931 0.102258 0.100348 0.09781 0.0903694 0.0299384 
0.163772 0.327344 0.326931 0.32649 0.326019 0.32552 0.32499 0.324431 0.32384 0.323217 0.322561 0.321871 0.321146 0.320383 0.319582 0.318741 0.317858 0.316929 0.315954 0.314929 0.313851 0.312717 0.311523 0.310264 0.308937 0.307537 0.306057 0.304492 0.302835 0.30108 0.299217 0.297239 0.295136 0.292898 0.290515 0.287975 0.285268 0.282382 0.279304 0.276026 0.272537 0.268829 0.264894 0.260726 0.256315 0.251643 0.246672 0.241331 0.2355 0.228995 0.221564 0.212888 0.202596 0.190289 0.175563 0.158035 0.137369 0.113299 0.0856343 0.0542801 0.0192346 -0.0194077 -0.0614601 -0.10665 -0.154625 -0.204965 -0.257191 -0.310776 -0.365152 -0.419727 -0.473888 -0.527017 -0.578496 -0.627718 -0.674095 -0.717071 -0.756127 -0.790792 -0.820652 -0.84536 -0.864648 -0.878383 -0.88715 -0.891844 -0.892766 -0.889958 -0.88351 -0.87355 -0.860244 -0.843794 -0.824436 -0.802433 -0.778071 -0.75165 -0.723479 -0.693867 -0.663119 -0.631529 -0.599377 -0.566925 -0.534412 -0.502059 -0.470059 -0.438582 -0.407776 -0.377763 -0.348643 -0.320497 -0.293385 -0.26735 -0.242419 -0.218606 -0.195912 -0.17433 -0.153843 -0.134426 -0.116052 -0.0986859 -0.0822919 -0.066831 -0.0522628 -0.0385463 -0.0256404 -0.013504 -0.00209688 0.00862015 0.0186852 0.0281349 0.0370045 0.0453276 0.053136 0.0604602 0.0673288 0.0737688 0.0798057 0.0854634 0.0907644 0.0957296 0.100379 0.10473 0.108802 0.112608 0.116166 0.119487 0.122586 0.125475 0.128165 0.130666 0.132988 0.13514 0.137131 0.138969 0.140661 0.142215 0.143636 0.144931 0.146106 0.147166 0.148117 0.148964 0.149711 0.150364 0.150926 0.151402 0.151797 0.152114 0.152358 0.152533 0.152642 0.152691 0.152682 0.152619 0.152506 0.152346 0.152142 0.151897 0.151613 0.151291 0.150934 0.150541 0.150111 0.149645 0.149138 0.148589 0.14799 0.147338 0.146624 0.145838 0.144972 0.144012 0.142947 0.141762 0.140441 0.13897 0.137332 0.135507 0.133448 0.130769 0.123286 0.0638475 
0.167378 0.334556 0.334142 0.333702 0.333235 0.33274 0.332218 0.331667 0.331088 0.330479 0.32984 0.329169 0.328465 0.327727 0.326954 0.326144 0.325295 0.324405 0.323472 0.322494 0.321468 0.320391 0.319261 0.318072 0.316823 0.315508 0.314124 0.312664 0.311124 0.309498 0.30778 0.305963 0.304039 0.302002 0.299842 0.297553 0.295125 0.292551 0.289823 0.286934 0.283878 0.280651 0.277249 0.273672 0.269917 0.265982 0.261857 0.257521 0.252932 0.248023 0.242689 0.236791 0.230153 0.222572 0.213825 0.203683 0.191924 0.178347 0.162784 0.145109 0.125246 0.103173 0.0789257 0.0525974 0.0243375 -0.00565156 -0.0371186 -0.069769 -0.103271 -0.137262 -0.171355 -0.205148 -0.238227 -0.27018 -0.300598 -0.329087 -0.355276 -0.378822 -0.39942 -0.416807 -0.430777 -0.441208 -0.448384 -0.452925 -0.455126 -0.454993 -0.452569 -0.447924 -0.441151 -0.432366 -0.421703 -0.409315 -0.395371 -0.380047 -0.36353 -0.346006 -0.327664 -0.308685 -0.289244 -0.269506 -0.249626 -0.229744 -0.209986 -0.190466 -0.171281 -0.152515 -0.13424 -0.116511 -0.099374 -0.0828637 -0.067004 -0.05181 -0.0372893 -0.0234425 -0.0102647 0.00225391 0.0141271 0.0253718 0.0360072 0.0460546 0.0555363 0.0644758 0.0728968 0.0808231 0.0882785 0.0952864 0.10187 0.10805 0.11385 0.11929 0.124388 0.129165 0.133638 0.137823 0.141738 0.145396 0.148813 0.152 0.154972 0.15774 0.160314 0.162705 0.164923 0.166976 0.168873 0.170622 0.17223 0.173704 0.175051 0.176275 0.177384 0.178381 0.179273 0.180063 0.180756 0.181356 0.181868 0.182295 0.18264 0.182908 0.183101 0.183224 0.183279 0.183271 0.183201 0.183074 0.182893 0.182662 0.182383 0.18206 0.181696 0.181294 0.180858 0.18039 0.179894 0.17937 0.178822 0.17825 0.177655 0.177038 0.176398 0.175732 0.175039 0.174314 0.173551 0.172745 0.171886 0.170966 0.169973 0.168894 0.167717 0.166425 0.165004 0.163435 0.161703 0.159785 0.157634 0.154871 0.147377 0.0887499 
0.170619 0.341037 0.340623 0.340184 0.33972 0.339232 0.338717 0.338177 0.337611 0.337017 0.336395 0.335744 0.335063 0.334351 0.333606 0.332828 0.332015 0.331164 0.330275 0.329345 0.328371 0.327352 0.326285 0.325167 0.323994 0.322764 0.321472 0.320114 0.318687 0.317185 0.315603 0.313937 0.31218 0.310327 0.308371 0.306307 0.304128 0.301828 0.299403 0.296848 0.294159 0.291333 0.288369 0.285269 0.282033 0.278663 0.275161 0.271522 0.267737 0.263784 0.259625 0.255207 0.250453 0.24527 0.239549 0.233169 0.226002 0.217927 0.208826 0.198603 0.18718 0.174506 0.160564 0.145368 0.128968 0.111446 0.0929227 0.0735467 0.0534977 0.0329804 0.0122216 -0.00853498 -0.0290337 -0.0490119 -0.068206 -0.0863569 -0.103216 -0.118551 -0.13215 -0.143832 -0.153445 -0.16089 -0.166258 -0.16998 -0.17232 -0.173237 -0.172752 -0.170901 -0.167733 -0.163313 -0.157715 -0.151025 -0.143339 -0.134757 -0.125388 -0.11534 -0.104725 -0.0936509 -0.082224 -0.0705454 -0.0587098 -0.0468054 -0.0349122 -0.0231026 -0.0114405 1.86131e-05 0.011227 0.0221448 0.0327394 0.042985 0.052862 0.0623564 0.071459 0.0801652 0.0884742 0.0963882 0.103912 0.111053 0.117821 0.124226 0.130279 0.135992 0.14138 0.146454 0.151228 0.155715 0.159929 0.163883 0.167588 0.171057 0.174303 0.177335 0.180165 0.182803 0.185259 0.187542 0.18966 0.191623 0.193437 0.195111 0.19665 0.198062 0.199352 0.200526 0.201589 0.202546 0.203402 0.204162 0.204829 0.205407 0.205899 0.20631 0.206642 0.206898 0.207082 0.207196 0.207243 0.207225 0.207146 0.207008 0.206812 0.206563 0.206263 0.205914 0.205519 0.205081 0.204603 0.204087 0.203537 0.202955 0.202344 0.201708 0.201049 0.200369 0.199671 0.198958 0.19823 0.19749 0.196737 0.195971 0.195192 0.194396 0.193582 0.192744 0.191877 0.190974 0.190025 0.189022 0.187951 0.1868 0.185555 0.1842 0.182717 0.181089 0.179298 0.177323 0.175114 0.172296 0.164807 0.106834 
0.173512 0.346822 0.346408 0.345972 0.345513 0.345031 0.344525 0.343996 0.343442 0.342864 0.34226 0.34163 0.340972 0.340287 0.339571 0.338826 0.338048 0.337237 0.336391 0.335509 0.334588 0.333626 0.332622 0.331572 0.330474 0.329325 0.328122 0.326863 0.325542 0.324157 0.322704 0.321178 0.319575 0.317891 0.31612 0.314258 0.312301 0.310244 0.308084 0.305817 0.303441 0.300955 0.298358 0.295652 0.292838 0.289921 0.286903 0.283788 0.280577 0.277266 0.273844 0.270295 0.266591 0.262693 0.258554 0.254116 0.249317 0.244089 0.238366 0.232085 0.225193 0.217647 0.209418 0.200496 0.190889 0.180625 0.169754 0.158346 0.146491 0.134297 0.121888 0.109403 0.09699 0.0848064 0.073012 0.0617671 0.0512281 0.0415435 0.0328499 0.0252685 0.0189011 0.0138218 0.0100312 0.00724937 0.0052668 0.00412634 0.00382341 0.00434256 0.00565902 0.00773967 0.010544 0.0140251 0.0181304 0.0228032 0.0279832 0.0336079 0.0396137 0.0459374 0.0525166 0.0592912 0.0662041 0.0732014 0.0802337 0.0872556 0.0942264 0.10111 0.107875 0.114494 0.120945 0.127208 0.133269 0.139116 0.144741 0.150137 0.155301 0.160232 0.164932 0.1694 0.173643 0.177662 0.181465 0.185057 0.188444 0.191633 0.194631 0.197445 0.200084 0.202552 0.204859 0.20701 0.209012 0.210873 0.212597 0.214192 0.215662 0.217015 0.218253 0.219384 0.220411 0.221338 0.222171 0.222912 0.223566 0.224137 0.224626 0.225038 0.225375 0.225641 0.225837 0.225966 0.22603 0.226032 0.225974 0.225857 0.225684 0.225457 0.225177 0.224847 0.224469 0.224044 0.223574 0.223063 0.222511 0.221921 0.221296 0.220638 0.219949 0.219233 0.218491 0.217727 0.216944 0.216143 0.215328 0.214502 0.213666 0.212822 0.211973 0.211118 0.210259 0.209394 0.208523 0.207643 0.206751 0.205842 0.204909 0.203945 0.202942 0.201887 0.200769 0.199575 0.198288 0.196894 0.195373 0.193707 0.191879 0.189865 0.187616 0.18476 0.177277 0.119823 
0.176077 0.351953 0.351539 0.351106 0.350651 0.350176 0.349679 0.349161 0.348622 0.348059 0.347473 0.346864 0.34623 0.34557 0.344884 0.344171 0.343429 0.342657 0.341854 0.341018 0.340148 0.339242 0.338298 0.337315 0.336289 0.335218 0.334101 0.332934 0.331714 0.330439 0.329105 0.32771 0.326248 0.324718 0.323114 0.321435 0.319676 0.317834 0.315906 0.31389 0.311784 0.309588 0.307302 0.304927 0.302465 0.299919 0.297295 0.294595 0.291825 0.288986 0.28608 0.283104 0.280051 0.276908 0.273658 0.270277 0.266738 0.263009 0.259057 0.254848 0.250351 0.245537 0.240387 0.234886 0.229029 0.222825 0.21629 0.209456 0.202364 0.195069 0.187635 0.180136 0.172656 0.165281 0.158105 0.151221 0.144724 0.138702 0.13324 0.128414 0.124289 0.120915 0.118309 0.116324 0.11482 0.113803 0.113277 0.113238 0.113674 0.114571 0.115908 0.117659 0.119796 0.122289 0.125103 0.128203 0.131554 0.135119 0.138862 0.142748 0.146744 0.150816 0.154934 0.159071 0.163201 0.1673 0.171349 0.175329 0.179224 0.183021 0.186709 0.190279 0.193724 0.197038 0.200217 0.203259 0.206162 0.208926 0.211551 0.21404 0.216393 0.218613 0.220703 0.222666 0.224506 0.226227 0.227831 0.229323 0.230706 0.231985 0.233163 0.234244 0.235231 0.236127 0.236937 0.237663 0.238308 0.238875 0.239368 0.239788 0.240138 0.240421 0.240639 0.240793 0.240887 0.240921 0.240897 0.240818 0.240685 0.240499 0.240262 0.239975 0.23964 0.239259 0.238832 0.238361 0.237847 0.237292 0.236698 0.236067 0.235399 0.234697 0.233962 0.233198 0.232405 0.231587 0.230746 0.229883 0.229003 0.228107 0.227198 0.22628 0.225354 0.224422 0.223488 0.222553 0.221618 0.220685 0.219753 0.218822 0.21789 0.216954 0.216011 0.215056 0.214082 0.213081 0.212044 0.210958 0.209811 0.20859 0.207277 0.205857 0.204311 0.202619 0.200764 0.198721 0.196441 0.193555 0.186075 0.129021 
0.178335 0.356469 0.356057 0.355626 0.355176 0.354708 0.354221 0.353714 0.353188 0.352641 0.352073 0.351484 0.350873 0.35024 0.349582 0.348901 0.348193 0.347459 0.346698 0.345907 0.345087 0.344234 0.343348 0.342428 0.34147 0.340474 0.339437 0.338357 0.337232 0.336059 0.334835 0.333559 0.332227 0.330837 0.329385 0.327869 0.326286 0.324634 0.322911 0.321114 0.319243 0.317298 0.315277 0.313183 0.311018 0.308784 0.306486 0.304127 0.301712 0.299246 0.296732 0.294174 0.291572 0.288925 0.286229 0.283477 0.280659 0.277763 0.274775 0.271679 0.26846 0.265105 0.261599 0.257935 0.254107 0.250115 0.245966 0.241673 0.237253 0.232735 0.228149 0.223534 0.218934 0.214396 0.209973 0.205716 0.201679 0.197915 0.194471 0.191394 0.188723 0.186491 0.184712 0.183314 0.18221 0.181394 0.180869 0.180633 0.180682 0.181008 0.1816 0.182447 0.183532 0.184839 0.186349 0.188042 0.189899 0.191897 0.194018 0.196239 0.198541 0.200905 0.203311 0.205743 0.208184 0.21062 0.213037 0.215423 0.217767 0.220061 0.222295 0.224464 0.226561 0.228582 0.230523 0.232381 0.234154 0.235841 0.237441 0.238953 0.240379 0.241718 0.242973 0.244143 0.24523 0.246237 0.247164 0.248014 0.248788 0.249489 0.250119 0.250679 0.251171 0.251598 0.251961 0.252262 0.252503 0.252685 0.252811 0.25288 0.252896 0.25286 0.252772 0.252634 0.252448 0.252213 0.251933 0.251607 0.251236 0.250822 0.250366 0.249868 0.24933 0.248753 0.248137 0.247485 0.246796 0.246073 0.245316 0.244528 0.243709 0.242862 0.241989 0.24109 0.240169 0.239228 0.23827 0.237296 0.236309 0.235312 0.234308 0.2333 0.23229 0.23128 0.230273 0.22927 0.228273 0.227283 0.226299 0.225321 0.224347 0.223374 0.222398 0.221414 0.220413 0.219389 0.21833 0.217225 0.216061 0.214822 0.213493 0.212056 0.210491 0.20878 0.206903 0.204836 0.20253 0.199617 0.192132 0.135375 
0.180307 0.360413 0.360002 0.359574 0.35913 0.358669 0.358191 0.357695 0.357182 0.35665 0.356101 0.355532 0.354943 0.354334 0.353705 0.353053 0.352379 0.351682 0.35096 0.350213 0.349439 0.348637 0.347806 0.346945 0.346052 0.345125 0.344163 0.343164 0.342126 0.341048 0.339926 0.338759 0.337545 0.336281 0.334966 0.333596 0.332171 0.330687 0.329143 0.327539 0.325872 0.324143 0.322352 0.3205 0.318588 0.316618 0.314595 0.312521 0.310402 0.30824 0.306042 0.303811 0.301552 0.299266 0.296955 0.29462 0.292259 0.289869 0.287446 0.284986 0.282481 0.279927 0.277318 0.27465 0.27192 0.269128 0.266276 0.26337 0.260419 0.257436 0.254435 0.251438 0.248467 0.245546 0.242704 0.23997 0.237371 0.234938 0.232699 0.23068 0.228903 0.227388 0.226146 0.225141 0.22432 0.223673 0.223204 0.222911 0.222793 0.222846 0.223063 0.223439 0.223964 0.224629 0.225423 0.226337 0.227356 0.228471 0.229667 0.230933 0.232258 0.233628 0.235032 0.23646 0.237901 0.239346 0.240786 0.242212 0.243617 0.244995 0.246339 0.247645 0.248908 0.250124 0.251291 0.252405 0.253464 0.254467 0.255413 0.2563 0.257128 0.257897 0.258607 0.259258 0.259851 0.260386 0.260864 0.261285 0.261651 0.261963 0.26222 0.262426 0.262579 0.262682 0.262735 0.26274 0.262697 0.262607 0.262472 0.262291 0.262066 0.261798 0.261487 0.261135 0.260741 0.260307 0.259833 0.25932 0.258768 0.25818 0.257554 0.256892 0.256195 0.255463 0.254698 0.2539 0.253071 0.252212 0.251323 0.250407 0.249465 0.248499 0.24751 0.246502 0.245475 0.244432 0.243376 0.242309 0.241235 0.240155 0.239073 0.237991 0.236912 0.235839 0.234774 0.233717 0.232672 0.231638 0.230615 0.229603 0.228599 0.227599 0.226601 0.225597 0.22458 0.223541 0.22247 0.221354 0.220179 0.21893 0.21759 0.216141 0.214563 0.212838 0.210943 0.208856 0.206526 0.203588 0.196094 0.139539 
0.182015 0.363829 0.363419 0.362995 0.362555 0.362101 0.361631 0.361146 0.360646 0.360129 0.359596 0.359047 0.35848 0.357895 0.357291 0.356669 0.356026 0.355363 0.354679 0.353973 0.353243 0.352489 0.35171 0.350904 0.350071 0.349209 0.348316 0.347392 0.346434 0.345442 0.344413 0.343345 0.342238 0.341088 0.339895 0.338656 0.33737 0.336035 0.33465 0.333214 0.331725 0.330185 0.328592 0.326947 0.325253 0.32351 0.321721 0.31989 0.318019 0.316114 0.314178 0.312215 0.310231 0.308228 0.30621 0.304181 0.302141 0.300094 0.298038 0.295974 0.293902 0.291819 0.289726 0.287621 0.285505 0.283377 0.281239 0.279096 0.27695 0.27481 0.272683 0.270579 0.268511 0.266492 0.264536 0.262658 0.260875 0.259203 0.257656 0.25625 0.254997 0.253908 0.25299 0.252228 0.251584 0.251048 0.250625 0.250316 0.250119 0.25003 0.250048 0.250167 0.250383 0.250689 0.251081 0.251551 0.252092 0.252696 0.253356 0.254065 0.254814 0.255597 0.256405 0.257232 0.258071 0.258916 0.259759 0.260597 0.261423 0.262233 0.263022 0.263787 0.264524 0.265229 0.265901 0.266538 0.267136 0.267695 0.268212 0.268688 0.269122 0.269511 0.269857 0.270159 0.270417 0.27063 0.270799 0.270924 0.271006 0.271044 0.27104 0.270992 0.270903 0.270772 0.2706 0.270387 0.270133 0.26984 0.269507 0.269136 0.268726 0.268278 0.267792 0.267269 0.26671 0.266114 0.265483 0.264816 0.264115 0.26338 0.262611 0.261809 0.260975 0.26011 0.259215 0.25829 0.257336 0.256356 0.25535 0.25432 0.253267 0.252193 0.2511 0.249991 0.248868 0.247733 0.246588 0.245438 0.244283 0.243128 0.241976 0.240829 0.239689 0.23856 0.237444 0.236342 0.235256 0.234185 0.233131 0.232092 0.231065 0.230047 0.229033 0.228017 0.226991 0.225945 0.224868 0.223748 0.222569 0.221316 0.219972 0.218517 0.216931 0.215196 0.213288 0.211186 0.208838 0.205879 0.198371 0.141932 
0.18348 0.36676 0.366351 0.365929 0.365495 0.365047 0.364586 0.364111 0.363622 0.36312 0.362603 0.362071 0.361524 0.360962 0.360383 0.359788 0.359175 0.358544 0.357895 0.357227 0.356538 0.355828 0.355097 0.354343 0.353565 0.352762 0.351933 0.351077 0.350193 0.349279 0.348334 0.347356 0.346344 0.345297 0.344213 0.34309 0.341928 0.340724 0.339479 0.33819 0.336857 0.33548 0.334059 0.332594 0.331087 0.329539 0.327951 0.326327 0.324669 0.322981 0.321267 0.31953 0.317774 0.316004 0.314223 0.312434 0.310642 0.308848 0.307056 0.305267 0.303483 0.301705 0.299935 0.298174 0.296423 0.294683 0.292957 0.291246 0.289554 0.287886 0.286245 0.284638 0.283071 0.281551 0.280086 0.278685 0.277356 0.276107 0.274948 0.273886 0.272928 0.27208 0.271346 0.270717 0.270169 0.269693 0.269294 0.268971 0.268722 0.268547 0.268443 0.268408 0.268438 0.268529 0.268678 0.268881 0.269131 0.269426 0.269759 0.270127 0.270523 0.270942 0.27138 0.271832 0.272294 0.272759 0.273225 0.273687 0.274142 0.274585 0.275014 0.275425 0.275816 0.276185 0.276528 0.276844 0.277132 0.277389 0.277615 0.277809 0.277968 0.278094 0.278184 0.278238 0.278257 0.278239 0.278184 0.278092 0.277964 0.277798 0.277596 0.277356 0.27708 0.276766 0.276416 0.27603 0.275607 0.275147 0.274652 0.274121 0.273554 0.272952 0.272314 0.271642 0.270936 0.270196 0.269422 0.268614 0.267775 0.266903 0.265999 0.265065 0.264101 0.263107 0.262086 0.261037 0.259962 0.258863 0.257741 0.256598 0.255435 0.254254 0.253059 0.25185 0.250631 0.249404 0.248172 0.246938 0.245705 0.244477 0.243256 0.242045 0.240847 0.239665 0.238501 0.237357 0.236234 0.235132 0.234052 0.232991 0.231947 0.230917 0.229894 0.228873 0.227844 0.226799 0.225724 0.224607 0.223432 0.222183 0.220841 0.219388 0.217803 0.216065 0.214154 0.212044 0.209685 0.206712 0.19919 0.142786 
0.184724 0.369248 0.36884 0.368421 0.367991 0.367549 0.367096 0.366631 0.366154 0.365664 0.365162 0.364647 0.364119 0.363577 0.363022 0.362451 0.361866 0.361265 0.360648 0.360015 0.359364 0.358695 0.358008 0.357301 0.356573 0.355825 0.355054 0.35426 0.353442 0.352598 0.351729 0.350831 0.349905 0.348949 0.347962 0.346942 0.345889 0.344801 0.343678 0.342518 0.341321 0.340086 0.338814 0.337505 0.33616 0.334779 0.333365 0.331919 0.330443 0.328942 0.327416 0.325871 0.32431 0.322735 0.321151 0.319561 0.317969 0.316377 0.31479 0.313209 0.311637 0.310076 0.30853 0.306999 0.305485 0.303992 0.30252 0.301072 0.299651 0.29826 0.296901 0.295579 0.294297 0.293059 0.29187 0.290735 0.289658 0.288644 0.287698 0.286824 0.286027 0.285308 0.284671 0.284109 0.283604 0.283149 0.28275 0.282405 0.282113 0.281872 0.281682 0.28154 0.281444 0.281391 0.281379 0.281405 0.281465 0.281556 0.281674 0.281816 0.281979 0.282159 0.282352 0.282554 0.282763 0.282974 0.283185 0.283393 0.283595 0.283787 0.283968 0.284134 0.284284 0.284416 0.284527 0.284617 0.284682 0.284723 0.284737 0.284723 0.284681 0.284609 0.284507 0.284374 0.284209 0.284011 0.28378 0.283516 0.283219 0.282887 0.282521 0.28212 0.281684 0.281213 0.280707 0.280167 0.27959 0.278979 0.278333 0.277652 0.276935 0.276185 0.2754 0.274581 0.273728 0.272842 0.271923 0.270972 0.269989 0.268975 0.267931 0.266857 0.265755 0.264626 0.26347 0.26229 0.261086 0.25986 0.258614 0.257349 0.256068 0.254774 0.253468 0.252153 0.250831 0.249507 0.248183 0.246862 0.245547 0.244242 0.242951 0.241675 0.240419 0.239185 0.237974 0.23679 0.235634 0.234504 0.233402 0.232325 0.23127 0.230234 0.229211 0.228192 0.22717 0.226134 0.225071 0.223968 0.222808 0.221573 0.220247 0.218807 0.217235 0.215507 0.213604 0.211499 0.209142 0.206168 0.198635 0.142189 
0.185768 0.371335 0.370928 0.370512 0.370086 0.36965 0.369204 0.368748 0.368281 0.367803 0.367315 0.366816 0.366305 0.365782 0.365247 0.3647 0.36414 0.363567 0.362979 0.362378 0.361761 0.36113 0.360482 0.359818 0.359136 0.358436 0.357717 0.356979 0.356221 0.355441 0.354638 0.353813 0.352963 0.352088 0.351186 0.350257 0.3493 0.348313 0.347297 0.346249 0.34517 0.344059 0.342916 0.341742 0.340536 0.3393 0.338035 0.336742 0.335424 0.334082 0.332719 0.331339 0.329943 0.328535 0.327118 0.325696 0.324271 0.322847 0.321426 0.320013 0.318608 0.317215 0.315837 0.314475 0.313131 0.311809 0.310511 0.309237 0.307991 0.306775 0.305592 0.304443 0.303331 0.30226 0.301232 0.30025 0.299316 0.298434 0.297606 0.296835 0.296122 0.295469 0.294878 0.294345 0.293853 0.293396 0.29298 0.292605 0.292269 0.291972 0.291712 0.291487 0.291295 0.291135 0.291005 0.290901 0.290823 0.290768 0.290732 0.290713 0.290709 0.290717 0.290734 0.290757 0.290784 0.290812 0.290839 0.290862 0.290878 0.290887 0.290884 0.290869 0.29084 0.290794 0.29073 0.290646 0.290541 0.290413 0.290261 0.290083 0.289879 0.289648 0.289388 0.289098 0.288778 0.288426 0.288042 0.287626 0.287176 0.286692 0.286174 0.28562 0.285031 0.284407 0.283747 0.28305 0.282318 0.28155 0.280745 0.279905 0.279029 0.278118 0.277171 0.276191 0.275176 0.274127 0.273046 0.271933 0.270789 0.269615 0.268411 0.26718 0.265921 0.264637 0.26333 0.261999 0.260649 0.259279 0.257893 0.256492 0.25508 0.253657 0.252229 0.250796 0.249363 0.247932 0.246508 0.245093 0.24369 0.242305 0.240939 0.239597 0.238282 0.236996 0.235741 0.23452 0.233334 0.232182 0.231065 0.229979 0.228923 0.227891 0.226877 0.225873 0.224871 0.223858 0.222821 0.221746 0.220616 0.219413 0.218118 0.216709 0.215167 0.213468 0.21159 0.209509 0.207173 0.204215 0.196683 0.14012 
0.186632 0.373063 0.372657 0.372243 0.371821 0.37139 0.37095 0.370502 0.370045 0.369578 0.369102 0.368617 0.368122 0.367616 0.367101 0.366574 0.366037 0.365488 0.364928 0.364355 0.36377 0.363172 0.36256 0.361933 0.361293 0.360637 0.359965 0.359276 0.358571 0.357847 0.357104 0.356342 0.355559 0.354755 0.353929 0.35308 0.352206 0.351308 0.350385 0.349435 0.348458 0.347454 0.346423 0.345365 0.34428 0.343168 0.342031 0.340871 0.339687 0.338483 0.33726 0.33602 0.334767 0.333502 0.332228 0.330949 0.329667 0.328384 0.327104 0.325829 0.324562 0.323305 0.322061 0.320832 0.31962 0.318428 0.317257 0.316109 0.314987 0.313893 0.312827 0.311793 0.310793 0.309827 0.308899 0.30801 0.307162 0.306357 0.305596 0.30488 0.304211 0.30359 0.303017 0.302491 0.301997 0.301527 0.301085 0.300676 0.300296 0.299946 0.299624 0.299329 0.299059 0.298812 0.298587 0.298383 0.298197 0.298027 0.297872 0.297729 0.297596 0.297472 0.297353 0.297238 0.297125 0.297011 0.296894 0.296773 0.296645 0.296509 0.296362 0.296202 0.296028 0.295839 0.295631 0.295404 0.295156 0.294886 0.294592 0.294272 0.293925 0.29355 0.293145 0.29271 0.292242 0.291742 0.291207 0.290637 0.290032 0.289389 0.28871 0.287993 0.287237 0.286443 0.285609 0.284737 0.283826 0.282877 0.281888 0.280862 0.279798 0.278696 0.277559 0.276385 0.275177 0.273935 0.272661 0.271354 0.270018 0.268653 0.26726 0.265841 0.264398 0.262932 0.261446 0.259942 0.258421 0.256885 0.255338 0.253782 0.25222 0.250655 0.249089 0.247526 0.245969 0.244423 0.24289 0.241375 0.239881 0.238412 0.236972 0.235564 0.234192 0.232858 0.231564 0.230313 0.229105 0.227941 0.22682 0.225738 0.224694 0.223681 0.222693 0.221721 0.220756 0.219785 0.218795 0.217769 0.216692 0.215543 0.214302 0.212949 0.211461 0.209815 0.207989 0.205957 0.203668 0.200752 0.193238 0.136485 
0.187335 0.37447 0.374066 0.373654 0.373235 0.372809 0.372375 0.371934 0.371485 0.371028 0.370563 0.37009 0.369609 0.369119 0.368621 0.368113 0.367596 0.36707 0.366533 0.365986 0.365429 0.36486 0.36428 0.363688 0.363083 0.362466 0.361836 0.361191 0.360532 0.359858 0.359168 0.358461 0.357737 0.356996 0.356235 0.355455 0.354655 0.353833 0.35299 0.352125 0.351237 0.350325 0.349391 0.348432 0.347451 0.346447 0.34542 0.344372 0.343305 0.342218 0.341115 0.339997 0.338865 0.337723 0.336573 0.335416 0.334255 0.333094 0.331933 0.330776 0.329625 0.328482 0.32735 0.32623 0.325125 0.324036 0.322966 0.321916 0.320888 0.319884 0.318905 0.317954 0.317031 0.316139 0.315278 0.31445 0.313657 0.312899 0.312177 0.311493 0.310847 0.310239 0.30967 0.309139 0.308635 0.308147 0.307679 0.307234 0.306812 0.306413 0.306036 0.305679 0.305341 0.305021 0.304717 0.304429 0.304153 0.30389 0.303637 0.303393 0.303155 0.302923 0.302693 0.302465 0.302237 0.302007 0.301772 0.301531 0.301283 0.301024 0.300754 0.300471 0.300172 0.299855 0.29952 0.299163 0.298784 0.29838 0.297949 0.297489 0.297 0.296478 0.295923 0.295333 0.294706 0.294042 0.293338 0.292593 0.291807 0.290979 0.290108 0.289194 0.288236 0.287234 0.286189 0.285099 0.283967 0.282791 0.281574 0.280315 0.279017 0.277679 0.276303 0.274891 0.273444 0.271963 0.270451 0.268909 0.267339 0.265743 0.264123 0.26248 0.260818 0.259139 0.257444 0.255737 0.25402 0.252296 0.250567 0.248837 0.247109 0.245385 0.243671 0.241968 0.240281 0.238614 0.23697 0.235354 0.23377 0.232221 0.230711 0.229244 0.227824 0.226452 0.225132 0.223865 0.222652 0.221493 0.220385 0.219328 0.218317 0.217345 0.216407 0.215492 0.21459 0.213689 0.212772 0.211825 0.210829 0.209764 0.208609 0.207343 0.205941 0.204381 0.202639 0.20069 0.198481 0.195638 0.188167 0.131156 
0.187898 0.375596 0.375192 0.374782 0.374366 0.373944 0.373515 0.37308 0.372639 0.372191 0.371736 0.371274 0.370805 0.370329 0.369846 0.369355 0.368856 0.368349 0.367833 0.367309 0.366776 0.366233 0.365681 0.365119 0.364547 0.363964 0.363369 0.362763 0.362145 0.361514 0.36087 0.360212 0.359539 0.358851 0.358148 0.357428 0.35669 0.355935 0.355162 0.354369 0.353557 0.352725 0.351873 0.351 0.350108 0.349195 0.348263 0.347312 0.346344 0.345359 0.344358 0.343344 0.342317 0.34128 0.340235 0.339183 0.338127 0.337069 0.33601 0.334954 0.333901 0.332855 0.331817 0.330789 0.329772 0.328769 0.327782 0.326811 0.325859 0.324927 0.324016 0.323128 0.322264 0.321426 0.320614 0.31983 0.319074 0.318348 0.317651 0.316986 0.316351 0.315748 0.315176 0.314634 0.314115 0.313607 0.313112 0.312635 0.312176 0.311733 0.311306 0.310894 0.310497 0.310113 0.309741 0.30938 0.309029 0.308686 0.30835 0.308019 0.307692 0.307368 0.307044 0.306719 0.306391 0.306059 0.305721 0.305374 0.305017 0.304648 0.304264 0.303864 0.303445 0.303005 0.302542 0.302053 0.301536 0.300988 0.300408 0.299793 0.29914 0.298449 0.297715 0.296938 0.296116 0.295248 0.294331 0.293365 0.292349 0.291282 0.290164 0.288995 0.287775 0.286503 0.285182 0.283811 0.282392 0.280926 0.279414 0.277859 0.276262 0.274626 0.272951 0.271241 0.269498 0.267724 0.265922 0.264095 0.262244 0.260374 0.258485 0.256582 0.254667 0.252743 0.250812 0.248878 0.246944 0.245013 0.243088 0.241172 0.239269 0.237383 0.235517 0.233675 0.231861 0.230078 0.228332 0.226625 0.224963 0.223348 0.221786 0.220279 0.218831 0.217444 0.216121 0.214863 0.213671 0.212544 0.211481 0.210478 0.20953 0.208633 0.207777 0.206953 0.20615 0.205353 0.204547 0.203715 0.202838 0.201895 0.200864 0.199722 0.198446 0.197011 0.195393 0.193567 0.191477 0.188749 0.181351 0.124017 
0.188338 0.376476 0.376073 0.375664 0.375251 0.374832 0.374407 0.373978 0.373543 0.373102 0.372656 0.372204 0.371746 0.371282 0.370812 0.370335 0.369852 0.369361 0.368864 0.36836 0.367848 0.367328 0.366801 0.366265 0.36572 0.365167 0.364604 0.364031 0.363448 0.362854 0.36225 0.361634 0.361005 0.360364 0.359709 0.359041 0.358358 0.357659 0.356945 0.356215 0.355468 0.354704 0.353922 0.353123 0.352306 0.351472 0.35062 0.349752 0.348868 0.347969 0.347056 0.34613 0.345193 0.344246 0.343291 0.342329 0.341362 0.340392 0.339421 0.338451 0.337483 0.336519 0.33556 0.33461 0.333669 0.332738 0.331819 0.330915 0.330025 0.329152 0.328296 0.327459 0.326643 0.325847 0.325073 0.324321 0.323593 0.322889 0.32221 0.321556 0.320927 0.320324 0.319746 0.319193 0.318658 0.31813 0.317609 0.317102 0.316607 0.316125 0.315655 0.315195 0.314746 0.314306 0.313874 0.31345 0.313032 0.312619 0.312209 0.311802 0.311396 0.310989 0.31058 0.310167 0.309748 0.30932 0.308883 0.308433 0.307969 0.307487 0.306985 0.306461 0.305911 0.305332 0.304722 0.304077 0.303395 0.302672 0.301905 0.301091 0.300228 0.299313 0.298344 0.297318 0.296235 0.295091 0.293888 0.292622 0.291296 0.289907 0.288457 0.286946 0.285376 0.283747 0.282062 0.280323 0.278532 0.276692 0.274805 0.272874 0.270903 0.268895 0.266853 0.26478 0.26268 0.260557 0.258413 0.256253 0.25408 0.251897 0.249707 0.247515 0.245323 0.243135 0.240953 0.238782 0.236625 0.234485 0.232365 0.230269 0.228201 0.226164 0.224162 0.222199 0.220278 0.218404 0.216581 0.214813 0.213103 0.211455 0.209874 0.208362 0.206923 0.205559 0.204272 0.203063 0.201933 0.20088 0.199901 0.198995 0.198155 0.197375 0.196645 0.195956 0.195294 0.194646 0.193995 0.193323 0.192609 0.191833 0.190971 0.189999 0.188893 0.187628 0.186179 0.184519 0.182594 0.180024 0.172735 0.115023 
0.188672 0.377145 0.376742 0.376334 0.375922 0.375506 0.375086 0.374661 0.374231 0.373797 0.373358 0.372914 0.372466 0.372012 0.371553 0.371089 0.370619 0.370143 0.369662 0.369175 0.368681 0.368181 0.367674 0.367161 0.36664 0.366112 0.365576 0.365031 0.364479 0.363917 0.363347 0.362766 0.362175 0.361574 0.360961 0.360336 0.359699 0.359049 0.358386 0.357708 0.357016 0.35631 0.355588 0.354851 0.354098 0.35333 0.352547 0.351749 0.350937 0.350111 0.349272 0.348422 0.347561 0.34669 0.345811 0.344926 0.344035 0.343141 0.342244 0.341347 0.340451 0.339557 0.338667 0.337783 0.336905 0.336035 0.335175 0.334326 0.333489 0.332665 0.331855 0.33106 0.330282 0.32952 0.328776 0.328051 0.327344 0.326658 0.325991 0.325344 0.324718 0.324113 0.323528 0.322962 0.322413 0.321867 0.321321 0.320785 0.320259 0.319741 0.319231 0.318729 0.318233 0.317743 0.317257 0.316776 0.316297 0.31582 0.315343 0.314865 0.314383 0.313897 0.313404 0.312902 0.312388 0.31186 0.311316 0.310751 0.310164 0.309549 0.308905 0.308226 0.30751 0.306751 0.305946 0.305092 0.304184 0.303218 0.302191 0.301099 0.29994 0.298711 0.297409 0.296034 0.294584 0.293057 0.291455 0.289777 0.288024 0.286198 0.284301 0.282334 0.280302 0.278206 0.276051 0.273841 0.27158 0.269271 0.26692 0.264532 0.26211 0.25966 0.257187 0.254695 0.252188 0.249672 0.24715 0.244628 0.242108 0.239596 0.237095 0.234609 0.232141 0.229696 0.227276 0.224885 0.222526 0.220203 0.217919 0.215677 0.213481 0.211333 0.209239 0.2072 0.205221 0.203305 0.201457 0.199679 0.197975 0.19635 0.194805 0.193345 0.191971 0.190687 0.189492 0.188389 0.187377 0.186453 0.185616 0.184862 0.184183 0.183574 0.183023 0.182521 0.182054 0.181606 0.18116 0.180696 0.180195 0.179634 0.178988 0.178234 0.177345 0.176297 0.175063 0.173617 0.171902 0.169535 0.162392 0.104256 
0.188917 0.377633 0.37723 0.376824 0.376414 0.376 0.375582 0.375161 0.374736 0.374307 0.373875 0.373438 0.372997 0.372552 0.372102 0.371649 0.37119 0.370727 0.370259 0.369786 0.369308 0.368825 0.368336 0.367841 0.36734 0.366834 0.36632 0.3658 0.365273 0.364739 0.364197 0.363646 0.363087 0.362519 0.361942 0.361354 0.360756 0.360146 0.359525 0.358893 0.358247 0.357589 0.356917 0.356232 0.355534 0.354822 0.354096 0.353357 0.352606 0.351841 0.351066 0.350279 0.349482 0.348676 0.347862 0.347042 0.346216 0.345385 0.344552 0.343717 0.342881 0.342047 0.341215 0.340386 0.339563 0.338745 0.337934 0.337132 0.336339 0.335556 0.334784 0.334024 0.333277 0.332544 0.331825 0.33112 0.330431 0.329757 0.3291 0.328458 0.327833 0.327224 0.326631 0.326054 0.32549 0.324928 0.324361 0.323798 0.323241 0.32269 0.322143 0.321601 0.321061 0.320523 0.319987 0.31945 0.318911 0.31837 0.317823 0.31727 0.316707 0.316133 0.315544 0.314937 0.314309 0.313656 0.312974 0.312258 0.311503 0.310706 0.309861 0.308962 0.308004 0.306983 0.305893 0.30473 0.303488 0.302165 0.300755 0.299257 0.297667 0.295984 0.294206 0.292334 0.290368 0.288309 0.286159 0.28392 0.281596 0.27919 0.276708 0.274154 0.271533 0.268852 0.266117 0.263333 0.260507 0.257646 0.254757 0.251845 0.248918 0.245981 0.24304 0.240102 0.237171 0.234254 0.231355 0.228479 0.225631 0.222814 0.220033 0.217291 0.214592 0.211939 0.209336 0.206784 0.204288 0.201849 0.199471 0.197156 0.194907 0.192727 0.190619 0.188585 0.186629 0.184753 0.18296 0.181255 0.179639 0.178115 0.176687 0.175357 0.174127 0.172997 0.17197 0.171045 0.170222 0.169497 0.168868 0.168331 0.167877 0.1675 0.167188 0.16693 0.166712 0.166518 0.166329 0.166125 0.165886 0.165587 0.165204 0.164712 0.164085 0.163297 0.162321 0.16113 0.159668 0.157544 0.150583 0.0919916 
0.189086 0.377972 0.377569 0.377163 0.376754 0.376342 0.375927 0.375509 0.375088 0.374663 0.374235 0.373804 0.37337 0.372932 0.37249 0.372045 0.371596 0.371143 0.370687 0.370226 0.36976 0.369291 0.368817 0.368338 0.367854 0.367365 0.366871 0.366371 0.365865 0.365353 0.364835 0.36431 0.363777 0.363237 0.362689 0.362132 0.361566 0.36099 0.360405 0.359809 0.359203 0.358585 0.357955 0.357314 0.35666 0.355995 0.355317 0.354628 0.353927 0.353214 0.352491 0.351758 0.351015 0.350263 0.349504 0.348738 0.347966 0.347189 0.346409 0.345627 0.344843 0.344059 0.343275 0.342494 0.341716 0.340942 0.340172 0.339409 0.338653 0.337904 0.337164 0.336433 0.335712 0.335002 0.334302 0.333615 0.332939 0.332275 0.331623 0.330984 0.330358 0.329744 0.329143 0.328554 0.327975 0.327396 0.326809 0.32622 0.325633 0.325048 0.324464 0.323879 0.323293 0.322705 0.322112 0.321512 0.320905 0.320287 0.319655 0.319006 0.318337 0.317644 0.316922 0.316166 0.315372 0.314533 0.313643 0.312696 0.311685 0.310604 0.309446 0.308205 0.306874 0.305447 0.303918 0.302284 0.300539 0.29868 0.296705 0.294612 0.2924 0.290071 0.287626 0.285068 0.282399 0.279626 0.276752 0.273785 0.270731 0.267598 0.264394 0.261128 0.257807 0.254442 0.251041 0.247613 0.244166 0.24071 0.237253 0.233802 0.230366 0.226952 0.223567 0.220217 0.216907 0.213644 0.210431 0.207275 0.204178 0.201144 0.198177 0.19528 0.192454 0.189702 0.187027 0.18443 0.181912 0.179477 0.177124 0.174856 0.172675 0.170582 0.168579 0.166667 0.164849 0.163127 0.161503 0.159979 0.158558 0.157241 0.15603 0.154927 0.153934 0.153051 0.152279 0.151616 0.151061 0.150612 0.150265 0.150013 0.14985 0.149767 0.149753 0.149796 0.14988 0.149989 0.150104 0.150205 0.150269 0.150272 0.15019 0.149997 0.149666 0.149171 0.148486 0.147581 0.146402 0.144551 0.137797 0.0787369 
0.189194 0.378187 0.377784 0.377379 0.376971 0.37656 0.376147 0.375731 0.375313 0.374892 0.374468 0.374042 0.373613 0.37318 0.372745 0.372307 0.371866 0.371421 0.370973 0.370522 0.370067 0.369609 0.369147 0.368681 0.368211 0.367736 0.367258 0.366774 0.366286 0.365793 0.365294 0.364789 0.364278 0.363761 0.363237 0.362705 0.362166 0.361618 0.361062 0.360497 0.359922 0.359337 0.358743 0.358137 0.357521 0.356894 0.356256 0.355608 0.354949 0.354279 0.353599 0.35291 0.352212 0.351506 0.350792 0.350071 0.349344 0.348613 0.347877 0.347138 0.346397 0.345655 0.344912 0.34417 0.343429 0.342691 0.341957 0.341226 0.3405 0.339779 0.339065 0.338357 0.337657 0.336965 0.33628 0.335605 0.334938 0.33428 0.333631 0.332992 0.332361 0.33174 0.331127 0.330522 0.329924 0.329325 0.328714 0.328096 0.327474 0.326849 0.326218 0.325581 0.324935 0.324278 0.323607 0.32292 0.322212 0.321479 0.320717 0.31992 0.319083 0.318198 0.31726 0.31626 0.31519 0.314043 0.31281 0.311482 0.310052 0.30851 0.306849 0.305063 0.303144 0.301087 0.298889 0.296545 0.294054 0.291415 0.28863 0.2857 0.28263 0.279425 0.276091 0.272635 0.269067 0.265397 0.261633 0.257789 0.253875 0.249903 0.245886 0.241836 0.237764 0.233683 0.229604 0.225538 0.221496 0.217487 0.213522 0.209608 0.205754 0.201966 0.198251 0.194615 0.191063 0.187598 0.184225 0.180947 0.177766 0.174684 0.171703 0.168823 0.166046 0.163371 0.1608 0.158332 0.155967 0.153706 0.151548 0.149492 0.147541 0.145692 0.143948 0.142308 0.140774 0.139345 0.138024 0.136811 0.135707 0.134714 0.133834 0.133066 0.132411 0.13187 0.131442 0.131126 0.13092 0.13082 0.130822 0.130921 0.131107 0.131372 0.131706 0.132093 0.13252 0.132969 0.133422 0.133856 0.13425 0.13458 0.13482 0.134945 0.134927 0.134741 0.13436 0.133755 0.132871 0.131306 0.124771 0.065247 
0.189253 0.378305 0.377902 0.377497 0.377089 0.37668 0.376268 0.375854 0.375438 0.375019 0.374599 0.374176 0.37375 0.373323 0.372892 0.37246 0.372024 0.371586 0.371146 0.370702 0.370256 0.369806 0.369354 0.368898 0.368439 0.367976 0.36751 0.36704 0.366566 0.366087 0.365604 0.365116 0.364622 0.364123 0.363619 0.363107 0.362589 0.362064 0.361532 0.360991 0.360442 0.359885 0.359318 0.358741 0.358156 0.35756 0.356955 0.356339 0.355714 0.35508 0.354436 0.353783 0.353121 0.352452 0.351775 0.351091 0.350402 0.349707 0.349007 0.348304 0.347598 0.34689 0.34618 0.34547 0.344759 0.34405 0.343343 0.342637 0.341935 0.341236 0.34054 0.33985 0.339164 0.338483 0.337807 0.337138 0.336473 0.335815 0.335162 0.334515 0.333873 0.333236 0.332603 0.331974 0.331347 0.330714 0.330066 0.329401 0.328725 0.328037 0.327333 0.32661 0.325865 0.325093 0.32429 0.323449 0.322565 0.32163 0.320636 0.319575 0.318438 0.317214 0.315893 0.314465 0.31292 0.311246 0.309433 0.307473 0.305355 0.303071 0.300616 0.297984 0.295171 0.292175 0.288996 0.285636 0.282099 0.27839 0.274517 0.270489 0.266317 0.262013 0.25759 0.253064 0.248448 0.24376 0.239015 0.234229 0.22942 0.224602 0.219792 0.215004 0.210254 0.205553 0.200916 0.196353 0.191875 0.187492 0.183211 0.17904 0.174986 0.171053 0.167246 0.163569 0.160022 0.156609 0.153331 0.150186 0.147176 0.144299 0.141554 0.138939 0.136453 0.134094 0.131859 0.129746 0.127753 0.125878 0.124118 0.122472 0.120939 0.119516 0.118203 0.116999 0.115904 0.114916 0.114037 0.113266 0.112603 0.11205 0.111606 0.111273 0.111049 0.110934 0.110928 0.111029 0.111235 0.111542 0.111945 0.112437 0.113012 0.113658 0.114366 0.115122 0.11591 0.116713 0.117512 0.118287 0.119013 0.119669 0.120228 0.120665 0.120953 0.121067 0.12098 0.120664 0.120063 0.118772 0.112448 0.0524874 
0.189275 0.378348 0.377944 0.377539 0.377132 0.376723 0.376312 0.375899 0.375484 0.375068 0.374649 0.374229 0.373807 0.373382 0.372956 0.372527 0.372096 0.371663 0.371228 0.370791 0.37035 0.369908 0.369463 0.369015 0.368564 0.368111 0.367654 0.367194 0.36673 0.366263 0.365792 0.365317 0.364837 0.364353 0.363863 0.363368 0.362866 0.362359 0.361845 0.361324 0.360795 0.360258 0.359714 0.35916 0.358598 0.358027 0.357447 0.356858 0.35626 0.355653 0.355037 0.354413 0.35378 0.35314 0.352492 0.351838 0.351177 0.35051 0.349839 0.349163 0.348483 0.347801 0.347115 0.346428 0.34574 0.345051 0.344361 0.343672 0.342984 0.342297 0.341611 0.340927 0.340244 0.339564 0.338885 0.338209 0.337534 0.33686 0.336187 0.335515 0.334842 0.334168 0.333491 0.332811 0.332125 0.331428 0.330704 0.329949 0.329168 0.328356 0.327509 0.326619 0.325681 0.324686 0.323624 0.322488 0.321266 0.319946 0.318517 0.316966 0.31528 0.313445 0.311449 0.309278 0.306922 0.30437 0.301611 0.298638 0.295446 0.29203 0.288389 0.284524 0.280439 0.27614 0.271636 0.266937 0.262057 0.257012 0.251817 0.246493 0.241058 0.235534 0.229941 0.224302 0.218638 0.212971 0.207321 0.201708 0.196152 0.19067 0.185279 0.179995 0.17483 0.169798 0.164908 0.160171 0.155594 0.151183 0.146943 0.142878 0.138989 0.135278 0.131745 0.128389 0.125209 0.122201 0.119363 0.116691 0.114181 0.111828 0.109628 0.107576 0.105667 0.103896 0.102258 0.100749 0.0993631 0.0980972 0.0969471 0.0959091 0.0949799 0.0941569 0.0934377 0.0928203 0.0923032 0.0918852 0.0915658 0.0913444 0.0912209 0.0911953 0.0912677 0.091438 0.0917061 0.0920715 0.0925332 0.0930895 0.0937379 0.0944748 0.0952955 0.0961937 0.0971617 0.0981901 0.0992677 0.100381 0.101516 0.102655 0.103779 0.104868 0.105899 0.10685 0.107694 0.108409 0.108966 0.109342 0.10951 0.109444 0.109087 0.108031 0.101888 0.0415368 
0.189268 0.378335 0.377931 0.377526 0.377118 0.376709 0.376299 0.375887 0.375473 0.375058 0.374641 0.374222 0.373802 0.37338 0.372956 0.372531 0.372103 0.371674 0.371242 0.370809 0.370373 0.369936 0.369496 0.369054 0.368609 0.368162 0.367712 0.367259 0.366804 0.366345 0.365883 0.365417 0.364947 0.364472 0.363994 0.36351 0.363021 0.362526 0.362025 0.361518 0.361004 0.360482 0.359954 0.359417 0.358872 0.358319 0.357757 0.357186 0.356607 0.35602 0.355423 0.354819 0.354206 0.353585 0.352957 0.352322 0.351679 0.351031 0.350376 0.349716 0.349051 0.348382 0.347708 0.34703 0.346349 0.345665 0.344979 0.344289 0.343597 0.342902 0.342205 0.341505 0.340803 0.340097 0.339387 0.338672 0.337952 0.337226 0.336492 0.33575 0.334996 0.33423 0.33345 0.332652 0.331834 0.33099 0.330099 0.32915 0.328143 0.32707 0.325921 0.324686 0.323352 0.321905 0.320332 0.318618 0.316748 0.314704 0.312472 0.310036 0.307381 0.304493 0.30136 0.297971 0.294317 0.290393 0.286197 0.281728 0.276991 0.271992 0.266741 0.261251 0.25554 0.249626 0.243532 0.23728 0.230896 0.224409 0.217844 0.211231 0.204598 0.197972 0.191382 0.184854 0.178411 0.172078 0.165876 0.159825 0.153943 0.148244 0.142742 0.137449 0.132373 0.127521 0.122899 0.11851 0.114355 0.110434 0.106746 0.103289 0.100057 0.0970471 0.0942526 0.0916671 0.0892837 0.0870948 0.0850926 0.083269 0.0816157 0.0801246 0.0787874 0.0775962 0.0765431 0.0756207 0.0748218 0.0741396 0.0735679 0.0731007 0.072733 0.0724599 0.0722772 0.0721816 0.0721698 0.0722397 0.0723892 0.0726172 0.0729226 0.0733052 0.0737647 0.0743014 0.0749154 0.075607 0.0763764 0.0772233 0.0781472 0.0791467 0.0802197 0.081363 0.0825725 0.0838423 0.0851652 0.0865323 0.087933 0.0893547 0.0907829 0.0922013 0.0935917 0.0949343 0.0962077 0.097389 0.0984546 0.0993799 0.10014 0.100711 0.101068 0.101184 0.101005 0.100119 0.0941044 0.0334279 
0.189243 0.378285 0.37788 0.377474 0.377067 0.376658 0.376248 0.375836 0.375423 0.375008 0.374592 0.374174 0.373755 0.373334 0.372912 0.372488 0.372063 0.371635 0.371206 0.370775 0.370343 0.369908 0.369471 0.369033 0.368592 0.368148 0.367702 0.367254 0.366803 0.366348 0.365891 0.36543 0.364965 0.364496 0.364023 0.363545 0.363061 0.362573 0.362078 0.361577 0.36107 0.360555 0.360033 0.359503 0.358966 0.358419 0.357865 0.357301 0.356729 0.356147 0.355557 0.354957 0.354349 0.353732 0.353106 0.352471 0.351828 0.351177 0.350518 0.349851 0.349176 0.348494 0.347803 0.347106 0.3464 0.345687 0.344965 0.344235 0.343496 0.342747 0.341988 0.341217 0.340434 0.339637 0.338824 0.337994 0.337145 0.336274 0.335378 0.334454 0.3335 0.332511 0.331482 0.33041 0.329288 0.32811 0.32685 0.325481 0.323991 0.322369 0.320598 0.318661 0.31654 0.314216 0.311669 0.308881 0.305834 0.302511 0.298896 0.294978 0.290744 0.286188 0.281306 0.276098 0.270568 0.264725 0.258581 0.252153 0.245461 0.238531 0.23139 0.224068 0.216599 0.209017 0.201357 0.193657 0.185953 0.178281 0.170675 0.163171 0.155798 0.148588 0.141566 0.134757 0.128184 0.121864 0.115813 0.110044 0.104567 0.0993896 0.0945155 0.0899473 0.0856847 0.0817254 0.0780655 0.074699 0.0716187 0.0688161 0.0662816 0.0640049 0.0619748 0.0601797 0.0586076 0.0572462 0.0560835 0.055107 0.0543046 0.0536647 0.0531755 0.052826 0.0526055 0.0525039 0.0525116 0.0526197 0.0528197 0.0531042 0.0534661 0.0538993 0.0543982 0.0549581 0.055575 0.0562456 0.0569673 0.0577381 0.0585567 0.0594226 0.0603355 0.0612957 0.0623039 0.0633611 0.0644683 0.0656267 0.0668372 0.0681005 0.0694169 0.0707859 0.0722063 0.0736758 0.0751908 0.0767466 0.0783368 0.0799532 0.0815861 0.0832238 0.0848526 0.0864571 0.08802 0.0895223 0.0909435 0.092262 0.0934548 0.0944985 0.0953695 0.0960442 0.0964993 0.09671 0.0966214 0.0958222 0.0898655 0.0289408 
0.189207 0.378212 0.377806 0.3774 0.376992 0.376583 0.376172 0.375761 0.375348 0.374933 0.374517 0.3741 0.373681 0.373261 0.372839 0.372415 0.37199 0.371564 0.371135 0.370704 0.370272 0.369837 0.3694 0.368961 0.36852 0.368075 0.367628 0.367178 0.366725 0.366268 0.365807 0.365343 0.364874 0.3644 0.363921 0.363436 0.362946 0.362449 0.361946 0.361435 0.360917 0.360391 0.359855 0.359311 0.358758 0.358194 0.357621 0.357036 0.356441 0.355835 0.355217 0.354587 0.353946 0.353292 0.352626 0.351947 0.351255 0.35055 0.349831 0.349098 0.34835 0.347587 0.346809 0.346013 0.3452 0.344368 0.343516 0.342643 0.341746 0.340823 0.339873 0.338893 0.33788 0.33683 0.335741 0.334608 0.333427 0.332193 0.330901 0.329545 0.328119 0.326615 0.325027 0.323346 0.321563 0.319668 0.317632 0.315401 0.312942 0.310237 0.307267 0.304009 0.300442 0.296547 0.292305 0.287703 0.282727 0.27737 0.271628 0.265503 0.259 0.252132 0.244916 0.237373 0.22953 0.22142 0.213078 0.204543 0.195858 0.187067 0.178216 0.169351 0.160518 0.151763 0.143129 0.134659 0.126392 0.118363 0.110605 0.103147 0.0960139 0.0892275 0.0828047 0.0767586 0.0710989 0.0658313 0.0609584 0.0564794 0.0523906 0.0486858 0.0453565 0.042392 0.03978 0.0375066 0.0355568 0.0339146 0.0325636 0.0314865 0.0306659 0.0300846 0.029725 0.0295702 0.0296032 0.0298079 0.0301684 0.0306696 0.0312972 0.0320373 0.0328773 0.0338049 0.034809 0.0358792 0.037006 0.0381809 0.0393961 0.0406449 0.0419211 0.0432197 0.0445365 0.045868 0.0472117 0.0485655 0.0499286 0.0513004 0.0526812 0.054072 0.055474 0.0568892 0.0583197 0.0597679 0.0612364 0.0627277 0.0642441 0.0657877 0.0673599 0.0689617 0.0705929 0.0722524 0.0739379 0.0756457 0.0773703 0.0791048 0.0808403 0.0825662 0.0842698 0.0859366 0.0875504 0.0890931 0.0905453 0.0918862 0.093094 0.0941463 0.0950205 0.0956941 0.096145 0.0963494 0.0962535 0.0954462 0.0894702 0.0283802 
0.189165 0.378128 0.377722 0.377315 0.376907 0.376497 0.376086 0.375674 0.375261 0.374846 0.374429 0.374011 0.373591 0.37317 0.372746 0.372321 0.371893 0.371463 0.37103 0.370594 0.370156 0.369714 0.369268 0.368819 0.368366 0.367908 0.367445 0.366977 0.366503 0.366023 0.365537 0.365043 0.364542 0.364034 0.363516 0.36299 0.362454 0.361908 0.36135 0.360782 0.360201 0.359607 0.359 0.358378 0.357742 0.35709 0.356421 0.355736 0.355032 0.354311 0.353569 0.352808 0.352026 0.351222 0.350394 0.349543 0.348667 0.347764 0.346834 0.345874 0.344883 0.343859 0.3428 0.341704 0.340567 0.339387 0.338161 0.336886 0.335556 0.334169 0.332718 0.3312 0.329609 0.327938 0.326181 0.324331 0.322381 0.320321 0.318144 0.315841 0.313401 0.310814 0.30807 0.305157 0.302064 0.298777 0.295263 0.291435 0.287221 0.282608 0.27758 0.27212 0.26622 0.259873 0.253077 0.245838 0.238168 0.230085 0.221612 0.212782 0.20363 0.194201 0.18454 0.174699 0.164731 0.154694 0.144645 0.134641 0.124739 0.114995 0.105463 0.0961903 0.0872246 0.0786071 0.0703748 0.0625597 0.0551884 0.0482828 0.041859 0.0359286 0.030498 0.0255692 0.02114 0.017204 0.0137517 0.0107702 0.00824387 0.00615501 0.00448384 0.00320906 0.00230824 0.0017581 0.00153482 0.00161434 0.00197261 0.0025858 0.00343051 0.00448392 0.00572395 0.00712934 0.0086798 0.010356 0.0121398 0.014014 0.0159627 0.017971 0.0200252 0.0221127 0.0242222 0.0263433 0.0284668 0.0305844 0.0326891 0.0347747 0.0368359 0.0388687 0.0408696 0.0428361 0.0447668 0.0466607 0.0485178 0.0503389 0.0521253 0.0538791 0.0556029 0.0572998 0.0589734 0.0606277 0.0622668 0.0638951 0.0655171 0.0671369 0.0687586 0.0703858 0.0720215 0.0736681 0.0753267 0.0769977 0.0786798 0.0803704 0.0820654 0.0837587 0.0854426 0.0871073 0.0887411 0.0903306 0.0918602 0.0933128 0.0946699 0.0959115 0.0970167 0.0979641 0.0987319 0.0992985 0.0996427 0.0997418 0.0995427 0.0986357 0.0925652 0.03139 
0.189124 0.378044 0.377638 0.37723 0.376821 0.376411 0.375999 0.375586 0.37517 0.374753 0.374333 0.373911 0.373486 0.373057 0.372625 0.372189 0.371748 0.371301 0.370849 0.37039 0.369923 0.369448 0.368964 0.36847 0.367965 0.367449 0.36692 0.366377 0.36582 0.365247 0.364658 0.364051 0.363425 0.36278 0.362115 0.361428 0.360718 0.359984 0.359225 0.358441 0.357629 0.356789 0.35592 0.355021 0.354089 0.353124 0.352125 0.35109 0.350018 0.348907 0.347756 0.346562 0.345324 0.34404 0.342707 0.341324 0.339888 0.338395 0.336843 0.335229 0.333548 0.331798 0.329973 0.328069 0.326082 0.324005 0.321833 0.31956 0.317179 0.314683 0.312065 0.309316 0.306428 0.303392 0.300199 0.29684 0.293304 0.28958 0.285659 0.28153 0.277181 0.272602 0.267783 0.262713 0.257382 0.251778 0.245869 0.239529 0.232653 0.22524 0.217303 0.208859 0.199934 0.190559 0.180773 0.17062 0.160154 0.149432 0.138517 0.127476 0.116379 0.105296 0.0942976 0.0834539 0.0728323 0.0624973 0.052509 0.0429231 0.0337894 0.025152 0.0170484 0.00950977 0.00256051 -0.00378155 -0.00950503 -0.0146047 -0.0190812 -0.0229404 -0.0261934 -0.0288553 -0.0309456 -0.0324868 -0.0335042 -0.0340258 -0.0340809 -0.0337005 -0.0329163 -0.0317606 -0.0302656 -0.0284637 -0.0263863 -0.0240643 -0.0215277 -0.0188052 -0.0159243 -0.012911 -0.00978998 -0.00658425 -0.00331533 -3.13181e-06 0.00333402 0.00667933 0.0100176 0.013335 0.0166192 0.0198594 0.0230459 0.0261703 0.0292257 0.0322059 0.0351063 0.0379228 0.0406526 0.0432939 0.0458455 0.0483073 0.0506798 0.0529643 0.0551628 0.057278 0.0593133 0.0612724 0.0631599 0.0649806 0.0667399 0.0684435 0.0700975 0.071708 0.0732815 0.0748244 0.0763429 0.0778431 0.0793307 0.0808108 0.082288 0.0837659 0.0852469 0.0867324 0.0882225 0.0897154 0.0912079 0.0926949 0.0941694 0.0956223 0.0970428 0.0984179 0.0997328 0.100971 0.102115 0.103144 0.10404 0.10478 0.105344 0.105711 0.105859 0.105768 0.105385 0.104302 0.0980743 0.0368805 
0.189086 0.377968 0.377561 0.377153 0.376742 0.376329 0.375914 0.375495 0.375072 0.374645 0.374211 0.373771 0.373322 0.372864 0.372395 0.371913 0.371416 0.370901 0.370368 0.369813 0.369234 0.368629 0.367995 0.367329 0.366628 0.365891 0.365113 0.364293 0.363428 0.362514 0.36155 0.360534 0.359461 0.358331 0.35714 0.355888 0.354571 0.353188 0.351736 0.350215 0.348622 0.346956 0.345214 0.343397 0.341501 0.339526 0.337469 0.33533 0.333106 0.330796 0.328398 0.325909 0.323327 0.32065 0.317876 0.315 0.31202 0.308932 0.305732 0.302416 0.29898 0.295417 0.291724 0.287894 0.283922 0.2798 0.275523 0.271083 0.266473 0.261686 0.256714 0.25155 0.246185 0.240612 0.234824 0.228813 0.222573 0.216098 0.209381 0.202418 0.195205 0.187739 0.18002 0.172048 0.163824 0.15535 0.146603 0.137435 0.127729 0.117531 0.10691 0.0959439 0.0847126 0.0732991 0.0617888 0.050268 0.0388233 0.0275403 0.016502 0.00578786 -0.00452742 -0.014375 -0.0236926 -0.0324255 -0.0405264 -0.0479563 -0.0546844 -0.0606878 -0.0659516 -0.0704689 -0.0742396 -0.0772707 -0.0795757 -0.0811734 -0.0820878 -0.0823475 -0.0819845 -0.0810342 -0.0795341 -0.0775239 -0.0750441 -0.0721363 -0.0688421 -0.065203 -0.0612597 -0.0570521 -0.0526188 -0.0479969 -0.0432218 -0.038327 -0.0333441 -0.0283025 -0.0232298 -0.018151 -0.0130895 -0.00806614 -0.00309997 0.00179203 0.0065948 0.0112951 0.0158816 0.0203443 0.0246751 0.0288672 0.0329152 0.036815 0.0405637 0.0441594 0.0476012 0.0508894 0.0540248 0.0570093 0.0598453 0.0625359 0.065085 0.0674969 0.0697765 0.0719293 0.073961 0.0758779 0.0776868 0.0793947 0.081009 0.0825373 0.0839875 0.0853678 0.0866863 0.0879512 0.089171 0.0903535 0.0915067 0.0926382 0.0937548 0.0948629 0.0959682 0.097075 0.0981869 0.0993059 0.100433 0.101566 0.102704 0.103841 0.104971 0.106085 0.107173 0.108221 0.109217 0.110142 0.11098 0.111711 0.112315 0.112773 0.113062 0.113163 0.113055 0.112716 0.112096 0.110787 0.104365 0.0431961 
0.189054 0.377905 0.377497 0.377084 0.376666 0.376242 0.375808 0.375364 0.374906 0.374431 0.373935 0.373415 0.372866 0.372282 0.371657 0.370986 0.370262 0.369478 0.368627 0.367701 0.366691 0.365591 0.364391 0.363083 0.361659 0.36011 0.358429 0.356607 0.354637 0.352512 0.350224 0.347768 0.345138 0.342329 0.339335 0.336155 0.332784 0.329221 0.325464 0.321513 0.317368 0.31303 0.3085 0.303781 0.298875 0.293786 0.288518 0.283074 0.27746 0.27168 0.265737 0.259638 0.253386 0.246986 0.240441 0.233756 0.226933 0.219977 0.212888 0.205671 0.198326 0.190855 0.183259 0.175539 0.167696 0.159729 0.15164 0.143428 0.135096 0.126642 0.118069 0.109379 0.100574 0.0916574 0.0826332 0.0735069 0.064285 0.0549755 0.0455878 0.036133 0.0266239 0.0170754 0.00750444 -0.0020701 -0.0116273 -0.0211466 -0.0306305 -0.0402097 -0.0499661 -0.0598018 -0.0695974 -0.079239 -0.0886209 -0.0976457 -0.106225 -0.114279 -0.121738 -0.128541 -0.134635 -0.13998 -0.144542 -0.148299 -0.151238 -0.153354 -0.154649 -0.155136 -0.154833 -0.153764 -0.15196 -0.149456 -0.14629 -0.142506 -0.138148 -0.133264 -0.127903 -0.122113 -0.115945 -0.109447 -0.102669 -0.0956562 -0.0884556 -0.0811106 -0.0736631 -0.0661525 -0.0586159 -0.0510878 -0.0436002 -0.0361822 -0.0288607 -0.0216595 -0.0146002 -0.00770167 -0.000980579 0.00554884 0.0118745 0.0179864 0.0238766 0.0295386 0.0349681 0.040162 0.0451186 0.0498379 0.0543206 0.0585688 0.0625854 0.0663743 0.0699399 0.0732877 0.0764234 0.0793534 0.0820847 0.0846243 0.0869801 0.0891599 0.0911719 0.0930246 0.0947268 0.0962872 0.097715 0.0990194 0.10021 0.101296 0.102287 0.103192 0.104023 0.104787 0.105496 0.106157 0.106782 0.107379 0.107956 0.108522 0.109085 0.109651 0.110227 0.110817 0.111424 0.112052 0.112701 0.11337 0.114056 0.114755 0.115459 0.116161 0.116849 0.117511 0.118132 0.118696 0.119185 0.119581 0.119863 0.120011 0.120005 0.119824 0.119449 0.118858 0.118001 0.116473 0.109864 0.0487382 
0.189028 0.377847 0.37742 0.376978 0.376514 0.376023 0.375498 0.37493 0.374307 0.373619 0.37285 0.371987 0.371013 0.369908 0.368655 0.367231 0.365614 0.363783 0.361711 0.359375 0.356749 0.353807 0.350523 0.346871 0.342825 0.338362 0.333457 0.328087 0.322233 0.315876 0.308999 0.301589 0.293637 0.285134 0.276078 0.26647 0.256313 0.245617 0.234396 0.222665 0.210447 0.197766 0.184653 0.171139 0.15726 0.143055 0.128563 0.113828 0.0988921 0.0838007 0.068598 0.0533285 0.0380357 0.0227623 0.00754954 -0.00756326 -0.0225386 -0.037341 -0.0519375 -0.0662973 -0.0803918 -0.0941948 -0.107682 -0.120832 -0.133624 -0.14604 -0.158062 -0.169676 -0.180866 -0.19162 -0.201924 -0.211766 -0.221135 -0.23002 -0.238411 -0.246296 -0.253665 -0.260509 -0.266817 -0.27258 -0.277787 -0.28243 -0.286498 -0.289981 -0.29287 -0.295159 -0.296865 -0.29813 -0.29905 -0.299553 -0.299563 -0.299018 -0.297868 -0.29608 -0.293628 -0.290497 -0.286681 -0.282183 -0.277011 -0.27118 -0.264712 -0.257634 -0.249978 -0.241781 -0.233082 -0.223923 -0.214349 -0.204408 -0.194146 -0.183611 -0.172853 -0.161918 -0.150854 -0.139707 -0.128521 -0.117338 -0.1062 -0.0951444 -0.084207 -0.0734213 -0.062818 -0.0524251 -0.0422679 -0.0323689 -0.022748 -0.0134224 -0.00440672 0.00428675 0.0126482 0.0206702 0.0283471 0.0356755 0.0426539 0.0492824 0.0555625 0.0614976 0.0670919 0.072351 0.0772817 0.0818913 0.0861883 0.0901815 0.0938806 0.0972956 0.100437 0.103316 0.105942 0.108328 0.110484 0.112423 0.114155 0.115691 0.117044 0.118225 0.119244 0.120113 0.120844 0.121447 0.121934 0.122315 0.1226 0.122802 0.122931 0.122997 0.12301 0.122982 0.122921 0.122839 0.122744 0.122645 0.122552 0.122472 0.122413 0.122381 0.122383 0.122421 0.122499 0.12262 0.122783 0.122987 0.123228 0.123501 0.123799 0.124113 0.124432 0.124742 0.12503 0.125279 0.125471 0.12559 0.125614 0.125526 0.125305 0.124934 0.124392 0.123658 0.12268 0.121048 0.114356 0.0532836 
