# vtk DataFile Version 3.0
Navier-Stokes 2D - t=6.3
ASCII
DATASET STRUCTURED_POINTS
DIMENSIONS 200 100 1
ORIGIN 0.005 0.005 0
SPACING 0.01 0.01 1
POINT_DATA 20000
SCALARS pressure double
LOOKUP_TABLE default
-0.0260323 -0.026032 -0.0260311 -0.0260294 -0.0260271 -0.0260242 -0.0260206 -0.0260165 -0.0260117 -0.0260064 -0.0260003 -0.0259934 -0.0259857 -0.025977 -0.0259671 -0.0259558 -0.0259428 -0.0259278 -0.0259104 -0.0258902 -0.0258666 -0.0258392 -0.0258072 -0.0257699 -0.0257265 -0.0256762 -0.0256179 -0.0255506 -0.0254732 -0.0253844 -0.025283 -0.0251677 -0.025037 -0.0248896 -0.0247238 -0.0245381 -0.0243311 -0.0241013 -0.0238469 -0.0235667 -0.0232591 -0.0229228 -0.0225564 -0.0221587 -0.0217287 -0.0212654 -0.0207679 -0.0202356 -0.019668 -0.0190646 -0.0184253 -0.01775 -0.0170389 -0.0162923 -0.0155107 -0.0146946 -0.0138448 -0.0129623 -0.0120481 -0.0111033 -0.0101291 -0.00912689 -0.00809807 -0.00704409 -0.00596648 -0.00486679 -0.00374658 -0.00260747 -0.00145104 -0.000278882 0.000907406 0.00210626 0.00331614 0.00453553 0.00576294 0.00699691 0.00823603 0.0094789 0.0107242 0.0119705 0.0132167 0.0144613 0.0157033 0.0169413 0.0181742 0.0194008 0.0206198 0.0218302 0.0230307 0.0242201 0.0253973 0.026561 0.0277101 0.0288433 0.0299593 0.0310569 0.0321349 0.0331919 0.0342267 0.0352379 0.0362244 0.0371848 0.0381179 0.0390225 0.0398975 0.0407418 0.0415543 0.0423341 0.0430804 0.0437926 0.0444699 0.0451119 0.0457184 0.0462893 0.0468244 0.0473242 0.0477889 0.0482192 0.0486157 0.0489962 0.0493616 0.0497113 0.050045 0.0503625 0.0506635 0.0509482 0.0512165 0.0514687 0.0517051 0.051926 0.0521318 0.0523232 0.0525004 0.0526643 0.0528154 0.0529543 0.0530816 0.0531982 0.0533045 0.0534014 0.0534894 0.0535691 0.0536414 0.0537066 0.0537655 0.0538187 0.0538665 0.0539096 0.0539484 0.0539834 0.054015 0.0540435 0.0540695 0.054093 0.0541146 0.0541343 0.0541525 0.0541694 0.0541852 0.0541999 0.0542138 0.054227 0.0542396 0.0542515 0.054263 0.0542739 0.0542844 0.0542944 0.0543039 0.0543129 0.0543214 0.0543292 0.0543364 0.0543429 0.0543486 0.0543535 0.0543573 0.0543601 0.0543618 0.0543621 0.0543611 0.0543587 0.0543546 0.0543487 0.0543411 0.0543314 0.0543197 0.0543057 0.0542893 0.0542705 0.054249 0.0542247 0.0541974 0.0541672 0.0541337 0.0540969 0.0540568 0.0540131 0.0539653 0.0539104 
-0.0219306 -0.0219301 -0.0219286 -0.0219261 -0.0219227 -0.0219184 -0.0219134 -0.0219078 -0.0219017 -0.0218952 -0.0218884 -0.0218814 -0.0218744 -0.0218675 -0.0218606 -0.0218539 -0.0218474 -0.0218409 -0.0218345 -0.0218281 -0.0218213 -0.021814 -0.0218059 -0.0217965 -0.0217854 -0.0217719 -0.0217555 -0.0217353 -0.0217105 -0.02168 -0.0216429 -0.021598 -0.021544 -0.0214794 -0.021403 -0.0213132 -0.0212083 -0.0210868 -0.020947 -0.0207872 -0.0206058 -0.020401 -0.0201712 -0.0199148 -0.0196304 -0.0193164 -0.0189717 -0.018595 -0.0181852 -0.0177416 -0.0172633 -0.0167499 -0.016201 -0.0156163 -0.0149959 -0.01434 -0.0136489 -0.0129232 -0.0121635 -0.0113706 -0.0105456 -0.00968946 -0.00880352 -0.00788905 -0.00694746 -0.00598021 -0.00498885 -0.00397496 -0.00294016 -0.00188609 -0.000814424 0.000273185 0.00137507 0.00248958 0.00361507 0.00474994 0.00589257 0.00704142 0.00819494 0.00935163 0.01051 0.0116686 0.0128261 0.013981 0.015132 0.0162777 0.0174168 0.0185481 0.0196703 0.0207821 0.0218822 0.0229695 0.0240427 0.0251006 0.026142 0.0271657 0.0281706 0.0291555 0.0301194 0.031061 0.0319793 0.0328734 0.0337422 0.0345848 0.0354003 0.036188 0.0369473 0.0376774 0.0383779 0.0390485 0.0396888 0.0402989 0.0408787 0.0414285 0.0419487 0.0424397 0.0429024 0.0433377 0.0437466 0.0441427 0.0445274 0.0449011 0.0452639 0.0456162 0.045958 0.0462898 0.0466117 0.0469241 0.0472273 0.0475219 0.0478082 0.0480866 0.0483577 0.0486218 0.0488795 0.0491311 0.0493772 0.0496182 0.0498544 0.0500862 0.050314 0.050538 0.0507585 0.0509759 0.0511902 0.0514016 0.0516103 0.0518164 0.0520199 0.0522209 0.0524194 0.0526154 0.0528088 0.0529996 0.0531877 0.053373 0.0535555 0.053735 0.0539114 0.0540846 0.0542545 0.0544209 0.0545837 0.0547429 0.0548982 0.0550496 0.0551969 0.0553401 0.0554791 0.0556138 0.0557441 0.0558699 0.0559911 0.0561078 0.0562199 0.0563273 0.0564299 0.0565279 0.056621 0.0567094 0.056793 0.0568718 0.0569458 0.057015 0.0570794 0.0571389 0.0571936 0.0572435 0.0572886 0.0573288 0.0573642 0.0573946 0.0574201 0.0574406 0.0574561 0.0574663 0.057471 0.0574699 0.0574617 0.0574431 
-0.01783 -0.0178294 -0.0178274 -0.0178241 -0.0178196 -0.017814 -0.0178075 -0.0178003 -0.0177928 -0.0177851 -0.0177776 -0.0177706 -0.0177643 -0.0177591 -0.0177553 -0.0177533 -0.0177532 -0.0177554 -0.0177602 -0.0177676 -0.0177778 -0.0177909 -0.017807 -0.0178258 -0.0178473 -0.0178713 -0.0178972 -0.0179247 -0.0179531 -0.0179818 -0.0180098 -0.0180361 -0.0180597 -0.0180792 -0.0180932 -0.0181003 -0.0180988 -0.018087 -0.018063 -0.018025 -0.0179711 -0.0178992 -0.0178073 -0.0176936 -0.017556 -0.0173927 -0.017202 -0.016982 -0.0167313 -0.0164484 -0.0161322 -0.0157815 -0.0153955 -0.0149734 -0.0145149 -0.0140196 -0.0134876 -0.0129189 -0.0123139 -0.0116732 -0.0109974 -0.0102874 -0.00954428 -0.00876921 -0.00796347 -0.00712849 -0.00626575 -0.00537684 -0.00446342 -0.00352718 -0.00256986 -0.00159323 -0.000599083 0.000410795 0.00143461 0.00247058 0.00351694 0.00457193 0.00563384 0.00670098 0.00777168 0.00884432 0.0099173 0.0109891 0.0120581 0.013123 0.0141822 0.0152344 0.0162781 0.0173121 0.0183351 0.0193458 0.020343 0.0213254 0.0222921 0.0232418 0.0241735 0.0250862 0.025979 0.0268509 0.027701 0.0285287 0.0293331 0.0301137 0.0308698 0.0316011 0.0323071 0.0329877 0.0336426 0.0342718 0.0348754 0.0354538 0.0360073 0.0365364 0.0370418 0.0375246 0.0379856 0.0384264 0.0388484 0.0392614 0.039667 0.0400663 0.04046 0.0408488 0.0412333 0.0416138 0.0419908 0.0423649 0.0427365 0.043106 0.0434738 0.0438403 0.0442058 0.0445709 0.0449356 0.0453004 0.0456654 0.0460308 0.0463968 0.0467634 0.0471306 0.0474984 0.0478668 0.0482355 0.0486045 0.0489736 0.0493424 0.0497106 0.050078 0.0504442 0.0508087 0.0511713 0.0515314 0.0518887 0.0522426 0.0525929 0.0529391 0.0532806 0.0536172 0.0539485 0.054274 0.0545934 0.0549063 0.0552126 0.0555117 0.0558036 0.056088 0.0563646 0.0566333 0.056894 0.0571464 0.0573906 0.0576264 0.0578538 0.0580728 0.0582834 0.0584855 0.0586792 0.0588646 0.0590417 0.0592106 0.0593714 0.0595242 0.0596691 0.0598062 0.0599357 0.0600576 0.060172 0.0602792 0.0603792 0.0604721 0.0605579 0.0606368 0.0607088 0.0607738 0.0608317 0.0608821 0.0609247 0.0609579 0.0609783 
-0.0137308 -0.0137301 -0.0137275 -0.0137233 -0.0137175 -0.0137104 -0.0137022 -0.0136934 -0.0136841 -0.013675 -0.0136665 -0.013659 -0.0136531 -0.0136494 -0.0136483 -0.0136506 -0.0136567 -0.0136673 -0.0136828 -0.0137039 -0.0137309 -0.0137642 -0.0138043 -0.0138513 -0.0139055 -0.0139668 -0.0140353 -0.0141108 -0.0141928 -0.014281 -0.0143746 -0.0144729 -0.0145748 -0.0146792 -0.0147847 -0.0148899 -0.0149929 -0.0150921 -0.0151854 -0.0152707 -0.0153458 -0.0154085 -0.0154563 -0.0154869 -0.0154979 -0.015487 -0.0154519 -0.0153904 -0.0153003 -0.0151798 -0.0150271 -0.0148405 -0.0146187 -0.0143605 -0.014065 -0.0137314 -0.0133593 -0.0129484 -0.0124988 -0.0120107 -0.0114846 -0.0109211 -0.0103211 -0.00968564 -0.0090159 -0.00831324 -0.00757914 -0.00681519 -0.00602308 -0.00520457 -0.0043615 -0.00349575 -0.00260923 -0.00170388 -0.000781655 0.000155487 0.0011056 0.00206675 0.00303702 0.00401454 0.00499745 0.00598395 0.00697225 0.00796065 0.00894747 0.00993109 0.0109099 0.0118825 0.0128473 0.0138029 0.0147481 0.0156815 0.0166019 0.0175082 0.0183993 0.0192741 0.0201317 0.0209713 0.0217921 0.0225933 0.0233743 0.0241346 0.0248737 0.0255913 0.0262871 0.026961 0.027613 0.0282432 0.0288517 0.0294389 0.0300052 0.0305513 0.031078 0.031586 0.0320765 0.0325506 0.0330099 0.0334559 0.0338908 0.0343211 0.0347488 0.0351754 0.0356021 0.0360297 0.0364591 0.0368909 0.0373259 0.0377644 0.0382071 0.0386543 0.0391064 0.0395638 0.0400267 0.0404953 0.0409698 0.0414503 0.0419366 0.0424288 0.0429267 0.04343 0.0439386 0.044452 0.0449697 0.0454914 0.0460164 0.0465442 0.0470741 0.0476054 0.0481374 0.0486693 0.0492004 0.04973 0.0502571 0.0507811 0.051301 0.0518163 0.0523261 0.0528296 0.0533263 0.0538154 0.0542963 0.0547685 0.0552313 0.0556843 0.056127 0.056559 0.05698 0.0573897 0.0577878 0.0581741 0.0585484 0.0589106 0.0592606 0.0595984 0.0599239 0.0602373 0.0605385 0.0608277 0.061105 0.0613706 0.0616245 0.0618671 0.0620984 0.0623188 0.0625284 0.0627276 0.0629165 0.0630953 0.0632645 0.063424 0.0635743 0.0637155 0.0638477 0.0639712 0.0640859 0.0641917 0.0642885 0.0643757 0.0644522 0.0645148 
-0.00963349 -0.00963258 -0.00962939 -0.00962407 -0.00961682 -0.00960793 -0.00959777 -0.00958678 -0.0095755 -0.0095645 -0.00955442 -0.00954597 -0.00953991 -0.00953702 -0.00953814 -0.00954411 -0.00955582 -0.00957413 -0.0095999 -0.00963397 -0.00967717 -0.00973023 -0.00979387 -0.00986867 -0.00995516 -0.0100537 -0.0101646 -0.010288 -0.0104237 -0.0105716 -0.0107312 -0.010902 -0.0110829 -0.011273 -0.011471 -0.0116754 -0.0118843 -0.012096 -0.0123081 -0.0125185 -0.0127246 -0.0129237 -0.0131133 -0.0132904 -0.0134522 -0.0135959 -0.0137187 -0.0138179 -0.0138907 -0.0139347 -0.0139475 -0.013927 -0.0138713 -0.0137786 -0.0136476 -0.0134771 -0.0132662 -0.0130143 -0.0127211 -0.0123865 -0.0120108 -0.0115944 -0.0111379 -0.0106424 -0.0101088 -0.00953862 -0.00893321 -0.0082942 -0.00762332 -0.00692242 -0.00619344 -0.00543837 -0.00465927 -0.00385824 -0.00303741 -0.00219891 -0.00134488 -0.000477445 0.000401284 0.00128923 0.00218434 0.00308463 0.00398813 0.00489295 0.00579726 0.00669929 0.00759733 0.00848976 0.00937502 0.0102516 0.0111182 0.0119735 0.0128162 0.0136453 0.0144597 0.0152585 0.0160408 0.0168059 0.0175533 0.0182824 0.0189928 0.0196842 0.0203564 0.0210095 0.0216434 0.0222585 0.0228549 0.0234331 0.0239937 0.0245375 0.0250652 0.0255778 0.0260764 0.0265622 0.0270367 0.0275014 0.027958 0.0284084 0.028855 0.0293023 0.0297526 0.0302076 0.0306686 0.0311369 0.0316135 0.0320992 0.0325947 0.0331006 0.0336175 0.0341457 0.0346856 0.0352373 0.0358011 0.0363768 0.0369646 0.0375642 0.0381754 0.0387977 0.0394308 0.0400741 0.040727 0.0413888 0.0420587 0.0427358 0.0434191 0.0441078 0.0448008 0.0454969 0.0461951 0.0468943 0.0475932 0.0482908 0.0489858 0.0496772 0.0503638 0.0510444 0.0517182 0.052384 0.0530408 0.0536878 0.054324 0.0549487 0.0555612 0.0561607 0.0567466 0.0573184 0.0578757 0.058418 0.058945 0.0594564 0.059952 0.0604317 0.0608954 0.0613431 0.0617747 0.0621904 0.0625902 0.0629744 0.0633432 0.0636967 0.0640352 0.0643591 0.0646686 0.064964 0.0652458 0.0655143 0.0657698 0.0660127 0.0662435 0.0664624 0.0666698 0.0668661 0.0670516 0.0672265 0.0673909 0.067545 0.0676887 0.0678216 0.0679431 0.0680509 
-0.00553848 -0.00553735 -0.0055334 -0.0055268 -0.00551781 -0.00550679 -0.0054942 -0.00548062 -0.00546669 -0.00545317 -0.00544089 -0.00543074 -0.00542372 -0.00542086 -0.00542325 -0.00543204 -0.0054484 -0.00547351 -0.00550858 -0.00555479 -0.0056133 -0.00568523 -0.00577163 -0.00587347 -0.00599163 -0.00612685 -0.00627972 -0.00645068 -0.00663997 -0.00684761 -0.00707342 -0.00731696 -0.00757752 -0.00785416 -0.00814562 -0.00845038 -0.00876667 -0.00909241 -0.00942528 -0.00976273 -0.010102 -0.01044 -0.0107738 -0.0111 -0.0114154 -0.0117165 -0.012 -0.0122626 -0.012501 -0.0127121 -0.0128931 -0.0130411 -0.0131538 -0.0132289 -0.0132645 -0.0132589 -0.0132109 -0.0131195 -0.012984 -0.012804 -0.0125796 -0.0123109 -0.0119986 -0.0116434 -0.0112464 -0.0108088 -0.0103321 -0.00981796 -0.00926816 -0.00868465 -0.00806946 -0.00742475 -0.00675272 -0.00605565 -0.00533583 -0.0045956 -0.0038373 -0.00306326 -0.0022758 -0.0014772 -0.000669716 0.00014446 0.000963181 0.00178437 0.00260603 0.00342622 0.00424312 0.00505496 0.00586012 0.00665703 0.00744426 0.00822048 0.00898449 0.00973519 0.0104716 0.0111929 0.0118984 0.0125876 0.0132598 0.013915 0.0145529 0.0151735 0.0157769 0.0163633 0.0169333 0.0174873 0.018026 0.0185502 0.0190609 0.0195592 0.0200463 0.0205235 0.0209923 0.0214543 0.0219112 0.0223648 0.0228172 0.0232706 0.0237273 0.0241909 0.0246637 0.0251475 0.0256439 0.0261543 0.0266799 0.0272216 0.0277802 0.0283563 0.0289504 0.0295629 0.0301941 0.0308439 0.0315123 0.0321993 0.0329044 0.0336273 0.0343674 0.0351241 0.0358965 0.0366839 0.0374851 0.0382991 0.0391247 0.0399607 0.0408058 0.0416585 0.0425174 0.043381 0.0442479 0.0451165 0.0459853 0.0468527 0.0477172 0.0485774 0.0494317 0.0502788 0.0511173 0.0519459 0.0527634 0.0535686 0.0543603 0.0551377 0.0558997 0.0566455 0.0573744 0.0580857 0.0587788 0.0594532 0.0601086 0.0607446 0.061361 0.0619576 0.0625343 0.0630912 0.0636282 0.0641456 0.0646434 0.0651219 0.0655815 0.0660223 0.0664448 0.0668493 0.0672363 0.0676063 0.0679597 0.0682969 0.0686186 0.0689251 0.069217 0.0694949 0.0697591 0.0700102 0.0702486 0.0704747 0.0706889 0.0708913 0.0710823 0.0712616 0.0714293 0.071584 
-0.00144633 -0.00144493 -0.00144008 -0.00143196 -0.00142088 -0.00140728 -0.00139174 -0.00137492 -0.00135764 -0.0013408 -0.00132542 -0.00131262 -0.00130361 -0.00129969 -0.00130222 -0.00131263 -0.00133242 -0.00136309 -0.0014062 -0.00146329 -0.00153587 -0.00162546 -0.00173349 -0.0018613 -0.00201014 -0.00218114 -0.00237525 -0.00259323 -0.00283564 -0.00310282 -0.00339481 -0.0037114 -0.00405205 -0.00441593 -0.00480186 -0.00520833 -0.00563349 -0.00607516 -0.00653084 -0.00699771 -0.00747269 -0.00795244 -0.00843341 -0.00891187 -0.00938396 -0.00984576 -0.0102933 -0.0107227 -0.01113 -0.0115116 -0.0118639 -0.0121836 -0.0124676 -0.0127131 -0.0129178 -0.0130794 -0.0131964 -0.0132672 -0.013291 -0.013267 -0.013195 -0.013075 -0.0129075 -0.0126932 -0.0124329 -0.0121281 -0.0117801 -0.0113907 -0.0109617 -0.0104952 -0.00999342 -0.00945857 -0.00889306 -0.00829937 -0.00767998 -0.00703744 -0.0063743 -0.00569311 -0.00499641 -0.00428671 -0.00356647 -0.0028381 -0.00210394 -0.00136627 -0.000627259 0.000110996 0.000846513 0.00157742 0.00230196 0.00301852 0.00372559 0.00442182 0.005106 0.00577707 0.00643414 0.00707645 0.00770343 0.00831465 0.00890987 0.009489 0.0100521 0.0105995 0.0111316 0.011649 0.0121524 0.0126428 0.0131212 0.0135888 0.014047 0.0144972 0.0149412 0.0153806 0.0158172 0.0162531 0.0166903 0.017131 0.0175774 0.0180318 0.018497 0.0189757 0.0194704 0.0199831 0.0205154 0.021069 0.021645 0.0222446 0.0228685 0.0235174 0.0241918 0.0248919 0.0256178 0.0263695 0.0271467 0.0279491 0.028776 0.0296267 0.0305005 0.0313961 0.0323126 0.0332486 0.0342028 0.0351736 0.0361595 0.0371587 0.0381696 0.0391902 0.0402189 0.0412536 0.0422924 0.0433335 0.0443749 0.0454147 0.046451 0.047482 0.0485059 0.0495209 0.0505255 0.0515181 0.0524971 0.0534611 0.0544089 0.0553392 0.0562509 0.0571431 0.0580148 0.0588654 0.059694 0.0605002 0.0612835 0.0620435 0.06278 0.0634928 0.0641818 0.0648472 0.0654889 0.0661071 0.0667021 0.0672741 0.0678236 0.068351 0.0688566 0.0693411 0.0698049 0.0702486 0.0706728 0.0710782 0.0714653 0.0718347 0.0721872 0.0725234 0.0728439 0.0731493 0.0734402 0.0737173 0.0739809 0.0742316 0.0744698 0.0746958 0.0749102 0.0751123 
0.00264231 0.00264402 0.00264996 0.0026599 0.00267348 0.00269018 0.00270934 0.00273015 0.00275167 0.00277281 0.00279236 0.002809 0.00282126 0.0028276 0.00282636 0.0028158 0.00279412 0.00275946 0.00270991 0.00264356 0.00255849 0.0024528 0.00232467 0.00217233 0.00199413 0.00178857 0.0015543 0.00129018 0.000995313 0.000669061 0.000311084 -7.8631e-05 -0.00049975 -0.000951563 -0.00143298 -0.00194249 -0.00247821 -0.00303783 -0.00361865 -0.00421761 -0.00483128 -0.00545592 -0.00608754 -0.00672187 -0.00735451 -0.00798092 -0.00859651 -0.00919669 -0.00977694 -0.0103329 -0.0108603 -0.0113552 -0.0118139 -0.0122332 -0.0126099 -0.0129415 -0.0132258 -0.0134611 -0.013646 -0.0137796 -0.0138613 -0.0138911 -0.0138692 -0.0137962 -0.0136731 -0.0135011 -0.0132817 -0.0130168 -0.0127083 -0.0123583 -0.0119692 -0.0115436 -0.0110838 -0.0105927 -0.0100729 -0.00952724 -0.00895845 -0.00836932 -0.00776264 -0.00714114 -0.00650753 -0.00586444 -0.00521442 -0.00455994 -0.00390339 -0.00324702 -0.00259298 -0.00194326 -0.00129975 -0.000664148 -3.80142e-05 0.000577264 0.00118047 0.00177059 0.00234676 0.00290834 0.00345487 0.00398611 0.00450199 0.00500266 0.00548849 0.00596 0.00641796 0.0068633 0.00729714 0.00772078 0.00813571 0.00854355 0.00894609 0.00934525 0.00974306 0.0101417 0.0105434 0.0109505 0.0113655 0.0117908 0.0122289 0.0126824 0.013154 0.0136466 0.0141624 0.0147037 0.0152722 0.0158696 0.0164973 0.0171564 0.0178477 0.0185719 0.0193294 0.0201203 0.0209447 0.0218022 0.0226924 0.0236146 0.0245679 0.0255514 0.0265637 0.0276035 0.0286692 0.0297591 0.0308715 0.0320042 0.0331554 0.0343229 0.0355045 0.0366978 0.0379007 0.0391107 0.0403256 0.0415429 0.0427604 0.0439758 0.0451869 0.0463914 0.0475873 0.0487725 0.049945 0.0511031 0.0522449 0.0533689 0.0544736 0.0555576 0.0566195 0.0576583 0.058673 0.0596627 0.0606267 0.0615643 0.062475 0.0633585 0.0642145 0.0650428 0.0658435 0.0666165 0.067362 0.0680802 0.0687714 0.0694361 0.0700746 0.0706875 0.0712754 0.0718388 0.0723785 0.072895 0.0733892 0.0738618 0.0743135 0.0747451 0.0751574 0.0755511 0.0759272 0.0762862 0.0766291 0.0769565 0.0772691 0.0775677 0.0778528 0.0781253 0.0783861 0.0786347 
0.00672666 0.00672874 0.00673596 0.00674806 0.00676463 0.00678507 0.00680862 0.00683433 0.00686112 0.00688772 0.00691274 0.00693461 0.00695165 0.00696202 0.00696378 0.00695487 0.00693317 0.00689643 0.0068424 0.00676875 0.00667316 0.00655332 0.00640697 0.00623192 0.00602609 0.00578754 0.0055145 0.00520546 0.00485912 0.0044745 0.00405096 0.0035882 0.00308637 0.00254599 0.00196809 0.00135411 0.000706013 2.62208e-05 -0.00068237 -0.00141641 -0.00217213 -0.00294536 -0.00373159 -0.00452602 -0.00532362 -0.00611919 -0.00690747 -0.00768313 -0.00844095 -0.00917579 -0.00988275 -0.0105572 -0.0111947 -0.0117914 -0.0123436 -0.0128484 -0.013303 -0.0137052 -0.0140534 -0.0143463 -0.0145832 -0.0147639 -0.0148884 -0.0149574 -0.0149717 -0.0149326 -0.0148417 -0.0147009 -0.0145123 -0.0142781 -0.014001 -0.0136836 -0.0133286 -0.0129391 -0.0125178 -0.0120679 -0.0115923 -0.0110942 -0.0105765 -0.0100423 -0.00949443 -0.00893583 -0.00836928 -0.00779748 -0.00722299 -0.00664828 -0.00607565 -0.00550726 -0.00494509 -0.00439097 -0.00384651 -0.00331315 -0.0027921 -0.00228437 -0.00179075 -0.00131178 -0.0008478 -0.000398887 3.51086e-05 0.000454574 0.000860133 0.00125264 0.00163319 0.00200309 0.00236385 0.00271719 0.00306502 0.00340943 0.00375266 0.00409708 0.0044452 0.00479963 0.00516307 0.00553825 0.00592798 0.00633507 0.00676236 0.00721264 0.00768878 0.00819358 0.00872951 0.00929885 0.00990358 0.0105454 0.0112258 0.011946 0.0127067 0.0135086 0.0143521 0.0152371 0.0161636 0.0171309 0.0181384 0.0191851 0.0202699 0.0213912 0.0225475 0.023737 0.0249575 0.0262071 0.0274834 0.0287839 0.0301061 0.0314474 0.0328051 0.0341765 0.0355587 0.036949 0.0383446 0.0397426 0.0411405 0.0425354 0.0439249 0.0453062 0.046677 0.048035 0.0493779 0.0507036 0.0520102 0.0532957 0.0545585 0.0557971 0.0570101 0.0581961 0.0593541 0.0604831 0.0615824 0.0626512 0.0636891 0.0646956 0.0656705 0.0666137 0.0675252 0.068405 0.0692533 0.0700706 0.0708571 0.0716133 0.0723398 0.0730372 0.0737063 0.0743476 0.074962 0.0755504 0.0761135 0.0766523 0.0771675 0.0776603 0.0781315 0.0785819 0.0790126 0.0794245 0.0798185 0.0801955 0.0805565 0.0809022 0.0812337 0.0815518 0.081858 0.0821519 
0.0108058 0.0108083 0.010817 0.0108317 0.0108518 0.0108767 0.0109055 0.0109372 0.0109705 0.0110039 0.0110359 0.0110646 0.0110882 0.0111045 0.0111112 0.0111061 0.0110866 0.01105 0.0109938 0.0109152 0.0108115 0.0106799 0.0105176 0.0103221 0.0100907 0.00982112 0.00951111 0.00915869 0.00876217 0.00832018 0.00783173 0.00729623 0.00671356 0.00608407 0.00540866 0.00468874 0.00392631 0.0031239 0.00228462 0.00141213 0.000510559 -0.000415446 -0.00136084 -0.00232021 -0.00328785 -0.00425786 -0.00522419 -0.00618076 -0.00712152 -0.00804058 -0.00893223 -0.00979107 -0.010612 -0.0113905 -0.0121224 -0.0128039 -0.0134319 -0.0140039 -0.0145178 -0.0149722 -0.015366 -0.0156988 -0.0159707 -0.0161821 -0.0163341 -0.0164279 -0.0164652 -0.0164479 -0.0163785 -0.0162593 -0.0160931 -0.0158827 -0.0156313 -0.0153419 -0.0150178 -0.0146622 -0.0142786 -0.0138701 -0.0134401 -0.0129918 -0.0125286 -0.0120534 -0.0115694 -0.0110795 -0.0105865 -0.010093 -0.00960158 -0.00911449 -0.00863389 -0.00816169 -0.00769961 -0.00724912 -0.00681146 -0.00638762 -0.00597831 -0.00558401 -0.0052049 -0.00484089 -0.00449163 -0.00415646 -0.00383449 -0.00352451 -0.00322509 -0.00293453 -0.00265088 -0.00237197 -0.00209544 -0.0018187 -0.00153903 -0.00125354 -0.000959225 -0.000652999 -0.000331696 7.88276e-06 0.000368949 0.000754694 0.00116826 0.00161273 0.00209115 0.00260645 0.00316126 0.00375798 0.00439874 0.00508537 0.0058194 0.00660203 0.00743413 0.00831628 0.00924869 0.0102313 0.0112637 0.0123451 0.0134746 0.0146508 0.0158722 0.017137 0.0184431 0.0197881 0.0211697 0.0225851 0.0240316 0.0255061 0.0270056 0.0285269 0.0300669 0.0316222 0.0331895 0.0347656 0.0363472 0.0379311 0.0395141 0.041093 0.042665 0.044227 0.0457764 0.0473104 0.0488265 0.0503225 0.0517959 0.053245 0.0546676 0.0560622 0.0574272 0.0587613 0.0600632 0.061332 0.0625667 0.0637667 0.0649315 0.0660607 0.067154 0.0682114 0.0692329 0.0702187 0.071169 0.0720843 0.072965 0.0738117 0.0746251 0.0754059 0.0761549 0.0768729 0.077561 0.0782199 0.0788508 0.0794546 0.0800323 0.0805851 0.081114 0.0816201 0.0821044 0.0825681 0.0830123 0.083438 0.0838463 0.0842383 0.0846151 0.0849779 0.0853282 0.0856654 
0.0148786 0.0148817 0.0148922 0.0149098 0.0149342 0.0149643 0.0149994 0.0150382 0.0150793 0.0151211 0.0151617 0.0151992 0.0152314 0.0152558 0.0152698 0.0152709 0.0152561 0.0152224 0.0151667 0.0150859 0.0149768 0.0148362 0.0146607 0.0144474 0.014193 0.0138948 0.01355 0.0131561 0.0127111 0.012213 0.0116606 0.0110529 0.0103894 0.00967034 0.00889643 0.00806903 0.00719016 0.00626247 0.00528928 0.00427455 0.00322285 0.00213932 0.00102959 -0.000100248 -0.00124376 -0.00239423 -0.00354478 -0.00468847 -0.00581837 -0.00692772 -0.00800996 -0.00905887 -0.0100686 -0.0110339 -0.0119498 -0.0128122 -0.0136174 -0.0143624 -0.0150448 -0.0156627 -0.0162152 -0.0167015 -0.0171217 -0.0174762 -0.017766 -0.0179925 -0.0181575 -0.0182631 -0.0183119 -0.0183064 -0.0182498 -0.0181451 -0.0179956 -0.0178048 -0.0175761 -0.0173132 -0.0170197 -0.0166992 -0.0163552 -0.0159914 -0.0156113 -0.0152183 -0.0148156 -0.0144066 -0.0139942 -0.0135813 -0.0131706 -0.0127646 -0.0123657 -0.0119758 -0.0115967 -0.01123 -0.010877 -0.0105386 -0.0102155 -0.00990812 -0.00961642 -0.00934017 -0.00907879 -0.00883138 -0.00859671 -0.00837325 -0.00815917 -0.00795235 -0.00775038 -0.00755062 -0.00735019 -0.00714597 -0.00693471 -0.00671297 -0.00647721 -0.00622379 -0.00594903 -0.00564925 -0.00532078 -0.00496 -0.00456342 -0.00412765 -0.00364941 -0.00312559 -0.00255337 -0.00193017 -0.00125371 -0.000522039 0.000266442 0.00111298 0.00201845 0.00298334 0.00400778 0.00509151 0.00623391 0.00743399 0.00869041 0.0100015 0.0113653 0.0127795 0.0142416 0.0157488 0.017298 0.018886 0.0205095 0.0221649 0.0238485 0.0255566 0.0272855 0.0290313 0.0307901 0.0325582 0.0343317 0.036107 0.0378805 0.0396485 0.0414077 0.0431548 0.0448867 0.0466005 0.0482932 0.0499623 0.0516054 0.0532203 0.0548048 0.0563571 0.0578756 0.0593588 0.0608054 0.0622145 0.063585 0.0649163 0.066208 0.0674595 0.0686709 0.0698419 0.0709727 0.0720637 0.073115 0.0741273 0.0751011 0.0760372 0.0769362 0.0777991 0.0786268 0.0794203 0.0801806 0.0809088 0.0816061 0.0822737 0.0829126 0.0835241 0.0841095 0.08467 0.0852068 0.0857211 0.0862143 0.0866875 0.087142 0.0875792 0.0880002 0.0884063 0.0887993 0.0891778 
0.0189439 0.0189475 0.0189601 0.0189813 0.0190105 0.0190469 0.0190894 0.0191366 0.0191871 0.0192389 0.0192902 0.0193385 0.0193815 0.0194165 0.0194405 0.0194505 0.0194433 0.0194155 0.0193635 0.0192837 0.0191725 0.019026 0.0188406 0.0186125 0.0183382 0.0180142 0.0176372 0.0172043 0.0167127 0.0161603 0.0155451 0.0148659 0.0141219 0.0133129 0.0124395 0.0115031 0.0105055 0.0094496 0.00833894 0.00717778 0.00597114 0.00472471 0.00344479 0.00213819 0.000812184 -0.000525636 -0.00186746 -0.00320537 -0.00453149 -0.00583807 -0.00711763 -0.00836304 -0.00956763 -0.0107253 -0.0118305 -0.0128784 -0.0138648 -0.0147863 -0.0156401 -0.0164242 -0.0171371 -0.0177784 -0.0183477 -0.0188457 -0.0192734 -0.0196323 -0.0199244 -0.020152 -0.0203177 -0.0204246 -0.020476 -0.0204751 -0.0204257 -0.0203314 -0.0201962 -0.0200239 -0.0198184 -0.0195838 -0.0193239 -0.0190426 -0.0187438 -0.0184312 -0.0181085 -0.0177789 -0.017446 -0.0171128 -0.0167823 -0.0164571 -0.0161397 -0.0158323 -0.0155368 -0.0152549 -0.0149878 -0.0147365 -0.0145017 -0.0142835 -0.014082 -0.0138966 -0.0137266 -0.0135708 -0.0134276 -0.0132951 -0.0131711 -0.0130529 -0.0129378 -0.0128226 -0.0127037 -0.0125775 -0.0124402 -0.0122877 -0.0121159 -0.0119206 -0.0116974 -0.0114422 -0.0111508 -0.0108191 -0.0104432 -0.0100193 -0.00954404 -0.00901397 -0.00842605 -0.00777749 -0.00706584 -0.00628902 -0.00544532 -0.00453348 -0.00355263 -0.00250234 -0.00138262 -0.000193935 0.00106286 0.00238646 0.00377518 0.00522694 0.0067393 0.00830949 0.00993442 0.0116107 0.0133348 0.0151028 0.0169107 0.0187545 0.0206297 0.022532 0.0244571 0.0264005 0.0283578 0.0303245 0.0322965 0.0342695 0.0362392 0.0382019 0.0401536 0.0420907 0.0440097 0.0459073 0.0477804 0.0496261 0.0514419 0.0532252 0.0549738 0.0566858 0.0583594 0.0599931 0.0615855 0.0631356 0.0646425 0.0661054 0.0675239 0.0688977 0.0702266 0.0715108 0.0727503 0.0739455 0.075097 0.0762052 0.077271 0.0782952 0.0792786 0.0802223 0.0811273 0.0819948 0.082826 0.0836221 0.0843845 0.0851143 0.085813 0.0864819 0.0871223 0.0877358 0.0883237 0.0888873 0.0894282 0.0899477 0.0904472 0.0909281 0.0913919 0.0918401 0.0922742 0.0926922 
0.023 0.0230043 0.0230193 0.0230446 0.0230795 0.0231231 0.0231742 0.0232314 0.0232929 0.0233568 0.0234208 0.0234823 0.0235388 0.0235871 0.023624 0.0236461 0.0236498 0.0236313 0.0235865 0.0235114 0.0234016 0.0232531 0.0230614 0.0228222 0.0225314 0.022185 0.021779 0.0213098 0.0207743 0.0201695 0.0194932 0.0187435 0.0179194 0.0170203 0.0160466 0.0149994 0.0138808 0.0126935 0.0114414 0.0101292 0.0087622 0.00734684 0.00589009 0.0043996 0.00288357 0.00135056 -0.000190553 -0.00173079 -0.00326117 -0.00477288 -0.00625738 -0.00770656 -0.00911283 -0.0104692 -0.0117694 -0.013008 -0.0141802 -0.015282 -0.0163105 -0.0172632 -0.0181388 -0.0189363 -0.0196557 -0.0202976 -0.0208631 -0.0213539 -0.0217721 -0.0221204 -0.0224016 -0.0226191 -0.0227764 -0.0228773 -0.0229256 -0.0229256 -0.0228813 -0.0227971 -0.0226772 -0.0225261 -0.0223478 -0.0221468 -0.0219272 -0.021693 -0.0214482 -0.0211966 -0.0209417 -0.0206871 -0.0204358 -0.0201908 -0.0199547 -0.01973 -0.0195186 -0.0193223 -0.0191424 -0.0189799 -0.0188354 -0.0187091 -0.0186007 -0.0185096 -0.0184348 -0.0183748 -0.0183277 -0.0182911 -0.0182625 -0.0182386 -0.0182162 -0.0181915 -0.0181603 -0.0181184 -0.0180614 -0.0179844 -0.0178826 -0.0177513 -0.0175855 -0.0173803 -0.017131 -0.016833 -0.0164819 -0.0160737 -0.0156045 -0.0150708 -0.0144692 -0.0137966 -0.0130505 -0.0122285 -0.0113289 -0.0103504 -0.00929209 -0.00815364 -0.00693521 -0.00563748 -0.0042616 -0.00280921 -0.00128239 0.000316307 0.00198394 0.00371718 0.00551236 0.00736549 0.00927231 0.0112283 0.0132289 0.0152691 0.017344 0.0194487 0.0215779 0.0237267 0.0258901 0.0280629 0.0302404 0.0324177 0.0345903 0.0367537 0.0389037 0.041036 0.043147 0.045233 0.0472907 0.0493168 0.0513085 0.0532633 0.0551787 0.0570526 0.0588832 0.0606689 0.0624083 0.0641004 0.0657441 0.067339 0.0688845 0.0703804 0.0718266 0.0732233 0.0745708 0.0758695 0.0771201 0.0783233 0.0794798 0.0805908 0.0816573 0.0826804 0.0836613 0.0846014 0.085502 0.0863645 0.0871903 0.0879809 0.0887377 0.0894624 0.0901565 0.0908215 0.0914589 0.0920704 0.0926574 0.0932217 0.0937647 0.094288 0.0947932 0.0952819 0.0957556 0.0962117 
0.0270454 0.0270505 0.0270682 0.0270982 0.0271396 0.0271916 0.0272527 0.0273215 0.0273959 0.0274739 0.027553 0.0276304 0.027703 0.0277677 0.0278209 0.0278586 0.0278769 0.0278715 0.0278379 0.0277715 0.0276675 0.0275211 0.0273273 0.0270813 0.0267781 0.0264131 0.0259817 0.0254797 0.0249032 0.0242486 0.0235132 0.0226945 0.0217909 0.0208017 0.0197268 0.0185673 0.017325 0.0160029 0.0146051 0.0131366 0.0116033 0.0100122 0.00837114 0.0066887 0.00497409 0.003237 0.00148747 -0.000264287 -0.00200807 -0.00373386 -0.00543194 -0.0070931 -0.00870871 -0.0102709 -0.0117725 -0.0132075 -0.0145703 -0.0158568 -0.0170634 -0.0181875 -0.0192277 -0.0201829 -0.0210531 -0.0218391 -0.0225421 -0.023164 -0.0237072 -0.0241746 -0.0245695 -0.0248954 -0.0251563 -0.0253563 -0.0254998 -0.0255911 -0.0256349 -0.0256359 -0.0255988 -0.0255282 -0.0254288 -0.0253053 -0.0251623 -0.0250041 -0.024835 -0.0246593 -0.0244807 -0.0243031 -0.0241299 -0.0239643 -0.0238092 -0.0236671 -0.0235401 -0.0234303 -0.0233389 -0.0232669 -0.023215 -0.0231832 -0.0231712 -0.0231781 -0.0232027 -0.0232431 -0.0232972 -0.0233621 -0.0234347 -0.0235113 -0.0235881 -0.0236606 -0.0237241 -0.0237736 -0.0238038 -0.0238094 -0.0237847 -0.0237242 -0.0236222 -0.0234731 -0.0232717 -0.0230126 -0.0226911 -0.0223025 -0.0218431 -0.0213087 -0.0206957 -0.0200009 -0.0192212 -0.0183543 -0.0173982 -0.0163517 -0.0152137 -0.0139842 -0.0126634 -0.0112523 -0.00975228 -0.00816539 -0.0064942 -0.00474174 -0.00291152 -0.00100749 0.000966022 0.00300436 0.00510254 0.00725535 0.00945737 0.011703 0.0139866 0.0163023 0.0186444 0.0210071 0.0233847 0.0257716 0.0281623 0.0305514 0.0329339 0.0353046 0.0376589 0.0399924 0.0423008 0.0445802 0.0468268 0.0490374 0.0512088 0.0533382 0.0554232 0.0574615 0.0594511 0.0613905 0.0632783 0.0651133 0.0668948 0.068622 0.0702946 0.0719126 0.0734758 0.0749846 0.0764393 0.0778407 0.0791894 0.0804863 0.0817324 0.0829289 0.084077 0.085178 0.0862333 0.0872444 0.0882127 0.0891399 0.0900275 0.0908772 0.0916907 0.0924695 0.0932155 0.0939303 0.0946157 0.0952733 0.095905 0.0965124 0.0970973 0.0976614 0.0982065 0.0987341 0.0992461 0.0997388 
0.031078 0.031084 0.0311049 0.0311402 0.0311891 0.0312506 0.0313232 0.0314053 0.0314947 0.0315891 0.0316859 0.031782 0.031874 0.0319585 0.0320315 0.0320887 0.0321256 0.0321377 0.0321197 0.0320667 0.0319732 0.0318337 0.0316426 0.0313945 0.0310836 0.0307045 0.0302521 0.0297211 0.0291071 0.0284059 0.0276138 0.0267278 0.0257459 0.0246668 0.02349 0.0222165 0.0208479 0.0193874 0.0178391 0.0162085 0.0145022 0.0127277 0.010894 0.00901044 0.00708756 0.00513629 0.003168 0.00119428 -0.000773268 -0.00272326 -0.00464466 -0.00652702 -0.00836059 -0.0101364 -0.0118466 -0.0134842 -0.0150431 -0.0165187 -0.0179071 -0.0192055 -0.0204123 -0.0215265 -0.0225483 -0.0234783 -0.0243182 -0.0250701 -0.0257368 -0.0263214 -0.0268276 -0.0272594 -0.027621 -0.0279172 -0.0281525 -0.028332 -0.0284606 -0.0285434 -0.0285855 -0.0285921 -0.0285683 -0.0285192 -0.0284497 -0.0283646 -0.0282687 -0.0281664 -0.0280621 -0.0279597 -0.0278631 -0.0277758 -0.0277009 -0.0276411 -0.0275989 -0.0275762 -0.0275745 -0.0275949 -0.0276379 -0.0277035 -0.0277913 -0.0279003 -0.0280288 -0.0281747 -0.0283355 -0.0285079 -0.0286882 -0.0288723 -0.0290556 -0.0292329 -0.0293988 -0.0295475 -0.0296731 -0.0297691 -0.0298293 -0.0298472 -0.0298164 -0.0297305 -0.0295834 -0.0293692 -0.0290825 -0.0287182 -0.0282725 -0.0277409 -0.0271194 -0.0264042 -0.0255922 -0.0246807 -0.0236678 -0.0225518 -0.0213321 -0.0200085 -0.0185815 -0.0170523 -0.0154227 -0.0136951 -0.0118727 -0.0099591 -0.00795835 -0.00587511 -0.00371443 -0.00148175 0.000817191 0.00317636 0.00558953 0.0080503 0.0105522 0.0130886 0.015653 0.0182388 0.0208397 0.0234494 0.0260616 0.0286704 0.0312702 0.0338554 0.0364209 0.0389617 0.0414733 0.0439513 0.0463918 0.0487912 0.0511462 0.0534538 0.0557114 0.0579166 0.0600676 0.0621625 0.0642001 0.0661792 0.068099 0.0699591 0.0717591 0.073499 0.0751789 0.0767992 0.0783605 0.0798636 0.0813093 0.0826988 0.0840331 0.0853137 0.0865419 0.0877193 0.0888473 0.0899276 0.090962 0.0919522 0.0928999 0.0938069 0.0946751 0.0955063 0.0963024 0.0970653 0.0977968 0.0984988 0.0991733 0.0998221 0.100447 0.10105 0.101634 0.102199 0.102747 0.103276 
0.0350956 0.0351026 0.035127 0.0351684 0.0352258 0.0352982 0.0353839 0.0354812 0.0355878 0.0357011 0.0358184 0.0359363 0.0360511 0.0361591 0.0362559 0.0363368 0.036397 0.0364311 0.0364338 0.0363993 0.0363215 0.0361943 0.0360115 0.0357666 0.0354534 0.0350655 0.0345969 0.0340417 0.0333944 0.0326501 0.0318043 0.0308535 0.0297947 0.0286261 0.027347 0.0259578 0.0244601 0.0228572 0.0211533 0.0193543 0.0174674 0.015501 0.013465 0.0113701 0.00922797 0.00705105 0.00485225 0.00264474 0.000441678 -0.00174396 -0.00389967 -0.0060136 -0.00807473 -0.010073 -0.0119995 -0.0138465 -0.0156074 -0.017277 -0.018851 -0.0203267 -0.0217021 -0.0229765 -0.0241501 -0.0252239 -0.0261998 -0.0270802 -0.0278683 -0.0285677 -0.0291825 -0.0297171 -0.0301762 -0.030565 -0.0308885 -0.0311523 -0.0313617 -0.0315224 -0.0316399 -0.0317199 -0.0317679 -0.0317894 -0.0317899 -0.0317746 -0.0317487 -0.031717 -0.0316843 -0.031655 -0.0316332 -0.0316228 -0.0316271 -0.0316492 -0.0316918 -0.0317568 -0.031846 -0.0319605 -0.0321007 -0.0322668 -0.032458 -0.0326732 -0.0329105 -0.0331675 -0.0334411 -0.0337277 -0.034023 -0.0343221 -0.0346199 -0.0349103 -0.0351873 -0.0354441 -0.0356739 -0.0358694 -0.0360233 -0.0361283 -0.0361769 -0.0361619 -0.0360764 -0.0359137 -0.0356678 -0.0353331 -0.0349059 -0.034381 -0.0337541 -0.033021 -0.0321783 -0.0312229 -0.0301527 -0.0289662 -0.0276624 -0.0262416 -0.0247042 -0.0230519 -0.0212869 -0.0194121 -0.0174311 -0.0153482 -0.0131683 -0.0108967 -0.00853922 -0.00610222 -0.00359228 -0.00101633 0.00161853 0.004305 0.00703569 0.0098032 0.0126001 0.0154191 0.018253 0.0210948 0.0239375 0.0267747 0.0296 0.0324074 0.0351912 0.037946 0.040667 0.0433493 0.0459889 0.0485818 0.0511245 0.053614 0.0560474 0.0584224 0.0607369 0.0629893 0.0651781 0.0673025 0.0693616 0.0713549 0.0732824 0.0751441 0.0769403 0.0786716 0.0803386 0.0819424 0.0834841 0.0849648 0.086386 0.0877491 0.0890558 0.0903077 0.0915067 0.0926546 0.0937531 0.0948044 0.0958103 0.0967727 0.0976938 0.0985754 0.0994197 0.100229 0.101004 0.101749 0.102464 0.103153 0.103816 0.104457 0.105076 0.105677 0.106261 0.106823 
0.0390956 0.0391038 0.0391322 0.0391804 0.0392474 0.0393319 0.0394325 0.0395471 0.0396732 0.0398083 0.039949 0.0400921 0.0402334 0.0403689 0.0404938 0.0406031 0.0406914 0.040753 0.0407818 0.0407715 0.0407153 0.0406065 0.040438 0.0402025 0.039893 0.0395023 0.0390232 0.0384491 0.0377735 0.0369905 0.0360947 0.0350818 0.033948 0.0326909 0.0313091 0.0298027 0.0281732 0.0264235 0.0245583 0.0225839 0.0205081 0.0183402 0.0160913 0.0137733 0.0113995 0.00898389 0.00654124 0.00408648 0.00163461 -0.00079962 -0.00320201 -0.00555912 -0.00785853 -0.010089 -0.0122404 -0.0143043 -0.0162734 -0.018142 -0.0199057 -0.0215614 -0.0231073 -0.0245429 -0.0258684 -0.0270854 -0.0281959 -0.0292029 -0.03011 -0.0309213 -0.0316413 -0.032275 -0.0328277 -0.033305 -0.0337125 -0.0340562 -0.034342 -0.034576 -0.0347644 -0.0349133 -0.0350287 -0.0351166 -0.035183 -0.0352336 -0.035274 -0.0353096 -0.0353455 -0.0353866 -0.0354373 -0.035502 -0.0355843 -0.0356875 -0.0358146 -0.0359678 -0.0361489 -0.0363592 -0.0365991 -0.0368687 -0.0371672 -0.0374931 -0.0378445 -0.0382184 -0.0386114 -0.0390194 -0.0394374 -0.0398599 -0.040281 -0.0406939 -0.0410915 -0.0414663 -0.0418102 -0.0421151 -0.0423726 -0.0425742 -0.0427116 -0.0427764 -0.0427608 -0.0426571 -0.0424585 -0.0421594 -0.0417559 -0.0412425 -0.040614 -0.039866 -0.0389944 -0.0379961 -0.0368686 -0.0356103 -0.0342204 -0.0326989 -0.031047 -0.0292663 -0.0273596 -0.0253303 -0.0231828 -0.020922 -0.0185534 -0.0160835 -0.0135188 -0.0108667 -0.00813461 -0.00533054 -0.00246254 0.000461103 0.00343205 0.00644195 0.00948249 0.0125455 0.0156229 0.0187068 0.0217898 0.0248645 0.0279241 0.0309619 0.0339717 0.0369477 0.0398846 0.0427774 0.0456215 0.0484128 0.0511477 0.0538228 0.0564354 0.058983 0.0614635 0.0638753 0.0662171 0.0684878 0.0706869 0.072814 0.0748691 0.0768524 0.0787645 0.080606 0.0823779 0.0840813 0.0857176 0.0872881 0.0887945 0.0902385 0.091622 0.0929467 0.0942148 0.0954282 0.096589 0.0976993 0.0987613 0.0997772 0.100749 0.101679 0.10257 0.103423 0.10424 0.105025 0.10578 0.106505 0.107205 0.107881 0.108535 0.10917 0.109787 0.110382 
0.0430752 0.0430847 0.0431175 0.0431733 0.043251 0.0433494 0.0434666 0.0436006 0.0437489 0.0439084 0.044076 0.0442478 0.0444197 0.044587 0.0447448 0.0448875 0.0450094 0.0451041 0.045165 0.0451852 0.0451572 0.0450735 0.0449261 0.044707 0.0444081 0.0440212 0.0435383 0.0429515 0.0422533 0.0414368 0.0404955 0.039424 0.0382178 0.0368735 0.035389 0.033764 0.0319996 0.0300987 0.0280661 0.0259085 0.0236345 0.0212544 0.0187804 0.0162261 0.0136064 0.0109374 0.00823571 0.00551843 0.00280268 0.000105224 -0.00255777 -0.00517109 -0.0077207 -0.010194 -0.0125797 -0.0148686 -0.0170525 -0.0191255 -0.0210828 -0.0229214 -0.0246395 -0.0262368 -0.0277141 -0.029073 -0.0303163 -0.0314473 -0.0324703 -0.0333899 -0.0342113 -0.0349399 -0.0355817 -0.0361427 -0.0366292 -0.0370478 -0.0374049 -0.0377072 -0.0379613 -0.038174 -0.0383518 -0.0385013 -0.0386289 -0.0387409 -0.0388434 -0.0389423 -0.0390432 -0.0391514 -0.039272 -0.0394094 -0.0395679 -0.0397512 -0.0399622 -0.0402037 -0.0404776 -0.0407852 -0.0411272 -0.0415034 -0.041913 -0.0423544 -0.0428253 -0.0433224 -0.0438419 -0.044379 -0.0449281 -0.0454832 -0.0460372 -0.0465827 -0.0471115 -0.0476149 -0.0480841 -0.0485095 -0.0488816 -0.0491907 -0.0494273 -0.0495818 -0.0496453 -0.0496091 -0.0494653 -0.0492085 -0.0488348 -0.0483381 -0.0477126 -0.0469531 -0.0460552 -0.0450153 -0.0438308 -0.0424998 -0.0410215 -0.0393962 -0.0376252 -0.0357105 -0.0336555 -0.0314642 -0.0291415 -0.0266933 -0.0241261 -0.021447 -0.0186638 -0.0157848 -0.0128185 -0.00977407 -0.00666054 -0.0034873 -0.000263747 0.00300074 0.00629686 0.00961548 0.0129476 0.0162847 0.0196183 0.0229405 0.0262437 0.0295206 0.0327646 0.0359694 0.0391293 0.0422388 0.0452932 0.0482881 0.0512198 0.0540847 0.05688 0.0596031 0.0622521 0.0648253 0.0673214 0.0697396 0.0720794 0.0743407 0.0765234 0.0786281 0.0806555 0.0826064 0.0844821 0.0862839 0.0880134 0.0896721 0.0912621 0.0927852 0.0942435 0.095639 0.0969741 0.098251 0.0994719 0.100639 0.101755 0.102822 0.103843 0.104819 0.105753 0.106648 0.107506 0.108329 0.10912 0.109881 0.110615 0.111324 0.11201 0.112677 0.113326 0.113952 
0.0470312 0.0470421 0.0470799 0.0471441 0.0472338 0.0473474 0.0474833 0.047639 0.0478121 0.0479993 0.0481971 0.0484016 0.0486082 0.0488121 0.0490077 0.0491894 0.0493507 0.0494848 0.0495845 0.049642 0.0496494 0.0495982 0.0494796 0.0492846 0.0490041 0.0486288 0.0481496 0.0475573 0.0468433 0.0459993 0.0450178 0.0438922 0.0426167 0.0411871 0.0396004 0.0378556 0.0359534 0.0338965 0.0316898 0.0293405 0.0268578 0.0242534 0.0215406 0.018735 0.0158534 0.0129141 0.00993613 0.00693896 0.00394218 0.000964946 -0.00197435 -0.00485845 -0.00767153 -0.0103994 -0.0130297 -0.0155521 -0.017958 -0.0202408 -0.0223957 -0.0244198 -0.0263114 -0.0280707 -0.0296987 -0.0311979 -0.0325714 -0.0338234 -0.0349586 -0.0359823 -0.0369003 -0.0377188 -0.0384444 -0.0390837 -0.0396436 -0.0401313 -0.0405539 -0.0409186 -0.0412327 -0.0415034 -0.0417379 -0.0419434 -0.0421268 -0.042295 -0.0424547 -0.0426123 -0.042774 -0.0429456 -0.0431326 -0.0433401 -0.0435726 -0.0438341 -0.0441282 -0.0444578 -0.044825 -0.0452313 -0.0456774 -0.0461632 -0.0466878 -0.0472495 -0.0478455 -0.0484724 -0.0491258 -0.0498002 -0.0504895 -0.0511868 -0.0518842 -0.0525732 -0.0532446 -0.0538886 -0.054495 -0.0550531 -0.055552 -0.0559807 -0.0563281 -0.0565835 -0.0567365 -0.0567772 -0.0566967 -0.0564898 -0.056153 -0.0556793 -0.055062 -0.0542954 -0.0533743 -0.0522948 -0.0510539 -0.0496495 -0.0480809 -0.0463485 -0.0444538 -0.0423993 -0.040189 -0.0378274 -0.0353205 -0.0326749 -0.0298981 -0.0269984 -0.0239845 -0.020866 -0.0176526 -0.0143545 -0.0109821 -0.00754587 -0.00405641 -0.00052422 0.00304034 0.0066271 0.0102262 0.013828 0.0174233 0.0210035 0.0245602 0.0280856 0.0315725 0.0350141 0.0384042 0.0417372 0.045008 0.0482119 0.0513451 0.0544039 0.0573854 0.0602872 0.0631071 0.0658437 0.0684957 0.0710625 0.0735437 0.0759393 0.0782496 0.0804753 0.0826172 0.0846766 0.0866549 0.0885537 0.0903748 0.0921201 0.0937917 0.0953919 0.0969229 0.0983871 0.0997871 0.101125 0.102404 0.103626 0.104794 0.10591 0.106976 0.107997 0.108973 0.109907 0.110803 0.111662 0.112487 0.113281 0.114046 0.114785 0.115501 0.116197 0.116876 0.117531 
0.05096 0.0509724 0.0510158 0.0510894 0.0511922 0.0513228 0.0514793 0.0516593 0.0518599 0.0520781 0.0523098 0.052551 0.052797 0.0530423 0.0532814 0.0535078 0.0537149 0.0538951 0.0540407 0.0541433 0.054194 0.0541836 0.0541022 0.05394 0.0536867 0.0533317 0.0528646 0.0522751 0.0515531 0.0506889 0.0496736 0.0484991 0.0471584 0.0456461 0.0439582 0.0420927 0.0400498 0.0378319 0.0354439 0.0328934 0.0301906 0.0273482 0.0243813 0.0213073 0.0181455 0.0149166 0.0116426 0.0083457 0.0050484 0.00177262 -0.00146067 -0.00463188 -0.00772314 -0.0107186 -0.0136046 -0.0163697 -0.0190047 -0.0215029 -0.0238593 -0.026071 -0.0281371 -0.0300579 -0.0318353 -0.0334722 -0.0349727 -0.0363416 -0.0375843 -0.0387071 -0.0397164 -0.0406191 -0.0414224 -0.0421338 -0.0427607 -0.0433111 -0.0437926 -0.0442131 -0.0445805 -0.0449027 -0.0451874 -0.0454425 -0.0456756 -0.0458941 -0.0461053 -0.0463163 -0.0465338 -0.0467643 -0.0470136 -0.0472876 -0.0475911 -0.0479287 -0.0483044 -0.0487212 -0.0491818 -0.0496877 -0.0502397 -0.050838 -0.0514813 -0.0521679 -0.0528949 -0.0536582 -0.0544529 -0.0552732 -0.0561122 -0.0569619 -0.0578137 -0.058658 -0.0594843 -0.0602817 -0.0610385 -0.0617427 -0.0623818 -0.0629433 -0.0634146 -0.0637832 -0.0640374 -0.0641658 -0.064158 -0.0640097 -0.063718 -0.0632746 -0.0626719 -0.0619033 -0.0609631 -0.0598466 -0.0585505 -0.0570726 -0.055412 -0.0535693 -0.0515464 -0.0493462 -0.0469733 -0.0444331 -0.0417323 -0.0388787 -0.0358808 -0.0327481 -0.0294906 -0.026119 -0.0226446 -0.0190787 -0.0154332 -0.0117197 -0.00795012 -0.00413621 -0.000289499 0.00357875 0.00745759 0.0113365 0.0152054 0.0190547 0.0228755 0.0266592 0.0303981 0.0340849 0.037713 0.0412765 0.0447698 0.0481884 0.051528 0.054785 0.0579564 0.0610398 0.0640332 0.0669351 0.0697445 0.0724608 0.0750839 0.077614 0.0800516 0.0823977 0.0846534 0.0868201 0.0888996 0.0908938 0.0928047 0.0946346 0.0963858 0.0980609 0.0996624 0.101193 0.102655 0.104052 0.105386 0.106661 0.107878 0.10904 0.110151 0.111213 0.112228 0.1132 0.11413 0.115023 0.11588 0.116704 0.117498 0.118265 0.119008 0.119731 0.120435 0.121117 
0.0548577 0.0548719 0.0549212 0.0550051 0.0551225 0.0552718 0.055451 0.0556578 0.055889 0.0561415 0.0564111 0.0566934 0.0569834 0.0572756 0.0575638 0.0578414 0.058101 0.0583346 0.058534 0.0586898 0.0587925 0.0588319 0.0587973 0.0586775 0.0584611 0.0581362 0.0576912 0.057114 0.056393 0.055517 0.0544754 0.0532585 0.0518578 0.0502663 0.0484788 0.0464922 0.0443059 0.0419217 0.0393448 0.0365828 0.033647 0.0305512 0.0273126 0.0239508 0.0204878 0.0169474 0.0133547 0.00973542 0.00611537 0.00251972 -0.00102753 -0.00450412 -0.00788987 -0.0111671 -0.0143206 -0.0173381 -0.0202099 -0.0229288 -0.0254901 -0.0278914 -0.030132 -0.0322132 -0.0341375 -0.0359089 -0.0375321 -0.039013 -0.0403579 -0.0415738 -0.042668 -0.0436482 -0.0445224 -0.0452987 -0.0459855 -0.0465912 -0.0471241 -0.047593 -0.0480063 -0.0483725 -0.0487002 -0.0489978 -0.0492735 -0.0495354 -0.0497916 -0.0500497 -0.0503172 -0.050601 -0.0509078 -0.0512439 -0.0516147 -0.0520254 -0.0524803 -0.0529829 -0.0535362 -0.054142 -0.0548013 -0.0555142 -0.0562797 -0.0570956 -0.0579588 -0.0588651 -0.0598089 -0.0607837 -0.0617819 -0.0627947 -0.0638124 -0.0648242 -0.0658185 -0.0667829 -0.0677042 -0.0685689 -0.0693628 -0.0700716 -0.070681 -0.0711768 -0.0715453 -0.0717734 -0.071849 -0.0717695 -0.0715323 -0.0711278 -0.0705473 -0.0697832 -0.0688288 -0.067679 -0.0663297 -0.0647787 -0.063025 -0.0610694 -0.0589139 -0.0565622 -0.0540194 -0.0512919 -0.0483873 -0.0453146 -0.0420836 -0.0387049 -0.0351902 -0.0315514 -0.0278012 -0.0239526 -0.0200188 -0.0160129 -0.0119482 -0.00783771 -0.00369433 0.00046951 0.00464174 0.00881079 0.0129657 0.0170959 0.0211918 0.0252441 0.0292445 0.0331853 0.0370594 0.0408605 0.044583 0.0482219 0.0517729 0.0552324 0.0585975 0.0618655 0.0650348 0.0681039 0.0710719 0.0739386 0.076704 0.0793686 0.0819331 0.0843988 0.0867672 0.0890399 0.0912191 0.0933068 0.0953056 0.0972179 0.0990465 0.100794 0.102464 0.104058 0.10558 0.107033 0.10842 0.109744 0.111008 0.112214 0.113366 0.114467 0.115519 0.116525 0.117489 0.118412 0.119298 0.120149 0.12097 0.121762 0.122529 0.123275 0.124003 0.124708 
0.05872 0.0587361 0.058792 0.0588871 0.0590204 0.0591902 0.0593944 0.0596305 0.0598955 0.0601858 0.0604973 0.0608252 0.0611645 0.0615091 0.0618527 0.062188 0.0625074 0.0628024 0.0630638 0.0632819 0.063446 0.0635452 0.0635676 0.063501 0.0633325 0.063049 0.062637 0.062083 0.0613736 0.0604957 0.0594368 0.0581853 0.056731 0.0550649 0.0531803 0.0510728 0.0487406 0.046185 0.0434107 0.040426 0.0372427 0.0338763 0.0303461 0.0266743 0.0228861 0.0190088 0.0150715 0.0111038 0.00713557 0.00319581 -0.000687986 -0.00449042 -0.00818873 -0.0117631 -0.015197 -0.0184771 -0.0215931 -0.0245379 -0.0273071 -0.0298988 -0.0323133 -0.0345527 -0.0366206 -0.0385219 -0.0402626 -0.0418495 -0.04329 -0.044592 -0.0457638 -0.0468139 -0.0477511 -0.0485844 -0.0493228 -0.0499755 -0.0505517 -0.0510605 -0.0515113 -0.0519133 -0.0522756 -0.0526074 -0.0529176 -0.0532152 -0.0535087 -0.0538066 -0.0541171 -0.0544478 -0.0548061 -0.0551987 -0.0556321 -0.0561117 -0.0566425 -0.0572285 -0.0578729 -0.058578 -0.0593451 -0.0601742 -0.0610643 -0.0620133 -0.0630178 -0.064073 -0.0651732 -0.0663109 -0.0674779 -0.0686645 -0.0698597 -0.0710516 -0.0722273 -0.0733729 -0.0744735 -0.075514 -0.0764783 -0.0773502 -0.0781134 -0.0787517 -0.0792491 -0.0795905 -0.0797619 -0.0797627 -0.079591 -0.0792357 -0.0786865 -0.0779347 -0.0769726 -0.0757942 -0.074395 -0.0727724 -0.0709253 -0.0688545 -0.0665627 -0.064054 -0.0613343 -0.0584109 -0.0552927 -0.0519897 -0.0485131 -0.0448752 -0.0410891 -0.0371683 -0.0331272 -0.0289802 -0.0247423 -0.0204281 -0.0160525 -0.01163 -0.00717476 -0.00270058 0.00177927 0.00625209 0.0107059 0.0151293 0.0195117 0.0238433 0.0281152 0.0323189 0.0364472 0.0404934 0.0444516 0.0483166 0.0520841 0.0557505 0.0593127 0.0627684 0.0661159 0.0693539 0.0724819 0.0754996 0.0784076 0.0812064 0.0838972 0.0864816 0.0889613 0.0913385 0.0936155 0.0957948 0.0978792 0.0998715 0.101775 0.103593 0.105327 0.106983 0.108562 0.110069 0.111506 0.112877 0.114184 0.115432 0.116623 0.11776 0.118846 0.119884 0.120877 0.121829 0.122741 0.123617 0.124461 0.125274 0.126062 0.126828 0.127575 0.128299 
0.0625422 0.0625603 0.0626234 0.0627308 0.0628813 0.0630734 0.0633049 0.0635732 0.0638751 0.064207 0.0645645 0.0649429 0.0653366 0.0657395 0.0661449 0.0665451 0.0669321 0.0672967 0.0676293 0.0679192 0.0681551 0.068325 0.0684159 0.0684142 0.0683059 0.0680761 0.0677097 0.0671914 0.0665057 0.0656374 0.0645719 0.0632954 0.0617953 0.0600607 0.0580827 0.0558553 0.0533752 0.0506429 0.0476625 0.0444426 0.0409958 0.0373394 0.0334948 0.0294876 0.0253465 0.0211031 0.0167912 0.0124452 0.00809959 0.00378803 -0.000457855 -0.00460907 -0.00863988 -0.0125283 -0.016256 -0.019809 -0.0231766 -0.0263519 -0.0293311 -0.0321133 -0.0346997 -0.0370939 -0.0393006 -0.0413262 -0.0431778 -0.0448635 -0.0463919 -0.0477718 -0.0490127 -0.050124 -0.0511153 -0.0519965 -0.0527773 -0.0534678 -0.0540777 -0.0546171 -0.055096 -0.0555242 -0.0559117 -0.0562684 -0.056604 -0.0569281 -0.0572501 -0.0575793 -0.0579245 -0.0582942 -0.0586966 -0.0591391 -0.0596288 -0.060172 -0.060774 -0.0614395 -0.0621723 -0.0629749 -0.0638488 -0.0647944 -0.0658107 -0.0668956 -0.0680452 -0.0692547 -0.0705177 -0.0718261 -0.0731709 -0.0745413 -0.0759254 -0.0773099 -0.0786805 -0.0800216 -0.0813168 -0.082549 -0.0837001 -0.0847519 -0.0856858 -0.0864833 -0.087126 -0.0875962 -0.0878775 -0.0879721 -0.0878789 -0.0875847 -0.0870779 -0.086348 -0.0853863 -0.0841858 -0.0827413 -0.0810498 -0.0791102 -0.0769235 -0.0744925 -0.0718221 -0.068919 -0.0657917 -0.0624502 -0.0589059 -0.0551717 -0.0512612 -0.0471894 -0.0429717 -0.038624 -0.0341628 -0.0296046 -0.0249659 -0.0202633 -0.0155127 -0.0107299 -0.0059302 -0.00112809 0.00366252 0.00842852 0.0131576 0.0178384 0.0224602 0.0270135 0.0314895 0.0358804 0.0401791 0.0443796 0.0484766 0.0524657 0.0563432 0.0601061 0.0637523 0.0672801 0.0706887 0.0739775 0.0771468 0.0801973 0.0831299 0.0859462 0.088648 0.0912376 0.0937174 0.0960901 0.0983587 0.100526 0.102596 0.104572 0.106456 0.108254 0.109967 0.111601 0.113158 0.114642 0.116057 0.117406 0.118692 0.119918 0.121089 0.122207 0.123274 0.124295 0.125271 0.126207 0.127105 0.127968 0.128801 0.129605 0.130387 0.131149 0.131887 
0.0663192 0.0663395 0.0664103 0.0665309 0.0667002 0.0669165 0.0671776 0.0674808 0.0678229 0.0682001 0.0686081 0.0690417 0.0694955 0.0699628 0.0704368 0.0709095 0.0713722 0.0718153 0.0722287 0.0726008 0.0729196 0.0731719 0.0733437 0.0734202 0.0733856 0.0732235 0.0729169 0.0724485 0.0718005 0.0709554 0.0698959 0.0686058 0.0670696 0.0652741 0.0632079 0.0608627 0.0582335 0.0553193 0.0521236 0.0486549 0.0449269 0.0409584 0.0367736 0.0324016 0.0278757 0.0232325 0.0185112 0.0137522 0.00899561 0.00428057 -0.00035638 -0.00488205 -0.00926737 -0.0134878 -0.0175236 -0.0213598 -0.0249859 -0.0283954 -0.0315856 -0.0345568 -0.0373118 -0.0398557 -0.0421949 -0.0443374 -0.0462919 -0.0480677 -0.0496748 -0.0511232 -0.0524235 -0.053586 -0.0546214 -0.0555402 -0.0563532 -0.0570709 -0.0577041 -0.0582634 -0.0587597 -0.0592035 -0.0596055 -0.0599764 -0.0603267 -0.0606668 -0.061007 -0.0613573 -0.0617274 -0.0621268 -0.0625643 -0.0630483 -0.0635865 -0.064186 -0.0648529 -0.0655925 -0.066409 -0.0673055 -0.0682839 -0.0693447 -0.0704872 -0.071709 -0.0730063 -0.0743738 -0.0758047 -0.0772903 -0.0788207 -0.0803842 -0.0819677 -0.0835566 -0.0851349 -0.0866857 -0.0881906 -0.0896305 -0.0909853 -0.0922345 -0.093357 -0.0943317 -0.0951377 -0.0957543 -0.0961618 -0.0963658 -0.0963661 -0.0961475 -0.0956961 -0.0949999 -0.0940488 -0.0928346 -0.0913515 -0.0895959 -0.0875665 -0.0852644 -0.0826929 -0.0798576 -0.076766 -0.0734278 -0.0698543 -0.0660586 -0.0620551 -0.0578593 -0.0534881 -0.0489587 -0.0442891 -0.0394978 -0.0346032 -0.0296237 -0.0245777 -0.019483 -0.0143569 -0.00921633 -0.00407716 0.0010454 0.00613708 0.0111846 0.0161755 0.0210985 0.0259434 0.0307008 0.0353626 0.0399213 0.0443707 0.0487054 0.0529209 0.0570136 0.0609806 0.0648199 0.0685301 0.0721105 0.0755611 0.0788822 0.0820749 0.0851406 0.0880812 0.0908991 0.0935967 0.096177 0.0986431 0.100998 0.103246 0.105391 0.107436 0.109384 0.111241 0.11301 0.114695 0.116299 0.117827 0.119283 0.12067 0.121991 0.123251 0.124452 0.125599 0.126693 0.127738 0.128737 0.129694 0.13061 0.13149 0.132337 0.133155 0.133948 0.13472 0.135466 
0.0700455 0.0700681 0.0701473 0.0702821 0.0704716 0.0707139 0.0710069 0.0713479 0.0717336 0.07216 0.0726229 0.0731169 0.0736363 0.0741745 0.0747241 0.0752769 0.0758239 0.0763551 0.0768594 0.0773249 0.0777385 0.078086 0.0783524 0.0785213 0.0785755 0.0784967 0.078266 0.0778635 0.0772693 0.076463 0.0754245 0.0741344 0.0725743 0.0707277 0.0685802 0.0661209 0.0633422 0.0602414 0.0568209 0.0530889 0.0490597 0.0447542 0.0401995 0.035429 0.0304811 0.0253987 0.0202277 0.0150153 0.00980884 0.00465393 -0.000407033 -0.00533593 -0.0100999 -0.0146717 -0.0190302 -0.0231598 -0.0270503 -0.0306964 -0.0340968 -0.0372536 -0.0401718 -0.0428584 -0.0453219 -0.0475721 -0.0496195 -0.0514751 -0.0531502 -0.0546562 -0.0560047 -0.0572072 -0.0582752 -0.0592201 -0.0600535 -0.0607868 -0.0614314 -0.0619987 -0.0625003 -0.0629475 -0.0633518 -0.0637246 -0.0640774 -0.0644213 -0.0647676 -0.0651271 -0.0655106 -0.0659282 -0.0663899 -0.0669048 -0.0674817 -0.0681283 -0.0688516 -0.0696576 -0.0705512 -0.0715359 -0.0726142 -0.0737867 -0.075053 -0.0764108 -0.0778562 -0.0793835 -0.0809854 -0.0826528 -0.0843749 -0.0861389 -0.0879306 -0.0897342 -0.0915322 -0.0933057 -0.0950346 -0.0966978 -0.0982729 -0.0997371 -0.101067 -0.102238 -0.103227 -0.104009 -0.104562 -0.104893 -0.105005 -0.104878 -0.104498 -0.10385 -0.102922 -0.101705 -0.100193 -0.0983801 -0.0962661 -0.0938516 -0.0911406 -0.0881392 -0.084856 -0.0813018 -0.0774894 -0.0734336 -0.0691507 -0.0646581 -0.0599746 -0.0551199 -0.0501139 -0.0449774 -0.0397308 -0.0343948 -0.0289896 -0.0235351 -0.0180503 -0.0125538 -0.007063 -0.00159455 0.00383606 0.00921439 0.0145272 0.0197622 0.0249086 0.0299565 0.0348972 0.0397231 0.0444277 0.0490056 0.0534522 0.057764 0.0619382 0.065973 0.0698673 0.0736206 0.0772333 0.0807061 0.0840405 0.0872384 0.090302 0.0932341 0.0960376 0.0987161 0.101273 0.103712 0.106038 0.108254 0.110364 0.112374 0.114287 0.116108 0.11784 0.119489 0.121058 0.122551 0.123973 0.125327 0.126617 0.127846 0.129018 0.130136 0.131203 0.132223 0.133197 0.134129 0.135023 0.135881 0.136708 0.137508 0.138284 0.139031 
0.073715 0.0737402 0.0738282 0.0739784 0.0741894 0.0744597 0.074787 0.0751686 0.0756012 0.0760809 0.0766031 0.0771626 0.0777535 0.078369 0.0790015 0.0796427 0.0802829 0.0809119 0.081518 0.0820886 0.0826097 0.0830663 0.083442 0.0837191 0.0838786 0.0839005 0.0837635 0.0834454 0.0829235 0.0821742 0.0811742 0.0799006 0.0783312 0.0764458 0.0742265 0.0716585 0.0687315 0.0654402 0.0617852 0.057774 0.0534217 0.0487509 0.0437924 0.0385842 0.0331711 0.0276033 0.0219351 0.0162223 0.0105207 0.00488391 -0.000638573 -0.0060029 -0.0111719 -0.0161155 -0.0208113 -0.0252435 -0.0294029 -0.0332859 -0.0368935 -0.0402303 -0.0433037 -0.0461236 -0.0487007 -0.0510472 -0.0531756 -0.0550986 -0.0568292 -0.0583801 -0.059764 -0.0609936 -0.0620813 -0.0630394 -0.0638801 -0.0646157 -0.0652582 -0.06582 -0.0663131 -0.0667499 -0.0671425 -0.0675032 -0.0678442 -0.0681778 -0.0685161 -0.0688708 -0.0692538 -0.0696761 -0.0701487 -0.0706818 -0.0712851 -0.0719671 -0.0727359 -0.0735982 -0.0745595 -0.0756241 -0.0767949 -0.0780731 -0.0794583 -0.0809483 -0.0825393 -0.0842255 -0.0859989 -0.08785 -0.0897671 -0.0917366 -0.0937432 -0.0957695 -0.0977967 -0.0998042 -0.10177 -0.103671 -0.105482 -0.107178 -0.108734 -0.110121 -0.111314 -0.112284 -0.113004 -0.113483 -0.113725 -0.11371 -0.113419 -0.112836 -0.111948 -0.110742 -0.109212 -0.107353 -0.105162 -0.102642 -0.0997954 -0.0966298 -0.0931546 -0.0893821 -0.0853267 -0.0810047 -0.0764345 -0.0716358 -0.0666295 -0.0614375 -0.0560824 -0.050587 -0.0449744 -0.0392674 -0.0334884 -0.0276593 -0.0218013 -0.0159347 -0.0100785 -0.00425089 0.00153124 0.00725232 0.012898 0.0184554 0.0239127 0.0292596 0.034487 0.0395869 0.0445527 0.0493788 0.0540607 0.058595 0.0629792 0.0672115 0.0712912 0.0752182 0.0789931 0.0826173 0.0860926 0.0894212 0.092606 0.0956503 0.0985574 0.101331 0.103976 0.106496 0.108896 0.11118 0.113354 0.115421 0.117386 0.119255 0.121032 0.122721 0.124328 0.125856 0.127309 0.128693 0.13001 0.131265 0.13246 0.133599 0.134686 0.135722 0.136712 0.137657 0.138561 0.139427 0.140259 0.141061 0.141835 0.142577 
0.0773215 0.0773494 0.0774469 0.0776133 0.0778474 0.0781475 0.0785115 0.0789365 0.0794194 0.0799562 0.0805423 0.0811725 0.0818407 0.0825402 0.0832631 0.0840009 0.0847437 0.0854807 0.0862 0.086888 0.0875303 0.0881107 0.0886116 0.0890139 0.0892969 0.0894387 0.0894155 0.0892026 0.0887739 0.0881028 0.087162 0.0859244 0.0843637 0.0824551 0.0801761 0.0775077 0.0744355 0.0709508 0.0670518 0.0627448 0.058045 0.052977 0.0475753 0.0418838 0.0359547 0.0298473 0.023626 0.0173573 0.0111076 0.00494039 -0.00108643 -0.00692216 -0.0125248 -0.0178615 -0.0229086 -0.0276512 -0.0320817 -0.0361992 -0.0400077 -0.0435154 -0.046733 -0.0496735 -0.0523508 -0.0547795 -0.0569745 -0.0589504 -0.0607217 -0.0623029 -0.0637077 -0.0649497 -0.0660424 -0.0669988 -0.067832 -0.0685548 -0.0691802 -0.0697209 -0.0701901 -0.0706005 -0.0709654 -0.0712978 -0.0716109 -0.0719179 -0.0722317 -0.0725654 -0.0729315 -0.0733426 -0.0738104 -0.0743463 -0.074961 -0.0756642 -0.0764646 -0.0773701 -0.078387 -0.0795202 -0.0807731 -0.0821476 -0.0836435 -0.0852589 -0.0869899 -0.0888304 -0.0907725 -0.0928058 -0.0949181 -0.0970948 -0.0993195 -0.101574 -0.103837 -0.106087 -0.1083 -0.11045 -0.112511 -0.114456 -0.116254 -0.117877 -0.119295 -0.120475 -0.121387 -0.122037 -0.122433 -0.122551 -0.122371 -0.121873 -0.121042 -0.119866 -0.118334 -0.116442 -0.114188 -0.111571 -0.108597 -0.105273 -0.10161 -0.0976206 -0.0933216 -0.088731 -0.0838693 -0.0787583 -0.0734217 -0.0678836 -0.0621692 -0.0563041 -0.0503137 -0.0442233 -0.0380578 -0.0318414 -0.0255974 -0.0193479 -0.0131139 -0.00691527 -0.000770189 0.00530443 0.0112932 0.0171822 0.022959 0.0286127 0.0341336 0.0395136 0.0447459 0.0498247 0.0547456 0.0595054 0.0641016 0.068533 0.072799 0.0768999 0.0808369 0.0846117 0.0882265 0.0916843 0.0949883 0.0981423 0.10115 0.104017 0.106747 0.109344 0.111815 0.114164 0.116396 0.118517 0.120531 0.122445 0.124262 0.125989 0.127629 0.129188 0.130671 0.132081 0.133423 0.1347 0.135915 0.137074 0.138177 0.139229 0.140231 0.141187 0.142099 0.142969 0.143802 0.144601 0.145368 0.146097 
0.0808582 0.080889 0.0809965 0.0811801 0.0814386 0.0817704 0.0821733 0.0826446 0.083181 0.0837788 0.0844333 0.0851394 0.0858909 0.086681 0.0875019 0.0883448 0.0891996 0.0900553 0.0908994 0.0917181 0.0924958 0.0932156 0.0938588 0.0944048 0.0948312 0.095114 0.095227 0.0951425 0.0948312 0.0942626 0.0934051 0.092227 0.0906968 0.0887844 0.0864617 0.0837044 0.0804927 0.0768136 0.0726618 0.0680413 0.0629672 0.0574658 0.0515757 0.0453475 0.0388425 0.0321311 0.0252903 0.0184 0.0115399 0.00478565 -0.00179447 -0.00814173 -0.0142087 -0.0199599 -0.0253712 -0.0304292 -0.0351295 -0.039475 -0.0434741 -0.0471394 -0.0504862 -0.053531 -0.0562914 -0.058785 -0.0610291 -0.0630405 -0.0648356 -0.0664301 -0.0678388 -0.0690766 -0.0701575 -0.0710955 -0.0719042 -0.0725972 -0.0731881 -0.0736904 -0.0741178 -0.074484 -0.074803 -0.0750888 -0.0753554 -0.075617 -0.0758877 -0.0761815 -0.0765123 -0.0768936 -0.0773383 -0.077859 -0.0784675 -0.0791747 -0.0799903 -0.080923 -0.0819801 -0.0831674 -0.0844889 -0.085947 -0.0875419 -0.0892721 -0.0911337 -0.0931206 -0.0952245 -0.0974347 -0.0997383 -0.10212 -0.104562 -0.107045 -0.109547 -0.112044 -0.114511 -0.11692 -0.119242 -0.121448 -0.123505 -0.125382 -0.127045 -0.12846 -0.129591 -0.130435 -0.131009 -0.131285 -0.131239 -0.13085 -0.130099 -0.128972 -0.127459 -0.125553 -0.12325 -0.120552 -0.117464 -0.113992 -0.110149 -0.10595 -0.101412 -0.096555 -0.091402 -0.0859775 -0.0803072 -0.0744183 -0.0683385 -0.0620963 -0.0557198 -0.049237 -0.0426754 -0.0360616 -0.0294213 -0.0227787 -0.0161568 -0.00957716 -0.00305959 0.00337766 0.00971801 0.0159466 0.0220501 0.0280171 0.0338374 0.0395026 0.0450056 0.0503408 0.0555037 0.0604911 0.065301 0.0699323 0.0743849 0.0786595 0.0827578 0.0866819 0.0904347 0.0940196 0.0974404 0.100702 0.103808 0.106764 0.109575 0.112247 0.114785 0.117194 0.119482 0.121652 0.123712 0.125666 0.127521 0.129281 0.130952 0.132539 0.134047 0.135481 0.136844 0.138141 0.139375 0.14055 0.141668 0.142733 0.143746 0.144711 0.145628 0.146501 0.147331 0.148123 0.148876 0.149585 
0.0843179 0.0843517 0.0844698 0.0846715 0.0849558 0.085321 0.085765 0.0862852 0.0868785 0.0875411 0.0882684 0.0890554 0.0898961 0.0907835 0.09171 0.0926665 0.093643 0.0946283 0.0956094 0.096572 0.0975002 0.098376 0.0991796 0.0998891 0.100481 0.100928 0.101201 0.101272 0.101105 0.100667 0.0999208 0.09883 0.0973568 0.0954646 0.0931189 0.0902882 0.0869466 0.0830747 0.0786625 0.0737107 0.0682329 0.0622571 0.0558262 0.0489986 0.0418466 0.0344543 0.0269144 0.0193241 0.0117797 0.00437209 -0.00281744 -0.00972072 -0.0162845 -0.0224708 -0.0282564 -0.0336309 -0.0385946 -0.0431561 -0.0473298 -0.0511341 -0.0545896 -0.0577176 -0.0605398 -0.063077 -0.0653494 -0.067376 -0.0691747 -0.0707627 -0.072156 -0.0733703 -0.0744203 -0.0753207 -0.0760857 -0.0767296 -0.0772665 -0.0777106 -0.0780763 -0.0783782 -0.0786309 -0.0788494 -0.0790488 -0.0792442 -0.0794509 -0.079684 -0.0799586 -0.0802893 -0.0806905 -0.0811757 -0.0817581 -0.0824496 -0.0832611 -0.0842024 -0.0852817 -0.0865056 -0.087879 -0.0894048 -0.0910837 -0.0929146 -0.0948936 -0.0970148 -0.0992697 -0.101647 -0.104134 -0.106714 -0.109368 -0.112077 -0.114816 -0.117561 -0.120284 -0.122956 -0.125547 -0.128023 -0.130351 -0.132497 -0.134424 -0.136095 -0.137472 -0.138537 -0.139315 -0.139774 -0.139888 -0.139632 -0.138986 -0.137933 -0.136462 -0.134564 -0.132235 -0.129476 -0.126291 -0.122688 -0.11868 -0.114283 -0.109516 -0.104402 -0.0989636 -0.0932296 -0.0872281 -0.0809889 -0.0745428 -0.0679211 -0.0611548 -0.0542749 -0.0473117 -0.0402944 -0.0332511 -0.0262084 -0.0191915 -0.0122238 -0.0053268 0.00147976 0.00817804 0.0147521 0.0211878 0.0274729 0.033597 0.039551 0.0453279 0.0509218 0.0563285 0.0615448 0.0665691 0.0714005 0.0760394 0.0804869 0.0847452 0.088817 0.0927056 0.0964152 0.0999502 0.103315 0.106516 0.109558 0.112448 0.11519 0.117791 0.120258 0.122597 0.124813 0.126914 0.128905 0.130793 0.132584 0.134282 0.135894 0.137424 0.138878 0.14026 0.141575 0.142825 0.144015 0.145147 0.146223 0.147246 0.148217 0.149139 0.150011 0.150837 0.151618 0.152353 0.153034 
0.087693 0.08773 0.0878591 0.0880799 0.0883912 0.0887915 0.0892787 0.0898505 0.0905037 0.0912347 0.0920391 0.092912 0.0938475 0.0948388 0.0958783 0.096957 0.098065 0.0991907 0.100321 0.101442 0.102536 0.103585 0.104568 0.105462 0.106242 0.106878 0.107341 0.107594 0.107603 0.107328 0.106726 0.105755 0.104371 0.102529 0.100186 0.0973037 0.0938464 0.0897872 0.0851092 0.0798082 0.0738952 0.0673987 0.0603665 0.0528654 0.0449812 0.0368152 0.0284802 0.0200952 0.011778 0.00363923 -0.00422405 -0.0117324 -0.0188262 -0.0254661 -0.0316314 -0.037317 -0.0425305 -0.0472883 -0.0516131 -0.0555306 -0.0590679 -0.0622522 -0.0651095 -0.0676645 -0.06994 -0.0719573 -0.0737361 -0.0752947 -0.0766501 -0.0778187 -0.078816 -0.0796571 -0.0803568 -0.0809298 -0.0813909 -0.0817549 -0.082037 -0.0822523 -0.0824165 -0.0825454 -0.0826552 -0.082762 -0.0828823 -0.0830323 -0.0832283 -0.0834863 -0.0838218 -0.0842498 -0.0847844 -0.085439 -0.0862255 -0.0871548 -0.0882361 -0.0894769 -0.0908829 -0.0924577 -0.0942027 -0.0961168 -0.0981968 -0.100437 -0.102828 -0.105359 -0.108016 -0.110783 -0.113641 -0.116567 -0.119537 -0.122525 -0.125502 -0.128438 -0.131298 -0.13405 -0.136657 -0.139082 -0.141288 -0.143234 -0.144881 -0.146193 -0.147199 -0.147867 -0.148166 -0.14807 -0.147556 -0.146604 -0.145202 -0.143338 -0.141009 -0.138213 -0.134955 -0.131244 -0.127092 -0.122516 -0.117537 -0.112179 -0.106469 -0.100437 -0.0941127 -0.0875303 -0.0807231 -0.0737254 -0.0665715 -0.0592954 -0.0519301 -0.044508 -0.0370597 -0.0296143 -0.0221994 -0.0148402 -0.00756023 -0.000380828 0.00667882 0.0136016 0.0203725 0.0269785 0.0334085 0.0396533 0.0457055 0.0515593 0.0572103 0.0626557 0.067894 0.0729248 0.0777488 0.0823677 0.086784 0.0910012 0.0950232 0.0988547 0.102501 0.105967 0.109259 0.112384 0.115347 0.118156 0.120817 0.123337 0.125723 0.127982 0.13012 0.132145 0.134062 0.135879 0.137601 0.139235 0.140785 0.142257 0.143656 0.144985 0.14625 0.147453 0.148597 0.149684 0.150716 0.151694 0.152618 0.15349 0.15431 0.155078 0.15579 0.156438 
0.0909757 0.0910159 0.0911567 0.0913973 0.0917367 0.0921736 0.0927061 0.0933317 0.0940477 0.0948505 0.0957361 0.0966996 0.0977354 0.098837 0.0999968 0.101206 0.102455 0.103732 0.105024 0.106317 0.107593 0.108833 0.110016 0.111118 0.11211 0.112964 0.113644 0.114114 0.114332 0.114256 0.113836 0.113024 0.111767 0.110012 0.107706 0.1048 0.101247 0.0970118 0.0920664 0.0863996 0.0800178 0.0729488 0.0652446 0.0569823 0.0482634 0.0392108 0.0299634 0.0206684 0.0114718 0.0025095 -0.00610132 -0.0142679 -0.0219244 -0.0290316 -0.0355742 -0.041556 -0.0469951 -0.0519192 -0.0563615 -0.0603571 -0.0639411 -0.0671472 -0.0700065 -0.0725475 -0.074796 -0.0767753 -0.0785064 -0.0800089 -0.0813006 -0.0823983 -0.0833181 -0.0840756 -0.0846858 -0.0851642 -0.0855258 -0.0857862 -0.0859611 -0.0860665 -0.086119 -0.0861352 -0.0861322 -0.0861275 -0.0861385 -0.0861827 -0.0862777 -0.0864406 -0.0866883 -0.0870369 -0.087502 -0.0880979 -0.0888379 -0.0897339 -0.0907961 -0.092033 -0.093451 -0.0950545 -0.0968455 -0.0988234 -0.100985 -0.103325 -0.105835 -0.108503 -0.111315 -0.114254 -0.1173 -0.120431 -0.123621 -0.126843 -0.130067 -0.13326 -0.136387 -0.139414 -0.142301 -0.145011 -0.147503 -0.149736 -0.151669 -0.153258 -0.154513 -0.155413 -0.155922 -0.156011 -0.155655 -0.154832 -0.153527 -0.151727 -0.149427 -0.146624 -0.143322 -0.139529 -0.135259 -0.130529 -0.125362 -0.119783 -0.113821 -0.107507 -0.100877 -0.0939658 -0.0868098 -0.0794467 -0.071914 -0.0642488 -0.0564875 -0.0486651 -0.0408153 -0.0329699 -0.0251586 -0.0174092 -0.00974702 -0.00219515 0.0052257 0.0124972 0.0196032 0.02653 0.0332659 0.0398012 0.0461281 0.0522409 0.0581353 0.0638085 0.0692592 0.0744875 0.0794945 0.0842824 0.0888543 0.0932141 0.0973665 0.101317 0.10507 0.108634 0.112014 0.115217 0.118251 0.121123 0.123839 0.126409 0.128838 0.131136 0.133308 0.135362 0.137306 0.139146 0.140889 0.142541 0.144108 0.145595 0.147009 0.148352 0.14963 0.150845 0.152 0.153098 0.154139 0.155124 0.156052 0.156924 0.157738 0.158492 0.15918 0.159791 
0.0941577 0.0942013 0.094354 0.0946152 0.0949838 0.0954587 0.0960381 0.0967199 0.0975013 0.0983791 0.0993495 0.100408 0.101549 0.102767 0.104054 0.105402 0.106802 0.108241 0.109707 0.111186 0.11266 0.11411 0.115513 0.116845 0.118077 0.119176 0.120107 0.120828 0.121295 0.121459 0.121266 0.120657 0.119573 0.11795 0.115723 0.11283 0.109212 0.104818 0.0996092 0.0935628 0.0866774 0.0789783 0.0705205 0.0613923 0.0517142 0.0416364 0.0313316 0.0209844 0.0107783 0.000882504 -0.00856026 -0.0174414 -0.0256897 -0.0332692 -0.0401743 -0.0464229 -0.0520486 -0.0570944 -0.0616071 -0.0656338 -0.0692189 -0.0724034 -0.0752238 -0.0777124 -0.0798977 -0.0818049 -0.0834563 -0.0848722 -0.0860708 -0.0870695 -0.0878846 -0.0885319 -0.089027 -0.0893855 -0.0896231 -0.0897557 -0.0897998 -0.0897722 -0.0896901 -0.0895711 -0.0894335 -0.0892955 -0.0891759 -0.0890932 -0.0890662 -0.0891134 -0.0892527 -0.0895016 -0.0898768 -0.0903937 -0.091067 -0.0919093 -0.0929321 -0.0941446 -0.0955542 -0.0971659 -0.0989823 -0.101004 -0.103227 -0.105647 -0.108255 -0.11104 -0.113988 -0.117081 -0.120299 -0.123618 -0.127013 -0.130455 -0.133913 -0.137353 -0.140738 -0.144033 -0.147196 -0.150188 -0.152968 -0.155491 -0.157717 -0.159601 -0.161124 -0.162273 -0.163013 -0.163311 -0.163138 -0.162471 -0.161291 -0.159585 -0.157344 -0.154565 -0.15125 -0.147407 -0.14305 -0.138197 -0.132871 -0.127099 -0.120911 -0.114343 -0.10743 -0.100211 -0.0927256 -0.0850149 -0.0771194 -0.0690796 -0.0609349 -0.0527235 -0.044482 -0.0362451 -0.028045 -0.0199119 -0.0118733 -0.00395395 0.00382367 0.0114399 0.0188775 0.0261217 0.0331603 0.039983 0.0465818 0.0529507 0.0590855 0.0649835 0.0706437 0.0760664 0.0812532 0.0862068 0.0909309 0.0954298 0.099709 0.103774 0.107632 0.111289 0.114753 0.118032 0.121132 0.124063 0.126831 0.129447 0.131916 0.134248 0.136451 0.138532 0.140498 0.142359 0.144119 0.145787 0.147369 0.14887 0.150295 0.151651 0.152941 0.154168 0.155335 0.156444 0.157495 0.158489 0.159423 0.160297 0.161107 0.161849 0.162514 0.163085 
0.0972304 0.0972776 0.0974426 0.0977249 0.0981237 0.0986378 0.0992657 0.100005 0.100854 0.10181 0.102869 0.104026 0.105278 0.106617 0.108038 0.109533 0.111091 0.112703 0.114356 0.116035 0.117723 0.119401 0.121046 0.122632 0.124131 0.125507 0.126722 0.127734 0.128492 0.128942 0.129025 0.128673 0.127816 0.126379 0.124284 0.121452 0.117809 0.113285 0.107825 0.10139 0.0939674 0.0855747 0.076269 0.0661496 0.0553601 0.044085 0.0325414 0.0209642 0.00958813 -0.00137312 -0.0117436 -0.0213966 -0.0302571 -0.0382982 -0.0455314 -0.0519961 -0.0577482 -0.0628512 -0.06737 -0.0713655 -0.0748932 -0.0780017 -0.0807331 -0.0831234 -0.0852033 -0.0869992 -0.0885345 -0.0898295 -0.0909031 -0.0917725 -0.0924542 -0.0929641 -0.0933181 -0.093532 -0.0936218 -0.0936041 -0.0934957 -0.0933142 -0.0930774 -0.0928041 -0.0925131 -0.0922238 -0.0919559 -0.0917291 -0.0915632 -0.0914779 -0.0914922 -0.0916247 -0.0918932 -0.0923144 -0.0929036 -0.0936749 -0.0946404 -0.0958104 -0.0971929 -0.0987938 -0.100616 -0.102661 -0.104926 -0.107406 -0.110092 -0.112974 -0.116037 -0.119263 -0.122633 -0.126121 -0.129703 -0.133347 -0.137021 -0.140692 -0.144322 -0.147871 -0.151299 -0.154565 -0.157624 -0.160434 -0.16295 -0.165129 -0.166932 -0.168344 -0.169329 -0.169852 -0.169883 -0.169395 -0.168366 -0.16678 -0.164628 -0.161903 -0.158608 -0.154749 -0.150339 -0.145397 -0.139945 -0.134013 -0.127633 -0.12084 -0.113674 -0.106176 -0.0983883 -0.0903552 -0.0821204 -0.0737276 -0.0652194 -0.0566373 -0.0480209 -0.0394076 -0.0308326 -0.0223282 -0.0139244 -0.00564789 0.00247718 0.0104296 0.018191 0.0257456 0.0330803 0.0401843 0.0470492 0.0536689 0.0600389 0.0661568 0.0720217 0.0776343 0.0829965 0.0881115 0.0929834 0.0976174 0.102019 0.106196 0.110153 0.113901 0.117445 0.120794 0.123958 0.126944 0.129761 0.132418 0.134924 0.137288 0.139518 0.141622 0.143609 0.145487 0.147263 0.148945 0.150539 0.152051 0.153489 0.154856 0.156157 0.157396 0.158576 0.159697 0.160761 0.161766 0.16271 0.16359 0.1644 0.165136 0.16578 0.166316 
0.100185 0.100236 0.100414 0.100718 0.101147 0.101701 0.102379 0.103178 0.104097 0.105133 0.106283 0.107543 0.108908 0.110375 0.111936 0.113583 0.115309 0.117104 0.118954 0.120846 0.122764 0.124689 0.126597 0.128463 0.130256 0.131941 0.133479 0.134821 0.135917 0.136705 0.13712 0.137085 0.136519 0.135334 0.133436 0.130728 0.127114 0.122504 0.116817 0.109993 0.102001 0.0928472 0.0825849 0.0713244 0.0592357 0.046547 0.0335342 0.0205017 0.00775479 -0.004431 -0.0158363 -0.0263135 -0.0357893 -0.044255 -0.0517511 -0.0583496 -0.0641381 -0.0692078 -0.0736456 -0.0775292 -0.080926 -0.0838924 -0.0864756 -0.0887142 -0.0906406 -0.0922819 -0.0936615 -0.0947997 -0.0957152 -0.096425 -0.0969454 -0.0972924 -0.0974816 -0.0975291 -0.0974512 -0.0972647 -0.0969869 -0.0966357 -0.0962299 -0.0957886 -0.0953316 -0.0948791 -0.0944515 -0.0940697 -0.0937543 -0.0935259 -0.0934046 -0.09341 -0.0935608 -0.0938746 -0.0943679 -0.0950554 -0.0959502 -0.0970634 -0.0984038 -0.0999779 -0.10179 -0.10384 -0.106128 -0.108648 -0.111392 -0.11435 -0.117507 -0.120846 -0.124346 -0.127982 -0.131727 -0.135552 -0.139423 -0.143305 -0.147159 -0.150945 -0.15462 -0.158143 -0.161467 -0.164548 -0.167341 -0.169801 -0.171887 -0.173564 -0.1748 -0.175558 -0.175804 -0.17551 -0.174651 -0.173208 -0.17117 -0.168528 -0.165283 -0.16144 -0.157011 -0.152014 -0.146473 -0.140417 -0.13388 -0.126899 -0.119515 -0.111772 -0.103716 -0.0953918 -0.0868481 -0.0781309 -0.0692864 -0.060359 -0.0513912 -0.0424236 -0.0334939 -0.0246372 -0.0158855 -0.00726774 0.00119015 0.00946539 0.0175382 0.0253918 0.0330122 0.0403879 0.0475101 0.0543723 0.0609699 0.0673006 0.0733637 0.0791599 0.0846917 0.0899625 0.0949772 0.0997412 0.104261 0.108544 0.112598 0.11643 0.120051 0.123468 0.126691 0.129729 0.132591 0.135288 0.137828 0.14022 0.142475 0.1446 0.146605 0.148498 0.150288 0.151981 0.153586 0.15511 0.156558 0.157936 0.159249 0.160501 0.161694 0.16283 0.163909 0.16493 0.165889 0.166781 0.167599 0.168335 0.168967 0.169475 
0.103013 0.103067 0.103258 0.103584 0.104045 0.10464 0.105368 0.106228 0.107218 0.108336 0.109579 0.110945 0.112428 0.114026 0.115731 0.117539 0.11944 0.121425 0.123484 0.125602 0.127765 0.129954 0.132146 0.134315 0.136432 0.13846 0.140357 0.142076 0.143559 0.144742 0.145551 0.145903 0.145703 0.144849 0.143228 0.140723 0.137211 0.132574 0.126702 0.119503 0.110918 0.100932 0.0895904 0.0770092 0.0633882 0.0490104 0.0342312 0.0194521 0.00507967 -0.00852297 -0.0210782 -0.0324168 -0.0424774 -0.051287 -0.0589335 -0.0655381 -0.0712328 -0.0761448 -0.0803878 -0.0840581 -0.087235 -0.089982 -0.0923497 -0.0943782 -0.0961 -0.0975419 -0.0987264 -0.0996733 -0.1004 -0.100924 -0.101259 -0.101423 -0.10143 -0.101295 -0.101037 -0.100671 -0.100214 -0.0996858 -0.0991047 -0.0984904 -0.0978632 -0.0972441 -0.0966541 -0.0961146 -0.0956472 -0.0952732 -0.0950135 -0.0948885 -0.0949176 -0.0951194 -0.0955111 -0.0961081 -0.0969244 -0.0979716 -0.0992594 -0.100795 -0.102583 -0.104624 -0.106919 -0.109461 -0.112245 -0.115259 -0.11849 -0.121918 -0.125525 -0.129285 -0.133171 -0.137152 -0.141195 -0.145263 -0.149316 -0.153314 -0.157214 -0.160969 -0.164536 -0.167866 -0.170915 -0.173635 -0.175983 -0.177917 -0.1794 -0.180391 -0.180856 -0.180762 -0.180084 -0.1788 -0.176894 -0.174357 -0.171187 -0.167388 -0.162971 -0.157953 -0.152358 -0.146215 -0.139559 -0.132428 -0.124865 -0.116916 -0.108629 -0.100052 -0.0912353 -0.082229 -0.0730818 -0.063841 -0.0545524 -0.0452592 -0.0360018 -0.0268179 -0.0177418 -0.00880458 -3.40755e-05 0.0085453 0.0169124 0.0250491 0.0329406 0.0405746 0.0479418 0.0550351 0.0618501 0.0683841 0.0746365 0.0806083 0.0863022 0.0917222 0.0968732 0.101762 0.106394 0.110779 0.114924 0.118838 0.122531 0.126012 0.129291 0.132378 0.135282 0.138015 0.140587 0.143006 0.145283 0.147427 0.149448 0.151356 0.153157 0.154862 0.156477 0.158011 0.15947 0.160859 0.162185 0.16345 0.164659 0.165813 0.166912 0.167954 0.168934 0.169847 0.170683 0.17143 0.172062 0.172554 
0.105705 0.105763 0.105966 0.106314 0.106807 0.107443 0.108223 0.109144 0.110206 0.111408 0.112746 0.114219 0.115823 0.117555 0.11941 0.121382 0.123464 0.125648 0.127925 0.130281 0.132703 0.135172 0.137668 0.140165 0.142634 0.145038 0.147335 0.149475 0.151399 0.153038 0.154312 0.155127 0.15538 0.154949 0.153704 0.151501 0.148187 0.143608 0.137615 0.130075 0.120888 0.110003 0.0974442 0.0833279 0.0678835 0.0514618 0.0345258 0.0176164 0.00129008 -0.0139609 -0.0277803 -0.0399809 -0.0505354 -0.0595368 -0.0671504 -0.0735705 -0.0789895 -0.0835799 -0.0874856 -0.0908219 -0.0936779 -0.0961213 -0.0982034 -0.0999636 -0.101432 -0.102634 -0.10359 -0.104317 -0.104832 -0.105151 -0.105287 -0.105256 -0.105073 -0.104752 -0.10431 -0.103763 -0.103129 -0.102427 -0.101675 -0.100893 -0.100101 -0.0993221 -0.0985764 -0.0978863 -0.0972737 -0.0967604 -0.096368 -0.0961175 -0.0960289 -0.0961214 -0.0964128 -0.0969192 -0.097655 -0.0986326 -0.0998623 -0.101352 -0.103106 -0.105127 -0.107414 -0.109964 -0.11277 -0.115821 -0.119103 -0.122599 -0.126288 -0.130147 -0.134146 -0.138256 -0.142442 -0.146667 -0.150891 -0.155071 -0.159164 -0.163124 -0.166903 -0.170454 -0.173729 -0.176681 -0.179262 -0.18143 -0.183143 -0.184356 -0.185031 -0.185135 -0.184639 -0.183517 -0.181753 -0.179336 -0.176259 -0.172527 -0.168147 -0.163138 -0.157522 -0.151327 -0.144589 -0.137348 -0.129647 -0.121533 -0.113056 -0.104268 -0.0952198 -0.0859648 -0.0765542 -0.0670383 -0.0574654 -0.0478814 -0.0383296 -0.0288498 -0.0194789 -0.0102499 -0.00119257 0.00766695 0.016306 0.0247054 0.032849 0.040724 0.0483202 0.0556302 0.0626491 0.0693742 0.0758049 0.0819424 0.0877894 0.0933501 0.0986302 0.103636 0.108375 0.112856 0.117087 0.121079 0.12484 0.128382 0.131713 0.134847 0.137791 0.140559 0.143159 0.145604 0.147902 0.150064 0.152101 0.154021 0.155835 0.15755 0.159176 0.16072 0.162189 0.163591 0.16493 0.166212 0.167439 0.168615 0.169738 0.170807 0.171817 0.17276 0.173626 0.174398 0.175048 0.175544 
0.108251 0.108313 0.108529 0.108899 0.109424 0.110102 0.110933 0.111916 0.113051 0.114336 0.11577 0.117352 0.119078 0.120947 0.122954 0.125094 0.127363 0.129753 0.132255 0.134859 0.137552 0.140317 0.143135 0.145983 0.14883 0.151644 0.15438 0.156988 0.159409 0.161569 0.163382 0.164749 0.165551 0.165652 0.1649 0.163122 0.16013 0.155726 0.14971 0.141893 0.132117 0.120277 0.106355 0.0904503 0.0728182 0.0538897 0.0342741 0.0147174 -0.00399254 -0.0211659 -0.0363395 -0.0493259 -0.0601777 -0.0691075 -0.0764044 -0.0823683 -0.0872707 -0.0913363 -0.0947395 -0.0976102 -0.100042 -0.102101 -0.103835 -0.105278 -0.106456 -0.107389 -0.108095 -0.108588 -0.108882 -0.10899 -0.108926 -0.108702 -0.108333 -0.107833 -0.107218 -0.106502 -0.105704 -0.104842 -0.103933 -0.102999 -0.10206 -0.101138 -0.100253 -0.0994283 -0.0986861 -0.0980486 -0.0975375 -0.0971743 -0.0969794 -0.0969724 -0.0971713 -0.0975929 -0.098252 -0.0991613 -0.100331 -0.101771 -0.103485 -0.105476 -0.107745 -0.110287 -0.113098 -0.116165 -0.119477 -0.123016 -0.126762 -0.130691 -0.134775 -0.138982 -0.143279 -0.147627 -0.151987 -0.156316 -0.160568 -0.164696 -0.168654 -0.17239 -0.175857 -0.179006 -0.181788 -0.184157 -0.18607 -0.187483 -0.188351 -0.188639 -0.188315 -0.187353 -0.185732 -0.183439 -0.180466 -0.176815 -0.172493 -0.167517 -0.161907 -0.155693 -0.148909 -0.141595 -0.133796 -0.125559 -0.116937 -0.107981 -0.0987465 -0.0892872 -0.0796572 -0.0699092 -0.0600939 -0.0502598 -0.0404523 -0.0307138 -0.0210832 -0.0115956 -0.00228274 0.00682774 0.0157117 0.0243484 0.032721 0.0408155 0.048621 0.0561297 0.0633362 0.0702377 0.0768333 0.0831242 0.0891133 0.0948052 0.100205 0.105321 0.11016 0.114731 0.119044 0.123108 0.126933 0.130532 0.133914 0.137091 0.140074 0.142874 0.145503 0.147972 0.150291 0.152471 0.154523 0.156456 0.158282 0.160008 0.161645 0.1632 0.164682 0.166097 0.167452 0.168752 0.170001 0.171201 0.172354 0.173457 0.174506 0.175491 0.176401 0.177217 0.177905 0.178431 
0.110643 0.110708 0.110937 0.11133 0.111886 0.112605 0.113487 0.114532 0.115739 0.117108 0.118639 0.12033 0.122179 0.124185 0.126346 0.128658 0.131116 0.133716 0.13645 0.13931 0.142284 0.145358 0.148515 0.151733 0.154985 0.158239 0.161452 0.164576 0.167549 0.170298 0.172731 0.174743 0.176203 0.176962 0.176842 0.175639 0.173126 0.169052 0.163155 0.15517 0.144858 0.132031 0.116597 0.0986129 0.0783385 0.0562936 0.0332845 0.0103673 -0.0112978 -0.0307029 -0.0472459 -0.0607921 -0.0715684 -0.0799993 -0.0865656 -0.0917117 -0.0958031 -0.0991162 -0.101847 -0.10413 -0.106051 -0.107666 -0.109011 -0.110111 -0.110982 -0.111639 -0.112093 -0.112355 -0.112435 -0.112345 -0.112094 -0.111695 -0.11116 -0.110501 -0.109733 -0.108872 -0.107933 -0.106935 -0.105896 -0.104835 -0.103774 -0.102733 -0.101733 -0.100799 -0.0999503 -0.0992107 -0.098602 -0.0981455 -0.0978618 -0.0977707 -0.0978904 -0.0982378 -0.0988279 -0.0996739 -0.100787 -0.102174 -0.103844 -0.105797 -0.108036 -0.110557 -0.113354 -0.116418 -0.119737 -0.123293 -0.127067 -0.131035 -0.13517 -0.13944 -0.143811 -0.148246 -0.152704 -0.157142 -0.161513 -0.165771 -0.169866 -0.173748 -0.177368 -0.180676 -0.183621 -0.186156 -0.188236 -0.189815 -0.19085 -0.1913 -0.191132 -0.190316 -0.18883 -0.186659 -0.183793 -0.180231 -0.17598 -0.171055 -0.165475 -0.159269 -0.152471 -0.14512 -0.137262 -0.128945 -0.120221 -0.111144 -0.101769 -0.0921525 -0.0823505 -0.0724173 -0.0624059 -0.0523667 -0.0423474 -0.0323922 -0.0225422 -0.0128344 -0.0033021 0.0060253 0.0151222 0.0239668 0.0325407 0.0408293 0.0488209 0.056507 0.0638817 0.0709418 0.0776864 0.0841164 0.090235 0.0960465 0.101557 0.106774 0.111705 0.116359 0.120747 0.124879 0.128765 0.132418 0.135847 0.139066 0.142086 0.144918 0.147575 0.150067 0.152407 0.154606 0.156674 0.158622 0.160461 0.1622 0.163849 0.165417 0.166913 0.168343 0.169716 0.171037 0.172311 0.173541 0.174729 0.175873 0.176969 0.178008 0.178978 0.179858 0.18061 0.181197 
0.112871 0.11294 0.113182 0.113596 0.114183 0.114942 0.115875 0.116981 0.11826 0.119712 0.121338 0.123137 0.125109 0.127253 0.129568 0.132052 0.134702 0.137514 0.140484 0.143604 0.146867 0.15026 0.153769 0.157375 0.161054 0.164776 0.168503 0.172187 0.175769 0.179174 0.182311 0.185067 0.187306 0.188861 0.189533 0.189087 0.187249 0.183709 0.178127 0.170144 0.159408 0.14561 0.128537 0.10815 0.0846738 0.0587064 0.0313119 0.00402328 -0.0213679 -0.0433148 -0.0610604 -0.0746679 -0.0847236 -0.0920123 -0.0972926 -0.101187 -0.104152 -0.106498 -0.108421 -0.110035 -0.111401 -0.112554 -0.113507 -0.114271 -0.11485 -0.115249 -0.115474 -0.115529 -0.115422 -0.11516 -0.114751 -0.114205 -0.113533 -0.112746 -0.111858 -0.110882 -0.109835 -0.108733 -0.107594 -0.106439 -0.105287 -0.104158 -0.103075 -0.10206 -0.101135 -0.100321 -0.0996403 -0.0991146 -0.0987641 -0.0986084 -0.0986655 -0.0989524 -0.099484 -0.100274 -0.101332 -0.102669 -0.104289 -0.106198 -0.108395 -0.110879 -0.113645 -0.116684 -0.119984 -0.123529 -0.1273 -0.131274 -0.135424 -0.139719 -0.144126 -0.148607 -0.15312 -0.157624 -0.162071 -0.166415 -0.170604 -0.17459 -0.17832 -0.181744 -0.184812 -0.187475 -0.189684 -0.191395 -0.192564 -0.193148 -0.193112 -0.192423 -0.191059 -0.189 -0.186236 -0.182766 -0.178594 -0.173732 -0.168201 -0.162027 -0.155243 -0.14789 -0.14001 -0.131652 -0.12287 -0.113717 -0.10425 -0.0945253 -0.0846008 -0.0745324 -0.0643743 -0.0541787 -0.0439952 -0.0338696 -0.0238448 -0.0139593 -0.00424815 0.00525781 0.0145316 0.0235502 0.0322942 0.0407478 0.0488987 0.0567375 0.064258 0.0714565 0.0783316 0.0848844 0.0911176 0.0970358 0.102645 0.107953 0.112967 0.117698 0.122155 0.126349 0.130292 0.133995 0.13747 0.140729 0.143784 0.146648 0.149333 0.15185 0.154212 0.15643 0.158516 0.160481 0.162335 0.164089 0.165753 0.167337 0.168849 0.170298 0.171692 0.173037 0.174339 0.175603 0.176831 0.178023 0.179175 0.18028 0.181325 0.18229 0.183135 0.18382 
0.114927 0.114999 0.115253 0.115689 0.116306 0.117105 0.118087 0.119252 0.120601 0.122135 0.123855 0.125761 0.127853 0.130133 0.132601 0.135255 0.138096 0.141121 0.144328 0.147712 0.151267 0.154986 0.158857 0.162864 0.166988 0.171203 0.175475 0.179759 0.184001 0.188129 0.192053 0.195657 0.198801 0.201306 0.202952 0.203474 0.202551 0.199805 0.194806 0.187076 0.176115 0.161442 0.142656 0.119538 0.0921943 0.0612476 0.028073 -0.00505957 -0.0352359 -0.0599342 -0.0783279 -0.0910404 -0.0993576 -0.104629 -0.107968 -0.110172 -0.111749 -0.112993 -0.114055 -0.114996 -0.115834 -0.116562 -0.117168 -0.117641 -0.117971 -0.118155 -0.11819 -0.118078 -0.117822 -0.117426 -0.116896 -0.116241 -0.115469 -0.11459 -0.113616 -0.112562 -0.111442 -0.110272 -0.10907 -0.107855 -0.106647 -0.105467 -0.104335 -0.103272 -0.102302 -0.101444 -0.100721 -0.100153 -0.0997597 -0.0995607 -0.0995736 -0.0998149 -0.100299 -0.10104 -0.102049 -0.103334 -0.104902 -0.106757 -0.108901 -0.111333 -0.114048 -0.117039 -0.120293 -0.123798 -0.127533 -0.131478 -0.135605 -0.139885 -0.144285 -0.148768 -0.153293 -0.157817 -0.162294 -0.166676 -0.170914 -0.174956 -0.178752 -0.182249 -0.185397 -0.188145 -0.190446 -0.192253 -0.19352 -0.194207 -0.194275 -0.193692 -0.19243 -0.19047 -0.187802 -0.18442 -0.180329 -0.175541 -0.170073 -0.163951 -0.157207 -0.14988 -0.142013 -0.133655 -0.124857 -0.115673 -0.106162 -0.0963787 -0.0863826 -0.0762303 -0.0659771 -0.0556766 -0.0453793 -0.0351328 -0.0249809 -0.014964 -0.0051182 0.00452431 0.0139353 0.0230906 0.0319697 0.040556 0.0488362 0.0568002 0.0644413 0.0717552 0.0787402 0.085397 0.0917283 0.0977385 0.103434 0.108821 0.113909 0.118708 0.123228 0.127479 0.131474 0.135224 0.138742 0.142039 0.14513 0.148025 0.150739 0.153282 0.155668 0.157908 0.160014 0.161998 0.163871 0.165643 0.167326 0.168928 0.170461 0.171932 0.17335 0.174723 0.176057 0.177359 0.178632 0.179877 0.181093 0.182275 0.183411 0.184481 0.185448 0.186269 
0.116801 0.116877 0.117143 0.117599 0.118245 0.119082 0.120112 0.121334 0.122751 0.124364 0.126175 0.128184 0.130395 0.132808 0.135424 0.138247 0.141275 0.144511 0.147953 0.1516 0.155449 0.159496 0.163733 0.16815 0.172731 0.177457 0.182298 0.187218 0.192166 0.197078 0.201867 0.206422 0.210599 0.214215 0.217036 0.218767 0.219042 0.217414 0.213349 0.206229 0.195365 0.18004 0.159577 0.133456 0.10151 0.0642483 0.0233395 -0.0178468 -0.0543153 -0.0816256 -0.0993621 -0.109548 -0.114703 -0.11694 -0.117725 -0.117932 -0.118018 -0.118175 -0.11845 -0.118816 -0.119223 -0.119618 -0.119956 -0.120207 -0.12035 -0.120372 -0.120267 -0.120033 -0.119669 -0.119179 -0.118567 -0.11784 -0.117004 -0.11607 -0.115049 -0.113953 -0.112796 -0.111595 -0.110367 -0.10913 -0.107902 -0.106706 -0.105559 -0.104485 -0.103502 -0.102633 -0.101896 -0.101313 -0.100902 -0.100681 -0.100668 -0.100879 -0.101327 -0.102027 -0.102989 -0.104222 -0.105733 -0.107528 -0.109607 -0.111971 -0.114615 -0.117534 -0.120717 -0.12415 -0.127817 -0.131695 -0.135761 -0.139985 -0.144334 -0.148773 -0.153262 -0.157758 -0.162216 -0.166589 -0.170825 -0.174876 -0.178689 -0.182213 -0.185396 -0.188188 -0.19054 -0.192404 -0.193736 -0.194494 -0.194637 -0.194133 -0.192953 -0.191078 -0.188494 -0.185196 -0.181188 -0.176478 -0.171085 -0.165033 -0.158352 -0.15108 -0.14326 -0.134937 -0.126164 -0.116995 -0.107486 -0.0976941 -0.0876775 -0.0774935 -0.0671981 -0.0568453 -0.0464868 -0.0361708 -0.0259424 -0.0158428 -0.0059092 0.003825 0.0133306 0.0225823 0.0315588 0.0402425 0.0486192 0.0566783 0.0644122 0.0718162 0.0788882 0.0856285 0.0920395 0.0981253 0.103892 0.109347 0.114498 0.119356 0.12393 0.128232 0.132274 0.136068 0.139626 0.142962 0.146087 0.149014 0.151757 0.154329 0.156741 0.159006 0.161136 0.163144 0.165039 0.166834 0.168539 0.170166 0.171722 0.17322 0.174667 0.176071 0.177442 0.178786 0.180107 0.181411 0.182698 0.183965 0.185203 0.186397 0.187514 0.188512 
0.118486 0.118565 0.118842 0.119317 0.119991 0.120865 0.121939 0.123217 0.124699 0.126387 0.128285 0.130394 0.132718 0.135259 0.13802 0.141005 0.144216 0.147656 0.151328 0.155234 0.159373 0.163745 0.168348 0.173176 0.17822 0.183467 0.188895 0.194475 0.200166 0.205912 0.211637 0.217237 0.222574 0.227465 0.23167 0.234874 0.236673 0.236551 0.233867 0.227841 0.217556 0.20199 0.18008 0.150847 0.11363 0.068531 0.0172646 -0.0353864 -0.0805071 -0.109368 -0.123838 -0.129078 -0.12943 -0.127755 -0.125658 -0.123864 -0.122605 -0.121872 -0.121555 -0.121516 -0.121631 -0.121801 -0.121957 -0.122055 -0.122067 -0.121977 -0.121775 -0.121458 -0.121024 -0.120477 -0.119818 -0.119054 -0.118191 -0.117237 -0.116203 -0.1151 -0.113943 -0.112747 -0.111528 -0.110304 -0.109093 -0.107914 -0.106789 -0.105735 -0.104773 -0.103922 -0.103201 -0.102628 -0.102222 -0.102 -0.101979 -0.102173 -0.102596 -0.103262 -0.104181 -0.105362 -0.106813 -0.108538 -0.110541 -0.112822 -0.115377 -0.118202 -0.121286 -0.124619 -0.128183 -0.131959 -0.135924 -0.140049 -0.144303 -0.148652 -0.153056 -0.157475 -0.161864 -0.166175 -0.17036 -0.174369 -0.17815 -0.181653 -0.184824 -0.187615 -0.189976 -0.191859 -0.193219 -0.194013 -0.194203 -0.193754 -0.192637 -0.190829 -0.188319 -0.1851 -0.181173 -0.176548 -0.171241 -0.165274 -0.158678 -0.151487 -0.143743 -0.135493 -0.126785 -0.117673 -0.108213 -0.0984605 -0.0884742 -0.0783106 -0.0680259 -0.0576744 -0.0473079 -0.0369752 -0.026722 -0.0165901 -0.00661761 0.00316139 0.0127168 0.0220226 0.0310564 0.0397999 0.0482382 0.0563599 0.0641569 0.0716237 0.0787579 0.0855592 0.0920296 0.0981732 0.103996 0.109504 0.114707 0.119613 0.124234 0.128581 0.132665 0.136499 0.140095 0.143466 0.146625 0.149586 0.15236 0.154962 0.157404 0.159697 0.161856 0.163891 0.165814 0.167637 0.169371 0.171026 0.172613 0.174142 0.175623 0.177065 0.178476 0.179866 0.18124 0.182606 0.183968 0.185326 0.186676 0.188007 0.189296 0.190507 
0.119972 0.120054 0.120342 0.120835 0.121535 0.122443 0.123561 0.12489 0.126433 0.128193 0.130172 0.132376 0.134806 0.137469 0.140368 0.143507 0.146893 0.150531 0.154424 0.158579 0.163 0.16769 0.172652 0.177886 0.18339 0.189158 0.195178 0.201431 0.207889 0.214507 0.221222 0.227946 0.234555 0.240876 0.246674 0.251627 0.255307 0.25714 0.25638 0.252075 0.243047 0.227899 0.205071 0.172966 0.130188 0.0760016 0.011368 -0.058041 -0.116436 -0.143541 -0.150203 -0.147649 -0.141927 -0.136043 -0.131271 -0.127843 -0.1256 -0.124274 -0.123592 -0.123312 -0.12325 -0.123278 -0.123314 -0.123308 -0.123229 -0.123062 -0.122797 -0.12243 -0.121959 -0.121385 -0.120712 -0.119943 -0.119083 -0.118142 -0.117128 -0.116052 -0.114928 -0.113771 -0.112594 -0.111415 -0.110252 -0.109124 -0.10805 -0.107048 -0.106136 -0.105331 -0.104651 -0.104114 -0.103734 -0.10353 -0.103516 -0.103706 -0.104115 -0.104754 -0.105634 -0.106764 -0.108151 -0.109802 -0.111718 -0.113902 -0.116351 -0.11906 -0.122022 -0.125226 -0.128656 -0.132294 -0.136119 -0.140103 -0.144218 -0.148429 -0.1527 -0.156991 -0.161259 -0.165457 -0.169538 -0.173453 -0.177151 -0.180581 -0.183693 -0.186437 -0.188762 -0.190623 -0.191974 -0.192772 -0.19298 -0.192561 -0.191487 -0.189733 -0.187287 -0.18414 -0.180296 -0.17576 -0.170549 -0.164682 -0.15819 -0.151105 -0.143468 -0.135323 -0.126718 -0.117705 -0.108339 -0.098674 -0.0887676 -0.0786758 -0.0684543 -0.0581571 -0.0478359 -0.0375396 -0.0273138 -0.0172009 -0.00723928 0.00253649 0.0120957 0.0214116 0.0304611 0.0392253 0.0476885 0.0558387 0.0636671 0.0711678 0.0783376 0.0851759 0.0916843 0.0978664 0.103727 0.109274 0.114515 0.11946 0.124119 0.128502 0.132622 0.136492 0.140123 0.143528 0.146722 0.149716 0.152524 0.155159 0.157633 0.15996 0.162152 0.16422 0.166177 0.168034 0.169803 0.171494 0.173118 0.174686 0.176207 0.177692 0.179149 0.18059 0.182021 0.183453 0.184892 0.186344 0.18781 0.189287 0.190765 0.192216 
0.121254 0.121339 0.121636 0.122146 0.12287 0.12381 0.124967 0.126343 0.127943 0.129769 0.131825 0.134116 0.136646 0.139422 0.142449 0.145734 0.149284 0.153107 0.15721 0.161602 0.16629 0.171284 0.176591 0.182217 0.188169 0.194448 0.201053 0.207978 0.215207 0.222714 0.230453 0.238358 0.246327 0.254209 0.26179 0.268761 0.274688 0.278966 0.28076 0.278953 0.272078 0.258305 0.235478 0.201295 0.153616 0.0906824 0.0111895 -0.0821385 -0.166533 -0.182927 -0.175212 -0.162973 -0.151171 -0.141622 -0.134851 -0.130325 -0.127458 -0.125772 -0.124873 -0.124447 -0.12427 -0.1242 -0.124149 -0.124068 -0.123927 -0.123711 -0.123411 -0.123021 -0.122541 -0.121969 -0.121309 -0.120564 -0.119738 -0.11884 -0.117876 -0.116855 -0.115793 -0.114705 -0.113599 -0.112493 -0.111406 -0.110356 -0.109359 -0.108436 -0.1076 -0.106867 -0.106251 -0.105769 -0.105436 -0.105267 -0.105276 -0.105476 -0.10588 -0.106499 -0.107344 -0.108424 -0.109746 -0.111316 -0.113138 -0.115212 -0.117539 -0.120113 -0.122928 -0.125975 -0.12924 -0.132706 -0.136353 -0.140156 -0.144088 -0.148117 -0.152207 -0.156321 -0.160417 -0.164451 -0.168376 -0.172146 -0.17571 -0.179019 -0.182022 -0.184671 -0.186917 -0.188713 -0.190016 -0.190783 -0.190977 -0.190564 -0.189515 -0.187802 -0.18541 -0.182333 -0.17857 -0.174129 -0.169023 -0.163271 -0.156902 -0.149947 -0.142445 -0.134438 -0.125972 -0.117098 -0.107869 -0.098337 -0.0885586 -0.0785884 -0.0684813 -0.0582906 -0.0480671 -0.0378595 -0.0277132 -0.0176704 -0.00776947 0.00195468 0.0114711 0.0207525 0.0297753 0.03852 0.0469704 0.0551138 0.0629407 0.0704449 0.0776226 0.0844726 0.090996 0.0971961 0.103078 0.108647 0.113913 0.118884 0.12357 0.127982 0.132132 0.136033 0.139696 0.143134 0.146361 0.149389 0.152233 0.154904 0.157415 0.15978 0.16201 0.164119 0.166116 0.168015 0.169827 0.171562 0.173231 0.174845 0.176415 0.17795 0.17946 0.180957 0.182451 0.183952 0.185471 0.187017 0.188598 0.190225 0.191897 0.193602 
0.122323 0.12241 0.122716 0.123242 0.123988 0.124956 0.126148 0.127568 0.129219 0.131105 0.13323 0.135601 0.138222 0.141101 0.144246 0.147664 0.151365 0.155358 0.159655 0.164266 0.169204 0.174482 0.180112 0.186109 0.192485 0.199252 0.206421 0.213997 0.221983 0.23037 0.239138 0.248247 0.257625 0.267159 0.276673 0.285893 0.294414 0.301631 0.306665 0.308257 0.304654 0.293528 0.272028 0.237185 0.1868 0.119554 0.031882 -0.0850014 -0.241235 -0.222872 -0.194465 -0.173872 -0.157494 -0.145107 -0.137021 -0.131814 -0.128551 -0.126635 -0.125592 -0.125061 -0.124797 -0.12465 -0.124535 -0.124403 -0.124226 -0.123989 -0.12368 -0.123296 -0.122833 -0.122291 -0.12167 -0.120976 -0.120209 -0.11938 -0.118493 -0.117554 -0.116578 -0.115581 -0.114574 -0.113571 -0.112588 -0.111641 -0.110747 -0.109921 -0.10918 -0.108539 -0.10801 -0.107602 -0.107332 -0.107212 -0.107256 -0.107476 -0.107883 -0.108489 -0.109303 -0.110334 -0.111589 -0.113074 -0.114792 -0.116745 -0.118934 -0.121354 -0.124001 -0.126865 -0.129934 -0.133195 -0.136627 -0.140208 -0.143913 -0.147713 -0.151573 -0.15546 -0.159332 -0.163149 -0.166866 -0.170438 -0.173816 -0.176954 -0.179801 -0.18231 -0.184435 -0.186129 -0.187349 -0.188054 -0.188208 -0.187778 -0.186737 -0.185056 -0.182713 -0.179703 -0.176023 -0.17168 -0.166688 -0.161065 -0.154837 -0.148034 -0.140693 -0.132854 -0.124562 -0.115865 -0.106813 -0.0974583 -0.0878537 -0.0780529 -0.0681095 -0.0580754 -0.0480007 -0.0379328 -0.0279168 -0.0179942 -0.00820326 0.00142132 0.0108486 0.020051 0.0290045 0.0376892 0.0460884 0.054189 0.0619811 0.0694577 0.0766145 0.0834501 0.0899648 0.0961614 0.102044 0.10762 0.112895 0.11788 0.122583 0.127016 0.131189 0.135115 0.138807 0.142276 0.145537 0.148601 0.151481 0.154192 0.156745 0.159153 0.161429 0.163583 0.16563 0.167579 0.169442 0.17123 0.172954 0.174624 0.176251 0.177846 0.179419 0.18098 0.182542 0.184117 0.185717 0.187357 0.189054 0.190825 0.192685 0.194637 
0.123173 0.123263 0.123577 0.124116 0.124881 0.125874 0.127098 0.128556 0.130253 0.132191 0.134378 0.136819 0.139522 0.142493 0.145742 0.149279 0.153115 0.157261 0.161731 0.16654 0.171704 0.177239 0.183164 0.1895 0.196267 0.203486 0.211179 0.219368 0.228071 0.237302 0.247067 0.257357 0.268144 0.27936 0.290886 0.302514 0.313902 0.324503 0.333454 0.339424 0.340403 0.333505 0.314975 0.281112 0.231183 0.169086 0.0993498 0.0270466 -0.337979 -0.251474 -0.202971 -0.179291 -0.160804 -0.146186 -0.137716 -0.132369 -0.12896 -0.126914 -0.125771 -0.125163 -0.124839 -0.124649 -0.124505 -0.124358 -0.124181 -0.123955 -0.123669 -0.123319 -0.1229 -0.122413 -0.121858 -0.12124 -0.120555 -0.119812 -0.119019 -0.118185 -0.117321 -0.11644 -0.115553 -0.114674 -0.113816 -0.112993 -0.11222 -0.111511 -0.11088 -0.110342 -0.109911 -0.109594 -0.1094 -0.109343 -0.109434 -0.109684 -0.110104 -0.110704 -0.111492 -0.112477 -0.113665 -0.115062 -0.116672 -0.118496 -0.120535 -0.122786 -0.125245 -0.127904 -0.130753 -0.133777 -0.136961 -0.140284 -0.143723 -0.14725 -0.150836 -0.154447 -0.158047 -0.161597 -0.165054 -0.168376 -0.171518 -0.174433 -0.177076 -0.179399 -0.181359 -0.18291 -0.184011 -0.184622 -0.184708 -0.184239 -0.183188 -0.18153 -0.179235 -0.176291 -0.1727 -0.168464 -0.163597 -0.158117 -0.152047 -0.145417 -0.13826 -0.130616 -0.122526 -0.114037 -0.105197 -0.0960564 -0.0866667 -0.0770799 -0.0673468 -0.0575173 -0.0476398 -0.0377606 -0.0279237 -0.0181698 -0.00853678 0.00094139 0.0102344 0.019314 0.0281562 0.0367407 0.0450508 0.0530727 0.0607963 0.0682139 0.0753211 0.0821156 0.0885976 0.0947691 0.100634 0.106198 0.111469 0.116454 0.121164 0.125608 0.129798 0.133746 0.137462 0.140961 0.144255 0.147356 0.150277 0.153031 0.15563 0.158088 0.160415 0.162625 0.164728 0.166736 0.168661 0.170512 0.172301 0.174039 0.175735 0.1774 0.179044 0.18068 0.182319 0.183974 0.18566 0.187398 0.189207 0.191111 0.19314 0.195314 
0.1238 0.123891 0.124212 0.124762 0.125544 0.126558 0.127809 0.1293 0.131035 0.13302 0.135259 0.137761 0.140532 0.143583 0.146922 0.150561 0.154513 0.158792 0.163413 0.168394 0.173754 0.179514 0.185699 0.192333 0.199445 0.207067 0.21523 0.223971 0.233325 0.243329 0.254018 0.265418 0.277546 0.290393 0.303912 0.317986 0.332381 0.346671 0.360105 0.3714 0.378409 0.377667 0.36408 0.332272 0.283515 0.22949 0.178675 0.0496106 -0.107489 -0.140232 -0.143515 -0.142234 -0.140346 -0.141692 -0.136078 -0.131626 -0.128422 -0.126416 -0.125284 -0.124688 -0.124384 -0.124221 -0.124111 -0.124002 -0.123867 -0.123688 -0.123456 -0.123166 -0.122815 -0.122406 -0.121933 -0.121398 -0.120808 -0.120169 -0.119489 -0.118777 -0.118041 -0.117293 -0.116544 -0.115805 -0.115088 -0.114404 -0.113768 -0.11319 -0.112684 -0.112262 -0.111936 -0.111719 -0.111616 -0.111633 -0.111783 -0.112074 -0.112516 -0.113117 -0.113886 -0.11483 -0.115954 -0.117264 -0.118763 -0.120453 -0.122335 -0.124407 -0.126664 -0.1291 -0.131706 -0.134471 -0.137378 -0.140412 -0.143549 -0.146767 -0.150038 -0.153331 -0.156613 -0.159848 -0.162998 -0.166022 -0.168879 -0.171524 -0.173915 -0.176008 -0.17776 -0.179128 -0.180073 -0.180557 -0.180547 -0.180014 -0.178932 -0.177285 -0.175033 -0.172158 -0.168657 -0.164536 -0.159805 -0.154481 -0.148587 -0.14215 -0.135203 -0.127781 -0.119925 -0.111679 -0.103087 -0.0941986 -0.0850621 -0.0757272 -0.066243 -0.0566576 -0.0470177 -0.0373681 -0.0277515 -0.0182077 -0.00877361 0.000516909 0.00963274 0.0185475 0.0272377 0.0356831 0.0438671 0.0517755 0.0593976 0.0667258 0.0737549 0.0804826 0.0869082 0.0930334 0.0988615 0.104398 0.109649 0.114623 0.119329 0.123777 0.127978 0.131942 0.135682 0.139209 0.142537 0.145677 0.148642 0.151444 0.154096 0.156609 0.158997 0.161269 0.163439 0.165516 0.167512 0.169438 0.171304 0.173119 0.174896 0.176643 0.178371 0.180093 0.181817 0.183565 0.185348 0.187186 0.189102 0.191126 0.193297 0.195646 
0.124197 0.124291 0.124616 0.125176 0.125971 0.127003 0.128276 0.129794 0.131561 0.133582 0.135865 0.138416 0.141244 0.14436 0.147773 0.151496 0.155544 0.159932 0.164677 0.1698 0.175323 0.181271 0.187671 0.194555 0.201957 0.209918 0.21848 0.227691 0.237604 0.248278 0.259773 0.272153 0.285481 0.299811 0.315177 0.331571 0.348903 0.366933 0.385135 0.402467 0.416921 0.424718 0.419113 0.390773 0.340855 0.292592 0.204486 0.10021 -0.00135616 -0.0584499 -0.0886225 -0.105786 -0.116654 -0.12512 -0.132764 -0.129711 -0.12675 -0.124966 -0.124056 -0.123651 -0.123502 -0.123464 -0.123456 -0.123436 -0.12338 -0.123276 -0.12312 -0.122908 -0.12264 -0.122311 -0.121925 -0.121488 -0.121005 -0.120483 -0.119928 -0.119348 -0.118752 -0.118149 -0.117549 -0.116961 -0.116396 -0.115864 -0.115375 -0.11494 -0.114571 -0.114276 -0.114067 -0.113955 -0.113949 -0.114053 -0.114272 -0.114614 -0.115088 -0.1157 -0.116457 -0.117365 -0.11843 -0.119656 -0.121045 -0.1226 -0.12432 -0.126205 -0.128251 -0.130452 -0.132801 -0.135287 -0.137897 -0.140616 -0.143424 -0.146302 -0.149224 -0.152163 -0.155089 -0.157969 -0.16077 -0.163453 -0.165981 -0.168313 -0.170409 -0.172229 -0.173732 -0.174879 -0.175632 -0.175958 -0.175822 -0.1752 -0.174067 -0.172407 -0.170194 -0.167384 -0.163975 -0.159971 -0.155383 -0.150227 -0.144523 -0.138298 -0.131581 -0.124406 -0.116811 -0.108836 -0.100526 -0.0919236 -0.0830768 -0.0740321 -0.0648363 -0.0555354 -0.046174 -0.0367953 -0.0274403 -0.0181475 -0.0089528 0.000110955 0.00901377 0.0177292 0.026234 0.0345081 0.0425347 0.0502999 0.0577928 0.0650052 0.0719318 0.0785692 0.0849168 0.090976 0.09675 0.102243 0.107463 0.112415 0.117109 0.121554 0.125761 0.12974 0.133502 0.137059 0.140422 0.143605 0.146618 0.149474 0.152185 0.154763 0.157218 0.159563 0.161808 0.163965 0.166043 0.168053 0.170006 0.171912 0.17378 0.175622 0.177443 0.179266 0.181097 0.182948 0.184834 0.186774 0.188792 0.190919 0.1932 0.195668 
0.124362 0.124457 0.124787 0.125353 0.126159 0.127204 0.128494 0.130032 0.131823 0.133873 0.136188 0.138777 0.141649 0.144814 0.148283 0.152071 0.156192 0.160664 0.165504 0.170737 0.176385 0.182477 0.189043 0.196121 0.203749 0.211974 0.220847 0.230428 0.240783 0.251989 0.264131 0.277303 0.291612 0.30717 0.324091 0.342479 0.362403 0.383843 0.406594 0.430057 0.452813 0.471673 0.479517 0.461595 0.409781 0.342116 0.246468 0.148099 0.0603045 -0.00358903 -0.0467392 -0.0756331 -0.0953625 -0.109372 -0.119587 -0.127092 -0.123846 -0.122648 -0.12228 -0.122265 -0.12239 -0.122548 -0.122688 -0.122783 -0.122825 -0.122808 -0.122737 -0.122604 -0.122414 -0.12217 -0.121879 -0.121546 -0.121176 -0.120775 -0.120351 -0.119911 -0.119461 -0.11901 -0.118566 -0.118137 -0.117732 -0.117359 -0.117026 -0.116743 -0.116519 -0.116361 -0.116279 -0.116281 -0.116375 -0.116571 -0.116868 -0.117271 -0.117785 -0.118416 -0.119169 -0.120049 -0.12106 -0.122206 -0.123489 -0.124909 -0.126468 -0.128164 -0.129994 -0.131953 -0.134035 -0.136231 -0.138529 -0.140916 -0.143376 -0.145891 -0.148439 -0.150997 -0.153537 -0.156031 -0.158448 -0.160756 -0.162918 -0.1649 -0.166665 -0.168175 -0.169394 -0.170285 -0.170815 -0.17095 -0.170661 -0.169923 -0.168715 -0.167022 -0.164831 -0.162081 -0.158761 -0.154875 -0.150434 -0.145452 -0.139949 -0.133948 -0.127478 -0.120569 -0.113257 -0.10558 -0.0975771 -0.0892912 -0.0807656 -0.0720442 -0.0631712 -0.0541902 -0.0451435 -0.0360722 -0.0270155 -0.0180102 -0.00909091 -0.000289334 0.0083656 0.016848 0.0251352 0.0332073 0.0410477 0.0486426 0.055981 0.0630546 0.0698576 0.0763867 0.0826405 0.0886201 0.0943281 0.0997686 0.104947 0.109871 0.114548 0.118987 0.123198 0.127191 0.130977 0.134567 0.137971 0.141201 0.144269 0.147186 0.149963 0.152612 0.155144 0.15757 0.1599 0.162146 0.164316 0.16642 0.168472 0.170476 0.172446 0.174398 0.176336 0.178273 0.180216 0.182179 0.184173 0.186216 0.18833 0.190542 0.192895 0.195422 
0.124292 0.124387 0.12472 0.125291 0.126103 0.127158 0.128459 0.130011 0.131818 0.133887 0.136224 0.138839 0.14174 0.144938 0.148445 0.152277 0.156447 0.160975 0.16588 0.171186 0.176918 0.183107 0.189787 0.196995 0.204776 0.213181 0.222267 0.2321 0.242759 0.254332 0.266922 0.280648 0.295648 0.312078 0.330119 0.349966 0.371824 0.395877 0.422235 0.450801 0.481019 0.511412 0.539116 0.562044 0.599035 0.419625 0.291171 0.185414 0.0980639 0.0305285 -0.0191121 -0.0546448 -0.0797912 -0.0974183 -0.109121 -0.114354 -0.118563 -0.119788 -0.120405 -0.120896 -0.121326 -0.121686 -0.121968 -0.122172 -0.122304 -0.122364 -0.12236 -0.122298 -0.122185 -0.122026 -0.121829 -0.121598 -0.121342 -0.121064 -0.120773 -0.120474 -0.120173 -0.119877 -0.119592 -0.119326 -0.119085 -0.118876 -0.118706 -0.11858 -0.118507 -0.118493 -0.118545 -0.118668 -0.11887 -0.119158 -0.119536 -0.120007 -0.12057 -0.121227 -0.121983 -0.122842 -0.123806 -0.124878 -0.126058 -0.127349 -0.128749 -0.130258 -0.131872 -0.133588 -0.1354 -0.1373 -0.139279 -0.141326 -0.143427 -0.145566 -0.147725 -0.149884 -0.152019 -0.154105 -0.156117 -0.158023 -0.159795 -0.161399 -0.162804 -0.163977 -0.164883 -0.16549 -0.165768 -0.165686 -0.165219 -0.164343 -0.163038 -0.161291 -0.159094 -0.156397 -0.153159 -0.149387 -0.145091 -0.140286 -0.134989 -0.129222 -0.12301 -0.116382 -0.10937 -0.102009 -0.0943357 -0.0863895 -0.0782104 -0.0698393 -0.0613175 -0.0526855 -0.0439835 -0.03525 -0.0265222 -0.017835 -0.00922127 -0.000711451 0.00766676 0.0158884 0.0239314 0.0317766 0.0394074 0.0468104 0.0539746 0.0608915 0.0675553 0.0739621 0.0801105 0.0860007 0.091635 0.0970168 0.102151 0.107045 0.111705 0.116139 0.120356 0.124367 0.128181 0.131808 0.135259 0.138543 0.141673 0.144658 0.14751 0.150239 0.152857 0.155372 0.157794 0.160137 0.162408 0.164611 0.166772 0.168894 0.170986 0.173057 0.175115 0.17717 0.179231 0.181307 0.18341 0.185553 0.187753 0.190031 0.192418 0.194942 
0.123984 0.124079 0.124413 0.124987 0.125803 0.126862 0.128169 0.129727 0.131543 0.133621 0.13597 0.138597 0.141512 0.144727 0.148253 0.152106 0.156301 0.160856 0.165793 0.171135 0.176909 0.183146 0.189881 0.197154 0.20501 0.213503 0.222693 0.232651 0.243459 0.255214 0.268026 0.282027 0.297372 0.314242 0.332851 0.353447 0.376308 0.401739 0.430026 0.461339 0.49548 0.531278 0.565398 0.591536 0.608219 0.446178 0.313175 0.204323 0.116008 0.0467512 -0.005593 -0.0440427 -0.0717392 -0.0913893 -0.105123 -0.115044 -0.117073 -0.118332 -0.119252 -0.119991 -0.120593 -0.121072 -0.121437 -0.121704 -0.121885 -0.121994 -0.122042 -0.122038 -0.121991 -0.121908 -0.121798 -0.121666 -0.121519 -0.121362 -0.121201 -0.121042 -0.120889 -0.120748 -0.120624 -0.120522 -0.120446 -0.120403 -0.120397 -0.120433 -0.120515 -0.120649 -0.120839 -0.121089 -0.121404 -0.121789 -0.122248 -0.122784 -0.123401 -0.124091 -0.124857 -0.125701 -0.126624 -0.127627 -0.128712 -0.129878 -0.131125 -0.132451 -0.133854 -0.13533 -0.136875 -0.138481 -0.140143 -0.141849 -0.143589 -0.145349 -0.147114 -0.148868 -0.15059 -0.152259 -0.153853 -0.155346 -0.156712 -0.157924 -0.158953 -0.159769 -0.160344 -0.160649 -0.160656 -0.160339 -0.159673 -0.158639 -0.157218 -0.155398 -0.153173 -0.150512 -0.147344 -0.143678 -0.139524 -0.134893 -0.129803 -0.124273 -0.118326 -0.111988 -0.105287 -0.098256 -0.0909278 -0.0833382 -0.0755241 -0.0675232 -0.0593733 -0.0511123 -0.0427773 -0.0344044 -0.0260282 -0.0176817 -0.00939591 -0.00119951 0.00688112 0.0148222 0.0226025 0.0302034 0.0376091 0.0448062 0.0517839 0.0585337 0.0650496 0.0713274 0.0773651 0.0831627 0.0887215 0.0940447 0.0991364 0.104002 0.108649 0.113083 0.117313 0.121348 0.125197 0.128869 0.132374 0.135721 0.13892 0.141982 0.144916 0.147731 0.150441 0.153054 0.155572 0.158019 0.160403 0.162729 0.16501 0.167252 0.169465 0.171656 0.173835 0.176008 0.178183 0.18037 0.182576 0.184809 0.18708 0.1894 0.191785 0.194252 
0.123437 0.123532 0.123867 0.124441 0.125256 0.126315 0.127622 0.129181 0.130996 0.133074 0.135422 0.138049 0.140964 0.144178 0.147704 0.151556 0.15575 0.160304 0.165239 0.170579 0.176351 0.182585 0.189316 0.196584 0.204435 0.212921 0.222103 0.232051 0.242848 0.254587 0.26738 0.281358 0.296674 0.313508 0.332071 0.352606 0.37539 0.400718 0.428868 0.46 0.493902 0.529403 0.563203 0.589124 0.605965 0.443692 0.311027 0.202696 0.114895 0.0460608 -0.0059684 -0.0441937 -0.0717335 -0.0912769 -0.104938 -0.114809 -0.116854 -0.118118 -0.119031 -0.119758 -0.120344 -0.120809 -0.121165 -0.12143 -0.121617 -0.121742 -0.121816 -0.121851 -0.121855 -0.121837 -0.121805 -0.121763 -0.121719 -0.121677 -0.121642 -0.121618 -0.12161 -0.121621 -0.121655 -0.121716 -0.121806 -0.121928 -0.122087 -0.122284 -0.122523 -0.122806 -0.123136 -0.123515 -0.123947 -0.124433 -0.124976 -0.125577 -0.12624 -0.126965 -0.127745 -0.128579 -0.129467 -0.130408 -0.131403 -0.132452 -0.133552 -0.134703 -0.135902 -0.137146 -0.138432 -0.139753 -0.141104 -0.142477 -0.143862 -0.14525 -0.146627 -0.14798 -0.149293 -0.150548 -0.151725 -0.152805 -0.153765 -0.154582 -0.15523 -0.155686 -0.155923 -0.155918 -0.155645 -0.155082 -0.154208 -0.153004 -0.151454 -0.149547 -0.147276 -0.144631 -0.141519 -0.137948 -0.133927 -0.129467 -0.124581 -0.119289 -0.113608 -0.107563 -0.101179 -0.0944842 -0.0875091 -0.0802857 -0.0728472 -0.065228 -0.0574625 -0.0495853 -0.0416305 -0.0336315 -0.0256203 -0.0176275 -0.00968209 -0.00181092 0.00596118 0.0136117 0.0211205 0.0284697 0.0356441 0.0426307 0.0494186 0.0559995 0.0623671 0.0685169 0.0744465 0.080155 0.0856432 0.0909134 0.095969 0.100814 0.105455 0.109898 0.11415 0.118218 0.12211 0.125836 0.129403 0.13282 0.136095 0.139241 0.142265 0.14517 0.147978 0.150698 0.153334 0.155897 0.158398 0.160843 0.163241 0.165602 0.167932 0.170239 0.172531 0.174815 0.177097 0.179383 0.181679 0.183987 0.186309 0.188644 0.190993 0.193357 
0.122652 0.122747 0.12308 0.123651 0.124463 0.125518 0.126819 0.12837 0.130177 0.132246 0.134583 0.137196 0.140096 0.143292 0.146798 0.150627 0.154794 0.159318 0.164218 0.169518 0.175243 0.181424 0.188092 0.195287 0.203052 0.211437 0.220499 0.230304 0.240927 0.252455 0.264991 0.278649 0.293564 0.309888 0.327793 0.347467 0.369098 0.392856 0.418822 0.446864 0.47638 0.505839 0.532361 0.554106 0.591411 0.411597 0.284546 0.180539 0.0948156 0.028565 -0.0201476 -0.0550304 -0.0797241 -0.0970464 -0.108544 -0.113599 -0.117917 -0.119159 -0.119749 -0.120198 -0.120583 -0.120906 -0.121165 -0.121364 -0.121512 -0.121618 -0.121694 -0.121747 -0.121787 -0.121821 -0.121855 -0.121895 -0.121946 -0.122012 -0.122097 -0.122204 -0.122336 -0.122494 -0.122683 -0.122902 -0.123154 -0.12344 -0.123761 -0.124118 -0.124512 -0.124943 -0.125413 -0.125922 -0.12647 -0.127058 -0.127686 -0.128355 -0.129065 -0.129815 -0.130605 -0.131434 -0.13229 -0.133175 -0.134086 -0.135024 -0.135985 -0.13697 -0.137975 -0.138998 -0.140036 -0.141084 -0.142138 -0.143191 -0.144236 -0.145266 -0.14627 -0.147237 -0.148155 -0.149009 -0.149785 -0.150464 -0.151029 -0.151461 -0.151738 -0.151841 -0.151748 -0.151437 -0.150888 -0.150081 -0.148997 -0.147621 -0.145938 -0.143937 -0.141612 -0.13896 -0.135892 -0.132406 -0.128509 -0.124213 -0.119527 -0.114468 -0.109051 -0.103298 -0.09723 -0.0908722 -0.0842513 -0.0773956 -0.070335 -0.0630999 -0.0557215 -0.0482311 -0.0406595 -0.033037 -0.0253932 -0.0177561 -0.0101524 -0.00260705 0.00485671 0.0122178 0.0194571 0.0265577 0.0335049 0.0402859 0.0468903 0.0533094 0.0595366 0.0655672 0.0713979 0.0770273 0.0824552 0.0876832 0.0927135 0.0975494 0.102195 0.106657 0.11094 0.115051 0.118995 0.122782 0.12642 0.129913 0.133268 0.136506 0.139629 0.142643 0.145561 0.14839 0.151139 0.153816 0.156429 0.158988 0.161499 0.16397 0.166409 0.168823 0.171218 0.1736 0.175973 0.178342 0.180708 0.183067 0.185415 0.187738 0.190022 0.192254 
0.121629 0.121723 0.122053 0.12262 0.123425 0.124471 0.12576 0.127298 0.129088 0.131137 0.133452 0.13604 0.138909 0.142072 0.145538 0.149322 0.153438 0.157903 0.162736 0.167958 0.173595 0.179672 0.186221 0.193277 0.200879 0.209072 0.217906 0.22744 0.237738 0.248872 0.260927 0.273991 0.288165 0.303554 0.320262 0.338378 0.357951 0.378936 0.401087 0.423748 0.44541 0.46272 0.468215 0.446359 0.389113 0.326739 0.235022 0.140099 0.0552629 -0.00646868 -0.0481568 -0.076056 -0.0950863 -0.10864 -0.118593 -0.126025 -0.122852 -0.121637 -0.121206 -0.121115 -0.121166 -0.121265 -0.121369 -0.121462 -0.12154 -0.121605 -0.121663 -0.12172 -0.121784 -0.121858 -0.12195 -0.122063 -0.122202 -0.122369 -0.122567 -0.122798 -0.123064 -0.123365 -0.123702 -0.124075 -0.124484 -0.124928 -0.125407 -0.12592 -0.126465 -0.127042 -0.127649 -0.128284 -0.128947 -0.129635 -0.130348 -0.131084 -0.13184 -0.132617 -0.133412 -0.134223 -0.135051 -0.135882 -0.136715 -0.137548 -0.138379 -0.139207 -0.140029 -0.140844 -0.141648 -0.142439 -0.143212 -0.143965 -0.14469 -0.145383 -0.146036 -0.146641 -0.147187 -0.147664 -0.148061 -0.148363 -0.148557 -0.148625 -0.148554 -0.148323 -0.147917 -0.147318 -0.146507 -0.145469 -0.144186 -0.142645 -0.140833 -0.13874 -0.13636 -0.13369 -0.130654 -0.127245 -0.123467 -0.119327 -0.114835 -0.110003 -0.104845 -0.0993773 -0.0936194 -0.0875924 -0.0813195 -0.0748253 -0.0681358 -0.0612782 -0.0542798 -0.0471686 -0.0399723 -0.0327182 -0.0254329 -0.018142 -0.0108701 -0.00364002 0.00352663 0.0106101 0.0175924 0.0244574 0.0311909 0.0377805 0.0442156 0.0504873 0.056589 0.062515 0.0682616 0.073826 0.0792075 0.0844069 0.089425 0.0942632 0.0989253 0.103416 0.107741 0.111903 0.115903 0.11976 0.123478 0.127059 0.130512 0.133847 0.13707 0.140189 0.143213 0.146149 0.149005 0.151789 0.154509 0.157172 0.159786 0.162357 0.164893 0.1674 0.169882 0.172345 0.174791 0.177221 0.179632 0.182018 0.184365 0.186651 0.188848 0.190935 
0.12037 0.120463 0.120789 0.121349 0.122144 0.123176 0.124449 0.125966 0.127732 0.129753 0.132034 0.134583 0.137409 0.140521 0.14393 0.147648 0.151689 0.156068 0.160803 0.165913 0.171419 0.177347 0.183723 0.190578 0.197946 0.205863 0.214373 0.223521 0.233357 0.243936 0.255316 0.267554 0.280705 0.294815 0.309906 0.325952 0.342842 0.360303 0.377768 0.394129 0.407285 0.413303 0.405203 0.37345 0.32017 0.271224 0.188702 0.0895724 -0.00739431 -0.0615459 -0.0899549 -0.105951 -0.115925 -0.123836 -0.131162 -0.128321 -0.125429 -0.123602 -0.122596 -0.122082 -0.121831 -0.121714 -0.121662 -0.121643 -0.121644 -0.121661 -0.121695 -0.12175 -0.12183 -0.12194 -0.122083 -0.122263 -0.122483 -0.122745 -0.12305 -0.1234 -0.123793 -0.12423 -0.124709 -0.12523 -0.12579 -0.126386 -0.127017 -0.12768 -0.128371 -0.129087 -0.129825 -0.130582 -0.131355 -0.13214 -0.132933 -0.133733 -0.134535 -0.135338 -0.136137 -0.136931 -0.137717 -0.138491 -0.13925 -0.139984 -0.140692 -0.141372 -0.142023 -0.142642 -0.143228 -0.143779 -0.144293 -0.144766 -0.145195 -0.145577 -0.145906 -0.146176 -0.146381 -0.146513 -0.146562 -0.146519 -0.146372 -0.14611 -0.145719 -0.145185 -0.144495 -0.143633 -0.142585 -0.141337 -0.139874 -0.138185 -0.136257 -0.134082 -0.131653 -0.128964 -0.125958 -0.122621 -0.118956 -0.114968 -0.110664 -0.106052 -0.101143 -0.0959515 -0.0904929 -0.0847849 -0.078847 -0.0727004 -0.0663675 -0.0598717 -0.053237 -0.046488 -0.0396492 -0.032745 -0.0257992 -0.0188352 -0.011875 -0.00493992 0.00195024 0.00877686 0.0155229 0.0221732 0.0287137 0.0351323 0.041418 0.0475618 0.0535565 0.0593963 0.065076 0.0705916 0.075941 0.0811261 0.0861452 0.0909978 0.0956829 0.100213 0.104589 0.108813 0.112889 0.116824 0.120624 0.124294 0.127841 0.131271 0.134592 0.137811 0.140934 0.14397 0.146925 0.149807 0.152622 0.155379 0.158083 0.160741 0.163358 0.165941 0.168492 0.171016 0.173512 0.175979 0.178411 0.180797 0.183118 0.185346 0.187446 0.189391 
0.118879 0.118971 0.119291 0.119842 0.120623 0.121638 0.122889 0.124379 0.126113 0.128096 0.130334 0.132834 0.135602 0.138648 0.141982 0.145615 0.149558 0.153826 0.158434 0.163399 0.168739 0.174475 0.18063 0.187228 0.194298 0.201867 0.209967 0.218631 0.227892 0.237783 0.248333 0.259564 0.271484 0.284074 0.297275 0.310951 0.324848 0.338508 0.351142 0.361414 0.367106 0.364663 0.348912 0.314569 0.263709 0.209139 0.158988 0.0368831 -0.112867 -0.142366 -0.144166 -0.141867 -0.138825 -0.139616 -0.134319 -0.130038 -0.126858 -0.12477 -0.123507 -0.122769 -0.122336 -0.122076 -0.121914 -0.121814 -0.121757 -0.121737 -0.121754 -0.121811 -0.121909 -0.122053 -0.122246 -0.12249 -0.122788 -0.123139 -0.123546 -0.124007 -0.124522 -0.125088 -0.125702 -0.126363 -0.127066 -0.127807 -0.128582 -0.129387 -0.130216 -0.131064 -0.131927 -0.132799 -0.133675 -0.13455 -0.135419 -0.136278 -0.137123 -0.137948 -0.13875 -0.139526 -0.140271 -0.140984 -0.14166 -0.142298 -0.142889 -0.14343 -0.143919 -0.144356 -0.14474 -0.145069 -0.145343 -0.145561 -0.14572 -0.145818 -0.145853 -0.145821 -0.145718 -0.145538 -0.145276 -0.144924 -0.144474 -0.143918 -0.143244 -0.142443 -0.141503 -0.140412 -0.139158 -0.137729 -0.136113 -0.134298 -0.132275 -0.130033 -0.127566 -0.124868 -0.121894 -0.11863 -0.115078 -0.111238 -0.107114 -0.102714 -0.0980442 -0.093116 -0.0879418 -0.082536 -0.0769147 -0.0710957 -0.0650979 -0.0589412 -0.0526464 -0.0462348 -0.0397278 -0.0331472 -0.0265143 -0.0198501 -0.0131746 -0.00650722 0.000133425 0.00672976 0.0132656 0.0197262 0.0260984 0.0323695 0.0385283 0.0445649 0.0504724 0.0562446 0.0618749 0.0673571 0.0726856 0.0778686 0.082901 0.0877811 0.092509 0.0970886 0.101522 0.105812 0.10996 0.113973 0.117855 0.121611 0.125246 0.128766 0.132178 0.135488 0.138703 0.141828 0.144872 0.147839 0.150738 0.153574 0.156353 0.159081 0.161763 0.164403 0.167003 0.169566 0.172089 0.174569 0.176998 0.17936 0.181636 0.183793 0.185795 0.187614 
0.117159 0.117249 0.117563 0.118102 0.118867 0.11986 0.121084 0.122541 0.124237 0.126174 0.128359 0.130798 0.133496 0.136463 0.139706 0.143235 0.147061 0.151194 0.15565 0.16044 0.16558 0.171087 0.176979 0.183273 0.18999 0.197149 0.20477 0.212872 0.221469 0.230572 0.240182 0.250285 0.260842 0.271779 0.282963 0.294169 0.305037 0.314996 0.323153 0.328139 0.327908 0.319544 0.299308 0.263673 0.212461 0.150327 0.0818642 0.0118386 -0.33859 -0.250883 -0.202478 -0.178525 -0.157893 -0.144078 -0.135952 -0.130713 -0.127271 -0.125103 -0.123792 -0.123009 -0.122531 -0.122228 -0.122028 -0.121896 -0.121818 -0.121788 -0.121807 -0.121877 -0.122002 -0.122185 -0.12243 -0.122738 -0.123111 -0.123549 -0.124053 -0.12462 -0.125249 -0.125936 -0.126678 -0.12747 -0.128308 -0.129185 -0.130095 -0.131033 -0.131991 -0.132962 -0.133941 -0.134919 -0.135891 -0.136849 -0.137787 -0.138699 -0.13958 -0.140424 -0.141226 -0.141981 -0.142687 -0.143338 -0.143933 -0.144468 -0.144941 -0.145351 -0.145689 -0.145957 -0.146153 -0.146278 -0.146333 -0.146317 -0.14623 -0.146073 -0.145845 -0.145543 -0.145166 -0.144712 -0.144176 -0.143554 -0.142841 -0.142029 -0.141113 -0.140083 -0.138931 -0.137647 -0.136221 -0.134643 -0.132903 -0.13099 -0.128894 -0.126606 -0.124119 -0.121424 -0.118491 -0.115306 -0.111866 -0.108172 -0.104223 -0.100025 -0.0955815 -0.0909014 -0.0859937 -0.0808698 -0.0755427 -0.0700268 -0.0643379 -0.0584928 -0.0525089 -0.0464047 -0.0401989 -0.0339109 -0.0275597 -0.0211642 -0.0147425 -0.0083125 -0.00189156 0.00450327 0.0108561 0.0171532 0.023382 0.0295295 0.0355832 0.0415316 0.0473689 0.0530899 0.0586864 0.0641519 0.0694819 0.0746754 0.0797298 0.084643 0.0894145 0.0940454 0.0985368 0.10289 0.107109 0.111195 0.115154 0.118989 0.122705 0.126307 0.1298 0.133191 0.136485 0.139689 0.142807 0.145847 0.148815 0.151715 0.154553 0.157333 0.160061 0.162738 0.165367 0.167946 0.170475 0.172946 0.175349 0.177669 0.179884 0.181963 0.183873 0.18559 
0.115215 0.115303 0.115609 0.116134 0.11688 0.117848 0.11904 0.12046 0.12211 0.123994 0.126118 0.128485 0.131102 0.133976 0.137114 0.140524 0.144213 0.148193 0.152472 0.157063 0.161975 0.167221 0.172814 0.178766 0.185087 0.191788 0.198878 0.206359 0.214231 0.222481 0.231084 0.239994 0.249133 0.258378 0.267542 0.27634 0.28435 0.29095 0.295243 0.29595 0.29131 0.279005 0.256247 0.220244 0.169201 0.102408 0.0168949 -0.0953113 -0.24351 -0.223011 -0.193995 -0.172771 -0.155566 -0.14333 -0.135382 -0.130189 -0.126836 -0.124763 -0.123532 -0.122813 -0.122385 -0.12212 -0.121951 -0.121844 -0.121789 -0.121783 -0.121829 -0.121932 -0.122096 -0.122328 -0.122629 -0.123003 -0.123451 -0.123974 -0.12457 -0.125237 -0.125974 -0.126775 -0.127635 -0.12855 -0.129511 -0.130514 -0.131549 -0.132609 -0.133686 -0.13477 -0.135854 -0.13693 -0.137988 -0.13902 -0.140019 -0.140977 -0.141888 -0.142746 -0.143543 -0.144277 -0.144941 -0.145532 -0.146047 -0.146484 -0.146841 -0.147117 -0.147311 -0.147419 -0.147442 -0.147379 -0.147234 -0.147006 -0.146699 -0.146314 -0.14585 -0.14531 -0.144694 -0.143999 -0.143226 -0.142372 -0.141434 -0.140406 -0.139286 -0.138066 -0.136739 -0.135298 -0.133735 -0.13204 -0.130206 -0.128221 -0.126077 -0.123766 -0.121276 -0.118601 -0.115721 -0.11262 -0.109295 -0.105743 -0.101963 -0.0979566 -0.0937263 -0.0892774 -0.0846164 -0.0797519 -0.074694 -0.0694544 -0.0640458 -0.0584823 -0.0527783 -0.0469495 -0.0410126 -0.0349844 -0.0288825 -0.0227242 -0.0165254 -0.0103023 -0.00407172 0.00214951 0.00834471 0.0145016 0.0206096 0.0266543 0.0326236 0.0385067 0.0442948 0.0499802 0.0555553 0.0610131 0.0663484 0.0715576 0.0766372 0.0815847 0.0863985 0.0910783 0.0956241 0.100037 0.104319 0.108472 0.112499 0.116403 0.12019 0.123862 0.127425 0.130885 0.134245 0.137513 0.140692 0.143789 0.146809 0.149756 0.152635 0.15545 0.158204 0.1609 0.163536 0.166113 0.168626 0.171068 0.173428 0.175691 0.177835 0.179834 0.18166 0.183296 
0.113053 0.113138 0.113435 0.113945 0.114669 0.115609 0.116765 0.118142 0.11974 0.121565 0.123619 0.125906 0.128432 0.131203 0.134222 0.137498 0.141036 0.144844 0.148929 0.153298 0.157959 0.162919 0.168186 0.173764 0.179657 0.185866 0.192388 0.199214 0.206324 0.213689 0.221259 0.228962 0.23669 0.244286 0.251525 0.258091 0.263538 0.26725 0.268386 0.265823 0.258106 0.243435 0.219733 0.184854 0.136948 0.0746937 -0.00273065 -0.0922071 -0.171476 -0.184908 -0.175647 -0.162414 -0.149982 -0.140305 -0.133505 -0.128904 -0.125895 -0.124026 -0.122925 -0.122304 -0.121963 -0.121777 -0.12168 -0.12164 -0.121646 -0.121697 -0.121798 -0.121957 -0.122179 -0.122471 -0.122838 -0.123283 -0.123808 -0.124413 -0.125098 -0.12586 -0.126696 -0.127601 -0.128571 -0.129596 -0.130672 -0.131788 -0.132936 -0.134106 -0.13529 -0.136476 -0.137654 -0.138816 -0.13995 -0.141047 -0.142098 -0.143095 -0.14403 -0.144895 -0.145684 -0.146392 -0.147014 -0.147545 -0.147983 -0.148326 -0.148572 -0.14872 -0.148772 -0.148728 -0.14859 -0.148355 -0.148026 -0.147608 -0.147102 -0.146512 -0.145842 -0.145092 -0.144266 -0.143365 -0.142388 -0.141336 -0.140208 -0.139001 -0.137712 -0.136337 -0.13487 -0.133306 -0.131637 -0.129856 -0.127955 -0.125925 -0.123756 -0.12144 -0.118968 -0.116328 -0.113511 -0.110501 -0.107291 -0.103879 -0.10026 -0.0964337 -0.0924017 -0.0881661 -0.0837311 -0.0791027 -0.0742885 -0.0692976 -0.0641406 -0.0588288 -0.0533738 -0.0477892 -0.0420895 -0.0362896 -0.030406 -0.0244563 -0.0184517 -0.012408 -0.00634208 -0.000269522 0.00579476 0.0118373 0.0178454 0.0238058 0.0297064 0.0355358 0.0412843 0.0469426 0.0525026 0.0579567 0.0632989 0.0685238 0.0736274 0.0786061 0.0834575 0.0881802 0.0927735 0.0972375 0.101573 0.105782 0.109866 0.113829 0.117673 0.121403 0.125022 0.128536 0.131948 0.135264 0.138488 0.141626 0.144681 0.147657 0.15056 0.153391 0.156154 0.158848 0.161473 0.164028 0.166508 0.168904 0.171206 0.1734 0.175466 0.177384 0.179132 0.180704 
0.110678 0.11076 0.111047 0.111541 0.112241 0.113149 0.114266 0.115595 0.117137 0.118895 0.120873 0.123073 0.125499 0.128156 0.131047 0.134177 0.13755 0.141172 0.145047 0.149178 0.15357 0.158225 0.163145 0.168329 0.173773 0.179469 0.185404 0.191556 0.197893 0.204369 0.210916 0.217442 0.223817 0.229863 0.235338 0.239916 0.243161 0.244495 0.243174 0.23825 0.228566 0.212767 0.189367 0.156898 0.114165 0.060705 -0.00222814 -0.0688195 -0.123679 -0.147916 -0.15257 -0.148637 -0.142033 -0.135679 -0.130629 -0.126978 -0.124511 -0.122956 -0.122047 -0.121561 -0.121332 -0.121249 -0.12125 -0.121304 -0.121398 -0.121532 -0.121713 -0.121948 -0.122244 -0.122611 -0.123053 -0.123575 -0.124179 -0.124867 -0.125637 -0.126489 -0.127418 -0.128419 -0.129486 -0.130611 -0.131787 -0.133003 -0.134249 -0.135516 -0.136791 -0.138065 -0.139324 -0.140559 -0.141757 -0.142909 -0.144003 -0.145031 -0.145983 -0.146851 -0.147628 -0.148308 -0.148886 -0.149358 -0.149721 -0.149973 -0.150114 -0.150144 -0.150064 -0.149876 -0.149583 -0.149189 -0.148694 -0.148103 -0.147419 -0.146648 -0.145794 -0.144861 -0.143853 -0.142773 -0.141623 -0.140404 -0.139118 -0.137762 -0.136337 -0.134837 -0.133261 -0.131602 -0.129856 -0.128014 -0.12607 -0.124016 -0.121842 -0.119539 -0.117098 -0.114509 -0.111762 -0.108845 -0.105751 -0.102473 -0.0990064 -0.0953492 -0.0915002 -0.0874599 -0.0832303 -0.078815 -0.0742193 -0.0694507 -0.0645178 -0.0594302 -0.0541952 -0.0488256 -0.0433345 -0.0377359 -0.0320436 -0.026272 -0.0204346 -0.0145461 -0.00862175 -0.00267659 0.00327487 0.00921869 0.0151414 0.0210298 0.0268714 0.0326545 0.0383683 0.0440029 0.0495492 0.0549991 0.0603454 0.0655822 0.0707042 0.0757073 0.0805882 0.0853446 0.089975 0.0944789 0.0988564 0.103109 0.107237 0.111243 0.115131 0.118903 0.122563 0.126115 0.129563 0.132911 0.136163 0.139324 0.142397 0.145386 0.148295 0.151124 0.153877 0.156552 0.15915 0.161666 0.164096 0.166432 0.168664 0.17078 0.172763 0.174598 0.17627 0.177781 
0.108097 0.108176 0.108454 0.108929 0.109603 0.110477 0.111552 0.112829 0.11431 0.115997 0.117892 0.119998 0.122317 0.124852 0.127606 0.130581 0.133779 0.137204 0.140856 0.144737 0.148847 0.153184 0.157745 0.162522 0.167506 0.17268 0.178023 0.183502 0.189076 0.194683 0.200245 0.205655 0.210771 0.215406 0.219315 0.222182 0.223599 0.223052 0.219905 0.213389 0.202614 0.186598 0.164345 0.134973 0.0979544 0.0535536 0.00363891 -0.0469622 -0.0895629 -0.116021 -0.128495 -0.132186 -0.131407 -0.128952 -0.126303 -0.124084 -0.122466 -0.121416 -0.12082 -0.120545 -0.120477 -0.120534 -0.120663 -0.120836 -0.121043 -0.121285 -0.121566 -0.121896 -0.122283 -0.122737 -0.123263 -0.123868 -0.124555 -0.125326 -0.12618 -0.127116 -0.128131 -0.129218 -0.130372 -0.131585 -0.132847 -0.134149 -0.135479 -0.136827 -0.13818 -0.139526 -0.140852 -0.142146 -0.143396 -0.144589 -0.145716 -0.146764 -0.147724 -0.148588 -0.149348 -0.149998 -0.150531 -0.150945 -0.151236 -0.151403 -0.151446 -0.151366 -0.151164 -0.150845 -0.150412 -0.149869 -0.149221 -0.148475 -0.147633 -0.146701 -0.145685 -0.144592 -0.143426 -0.142193 -0.140895 -0.139537 -0.138118 -0.136641 -0.135105 -0.133507 -0.131846 -0.130117 -0.128315 -0.126434 -0.124466 -0.122405 -0.12024 -0.117964 -0.115565 -0.113035 -0.110364 -0.107541 -0.104559 -0.101408 -0.098084 -0.0945826 -0.090901 -0.0870379 -0.0829937 -0.0787706 -0.0743719 -0.0698022 -0.065068 -0.0601766 -0.055136 -0.0499564 -0.0446491 -0.0392263 -0.0337006 -0.0280854 -0.0223941 -0.0166409 -0.0108404 -0.00500704 0.000844638 0.00670053 0.0125468 0.01837 0.0241573 0.0298965 0.035576 0.0411854 0.0467149 0.0521556 0.0574998 0.0627405 0.0678719 0.0728891 0.077788 0.0825658 0.0872203 0.0917503 0.0961554 0.100436 0.104593 0.108628 0.112543 0.116341 0.120025 0.123599 0.127065 0.130428 0.133692 0.136859 0.139933 0.142918 0.145815 0.148626 0.151352 0.153993 0.156546 0.159009 0.161376 0.16364 0.165793 0.167822 0.169717 0.171464 0.173057 0.174501 
0.105319 0.105395 0.105661 0.106117 0.106763 0.107601 0.10863 0.109853 0.111269 0.112881 0.114689 0.116696 0.118902 0.121309 0.123918 0.12673 0.129746 0.132966 0.136388 0.140011 0.143831 0.147843 0.152038 0.156404 0.160926 0.165581 0.170339 0.175162 0.179996 0.184775 0.18941 0.193788 0.197762 0.201145 0.203702 0.205138 0.205087 0.203107 0.198671 0.191177 0.179961 0.164345 0.143703 0.117588 0.0859198 0.0493009 0.00947437 -0.0301837 -0.0648026 -0.0902079 -0.106191 -0.114875 -0.118812 -0.120096 -0.120134 -0.119742 -0.119331 -0.11907 -0.118993 -0.119076 -0.119272 -0.11954 -0.119849 -0.120183 -0.120537 -0.120913 -0.12132 -0.121766 -0.122262 -0.122816 -0.123439 -0.124134 -0.124909 -0.125763 -0.1267 -0.127716 -0.128809 -0.129974 -0.131204 -0.132492 -0.133827 -0.1352 -0.136599 -0.138012 -0.139426 -0.140828 -0.142205 -0.143544 -0.144831 -0.146054 -0.1472 -0.148259 -0.14922 -0.150073 -0.150811 -0.151427 -0.151915 -0.152272 -0.152494 -0.152581 -0.152532 -0.152351 -0.152039 -0.151601 -0.151041 -0.150365 -0.14958 -0.148693 -0.147712 -0.146639 -0.145484 -0.144253 -0.142952 -0.141588 -0.140167 -0.138691 -0.137164 -0.135588 -0.133963 -0.132289 -0.130563 -0.128783 -0.126943 -0.125038 -0.123061 -0.121005 -0.11886 -0.116618 -0.114269 -0.111803 -0.109209 -0.106479 -0.103602 -0.100572 -0.0973798 -0.0940214 -0.0904923 -0.0867898 -0.0829125 -0.0788609 -0.0746365 -0.0702427 -0.0656839 -0.0609661 -0.0560966 -0.0510839 -0.0459381 -0.0406701 -0.0352917 -0.0298153 -0.0242542 -0.0186219 -0.0129328 -0.00720107 -0.00144114 0.00433272 0.0101065 0.0158663 0.0215991 0.0272922 0.0329336 0.0385122 0.0440176 0.0494405 0.0547724 0.0600058 0.0651343 0.0701523 0.0750553 0.0798398 0.084503 0.0890432 0.0934595 0.0977517 0.10192 0.105967 0.109892 0.113699 0.11739 0.120969 0.124437 0.127798 0.131056 0.134213 0.137272 0.140236 0.143105 0.145883 0.148567 0.151158 0.153654 0.156051 0.158344 0.160527 0.162591 0.164527 0.166326 0.16798 0.169485 0.170849 
0.102351 0.102423 0.102677 0.103113 0.103731 0.10453 0.105512 0.106677 0.108026 0.109559 0.111276 0.113179 0.115268 0.117543 0.120002 0.122647 0.125476 0.128485 0.131673 0.135033 0.13856 0.142245 0.146074 0.150033 0.1541 0.158246 0.162439 0.166631 0.170766 0.17477 0.178551 0.181994 0.184953 0.187251 0.188668 0.188938 0.187744 0.184714 0.179426 0.171421 0.16022 0.145374 0.126524 0.103504 0.0764718 0.046106 0.0138147 -0.0181397 -0.0469144 -0.0701194 -0.0870547 -0.0984316 -0.105582 -0.109865 -0.112378 -0.11389 -0.114883 -0.115636 -0.116289 -0.116905 -0.117505 -0.11809 -0.118662 -0.11922 -0.119772 -0.120324 -0.120889 -0.12148 -0.122107 -0.122782 -0.123514 -0.124312 -0.125181 -0.126124 -0.127143 -0.128237 -0.129404 -0.130639 -0.131935 -0.133286 -0.134681 -0.136111 -0.137563 -0.139025 -0.140484 -0.141926 -0.143339 -0.144706 -0.146016 -0.147255 -0.14841 -0.149469 -0.150422 -0.151258 -0.151969 -0.152549 -0.152992 -0.153293 -0.15345 -0.153463 -0.153332 -0.15306 -0.152649 -0.152106 -0.151435 -0.150644 -0.14974 -0.148731 -0.147626 -0.146433 -0.145159 -0.143811 -0.142397 -0.140924 -0.139399 -0.137826 -0.136211 -0.134556 -0.132861 -0.131128 -0.129354 -0.127538 -0.125674 -0.123757 -0.121781 -0.119738 -0.11762 -0.115417 -0.113119 -0.110717 -0.108199 -0.105557 -0.10278 -0.0998593 -0.0967876 -0.0935582 -0.0901657 -0.0866062 -0.0828771 -0.0789773 -0.0749072 -0.0706686 -0.066265 -0.061701 -0.0569829 -0.0521184 -0.0471163 -0.0419867 -0.0367406 -0.0313901 -0.0259478 -0.020427 -0.0148417 -0.00920613 -0.00353456 0.00215861 0.00785917 0.0135532 0.0192271 0.0248679 0.0304633 0.0360017 0.0414724 0.0468655 0.0521721 0.0573841 0.0624947 0.0674979 0.0723887 0.0771631 0.081818 0.0863511 0.0907611 0.0950475 0.0992102 0.10325 0.107169 0.110967 0.114648 0.118214 0.121667 0.12501 0.128246 0.131377 0.134405 0.137332 0.14016 0.142889 0.145519 0.148048 0.150475 0.152795 0.155005 0.157097 0.159065 0.160902 0.162599 0.164151 0.165558 0.166825 
0.099201 0.0992702 0.099512 0.0999266 0.100514 0.101274 0.102207 0.103313 0.104591 0.106043 0.107667 0.109464 0.111432 0.113571 0.115879 0.118353 0.120991 0.123789 0.12674 0.129838 0.133073 0.136434 0.139904 0.143463 0.147088 0.150746 0.154398 0.157996 0.161479 0.16477 0.167778 0.17039 0.172466 0.173842 0.174318 0.173662 0.171604 0.167841 0.162042 0.153864 0.142975 0.129092 0.112035 0.0917978 0.0686425 0.0431963 0.0165373 -0.00981297 -0.0341078 -0.0548724 -0.0714264 -0.0838956 -0.0929077 -0.0992671 -0.103735 -0.106924 -0.109284 -0.111116 -0.112611 -0.113885 -0.115005 -0.116013 -0.116935 -0.117792 -0.118601 -0.11938 -0.120147 -0.120916 -0.121704 -0.122524 -0.123387 -0.124302 -0.125277 -0.126316 -0.127423 -0.128596 -0.129835 -0.131135 -0.132491 -0.133896 -0.135341 -0.136814 -0.138306 -0.139803 -0.141291 -0.142759 -0.144191 -0.145573 -0.146892 -0.148134 -0.149285 -0.150335 -0.151271 -0.152084 -0.152765 -0.153306 -0.153704 -0.153952 -0.15405 -0.153997 -0.153793 -0.153441 -0.152946 -0.152313 -0.151548 -0.15066 -0.149656 -0.148546 -0.147339 -0.146045 -0.144672 -0.143229 -0.141723 -0.140163 -0.138554 -0.136905 -0.13522 -0.133503 -0.131755 -0.129977 -0.128169 -0.126327 -0.124449 -0.122529 -0.12056 -0.118535 -0.116445 -0.114282 -0.112034 -0.109693 -0.107246 -0.104684 -0.101997 -0.0991757 -0.0962111 -0.0930961 -0.0898244 -0.0863911 -0.0827925 -0.0790265 -0.0750924 -0.070991 -0.0667248 -0.0622976 -0.0577148 -0.0529832 -0.0481108 -0.0431072 -0.0379828 -0.0327491 -0.0274184 -0.022004 -0.0165193 -0.0109786 -0.00539619 0.000213602 0.00583642 0.0114582 0.0170651 0.0226441 0.0281824 0.0336683 0.0390906 0.0444393 0.0497049 0.0548793 0.0599552 0.0649262 0.069787 0.0745333 0.0791615 0.0836693 0.0880548 0.0923171 0.0964559 0.100472 0.104365 0.108138 0.111792 0.115328 0.11875 0.122059 0.125257 0.128347 0.13133 0.134208 0.136981 0.13965 0.142213 0.14467 0.147017 0.149252 0.15137 0.153365 0.155231 0.156962 0.158551 0.159994 0.161289 0.162444 
0.0958785 0.095944 0.0961733 0.0965662 0.0971226 0.0978423 0.0987249 0.0997701 0.100977 0.102346 0.103876 0.105564 0.10741 0.109412 0.111566 0.113869 0.116317 0.118903 0.12162 0.124458 0.127406 0.130449 0.13357 0.136744 0.139946 0.14314 0.146285 0.14933 0.152214 0.15486 0.15718 0.159064 0.160384 0.16099 0.160706 0.159332 0.156645 0.152402 0.146348 0.138234 0.127836 0.114988 0.0996211 0.0818165 0.0618572 0.0402791 0.0178931 -0.00425638 -0.0250391 -0.0434914 -0.0590594 -0.0716515 -0.0815268 -0.0891303 -0.0949517 -0.099438 -0.102953 -0.105774 -0.108096 -0.110057 -0.11175 -0.11324 -0.114572 -0.115782 -0.1169 -0.117952 -0.11896 -0.119944 -0.120924 -0.121914 -0.12293 -0.123981 -0.125076 -0.126223 -0.127424 -0.128681 -0.129994 -0.131359 -0.132771 -0.134224 -0.13571 -0.137219 -0.138739 -0.140259 -0.141765 -0.143245 -0.144684 -0.146068 -0.147384 -0.148617 -0.149755 -0.150786 -0.151699 -0.152483 -0.15313 -0.153634 -0.153987 -0.154187 -0.154231 -0.15412 -0.153854 -0.153436 -0.152871 -0.152165 -0.151325 -0.150359 -0.149277 -0.148088 -0.146801 -0.145428 -0.143978 -0.142461 -0.140886 -0.139258 -0.137588 -0.135881 -0.134144 -0.132381 -0.130594 -0.128785 -0.126953 -0.125097 -0.123212 -0.121294 -0.119336 -0.11733 -0.11527 -0.113144 -0.110942 -0.108656 -0.106272 -0.103782 -0.101174 -0.098439 -0.0955679 -0.0925526 -0.0893862 -0.0860628 -0.0825782 -0.0789295 -0.0751151 -0.0711351 -0.0669912 -0.0626865 -0.0582257 -0.053615 -0.048862 -0.0439755 -0.0389657 -0.0338436 -0.0286213 -0.0233117 -0.0179282 -0.0124849 -0.00699598 -0.00147576 0.00406139 0.00960133 0.0151303 0.0206349 0.0261025 0.031521 0.0368792 0.0421668 0.0473744 0.0524933 0.0575162 0.0624365 0.0672487 0.0719481 0.076531 0.0809948 0.0853373 0.0895573 0.0936543 0.0976284 0.10148 0.10521 0.108821 0.112312 0.115687 0.118948 0.122095 0.12513 0.128055 0.130871 0.133577 0.136175 0.138662 0.141037 0.143297 0.14544 0.14746 0.149352 0.151112 0.152732 0.154207 0.155532 0.156707 0.157735 
0.0923921 0.092454 0.0926705 0.0930415 0.0935665 0.0942451 0.0950767 0.0960606 0.0971958 0.0984809 0.0999144 0.101494 0.103218 0.105082 0.107084 0.109216 0.111475 0.113852 0.116339 0.118923 0.121592 0.124329 0.127113 0.129921 0.132723 0.135482 0.138156 0.140694 0.143035 0.145105 0.146819 0.148076 0.148759 0.148734 0.147849 0.145935 0.142809 0.138281 0.132158 0.124264 0.114453 0.102637 0.0888152 0.0731047 0.0557742 0.037264 0.0181835 -0.000731397 -0.0187146 -0.0351057 -0.0494739 -0.0616622 -0.0717479 -0.0799615 -0.0866032 -0.0919796 -0.096366 -0.09999 -0.10303 -0.105622 -0.107865 -0.109835 -0.111589 -0.113173 -0.114623 -0.115971 -0.117244 -0.118467 -0.119659 -0.12084 -0.122025 -0.123227 -0.124457 -0.125721 -0.127025 -0.128371 -0.129761 -0.131192 -0.13266 -0.134159 -0.135681 -0.137219 -0.13876 -0.140295 -0.14181 -0.143292 -0.144728 -0.146104 -0.147408 -0.148624 -0.149742 -0.150748 -0.151632 -0.152384 -0.152996 -0.153461 -0.153774 -0.15393 -0.153928 -0.153768 -0.153451 -0.152981 -0.152362 -0.151601 -0.150704 -0.149682 -0.148543 -0.147297 -0.145954 -0.144526 -0.143022 -0.141453 -0.139828 -0.138156 -0.136443 -0.134698 -0.132926 -0.131133 -0.129322 -0.127494 -0.125649 -0.123786 -0.121901 -0.119989 -0.118045 -0.11606 -0.114026 -0.111934 -0.109774 -0.107535 -0.105207 -0.102778 -0.100238 -0.097577 -0.0947859 -0.0918562 -0.0887803 -0.085552 -0.0821665 -0.0786203 -0.0749113 -0.0710392 -0.0670049 -0.0628112 -0.0584623 -0.0539638 -0.0493229 -0.0445482 -0.0396493 -0.034637 -0.0295232 -0.0243205 -0.0190421 -0.0137019 -0.00831386 -0.00289232 0.0025485 0.00799454 0.0134321 0.0188478 0.024229 0.0295637 0.0348406 0.0400493 0.0451805 0.0502254 0.0551765 0.0600272 0.0647718 0.0694055 0.0739246 0.078326 0.0826075 0.0867676 0.0908056 0.0947211 0.0985146 0.102187 0.105738 0.10917 0.112485 0.115683 0.118766 0.121735 0.124591 0.127334 0.129964 0.132481 0.134884 0.137171 0.139338 0.141383 0.1433 0.145086 0.146735 0.14824 0.149597 0.1508 0.151846 0.152737 
0.0887509 0.0888092 0.0890128 0.0893616 0.0898551 0.0904924 0.0912729 0.0921952 0.093258 0.0944595 0.0957974 0.0972691 0.0988711 0.1006 0.102449 0.104415 0.106488 0.108661 0.110924 0.113262 0.115663 0.118106 0.120572 0.123033 0.12546 0.127817 0.130059 0.132137 0.133992 0.135553 0.136742 0.137466 0.137619 0.137086 0.135736 0.133428 0.130016 0.125351 0.119292 0.111715 0.102531 0.0917021 0.0792646 0.0653466 0.0501868 0.0341406 0.0176693 0.00130498 -0.0144118 -0.02901 -0.0421563 -0.0536863 -0.0635918 -0.0719811 -0.0790308 -0.0849433 -0.0899171 -0.0941299 -0.0977312 -0.100843 -0.103561 -0.105961 -0.108106 -0.110043 -0.111814 -0.113454 -0.114992 -0.116454 -0.117864 -0.119241 -0.120602 -0.121961 -0.123329 -0.124715 -0.126126 -0.127564 -0.129032 -0.130529 -0.132051 -0.133593 -0.135149 -0.136711 -0.138269 -0.139812 -0.141328 -0.142806 -0.144233 -0.145595 -0.146879 -0.148073 -0.149165 -0.150143 -0.150996 -0.151716 -0.152294 -0.152723 -0.152999 -0.153117 -0.153078 -0.152879 -0.152524 -0.152016 -0.151359 -0.150561 -0.149627 -0.148569 -0.147394 -0.146114 -0.144738 -0.143277 -0.141743 -0.140145 -0.138492 -0.136794 -0.135059 -0.133293 -0.131504 -0.129696 -0.127874 -0.126039 -0.124192 -0.12233 -0.120451 -0.11855 -0.11662 -0.114656 -0.112647 -0.110586 -0.108462 -0.106264 -0.103982 -0.101605 -0.099122 -0.0965238 -0.0938005 -0.0909435 -0.0879452 -0.084799 -0.0814998 -0.0780438 -0.0744287 -0.0706536 -0.0667193 -0.0626282 -0.058384 -0.0539923 -0.0494598 -0.0447947 -0.0400063 -0.0351054 -0.0301033 -0.0250125 -0.0198459 -0.0146171 -0.00933996 -0.00402851 0.00130323 0.00664141 0.0119725 0.0172833 0.0225614 0.0277948 0.0329725 0.0380841 0.0431202 0.0480724 0.052933 0.0576955 0.062354 0.0669039 0.0713411 0.0756625 0.0798659 0.0839495 0.0879123 0.0917538 0.095474 0.0990733 0.102552 0.105912 0.109154 0.112278 0.115285 0.118177 0.120954 0.123616 0.126162 0.128592 0.130904 0.133097 0.135166 0.137109 0.138921 0.140598 0.142134 0.143522 0.144758 0.145835 0.146749 0.147497 
0.0849642 0.0850187 0.0852096 0.0855363 0.0859982 0.0865944 0.0873239 0.088185 0.0891759 0.0902944 0.0915377 0.0929025 0.0943847 0.0959795 0.0976812 0.0994829 0.101376 0.103352 0.105398 0.107502 0.109646 0.111812 0.113977 0.116115 0.118195 0.120182 0.122032 0.123697 0.125121 0.126239 0.126978 0.127254 0.126975 0.12604 0.124339 0.121757 0.118177 0.113485 0.107579 0.100374 0.0918213 0.0819136 0.070705 0.0583208 0.0449662 0.0309265 0.0165545 0.00224433 -0.0116097 -0.0246602 -0.036647 -0.0474183 -0.0569281 -0.0652168 -0.0723828 -0.0785559 -0.0838752 -0.0884742 -0.0924729 -0.0959744 -0.0990654 -0.101817 -0.10429 -0.106532 -0.108586 -0.110487 -0.112265 -0.113949 -0.115561 -0.117122 -0.11865 -0.120158 -0.121659 -0.123162 -0.124674 -0.1262 -0.127742 -0.1293 -0.130871 -0.132452 -0.134036 -0.135617 -0.137185 -0.138732 -0.140245 -0.141713 -0.143125 -0.144467 -0.145729 -0.146898 -0.147961 -0.148909 -0.149732 -0.15042 -0.150966 -0.151364 -0.151609 -0.151698 -0.15163 -0.151405 -0.151024 -0.150492 -0.149814 -0.148995 -0.148044 -0.146968 -0.145779 -0.144485 -0.143098 -0.141627 -0.140084 -0.138478 -0.13682 -0.135116 -0.133376 -0.131607 -0.129815 -0.128006 -0.126186 -0.124354 -0.122513 -0.12066 -0.118792 -0.116905 -0.114994 -0.11305 -0.111065 -0.109031 -0.106938 -0.104775 -0.102533 -0.1002 -0.0977653 -0.09522 -0.0925543 -0.0897596 -0.0868283 -0.0837539 -0.0805311 -0.077156 -0.0736262 -0.0699406 -0.0661 -0.0621064 -0.0579634 -0.0536763 -0.0492516 -0.0446972 -0.0400223 -0.035237 -0.0303527 -0.0253814 -0.0203357 -0.0152289 -0.0100746 -0.00488628 0.00032224 0.00553746 0.0107461 0.0159355 0.0210933 0.0262079 0.0312684 0.0362648 0.0411878 0.0460291 0.0507813 0.0554377 0.0599927 0.0644415 0.0687801 0.0730054 0.0771148 0.0811065 0.0849794 0.0887327 0.0923662 0.0958799 0.0992743 0.10255 0.105707 0.108747 0.11167 0.114476 0.117166 0.119739 0.122195 0.124532 0.126749 0.128844 0.130812 0.132651 0.134357 0.135923 0.137345 0.138617 0.139731 0.140682 0.141462 0.142068 
0.081041 0.0810919 0.08127 0.0815748 0.0820055 0.0825611 0.0832401 0.0840407 0.0849608 0.0859977 0.0871481 0.0884081 0.0897732 0.0912378 0.0927956 0.094439 0.096159 0.097945 0.0997849 0.101664 0.103566 0.105471 0.107357 0.109196 0.110958 0.112608 0.114105 0.115403 0.11645 0.117185 0.117542 0.117448 0.116821 0.115574 0.113618 0.110857 0.107201 0.102562 0.0968669 0.0900621 0.0821223 0.0730608 0.0629383 0.0518702 0.0400299 0.0276465 0.0149933 0.0023684 -0.00993261 -0.0216464 -0.0325671 -0.0425609 -0.0515675 -0.0595897 -0.0666778 -0.0729124 -0.0783884 -0.0832038 -0.0874521 -0.091218 -0.0945758 -0.0975898 -0.100315 -0.102798 -0.10508 -0.107195 -0.109175 -0.111045 -0.112829 -0.114548 -0.116218 -0.117855 -0.119471 -0.121075 -0.122675 -0.124275 -0.125879 -0.127487 -0.129097 -0.130707 -0.132311 -0.133902 -0.135473 -0.137015 -0.138518 -0.139971 -0.141362 -0.142681 -0.143917 -0.145057 -0.146091 -0.147009 -0.147802 -0.148461 -0.148979 -0.149351 -0.149572 -0.149639 -0.149553 -0.149312 -0.148918 -0.148377 -0.147692 -0.146869 -0.145917 -0.144844 -0.143659 -0.142372 -0.140992 -0.139532 -0.137999 -0.136406 -0.134759 -0.133069 -0.131342 -0.129585 -0.127803 -0.126006 -0.124197 -0.122378 -0.120551 -0.118713 -0.116862 -0.114993 -0.113101 -0.111178 -0.109217 -0.107209 -0.105143 -0.103012 -0.100803 -0.0985075 -0.0961148 -0.0936152 -0.0909997 -0.0882599 -0.0853883 -0.0823786 -0.0792257 -0.0759257 -0.0724763 -0.0688764 -0.0651266 -0.061229 -0.057187 -0.0530057 -0.0486914 -0.0442518 -0.0396958 -0.0350332 -0.0302751 -0.0254329 -0.0205191 -0.0155463 -0.0105278 -0.00547662 -0.000406124 0.00467065 0.00974092 0.0147923 0.019813 0.0247917 0.029718 0.034582 0.0393748 0.0440883 0.0487153 0.0532493 0.0576848 0.0620169 0.0662418 0.0703562 0.0743576 0.0782439 0.0820139 0.0856666 0.0892015 0.0926185 0.0959176 0.0990991 0.102163 0.10511 0.107941 0.110654 0.113251 0.11573 0.11809 0.120331 0.122449 0.124443 0.126309 0.128044 0.129642 0.131098 0.132408 0.133564 0.134559 0.135385 0.136034 0.1365 
0.0769904 0.0770378 0.0772033 0.0774866 0.0778866 0.0784022 0.0790317 0.0797731 0.0806239 0.081581 0.0826408 0.083799 0.0850505 0.0863892 0.0878083 0.0892996 0.0908535 0.092459 0.0941032 0.0957714 0.0974464 0.0991084 0.100735 0.102299 0.103772 0.105119 0.106302 0.107277 0.107996 0.108404 0.108442 0.108045 0.107142 0.105662 0.103527 0.100664 0.0969992 0.0924691 0.0870219 0.0806243 0.0732684 0.064978 0.0558145 0.0458809 0.0353227 0.0243246 0.0131008 0.00188108 -0.00910783 -0.0196618 -0.0296158 -0.0388543 -0.0473132 -0.0549757 -0.0618625 -0.068021 -0.0735145 -0.0784136 -0.0827895 -0.0867101 -0.0902375 -0.0934276 -0.0963295 -0.0989866 -0.101437 -0.103713 -0.105845 -0.107858 -0.109775 -0.111615 -0.113396 -0.115133 -0.116836 -0.118517 -0.120182 -0.121836 -0.123483 -0.125124 -0.126757 -0.128381 -0.129991 -0.13158 -0.133143 -0.13467 -0.136153 -0.137582 -0.138947 -0.140237 -0.141441 -0.14255 -0.143552 -0.144439 -0.145203 -0.145834 -0.146328 -0.146679 -0.146882 -0.146936 -0.146839 -0.146593 -0.146199 -0.14566 -0.144982 -0.144171 -0.143233 -0.142178 -0.141014 -0.13975 -0.138396 -0.136962 -0.135458 -0.133893 -0.132276 -0.130615 -0.128916 -0.127185 -0.125428 -0.12365 -0.121861 -0.120063 -0.118257 -0.11644 -0.11461 -0.112762 -0.110892 -0.108991 -0.107053 -0.105069 -0.10303 -0.100927 -0.098749 -0.0964874 -0.0941321 -0.091674 -0.0891043 -0.0864151 -0.0835993 -0.0806508 -0.0775649 -0.0743378 -0.0709674 -0.0674528 -0.0637945 -0.0599946 -0.0560565 -0.0519852 -0.0477867 -0.0434684 -0.0390391 -0.0345081 -0.029886 -0.0251839 -0.0204138 -0.0155879 -0.0107186 -0.00581872 -0.00090089 0.00402237 0.00893882 0.0138366 0.0187044 0.0235315 0.0283077 0.0330237 0.0376709 0.0422415 0.0467284 0.0511255 0.0554272 0.0596291 0.063727 0.0677178 0.0715989 0.0753681 0.079024 0.0825655 0.0859918 0.0893026 0.0924976 0.0955768 0.0985401 0.101388 0.104119 0.106734 0.109233 0.111613 0.113875 0.116016 0.118034 0.119927 0.12169 0.12332 0.124812 0.126161 0.12736 0.128403 0.129282 0.129988 0.130512 0.130847 
0.0728214 0.0728653 0.0730186 0.0732808 0.0736508 0.0741274 0.0747087 0.0753924 0.0761758 0.0770556 0.0780277 0.0790875 0.0802296 0.0814475 0.0827338 0.08408 0.0854762 0.0869109 0.0883711 0.0898416 0.0913054 0.0927428 0.0941313 0.0954456 0.0966571 0.0977334 0.0986384 0.0993317 0.0997687 0.0999008 0.0996748 0.0990342 0.0979191 0.096268 0.0940188 0.0911112 0.0874897 0.0831069 0.0779273 0.0719324 0.0651251 0.0575343 0.0492187 0.0402689 0.0308065 0.020981 0.0109627 0.000931386 -0.00893555 -0.018477 -0.027559 -0.0360825 -0.0439852 -0.0512404 -0.0578507 -0.0638415 -0.0692537 -0.074137 -0.0785448 -0.0825304 -0.0861448 -0.0894354 -0.0924453 -0.0952131 -0.0977736 -0.100158 -0.102393 -0.104504 -0.106511 -0.108435 -0.11029 -0.112092 -0.113853 -0.11558 -0.117283 -0.118966 -0.120633 -0.122285 -0.123921 -0.12554 -0.127138 -0.12871 -0.130249 -0.131749 -0.1332 -0.134595 -0.135924 -0.137176 -0.138343 -0.139415 -0.140382 -0.141236 -0.141969 -0.142574 -0.143045 -0.143378 -0.143568 -0.143614 -0.143514 -0.14327 -0.142884 -0.142359 -0.141699 -0.140911 -0.140001 -0.138976 -0.137846 -0.13662 -0.135305 -0.133912 -0.13245 -0.130928 -0.129353 -0.127733 -0.126074 -0.124383 -0.122662 -0.120915 -0.119152 -0.11738 -0.115599 -0.113808 -0.112003 -0.11018 -0.108333 -0.106456 -0.104542 -0.102583 -0.10057 -0.0984943 -0.0963465 -0.0941174 -0.0917982 -0.0893801 -0.0868549 -0.0842152 -0.0814545 -0.078567 -0.0755484 -0.0723953 -0.0691057 -0.065679 -0.0621157 -0.058418 -0.0545893 -0.0506343 -0.0465589 -0.0423703 -0.0380767 -0.0336873 -0.029212 -0.0246616 -0.0200472 -0.0153806 -0.0106737 -0.00593851 -0.00118706 0.00356876 0.00831735 0.0130475 0.0177483 0.0224097 0.0270221 0.0315764 0.0360646 0.0404792 0.0448133 0.049061 0.0532171 0.057277 0.0612368 0.0650933 0.0688438 0.0724862 0.0760188 0.0794404 0.0827499 0.0859469 0.0890306 0.0920009 0.0948575 0.0975999 0.100228 0.10274 0.105137 0.107417 0.109578 0.111618 0.113535 0.115326 0.116987 0.118514 0.119902 0.121146 0.122239 0.123174 0.123943 0.124536 0.124943 0.125156 
0.0685428 0.0685832 0.0687247 0.0689664 0.0693073 0.0697461 0.0702806 0.0709086 0.0716269 0.0724321 0.0733199 0.0742854 0.0753227 0.0764253 0.0775854 0.0787942 0.0800416 0.0813159 0.0826041 0.083891 0.0851596 0.0863908 0.0875627 0.0886511 0.0896286 0.0904649 0.0911263 0.0915759 0.0917732 0.0916747 0.0912337 0.0904011 0.089126 0.087357 0.0850434 0.0821375 0.0785966 0.0743863 0.0694832 0.0638788 0.0575827 0.0506258 0.0430624 0.0349709 0.0264534 0.0176319 0.00864289 -0.000370555 -0.00926761 -0.017919 -0.0262151 -0.0340707 -0.0414282 -0.0482562 -0.0545468 -0.0603109 -0.0655734 -0.0703685 -0.0747354 -0.0787154 -0.0823497 -0.0856777 -0.0887365 -0.0915601 -0.0941798 -0.0966236 -0.0989169 -0.101083 -0.103141 -0.105109 -0.107004 -0.108838 -0.110623 -0.112368 -0.11408 -0.115765 -0.117426 -0.119066 -0.120683 -0.122277 -0.123844 -0.12538 -0.12688 -0.128336 -0.129743 -0.131091 -0.132372 -0.133577 -0.134698 -0.135725 -0.136651 -0.137468 -0.138168 -0.138744 -0.139192 -0.139507 -0.139686 -0.139727 -0.139629 -0.139393 -0.139021 -0.138516 -0.137882 -0.137125 -0.136251 -0.135268 -0.134182 -0.133002 -0.131738 -0.130396 -0.128986 -0.127516 -0.125993 -0.124425 -0.122816 -0.121172 -0.119497 -0.117794 -0.116062 -0.114321 -0.11257 -0.110808 -0.109031 -0.107235 -0.105415 -0.103564 -0.101676 -0.0997435 -0.0977577 -0.0957105 -0.0935934 -0.0913979 -0.0891156 -0.0867386 -0.0842592 -0.0816707 -0.0789671 -0.0761432 -0.073195 -0.0701195 -0.066915 -0.0635811 -0.0601186 -0.0565295 -0.0528172 -0.0489862 -0.0450423 -0.0409924 -0.0368442 -0.0326064 -0.0282886 -0.0239007 -0.0194535 -0.014958 -0.0104252 -0.00586675 -0.00129379 0.00328246 0.00785107 0.0124014 0.0169235 0.0214075 0.0258444 0.0302258 0.0345439 0.0387916 0.0429625 0.0470508 0.0510515 0.0549601 0.0587728 0.0624864 0.0660982 0.069606 0.0730079 0.0763026 0.0794889 0.0825659 0.085533 0.0883894 0.0911346 0.0937679 0.0962887 0.0986961 0.100989 0.103166 0.105225 0.107163 0.10898 0.11067 0.112231 0.113658 0.114946 0.116088 0.11708 0.117913 0.118578 0.119066 0.119366 0.119469 
0.0641629 0.0642001 0.06433 0.064552 0.0648649 0.0652672 0.0657568 0.0663311 0.066987 0.0677208 0.068528 0.0694034 0.0703412 0.0713345 0.0723754 0.0734549 0.0745628 0.0756875 0.0768159 0.0779333 0.0790229 0.0800662 0.0810422 0.0819279 0.0826975 0.0833227 0.0837726 0.0840134 0.0840089 0.0837203 0.0831069 0.0821263 0.0807356 0.0788919 0.0765542 0.0736847 0.0702513 0.0662292 0.0616038 0.0563736 0.050552 0.0441696 0.0372757 0.0299383 0.0222429 0.0142897 0.0061895 -0.00194248 -0.00999283 -0.0178566 -0.0254429 -0.032679 -0.0395122 -0.0459101 -0.0518586 -0.0573592 -0.0624258 -0.0670808 -0.0713526 -0.0752727 -0.0788737 -0.0821881 -0.0852471 -0.0880804 -0.0907153 -0.0931774 -0.0954895 -0.0976728 -0.099746 -0.101726 -0.103627 -0.105462 -0.107243 -0.108977 -0.110672 -0.112334 -0.113966 -0.11557 -0.117146 -0.118694 -0.120212 -0.121694 -0.123137 -0.124535 -0.125882 -0.12717 -0.128391 -0.129539 -0.130604 -0.131579 -0.132456 -0.133229 -0.13389 -0.134434 -0.134856 -0.135152 -0.135319 -0.135355 -0.135259 -0.135033 -0.134678 -0.134196 -0.133593 -0.132872 -0.132039 -0.131102 -0.130066 -0.12894 -0.127732 -0.126448 -0.125097 -0.123687 -0.122223 -0.120712 -0.11916 -0.11757 -0.115947 -0.114293 -0.112606 -0.110898 -0.109181 -0.107451 -0.105706 -0.103941 -0.10215 -0.100328 -0.098469 -0.096565 -0.0946088 -0.0925928 -0.0905091 -0.0883499 -0.0861075 -0.0837747 -0.0813447 -0.0788111 -0.0761687 -0.0734129 -0.07054 -0.0675476 -0.0644341 -0.0611994 -0.0578444 -0.0543712 -0.050783 -0.0470843 -0.0432805 -0.0393781 -0.0353844 -0.0313078 -0.027157 -0.0229416 -0.0186715 -0.014357 -0.0100085 -0.00563678 -0.0012523 0.00313447 0.00751331 0.0118743 0.016208 0.0205053 0.0247578 0.0289574 0.0330969 0.0371695 0.0411691 0.0450902 0.048928 0.0526781 0.0563368 0.0599009 0.0633678 0.066735 0.0700007 0.0731633 0.0762215 0.0791742 0.0820204 0.0847592 0.0873898 0.0899114 0.0923229 0.0946231 0.0968107 0.098884 0.100841 0.102679 0.104396 0.105988 0.107451 0.10878 0.109972 0.111018 0.111914 0.112651 0.113221 0.113613 0.113817 0.113824 
0.0596901 0.0597241 0.059843 0.0600461 0.0603321 0.0606994 0.061146 0.061669 0.0622654 0.0629311 0.0636617 0.0644519 0.0652956 0.0661859 0.0671148 0.0680733 0.0690513 0.0700373 0.0710185 0.0719803 0.0729067 0.0737799 0.07458 0.0752851 0.0758713 0.0763125 0.0765803 0.0766441 0.0764717 0.0760289 0.0752801 0.0741891 0.0727197 0.0708365 0.0685064 0.0656999 0.0623926 0.0585674 0.0542161 0.0493416 0.0439592 0.0380984 0.0318034 0.0251327 0.0181584 0.0109635 0.00363862 -0.00372232 -0.0110269 -0.0181889 -0.0251325 -0.0317952 -0.0381298 -0.0441045 -0.049702 -0.0549178 -0.0597579 -0.0642366 -0.0683735 -0.0721924 -0.0757186 -0.0789786 -0.0819985 -0.0848035 -0.0874176 -0.0898632 -0.0921611 -0.0943304 -0.0963884 -0.0983506 -0.100231 -0.102041 -0.103791 -0.105491 -0.107146 -0.108762 -0.110344 -0.111892 -0.113409 -0.114893 -0.116343 -0.117756 -0.119127 -0.120452 -0.121725 -0.122941 -0.124091 -0.125169 -0.126169 -0.127082 -0.127903 -0.128624 -0.129241 -0.129747 -0.130138 -0.13041 -0.130561 -0.13059 -0.130495 -0.130278 -0.129939 -0.129481 -0.128908 -0.128224 -0.127435 -0.126545 -0.125562 -0.124493 -0.123343 -0.12212 -0.120832 -0.119484 -0.118083 -0.116634 -0.115142 -0.113611 -0.112044 -0.110444 -0.10881 -0.107142 -0.105462 -0.103768 -0.102058 -0.100326 -0.0985686 -0.0967791 -0.0949518 -0.0930802 -0.0911575 -0.0891765 -0.0871302 -0.0850114 -0.0828134 -0.0805295 -0.0781537 -0.0756803 -0.0731046 -0.0704226 -0.0676311 -0.064728 -0.0617122 -0.0585836 -0.0553433 -0.0519933 -0.0485368 -0.044978 -0.0413221 -0.0375753 -0.0337443 -0.0298369 -0.0258613 -0.0218264 -0.0177414 -0.0136158 -0.00945951 -0.00528224 -0.00109383 0.00309602 0.00727781 0.0114423 0.0155808 0.0196847 0.0237461 0.0277576 0.0317123 0.0356039 0.0394264 0.0431748 0.0468443 0.0504308 0.0539306 0.0573406 0.0606581 0.0638805 0.067006 0.0700329 0.0729596 0.0757848 0.0785074 0.0811263 0.0836403 0.0860484 0.0883493 0.0905416 0.0926237 0.0945937 0.0964494 0.0981883 0.0998073 0.101303 0.102671 0.103908 0.105007 0.105963 0.106769 0.107418 0.1079 0.108207 0.108326 0.108251 
0.0551322 0.0551632 0.0552716 0.0554565 0.0557169 0.0560509 0.0564565 0.0569309 0.0574707 0.0580721 0.0587303 0.0594401 0.0601954 0.0609892 0.0618136 0.0626596 0.0635174 0.0643756 0.0652217 0.0660418 0.0668205 0.0675407 0.0681839 0.0687294 0.0691552 0.0694372 0.0695497 0.0694653 0.0691552 0.0685894 0.0677371 0.0665676 0.0650502 0.0631561 0.0608585 0.0581345 0.0549661 0.0513416 0.0472575 0.0427195 0.0377437 0.0323577 0.0266007 0.0205235 0.0141868 0.00765986 0.00101756 -0.00566282 -0.0123051 -0.0188379 -0.0251974 -0.0313299 -0.0371932 -0.0427572 -0.0480032 -0.0529232 -0.0575177 -0.061795 -0.0657682 -0.0694547 -0.0728742 -0.0760477 -0.0789968 -0.0817428 -0.0843063 -0.0867071 -0.0889635 -0.0910928 -0.0931106 -0.0950313 -0.0968676 -0.0986307 -0.10033 -0.101975 -0.103571 -0.105124 -0.106637 -0.108114 -0.109555 -0.11096 -0.112329 -0.113658 -0.114944 -0.116184 -0.117372 -0.118504 -0.119572 -0.120572 -0.121496 -0.122339 -0.123095 -0.123758 -0.124322 -0.124784 -0.125138 -0.125382 -0.125513 -0.12553 -0.125432 -0.125219 -0.124894 -0.124457 -0.123913 -0.123264 -0.122516 -0.121673 -0.120742 -0.119728 -0.118637 -0.117476 -0.11625 -0.114965 -0.113628 -0.112242 -0.110813 -0.109342 -0.107835 -0.106291 -0.104711 -0.103096 -0.101455 -0.0998008 -0.0981289 -0.0964349 -0.0947138 -0.0929606 -0.0911695 -0.0893346 -0.0874498 -0.0855086 -0.0835046 -0.0814316 -0.0792833 -0.0770539 -0.074738 -0.0723307 -0.0698279 -0.067226 -0.0645224 -0.0617152 -0.0588037 -0.0557879 -0.0526689 -0.0494489 -0.0461309 -0.0427188 -0.0392175 -0.0356327 -0.0319708 -0.0282388 -0.0244446 -0.0205962 -0.0167022 -0.0127713 -0.00881258 -0.00483508 -0.000847859 0.00314012 0.0071201 0.0110836 0.0150223 0.0189285 0.0227948 0.0266141 0.0303802 0.0340869 0.0377288 0.0413009 0.0447988 0.0482184 0.0515562 0.0548091 0.0579742 0.0610492 0.0640321 0.0669208 0.0697139 0.0724097 0.0750071 0.0775046 0.0799009 0.0821948 0.0843847 0.0864691 0.0884461 0.0903136 0.0920694 0.0937107 0.0952344 0.0966369 0.0979141 0.0990614 0.100074 0.100945 0.101668 0.102236 0.10264 0.102872 0.102919 0.102775 
0.0504967 0.0505249 0.0506232 0.050791 0.051027 0.0513295 0.0516964 0.0521247 0.0526112 0.0531519 0.0537421 0.0543766 0.0550493 0.0557532 0.0564806 0.0572227 0.0579698 0.0587109 0.059434 0.0601258 0.0607715 0.0613553 0.0618594 0.062265 0.0625517 0.0626974 0.062679 0.0624719 0.0620508 0.0613893 0.060461 0.0592397 0.0576999 0.0558178 0.0535721 0.050945 0.0479235 0.0445002 0.0406745 0.036454 0.0318548 0.0269023 0.0216314 0.0160857 0.010317 0.00438326 -0.00165304 -0.00772776 -0.0137776 -0.0197427 -0.0255692 -0.0312108 -0.0366301 -0.0417989 -0.0466986 -0.0513186 -0.0556565 -0.0597155 -0.0635045 -0.0670355 -0.0703237 -0.0733856 -0.0762387 -0.0789009 -0.0813898 -0.0837224 -0.0859149 -0.0879828 -0.0899401 -0.0917998 -0.0935737 -0.0952722 -0.0969044 -0.0984782 -0.0999999 -0.101475 -0.102907 -0.104299 -0.105652 -0.106967 -0.108243 -0.109478 -0.110669 -0.111814 -0.112908 -0.113947 -0.114925 -0.115838 -0.11668 -0.117445 -0.118129 -0.118726 -0.119232 -0.119642 -0.119954 -0.120163 -0.120268 -0.120268 -0.120161 -0.119949 -0.119632 -0.119211 -0.118691 -0.118073 -0.117363 -0.116563 -0.11568 -0.114719 -0.113684 -0.112582 -0.111417 -0.110195 -0.10892 -0.107597 -0.106229 -0.10482 -0.103372 -0.101887 -0.100364 -0.0988052 -0.0972101 -0.0955994 -0.0939698 -0.0923171 -0.0906368 -0.0889241 -0.0871737 -0.0853803 -0.0835384 -0.0816422 -0.079686 -0.0776643 -0.0755715 -0.0734026 -0.0711528 -0.0688179 -0.0663941 -0.0638786 -0.061269 -0.058564 -0.0557628 -0.0528658 -0.0498742 -0.0467899 -0.0436158 -0.0403557 -0.037014 -0.0335961 -0.0301079 -0.0265559 -0.0229471 -0.0192891 -0.0155896 -0.0118568 -0.00809881 -0.00432404 -0.000540788 0.00324274 0.00701846 0.0107785 0.0145154 0.0182218 0.0218909 0.0255162 0.0290917 0.0326117 0.0360712 0.0394653 0.0427899 0.046041 0.0492152 0.0523093 0.0553208 0.0582469 0.0610857 0.0638352 0.0664936 0.0690592 0.0715306 0.0739063 0.0761847 0.0783643 0.0804435 0.0824206 0.0842935 0.08606 0.0877177 0.0892637 0.0906948 0.0920074 0.0931974 0.0942603 0.0951907 0.0959828 0.0966303 0.0971256 0.0974606 0.0976263 0.0976124 0.0974133 
0.0457908 0.0458163 0.0459052 0.0460567 0.0462698 0.0465426 0.0468729 0.0472579 0.0476944 0.0481782 0.048705 0.0492693 0.0498651 0.0504858 0.0511237 0.0517703 0.052416 0.0530506 0.0536623 0.0542386 0.0547657 0.0552283 0.0556104 0.0558943 0.0560613 0.0560915 0.0559641 0.0556573 0.0551486 0.0544152 0.0534343 0.0521838 0.0506424 0.0487908 0.0466119 0.0440922 0.0412224 0.0379981 0.0344212 0.0305 0.0262501 0.0216949 0.0168651 0.0117986 0.00653933 0.0011365 -0.00435759 -0.0098892 -0.0154053 -0.0208554 -0.0261936 -0.03138 -0.0363814 -0.041172 -0.0457334 -0.0500544 -0.0541299 -0.0579603 -0.0615506 -0.0649093 -0.0680474 -0.070978 -0.0737152 -0.0762736 -0.0786683 -0.0809137 -0.0830241 -0.085013 -0.0868931 -0.0886761 -0.0903727 -0.0919926 -0.0935441 -0.0950347 -0.0964706 -0.0978568 -0.0991973 -0.100495 -0.101751 -0.102967 -0.104142 -0.105275 -0.106364 -0.107407 -0.108401 -0.10934 -0.110222 -0.111042 -0.111796 -0.112478 -0.113084 -0.11361 -0.114051 -0.114405 -0.114668 -0.114837 -0.11491 -0.114887 -0.114766 -0.114548 -0.114233 -0.113824 -0.113321 -0.11273 -0.112051 -0.11129 -0.110451 -0.109537 -0.108554 -0.107507 -0.106399 -0.105236 -0.104021 -0.102759 -0.101452 -0.100103 -0.0987146 -0.0972879 -0.0958236 -0.0943218 -0.0927815 -0.0912173 -0.0896335 -0.088026 -0.0863905 -0.0847226 -0.0830175 -0.0812706 -0.0794767 -0.0776309 -0.0757281 -0.0737634 -0.0717321 -0.0696296 -0.0674518 -0.0651952 -0.0628564 -0.060433 -0.0579231 -0.0553257 -0.0526402 -0.049867 -0.0470073 -0.0440631 -0.0410371 -0.0379327 -0.0347542 -0.0315063 -0.0281946 -0.0248249 -0.0214037 -0.0179379 -0.0144345 -0.0109011 -0.00734492 -0.00377375 -0.000195141 0.00338338 0.00695443 0.0105108 0.0140455 0.0175519 0.0210237 0.0244548 0.0278395 0.0311727 0.0344495 0.0376655 0.0408164 0.0438987 0.046909 0.0498441 0.0527014 0.0554785 0.058173 0.0607829 0.0633064 0.0657418 0.0680873 0.0703413 0.0725021 0.0745682 0.0765376 0.0784085 0.0801787 0.081846 0.0834077 0.084861 0.0862026 0.0874289 0.0885358 0.0895188 0.0903728 0.091092 0.0916703 0.0921006 0.0923751 0.0924851 0.0924212 0.0921787 
0.0410212 0.0410442 0.0411242 0.0412605 0.041452 0.0416969 0.041993 0.0423375 0.0427272 0.0431582 0.0436258 0.0441251 0.04465 0.045194 0.0457497 0.0463089 0.0468626 0.0474007 0.0479123 0.0483854 0.0488071 0.0491632 0.0494388 0.0496178 0.0496831 0.0496167 0.0494 0.0490137 0.048438 0.0476531 0.0466397 0.0453789 0.0438531 0.0420466 0.039946 0.0375409 0.034825 0.0317963 0.028458 0.0248189 0.0208939 0.0167041 0.0122767 0.00764459 0.00284548 -0.00207891 -0.00708435 -0.0121255 -0.0171576 -0.0221378 -0.0270269 -0.0317902 -0.0363983 -0.0408279 -0.0450614 -0.0490872 -0.0528988 -0.0564945 -0.0598766 -0.0630507 -0.0660248 -0.0688089 -0.0714142 -0.0738529 -0.0761374 -0.0782801 -0.0802934 -0.0821891 -0.0839783 -0.0856718 -0.0872791 -0.088809 -0.0902694 -0.0916672 -0.0930082 -0.0942974 -0.0955387 -0.0967348 -0.0978878 -0.0989988 -0.100068 -0.101094 -0.102077 -0.103014 -0.103902 -0.104738 -0.10552 -0.106244 -0.106904 -0.107499 -0.108023 -0.108473 -0.108846 -0.109139 -0.109348 -0.109472 -0.109508 -0.109456 -0.109315 -0.109085 -0.108768 -0.108363 -0.107873 -0.107301 -0.106648 -0.105919 -0.105118 -0.104247 -0.103311 -0.102313 -0.101258 -0.10015 -0.098992 -0.0977871 -0.0965384 -0.0952481 -0.0939182 -0.0925499 -0.0911439 -0.0897003 -0.0882186 -0.086705 -0.0851709 -0.0836125 -0.0820258 -0.0804069 -0.0787517 -0.0770559 -0.0753152 -0.073525 -0.071681 -0.0697788 -0.0678144 -0.0657839 -0.0636837 -0.0615107 -0.0592621 -0.056936 -0.0545306 -0.0520453 -0.0494796 -0.0468341 -0.0441099 -0.0413089 -0.0384337 -0.0354874 -0.0324738 -0.0293975 -0.0262633 -0.0230766 -0.0198435 -0.0165699 -0.0132624 -0.0099278 -0.00657278 -0.00320431 0.000170707 0.00354541 0.00691305 0.010267 0.013601 0.0169087 0.0201844 0.0234225 0.0266178 0.0297653 0.0328605 0.0358991 0.0388774 0.0417916 0.0446386 0.0474154 0.0501192 0.0527476 0.0552983 0.0577693 0.0601585 0.0624642 0.0646844 0.0668176 0.0688618 0.0708153 0.0726762 0.0744425 0.0761118 0.077682 0.0791502 0.0805135 0.0817688 0.0829124 0.0839404 0.0848482 0.0856311 0.0862834 0.0867992 0.0871719 0.0873941 0.0874577 0.0873542 0.0870795 
0.0361944 0.0362149 0.0362866 0.0364087 0.03658 0.0367989 0.0370631 0.03737 0.0377162 0.0380981 0.0385112 0.0389504 0.03941 0.0398838 0.0403646 0.0408445 0.0413149 0.0417663 0.0421883 0.0425698 0.0428987 0.0431619 0.0433456 0.0434351 0.0434149 0.0432689 0.0429805 0.0425325 0.0419077 0.0410892 0.0400602 0.0388049 0.0373087 0.035559 0.0335452 0.0312597 0.0286982 0.0258605 0.0227507 0.0193777 0.0157555 0.0119032 0.00784478 0.00360882 -0.000772128 -0.00526247 -0.00982458 -0.01442 -0.0190106 -0.0235598 -0.0280341 -0.032403 -0.0366408 -0.0407263 -0.0446431 -0.0483795 -0.0519284 -0.0552866 -0.0584546 -0.0614356 -0.0642353 -0.0668613 -0.0693225 -0.0716286 -0.07379 -0.0758174 -0.0777212 -0.0795117 -0.081199 -0.0827923 -0.0843005 -0.0857314 -0.0870924 -0.0883898 -0.0896292 -0.0908153 -0.0919518 -0.0930417 -0.0940872 -0.0950895 -0.0960491 -0.0969659 -0.097839 -0.098667 -0.099448 -0.10018 -0.100859 -0.101483 -0.102049 -0.102554 -0.102993 -0.103365 -0.103666 -0.103894 -0.104046 -0.10412 -0.104115 -0.10403 -0.103864 -0.103618 -0.103291 -0.102885 -0.102402 -0.101843 -0.10121 -0.100508 -0.0997378 -0.0989035 -0.0980084 -0.0970557 -0.0960489 -0.0949912 -0.0938856 -0.0927349 -0.0915414 -0.0903074 -0.0890343 -0.0877234 -0.0863752 -0.0849901 -0.0835681 -0.0821095 -0.0806286 -0.0791226 -0.0775885 -0.0760227 -0.0744215 -0.0727814 -0.0710983 -0.0693686 -0.0675883 -0.0657537 -0.0638613 -0.0619077 -0.0598899 -0.0578052 -0.0556514 -0.0534267 -0.0511297 -0.04876 -0.0463173 -0.0438022 -0.0412158 -0.0385599 -0.0358368 -0.0330495 -0.0302015 -0.0272967 -0.0243397 -0.0213355 -0.0182892 -0.0152065 -0.0120933 -0.00895554 -0.00579951 -0.00263143 0.000542419 0.00371581 0.0068826 0.0100368 0.0131725 0.0162841 0.0193662 0.0224137 0.0254217 0.0283856 0.0313012 0.0341645 0.0369718 0.0397196 0.0424048 0.0450246 0.0475762 0.0500572 0.0524653 0.0547984 0.0570544 0.0592315 0.0613277 0.0633412 0.0652701 0.0671126 0.0688665 0.0705299 0.0721004 0.0735757 0.0749529 0.0762293 0.0774015 0.0784662 0.0794193 0.0802566 0.0809734 0.0815646 0.0820243 0.0823465 0.0825242 0.0825501 0.0824162 0.0821195 
0.0313161 0.0313345 0.0313984 0.0315073 0.0316598 0.0318545 0.0320892 0.0323611 0.0326673 0.0330039 0.0333667 0.0337508 0.0341508 0.0345606 0.0349734 0.0353816 0.0357772 0.0361511 0.0364937 0.0367945 0.0370423 0.0372251 0.0373303 0.0373444 0.0372535 0.0370431 0.0366985 0.0362047 0.0355466 0.0347095 0.0336792 0.0324426 0.0309875 0.0293038 0.0273833 0.0252204 0.0228126 0.0201608 0.0172697 0.0141481 0.0108089 0.00726946 0.00355093 -0.000321726 -0.00432039 -0.00841448 -0.0125718 -0.0167596 -0.0209451 -0.0250972 -0.0291866 -0.033187 -0.0370756 -0.0408332 -0.0444448 -0.0478989 -0.0511883 -0.0543087 -0.0572593 -0.0600416 -0.0626596 -0.0651187 -0.0674261 -0.0695895 -0.0716175 -0.0735191 -0.0753033 -0.076979 -0.078555 -0.0800396 -0.0814405 -0.0827651 -0.0840199 -0.085211 -0.0863434 -0.0874217 -0.0884495 -0.0894299 -0.0903649 -0.0912562 -0.0921046 -0.0929102 -0.0936726 -0.094391 -0.0950639 -0.0956896 -0.0962659 -0.0967905 -0.0972608 -0.0976743 -0.0980282 -0.0983201 -0.0985475 -0.0987081 -0.0988001 -0.0988218 -0.0987719 -0.0986496 -0.0984544 -0.0981864 -0.0978458 -0.0974337 -0.0969512 -0.0964001 -0.0957823 -0.0951001 -0.094356 -0.0935528 -0.0926932 -0.09178 -0.0908162 -0.0898044 -0.0887472 -0.087647 -0.0865058 -0.0853254 -0.0841071 -0.0828521 -0.0815609 -0.080234 -0.0788711 -0.0774721 -0.0760466 -0.0745962 -0.0731178 -0.0716086 -0.0700653 -0.0684848 -0.0668637 -0.0651987 -0.0634865 -0.0617239 -0.0599078 -0.0580354 -0.0561041 -0.0541117 -0.0520562 -0.0499362 -0.0477506 -0.0454991 -0.0431816 -0.0407986 -0.0383512 -0.0358411 -0.0332705 -0.030642 -0.0279588 -0.0252246 -0.0224434 -0.0196196 -0.016758 -0.0138637 -0.0109419 -0.00799807 -0.00503784 -0.00206682 0.000909303 0.00388488 0.00685434 0.0098122 0.0127531 0.015672 0.0185638 0.0214238 0.0242476 0.0270309 0.0297696 0.03246 0.0350987 0.0376823 0.0402079 0.0426726 0.0450738 0.0474091 0.0496762 0.051873 0.0539973 0.0560473 0.0580209 0.0599163 0.0617316 0.0634646 0.0651135 0.066676 0.0681499 0.0695326 0.0708216 0.0720138 0.0731063 0.0740956 0.0749779 0.0757491 0.0764049 0.0769403 0.07735 0.0776282 0.0777687 0.0777647 0.077609 0.0772995 
0.0263921 0.0264083 0.0264651 0.0265617 0.0266969 0.0268693 0.0270766 0.0273164 0.0275856 0.0278807 0.0281975 0.0285314 0.0288772 0.029229 0.0295804 0.0299243 0.0302531 0.0305583 0.0308309 0.0310612 0.0312388 0.0313528 0.0313916 0.0313431 0.0311948 0.0309338 0.0305469 0.0300209 0.029343 0.0285004 0.0274811 0.0262741 0.0248694 0.0232589 0.0214363 0.0193977 0.0171419 0.0146706 0.0119889 0.00910512 0.00603138 0.00278315 -0.000620742 -0.00415847 -0.00780564 -0.0115359 -0.0153215 -0.0191342 -0.0229462 -0.0267303 -0.0304614 -0.0341164 -0.0376751 -0.0411203 -0.044438 -0.0476178 -0.0506519 -0.0535359 -0.0562678 -0.0588481 -0.0612792 -0.0635652 -0.0657114 -0.0677241 -0.0696105 -0.071378 -0.0730343 -0.0745871 -0.0760441 -0.0774126 -0.0786997 -0.0799118 -0.0810551 -0.082135 -0.0831563 -0.0841232 -0.0850394 -0.0859078 -0.0867307 -0.0875096 -0.0882458 -0.0889397 -0.0895913 -0.0902 -0.0907651 -0.0912852 -0.0917587 -0.0921838 -0.0925586 -0.092881 -0.0931489 -0.0933602 -0.0935129 -0.0936052 -0.0936356 -0.0936027 -0.0935054 -0.093343 -0.0931152 -0.0928218 -0.0924634 -0.0920405 -0.0915543 -0.091006 -0.0903975 -0.0897304 -0.0890071 -0.0882297 -0.0874005 -0.086522 -0.0855964 -0.0846262 -0.0836135 -0.0825601 -0.081468 -0.0803386 -0.0791731 -0.0779724 -0.0767371 -0.0754675 -0.0741638 -0.0728255 -0.0714581 -0.0700657 -0.0686459 -0.0671963 -0.0657141 -0.0641966 -0.0626411 -0.0610445 -0.0594042 -0.0577173 -0.0559812 -0.0541936 -0.0523522 -0.0504551 -0.0485007 -0.0464879 -0.0444159 -0.0422843 -0.0400931 -0.037843 -0.035535 -0.0331707 -0.0307519 -0.0282812 -0.0257613 -0.0231957 -0.0205879 -0.0179419 -0.015262 -0.0125527 -0.00981878 -0.00706513 -0.00429675 -0.00151875 0.00126377 0.00404571 0.006822 0.00958768 0.0123379 0.015068 0.0177733 0.0204496 0.0230927 0.0256986 0.0282636 0.0307843 0.0332572 0.0356793 0.0380477 0.0403597 0.0426127 0.0448044 0.0469325 0.0489948 0.0509892 0.0529139 0.0547667 0.0565458 0.0582491 0.0598747 0.0614204 0.0628841 0.0642636 0.0655562 0.0667595 0.0678706 0.0688865 0.0698039 0.0706192 0.0713286 0.0719279 0.0724125 0.0727777 0.0730181 0.0731281 0.0731014 0.0729316 0.0726174 
0.0214273 0.0214417 0.0214918 0.0215771 0.0216964 0.0218481 0.0220304 0.0222407 0.0224762 0.0227333 0.0230083 0.0232966 0.0235933 0.0238929 0.0241893 0.0244758 0.0247454 0.02499 0.0252015 0.0253707 0.0254882 0.0255441 0.0255277 0.0254282 0.0252344 0.0249347 0.0245177 0.0239719 0.0232859 0.0224489 0.0214509 0.0202824 0.0189356 0.017404 0.0156826 0.0137691 0.011663 0.00936676 0.0068855 0.0042273 0.0014032 -0.00157285 -0.00468416 -0.00791155 -0.0112338 -0.014628 -0.0180703 -0.0215363 -0.0250019 -0.0284437 -0.0318398 -0.0351699 -0.0384162 -0.0415634 -0.0445986 -0.047512 -0.0502961 -0.0529462 -0.0554598 -0.0578364 -0.0600773 -0.0621856 -0.0641651 -0.0660211 -0.0677593 -0.0693859 -0.0709075 -0.0723308 -0.0736625 -0.0749091 -0.0760767 -0.0771714 -0.0781986 -0.0791634 -0.0800702 -0.080923 -0.0817254 -0.0824802 -0.0831896 -0.0838556 -0.0844793 -0.0850616 -0.0856027 -0.0861025 -0.0865605 -0.0869759 -0.0873476 -0.0876742 -0.0879543 -0.0881863 -0.0883685 -0.0884994 -0.0885773 -0.0886009 -0.0885688 -0.0884799 -0.0883335 -0.0881289 -0.0878658 -0.0875443 -0.0871646 -0.0867273 -0.0862333 -0.0856837 -0.08508 -0.0844236 -0.0837164 -0.0829601 -0.0821568 -0.0813085 -0.080417 -0.0794844 -0.0785124 -0.0775026 -0.0764567 -0.0753757 -0.0742608 -0.0731127 -0.0719321 -0.0707191 -0.069474 -0.0681966 -0.066889 -0.0655566 -0.0641977 -0.0628102 -0.0613919 -0.0599405 -0.0584534 -0.0569284 -0.0553631 -0.053755 -0.0521019 -0.0504018 -0.0486529 -0.0468536 -0.0450025 -0.0430987 -0.0411415 -0.0391307 -0.0370665 -0.0349494 -0.0327804 -0.0305609 -0.0282926 -0.0259779 -0.0236193 -0.0212197 -0.0187823 -0.0163109 -0.0138091 -0.011281 -0.00873086 -0.0061631 -0.00358219 -0.000992698 0.00160078 0.00419364 0.00678132 0.00935933 0.0119233 0.0144688 0.0169919 0.0194885 0.0219548 0.024387 0.0267819 0.029136 0.0314463 0.0337098 0.0359238 0.0380857 0.040193 0.0422433 0.0442345 0.0461645 0.048031 0.0498323 0.0515662 0.0532308 0.0548242 0.0563442 0.0577888 0.0591559 0.0604432 0.0616482 0.0627684 0.0638011 0.0647434 0.0655922 0.0663441 0.0669955 0.0675426 0.0679813 0.068307 0.0685151 0.0686004 0.0685575 0.0683805 0.0680689 
0.0164265 0.0164392 0.0164833 0.0165582 0.0166628 0.0167958 0.0169551 0.0171385 0.0173432 0.0175659 0.0178029 0.0180501 0.0183027 0.0185555 0.0188029 0.0190387 0.0192561 0.0194479 0.0196063 0.0197232 0.0197899 0.0197973 0.0197359 0.0195958 0.0193671 0.0190397 0.0186034 0.0180481 0.0173642 0.0165425 0.0155742 0.0144519 0.013169 0.0117204 0.0101026 0.00831399 0.00635503 0.00422848 0.00193946 -0.000504394 -0.00309294 -0.00581364 -0.00865164 -0.0115901 -0.0146104 -0.0176927 -0.0208162 -0.0239599 -0.0271028 -0.0302247 -0.0333063 -0.03633 -0.03928 -0.0421425 -0.0449059 -0.047561 -0.0501008 -0.0525204 -0.054817 -0.0569894 -0.0590384 -0.0609659 -0.0627749 -0.0644694 -0.0660543 -0.0675347 -0.0689162 -0.0702047 -0.0714058 -0.0725254 -0.0735691 -0.0745421 -0.0754495 -0.0762958 -0.0770854 -0.077822 -0.0785088 -0.0791487 -0.0797441 -0.0802967 -0.0808081 -0.0812792 -0.0817106 -0.0821024 -0.0824545 -0.0827665 -0.0830377 -0.0832671 -0.0834538 -0.0835965 -0.083694 -0.0837451 -0.0837487 -0.0837035 -0.0836086 -0.0834631 -0.0832665 -0.0830182 -0.0827181 -0.0823661 -0.0819626 -0.0815079 -0.0810029 -0.0804486 -0.0798459 -0.0791964 -0.0785013 -0.0777623 -0.0769809 -0.0761588 -0.0752977 -0.0743991 -0.0734646 -0.0724954 -0.0714929 -0.070458 -0.0693917 -0.0682947 -0.0671673 -0.0660101 -0.0648229 -0.063606 -0.0623594 -0.0610885 -0.0597922 -0.0584688 -0.0571166 -0.0557335 -0.0543175 -0.0528666 -0.0513787 -0.0498518 -0.0482841 -0.0466738 -0.0450194 -0.0433196 -0.0415731 -0.0397794 -0.0379378 -0.0360482 -0.0341108 -0.0321262 -0.0300952 -0.0280192 -0.0258997 -0.0237388 -0.0215388 -0.0193022 -0.0170321 -0.0147315 -0.0124038 -0.0100528 -0.00768215 -0.00529576 -0.00289768 -0.000491978 0.00191721 0.00432577 0.00672959 0.00912461 0.0115069 0.0138724 0.0162176 0.0185386 0.0208321 0.0230946 0.0253229 0.027514 0.0296649 0.031773 0.0338355 0.03585 0.0378141 0.0397255 0.0415822 0.043382 0.0451228 0.0468027 0.0484197 0.0499718 0.0514572 0.0528736 0.0542192 0.0554918 0.056689 0.0578087 0.0588483 0.0598052 0.0606768 0.06146 0.0621517 0.0627488 0.0632475 0.0636443 0.0639351 0.0641157 0.0641817 0.0641282 0.0639502 0.0636476 
0.0113942 0.0114052 0.0114438 0.0115092 0.0116005 0.0117163 0.0118548 0.0120137 0.0121906 0.0123822 0.012585 0.0127952 0.0130084 0.0132196 0.0134237 0.0136148 0.0137866 0.0139327 0.0140458 0.0141184 0.0141427 0.0141104 0.014013 0.0138418 0.0135878 0.0132422 0.0127959 0.0122405 0.0115674 0.0107689 0.00983779 0.00876774 0.00755354 0.00619124 0.00467836 0.00301407 0.00119939 -0.000762698 -0.00286715 -0.00510681 -0.00747239 -0.00995259 -0.0125342 -0.0152023 -0.0179407 -0.020732 -0.0235581 -0.0264007 -0.0292416 -0.0320632 -0.0348486 -0.0375823 -0.0402504 -0.0428405 -0.0453422 -0.047747 -0.0500483 -0.0522413 -0.054323 -0.056292 -0.0581483 -0.0598931 -0.0615288 -0.0630585 -0.0644862 -0.0658162 -0.0670533 -0.0682025 -0.0692688 -0.0702574 -0.0711732 -0.0720211 -0.0728056 -0.0735309 -0.074201 -0.0748195 -0.0753894 -0.0759136 -0.0763944 -0.0768336 -0.077233 -0.0775935 -0.077916 -0.0782009 -0.0784485 -0.0786585 -0.0788306 -0.0789644 -0.079059 -0.0791138 -0.0791278 -0.0791001 -0.07903 -0.0789165 -0.078759 -0.0785568 -0.0783094 -0.0780165 -0.077678 -0.0772939 -0.0768646 -0.0763903 -0.0758718 -0.0753098 -0.0747052 -0.0740593 -0.073373 -0.0726479 -0.0718851 -0.071086 -0.070252 -0.0693844 -0.0684844 -0.0675531 -0.0665916 -0.0656008 -0.0645812 -0.0635337 -0.0624584 -0.0613558 -0.0602258 -0.0590686 -0.057884 -0.0566754 -0.0554429 -0.0541852 -0.0529007 -0.0515878 -0.0502448 -0.0488699 -0.0474615 -0.0460178 -0.0445372 -0.0430184 -0.0414599 -0.0398606 -0.0382197 -0.0365366 -0.0348108 -0.0330423 -0.0312312 -0.0293781 -0.0274839 -0.0255496 -0.0235768 -0.0215672 -0.0195228 -0.0174461 -0.0153396 -0.013206 -0.0110485 -0.00887024 -0.00667455 -0.00446493 -0.00224495 -1.82617e-05 0.00221147 0.00444054 0.00666527 0.00888203 0.0110872 0.0132773 0.0154489 0.0175987 0.0197234 0.02182 0.0238855 0.025917 0.027912 0.0298677 0.0317816 0.0336516 0.0354751 0.0372502 0.0389747 0.0406465 0.0422637 0.0438243 0.0453264 0.0467681 0.0481473 0.0494622 0.0507107 0.0518907 0.0530001 0.0540366 0.0549979 0.0558815 0.0566848 0.0574052 0.0580398 0.0585855 0.0590393 0.0593979 0.0596577 0.0598151 0.0598663 0.0598072 0.0596335 0.0593457 
0.00633413 0.00634375 0.00637724 0.00643404 0.00651322 0.00661347 0.00673308 0.00686998 0.00702168 0.0071853 0.00735759 0.00753483 0.00771296 0.00788746 0.00805342 0.00820551 0.00833803 0.00844487 0.00851954 0.00855522 0.00854479 0.00848083 0.00835573 0.00816169 0.00789087 0.00753542 0.00708759 0.00653989 0.00588518 0.00511681 0.00422883 0.00321608 0.0020744 0.000800805 -0.000606381 -0.00214735 -0.00382071 -0.00562332 -0.00755031 -0.00959497 -0.0117488 -0.0140017 -0.0163417 -0.0187559 -0.0212298 -0.0237482 -0.0262955 -0.0288555 -0.0314125 -0.033951 -0.0364563 -0.0389148 -0.041314 -0.0436431 -0.0458926 -0.0480548 -0.0501235 -0.0520941 -0.0539636 -0.0557304 -0.057394 -0.0589553 -0.0604159 -0.0617785 -0.0630461 -0.0642224 -0.0653117 -0.0663181 -0.0672461 -0.0681004 -0.0688853 -0.0696051 -0.0702641 -0.0708662 -0.071415 -0.0719139 -0.0723659 -0.0727736 -0.0731395 -0.0734654 -0.073753 -0.0740037 -0.0742182 -0.0743975 -0.0745417 -0.0746512 -0.0747258 -0.0747654 -0.0747695 -0.0747378 -0.0746695 -0.0745643 -0.0744214 -0.0742403 -0.0740205 -0.0737616 -0.0734632 -0.0731252 -0.0727475 -0.0723302 -0.0718736 -0.0713779 -0.0708438 -0.0702719 -0.069663 -0.069018 -0.068338 -0.0676239 -0.0668768 -0.066098 -0.0652884 -0.0644491 -0.0635812 -0.0626855 -0.0617629 -0.0608141 -0.0598397 -0.0588402 -0.0578158 -0.0567668 -0.0556933 -0.0545952 -0.0534724 -0.0523267 -0.051159 -0.049968 -0.0487525 -0.0475113 -0.0462427 -0.0449454 -0.0436179 -0.0422588 -0.0408667 -0.0394404 -0.0379787 -0.0364808 -0.0349459 -0.0333735 -0.0317633 -0.0301153 -0.0284297 -0.0267069 -0.0249477 -0.0231532 -0.0213247 -0.0194637 -0.017572 -0.0156518 -0.0137052 -0.0117349 -0.0097434 -0.00773359 -0.00570843 -0.00367099 -0.00162445 0.000427959 0.00248298 0.00453731 0.00658767 0.0086308 0.0106635 0.0126825 0.0146849 0.0166675 0.0186275 0.0205621 0.0224684 0.0243439 0.0261862 0.0279926 0.0297611 0.0314892 0.0331749 0.034816 0.0364107 0.0379568 0.0394525 0.0408959 0.0422851 0.0436181 0.0448932 0.0461084 0.0472616 0.048351 0.0493744 0.0503298 0.0512148 0.0520272 0.0527646 0.0534246 0.0540045 0.0545017 0.0549135 0.0552369 0.0554689 0.0556067 0.0556469 0.0555862 0.0554213 0.0551533 
0.00125005 0.00125837 0.00128729 0.0013363 0.00140452 0.00149073 0.00159332 0.00171037 0.00183954 0.00197817 0.0021232 0.00227122 0.00241843 0.00256068 0.00269345 0.00281185 0.00291066 0.00298431 0.00302693 0.00303235 0.00299416 0.00290572 0.00276026 0.00255089 0.00227071 0.00191285 0.00147061 0.00093756 0.00030762 -0.000424781 -0.00126458 -0.00221594 -0.00328211 -0.0044653 -0.00576651 -0.00718546 -0.00872046 -0.0103683 -0.0121244 -0.0139823 -0.0159345 -0.0179716 -0.0200833 -0.0222577 -0.0244824 -0.0267439 -0.0290285 -0.0313222 -0.0336111 -0.0358818 -0.0381212 -0.0403176 -0.0424598 -0.0445382 -0.0465443 -0.0484711 -0.0503129 -0.0520655 -0.0537258 -0.0552922 -0.0567639 -0.0581415 -0.0594261 -0.0606198 -0.0617253 -0.0627456 -0.0636843 -0.0645453 -0.0653323 -0.0660495 -0.0667009 -0.0672903 -0.0678218 -0.0682987 -0.0687247 -0.0691028 -0.069436 -0.0697268 -0.0699776 -0.0701903 -0.0703666 -0.070508 -0.0706155 -0.0706901 -0.0707324 -0.0707427 -0.0707212 -0.0706681 -0.0705832 -0.0704663 -0.0703171 -0.0701354 -0.0699207 -0.0696728 -0.0693913 -0.069076 -0.0687267 -0.0683434 -0.067926 -0.0674746 -0.0669895 -0.0664711 -0.0659199 -0.0653363 -0.0647211 -0.0640751 -0.0633989 -0.0626936 -0.06196 -0.0611989 -0.0604114 -0.0595982 -0.0587603 -0.0578982 -0.0570127 -0.0561043 -0.0551736 -0.0542208 -0.0532462 -0.0522499 -0.051232 -0.0501925 -0.0491311 -0.0480487 -0.0469461 -0.0458227 -0.0446772 -0.0435086 -0.0423156 -0.041097 -0.0398515 -0.0385779 -0.0372751 -0.035942 -0.0345778 -0.0331815 -0.0317527 -0.0302908 -0.0287958 -0.0272674 -0.025706 -0.024112 -0.0224861 -0.0208293 -0.0191425 -0.0174274 -0.0156853 -0.0139182 -0.0121281 -0.0103171 -0.00848761 -0.00664205 -0.00478306 -0.00291335 -0.00103571 0.000847016 0.00273193 0.00461612 0.00649667 0.00837068 0.0102353 0.0120876 0.0139249 0.0157445 0.0175436 0.0193198 0.0210706 0.0227935 0.0244862 0.0261466 0.0277723 0.0293614 0.0309117 0.0324214 0.0338885 0.035311 0.0366873 0.0380154 0.0392935 0.0405198 0.0416924 0.0428096 0.0438694 0.0448698 0.045809 0.046685 0.0474956 0.0482387 0.0489121 0.0495137 0.0500411 0.050492 0.050864 0.0511548 0.0513618 0.0514826 0.0515148 0.0514559 0.0513034 0.051059 
-0.0038548 -0.00384766 -0.00382286 -0.00378087 -0.00372251 -0.00364892 -0.00356158 -0.0034623 -0.00335322 -0.00323682 -0.00311592 -0.00299367 -0.00287355 -0.00275938 -0.00265528 -0.00256572 -0.00249544 -0.00244948 -0.00243313 -0.00245194 -0.00251162 -0.00261809 -0.00277734 -0.00299543 -0.00327839 -0.00363217 -0.00406255 -0.00457503 -0.00517472 -0.00586626 -0.0066537 -0.00754036 -0.00852873 -0.00962034 -0.0108157 -0.0121141 -0.0135137 -0.0150113 -0.0166024 -0.0182812 -0.0200406 -0.0218723 -0.0237671 -0.0257144 -0.0277032 -0.0297217 -0.0317578 -0.0337993 -0.0358341 -0.0378503 -0.0398366 -0.0417825 -0.0436783 -0.0455155 -0.0472863 -0.0489846 -0.0506052 -0.052144 -0.0535983 -0.0549664 -0.0562474 -0.0574415 -0.0585498 -0.0595738 -0.0605157 -0.0613783 -0.0621645 -0.0628778 -0.0635217 -0.0640997 -0.0646155 -0.0650727 -0.0654748 -0.0658252 -0.0661271 -0.0663835 -0.0665971 -0.0667706 -0.0669061 -0.0670057 -0.0670711 -0.0671039 -0.0671053 -0.0670763 -0.0670176 -0.06693 -0.0668139 -0.0666694 -0.0664968 -0.0662961 -0.0660673 -0.0658102 -0.0655248 -0.0652109 -0.0648683 -0.064497 -0.064097 -0.0636682 -0.0632107 -0.0627248 -0.0622106 -0.0616684 -0.0610988 -0.0605021 -0.0598791 -0.0592302 -0.0585561 -0.0578577 -0.0571355 -0.0563904 -0.055623 -0.0548341 -0.0540242 -0.0531941 -0.0523441 -0.0514747 -0.0505862 -0.049679 -0.0487532 -0.0478088 -0.0468459 -0.0458643 -0.0448638 -0.0438446 -0.0428076 -0.0417521 -0.0406773 -0.039582 -0.0384653 -0.0373261 -0.0361633 -0.034976 -0.033763 -0.0325236 -0.0312569 -0.0299623 -0.0286393 -0.0272875 -0.0259067 -0.024497 -0.0230586 -0.0215918 -0.0200972 -0.0185758 -0.0170283 -0.0154562 -0.0138607 -0.0122435 -0.0106062 -0.00895084 -0.00727939 -0.00559402 -0.00389702 -0.00219074 -0.000477637 0.0012398 0.00295902 0.00467747 0.00639258 0.00810176 0.00980248 0.0114922 0.0131685 0.0148288 0.0164709 0.0180924 0.019691 0.0212645 0.0228108 0.0243279 0.0258137 0.0272663 0.0286838 0.0300642 0.0314059 0.032707 0.0339657 0.0351804 0.0363491 0.0374703 0.0385421 0.0395628 0.0405306 0.0414437 0.0423001 0.0430982 0.0438359 0.0445112 0.0451223 0.0456672 0.0461438 0.0465501 0.0468842 0.0471441 0.047328 0.047434 0.0474604 0.0474055 0.0472678 0.0470501 
-0.00897747 -0.00897139 -0.00895028 -0.00891459 -0.00886507 -0.00880277 -0.00872905 -0.00864558 -0.00855434 -0.0084576 -0.00835795 -0.00825826 -0.00816171 -0.00807179 -0.00799223 -0.00792708 -0.00788061 -0.00785735 -0.00786206 -0.00789965 -0.00797522 -0.00809398 -0.0082612 -0.00848216 -0.00876212 -0.00910619 -0.00951931 -0.0100061 -0.0105709 -0.0112175 -0.0119492 -0.0127685 -0.0136773 -0.0146766 -0.0157665 -0.016946 -0.018213 -0.0195645 -0.0209961 -0.0225025 -0.0240772 -0.0257128 -0.0274008 -0.029132 -0.0308966 -0.0326843 -0.0344844 -0.0362862 -0.0380791 -0.0398526 -0.041597 -0.043303 -0.0449619 -0.0465663 -0.0481094 -0.0495856 -0.0509902 -0.0523195 -0.0535711 -0.0547431 -0.0558349 -0.0568464 -0.0577784 -0.0586322 -0.0594097 -0.0601133 -0.0607457 -0.0613098 -0.0618088 -0.0622459 -0.0626245 -0.0629479 -0.0632193 -0.0634419 -0.0636187 -0.0637525 -0.0638462 -0.0639019 -0.0639222 -0.0639089 -0.0638638 -0.0637886 -0.0636845 -0.0635528 -0.0633943 -0.06321 -0.0630003 -0.0627658 -0.0625067 -0.0622235 -0.0619161 -0.0615848 -0.0612295 -0.0608504 -0.0604474 -0.0600206 -0.05957 -0.0590959 -0.0585982 -0.0580773 -0.0575334 -0.0569667 -0.0563778 -0.055767 -0.0551347 -0.0544817 -0.0538083 -0.0531151 -0.0524028 -0.051672 -0.0509231 -0.0501569 -0.0493736 -0.0485739 -0.047758 -0.0469263 -0.046079 -0.0452164 -0.0443384 -0.0434451 -0.0425364 -0.0416121 -0.0406721 -0.039716 -0.0387447 -0.0377574 -0.0367535 -0.035732 -0.0346921 -0.0336328 -0.0325532 -0.0314523 -0.0303294 -0.0291837 -0.0280146 -0.0268214 -0.0256037 -0.0243612 -0.0230939 -0.0218016 -0.0204847 -0.0191433 -0.0177781 -0.0163898 -0.0149792 -0.0135473 -0.0120954 -0.0106248 -0.00913698 -0.00763363 -0.00611648 -0.00458742 -0.00304839 -0.00150147 5.12433e-05 0.00160757 0.00316529 0.00472218 0.00627597 0.00782442 0.00936528 0.0108963 0.0124153 0.0139202 0.0154087 0.0168788 0.0183284 0.0197557 0.0211585 0.0225351 0.0238836 0.0252021 0.026489 0.0277424 0.0289607 0.0301421 0.031285 0.0323878 0.0334488 0.0344663 0.0354387 0.0363642 0.0372413 0.0380682 0.0388432 0.0395646 0.0402306 0.0408394 0.0413894 0.0418787 0.0423057 0.0426688 0.0429662 0.0431966 0.0433585 0.0434509 0.0434726 0.043423 0.0433016 0.0431121 
-0.0141153 -0.0141102 -0.0140924 -0.0140623 -0.0140207 -0.0139684 -0.0139068 -0.0138374 -0.0137619 -0.0136824 -0.0136014 -0.0135213 -0.0134451 -0.013376 -0.0133172 -0.0132724 -0.0132455 -0.0132405 -0.0132615 -0.013313 -0.0133995 -0.0135255 -0.0136955 -0.0139143 -0.0141862 -0.0145157 -0.0149069 -0.0153637 -0.0158897 -0.0164879 -0.017161 -0.0179109 -0.018739 -0.0196456 -0.0206307 -0.0216928 -0.0228301 -0.0240393 -0.0253165 -0.0266566 -0.0280537 -0.0295012 -0.0309915 -0.0325164 -0.0340671 -0.0356346 -0.0372096 -0.0387826 -0.0403444 -0.0418858 -0.0433981 -0.0448734 -0.0463041 -0.0476835 -0.0490056 -0.0502656 -0.0514592 -0.0525832 -0.0536352 -0.0546136 -0.0555178 -0.0563477 -0.0571038 -0.0577874 -0.0584001 -0.0589439 -0.0594214 -0.0598352 -0.060188 -0.060483 -0.0607231 -0.0609115 -0.0610511 -0.061145 -0.0611959 -0.0612066 -0.0611798 -0.0611177 -0.0610226 -0.0608965 -0.0607413 -0.0605586 -0.0603498 -0.0601162 -0.0598589 -0.0595788 -0.0592767 -0.0589532 -0.0586088 -0.0582441 -0.0578593 -0.0574546 -0.0570304 -0.0565868 -0.056124 -0.0556422 -0.0551414 -0.054622 -0.0540842 -0.053528 -0.052954 -0.0523623 -0.0517533 -0.0511274 -0.050485 -0.0498266 -0.0491527 -0.0484636 -0.0477598 -0.0470419 -0.0463102 -0.0455653 -0.0448073 -0.0440367 -0.0432538 -0.0424587 -0.0416516 -0.0408326 -0.0400017 -0.0391587 -0.0383036 -0.0374361 -0.036556 -0.0356629 -0.0347571 -0.0338381 -0.0329053 -0.0319579 -0.030995 -0.0300157 -0.0290194 -0.0280052 -0.0269724 -0.0259203 -0.0248483 -0.023756 -0.0226431 -0.0215091 -0.0203541 -0.019178 -0.017981 -0.0167633 -0.0155255 -0.014268 -0.0129917 -0.0116974 -0.0103862 -0.00905908 -0.00771746 -0.0063627 -0.00499628 -0.00361982 -0.00223499 -0.000843548 0.000552687 0.00195185 0.00335202 0.00475128 0.00614766 0.00753921 0.00892397 0.0103 0.0116653 0.013018 0.0143563 0.0156782 0.016982 0.0182658 0.0195278 0.0207665 0.02198 0.0231667 0.024325 0.0254533 0.0265499 0.0276134 0.028642 0.0296344 0.0305889 0.0315039 0.032378 0.0332095 0.0339969 0.0347386 0.0354331 0.0360787 0.0366738 0.037217 0.0377067 0.0381414 0.0385196 0.0388401 0.0391016 0.0393031 0.0394437 0.0395228 0.0395402 0.039496 0.0393909 0.0392295 
-0.019266 -0.0192617 -0.0192468 -0.0192218 -0.0191871 -0.0191438 -0.0190929 -0.0190359 -0.0189742 -0.0189099 -0.018845 -0.0187819 -0.0187232 -0.0186716 -0.0186302 -0.0186022 -0.018591 -0.0186002 -0.0186335 -0.0186946 -0.0187875 -0.0189162 -0.0190847 -0.0192967 -0.0195562 -0.0198669 -0.0202323 -0.0206555 -0.0211394 -0.0216865 -0.0222988 -0.0229777 -0.0237241 -0.024538 -0.0254189 -0.0263655 -0.0273756 -0.0284462 -0.0295735 -0.0307528 -0.0319788 -0.0332455 -0.0345459 -0.035873 -0.0372189 -0.0385757 -0.0399351 -0.0412889 -0.042629 -0.0439474 -0.0452366 -0.0464894 -0.0476995 -0.0488608 -0.0499682 -0.0510174 -0.0520046 -0.0529271 -0.0537826 -0.0545699 -0.0552883 -0.0559377 -0.0565187 -0.0570323 -0.05748 -0.0578638 -0.0581857 -0.0584483 -0.0586541 -0.058806 -0.0589067 -0.0589591 -0.0589661 -0.0589305 -0.0588549 -0.0587421 -0.0585944 -0.0584143 -0.0582039 -0.0579653 -0.0577003 -0.0574106 -0.0570977 -0.0567629 -0.0564076 -0.0560326 -0.055639 -0.0552276 -0.0547989 -0.0543537 -0.0538923 -0.0534153 -0.0529229 -0.0524156 -0.0518935 -0.0513571 -0.0508065 -0.050242 -0.0496639 -0.0490725 -0.048468 -0.0478508 -0.0472212 -0.0465795 -0.0459262 -0.0452616 -0.044586 -0.0438999 -0.0432036 -0.0424975 -0.0417819 -0.0410571 -0.0403233 -0.0395809 -0.0388299 -0.0380704 -0.0373026 -0.0365264 -0.0357418 -0.0349485 -0.0341464 -0.0333352 -0.0325146 -0.0316841 -0.0308437 -0.029993 -0.0291313 -0.028258 -0.0273721 -0.026473 -0.0255599 -0.0246322 -0.0236893 -0.0227304 -0.0217552 -0.0207632 -0.0197541 -0.0187277 -0.0176838 -0.0166225 -0.0155438 -0.014448 -0.0133355 -0.0122068 -0.0110623 -0.009903 -0.00872959 -0.00754306 -0.00634449 -0.00513504 -0.00391597 -0.00268861 -0.00145439 -0.000214791 0.00102865 0.00227435 0.00352069 0.004766 0.00600862 0.00724685 0.00847902 0.00970342 0.0109184 0.0121222 0.0133133 0.0144899 0.0156505 0.0167935 0.0179172 0.0190202 0.0201009 0.0211578 0.0221893 0.0231941 0.0241707 0.0251175 0.0260332 0.0269162 0.0277653 0.0285788 0.0293554 0.0300937 0.0307922 0.0314494 0.0320639 0.0326344 0.0331593 0.0336374 0.0340673 0.0344477 0.0347776 0.0350558 0.0352815 0.0354541 0.0355732 0.0356388 0.0356512 0.0356114 0.0355212 0.0353862 
-0.0244273 -0.0244238 -0.0244115 -0.0243909 -0.0243625 -0.0243271 -0.0242857 -0.0242395 -0.02419 -0.0241388 -0.0240879 -0.0240394 -0.0239954 -0.0239586 -0.0239316 -0.0239172 -0.0239183 -0.0239382 -0.0239799 -0.0240469 -0.0241425 -0.02427 -0.0244329 -0.0246345 -0.0248779 -0.0251662 -0.0255024 -0.0258889 -0.026328 -0.0268218 -0.0273715 -0.0279782 -0.0286424 -0.0293637 -0.0301415 -0.0309742 -0.0318596 -0.0327949 -0.0337765 -0.0348 -0.0358606 -0.0369528 -0.0380705 -0.0392073 -0.0403563 -0.0415105 -0.0426628 -0.0438058 -0.0449325 -0.046036 -0.0471097 -0.0481475 -0.0491437 -0.0500931 -0.0509914 -0.0518347 -0.0526199 -0.0533444 -0.0540065 -0.054605 -0.0551394 -0.0556097 -0.0560164 -0.0563605 -0.0566434 -0.0568668 -0.0570328 -0.0571437 -0.0572019 -0.05721 -0.0571705 -0.0570864 -0.0569601 -0.0567944 -0.0565919 -0.0563551 -0.0560865 -0.0557883 -0.0554627 -0.0551117 -0.0547371 -0.0543409 -0.0539244 -0.0534892 -0.0530365 -0.0525676 -0.0520833 -0.0515848 -0.0510727 -0.0505478 -0.0500107 -0.049462 -0.0489023 -0.0483318 -0.0477511 -0.0471604 -0.0465603 -0.0459509 -0.0453326 -0.0447058 -0.0440707 -0.0434277 -0.042777 -0.0421191 -0.0414542 -0.0407826 -0.0401046 -0.0394206 -0.0387309 -0.0380356 -0.0373351 -0.0366295 -0.035919 -0.0352037 -0.0344837 -0.0337591 -0.0330298 -0.0322957 -0.0315566 -0.0308124 -0.0300628 -0.0293074 -0.0285459 -0.0277777 -0.0270026 -0.02622 -0.0254294 -0.02463 -0.0238211 -0.023002 -0.022172 -0.0213306 -0.020477 -0.0196109 -0.0187319 -0.0178394 -0.0169333 -0.0160132 -0.0150792 -0.0141312 -0.0131693 -0.0121936 -0.0112044 -0.0102021 -0.00918722 -0.0081603 -0.00712205 -0.00607324 -0.00501473 -0.00394748 -0.00287253 -0.00179098 -0.000703998 0.000387188 0.0014813 0.00257701 0.00367296 0.00476776 0.00585999 0.00694824 0.00803106 0.009107 0.0101746 0.0112325 0.0122791 0.0133131 0.014333 0.0153374 0.016325 0.0172944 0.018244 0.0191727 0.0200791 0.0209618 0.0218195 0.0226508 0.0234544 0.0242291 0.0249734 0.0256861 0.0263659 0.0270114 0.0276214 0.0281945 0.0287295 0.0292251 0.0296801 0.0300932 0.0304635 0.0307898 0.0310712 0.0313071 0.0314968 0.0316401 0.0317369 0.0317878 0.0317938 0.0317564 0.0316784 0.0315662 
-0.0295974 -0.0295946 -0.0295847 -0.029568 -0.0295451 -0.0295167 -0.0294836 -0.0294469 -0.029408 -0.0293683 -0.0293294 -0.0292933 -0.0292618 -0.0292373 -0.0292219 -0.0292182 -0.0292287 -0.0292562 -0.0293032 -0.0293728 -0.0294676 -0.0295907 -0.0297447 -0.0299325 -0.0301566 -0.0304196 -0.0307238 -0.0310711 -0.0314634 -0.0319019 -0.0323878 -0.0329215 -0.0335032 -0.0341323 -0.0348079 -0.0355284 -0.0362915 -0.0370946 -0.0379342 -0.0388063 -0.0397066 -0.04063 -0.0415711 -0.0425243 -0.0434834 -0.0444423 -0.0453946 -0.0463342 -0.0472548 -0.0481505 -0.0490156 -0.0498447 -0.050633 -0.0513762 -0.0520703 -0.0527122 -0.0532992 -0.0538291 -0.0543006 -0.0547126 -0.0550647 -0.0553572 -0.0555905 -0.0557657 -0.0558841 -0.0559473 -0.0559573 -0.0559162 -0.0558263 -0.0556901 -0.0555101 -0.0552888 -0.0550288 -0.0547326 -0.0544029 -0.054042 -0.0536522 -0.0532359 -0.0527951 -0.0523319 -0.0518482 -0.0513458 -0.0508263 -0.0502912 -0.0497419 -0.0491796 -0.0486055 -0.0480206 -0.0474258 -0.046822 -0.04621 -0.0455904 -0.0449638 -0.0443307 -0.0436918 -0.0430474 -0.0423979 -0.0417439 -0.0410855 -0.0404232 -0.0397574 -0.0390883 -0.0384162 -0.0377415 -0.0370645 -0.0363853 -0.0357043 -0.0350217 -0.0343377 -0.0336525 -0.0329662 -0.0322791 -0.031591 -0.0309021 -0.0302125 -0.0295219 -0.0288304 -0.0281377 -0.0274437 -0.0267481 -0.0260505 -0.0253505 -0.0246476 -0.0239414 -0.0232313 -0.0225167 -0.021797 -0.0210715 -0.0203393 -0.0195999 -0.0188526 -0.018097 -0.0173324 -0.0165584 -0.0157747 -0.0149809 -0.0141766 -0.0133619 -0.0125364 -0.0117002 -0.0108533 -0.00999588 -0.00912803 -0.00825009 -0.00736242 -0.00646546 -0.00555976 -0.00464592 -0.00372463 -0.00279664 -0.00186276 -0.000923896 1.90229e-05 0.000965003 0.001913 0.00286195 0.00381072 0.00475818 0.00570314 0.00664444 0.00758085 0.00851117 0.00943416 0.0103486 0.0112533 0.0121469 0.0130283 0.0138963 0.0147495 0.0155868 0.016407 0.0172089 0.0179913 0.0187529 0.0194926 0.0202092 0.0209015 0.0215683 0.0222085 0.0228207 0.023404 0.023957 0.0244787 0.0249678 0.0254233 0.025844 0.026229 0.0265772 0.0268876 0.0271596 0.0273923 0.0275854 0.0277384 0.0278514 0.0279249 0.0279595 0.0279567 0.0279188 0.0278489 0.0277544 
-0.0347747 -0.0347725 -0.0347646 -0.0347515 -0.0347334 -0.0347111 -0.0346853 -0.034657 -0.0346273 -0.0345975 -0.034569 -0.0345434 -0.0345224 -0.0345079 -0.0345019 -0.0345065 -0.0345238 -0.0345561 -0.0346057 -0.034675 -0.0347663 -0.034882 -0.0350244 -0.0351957 -0.0353979 -0.0356331 -0.035903 -0.0362092 -0.0365528 -0.0369349 -0.0373559 -0.0378161 -0.0383153 -0.0388527 -0.0394272 -0.0400371 -0.0406802 -0.0413538 -0.0420549 -0.0427797 -0.0435241 -0.0442838 -0.0450538 -0.045829 -0.0466043 -0.0473741 -0.048133 -0.0488756 -0.0495964 -0.0502905 -0.0509528 -0.051579 -0.0521647 -0.0527065 -0.0532009 -0.0536454 -0.0540376 -0.054376 -0.0546593 -0.0548869 -0.0550586 -0.0551746 -0.0552355 -0.0552425 -0.0551967 -0.0550999 -0.0549538 -0.0547606 -0.0545225 -0.0542417 -0.0539207 -0.053562 -0.053168 -0.0527412 -0.0522839 -0.0517987 -0.0512878 -0.0507533 -0.0501975 -0.0496224 -0.0490299 -0.0484217 -0.0477996 -0.0471651 -0.0465197 -0.0458647 -0.0452013 -0.0445307 -0.043854 -0.043172 -0.0424856 -0.0417957 -0.0411028 -0.0404077 -0.039711 -0.0390131 -0.0383147 -0.0376161 -0.0369177 -0.03622 -0.0355233 -0.0348279 -0.0341342 -0.0334424 -0.0327528 -0.0320655 -0.0313809 -0.0306991 -0.0300202 -0.0293444 -0.0286717 -0.0280022 -0.027336 -0.0266728 -0.0260128 -0.0253557 -0.0247013 -0.0240496 -0.0234 -0.0227525 -0.0221064 -0.0214614 -0.020817 -0.0201724 -0.0195271 -0.0188804 -0.0182314 -0.0175794 -0.0169236 -0.0162635 -0.0155985 -0.0149281 -0.0142518 -0.0135692 -0.0128799 -0.0121837 -0.0114803 -0.0107695 -0.0100512 -0.00932527 -0.00859175 -0.00785068 -0.00710218 -0.00634645 -0.00558372 -0.00481433 -0.00403867 -0.00325717 -0.00247036 -0.00167881 -0.000883132 -8.40169e-05 0.00071781 0.00152157 0.00232646 0.00313161 0.00393614 0.00473913 0.00553964 0.00633671 0.00712935 0.00791655 0.00869731 0.0094706 0.0102354 0.0109906 0.0117353 0.0124684 0.0131888 0.0138954 0.0145873 0.0152634 0.0159226 0.0165639 0.0171863 0.0177886 0.01837 0.0189292 0.0194653 0.0199772 0.0204639 0.0209244 0.0213577 0.0217628 0.0221386 0.0224843 0.0227991 0.023082 0.0233323 0.0235494 0.0237329 0.0238823 0.0239977 0.0240793 0.0241277 0.0241439 0.0241296 0.0240875 0.024021 0.0239377 
-0.0399577 -0.0399559 -0.0399499 -0.0399399 -0.0399261 -0.0399093 -0.0398899 -0.039869 -0.0398473 -0.039826 -0.0398064 -0.0397897 -0.0397774 -0.0397711 -0.0397725 -0.0397832 -0.0398051 -0.03984 -0.0398899 -0.0399566 -0.040042 -0.040148 -0.0402764 -0.0404289 -0.0406072 -0.0408126 -0.0410465 -0.0413099 -0.0416036 -0.0419281 -0.0422837 -0.0426702 -0.043087 -0.0435333 -0.0440078 -0.0445088 -0.0450339 -0.0455808 -0.0461465 -0.0467275 -0.0473201 -0.0479204 -0.048524 -0.0491265 -0.0497232 -0.0503094 -0.0508804 -0.0514314 -0.051958 -0.0524558 -0.0529206 -0.0533486 -0.0537364 -0.054081 -0.0543796 -0.0546301 -0.0548308 -0.0549803 -0.0550779 -0.055123 -0.0551158 -0.0550566 -0.0549461 -0.0547855 -0.0545761 -0.0543195 -0.0540175 -0.0536722 -0.0532857 -0.0528603 -0.0523982 -0.0519018 -0.0513736 -0.0508159 -0.0502311 -0.0496215 -0.0489894 -0.048337 -0.0476663 -0.0469794 -0.0462783 -0.0455647 -0.0448404 -0.044107 -0.043366 -0.0426188 -0.0418668 -0.0411112 -0.040353 -0.0395934 -0.0388332 -0.0380734 -0.0373148 -0.036558 -0.0358039 -0.0350529 -0.0343057 -0.0335627 -0.0328244 -0.0320913 -0.0313636 -0.0306419 -0.0299262 -0.029217 -0.0285145 -0.0278188 -0.0271301 -0.0264486 -0.0257743 -0.0251073 -0.0244476 -0.0237952 -0.0231501 -0.0225121 -0.021881 -0.0212568 -0.0206391 -0.0200277 -0.0194222 -0.0188223 -0.0182274 -0.0176371 -0.0170507 -0.0164676 -0.015887 -0.0153079 -0.0147293 -0.0141505 -0.0135707 -0.0129895 -0.0124061 -0.0118202 -0.0112314 -0.0106392 -0.0100434 -0.00944372 -0.00883987 -0.00823169 -0.00761902 -0.00700176 -0.00637986 -0.00575332 -0.00512217 -0.00448651 -0.0038465 -0.00320234 -0.00255426 -0.00190258 -0.00124765 -0.000589867 7.03238e-05 0.000732429 0.00139592 0.00206021 0.00272471 0.00338875 0.00405168 0.00471277 0.0053713 0.00602651 0.00667763 0.00732386 0.00796438 0.00859838 0.00922501 0.00984343 0.0104528 0.0110522 0.0116408 0.0122177 0.0127821 0.013333 0.0138696 0.014391 0.0148963 0.0153846 0.0158551 0.0163067 0.0167387 0.0171502 0.0175402 0.017908 0.0182526 0.0185732 0.0188691 0.0191394 0.0193835 0.0196006 0.0197902 0.0199519 0.0200853 0.0201903 0.020267 0.0203157 0.0203372 0.0203326 0.0203038 0.0202534 0.0201851 0.0201058 
-0.045145 -0.0451437 -0.0451393 -0.045132 -0.0451221 -0.0451101 -0.0450964 -0.0450819 -0.0450673 -0.0450534 -0.0450414 -0.0450323 -0.0450272 -0.0450276 -0.0450346 -0.0450497 -0.0450744 -0.0451101 -0.0451583 -0.0452204 -0.045298 -0.0453925 -0.0455051 -0.0456371 -0.0457897 -0.0459638 -0.0461604 -0.0463799 -0.0466228 -0.0468892 -0.047179 -0.0474917 -0.0478266 -0.0481825 -0.0485582 -0.0489517 -0.0493609 -0.0497835 -0.0502164 -0.0506568 -0.0511012 -0.051546 -0.0519874 -0.0524215 -0.0528443 -0.0532515 -0.0536393 -0.0540036 -0.0543406 -0.0546467 -0.0549184 -0.0551525 -0.0553464 -0.0554974 -0.0556036 -0.0556633 -0.055675 -0.0556381 -0.0555519 -0.0554163 -0.0552316 -0.0549984 -0.0547174 -0.05439 -0.0540174 -0.0536014 -0.0531438 -0.0526465 -0.0521116 -0.0515414 -0.0509381 -0.0503041 -0.0496416 -0.048953 -0.0482405 -0.0475066 -0.0467534 -0.045983 -0.0451976 -0.0443992 -0.0435898 -0.0427711 -0.041945 -0.0411131 -0.040277 -0.0394381 -0.0385979 -0.0377577 -0.0369186 -0.0360818 -0.0352483 -0.0344192 -0.0335952 -0.0327772 -0.0319659 -0.031162 -0.0303662 -0.029579 -0.0288009 -0.0280323 -0.0272737 -0.0265254 -0.0257877 -0.0250608 -0.0243451 -0.0236405 -0.0229474 -0.0222657 -0.0215956 -0.0209369 -0.0202897 -0.0196539 -0.0190294 -0.018416 -0.0178135 -0.0172217 -0.0166401 -0.0160686 -0.0155067 -0.0149539 -0.0144098 -0.0138738 -0.0133452 -0.0128233 -0.0123073 -0.0117957 -0.0112873 -0.0107813 -0.010277 -0.00977381 -0.00927133 -0.00876911 -0.00826678 -0.00776402 -0.00726054 -0.00675609 -0.00625044 -0.00574339 -0.00523478 -0.00472448 -0.00421239 -0.00369845 -0.00318263 -0.00266495 -0.00214544 -0.0016242 -0.00110136 -0.000577082 -5.15664e-05 0.00047494 0.00100216 0.00152976 0.00205741 0.0025847 0.00311122 0.00363652 0.00416012 0.0046815 0.00520013 0.00571546 0.00622691 0.00673387 0.00723573 0.00773187 0.00822163 0.00870434 0.00917936 0.00964598 0.0101035 0.0105513 0.0109886 0.0114147 0.0118289 0.0122305 0.0126187 0.0129929 0.0133523 0.0136961 0.0140237 0.0143344 0.0146274 0.014902 0.0151576 0.0153934 0.0156088 0.0158032 0.0159761 0.0161269 0.0162552 0.0163608 0.0164433 0.0165028 0.0165396 0.0165539 0.0165466 0.0165189 0.0164725 0.0164098 0.0163343 0.0162521 
-0.0503354 -0.0503345 -0.0503316 -0.0503268 -0.0503204 -0.0503126 -0.0503041 -0.0502953 -0.0502868 -0.0502795 -0.050274 -0.0502713 -0.0502723 -0.050278 -0.0502894 -0.0503076 -0.0503336 -0.0503686 -0.0504136 -0.0504697 -0.050538 -0.0506194 -0.0507148 -0.050825 -0.0509507 -0.0510925 -0.0512507 -0.0514256 -0.0516171 -0.0518251 -0.052049 -0.0522882 -0.0525417 -0.0528082 -0.0530861 -0.0533738 -0.0536689 -0.0539692 -0.0542721 -0.0545747 -0.054874 -0.0551667 -0.0554495 -0.0557189 -0.0559716 -0.0562039 -0.0564126 -0.0565942 -0.0567456 -0.0568638 -0.0569461 -0.05699 -0.0569932 -0.0569538 -0.0568705 -0.0567418 -0.056567 -0.0563457 -0.0560775 -0.0557627 -0.0554019 -0.0549956 -0.054545 -0.0540514 -0.0535162 -0.0529411 -0.052328 -0.0516789 -0.0509958 -0.0502809 -0.0495364 -0.0487647 -0.0479679 -0.0471483 -0.0463083 -0.0454501 -0.0445759 -0.0436877 -0.0427878 -0.0418781 -0.0409606 -0.0400372 -0.0391096 -0.0381795 -0.0372487 -0.0363185 -0.0353906 -0.0344662 -0.0335466 -0.0326331 -0.0317267 -0.0308285 -0.0299394 -0.0290605 -0.0281923 -0.0273358 -0.0264916 -0.0256603 -0.0248424 -0.0240384 -0.0232487 -0.0224737 -0.0217138 -0.0209691 -0.0202398 -0.0195262 -0.0188282 -0.018146 -0.0174796 -0.0168288 -0.0161937 -0.0155741 -0.0149697 -0.0143804 -0.0138059 -0.013246 -0.0127001 -0.012168 -0.0116493 -0.0111433 -0.0106495 -0.0101675 -0.00969636 -0.00923548 -0.00878394 -0.00833964 -0.00790102 -0.00746724 -0.00703768 -0.00661184 -0.00618929 -0.00576969 -0.00535273 -0.00493813 -0.00452563 -0.004115 -0.00370602 -0.00329849 -0.00289225 -0.00248712 -0.00208298 -0.0016797 -0.00127719 -0.000875378 -0.000474232 -7.37331e-05 0.000326106 0.000725242 0.00112361 0.00152109 0.00191758 0.0023129 0.00270687 0.00309927 0.00348985 0.00387836 0.00426448 0.0046479 0.00502827 0.00540524 0.0057784 0.00614736 0.00651169 0.00687095 0.00722468 0.00757243 0.00791369 0.00824799 0.00857481 0.00889365 0.00920398 0.00950528 0.009797 0.0100786 0.0103496 0.0106093 0.0108573 0.011093 0.0113159 0.0115253 0.0117208 0.0119018 0.0120677 0.0122182 0.0123526 0.0124706 0.0125718 0.0126556 0.012722 0.0127707 0.0128015 0.0128147 0.0128102 0.0127887 0.0127509 0.0126978 0.012631 0.0125524 0.0124648 0.0123734 
-0.0555279 -0.0555275 -0.0555259 -0.0555234 -0.05552 -0.0555162 -0.0555122 -0.0555085 -0.0555056 -0.055504 -0.0555044 -0.0555072 -0.0555134 -0.0555234 -0.0555381 -0.0555583 -0.0555845 -0.0556177 -0.0556584 -0.0557074 -0.0557653 -0.0558327 -0.0559099 -0.0559974 -0.0560954 -0.0562042 -0.0563235 -0.0564534 -0.0565933 -0.0567428 -0.0569011 -0.0570673 -0.05724 -0.0574179 -0.0575994 -0.0577826 -0.0579655 -0.0581456 -0.0583207 -0.058488 -0.0586448 -0.0587883 -0.0589156 -0.0590236 -0.0591095 -0.0591703 -0.0592032 -0.0592054 -0.0591746 -0.0591082 -0.0590041 -0.0588606 -0.0586759 -0.0584488 -0.0581782 -0.0578634 -0.057504 -0.0570999 -0.0566513 -0.0561586 -0.0556226 -0.0550442 -0.0544247 -0.0537655 -0.0530682 -0.0523344 -0.0515661 -0.0507653 -0.0499341 -0.0490746 -0.048189 -0.0472796 -0.0463486 -0.0453982 -0.0444307 -0.0434483 -0.0424531 -0.0414474 -0.0404331 -0.0394123 -0.038387 -0.0373591 -0.0363303 -0.0353024 -0.0342771 -0.0332561 -0.0322407 -0.0312325 -0.0302327 -0.0292427 -0.0282637 -0.0272968 -0.026343 -0.0254033 -0.0244785 -0.0235694 -0.0226769 -0.0218015 -0.0209438 -0.0201043 -0.0192835 -0.0184818 -0.0176994 -0.0169367 -0.0161937 -0.0154706 -0.0147675 -0.0140844 -0.0134213 -0.0127781 -0.0121546 -0.0115506 -0.0109659 -0.0104003 -0.00985337 -0.0093248 -0.00881416 -0.00832102 -0.00784487 -0.00738519 -0.00694139 -0.00651284 -0.00609885 -0.00569865 -0.0053114 -0.00493423 -0.00456487 -0.00420257 -0.00384682 -0.00349721 -0.00315342 -0.00281518 -0.00248223 -0.00215435 -0.00183132 -0.00151293 -0.00119899 -0.00088928 -0.000583629 -0.00028185 1.62297e-05 0.000310773 0.000601931 0.000889841 0.00117463 0.00145639 0.00173523 0.00201121 0.00228438 0.00255477 0.00282239 0.00308724 0.00334927 0.00360844 0.00386466 0.00411784 0.00436786 0.00461458 0.00485784 0.00509746 0.00533325 0.005565 0.00579246 0.0060154 0.00623355 0.00644664 0.00665438 0.00685647 0.0070526 0.00724245 0.00742568 0.00760196 0.00777094 0.00793227 0.00808558 0.00823051 0.00836668 0.00849374 0.0086113 0.00871899 0.00881644 0.00890328 0.00897917 0.00904375 0.00909671 0.00913773 0.00916656 0.00918297 0.00918678 0.0091779 0.0091563 0.00912209 0.0090755 0.00901694 0.00894701 0.00886659 0.00877685 0.00867933 0.00857598 0.00847054 
-0.0607216 -0.0607215 -0.0607212 -0.0607207 -0.0607203 -0.06072 -0.0607202 -0.0607213 -0.0607234 -0.060727 -0.0607326 -0.0607404 -0.0607509 -0.0607647 -0.060782 -0.0608034 -0.0608292 -0.0608598 -0.0608955 -0.0609367 -0.0609836 -0.0610362 -0.0610947 -0.061159 -0.061229 -0.0613044 -0.0613847 -0.0614695 -0.061558 -0.0616493 -0.0617425 -0.0618361 -0.061929 -0.0620194 -0.0621057 -0.0621859 -0.062258 -0.0623198 -0.0623691 -0.0624033 -0.0624201 -0.0624169 -0.0623912 -0.0623405 -0.0622623 -0.0621543 -0.0620141 -0.0618398 -0.0616293 -0.0613809 -0.061093 -0.0607644 -0.0603941 -0.0599812 -0.0595252 -0.059026 -0.0584835 -0.057898 -0.0572701 -0.0566005 -0.0558903 -0.0551406 -0.0543528 -0.0535284 -0.0526693 -0.0517771 -0.0508539 -0.0499017 -0.0489225 -0.0479185 -0.0468919 -0.0458449 -0.0447797 -0.0436985 -0.0426036 -0.0414971 -0.0403812 -0.039258 -0.0381295 -0.0369978 -0.0358649 -0.0347327 -0.0336029 -0.0324775 -0.031358 -0.0302463 -0.0291437 -0.0280519 -0.0269722 -0.025906 -0.0248546 -0.0238191 -0.0228006 -0.0218002 -0.0208188 -0.0198573 -0.0189165 -0.0179969 -0.0170994 -0.0162243 -0.0153723 -0.0145436 -0.0137385 -0.0129574 -0.0122004 -0.0114676 -0.010759 -0.0100746 -0.00941442 -0.00877822 -0.00816585 -0.00757707 -0.0070116 -0.0064691 -0.0059492 -0.00545148 -0.00497549 -0.00452073 -0.00408667 -0.00367273 -0.0032783 -0.00290273 -0.00254532 -0.00220533 -0.00188198 -0.00157154 -0.00127064 -0.00097879 -0.00069566 -0.000420988 -0.000154568 0.000103783 0.000354236 0.000596962 0.000832133 0.00105993 0.00128052 0.00149412 0.0017009 0.00190106 0.00209482 0.00228237 0.00246391 0.00263964 0.00280976 0.00297445 0.00313391 0.0032883 0.00343779 0.00358253 0.00372267 0.00385834 0.00398965 0.00411671 0.0042396 0.00435839 0.00447315 0.0045839 0.00469069 0.00479351 0.00489237 0.00498724 0.00507808 0.00516486 0.0052475 0.00532594 0.00540008 0.00546981 0.00553504 0.00559562 0.00565144 0.00570234 0.00574818 0.00578878 0.00582398 0.0058536 0.00587747 0.00589539 0.00590717 0.00591262 0.00591155 0.00590377 0.00588908 0.00586731 0.0058383 0.00580189 0.00575794 0.00570636 0.00564708 0.00558008 0.0055054 0.00542315 0.00533354 0.00523688 0.00513362 0.00502438 0.00490993 0.00479127 0.00466955 0.00454712 
-0.0659156 -0.0659158 -0.0659167 -0.0659181 -0.0659204 -0.0659235 -0.0659277 -0.0659331 -0.06594 -0.0659485 -0.0659588 -0.0659712 -0.0659858 -0.0660028 -0.0660224 -0.0660446 -0.0660695 -0.0660972 -0.0661276 -0.0661607 -0.0661962 -0.0662339 -0.0662735 -0.0663146 -0.0663565 -0.0663986 -0.0664402 -0.0664802 -0.0665177 -0.0665514 -0.06658 -0.0666021 -0.066616 -0.06662 -0.0666124 -0.0665911 -0.066554 -0.0664992 -0.0664245 -0.0663276 -0.0662063 -0.0660584 -0.0658819 -0.0656747 -0.0654346 -0.06516 -0.064849 -0.0645002 -0.0641121 -0.0636836 -0.0632138 -0.062702 -0.0621476 -0.0615504 -0.0609105 -0.060228 -0.0595035 -0.0587376 -0.0579312 -0.0570855 -0.0562016 -0.055281 -0.0543253 -0.0533362 -0.0523155 -0.0512652 -0.0501872 -0.0490836 -0.0479565 -0.0468081 -0.0456405 -0.044456 -0.0432567 -0.0420448 -0.0408225 -0.039592 -0.0383554 -0.0371148 -0.0358722 -0.0346297 -0.0333892 -0.0321528 -0.0309222 -0.0296992 -0.0284857 -0.0272833 -0.0260936 -0.0249183 -0.0237587 -0.0226163 -0.0214924 -0.0203883 -0.0193051 -0.018244 -0.0172059 -0.0161918 -0.0152024 -0.0142386 -0.0133009 -0.0123901 -0.0115064 -0.0106504 -0.00982233 -0.00902248 -0.008251 -0.00750797 -0.00679341 -0.00610727 -0.00544945 -0.00481976 -0.00421797 -0.0036438 -0.00309692 -0.00257694 -0.00208343 -0.00161593 -0.00117393 -0.000756898 -0.00036425 4.62255e-06 0.000350361 0.000673639 0.000975157 0.00125564 0.00151578 0.0017603 0.00199381 0.00221645 0.00242832 0.00262948 0.00282 0.00299994 0.00316941 0.00332849 0.0034773 0.003616 0.00374473 0.00386367 0.00397301 0.00407298 0.00416379 0.00424567 0.00431888 0.00438367 0.0044403 0.00448905 0.00453019 0.00456399 0.00459072 0.00461068 0.00462412 0.00463131 0.00463253 0.00462803 0.00461806 0.00460286 0.00458266 0.0045577 0.00452818 0.0044943 0.00445625 0.00441422 0.00436836 0.00431883 0.00426577 0.0042093 0.00414955 0.0040866 0.00402057 0.00395151 0.0038795 0.00380459 0.00372684 0.00364626 0.0035629 0.00347675 0.00338785 0.00329617 0.00320172 0.00310449 0.00300447 0.00290163 0.00279596 0.00268745 0.00257607 0.00246182 0.00234471 0.00222475 0.00210197 0.00197642 0.00184817 0.00171735 0.00158409 0.00144862 0.00131118 0.0011721 0.00103177 0.000890653 0.000749207 0.000608657 
-0.0711089 -0.0711094 -0.0711112 -0.0711144 -0.0711191 -0.0711253 -0.0711332 -0.0711427 -0.071154 -0.0711671 -0.071182 -0.0711987 -0.0712171 -0.0712371 -0.0712586 -0.0712814 -0.0713053 -0.0713299 -0.0713549 -0.0713797 -0.0714039 -0.0714268 -0.0714477 -0.0714656 -0.0714797 -0.071489 -0.0714922 -0.071488 -0.0714751 -0.0714519 -0.0714169 -0.0713683 -0.0713044 -0.0712232 -0.0711228 -0.0710013 -0.0708566 -0.0706866 -0.0704894 -0.0702629 -0.0700052 -0.0697143 -0.0693887 -0.0690264 -0.0686262 -0.0681864 -0.0677061 -0.0671842 -0.0666199 -0.0660126 -0.0653619 -0.0646678 -0.0639303 -0.0631497 -0.0623265 -0.0614614 -0.0605554 -0.0596094 -0.0586249 -0.0576032 -0.0565458 -0.0554544 -0.0543308 -0.0531769 -0.0519946 -0.0507859 -0.049553 -0.0482979 -0.0470227 -0.0457297 -0.0444209 -0.0430987 -0.041765 -0.0404222 -0.0390724 -0.0377177 -0.0363602 -0.035002 -0.0336451 -0.0322917 -0.0309435 -0.0296027 -0.0282711 -0.0269505 -0.0256427 -0.0243496 -0.0230726 -0.0218135 -0.0205738 -0.0193551 -0.0181585 -0.0169856 -0.0158375 -0.0147154 -0.0136203 -0.0125533 -0.0115152 -0.0105067 -0.00952864 -0.00858155 -0.00766595 -0.00678225 -0.00593078 -0.00511178 -0.0043254 -0.0035717 -0.00285069 -0.00216228 -0.00150632 -0.000882591 -0.000290823 0.000269322 0.000798229 0.00129633 0.0017641 0.00220207 0.00261077 0.00299081 0.00334279 0.00366736 0.00396519 0.00423698 0.00448343 0.0047053 0.00490334 0.00508341 0.00525109 0.00540614 0.0055484 0.00567774 0.00579405 0.00589729 0.00598745 0.00606455 0.00612866 0.00617988 0.00621832 0.00624416 0.00625758 0.0062588 0.00624806 0.00622563 0.00619179 0.00614685 0.00609115 0.00602501 0.00594881 0.00586292 0.00576772 0.0056636 0.00555096 0.00543021 0.00530177 0.00516604 0.00502345 0.00487439 0.00471929 0.00455855 0.00439257 0.00422175 0.00404647 0.00386712 0.00368406 0.00349764 0.00330823 0.00311614 0.00292171 0.00272525 0.00252705 0.00232741 0.00212659 0.00192485 0.00172245 0.00151963 0.0013166 0.00111358 0.000910779 0.000708387 0.000506589 0.000305563 0.000105476 -9.35109e-05 -0.000291242 -0.00048757 -0.000682349 -0.000875443 -0.00106672 -0.00125604 -0.00144329 -0.00162834 -0.00181109 -0.00199143 -0.00216926 -0.00234451 -0.00251711 -0.00268703 -0.00285426 -0.00301883 -0.00318081 -0.00333963 
VECTORS velocity double
1 -0.00205299 0.0
0.999999 -0.00616696 0.0
0.999997 -0.0102895 0.0
0.999995 -0.014421 0.0
0.999992 -0.018562 0.0
0.999988 -0.0227128 0.0
0.999983 -0.0268736 0.0
0.999977 -0.0310446 0.0
0.99997 -0.0352256 0.0
0.999963 -0.0394166 0.0
0.999954 -0.0436172 0.0
0.999945 -0.0478267 0.0
0.999935 -0.0520443 0.0
0.999923 -0.0562691 0.0
0.999911 -0.0604996 0.0
0.999898 -0.0647344 0.0
0.999885 -0.0689715 0.0
0.99987 -0.0732087 0.0
0.999854 -0.0774437 0.0
0.999838 -0.0816735 0.0
0.99982 -0.085895 0.0
0.999802 -0.0901047 0.0
0.999783 -0.0942988 0.0
0.999763 -0.0984733 0.0
0.999743 -0.102623 0.0
0.999721 -0.106745 0.0
0.999699 -0.110832 0.0
0.999676 -0.114879 0.0
0.999653 -0.118882 0.0
0.999628 -0.122833 0.0
0.999603 -0.126727 0.0
0.999577 -0.130558 0.0
0.999551 -0.134318 0.0
0.999524 -0.138002 0.0
0.999497 -0.141603 0.0
0.999468 -0.145114 0.0
0.99944 -0.148529 0.0
0.999411 -0.151841 0.0
0.999381 -0.155043 0.0
0.999351 -0.158129 0.0
0.99932 -0.161095 0.0
0.999289 -0.163932 0.0
0.999258 -0.166638 0.0
0.999226 -0.169205 0.0
0.999194 -0.17163 0.0
0.999162 -0.173909 0.0
0.99913 -0.176037 0.0
0.999097 -0.178013 0.0
0.999064 -0.179831 0.0
0.999031 -0.181492 0.0
0.998998 -0.182993 0.0
0.998965 -0.184332 0.0
0.998931 -0.185509 0.0
0.998898 -0.186524 0.0
0.998865 -0.187377 0.0
0.998832 -0.188069 0.0
0.998798 -0.188601 0.0
0.998765 -0.188974 0.0
0.998733 -0.18919 0.0
0.9987 -0.189251 0.0
0.998668 -0.18916 0.0
0.998636 -0.188919 0.0
0.998604 -0.188531 0.0
0.998573 -0.187998 0.0
0.998542 -0.187325 0.0
0.998512 -0.186513 0.0
0.998482 -0.185566 0.0
0.998453 -0.184487 0.0
0.998425 -0.183279 0.0
0.998397 -0.181945 0.0
0.99837 -0.180489 0.0
0.998344 -0.178912 0.0
0.998319 -0.177217 0.0
0.998295 -0.175407 0.0
0.998272 -0.173485 0.0
0.99825 -0.171452 0.0
0.998229 -0.16931 0.0
0.998209 -0.167062 0.0
0.998191 -0.164708 0.0
0.998174 -0.162251 0.0
0.998158 -0.159692 0.0
0.998144 -0.157031 0.0
0.998131 -0.154269 0.0
0.998121 -0.151408 0.0
0.998111 -0.148448 0.0
0.998104 -0.145389 0.0
0.998098 -0.142232 0.0
0.998094 -0.138978 0.0
0.998093 -0.135626 0.0
0.998093 -0.132177 0.0
0.998095 -0.12863 0.0
0.998099 -0.124988 0.0
0.998105 -0.121249 0.0
0.998113 -0.117415 0.0
0.998123 -0.113486 0.0
0.998135 -0.109463 0.0
0.998149 -0.105347 0.0
0.998165 -0.101139 0.0
0.998183 -0.0968409 0.0
0.998202 -0.0924548 0.0
0.998224 -0.0879827 0.0
0.998247 -0.0834272 0.0
0.998272 -0.0787913 0.0
0.998299 -0.0740785 0.0
0.998326 -0.0692925 0.0
0.998356 -0.0644376 0.0
0.998386 -0.0595186 0.0
0.998417 -0.0545406 0.0
0.998449 -0.0495093 0.0
0.998482 -0.0444307 0.0
0.998515 -0.0393115 0.0
0.998548 -0.0341586 0.0
0.998581 -0.0289795 0.0
0.998614 -0.023782 0.0
0.998647 -0.0185743 0.0
0.998679 -0.0133651 0.0
0.998711 -0.00816337 0.0
0.998741 -0.0029785 0.0
0.99877 0.00218054 0.0
0.998798 0.00730881 0.0
0.998824 0.0124004 0.0
0.998848 0.0174484 0.0
0.998869 0.0224454 0.0
0.998889 0.0273834 0.0
0.998906 0.0322543 0.0
0.99892 0.0370497 0.0
0.998932 0.041761 0.0
0.99894 0.0463795 0.0
0.998945 0.0508968 0.0
0.998946 0.0553043 0.0
0.998944 0.0595936 0.0
0.998938 0.0637566 0.0
0.998928 0.0677853 0.0
0.998914 0.0716719 0.0
0.998895 0.0754093 0.0
0.998873 0.0789902 0.0
0.998846 0.0824082 0.0
0.998815 0.0856571 0.0
0.998779 0.0887311 0.0
0.998739 0.0916251 0.0
0.998694 0.0943343 0.0
0.998645 0.0968545 0.0
0.998592 0.0991822 0.0
0.998534 0.101314 0.0
0.998472 0.103248 0.0
0.998406 0.104983 0.0
0.998336 0.106515 0.0
0.998262 0.107846 0.0
0.998184 0.108975 0.0
0.998102 0.109903 0.0
0.998017 0.110629 0.0
0.997929 0.111156 0.0
0.997838 0.111487 0.0
0.997744 0.111622 0.0
0.997647 0.111566 0.0
0.997548 0.111322 0.0
0.997447 0.110893 0.0
0.997344 0.110284 0.0
0.99724 0.1095 0.0
0.997134 0.108545 0.0
0.997027 0.107424 0.0
0.996919 0.106144 0.0
0.996811 0.104709 0.0
0.996703 0.103126 0.0
0.996595 0.1014 0.0
0.996487 0.0995375 0.0
0.996379 0.0975448 0.0
0.996273 0.0954279 0.0
0.996167 0.0931933 0.0
0.996063 0.0908469 0.0
0.99596 0.0883952 0.0
0.995859 0.0858441 0.0
0.995761 0.0831997 0.0
0.995664 0.080468 0.0
0.99557 0.0776547 0.0
0.995478 0.0747656 0.0
0.99539 0.0718062 0.0
0.995304 0.0687816 0.0
0.995221 0.0656973 0.0
0.995142 0.0625579 0.0
0.995066 0.0593684 0.0
0.994994 0.0561332 0.0
0.994925 0.0528567 0.0
0.99486 0.049543 0.0
0.994799 0.0461959 0.0
0.994742 0.0428192 0.0
0.994689 0.0394163 0.0
0.99464 0.0359905 0.0
0.994596 0.0325448 0.0
0.994555 0.0290821 0.0
0.994519 0.025605 0.0
0.994487 0.022116 0.0
0.994459 0.0186174 0.0
0.994436 0.0151115 0.0
0.994417 0.0116003 0.0
0.994402 0.00808588 0.0
0.994392 0.00457052 0.0
0.994387 0.00105866 0.0
0.994385 -0.00242351 0.0
0.994388 -0.00561193 0.0
1 -0.00205251 0.0
0.999999 -0.00616555 0.0
0.999996 -0.0102871 0.0
0.999993 -0.0144177 0.0
0.999989 -0.0185578 0.0
0.999984 -0.0227077 0.0
0.999978 -0.0268677 0.0
0.999971 -0.0310378 0.0
0.999963 -0.0352182 0.0
0.999955 -0.0394085 0.0
0.999947 -0.0436084 0.0
0.999938 -0.0478173 0.0
0.999929 -0.0520345 0.0
0.999921 -0.0562589 0.0
0.999912 -0.0604892 0.0
0.999904 -0.0647238 0.0
0.999896 -0.0689608 0.0
0.99989 -0.0731981 0.0
0.999884 -0.0774332 0.0
0.99988 -0.0816632 0.0
0.999877 -0.0858851 0.0
0.999876 -0.0900953 0.0
0.999877 -0.0942901 0.0
0.99988 -0.0984653 0.0
0.999886 -0.102616 0.0
0.999894 -0.106739 0.0
0.999905 -0.110827 0.0
0.99992 -0.114876 0.0
0.999937 -0.118879 0.0
0.999958 -0.122832 0.0
0.999983 -0.126728 0.0
1.00001 -0.13056 0.0
1.00004 -0.134322 0.0
1.00008 -0.138008 0.0
1.00012 -0.14161 0.0
1.00016 -0.145123 0.0
1.00021 -0.148539 0.0
1.00026 -0.151853 0.0
1.00032 -0.155057 0.0
1.00038 -0.158145 0.0
1.00044 -0.161111 0.0
1.00051 -0.16395 0.0
1.00058 -0.166657 0.0
1.00065 -0.169225 0.0
1.00072 -0.171652 0.0
1.0008 -0.173931 0.0
1.00087 -0.17606 0.0
1.00095 -0.178036 0.0
1.00103 -0.179855 0.0
1.00111 -0.181516 0.0
1.00119 -0.183016 0.0
1.00127 -0.184355 0.0
1.00135 -0.185532 0.0
1.00143 -0.186547 0.0
1.00151 -0.187399 0.0
1.00159 -0.18809 0.0
1.00166 -0.188621 0.0
1.00173 -0.188993 0.0
1.0018 -0.189208 0.0
1.00187 -0.189269 0.0
1.00194 -0.189176 0.0
1.002 -0.188934 0.0
1.00206 -0.188545 0.0
1.00212 -0.188011 0.0
1.00218 -0.187336 0.0
1.00223 -0.186523 0.0
1.00228 -0.185576 0.0
1.00233 -0.184496 0.0
1.00237 -0.183287 0.0
1.00241 -0.181952 0.0
1.00245 -0.180495 0.0
1.00249 -0.178917 0.0
1.00253 -0.177222 0.0
1.00256 -0.175412 0.0
1.00259 -0.173489 0.0
1.00262 -0.171456 0.0
1.00265 -0.169315 0.0
1.00268 -0.167066 0.0
1.00271 -0.164713 0.0
1.00274 -0.162256 0.0
1.00276 -0.159697 0.0
1.00279 -0.157037 0.0
1.00282 -0.154276 0.0
1.00284 -0.151416 0.0
1.00287 -0.148456 0.0
1.00289 -0.145398 0.0
1.00292 -0.142242 0.0
1.00294 -0.138989 0.0
1.00297 -0.135638 0.0
1.00299 -0.132189 0.0
1.00301 -0.128644 0.0
1.00304 -0.125003 0.0
1.00306 -0.121265 0.0
1.00309 -0.117431 0.0
1.00311 -0.113502 0.0
1.00313 -0.10948 0.0
1.00315 -0.105364 0.0
1.00317 -0.101156 0.0
1.00318 -0.0968577 0.0
1.0032 -0.0924712 0.0
1.00321 -0.0879984 0.0
1.00322 -0.083442 0.0
1.00322 -0.0788049 0.0
1.00322 -0.0740905 0.0
1.00321 -0.0693026 0.0
1.0032 -0.0644456 0.0
1.00318 -0.0595241 0.0
1.00316 -0.0545433 0.0
1.00313 -0.0495089 0.0
1.00309 -0.044427 0.0
1.00305 -0.039304 0.0
1.003 -0.0341472 0.0
1.00294 -0.0289638 0.0
1.00287 -0.0237618 0.0
1.00279 -0.0185494 0.0
1.0027 -0.0133353 0.0
1.00261 -0.00812845 0.0
1.0025 -0.00293831 0.0
1.00239 0.00222605 0.0
1.00226 0.00735945 0.0
1.00213 0.0124558 0.0
1.00199 0.0175083 0.0
1.00185 0.0225093 0.0
1.0017 0.0274511 0.0
1.00154 0.0323253 0.0
1.00138 0.0371237 0.0
1.00122 0.0418376 0.0
1.00106 0.0464586 0.0
1.00089 0.0509781 0.0
1.00072 0.0553876 0.0
1.00056 0.0596788 0.0
1.00039 0.0638435 0.0
1.00023 0.0678738 0.0
1.00006 0.0717621 0.0
0.999898 0.0755009 0.0
0.999735 0.0790833 0.0
0.999575 0.0825027 0.0
0.999416 0.085753 0.0
0.999258 0.0888284 0.0
0.999103 0.0917237 0.0
0.998948 0.0944343 0.0
0.998796 0.096956 0.0
0.998645 0.0992851 0.0
0.998496 0.101419 0.0
0.998348 0.103354 0.0
0.998202 0.10509 0.0
0.998057 0.106624 0.0
0.997913 0.107956 0.0
0.997771 0.109086 0.0
0.99763 0.110014 0.0
0.99749 0.110742 0.0
0.997351 0.11127 0.0
0.997214 0.111601 0.0
0.997078 0.111738 0.0
0.996942 0.111682 0.0
0.996809 0.111438 0.0
0.996676 0.11101 0.0
0.996545 0.110401 0.0
0.996415 0.109617 0.0
0.996287 0.108662 0.0
0.99616 0.107541 0.0
0.996035 0.10626 0.0
0.995911 0.104825 0.0
0.99579 0.10324 0.0
0.99567 0.101513 0.0
0.995552 0.0996497 0.0
0.995437 0.0976555 0.0
0.995324 0.095537 0.0
0.995213 0.0933005 0.0
0.995105 0.0909522 0.0
0.994999 0.0884982 0.0
0.994896 0.0859448 0.0
0.994796 0.0832979 0.0
0.994699 0.0805635 0.0
0.994604 0.0777475 0.0
0.994513 0.0748554 0.0
0.994425 0.0718929 0.0
0.994341 0.0688652 0.0
0.99426 0.0657775 0.0
0.994182 0.0626348 0.0
0.994107 0.0594417 0.0
0.994037 0.056203 0.0
0.99397 0.0529228 0.0
0.993906 0.0496053 0.0
0.993846 0.0462545 0.0
0.99379 0.0428739 0.0
0.993737 0.0394672 0.0
0.993689 0.0360374 0.0
0.993644 0.0325877 0.0
0.993602 0.029121 0.0
0.993565 0.0256399 0.0
0.993531 0.0221468 0.0
0.993501 0.0186442 0.0
0.993475 0.0151341 0.0
0.993453 0.0116188 0.0
0.993435 0.00810007 0.0
0.993421 0.00458032 0.0
0.993412 0.00106379 0.0
0.993408 -0.00242349 0.0
0.99341 -0.00561724 0.0
1 -0.00205187 0.0
0.999998 -0.00616363 0.0
0.999995 -0.010284 0.0
0.999991 -0.0144134 0.0
0.999986 -0.0185524 0.0
0.999979 -0.0227014 0.0
0.999972 -0.0268605 0.0
0.999963 -0.03103 0.0
0.999955 -0.0352098 0.0
0.999946 -0.0393999 0.0
0.999937 -0.0435997 0.0
0.999928 -0.0478089 0.0
0.999921 -0.0520265 0.0
0.999914 -0.0562517 0.0
0.99991 -0.060483 0.0
0.999907 -0.064719 0.0
0.999907 -0.0689578 0.0
0.999909 -0.0731971 0.0
0.999915 -0.0774347 0.0
0.999926 -0.0816676 0.0
0.99994 -0.0858927 0.0
0.99996 -0.0901065 0.0
0.999985 -0.0943053 0.0
1.00002 -0.0984848 0.0
1.00006 -0.102641 0.0
1.0001 -0.106768 0.0
1.00015 -0.110862 0.0
1.00021 -0.114916 0.0
1.00028 -0.118926 0.0
1.00036 -0.122885 0.0
1.00045 -0.126787 0.0
1.00055 -0.130626 0.0
1.00065 -0.134395 0.0
1.00077 -0.138087 0.0
1.00089 -0.141697 0.0
1.00103 -0.145217 0.0
1.00118 -0.14864 0.0
1.00133 -0.151959 0.0
1.0015 -0.15517 0.0
1.00167 -0.158264 0.0
1.00185 -0.161236 0.0
1.00204 -0.164081 0.0
1.00224 -0.166792 0.0
1.00244 -0.169365 0.0
1.00265 -0.171795 0.0
1.00287 -0.174078 0.0
1.00309 -0.17621 0.0
1.00331 -0.178188 0.0
1.00353 -0.180008 0.0
1.00376 -0.18167 0.0
1.00399 -0.183171 0.0
1.00422 -0.18451 0.0
1.00445 -0.185686 0.0
1.00467 -0.186699 0.0
1.0049 -0.187549 0.0
1.00512 -0.188238 0.0
1.00534 -0.188766 0.0
1.00555 -0.189135 0.0
1.00576 -0.189346 0.0
1.00596 -0.189403 0.0
1.00616 -0.189306 0.0
1.00635 -0.18906 0.0
1.00654 -0.188666 0.0
1.00672 -0.188128 0.0
1.00689 -0.187449 0.0
1.00706 -0.186631 0.0
1.00722 -0.185679 0.0
1.00738 -0.184595 0.0
1.00753 -0.183382 0.0
1.00767 -0.182043 0.0
1.00781 -0.180582 0.0
1.00794 -0.179001 0.0
1.00807 -0.177302 0.0
1.00819 -0.175489 0.0
1.00831 -0.173563 0.0
1.00842 -0.171527 0.0
1.00853 -0.169383 0.0
1.00864 -0.167133 0.0
1.00874 -0.164778 0.0
1.00884 -0.162319 0.0
1.00894 -0.159758 0.0
1.00903 -0.157097 0.0
1.00913 -0.154335 0.0
1.00922 -0.151473 0.0
1.00931 -0.148513 0.0
1.0094 -0.145454 0.0
1.00948 -0.142298 0.0
1.00957 -0.139043 0.0
1.00965 -0.135691 0.0
1.00973 -0.132242 0.0
1.00981 -0.128696 0.0
1.00989 -0.125053 0.0
1.00996 -0.121313 0.0
1.01003 -0.117478 0.0
1.0101 -0.113547 0.0
1.01017 -0.109521 0.0
1.01023 -0.105402 0.0
1.01028 -0.10119 0.0
1.01033 -0.0968879 0.0
1.01037 -0.0924964 0.0
1.01041 -0.0880179 0.0
1.01043 -0.0834551 0.0
1.01045 -0.0788109 0.0
1.01045 -0.0740887 0.0
1.01045 -0.0692923 0.0
1.01043 -0.0644258 0.0
1.01039 -0.0594942 0.0
1.01035 -0.0545025 0.0
1.01028 -0.0494565 0.0
1.0102 -0.0443622 0.0
1.0101 -0.0392264 0.0
1.00999 -0.034056 0.0
1.00985 -0.0288585 0.0
1.0097 -0.0236419 0.0
1.00952 -0.0184145 0.0
1.00932 -0.013185 0.0
1.0091 -0.0079625 0.0
1.00886 -0.00275642 0.0
1.00859 0.00242401 0.0
1.00831 0.00757293 0.0
1.008 0.0126838 0.0
1.00767 0.0177494 0.0
1.00732 0.0227622 0.0
1.00695 0.0277142 0.0
1.00657 0.0325971 0.0
1.00618 0.0374027 0.0
1.00578 0.0421224 0.0
1.00537 0.0467477 0.0
1.00496 0.0512701 0.0
1.00454 0.0556814 0.0
1.00411 0.0599731 0.0
1.00369 0.0641374 0.0
1.00327 0.0681662 0.0
1.00285 0.0720522 0.0
1.00244 0.0757879 0.0
1.00203 0.0793666 0.0
1.00163 0.0827818 0.0
1.00123 0.0860273 0.0
1.00085 0.0890977 0.0
1.00047 0.0919876 0.0
1.0001 0.0946925 0.0
0.999745 0.0972084 0.0
0.999397 0.0995316 0.0
0.999059 0.101659 0.0
0.998731 0.103589 0.0
0.998414 0.105318 0.0
0.998108 0.106847 0.0
0.997812 0.108173 0.0
0.997526 0.109297 0.0
0.99725 0.11022 0.0
0.996983 0.110942 0.0
0.996727 0.111465 0.0
0.99648 0.111791 0.0
0.996242 0.111922 0.0
0.996012 0.111862 0.0
0.995791 0.111613 0.0
0.995579 0.11118 0.0
0.995374 0.110567 0.0
0.995178 0.109778 0.0
0.994988 0.108818 0.0
0.994806 0.107693 0.0
0.994631 0.106408 0.0
0.994463 0.104968 0.0
0.994301 0.10338 0.0
0.994146 0.101649 0.0
0.993997 0.099781 0.0
0.993854 0.0977828 0.0
0.993716 0.0956603 0.0
0.993585 0.0934198 0.0
0.993458 0.0910674 0.0
0.993337 0.0886095 0.0
0.993222 0.0860521 0.0
0.993111 0.0834013 0.0
0.993006 0.080663 0.0
0.992905 0.077843 0.0
0.992809 0.074947 0.0
0.992718 0.0719805 0.0
0.992631 0.0689489 0.0
0.992549 0.0658573 0.0
0.992471 0.0627107 0.0
0.992397 0.0595138 0.0
0.992327 0.0562712 0.0
0.992262 0.0529873 0.0
0.9922 0.049666 0.0
0.992142 0.0463114 0.0
0.992089 0.0429271 0.0
0.992038 0.0395167 0.0
0.991992 0.0360832 0.0
0.991949 0.0326299 0.0
0.99191 0.0291595 0.0
0.991874 0.0256748 0.0
0.991841 0.0221781 0.0
0.991812 0.0186719 0.0
0.991786 0.0151582 0.0
0.991764 0.011639 0.0
0.991746 0.00811635 0.0
0.991732 0.00459224 0.0
0.991722 0.00107064 0.0
0.991718 -0.00242292 0.0
0.991722 -0.005624 0.0
1 -0.00205104 0.0
0.999998 -0.00616116 0.0
0.999994 -0.0102799 0.0
0.999989 -0.0144079 0.0
0.999982 -0.0185456 0.0
0.999974 -0.0226934 0.0
0.999964 -0.0268517 0.0
0.999954 -0.0310206 0.0
0.999944 -0.0352002 0.0
0.999934 -0.0393903 0.0
0.999924 -0.0435908 0.0
0.999916 -0.0478009 0.0
0.999909 -0.0520201 0.0
0.999904 -0.0562472 0.0
0.999903 -0.0604811 0.0
0.999905 -0.0647203 0.0
0.999911 -0.0689628 0.0
0.999923 -0.0732066 0.0
0.999941 -0.0774492 0.0
0.999966 -0.0816879 0.0
0.999998 -0.0859194 0.0
1.00004 -0.0901404 0.0
1.00009 -0.094347 0.0
1.00015 -0.098535 0.0
1.00022 -0.1027 0.0
1.0003 -0.106837 0.0
1.0004 -0.110941 0.0
1.00051 -0.115007 0.0
1.00063 -0.119028 0.0
1.00077 -0.122999 0.0
1.00092 -0.126913 0.0
1.00109 -0.130765 0.0
1.00128 -0.134547 0.0
1.00148 -0.138252 0.0
1.00169 -0.141875 0.0
1.00193 -0.145407 0.0
1.00218 -0.148843 0.0
1.00244 -0.152176 0.0
1.00272 -0.155398 0.0
1.00302 -0.158504 0.0
1.00332 -0.161487 0.0
1.00365 -0.164342 0.0
1.00398 -0.167062 0.0
1.00432 -0.169644 0.0
1.00468 -0.172081 0.0
1.00504 -0.174371 0.0
1.00541 -0.176508 0.0
1.00579 -0.17849 0.0
1.00617 -0.180314 0.0
1.00656 -0.181977 0.0
1.00695 -0.183479 0.0
1.00733 -0.184818 0.0
1.00772 -0.185992 0.0
1.00811 -0.187003 0.0
1.00849 -0.187851 0.0
1.00886 -0.188535 0.0
1.00924 -0.189058 0.0
1.0096 -0.189422 0.0
1.00996 -0.189627 0.0
1.01031 -0.189676 0.0
1.01065 -0.189573 0.0
1.01099 -0.189319 0.0
1.01131 -0.188917 0.0
1.01162 -0.188371 0.0
1.01193 -0.187684 0.0
1.01222 -0.186858 0.0
1.01251 -0.185898 0.0
1.01278 -0.184806 0.0
1.01305 -0.183585 0.0
1.0133 -0.182239 0.0
1.01355 -0.180771 0.0
1.01379 -0.179182 0.0
1.01402 -0.177477 0.0
1.01424 -0.175658 0.0
1.01446 -0.173727 0.0
1.01466 -0.171686 0.0
1.01487 -0.169537 0.0
1.01506 -0.167282 0.0
1.01525 -0.164923 0.0
1.01544 -0.16246 0.0
1.01562 -0.159897 0.0
1.0158 -0.157232 0.0
1.01598 -0.154467 0.0
1.01615 -0.151604 0.0
1.01632 -0.148641 0.0
1.01648 -0.14558 0.0
1.01665 -0.142422 0.0
1.01681 -0.139165 0.0
1.01697 -0.135811 0.0
1.01712 -0.13236 0.0
1.01728 -0.128811 0.0
1.01743 -0.125165 0.0
1.01757 -0.121422 0.0
1.01771 -0.117583 0.0
1.01785 -0.113647 0.0
1.01798 -0.109616 0.0
1.01811 -0.105491 0.0
1.01822 -0.101272 0.0
1.01833 -0.096962 0.0
1.01843 -0.0925614 0.0
1.01851 -0.0880727 0.0
1.01858 -0.0834985 0.0
1.01864 -0.0788416 0.0
1.01869 -0.0741054 0.0
1.01871 -0.0692937 0.0
1.01872 -0.0644106 0.0
1.0187 -0.0594609 0.0
1.01866 -0.0544499 0.0
1.0186 -0.0493832 0.0
1.01851 -0.044267 0.0
1.0184 -0.039108 0.0
1.01825 -0.0339133 0.0
1.01808 -0.0286906 0.0
1.01787 -0.0234477 0.0
1.01763 -0.0181931 0.0
1.01736 -0.0129357 0.0
1.01705 -0.00768447 0.0
1.01671 -0.002449 0.0
1.01633 0.00276148 0.0
1.01591 0.00794012 0.0
1.01546 0.0130796 0.0
1.01497 0.0181723 0.0
1.01445 0.0232102 0.0
1.01389 0.0281851 0.0
1.01331 0.0330886 0.0
1.0127 0.0379122 0.0
1.01207 0.0426473 0.0
1.01141 0.0472855 0.0
1.01074 0.0518182 0.0
1.01006 0.0562371 0.0
1.00937 0.0605341 0.0
1.00866 0.0647011 0.0
1.00796 0.0687304 0.0
1.00725 0.0726146 0.0
1.00654 0.0763467 0.0
1.00584 0.0799199 0.0
1.00514 0.0833278 0.0
1.00445 0.0865645 0.0
1.00377 0.0896247 0.0
1.00311 0.0925034 0.0
1.00246 0.095196 0.0
1.00182 0.0976988 0.0
1.0012 0.100008 0.0
1.0006 0.102121 0.0
1.00002 0.104036 0.0
0.999455 0.105751 0.0
0.998912 0.107264 0.0
0.998389 0.108575 0.0
0.997886 0.109684 0.0
0.997404 0.110592 0.0
0.996942 0.111299 0.0
0.9965 0.111807 0.0
0.996078 0.112119 0.0
0.995675 0.112236 0.0
0.995291 0.112162 0.0
0.994925 0.1119 0.0
0.994578 0.111454 0.0
0.994248 0.110828 0.0
0.993935 0.110027 0.0
0.993638 0.109056 0.0
0.993357 0.107919 0.0
0.993091 0.106623 0.0
0.99284 0.105173 0.0
0.992602 0.103575 0.0
0.992378 0.101834 0.0
0.992167 0.0999567 0.0
0.991967 0.0979495 0.0
0.99178 0.0958185 0.0
0.991603 0.0935697 0.0
0.991438 0.0912095 0.0
0.991282 0.088744 0.0
0.991136 0.0861793 0.0
0.990999 0.0835215 0.0
0.99087 0.0807765 0.0
0.99075 0.0779501 0.0
0.990638 0.0750479 0.0
0.990534 0.0720755 0.0
0.990436 0.0690382 0.0
0.990345 0.0659412 0.0
0.990261 0.0627893 0.0
0.990183 0.0595874 0.0
0.99011 0.0563399 0.0
0.990043 0.0530512 0.0
0.989981 0.0497255 0.0
0.989924 0.0463666 0.0
0.989872 0.0429782 0.0
0.989824 0.0395637 0.0
0.98978 0.0361264 0.0
0.98974 0.0326693 0.0
0.989705 0.0291954 0.0
0.989672 0.0257071 0.0
0.989644 0.022207 0.0
0.989619 0.0186973 0.0
0.989597 0.0151802 0.0
0.989579 0.0116575 0.0
0.989564 0.00813101 0.0
0.989553 0.00460262 0.0
0.989547 0.00107589 0.0
0.989547 -0.00242422 0.0
0.989553 -0.00563296 0.0
0.999999 -0.00205 0.0
0.999997 -0.00615805 0.0
0.999993 -0.0102748 0.0
0.999986 -0.014401 0.0
0.999977 -0.0185371 0.0
0.999967 -0.0226836 0.0
0.999956 -0.0268409 0.0
0.999944 -0.0310092 0.0
0.999931 -0.0351888 0.0
0.999919 -0.0393795 0.0
0.999908 -0.043581 0.0
0.999899 -0.0477929 0.0
0.999892 -0.0520145 0.0
0.999889 -0.0562449 0.0
0.99989 -0.0604829 0.0
0.999896 -0.064727 0.0
0.999909 -0.0689753 0.0
0.999929 -0.0732259 0.0
0.999957 -0.0774763 0.0
0.999996 -0.0817237 0.0
1.00004 -0.085965 0.0
1.00011 -0.0901968 0.0
1.00018 -0.0944152 0.0
1.00027 -0.0986161 0.0
1.00037 -0.102795 0.0
1.00049 -0.106947 0.0
1.00063 -0.111066 0.0
1.00079 -0.115148 0.0
1.00097 -0.119187 0.0
1.00117 -0.123176 0.0
1.00139 -0.127109 0.0
1.00163 -0.130979 0.0
1.00189 -0.13478 0.0
1.00218 -0.138505 0.0
1.00248 -0.142147 0.0
1.00282 -0.145699 0.0
1.00317 -0.149154 0.0
1.00355 -0.152505 0.0
1.00394 -0.155746 0.0
1.00436 -0.158869 0.0
1.0048 -0.161868 0.0
1.00526 -0.164738 0.0
1.00573 -0.167473 0.0
1.00622 -0.170067 0.0
1.00672 -0.172516 0.0
1.00724 -0.174815 0.0
1.00776 -0.176961 0.0
1.0083 -0.178949 0.0
1.00884 -0.180778 0.0
1.00939 -0.182445 0.0
1.00994 -0.183948 0.0
1.01049 -0.185287 0.0
1.01104 -0.18646 0.0
1.01159 -0.187468 0.0
1.01213 -0.188311 0.0
1.01267 -0.18899 0.0
1.0132 -0.189506 0.0
1.01372 -0.189861 0.0
1.01423 -0.190058 0.0
1.01473 -0.190098 0.0
1.01522 -0.189984 0.0
1.0157 -0.189719 0.0
1.01616 -0.189306 0.0
1.01662 -0.188748 0.0
1.01705 -0.188049 0.0
1.01748 -0.187212 0.0
1.01789 -0.18624 0.0
1.01829 -0.185136 0.0
1.01867 -0.183905 0.0
1.01904 -0.182548 0.0
1.0194 -0.181069 0.0
1.01975 -0.17947 0.0
1.02009 -0.177756 0.0
1.02041 -0.175928 0.0
1.02073 -0.173988 0.0
1.02104 -0.171939 0.0
1.02133 -0.169783 0.0
1.02162 -0.167522 0.0
1.02191 -0.165157 0.0
1.02219 -0.16269 0.0
1.02246 -0.160121 0.0
1.02272 -0.157452 0.0
1.02299 -0.154684 0.0
1.02324 -0.151817 0.0
1.0235 -0.148851 0.0
1.02375 -0.145788 0.0
1.024 -0.142626 0.0
1.02424 -0.139367 0.0
1.02449 -0.13601 0.0
1.02472 -0.132556 0.0
1.02496 -0.129004 0.0
1.02519 -0.125354 0.0
1.02542 -0.121607 0.0
1.02564 -0.117762 0.0
1.02586 -0.113821 0.0
1.02607 -0.109783 0.0
1.02627 -0.10565 0.0
1.02646 -0.101422 0.0
1.02664 -0.0971005 0.0
1.02681 -0.0926876 0.0
1.02696 -0.0881852 0.0
1.0271 -0.0835955 0.0
1.02722 -0.0789213 0.0
1.02731 -0.0741659 0.0
1.02739 -0.0693331 0.0
1.02744 -0.0644271 0.0
1.02746 -0.0594525 0.0
1.02746 -0.0544146 0.0
1.02742 -0.0493191 0.0
1.02735 -0.0441722 0.0
1.02724 -0.0389807 0.0
1.0271 -0.0337518 0.0
1.02691 -0.0284931 0.0
1.02669 -0.0232128 0.0
1.02642 -0.0179195 0.0
1.0261 -0.0126219 0.0
1.02574 -0.00732938 0.0
1.02533 -0.00205139 0.0
1.02487 0.00320276 0.0
1.02436 0.00842522 0.0
1.0238 0.0136079 0.0
1.02319 0.0187424 0.0
1.02254 0.0238203 0.0
1.02183 0.028833 0.0
1.02109 0.0337717 0.0
1.0203 0.0386277 0.0
1.01947 0.0433921 0.0
1.01861 0.0480562 0.0
1.01771 0.0526114 0.0
1.01679 0.0570492 0.0
1.01585 0.0613615 0.0
1.01488 0.0655403 0.0
1.0139 0.0695778 0.0
1.01291 0.0734667 0.0
1.01191 0.0772 0.0
1.01091 0.0807711 0.0
1.00991 0.084174 0.0
1.00892 0.0874027 0.0
1.00793 0.0904523 0.0
1.00695 0.0933178 0.0
1.00599 0.0959951 0.0
1.00505 0.0984804 0.0
1.00412 0.100771 0.0
1.00322 0.102863 0.0
1.00234 0.104756 0.0
1.00148 0.106448 0.0
1.00066 0.107937 0.0
0.999856 0.109224 0.0
0.999086 0.110308 0.0
0.998345 0.111191 0.0
0.997634 0.111873 0.0
0.996953 0.112356 0.0
0.996302 0.112643 0.0
0.995682 0.112735 0.0
0.995091 0.112637 0.0
0.99453 0.112351 0.0
0.993998 0.111882 0.0
0.993494 0.111234 0.0
0.993017 0.110411 0.0
0.992568 0.109418 0.0
0.992144 0.108261 0.0
0.991745 0.106946 0.0
0.991371 0.105476 0.0
0.99102 0.10386 0.0
0.990691 0.102102 0.0
0.990383 0.100208 0.0
0.990096 0.0981847 0.0
0.989829 0.0960385 0.0
0.98958 0.0937753 0.0
0.989348 0.0914013 0.0
0.989133 0.0889228 0.0
0.988934 0.0863457 0.0
0.98875 0.0836762 0.0
0.98858 0.08092 0.0
0.988424 0.0780831 0.0
0.98828 0.075171 0.0
0.988148 0.0721893 0.0
0.988027 0.0691431 0.0
0.987916 0.0660377 0.0
0.987815 0.062878 0.0
0.987723 0.0596687 0.0
0.98764 0.0564144 0.0
0.987565 0.0531192 0.0
0.987497 0.0497874 0.0
0.987436 0.0464227 0.0
0.987381 0.0430289 0.0
0.987333 0.0396094 0.0
0.98729 0.0361674 0.0
0.987252 0.0327058 0.0
0.987219 0.0292277 0.0
0.98719 0.0257354 0.0
0.987166 0.0222315 0.0
0.987146 0.0187181 0.0
0.98713 0.0151974 0.0
0.987117 0.011671 0.0
0.987109 0.00814077 0.0
0.987104 0.00460818 0.0
0.987104 0.00107654 0.0
0.987109 -0.00242953 0.0
0.98712 -0.00564471 0.0
0.999999 -0.00204871 0.0
0.999996 -0.00615419 0.0
0.999991 -0.0102685 0.0
0.999983 -0.0143924 0.0
0.999972 -0.0185265 0.0
0.999959 -0.0226714 0.0
0.999946 -0.0268276 0.0
0.999931 -0.0309954 0.0
0.999916 -0.0351751 0.0
0.999901 -0.0393665 0.0
0.999888 -0.0435696 0.0
0.999877 -0.047784 0.0
0.999869 -0.052009 0.0
0.999866 -0.0562439 0.0
0.999869 -0.0604874 0.0
0.999878 -0.0647381 0.0
0.999895 -0.0689944 0.0
0.999923 -0.0732541 0.0
0.999961 -0.077515 0.0
1.00001 -0.0817741 0.0
1.00008 -0.0860286 0.0
1.00016 -0.0902748 0.0
1.00025 -0.0945091 0.0
1.00037 -0.0987271 0.0
1.00051 -0.102924 0.0
1.00066 -0.107096 0.0
1.00084 -0.111237 0.0
1.00105 -0.115341 0.0
1.00128 -0.119402 0.0
1.00154 -0.123415 0.0
1.00182 -0.127373 0.0
1.00214 -0.131269 0.0
1.00248 -0.135096 0.0
1.00285 -0.138847 0.0
1.00325 -0.142515 0.0
1.00368 -0.146093 0.0
1.00414 -0.149574 0.0
1.00463 -0.15295 0.0
1.00514 -0.156214 0.0
1.00569 -0.159361 0.0
1.00625 -0.162382 0.0
1.00685 -0.165273 0.0
1.00746 -0.168027 0.0
1.0081 -0.170638 0.0
1.00875 -0.173103 0.0
1.00942 -0.175415 0.0
1.01011 -0.177572 0.0
1.0108 -0.179569 0.0
1.01151 -0.181405 0.0
1.01222 -0.183076 0.0
1.01293 -0.184582 0.0
1.01365 -0.185921 0.0
1.01436 -0.187092 0.0
1.01508 -0.188096 0.0
1.01578 -0.188933 0.0
1.01648 -0.189605 0.0
1.01717 -0.190112 0.0
1.01785 -0.190457 0.0
1.01852 -0.190641 0.0
1.01917 -0.190668 0.0
1.01981 -0.190541 0.0
1.02043 -0.190262 0.0
1.02104 -0.189834 0.0
1.02163 -0.189261 0.0
1.0222 -0.188547 0.0
1.02276 -0.187694 0.0
1.0233 -0.186707 0.0
1.02382 -0.185588 0.0
1.02432 -0.184342 0.0
1.02481 -0.18297 0.0
1.02528 -0.181478 0.0
1.02574 -0.179867 0.0
1.02618 -0.17814 0.0
1.02661 -0.1763 0.0
1.02703 -0.17435 0.0
1.02744 -0.172291 0.0
1.02783 -0.170126 0.0
1.02822 -0.167856 0.0
1.0286 -0.165484 0.0
1.02897 -0.16301 0.0
1.02933 -0.160435 0.0
1.02968 -0.157761 0.0
1.03003 -0.154988 0.0
1.03038 -0.152117 0.0
1.03072 -0.149148 0.0
1.03106 -0.146081 0.0
1.0314 -0.142916 0.0
1.03173 -0.139654 0.0
1.03206 -0.136294 0.0
1.03238 -0.132836 0.0
1.0327 -0.12928 0.0
1.03302 -0.125627 0.0
1.03333 -0.121874 0.0
1.03364 -0.118024 0.0
1.03394 -0.114076 0.0
1.03424 -0.11003 0.0
1.03452 -0.105887 0.0
1.03479 -0.101648 0.0
1.03505 -0.0973145 0.0
1.0353 -0.092887 0.0
1.03553 -0.0883679 0.0
1.03574 -0.0837593 0.0
1.03593 -0.079064 0.0
1.03609 -0.0742852 0.0
1.03623 -0.0694264 0.0
1.03633 -0.064492 0.0
1.03641 -0.0594864 0.0
1.03645 -0.054415 0.0
1.03645 -0.0492834 0.0
1.03641 -0.0440981 0.0
1.03633 -0.0388657 0.0
1.0362 -0.0335936 0.0
1.03602 -0.0282895 0.0
1.0358 -0.0229618 0.0
1.03551 -0.017619 0.0
1.03518 -0.0122702 0.0
1.03478 -0.00692485 0.0
1.03433 -0.00159246 0.0
1.03381 0.00371755 0.0
1.03324 0.00899642 0.0
1.0326 0.0142353 0.0
1.0319 0.0194253 0.0
1.03114 0.0245573 0.0
1.03031 0.0296221 0.0
1.02943 0.0346105 0.0
1.0285 0.0395134 0.0
1.02751 0.0443215 0.0
1.02647 0.0490259 0.0
1.02539 0.0536175 0.0
1.02427 0.0580878 0.0
1.02311 0.0624283 0.0
1.02191 0.0666308 0.0
1.02069 0.0706877 0.0
1.01945 0.0745914 0.0
1.01819 0.0783351 0.0
1.01691 0.0819122 0.0
1.01563 0.0853165 0.0
1.01434 0.0885427 0.0
1.01306 0.0915855 0.0
1.01178 0.0944405 0.0
1.01051 0.0971037 0.0
1.00925 0.0995716 0.0
1.00802 0.101841 0.0
1.0068 0.103911 0.0
1.00561 0.105778 0.0
1.00445 0.107442 0.0
1.00332 0.108902 0.0
1.00222 0.110157 0.0
1.00116 0.111209 0.0
1.00013 0.112058 0.0
0.99914 0.112706 0.0
0.998189 0.113155 0.0
0.997276 0.113407 0.0
0.996404 0.113464 0.0
0.995571 0.113331 0.0
0.994778 0.113011 0.0
0.994024 0.112508 0.0
0.993309 0.111826 0.0
0.992633 0.110971 0.0
0.991994 0.109947 0.0
0.991392 0.108759 0.0
0.990826 0.107413 0.0
0.990294 0.105915 0.0
0.989796 0.10427 0.0
0.989331 0.102485 0.0
0.988896 0.100566 0.0
0.988491 0.0985183 0.0
0.988115 0.0963486 0.0
0.987767 0.0940631 0.0
0.987444 0.0916679 0.0
0.987146 0.0891691 0.0
0.986871 0.086573 0.0
0.986619 0.0838854 0.0
0.986387 0.0811122 0.0
0.986175 0.0782592 0.0
0.985982 0.0753321 0.0
0.985806 0.0723361 0.0
0.985647 0.0692767 0.0
0.985503 0.0661589 0.0
0.985373 0.0629876 0.0
0.985256 0.0597675 0.0
0.985152 0.056503 0.0
0.98506 0.0531985 0.0
0.984978 0.0498579 0.0
0.984906 0.0464852 0.0
0.984843 0.0430839 0.0
0.984788 0.0396575 0.0
0.984742 0.036209 0.0
0.984702 0.0327416 0.0
0.984669 0.0292579 0.0
0.984642 0.0257605 0.0
0.984621 0.0222518 0.0
0.984605 0.018734 0.0
0.984594 0.015209 0.0
0.984587 0.0116785 0.0
0.984585 0.0081441 0.0
0.984587 0.00460726 0.0
0.984593 0.00107104 0.0
0.984604 -0.00244002 0.0
0.98462 -0.00565981 0.0
0.999999 -0.00204711 0.0
0.999996 -0.00614942 0.0
0.999989 -0.0102607 0.0
0.999979 -0.0143818 0.0
0.999966 -0.0185135 0.0
0.99995 -0.0226565 0.0
0.999933 -0.0268114 0.0
0.999915 -0.0309785 0.0
0.999896 -0.0351582 0.0
0.999878 -0.0393507 0.0
0.999862 -0.0435558 0.0
0.999848 -0.0477733 0.0
0.999839 -0.0520026 0.0
0.999834 -0.056243 0.0
0.999837 -0.0604934 0.0
0.999848 -0.0647525 0.0
0.999869 -0.0690187 0.0
0.999902 -0.0732899 0.0
0.999948 -0.0775638 0.0
1.00001 -0.0818377 0.0
1.00009 -0.0861086 0.0
1.00019 -0.090373 0.0
1.00031 -0.0946271 0.0
1.00045 -0.0988668 0.0
1.00061 -0.103087 0.0
1.00081 -0.107284 0.0
1.00103 -0.111451 0.0
1.00128 -0.115583 0.0
1.00156 -0.119674 0.0
1.00188 -0.123717 0.0
1.00223 -0.127706 0.0
1.00261 -0.131634 0.0
1.00303 -0.135493 0.0
1.00349 -0.139277 0.0
1.00398 -0.142978 0.0
1.00451 -0.146589 0.0
1.00507 -0.150102 0.0
1.00567 -0.15351 0.0
1.00631 -0.156806 0.0
1.00698 -0.159981 0.0
1.00768 -0.163031 0.0
1.00841 -0.165948 0.0
1.00917 -0.168726 0.0
1.00995 -0.171359 0.0
1.01076 -0.173843 0.0
1.01159 -0.176172 0.0
1.01243 -0.178343 0.0
1.01329 -0.180352 0.0
1.01416 -0.182196 0.0
1.01504 -0.183874 0.0
1.01592 -0.185382 0.0
1.0168 -0.186721 0.0
1.01769 -0.18789 0.0
1.01857 -0.188889 0.0
1.01944 -0.189719 0.0
1.0203 -0.190381 0.0
1.02115 -0.190877 0.0
1.02199 -0.191209 0.0
1.02281 -0.191379 0.0
1.02362 -0.19139 0.0
1.02441 -0.191246 0.0
1.02518 -0.190949 0.0
1.02593 -0.190502 0.0
1.02666 -0.189911 0.0
1.02736 -0.189177 0.0
1.02805 -0.188305 0.0
1.02871 -0.187299 0.0
1.02936 -0.186161 0.0
1.02998 -0.184897 0.0
1.03058 -0.183508 0.0
1.03117 -0.181998 0.0
1.03174 -0.180371 0.0
1.03229 -0.178629 0.0
1.03282 -0.176774 0.0
1.03334 -0.174811 0.0
1.03384 -0.17274 0.0
1.03433 -0.170564 0.0
1.03481 -0.168284 0.0
1.03528 -0.165902 0.0
1.03574 -0.16342 0.0
1.03619 -0.160839 0.0
1.03664 -0.158158 0.0
1.03708 -0.15538 0.0
1.03751 -0.152504 0.0
1.03794 -0.149531 0.0
1.03837 -0.146461 0.0
1.03879 -0.143293 0.0
1.03921 -0.140028 0.0
1.03962 -0.136665 0.0
1.04003 -0.133204 0.0
1.04044 -0.129644 0.0
1.04085 -0.125986 0.0
1.04125 -0.122229 0.0
1.04165 -0.118372 0.0
1.04203 -0.114417 0.0
1.04241 -0.110362 0.0
1.04278 -0.106209 0.0
1.04314 -0.101958 0.0
1.04349 -0.0976099 0.0
1.04382 -0.0931658 0.0
1.04413 -0.0886276 0.0
1.04441 -0.0839974 0.0
1.04468 -0.0792777 0.0
1.04491 -0.0744715 0.0
1.04512 -0.0695825 0.0
1.04529 -0.0646147 0.0
1.04542 -0.0595727 0.0
1.04552 -0.0544618 0.0
1.04556 -0.0492876 0.0
1.04557 -0.0440566 0.0
1.04552 -0.0387756 0.0
1.04541 -0.0334519 0.0
1.04525 -0.0280937 0.0
1.04503 -0.0227091 0.0
1.04475 -0.0173072 0.0
1.0444 -0.011897 0.0
1.04399 -0.00648819 0.0
1.0435 -0.00109053 0.0
1.04295 0.00428633 0.0
1.04232 0.00963295 0.0
1.04162 0.0149398 0.0
1.04084 0.0201974 0.0
1.03999 0.0253959 0.0
1.03907 0.0305257 0.0
1.03808 0.0355771 0.0
1.03702 0.0405403 0.0
1.0359 0.0454057 0.0
1.03471 0.0501639 0.0
1.03347 0.0548055 0.0
1.03217 0.0593216 0.0
1.03082 0.0637033 0.0
1.02943 0.0679424 0.0
1.028 0.0720308 0.0
1.02653 0.0759609 0.0
1.02503 0.0797258 0.0
1.02351 0.0833187 0.0
1.02197 0.0867336 0.0
1.02042 0.0899651 0.0
1.01886 0.0930081 0.0
1.01729 0.0958583 0.0
1.01574 0.0985119 0.0
1.01419 0.100966 0.0
1.01266 0.103217 0.0
1.01114 0.105264 0.0
1.00965 0.107105 0.0
1.00819 0.10874 0.0
1.00676 0.110167 0.0
1.00536 0.111388 0.0
1.004 0.112402 0.0
1.00268 0.113212 0.0
1.0014 0.11382 0.0
1.00017 0.114226 0.0
0.998979 0.114435 0.0
0.997839 0.114449 0.0
0.996747 0.114272 0.0
0.995703 0.113908 0.0
0.994707 0.113361 0.0
0.99376 0.112635 0.0
0.992862 0.111737 0.0
0.992011 0.11067 0.0
0.991207 0.109441 0.0
0.990449 0.108055 0.0
0.989737 0.106517 0.0
0.989068 0.104835 0.0
0.988442 0.103013 0.0
0.987857 0.101058 0.0
0.987311 0.0989762 0.0
0.986804 0.0967738 0.0
0.986334 0.094457 0.0
0.985899 0.092032 0.0
0.985497 0.0895049 0.0
0.985127 0.0868818 0.0
0.984787 0.0841687 0.0
0.984476 0.0813715 0.0
0.984192 0.0784958 0.0
0.983934 0.0755472 0.0
0.983699 0.0725312 0.0
0.983488 0.0694529 0.0
0.983297 0.0663175 0.0
0.983126 0.0631298 0.0
0.982973 0.0598943 0.0
0.982838 0.0566157 0.0
0.982718 0.0532979 0.0
0.982614 0.0499452 0.0
0.982522 0.0465611 0.0
0.982444 0.0431494 0.0
0.982377 0.0397134 0.0
0.982321 0.0362561 0.0
0.982274 0.0327805 0.0
0.982237 0.0292894 0.0
0.982208 0.0257852 0.0
0.982186 0.0222702 0.0
0.982171 0.0187465 0.0
0.982163 0.0152161 0.0
0.98216 0.0116805 0.0
0.982163 0.00814135 0.0
0.982171 0.00459991 0.0
0.982184 0.00105924 0.0
0.9822 -0.00245598 0.0
0.98222 -0.00567867 0.0
0.999999 -0.00204515 0.0
0.999995 -0.0061436 0.0
0.999986 -0.0102512 0.0
0.999974 -0.0143689 0.0
0.999958 -0.0184976 0.0
0.999939 -0.0226382 0.0
0.999918 -0.0267914 0.0
0.999895 -0.0309576 0.0
0.999872 -0.0351374 0.0
0.99985 -0.039331 0.0
0.999829 -0.0435384 0.0
0.999811 -0.0477595 0.0
0.999798 -0.0519939 0.0
0.999792 -0.0562409 0.0
0.999793 -0.0604995 0.0
0.999804 -0.0647686 0.0
0.999827 -0.0690465 0.0
0.999863 -0.0733314 0.0
0.999916 -0.077621 0.0
0.999986 -0.0819126 0.0
1.00008 -0.0862032 0.0
1.00019 -0.0904895 0.0
1.00033 -0.0947676 0.0
1.00049 -0.0990333 0.0
1.00069 -0.103282 0.0
1.00091 -0.107508 0.0
1.00117 -0.111707 0.0
1.00147 -0.115873 0.0
1.0018 -0.119999 0.0
1.00218 -0.124079 0.0
1.00259 -0.128106 0.0
1.00304 -0.132072 0.0
1.00354 -0.135972 0.0
1.00408 -0.139796 0.0
1.00467 -0.143537 0.0
1.00529 -0.147188 0.0
1.00597 -0.150741 0.0
1.00668 -0.154187 0.0
1.00744 -0.15752 0.0
1.00823 -0.160732 0.0
1.00907 -0.163816 0.0
1.00994 -0.166764 0.0
1.01084 -0.169572 0.0
1.01178 -0.172232 0.0
1.01274 -0.174739 0.0
1.01373 -0.177089 0.0
1.01473 -0.179277 0.0
1.01576 -0.1813 0.0
1.01679 -0.183155 0.0
1.01784 -0.184839 0.0
1.01889 -0.186351 0.0
1.01995 -0.187691 0.0
1.021 -0.188857 0.0
1.02205 -0.18985 0.0
1.02309 -0.190671 0.0
1.02412 -0.191322 0.0
1.02513 -0.191804 0.0
1.02613 -0.19212 0.0
1.02711 -0.192272 0.0
1.02807 -0.192264 0.0
1.02901 -0.192099 0.0
1.02993 -0.19178 0.0
1.03082 -0.191311 0.0
1.03168 -0.190696 0.0
1.03253 -0.18994 0.0
1.03334 -0.189045 0.0
1.03413 -0.188015 0.0
1.0349 -0.186855 0.0
1.03564 -0.185568 0.0
1.03636 -0.184158 0.0
1.03705 -0.182628 0.0
1.03773 -0.180981 0.0
1.03838 -0.179221 0.0
1.03902 -0.17735 0.0
1.03963 -0.17537 0.0
1.04024 -0.173285 0.0
1.04082 -0.171096 0.0
1.04139 -0.168804 0.0
1.04195 -0.166412 0.0
1.0425 -0.163921 0.0
1.04304 -0.161331 0.0
1.04358 -0.158644 0.0
1.0441 -0.15586 0.0
1.04462 -0.152979 0.0
1.04514 -0.150001 0.0
1.04565 -0.146927 0.0
1.04616 -0.143756 0.0
1.04666 -0.140488 0.0
1.04717 -0.137122 0.0
1.04767 -0.133658 0.0
1.04816 -0.130096 0.0
1.04866 -0.126433 0.0
1.04914 -0.122671 0.0
1.04963 -0.118809 0.0
1.05011 -0.114846 0.0
1.05057 -0.110782 0.0
1.05103 -0.106618 0.0
1.05148 -0.102354 0.0
1.05191 -0.0979901 0.0
1.05232 -0.0935278 0.0
1.05272 -0.0889685 0.0
1.05309 -0.0843142 0.0
1.05343 -0.0795671 0.0
1.05374 -0.0747302 0.0
1.05402 -0.0698068 0.0
1.05426 -0.0648011 0.0
1.05446 -0.0597176 0.0
1.05461 -0.0545614 0.0
1.05471 -0.0493384 0.0
1.05476 -0.0440548 0.0
1.05475 -0.0387178 0.0
1.05468 -0.0333347 0.0
1.05454 -0.0279138 0.0
1.05433 -0.0224635 0.0
1.05406 -0.016993 0.0
1.0537 -0.0115116 0.0
1.05328 -0.00602935 0.0
1.05277 -0.00055612 0.0
1.05218 0.00489801 0.0
1.0515 0.010323 0.0
1.05075 0.0157088 0.0
1.04991 0.0210451 0.0
1.04898 0.0263217 0.0
1.04797 0.0315283 0.0
1.04688 0.0366545 0.0
1.04571 0.0416903 0.0
1.04447 0.0466253 0.0
1.04315 0.0514497 0.0
1.04176 0.0561537 0.0
1.0403 0.0607279 0.0
1.03879 0.0651631 0.0
1.03721 0.0694506 0.0
1.03558 0.0735821 0.0
1.03391 0.0775499 0.0
1.0322 0.0813466 0.0
1.03046 0.0849656 0.0
1.02868 0.0884006 0.0
1.02689 0.0916462 0.0
1.02508 0.0946973 0.0
1.02326 0.0975498 0.0
1.02143 0.1002 0.0
1.01961 0.102645 0.0
1.0178 0.104882 0.0
1.01601 0.106909 0.0
1.01423 0.108726 0.0
1.01248 0.110332 0.0
1.01076 0.111727 0.0
1.00908 0.112911 0.0
1.00743 0.113886 0.0
1.00583 0.114653 0.0
1.00427 0.115215 0.0
1.00276 0.115574 0.0
1.0013 0.115734 0.0
0.999889 0.115698 0.0
0.998535 0.115469 0.0
0.997236 0.115053 0.0
0.995993 0.114453 0.0
0.994807 0.113675 0.0
0.993678 0.112725 0.0
0.992606 0.111606 0.0
0.991589 0.110326 0.0
0.990628 0.108889 0.0
0.989722 0.107302 0.0
0.988869 0.105571 0.0
0.988069 0.103703 0.0
0.98732 0.101703 0.0
0.98662 0.0995769 0.0
0.985967 0.0973324 0.0
0.985361 0.094975 0.0
0.984799 0.0925112 0.0
0.984279 0.0899471 0.0
0.9838 0.0872887 0.0
0.98336 0.084542 0.0
0.982956 0.081713 0.0
0.982587 0.0788072 0.0
0.982251 0.0758302 0.0
0.981946 0.0727875 0.0
0.981671 0.0696841 0.0
0.981422 0.0665252 0.0
0.9812 0.0633155 0.0
0.981002 0.0600595 0.0
0.980826 0.0567617 0.0
0.980671 0.0534263 0.0
0.980535 0.0500571 0.0
0.980418 0.0466579 0.0
0.980317 0.0432321 0.0
0.980231 0.0397832 0.0
0.98016 0.0363141 0.0
0.980101 0.0328276 0.0
0.980054 0.0293265 0.0
0.980019 0.0258131 0.0
0.979993 0.0222898 0.0
0.979976 0.0187585 0.0
0.979967 0.0152211 0.0
0.979966 0.0116792 0.0
0.979972 0.00813414 0.0
0.979983 0.00458739 0.0
0.980001 0.00104201 0.0
0.980022 -0.00247703 0.0
0.980046 -0.00570167 0.0
0.999999 -0.00204277 0.0
0.999993 -0.0061365 0.0
0.999983 -0.0102396 0.0
0.999968 -0.0143531 0.0
0.999949 -0.0184782 0.0
0.999926 -0.0226158 0.0
0.9999 -0.0267667 0.0
0.999872 -0.0309317 0.0
0.999843 -0.0351114 0.0
0.999815 -0.0393061 0.0
0.999788 -0.043516 0.0
0.999765 -0.0477412 0.0
0.999747 -0.0519812 0.0
0.999736 -0.0562357 0.0
0.999734 -0.0605038 0.0
0.999743 -0.0647844 0.0
0.999766 -0.0690759 0.0
0.999804 -0.0733767 0.0
0.99986 -0.0776845 0.0
0.999937 -0.0819967 0.0
1.00004 -0.0863104 0.0
1.00016 -0.0906222 0.0
1.00032 -0.0949283 0.0
1.00051 -0.0992245 0.0
1.00073 -0.103506 0.0
1.00098 -0.107768 0.0
1.00128 -0.112004 0.0
1.00162 -0.11621 0.0
1.002 -0.120377 0.0
1.00243 -0.1245 0.0
1.0029 -0.128572 0.0
1.00343 -0.132585 0.0
1.004 -0.136531 0.0
1.00463 -0.140403 0.0
1.0053 -0.144192 0.0
1.00603 -0.14789 0.0
1.00681 -0.15149 0.0
1.00764 -0.154982 0.0
1.00852 -0.15836 0.0
1.00944 -0.161614 0.0
1.01041 -0.164738 0.0
1.01142 -0.167725 0.0
1.01248 -0.170567 0.0
1.01356 -0.173259 0.0
1.01468 -0.175795 0.0
1.01583 -0.178169 0.0
1.01701 -0.180378 0.0
1.0182 -0.182417 0.0
1.01941 -0.184284 0.0
1.02063 -0.185976 0.0
1.02185 -0.187493 0.0
1.02308 -0.188832 0.0
1.02431 -0.189995 0.0
1.02553 -0.19098 0.0
1.02674 -0.191791 0.0
1.02793 -0.192428 0.0
1.02911 -0.192893 0.0
1.03028 -0.19319 0.0
1.03141 -0.193321 0.0
1.03253 -0.19329 0.0
1.03362 -0.1931 0.0
1.03468 -0.192755 0.0
1.03571 -0.19226 0.0
1.03672 -0.191618 0.0
1.03769 -0.190834 0.0
1.03864 -0.189912 0.0
1.03955 -0.188855 0.0
1.04044 -0.187668 0.0
1.0413 -0.186356 0.0
1.04213 -0.184921 0.0
1.04294 -0.183367 0.0
1.04372 -0.181697 0.0
1.04447 -0.179916 0.0
1.04521 -0.178024 0.0
1.04592 -0.176027 0.0
1.04662 -0.173924 0.0
1.04729 -0.17172 0.0
1.04796 -0.169415 0.0
1.04861 -0.167011 0.0
1.04924 -0.164509 0.0
1.04987 -0.16191 0.0
1.05049 -0.159215 0.0
1.0511 -0.156425 0.0
1.0517 -0.153539 0.0
1.0523 -0.150557 0.0
1.0529 -0.14748 0.0
1.05349 -0.144306 0.0
1.05409 -0.141035 0.0
1.05467 -0.137667 0.0
1.05526 -0.134201 0.0
1.05585 -0.130635 0.0
1.05643 -0.126969 0.0
1.05701 -0.123203 0.0
1.05758 -0.119335 0.0
1.05815 -0.115364 0.0
1.0587 -0.111292 0.0
1.05925 -0.107116 0.0
1.05979 -0.102838 0.0
1.06031 -0.0984579 0.0
1.06081 -0.0939761 0.0
1.06129 -0.0893939 0.0
1.06175 -0.0847132 0.0
1.06217 -0.0799361 0.0
1.06256 -0.0750651 0.0
1.06292 -0.0701038 0.0
1.06323 -0.0650558 0.0
1.0635 -0.0599258 0.0
1.06371 -0.0547188 0.0
1.06387 -0.0494407 0.0
1.06397 -0.044098 0.0
1.064 -0.0386976 0.0
1.06396 -0.0332472 0.0
1.06385 -0.0277552 0.0
1.06367 -0.0222304 0.0
1.0634 -0.016682 0.0
1.06305 -0.0111199 0.0
1.06261 -0.00555418 0.0
1.06208 4.76555e-06 0.0
1.06147 0.00554646 0.0
1.06075 0.0110603 0.0
1.05995 0.0165356 0.0
1.05904 0.0219615 0.0
1.05805 0.0273272 0.0
1.05696 0.0326218 0.0
1.05577 0.0378343 0.0
1.0545 0.042954 0.0
1.05313 0.0479701 0.0
1.05169 0.0528721 0.0
1.05016 0.0576499 0.0
1.04855 0.0622934 0.0
1.04688 0.0667932 0.0
1.04513 0.0711401 0.0
1.04332 0.0753255 0.0
1.04146 0.0793412 0.0
1.03955 0.0831798 0.0
1.03759 0.0868342 0.0
1.0356 0.0902982 0.0
1.03358 0.0935663 0.0
1.03153 0.0966333 0.0
1.02947 0.099495 0.0
1.0274 0.102148 0.0
1.02533 0.104589 0.0
1.02326 0.106816 0.0
1.0212 0.108828 0.0
1.01916 0.110624 0.0
1.01714 0.112203 0.0
1.01515 0.113566 0.0
1.01319 0.114714 0.0
1.01128 0.115648 0.0
1.0094 0.116371 0.0
1.00757 0.116885 0.0
1.0058 0.117193 0.0
1.00407 0.117299 0.0
1.00241 0.117207 0.0
1.0008 0.116921 0.0
0.999251 0.116446 0.0
0.997766 0.115787 0.0
0.996345 0.114949 0.0
0.994987 0.113938 0.0
0.993694 0.112759 0.0
0.992465 0.111418 0.0
0.991299 0.109922 0.0
0.990197 0.108277 0.0
0.989158 0.106489 0.0
0.988179 0.104564 0.0
0.98726 0.102509 0.0
0.9864 0.100331 0.0
0.985597 0.0980346 0.0
0.984848 0.0956277 0.0
0.984153 0.0931162 0.0
0.983508 0.0905063 0.0
0.982913 0.0878041 0.0
0.982364 0.0850157 0.0
0.98186 0.0821469 0.0
0.981399 0.0792035 0.0
0.980978 0.0761908 0.0
0.980595 0.0731144 0.0
0.980248 0.0699794 0.0
0.979936 0.0667906 0.0
0.979655 0.063553 0.0
0.979405 0.0602709 0.0
0.979182 0.0569488 0.0
0.978986 0.0535906 0.0
0.978814 0.0502004 0.0
0.978664 0.0467817 0.0
0.978535 0.0433379 0.0
0.978426 0.0398724 0.0
0.978334 0.0363879 0.0
0.978259 0.0328875 0.0
0.978199 0.0293735 0.0
0.978153 0.0258484 0.0
0.978119 0.0223143 0.0
0.978097 0.0187732 0.0
0.978085 0.0152269 0.0
0.978082 0.0116769 0.0
0.978088 0.00812467 0.0
0.978102 0.00457153 0.0
0.978122 0.00102071 0.0
0.978147 -0.00250249 0.0
0.978176 -0.00572906 0.0
0.999998 -0.00203989 0.0
0.999992 -0.0061279 0.0
0.99998 -0.0102255 0.0
0.999962 -0.014334 0.0
0.999938 -0.0184546 0.0
0.99991 -0.0225884 0.0
0.999878 -0.0267365 0.0
0.999844 -0.0308998 0.0
0.999808 -0.0350789 0.0
0.999773 -0.0392746 0.0
0.999739 -0.0434871 0.0
0.999708 -0.0477165 0.0
0.999683 -0.0519628 0.0
0.999666 -0.0562256 0.0
0.999658 -0.0605042 0.0
0.999663 -0.0647977 0.0
0.999682 -0.0691046 0.0
0.999719 -0.0734233 0.0
0.999777 -0.0777517 0.0
0.999858 -0.0820874 0.0
0.999965 -0.0864275 0.0
1.0001 -0.0907685 0.0
1.00027 -0.0951067 0.0
1.00048 -0.0994379 0.0
1.00072 -0.103757 0.0
1.00101 -0.10806 0.0
1.00134 -0.112339 0.0
1.00171 -0.116591 0.0
1.00214 -0.120806 0.0
1.00262 -0.12498 0.0
1.00316 -0.129103 0.0
1.00375 -0.133169 0.0
1.0044 -0.13717 0.0
1.00511 -0.141097 0.0
1.00588 -0.144942 0.0
1.0067 -0.148695 0.0
1.00759 -0.15235 0.0
1.00854 -0.155896 0.0
1.00954 -0.159325 0.0
1.01059 -0.16263 0.0
1.0117 -0.165801 0.0
1.01286 -0.168832 0.0
1.01406 -0.171715 0.0
1.01531 -0.174444 0.0
1.01659 -0.177012 0.0
1.0179 -0.179415 0.0
1.01925 -0.181647 0.0
1.02061 -0.183706 0.0
1.02199 -0.185587 0.0
1.02339 -0.187289 0.0
1.02479 -0.188809 0.0
1.0262 -0.190149 0.0
1.0276 -0.191306 0.0
1.029 -0.192283 0.0
1.03038 -0.193081 0.0
1.03175 -0.193702 0.0
1.03309 -0.194148 0.0
1.03442 -0.194422 0.0
1.03572 -0.194528 0.0
1.03699 -0.194469 0.0
1.03823 -0.194251 0.0
1.03944 -0.193876 0.0
1.04062 -0.193349 0.0
1.04176 -0.192676 0.0
1.04287 -0.19186 0.0
1.04394 -0.190905 0.0
1.04498 -0.189817 0.0
1.04599 -0.1886 0.0
1.04696 -0.187257 0.0
1.0479 -0.185793 0.0
1.04881 -0.184211 0.0
1.0497 -0.182516 0.0
1.05055 -0.18071 0.0
1.05138 -0.178796 0.0
1.05219 -0.176777 0.0
1.05298 -0.174656 0.0
1.05375 -0.172434 0.0
1.0545 -0.170114 0.0
1.05523 -0.167696 0.0
1.05595 -0.165183 0.0
1.05667 -0.162574 0.0
1.05737 -0.159871 0.0
1.05806 -0.157074 0.0
1.05875 -0.154183 0.0
1.05943 -0.151197 0.0
1.06011 -0.148116 0.0
1.06079 -0.14494 0.0
1.06147 -0.141668 0.0
1.06214 -0.138298 0.0
1.06281 -0.13483 0.0
1.06349 -0.131262 0.0
1.06416 -0.127594 0.0
1.06482 -0.123824 0.0
1.06549 -0.11995 0.0
1.06614 -0.115974 0.0
1.06679 -0.111892 0.0
1.06743 -0.107705 0.0
1.06806 -0.103413 0.0
1.06867 -0.0990157 0.0
1.06927 -0.0945133 0.0
1.06984 -0.0899069 0.0
1.07038 -0.0851979 0.0
1.07089 -0.0803882 0.0
1.07137 -0.0754802 0.0
1.0718 -0.0704772 0.0
1.07219 -0.0653828 0.0
1.07253 -0.0602014 0.0
1.07281 -0.0549383 0.0
1.07303 -0.0495991 0.0
1.07318 -0.0441904 0.0
1.07326 -0.0387194 0.0
1.07327 -0.0331939 0.0
1.07319 -0.0276224 0.0
1.07303 -0.0220141 0.0
1.07277 -0.0163785 0.0
1.07243 -0.0107259 0.0
1.07198 -0.00506663 0.0
1.07144 0.000588317 0.0
1.07079 0.00622803 0.0
1.07004 0.0118414 0.0
1.06919 0.017417 0.0
1.06823 0.0229435 0.0
1.06716 0.0284093 0.0
1.06599 0.0338029 0.0
1.06471 0.0391129 0.0
1.06333 0.0443276 0.0
1.06186 0.0494359 0.0
1.06028 0.0544266 0.0
1.05862 0.059289 0.0
1.05687 0.0640126 0.0
1.05503 0.0685874 0.0
1.05312 0.0730038 0.0
1.05114 0.0772528 0.0
1.04909 0.0813259 0.0
1.04698 0.0852152 0.0
1.04482 0.0889137 0.0
1.04262 0.0924148 0.0
1.04038 0.0957127 0.0
1.0381 0.0988025 0.0
1.03581 0.10168 0.0
1.0335 0.104341 0.0
1.03119 0.106784 0.0
1.02888 0.109006 0.0
1.02657 0.111005 0.0
1.02427 0.112782 0.0
1.022 0.114336 0.0
1.01975 0.115669 0.0
1.01754 0.11678 0.0
1.01537 0.117674 0.0
1.01324 0.118351 0.0
1.01115 0.118815 0.0
1.00912 0.11907 0.0
1.00715 0.119119 0.0
1.00524 0.118967 0.0
1.00339 0.118619 0.0
1.0016 0.11808 0.0
0.999888 0.117355 0.0
0.99824 0.11645 0.0
0.996663 0.115372 0.0
0.995156 0.114125 0.0
0.993721 0.112717 0.0
0.992357 0.111153 0.0
0.991064 0.109441 0.0
0.989841 0.107587 0.0
0.988688 0.105598 0.0
0.987602 0.10348 0.0
0.986584 0.101239 0.0
0.98563 0.0988831 0.0
0.984739 0.0964181 0.0
0.98391 0.0938504 0.0
0.98314 0.0911865 0.0
0.982427 0.0884325 0.0
0.981769 0.0855944 0.0
0.981163 0.0826782 0.0
0.980607 0.0796896 0.0
0.980099 0.0766341 0.0
0.979635 0.0735171 0.0
0.979215 0.0703437 0.0
0.978835 0.0671188 0.0
0.978493 0.0638472 0.0
0.978187 0.0605333 0.0
0.977915 0.0571814 0.0
0.977674 0.0537955 0.0
0.977462 0.0503795 0.0
0.977277 0.0469368 0.0
0.977118 0.0434708 0.0
0.976982 0.0399848 0.0
0.976868 0.0364814 0.0
0.976773 0.0329636 0.0
0.976697 0.0294337 0.0
0.976637 0.025894 0.0
0.976593 0.0223466 0.0
0.976563 0.0187934 0.0
0.976546 0.0152361 0.0
0.97654 0.0116762 0.0
0.976544 0.00811507 0.0
0.976558 0.00455413 0.0
0.976579 0.000996695 0.0
0.976607 -0.00253164 0.0
0.976639 -0.00576101 0.0
0.999998 -0.00203641 0.0
0.999991 -0.00611754 0.0
0.999976 -0.0102085 0.0
0.999954 -0.0143108 0.0
0.999925 -0.0184259 0.0
0.999891 -0.022555 0.0
0.999853 -0.0266995 0.0
0.999811 -0.0308603 0.0
0.999766 -0.0350385 0.0
0.999722 -0.0392348 0.0
0.999679 -0.0434497 0.0
0.999639 -0.0476836 0.0
0.999605 -0.0519365 0.0
0.999578 -0.0562082 0.0
0.999563 -0.0604983 0.0
0.99956 -0.0648059 0.0
0.999574 -0.0691298 0.0
0.999607 -0.0734684 0.0
0.999663 -0.0778199 0.0
0.999745 -0.0821818 0.0
0.999856 -0.0865514 0.0
0.999999 -0.0909252 0.0
1.00018 -0.0952997 0.0
1.0004 -0.0996704 0.0
1.00066 -0.104033 0.0
1.00098 -0.108381 0.0
1.00134 -0.11271 0.0
1.00175 -0.117013 0.0
1.00222 -0.121284 0.0
1.00276 -0.125514 0.0
1.00335 -0.129697 0.0
1.00401 -0.133825 0.0
1.00473 -0.137888 0.0
1.00552 -0.141878 0.0
1.00638 -0.145787 0.0
1.00731 -0.149604 0.0
1.0083 -0.153322 0.0
1.00936 -0.15693 0.0
1.01049 -0.160419 0.0
1.01168 -0.163781 0.0
1.01293 -0.167007 0.0
1.01423 -0.170089 0.0
1.01559 -0.173019 0.0
1.017 -0.17579 0.0
1.01844 -0.178396 0.0
1.01993 -0.180832 0.0
1.02145 -0.183091 0.0
1.02299 -0.185171 0.0
1.02455 -0.187068 0.0
1.02613 -0.18878 0.0
1.02771 -0.190306 0.0
1.0293 -0.191644 0.0
1.03088 -0.192796 0.0
1.03246 -0.193762 0.0
1.03402 -0.194545 0.0
1.03556 -0.195146 0.0
1.03708 -0.195569 0.0
1.03857 -0.195816 0.0
1.04003 -0.195893 0.0
1.04146 -0.195803 0.0
1.04285 -0.195551 0.0
1.0442 -0.195141 0.0
1.04552 -0.194578 0.0
1.0468 -0.193868 0.0
1.04804 -0.193015 0.0
1.04924 -0.192024 0.0
1.05041 -0.1909 0.0
1.05153 -0.189647 0.0
1.05262 -0.18827 0.0
1.05367 -0.186773 0.0
1.05468 -0.18516 0.0
1.05567 -0.183435 0.0
1.05662 -0.181601 0.0
1.05755 -0.179661 0.0
1.05845 -0.177619 0.0
1.05932 -0.175476 0.0
1.06018 -0.173235 0.0
1.06101 -0.170898 0.0
1.06183 -0.168466 0.0
1.06263 -0.16594 0.0
1.06343 -0.16332 0.0
1.06421 -0.160609 0.0
1.06498 -0.157805 0.0
1.06575 -0.154908 0.0
1.06652 -0.151919 0.0
1.06728 -0.148836 0.0
1.06804 -0.145658 0.0
1.0688 -0.142384 0.0
1.06955 -0.139014 0.0
1.07031 -0.135545 0.0
1.07107 -0.131977 0.0
1.07183 -0.128307 0.0
1.07259 -0.124534 0.0
1.07334 -0.120657 0.0
1.07409 -0.116674 0.0
1.07483 -0.112585 0.0
1.07557 -0.108387 0.0
1.07629 -0.104081 0.0
1.07699 -0.0996661 0.0
1.07768 -0.0951424 0.0
1.07834 -0.0905106 0.0
1.07898 -0.0857716 0.0
1.07958 -0.0809271 0.0
1.08014 -0.0759793 0.0
1.08066 -0.0709312 0.0
1.08113 -0.0657863 0.0
1.08154 -0.060549 0.0
1.0819 -0.0552242 0.0
1.08218 -0.0498179 0.0
1.08239 -0.0443365 0.0
1.08253 -0.0387875 0.0
1.08258 -0.0331789 0.0
1.08253 -0.0275194 0.0
1.0824 -0.0218185 0.0
1.08216 -0.0160862 0.0
1.08183 -0.010333 0.0
1.08138 -0.00456992 0.0
1.08082 0.00119162 0.0
1.08015 0.00694016 0.0
1.07937 0.012664 0.0
1.07847 0.018351 0.0
1.07745 0.0239894 0.0
1.07631 0.0295667 0.0
1.07506 0.0350708 0.0
1.07369 0.0404894 0.0
1.07221 0.0458106 0.0
1.07062 0.0510222 0.0
1.06892 0.0561125 0.0
1.06711 0.0610703 0.0
1.06521 0.0658844 0.0
1.06322 0.0705443 0.0
1.06114 0.0750399 0.0
1.05898 0.0793618 0.0
1.05674 0.083501 0.0
1.05444 0.0874495 0.0
1.05208 0.0911998 0.0
1.04967 0.0947451 0.0
1.04721 0.0980797 0.0
1.04472 0.101198 0.0
1.0422 0.104097 0.0
1.03966 0.106771 0.0
1.03711 0.109219 0.0
1.03456 0.111439 0.0
1.03201 0.113429 0.0
1.02947 0.11519 0.0
1.02695 0.11672 0.0
1.02446 0.118023 0.0
1.022 0.119099 0.0
1.01958 0.11995 0.0
1.0172 0.12058 0.0
1.01488 0.120993 0.0
1.01261 0.121191 0.0
1.0104 0.12118 0.0
1.00825 0.120965 0.0
1.00617 0.12055 0.0
1.00416 0.119942 0.0
1.00222 0.119146 0.0
1.00036 0.118169 0.0
0.998575 0.117017 0.0
0.996866 0.115696 0.0
0.995234 0.114213 0.0
0.993681 0.112575 0.0
0.992206 0.110788 0.0
0.990808 0.108861 0.0
0.989488 0.106799 0.0
0.988242 0.104609 0.0
0.987072 0.102299 0.0
0.985973 0.099875 0.0
0.984946 0.0973439 0.0
0.983988 0.0947121 0.0
0.983097 0.0919863 0.0
0.982269 0.0891727 0.0
0.981505 0.0862774 0.0
0.980799 0.0833065 0.0
0.980151 0.0802656 0.0
0.979557 0.0771603 0.0
0.979015 0.0739961 0.0
0.978522 0.070778 0.0
0.978075 0.0675109 0.0
0.977673 0.0641995 0.0
0.977312 0.0608482 0.0
0.976989 0.0574613 0.0
0.976704 0.0540426 0.0
0.976452 0.0505961 0.0
0.976232 0.047125 0.0
0.976041 0.0436327 0.0
0.975878 0.0401222 0.0
0.975739 0.0365964 0.0
0.975625 0.0330579 0.0
0.975531 0.0295089 0.0
0.975458 0.0259518 0.0
0.975402 0.0223885 0.0
0.975363 0.0188208 0.0
0.975339 0.0152503 0.0
0.975328 0.0116786 0.0
0.97533 0.00810685 0.0
0.975342 0.00453652 0.0
0.975364 0.000970989 0.0
0.975394 -0.00256393 0.0
0.97543 -0.00579762 0.0
0.999998 -0.00203224 0.0
0.999989 -0.00610511 0.0
0.999971 -0.0101881 0.0
0.999944 -0.0142829 0.0
0.99991 -0.0183913 0.0
0.999869 -0.0225146 0.0
0.999823 -0.0266544 0.0
0.999771 -0.030812 0.0
0.999717 -0.0349885 0.0
0.999662 -0.0391849 0.0
0.999607 -0.0434019 0.0
0.999555 -0.0476401 0.0
0.99951 -0.0518998 0.0
0.999472 -0.0561809 0.0
0.999445 -0.0604832 0.0
0.999433 -0.064806 0.0
0.999438 -0.0691484 0.0
0.999463 -0.0735089 0.0
0.999514 -0.0778856 0.0
0.999593 -0.0822765 0.0
0.999703 -0.0866787 0.0
0.999851 -0.091089 0.0
1.00004 -0.0955037 0.0
1.00027 -0.0999185 0.0
1.00055 -0.104329 0.0
1.00088 -0.108729 0.0
1.00127 -0.113113 0.0
1.00172 -0.117475 0.0
1.00223 -0.121807 0.0
1.00281 -0.126103 0.0
1.00346 -0.130353 0.0
1.00419 -0.13455 0.0
1.00498 -0.138684 0.0
1.00586 -0.142746 0.0
1.0068 -0.146727 0.0
1.00783 -0.150617 0.0
1.00893 -0.154407 0.0
1.01011 -0.158085 0.0
1.01137 -0.161643 0.0
1.01269 -0.16507 0.0
1.01408 -0.168358 0.0
1.01554 -0.171499 0.0
1.01705 -0.174482 0.0
1.01862 -0.177302 0.0
1.02024 -0.179951 0.0
1.0219 -0.182423 0.0
1.0236 -0.184714 0.0
1.02533 -0.186818 0.0
1.02708 -0.188733 0.0
1.02884 -0.190456 0.0
1.03061 -0.191986 0.0
1.03238 -0.193323 0.0
1.03415 -0.194468 0.0
1.03591 -0.195421 0.0
1.03765 -0.196185 0.0
1.03937 -0.196764 0.0
1.04106 -0.197159 0.0
1.04272 -0.197376 0.0
1.04434 -0.197419 0.0
1.04593 -0.197292 0.0
1.04747 -0.197001 0.0
1.04898 -0.196551 0.0
1.05044 -0.195947 0.0
1.05185 -0.195195 0.0
1.05323 -0.1943 0.0
1.05455 -0.193267 0.0
1.05583 -0.192102 0.0
1.05707 -0.190809 0.0
1.05827 -0.189393 0.0
1.05943 -0.187858 0.0
1.06055 -0.18621 0.0
1.06163 -0.184452 0.0
1.06268 -0.182586 0.0
1.06369 -0.180618 0.0
1.06468 -0.178549 0.0
1.06564 -0.176383 0.0
1.06658 -0.17412 0.0
1.0675 -0.171764 0.0
1.06839 -0.169316 0.0
1.06928 -0.166776 0.0
1.07015 -0.164146 0.0
1.07101 -0.161425 0.0
1.07186 -0.158614 0.0
1.0727 -0.155713 0.0
1.07355 -0.15272 0.0
1.07439 -0.149635 0.0
1.07523 -0.146457 0.0
1.07607 -0.143184 0.0
1.07691 -0.139814 0.0
1.07775 -0.136347 0.0
1.07859 -0.132779 0.0
1.07944 -0.129109 0.0
1.08029 -0.125335 0.0
1.08113 -0.121455 0.0
1.08197 -0.117468 0.0
1.08281 -0.113371 0.0
1.08364 -0.109163 0.0
1.08446 -0.104844 0.0
1.08526 -0.100411 0.0
1.08604 -0.0958662 0.0
1.0868 -0.0912081 0.0
1.08753 -0.0864378 0.0
1.08822 -0.0815566 0.0
1.08888 -0.0765665 0.0
1.08948 -0.0714701 0.0
1.09004 -0.0662708 0.0
1.09053 -0.0609728 0.0
1.09096 -0.0555812 0.0
1.09132 -0.0501017 0.0
1.09159 -0.044541 0.0
1.09178 -0.0389065 0.0
1.09188 -0.0332067 0.0
1.09188 -0.0274504 0.0
1.09178 -0.0216476 0.0
1.09156 -0.0158087 0.0
1.09124 -0.00994466 0.0
1.09079 -0.00406712 0.0
1.09022 0.001812 0.0
1.08953 0.0076806 0.0
1.08871 0.0135263 0.0
1.08777 0.0193365 0.0
1.08669 0.0250984 0.0
1.08549 0.030799 0.0
1.08415 0.0364254 0.0
1.08269 0.0419645 0.0
1.08111 0.0474037 0.0
1.0794 0.0527301 0.0
1.07757 0.0579314 0.0
1.07563 0.0629954 0.0
1.07358 0.0679106 0.0
1.07142 0.0726657 0.0
1.06917 0.0772501 0.0
1.06683 0.081654 0.0
1.06441 0.085868 0.0
1.06191 0.0898836 0.0
1.05934 0.093693 0.0
1.05672 0.0972893 0.0
1.05404 0.100666 0.0
1.05133 0.103819 0.0
1.04858 0.106743 0.0
1.04581 0.109435 0.0
1.04302 0.111892 0.0
1.04023 0.114112 0.0
1.03744 0.116095 0.0
1.03466 0.11784 0.0
1.0319 0.119348 0.0
1.02917 0.120621 0.0
1.02647 0.12166 0.0
1.02381 0.122469 0.0
1.0212 0.12305 0.0
1.01864 0.123408 0.0
1.01614 0.123547 0.0
1.0137 0.123473 0.0
1.01133 0.12319 0.0
1.00903 0.122704 0.0
1.0068 0.122022 0.0
1.00466 0.12115 0.0
1.00259 0.120094 0.0
1.00061 0.118862 0.0
0.998706 0.11746 0.0
0.996889 0.115896 0.0
0.995157 0.114176 0.0
0.99351 0.112309 0.0
0.991947 0.1103 0.0
0.990469 0.108159 0.0
0.989073 0.10589 0.0
0.987759 0.103503 0.0
0.986524 0.101003 0.0
0.985368 0.0983986 0.0
0.984289 0.0956954 0.0
0.983283 0.0929004 0.0
0.982348 0.09002 0.0
0.981483 0.0870605 0.0
0.980684 0.0840279 0.0
0.979948 0.080928 0.0
0.979274 0.0777665 0.0
0.978657 0.0745487 0.0
0.978095 0.0712798 0.0
0.977586 0.0679647 0.0
0.977126 0.064608 0.0
0.976713 0.061214 0.0
0.976344 0.0577871 0.0
0.976015 0.054331 0.0
0.975726 0.0508494 0.0
0.975472 0.0473457 0.0
0.975251 0.0438231 0.0
0.975062 0.0402846 0.0
0.974901 0.0367329 0.0
0.974767 0.0331704 0.0
0.974657 0.0295995 0.0
0.97457 0.0260222 0.0
0.974503 0.0224405 0.0
0.974455 0.018856 0.0
0.974424 0.0152703 0.0
0.974408 0.0116848 0.0
0.974407 0.0081007 0.0
0.974418 0.00451934 0.0
0.97444 0.000944103 0.0
0.974472 -0.00259909 0.0
0.974512 -0.00583892 0.0
0.999997 -0.00202727 0.0
0.999987 -0.00609028 0.0
0.999965 -0.0101637 0.0
0.999934 -0.0142496 0.0
0.999893 -0.0183497 0.0
0.999844 -0.0224659 0.0
0.999787 -0.0265998 0.0
0.999725 -0.030753 0.0
0.999659 -0.0349269 0.0
0.999591 -0.0391227 0.0
0.999522 -0.0433413 0.0
0.999457 -0.0475835 0.0
0.999396 -0.0518499 0.0
0.999344 -0.0561407 0.0
0.999303 -0.0604559 0.0
0.999277 -0.0647949 0.0
0.99927 -0.069157 0.0
0.999284 -0.0735409 0.0
0.999326 -0.0779451 0.0
0.999397 -0.0823675 0.0
0.999504 -0.0868054 0.0
0.99965 -0.0912557 0.0
0.99984 -0.0957147 0.0
1.00008 -0.100178 0.0
1.00037 -0.104642 0.0
1.00072 -0.109099 0.0
1.00113 -0.113545 0.0
1.00161 -0.117972 0.0
1.00216 -0.122373 0.0
1.00279 -0.126741 0.0
1.00349 -0.131067 0.0
1.00428 -0.135342 0.0
1.00514 -0.139556 0.0
1.0061 -0.143699 0.0
1.00714 -0.147763 0.0
1.00826 -0.151735 0.0
1.00947 -0.155605 0.0
1.01077 -0.159363 0.0
1.01215 -0.162999 0.0
1.01362 -0.166501 0.0
1.01515 -0.16986 0.0
1.01677 -0.173066 0.0
1.01845 -0.17611 0.0
1.02019 -0.178985 0.0
1.02198 -0.181682 0.0
1.02382 -0.184196 0.0
1.02571 -0.186521 0.0
1.02762 -0.188652 0.0
1.02956 -0.190586 0.0
1.03152 -0.192321 0.0
1.03348 -0.193856 0.0
1.03545 -0.195191 0.0
1.0374 -0.196326 0.0
1.03935 -0.197264 0.0
1.04127 -0.198007 0.0
1.04317 -0.198558 0.0
1.04504 -0.198922 0.0
1.04687 -0.199103 0.0
1.04866 -0.199107 0.0
1.0504 -0.198938 0.0
1.05211 -0.198602 0.0
1.05376 -0.198106 0.0
1.05536 -0.197455 0.0
1.05691 -0.196655 0.0
1.05841 -0.195712 0.0
1.05986 -0.194632 0.0
1.06127 -0.19342 0.0
1.06262 -0.192082 0.0
1.06392 -0.190622 0.0
1.06518 -0.189046 0.0
1.0664 -0.187358 0.0
1.06758 -0.185562 0.0
1.06872 -0.183662 0.0
1.06982 -0.181662 0.0
1.07089 -0.179564 0.0
1.07193 -0.177371 0.0
1.07295 -0.175086 0.0
1.07394 -0.172709 0.0
1.07492 -0.170243 0.0
1.07587 -0.167689 0.0
1.07682 -0.165047 0.0
1.07775 -0.162317 0.0
1.07868 -0.1595 0.0
1.0796 -0.156594 0.0
1.08051 -0.153599 0.0
1.08143 -0.150513 0.0
1.08235 -0.147336 0.0
1.08327 -0.144064 0.0
1.08419 -0.140697 0.0
1.08511 -0.137232 0.0
1.08604 -0.133667 0.0
1.08697 -0.129999 0.0
1.08791 -0.126226 0.0
1.08884 -0.122345 0.0
1.08978 -0.118354 0.0
1.09071 -0.114252 0.0
1.09163 -0.110035 0.0
1.09255 -0.105703 0.0
1.09345 -0.101254 0.0
1.09433 -0.0966872 0.0
1.09519 -0.0920024 0.0
1.09601 -0.0871998 0.0
1.0968 -0.0822803 0.0
1.09755 -0.0772456 0.0
1.09825 -0.072098 0.0
1.0989 -0.0668406 0.0
1.09948 -0.0614776 0.0
1.09999 -0.0560139 0.0
1.10042 -0.0504553 0.0
1.10076 -0.0448085 0.0
1.10101 -0.0390811 0.0
1.10117 -0.0332818 0.0
1.10121 -0.0274199 0.0
1.10114 -0.0215056 0.0
1.10095 -0.0155499 0.0
1.10064 -0.00956446 0.0
1.1002 -0.00356138 0.0
1.09963 0.00244671 0.0
1.09892 0.00844708 0.0
1.09807 0.0144267 0.0
1.09708 0.0203721 0.0
1.09595 0.0262698 0.0
1.09467 0.0321061 0.0
1.09326 0.0378671 0.0
1.0917 0.0435392 0.0
1.09001 0.0491085 0.0
1.08818 0.0545617 0.0
1.08623 0.0598855 0.0
1.08414 0.0650671 0.0
1.08194 0.0700942 0.0
1.07962 0.0749549 0.0
1.07719 0.079638 0.0
1.07467 0.0841331 0.0
1.07205 0.0884304 0.0
1.06935 0.0925209 0.0
1.06657 0.0963967 0.0
1.06373 0.10005 0.0
1.06084 0.103476 0.0
1.0579 0.106668 0.0
1.05492 0.109621 0.0
1.05191 0.112334 0.0
1.04889 0.114802 0.0
1.04586 0.117025 0.0
1.04283 0.119001 0.0
1.03981 0.120732 0.0
1.03681 0.122217 0.0
1.03383 0.123459 0.0
1.0309 0.12446 0.0
1.028 0.125223 0.0
1.02515 0.125753 0.0
1.02237 0.126054 0.0
1.01964 0.12613 0.0
1.01698 0.125988 0.0
1.01439 0.125633 0.0
1.01188 0.125072 0.0
1.00945 0.12431 0.0
1.0071 0.123356 0.0
1.00484 0.122217 0.0
1.00266 0.120898 0.0
1.00058 0.119409 0.0
0.998585 0.117757 0.0
0.996684 0.115949 0.0
0.994875 0.113993 0.0
0.993157 0.111897 0.0
0.99153 0.109668 0.0
0.989993 0.107314 0.0
0.988545 0.104842 0.0
0.987184 0.10226 0.0
0.985908 0.0995742 0.0
0.984716 0.0967924 0.0
0.983604 0.0939213 0.0
0.98257 0.0909673 0.0
0.981612 0.0879368 0.0
0.980727 0.084836 0.0
0.979911 0.0816709 0.0
0.979162 0.078447 0.0
0.978477 0.0751698 0.0
0.977853 0.0718445 0.0
0.977287 0.0684759 0.0
0.976775 0.0650686 0.0
0.976314 0.0616271 0.0
0.975902 0.0581554 0.0
0.975536 0.0546574 0.0
0.975212 0.0511366 0.0
0.974928 0.0475964 0.0
0.97468 0.0440399 0.0
0.974468 0.0404699 0.0
0.974287 0.0368891 0.0
0.974136 0.0332997 0.0
0.974012 0.0297041 0.0
0.973912 0.0261042 0.0
0.973836 0.0225018 0.0
0.97378 0.0188985 0.0
0.973743 0.0152956 0.0
0.973724 0.0116946 0.0
0.97372 0.00809644 0.0
0.97373 0.0045025 0.0
0.973753 0.000916009 0.0
0.973787 -0.00263711 0.0
0.973831 -0.0058849 0.0
0.999997 -0.00202138 0.0
0.999984 -0.0060727 0.0
0.999959 -0.0101348 0.0
0.999922 -0.0142099 0.0
0.999873 -0.0183002 0.0
0.999815 -0.0224076 0.0
0.999747 -0.0265342 0.0
0.999672 -0.0306817 0.0
0.999592 -0.0348518 0.0
0.999508 -0.0390459 0.0
0.999424 -0.0432653 0.0
0.999341 -0.047511 0.0
0.999263 -0.0517839 0.0
0.999193 -0.0560844 0.0
0.999134 -0.0604127 0.0
0.999091 -0.0647686 0.0
0.999067 -0.0691515 0.0
0.999066 -0.0735605 0.0
0.999094 -0.0779941 0.0
0.999154 -0.0824504 0.0
0.999252 -0.0869269 0.0
0.999392 -0.0914207 0.0
0.99958 -0.0959282 0.0
0.999822 -0.100445 0.0
1.00012 -0.104967 0.0
1.00048 -0.109487 0.0
1.00092 -0.114001 0.0
1.00142 -0.1185 0.0
1.002 -0.122979 0.0
1.00267 -0.127427 0.0
1.00342 -0.131837 0.0
1.00427 -0.136198 0.0
1.0052 -0.140502 0.0
1.00623 -0.144737 0.0
1.00736 -0.148892 0.0
1.00859 -0.152956 0.0
1.00991 -0.156918 0.0
1.01133 -0.160767 0.0
1.01284 -0.164489 0.0
1.01444 -0.168075 0.0
1.01613 -0.171514 0.0
1.01791 -0.174795 0.0
1.01975 -0.177908 0.0
1.02167 -0.180844 0.0
1.02365 -0.183596 0.0
1.02568 -0.186156 0.0
1.02775 -0.188519 0.0
1.02986 -0.19068 0.0
1.032 -0.192635 0.0
1.03416 -0.194383 0.0
1.03632 -0.195922 0.0
1.03848 -0.197253 0.0
1.04064 -0.198377 0.0
1.04278 -0.199296 0.0
1.04489 -0.200013 0.0
1.04697 -0.200533 0.0
1.04902 -0.20086 0.0
1.05102 -0.201 0.0
1.05298 -0.200958 0.0
1.05489 -0.200741 0.0
1.05675 -0.200355 0.0
1.05855 -0.199806 0.0
1.06029 -0.199102 0.0
1.06198 -0.198248 0.0
1.06361 -0.197251 0.0
1.06518 -0.196117 0.0
1.0667 -0.194853 0.0
1.06816 -0.193464 0.0
1.06957 -0.191956 0.0
1.07093 -0.190333 0.0
1.07224 -0.188601 0.0
1.07351 -0.186763 0.0
1.07473 -0.184825 0.0
1.07592 -0.182789 0.0
1.07707 -0.180659 0.0
1.07819 -0.178438 0.0
1.07928 -0.176127 0.0
1.08035 -0.173728 0.0
1.08139 -0.171244 0.0
1.08242 -0.168674 0.0
1.08343 -0.16602 0.0
1.08444 -0.163281 0.0
1.08543 -0.160457 0.0
1.08642 -0.157547 0.0
1.08741 -0.15455 0.0
1.0884 -0.151465 0.0
1.08939 -0.14829 0.0
1.09038 -0.145022 0.0
1.09138 -0.14166 0.0
1.09239 -0.1382 0.0
1.0934 -0.134639 0.0
1.09441 -0.130975 0.0
1.09544 -0.127205 0.0
1.09646 -0.123326 0.0
1.09749 -0.119334 0.0
1.09851 -0.115228 0.0
1.09953 -0.111004 0.0
1.10054 -0.106661 0.0
1.10154 -0.102196 0.0
1.10252 -0.0976078 0.0
1.10348 -0.0928962 0.0
1.10441 -0.0880607 0.0
1.1053 -0.0831017 0.0
1.10615 -0.0780204 0.0
1.10694 -0.072819 0.0
1.10768 -0.0675002 0.0
1.10835 -0.062068 0.0
1.10894 -0.0565271 0.0
1.10946 -0.0508835 0.0
1.10987 -0.0451439 0.0
1.11019 -0.0393161 0.0
1.1104 -0.033409 0.0
1.1105 -0.0274324 0.0
1.11047 -0.0213969 0.0
1.11031 -0.0153141 0.0
1.11002 -0.00919617 0.0
1.10959 -0.00305613 0.0
1.10901 0.00309276 0.0
1.10828 0.00923707 0.0
1.10741 0.015363 0.0
1.10638 0.0214564 0.0
1.10519 0.0275028 0.0
1.10385 0.0334878 0.0
1.10235 0.0393965 0.0
1.1007 0.0452143 0.0
1.0989 0.0509266 0.0
1.09695 0.0565191 0.0
1.09486 0.0619777 0.0
1.09263 0.0672887 0.0
1.09027 0.072439 0.0
1.08778 0.0774161 0.0
1.08518 0.0822081 0.0
1.08246 0.0868038 0.0
1.07965 0.0911931 0.0
1.07674 0.0953666 0.0
1.07375 0.0993157 0.0
1.07069 0.103033 0.0
1.06757 0.106512 0.0
1.06439 0.109748 0.0
1.06118 0.112735 0.0
1.05793 0.115471 0.0
1.05467 0.117953 0.0
1.05139 0.120179 0.0
1.04812 0.12215 0.0
1.04486 0.123865 0.0
1.04161 0.125327 0.0
1.0384 0.126536 0.0
1.03522 0.127497 0.0
1.03209 0.128213 0.0
1.02901 0.128688 0.0
1.02599 0.128927 0.0
1.02304 0.128937 0.0
1.02016 0.128722 0.0
1.01736 0.128289 0.0
1.01464 0.127647 0.0
1.01201 0.1268 0.0
1.00947 0.125758 0.0
1.00702 0.124527 0.0
1.00466 0.123117 0.0
1.0024 0.121534 0.0
1.00024 0.119786 0.0
0.998179 0.117883 0.0
0.996216 0.115832 0.0
0.994352 0.11364 0.0
0.992586 0.111317 0.0
0.990917 0.10887 0.0
0.989344 0.106307 0.0
0.987865 0.103635 0.0
0.986478 0.100862 0.0
0.985181 0.0979945 0.0
0.983972 0.0950405 0.0
0.982848 0.0920063 0.0
0.981805 0.0888985 0.0
0.980842 0.0857234 0.0
0.979954 0.0824869 0.0
0.979138 0.0791949 0.0
0.978393 0.0758527 0.0
0.977713 0.0724656 0.0
0.977095 0.0690385 0.0
0.976538 0.0655759 0.0
0.976036 0.0620822 0.0
0.975587 0.0585614 0.0
0.975187 0.0550174 0.0
0.974834 0.0514536 0.0
0.974524 0.0478733 0.0
0.974255 0.0442795 0.0
0.974023 0.0406749 0.0
0.973826 0.0370621 0.0
0.973661 0.0334432 0.0
0.973525 0.0298205 0.0
0.973417 0.0261957 0.0
0.973333 0.0225706 0.0
0.973272 0.0189465 0.0
0.973231 0.0153248 0.0
0.973209 0.0117067 0.0
0.973204 0.00809317 0.0
0.973215 0.0044853 0.0
0.973239 0.000886219 0.0
0.973276 -0.00267825 0.0
0.973324 -0.00593553 0.0
0.999996 -0.00201443 0.0
0.999981 -0.00605195 0.0
0.999952 -0.0101007 0.0
0.999908 -0.014163 0.0
0.99985 -0.0182414 0.0
0.999781 -0.0223383 0.0
0.999701 -0.0264557 0.0
0.999611 -0.0305959 0.0
0.999515 -0.0347607 0.0
0.999413 -0.0389519 0.0
0.99931 -0.0431711 0.0
0.999207 -0.0474196 0.0
0.999108 -0.0516984 0.0
0.999016 -0.0560084 0.0
0.998936 -0.0603499 0.0
0.998871 -0.0647232 0.0
0.998826 -0.0691278 0.0
0.998806 -0.0735631 0.0
0.998814 -0.0780278 0.0
0.998858 -0.0825203 0.0
0.998941 -0.0870383 0.0
0.999071 -0.091579 0.0
0.999251 -0.0961388 0.0
0.999489 -0.100714 0.0
0.999791 -0.105299 0.0
1.00016 -0.109888 0.0
1.00061 -0.114477 0.0
1.00113 -0.119056 0.0
1.00174 -0.123619 0.0
1.00245 -0.128156 0.0
1.00325 -0.132659 0.0
1.00414 -0.137117 0.0
1.00515 -0.141521 0.0
1.00625 -0.145857 0.0
1.00747 -0.150115 0.0
1.00879 -0.154283 0.0
1.01023 -0.158348 0.0
1.01177 -0.162297 0.0
1.01341 -0.166118 0.0
1.01516 -0.169798 0.0
1.01701 -0.173326 0.0
1.01894 -0.176691 0.0
1.02096 -0.179881 0.0
1.02306 -0.182886 0.0
1.02523 -0.185699 0.0
1.02746 -0.188311 0.0
1.02973 -0.190716 0.0
1.03205 -0.19291 0.0
1.03439 -0.194888 0.0
1.03676 -0.196649 0.0
1.03913 -0.198191 0.0
1.0415 -0.199516 0.0
1.04386 -0.200626 0.0
1.04619 -0.201522 0.0
1.0485 -0.202209 0.0
1.05077 -0.202692 0.0
1.053 -0.202977 0.0
1.05519 -0.203069 0.0
1.05731 -0.202975 0.0
1.05938 -0.202703 0.0
1.0614 -0.202259 0.0
1.06334 -0.201651 0.0
1.06523 -0.200886 0.0
1.06705 -0.199971 0.0
1.06881 -0.198914 0.0
1.0705 -0.197721 0.0
1.07213 -0.196398 0.0
1.0737 -0.194952 0.0
1.07521 -0.193389 0.0
1.07667 -0.191715 0.0
1.07807 -0.189933 0.0
1.07942 -0.18805 0.0
1.08073 -0.18607 0.0
1.08199 -0.183995 0.0
1.08322 -0.18183 0.0
1.08441 -0.179577 0.0
1.08557 -0.177238 0.0
1.0867 -0.174816 0.0
1.08781 -0.172311 0.0
1.08891 -0.169726 0.0
1.08998 -0.167059 0.0
1.09105 -0.16431 0.0
1.09211 -0.161481 0.0
1.09316 -0.158568 0.0
1.09422 -0.155571 0.0
1.09527 -0.152488 0.0
1.09633 -0.149317 0.0
1.0974 -0.146055 0.0
1.09847 -0.142699 0.0
1.09955 -0.139246 0.0
1.10064 -0.135693 0.0
1.10174 -0.132036 0.0
1.10284 -0.128272 0.0
1.10395 -0.124396 0.0
1.10507 -0.120406 0.0
1.10619 -0.116298 0.0
1.1073 -0.112069 0.0
1.10841 -0.107716 0.0
1.10951 -0.103237 0.0
1.11059 -0.098629 0.0
1.11165 -0.0938911 0.0
1.11268 -0.0890226 0.0
1.11367 -0.0840233 0.0
1.11462 -0.078894 0.0
1.11551 -0.0736364 0.0
1.11635 -0.0682531 0.0
1.11711 -0.0627478 0.0
1.11779 -0.0571251 0.0
1.11839 -0.0513908 0.0
1.11889 -0.0455518 0.0
1.11928 -0.0396162 0.0
1.11955 -0.033593 0.0
1.1197 -0.0274925 0.0
1.11972 -0.0213259 0.0
1.11959 -0.0151053 0.0
1.11932 -0.00884383 0.0
1.1189 -0.00255508 0.0
1.11833 0.00374679 0.0
1.11759 0.0100476 0.0
1.11668 0.0163329 0.0
1.11561 0.0225875 0.0
1.11438 0.0287961 0.0
1.11297 0.0349433 0.0
1.11139 0.0410133 0.0
1.10965 0.0469904 0.0
1.10774 0.0528592 0.0
1.10567 0.0586042 0.0
1.10344 0.0642104 0.0
1.10107 0.0696632 0.0
1.09854 0.0749486 0.0
1.09588 0.0800533 0.0
1.0931 0.0849647 0.0
1.09019 0.089671 0.0
1.08717 0.0941613 0.0
1.08405 0.0984259 0.0
1.08084 0.102456 0.0
1.07755 0.106243 0.0
1.07419 0.109781 0.0
1.07078 0.113065 0.0
1.06732 0.116089 0.0
1.06383 0.118851 0.0
1.06032 0.121348 0.0
1.0568 0.12358 0.0
1.05328 0.125544 0.0
1.04977 0.127244 0.0
1.04628 0.12868 0.0
1.04282 0.129855 0.0
1.0394 0.130773 0.0
1.03604 0.131437 0.0
1.03272 0.131853 0.0
1.02948 0.132026 0.0
1.0263 0.131963 0.0
1.02321 0.131671 0.0
1.02019 0.131155 0.0
1.01727 0.130424 0.0
1.01444 0.129486 0.0
1.01171 0.128349 0.0
1.00907 0.127021 0.0
1.00654 0.125511 0.0
1.00411 0.123826 0.0
1.00179 0.121977 0.0
0.999572 0.119971 0.0
0.997463 0.117816 0.0
0.995459 0.115523 0.0
0.993562 0.113098 0.0
0.991769 0.110551 0.0
0.990079 0.107889 0.0
0.988491 0.10512 0.0
0.987002 0.102252 0.0
0.98561 0.0992929 0.0
0.984311 0.0962495 0.0
0.983104 0.0931287 0.0
0.981986 0.0899374 0.0
0.980952 0.0866819 0.0
0.98 0.0833684 0.0
0.979126 0.0800027 0.0
0.978326 0.0765903 0.0
0.977598 0.0731363 0.0
0.976937 0.0696458 0.0
0.97634 0.0661234 0.0
0.975803 0.0625732 0.0
0.975323 0.0589994 0.0
0.974897 0.0554056 0.0
0.97452 0.0517953 0.0
0.97419 0.0481716 0.0
0.973903 0.0445375 0.0
0.973656 0.0408955 0.0
0.973447 0.0372481 0.0
0.973272 0.0335974 0.0
0.973128 0.0299454 0.0
0.973014 0.0262938 0.0
0.972926 0.0226442 0.0
0.972862 0.0189979 0.0
0.97282 0.015356 0.0
0.972798 0.0117195 0.0
0.972794 0.00808943 0.0
0.972806 0.00446658 0.0
0.972833 0.000853914 0.0
0.972873 -0.00272294 0.0
0.972925 -0.00599076 0.0
0.999996 -0.00200628 0.0
0.999978 -0.00602762 0.0
0.999943 -0.0100605 0.0
0.999892 -0.0141078 0.0
0.999825 -0.0181722 0.0
0.999743 -0.0222563 0.0
0.999648 -0.0263626 0.0
0.999542 -0.0304935 0.0
0.999427 -0.0346513 0.0
0.999305 -0.0388381 0.0
0.999179 -0.0430557 0.0
0.999053 -0.0473057 0.0
0.998929 -0.0515897 0.0
0.998812 -0.0559086 0.0
0.998706 -0.0602632 0.0
0.998615 -0.064654 0.0
0.998544 -0.0690809 0.0
0.998498 -0.0735436 0.0
0.998483 -0.078041 0.0
0.998504 -0.0825718 0.0
0.998567 -0.0871339 0.0
0.998679 -0.0917247 0.0
0.998846 -0.0963408 0.0
0.999075 -0.100978 0.0
0.999372 -0.105632 0.0
0.999743 -0.110297 0.0
1.0002 -0.114966 0.0
1.00074 -0.119633 0.0
1.00137 -0.124288 0.0
1.00211 -0.128924 0.0
1.00295 -0.13353 0.0
1.0039 -0.138095 0.0
1.00496 -0.142609 0.0
1.00614 -0.147058 0.0
1.00744 -0.151431 0.0
1.00887 -0.155714 0.0
1.01041 -0.159894 0.0
1.01207 -0.163956 0.0
1.01386 -0.167887 0.0
1.01575 -0.171673 0.0
1.01776 -0.175302 0.0
1.01987 -0.17876 0.0
1.02207 -0.182036 0.0
1.02436 -0.185119 0.0
1.02672 -0.188 0.0
1.02916 -0.190669 0.0
1.03164 -0.193121 0.0
1.03417 -0.19535 0.0
1.03673 -0.197353 0.0
1.03931 -0.199127 0.0
1.0419 -0.200672 0.0
1.04448 -0.201989 0.0
1.04705 -0.20308 0.0
1.04959 -0.203949 0.0
1.0521 -0.2046 0.0
1.05457 -0.205041 0.0
1.05699 -0.205276 0.0
1.05935 -0.205313 0.0
1.06165 -0.20516 0.0
1.06389 -0.204825 0.0
1.06606 -0.204316 0.0
1.06815 -0.203641 0.0
1.07018 -0.202807 0.0
1.07213 -0.201824 0.0
1.07401 -0.200699 0.0
1.07582 -0.199439 0.0
1.07756 -0.198051 0.0
1.07924 -0.196542 0.0
1.08084 -0.194919 0.0
1.08239 -0.193187 0.0
1.08388 -0.191352 0.0
1.08531 -0.189418 0.0
1.0867 -0.187391 0.0
1.08803 -0.185274 0.0
1.08932 -0.18307 0.0
1.09058 -0.180783 0.0
1.0918 -0.178414 0.0
1.093 -0.175967 0.0
1.09417 -0.173441 0.0
1.09532 -0.170838 0.0
1.09645 -0.168158 0.0
1.09758 -0.165401 0.0
1.09869 -0.162565 0.0
1.0998 -0.159651 0.0
1.10092 -0.156655 0.0
1.10203 -0.153576 0.0
1.10316 -0.150411 0.0
1.10428 -0.147156 0.0
1.10542 -0.14381 0.0
1.10658 -0.140367 0.0
1.10774 -0.136824 0.0
1.10891 -0.133177 0.0
1.1101 -0.129421 0.0
1.11129 -0.125553 0.0
1.11249 -0.121567 0.0
1.1137 -0.117461 0.0
1.1149 -0.113229 0.0
1.11611 -0.108869 0.0
1.1173 -0.104377 0.0
1.11848 -0.0997502 0.0
1.11964 -0.094987 0.0
1.12077 -0.0900858 0.0
1.12186 -0.085046 0.0
1.12291 -0.0798677 0.0
1.12391 -0.0745523 0.0
1.12484 -0.0691019 0.0
1.1257 -0.06352 0.0
1.12647 -0.0578111 0.0
1.12715 -0.0519809 0.0
1.12773 -0.0460363 0.0
1.12819 -0.0399856 0.0
1.12853 -0.0338382 0.0
1.12874 -0.0276048 0.0
1.12881 -0.0212972 0.0
1.12873 -0.0149282 0.0
1.12849 -0.00851175 0.0
1.12808 -0.00206239 0.0
1.12751 0.00440491 0.0
1.12676 0.0108752 0.0
1.12584 0.0173331 0.0
1.12473 0.0237626 0.0
1.12344 0.0301474 0.0
1.12197 0.036471 0.0
1.12032 0.0427165 0.0
1.11848 0.0488673 0.0
1.11646 0.0549065 0.0
1.11427 0.0608179 0.0
1.11191 0.0665851 0.0
1.10938 0.0721928 0.0
1.1067 0.0776258 0.0
1.10386 0.08287 0.0
1.10089 0.0879119 0.0
1.09778 0.0927389 0.0
1.09456 0.0973397 0.0
1.09122 0.101704 0.0
1.08779 0.105822 0.0
1.08427 0.109686 0.0
1.08067 0.113289 0.0
1.07702 0.116625 0.0
1.07331 0.11969 0.0
1.06957 0.12248 0.0
1.06581 0.124994 0.0
1.06203 0.12723 0.0
1.05826 0.129189 0.0
1.0545 0.130872 0.0
1.05076 0.13228 0.0
1.04705 0.133418 0.0
1.04339 0.134289 0.0
1.03979 0.134897 0.0
1.03624 0.13525 0.0
1.03276 0.135352 0.0
1.02937 0.13521 0.0
1.02605 0.134833 0.0
1.02283 0.134228 0.0
1.0197 0.133402 0.0
1.01668 0.132366 0.0
1.01376 0.131126 0.0
1.01094 0.129693 0.0
1.00824 0.128075 0.0
1.00565 0.126282 0.0
1.00317 0.124322 0.0
1.0008 0.122206 0.0
0.998553 0.119941 0.0
0.996418 0.117537 0.0
0.994396 0.115003 0.0
0.992486 0.112348 0.0
0.990687 0.10958 0.0
0.988997 0.106707 0.0
0.987413 0.103738 0.0
0.985933 0.10068 0.0
0.984554 0.0975401 0.0
0.983273 0.0943264 0.0
0.982085 0.0910454 0.0
0.980989 0.0877037 0.0
0.979981 0.0843075 0.0
0.979055 0.0808628 0.0
0.97821 0.077375 0.0
0.97744 0.0738495 0.0
0.976743 0.0702911 0.0
0.976114 0.0667045 0.0
0.975549 0.0630938 0.0
0.975044 0.0594632 0.0
0.974596 0.0558162 0.0
0.974202 0.0521562 0.0
0.973856 0.0484861 0.0
0.973557 0.044809 0.0
0.973301 0.0411271 0.0
0.973084 0.0374429 0.0
0.972903 0.0337584 0.0
0.972755 0.0300753 0.0
0.972639 0.0263953 0.0
0.97255 0.0227197 0.0
0.972486 0.0190498 0.0
0.972445 0.0153866 0.0
0.972425 0.0117309 0.0
0.972424 0.00808345 0.0
0.97244 0.00444495 0.0
0.97247 0.000818086 0.0
0.972515 -0.00277168 0.0
0.972571 -0.00605054 0.0
0.999995 -0.00199679 0.0
0.999975 -0.00599924 0.0
0.999934 -0.0100137 0.0
0.999874 -0.0140433 0.0
0.999796 -0.0180911 0.0
0.9997 -0.0221599 0.0
0.999589 -0.0262527 0.0
0.999464 -0.0303722 0.0
0.999327 -0.0345209 0.0
0.999182 -0.0387013 0.0
0.999031 -0.0429157 0.0
0.998877 -0.0471659 0.0
0.998725 -0.0514537 0.0
0.998578 -0.0557807 0.0
0.998441 -0.0601479 0.0
0.998319 -0.0645561 0.0
0.998217 -0.0690056 0.0
0.99814 -0.0734963 0.0
0.998095 -0.0780278 0.0
0.998087 -0.0825987 0.0
0.998124 -0.0872073 0.0
0.998212 -0.0918513 0.0
0.998358 -0.0965275 0.0
0.99857 -0.101232 0.0
0.998855 -0.10596 0.0
0.999221 -0.110706 0.0
0.999674 -0.115463 0.0
1.00022 -0.120225 0.0
1.00087 -0.124982 0.0
1.00163 -0.129725 0.0
1.00251 -0.134444 0.0
1.00351 -0.139128 0.0
1.00463 -0.143763 0.0
1.00588 -0.148338 0.0
1.00727 -0.152839 0.0
1.00879 -0.15725 0.0
1.01044 -0.161557 0.0
1.01223 -0.165746 0.0
1.01416 -0.1698 0.0
1.0162 -0.173705 0.0
1.01837 -0.177446 0.0
1.02066 -0.181009 0.0
1.02305 -0.184382 0.0
1.02554 -0.187551 0.0
1.02811 -0.190507 0.0
1.03076 -0.19324 0.0
1.03347 -0.195744 0.0
1.03622 -0.198012 0.0
1.03901 -0.20004 0.0
1.04182 -0.201827 0.0
1.04463 -0.203372 0.0
1.04744 -0.204678 0.0
1.05022 -0.205747 0.0
1.05298 -0.206583 0.0
1.0557 -0.207193 0.0
1.05837 -0.207583 0.0
1.06098 -0.207761 0.0
1.06352 -0.207736 0.0
1.066 -0.207515 0.0
1.0684 -0.207109 0.0
1.07073 -0.206525 0.0
1.07297 -0.205774 0.0
1.07514 -0.204864 0.0
1.07722 -0.203804 0.0
1.07922 -0.202603 0.0
1.08115 -0.201268 0.0
1.08299 -0.199808 0.0
1.08477 -0.19823 0.0
1.08647 -0.19654 0.0
1.0881 -0.194745 0.0
1.08967 -0.19285 0.0
1.09117 -0.190861 0.0
1.09263 -0.188783 0.0
1.09403 -0.186619 0.0
1.09538 -0.184374 0.0
1.0967 -0.182049 0.0
1.09797 -0.179649 0.0
1.09922 -0.177173 0.0
1.10044 -0.174625 0.0
1.10164 -0.172004 0.0
1.10282 -0.16931 0.0
1.104 -0.166544 0.0
1.10516 -0.163704 0.0
1.10632 -0.160788 0.0
1.10749 -0.157794 0.0
1.10866 -0.15472 0.0
1.10983 -0.151563 0.0
1.11102 -0.148319 0.0
1.11221 -0.144984 0.0
1.11343 -0.141554 0.0
1.11465 -0.138025 0.0
1.11589 -0.13439 0.0
1.11715 -0.130647 0.0
1.11842 -0.126789 0.0
1.11969 -0.122811 0.0
1.12098 -0.118709 0.0
1.12227 -0.114478 0.0
1.12356 -0.110113 0.0
1.12485 -0.105611 0.0
1.12612 -0.100968 0.0
1.12737 -0.0961809 0.0
1.1286 -0.091248 0.0
1.12979 -0.086168 0.0
1.13093 -0.0809405 0.0
1.13203 -0.0755661 0.0
1.13305 -0.0700468 0.0
1.13401 -0.0643856 0.0
1.13487 -0.0585868 0.0
1.13564 -0.0526559 0.0
1.1363 -0.0466001 0.0
1.13684 -0.0404277 0.0
1.13725 -0.0341484 0.0
1.13753 -0.0277734 0.0
1.13765 -0.0213152 0.0
1.13761 -0.0147873 0.0
1.1374 -0.00820461 0.0
1.13702 -0.00158273 0.0
1.13645 0.0050625 0.0
1.1357 0.0117154 0.0
1.13476 0.0183595 0.0
1.13362 0.0249779 0.0
1.13229 0.0315533 0.0
1.13076 0.0380679 0.0
1.12903 0.0445038 0.0
1.1271 0.0508429 0.0
1.12498 0.0570674 0.0
1.12267 0.0631595 0.0
1.12017 0.069102 0.0
1.1175 0.0748782 0.0
1.11465 0.0804719 0.0
1.11164 0.0858679 0.0
1.10848 0.0910519 0.0
1.10517 0.0960105 0.0
1.10174 0.100732 0.0
1.09818 0.105204 0.0
1.09452 0.109418 0.0
1.09076 0.113365 0.0
1.08693 0.117039 0.0
1.08303 0.120432 0.0
1.07907 0.123541 0.0
1.07508 0.126363 0.0
1.07106 0.128894 0.0
1.06703 0.131136 0.0
1.063 0.133088 0.0
1.05898 0.134752 0.0
1.05499 0.13613 0.0
1.05104 0.137227 0.0
1.04713 0.138047 0.0
1.04328 0.138595 0.0
1.0395 0.138878 0.0
1.0358 0.138903 0.0
1.03218 0.138677 0.0
1.02865 0.138209 0.0
1.02522 0.137506 0.0
1.02189 0.136579 0.0
1.01867 0.135435 0.0
1.01556 0.134085 0.0
1.01257 0.132539 0.0
1.0097 0.130806 0.0
1.00695 0.128895 0.0
1.00432 0.126817 0.0
1.00181 0.124582 0.0
0.999429 0.122198 0.0
0.997167 0.119676 0.0
0.995028 0.117026 0.0
0.993008 0.114255 0.0
0.991107 0.111373 0.0
0.989322 0.108389 0.0
0.987651 0.105311 0.0
0.986091 0.102147 0.0
0.984639 0.0989046 0.0
0.98329 0.0955916 0.0
0.982043 0.0922149 0.0
0.980892 0.0887811 0.0
0.979834 0.0852968 0.0
0.978865 0.0817677 0.0
0.977981 0.0781997 0.0
0.977178 0.0745979 0.0
0.97645 0.0709673 0.0
0.975796 0.0673125 0.0
0.975209 0.0636377 0.0
0.974686 0.0599468 0.0
0.974223 0.0562433 0.0
0.973816 0.0525306 0.0
0.973461 0.0488116 0.0
0.973155 0.045089 0.0
0.972893 0.0413651 0.0
0.972673 0.0376422 0.0
0.972491 0.033922 0.0
0.972344 0.0302063 0.0
0.972228 0.0264965 0.0
0.972142 0.0227939 0.0
0.972081 0.0190995 0.0
0.972045 0.0154142 0.0
0.972029 0.0117386 0.0
0.972033 0.00807334 0.0
0.972054 0.00441887 0.0
0.972089 0.00077765 0.0
0.972139 -0.00282505 0.0
0.9722 -0.0061148 0.0
0.999994 -0.00198577 0.0
0.999971 -0.00596633 0.0
0.999924 -0.00995937 0.0
0.999854 -0.0139683 0.0
0.999763 -0.0179966 0.0
0.999652 -0.0220474 0.0
0.999522 -0.026124 0.0
0.999376 -0.0302294 0.0
0.999215 -0.0343666 0.0
0.999043 -0.0385385 0.0
0.998863 -0.0427475 0.0
0.998679 -0.046996 0.0
0.998493 -0.0512863 0.0
0.998312 -0.0556201 0.0
0.998139 -0.0599989 0.0
0.997981 -0.064424 0.0
0.997841 -0.068896 0.0
0.997727 -0.0734153 0.0
0.997645 -0.0779817 0.0
0.997602 -0.0825942 0.0
0.997605 -0.0872516 0.0
0.997662 -0.0919517 0.0
0.99778 -0.0966915 0.0
0.997968 -0.101467 0.0
0.998233 -0.106275 0.0
0.998585 -0.111108 0.0
0.999031 -0.115961 0.0
0.999581 -0.120825 0.0
1.00024 -0.125693 0.0
1.00102 -0.130554 0.0
1.00193 -0.135397 0.0
1.00296 -0.14021 0.0
1.00414 -0.144981 0.0
1.00546 -0.149694 0.0
1.00693 -0.154336 0.0
1.00855 -0.15889 0.0
1.01031 -0.16334 0.0
1.01223 -0.167669 0.0
1.01429 -0.171861 0.0
1.0165 -0.175898 0.0
1.01884 -0.179765 0.0
1.02131 -0.183446 0.0
1.0239 -0.186926 0.0
1.0266 -0.190192 0.0
1.02939 -0.193232 0.0
1.03226 -0.196036 0.0
1.0352 -0.198595 0.0
1.03819 -0.200905 0.0
1.04122 -0.20296 0.0
1.04427 -0.20476 0.0
1.04732 -0.206304 0.0
1.05036 -0.207594 0.0
1.05338 -0.208635 0.0
1.05636 -0.209433 0.0
1.05929 -0.209994 0.0
1.06216 -0.210326 0.0
1.06497 -0.210438 0.0
1.06771 -0.21034 0.0
1.07036 -0.210042 0.0
1.07293 -0.209554 0.0
1.07541 -0.208887 0.0
1.07781 -0.20805 0.0
1.08011 -0.207054 0.0
1.08232 -0.205908 0.0
1.08444 -0.204623 0.0
1.08647 -0.203205 0.0
1.08842 -0.201665 0.0
1.09029 -0.20001 0.0
1.09207 -0.198246 0.0
1.09378 -0.196381 0.0
1.09542 -0.194422 0.0
1.097 -0.192372 0.0
1.09851 -0.190238 0.0
1.09997 -0.188023 0.0
1.10138 -0.185732 0.0
1.10274 -0.183368 0.0
1.10407 -0.180932 0.0
1.10536 -0.178427 0.0
1.10662 -0.175854 0.0
1.10786 -0.173214 0.0
1.10908 -0.170506 0.0
1.11029 -0.16773 0.0
1.11149 -0.164885 0.0
1.11269 -0.161968 0.0
1.11389 -0.158978 0.0
1.1151 -0.155911 0.0
1.11631 -0.152764 0.0
1.11754 -0.149532 0.0
1.11879 -0.146212 0.0
1.12004 -0.142797 0.0
1.12132 -0.139284 0.0
1.12261 -0.135666 0.0
1.12393 -0.131938 0.0
1.12525 -0.128093 0.0
1.1266 -0.124127 0.0
1.12795 -0.120033 0.0
1.12931 -0.115806 0.0
1.13067 -0.11144 0.0
1.13204 -0.10693 0.0
1.13339 -0.102273 0.0
1.13473 -0.097465 0.0
1.13604 -0.0925023 0.0
1.13732 -0.0873834 0.0
1.13855 -0.0821072 0.0
1.13974 -0.0766738 0.0
1.14085 -0.0710847 0.0
1.1419 -0.0653423 0.0
1.14285 -0.0594509 0.0
1.1437 -0.0534158 0.0
1.14445 -0.047244 0.0
1.14507 -0.040944 0.0
1.14555 -0.0345261 0.0
1.14588 -0.0280016 0.0
1.14606 -0.0213838 0.0
1.14607 -0.0146872 0.0
1.1459 -0.00792749 0.0
1.14554 -0.00112158 0.0
1.145 0.00571382 0.0
1.14425 0.0125621 0.0
1.1433 0.0194061 0.0
1.14214 0.0262276 0.0
1.14076 0.0330082 0.0
1.13918 0.0397288 0.0
1.13738 0.0463702 0.0
1.13537 0.052913 0.0
1.13315 0.0593379 0.0
1.13073 0.0656259 0.0
1.1281 0.0717584 0.0
1.12528 0.0777172 0.0
1.12228 0.0834853 0.0
1.11909 0.0890462 0.0
1.11575 0.0943845 0.0
1.11224 0.0994859 0.0
1.1086 0.104338 0.0
1.10482 0.108928 0.0
1.10093 0.113246 0.0
1.09694 0.117284 0.0
1.09287 0.121033 0.0
1.08872 0.124488 0.0
1.08451 0.127645 0.0
1.08026 0.1305 0.0
1.07599 0.133051 0.0
1.0717 0.135298 0.0
1.06741 0.137242 0.0
1.06314 0.138885 0.0
1.0589 0.140231 0.0
1.05469 0.141283 0.0
1.05054 0.142048 0.0
1.04645 0.142531 0.0
1.04244 0.142739 0.0
1.03851 0.14268 0.0
1.03467 0.142362 0.0
1.03092 0.141795 0.0
1.02729 0.140988 0.0
1.02376 0.13995 0.0
1.02035 0.138692 0.0
1.01706 0.137223 0.0
1.0139 0.135555 0.0
1.01086 0.133697 0.0
1.00796 0.131661 0.0
1.00518 0.129456 0.0
1.00254 0.127093 0.0
1.00003 0.124582 0.0
0.997648 0.121934 0.0
0.995397 0.119158 0.0
0.993275 0.116264 0.0
0.991279 0.113261 0.0
0.989407 0.110158 0.0
0.987656 0.106964 0.0
0.986024 0.103687 0.0
0.984506 0.100335 0.0
0.983098 0.0969166 0.0
0.981798 0.0934381 0.0
0.9806 0.0899065 0.0
0.9795 0.0863285 0.0
0.978495 0.0827101 0.0
0.97758 0.079057 0.0
0.976749 0.0753746 0.0
0.975999 0.0716676 0.0
0.975326 0.0679408 0.0
0.974723 0.0641983 0.0
0.974189 0.0604439 0.0
0.973716 0.0566812 0.0
0.973303 0.0529132 0.0
0.972944 0.0491428 0.0
0.972636 0.0453726 0.0
0.972374 0.0416048 0.0
0.972155 0.0378415 0.0
0.971976 0.0340843 0.0
0.971832 0.0303348 0.0
0.971722 0.0265942 0.0
0.971641 0.0228637 0.0
0.971587 0.0191441 0.0
0.971557 0.0154362 0.0
0.971549 0.0117404 0.0
0.971559 0.00805721 0.0
0.971587 0.00438683 0.0
0.971629 0.000731537 0.0
0.971684 -0.00288358 0.0
0.97175 -0.00618349 0.0
0.999993 -0.00197307 0.0
0.999966 -0.00592837 0.0
0.999912 -0.00989663 0.0
0.999832 -0.0138816 0.0
0.999727 -0.0178871 0.0
0.999598 -0.0219167 0.0
0.999448 -0.025974 0.0
0.999277 -0.0300625 0.0
0.99909 -0.0341854 0.0
0.998888 -0.038346 0.0
0.998675 -0.0425472 0.0
0.998456 -0.0467919 0.0
0.998233 -0.0510826 0.0
0.998012 -0.0554216 0.0
0.997798 -0.0598108 0.0
0.997597 -0.0642519 0.0
0.997414 -0.068746 0.0
0.997256 -0.0732938 0.0
0.997131 -0.0778957 0.0
0.997044 -0.0825511 0.0
0.997006 -0.0872591 0.0
0.997023 -0.0920178 0.0
0.997104 -0.0968248 0.0
0.997258 -0.101676 0.0
0.997495 -0.106568 0.0
0.997824 -0.111495 0.0
0.998255 -0.116451 0.0
0.998796 -0.121426 0.0
0.999457 -0.126414 0.0
1.00025 -0.131403 0.0
1.00118 -0.136381 0.0
1.00225 -0.141337 0.0
1.00347 -0.146256 0.0
1.00486 -0.151123 0.0
1.0064 -0.155921 0.0
1.00811 -0.160633 0.0
1.00999 -0.165242 0.0
1.01204 -0.169728 0.0
1.01425 -0.174074 0.0
1.01661 -0.178259 0.0
1.01913 -0.182267 0.0
1.0218 -0.186079 0.0
1.0246 -0.18968 0.0
1.02751 -0.193053 0.0
1.03054 -0.196186 0.0
1.03365 -0.199068 0.0
1.03684 -0.201689 0.0
1.04008 -0.204044 0.0
1.04336 -0.206127 0.0
1.04666 -0.207938 0.0
1.04996 -0.209478 0.0
1.05325 -0.210749 0.0
1.0565 -0.211756 0.0
1.05972 -0.212507 0.0
1.06287 -0.213009 0.0
1.06596 -0.213273 0.0
1.06897 -0.213309 0.0
1.0719 -0.213129 0.0
1.07473 -0.212742 0.0
1.07747 -0.212162 0.0
1.08011 -0.2114 0.0
1.08265 -0.210467 0.0
1.08509 -0.209375 0.0
1.08742 -0.208134 0.0
1.08966 -0.206754 0.0
1.0918 -0.205245 0.0
1.09384 -0.203617 0.0
1.09579 -0.201876 0.0
1.09766 -0.200032 0.0
1.09944 -0.19809 0.0
1.10115 -0.196059 0.0
1.10278 -0.193943 0.0
1.10435 -0.191748 0.0
1.10585 -0.189478 0.0
1.1073 -0.187137 0.0
1.10871 -0.184728 0.0
1.11006 -0.182254 0.0
1.11138 -0.179716 0.0
1.11267 -0.177116 0.0
1.11394 -0.174455 0.0
1.11518 -0.171731 0.0
1.11642 -0.168945 0.0
1.11764 -0.166095 0.0
1.11886 -0.163178 0.0
1.12008 -0.160191 0.0
1.12131 -0.157132 0.0
1.12254 -0.153996 0.0
1.12379 -0.150778 0.0
1.12506 -0.147474 0.0
1.12635 -0.144078 0.0
1.12765 -0.140584 0.0
1.12898 -0.136985 0.0
1.13032 -0.133276 0.0
1.13169 -0.129449 0.0
1.13307 -0.125497 0.0
1.13447 -0.121415 0.0
1.13588 -0.117195 0.0
1.1373 -0.112832 0.0
1.13872 -0.108319 0.0
1.14013 -0.103652 0.0
1.14153 -0.0988249 0.0
1.14291 -0.0938352 0.0
1.14426 -0.0886797 0.0
1.14557 -0.0833567 0.0
1.14683 -0.0778656 0.0
1.14803 -0.0722071 0.0
1.14915 -0.0663834 0.0
1.15018 -0.0603982 0.0
1.15112 -0.0542567 0.0
1.15194 -0.0479658 0.0
1.15263 -0.0415342 0.0
1.15318 -0.0349721 0.0
1.15359 -0.0282917 0.0
1.15382 -0.0215068 0.0
1.15388 -0.0146326 0.0
1.15376 -0.0076862 0.0
1.15343 -0.00068561 0.0
1.15291 0.00635147 0.0
1.15217 0.0134076 0.0
1.15122 0.0204646 0.0
1.15005 0.0275031 0.0
1.14865 0.0345034 0.0
1.14702 0.041445 0.0
1.14517 0.0483073 0.0
1.14308 0.0550693 0.0
1.14077 0.0617102 0.0
1.13824 0.0682095 0.0
1.1355 0.0745471 0.0
1.13254 0.0807035 0.0
1.12939 0.0866602 0.0
1.12604 0.0923995 0.0
1.12251 0.0979049 0.0
1.11882 0.103161 0.0
1.11498 0.108154 0.0
1.11099 0.112872 0.0
1.10688 0.117303 0.0
1.10266 0.121438 0.0
1.09834 0.12527 0.0
1.09395 0.128793 0.0
1.0895 0.132 0.0
1.085 0.134891 0.0
1.08047 0.137463 0.0
1.07593 0.139716 0.0
1.07139 0.141651 0.0
1.06686 0.143272 0.0
1.06237 0.144582 0.0
1.05792 0.145586 0.0
1.05353 0.14629 0.0
1.0492 0.146702 0.0
1.04496 0.146829 0.0
1.0408 0.146679 0.0
1.03674 0.146263 0.0
1.03279 0.14559 0.0
1.02895 0.144669 0.0
1.02523 0.143513 0.0
1.02164 0.142131 0.0
1.01818 0.140535 0.0
1.01485 0.138736 0.0
1.01165 0.136745 0.0
1.0086 0.134573 0.0
1.00569 0.132232 0.0
1.00291 0.129733 0.0
1.00028 0.127087 0.0
0.99779 0.124303 0.0
0.995436 0.121394 0.0
0.993219 0.118368 0.0
0.991136 0.115235 0.0
0.989185 0.112006 0.0
0.987363 0.108688 0.0
0.985666 0.105292 0.0
0.98409 0.101824 0.0
0.982632 0.0982935 0.0
0.981286 0.0947071 0.0
0.980049 0.0910722 0.0
0.978916 0.0873953 0.0
0.977882 0.0836825 0.0
0.976943 0.0799398 0.0
0.976093 0.0761723 0.0
0.975327 0.0723852 0.0
0.974642 0.0685828 0.0
0.974031 0.0647693 0.0
0.97349 0.0609485 0.0
0.973015 0.0571238 0.0
0.972601 0.0532982 0.0
0.972243 0.0494744 0.0
0.971938 0.0456548 0.0
0.97168 0.0418416 0.0
0.971467 0.0380365 0.0
0.971295 0.0342412 0.0
0.971159 0.0304569 0.0
0.971057 0.0266849 0.0
0.970985 0.0229259 0.0
0.97094 0.0191808 0.0
0.970919 0.0154502 0.0
0.97092 0.0117342 0.0
0.970939 0.00803328 0.0
0.970975 0.00434743 0.0
0.971025 0.000678756 0.0
0.971087 -0.00294776 0.0
0.971158 -0.00625654 0.0
0.999992 -0.00195851 0.0
0.999961 -0.00588481 0.0
0.999899 -0.00982458 0.0
0.999808 -0.013782 0.0
0.999687 -0.0177611 0.0
0.999539 -0.0217659 0.0
0.999365 -0.0258005 0.0
0.999168 -0.0298686 0.0
0.998951 -0.033974 0.0
0.998715 -0.0381203 0.0
0.998466 -0.0423109 0.0
0.998207 -0.0465491 0.0
0.997942 -0.0508378 0.0
0.997676 -0.0551798 0.0
0.997415 -0.0595777 0.0
0.997165 -0.0640333 0.0
0.996932 -0.0685486 0.0
0.996723 -0.0731246 0.0
0.996546 -0.077762 0.0
0.996408 -0.0824611 0.0
0.996319 -0.0872211 0.0
0.996287 -0.0920408 0.0
0.996322 -0.096918 0.0
0.996434 -0.10185 0.0
0.996632 -0.106831 0.0
0.996929 -0.111858 0.0
0.997333 -0.116923 0.0
0.997856 -0.122018 0.0
0.998509 -0.127136 0.0
0.999301 -0.132263 0.0
1.00024 -0.13739 0.0
1.00134 -0.142502 0.0
1.00261 -0.147584 0.0
1.00405 -0.152619 0.0
1.00567 -0.15759 0.0
1.00747 -0.162479 0.0
1.00946 -0.167264 0.0
1.01164 -0.171925 0.0
1.014 -0.176443 0.0
1.01653 -0.180794 0.0
1.01924 -0.18496 0.0
1.02211 -0.188919 0.0
1.02512 -0.192654 0.0
1.02827 -0.196147 0.0
1.03154 -0.199384 0.0
1.03491 -0.202352 0.0
1.03836 -0.205041 0.0
1.04187 -0.207443 0.0
1.04542 -0.209556 0.0
1.04898 -0.211377 0.0
1.05255 -0.212908 0.0
1.0561 -0.214153 0.0
1.05961 -0.215119 0.0
1.06307 -0.215814 0.0
1.06645 -0.216248 0.0
1.06976 -0.216433 0.0
1.07298 -0.216381 0.0
1.07611 -0.216105 0.0
1.07912 -0.215618 0.0
1.08203 -0.214934 0.0
1.08483 -0.214065 0.0
1.08751 -0.213024 0.0
1.09008 -0.211824 0.0
1.09254 -0.210477 0.0
1.09488 -0.208993 0.0
1.09712 -0.207382 0.0
1.09925 -0.205656 0.0
1.10129 -0.203822 0.0
1.10322 -0.201888 0.0
1.10507 -0.199863 0.0
1.10683 -0.197753 0.0
1.10851 -0.195564 0.0
1.11012 -0.193301 0.0
1.11166 -0.19097 0.0
1.11314 -0.188574 0.0
1.11456 -0.186116 0.0
1.11594 -0.1836 0.0
1.11727 -0.181026 0.0
1.11857 -0.178396 0.0
1.11984 -0.17571 0.0
1.12109 -0.172969 0.0
1.12232 -0.17017 0.0
1.12354 -0.167313 0.0
1.12476 -0.164395 0.0
1.12597 -0.161411 0.0
1.12719 -0.15836 0.0
1.12842 -0.155236 0.0
1.12967 -0.152033 0.0
1.13093 -0.148747 0.0
1.13221 -0.145371 0.0
1.13351 -0.141898 0.0
1.13483 -0.138321 0.0
1.13618 -0.134633 0.0
1.13755 -0.130827 0.0
1.13894 -0.126894 0.0
1.14035 -0.122827 0.0
1.14178 -0.118619 0.0
1.14322 -0.114263 0.0
1.14466 -0.109751 0.0
1.1461 -0.105077 0.0
1.14754 -0.100237 0.0
1.14896 -0.0952241 0.0
1.15035 -0.090036 0.0
1.15171 -0.0846697 0.0
1.15303 -0.0791239 0.0
1.15428 -0.0733987 0.0
1.15546 -0.0674956 0.0
1.15656 -0.0614178 0.0
1.15756 -0.0551701 0.0
1.15845 -0.0487595 0.0
1.15921 -0.0421943 0.0
1.15983 -0.0354852 0.0
1.16029 -0.0286447 0.0
1.16059 -0.021687 0.0
1.1607 -0.0146287 0.0
1.16063 -0.0074876 0.0
1.16035 -0.000283318 0.0
1.15986 0.00696554 0.0
1.15915 0.0142407 0.0
1.15821 0.0215229 0.0
1.15703 0.0287915 0.0
1.15562 0.0360254 0.0
1.15397 0.0432027 0.0
1.15207 0.0503009 0.0
1.14994 0.0572976 0.0
1.14756 0.0641703 0.0
1.14494 0.0708966 0.0
1.14209 0.0774549 0.0
1.13902 0.0838241 0.0
1.13573 0.0899841 0.0
1.13223 0.0959159 0.0
1.12855 0.101602 0.0
1.12468 0.107025 0.0
1.12064 0.112171 0.0
1.11646 0.117027 0.0
1.11214 0.12158 0.0
1.1077 0.125821 0.0
1.10316 0.129742 0.0
1.09854 0.133337 0.0
1.09384 0.1366 0.0
1.08911 0.139529 0.0
1.08433 0.142124 0.0
1.07955 0.144383 0.0
1.07476 0.146309 0.0
1.07 0.147905 0.0
1.06526 0.149177 0.0
1.06057 0.150128 0.0
1.05595 0.150768 0.0
1.05139 0.151103 0.0
1.04693 0.151142 0.0
1.04255 0.150895 0.0
1.03829 0.150373 0.0
1.03413 0.149585 0.0
1.0301 0.148543 0.0
1.0262 0.147259 0.0
1.02243 0.145745 0.0
1.0188 0.144012 0.0
1.01532 0.142073 0.0
1.01198 0.13994 0.0
1.00878 0.137624 0.0
1.00574 0.135138 0.0
1.00285 0.132494 0.0
1.0001 0.129702 0.0
0.997509 0.126775 0.0
0.995061 0.123723 0.0
0.992759 0.120558 0.0
0.990599 0.117288 0.0
0.988578 0.113924 0.0
0.986694 0.110476 0.0
0.984942 0.106953 0.0
0.983318 0.103363 0.0
0.981817 0.0997138 0.0
0.980436 0.0960137 0.0
0.979168 0.0922698 0.0
0.97801 0.0884888 0.0
0.976956 0.084677 0.0
0.976 0.0808403 0.0
0.975139 0.0769839 0.0
0.974365 0.0731128 0.0
0.973674 0.0692315 0.0
0.973062 0.0653441 0.0
0.972522 0.0614543 0.0
0.97205 0.0575653 0.0
0.97164 0.05368 0.0
0.971289 0.0498011 0.0
0.970992 0.0459308 0.0
0.970744 0.0420709 0.0
0.970541 0.0382231 0.0
0.97038 0.0343889 0.0
0.970255 0.0305693 0.0
0.970165 0.0267654 0.0
0.970104 0.0229778 0.0
0.970071 0.0192072 0.0
0.970062 0.0154539 0.0
0.970074 0.0117181 0.0
0.970103 0.00799995 0.0
0.970149 0.00429942 0.0
0.970207 0.000618439 0.0
0.970276 -0.00301804 0.0
0.970353 -0.0063339 0.0
0.999991 -0.00194188 0.0
0.999956 -0.00583508 0.0
0.999886 -0.00974228 0.0
0.999781 -0.013668 0.0
0.999643 -0.0176167 0.0
0.999474 -0.0215929 0.0
0.999275 -0.0256008 0.0
0.999048 -0.0296448 0.0
0.998797 -0.0337291 0.0
0.998525 -0.0378575 0.0
0.998235 -0.0420342 0.0
0.997931 -0.0462627 0.0
0.997618 -0.0505465 0.0
0.997302 -0.0548891 0.0
0.996988 -0.0592932 0.0
0.996682 -0.0637616 0.0
0.996391 -0.0682965 0.0
0.996123 -0.0728997 0.0
0.995886 -0.0775724 0.0
0.995688 -0.0823154 0.0
0.995539 -0.0871285 0.0
0.995448 -0.092011 0.0
0.995427 -0.0969612 0.0
0.995485 -0.101976 0.0
0.995634 -0.107053 0.0
0.995887 -0.112185 0.0
0.996254 -0.117367 0.0
0.996747 -0.122591 0.0
0.99738 -0.127848 0.0
0.998164 -0.133127 0.0
0.999109 -0.138414 0.0
1.00023 -0.143696 0.0
1.00153 -0.148957 0.0
1.00302 -0.154178 0.0
1.00471 -0.159341 0.0
1.0066 -0.164424 0.0
1.0087 -0.169406 0.0
1.01101 -0.174263 0.0
1.01352 -0.178972 0.0
1.01623 -0.18351 0.0
1.01913 -0.187852 0.0
1.02221 -0.191976 0.0
1.02546 -0.195862 0.0
1.02886 -0.199489 0.0
1.03239 -0.202841 0.0
1.03603 -0.205904 0.0
1.03976 -0.208667 0.0
1.04355 -0.211121 0.0
1.04739 -0.213263 0.0
1.05124 -0.215091 0.0
1.05509 -0.216609 0.0
1.05891 -0.217822 0.0
1.06269 -0.218737 0.0
1.0664 -0.219365 0.0
1.07004 -0.219719 0.0
1.07357 -0.219812 0.0
1.07701 -0.219658 0.0
1.08033 -0.219273 0.0
1.08353 -0.218671 0.0
1.08661 -0.217868 0.0
1.08957 -0.216879 0.0
1.09239 -0.215718 0.0
1.09509 -0.214397 0.0
1.09766 -0.212931 0.0
1.10011 -0.211332 0.0
1.10244 -0.209609 0.0
1.10465 -0.207774 0.0
1.10675 -0.205837 0.0
1.10875 -0.203805 0.0
1.11064 -0.201688 0.0
1.11245 -0.199491 0.0
1.11416 -0.197221 0.0
1.11579 -0.194884 0.0
1.11735 -0.192485 0.0
1.11884 -0.190027 0.0
1.12027 -0.187515 0.0
1.12164 -0.18495 0.0
1.12297 -0.182335 0.0
1.12425 -0.17967 0.0
1.1255 -0.176956 0.0
1.12672 -0.174193 0.0
1.12792 -0.171378 0.0
1.12911 -0.168511 0.0
1.13028 -0.165588 0.0
1.13145 -0.162606 0.0
1.13263 -0.159561 0.0
1.13381 -0.156447 0.0
1.13501 -0.153259 0.0
1.13622 -0.149991 0.0
1.13744 -0.146635 0.0
1.1387 -0.143185 0.0
1.13997 -0.139632 0.0
1.14127 -0.135968 0.0
1.14259 -0.132186 0.0
1.14394 -0.128275 0.0
1.14531 -0.124228 0.0
1.14671 -0.120037 0.0
1.14811 -0.115692 0.0
1.14953 -0.111186 0.0
1.15096 -0.106512 0.0
1.15239 -0.101663 0.0
1.1538 -0.096634 0.0
1.1552 -0.0914194 0.0
1.15657 -0.0860159 0.0
1.1579 -0.0804213 0.0
1.15918 -0.0746348 0.0
1.1604 -0.0686573 0.0
1.16154 -0.0624913 0.0
1.16258 -0.0561413 0.0
1.16352 -0.0496136 0.0
1.16434 -0.0429167 0.0
1.16501 -0.0360612 0.0
1.16554 -0.0290597 0.0
1.1659 -0.0219274 0.0
1.16607 -0.0146812 0.0
1.16606 -0.00734039 0.0
1.16583 7.40097e-05 0.0
1.16539 0.00754244 0.0
1.16472 0.0150458 0.0
1.16381 0.0225636 0.0
1.16266 0.030074 0.0
1.16126 0.0375543 0.0
1.15961 0.0449808 0.0
1.1577 0.0523295 0.0
1.15553 0.0595759 0.0
1.1531 0.0666956 0.0
1.15043 0.0736645 0.0
1.1475 0.0804591 0.0
1.14434 0.0870566 0.0
1.14095 0.0934351 0.0
1.13733 0.099574 0.0
1.13351 0.105454 0.0
1.12949 0.111058 0.0
1.12529 0.116369 0.0
1.12094 0.121373 0.0
1.11643 0.126059 0.0
1.1118 0.130415 0.0
1.10705 0.134432 0.0
1.10222 0.138105 0.0
1.09731 0.141429 0.0
1.09235 0.144401 0.0
1.08736 0.147019 0.0
1.08234 0.149286 0.0
1.07733 0.151202 0.0
1.07234 0.152773 0.0
1.06738 0.154003 0.0
1.06247 0.154899 0.0
1.05763 0.155469 0.0
1.05286 0.155722 0.0
1.04818 0.155668 0.0
1.04361 0.155317 0.0
1.03915 0.15468 0.0
1.03481 0.15377 0.0
1.0306 0.152599 0.0
1.02652 0.151179 0.0
1.02259 0.149524 0.0
1.01881 0.147645 0.0
1.01518 0.145557 0.0
1.01171 0.143271 0.0
1.00839 0.140802 0.0
1.00523 0.138162 0.0
1.00223 0.135363 0.0
0.999386 0.132418 0.0
0.9967 0.129339 0.0
0.994171 0.126137 0.0
0.991795 0.122823 0.0
0.989569 0.119408 0.0
0.98749 0.115903 0.0
0.985555 0.112317 0.0
0.983759 0.10866 0.0
0.982097 0.104941 0.0
0.980565 0.101168 0.0
0.979158 0.0973484 0.0
0.97787 0.0934903 0.0
0.976696 0.0896004 0.0
0.975631 0.0856851 0.0
0.974668 0.0817502 0.0
0.973803 0.0778011 0.0
0.973029 0.0738428 0.0
0.972341 0.0698797 0.0
0.971734 0.0659158 0.0
0.971202 0.0619547 0.0
0.970739 0.0579995 0.0
0.970341 0.0540531 0.0
0.970003 0.0501177 0.0
0.969719 0.0461954 0.0
0.969485 0.0422881 0.0
0.969296 0.0383971 0.0
0.969149 0.0345236 0.0
0.96904 0.0306685 0.0
0.968964 0.0268327 0.0
0.968918 0.0230167 0.0
0.968899 0.0192208 0.0
0.968903 0.0154454 0.0
0.968927 0.0116904 0.0
0.968969 0.00795589 0.0
0.969025 0.00424176 0.0
0.969093 0.000549876 0.0
0.969169 -0.00309475 0.0
0.969251 -0.00641549 0.0
0.99999 -0.001923 0.0
0.99995 -0.0057786 0.0
0.99987 -0.00964874 0.0
0.999752 -0.0135383 0.0
0.999595 -0.0174523 0.0
0.999402 -0.0213953 0.0
0.999176 -0.0253724 0.0
0.998917 -0.029388 0.0
0.998629 -0.033447 0.0
0.998315 -0.0375537 0.0
0.99798 -0.0417125 0.0
0.997627 -0.0459277 0.0
0.997261 -0.0502033 0.0
0.996888 -0.0545431 0.0
0.996514 -0.0589507 0.0
0.996146 -0.0634294 0.0
0.995789 -0.0679819 0.0
0.995454 -0.0726108 0.0
0.995148 -0.0773178 0.0
0.99488 -0.0821044 0.0
0.99466 -0.0869711 0.0
0.9945 -0.0919177 0.0
0.99441 -0.0969431 0.0
0.994403 -0.102045 0.0
0.994491 -0.107221 0.0
0.994686 -0.112465 0.0
0.995003 -0.117771 0.0
0.995455 -0.123133 0.0
0.996056 -0.12854 0.0
0.996818 -0.133981 0.0
0.997756 -0.139443 0.0
0.998882 -0.144911 0.0
1.00021 -0.150368 0.0
1.00174 -0.155794 0.0
1.00349 -0.161168 0.0
1.00547 -0.166468 0.0
1.00768 -0.171668 0.0
1.01012 -0.176744 0.0
1.01278 -0.181667 0.0
1.01567 -0.186413 0.0
1.01878 -0.190954 0.0
1.02208 -0.195263 0.0
1.02558 -0.199318 0.0
1.02924 -0.203096 0.0
1.03305 -0.206577 0.0
1.03699 -0.209745 0.0
1.04102 -0.212588 0.0
1.04512 -0.215097 0.0
1.04927 -0.217268 0.0
1.05343 -0.219101 0.0
1.05758 -0.220599 0.0
1.0617 -0.22177 0.0
1.06575 -0.222623 0.0
1.06973 -0.223172 0.0
1.07362 -0.223431 0.0
1.0774 -0.223416 0.0
1.08105 -0.223145 0.0
1.08458 -0.222634 0.0
1.08797 -0.221902 0.0
1.09122 -0.220965 0.0
1.09432 -0.21984 0.0
1.09728 -0.218543 0.0
1.1001 -0.217089 0.0
1.10278 -0.215491 0.0
1.10533 -0.213763 0.0
1.10774 -0.211916 0.0
1.11002 -0.209962 0.0
1.11218 -0.207911 0.0
1.11422 -0.20577 0.0
1.11615 -0.20355 0.0
1.11798 -0.201257 0.0
1.11971 -0.198897 0.0
1.12134 -0.196477 0.0
1.12289 -0.194001 0.0
1.12437 -0.191474 0.0
1.12577 -0.188899 0.0
1.12711 -0.186278 0.0
1.12839 -0.183613 0.0
1.12962 -0.180907 0.0
1.13081 -0.178157 0.0
1.13196 -0.175365 0.0
1.13308 -0.172529 0.0
1.13419 -0.169646 0.0
1.13527 -0.166714 0.0
1.13635 -0.163729 0.0
1.13742 -0.160686 0.0
1.13849 -0.157579 0.0
1.13958 -0.154403 0.0
1.14067 -0.151151 0.0
1.14178 -0.147815 0.0
1.14291 -0.144388 0.0
1.14407 -0.140859 0.0
1.14525 -0.137222 0.0
1.14646 -0.133465 0.0
1.14769 -0.12958 0.0
1.14896 -0.125557 0.0
1.15025 -0.121387 0.0
1.15156 -0.11706 0.0
1.15289 -0.112568 0.0
1.15423 -0.107901 0.0
1.15558 -0.103052 0.0
1.15693 -0.0980147 0.0
1.15828 -0.0927826 0.0
1.15961 -0.0873514 0.0
1.16091 -0.0817175 0.0
1.16217 -0.0758794 0.0
1.16338 -0.0698369 0.0
1.16452 -0.0635918 0.0
1.16558 -0.0571479 0.0
1.16655 -0.050511 0.0
1.1674 -0.0436891 0.0
1.16813 -0.0366928 0.0
1.16871 -0.0295348 0.0
1.16913 -0.0222303 0.0
1.16937 -0.0147973 0.0
1.16942 -0.00725609 0.0
1.16926 0.000370992 0.0
1.16889 0.00806329 0.0
1.16828 0.0158008 0.0
1.16744 0.0235619 0.0
1.16634 0.0313233 0.0
1.16498 0.0390606 0.0
1.16336 0.0467484 0.0
1.16148 0.0543604 0.0
1.15932 0.0618704 0.0
1.15689 0.0692518 0.0
1.1542 0.0764784 0.0
1.15124 0.0835247 0.0
1.14803 0.0903658 0.0
1.14457 0.0969781 0.0
1.14088 0.103339 0.0
1.13696 0.109428 0.0
1.13284 0.115226 0.0
1.12852 0.120715 0.0
1.12403 0.12588 0.0
1.11938 0.130709 0.0
1.11458 0.135189 0.0
1.10967 0.139312 0.0
1.10466 0.14307 0.0
1.09958 0.14646 0.0
1.09443 0.149479 0.0
1.08924 0.152125 0.0
1.08403 0.1544 0.0
1.07882 0.156308 0.0
1.07363 0.157852 0.0
1.06847 0.159039 0.0
1.06337 0.159877 0.0
1.05833 0.160374 0.0
1.05337 0.16054 0.0
1.04851 0.160387 0.0
1.04376 0.159925 0.0
1.03913 0.159168 0.0
1.03462 0.158128 0.0
1.03025 0.15682 0.0
1.02603 0.155256 0.0
1.02196 0.15345 0.0
1.01804 0.151417 0.0
1.01429 0.14917 0.0
1.01069 0.146725 0.0
1.00727 0.144093 0.0
1.00401 0.14129 0.0
1.00092 0.138328 0.0
0.997991 0.135221 0.0
0.995231 0.131981 0.0
0.992636 0.12862 0.0
0.990201 0.125151 0.0
0.987924 0.121583 0.0
0.985801 0.11793 0.0
0.983829 0.114199 0.0
0.982001 0.110402 0.0
0.980315 0.106548 0.0
0.978764 0.102644 0.0
0.977343 0.0987003 0.0
0.976046 0.0947232 0.0
0.974867 0.0907199 0.0
0.973801 0.086697 0.0
0.972842 0.0826603 0.0
0.971983 0.0786154 0.0
0.971218 0.074567 0.0
0.970542 0.0705196 0.0
0.969948 0.066477 0.0
0.969431 0.0624429 0.0
0.968985 0.0584201 0.0
0.968604 0.0544112 0.0
0.968284 0.0504185 0.0
0.968019 0.0464439 0.0
0.967803 0.0424887 0.0
0.967634 0.0385544 0.0
0.967505 0.0346417 0.0
0.967414 0.0307515 0.0
0.967356 0.0268842 0.0
0.967326 0.0230402 0.0
0.967323 0.0192198 0.0
0.967342 0.015423 0.0
0.967381 0.0116498 0.0
0.967436 0.00790006 0.0
0.967503 0.00417368 0.0
0.967581 0.000472557 0.0
0.967665 -0.00317813 0.0
0.967752 -0.00650123 0.0
0.999989 -0.00190167 0.0
0.999944 -0.00571476 0.0
0.999854 -0.00954295 0.0
0.99972 -0.0133915 0.0
0.999543 -0.0172658 0.0
0.999325 -0.021171 0.0
0.999067 -0.0251124 0.0
0.998773 -0.029095 0.0
0.998445 -0.0331241 0.0
0.998087 -0.0372045 0.0
0.997701 -0.0413411 0.0
0.997294 -0.0455388 0.0
0.99687 -0.0498021 0.0
0.996434 -0.0541355 0.0
0.995993 -0.0585431 0.0
0.995554 -0.0630289 0.0
0.995124 -0.0675964 0.0
0.994712 -0.0722487 0.0
0.994326 -0.0769884 0.0
0.993978 -0.0818176 0.0
0.993677 -0.0867377 0.0
0.993436 -0.0917492 0.0
0.993265 -0.0968516 0.0
0.99318 -0.102044 0.0
0.993192 -0.107322 0.0
0.993317 -0.112684 0.0
0.993569 -0.118122 0.0
0.993964 -0.123629 0.0
0.994518 -0.129197 0.0
0.995246 -0.134814 0.0
0.996162 -0.140465 0.0
0.997283 -0.146136 0.0
0.998621 -0.151807 0.0
1.00019 -0.157458 0.0
1.002 -0.163066 0.0
1.00405 -0.168605 0.0
1.00637 -0.174049 0.0
1.00894 -0.179369 0.0
1.01176 -0.184533 0.0
1.01484 -0.189513 0.0
1.01816 -0.194277 0.0
1.0217 -0.198795 0.0
1.02546 -0.203041 0.0
1.02941 -0.206987 0.0
1.03353 -0.210612 0.0
1.03778 -0.213896 0.0
1.04214 -0.216827 0.0
1.04657 -0.219395 0.0
1.05105 -0.221594 0.0
1.05554 -0.223427 0.0
1.06002 -0.224897 0.0
1.06444 -0.226015 0.0
1.0688 -0.226793 0.0
1.07306 -0.227246 0.0
1.07722 -0.227393 0.0
1.08124 -0.227253 0.0
1.08512 -0.226846 0.0
1.08885 -0.226191 0.0
1.09243 -0.22531 0.0
1.09585 -0.224222 0.0
1.0991 -0.222945 0.0
1.1022 -0.221496 0.0
1.10513 -0.219891 0.0
1.10791 -0.218147 0.0
1.11054 -0.216276 0.0
1.11301 -0.214292 0.0
1.11535 -0.212205 0.0
1.11755 -0.210026 0.0
1.11962 -0.207765 0.0
1.12156 -0.20543 0.0
1.12338 -0.203028 0.0
1.1251 -0.200567 0.0
1.12671 -0.198052 0.0
1.12822 -0.195488 0.0
1.12964 -0.19288 0.0
1.13097 -0.19023 0.0
1.13223 -0.187542 0.0
1.13342 -0.184818 0.0
1.13454 -0.182058 0.0
1.13561 -0.179263 0.0
1.13663 -0.176433 0.0
1.13761 -0.173565 0.0
1.13856 -0.170658 0.0
1.13948 -0.167708 0.0
1.14038 -0.164712 0.0
1.14127 -0.161664 0.0
1.14215 -0.158559 0.0
1.14304 -0.15539 0.0
1.14393 -0.15215 0.0
1.14483 -0.148831 0.0
1.14575 -0.145424 0.0
1.14669 -0.14192 0.0
1.14766 -0.138309 0.0
1.14865 -0.134581 0.0
1.14968 -0.130725 0.0
1.15074 -0.126732 0.0
1.15183 -0.122589 0.0
1.15295 -0.118288 0.0
1.15409 -0.113817 0.0
1.15527 -0.109168 0.0
1.15646 -0.104331 0.0
1.15767 -0.0992975 0.0
1.15889 -0.0940614 0.0
1.1601 -0.0886164 0.0
1.16131 -0.082958 0.0
1.16249 -0.0770833 0.0
1.16364 -0.0709912 0.0
1.16474 -0.0646823 0.0
1.16578 -0.0581595 0.0
1.16674 -0.0514278 0.0
1.16761 -0.0444947 0.0
1.16837 -0.0373701 0.0
1.169 -0.0300665 0.0
1.16948 -0.0225994 0.0
1.1698 -0.014987 0.0
1.16993 -0.00725048 0.0
1.16986 0.000586448 0.0
1.16959 0.00850197 0.0
1.16908 0.0164752 0.0
1.16833 0.0244832 0.0
1.16733 0.0325012 0.0
1.16606 0.040503 0.0
1.16453 0.048461 0.0
1.16272 0.0563471 0.0
1.16062 0.0641327 0.0
1.15825 0.0717889 0.0
1.1556 0.0792872 0.0
1.15267 0.0865999 0.0
1.14947 0.0936998 0.0
1.14601 0.100561 0.0
1.1423 0.10716 0.0
1.13836 0.113472 0.0
1.13418 0.119479 0.0
1.1298 0.12516 0.0
1.12523 0.130499 0.0
1.12049 0.135483 0.0
1.1156 0.140098 0.0
1.11058 0.144336 0.0
1.10544 0.148189 0.0
1.10022 0.151652 0.0
1.09494 0.154723 0.0
1.0896 0.157402 0.0
1.08424 0.15969 0.0
1.07888 0.16159 0.0
1.07353 0.163108 0.0
1.06822 0.164252 0.0
1.06296 0.16503 0.0
1.05777 0.165451 0.0
1.05266 0.165527 0.0
1.04765 0.16527 0.0
1.04275 0.164693 0.0
1.03797 0.163809 0.0
1.03333 0.162633 0.0
1.02884 0.16118 0.0
1.02449 0.159464 0.0
1.0203 0.157501 0.0
1.01628 0.155305 0.0
1.01243 0.152893 0.0
1.00874 0.150278 0.0
1.00523 0.147476 0.0
1.0019 0.144502 0.0
0.998735 0.141369 0.0
0.995748 0.138092 0.0
0.992935 0.134683 0.0
0.990293 0.131156 0.0
0.987819 0.127524 0.0
0.985509 0.123797 0.0
0.98336 0.119988 0.0
0.981367 0.116107 0.0
0.979525 0.112164 0.0
0.97783 0.108168 0.0
0.976275 0.10413 0.0
0.974854 0.100057 0.0
0.973561 0.0959561 0.0
0.972391 0.0918356 0.0
0.971337 0.0877016 0.0
0.970392 0.0835601 0.0
0.96955 0.0794166 0.0
0.968805 0.0752758 0.0
0.96815 0.0711422 0.0
0.967578 0.0670195 0.0
0.967085 0.0629111 0.0
0.966663 0.0588199 0.0
0.966306 0.0547481 0.0
0.966011 0.0506979 0.0
0.96577 0.0466708 0.0
0.965578 0.0426682 0.0
0.965432 0.0386909 0.0
0.965326 0.0347397 0.0
0.965256 0.030815 0.0
0.965218 0.0269172 0.0
0.965208 0.0230464 0.0
0.965222 0.0192025 0.0
0.965258 0.0153855 0.0
0.965311 0.0115953 0.0
0.965379 0.00783177 0.0
0.965459 0.00409472 0.0
0.965546 0.000386217 0.0
0.965639 -0.00326826 0.0
0.965731 -0.00659103 0.0
0.999987 -0.00187768 0.0
0.999937 -0.00564295 0.0
0.999836 -0.00942387 0.0
0.999685 -0.0132262 0.0
0.999486 -0.0170555 0.0
0.999241 -0.0209176 0.0
0.99895 -0.0248181 0.0
0.998618 -0.0287625 0.0
0.998246 -0.0327565 0.0
0.997838 -0.0368056 0.0
0.997398 -0.0409151 0.0
0.996931 -0.0450905 0.0
0.996442 -0.049337 0.0
0.995937 -0.0536595 0.0
0.995422 -0.058063 0.0
0.994904 -0.0625521 0.0
0.994392 -0.067131 0.0
0.993893 -0.0718038 0.0
0.993419 -0.0765738 0.0
0.992979 -0.0814439 0.0
0.992585 -0.0864165 0.0
0.992249 -0.0914927 0.0
0.991984 -0.0966732 0.0
0.991805 -0.101957 0.0
0.991727 -0.107343 0.0
0.991766 -0.112826 0.0
0.991937 -0.118403 0.0
0.99226 -0.124066 0.0
0.99275 -0.129805 0.0
0.993426 -0.13561 0.0
0.994306 -0.141466 0.0
0.995407 -0.147356 0.0
0.996744 -0.153262 0.0
0.998333 -0.15916 0.0
1.00019 -0.165026 0.0
1.00232 -0.170832 0.0
1.00473 -0.176548 0.0
1.00743 -0.18214 0.0
1.01042 -0.187575 0.0
1.01369 -0.192818 0.0
1.01723 -0.197834 0.0
1.02104 -0.202588 0.0
1.02508 -0.207048 0.0
1.02933 -0.211185 0.0
1.03378 -0.214971 0.0
1.03837 -0.218385 0.0
1.04309 -0.221412 0.0
1.04788 -0.224041 0.0
1.05273 -0.226268 0.0
1.05758 -0.228094 0.0
1.0624 -0.229527 0.0
1.06716 -0.230578 0.0
1.07184 -0.231263 0.0
1.0764 -0.231602 0.0
1.08083 -0.231617 0.0
1.08511 -0.23133 0.0
1.08922 -0.230765 0.0
1.09316 -0.229946 0.0
1.09692 -0.228895 0.0
1.10051 -0.227635 0.0
1.1039 -0.226185 0.0
1.10712 -0.224566 0.0
1.11016 -0.222794 0.0
1.11302 -0.220886 0.0
1.11571 -0.218855 0.0
1.11824 -0.216717 0.0
1.12061 -0.214482 0.0
1.12282 -0.212161 0.0
1.12488 -0.209763 0.0
1.12681 -0.207298 0.0
1.12859 -0.204773 0.0
1.13025 -0.202194 0.0
1.13179 -0.199569 0.0
1.13321 -0.196901 0.0
1.13452 -0.194196 0.0
1.13572 -0.191456 0.0
1.13683 -0.188686 0.0
1.13786 -0.185885 0.0
1.1388 -0.183057 0.0
1.13966 -0.180202 0.0
1.14047 -0.177318 0.0
1.14121 -0.174404 0.0
1.1419 -0.171459 0.0
1.14256 -0.168479 0.0
1.14317 -0.16546 0.0
1.14377 -0.162397 0.0
1.14434 -0.159284 0.0
1.14491 -0.156114 0.0
1.14547 -0.15288 0.0
1.14604 -0.149573 0.0
1.14663 -0.146184 0.0
1.14723 -0.142703 0.0
1.14785 -0.139119 0.0
1.14851 -0.135422 0.0
1.1492 -0.1316 0.0
1.14993 -0.127642 0.0
1.1507 -0.123536 0.0
1.1515 -0.11927 0.0
1.15235 -0.114834 0.0
1.15325 -0.110216 0.0
1.15417 -0.105406 0.0
1.15514 -0.100394 0.0
1.15613 -0.0951728 0.0
1.15714 -0.0897344 0.0
1.15817 -0.0840728 0.0
1.1592 -0.0781839 0.0
1.16023 -0.0720651 0.0
1.16123 -0.0657158 0.0
1.16221 -0.0591375 0.0
1.16313 -0.0523342 0.0
1.16398 -0.0453123 0.0
1.16475 -0.0380809 0.0
1.16542 -0.0306518 0.0
1.16597 -0.0230402 0.0
1.16637 -0.0152642 0.0
1.16661 -0.00734539 0.0
1.16666 0.000691355 0.0
1.16652 0.0088228 0.0
1.16615 0.0170271 0.0
1.16555 0.0252801 0.0
1.1647 0.0335552 0.0
1.16359 0.0418244 0.0
1.16221 0.050058 0.0
1.16054 0.0582254 0.0
1.15859 0.0662957 0.0
1.15635 0.0742376 0.0
1.15383 0.0820199 0.0
1.15101 0.0896123 0.0
1.14791 0.0969853 0.0
1.14453 0.104111 0.0
1.14089 0.110962 0.0
1.13699 0.117514 0.0
1.13286 0.123744 0.0
1.1285 0.129633 0.0
1.12394 0.135161 0.0
1.11919 0.140313 0.0
1.11427 0.145076 0.0
1.10921 0.149441 0.0
1.10403 0.153398 0.0
1.09875 0.156945 0.0
1.09339 0.160077 0.0
1.08798 0.162794 0.0
1.08254 0.1651 0.0
1.07708 0.166997 0.0
1.07164 0.168492 0.0
1.06623 0.169594 0.0
1.06086 0.170312 0.0
1.05557 0.170657 0.0
1.05036 0.17064 0.0
1.04525 0.170277 0.0
1.04025 0.169581 0.0
1.03538 0.168566 0.0
1.03065 0.167249 0.0
1.02606 0.165646 0.0
1.02164 0.163772 0.0
1.01737 0.161645 0.0
1.01328 0.15928 0.0
1.00936 0.156694 0.0
1.00561 0.153904 0.0
1.00205 0.150924 0.0
0.998666 0.147772 0.0
0.995466 0.144461 0.0
0.992446 0.141006 0.0
0.989606 0.137422 0.0
0.986942 0.133723 0.0
0.984453 0.129921 0.0
0.982133 0.126029 0.0
0.97998 0.122058 0.0
0.977988 0.118021 0.0
0.976152 0.113927 0.0
0.974466 0.109786 0.0
0.972924 0.105609 0.0
0.971521 0.101402 0.0
0.97025 0.0971747 0.0
0.969103 0.0929338 0.0
0.968075 0.088686 0.0
0.967158 0.0844374 0.0
0.966346 0.0801933 0.0
0.965631 0.0759587 0.0
0.965008 0.0717378 0.0
0.964469 0.0675342 0.0
0.964008 0.0633511 0.0
0.963619 0.0591912 0.0
0.963295 0.0550568 0.0
0.963031 0.0509495 0.0
0.96282 0.0468708 0.0
0.962658 0.0428215 0.0
0.962539 0.0388025 0.0
0.962459 0.0348141 0.0
0.962414 0.0308564 0.0
0.962398 0.0269296 0.0
0.962409 0.0230333 0.0
0.962442 0.0191676 0.0
0.962495 0.0153321 0.0
0.962564 0.0115265 0.0
0.962646 0.00775077 0.0
0.962737 0.00400483 0.0
0.962835 0.000290889 0.0
0.962934 -0.00336506 0.0
0.963032 -0.00668475 0.0
0.999986 -0.00185082 0.0
0.999929 -0.00556254 0.0
0.999816 -0.00929046 0.0
0.999648 -0.0130407 0.0
0.999425 -0.0168194 0.0
0.99915 -0.0206327 0.0
0.998824 -0.0244865 0.0
0.99845 -0.0283871 0.0
0.99803 -0.0323405 0.0
0.997569 -0.0363526 0.0
0.99707 -0.0404295 0.0
0.996538 -0.0445772 0.0
0.995978 -0.0488014 0.0
0.995397 -0.053108 0.0
0.9948 -0.0575025 0.0
0.994195 -0.0619902 0.0
0.993591 -0.0665764 0.0
0.992997 -0.0712658 0.0
0.992422 -0.0760628 0.0
0.991878 -0.0809713 0.0
0.991378 -0.0859944 0.0
0.990934 -0.0911345 0.0
0.99056 -0.0963931 0.0
0.990272 -0.101771 0.0
0.990087 -0.107266 0.0
0.990022 -0.112876 0.0
0.990095 -0.118598 0.0
0.990325 -0.124424 0.0
0.990734 -0.130346 0.0
0.99134 -0.136352 0.0
0.992165 -0.142428 0.0
0.993228 -0.148557 0.0
0.994548 -0.154719 0.0
0.996144 -0.160889 0.0
0.998032 -0.16704 0.0
1.00023 -0.173142 0.0
1.00273 -0.17916 0.0
1.00556 -0.185058 0.0
1.00872 -0.190797 0.0
1.01219 -0.196338 0.0
1.01597 -0.201639 0.0
1.02005 -0.206661 0.0
1.02439 -0.211364 0.0
1.02898 -0.215715 0.0
1.03378 -0.219683 0.0
1.03876 -0.223243 0.0
1.04386 -0.226375 0.0
1.04905 -0.229069 0.0
1.05429 -0.23132 0.0
1.05953 -0.233131 0.0
1.06473 -0.234513 0.0
1.06986 -0.235479 0.0
1.07487 -0.236052 0.0
1.07975 -0.236254 0.0
1.08447 -0.236112 0.0
1.08901 -0.235653 0.0
1.09336 -0.234906 0.0
1.09751 -0.233897 0.0
1.10145 -0.232652 0.0
1.10519 -0.231196 0.0
1.10872 -0.229552 0.0
1.11205 -0.227741 0.0
1.11517 -0.22578 0.0
1.1181 -0.223687 0.0
1.12083 -0.221478 0.0
1.12337 -0.219166 0.0
1.12574 -0.216763 0.0
1.12793 -0.214279 0.0
1.12994 -0.211726 0.0
1.13179 -0.20911 0.0
1.13349 -0.206441 0.0
1.13503 -0.203724 0.0
1.13642 -0.200967 0.0
1.13767 -0.198174 0.0
1.13879 -0.195349 0.0
1.13978 -0.192498 0.0
1.14064 -0.189622 0.0
1.1414 -0.186725 0.0
1.14204 -0.183806 0.0
1.14259 -0.180869 0.0
1.14305 -0.177911 0.0
1.14343 -0.174932 0.0
1.14373 -0.171931 0.0
1.14398 -0.168903 0.0
1.14417 -0.165845 0.0
1.14432 -0.162753 0.0
1.14443 -0.159619 0.0
1.14453 -0.156438 0.0
1.14461 -0.153201 0.0
1.14468 -0.1499 0.0
1.14477 -0.146524 0.0
1.14487 -0.143065 0.0
1.14499 -0.139509 0.0
1.14515 -0.135846 0.0
1.14535 -0.132064 0.0
1.14559 -0.12815 0.0
1.14589 -0.124092 0.0
1.14624 -0.119876 0.0
1.14666 -0.115491 0.0
1.14713 -0.110923 0.0
1.14767 -0.106162 0.0
1.14826 -0.101197 0.0
1.14892 -0.0960166 0.0
1.14962 -0.0906129 0.0
1.15038 -0.0849782 0.0
1.15118 -0.0791065 0.0
1.152 -0.0729935 0.0
1.15285 -0.0666371 0.0
1.1537 -0.0600372 0.0
1.15454 -0.0531961 0.0
1.15535 -0.0461188 0.0
1.15612 -0.0388129 0.0
1.15682 -0.0312894 0.0
1.15743 -0.0235622 0.0
1.15794 -0.0156488 0.0
1.15831 -0.00757076 0.0
1.15852 0.000646641 0.0
1.15856 0.0089782 0.0
1.1584 0.0174012 0.0
1.15801 0.0258898 0.0
1.15739 0.034416 0.0
1.15651 0.0429496 0.0
1.15537 0.0514586 0.0
1.15395 0.0599102 0.0
1.15224 0.0682705 0.0
1.15024 0.0765056 0.0
1.14794 0.0845816 0.0
1.14534 0.0924654 0.0
1.14245 0.100125 0.0
1.13927 0.107528 0.0
1.1358 0.114648 0.0
1.13207 0.121455 0.0
1.12809 0.127926 0.0
1.12386 0.134037 0.0
1.11941 0.139769 0.0
1.11476 0.145106 0.0
1.10992 0.150032 0.0
1.10493 0.154538 0.0
1.0998 0.158614 0.0
1.09455 0.162255 0.0
1.08922 0.165458 0.0
1.08382 0.168224 0.0
1.07838 0.170556 0.0
1.07292 0.172457 0.0
1.06746 0.173935 0.0
1.06202 0.174999 0.0
1.05663 0.17566 0.0
1.0513 0.17593 0.0
1.04606 0.175823 0.0
1.04091 0.175352 0.0
1.03588 0.174535 0.0
1.03097 0.173388 0.0
1.0262 0.171927 0.0
1.02159 0.17017 0.0
1.01713 0.168135 0.0
1.01283 0.165839 0.0
1.00872 0.163301 0.0
1.00477 0.160537 0.0
1.00101 0.157565 0.0
0.997438 0.154402 0.0
0.994049 0.151066 0.0
0.990845 0.147571 0.0
0.987827 0.143934 0.0
0.984992 0.140169 0.0
0.982339 0.136292 0.0
0.979864 0.132316 0.0
0.977564 0.128253 0.0
0.975434 0.124117 0.0
0.973468 0.11992 0.0
0.971661 0.115671 0.0
0.970008 0.111381 0.0
0.968503 0.107061 0.0
0.967137 0.102718 0.0
0.965905 0.0983617 0.0
0.9648 0.0939983 0.0
0.963815 0.0896351 0.0
0.962942 0.085278 0.0
0.962174 0.0809326 0.0
0.961505 0.0766035 0.0
0.960926 0.072295 0.0
0.960431 0.0680107 0.0
0.960013 0.0637534 0.0
0.959665 0.0595258 0.0
0.959382 0.0553298 0.0
0.959156 0.0511668 0.0
0.958982 0.0470379 0.0
0.958855 0.0429439 0.0
0.958769 0.0388851 0.0
0.958719 0.0348615 0.0
0.9587 0.0308729 0.0
0.95871 0.0269192 0.0
0.958743 0.0229998 0.0
0.958796 0.0191143 0.0
0.958867 0.0152622 0.0
0.958951 0.0114433 0.0
0.959046 0.00765731 0.0
0.959148 0.00390437 0.0
0.959255 0.000186965 0.0
0.959362 -0.00346825 0.0
0.959465 -0.00678224 0.0
0.999984 -0.00182089 0.0
0.999921 -0.00547289 0.0
0.999796 -0.00914167 0.0
0.999608 -0.0128337 0.0
0.99936 -0.0165556 0.0
0.999053 -0.0203138 0.0
0.998688 -0.0241149 0.0
0.998269 -0.0279654 0.0
0.997799 -0.0318719 0.0
0.99728 -0.035841 0.0
0.996717 -0.0398792 0.0
0.996114 -0.043993 0.0
0.995477 -0.048189 0.0
0.994812 -0.0524737 0.0
0.994126 -0.0568535 0.0
0.993426 -0.0613345 0.0
0.99272 -0.0659227 0.0
0.992019 -0.070624 0.0
0.991333 -0.0754437 0.0
0.990673 -0.0803868 0.0
0.990052 -0.0854575 0.0
0.989485 -0.0906595 0.0
0.988986 -0.0959954 0.0
0.988572 -0.101467 0.0
0.988261 -0.107074 0.0
0.988073 -0.112815 0.0
0.988027 -0.118687 0.0
0.988146 -0.124684 0.0
0.988451 -0.130799 0.0
0.988966 -0.13702 0.0
0.989714 -0.143333 0.0
0.990719 -0.14972 0.0
0.992003 -0.156161 0.0
0.993588 -0.162629 0.0
0.995495 -0.169095 0.0
0.997739 -0.175525 0.0
1.00033 -0.181881 0.0
1.00329 -0.188123 0.0
1.00661 -0.194206 0.0
1.01029 -0.200083 0.0
1.01432 -0.205708 0.0
1.01869 -0.211034 0.0
1.02337 -0.216015 0.0
1.02832 -0.22061 0.0
1.03352 -0.224783 0.0
1.03891 -0.228505 0.0
1.04444 -0.231753 0.0
1.05007 -0.234514 0.0
1.05574 -0.236785 0.0
1.06141 -0.238571 0.0
1.06702 -0.239885 0.0
1.07253 -0.240746 0.0
1.07791 -0.24118 0.0
1.08313 -0.241217 0.0
1.08815 -0.240889 0.0
1.09296 -0.240229 0.0
1.09755 -0.239269 0.0
1.1019 -0.23804 0.0
1.10602 -0.236573 0.0
1.1099 -0.234894 0.0
1.11355 -0.233029 0.0
1.11696 -0.230999 0.0
1.12014 -0.228825 0.0
1.12309 -0.226523 0.0
1.12582 -0.224109 0.0
1.12834 -0.221598 0.0
1.13065 -0.219001 0.0
1.13275 -0.21633 0.0
1.13465 -0.213593 0.0
1.13636 -0.2108 0.0
1.13787 -0.207958 0.0
1.1392 -0.205075 0.0
1.14035 -0.202157 0.0
1.14132 -0.199208 0.0
1.14212 -0.196235 0.0
1.14277 -0.193242 0.0
1.14325 -0.190231 0.0
1.14359 -0.187207 0.0
1.14379 -0.18417 0.0
1.14386 -0.181122 0.0
1.1438 -0.178064 0.0
1.14364 -0.174994 0.0
1.14338 -0.171912 0.0
1.14303 -0.168815 0.0
1.1426 -0.165699 0.0
1.14211 -0.162559 0.0
1.14158 -0.15939 0.0
1.141 -0.156184 0.0
1.1404 -0.152935 0.0
1.13979 -0.149632 0.0
1.13918 -0.146267 0.0
1.13858 -0.142828 0.0
1.13802 -0.139304 0.0
1.13749 -0.135681 0.0
1.13701 -0.131949 0.0
1.13659 -0.128092 0.0
1.13624 -0.124098 0.0
1.13597 -0.119952 0.0
1.13579 -0.115641 0.0
1.13569 -0.111151 0.0
1.13569 -0.106469 0.0
1.13578 -0.101582 0.0
1.13598 -0.0964785 0.0
1.13627 -0.0911477 0.0
1.13665 -0.0855803 0.0
1.13711 -0.0797681 0.0
1.13766 -0.073705 0.0
1.13828 -0.0673867 0.0
1.13895 -0.0608111 0.0
1.13967 -0.0539784 0.0
1.14041 -0.0468917 0.0
1.14116 -0.0395567 0.0
1.14189 -0.0319824 0.0
1.14259 -0.0241812 0.0
1.14323 -0.0161692 0.0
1.14377 -0.00796679 0.0
1.1442 0.000401076 0.0
1.14448 0.00890664 0.0
1.14459 0.0175261 0.0
1.14451 0.0262324 0.0
1.14421 0.0349954 0.0
1.14367 0.0437829 0.0
1.14288 0.0525607 0.0
1.14181 0.0612932 0.0
1.14047 0.0699437 0.0
1.13883 0.0784755 0.0
1.13689 0.0868516 0.0
1.13464 0.0950357 0.0
1.1321 0.102993 0.0
1.12925 0.110688 0.0
1.12611 0.11809 0.0
1.12269 0.125169 0.0
1.11899 0.131897 0.0
1.11503 0.138249 0.0
1.11083 0.144204 0.0
1.10641 0.149743 0.0
1.10179 0.15485 0.0
1.09699 0.159513 0.0
1.09204 0.163724 0.0
1.08695 0.167475 0.0
1.08176 0.170764 0.0
1.07649 0.173592 0.0
1.07116 0.175961 0.0
1.06579 0.177877 0.0
1.06042 0.179347 0.0
1.05506 0.180381 0.0
1.04974 0.180992 0.0
1.04447 0.181192 0.0
1.03928 0.180998 0.0
1.03418 0.180424 0.0
1.02919 0.179489 0.0
1.02432 0.178209 0.0
1.01959 0.176605 0.0
1.01501 0.174694 0.0
1.01058 0.172496 0.0
1.00632 0.17003 0.0
1.00224 0.167315 0.0
0.998331 0.16437 0.0
0.994608 0.161214 0.0
0.991071 0.157865 0.0
0.987721 0.154342 0.0
0.98456 0.15066 0.0
0.981587 0.146837 0.0
0.978799 0.142888 0.0
0.976196 0.13883 0.0
0.973772 0.134676 0.0
0.971525 0.13044 0.0
0.96945 0.126136 0.0
0.967542 0.121775 0.0
0.965794 0.117369 0.0
0.964201 0.112929 0.0
0.962757 0.108464 0.0
0.961453 0.103984 0.0
0.960284 0.099497 0.0
0.959241 0.0950105 0.0
0.958318 0.0905314 0.0
0.957507 0.0860659 0.0
0.956801 0.0816193 0.0
0.956191 0.0771964 0.0
0.95567 0.0728014 0.0
0.955232 0.0684375 0.0
0.954869 0.0641077 0.0
0.954574 0.0598142 0.0
0.95434 0.0555587 0.0
0.954161 0.0513424 0.0
0.954031 0.0471661 0.0
0.953944 0.04303 0.0
0.953895 0.0389343 0.0
0.953879 0.0348785 0.0
0.953891 0.0308621 0.0
0.953927 0.0268844 0.0
0.953984 0.0229447 0.0
0.954058 0.0190422 0.0
0.954146 0.0151762 0.0
0.954244 0.0113463 0.0
0.954352 0.00755221 0.0
0.954464 0.00379424 0.0
0.954579 7.52501e-05 0.0
0.954693 -0.00357729 0.0
0.9548 -0.0068833 0.0
0.999983 -0.00178767 0.0
0.999913 -0.0053734 0.0
0.999774 -0.00897645 0.0
0.999566 -0.0126037 0.0
0.999291 -0.0162622 0.0
0.998949 -0.0199587 0.0
0.998544 -0.0237003 0.0
0.998077 -0.027494 0.0
0.997551 -0.031347 0.0
0.99697 -0.0352661 0.0
0.996338 -0.0392588 0.0
0.99566 -0.043332 0.0
0.994939 -0.0474931 0.0
0.994184 -0.0517493 0.0
0.9934 -0.0561077 0.0
0.992596 -0.0605755 0.0
0.991779 -0.0651597 0.0
0.99096 -0.069867 0.0
0.99015 -0.0747041 0.0
0.98936 -0.0796769 0.0
0.988605 -0.0847912 0.0
0.987898 -0.0900518 0.0
0.987257 -0.0954628 0.0
0.986698 -0.101027 0.0
0.986242 -0.106747 0.0
0.985909 -0.112621 0.0
0.985722 -0.118648 0.0
0.985705 -0.124824 0.0
0.985882 -0.131142 0.0
0.986281 -0.13759 0.0
0.986928 -0.144157 0.0
0.98785 -0.150823 0.0
0.989075 -0.157567 0.0
0.990629 -0.164361 0.0
0.992535 -0.171174 0.0
0.994815 -0.177969 0.0
0.997487 -0.184704 0.0
1.00056 -0.191332 0.0
1.00405 -0.197803 0.0
1.00795 -0.204064 0.0
1.01225 -0.210058 0.0
1.01693 -0.215731 0.0
1.02196 -0.22103 0.0
1.02732 -0.225904 0.0
1.03295 -0.230311 0.0
1.0388 -0.234215 0.0
1.04481 -0.23759 0.0
1.05092 -0.240422 0.0
1.05708 -0.242706 0.0
1.06321 -0.244452 0.0
1.06927 -0.245676 0.0
1.07521 -0.246404 0.0
1.08098 -0.246668 0.0
1.08654 -0.246506 0.0
1.09188 -0.245956 0.0
1.09696 -0.245058 0.0
1.10178 -0.243849 0.0
1.10633 -0.242366 0.0
1.11061 -0.240642 0.0
1.11461 -0.238707 0.0
1.11834 -0.236588 0.0
1.1218 -0.234308 0.0
1.12499 -0.231887 0.0
1.12791 -0.229344 0.0
1.13059 -0.226694 0.0
1.133 -0.22395 0.0
1.13517 -0.221125 0.0
1.1371 -0.21823 0.0
1.13878 -0.215275 0.0
1.14022 -0.212267 0.0
1.14143 -0.209215 0.0
1.14241 -0.206126 0.0
1.14316 -0.203007 0.0
1.14369 -0.199864 0.0
1.14401 -0.196703 0.0
1.14413 -0.193528 0.0
1.14404 -0.190345 0.0
1.14377 -0.187155 0.0
1.14331 -0.183964 0.0
1.14269 -0.180771 0.0
1.1419 -0.17758 0.0
1.14098 -0.174389 0.0
1.13992 -0.171198 0.0
1.13874 -0.168005 0.0
1.13747 -0.164808 0.0
1.13611 -0.161601 0.0
1.13468 -0.15838 0.0
1.1332 -0.155138 0.0
1.13169 -0.151867 0.0
1.13016 -0.148559 0.0
1.12863 -0.145202 0.0
1.12712 -0.141787 0.0
1.12564 -0.1383 0.0
1.12422 -0.13473 0.0
1.12286 -0.131063 0.0
1.12158 -0.127283 0.0
1.1204 -0.123377 0.0
1.11932 -0.119329 0.0
1.11837 -0.115125 0.0
1.11755 -0.110748 0.0
1.11686 -0.106184 0.0
1.11632 -0.101419 0.0
1.11592 -0.0964391 0.0
1.11568 -0.091231 0.0
1.11558 -0.0857832 0.0
1.11563 -0.0800855 0.0
1.11583 -0.0741291 0.0
1.11616 -0.0679072 0.0
1.11661 -0.0614153 0.0
1.11717 -0.0546509 0.0
1.11782 -0.0476146 0.0
1.11855 -0.0403095 0.0
1.11932 -0.0327422 0.0
1.12013 -0.0249225 0.0
1.12093 -0.0168644 0.0
1.1217 -0.00858579 0.0
1.1224 -0.00011026 0.0
1.12301 0.00853138 0.0
1.12348 0.0173142 0.0
1.1238 0.0262096 0.0
1.12394 0.0351857 0.0
1.12386 0.044208 0.0
1.12355 0.0532399 0.0
1.12298 0.0622432 0.0
1.12214 0.0711782 0.0
1.12102 0.080005 0.0
1.1196 0.0886834 0.0
1.11787 0.0971736 0.0
1.11583 0.105437 0.0
1.11349 0.113436 0.0
1.11084 0.121135 0.0
1.10788 0.128502 0.0
1.10464 0.135505 0.0
1.10112 0.142117 0.0
1.09734 0.148315 0.0
1.09331 0.154076 0.0
1.08907 0.159385 0.0
1.08462 0.164226 0.0
1.07999 0.168591 0.0
1.07521 0.172472 0.0
1.07031 0.175866 0.0
1.0653 0.178772 0.0
1.06022 0.181195 0.0
1.05508 0.18314 0.0
1.04992 0.184616 0.0
1.04476 0.185633 0.0
1.03962 0.186205 0.0
1.03452 0.186346 0.0
1.02948 0.186072 0.0
1.02453 0.185402 0.0
1.01968 0.184354 0.0
1.01494 0.182948 0.0
1.01033 0.181204 0.0
1.00587 0.179142 0.0
1.00156 0.176784 0.0
0.99741 0.174149 0.0
0.993431 0.171259 0.0
0.989628 0.168134 0.0
0.986007 0.164795 0.0
0.982569 0.161259 0.0
0.979318 0.157548 0.0
0.976255 0.153678 0.0
0.973378 0.149669 0.0
0.970686 0.145535 0.0
0.968178 0.141295 0.0
0.96585 0.136963 0.0
0.963698 0.132553 0.0
0.961717 0.128079 0.0
0.959902 0.123555 0.0
0.958247 0.118992 0.0
0.956746 0.1144 0.0
0.955392 0.109791 0.0
0.954179 0.105174 0.0
0.953097 0.100557 0.0
0.952141 0.0959486 0.0
0.951303 0.0913548 0.0
0.950574 0.0867823 0.0
0.949948 0.0822364 0.0
0.949415 0.0777218 0.0
0.948969 0.0732426 0.0
0.948601 0.0688019 0.0
0.948306 0.0644024 0.0
0.948074 0.0600462 0.0
0.9479 0.0557346 0.0
0.947777 0.0514686 0.0
0.947698 0.0472486 0.0
0.947658 0.0430744 0.0
0.947651 0.0389457 0.0
0.947673 0.0348617 0.0
0.947718 0.0308214 0.0
0.947783 0.0268237 0.0
0.947864 0.0228674 0.0
0.947958 0.0189514 0.0
0.948063 0.0150747 0.0
0.948175 0.0112366 0.0
0.948293 0.00743689 0.0
0.948414 0.00367592 0.0
0.948535 -4.29913e-05 0.0
0.948654 -0.00369135 0.0
0.948765 -0.0069877 0.0
0.999981 -0.00175097 0.0
0.999904 -0.00526346 0.0
0.99975 -0.00879379 0.0
0.999521 -0.0123493 0.0
0.999217 -0.0159372 0.0
0.998839 -0.0195649 0.0
0.998391 -0.0232399 0.0
0.997873 -0.0269696 0.0
0.997288 -0.0307616 0.0
0.996641 -0.0346235 0.0
0.995935 -0.0385631 0.0
0.995175 -0.0425883 0.0
0.994365 -0.0467069 0.0
0.993512 -0.050927 0.0
0.992622 -0.0552566 0.0
0.991704 -0.0597039 0.0
0.990766 -0.0642767 0.0
0.989818 -0.0689831 0.0
0.988871 -0.0738308 0.0
0.987938 -0.0788273 0.0
0.987032 -0.0839796 0.0
0.98617 -0.0892941 0.0
0.985367 -0.0947766 0.0
0.984644 -0.100432 0.0
0.984021 -0.106263 0.0
0.98352 -0.112271 0.0
0.983167 -0.118457 0.0
0.982988 -0.124818 0.0
0.98301 -0.131348 0.0
0.983264 -0.138037 0.0
0.983781 -0.144874 0.0
0.984593 -0.15184 0.0
0.985731 -0.158913 0.0
0.987226 -0.166064 0.0
0.989109 -0.17326 0.0
0.991406 -0.180461 0.0
0.994139 -0.187619 0.0
0.997328 -0.194683 0.0
1.00098 -0.201594 0.0
1.0051 -0.208291 0.0
1.00968 -0.214708 0.0
1.0147 -0.220781 0.0
1.02013 -0.226445 0.0
1.02592 -0.23164 0.0
1.03203 -0.236314 0.0
1.0384 -0.240424 0.0
1.04494 -0.24394 0.0
1.0516 -0.246843 0.0
1.05829 -0.249132 0.0
1.06495 -0.250818 0.0
1.0715 -0.251924 0.0
1.0779 -0.252484 0.0
1.08408 -0.252539 0.0
1.09002 -0.252134 0.0
1.09567 -0.251318 0.0
1.10103 -0.250137 0.0
1.10607 -0.248635 0.0
1.11079 -0.246854 0.0
1.11519 -0.244831 0.0
1.11927 -0.242597 0.0
1.12303 -0.240182 0.0
1.12647 -0.23761 0.0
1.12959 -0.234901 0.0
1.13241 -0.232074 0.0
1.13492 -0.229143 0.0
1.13712 -0.226122 0.0
1.13902 -0.223023 0.0
1.14062 -0.219857 0.0
1.14193 -0.216633 0.0
1.14294 -0.213361 0.0
1.14365 -0.210048 0.0
1.14408 -0.206703 0.0
1.14423 -0.203333 0.0
1.14411 -0.199945 0.0
1.14371 -0.196546 0.0
1.14305 -0.193142 0.0
1.14215 -0.189738 0.0
1.141 -0.186339 0.0
1.13962 -0.18295 0.0
1.13804 -0.179573 0.0
1.13625 -0.176211 0.0
1.13429 -0.172865 0.0
1.13216 -0.169535 0.0
1.12989 -0.166221 0.0
1.12749 -0.16292 0.0
1.12499 -0.159628 0.0
1.1224 -0.156342 0.0
1.11976 -0.153053 0.0
1.11708 -0.149756 0.0
1.11438 -0.146441 0.0
1.11169 -0.143098 0.0
1.10902 -0.139716 0.0
1.10641 -0.136282 0.0
1.10387 -0.132783 0.0
1.10142 -0.129204 0.0
1.09909 -0.125531 0.0
1.09689 -0.121747 0.0
1.09484 -0.117835 0.0
1.09296 -0.11378 0.0
1.09125 -0.109565 0.0
1.08974 -0.105171 0.0
1.08844 -0.100584 0.0
1.08735 -0.0957866 0.0
1.08647 -0.0907639 0.0
1.08582 -0.0855016 0.0
1.08538 -0.0799865 0.0
1.08517 -0.0742072 0.0
1.08517 -0.0681538 0.0
1.08536 -0.0618186 0.0
1.08575 -0.0551962 0.0
1.08631 -0.0482839 0.0
1.08703 -0.0410817 0.0
1.08787 -0.0335929 0.0
1.08882 -0.0258241 0.0
1.08984 -0.017786 0.0
1.0909 -0.0094933 0.0
1.09196 -0.000966349 0.0
1.09299 0.00776095 0.0
1.09393 0.0166622 0.0
1.09477 0.0257071 0.0
1.09546 0.0348621 0.0
1.09598 0.0440905 0.0
1.0963 0.0533533 0.0
1.09638 0.0626095 0.0
1.09622 0.0718164 0.0
1.09578 0.0809307 0.0
1.09505 0.0899087 0.0
1.09401 0.0987069 0.0
1.09267 0.107283 0.0
1.09101 0.115595 0.0
1.08904 0.123605 0.0
1.08674 0.131275 0.0
1.08415 0.138572 0.0
1.08125 0.145465 0.0
1.07807 0.151927 0.0
1.07463 0.157935 0.0
1.07093 0.163468 0.0
1.06701 0.168512 0.0
1.06289 0.173055 0.0
1.05859 0.177089 0.0
1.05413 0.18061 0.0
1.04955 0.183618 0.0
1.04487 0.186116 0.0
1.04011 0.18811 0.0
1.03531 0.18961 0.0
1.03048 0.190627 0.0
1.02566 0.191176 0.0
1.02086 0.191272 0.0
1.0161 0.190933 0.0
1.01142 0.190179 0.0
1.00682 0.18903 0.0
1.00232 0.187507 0.0
0.997941 0.185632 0.0
0.993693 0.183427 0.0
0.989588 0.180915 0.0
0.985638 0.178118 0.0
0.981849 0.175058 0.0
0.97823 0.171757 0.0
0.974786 0.168238 0.0
0.97152 0.16452 0.0
0.968435 0.160623 0.0
0.965533 0.156569 0.0
0.962813 0.152375 0.0
0.960274 0.148059 0.0
0.957915 0.143639 0.0
0.955732 0.13913 0.0
0.953722 0.134548 0.0
0.95188 0.129908 0.0
0.9502 0.125222 0.0
0.948677 0.120503 0.0
0.947304 0.115763 0.0
0.946075 0.111012 0.0
0.944982 0.10626 0.0
0.944019 0.101516 0.0
0.943176 0.0967881 0.0
0.942447 0.0920827 0.0
0.941824 0.0874065 0.0
0.941298 0.0827649 0.0
0.940861 0.0781624 0.0
0.940507 0.0736029 0.0
0.940226 0.0690896 0.0
0.940011 0.0646249 0.0
0.939856 0.0602106 0.0
0.939752 0.0558479 0.0
0.939694 0.0515371 0.0
0.939674 0.0472785 0.0
0.939688 0.0430714 0.0
0.939728 0.0389149 0.0
0.939791 0.0348079 0.0
0.939873 0.0307489 0.0
0.939968 0.0267361 0.0
0.940074 0.0227678 0.0
0.940188 0.0188426 0.0
0.940308 0.014959 0.0
0.940432 0.0111161 0.0
0.940558 0.00731338 0.0
0.940685 0.00355144 0.0
0.940811 -0.000166014 0.0
0.940933 -0.00380934 0.0
0.941048 -0.00709516 0.0
0.999979 -0.00171059 0.0
0.999894 -0.00514247 0.0
0.999726 -0.00859269 0.0
0.999474 -0.0120689 0.0
0.999139 -0.0155788 0.0
0.998724 -0.0191302 0.0
0.998229 -0.0227309 0.0
0.997657 -0.0263888 0.0
0.997011 -0.030112 0.0
0.996293 -0.0339086 0.0
0.995508 -0.0377871 0.0
0.994661 -0.0417559 0.0
0.993755 -0.0458237 0.0
0.992797 -0.0499993 0.0
0.991794 -0.0542917 0.0
0.990753 -0.0587098 0.0
0.989683 -0.0632629 0.0
0.988595 -0.0679601 0.0
0.987498 -0.0728105 0.0
0.986407 -0.0778229 0.0
0.985335 -0.0830062 0.0
0.984298 -0.0883683 0.0
0.983315 -0.0939169 0.0
0.982405 -0.0996585 0.0
0.981591 -0.105599 0.0
0.980898 -0.111741 0.0
0.980351 -0.118088 0.0
0.97998 -0.124638 0.0
0.979816 -0.131387 0.0
0.979894 -0.13833 0.0
0.980248 -0.145453 0.0
0.980915 -0.15274 0.0
0.981933 -0.160168 0.0
0.983339 -0.16771 0.0
0.985169 -0.175328 0.0
0.987457 -0.182978 0.0
0.990233 -0.190611 0.0
0.99352 -0.198166 0.0
0.997334 -0.205578 0.0
1.00168 -0.212774 0.0
1.00656 -0.219679 0.0
1.01194 -0.226213 0.0
1.0178 -0.2323 0.0
1.02409 -0.237867 0.0
1.03074 -0.242849 0.0
1.03768 -0.247195 0.0
1.04483 -0.250865 0.0
1.0521 -0.253842 0.0
1.05939 -0.256122 0.0
1.06663 -0.257722 0.0
1.07373 -0.258673 0.0
1.08062 -0.259019 0.0
1.08724 -0.258813 0.0
1.09356 -0.258111 0.0
1.09954 -0.256972 0.0
1.10515 -0.255451 0.0
1.11038 -0.2536 0.0
1.11524 -0.251465 0.0
1.1197 -0.249087 0.0
1.12378 -0.2465 0.0
1.12748 -0.243734 0.0
1.1308 -0.240814 0.0
1.13373 -0.23776 0.0
1.13629 -0.23459 0.0
1.13848 -0.231319 0.0
1.14029 -0.227959 0.0
1.14173 -0.224524 0.0
1.14279 -0.221023 0.0
1.14349 -0.217467 0.0
1.14382 -0.213866 0.0
1.14379 -0.210228 0.0
1.1434 -0.206563 0.0
1.14266 -0.20288 0.0
1.14157 -0.199187 0.0
1.14015 -0.195491 0.0
1.13842 -0.191802 0.0
1.13637 -0.188125 0.0
1.13403 -0.184468 0.0
1.13142 -0.180835 0.0
1.12855 -0.177232 0.0
1.12545 -0.173663 0.0
1.12213 -0.170129 0.0
1.11862 -0.166633 0.0
1.11494 -0.163175 0.0
1.11113 -0.159752 0.0
1.1072 -0.156363 0.0
1.10318 -0.153003 0.0
1.0991 -0.149667 0.0
1.09498 -0.146347 0.0
1.09087 -0.143035 0.0
1.08677 -0.13972 0.0
1.08273 -0.13639 0.0
1.07877 -0.133034 0.0
1.07492 -0.129637 0.0
1.0712 -0.126183 0.0
1.06764 -0.122657 0.0
1.06426 -0.119041 0.0
1.06109 -0.115318 0.0
1.05814 -0.111469 0.0
1.05544 -0.107475 0.0
1.05301 -0.103317 0.0
1.05085 -0.0989769 0.0
1.04899 -0.0944353 0.0
1.04742 -0.0896744 0.0
1.04616 -0.0846767 0.0
1.04521 -0.0794259 0.0
1.04456 -0.0739071 0.0
1.04422 -0.0681071 0.0
1.04417 -0.0620144 0.0
1.0444 -0.05562 0.0
1.0449 -0.0489174 0.0
1.04564 -0.041903 0.0
1.0466 -0.0345761 0.0
1.04775 -0.0269396 0.0
1.04905 -0.019 0.0
1.05048 -0.0107677 0.0
1.05199 -0.00225858 0.0
1.05353 0.00649228 0.0
1.05506 0.0154555 0.0
1.05654 0.0245995 0.0
1.05792 0.033889 0.0
1.05918 0.0432853 0.0
1.06028 0.0527471 0.0
1.06118 0.0622303 0.0
1.06185 0.0716895 0.0
1.06227 0.0810777 0.0
1.06241 0.0903474 0.0
1.06226 0.0994512 0.0
1.0618 0.108342 0.0
1.06102 0.116975 0.0
1.05992 0.125307 0.0
1.05848 0.133297 0.0
1.05673 0.140906 0.0
1.05465 0.148101 0.0
1.05227 0.154851 0.0
1.0496 0.161129 0.0
1.04665 0.166914 0.0
1.04345 0.172188 0.0
1.04002 0.176936 0.0
1.03637 0.181151 0.0
1.03255 0.184827 0.0
1.02857 0.187963 0.0
1.02446 0.190562 0.0
1.02025 0.192631 0.0
1.01596 0.194179 0.0
1.01163 0.19522 0.0
1.00727 0.195767 0.0
1.00291 0.195838 0.0
0.998577 0.195453 0.0
0.994289 0.194633 0.0
0.990068 0.193399 0.0
0.98593 0.191774 0.0
0.981894 0.189782 0.0
0.977973 0.187447 0.0
0.97418 0.184792 0.0
0.970528 0.181843 0.0
0.967025 0.178624 0.0
0.963679 0.175157 0.0
0.960497 0.171465 0.0
0.957484 0.167572 0.0
0.954641 0.163498 0.0
0.951972 0.159265 0.0
0.949477 0.154893 0.0
0.947156 0.150401 0.0
0.945006 0.145806 0.0
0.943025 0.141126 0.0
0.941209 0.136378 0.0
0.939555 0.131575 0.0
0.938056 0.126733 0.0
0.936708 0.121863 0.0
0.935504 0.116979 0.0
0.934437 0.112092 0.0
0.9335 0.10721 0.0
0.932685 0.102344 0.0
0.931986 0.0975019 0.0
0.931393 0.0926903 0.0
0.9309 0.0879159 0.0
0.930497 0.083184 0.0
0.930178 0.0784992 0.0
0.929933 0.0738654 0.0
0.929755 0.0692855 0.0
0.929637 0.0647618 0.0
0.929571 0.0602957 0.0
0.929549 0.0558881 0.0
0.929565 0.0515391 0.0
0.929613 0.0472484 0.0
0.929686 0.0430149 0.0
0.92978 0.0388373 0.0
0.929889 0.0347138 0.0
0.930008 0.0306422 0.0
0.930135 0.0266204 0.0
0.930267 0.022646 0.0
0.9304 0.0187168 0.0
0.930534 0.0148309 0.0
0.930667 0.010987 0.0
0.930799 0.00718431 0.0
0.930929 0.00342342 0.0
0.931057 -0.000291613 0.0
0.931181 -0.00392986 0.0
0.931297 -0.00720535 0.0
0.999977 -0.00166634 0.0
0.999885 -0.00500988 0.0
0.9997 -0.00837223 0.0
0.999424 -0.0117614 0.0
0.999058 -0.0151854 0.0
0.998602 -0.0186524 0.0
0.998059 -0.0221706 0.0
0.99743 -0.0257484 0.0
0.996718 -0.0293944 0.0
0.995927 -0.0331171 0.0
0.995059 -0.0369257 0.0
0.994118 -0.0408292 0.0
0.99311 -0.044837 0.0
0.992041 -0.0489587 0.0
0.990916 -0.0532043 0.0
0.989743 -0.0575838 0.0
0.988531 -0.0621074 0.0
0.98729 -0.0667858 0.0
0.986031 -0.0716292 0.0
0.984767 -0.0766484 0.0
0.983512 -0.0818537 0.0
0.982282 -0.0872551 0.0
0.981098 -0.0928624 0.0
0.979979 -0.0986843 0.0
0.978949 -0.104729 0.0
0.978034 -0.111002 0.0
0.977263 -0.117509 0.0
0.976668 -0.124251 0.0
0.976284 -0.131227 0.0
0.976148 -0.138432 0.0
0.976301 -0.145857 0.0
0.976785 -0.153486 0.0
0.977643 -0.161298 0.0
0.978922 -0.169264 0.0
0.980663 -0.177345 0.0
0.982911 -0.185496 0.0
0.985702 -0.19366 0.0
0.989069 -0.201771 0.0
0.993035 -0.209754 0.0
0.997613 -0.217524 0.0
1.0028 -0.224992 0.0
1.00858 -0.232063 0.0
1.01491 -0.238644 0.0
1.02175 -0.244644 0.0
1.02901 -0.249985 0.0
1.03661 -0.254601 0.0
1.04444 -0.258444 0.0
1.0524 -0.261492 0.0
1.06038 -0.263744 0.0
1.06827 -0.265222 0.0
1.07597 -0.265969 0.0
1.08339 -0.266041 0.0
1.09048 -0.265507 0.0
1.09718 -0.264436 0.0
1.10346 -0.2629 0.0
1.10929 -0.260965 0.0
1.11466 -0.258689 0.0
1.11956 -0.256126 0.0
1.12398 -0.253319 0.0
1.12794 -0.250305 0.0
1.13143 -0.247114 0.0
1.13445 -0.243769 0.0
1.137 -0.240293 0.0
1.13908 -0.236702 0.0
1.1407 -0.23301 0.0
1.14186 -0.229231 0.0
1.14254 -0.225378 0.0
1.14277 -0.221462 0.0
1.14254 -0.217493 0.0
1.14185 -0.213484 0.0
1.14072 -0.209444 0.0
1.13915 -0.205385 0.0
1.13715 -0.201317 0.0
1.13473 -0.197251 0.0
1.13192 -0.193197 0.0
1.12873 -0.189164 0.0
1.12517 -0.185161 0.0
1.12127 -0.181197 0.0
1.11706 -0.17728 0.0
1.11255 -0.173414 0.0
1.10778 -0.169607 0.0
1.10278 -0.165861 0.0
1.09757 -0.16218 0.0
1.09218 -0.158564 0.0
1.08665 -0.155014 0.0
1.08101 -0.151527 0.0
1.07528 -0.148099 0.0
1.06952 -0.144726 0.0
1.06374 -0.1414 0.0
1.05799 -0.138113 0.0
1.0523 -0.134854 0.0
1.0467 -0.131613 0.0
1.04122 -0.128374 0.0
1.0359 -0.125124 0.0
1.03077 -0.121847 0.0
1.02586 -0.118524 0.0
1.02121 -0.115138 0.0
1.01683 -0.111669 0.0
1.01275 -0.108097 0.0
1.009 -0.1044 0.0
1.0056 -0.100558 0.0
1.00257 -0.0965479 0.0
0.99992 -0.0923487 0.0
0.997663 -0.0879389 0.0
0.995809 -0.0832974 0.0
0.99436 -0.0784042 0.0
0.993318 -0.0732406 0.0
0.992677 -0.067789 0.0
0.992428 -0.0620342 0.0
0.992559 -0.0559627 0.0
0.993053 -0.0495639 0.0
0.993886 -0.0428299 0.0
0.995034 -0.0357559 0.0
0.996464 -0.0283406 0.0
0.998143 -0.0205858 0.0
1.00003 -0.0124974 0.0
1.00208 -0.00408613 0.0
1.00424 0.00461785 0.0
1.00647 0.0135775 0.0
1.0087 0.022761 0.0
1.01091 0.0321318 0.0
1.01305 0.0416495 0.0
1.01506 0.0512704 0.0
1.01692 0.0609478 0.0
1.01859 0.0706328 0.0
1.02003 0.0802752 0.0
1.02121 0.0898233 0.0
1.02211 0.0992255 0.0
1.02271 0.108431 0.0
1.02299 0.117389 0.0
1.02294 0.126051 0.0
1.02255 0.134374 0.0
1.02182 0.142313 0.0
1.02076 0.149831 0.0
1.01937 0.156893 0.0
1.01766 0.163468 0.0
1.01565 0.169533 0.0
1.01336 0.175065 0.0
1.0108 0.18005 0.0
1.008 0.184477 0.0
1.00499 0.188338 0.0
1.00179 0.191633 0.0
0.998425 0.194364 0.0
0.994928 0.196538 0.0
0.991325 0.198163 0.0
0.987641 0.199254 0.0
0.983904 0.199827 0.0
0.98014 0.1999 0.0
0.976372 0.199493 0.0
0.972623 0.198629 0.0
0.968915 0.197332 0.0
0.965268 0.195626 0.0
0.961698 0.193536 0.0
0.958223 0.191089 0.0
0.954855 0.18831 0.0
0.951609 0.185225 0.0
0.948494 0.18186 0.0
0.945519 0.17824 0.0
0.942692 0.174391 0.0
0.940018 0.170334 0.0
0.9375 0.166095 0.0
0.935143 0.161695 0.0
0.932946 0.157155 0.0
0.93091 0.152496 0.0
0.929034 0.147737 0.0
0.927316 0.142895 0.0
0.925752 0.137988 0.0
0.924339 0.133032 0.0
0.923072 0.128041 0.0
0.921944 0.12303 0.0
0.920951 0.11801 0.0
0.920086 0.112993 0.0
0.919341 0.10799 0.0
0.91871 0.10301 0.0
0.918184 0.0980612 0.0
0.917757 0.093151 0.0
0.91742 0.0882861 0.0
0.917164 0.0834717 0.0
0.916983 0.0787125 0.0
0.916867 0.0740122 0.0
0.91681 0.0693736 0.0
0.916803 0.0647988 0.0
0.916839 0.0602889 0.0
0.916911 0.0558445 0.0
0.917012 0.0514654 0.0
0.917136 0.0471507 0.0
0.917276 0.042899 0.0
0.917428 0.0387082 0.0
0.917586 0.034576 0.0
0.917747 0.0304996 0.0
0.917907 0.026476 0.0
0.918064 0.0225022 0.0
0.918216 0.0185752 0.0
0.918362 0.0146925 0.0
0.918502 0.0108521 0.0
0.918636 0.00705275 0.0
0.918766 0.00329489 0.0
0.918893 -0.000417197 0.0
0.919016 -0.00405129 0.0
0.919133 -0.00731796 0.0
0.999975 -0.00161806 0.0
0.999874 -0.00486517 0.0
0.999673 -0.00813152 0.0
0.999372 -0.0114254 0.0
0.998973 -0.0147552 0.0
0.998475 -0.0181294 0.0
0.997882 -0.0215566 0.0
0.997193 -0.0250455 0.0
0.996413 -0.0286052 0.0
0.995543 -0.0322449 0.0
0.994587 -0.035974 0.0
0.993549 -0.0398024 0.0
0.992433 -0.0437401 0.0
0.991245 -0.0477977 0.0
0.989991 -0.0519859 0.0
0.988677 -0.0563159 0.0
0.987313 -0.0607992 0.0
0.985908 -0.0654475 0.0
0.984473 -0.070273 0.0
0.98302 -0.0752878 0.0
0.981565 -0.0805042 0.0
0.980124 -0.0859345 0.0
0.978716 -0.0915907 0.0
0.977364 -0.0974842 0.0
0.976091 -0.103626 0.0
0.974925 -0.110024 0.0
0.973897 -0.116688 0.0
0.973042 -0.123622 0.0
0.972399 -0.130828 0.0
0.972008 -0.138305 0.0
0.971916 -0.146045 0.0
0.97217 -0.154037 0.0
0.972823 -0.162259 0.0
0.973927 -0.170685 0.0
0.975536 -0.179275 0.0
0.977702 -0.18798 0.0
0.980474 -0.196739 0.0
0.983895 -0.205479 0.0
0.987997 -0.214114 0.0
0.992803 -0.222546 0.0
0.998315 -0.230669 0.0
1.00452 -0.238368 0.0
1.01138 -0.24553 0.0
1.01883 -0.252042 0.0
1.02678 -0.257804 0.0
1.03513 -0.262733 0.0
1.04376 -0.26677 0.0
1.05251 -0.269885 0.0
1.06127 -0.272081 0.0
1.06988 -0.273387 0.0
1.07824 -0.273861 0.0
1.08624 -0.273578 0.0
1.09381 -0.272623 0.0
1.10087 -0.271086 0.0
1.1074 -0.269054 0.0
1.11336 -0.266603 0.0
1.11875 -0.263803 0.0
1.12354 -0.26071 0.0
1.12775 -0.257373 0.0
1.13138 -0.25383 0.0
1.13441 -0.25011 0.0
1.13686 -0.246239 0.0
1.13872 -0.242236 0.0
1.13999 -0.23812 0.0
1.14069 -0.233904 0.0
1.1408 -0.229604 0.0
1.14034 -0.225233 0.0
1.13931 -0.220803 0.0
1.13772 -0.216328 0.0
1.13558 -0.211821 0.0
1.1329 -0.207295 0.0
1.1297 -0.202763 0.0
1.126 -0.198239 0.0
1.12182 -0.193734 0.0
1.11718 -0.189262 0.0
1.11211 -0.184834 0.0
1.10663 -0.180461 0.0
1.10079 -0.176154 0.0
1.0946 -0.171921 0.0
1.0881 -0.167771 0.0
1.08133 -0.16371 0.0
1.07432 -0.159744 0.0
1.06711 -0.155876 0.0
1.05974 -0.152108 0.0
1.05224 -0.148441 0.0
1.04466 -0.144873 0.0
1.03703 -0.141402 0.0
1.02939 -0.138022 0.0
1.02179 -0.134726 0.0
1.01426 -0.131505 0.0
1.00684 -0.12835 0.0
0.999573 -0.125248 0.0
0.992497 -0.122185 0.0
0.985649 -0.119146 0.0
0.979066 -0.116113 0.0
0.972784 -0.113068 0.0
0.966837 -0.109989 0.0
0.961256 -0.106857 0.0
0.956071 -0.103649 0.0
0.95131 -0.10034 0.0
0.946997 -0.0969058 0.0
0.943151 -0.0933224 0.0
0.939792 -0.0895641 0.0
0.93693 -0.0856053 0.0
0.934574 -0.0814211 0.0
0.93273 -0.0769871 0.0
0.931395 -0.0722799 0.0
0.930564 -0.0672776 0.0
0.930226 -0.06196 0.0
0.930367 -0.0563093 0.0
0.930967 -0.0503102 0.0
0.932 -0.0439504 0.0
0.933438 -0.0372209 0.0
0.935248 -0.0301158 0.0
0.937392 -0.0226331 0.0
0.939829 -0.0147739 0.0
0.942513 -0.00654418 0.0
0.94539 0.00203636 0.0
0.948403 0.0109223 0.0
0.9515 0.0200808 0.0
0.954629 0.0294746 0.0
0.957741 0.0390615 0.0
0.960786 0.0487959 0.0
0.96372 0.0586286 0.0
0.966497 0.0685076 0.0
0.969079 0.0783788 0.0
0.971429 0.0881868 0.0
0.973515 0.0978753 0.0
0.975309 0.107388 0.0
0.97679 0.116671 0.0
0.977941 0.12567 0.0
0.978749 0.134335 0.0
0.979208 0.142619 0.0
0.979316 0.150479 0.0
0.979077 0.157875 0.0
0.978498 0.164773 0.0
0.977592 0.171145 0.0
0.976373 0.176966 0.0
0.974861 0.182219 0.0
0.973077 0.186889 0.0
0.971045 0.19097 0.0
0.968791 0.194457 0.0
0.96634 0.197354 0.0
0.96372 0.199665 0.0
0.960959 0.201401 0.0
0.958084 0.202575 0.0
0.955122 0.203205 0.0
0.9521 0.203309 0.0
0.949043 0.20291 0.0
0.945973 0.202031 0.0
0.942915 0.200697 0.0
0.939887 0.198935 0.0
0.93691 0.196773 0.0
0.934001 0.194237 0.0
0.931175 0.191355 0.0
0.928445 0.188156 0.0
0.925823 0.184666 0.0
0.923319 0.180913 0.0
0.920942 0.176923 0.0
0.918698 0.172721 0.0
0.916591 0.168333 0.0
0.914625 0.163781 0.0
0.912803 0.159088 0.0
0.911125 0.154277 0.0
0.90959 0.149366 0.0
0.908198 0.144376 0.0
0.906945 0.139324 0.0
0.905827 0.134227 0.0
0.904842 0.1291 0.0
0.903983 0.123958 0.0
0.903245 0.118813 0.0
0.902622 0.113679 0.0
0.902107 0.108564 0.0
0.901694 0.103481 0.0
0.901374 0.0984359 0.0
0.90114 0.0934375 0.0
0.900985 0.0884923 0.0
0.9009 0.0836055 0.0
0.900878 0.0787819 0.0
0.900911 0.0740251 0.0
0.900991 0.0693377 0.0
0.901111 0.0647216 0.0
0.901263 0.0601778 0.0
0.90144 0.0557064 0.0
0.901636 0.0513069 0.0
0.901844 0.0469779 0.0
0.902058 0.0427174 0.0
0.902273 0.0385228 0.0
0.902485 0.0343911 0.0
0.90269 0.0303188 0.0
0.902885 0.0263019 0.0
0.903068 0.0223367 0.0
0.903237 0.0184192 0.0
0.903394 0.014546 0.0
0.903538 0.0107142 0.0
0.903672 0.00692197 0.0
0.903799 0.00316915 0.0
0.903921 -0.000539949 0.0
0.904041 -0.00417187 0.0
0.904159 -0.00743265 0.0
0.999973 -0.00156559 0.0
0.999864 -0.00470787 0.0
0.999645 -0.00786979 0.0
0.999319 -0.0110599 0.0
0.998885 -0.0142869 0.0
0.998344 -0.0175594 0.0
0.997698 -0.0208865 0.0
0.996947 -0.0242773 0.0
0.996096 -0.0277412 0.0
0.995144 -0.0312879 0.0
0.994097 -0.0349275 0.0
0.992956 -0.0386702 0.0
0.991727 -0.0425271 0.0
0.990414 -0.0465092 0.0
0.989022 -0.0506285 0.0
0.987559 -0.054897 0.0
0.986033 -0.0593275 0.0
0.984452 -0.0639331 0.0
0.982827 -0.0687276 0.0
0.981171 -0.0737249 0.0
0.979499 -0.0789395 0.0
0.977826 -0.0843859 0.0
0.976173 -0.0900786 0.0
0.974562 -0.096032 0.0
0.973017 -0.10226 0.0
0.971568 -0.108775 0.0
0.970248 -0.115589 0.0
0.969094 -0.122712 0.0
0.968148 -0.130148 0.0
0.967455 -0.137901 0.0
0.967068 -0.145968 0.0
0.96704 -0.15434 0.0
0.967432 -0.163001 0.0
0.968307 -0.171922 0.0
0.969728 -0.181068 0.0
0.971761 -0.190386 0.0
0.974468 -0.199812 0.0
0.977905 -0.209264 0.0
0.982119 -0.218646 0.0
0.987144 -0.227844 0.0
0.992993 -0.236732 0.0
0.999656 -0.245172 0.0
1.00709 -0.253023 0.0
1.01524 -0.260143 0.0
1.02399 -0.266406 0.0
1.03321 -0.271703 0.0
1.04274 -0.275958 0.0
1.05242 -0.279132 0.0
1.06206 -0.28123 0.0
1.0715 -0.282292 0.0
1.08058 -0.282396 0.0
1.08918 -0.281641 0.0
1.09719 -0.280138 0.0
1.10456 -0.277999 0.0
1.11122 -0.27533 0.0
1.11715 -0.272223 0.0
1.12235 -0.268757 0.0
1.12679 -0.264996 0.0
1.13048 -0.26099 0.0
1.13342 -0.256779 0.0
1.13562 -0.252394 0.0
1.13708 -0.24786 0.0
1.1378 -0.243199 0.0
1.1378 -0.238427 0.0
1.13707 -0.233563 0.0
1.13563 -0.228621 0.0
1.13349 -0.223617 0.0
1.13067 -0.218567 0.0
1.12718 -0.213487 0.0
1.12305 -0.208392 0.0
1.11831 -0.203299 0.0
1.11297 -0.198224 0.0
1.10708 -0.193181 0.0
1.10065 -0.188187 0.0
1.09374 -0.183255 0.0
1.08637 -0.1784 0.0
1.07858 -0.173634 0.0
1.07042 -0.168969 0.0
1.06191 -0.164416 0.0
1.05312 -0.159983 0.0
1.04407 -0.155679 0.0
1.03481 -0.151509 0.0
1.02539 -0.147478 0.0
1.01585 -0.143589 0.0
1.00623 -0.139842 0.0
0.996573 -0.136236 0.0
0.986932 -0.132769 0.0
0.977349 -0.129435 0.0
0.967867 -0.126227 0.0
0.958531 -0.123137 0.0
0.949386 -0.120154 0.0
0.940474 -0.117266 0.0
0.931839 -0.114457 0.0
0.923523 -0.111711 0.0
0.915566 -0.109009 0.0
0.908008 -0.106331 0.0
0.900885 -0.103656 0.0
0.894233 -0.100959 0.0
0.888085 -0.0982142 0.0
0.882468 -0.0953961 0.0
0.877408 -0.0924761 0.0
0.872927 -0.0894255 0.0
0.86904 -0.0862144 0.0
0.86576 -0.082813 0.0
0.863093 -0.0791913 0.0
0.861041 -0.07532 0.0
0.859599 -0.0711705 0.0
0.858759 -0.066716 0.0
0.858506 -0.0619312 0.0
0.858821 -0.0567935 0.0
0.859678 -0.051283 0.0
0.86105 -0.0453831 0.0
0.862904 -0.0390804 0.0
0.865204 -0.0323656 0.0
0.86791 -0.0252327 0.0
0.870978 -0.0176795 0.0
0.874363 -0.009708 0.0
0.878015 -0.0013288 0.0
0.881875 0.00741446 0.0
0.885882 0.0164842 0.0
0.889982 0.0258421 0.0
0.89412 0.0354447 0.0
0.898242 0.0452447 0.0
0.902298 0.0551905 0.0
0.906239 0.0652273 0.0
0.910019 0.0752975 0.0
0.913596 0.0853414 0.0
0.916932 0.0952984 0.0
0.919995 0.105108 0.0
0.922757 0.114709 0.0
0.925195 0.124044 0.0
0.927292 0.133057 0.0
0.929036 0.141695 0.0
0.930421 0.14991 0.0
0.931447 0.157658 0.0
0.932116 0.1649 0.0
0.932437 0.171604 0.0
0.932422 0.177741 0.0
0.932088 0.18329 0.0
0.931453 0.188236 0.0
0.930539 0.192568 0.0
0.92937 0.196282 0.0
0.927972 0.199378 0.0
0.926371 0.201862 0.0
0.924593 0.203743 0.0
0.922667 0.205035 0.0
0.920619 0.205755 0.0
0.918475 0.205924 0.0
0.916262 0.205566 0.0
0.914002 0.204703 0.0
0.91172 0.203365 0.0
0.909437 0.201578 0.0
0.907173 0.199371 0.0
0.904946 0.196775 0.0
0.902772 0.193818 0.0
0.900665 0.19053 0.0
0.898639 0.18694 0.0
0.896705 0.183077 0.0
0.894871 0.17897 0.0
0.893145 0.174645 0.0
0.891532 0.170128 0.0
0.890038 0.165445 0.0
0.888665 0.160619 0.0
0.887415 0.155674 0.0
0.886288 0.150631 0.0
0.885283 0.145509 0.0
0.884399 0.140329 0.0
0.883631 0.135106 0.0
0.882978 0.129859 0.0
0.882434 0.124601 0.0
0.881994 0.119347 0.0
0.881653 0.114109 0.0
0.881405 0.108898 0.0
0.881242 0.103724 0.0
0.881158 0.0985965 0.0
0.881146 0.093523 0.0
0.881198 0.0885101 0.0
0.881306 0.0835635 0.0
0.881464 0.0786878 0.0
0.881664 0.0738865 0.0
0.881898 0.0691622 0.0
0.882159 0.0645165 0.0
0.88244 0.0599503 0.0
0.882733 0.0554633 0.0
0.883033 0.0510545 0.0
0.883333 0.0467222 0.0
0.883628 0.0424639 0.0
0.883913 0.0382763 0.0
0.884183 0.0341556 0.0
0.884435 0.0300973 0.0
0.884667 0.0260969 0.0
0.884876 0.0221493 0.0
0.885064 0.0182496 0.0
0.88523 0.0143932 0.0
0.885376 0.0105759 0.0
0.885507 0.00679502 0.0
0.885628 0.00304937 0.0
0.885742 -0.000657093 0.0
0.885857 -0.00428985 0.0
0.885974 -0.00754917 0.0
0.999971 -0.00150879 0.0
0.999853 -0.00453759 0.0
0.999617 -0.00758634 0.0
0.999264 -0.0106638 0.0
0.998794 -0.0137789 0.0
0.998208 -0.0169407 0.0
0.997508 -0.0201583 0.0
0.996694 -0.0234413 0.0
0.995768 -0.0267994 0.0
0.994732 -0.0302428 0.0
0.993589 -0.033782 0.0
0.992342 -0.0374279 0.0
0.990994 -0.0411921 0.0
0.989549 -0.0450866 0.0
0.988014 -0.0491241 0.0
0.986393 -0.0533178 0.0
0.984695 -0.0576817 0.0
0.982927 -0.0622303 0.0
0.981101 -0.066979 0.0
0.979227 -0.0719438 0.0
0.977319 -0.0771411 0.0
0.975396 -0.082588 0.0
0.973474 -0.0883019 0.0
0.971577 -0.0943004 0.0
0.969731 -0.100601 0.0
0.967966 -0.10722 0.0
0.966316 -0.114174 0.0
0.96482 -0.121477 0.0
0.963523 -0.12914 0.0
0.962476 -0.13717 0.0
0.961736 -0.145571 0.0
0.961365 -0.154339 0.0
0.961432 -0.163461 0.0
0.96201 -0.172914 0.0
0.963176 -0.182664 0.0
0.965011 -0.192658 0.0
0.967592 -0.202828 0.0
0.970995 -0.213088 0.0
0.975284 -0.223326 0.0
0.980509 -0.233414 0.0
0.986698 -0.243201 0.0
0.993851 -0.25252 0.0
1.00193 -0.261195 0.0
1.01087 -0.269049 0.0
1.02053 -0.275914 0.0
1.03076 -0.281649 0.0
1.04137 -0.286151 0.0
1.05212 -0.289367 0.0
1.06278 -0.291302 0.0
1.07314 -0.292014 0.0
1.08299 -0.291605 0.0
1.09217 -0.290209 0.0
1.10055 -0.287971 0.0
1.10806 -0.285034 0.0
1.11463 -0.28153 0.0
1.12024 -0.277568 0.0
1.12488 -0.273241 0.0
1.12854 -0.268619 0.0
1.13124 -0.263757 0.0
1.13298 -0.258698 0.0
1.13378 -0.253473 0.0
1.13365 -0.24811 0.0
1.13261 -0.24263 0.0
1.13067 -0.237055 0.0
1.12787 -0.231402 0.0
1.12422 -0.225692 0.0
1.11975 -0.219942 0.0
1.11451 -0.214172 0.0
1.10851 -0.2084 0.0
1.1018 -0.202645 0.0
1.09443 -0.196927 0.0
1.08643 -0.191262 0.0
1.07786 -0.18567 0.0
1.06875 -0.180166 0.0
1.05915 -0.174767 0.0
1.04912 -0.169487 0.0
1.0387 -0.164341 0.0
1.02795 -0.159341 0.0
1.0169 -0.154498 0.0
1.00562 -0.149821 0.0
0.994146 -0.145318 0.0
0.98253 -0.140997 0.0
0.970821 -0.13686 0.0
0.959068 -0.132911 0.0
0.94732 -0.129151 0.0
0.935624 -0.125579 0.0
0.924029 -0.122191 0.0
0.912583 -0.118983 0.0
0.901332 -0.115947 0.0
0.890326 -0.113075 0.0
0.879611 -0.110356 0.0
0.869233 -0.107775 0.0
0.859238 -0.105318 0.0
0.849671 -0.102966 0.0
0.840575 -0.1007 0.0
0.83199 -0.0984974 0.0
0.823957 -0.0963336 0.0
0.81651 -0.094182 0.0
0.809682 -0.0920139 0.0
0.803501 -0.0897986 0.0
0.797991 -0.0875039 0.0
0.79317 -0.0850959 0.0
0.789053 -0.0825398 0.0
0.785646 -0.0798004 0.0
0.782951 -0.076842 0.0
0.780963 -0.0736298 0.0
0.779674 -0.0701296 0.0
0.779066 -0.0663092 0.0
0.779119 -0.0621382 0.0
0.779808 -0.0575894 0.0
0.781102 -0.0526385 0.0
0.782967 -0.0472649 0.0
0.785366 -0.0414519 0.0
0.78826 -0.0351872 0.0
0.791605 -0.0284621 0.0
0.795359 -0.0212726 0.0
0.799478 -0.0136185 0.0
0.803914 -0.00550639 0.0
0.808613 0.0030337 0.0
0.813513 0.0119573 0.0
0.818557 0.021225 0.0
0.823688 0.0307926 0.0
0.828851 0.0406112 0.0
0.833992 0.0506272 0.0
0.839059 0.0607833 0.0
0.844002 0.0710185 0.0
0.848777 0.0812693 0.0
0.85334 0.0914708 0.0
0.857655 0.101557 0.0
0.86169 0.111463 0.0
0.865417 0.121125 0.0
0.868814 0.130482 0.0
0.871865 0.139475 0.0
0.87456 0.14805 0.0
0.876891 0.15616 0.0
0.87886 0.16376 0.0
0.88047 0.170813 0.0
0.881729 0.177287 0.0
0.882651 0.183157 0.0
0.88325 0.188405 0.0
0.883547 0.193017 0.0
0.883562 0.196987 0.0
0.883318 0.200315 0.0
0.882841 0.203004 0.0
0.882155 0.205063 0.0
0.881288 0.206507 0.0
0.880265 0.207354 0.0
0.879112 0.207623 0.0
0.877855 0.207339 0.0
0.876517 0.206528 0.0
0.875121 0.205218 0.0
0.873691 0.203439 0.0
0.872245 0.201221 0.0
0.870802 0.198595 0.0
0.86938 0.195593 0.0
0.867994 0.192247 0.0
0.866657 0.188586 0.0
0.865381 0.184642 0.0
0.864175 0.180445 0.0
0.863049 0.176022 0.0
0.862009 0.171403 0.0
0.86106 0.166613 0.0
0.860206 0.161678 0.0
0.859449 0.156622 0.0
0.858791 0.151468 0.0
0.858231 0.146237 0.0
0.857768 0.140948 0.0
0.857401 0.135621 0.0
0.857126 0.130272 0.0
0.85694 0.124918 0.0
0.856838 0.119572 0.0
0.856815 0.114248 0.0
0.856865 0.108957 0.0
0.856984 0.10371 0.0
0.857163 0.0985155 0.0
0.857397 0.0933823 0.0
0.857679 0.088317 0.0
0.858001 0.0833253 0.0
0.858358 0.0784118 0.0
0.85874 0.07358 0.0
0.859143 0.0688324 0.0
0.859558 0.0641705 0.0
0.859978 0.0595949 0.0
0.860398 0.055105 0.0
0.860812 0.0506996 0.0
0.861212 0.0463763 0.0
0.861595 0.0421322 0.0
0.861955 0.0379633 0.0
0.862288 0.033865 0.0
0.862592 0.0298321 0.0
0.862863 0.0258588 0.0
0.863102 0.021939 0.0
0.863309 0.0180664 0.0
0.863484 0.0142349 0.0
0.863633 0.0104389 0.0
0.86376 0.00667416 0.0
0.863871 0.00293809 0.0
0.863977 -0.000766311 0.0
0.864085 -0.0044038 0.0
0.864201 -0.00766742 0.0
0.999968 -0.00144755 0.0
0.999841 -0.00435397 0.0
0.999588 -0.00728059 0.0
0.999207 -0.0102364 0.0
0.998701 -0.0132304 0.0
0.99807 -0.0162719 0.0
0.997313 -0.0193703 0.0
0.996434 -0.0225354 0.0
0.995431 -0.0257773 0.0
0.994308 -0.0291064 0.0
0.993067 -0.0325338 0.0
0.991709 -0.036071 0.0
0.990238 -0.03973 0.0
0.988657 -0.0435237 0.0
0.986971 -0.0474656 0.0
0.985186 -0.05157 0.0
0.983307 -0.0558519 0.0
0.981342 -0.0603276 0.0
0.979301 -0.0650138 0.0
0.977194 -0.0699285 0.0
0.975035 -0.0750906 0.0
0.972841 -0.0805196 0.0
0.970628 -0.0862361 0.0
0.96842 -0.0922611 0.0
0.966241 -0.098616 0.0
0.964124 -0.105322 0.0
0.962103 -0.112401 0.0
0.960219 -0.119871 0.0
0.95852 -0.12775 0.0
0.957061 -0.136054 0.0
0.955904 -0.144791 0.0
0.95512 -0.153964 0.0
0.954785 -0.163568 0.0
0.954986 -0.173586 0.0
0.955816 -0.183987 0.0
0.95737 -0.194723 0.0
0.959748 -0.205723 0.0
0.963047 -0.216894 0.0
0.967355 -0.228116 0.0
0.972746 -0.239239 0.0
0.979269 -0.250087 0.0
0.98694 -0.260458 0.0
0.995731 -0.27013 0.0
1.00556 -0.278877 0.0
1.01629 -0.286478 0.0
1.02771 -0.292742 0.0
1.03958 -0.297525 0.0
1.05159 -0.300752 0.0
1.06343 -0.302422 0.0
1.07479 -0.302616 0.0
1.08542 -0.301476 0.0
1.09508 -0.299183 0.0
1.10363 -0.295933 0.0
1.11097 -0.291913 0.0
1.11703 -0.287289 0.0
1.12181 -0.282196 0.0
1.1253 -0.276742 0.0
1.12753 -0.271007 0.0
1.12851 -0.265052 0.0
1.12829 -0.258922 0.0
1.1269 -0.252653 0.0
1.12437 -0.246272 0.0
1.12075 -0.239805 0.0
1.11608 -0.233276 0.0
1.11041 -0.226706 0.0
1.10379 -0.220119 0.0
1.09628 -0.213535 0.0
1.08792 -0.206976 0.0
1.07879 -0.200465 0.0
1.06893 -0.194021 0.0
1.05842 -0.187664 0.0
1.04731 -0.181415 0.0
1.03566 -0.175291 0.0
1.02353 -0.16931 0.0
1.01099 -0.163487 0.0
0.998095 -0.157838 0.0
0.984896 -0.152374 0.0
0.971453 -0.147109 0.0
0.957821 -0.142053 0.0
0.944053 -0.137214 0.0
0.930202 -0.1326 0.0
0.916319 -0.128216 0.0
0.902455 -0.124067 0.0
0.888659 -0.120155 0.0
0.874982 -0.116481 0.0
0.861472 -0.113043 0.0
0.848178 -0.109838 0.0
0.83515 -0.106861 0.0
0.822435 -0.104104 0.0
0.810083 -0.10156 0.0
0.798142 -0.0992145 0.0
0.786658 -0.097055 0.0
0.77568 -0.0950645 0.0
0.765252 -0.0932239 0.0
0.755417 -0.0915111 0.0
0.746216 -0.0899014 0.0
0.737688 -0.0883674 0.0
0.729865 -0.0868785 0.0
0.722778 -0.0854019 0.0
0.71645 -0.083902 0.0
0.7109 -0.082341 0.0
0.706141 -0.0806795 0.0
0.702179 -0.0788766 0.0
0.699014 -0.0768908 0.0
0.696638 -0.0746804 0.0
0.695038 -0.0722043 0.0
0.694195 -0.0694229 0.0
0.694086 -0.0662985 0.0
0.694679 -0.0627961 0.0
0.695944 -0.0588843 0.0
0.697841 -0.054535 0.0
0.700333 -0.049725 0.0
0.703377 -0.0444352 0.0
0.706931 -0.0386513 0.0
0.710951 -0.0323639 0.0
0.715395 -0.0255682 0.0
0.720218 -0.0182641 0.0
0.725379 -0.0104578 0.0
0.730833 -0.00216763 0.0
0.736526 0.00656511 0.0
0.742401 0.0156981 0.0
0.748402 0.0251867 0.0
0.754475 0.0349808 0.0
0.760567 0.0450256 0.0
0.766624 0.0552612 0.0
0.772597 0.0656242 0.0
0.778438 0.0760475 0.0
0.784106 0.0864621 0.0
0.789559 0.0967978 0.0
0.794762 0.106985 0.0
0.799685 0.116954 0.0
0.804303 0.126638 0.0
0.808594 0.135975 0.0
0.812545 0.144905 0.0
0.816144 0.153374 0.0
0.819387 0.161334 0.0
0.822274 0.168742 0.0
0.824808 0.175564 0.0
0.826998 0.181769 0.0
0.828856 0.187336 0.0
0.830397 0.192249 0.0
0.831639 0.196499 0.0
0.832602 0.200084 0.0
0.833308 0.203006 0.0
0.83378 0.205274 0.0
0.834043 0.206901 0.0
0.83412 0.207905 0.0
0.834037 0.208307 0.0
0.833816 0.208132 0.0
0.833482 0.207406 0.0
0.833057 0.206159 0.0
0.832563 0.204422 0.0
0.832019 0.202227 0.0
0.831444 0.199606 0.0
0.830856 0.196593 0.0
0.830269 0.19322 0.0
0.829698 0.189521 0.0
0.829155 0.185527 0.0
0.82865 0.18127 0.0
0.828193 0.17678 0.0
0.82779 0.172087 0.0
0.827449 0.167219 0.0
0.827173 0.162202 0.0
0.826966 0.157062 0.0
0.826829 0.151823 0.0
0.826763 0.146507 0.0
0.826769 0.141135 0.0
0.826844 0.135726 0.0
0.826987 0.130299 0.0
0.827194 0.12487 0.0
0.827463 0.119454 0.0
0.827788 0.114064 0.0
0.828166 0.108713 0.0
0.82859 0.103411 0.0
0.829056 0.0981689 0.0
0.829557 0.092994 0.0
0.830087 0.0878936 0.0
0.830639 0.0828734 0.0
0.831209 0.0779382 0.0
0.831788 0.0730915 0.0
0.832371 0.0683358 0.0
0.83295 0.0636723 0.0
0.833521 0.0591015 0.0
0.834077 0.0546225 0.0
0.834612 0.0502338 0.0
0.835121 0.0459327 0.0
0.835598 0.0417156 0.0
0.83604 0.0375779 0.0
0.836443 0.0335143 0.0
0.836804 0.0295186 0.0
0.837121 0.0255838 0.0
0.837393 0.0217027 0.0
0.837622 0.0178673 0.0
0.837811 0.0140699 0.0
0.837963 0.0103029 0.0
0.838087 0.00655993 0.0
0.838191 0.00283641 0.0
0.838287 -0.000866334 0.0
0.838388 -0.0045129 0.0
0.838502 -0.00778751 0.0
0.999966 -0.00138179 0.0
0.99983 -0.00415676 0.0
0.999558 -0.00695211 0.0
0.99915 -0.00977693 0.0
0.998607 -0.0126404 0.0
0.997929 -0.0155519 0.0
0.997116 -0.018521 0.0
0.996169 -0.0215578 0.0
0.995088 -0.0246726 0.0
0.993876 -0.0278761 0.0
0.992534 -0.0311799 0.0
0.991062 -0.0345957 0.0
0.989464 -0.0381363 0.0
0.987743 -0.0418151 0.0
0.985901 -0.0456465 0.0
0.983944 -0.0496458 0.0
0.981876 -0.0538291 0.0
0.979704 -0.058214 0.0
0.977437 -0.0628191 0.0
0.975084 -0.0676641 0.0
0.972658 -0.0727703 0.0
0.970173 -0.07816 0.0
0.967647 -0.0838568 0.0
0.9651 -0.0898856 0.0
0.962559 -0.0962722 0.0
0.960053 -0.103043 0.0
0.957619 -0.110224 0.0
0.955299 -0.117843 0.0
0.953142 -0.125923 0.0
0.951207 -0.134488 0.0
0.949562 -0.143555 0.0
0.948284 -0.153137 0.0
0.94746 -0.163237 0.0
0.94719 -0.173848 0.0
0.947582 -0.184947 0.0
0.948753 -0.196489 0.0
0.950827 -0.208409 0.0
0.953928 -0.220608 0.0
0.958176 -0.232957 0.0
0.963676 -0.245288 0.0
0.970508 -0.257394 0.0
0.978715 -0.269029 0.0
0.988285 -0.279919 0.0
0.999135 -0.289768 0.0
1.01111 -0.298283 0.0
1.02394 -0.305197 0.0
1.03731 -0.310301 0.0
1.0508 -0.313475 0.0
1.06397 -0.314712 0.0
1.0764 -0.31412 0.0
1.08771 -0.311902 0.0
1.0976 -0.308318 0.0
1.10589 -0.303641 0.0
1.11248 -0.298125 0.0
1.11732 -0.291985 0.0
1.12043 -0.285391 0.0
1.12187 -0.278469 0.0
1.12167 -0.271313 0.0
1.11993 -0.263989 0.0
1.11671 -0.256546 0.0
1.1121 -0.249021 0.0
1.10617 -0.241445 0.0
1.09901 -0.233846 0.0
1.09069 -0.226249 0.0
1.0813 -0.21868 0.0
1.07094 -0.211161 0.0
1.05968 -0.203717 0.0
1.04761 -0.19637 0.0
1.03481 -0.189141 0.0
1.02137 -0.182051 0.0
1.00737 -0.175119 0.0
0.992883 -0.168363 0.0
0.977986 -0.161798 0.0
0.962748 -0.155441 0.0
0.947238 -0.149305 0.0
0.931518 -0.143402 0.0
0.915649 -0.137742 0.0
0.899688 -0.132337 0.0
0.88369 -0.127194 0.0
0.867707 -0.122321 0.0
0.851789 -0.117724 0.0
0.835987 -0.113407 0.0
0.820347 -0.109373 0.0
0.804918 -0.105625 0.0
0.789745 -0.102162 0.0
0.774877 -0.0989835 0.0
0.76036 -0.0960863 0.0
0.746241 -0.0934651 0.0
0.732568 -0.0911128 0.0
0.719389 -0.0890199 0.0
0.70675 -0.0871741 0.0
0.694698 -0.0855605 0.0
0.683279 -0.0841614 0.0
0.672536 -0.0829554 0.0
0.662509 -0.0819181 0.0
0.653237 -0.0810215 0.0
0.644752 -0.0802338 0.0
0.637083 -0.07952 0.0
0.630251 -0.0788416 0.0
0.624274 -0.0781569 0.0
0.619159 -0.0774219 0.0
0.614909 -0.0765903 0.0
0.61152 -0.0756145 0.0
0.608979 -0.0744465 0.0
0.607269 -0.073038 0.0
0.606364 -0.0713424 0.0
0.606237 -0.0693145 0.0
0.606852 -0.0669122 0.0
0.608172 -0.0640966 0.0
0.610157 -0.060833 0.0
0.612765 -0.0570915 0.0
0.615951 -0.0528467 0.0
0.619672 -0.048079 0.0
0.623885 -0.0427739 0.0
0.628545 -0.0369221 0.0
0.633612 -0.0305198 0.0
0.639044 -0.0235686 0.0
0.644806 -0.0160759 0.0
0.65086 -0.00805752 0.0
0.657166 0.000455762 0.0
0.663676 0.00942253 0.0
0.670339 0.0187975 0.0
0.677106 0.0285304 0.0
0.683926 0.0385652 0.0
0.690749 0.0488408 0.0
0.69753 0.0592913 0.0
0.704221 0.0698472 0.0
0.71078 0.0804359 0.0
0.717167 0.0909836 0.0
0.723347 0.101416 0.0
0.729287 0.111659 0.0
0.73496 0.121642 0.0
0.740341 0.131297 0.0
0.745414 0.14056 0.0
0.750162 0.149371 0.0
0.754577 0.157678 0.0
0.758655 0.165434 0.0
0.762394 0.172599 0.0
0.765797 0.17914 0.0
0.768873 0.185031 0.0
0.771632 0.190254 0.0
0.774087 0.194797 0.0
0.776254 0.198655 0.0
0.778151 0.201831 0.0
0.779798 0.20433 0.0
0.781216 0.206165 0.0
0.782426 0.207354 0.0
0.783451 0.207918 0.0
0.784311 0.207882 0.0
0.785029 0.207273 0.0
0.785626 0.206121 0.0
0.786121 0.204459 0.0
0.786534 0.20232 0.0
0.786884 0.199738 0.0
0.787185 0.196748 0.0
0.787455 0.193383 0.0
0.787706 0.189678 0.0
0.787951 0.185668 0.0
0.7882 0.181384 0.0
0.788464 0.17686 0.0
0.788749 0.172125 0.0
0.789062 0.167209 0.0
0.789409 0.162141 0.0
0.789794 0.156947 0.0
0.790218 0.151651 0.0
0.790684 0.146278 0.0
0.791192 0.14085 0.0
0.791742 0.135386 0.0
0.792332 0.129906 0.0
0.79296 0.124427 0.0
0.793624 0.118964 0.0
0.79432 0.113532 0.0
0.795044 0.108143 0.0
0.795793 0.102808 0.0
0.796561 0.0975385 0.0
0.797343 0.0923415 0.0
0.798134 0.0872249 0.0
0.798929 0.0821944 0.0
0.799722 0.077255 0.0
0.800507 0.0724101 0.0
0.80128 0.0676621 0.0
0.802033 0.0630124 0.0
0.802763 0.0584612 0.0
0.803462 0.0540074 0.0
0.804127 0.0496492 0.0
0.804752 0.0453836 0.0
0.805333 0.0412064 0.0
0.805865 0.0371126 0.0
0.806346 0.033096 0.0
0.806772 0.0291496 0.0
0.807143 0.0252653 0.0
0.807457 0.0214343 0.0
0.807717 0.017647 0.0
0.807925 0.0138936 0.0
0.808088 0.0101643 0.0
0.808213 0.00644987 0.0
0.808312 0.00274295 0.0
0.808401 -0.000957775 0.0
0.808496 -0.00461745 0.0
0.808609 -0.00790986 0.0
0.999964 -0.00131145 0.0
0.999818 -0.0039458 0.0
0.999528 -0.00660062 0.0
0.999092 -0.00928505 0.0
0.998512 -0.0120083 0.0
0.997786 -0.0147799 0.0
0.996916 -0.0176096 0.0
0.995901 -0.0205074 0.0
0.994742 -0.0234839 0.0
0.993439 -0.0265501 0.0
0.991993 -0.0297177 0.0
0.990406 -0.0329991 0.0
0.988678 -0.0364073 0.0
0.986812 -0.0399564 0.0
0.98481 -0.0436614 0.0
0.982675 -0.0475386 0.0
0.980412 -0.0516052 0.0
0.978025 -0.0558799 0.0
0.975522 -0.0603831 0.0
0.972911 -0.0651364 0.0
0.970203 -0.0701632 0.0
0.967409 -0.0754888 0.0
0.964548 -0.08114 0.0
0.961637 -0.0871456 0.0
0.958702 -0.0935359 0.0
0.955772 -0.100343 0.0
0.952881 -0.1076 0.0
0.950073 -0.115339 0.0
0.947399 -0.123596 0.0
0.94492 -0.132401 0.0
0.942707 -0.141783 0.0
0.940845 -0.151767 0.0
0.939431 -0.162369 0.0
0.938578 -0.173593 0.0
0.938412 -0.185428 0.0
0.939074 -0.197841 0.0
0.940714 -0.210771 0.0
0.943492 -0.224124 0.0
0.947566 -0.237763 0.0
0.953086 -0.251502 0.0
0.960175 -0.265102 0.0
0.968916 -0.278269 0.0
0.979326 -0.290659 0.0
0.991336 -0.301889 0.0
1.00476 -0.311557 0.0
1.01928 -0.319283 0.0
1.03445 -0.324746 0.0
1.04967 -0.327748 0.0
1.06432 -0.328257 0.0
1.07775 -0.326431 0.0
1.08943 -0.32258 0.0
1.099 -0.317099 0.0
1.10623 -0.310386 0.0
1.11107 -0.302798 0.0
1.11353 -0.294619 0.0
1.11372 -0.286063 0.0
1.11177 -0.277279 0.0
1.10783 -0.268369 0.0
1.10204 -0.259404 0.0
1.09456 -0.250432 0.0
1.08553 -0.241489 0.0
1.07508 -0.232605 0.0
1.06337 -0.223806 0.0
1.05051 -0.215118 0.0
1.03665 -0.206562 0.0
1.0219 -0.198163 0.0
1.00638 -0.189938 0.0
0.990215 -0.181909 0.0
0.973501 -0.174091 0.0
0.956342 -0.166502 0.0
0.938828 -0.159154 0.0
0.921046 -0.15206 0.0
0.903072 -0.145231 0.0
0.884979 -0.138678 0.0
0.866829 -0.132409 0.0
0.848684 -0.126432 0.0
0.830596 -0.120755 0.0
0.812616 -0.115384 0.0
0.794792 -0.110325 0.0
0.777166 -0.105582 0.0
0.759782 -0.101162 0.0
0.742681 -0.0970655 0.0
0.725904 -0.0932972 0.0
0.709492 -0.0898583 0.0
0.693485 -0.0867492 0.0
0.677927 -0.0839692 0.0
0.662859 -0.0815156 0.0
0.648326 -0.0793838 0.0
0.634371 -0.0775669 0.0
0.62104 -0.0760553 0.0
0.608377 -0.0748362 0.0
0.596424 -0.0738937 0.0
0.585222 -0.0732078 0.0
0.574811 -0.0727547 0.0
0.565225 -0.0725061 0.0
0.556493 -0.0724295 0.0
0.54864 -0.0724878 0.0
0.541683 -0.0726398 0.0
0.535633 -0.0728403 0.0
0.530493 -0.0730407 0.0
0.52626 -0.0731898 0.0
0.522921 -0.0732342 0.0
0.520459 -0.0731195 0.0
0.51885 -0.0727912 0.0
0.518062 -0.0721956 0.0
0.518063 -0.0712809 0.0
0.518813 -0.069998 0.0
0.52027 -0.0683013 0.0
0.522392 -0.0661498 0.0
0.525134 -0.063507 0.0
0.528451 -0.0603422 0.0
0.532299 -0.0566302 0.0
0.536634 -0.0523516 0.0
0.541414 -0.0474931 0.0
0.546598 -0.0420472 0.0
0.552149 -0.0360121 0.0
0.558031 -0.0293917 0.0
0.564213 -0.0221961 0.0
0.570663 -0.0144421 0.0
0.577354 -0.00615595 0.0
0.584251 0.00262673 0.0
0.591317 0.0118639 0.0
0.598509 0.0215057 0.0
0.605783 0.031496 0.0
0.613097 0.0417729 0.0
0.620406 0.0522693 0.0
0.627671 0.0629134 0.0
0.634851 0.0736302 0.0
0.64191 0.0843429 0.0
0.648813 0.0949738 0.0
0.655529 0.105446 0.0
0.662028 0.115684 0.0
0.668286 0.125616 0.0
0.674282 0.135173 0.0
0.679998 0.144293 0.0
0.685422 0.152918 0.0
0.690542 0.160997 0.0
0.695355 0.168485 0.0
0.699858 0.175347 0.0
0.704054 0.181553 0.0
0.707947 0.187081 0.0
0.711546 0.191917 0.0
0.714861 0.196053 0.0
0.717907 0.19949 0.0
0.720698 0.202232 0.0
0.72325 0.204292 0.0
0.725581 0.205685 0.0
0.72771 0.206433 0.0
0.729655 0.206561 0.0
0.731436 0.206095 0.0
0.733069 0.205068 0.0
0.734574 0.203512 0.0
0.735968 0.201461 0.0
0.737268 0.198949 0.0
0.738488 0.196014 0.0
0.739644 0.192691 0.0
0.740747 0.189015 0.0
0.741811 0.185022 0.0
0.742845 0.180746 0.0
0.74386 0.17622 0.0
0.744862 0.171477 0.0
0.745859 0.166547 0.0
0.746857 0.161459 0.0
0.747858 0.156242 0.0
0.748868 0.150922 0.0
0.749888 0.145522 0.0
0.750919 0.140067 0.0
0.751962 0.134577 0.0
0.753016 0.129072 0.0
0.75408 0.123569 0.0
0.755153 0.118085 0.0
0.756232 0.112635 0.0
0.757314 0.107232 0.0
0.758396 0.101888 0.0
0.759475 0.0966124 0.0
0.760546 0.0914143 0.0
0.761606 0.0863013 0.0
0.762649 0.0812796 0.0
0.763672 0.0763538 0.0
0.76467 0.0715278 0.0
0.765639 0.0668039 0.0
0.766572 0.0621833 0.0
0.767467 0.0576662 0.0
0.768319 0.0532515 0.0
0.769122 0.0489372 0.0
0.769873 0.0447198 0.0
0.770567 0.040595 0.0
0.771201 0.0365572 0.0
0.771772 0.0325997 0.0
0.772277 0.0287143 0.0
0.772715 0.0248921 0.0
0.773085 0.0211228 0.0
0.773389 0.0173949 0.0
0.773631 0.0136964 0.0
0.773815 0.0100146 0.0
0.773953 0.00633698 0.0
0.774056 0.00265241 0.0
0.774145 -0.0010442 0.0
0.774238 -0.00471953 0.0
0.774352 -0.00803532 0.0
0.999961 -0.00123652 0.0
0.999807 -0.00372102 0.0
0.999498 -0.006226 0.0
0.999034 -0.00876057 0.0
0.998416 -0.011334 0.0
0.997643 -0.0139556 0.0
0.996715 -0.0166354 0.0
0.995632 -0.0193833 0.0
0.994393 -0.0222101 0.0
0.992999 -0.025127 0.0
0.99145 -0.0281457 0.0
0.989745 -0.031279 0.0
0.987886 -0.0345402 0.0
0.985872 -0.037944 0.0
0.983707 -0.0415059 0.0
0.98139 -0.0452429 0.0
0.978926 -0.0491733 0.0
0.976318 -0.0533169 0.0
0.97357 -0.0576955 0.0
0.97069 -0.0623327 0.0
0.967686 -0.0672539 0.0
0.964568 -0.0724873 0.0
0.961351 -0.0780629 0.0
0.958052 -0.0840134 0.0
0.954693 -0.0903742 0.0
0.951302 -0.0971828 0.0
0.947912 -0.104479 0.0
0.944565 -0.112305 0.0
0.941312 -0.120703 0.0
0.938214 -0.129717 0.0
0.935348 -0.139388 0.0
0.932803 -0.149755 0.0
0.930685 -0.16085 0.0
0.92912 -0.172694 0.0
0.928252 -0.185294 0.0
0.928248 -0.198632 0.0
0.92929 -0.212663 0.0
0.931579 -0.2273 0.0
0.935322 -0.242406 0.0
0.940726 -0.257782 0.0
0.947975 -0.27316 0.0
0.957213 -0.28819 0.0
0.968509 -0.302445 0.0
0.98182 -0.315424 0.0
0.996946 -0.326573 0.0
1.01348 -0.335327 0.0
1.03079 -0.341177 0.0
1.04802 -0.343772 0.0
1.06417 -0.343032 0.0
1.0783 -0.339215 0.0
1.08967 -0.332845 0.0
1.09782 -0.324554 0.0
1.10261 -0.314951 0.0
1.10408 -0.30454 0.0
1.10244 -0.293697 0.0
1.09794 -0.282678 0.0
1.09087 -0.271648 0.0
1.08152 -0.260707 0.0
1.07016 -0.249915 0.0
1.05703 -0.23931 0.0
1.04237 -0.228917 0.0
1.0264 -0.218756 0.0
1.0093 -0.208845 0.0
0.991274 -0.199198 0.0
0.972485 -0.189829 0.0
0.953091 -0.180752 0.0
0.933233 -0.171976 0.0
0.913041 -0.163511 0.0
0.892627 -0.155362 0.0
0.872093 -0.147537 0.0
0.851526 -0.140038 0.0
0.831002 -0.132869 0.0
0.810588 -0.126033 0.0
0.790338 -0.119532 0.0
0.770303 -0.113369 0.0
0.750523 -0.107547 0.0
0.731038 -0.102067 0.0
0.71188 -0.096934 0.0
0.69308 -0.0921504 0.0
0.674669 -0.0877199 0.0
0.656675 -0.0836463 0.0
0.639128 -0.079933 0.0
0.622059 -0.0765834 0.0
0.605499 -0.0736002 0.0
0.589484 -0.0709851 0.0
0.574047 -0.0687386 0.0
0.559228 -0.0668593 0.0
0.545065 -0.0653435 0.0
0.531597 -0.0641848 0.0
0.518864 -0.0633733 0.0
0.506904 -0.0628953 0.0
0.495756 -0.0627326 0.0
0.48545 -0.0628623 0.0
0.476017 -0.0632564 0.0
0.467481 -0.0638815 0.0
0.459857 -0.0646992 0.0
0.453158 -0.0656657 0.0
0.447386 -0.0667327 0.0
0.442536 -0.0678476 0.0
0.438597 -0.0689547 0.0
0.435551 -0.0699957 0.0
0.433372 -0.0709106 0.0
0.43203 -0.0716393 0.0
0.43149 -0.0721222 0.0
0.431714 -0.0723015 0.0
0.432661 -0.072122 0.0
0.434287 -0.0715324 0.0
0.436548 -0.0704856 0.0
0.4394 -0.0689396 0.0
0.442799 -0.0668582 0.0
0.446702 -0.0642111 0.0
0.451067 -0.0609742 0.0
0.455855 -0.0571299 0.0
0.461027 -0.0526668 0.0
0.466549 -0.0475798 0.0
0.472389 -0.0418698 0.0
0.478516 -0.0355437 0.0
0.484905 -0.0286143 0.0
0.491531 -0.0211007 0.0
0.498372 -0.013029 0.0
0.505406 -0.00443197 0.0
0.512609 0.00465324 0.0
0.519952 0.0141816 0.0
0.5274 0.024098 0.0
0.534918 0.0343405 0.0
0.542469 0.044841 0.0
0.550019 0.0555266 0.0
0.557535 0.0663208 0.0
0.564983 0.0771446 0.0
0.572334 0.0879183 0.0
0.579558 0.0985623 0.0
0.586627 0.108999 0.0
0.593517 0.119153 0.0
0.600205 0.128952 0.0
0.606672 0.138331 0.0
0.6129 0.147228 0.0
0.618877 0.155589 0.0
0.624591 0.163365 0.0
0.630037 0.170518 0.0
0.635211 0.177013 0.0
0.640111 0.182827 0.0
0.644742 0.187941 0.0
0.649107 0.192347 0.0
0.653215 0.196042 0.0
0.657076 0.199029 0.0
0.6607 0.201319 0.0
0.6641 0.202927 0.0
0.667291 0.203872 0.0
0.670287 0.204181 0.0
0.673102 0.20388 0.0
0.675753 0.203 0.0
0.678253 0.201574 0.0
0.680619 0.199638 0.0
0.682863 0.197228 0.0
0.685001 0.194379 0.0
0.687043 0.191129 0.0
0.689003 0.187514 0.0
0.69089 0.183572 0.0
0.692716 0.179336 0.0
0.694488 0.174843 0.0
0.696215 0.170125 0.0
0.697903 0.165214 0.0
0.699558 0.16014 0.0
0.701184 0.154933 0.0
0.702785 0.14962 0.0
0.704364 0.144226 0.0
0.705923 0.138774 0.0
0.707463 0.133287 0.0
0.708984 0.127786 0.0
0.710487 0.122288 0.0
0.711971 0.11681 0.0
0.713434 0.111369 0.0
0.714875 0.105976 0.0
0.716291 0.100645 0.0
0.717682 0.0953863 0.0
0.719042 0.0902083 0.0
0.720371 0.085119 0.0
0.721665 0.0801246 0.0
0.722921 0.0752303 0.0
0.724134 0.0704396 0.0
0.725303 0.0657551 0.0
0.726423 0.0611781 0.0
0.727491 0.0567087 0.0
0.728503 0.0523458 0.0
0.729455 0.0480873 0.0
0.730344 0.0439296 0.0
0.731167 0.0398683 0.0
0.73192 0.0358972 0.0
0.732599 0.0320093 0.0
0.733203 0.0281958 0.0
0.733729 0.0244466 0.0
0.734177 0.0207501 0.0
0.734548 0.0170931 0.0
0.734844 0.013461 0.0
0.735071 0.00983804 0.0
0.735239 0.00620761 0.0
0.735363 0.00255384 0.0
0.735463 -0.00113343 0.0
0.735563 -0.00482364 0.0
0.735683 -0.00816522 0.0
0.999959 -0.001157 0.0
0.999795 -0.00348246 0.0
0.999468 -0.00582832 0.0
0.998977 -0.00820357 0.0
0.998322 -0.0106174 0.0
0.997501 -0.0130791 0.0
0.996516 -0.0155985 0.0
0.995365 -0.0181856 0.0
0.994047 -0.0208512 0.0
0.992561 -0.0236064 0.0
0.990907 -0.0264632 0.0
0.989085 -0.0294343 0.0
0.987093 -0.0325336 0.0
0.984932 -0.0357758 0.0
0.9826 -0.0391771 0.0
0.9801 -0.0427549 0.0
0.977431 -0.0465283 0.0
0.974596 -0.0505184 0.0
0.971597 -0.0547479 0.0
0.968439 -0.0592423 0.0
0.965128 -0.064029 0.0
0.961673 -0.0691387 0.0
0.958083 -0.0746046 0.0
0.954373 -0.0804635 0.0
0.950563 -0.0867553 0.0
0.946677 -0.0935238 0.0
0.942745 -0.100816 0.0
0.938807 -0.108682 0.0
0.934911 -0.117177 0.0
0.93112 -0.126355 0.0
0.927509 -0.136273 0.0
0.924172 -0.146988 0.0
0.921222 -0.15855 0.0
0.918796 -0.171004 0.0
0.917058 -0.184379 0.0
0.916198 -0.198683 0.0
0.916437 -0.213893 0.0
0.91802 -0.229942 0.0
0.921217 -0.246703 0.0
0.926304 -0.263975 0.0
0.933551 -0.281463 0.0
0.94319 -0.298764 0.0
0.955373 -0.315351 0.0
0.970114 -0.33057 0.0
0.987209 -0.343647 0.0
1.00614 -0.353719 0.0
1.02598 -0.35994 0.0
1.04541 -0.361668 0.0
1.06287 -0.358744 0.0
1.0769 -0.351668 0.0
1.08654 -0.341396 0.0
1.09138 -0.328995 0.0
1.09148 -0.315398 0.0
1.08722 -0.301303 0.0
1.0791 -0.287171 0.0
1.06767 -0.273277 0.0
1.05345 -0.259766 0.0
1.03692 -0.246706 0.0
1.01849 -0.23412 0.0
0.998526 -0.222013 0.0
0.977352 -0.21038 0.0
0.955249 -0.199214 0.0
0.932466 -0.18851 0.0
0.90922 -0.17826 0.0
0.885701 -0.168458 0.0
0.862069 -0.159097 0.0
0.838462 -0.150167 0.0
0.814992 -0.141659 0.0
0.791754 -0.133563 0.0
0.768821 -0.125869 0.0
0.746251 -0.118568 0.0
0.724088 -0.111652 0.0
0.702366 -0.105113 0.0
0.68111 -0.0989465 0.0
0.660338 -0.093148 0.0
0.640065 -0.0877159 0.0
0.620303 -0.0826502 0.0
0.601062 -0.0779521 0.0
0.582354 -0.0736245 0.0
0.564191 -0.0696714 0.0
0.546588 -0.0660978 0.0
0.529563 -0.062909 0.0
0.513135 -0.0601107 0.0
0.497329 -0.057708 0.0
0.482173 -0.0557052 0.0
0.467696 -0.0541048 0.0
0.453929 -0.0529073 0.0
0.440907 -0.0521098 0.0
0.428662 -0.0517058 0.0
0.417227 -0.0516843 0.0
0.406631 -0.0520293 0.0
0.396901 -0.0527191 0.0
0.388056 -0.0537262 0.0
0.380113 -0.0550169 0.0
0.373081 -0.0565515 0.0
0.366959 -0.0582845 0.0
0.361743 -0.060165 0.0
0.35742 -0.0621376 0.0
0.353969 -0.064143 0.0
0.351368 -0.0661188 0.0
0.349584 -0.0680014 0.0
0.348584 -0.0697261 0.0
0.348331 -0.0712288 0.0
0.348785 -0.0724471 0.0
0.349906 -0.073321 0.0
0.351651 -0.0737942 0.0
0.353979 -0.0738146 0.0
0.35685 -0.0733352 0.0
0.360223 -0.0723149 0.0
0.364059 -0.0707182 0.0
0.368321 -0.0685165 0.0
0.372975 -0.0656874 0.0
0.377986 -0.0622153 0.0
0.383323 -0.0580913 0.0
0.388958 -0.0533126 0.0
0.394864 -0.0478829 0.0
0.401018 -0.041812 0.0
0.407399 -0.0351153 0.0
0.413988 -0.0278142 0.0
0.420767 -0.0199361 0.0
0.427722 -0.0115137 0.0
0.434836 -0.00258294 0.0
0.442094 0.00681723 0.0
0.449472 0.0166363 0.0
0.456944 0.0268129 0.0
0.464483 0.0372789 0.0
0.472061 0.0479604 0.0
0.479652 0.0587799 0.0
0.487231 0.0696576 0.0
0.494773 0.0805128 0.0
0.502252 0.091265 0.0
0.509644 0.101835 0.0
0.516925 0.112146 0.0
0.524073 0.122124 0.0
0.531067 0.1317 0.0
0.537888 0.140811 0.0
0.544518 0.149399 0.0
0.550945 0.157414 0.0
0.557155 0.164812 0.0
0.563141 0.171559 0.0
0.568897 0.177625 0.0
0.574418 0.182991 0.0
0.579705 0.187645 0.0
0.584759 0.191582 0.0
0.589583 0.194804 0.0
0.594184 0.197319 0.0
0.598568 0.199141 0.0
0.602745 0.20029 0.0
0.606724 0.200789 0.0
0.610515 0.200665 0.0
0.614131 0.199949 0.0
0.617581 0.198674 0.0
0.620878 0.196876 0.0
0.624032 0.194591 0.0
0.627055 0.191855 0.0
0.629958 0.188707 0.0
0.63275 0.185184 0.0
0.635441 0.181323 0.0
0.638039 0.177161 0.0
0.640552 0.172733 0.0
0.642988 0.168073 0.0
0.645352 0.163214 0.0
0.647651 0.158187 0.0
0.649888 0.153023 0.0
0.652068 0.147749 0.0
0.654195 0.142391 0.0
0.65627 0.136974 0.0
0.658296 0.131521 0.0
0.660273 0.126052 0.0
0.662204 0.120587 0.0
0.664089 0.115143 0.0
0.665927 0.109735 0.0
0.667718 0.104378 0.0
0.669461 0.0990835 0.0
0.671157 0.0938628 0.0
0.672802 0.0887252 0.0
0.674397 0.0836785 0.0
0.675939 0.0787291 0.0
0.677427 0.0738823 0.0
0.678859 0.0691418 0.0
0.680233 0.0645103 0.0
0.681547 0.0599893 0.0
0.682798 0.0555789 0.0
0.683983 0.0512782 0.0
0.685101 0.047085 0.0
0.686147 0.0429961 0.0
0.68712 0.0390067 0.0
0.688015 0.0351109 0.0
0.68883 0.0313011 0.0
0.689562 0.0275684 0.0
0.690208 0.0239018 0.0
0.690766 0.0202886 0.0
0.691237 0.0167138 0.0
0.691621 0.0131604 0.0
0.691923 0.00960923 0.0
0.692152 0.00603921 0.0
0.692321 0.00242869 0.0
0.692452 -0.00123902 0.0
0.692572 -0.00493752 0.0
0.692702 -0.00830135 0.0
0.999957 -0.00107295 0.0
0.999784 -0.0032303 0.0
0.999439 -0.00540785 0.0
0.99892 -0.00761441 0.0
0.998228 -0.00985896 0.0
0.997362 -0.0121507 0.0
0.99632 -0.0144993 0.0
0.995101 -0.0169147 0.0
0.993705 -0.0194075 0.0
0.992129 -0.0219887 0.0
0.990372 -0.0246703 0.0
0.988432 -0.0274652 0.0
0.986308 -0.0303871 0.0
0.983998 -0.0334511 0.0
0.981501 -0.0366735 0.0
0.978816 -0.0400723 0.0
0.975941 -0.0436671 0.0
0.972876 -0.0474797 0.0
0.969622 -0.0515342 0.0
0.966181 -0.0558569 0.0
0.962555 -0.0604776 0.0
0.95875 -0.0654289 0.0
0.954772 -0.0707471 0.0
0.950634 -0.0764727 0.0
0.946348 -0.0826503 0.0
0.941935 -0.0893296 0.0
0.937422 -0.096565 0.0
0.932843 -0.104416 0.0
0.928243 -0.112948 0.0
0.923681 -0.12223 0.0
0.919231 -0.132336 0.0
0.914986 -0.143342 0.0
0.911065 -0.155324 0.0
0.907613 -0.168352 0.0
0.904808 -0.182488 0.0
0.902868 -0.197774 0.0
0.902048 -0.214222 0.0
0.902649 -0.231798 0.0
0.905007 -0.250402 0.0
0.90949 -0.269847 0.0
0.916477 -0.289826 0.0
0.926324 -0.309887 0.0
0.939312 -0.329398 0.0
0.955556 -0.347508 0.0
0.97487 -0.363117 0.0
0.996574 -0.374882 0.0
1.0193 -0.38135 0.0
1.04095 -0.381335 0.0
1.05897 -0.374556 0.0
1.07121 -0.362134 0.0
1.07657 -0.345923 0.0
1.07499 -0.327725 0.0
1.06713 -0.30891 0.0
1.05396 -0.290356 0.0
1.0365 -0.272543 0.0
1.0157 -0.25568 0.0
0.992382 -0.239823 0.0
0.967211 -0.224945 0.0
0.940749 -0.210988 0.0
0.913455 -0.197887 0.0
0.885701 -0.185578 0.0
0.857794 -0.174006 0.0
0.82998 -0.163122 0.0
0.802457 -0.15288 0.0
0.775378 -0.14324 0.0
0.748858 -0.134163 0.0
0.722978 -0.125613 0.0
0.697794 -0.117558 0.0
0.673336 -0.109968 0.0
0.649621 -0.102815 0.0
0.626648 -0.0960789 0.0
0.604409 -0.0897401 0.0
0.58289 -0.0837847 0.0
0.562074 -0.0782028 0.0
0.541942 -0.0729883 0.0
0.522478 -0.0681387 0.0
0.503668 -0.0636548 0.0
0.485501 -0.0595399 0.0
0.467972 -0.0557997 0.0
0.45108 -0.0524417 0.0
0.434831 -0.0494748 0.0
0.419233 -0.0469083 0.0
0.404301 -0.0447518 0.0
0.390053 -0.0430141 0.0
0.376513 -0.0417026 0.0
0.363705 -0.040822 0.0
0.351656 -0.0403738 0.0
0.34039 -0.0403551 0.0
0.329932 -0.040758 0.0
0.320304 -0.0415688 0.0
0.311522 -0.0427674 0.0
0.303599 -0.0443269 0.0
0.296539 -0.0462139 0.0
0.29034 -0.0483881 0.0
0.284996 -0.0508031 0.0
0.280492 -0.0534067 0.0
0.276807 -0.0561418 0.0
0.273916 -0.058947 0.0
0.271791 -0.0617581 0.0
0.270398 -0.064509 0.0
0.269703 -0.0671324 0.0
0.269669 -0.0695618 0.0
0.27026 -0.0717313 0.0
0.27144 -0.073578 0.0
0.273171 -0.0750416 0.0
0.275419 -0.0760662 0.0
0.278148 -0.0766005 0.0
0.281327 -0.0765986 0.0
0.284923 -0.0760203 0.0
0.288906 -0.074832 0.0
0.293247 -0.0730064 0.0
0.297919 -0.070523 0.0
0.302897 -0.0673681 0.0
0.308156 -0.0635345 0.0
0.313673 -0.0590219 0.0
0.319429 -0.0538361 0.0
0.325405 -0.0479889 0.0
0.331585 -0.0414983 0.0
0.337953 -0.0343876 0.0
0.344496 -0.0266855 0.0
0.351202 -0.0184252 0.0
0.35806 -0.0096436 0.0
0.365059 -0.000378715 0.0
0.372187 0.00932574 0.0
0.379427 0.0194112 0.0
0.386761 0.0298088 0.0
0.394169 0.0404443 0.0
0.401634 0.0512394 0.0
0.409138 0.0621146 0.0
0.416663 0.0729895 0.0
0.424188 0.0837838 0.0
0.431694 0.0944183 0.0
0.439159 0.104816 0.0
0.446562 0.114902 0.0
0.453881 0.124608 0.0
0.461098 0.133866 0.0
0.468191 0.142619 0.0
0.475145 0.150814 0.0
0.481944 0.158404 0.0
0.488573 0.165352 0.0
0.495022 0.171627 0.0
0.501282 0.177207 0.0
0.507347 0.182078 0.0
0.513212 0.186231 0.0
0.518875 0.189668 0.0
0.524335 0.192394 0.0
0.529595 0.194422 0.0
0.534658 0.19577 0.0
0.539527 0.19646 0.0
0.54421 0.196519 0.0
0.548711 0.195978 0.0
0.553039 0.194868 0.0
0.5572 0.193225 0.0
0.561203 0.191085 0.0
0.565056 0.188485 0.0
0.568766 0.185464 0.0
0.572342 0.18206 0.0
0.57579 0.178309 0.0
0.579118 0.174249 0.0
0.582333 0.169917 0.0
0.58544 0.165346 0.0
0.588445 0.160571 0.0
0.591355 0.155623 0.0
0.594172 0.150533 0.0
0.596901 0.145329 0.0
0.599547 0.140039 0.0
0.602112 0.134687 0.0
0.604598 0.129296 0.0
0.60701 0.123888 0.0
0.609347 0.118483 0.0
0.611613 0.113097 0.0
0.613808 0.107748 0.0
0.615934 0.102448 0.0
0.617991 0.0972119 0.0
0.619981 0.0920494 0.0
0.621904 0.0869703 0.0
0.62376 0.0819827 0.0
0.625549 0.0770933 0.0
0.627272 0.0723073 0.0
0.628927 0.067629 0.0
0.630516 0.063061 0.0
0.632035 0.058605 0.0
0.633486 0.0542616 0.0
0.634866 0.0500301 0.0
0.636173 0.0459085 0.0
0.637405 0.0418939 0.0
0.638559 0.0379819 0.0
0.639633 0.0341666 0.0
0.640623 0.0304407 0.0
0.641525 0.0267952 0.0
0.642335 0.0232187 0.0
0.643051 0.0196978 0.0
0.643668 0.0162162 0.0
0.644188 0.0127547 0.0
0.64461 0.00929061 0.0
0.644941 0.00579808 0.0
0.645192 0.00224886 0.0
0.645384 -0.00138161 0.0
0.645542 -0.00507283 0.0
0.645691 -0.00844586 0.0
0.999955 -0.000984467 0.0
0.999773 -0.00296482 0.0
0.99941 -0.00496505 0.0
0.998865 -0.00699374 0.0
0.998137 -0.0090596 0.0
0.997226 -0.0111716 0.0
0.996128 -0.0133391 0.0
0.994844 -0.0155719 0.0
0.99337 -0.0178803 0.0
0.991706 -0.0202752 0.0
0.989847 -0.0227684 0.0
0.987793 -0.0253727 0.0
0.985539 -0.0281017 0.0
0.983082 -0.0309705 0.0
0.980421 -0.0339955 0.0
0.977551 -0.0371949 0.0
0.97447 -0.0405886 0.0
0.971176 -0.044199 0.0
0.967665 -0.0480507 0.0
0.963938 -0.0521714 0.0
0.959992 -0.0565921 0.0
0.955831 -0.0613473 0.0
0.951455 -0.066476 0.0
0.946872 -0.0720219 0.0
0.942091 -0.0780341 0.0
0.937126 -0.0845676 0.0
0.931996 -0.0916842 0.0
0.926731 -0.0994527 0.0
0.921368 -0.107949 0.0
0.91596 -0.117259 0.0
0.910576 -0.127473 0.0
0.905305 -0.13869 0.0
0.900263 -0.151014 0.0
0.895602 -0.164548 0.0
0.891511 -0.179395 0.0
0.888227 -0.195641 0.0
0.886042 -0.213349 0.0
0.885309 -0.232537 0.0
0.886444 -0.253155 0.0
0.88992 -0.275053 0.0
0.896253 -0.29794 0.0
0.905968 -0.321335 0.0
0.919527 -0.344498 0.0
0.937211 -0.366335 0.0
0.958879 -0.385272 0.0
0.983628 -0.399181 0.0
1.0094 -0.405552 0.0
1.0328 -0.402175 0.0
1.04965 -0.388592 0.0
1.05686 -0.367547 0.0
1.05366 -0.342666 0.0
1.04109 -0.316829 0.0
1.02096 -0.291825 0.0
0.995235 -0.268541 0.0
0.965613 -0.24728 0.0
0.93349 -0.228023 0.0
0.899942 -0.21061 0.0
0.86579 -0.194834 0.0
0.831642 -0.18049 0.0
0.79795 -0.167397 0.0
0.765035 -0.155399 0.0
0.73312 -0.144363 0.0
0.702349 -0.13418 0.0
0.672803 -0.124752 0.0
0.644513 -0.115998 0.0
0.617475 -0.107846 0.0
0.591656 -0.100232 0.0
0.567008 -0.0931059 0.0
0.543468 -0.0864225 0.0
0.52097 -0.0801469 0.0
0.499447 -0.0742514 0.0
0.478834 -0.0687161 0.0
0.459072 -0.0635277 0.0
0.440108 -0.0586792 0.0
0.421896 -0.0541687 0.0
0.404401 -0.0499993 0.0
0.387595 -0.0461776 0.0
0.371458 -0.0427133 0.0
0.355979 -0.0396185 0.0
0.341154 -0.0369066 0.0
0.326986 -0.0345921 0.0
0.313482 -0.0326896 0.0
0.300657 -0.0312128 0.0
0.288525 -0.0301741 0.0
0.277105 -0.029583 0.0
0.266417 -0.0294453 0.0
0.256479 -0.0297619 0.0
0.247306 -0.0305279 0.0
0.23891 -0.031732 0.0
0.231299 -0.033356 0.0
0.224475 -0.0353742 0.0
0.218432 -0.0377541 0.0
0.213162 -0.0404558 0.0
0.208647 -0.0434331 0.0
0.204867 -0.0466341 0.0
0.201797 -0.0500015 0.0
0.19941 -0.0534742 0.0
0.197673 -0.0569879 0.0
0.196558 -0.0604759 0.0
0.19603 -0.0638709 0.0
0.19606 -0.0671051 0.0
0.196616 -0.0701117 0.0
0.197669 -0.0728257 0.0
0.199191 -0.0751849 0.0
0.201155 -0.0771301 0.0
0.203536 -0.0786066 0.0
0.206311 -0.0795644 0.0
0.209456 -0.0799588 0.0
0.212951 -0.0797509 0.0
0.216775 -0.0789082 0.0
0.220908 -0.0774045 0.0
0.225331 -0.0752206 0.0
0.230027 -0.0723438 0.0
0.234978 -0.0687684 0.0
0.240168 -0.0644953 0.0
0.24558 -0.0595316 0.0
0.251202 -0.0538909 0.0
0.257018 -0.0475924 0.0
0.263018 -0.0406611 0.0
0.26919 -0.0331267 0.0
0.275523 -0.0250233 0.0
0.282008 -0.0163881 0.0
0.288635 -0.00726094 0.0
0.295399 0.0023162 0.0
0.302289 0.01229 0.0
0.309295 0.0225912 0.0
0.316405 0.0331438 0.0
0.32361 0.0438696 0.0
0.3309 0.0546899 0.0
0.338264 0.0655257 0.0
0.345687 0.0762987 0.0
0.353154 0.0869309 0.0
0.360646 0.0973463 0.0
0.368144 0.107471 0.0
0.375628 0.117235 0.0
0.383077 0.126573 0.0
0.390471 0.135425 0.0
0.39779 0.143735 0.0
0.405016 0.151458 0.0
0.412132 0.158553 0.0
0.419121 0.164987 0.0
0.425971 0.170737 0.0
0.432669 0.175785 0.0
0.439205 0.180122 0.0
0.445573 0.183747 0.0
0.451766 0.186662 0.0
0.45778 0.18888 0.0
0.463613 0.190417 0.0
0.469264 0.191293 0.0
0.474733 0.191535 0.0
0.480023 0.191171 0.0
0.485135 0.190234 0.0
0.490074 0.188758 0.0
0.494843 0.186779 0.0
0.499447 0.184334 0.0
0.503891 0.181461 0.0
0.508181 0.178198 0.0
0.512321 0.174582 0.0
0.516317 0.170652 0.0
0.520174 0.166442 0.0
0.523897 0.16199 0.0
0.527491 0.157327 0.0
0.530961 0.152487 0.0
0.534311 0.147501 0.0
0.537546 0.142397 0.0
0.54067 0.137202 0.0
0.543686 0.131942 0.0
0.546599 0.126641 0.0
0.549412 0.12132 0.0
0.552127 0.115998 0.0
0.554749 0.110694 0.0
0.55728 0.105424 0.0
0.559723 0.100203 0.0
0.562081 0.0950422 0.0
0.564356 0.089954 0.0
0.566551 0.084948 0.0
0.568668 0.0800323 0.0
0.570709 0.0752138 0.0
0.572675 0.070498 0.0
0.574568 0.0658895 0.0
0.576389 0.0613912 0.0
0.578138 0.0570052 0.0
0.579817 0.0527324 0.0
0.581424 0.0485727 0.0
0.582958 0.0445247 0.0
0.584418 0.0405858 0.0
0.585801 0.0367524 0.0
0.587104 0.0330193 0.0
0.588322 0.0293796 0.0
0.589452 0.0258248 0.0
0.590487 0.0223437 0.0
0.591422 0.0189228 0.0
0.59225 0.015545 0.0
0.592967 0.0121894 0.0
0.593571 0.00883049 0.0
0.59406 0.00543749 0.0
0.594443 0.00197513 0.0
0.594734 -0.00159011 0.0
0.594957 -0.00524554 0.0
0.595135 -0.00860105 0.0
0.999953 -0.000891695 0.0
0.999763 -0.00268643 0.0
0.999383 -0.00450063 0.0
0.998812 -0.00634252 0.0
0.99805 -0.00822049 0.0
0.997094 -0.0101432 0.0
0.995944 -0.0121196 0.0
0.994596 -0.0141591 0.0
0.993048 -0.0162718 0.0
0.991297 -0.0184683 0.0
0.98934 -0.02076 0.0
0.987173 -0.0231595 0.0
0.984792 -0.02568 0.0
0.982193 -0.0283366 0.0
0.979371 -0.0311455 0.0
0.97632 -0.0341247 0.0
0.973036 -0.0372943 0.0
0.969514 -0.0406768 0.0
0.965749 -0.0442972 0.0
0.961736 -0.0481839 0.0
0.95747 -0.0523688 0.0
0.952949 -0.0568877 0.0
0.948171 -0.0617818 0.0
0.943135 -0.0670973 0.0
0.937844 -0.072887 0.0
0.932306 -0.079211 0.0
0.926532 -0.0861374 0.0
0.920542 -0.0937439 0.0
0.914364 -0.102118 0.0
0.908041 -0.111359 0.0
0.901631 -0.121578 0.0
0.895215 -0.132898 0.0
0.888902 -0.145452 0.0
0.882839 -0.159386 0.0
0.877218 -0.174846 0.0
0.87229 -0.191979 0.0
0.868377 -0.210913 0.0
0.86588 -0.231744 0.0
0.865297 -0.2545 0.0
0.867217 -0.279105 0.0
0.872321 -0.305325 0.0
0.881342 -0.332685 0.0
0.89499 -0.360355 0.0
0.913771 -0.386941 0.0
0.937608 -0.410173 0.0
0.965269 -0.426691 0.0
0.993682 -0.432226 0.0
1.01744 -0.422655 0.0
1.02962 -0.397148 0.0
1.02611 -0.36269 0.0
1.00786 -0.326075 0.0
0.978327 -0.291308 0.0
0.941261 -0.260158 0.0
0.899841 -0.233058 0.0
0.856458 -0.209759 0.0
0.812798 -0.189761 0.0
0.77 -0.172527 0.0
0.728799 -0.157564 0.0
0.689638 -0.144451 0.0
0.652737 -0.132844 0.0
0.618165 -0.122465 0.0
0.585879 -0.113096 0.0
0.555766 -0.104564 0.0
0.527675 -0.0967303 0.0
0.50143 -0.089486 0.0
0.476854 -0.0827442 0.0
0.453776 -0.0764369 0.0
0.432034 -0.0705114 0.0
0.411486 -0.0649287 0.0
0.392004 -0.0596608 0.0
0.37348 -0.0546897 0.0
0.35582 -0.0500058 0.0
0.338951 -0.0456067 0.0
0.322812 -0.0414965 0.0
0.307356 -0.0376843 0.0
0.292551 -0.0341833 0.0
0.278374 -0.0310098 0.0
0.264812 -0.028182 0.0
0.25186 -0.0257194 0.0
0.239521 -0.0236419 0.0
0.227802 -0.021969 0.0
0.216711 -0.020719 0.0
0.206262 -0.0199087 0.0
0.196468 -0.0195518 0.0
0.18734 -0.0196579 0.0
0.178889 -0.0202316 0.0
0.171123 -0.021271 0.0
0.164045 -0.0227673 0.0
0.157652 -0.0247045 0.0
0.151938 -0.0270589 0.0
0.146891 -0.0297996 0.0
0.142493 -0.0328884 0.0
0.138723 -0.0362808 0.0
0.135556 -0.0399267 0.0
0.132967 -0.043771 0.0
0.130926 -0.0477543 0.0
0.129407 -0.0518144 0.0
0.128382 -0.0558865 0.0
0.127825 -0.0599044 0.0
0.127711 -0.0638017 0.0
0.128019 -0.0675119 0.0
0.128728 -0.0709699 0.0
0.12982 -0.0741123 0.0
0.131278 -0.0768783 0.0
0.133088 -0.0792105 0.0
0.135236 -0.0810553 0.0
0.137709 -0.0823639 0.0
0.140497 -0.0830924 0.0
0.143588 -0.0832027 0.0
0.14697 -0.0826628 0.0
0.150634 -0.0814469 0.0
0.154569 -0.079536 0.0
0.158762 -0.0769179 0.0
0.163204 -0.073587 0.0
0.167882 -0.0695447 0.0
0.172786 -0.0647987 0.0
0.177904 -0.059363 0.0
0.183225 -0.0532578 0.0
0.188738 -0.0465086 0.0
0.194433 -0.039146 0.0
0.200301 -0.0312045 0.0
0.206331 -0.0227222 0.0
0.212517 -0.0137399 0.0
0.21885 -0.00430192 0.0
0.225327 0.00554117 0.0
0.23194 0.015721 0.0
0.238686 0.0261585 0.0
0.245561 0.0367749 0.0
0.252562 0.0474932 0.0
0.259684 0.0582372 0.0
0.266916 0.0689313 0.0
0.274248 0.0795001 0.0
0.281663 0.0898695 0.0
0.289146 0.0999673 0.0
0.296677 0.109724 0.0
0.304237 0.119076 0.0
0.311804 0.127961 0.0
0.319358 0.136326 0.0
0.326877 0.144122 0.0
0.334343 0.151308 0.0
0.341736 0.15785 0.0
0.349039 0.163722 0.0
0.356234 0.168906 0.0
0.363309 0.17339 0.0
0.37025 0.17717 0.0
0.377046 0.180249 0.0
0.383688 0.182636 0.0
0.390169 0.184346 0.0
0.396483 0.185399 0.0
0.402625 0.185818 0.0
0.408592 0.185632 0.0
0.414383 0.184871 0.0
0.419997 0.183569 0.0
0.425435 0.181762 0.0
0.430697 0.179485 0.0
0.435786 0.176777 0.0
0.440705 0.173674 0.0
0.445456 0.170215 0.0
0.450043 0.166436 0.0
0.454469 0.162374 0.0
0.45874 0.158064 0.0
0.462858 0.15354 0.0
0.466828 0.148834 0.0
0.470655 0.143977 0.0
0.474343 0.138997 0.0
0.477898 0.133923 0.0
0.481323 0.12878 0.0
0.484623 0.123591 0.0
0.487804 0.118377 0.0
0.490869 0.11316 0.0
0.493825 0.107956 0.0
0.496674 0.102782 0.0
0.499423 0.097653 0.0
0.502075 0.0925815 0.0
0.504636 0.0875789 0.0
0.507109 0.0826553 0.0
0.509498 0.0778189 0.0
0.511808 0.0730771 0.0
0.514041 0.0684356 0.0
0.5162 0.0638992 0.0
0.518289 0.0594716 0.0
0.520309 0.0551553 0.0
0.522261 0.0509519 0.0
0.524145 0.0468618 0.0
0.525962 0.0428845 0.0
0.52771 0.0390185 0.0
0.529385 0.035261 0.0
0.530985 0.0316078 0.0
0.532505 0.0280533 0.0
0.533936 0.0245897 0.0
0.535273 0.021207 0.0
0.536506 0.0178923 0.0
0.537624 0.0146287 0.0
0.538618 0.0113945 0.0
0.539478 0.00816223 0.0
0.540197 0.00489696 0.0
0.540773 0.00155659 0.0
0.541213 -0.0019023 0.0
0.541533 -0.00547617 0.0
0.541753 -0.00876894 0.0
0.999951 -0.000794812 0.0
0.999753 -0.00239568 0.0
0.999357 -0.00401549 0.0
0.998762 -0.00566204 0.0
0.997966 -0.00734328 0.0
0.996969 -0.00906741 0.0
0.995767 -0.010843 0.0
0.994359 -0.012679 0.0
0.99274 -0.0145851 0.0
0.990907 -0.0165713 0.0
0.988855 -0.0186488 0.0
0.986581 -0.0208294 0.0
0.984078 -0.0231262 0.0
0.981341 -0.0255537 0.0
0.978363 -0.0281278 0.0
0.975137 -0.0308661 0.0
0.971656 -0.0337884 0.0
0.967912 -0.0369171 0.0
0.963897 -0.040277 0.0
0.959603 -0.0438968 0.0
0.955021 -0.0478085 0.0
0.950144 -0.052049 0.0
0.944962 -0.0566605 0.0
0.939471 -0.0616912 0.0
0.933665 -0.0671965 0.0
0.927542 -0.0732404 0.0
0.921104 -0.0798967 0.0
0.91436 -0.0872503 0.0
0.907326 -0.0953995 0.0
0.900028 -0.104457 0.0
0.892511 -0.114553 0.0
0.884839 -0.125834 0.0
0.877106 -0.138469 0.0
0.869445 -0.152644 0.0
0.862039 -0.168561 0.0
0.855139 -0.186436 0.0
0.849081 -0.206485 0.0
0.844308 -0.228903 0.0
0.841387 -0.253836 0.0
0.841029 -0.281332 0.0
0.844093 -0.311266 0.0
0.851556 -0.343229 0.0
0.864423 -0.376327 0.0
0.88345 -0.408777 0.0
0.908553 -0.437277 0.0
0.937968 -0.456663 0.0
0.967311 -0.460011 0.0
0.988374 -0.439691 0.0
0.989486 -0.393407 0.0
0.965996 -0.339432 0.0
0.923961 -0.289049 0.0
0.871275 -0.246111 0.0
0.814078 -0.211094 0.0
0.75653 -0.183155 0.0
0.70122 -0.160969 0.0
0.64959 -0.143261 0.0
0.602325 -0.128963 0.0
0.559605 -0.117208 0.0
0.521275 -0.107316 0.0
0.486971 -0.0987744 0.0
0.456221 -0.091212 0.0
0.428528 -0.0843693 0.0
0.403417 -0.0780681 0.0
0.38047 -0.0721869 0.0
0.359328 -0.0666428 0.0
0.339696 -0.0613799 0.0
0.321335 -0.0563612 0.0
0.304052 -0.0515634 0.0
0.287698 -0.046974 0.0
0.272153 -0.0425889 0.0
0.257327 -0.0384109 0.0
0.24315 -0.0344487 0.0
0.229572 -0.0307164 0.0
0.216557 -0.0272321 0.0
0.204081 -0.0240173 0.0
0.192132 -0.0210964 0.0
0.180707 -0.0184944 0.0
0.169808 -0.0162363 0.0
0.159441 -0.014347 0.0
0.149616 -0.0128502 0.0
0.140342 -0.0117675 0.0
0.13163 -0.0111178 0.0
0.123487 -0.0109176 0.0
0.115918 -0.0111795 0.0
0.108927 -0.0119111 0.0
0.102512 -0.0131134 0.0
0.0966699 -0.0147806 0.0
0.0913897 -0.0168992 0.0
0.0866581 -0.0194485 0.0
0.0824573 -0.0224004 0.0
0.078766 -0.0257196 0.0
0.0755606 -0.0293649 0.0
0.0728159 -0.0332895 0.0
0.0705066 -0.0374421 0.0
0.068608 -0.0417673 0.0
0.0670968 -0.0462063 0.0
0.0659516 -0.0506981 0.0
0.0651536 -0.0551796 0.0
0.0646864 -0.0595871 0.0
0.0645366 -0.063856 0.0
0.0646932 -0.0679223 0.0
0.0651477 -0.0717231 0.0
0.0658936 -0.0751968 0.0
0.0669261 -0.0782845 0.0
0.0682421 -0.0809299 0.0
0.0698391 -0.0830806 0.0
0.0717152 -0.0846883 0.0
0.073869 -0.0857094 0.0
0.0762985 -0.0861059 0.0
0.0790015 -0.0858454 0.0
0.0819752 -0.0849019 0.0
0.0852157 -0.0832558 0.0
0.0887183 -0.0808943 0.0
0.0924772 -0.0778112 0.0
0.0964858 -0.0740075 0.0
0.100737 -0.0694903 0.0
0.105221 -0.0642735 0.0
0.109929 -0.0583768 0.0
0.114853 -0.0518261 0.0
0.119982 -0.0446523 0.0
0.125306 -0.0368902 0.0
0.130818 -0.0285785 0.0
0.136508 -0.0197593 0.0
0.142371 -0.0104788 0.0
0.148402 -0.000789729 0.0
0.154597 0.00924245 0.0
0.160955 0.0195343 0.0
0.167474 0.0300049 0.0
0.174156 0.0405796 0.0
0.181 0.0511856 0.0
0.187999 0.0617508 0.0
0.195145 0.0722031 0.0
0.202425 0.0824707 0.0
0.209825 0.0924839 0.0
0.217326 0.102175 0.0
0.22491 0.111481 0.0
0.232557 0.120342 0.0
0.240245 0.128703 0.0
0.247952 0.136517 0.0
0.255657 0.143742 0.0
0.263337 0.150343 0.0
0.270973 0.156292 0.0
0.278544 0.16157 0.0
0.286033 0.166163 0.0
0.293422 0.170067 0.0
0.300697 0.173282 0.0
0.307844 0.175815 0.0
0.31485 0.17768 0.0
0.321706 0.178895 0.0
0.328403 0.179483 0.0
0.334932 0.179469 0.0
0.34129 0.178885 0.0
0.34747 0.177761 0.0
0.353471 0.176132 0.0
0.359291 0.174033 0.0
0.364928 0.171502 0.0
0.370382 0.168575 0.0
0.375656 0.165289 0.0
0.38075 0.161681 0.0
0.385668 0.157786 0.0
0.390412 0.153639 0.0
0.394986 0.149273 0.0
0.399394 0.144722 0.0
0.403642 0.140014 0.0
0.407733 0.13518 0.0
0.411674 0.130246 0.0
0.41547 0.125237 0.0
0.419127 0.120176 0.0
0.422652 0.115086 0.0
0.426051 0.109986 0.0
0.42933 0.104895 0.0
0.432496 0.0998275 0.0
0.435556 0.0947993 0.0
0.438515 0.0898234 0.0
0.44138 0.0849111 0.0
0.444158 0.0800727 0.0
0.446853 0.0753168 0.0
0.449472 0.0706511 0.0
0.452019 0.0660819 0.0
0.454498 0.0616144 0.0
0.456912 0.0572529 0.0
0.459266 0.0530008 0.0
0.46156 0.0488604 0.0
0.463795 0.0448332 0.0
0.465972 0.0409198 0.0
0.468088 0.0371199 0.0
0.47014 0.033432 0.0
0.472123 0.0298535 0.0
0.474031 0.0263802 0.0
0.475856 0.0230063 0.0
0.477586 0.0197234 0.0
0.47921 0.0165203 0.0
0.480711 0.0133814 0.0
0.482073 0.0102858 0.0
0.483278 0.00720551 0.0
0.48431 0.00410315 0.0
0.485153 0.000930856 0.0
0.485801 -0.00236494 0.0
0.486258 -0.00578962 0.0
0.486533 -0.00895081 0.0
0.999949 -0.000694045 0.0
0.999743 -0.00209326 0.0
0.999332 -0.00351078 0.0
0.998714 -0.00495389 0.0
0.997888 -0.00643002 0.0
0.996852 -0.00794686 0.0
0.995602 -0.00951242 0.0
0.994136 -0.0111351 0.0
0.99245 -0.012824 0.0
0.99054 -0.0145887 0.0
0.988399 -0.0164395 0.0
0.986023 -0.0183878 0.0
0.983404 -0.0204461 0.0
0.980536 -0.0226281 0.0
0.977409 -0.024949 0.0
0.974016 -0.027426 0.0
0.970347 -0.0300781 0.0
0.96639 -0.0329269 0.0
0.962135 -0.0359971 0.0
0.957569 -0.0393166 0.0
0.952679 -0.0429173 0.0
0.947453 -0.046836 0.0
0.941876 -0.0511151 0.0
0.935935 -0.0558037 0.0
0.929615 -0.0609587 0.0
0.922907 -0.0666467 0.0
0.915799 -0.072945 0.0
0.908285 -0.0799446 0.0
0.900367 -0.087752 0.0
0.892052 -0.096492 0.0
0.883362 -0.106311 0.0
0.874339 -0.117381 0.0
0.865051 -0.129901 0.0
0.855604 -0.144103 0.0
0.846156 -0.160248 0.0
0.83694 -0.178633 0.0
0.828283 -0.199574 0.0
0.820642 -0.2234 0.0
0.814637 -0.250413 0.0
0.811084 -0.280844 0.0
0.811018 -0.314751 0.0
0.815672 -0.351862 0.0
0.826347 -0.391235 0.0
0.843954 -0.430503 0.0
0.86803 -0.464731 0.0
0.895789 -0.486382 0.0
0.921448 -0.485293 0.0
0.93382 -0.447845 0.0
0.912838 -0.365384 0.0
0.855556 -0.286683 0.0
0.780757 -0.224964 0.0
0.702371 -0.179123 0.0
0.627626 -0.14614 0.0
0.56016 -0.123094 0.0
0.501462 -0.107021 0.0
0.45155 -0.0956682 0.0
0.409682 -0.0874224 0.0
0.374744 -0.08109 0.0
0.345467 -0.0758277 0.0
0.32061 -0.0711014 0.0
0.299089 -0.0666146 0.0
0.280042 -0.0622263 0.0
0.262825 -0.0578831 0.0
0.246975 -0.0535747 0.0
0.232171 -0.0493091 0.0
0.218191 -0.0451017 0.0
0.204883 -0.0409701 0.0
0.192144 -0.0369329 0.0
0.179903 -0.0330095 0.0
0.168114 -0.0292202 0.0
0.156748 -0.025587 0.0
0.145786 -0.0221339 0.0
0.135221 -0.0188877 0.0
0.125052 -0.0158767 0.0
0.115285 -0.0131298 0.0
0.10593 -0.0106794 0.0
0.0969979 -0.00855473 0.0
0.0885037 -0.00678258 0.0
0.0804589 -0.0053891 0.0
0.0728741 -0.00439811 0.0
0.0657572 -0.00382911 0.0
0.0591118 -0.00369831 0.0
0.0529372 -0.00401919 0.0
0.0472286 -0.00480059 0.0
0.041977 -0.00604727 0.0
0.0371706 -0.00775636 0.0
0.0327938 -0.00991836 0.0
0.0288286 -0.012516 0.0
0.0252542 -0.0155255 0.0
0.0220481 -0.0189163 0.0
0.0191869 -0.0226511 0.0
0.016647 -0.0266881 0.0
0.0144062 -0.0309808 0.0
0.0124439 -0.0354793 0.0
0.0107423 -0.0401299 0.0
0.00928627 -0.0448764 0.0
0.0080639 -0.0496604 0.0
0.00706643 -0.0544218 0.0
0.00628819 -0.0590995 0.0
0.00572644 -0.0636319 0.0
0.005381 -0.0679575 0.0
0.005254 -0.0720153 0.0
0.00534942 -0.0757458 0.0
0.00567266 -0.0790913 0.0
0.00623015 -0.0819966 0.0
0.00702889 -0.0844097 0.0
0.00807602 -0.0862825 0.0
0.00937844 -0.0875713 0.0
0.0109424 -0.0882375 0.0
0.0127733 -0.0882478 0.0
0.0148752 -0.0875751 0.0
0.0172509 -0.0861987 0.0
0.0199014 -0.0841044 0.0
0.0228263 -0.0812849 0.0
0.0260234 -0.0777395 0.0
0.0294889 -0.0734745 0.0
0.0332177 -0.0685024 0.0
0.0372028 -0.0628416 0.0
0.0414362 -0.0565181 0.0
0.0459095 -0.0495624 0.0
0.0506141 -0.0420094 0.0
0.0555416 -0.0338983 0.0
0.0606844 -0.0252726 0.0
0.0660369 -0.0161806 0.0
0.0715953 -0.00667743 0.0
0.0773569 0.00317286 0.0
0.0833169 0.0132867 0.0
0.0894734 0.0235769 0.0
0.0958283 0.0339703 0.0
0.102381 0.044398 0.0
0.109129 0.0547917 0.0
0.116063 0.0650823 0.0
0.123173 0.075201 0.0
0.130447 0.0850806 0.0
0.137868 0.0946562 0.0
0.145418 0.103866 0.0
0.153077 0.112651 0.0
0.160822 0.12096 0.0
0.168633 0.128743 0.0
0.176485 0.13596 0.0
0.184355 0.142574 0.0
0.192221 0.148559 0.0
0.20006 0.153892 0.0
0.207852 0.15856 0.0
0.215576 0.162556 0.0
0.223214 0.165879 0.0
0.230749 0.168536 0.0
0.238164 0.170538 0.0
0.245446 0.1719 0.0
0.252581 0.172646 0.0
0.25956 0.172798 0.0
0.266373 0.172386 0.0
0.273012 0.17144 0.0
0.279472 0.169992 0.0
0.285748 0.168078 0.0
0.291837 0.165732 0.0
0.297737 0.16299 0.0
0.303449 0.159889 0.0
0.308971 0.156464 0.0
0.314307 0.152749 0.0
0.319459 0.14878 0.0
0.32443 0.144587 0.0
0.329226 0.140204 0.0
0.33385 0.13566 0.0
0.338309 0.130983 0.0
0.34261 0.1262 0.0
0.346759 0.121336 0.0
0.350765 0.116414 0.0
0.354634 0.111455 0.0
0.358375 0.106478 0.0
0.361996 0.101503 0.0
0.365505 0.0965442 0.0
0.368911 0.0916175 0.0
0.372221 0.0867358 0.0
0.375443 0.0819111 0.0
0.378585 0.0771536 0.0
0.381652 0.0724726 0.0
0.384653 0.0678762 0.0
0.387592 0.0633713 0.0
0.390474 0.058964 0.0
0.393303 0.0546593 0.0
0.396082 0.0504616 0.0
0.398813 0.0463743 0.0
0.401497 0.0424001 0.0
0.404132 0.038541 0.0
0.406717 0.0347981 0.0
0.409247 0.0311718 0.0
0.411716 0.0276612 0.0
0.414116 0.0242644 0.0
0.416436 0.0209778 0.0
0.418661 0.0177958 0.0
0.420776 0.0147097 0.0
0.42276 0.0117071 0.0
0.424589 0.00876945 0.0
0.426235 0.00587051 0.0
0.427668 0.00297303 0.0
0.42886 2.56984e-05 0.0
0.429785 -0.00303252 0.0
0.430421 -0.0062142 0.0
0.430766 -0.00914659 0.0
0.999947 -0.000589665 0.0
0.999735 -0.00177996 0.0
0.99931 -0.00298784 0.0
0.998671 -0.00421996 0.0
0.997816 -0.00548318 0.0
0.996743 -0.00678455 0.0
0.995449 -0.00813145 0.0
0.993931 -0.00953167 0.0
0.992183 -0.0109935 0.0
0.9902 -0.0125258 0.0
0.987977 -0.0141384 0.0
0.985506 -0.0158416 0.0
0.982779 -0.0176471 0.0
0.979788 -0.0195679 0.0
0.976523 -0.0216181 0.0
0.972974 -0.0238139 0.0
0.969126 -0.0261734 0.0
0.964969 -0.0287172 0.0
0.960486 -0.0314688 0.0
0.955662 -0.034455 0.0
0.950479 -0.0377068 0.0
0.944919 -0.04126 0.0
0.938961 -0.0451562 0.0
0.932584 -0.049444 0.0
0.925765 -0.0541804 0.0
0.918481 -0.0594324 0.0
0.910709 -0.0652793 0.0
0.902427 -0.0718151 0.0
0.893616 -0.0791518 0.0
0.884262 -0.0874229 0.0
0.874359 -0.0967883 0.0
0.863917 -0.107439 0.0
0.852966 -0.119605 0.0
0.841571 -0.133557 0.0
0.829845 -0.14962 0.0
0.817973 -0.168172 0.0
0.806243 -0.189648 0.0
0.79509 -0.214531 0.0
0.785141 -0.243328 0.0
0.777279 -0.276514 0.0
0.772686 -0.314422 0.0
0.772833 -0.356993 0.0
0.779245 -0.40319 0.0
0.792649 -0.449557 0.0
0.81112 -0.488225 0.0
0.829433 -0.50896 0.0
0.840331 -0.499271 0.0
0.831738 -0.437646 0.0
0.770374 -0.293237 0.0
0.662983 -0.194156 0.0
0.554903 -0.134612 0.0
0.461719 -0.0979041 0.0
0.385507 -0.0764019 0.0
0.325975 -0.0658343 0.0
0.281327 -0.0609337 0.0
0.24832 -0.0588364 0.0
0.223891 -0.0579565 0.0
0.205471 -0.0571986 0.0
0.190966 -0.0559369 0.0
0.178799 -0.0539688 0.0
0.167922 -0.0513486 0.0
0.157706 -0.0482298 0.0
0.147818 -0.0447747 0.0
0.138103 -0.0411175 0.0
0.128499 -0.0373588 0.0
0.118999 -0.0335712 0.0
0.109614 -0.029808 0.0
0.100368 -0.02611 0.0
0.0912873 -0.0225111 0.0
0.082398 -0.0190408 0.0
0.0737259 -0.0157279 0.0
0.0652956 -0.0126008 0.0
0.0571312 -0.00969124 0.0
0.0492564 -0.00702979 0.0
0.0416917 -0.00464498 0.0
0.0344562 -0.00257281 0.0
0.0275676 -0.000841079 0.0
0.0210401 0.000525442 0.0
0.0148818 0.00150607 0.0
0.00909257 0.00208069 0.0
0.00366979 0.0022318 0.0
-0.00138995 0.00194596 0.0
-0.0060931 0.00121423 0.0
-0.0104508 3.23918e-05 0.0
-0.0144809 -0.00159868 0.0
-0.0182061 -0.00367329 0.0
-0.0216492 -0.00618161 0.0
-0.024832 -0.00910479 0.0
-0.0277766 -0.0124177 0.0
-0.030505 -0.0160896 0.0
-0.033038 -0.0200837 0.0
-0.0353938 -0.0243598 0.0
-0.0375885 -0.0288736 0.0
-0.0396349 -0.0335779 0.0
-0.0415426 -0.038422 0.0
-0.043318 -0.0433529 0.0
-0.0449638 -0.0483156 0.0
-0.0464799 -0.053253 0.0
-0.0478628 -0.0581071 0.0
-0.0491066 -0.0628188 0.0
-0.0502027 -0.067329 0.0
-0.0511408 -0.0715787 0.0
-0.0519087 -0.0755099 0.0
-0.0524932 -0.0790659 0.0
-0.0528803 -0.0821924 0.0
-0.0530554 -0.0848375 0.0
-0.0530042 -0.086953 0.0
-0.0527128 -0.0884947 0.0
-0.052168 -0.0894229 0.0
-0.0513579 -0.0897034 0.0
-0.0502719 -0.0893074 0.0
-0.0489013 -0.0882126 0.0
-0.0472394 -0.086403 0.0
-0.0452813 -0.0838693 0.0
-0.0430244 -0.0806091 0.0
-0.0404684 -0.0766266 0.0
-0.0376148 -0.0719327 0.0
-0.0344667 -0.0665445 0.0
-0.0310288 -0.0604865 0.0
-0.0273074 -0.0537886 0.0
-0.0233098 -0.0464854 0.0
-0.0190431 -0.0386165 0.0
-0.0145137 -0.0302267 0.0
-0.00972654 -0.0213662 0.0
-0.00468492 -0.0120919 0.0
0.000609338 -0.00246854 0.0
0.00614971 0.00742763 0.0
0.0119271 0.0175021 0.0
0.0179385 0.0276787 0.0
0.0241835 0.0378915 0.0
0.0306585 0.0480758 0.0
0.0373565 0.058166 0.0
0.044268 0.0680954 0.0
0.0513806 0.0778 0.0
0.0586791 0.0872175 0.0
0.0661453 0.0962883 0.0
0.0737595 0.104956 0.0
0.0814996 0.113169 0.0
0.0893427 0.12088 0.0
0.0972649 0.128048 0.0
0.105242 0.134638 0.0
0.113249 0.140622 0.0
0.121261 0.145977 0.0
0.129257 0.150688 0.0
0.137215 0.154747 0.0
0.145112 0.158153 0.0
0.152928 0.160911 0.0
0.160646 0.16303 0.0
0.168248 0.164525 0.0
0.175717 0.165416 0.0
0.183042 0.165725 0.0
0.19021 0.165479 0.0
0.197211 0.164707 0.0
0.204037 0.163439 0.0
0.210682 0.161709 0.0
0.217142 0.159551 0.0
0.223414 0.156999 0.0
0.229495 0.154087 0.0
0.235387 0.150851 0.0
0.241091 0.147323 0.0
0.246608 0.143536 0.0
0.251945 0.139523 0.0
0.257104 0.135314 0.0
0.262093 0.130937 0.0
0.266919 0.126421 0.0
0.271589 0.121792 0.0
0.276111 0.117073 0.0
0.280496 0.112288 0.0
0.284751 0.107457 0.0
0.288886 0.1026 0.0
0.29291 0.0977351 0.0
0.296834 0.0928786 0.0
0.300666 0.0880453 0.0
0.304415 0.0832489 0.0
0.308089 0.0785014 0.0
0.311697 0.073814 0.0
0.315245 0.0691963 0.0
0.31874 0.0646572 0.0
0.322187 0.0602046 0.0
0.325591 0.0558452 0.0
0.328954 0.0515852 0.0
0.332281 0.0474302 0.0
0.33557 0.0433848 0.0
0.338823 0.0394532 0.0
0.342036 0.0356389 0.0
0.345207 0.0319448 0.0
0.348329 0.028373 0.0
0.351395 0.0249251 0.0
0.354394 0.0216015 0.0
0.357314 0.0184017 0.0
0.360136 0.0153233 0.0
0.362842 0.0123618 0.0
0.365404 0.0095088 0.0
0.367793 0.00675081 0.0
0.36997 0.00406605 0.0
0.371893 0.00142099 0.0
0.373514 -0.0012354 0.0
0.37478 -0.00396217 0.0
0.375638 -0.00677818 0.0
0.376065 -0.00935445 0.0
0.999945 -0.000481984 0.0
0.999727 -0.00145674 0.0
0.999289 -0.00244824 0.0
0.998631 -0.00346248 0.0
0.997751 -0.00450562 0.0
0.996645 -0.00558402 0.0
0.995311 -0.00670432 0.0
0.993745 -0.00787355 0.0
0.99194 -0.00909921 0.0
0.989892 -0.0103893 0.0
0.987593 -0.0117527 0.0
0.985036 -0.0131989 0.0
0.982211 -0.0147385 0.0
0.979109 -0.0163831 0.0
0.975717 -0.0181461 0.0
0.972023 -0.020042 0.0
0.968013 -0.0220878 0.0
0.96367 -0.0243023 0.0
0.958976 -0.0267075 0.0
0.953913 -0.0293286 0.0
0.948457 -0.0321945 0.0
0.942584 -0.0353393 0.0
0.936268 -0.0388026 0.0
0.929478 -0.042631 0.0
0.922184 -0.0468797 0.0
0.914349 -0.0516142 0.0
0.905936 -0.0569128 0.0
0.896906 -0.0628696 0.0
0.887218 -0.0695978 0.0
0.87683 -0.0772352 0.0
0.865706 -0.085949 0.0
0.853813 -0.0959438 0.0
0.841135 -0.10747 0.0
0.827675 -0.120836 0.0
0.813479 -0.136418 0.0
0.798653 -0.154676 0.0
0.7834 -0.176163 0.0
0.768074 -0.201536 0.0
0.753243 -0.231543 0.0
0.739784 -0.266978 0.0
0.728963 -0.308545 0.0
0.722439 -0.356492 0.0
0.721858 -0.409522 0.0
0.727131 -0.461902 0.0
0.732476 -0.499697 0.0
0.726476 -0.509801 0.0
0.697329 -0.480181 0.0
0.63391 -0.384724 0.0
0.504753 -0.155638 0.0
0.352514 -0.0721263 0.0
0.247564 -0.0436117 0.0
0.181223 -0.0293789 0.0
0.137638 -0.0251296 0.0
0.110989 -0.0309265 0.0
0.09666 -0.0368639 0.0
0.0887218 -0.0419614 0.0
0.0842581 -0.0459381 0.0
0.0815208 -0.0480603 0.0
0.0791156 -0.0481643 0.0
0.0761612 -0.0466209 0.0
0.0722966 -0.043954 0.0
0.0675025 -0.0406145 0.0
0.0619203 -0.0369205 0.0
0.0557386 -0.0330743 0.0
0.0491377 -0.0291978 0.0
0.0422708 -0.0253645 0.0
0.0352609 -0.02162 0.0
0.0282047 -0.0179958 0.0
0.0211783 -0.0145179 0.0
0.0142423 -0.0112086 0.0
0.00744629 -0.00809198 0.0
0.00083097 -0.00519109 0.0
-0.00556875 -0.00253679 0.0
-0.0117205 -0.0001577 0.0
-0.0175992 0.00192632 0.0
-0.0231989 0.00369106 0.0
-0.0285252 0.00510996 0.0
-0.0335824 0.00615904 0.0
-0.038373 0.00682145 0.0
-0.0428992 0.00708072 0.0
-0.0471661 0.00692146 0.0
-0.0511828 0.00633272 0.0
-0.0549616 0.0053094 0.0
-0.0585177 0.00385105 0.0
-0.0618684 0.00196338 0.0
-0.0650337 -0.000344789 0.0
-0.0680404 -0.0030603 0.0
-0.0709157 -0.00616796 0.0
-0.0736812 -0.00964443 0.0
-0.0763553 -0.0134604 0.0
-0.0789536 -0.0175817 0.0
-0.0814889 -0.0219707 0.0
-0.0839704 -0.0265865 0.0
-0.0864043 -0.0313847 0.0
-0.0887933 -0.0363184 0.0
-0.0911364 -0.0413379 0.0
-0.09343 -0.0463912 0.0
-0.0956669 -0.0514244 0.0
-0.0978374 -0.0563822 0.0
-0.0999293 -0.0612081 0.0
-0.101928 -0.065845 0.0
-0.103817 -0.0702356 0.0
-0.105579 -0.0743234 0.0
-0.107194 -0.0780527 0.0
-0.108643 -0.0813696 0.0
-0.109905 -0.0842227 0.0
-0.110961 -0.0865633 0.0
-0.11179 -0.0883467 0.0
-0.112374 -0.0895322 0.0
-0.112694 -0.0900842 0.0
-0.112734 -0.0899725 0.0
-0.112479 -0.0891726 0.0
-0.111918 -0.0876666 0.0
-0.111038 -0.085443 0.0
-0.109834 -0.0824969 0.0
-0.108298 -0.0788304 0.0
-0.106428 -0.0744524 0.0
-0.104223 -0.0693783 0.0
-0.101683 -0.0636304 0.0
-0.0988119 -0.0572373 0.0
-0.0956134 -0.0502328 0.0
-0.0920925 -0.0426567 0.0
-0.0882539 -0.0345544 0.0
-0.0841023 -0.0259772 0.0
-0.079642 -0.0169828 0.0
-0.0748777 -0.00763613 0.0
-0.0698149 0.00199207 0.0
-0.064467 0.0118124 0.0
-0.0588462 0.0217361 0.0
-0.0529552 0.0316982 0.0
-0.0467979 0.0416369 0.0
-0.0403809 0.0514899 0.0
-0.0337143 0.0611935 0.0
-0.0268113 0.0706863 0.0
-0.0196876 0.079909 0.0
-0.012361 0.0888039 0.0
-0.00485154 0.0973169 0.0
0.00281912 0.105398 0.0
0.0106273 0.113 0.0
0.018548 0.120085 0.0
0.0265554 0.126617 0.0
0.0346233 0.132568 0.0
0.0427263 0.137915 0.0
0.0508407 0.14264 0.0
0.058943 0.146736 0.0
0.0670099 0.150201 0.0
0.075019 0.153038 0.0
0.0829498 0.155255 0.0
0.0907831 0.156865 0.0
0.0985018 0.157887 0.0
0.10609 0.15834 0.0
0.113536 0.158251 0.0
0.120826 0.157644 0.0
0.127953 0.156549 0.0
0.13491 0.154998 0.0
0.141691 0.153022 0.0
0.148293 0.150655 0.0
0.154714 0.147929 0.0
0.160955 0.144877 0.0
0.167017 0.141531 0.0
0.172904 0.137924 0.0
0.17862 0.134084 0.0
0.184171 0.130042 0.0
0.189565 0.125826 0.0
0.194809 0.121462 0.0
0.199913 0.116977 0.0
0.204886 0.112392 0.0
0.209738 0.107732 0.0
0.214478 0.103017 0.0
0.219117 0.0982657 0.0
0.223665 0.0934968 0.0
0.228132 0.0887269 0.0
0.232525 0.0839713 0.0
0.236855 0.0792441 0.0
0.241129 0.0745582 0.0
0.245353 0.0699253 0.0
0.249533 0.0653561 0.0
0.253676 0.0608601 0.0
0.257784 0.0564463 0.0
0.261862 0.0521225 0.0
0.26591 0.0478963 0.0
0.269928 0.0437742 0.0
0.273917 0.0397624 0.0
0.277874 0.0358665 0.0
0.281794 0.0320918 0.0
0.285673 0.0284427 0.0
0.289502 0.0249237 0.0
0.293272 0.0215384 0.0
0.296971 0.0182902 0.0
0.300583 0.0151816 0.0
0.304089 0.0122144 0.0
0.307466 0.00938881 0.0
0.310683 0.00670238 0.0
0.313703 0.00414851 0.0
0.316481 0.00171336 0.0
0.318961 -0.00062904 0.0
0.32107 -0.00291626 0.0
0.32272 -0.00519792 0.0
0.323821 -0.00750015 0.0
0.324332 -0.00957061 0.0
0.999944 -0.000371351 0.0
0.99972 -0.00112465 0.0
0.999271 -0.00189375 0.0
0.998596 -0.00268393 0.0
0.997693 -0.00350058 0.0
0.996559 -0.00434927 0.0
0.995189 -0.00523585 0.0
0.99358 -0.00616647 0.0
0.991726 -0.00714772 0.0
0.98962 -0.00818668 0.0
0.987254 -0.00929107 0.0
0.984621 -0.0104693 0.0
0.981708 -0.0117308 0.0
0.978506 -0.013086 0.0
0.975001 -0.0145464 0.0
0.971178 -0.0161252 0.0
0.967022 -0.0178375 0.0
0.962512 -0.0197003 0.0
0.957629 -0.0217333 0.0
0.952349 -0.0239591 0.0
0.946646 -0.0264043 0.0
0.940489 -0.0290999 0.0
0.933845 -0.0320822 0.0
0.926677 -0.0353944 0.0
0.918944 -0.039088 0.0
0.910597 -0.0432244 0.0
0.901585 -0.0478779 0.0
0.891849 -0.0531387 0.0
0.881325 -0.0591168 0.0
0.869944 -0.0659475 0.0
0.85763 -0.0737982 0.0
0.844306 -0.0828773 0.0
0.829893 -0.0934456 0.0
0.814323 -0.105831 0.0
0.797545 -0.120449 0.0
0.77955 -0.137824 0.0
0.760404 -0.158616 0.0
0.740299 -0.183652 0.0
0.719643 -0.213941 0.0
0.699181 -0.250659 0.0
0.680146 -0.295009 0.0
0.66432 -0.34768 0.0
0.653462 -0.406896 0.0
0.646097 -0.462435 0.0
0.628708 -0.48712 0.0
0.576588 -0.464257 0.0
0.457871 -0.377862 0.0
0.188624 -0.171501 0.0
0 -0.0341011 0.0
0 -0.00366192 0.0
0 -0.0017317 0.0
0 -0.00159311 0.0
-0.00377 -0.0038686 0.0
-0.00629287 -0.0229179 0.0
-0.00350458 -0.0333315 0.0
-0.00015644 -0.0409038 0.0
0.00373312 -0.0464217 0.0
0.00741601 -0.0485223 0.0
0.00964999 -0.0475311 0.0
0.00989221 -0.0445418 0.0
0.00824677 -0.0405231 0.0
0.00509345 -0.036098 0.0
0.000845962 -0.0316073 0.0
-0.00414318 -0.0272166 0.0
-0.00960157 -0.0229963 0.0
-0.0153291 -0.0189717 0.0
-0.0211823 -0.0151498 0.0
-0.0270579 -0.0115342 0.0
-0.0328807 -0.00813033 0.0
-0.0385944 -0.00494652 0.0
-0.0441531 -0.00199945 0.0
-0.0495155 0.000694123 0.0
-0.0546602 0.0031225 0.0
-0.0595909 0.00526543 0.0
-0.0643151 0.00710612 0.0
-0.0688345 0.00863037 0.0
-0.073151 0.00981342 0.0
-0.0772708 0.0106326 0.0
-0.0812026 0.0110702 0.0
-0.0849559 0.0111115 0.0
-0.0885426 0.0107444 0.0
-0.0919772 0.00996111 0.0
-0.0952763 0.00875885 0.0
-0.0984579 0.00713931 0.0
-0.101541 0.00510913 0.0
-0.104546 0.00267964 0.0
-0.107492 -0.000132359 0.0
-0.110402 -0.00331076 0.0
-0.113299 -0.00683862 0.0
-0.1162 -0.0106908 0.0
-0.119117 -0.0148365 0.0
-0.122056 -0.0192414 0.0
-0.125023 -0.0238677 0.0
-0.128018 -0.0286745 0.0
-0.131039 -0.0336183 0.0
-0.134082 -0.0386523 0.0
-0.137137 -0.0437278 0.0
-0.140194 -0.0487937 0.0
-0.14324 -0.0537972 0.0
-0.146257 -0.0586842 0.0
-0.149227 -0.0633995 0.0
-0.152132 -0.0678877 0.0
-0.154948 -0.0720936 0.0
-0.157653 -0.0759625 0.0
-0.160222 -0.0794413 0.0
-0.162632 -0.0824788 0.0
-0.164857 -0.0850263 0.0
-0.166873 -0.0870386 0.0
-0.168655 -0.0884743 0.0
-0.170181 -0.0892964 0.0
-0.171428 -0.0894732 0.0
-0.172376 -0.0889784 0.0
-0.173007 -0.087792 0.0
-0.173304 -0.0859001 0.0
-0.173252 -0.0832955 0.0
-0.172842 -0.0799777 0.0
-0.172064 -0.0759533 0.0
-0.170911 -0.0712354 0.0
-0.16938 -0.0658441 0.0
-0.167469 -0.059806 0.0
-0.165178 -0.0531538 0.0
-0.162508 -0.0459264 0.0
-0.159462 -0.0381688 0.0
-0.156045 -0.0299321 0.0
-0.152259 -0.0212735 0.0
-0.148112 -0.0122567 0.0
-0.143611 -0.0029512 0.0
-0.13877 0.00656696 0.0
-0.133608 0.0161983 0.0
-0.128135 0.0258718 0.0
-0.122357 0.0355279 0.0
-0.116282 0.0451073 0.0
-0.109923 0.0545498 0.0
-0.103292 0.0637965 0.0
-0.0964071 0.0727901 0.0
-0.0892863 0.0814753 0.0
-0.0819501 0.0897997 0.0
-0.0744207 0.0977147 0.0
-0.066722 0.105176 0.0
-0.0588788 0.112145 0.0
-0.0509169 0.118588 0.0
-0.042862 0.124475 0.0
-0.0347405 0.129784 0.0
-0.0265786 0.134495 0.0
-0.0184021 0.138602 0.0
-0.0102348 0.142101 0.0
-0.00209975 0.144993 0.0
0.00598123 0.147287 0.0
0.0139881 0.148993 0.0
0.0219028 0.150126 0.0
0.0297093 0.150706 0.0
0.0373934 0.150756 0.0
0.0449439 0.150297 0.0
0.0523523 0.149359 0.0
0.0596114 0.147971 0.0
0.0667161 0.146163 0.0
0.0736632 0.143965 0.0
0.0804518 0.141408 0.0
0.0870824 0.138525 0.0
0.0935578 0.135345 0.0
0.0998819 0.131899 0.0
0.10606 0.128215 0.0
0.1121 0.124321 0.0
0.11801 0.120245 0.0
0.123797 0.116012 0.0
0.129472 0.111648 0.0
0.135044 0.107176 0.0
0.140522 0.102618 0.0
0.145917 0.0979956 0.0
0.151238 0.0933273 0.0
0.156493 0.0886321 0.0
0.161691 0.0839273 0.0
0.166839 0.0792288 0.0
0.171944 0.0745518 0.0
0.177011 0.0699098 0.0
0.182045 0.0653156 0.0
0.18705 0.0607808 0.0
0.192026 0.0563162 0.0
0.196976 0.0519316 0.0
0.2019 0.0476362 0.0
0.206796 0.0434385 0.0
0.211663 0.0393467 0.0
0.216496 0.0353682 0.0
0.22129 0.03151 0.0
0.226039 0.0277788 0.0
0.230735 0.0241809 0.0
0.235369 0.0207227 0.0
0.239928 0.0174099 0.0
0.244399 0.0142487 0.0
0.248765 0.0112451 0.0
0.253005 0.00840471 0.0
0.257094 0.00573363 0.0
0.260998 0.00323672 0.0
0.264677 0.0009144 0.0
0.268078 -0.00123159 0.0
0.271123 -0.00320852 0.0
0.27371 -0.00503389 0.0
0.275725 -0.00674465 0.0
0.277046 -0.00837536 0.0
0.277629 -0.0097895 0.0
0.999943 -0.000258154 0.0
0.999714 -0.00078484 0.0
0.999256 -0.00132632 0.0
0.998566 -0.00188706 0.0
0.997644 -0.00247164 0.0
0.996485 -0.00308477 0.0
0.995085 -0.00373139 0.0
0.99344 -0.00441673 0.0
0.991543 -0.00514636 0.0
0.989387 -0.00592628 0.0
0.986964 -0.00676305 0.0
0.984265 -0.00766383 0.0
0.981277 -0.00863658 0.0
0.977989 -0.00969014 0.0
0.974386 -0.0108345 0.0
0.970453 -0.0120808 0.0
0.966169 -0.013442 0.0
0.961516 -0.0149328 0.0
0.956468 -0.01657 0.0
0.950999 -0.0183734 0.0
0.945079 -0.020366 0.0
0.938672 -0.0225747 0.0
0.93174 -0.0250316 0.0
0.924238 -0.0277748 0.0
0.916114 -0.0308497 0.0
0.907309 -0.0343115 0.0
0.897758 -0.0382271 0.0
0.887382 -0.0426785 0.0
0.876096 -0.0477669 0.0
0.863798 -0.053618 0.0
0.850374 -0.06039 0.0
0.835696 -0.0682826 0.0
0.819619 -0.077551 0.0
0.801987 -0.0885234 0.0
0.782633 -0.101626 0.0
0.761396 -0.117416 0.0
0.738142 -0.136624 0.0
0.712813 -0.160209 0.0
0.685508 -0.189422 0.0
0.656638 -0.225845 0.0
0.627159 -0.271308 0.0
0.59882 -0.327216 0.0
0.573708 -0.39139 0.0
0.549377 -0.446245 0.0
0.500476 -0.437019 0.0
0.385983 -0.347744 0.0
0.153782 -0.148619 0.0
0 0 0.0
0 0 0.0
0 0 0.0
0 0 0.0
0 0 0.0
0 0 0.0
-0.0111866 -0.0120825 0.0
-0.0267039 -0.030542 0.0
-0.0319411 -0.0418043 0.0
-0.0317656 -0.0495863 0.0
-0.0297457 -0.0510605 0.0
-0.0288475 -0.0481251 0.0
-0.029914 -0.0431236 0.0
-0.032708 -0.0375019 0.0
-0.0367273 -0.0319465 0.0
-0.0415187 -0.0267199 0.0
-0.0467472 -0.0218865 0.0
-0.0521836 -0.0174316 0.0
-0.0576757 -0.0133167 0.0
-0.0631231 -0.00950421 0.0
-0.0684584 -0.00596895 0.0
-0.0736352 -0.00269602 0.0
-0.0786173 0.000315064 0.0
-0.083388 0.00306825 0.0
-0.0879573 0.00555821 0.0
-0.0923394 0.00778523 0.0
-0.0965425 0.00973647 0.0
-0.100576 0.0113929 0.0
-0.10445 0.0127367 0.0
-0.108173 0.0137472 0.0
-0.111759 0.0144048 0.0
-0.115222 0.0146928 0.0
-0.118578 0.014598 0.0
-0.121844 0.0141104 0.0
-0.125038 0.0132239 0.0
-0.12818 0.0119367 0.0
-0.131288 0.0102513 0.0
-0.134382 0.00817436 0.0
-0.13748 0.00571697 0.0
-0.140598 0.00289441 0.0
-0.143752 -0.000273882 0.0
-0.14696 -0.00377052 0.0
-0.150239 -0.00757832 0.0
-0.1536 -0.0116716 0.0
-0.157047 -0.0160194 0.0
-0.160583 -0.0205873 0.0
-0.164205 -0.0253377 0.0
-0.167909 -0.0302297 0.0
-0.171687 -0.0352201 0.0
-0.175529 -0.0402625 0.0
-0.179423 -0.0453088 0.0
-0.183351 -0.0503085 0.0
-0.187297 -0.0552098 0.0
-0.19124 -0.0599598 0.0
-0.195159 -0.0645047 0.0
-0.199028 -0.0687908 0.0
-0.202824 -0.0727649 0.0
-0.206519 -0.0763747 0.0
-0.210085 -0.0795696 0.0
-0.213494 -0.0823011 0.0
-0.216718 -0.084524 0.0
-0.219728 -0.0861962 0.0
-0.222497 -0.0872801 0.0
-0.224996 -0.0877425 0.0
-0.227202 -0.0875557 0.0
-0.229088 -0.0866977 0.0
-0.230634 -0.0851523 0.0
-0.231818 -0.0829101 0.0
-0.232623 -0.0799681 0.0
-0.233034 -0.0763302 0.0
-0.233038 -0.0720071 0.0
-0.232625 -0.0670163 0.0
-0.231789 -0.061382 0.0
-0.230523 -0.0551351 0.0
-0.228825 -0.0483127 0.0
-0.226695 -0.0409584 0.0
-0.224133 -0.0331216 0.0
-0.221144 -0.0248582 0.0
-0.217734 -0.0162295 0.0
-0.213911 -0.00730234 0.0
-0.209687 0.00185277 0.0
-0.205082 0.0111457 0.0
-0.200119 0.0204882 0.0
-0.194807 0.0298217 0.0
-0.189158 0.0390895 0.0
-0.183185 0.0482344 0.0
-0.176903 0.0571997 0.0
-0.170331 0.06593 0.0
-0.163488 0.0743717 0.0
-0.156395 0.0824745 0.0
-0.149076 0.090191 0.0
-0.141553 0.0974787 0.0
-0.133852 0.104299 0.0
-0.125999 0.110619 0.0
-0.118019 0.116409 0.0
-0.109939 0.121648 0.0
-0.101785 0.126315 0.0
-0.0935833 0.130403 0.0
-0.0853582 0.133907 0.0
-0.0771326 0.136827 0.0
-0.0689279 0.139168 0.0
-0.0607639 0.140941 0.0
-0.0526584 0.142158 0.0
-0.0446271 0.142837 0.0
-0.0366831 0.142997 0.0
-0.028838 0.14266 0.0
-0.0211011 0.141851 0.0
-0.0134788 0.140598 0.0
-0.0059754 0.138928 0.0
0.00140678 0.13687 0.0
0.00866732 0.134454 0.0
0.0158079 0.131708 0.0
0.0228319 0.128663 0.0
0.0297439 0.125345 0.0
0.0365501 0.121783 0.0
0.0432576 0.118004 0.0
0.0498743 0.114035 0.0
0.0564081 0.1099 0.0
0.0628674 0.105626 0.0
0.0692601 0.101234 0.0
0.0755944 0.0967478 0.0
0.0818778 0.0921881 0.0
0.088117 0.0875751 0.0
0.0943181 0.0829281 0.0
0.100486 0.0782654 0.0
0.106624 0.073604 0.0
0.112736 0.0689601 0.0
0.118822 0.0643484 0.0
0.124882 0.0597826 0.0
0.130916 0.0552756 0.0
0.136922 0.050839 0.0
0.142897 0.0464838 0.0
0.148836 0.0422205 0.0
0.154736 0.0380586 0.0
0.160589 0.0340074 0.0
0.166388 0.0300754 0.0
0.172125 0.026271 0.0
0.177792 0.0226021 0.0
0.183377 0.0190764 0.0
0.188869 0.0157018 0.0
0.194254 0.0124863 0.0
0.199517 0.00943781 0.0
0.20464 0.00656665 0.0
0.209602 0.0038817 0.0
0.214377 0.00139341 0.0
0.218931 -0.000881021 0.0
0.223209 -0.00292566 0.0
0.227139 -0.00472318 0.0
0.230637 -0.00625862 0.0
0.233594 -0.00752878 0.0
0.235881 -0.00855069 0.0
0.237359 -0.00936944 0.0
0.237986 -0.0100045 0.0
0.999942 -0.000142814 0.0
0.999709 -0.000438583 0.0
0.999243 -0.000748068 0.0
0.998542 -0.00107488 0.0
0.997603 -0.0014227 0.0
0.996424 -0.00179534 0.0
0.995 -0.00219679 0.0
0.993325 -0.00263123 0.0
0.991393 -0.00310316 0.0
0.989197 -0.00361741 0.0
0.986727 -0.00417924 0.0
0.983973 -0.00479441 0.0
0.980924 -0.00546932 0.0
0.977566 -0.00621111 0.0
0.973883 -0.00702778 0.0
0.969857 -0.00792843 0.0
0.96547 -0.00892341 0.0
0.960696 -0.0100246 0.0
0.955512 -0.0112459 0.0
0.949886 -0.0126031 0.0
0.943786 -0.0141151 0.0
0.937171 -0.0158041 0.0
0.929997 -0.0176964 0.0
0.922213 -0.0198233 0.0
0.913758 -0.0222228 0.0
0.904565 -0.024941 0.0
0.894553 -0.0280341 0.0
0.883629 -0.0315716 0.0
0.871682 -0.03564 0.0
0.858583 -0.0403482 0.0
0.844181 -0.0458341 0.0
0.828296 -0.052275 0.0
0.810715 -0.0599008 0.0
0.791186 -0.0690131 0.0
0.769417 -0.0800131 0.0
0.745065 -0.09344 0.0
0.717746 -0.110027 0.0
0.687053 -0.130783 0.0
0.652605 -0.157095 0.0
0.614171 -0.190869 0.0
0.571944 -0.234578 0.0
0.527039 -0.290702 0.0
0.481812 -0.357564 0.0
0.434702 -0.40863 0.0
0.341549 -0.33258 0.0
0.136592 -0.134663 0.0
0 0 0.0
0 0 0.0
0 0 0.0
0 0 0.0
0 0 0.0
0 0 0.0
0 0 0.0
0 0 0.0
-0.0120647 -0.0131057 0.0
-0.030801 -0.0342261 0.0
-0.0393844 -0.0487564 0.0
-0.0428555 -0.0504392 0.0
-0.0466377 -0.0458623 0.0
-0.05164 -0.0393175 0.0
-0.0574934 -0.0326605 0.0
-0.0637391 -0.0265229 0.0
-0.0700588 -0.0210323 0.0
-0.0762658 -0.0161387 0.0
-0.0822601 -0.0117487 0.0
-0.0879917 -0.00777581 0.0
-0.0934388 -0.00415065 0.0
-0.0985922 -0.00083379 0.0
-0.103453 0.00220685 0.0
-0.108048 0.00498912 0.0
-0.112411 0.00752808 0.0
-0.116569 0.00982554 0.0
-0.120543 0.0118741 0.0
-0.124353 0.0136602 0.0
-0.128016 0.0151658 0.0
-0.131551 0.0163721 0.0
-0.134975 0.0172601 0.0
-0.138309 0.0178119 0.0
-0.141572 0.0180117 0.0
-0.144785 0.0178473 0.0
-0.147967 0.0173092 0.0
-0.151139 0.0163917 0.0
-0.154322 0.0150931 0.0
-0.157534 0.0134153 0.0
-0.160793 0.0113639 0.0
-0.164117 0.00894853 0.0
-0.167518 0.00618271 0.0
-0.17101 0.00308339 0.0
-0.174602 -0.000328771 0.0
-0.178307 -0.00403589 0.0
-0.182139 -0.00802058 0.0
-0.186105 -0.0122571 0.0
-0.190205 -0.0167142 0.0
-0.194436 -0.0213574 0.0
-0.198793 -0.0261486 0.0
-0.203269 -0.0310473 0.0
-0.207852 -0.0360099 0.0
-0.21253 -0.0409908 0.0
-0.217286 -0.045942 0.0
-0.222102 -0.050814 0.0
-0.226958 -0.055556 0.0
-0.231832 -0.0601164 0.0
-0.236698 -0.0644432 0.0
-0.24153 -0.0684848 0.0
-0.246301 -0.0721901 0.0
-0.250979 -0.0755095 0.0
-0.255536 -0.0783954 0.0
-0.259939 -0.0808026 0.0
-0.264157 -0.0826893 0.0
-0.268159 -0.0840172 0.0
-0.271912 -0.0847525 0.0
-0.275386 -0.0848662 0.0
-0.278552 -0.0843348 0.0
-0.281381 -0.0831404 0.0
-0.283847 -0.0812713 0.0
-0.285927 -0.0787223 0.0
-0.287597 -0.0754945 0.0
-0.28884 -0.0715962 0.0
-0.289638 -0.0670421 0.0
-0.289977 -0.0618538 0.0
-0.289847 -0.0560595 0.0
-0.289239 -0.0496939 0.0
-0.288148 -0.0427981 0.0
-0.286573 -0.0354191 0.0
-0.284512 -0.0276101 0.0
-0.28197 -0.0194295 0.0
-0.278955 -0.0109407 0.0
-0.275476 -0.00221201 0.0
-0.271555 0.00668463 0.0
-0.267215 0.0156464 0.0
-0.262474 0.0246112 0.0
-0.257348 0.0335242 0.0
-0.251852 0.0423302 0.0
-0.246004 0.0509744 0.0
-0.239823 0.0594028 0.0
-0.233331 0.0675636 0.0
-0.226549 0.0754076 0.0
-0.2195 0.082889 0.0
-0.212207 0.0899659 0.0
-0.204697 0.0966006 0.0
-0.196993 0.10276 0.0
-0.189122 0.108417 0.0
-0.181109 0.113547 0.0
-0.172981 0.118133 0.0
-0.164761 0.122164 0.0
-0.156474 0.125634 0.0
-0.148142 0.128542 0.0
-0.139786 0.130892 0.0
-0.131423 0.132691 0.0
-0.123071 0.133951 0.0
-0.114745 0.134686 0.0
-0.106456 0.134915 0.0
-0.0982157 0.134657 0.0
-0.0900314 0.133934 0.0
-0.0819096 0.132771 0.0
-0.0738538 0.131195 0.0
-0.0658657 0.129232 0.0
-0.0579451 0.12691 0.0
-0.0500904 0.124257 0.0
-0.0422988 0.121299 0.0
-0.034566 0.118064 0.0
-0.0268873 0.11458 0.0
-0.0192575 0.110871 0.0
-0.0116711 0.106965 0.0
-0.00412239 0.102888 0.0
0.00339397 0.098663 0.0
0.0108828 0.0943152 0.0
0.0183482 0.0898671 0.0
0.0257933 0.0853404 0.0
0.0332201 0.0807566 0.0
0.0406295 0.0761361 0.0
0.0480208 0.0714982 0.0
0.0553922 0.0668614 0.0
0.0627405 0.062243 0.0
0.0700612 0.057659 0.0
0.0773486 0.0531242 0.0
0.0845965 0.0486521 0.0
0.0917975 0.0442555 0.0
0.0989436 0.0399464 0.0
0.106026 0.035736 0.0
0.113035 0.0316349 0.0
0.11996 0.027653 0.0
0.126791 0.0237999 0.0
0.133515 0.0200845 0.0
0.140121 0.016516 0.0
0.146596 0.0131026 0.0
0.152926 0.00985359 0.0
0.159096 0.00677955 0.0
0.16509 0.00388739 0.0
0.170892 0.00119169 0.0
0.176476 -0.00128901 0.0
0.181801 -0.00353566 0.0
0.186819 -0.00552358 0.0
0.19148 -0.00722252 0.0
0.195725 -0.00860207 0.0
0.199476 -0.00962773 0.0
0.202627 -0.0102681 0.0
0.205043 -0.0105141 0.0
0.206584 -0.0104251 0.0
0.207218 -0.0102089 0.0
0.999941 -2.57765e-05 0.0
0.999705 -8.72216e-05 0.0
0.999233 -0.000161247 0.0
0.998523 -0.00025056 0.0
0.997573 -0.000357922 0.0
0.996378 -0.000486176 0.0
0.994935 -0.000638286 0.0
0.993237 -0.000817375 0.0
0.991279 -0.00102677 0.0
0.989051 -0.00127004 0.0
0.986546 -0.00155108 0.0
0.983751 -0.00187415 0.0
0.980655 -0.00224395 0.0
0.977242 -0.00266574 0.0
0.973497 -0.00314542 0.0
0.969402 -0.0036897 0.0
0.964934 -0.0043062 0.0
0.960069 -0.0050037 0.0
0.954779 -0.00579237 0.0
0.949032 -0.00668407 0.0
0.942791 -0.00769271 0.0
0.936014 -0.00883476 0.0
0.928652 -0.0101298 0.0
0.920648 -0.0116014 0.0
0.911935 -0.013278 0.0
0.902436 -0.0151942 0.0
0.89206 -0.0173928 0.0
0.880699 -0.0199267 0.0
0.868224 -0.0228624 0.0
0.85448 -0.026284 0.0
0.839283 -0.0302994 0.0
0.822408 -0.0350485 0.0
0.803577 -0.0407151 0.0
0.78245 -0.0475445 0.0
0.758608 -0.0558692 0.0
0.731523 -0.066147 0.0
0.70054 -0.0790189 0.0
0.664839 -0.0953973 0.0
0.623408 -0.116602 0.0
0.575034 -0.144555 0.0
0.518376 -0.182008 0.0
0.452357 -0.232349 0.0
0.377424 -0.295756 0.0
0.294997 -0.340902 0.0
0.126028 -0.132107 0.0
0 0 0.0
0 0 0.0
0 0 0.0
0 0 0.0
0 0 0.0
0 0 0.0
0 0 0.0
0 0 0.0
0 0 0.0
0 0 0.0
-0.0127651 -0.0137773 0.0
-0.0306839 -0.0416908 0.0
-0.0409456 -0.0437721 0.0
-0.0513015 -0.0383914 0.0
-0.0615983 -0.0314894 0.0
-0.0713298 -0.0249037 0.0
-0.0802865 -0.0190773 0.0
-0.0884407 -0.014004 0.0
-0.0958431 -0.00955759 0.0
-0.102572 -0.005607 0.0
-0.108703 -0.00205405 0.0
-0.114307 0.00117817 0.0
-0.119457 0.00414066 0.0
-0.124231 0.00686775 0.0
-0.128692 0.00938368 0.0
-0.132888 0.011693 0.0
-0.13686 0.0137912 0.0
-0.140644 0.0156664 0.0
-0.14427 0.0173027 0.0
-0.147764 0.0186809 0.0
-0.151154 0.0197816 0.0
-0.154464 0.0205856 0.0
-0.157719 0.021075 0.0
-0.160942 0.0212344 0.0
-0.164156 0.021051 0.0
-0.167384 0.0205151 0.0
-0.170646 0.0196205 0.0
-0.173963 0.0183642 0.0
-0.177353 0.0167468 0.0
-0.180834 0.0147725 0.0
-0.18442 0.012449 0.0
-0.188123 0.00978737 0.0
-0.191955 0.00680238 0.0
-0.195924 0.00351204 0.0
-0.200034 -6.18429e-05 0.0
-0.204295 -0.00390057 0.0
-0.20872 -0.00798585 0.0
-0.213314 -0.0122922 0.0
-0.218074 -0.016788 0.0
-0.222996 -0.0214383 0.0
-0.228074 -0.0262048 0.0
-0.233296 -0.0310468 0.0
-0.238652 -0.0359209 0.0
-0.244126 -0.0407818 0.0
-0.249701 -0.0455824 0.0
-0.255358 -0.0502742 0.0
-0.261075 -0.0548078 0.0
-0.266827 -0.0591334 0.0
-0.272588 -0.063201 0.0
-0.278331 -0.0669615 0.0
-0.284024 -0.0703666 0.0
-0.289635 -0.0733698 0.0
-0.295133 -0.075927 0.0
-0.300483 -0.0779966 0.0
-0.305651 -0.0795407 0.0
-0.310602 -0.0805252 0.0
-0.315301 -0.0809204 0.0
-0.319714 -0.0807019 0.0
-0.323807 -0.0798503 0.0
-0.32755 -0.0783522 0.0
-0.330912 -0.0762003 0.0
-0.333864 -0.0733937 0.0
-0.336381 -0.0699378 0.0
-0.338439 -0.0658447 0.0
-0.340018 -0.0611333 0.0
-0.341099 -0.0558286 0.0
-0.341669 -0.0499626 0.0
-0.341716 -0.043573 0.0
-0.341232 -0.0367039 0.0
-0.340213 -0.0294048 0.0
-0.338659 -0.0217306 0.0
-0.336573 -0.0137408 0.0
-0.333965 -0.00549864 0.0
-0.330846 0.0029311 0.0
-0.327241 0.0114547 0.0
-0.323176 0.0199971 0.0
-0.318669 0.0285045 0.0
-0.313738 0.036923 0.0
-0.308403 0.0451989 0.0
-0.302684 0.0532794 0.0
-0.296603 0.0611138 0.0
-0.290182 0.068654 0.0
-0.283444 0.0758549 0.0
-0.276412 0.0826755 0.0
-0.26911 0.0890787 0.0
-0.261563 0.0950319 0.0
-0.253796 0.100507 0.0
-0.245833 0.105481 0.0
-0.237697 0.109935 0.0
-0.229414 0.113859 0.0
-0.221005 0.117243 0.0
-0.21249 0.120086 0.0
-0.203889 0.12239 0.0
-0.195219 0.12416 0.0
-0.186495 0.125406 0.0
-0.17773 0.12614 0.0
-0.168937 0.126379 0.0
-0.160123 0.126139 0.0
-0.151298 0.125442 0.0
-0.142467 0.12431 0.0
-0.133633 0.122767 0.0
-0.124799 0.120839 0.0
-0.115966 0.118551 0.0
-0.107133 0.115929 0.0
-0.0983004 0.113002 0.0
-0.0894661 0.109794 0.0
-0.0806286 0.106333 0.0
-0.0717867 0.102645 0.0
-0.0629392 0.0987567 0.0
-0.0540854 0.0946934 0.0
-0.0452254 0.0904808 0.0
-0.0363604 0.0861435 0.0
-0.0274925 0.0817055 0.0
-0.0186254 0.0771899 0.0
-0.00976416 0.0726192 0.0
-0.000915278 0.0680153 0.0
0.0079135 0.0633989 0.0
0.0167131 0.0587897 0.0
0.0254732 0.0542063 0.0
0.0341825 0.0496658 0.0
0.0428288 0.0451836 0.0
0.0513996 0.0407739 0.0
0.0598821 0.0364502 0.0
0.0682627 0.032225 0.0
0.0765276 0.0281101 0.0
0.084663 0.0241165 0.0
0.0926542 0.0202549 0.0
0.100487 0.0165347 0.0
0.108147 0.0129653 0.0
0.115619 0.00955721 0.0
0.122887 0.00631815 0.0
0.129939 0.00325581 0.0
0.13676 0.000386134 0.0
0.143323 -0.002276 0.0
0.149591 -0.00471444 0.0
0.15553 -0.00690655 0.0
0.161114 -0.00882704 0.0
0.166313 -0.0104488 0.0
0.17109 -0.0117355 0.0
0.175397 -0.0126407 0.0
0.179164 -0.0131074 0.0
0.182299 -0.013074 0.0
0.184679 -0.0125042 0.0
0.186178 -0.0114752 0.0
0.186783 -0.0103973 0.0
0.999941 9.24893e-05 0.0
0.999703 0.000267834 0.0
0.999227 0.000431776 0.0
0.998511 0.000582538 0.0
0.997552 0.000718323 0.0
0.996347 0.000837286 0.0
0.994891 0.00093752 0.0
0.993178 0.00101702 0.0
0.991202 0.00107369 0.0
0.988954 0.00110524 0.0
0.986424 0.00110925 0.0
0.983601 0.00108303 0.0
0.980473 0.00102367 0.0
0.977024 0.000927893 0.0
0.973237 0.000792041 0.0
0.969094 0.000611983 0.0
0.964571 0.000383009 0.0
0.959644 9.97085e-05 0.0
0.954282 -0.000244175 0.0
0.948453 -0.000655937 0.0
0.942116 -0.00114415 0.0
0.935229 -0.00171894 0.0
0.927738 -0.00239243 0.0
0.919582 -0.00317914 0.0
0.910692 -0.00409672 0.0
0.900982 -0.0051667 0.0
0.890353 -0.00641568 0.0
0.878688 -0.00787682 0.0
0.865842 -0.00959187 0.0
0.851645 -0.0116141 0.0
0.835885 -0.014012 0.0
0.8183 -0.0168755 0.0
0.798566 -0.0203234 0.0
0.776272 -0.0245159 0.0
0.750891 -0.0296741 0.0
0.721741 -0.0361074 0.0
0.687923 -0.0442575 0.0
0.648234 -0.0547682 0.0
0.601028 -0.0685942 0.0
0.543999 -0.0871588 0.0
0.473774 -0.112521 0.0
0.3851 -0.147142 0.0
0.269534 -0.190464 0.0
0.119837 -0.214071 0.0
0.0179741 0 0.0
0 0 0.0
0 0 0.0
0 0 0.0
0 0 0.0
0 0 0.0
0 0 0.0
0 0 0.0
0 0 0.0
0 0 0.0
0 0 0.0
-0.000409781 0 0.0
-0.0109283 -0.0264283 0.0
-0.0308362 -0.028865 0.0
-0.0491225 -0.0246563 0.0
-0.0648292 -0.0192209 0.0
-0.078179 -0.0140909 0.0
-0.0895402 -0.0095722 0.0
-0.0992725 -0.00562275 0.0
-0.107685 -0.0021244 0.0
-0.115026 0.00102999 0.0
-0.121506 0.00392018 0.0
-0.127299 0.00660026 0.0
-0.132541 0.00911134 0.0
-0.13734 0.0114696 0.0
-0.141777 0.01368 0.0
-0.14592 0.015736 0.0
-0.149824 0.0176243 0.0
-0.153533 0.0193268 0.0
-0.157089 0.0208231 0.0
-0.160525 0.0220915 0.0
-0.163874 0.0231102 0.0
-0.167166 0.0238585 0.0
-0.170427 0.0243176 0.0
-0.173683 0.0244709 0.0
-0.176959 0.0243046 0.0
-0.180278 0.0238077 0.0
-0.18366 0.0229727 0.0
-0.187126 0.0217951 0.0
-0.190694 0.0202738 0.0
-0.194378 0.0184111 0.0
-0.198195 0.0162126 0.0
-0.202155 0.0136872 0.0
-0.206268 0.0108474 0.0
-0.210541 0.00770904 0.0
-0.214981 0.00429112 0.0
-0.21959 0.00061693 0.0
-0.224375 -0.00329338 0.0
-0.229347 -0.00741934 0.0
-0.234511 -0.0117365 0.0
-0.239865 -0.0162131 0.0
-0.245404 -0.0208134 0.0
-0.251121 -0.025499 0.0
-0.257005 -0.0302292 0.0
-0.263043 -0.0349612 0.0
-0.269221 -0.0396503 0.0
-0.27552 -0.0442505 0.0
-0.28192 -0.0487148 0.0
-0.288398 -0.0529957 0.0
-0.29493 -0.0570456 0.0
-0.301487 -0.0608172 0.0
-0.308041 -0.0642644 0.0
-0.314559 -0.0673422 0.0
-0.321008 -0.0700078 0.0
-0.327353 -0.0722209 0.0
-0.333557 -0.0739441 0.0
-0.339585 -0.0751438 0.0
-0.345397 -0.0757903 0.0
-0.350958 -0.0758587 0.0
-0.356228 -0.0753289 0.0
-0.361173 -0.0741863 0.0
-0.365755 -0.0724221 0.0
-0.369942 -0.0700332 0.0
-0.3737 -0.0670231 0.0
-0.377 -0.0634012 0.0
-0.379815 -0.0591835 0.0
-0.38212 -0.0543923 0.0
-0.383893 -0.0490561 0.0
-0.385116 -0.0432093 0.0
-0.385775 -0.0368922 0.0
-0.38586 -0.0301507 0.0
-0.385364 -0.0230352 0.0
-0.384285 -0.0156006 0.0
-0.382627 -0.00790525 0.0
-0.380396 -1.18329e-05 0.0
-0.377612 0.00800823 0.0
-0.3743 0.0160669 0.0
-0.370483 0.0241097 0.0
-0.366179 0.0320833 0.0
-0.36141 0.0399344 0.0
-0.356195 0.0476109 0.0
-0.350557 0.0550629 0.0
-0.344516 0.0622428 0.0
-0.338094 0.0691063 0.0
-0.331315 0.0756128 0.0
-0.324201 0.0817255 0.0
-0.316774 0.0874119 0.0
-0.309059 0.0926441 0.0
-0.301077 0.0973987 0.0
-0.292852 0.101657 0.0
-0.284405 0.105406 0.0
-0.275756 0.108637 0.0
-0.266924 0.111346 0.0
-0.257928 0.113533 0.0
-0.248783 0.115202 0.0
-0.239503 0.11636 0.0
-0.230101 0.117019 0.0
-0.220588 0.117193 0.0
-0.210974 0.116897 0.0
-0.201267 0.116151 0.0
-0.191474 0.114976 0.0
-0.181601 0.113394 0.0
-0.171652 0.111429 0.0
-0.161632 0.109107 0.0
-0.151545 0.106453 0.0
-0.141393 0.103494 0.0
-0.131181 0.100256 0.0
-0.120913 0.0967661 0.0
-0.110593 0.0930513 0.0
-0.100228 0.0891385 0.0
-0.089825 0.0850545 0.0
-0.0793909 0.0808257 0.0
-0.0689353 0.076478 0.0
-0.0584689 0.0720367 0.0
-0.0480036 0.0675263 0.0
-0.0375531 0.062971 0.0
-0.0271322 0.0583937 0.0
-0.0167568 0.0538164 0.0
-0.00644401 0.0492599 0.0
0.00378796 0.0447439 0.0
0.0139206 0.0402861 0.0
0.0239359 0.0359017 0.0
0.033816 0.031605 0.0
0.0435427 0.0274099 0.0
0.053098 0.0233294 0.0
0.0624638 0.0193749 0.0
0.0716228 0.0155573 0.0
0.0805572 0.0118884 0.0
0.0892486 0.00837712 0.0
0.0976824 0.00502927 0.0
0.105845 0.00185878 0.0
0.113715 -0.00112174 0.0
0.121259 -0.00390078 0.0
0.128445 -0.00646462 0.0
0.135251 -0.00879387 0.0
0.14166 -0.0108731 0.0
0.147656 -0.0126834 0.0
0.153222 -0.0141997 0.0
0.158336 -0.0153893 0.0
0.162971 -0.0162077 0.0
0.167092 -0.0165952 0.0
0.170646 -0.0164747 0.0
0.173563 -0.0157585 0.0
0.17575 -0.0143867 0.0
0.177113 -0.0124555 0.0
0.177658 -0.010566 0.0
0.99994 0.000211498 0.0
0.999702 0.000625126 0.0
0.999224 0.00102855 0.0
0.998505 0.00142095 0.0
0.997542 0.0018015 0.0
0.996331 0.00216939 0.0
0.994869 0.00252379 0.0
0.993149 0.00286384 0.0
0.991163 0.00318869 0.0
0.988905 0.0034974 0.0
0.986362 0.00378902 0.0
0.983526 0.00406254 0.0
0.980382 0.00431684 0.0
0.976914 0.00455072 0.0
0.973107 0.00476286 0.0
0.96894 0.00495179 0.0
0.96439 0.00511584 0.0
0.959431 0.00525314 0.0
0.954034 0.00536153 0.0
0.948163 0.00543852 0.0
0.94178 0.00548122 0.0
0.934837 0.00548619 0.0
0.927281 0.00544936 0.0
0.919049 0.00536584 0.0
0.910069 0.00522974 0.0
0.900252 0.00503382 0.0
0.889495 0.0047692 0.0
0.877674 0.00442477 0.0
0.864639 0.0039865 0.0
0.850207 0.00343649 0.0
0.834154 0.00275159 0.0
0.816198 0.00190138 0.0
0.795986 0.000845285 0.0
0.773068 -0.000471828 0.0
0.746857 -0.00212632 0.0
0.716578 -0.00422621 0.0
0.681185 -0.00692773 0.0
0.639238 -0.0104615 0.0
0.588715 -0.0151727 0.0
0.526737 -0.0215735 0.0
0.449224 -0.0303686 0.0
0.350818 -0.0422137 0.0
0.226964 -0.0559732 0.0
0.0878146 -0.0597147 0.0
0.00867396 0 0.0
0 0 0.0
0 0 0.0
0 0 0.0
0 0 0.0
0 0 0.0
0 0 0.0
0 0 0.0
0 0 0.0
0 0 0.0
0 0 0.0
0.000542259 0 0.0
-0.00756109 -0.00767395 0.0
-0.0269005 -0.00837201 0.0
-0.0474591 -0.00630436 0.0
-0.0656854 -0.00363979 0.0
-0.0809798 -0.00102783 0.0
-0.0936689 0.00141499 0.0
-0.104258 0.0037113 0.0
-0.113208 0.00590336 0.0
-0.120887 0.00802334 0.0
-0.127578 0.0100976 0.0
-0.133496 0.0121329 0.0
-0.138802 0.014128 0.0
-0.143623 0.0160719 0.0
-0.148055 0.0179478 0.0
-0.152178 0.0197338 0.0
-0.156053 0.0214055 0.0
-0.159735 0.0229368 0.0
-0.163268 0.0243013 0.0
-0.166691 0.0254728 0.0
-0.170039 0.0264264 0.0
-0.173344 0.0271388 0.0
-0.176635 0.0275891 0.0
-0.179938 0.0277588 0.0
-0.183278 0.0276324 0.0
-0.186677 0.0271974 0.0
-0.190156 0.0264445 0.0
-0.193734 0.0253674 0.0
-0.197428 0.0239633 0.0
-0.201254 0.0222326 0.0
-0.205226 0.0201789 0.0
-0.209355 0.0178094 0.0
-0.213651 0.0151342 0.0
-0.218122 0.0121672 0.0
-0.222774 0.00892535 0.0
-0.227612 0.00542923 0.0
-0.232636 0.00170335 0.0
-0.237851 -0.00222956 0.0
-0.243267 -0.00634644 0.0
-0.248891 -0.0106243 0.0
-0.254723 -0.0150307 0.0
-0.260758 -0.0195302 0.0
-0.266988 -0.0240845 0.0
-0.273402 -0.0286531 0.0
-0.279989 -0.033194 0.0
-0.286733 -0.0376637 0.0
-0.293617 -0.042018 0.0
-0.300619 -0.0462117 0.0
-0.307717 -0.0501999 0.0
-0.314885 -0.0539377 0.0
-0.322094 -0.057381 0.0
-0.329315 -0.0604873 0.0
-0.336513 -0.0632155 0.0
-0.343655 -0.0655269 0.0
-0.350702 -0.0673855 0.0
-0.357619 -0.0687586 0.0
-0.364364 -0.0696173 0.0
-0.370899 -0.0699368 0.0
-0.377182 -0.0696969 0.0
-0.383174 -0.0688823 0.0
-0.388834 -0.0674833 0.0
-0.394124 -0.0654954 0.0
-0.399006 -0.0629203 0.0
-0.403445 -0.0597652 0.0
-0.407406 -0.0560438 0.0
-0.410858 -0.0517753 0.0
-0.413773 -0.0469851 0.0
-0.416125 -0.0417042 0.0
-0.417894 -0.0359692 0.0
-0.419062 -0.0298217 0.0
-0.419614 -0.0233078 0.0
-0.419543 -0.0164777 0.0
-0.418845 -0.00938508 0.0
-0.41752 -0.00208733 0.0
-0.41558 0.00535976 0.0
-0.413044 0.0128682 0.0
-0.409935 0.0203811 0.0
-0.406271 0.0278445 0.0
-0.402072 0.0352051 0.0
-0.397357 0.0424112 0.0
-0.392146 0.0494132 0.0
-0.386459 0.0561641 0.0
-0.380316 0.06262 0.0
-0.373737 0.0687407 0.0
-0.366743 0.0744897 0.0
-0.359356 0.0798345 0.0
-0.351597 0.0847471 0.0
-0.343487 0.0892038 0.0
-0.335045 0.0931857 0.0
-0.326293 0.0966784 0.0
-0.31725 0.0996723 0.0
-0.307932 0.102162 0.0
-0.298358 0.104146 0.0
-0.288543 0.105627 0.0
-0.278501 0.106612 0.0
-0.268246 0.10711 0.0
-0.257791 0.107134 0.0
-0.247146 0.106698 0.0
-0.236324 0.105821 0.0
-0.225334 0.104523 0.0
-0.214186 0.102826 0.0
-0.202891 0.100753 0.0
-0.191456 0.0983291 0.0
-0.179894 0.0955807 0.0
-0.168214 0.0925341 0.0
-0.156427 0.0892168 0.0
-0.144547 0.0856563 0.0
-0.132586 0.0818805 0.0
-0.120558 0.0779175 0.0
-0.108482 0.0737952 0.0
-0.096372 0.0695413 0.0
-0.0842484 0.0651832 0.0
-0.0721307 0.0607473 0.0
-0.0600401 0.0562598 0.0
-0.0479989 0.0517458 0.0
-0.0360302 0.0472292 0.0
-0.024158 0.0427332 0.0
-0.0124068 0.0382791 0.0
-0.000801186 0.0338872 0.0
0.0106347 0.0295743 0.0
0.0218784 0.0253546 0.0
0.0329082 0.0212422 0.0
0.0437031 0.0172512 0.0
0.0542408 0.0133952 0.0
0.0644999 0.00968427 0.0
0.0744625 0.00612628 0.0
0.0841124 0.00273529 0.0
0.093428 -0.000476797 0.0
0.102377 -0.00349995 0.0
0.110927 -0.00632379 0.0
0.119052 -0.0089347 0.0
0.126739 -0.011319 0.0
0.133975 -0.0134684 0.0
0.140749 -0.0153697 0.0
0.147051 -0.017008 0.0
0.152869 -0.0183634 0.0
0.158193 -0.0194092 0.0
0.163009 -0.0201091 0.0
0.167298 -0.0204127 0.0
0.171039 -0.0202515 0.0
0.174202 -0.0195353 0.0
0.176746 -0.0181594 0.0
0.178622 -0.0160484 0.0
0.179779 -0.0133146 0.0
0.180242 -0.0107137 0.0
0.99994 0.000330757 0.0
0.999702 0.000983166 0.0
0.999224 0.00162658 0.0
0.998505 0.00226113 0.0
0.997542 0.00288699 0.0
0.996332 0.00350438 0.0
0.994869 0.00411354 0.0
0.993149 0.00471479 0.0
0.991163 0.00530851 0.0
0.988905 0.00589515 0.0
0.986363 0.00647524 0.0
0.983526 0.00704942 0.0
0.980382 0.00761843 0.0
0.976915 0.00818316 0.0
0.973108 0.00874464 0.0
0.968941 0.00930409 0.0
0.964392 0.00986295 0.0
0.959434 0.0104229 0.0
0.954037 0.010986 0.0
0.948167 0.0115547 0.0
0.941784 0.0121317 0.0
0.934842 0.0127205 0.0
0.927288 0.0133252 0.0
0.919059 0.0139508 0.0
0.91008 0.0146035 0.0
0.900267 0.0152907 0.0
0.889514 0.0160218 0.0
0.877699 0.0168084 0.0
0.864671 0.0176653 0.0
0.850249 0.0186113 0.0
0.834209 0.019671 0.0
0.81627 0.0208763 0.0
0.796083 0.0222699 0.0
0.773195 0.0239092 0.0
0.747024 0.0258745 0.0
0.716798 0.0282786 0.0
0.681475 0.0312832 0.0
0.639625 0.0351249 0.0
0.589235 0.0401529 0.0
0.527438 0.0468767 0.0
0.450153 0.0559786 0.0
0.351972 0.0680267 0.0
0.228143 0.0814684 0.0
0.088421 0.0817156 0.0
0.00872872 0 0.0
0 0 0.0
0 0 0.0
0 0 0.0
0 0 0.0
0 0 0.0
0 0 0.0
0 0 0.0
0 0 0.0
0 0 0.0
0 0 0.0
0.00054237 0 0.0
-0.00761792 0.00967432 0.0
-0.0270554 0.0130566 0.0
-0.0476666 0.0134368 0.0
-0.0658962 0.0130749 0.0
-0.0811657 0.0128213 0.0
-0.0938208 0.01291 0.0
-0.104375 0.0133593 0.0
-0.113289 0.0141197 0.0
-0.120933 0.0151302 0.0
-0.127588 0.0163372 0.0
-0.133468 0.0176905 0.0
-0.138736 0.0191448 0.0
-0.143518 0.0206579 0.0
-0.147914 0.0221899 0.0
-0.152002 0.0237025 0.0
-0.155849 0.0251588 0.0
-0.159507 0.0265238 0.0
-0.163025 0.0277642 0.0
-0.166441 0.0288488 0.0
-0.16979 0.0297486 0.0
-0.173106 0.0304372 0.0
-0.176415 0.030891 0.0
-0.179745 0.0310894 0.0
-0.183118 0.0310148 0.0
-0.186557 0.0306528 0.0
-0.190081 0.0299922 0.0
-0.193708 0.0290253 0.0
-0.197456 0.0277474 0.0
-0.201339 0.0261573 0.0
-0.20537 0.0242569 0.0
-0.209561 0.0220516 0.0
-0.213923 0.0195501 0.0
-0.218465 0.0167642 0.0
-0.223194 0.0137094 0.0
-0.228115 0.0104042 0.0
-0.233233 0.00687061 0.0
-0.238549 0.00313388 0.0
-0.244064 -0.000779406 0.0
-0.249785 -0.00484513 0.0
-0.255725 -0.00903856 0.0
-0.261883 -0.0133293 0.0
-0.268257 -0.0176821 0.0
-0.274838 -0.0220591 0.0
-0.281618 -0.0264208 0.0
-0.288585 -0.0307264 0.0
-0.295723 -0.0349341 0.0
-0.303014 -0.0390017 0.0
-0.310439 -0.0428869 0.0
-0.317975 -0.0465476 0.0
-0.325594 -0.0499425 0.0
-0.333268 -0.0530312 0.0
-0.340966 -0.0557752 0.0
-0.348654 -0.0581378 0.0
-0.356296 -0.0600851 0.0
-0.363853 -0.0615858 0.0
-0.371285 -0.0626122 0.0
-0.378552 -0.0631405 0.0
-0.385611 -0.0631508 0.0
-0.39242 -0.0626281 0.0
-0.398935 -0.0615621 0.0
-0.405113 -0.0599477 0.0
-0.410914 -0.0577851 0.0
-0.416296 -0.0550802 0.0
-0.42122 -0.0518442 0.0
-0.425648 -0.0480942 0.0
-0.429547 -0.0438526 0.0
-0.432884 -0.0391472 0.0
-0.43563 -0.0340109 0.0
-0.437761 -0.0284813 0.0
-0.439257 -0.0226001 0.0
-0.440101 -0.0164128 0.0
-0.440281 -0.00996825 0.0
-0.439793 -0.00331706 0.0
-0.438636 0.00349255 0.0
-0.436821 0.0103848 0.0
-0.434367 0.0173003 0.0
-0.431289 0.0241839 0.0
-0.427604 0.0309821 0.0
-0.423328 0.0376435 0.0
-0.418477 0.0441189 0.0
-0.413068 0.0503618 0.0
-0.407118 0.056329 0.0
-0.400646 0.0619806 0.0
-0.39367 0.0672804 0.0
-0.386209 0.0721962 0.0
-0.378283 0.0766999 0.0
-0.36991 0.0807679 0.0
-0.36111 0.0843808 0.0
-0.351903 0.0875238 0.0
-0.342306 0.0901863 0.0
-0.332338 0.0923623 0.0
-0.322016 0.0940498 0.0
-0.311358 0.0952504 0.0
-0.30038 0.0959697 0.0
-0.289099 0.0962165 0.0
-0.277529 0.0960028 0.0
-0.265688 0.0953436 0.0
-0.253591 0.0942564 0.0
-0.241254 0.092761 0.0
-0.228694 0.0908796 0.0
-0.215927 0.0886361 0.0
-0.202971 0.0860558 0.0
-0.189845 0.0831653 0.0
-0.176568 0.0799923 0.0
-0.163161 0.0765649 0.0
-0.149645 0.0729121 0.0
-0.136045 0.069063 0.0
-0.122384 0.0650469 0.0
-0.108688 0.0608929 0.0
-0.0949838 0.05663 0.0
-0.0812995 0.0522866 0.0
-0.0676638 0.0478904 0.0
-0.0541058 0.0434682 0.0
-0.0406556 0.0390459 0.0
-0.0273432 0.034648 0.0
-0.0141988 0.0302979 0.0
-0.00125232 0.0260168 0.0
0.0114687 0.0218229 0.0
0.0239392 0.0177322 0.0
0.0361334 0.0137589 0.0
0.0480272 0.00991422 0.0
0.0595997 0.00621168 0.0
0.0708303 0.00266636 0.0
0.0816938 -0.000709474 0.0
0.0921565 -0.00390535 0.0
0.102185 -0.0069112 0.0
0.111754 -0.00971544 0.0
0.120849 -0.0123051 0.0
0.129456 -0.0146749 0.0
0.137564 -0.0168171 0.0
0.145163 -0.0187229 0.0
0.152246 -0.0203835 0.0
0.158805 -0.0217872 0.0
0.164831 -0.0229189 0.0
0.170319 -0.0237586 0.0
0.175259 -0.0242786 0.0
0.179645 -0.0244411 0.0
0.183469 -0.0241938 0.0
0.186723 -0.0234651 0.0
0.189399 -0.022161 0.0
0.191492 -0.0201714 0.0
0.192997 -0.0174167 0.0
0.193914 -0.0140209 0.0
0.194286 -0.0108417 0.0
0.999941 0.000449766 0.0
0.999703 0.00134046 0.0
0.999227 0.00222335 0.0
0.998511 0.00309953 0.0
0.997552 0.00397015 0.0
0.996347 0.00483645 0.0
0.994891 0.00569975 0.0
0.993179 0.00656154 0.0
0.991202 0.00742341 0.0
0.988954 0.00828717 0.0
0.986425 0.00915484 0.0
0.983602 0.0100287 0.0
0.980474 0.0109113 0.0
0.977026 0.0118056 0.0
0.97324 0.012715 0.0
0.969097 0.0136433 0.0
0.964576 0.014595 0.0
0.959649 0.0155754 0.0
0.954289 0.0165906 0.0
0.948462 0.0176477 0.0
0.942128 0.0187552 0.0
0.935243 0.0199234 0.0
0.927755 0.0211642 0.0
0.919604 0.0224924 0.0
0.910719 0.0239256 0.0
0.901016 0.0254857 0.0
0.890395 0.0271996 0.0
0.87874 0.0291009 0.0
0.865909 0.0312319 0.0
0.851729 0.0336465 0.0
0.835991 0.0364144 0.0
0.818436 0.0396264 0.0
0.79874 0.0434032 0.0
0.776496 0.0479073 0.0
0.751181 0.053362 0.0
0.722119 0.0600794 0.0
0.68842 0.0685048 0.0
0.648888 0.0792851 0.0
0.601893 0.0933772 0.0
0.545139 0.112204 0.0
0.475254 0.137822 0.0
0.386942 0.172676 0.0
0.271579 0.21601 0.0
0.121276 0.237199 0.0
0.0183778 0 0.0
0 0 0.0
0 0 0.0
0 0 0.0
0 0 0.0
0 0 0.0
0 0 0.0
0 0 0.0
0 0 0.0
0 0 0.0
0 0 0.0
-0.000429112 0 0.0
-0.0111695 0.0286882 0.0
-0.0314087 0.0337194 0.0
-0.0498805 0.031857 0.0
-0.0656516 0.0286554 0.0
-0.0789815 0.0258404 0.0
-0.0902632 0.0238277 0.0
-0.0998762 0.0226086 0.0
-0.108149 0.0220578 0.0
-0.115351 0.0220384 0.0
-0.121699 0.0224317 0.0
-0.127362 0.0231385 0.0
-0.132474 0.0240768 0.0
-0.137143 0.0251771 0.0
-0.141456 0.0263791 0.0
-0.145484 0.0276297 0.0
-0.149286 0.0288806 0.0
-0.152914 0.0300883 0.0
-0.15641 0.0312129 0.0
-0.159812 0.032218 0.0
-0.163153 0.0330707 0.0
-0.166464 0.0337412 0.0
-0.169771 0.0342032 0.0
-0.173098 0.0344337 0.0
-0.176467 0.0344131 0.0
-0.179899 0.0341252 0.0
-0.183413 0.0335572 0.0
-0.187024 0.0326996 0.0
-0.19075 0.0315463 0.0
-0.194604 0.0300948 0.0
-0.198599 0.0283458 0.0
-0.202748 0.0263031 0.0
-0.207061 0.0239741 0.0
-0.211549 0.0213695 0.0
-0.216219 0.0185031 0.0
-0.221079 0.015392 0.0
-0.226134 0.0120564 0.0
-0.23139 0.00851983 0.0
-0.236849 0.00480787 0.0
-0.24251 0.000950597 0.0
-0.248379 -0.00302655 0.0
-0.254465 -0.00709613 0.0
-0.260776 -0.0112311 0.0
-0.267308 -0.0153965 0.0
-0.274056 -0.0195557 0.0
-0.28101 -0.0236706 0.0
-0.28816 -0.0277023 0.0
-0.29549 -0.0316113 0.0
-0.302984 -0.0353582 0.0
-0.310621 -0.0389038 0.0
-0.318379 -0.0422097 0.0
-0.32623 -0.0452385 0.0
-0.334145 -0.0479543 0.0
-0.342093 -0.0503231 0.0
-0.350038 -0.0523131 0.0
-0.357943 -0.0538954 0.0
-0.36577 -0.055044 0.0
-0.373475 -0.0557364 0.0
-0.381017 -0.0559539 0.0
-0.388351 -0.0556823 0.0
-0.395433 -0.0549113 0.0
-0.402217 -0.0536358 0.0
-0.408657 -0.0518553 0.0
-0.414711 -0.0495746 0.0
-0.420334 -0.0468034 0.0
-0.425483 -0.0435567 0.0
-0.43012 -0.0398546 0.0
-0.434207 -0.0357219 0.0
-0.437709 -0.0311882 0.0
-0.440594 -0.0262874 0.0
-0.442835 -0.0210571 0.0
-0.444409 -0.0155383 0.0
-0.445297 -0.00977453 0.0
-0.445485 -0.00381048 0.0
-0.444966 0.00230955 0.0
-0.44374 0.00852677 0.0
-0.441816 0.0147807 0.0
-0.439206 0.0210158 0.0
-0.435919 0.0271786 0.0
-0.431967 0.0332185 0.0
-0.427361 0.0390869 0.0
-0.422115 0.0447383 0.0
-0.416243 0.0501303 0.0
-0.40976 0.0552238 0.0
-0.402682 0.0599833 0.0
-0.395026 0.064377 0.0
-0.386811 0.0683775 0.0
-0.378054 0.0719611 0.0
-0.368775 0.0751088 0.0
-0.358992 0.0778056 0.0
-0.348726 0.0800411 0.0
-0.337995 0.081809 0.0
-0.326821 0.083107 0.0
-0.315222 0.0839368 0.0
-0.303221 0.0843039 0.0
-0.290838 0.0842172 0.0
-0.278094 0.0836888 0.0
-0.265011 0.082734 0.0
-0.251613 0.0813708 0.0
-0.237923 0.0796198 0.0
-0.223966 0.0775035 0.0
-0.209768 0.0750469 0.0
-0.195355 0.0722762 0.0
-0.180755 0.0692192 0.0
-0.165998 0.0659044 0.0
-0.151114 0.0623615 0.0
-0.136135 0.0586204 0.0
-0.121092 0.0547117 0.0
-0.10602 0.0506654 0.0
-0.0909532 0.0465116 0.0
-0.0759261 0.0422802 0.0
-0.0609743 0.0380004 0.0
-0.0461335 0.0337001 0.0
-0.0314384 0.0294056 0.0
-0.0169239 0.0251437 0.0
-0.00262484 0.0209388 0.0
0.0114253 0.0168125 0.0
0.0251979 0.0127832 0.0
0.0386685 0.0088649 0.0
0.0518131 0.00507508 0.0
0.0646057 0.00142919 0.0
0.077015 -0.00205914 0.0
0.089005 -0.00537755 0.0
0.100544 -0.00851445 0.0
0.11161 -0.0114574 0.0
0.122183 -0.0141938 0.0
0.132251 -0.0167188 0.0
0.141799 -0.0190257 0.0
0.150818 -0.0211073 0.0
0.159296 -0.0229582 0.0
0.167227 -0.0245722 0.0
0.174602 -0.0259422 0.0
0.181414 -0.0270595 0.0
0.187657 -0.0279131 0.0
0.193326 -0.0284884 0.0
0.198415 -0.0287656 0.0
0.20292 -0.0287177 0.0
0.20684 -0.0283078 0.0
0.210175 -0.0274855 0.0
0.21293 -0.0261823 0.0
0.215119 -0.0243093 0.0
0.216766 -0.0217631 0.0
0.217908 -0.0184715 0.0
0.218591 -0.0145665 0.0
0.218877 -0.0109535 0.0
0.999941 0.000568034 0.0
0.999705 0.00169551 0.0
0.999233 0.00281636 0.0
0.998523 0.00393261 0.0
0.997573 0.00504636 0.0
0.996378 0.00615985 0.0
0.994935 0.00727547 0.0
0.993238 0.0083958 0.0
0.991279 0.00952369 0.0
0.989052 0.0106622 0.0
0.986547 0.0118149 0.0
0.983752 0.0129855 0.0
0.980656 0.0141784 0.0
0.977245 0.0153986 0.0
0.973501 0.0166517 0.0
0.969406 0.017944 0.0
0.964939 0.0192831 0.0
0.960075 0.0206774 0.0
0.954786 0.022137 0.0
0.949042 0.0236737 0.0
0.942803 0.0253012 0.0
0.93603 0.027036 0.0
0.928671 0.0288976 0.0
0.920672 0.0309096 0.0
0.911965 0.0331006 0.0
0.902474 0.0355053 0.0
0.892108 0.0381667 0.0
0.880758 0.041138 0.0
0.868299 0.044486 0.0
0.854576 0.0482952 0.0
0.839405 0.0526742 0.0
0.822564 0.0577636 0.0
0.803777 0.0637481 0.0
0.78271 0.070874 0.0
0.758945 0.0794749 0.0
0.731964 0.0900098 0.0
0.701117 0.10312 0.0
0.665598 0.11972 0.0
0.624409 0.141127 0.0
0.57635 0.169266 0.0
0.520106 0.206889 0.0
0.454642 0.257385 0.0
0.380551 0.320757 0.0
0.2996 0.363707 0.0
0.128806 0.135803 0.0
0 0 0.0
0 0 0.0
0 0 0.0
0 0 0.0
0 0 0.0
0 0 0.0
0 0 0.0
0 0 0.0
0 0 0.0
0 0 0.0
-0.0131428 0.0141357 0.0
-0.031722 0.0444358 0.0
-0.0424551 0.0489441 0.0
-0.0531069 0.0457559 0.0
-0.0635504 0.040971 0.0
-0.0733042 0.0366086 0.0
-0.0821787 0.0332156 0.0
-0.090165 0.03082 0.0
-0.0973349 0.029289 0.0
-0.103787 0.0284619 0.0
-0.109623 0.0281918 0.0
-0.114937 0.0283548 0.0
-0.119812 0.0288478 0.0
-0.124321 0.0295845 0.0
-0.128528 0.0304914 0.0
-0.132487 0.0315046 0.0
-0.136247 0.0325676 0.0
-0.139848 0.0336303 0.0
-0.143328 0.0346473 0.0
-0.146721 0.0355781 0.0
-0.150055 0.036386 0.0
-0.153357 0.0370385 0.0
-0.156651 0.0375067 0.0
-0.159959 0.0377653 0.0
-0.163301 0.037793 0.0
-0.166695 0.0375717 0.0
-0.170159 0.0370873 0.0
-0.173707 0.036329 0.0
-0.177354 0.0352895 0.0
-0.181113 0.0339651 0.0
-0.184998 0.0323555 0.0
-0.18902 0.0304638 0.0
-0.193189 0.0282963 0.0
-0.197517 0.0258627 0.0
-0.202013 0.0231758 0.0
-0.206685 0.0202516 0.0
-0.211542 0.0171091 0.0
-0.216589 0.0137702 0.0
-0.221832 0.0102593 0.0
-0.227275 0.00660357 0.0
-0.23292 0.00283332 0.0
-0.238766 -0.00102268 0.0
-0.244823 -0.00493688 0.0
-0.251101 -0.00888148 0.0
-0.257599 -0.0128251 0.0
-0.264313 -0.0167326 0.0
-0.271236 -0.020568 0.0
-0.278356 -0.0242948 0.0
-0.28566 -0.0278765 0.0
-0.293131 -0.031277 0.0
-0.300749 -0.034461 0.0
-0.308491 -0.0373943 0.0
-0.316331 -0.0400439 0.0
-0.324238 -0.0423788 0.0
-0.33218 -0.0443702 0.0
-0.340121 -0.0459914 0.0
-0.348024 -0.047219 0.0
-0.355848 -0.0480324 0.0
-0.363549 -0.0484146 0.0
-0.371084 -0.0483524 0.0
-0.378407 -0.0478367 0.0
-0.385471 -0.0468625 0.0
-0.392229 -0.0454293 0.0
-0.398635 -0.0435414 0.0
-0.404641 -0.0412075 0.0
-0.410203 -0.0384411 0.0
-0.415276 -0.0352603 0.0
-0.419818 -0.0316875 0.0
-0.42379 -0.0277494 0.0
-0.427154 -0.0234766 0.0
-0.429878 -0.0189028 0.0
-0.431932 -0.0140649 0.0
-0.433291 -0.00900143 0.0
-0.433933 -0.00375217 0.0
-0.433844 0.00164256 0.0
-0.433014 0.0071379 0.0
-0.431444 0.0126756 0.0
-0.429134 0.0182007 0.0
-0.426088 0.0236611 0.0
-0.422312 0.0290074 0.0
-0.417812 0.0341925 0.0
-0.412598 0.0391725 0.0
-0.40668 0.0439063 0.0
-0.400072 0.0483561 0.0
-0.392786 0.0524876 0.0
-0.384839 0.0562704 0.0
-0.376248 0.0596778 0.0
-0.367031 0.0626872 0.0
-0.357208 0.0652803 0.0
-0.3468 0.0674429 0.0
-0.335828 0.0691653 0.0
-0.324315 0.0704417 0.0
-0.312286 0.0712706 0.0
-0.299766 0.0716543 0.0
-0.28678 0.071599 0.0
-0.273355 0.0711144 0.0
-0.259521 0.0702136 0.0
-0.245307 0.0689127 0.0
-0.230744 0.0672309 0.0
-0.215864 0.0651896 0.0
-0.2007 0.0628128 0.0
-0.185287 0.0601264 0.0
-0.169661 0.0571579 0.0
-0.153859 0.053936 0.0
-0.137919 0.0504906 0.0
-0.12188 0.0468521 0.0
-0.105781 0.0430515 0.0
-0.0896634 0.03912 0.0
-0.0735667 0.0350885 0.0
-0.0575317 0.0309866 0.0
-0.041598 0.0268444 0.0
-0.0258057 0.0226921 0.0
-0.0101954 0.0185572 0.0
0.00519398 0.014464 0.0
0.0203295 0.0104352 0.0
0.0351824 0.0064954 0.0
0.0497237 0.00266453 0.0
0.0639219 -0.00103976 0.0
0.0777409 -0.00460182 0.0
0.0911457 -0.00800751 0.0
0.104108 -0.0112429 0.0
0.116604 -0.0142927 0.0
0.128616 -0.0171461 0.0
0.140127 -0.0197963 0.0
0.151121 -0.0222349 0.0
0.161586 -0.0244543 0.0
0.171509 -0.0264495 0.0
0.180881 -0.0282155 0.0
0.189692 -0.0297471 0.0
0.197935 -0.0310394 0.0
0.2056 -0.0320873 0.0
0.212683 -0.0328842 0.0
0.219175 -0.0334224 0.0
0.225073 -0.0336914 0.0
0.230372 -0.0336776 0.0
0.235069 -0.0333624 0.0
0.239164 -0.0327207 0.0
0.242658 -0.0317189 0.0
0.24556 -0.0303113 0.0
0.247886 -0.0284378 0.0
0.249665 -0.0260216 0.0
0.250943 -0.022976 0.0
0.251788 -0.0192454 0.0
0.252281 -0.0149686 0.0
0.252498 -0.0110543 0.0
0.999942 0.000685074 0.0
0.999709 0.00204687 0.0
0.999243 0.00340318 0.0
0.998542 0.0047569 0.0
0.997603 0.00611109 0.0
0.996424 0.00746894 0.0
0.995 0.00883386 0.0
0.993325 0.0102095 0.0
0.991393 0.0115999 0.0
0.989197 0.0130093 0.0
0.986728 0.0144427 0.0
0.983975 0.0159054 0.0
0.980926 0.0174033 0.0
0.977568 0.0189434 0.0
0.973885 0.0205333 0.0
0.969861 0.0221819 0.0
0.965474 0.0238992 0.0
0.960702 0.025697 0.0
0.955519 0.0275888 0.0
0.949895 0.0295906 0.0
0.943796 0.031721 0.0
0.937184 0.0340021 0.0
0.930014 0.03646 0.0
0.922234 0.0391263 0.0
0.913786 0.0420388 0.0
0.904601 0.0452437 0.0
0.894598 0.0487972 0.0
0.883686 0.052769 0.0
0.871755 0.0572457 0.0
0.858677 0.0623362 0.0
0.844302 0.0681788 0.0
0.828452 0.0749509 0.0
0.810917 0.0828822 0.0
0.791449 0.0922748 0.0
0.769759 0.103529 0.0
0.745512 0.117184 0.0
0.718333 0.133971 0.0
0.687825 0.154896 0.0
0.653622 0.181344 0.0
0.615517 0.215213 0.0
0.573737 0.258966 0.0
0.529473 0.315037 0.0
0.48522 0.381448 0.0
0.439395 0.429792 0.0
0.345137 0.341765 0.0
0.137488 0.136138 0.0
0 0 0.0
0 0 0.0
0 0 0.0
0 0 0.0
0 0 0.0
0 0 0.0
0 0 0.0
0 0 0.0
-0.0125029 0.0134977 0.0
-0.0323049 0.0355706 0.0
-0.0419523 0.0522205 0.0
-0.0461347 0.0560751 0.0
-0.050357 0.053499 0.0
-0.0556032 0.0489176 0.0
-0.0615381 0.0443507 0.0
-0.0677198 0.0405296 0.0
-0.0738453 0.0376179 0.0
-0.0797454 0.0355612 0.0
-0.0853414 0.034238 0.0
-0.0906088 0.033519 0.0
-0.0955536 0.0332861 0.0
-0.100198 0.033436 0.0
-0.104572 0.0338796 0.0
-0.108708 0.0345395 0.0
-0.11264 0.0353477 0.0
-0.1164 0.0362439 0.0
-0.120019 0.0371742 0.0
-0.123525 0.0380901 0.0
-0.126946 0.0389482 0.0
-0.130305 0.0397091 0.0
-0.133626 0.0403381 0.0
-0.136929 0.040804 0.0
-0.140233 0.04108 0.0
-0.143555 0.0411429 0.0
-0.146912 0.0409734 0.0
-0.150319 0.040556 0.0
-0.15379 0.0398788 0.0
-0.157337 0.0389338 0.0
-0.160973 0.0377163 0.0
-0.164709 0.0362253 0.0
-0.168556 0.0344633 0.0
-0.172526 0.0324362 0.0
-0.176628 0.030153 0.0
-0.180873 0.0276259 0.0
-0.185269 0.0248703 0.0
-0.189827 0.0219043 0.0
-0.194553 0.0187487 0.0
-0.199456 0.015427 0.0
-0.204543 0.0119649 0.0
-0.209817 0.00839035 0.0
-0.215282 0.00473236 0.0
-0.22094 0.00102324 0.0
-0.226795 -0.00270959 0.0
-0.232856 -0.00643758 0.0
-0.239129 -0.0101332 0.0
-0.24561 -0.0137636 0.0
-0.252293 -0.0172956 0.0
-0.259169 -0.0206959 0.0
-0.266224 -0.0239314 0.0
-0.273442 -0.0269703 0.0
-0.280804 -0.0297814 0.0
-0.288286 -0.0323353 0.0
-0.295862 -0.0346042 0.0
-0.303503 -0.0365623 0.0
-0.311174 -0.0381862 0.0
-0.318841 -0.0394549 0.0
-0.326464 -0.0403504 0.0
-0.334001 -0.0408579 0.0
-0.341409 -0.0409658 0.0
-0.348643 -0.0406665 0.0
-0.355656 -0.0399558 0.0
-0.3624 -0.0388338 0.0
-0.368826 -0.0373047 0.0
-0.374887 -0.0353767 0.0
-0.380535 -0.0330623 0.0
-0.385723 -0.0303781 0.0
-0.390406 -0.0273446 0.0
-0.394541 -0.0239859 0.0
-0.398087 -0.0203297 0.0
-0.401006 -0.0164065 0.0
-0.403264 -0.0122491 0.0
-0.404831 -0.00789217 0.0
-0.405679 -0.00337078 0.0
-0.405786 0.00127917 0.0
-0.405136 0.00602156 0.0
-0.403717 0.0108026 0.0
-0.401524 0.0155699 0.0
-0.398551 0.0202737 0.0
-0.3948 0.024867 0.0
-0.390272 0.0293051 0.0
-0.384972 0.0335462 0.0
-0.378908 0.0375514 0.0
-0.372091 0.0412851 0.0
-0.364533 0.044715 0.0
-0.356249 0.0478124 0.0
-0.347257 0.0505524 0.0
-0.337575 0.0529142 0.0
-0.327226 0.0548809 0.0
-0.316232 0.0564401 0.0
-0.304619 0.0575832 0.0
-0.292414 0.0583062 0.0
-0.279646 0.0586087 0.0
-0.266345 0.0584947 0.0
-0.252544 0.0579714 0.0
-0.238276 0.0570501 0.0
-0.223578 0.0557453 0.0
-0.208485 0.0540746 0.0
-0.193038 0.0520583 0.0
-0.177276 0.0497194 0.0
-0.161239 0.0470827 0.0
-0.144971 0.0441755 0.0
-0.128515 0.0410265 0.0
-0.111914 0.0376652 0.0
-0.0952146 0.0341219 0.0
-0.0784601 0.0304272 0.0
-0.0616956 0.0266131 0.0
-0.0449661 0.0227109 0.0
-0.0283169 0.0187516 0.0
-0.0117919 0.0147635 0.0
0.00456743 0.0107746 0.0
0.0207227 0.00681428 0.0
0.0366382 0.00290917 0.0
0.0522781 -0.00091723 0.0
0.0676028 -0.00464382 0.0
0.0825747 -0.00825042 0.0
0.0971628 -0.0117189 0.0
0.11134 -0.0150316 0.0
0.125083 -0.0181721 0.0
0.138372 -0.0211305 0.0
0.151186 -0.023896 0.0
0.163508 -0.026458 0.0
0.175323 -0.028808 0.0
0.186617 -0.0309395 0.0
0.197377 -0.0328463 0.0
0.207593 -0.034523 0.0
0.217254 -0.0359651 0.0
0.226351 -0.0371686 0.0
0.234875 -0.0381295 0.0
0.242819 -0.0388436 0.0
0.250177 -0.0393064 0.0
0.256942 -0.0395124 0.0
0.263109 -0.0394543 0.0
0.268675 -0.039123 0.0
0.273636 -0.0385059 0.0
0.277991 -0.0375866 0.0
0.281743 -0.0363431 0.0
0.284899 -0.0347463 0.0
0.287471 -0.0327579 0.0
0.289483 -0.0303291 0.0
0.290973 -0.0273995 0.0
0.292002 -0.0239048 0.0
0.292652 -0.0198118 0.0
0.293022 -0.0152656 0.0
0.293198 -0.0111501 0.0
0.999943 0.00080042 0.0
0.999714 0.00239314 0.0
0.999256 0.00398143 0.0
0.998566 0.00556907 0.0
0.997644 0.00716 0.0
0.996485 0.00875831 0.0
0.995085 0.0103684 0.0
0.99344 0.0119949 0.0
0.991543 0.0136429 0.0
0.989388 0.015318 0.0
0.986965 0.0170263 0.0
0.984265 0.0187745 0.0
0.981278 0.0205702 0.0
0.977991 0.022422 0.0
0.974388 0.0243394 0.0
0.970455 0.0263336 0.0
0.966173 0.0284169 0.0
0.96152 0.030604 0.0
0.956473 0.0329116 0.0
0.951006 0.0353592 0.0
0.945087 0.0379697 0.0
0.938683 0.0407698 0.0
0.931754 0.0437917 0.0
0.924255 0.0470731 0.0
0.916136 0.0506596 0.0
0.907338 0.0546063 0.0
0.897795 0.05898 0.0
0.887431 0.0638626 0.0
0.876159 0.0693552 0.0
0.86388 0.0755835 0.0
0.850481 0.0827052 0.0
0.835836 0.0909199 0.0
0.819803 0.100482 0.0
0.802227 0.111719 0.0
0.782947 0.125055 0.0
0.761808 0.141044 0.0
0.738683 0.160415 0.0
0.713523 0.184121 0.0
0.686443 0.213402 0.0
0.657874 0.249828 0.0
0.628805 0.295199 0.0
0.601038 0.350837 0.0
0.57671 0.414229 0.0
0.553151 0.466395 0.0
0.503416 0.449154 0.0
0.386372 0.352091 0.0
0.153279 0.148659 0.0
0 0 0.0
0 0 0.0
0 0 0.0
0 0 0.0
0 0 0.0
0 0 0.0
-0.0120001 0.0128287 0.0
-0.0291859 0.032181 0.0
-0.0360633 0.0445614 0.0
-0.037226 0.0540397 0.0
-0.0361157 0.0573281 0.0
-0.0357946 0.0561472 0.0
-0.0371981 0.0529191 0.0
-0.0401336 0.0492196 0.0
-0.0441157 0.0458245 0.0
-0.0487005 0.0430332 0.0
-0.0535644 0.0409098 0.0
-0.0584952 0.0394161 0.0
-0.0633636 0.0384767 0.0
-0.0680972 0.0380068 0.0
-0.0726606 0.0379231 0.0
-0.0770418 0.0381475 0.0
-0.081243 0.038609 0.0
-0.0852756 0.0392428 0.0
-0.0891561 0.0399894 0.0
-0.0929033 0.0407949 0.0
-0.0965375 0.0416101 0.0
-0.100079 0.0423904 0.0
-0.103548 0.0430952 0.0
-0.106963 0.0436879 0.0
-0.110343 0.0441362 0.0
-0.113703 0.0444116 0.0
-0.117059 0.0444897 0.0
-0.120425 0.0443501 0.0
-0.123815 0.043976 0.0
-0.12724 0.0433548 0.0
-0.130713 0.0424775 0.0
-0.134243 0.041339 0.0
-0.137842 0.0399377 0.0
-0.14152 0.0382759 0.0
-0.145285 0.036359 0.0
-0.149149 0.0341959 0.0
-0.15312 0.0317986 0.0
-0.157208 0.0291821 0.0
-0.161422 0.0263642 0.0
-0.165772 0.0233652 0.0
-0.170266 0.0202078 0.0
-0.174913 0.0169169 0.0
-0.17972 0.013519 0.0
-0.184693 0.0100423 0.0
-0.189838 0.0065162 0.0
-0.195157 0.00297184 0.0
-0.200654 -0.000561611 0.0
-0.206333 -0.00405698 0.0
-0.212204 -0.0074873 0.0
-0.218268 -0.0108251 0.0
-0.224518 -0.0140402 0.0
-0.230947 -0.0171031 0.0
-0.237542 -0.0199849 0.0
-0.244289 -0.0226584 0.0
-0.251168 -0.0250973 0.0
-0.258157 -0.0272775 0.0
-0.265229 -0.0291766 0.0
-0.272355 -0.0307744 0.0
-0.279502 -0.0320533 0.0
-0.286633 -0.032998 0.0
-0.29371 -0.0335962 0.0
-0.30069 -0.0338388 0.0
-0.30753 -0.0337197 0.0
-0.314184 -0.0332363 0.0
-0.320603 -0.0323897 0.0
-0.326741 -0.0311844 0.0
-0.332549 -0.0296286 0.0
-0.337977 -0.0277343 0.0
-0.342978 -0.025517 0.0
-0.347505 -0.0229956 0.0
-0.351513 -0.0201924 0.0
-0.354958 -0.0171324 0.0
-0.357799 -0.0138431 0.0
-0.36 -0.0103542 0.0
-0.361524 -0.00669655 0.0
-0.362341 -0.00290145 0.0
-0.362423 0.000999477 0.0
-0.361747 0.00497513 0.0
-0.360294 0.00897693 0.0
-0.358049 0.0129567 0.0
-0.355002 0.0168684 0.0
-0.35115 0.0206682 0.0
-0.346489 0.024315 0.0
-0.341023 0.0277699 0.0
-0.334756 0.030997 0.0
-0.327697 0.0339636 0.0
-0.319858 0.0366401 0.0
-0.311255 0.0390006 0.0
-0.301906 0.0410227 0.0
-0.291832 0.0426879 0.0
-0.281056 0.0439819 0.0
-0.269604 0.0448941 0.0
-0.257507 0.0454186 0.0
-0.244794 0.0455532 0.0
-0.2315 0.0452997 0.0
-0.217661 0.0446639 0.0
-0.203315 0.0436548 0.0
-0.188501 0.0422854 0.0
-0.173262 0.0405718 0.0
-0.15764 0.0385335 0.0
-0.14168 0.0361922 0.0
-0.125428 0.0335717 0.0
-0.108932 0.0306978 0.0
-0.0922384 0.0275986 0.0
-0.0753953 0.024304 0.0
-0.058452 0.020844 0.0
-0.0414574 0.0172488 0.0
-0.0244589 0.0135473 0.0
-0.00750264 0.00977218 0.0
0.00936536 0.00595436 0.0
0.0261013 0.00212307 0.0
0.0426616 -0.00169327 0.0
0.0590015 -0.00546797 0.0
0.07508 -0.00917684 0.0
0.0908609 -0.0127961 0.0
0.106312 -0.0163031 0.0
0.121406 -0.0196764 0.0
0.136117 -0.0229006 0.0
0.150421 -0.0259606 0.0
0.164295 -0.0288417 0.0
0.177721 -0.0315314 0.0
0.190681 -0.0340198 0.0
0.203158 -0.0362978 0.0
0.215137 -0.0383572 0.0
0.226604 -0.0401912 0.0
0.237548 -0.0417941 0.0
0.247957 -0.0431612 0.0
0.257821 -0.0442881 0.0
0.267132 -0.0451715 0.0
0.275881 -0.0458081 0.0
0.284062 -0.0461947 0.0
0.291667 -0.0463281 0.0
0.298692 -0.0462045 0.0
0.305132 -0.0458189 0.0
0.310982 -0.0451655 0.0
0.316241 -0.044236 0.0
0.320907 -0.0430198 0.0
0.324981 -0.0415029 0.0
0.328469 -0.039667 0.0
0.33138 -0.0374887 0.0
0.333731 -0.0349382 0.0
0.335549 -0.031979 0.0
0.336878 -0.0285688 0.0
0.33778 -0.0246662 0.0
0.338342 -0.0202619 0.0
0.338662 -0.0155066 0.0
0.338824 -0.0112467 0.0
0.999944 0.000913625 0.0
0.99972 0.00273296 0.0
0.999271 0.00454887 0.0
0.998596 0.00636594 0.0
0.997693 0.00818893 0.0
0.996558 0.0100228 0.0
0.995189 0.0118728 0.0
0.99358 0.0137446 0.0
0.991726 0.0156442 0.0
0.98962 0.0175783 0.0
0.987255 0.0195541 0.0
0.984621 0.0215798 0.0
0.981709 0.0236642 0.0
0.978507 0.0258175 0.0
0.975002 0.028051 0.0
0.97118 0.0303775 0.0
0.967023 0.0328119 0.0
0.962514 0.0353708 0.0
0.957632 0.0380739 0.0
0.952353 0.0409437 0.0
0.94665 0.0440064 0.0
0.940495 0.0472929 0.0
0.933853 0.0508394 0.0
0.926688 0.054689 0.0
0.918958 0.0588929 0.0
0.910616 0.0635125 0.0
0.901611 0.068622 0.0
0.891884 0.0743113 0.0
0.881373 0.0806899 0.0
0.870007 0.087893 0.0
0.857715 0.0960872 0.0
0.844418 0.10548 0.0
0.830042 0.116331 0.0
0.814519 0.128967 0.0
0.797805 0.1438 0.0
0.779892 0.161351 0.0
0.760852 0.182274 0.0
0.740887 0.207388 0.0
0.720412 0.23769 0.0
0.700188 0.274334 0.0
0.681466 0.318485 0.0
0.666045 0.370739 0.0
0.655664 0.429036 0.0
0.648581 0.48223 0.0
0.630292 0.501343 0.0
0.575683 0.471555 0.0
0.454308 0.379044 0.0
0.186291 0.170022 0.0
0 0.0331929 0.0
0 0.00346085 0.0
0 0.00169292 0.0
0 0.00166691 0.0
-0.00569813 0.00561993 0.0
-0.0115044 0.0257656 0.0
-0.0110739 0.036828 0.0
-0.00949534 0.0452133 0.0
-0.00691008 0.0519653 0.0
-0.00411503 0.0554972 0.0
-0.00245303 0.0559949 0.0
-0.00255603 0.0545778 0.0
-0.00435885 0.0522992 0.0
-0.0074849 0.0498531 0.0
-0.0115129 0.0476175 0.0
-0.016088 0.0457647 0.0
-0.0209464 0.0443505 0.0
-0.0259051 0.0433694 0.0
-0.0308446 0.0427873 0.0
-0.0356912 0.0425527 0.0
-0.040402 0.0426099 0.0
-0.0449564 0.0429023 0.0
-0.0493488 0.0433745 0.0
-0.0535832 0.0439725 0.0
-0.0576699 0.0446457 0.0
-0.0616231 0.0453467 0.0
-0.065459 0.0460314 0.0
-0.0691947 0.0466589 0.0
-0.0728475 0.0471921 0.0
-0.0764335 0.0475974 0.0
-0.0799685 0.0478453 0.0
-0.0834669 0.0479104 0.0
-0.0869422 0.047771 0.0
-0.090407 0.0474096 0.0
-0.0938727 0.0468124 0.0
-0.0973498 0.0459697 0.0
-0.100848 0.0448758 0.0
-0.104377 0.0435288 0.0
-0.107945 0.0419305 0.0
-0.111562 0.0400864 0.0
-0.115235 0.0380052 0.0
-0.118974 0.0356989 0.0
-0.122786 0.0331824 0.0
-0.126682 0.0304736 0.0
-0.130669 0.0275928 0.0
-0.134757 0.0245625 0.0
-0.138955 0.021407 0.0
-0.143272 0.0181522 0.0
-0.147715 0.0148255 0.0
-0.152292 0.0114553 0.0
-0.157011 0.00807049 0.0
-0.161875 0.00469993 0.0
-0.166888 0.00137408 0.0
-0.172054 -0.00188129 0.0
-0.17738 -0.0050412 0.0
-0.182872 -0.008082 0.0
-0.188526 -0.0109781 0.0
-0.194336 -0.0137046 0.0
-0.20029 -0.0162372 0.0
-0.206376 -0.0185537 0.0
-0.212575 -0.0206335 0.0
-0.218866 -0.0224579 0.0
-0.225222 -0.0240104 0.0
-0.231616 -0.0252765 0.0
-0.238015 -0.0262445 0.0
-0.244383 -0.026905 0.0
-0.250681 -0.0272514 0.0
-0.256868 -0.0272801 0.0
-0.2629 -0.0269901 0.0
-0.268732 -0.026384 0.0
-0.274317 -0.0254672 0.0
-0.279607 -0.0242484 0.0
-0.284554 -0.0227393 0.0
-0.28911 -0.020955 0.0
-0.293227 -0.0189131 0.0
-0.29686 -0.0166344 0.0
-0.299964 -0.0141417 0.0
-0.302496 -0.0114601 0.0
-0.304417 -0.00861636 0.0
-0.305689 -0.00563831 0.0
-0.306278 -0.00255404 0.0
-0.306152 0.000608317 0.0
-0.305282 0.00382068 0.0
-0.303644 0.00703994 0.0
-0.301219 0.0102231 0.0
-0.297992 0.0133289 0.0
-0.293955 0.0163179 0.0
-0.289103 0.0191527 0.0
-0.283436 0.0217985 0.0
-0.276958 0.0242232 0.0
-0.269676 0.0263975 0.0
-0.261604 0.0282956 0.0
-0.252757 0.0298948 0.0
-0.243154 0.031176 0.0
-0.232818 0.0321238 0.0
-0.221774 0.0327265 0.0
-0.210053 0.0329766 0.0
-0.197685 0.0328709 0.0
-0.184707 0.0324097 0.0
-0.171155 0.0315976 0.0
-0.15707 0.0304423 0.0
-0.142495 0.0289549 0.0
-0.127473 0.0271495 0.0
-0.112049 0.0250445 0.0
-0.0962715 0.022661 0.0
-0.080189 0.0200224 0.0
-0.0638521 0.0171532 0.0
-0.0473104 0.0140784 0.0
-0.0306129 0.0108266 0.0
-0.0138091 0.00742901 0.0
0.00305094 0.00391567 0.0
0.0199174 0.000316162 0.0
0.0367387 -0.00333998 0.0
0.053465 -0.007023 0.0
0.0700513 -0.0107048 0.0
0.0864566 -0.0143589 0.0
0.102643 -0.0179577 0.0
0.118576 -0.0214766 0.0
0.134224 -0.024895 0.0
0.149558 -0.0281923 0.0
0.164548 -0.031349 0.0
0.179172 -0.0343477 0.0
0.193405 -0.0371735 0.0
0.207226 -0.0398131 0.0
0.220617 -0.0422543 0.0
0.233559 -0.0444866 0.0
0.246035 -0.0465011 0.0
0.258032 -0.0482903 0.0
0.269536 -0.0498476 0.0
0.280536 -0.0511675 0.0
0.29102 -0.0522454 0.0
0.300979 -0.0530778 0.0
0.310405 -0.0536616 0.0
0.31929 -0.053994 0.0
0.327628 -0.0540729 0.0
0.335413 -0.0538958 0.0
0.342641 -0.0534602 0.0
0.349307 -0.0527633 0.0
0.355408 -0.051801 0.0
0.360942 -0.0505684 0.0
0.36591 -0.0490588 0.0
0.37031 -0.0472636 0.0
0.374148 -0.0451716 0.0
0.377431 -0.0427685 0.0
0.380169 -0.0400368 0.0
0.382384 -0.0369552 0.0
0.384102 -0.0334992 0.0
0.385368 -0.029643 0.0
0.38624 -0.0253662 0.0
0.386797 -0.0206799 0.0
0.387126 -0.0157384 0.0
0.387297 -0.0113487 0.0
0.999945 0.00102427 0.0
0.999727 0.00306509 0.0
0.999289 0.0051034 0.0
0.998631 0.00714453 0.0
0.99775 0.00919399 0.0
0.996645 0.0112575 0.0
0.995311 0.0133413 0.0
0.993744 0.0154516 0.0
0.99194 0.0175957 0.0
0.989892 0.0197809 0.0
0.987593 0.0220157 0.0
0.985036 0.0243093 0.0
0.982211 0.0266718 0.0
0.979108 0.0291146 0.0
0.975716 0.0316506 0.0
0.972022 0.0342942 0.0
0.968012 0.037062 0.0
0.963669 0.0399726 0.0
0.958975 0.0430479 0.0
0.953912 0.0463126 0.0
0.948456 0.0497958 0.0
0.942584 0.0535312 0.0
0.936268 0.0575581 0.0
0.92948 0.0619232 0.0
0.922188 0.0666813 0.0
0.914356 0.0718977 0.0
0.905948 0.0776506 0.0
0.896924 0.0840334 0.0
0.887244 0.0911592 0.0
0.876868 0.0991649 0.0
0.865759 0.108217 0.0
0.853887 0.118519 0.0
0.841235 0.13032 0.0
0.827811 0.143925 0.0
0.813662 0.159707 0.0
0.798896 0.178122 0.0
0.78372 0.199717 0.0
0.768492 0.225139 0.0
0.753785 0.25512 0.0
0.740479 0.290433 0.0
0.729844 0.331743 0.0
0.723528 0.379217 0.0
0.723115 0.431351 0.0
0.728268 0.481845 0.0
0.732525 0.51576 0.0
0.723864 0.520407 0.0
0.69057 0.484861 0.0
0.622071 0.384452 0.0
0.488884 0.155165 0.0
0.334854 0.0721725 0.0
0.229227 0.0437618 0.0
0.162357 0.0298273 0.0
0.11891 0.028194 0.0
0.0928084 0.035021 0.0
0.0783941 0.0415562 0.0
0.0699655 0.0473352 0.0
0.0649516 0.052272 0.0
0.0617891 0.0555579 0.0
0.059111 0.0569504 0.0
0.0560163 0.05682 0.0
0.052139 0.0557371 0.0
0.0474757 0.0542045 0.0
0.0421925 0.0525772 0.0
0.0364994 0.0510732 0.0
0.0305892 0.0498105 0.0
0.0246159 0.0488414 0.0
0.0186931 0.0481777 0.0
0.0128987 0.0478032 0.0
0.00728111 0.0476877 0.0
0.00186723 0.0477928 0.0
-0.00333174 0.0480754 0.0
-0.00831652 0.0484908 0.0
-0.0130962 0.0489938 0.0
-0.0176847 0.0495403 0.0
-0.0220991 0.050088 0.0
-0.0263578 0.0505967 0.0
-0.0304795 0.0510287 0.0
-0.0344825 0.0513498 0.0
-0.0383841 0.0515295 0.0
-0.0422009 0.0515413 0.0
-0.0459479 0.0513624 0.0
-0.0496389 0.050974 0.0
-0.0532865 0.0503612 0.0
-0.0569018 0.0495133 0.0
-0.060495 0.0484237 0.0
-0.0640754 0.0470901 0.0
-0.0676514 0.0455137 0.0
-0.0712312 0.0436996 0.0
-0.0748225 0.0416565 0.0
-0.0784325 0.0393962 0.0
-0.0820689 0.036934 0.0
-0.0857392 0.0342878 0.0
-0.0894514 0.0314782 0.0
-0.0932136 0.0285276 0.0
-0.0970343 0.0254605 0.0
-0.100922 0.0223027 0.0
-0.104885 0.0190812 0.0
-0.108931 0.0158237 0.0
-0.11307 0.0125585 0.0
-0.117307 0.00931347 0.0
-0.12165 0.00611671 0.0
-0.126104 0.00299565 0.0
-0.130671 -2.41259e-05 0.0
-0.135359 -0.00292028 0.0
-0.140173 -0.00567186 0.0
-0.145114 -0.00825949 0.0
-0.150179 -0.0106628 0.0
-0.155358 -0.0128632 0.0
-0.160639 -0.0148439 0.0
-0.166006 -0.01659 0.0
-0.171439 -0.0180885 0.0
-0.176915 -0.019329 0.0
-0.182405 -0.0203029 0.0
-0.18788 -0.0210044 0.0
-0.193304 -0.0214298 0.0
-0.19864 -0.0215781 0.0
-0.203849 -0.0214509 0.0
-0.208888 -0.0210523 0.0
-0.213712 -0.0203893 0.0
-0.218278 -0.0194712 0.0
-0.222537 -0.0183103 0.0
-0.226444 -0.0169214 0.0
-0.229951 -0.0153214 0.0
-0.233015 -0.0135298 0.0
-0.235589 -0.011568 0.0
-0.237632 -0.00945885 0.0
-0.239102 -0.00722686 0.0
-0.239961 -0.00489721 0.0
-0.240172 -0.00249547 0.0
-0.239701 -4.7223e-05 0.0
-0.238516 0.00242188 0.0
-0.236589 0.00487437 0.0
-0.233899 0.00727299 0.0
-0.230428 0.00958156 0.0
-0.226166 0.0117656 0.0
-0.221105 0.0137923 0.0
-0.215245 0.0156314 0.0
-0.208588 0.0172551 0.0
-0.201142 0.0186385 0.0
-0.192919 0.0197597 0.0
-0.183935 0.0206 0.0
-0.174212 0.0211442 0.0
-0.163773 0.0213803 0.0
-0.152646 0.0212996 0.0
-0.140861 0.0208977 0.0
-0.128454 0.0201745 0.0
-0.11546 0.0191336 0.0
-0.10192 0.0177821 0.0
-0.0878774 0.0161305 0.0
-0.0733775 0.0141915 0.0
-0.0584665 0.0119797 0.0
-0.0431911 0.00951545 0.0
-0.0275995 0.00682095 0.0
-0.011741 0.00392149 0.0
0.00433343 0.000842644 0.0
0.0205696 -0.00238895 0.0
0.0369119 -0.00574588 0.0
0.0533086 -0.009199 0.0
0.0697117 -0.0127194 0.0
0.0860753 -0.0162788 0.0
0.102357 -0.0198478 0.0
0.118516 -0.0234005 0.0
0.134514 -0.0269121 0.0
0.150316 -0.0303582 0.0
0.165886 -0.033715 0.0
0.181194 -0.0369608 0.0
0.196211 -0.0400761 0.0
0.210909 -0.0430426 0.0
0.225263 -0.0458434 0.0
0.23925 -0.0484634 0.0
0.252848 -0.0508892 0.0
0.266039 -0.0531092 0.0
0.278803 -0.0551132 0.0
0.291126 -0.0568922 0.0
0.302993 -0.058439 0.0
0.314391 -0.0597473 0.0
0.325308 -0.060812 0.0
0.335735 -0.0616289 0.0
0.345662 -0.0621949 0.0
0.355081 -0.0625072 0.0
0.363987 -0.0625639 0.0
0.372374 -0.0623633 0.0
0.380236 -0.0619039 0.0
0.38757 -0.0611843 0.0
0.394373 -0.0602027 0.0
0.400644 -0.0589572 0.0
0.40638 -0.0574447 0.0
0.411583 -0.0556616 0.0
0.416253 -0.0536026 0.0
0.420393 -0.0512613 0.0
0.424011 -0.0486293 0.0
0.427114 -0.0456964 0.0
0.429717 -0.0424505 0.0
0.431839 -0.0388781 0.0
0.433509 -0.0349651 0.0
0.434766 -0.0306994 0.0
0.435661 -0.026077 0.0
0.436259 -0.021124 0.0
0.43663 -0.0159941 0.0
0.436824 -0.0114585 0.0
0.999947 0.00113197 0.0
0.999735 0.00338836 0.0
0.999309 0.00564306 0.0
0.99867 0.00790209 0.0
0.997816 0.0101716 0.0
0.996743 0.0124582 0.0
0.995449 0.0147685 0.0
0.99393 0.0171098 0.0
0.992182 0.01949 0.0
0.990199 0.0219175 0.0
0.987976 0.0244015 0.0
0.985504 0.0269521 0.0
0.982777 0.0295807 0.0
0.979786 0.0322996 0.0
0.976521 0.0351229 0.0
0.97297 0.0380664 0.0
0.969123 0.041148 0.0
0.964964 0.0443879 0.0
0.960481 0.0478095 0.0
0.955656 0.0514394 0.0
0.950473 0.0553083 0.0
0.944912 0.0594518 0.0
0.938953 0.0639114 0.0
0.932575 0.0687355 0.0
0.925756 0.0739806 0.0
0.918473 0.0797137 0.0
0.910702 0.0860136 0.0
0.902423 0.0929739 0.0
0.893616 0.100706 0.0
0.884267 0.109343 0.0
0.874373 0.119043 0.0
0.863943 0.129996 0.0
0.853008 0.142429 0.0
0.841634 0.156613 0.0
0.829935 0.172867 0.0
0.818097 0.191566 0.0
0.806411 0.213136 0.0
0.795309 0.238051 0.0
0.785419 0.266805 0.0
0.777621 0.299852 0.0
0.773088 0.337493 0.0
0.773261 0.379611 0.0
0.779594 0.425036 0.0
0.792609 0.469992 0.0
0.809912 0.506054 0.0
0.825722 0.522965 0.0
0.832518 0.508801 0.0
0.818443 0.443086 0.0
0.751492 0.296669 0.0
0.639577 0.196614 0.0
0.528009 0.136515 0.0
0.432158 0.0997945 0.0
0.354407 0.079426 0.0
0.294441 0.0698556 0.0
0.249821 0.065756 0.0
0.216944 0.0644412 0.0
0.192651 0.0644732 0.0
0.174389 0.0647813 0.0
0.160075 0.0647189 0.0
0.14814 0.0640813 0.0
0.137545 0.062948 0.0
0.127692 0.0615099 0.0
0.118284 0.0599627 0.0
0.109203 0.0584621 0.0
0.10042 0.0571146 0.0
0.0919477 0.0559833 0.0
0.0838079 0.0550982 0.0
0.0760213 0.0544636 0.0
0.0686 0.0540663 0.0
0.0615463 0.0538818 0.0
0.054854 0.0538776 0.0
0.04851 0.0540173 0.0
0.0424957 0.0542612 0.0
0.0367884 0.0545686 0.0
0.0313636 0.054899 0.0
0.0261953 0.0552128 0.0
0.0212576 0.0554721 0.0
0.0165251 0.0556419 0.0
0.0119738 0.0556904 0.0
0.00758135 0.0555897 0.0
0.00332728 0.0553151 0.0
-0.00080685 0.0548464 0.0
-0.00483761 0.0541671 0.0
-0.00877987 0.053265 0.0
-0.0126468 0.0521322 0.0
-0.0164498 0.050765 0.0
-0.0201989 0.0491639 0.0
-0.0239031 0.0473333 0.0
-0.0275704 0.0452812 0.0
-0.0312077 0.0430189 0.0
-0.0348218 0.0405617 0.0
-0.0384193 0.0379279 0.0
-0.0420068 0.0351379 0.0
-0.045591 0.0322144 0.0
-0.0491788 0.0291821 0.0
-0.0527773 0.026067 0.0
-0.0563937 0.0228962 0.0
-0.0600357 0.0196974 0.0
-0.063711 0.0164985 0.0
-0.0674273 0.0133272 0.0
-0.0711919 0.0102107 0.0
-0.0750117 0.00717514 0.0
-0.0788928 0.00424498 0.0
-0.0828395 0.00144455 0.0
-0.0868559 -0.00120636 0.0
-0.0909491 -0.00369027 0.0
-0.0951239 -0.00599262 0.0
-0.0993789 -0.00809936 0.0
-0.103708 -0.00999759 0.0
-0.108101 -0.0116761 0.0
-0.112544 -0.0131259 0.0
-0.11702 -0.0143399 0.0
-0.121508 -0.0153136 0.0
-0.125983 -0.0160445 0.0
-0.130416 -0.0165324 0.0
-0.134776 -0.0167792 0.0
-0.139028 -0.0167893 0.0
-0.143134 -0.016569 0.0
-0.147055 -0.0161271 0.0
-0.150749 -0.0154743 0.0
-0.154173 -0.0146238 0.0
-0.157284 -0.0135905 0.0
-0.160037 -0.0123913 0.0
-0.162388 -0.0110448 0.0
-0.164296 -0.00957118 0.0
-0.165717 -0.00799192 0.0
-0.166611 -0.00632949 0.0
-0.16694 -0.00460703 0.0
-0.166667 -0.00284801 0.0
-0.165756 -0.00107614 0.0
-0.164175 0.000684682 0.0
-0.161893 0.00240371 0.0
-0.158889 0.00404894 0.0
-0.155144 0.00558953 0.0
-0.150645 0.00699616 0.0
-0.145385 0.00824115 0.0
-0.139361 0.0092989 0.0
-0.132577 0.0101463 0.0
-0.125039 0.0107631 0.0
-0.116759 0.0111318 0.0
-0.107753 0.0112385 0.0
-0.0980424 0.0110719 0.0
-0.087653 0.0106241 0.0
-0.0766138 0.00988939 0.0
-0.0649564 0.00886604 0.0
-0.0527155 0.00755754 0.0
-0.0399287 0.00596994 0.0
-0.0266356 0.00411287 0.0
-0.0128785 0.00199992 0.0
0.00129725 -0.000353605 0.0
0.0158409 -0.00292979 0.0
0.030699 -0.00570856 0.0
0.0458203 -0.00866793 0.0
0.0611548 -0.0117826 0.0
0.0766535 -0.0150265 0.0
0.0922691 -0.0183717 0.0
0.107956 -0.0217925 0.0
0.12367 -0.0252627 0.0
0.139367 -0.0287557 0.0
0.155006 -0.032245 0.0
0.170547 -0.0357045 0.0
0.185954 -0.03911 0.0
0.201191 -0.0424381 0.0
0.216224 -0.0456667 0.0
0.231022 -0.0487746 0.0
0.245555 -0.0517423 0.0
0.259795 -0.054552 0.0
0.273718 -0.0571874 0.0
0.287299 -0.0596338 0.0
0.300518 -0.0618781 0.0
0.313354 -0.0639089 0.0
0.32579 -0.065716 0.0
0.33781 -0.0672912 0.0
0.3494 -0.0686272 0.0
0.360547 -0.0697182 0.0
0.371241 -0.0705595 0.0
0.381472 -0.0711474 0.0
0.391231 -0.071479 0.0
0.400511 -0.0715524 0.0
0.409308 -0.0713659 0.0
0.417615 -0.0709187 0.0
0.425431 -0.0702101 0.0
0.432751 -0.0692395 0.0
0.439574 -0.0680063 0.0
0.4459 -0.0665098 0.0
0.451728 -0.0647486 0.0
0.457059 -0.0627212 0.0
0.461897 -0.0604248 0.0
0.466243 -0.057856 0.0
0.470105 -0.0550103 0.0
0.47349 -0.0518821 0.0
0.476408 -0.0484649 0.0
0.478874 -0.0447514 0.0
0.48091 -0.0407345 0.0
0.482539 -0.0364085 0.0
0.483798 -0.0317712 0.0
0.484727 -0.0268299 0.0
0.485377 -0.0216192 0.0
0.485795 -0.0162878 0.0
0.486013 -0.0115765 0.0
0.999949 0.00123638 0.0
0.999743 0.00370172 0.0
0.999332 0.00616611 0.0
0.998714 0.00863614 0.0
0.997888 0.0111186 0.0
0.996851 0.0136206 0.0
0.995601 0.0161496 0.0
0.994135 0.0187135 0.0
0.992449 0.0213208 0.0
0.990538 0.0239806 0.0
0.988397 0.026703 0.0
0.98602 0.0294988 0.0
0.983401 0.0323801 0.0
0.980532 0.0353604 0.0
0.977405 0.0384545 0.0
0.97401 0.0416793 0.0
0.97034 0.0450536 0.0
0.966382 0.0485987 0.0
0.962125 0.0523391 0.0
0.957557 0.0563023 0.0
0.952666 0.0605202 0.0
0.947437 0.0650293 0.0
0.941858 0.0698718 0.0
0.935914 0.0750965 0.0
0.929593 0.0807601 0.0
0.922881 0.0869287 0.0
0.915771 0.0936794 0.0
0.908256 0.101103 0.0
0.900336 0.109304 0.0
0.892021 0.118408 0.0
0.883332 0.12856 0.0
0.874311 0.13993 0.0
0.865026 0.152715 0.0
0.855584 0.167144 0.0
0.846143 0.183477 0.0
0.836934 0.202003 0.0
0.828285 0.223034 0.0
0.82065 0.246889 0.0
0.814644 0.273862 0.0
0.811073 0.304163 0.0
0.810957 0.337832 0.0
0.815497 0.374559 0.0
0.825925 0.413327 0.0
0.843004 0.451607 0.0
0.865963 0.484176 0.0
0.89161 0.503386 0.0
0.913881 0.499312 0.0
0.921654 0.458878 0.0
0.895433 0.374049 0.0
0.832957 0.293626 0.0
0.753344 0.230684 0.0
0.670684 0.184137 0.0
0.592441 0.151078 0.0
0.522369 0.128241 0.0
0.461826 0.112534 0.0
0.410666 0.101701 0.0
0.368018 0.0941552 0.0
0.332671 0.0887088 0.0
0.303272 0.0845041 0.0
0.278507 0.0809961 0.0
0.257243 0.0778925 0.0
0.238593 0.0750683 0.0
0.221914 0.0724905 0.0
0.206764 0.0701658 0.0
0.192846 0.0681115 0.0
0.179965 0.0663409 0.0
0.167987 0.0648581 0.0
0.156821 0.0636564 0.0
0.146397 0.0627192 0.0
0.136657 0.062022 0.0
0.127553 0.0615343 0.0
0.119036 0.0612213 0.0
0.111063 0.061045 0.0
0.103589 0.0609657 0.0
0.0965724 0.0609432 0.0
0.0899717 0.0609375 0.0
0.0837468 0.0609099 0.0
0.0778597 0.0608236 0.0
0.0722746 0.0606451 0.0
0.0669583 0.0603438 0.0
0.0618804 0.0598929 0.0
0.0570135 0.0592697 0.0
0.0523328 0.0584553 0.0
0.0478164 0.0574354 0.0
0.0434451 0.0562 0.0
0.0392021 0.0547433 0.0
0.0350729 0.0530641 0.0
0.0310451 0.0511652 0.0
0.0271081 0.0490535 0.0
0.0232528 0.0467393 0.0
0.019471 0.0442372 0.0
0.015756 0.0415649 0.0
0.0121017 0.0387427 0.0
0.00850244 0.0357931 0.0
0.00495274 0.0327409 0.0
0.00144731 0.0296121 0.0
-0.00201926 0.0264341 0.0
-0.00545265 0.0232349 0.0
-0.00885889 0.0200425 0.0
-0.0122442 0.0168848 0.0
-0.0156151 0.0137886 0.0
-0.0189778 0.0107798 0.0
-0.0223387 0.00788231 0.0
-0.0257035 0.00511867 0.0
-0.0290768 0.00250923 0.0
-0.0324619 7.24058e-05 0.0
-0.0358644 -0.00217792 0.0
-0.0392914 -0.00423203 0.0
-0.0427449 -0.00608241 0.0
-0.0462215 -0.00772169 0.0
-0.0497142 -0.00914436 0.0
-0.0532123 -0.0103472 0.0
-0.0567017 -0.0113291 0.0
-0.0601646 -0.0120914 0.0
-0.0635797 -0.0126373 0.0
-0.0669221 -0.012972 0.0
-0.0701639 -0.0131029 0.0
-0.073274 -0.0130391 0.0
-0.0762186 -0.0127915 0.0
-0.0789617 -0.0123729 0.0
-0.0814655 -0.0117975 0.0
-0.0836908 -0.0110811 0.0
-0.0855976 -0.0102409 0.0
-0.0871457 -0.00929538 0.0
-0.0882949 -0.00826405 0.0
-0.0890055 -0.00716734 0.0
-0.0892389 -0.00602631 0.0
-0.0889578 -0.00486243 0.0
-0.0881263 -0.00369742 0.0
-0.0867105 -0.00255317 0.0
-0.0846781 -0.00145205 0.0
-0.0820001 -0.000418891 0.0
-0.0786528 0.000519799 0.0
-0.0746181 0.00133862 0.0
-0.0698833 0.0020134 0.0
-0.0644408 0.00252148 0.0
-0.0582877 0.00284219 0.0
-0.0514263 0.00295725 0.0
-0.0438632 0.0028509 0.0
-0.0356096 0.0025101 0.0
-0.0266807 0.00192551 0.0
-0.0170962 0.00109006 0.0
-0.00687935 -1.56647e-07 0.0
0.00394078 -0.00134565 0.0
0.0153284 -0.00294391 0.0
0.0272445 -0.0047896 0.0
0.0396495 -0.0068747 0.0
0.0525014 -0.00918753 0.0
0.0657571 -0.0117125 0.0
0.0793721 -0.0144319 0.0
0.0933018 -0.0173248 0.0
0.107502 -0.0203716 0.0
0.121926 -0.0235507 0.0
0.13653 -0.0268378 0.0
0.151268 -0.0302079 0.0
0.166097 -0.0336351 0.0
0.180975 -0.0370943 0.0
0.195861 -0.0405603 0.0
0.210714 -0.0440081 0.0
0.225495 -0.047413 0.0
0.240168 -0.0507512 0.0
0.254698 -0.0539999 0.0
0.26905 -0.0571376 0.0
0.283194 -0.060144 0.0
0.297099 -0.0630002 0.0
0.310738 -0.0656887 0.0
0.324086 -0.0681936 0.0
0.337118 -0.0705008 0.0
0.349814 -0.0725975 0.0
0.362154 -0.0744726 0.0
0.37412 -0.0761165 0.0
0.385697 -0.0775211 0.0
0.39687 -0.0786797 0.0
0.407628 -0.0795868 0.0
0.41796 -0.0802382 0.0
0.427858 -0.0806306 0.0
0.437313 -0.0807618 0.0
0.446319 -0.0806302 0.0
0.454872 -0.080235 0.0
0.462968 -0.0795759 0.0
0.470605 -0.078653 0.0
0.47778 -0.0774665 0.0
0.484494 -0.0760169 0.0
0.490746 -0.0743044 0.0
0.496538 -0.0723293 0.0
0.501872 -0.0700912 0.0
0.506751 -0.0675894 0.0
0.51118 -0.0648227 0.0
0.515165 -0.0617892 0.0
0.518712 -0.0584862 0.0
0.521832 -0.0549107 0.0
0.524537 -0.0510592 0.0
0.526841 -0.0469285 0.0
0.528765 -0.0425163 0.0
0.530332 -0.0378229 0.0
0.531569 -0.0328528 0.0
0.532511 -0.0276196 0.0
0.533193 -0.0221608 0.0
0.533645 -0.0166161 0.0
0.53388 -0.0117011 0.0
0.999951 0.00133719 0.0
0.999753 0.00400425 0.0
0.999356 0.00667097 0.0
0.998761 0.00934448 0.0
0.997966 0.0120321 0.0
0.996968 0.0147414 0.0
0.995766 0.0174805 0.0
0.994357 0.0202578 0.0
0.992738 0.0230823 0.0
0.990904 0.0259637 0.0
0.988852 0.0289128 0.0
0.986577 0.031941 0.0
0.984073 0.0350611 0.0
0.981334 0.038287 0.0
0.978355 0.0416345 0.0
0.975128 0.0451208 0.0
0.971645 0.0487656 0.0
0.967899 0.0525907 0.0
0.963882 0.0566211 0.0
0.959585 0.0608849 0.0
0.955 0.0654142 0.0
0.950118 0.0702454 0.0
0.944933 0.0754205 0.0
0.939437 0.0809875 0.0
0.933626 0.0870016 0.0
0.927497 0.0935264 0.0
0.921054 0.100635 0.0
0.914304 0.108412 0.0
0.907263 0.116956 0.0
0.899958 0.126377 0.0
0.892433 0.136805 0.0
0.884753 0.148386 0.0
0.87701 0.161286 0.0
0.869337 0.175688 0.0
0.861918 0.191793 0.0
0.855 0.209812 0.0
0.848918 0.229956 0.0
0.844108 0.252413 0.0
0.841132 0.277321 0.0
0.84069 0.304717 0.0
0.843621 0.334464 0.0
0.850874 0.366134 0.0
0.863398 0.398799 0.0
0.881851 0.430603 0.0
0.90596 0.45811 0.0
0.933703 0.476061 0.0
0.960476 0.477593 0.0
0.978025 0.455275 0.0
0.974868 0.407029 0.0
0.946677 0.351314 0.0
0.899809 0.299478 0.0
0.842388 0.255423 0.0
0.780768 0.219654 0.0
0.719258 0.191247 0.0
0.660502 0.168827 0.0
0.605954 0.151114 0.0
0.556294 0.13705 0.0
0.511686 0.125769 0.0
0.471944 0.116584 0.0
0.436658 0.108968 0.0
0.405303 0.10254 0.0
0.377337 0.0970373 0.0
0.352253 0.0922841 0.0
0.329613 0.0881623 0.0
0.309055 0.0845909 0.0
0.290287 0.0815107 0.0
0.273079 0.078874 0.0
0.257247 0.0766388 0.0
0.242643 0.074765 0.0
0.229146 0.0732128 0.0
0.216652 0.0719414 0.0
0.205074 0.070909 0.0
0.194332 0.0700732 0.0
0.184352 0.0693906 0.0
0.175069 0.068818 0.0
0.16642 0.068313 0.0
0.158345 0.067834 0.0
0.15079 0.0673417 0.0
0.143703 0.0667991 0.0
0.137036 0.0661727 0.0
0.130746 0.0654323 0.0
0.124792 0.0645517 0.0
0.119137 0.0635088 0.0
0.113749 0.0622862 0.0
0.108599 0.0608707 0.0
0.10366 0.0592537 0.0
0.0989121 0.0574312 0.0
0.0943345 0.0554036 0.0
0.089911 0.0531756 0.0
0.0856276 0.0507559 0.0
0.0814727 0.0481573 0.0
0.0774364 0.045396 0.0
0.0735109 0.0424914 0.0
0.0696895 0.0394651 0.0
0.0659667 0.0363414 0.0
0.0623377 0.0331461 0.0
0.0587982 0.0299062 0.0
0.0553444 0.02665 0.0
0.0519725 0.0234055 0.0
0.0486787 0.0202009 0.0
0.045459 0.017063 0.0
0.0423093 0.0140178 0.0
0.0392252 0.0110893 0.0
0.0362023 0.00829941 0.0
0.0332361 0.00566798 0.0
0.0303227 0.00321216 0.0
0.0274599 0.000947638 0.0
0.0246456 -0.00111627 0.0
0.0218737 -0.00297278 0.0
0.0191389 -0.00461995 0.0
0.0164416 -0.00605606 0.0
0.0137855 -0.00728135 0.0
0.0111782 -0.00829826 0.0
0.00863022 -0.00911136 0.0
0.00615534 -0.00972734 0.0
0.0037707 -0.0101548 0.0
0.00149665 -0.0104043 0.0
-0.000643276 -0.0104878 0.0
-0.00262268 -0.0104188 0.0
-0.00441272 -0.0102124 0.0
-0.00598241 -0.00988446 0.0
-0.00729897 -0.0094522 0.0
-0.00832824 -0.00893365 0.0
-0.00903513 -0.00834765 0.0
-0.00938407 -0.00771368 0.0
-0.00933949 -0.00705167 0.0
-0.00886619 -0.00638184 0.0
-0.00792973 -0.00572448 0.0
-0.00649678 -0.00509981 0.0
-0.00453548 -0.00452795 0.0
-0.00201602 -0.00402913 0.0
0.00108832 -0.00362408 0.0
0.00479961 -0.00333364 0.0
0.00913508 -0.00317811 0.0
0.0141072 -0.00317672 0.0
0.0197232 -0.00334704 0.0
0.0259856 -0.00370473 0.0
0.0328915 -0.00426321 0.0
0.0404335 -0.00503364 0.0
0.0485991 -0.00602464 0.0
0.0573719 -0.00724135 0.0
0.0667311 -0.00868678 0.0
0.0766516 -0.0103607 0.0
0.0871052 -0.0122587 0.0
0.0980611 -0.0143744 0.0
0.109486 -0.0167005 0.0
0.121345 -0.019227 0.0
0.133598 -0.0219403 0.0
0.146206 -0.0248238 0.0
0.159129 -0.0278589 0.0
0.172327 -0.0310252 0.0
0.185758 -0.0343019 0.0
0.19938 -0.0376669 0.0
0.213151 -0.0410966 0.0
0.227031 -0.0445667 0.0
0.240978 -0.0480524 0.0
0.254952 -0.0515295 0.0
0.268915 -0.0549737 0.0
0.282829 -0.0583614 0.0
0.296657 -0.0616695 0.0
0.310365 -0.0648757 0.0
0.323919 -0.0679593 0.0
0.337289 -0.0709003 0.0
0.350445 -0.0736805 0.0
0.363359 -0.076283 0.0
0.376006 -0.0786923 0.0
0.388364 -0.0808947 0.0
0.400409 -0.0828779 0.0
0.412124 -0.0846313 0.0
0.423491 -0.0861457 0.0
0.434495 -0.0874134 0.0
0.445123 -0.0884282 0.0
0.455362 -0.0891851 0.0
0.465203 -0.0896804 0.0
0.474637 -0.0899114 0.0
0.483659 -0.0898762 0.0
0.492262 -0.0895741 0.0
0.500442 -0.0890048 0.0
0.508197 -0.0881688 0.0
0.515526 -0.0870667 0.0
0.522427 -0.0856998 0.0
0.528901 -0.0840693 0.0
0.53495 -0.0821765 0.0
0.540576 -0.0800227 0.0
0.545781 -0.0776089 0.0
0.550572 -0.0749358 0.0
0.554951 -0.0720038 0.0
0.558927 -0.0688129 0.0
0.562506 -0.0653626 0.0
0.565698 -0.0616519 0.0
0.568513 -0.05768 0.0
0.570964 -0.0534459 0.0
0.573068 -0.0489495 0.0
0.57484 -0.044192 0.0
0.576304 -0.0391773 0.0
0.577482 -0.0339138 0.0
0.578398 -0.0284175 0.0
0.579079 -0.0227249 0.0
0.579539 -0.0169638 0.0
0.57978 -0.0118294 0.0
0.999953 0.00143413 0.0
0.999763 0.00429513 0.0
0.999383 0.00715631 0.0
0.998812 0.0100252 0.0
0.998049 0.0129096 0.0
0.997093 0.0158176 0.0
0.995942 0.0187575 0.0
0.994593 0.0217383 0.0
0.993045 0.0247696 0.0
0.991293 0.0278615 0.0
0.989335 0.031025 0.0
0.987167 0.0342721 0.0
0.984785 0.0376161 0.0
0.982184 0.0410714 0.0
0.97936 0.0446539 0.0
0.976307 0.0483815 0.0
0.973021 0.0522739 0.0
0.969496 0.0563533 0.0
0.965727 0.0606446 0.0
0.96171 0.0651758 0.0
0.95744 0.0699786 0.0
0.952914 0.0750889 0.0
0.948129 0.0805472 0.0
0.943086 0.0863997 0.0
0.937788 0.0926988 0.0
0.932241 0.0995043 0.0
0.926457 0.106884 0.0
0.920456 0.114915 0.0
0.914266 0.123684 0.0
0.907929 0.13329 0.0
0.901503 0.143843 0.0
0.895068 0.155464 0.0
0.888733 0.168286 0.0
0.882644 0.18245 0.0
0.87699 0.198104 0.0
0.872022 0.215388 0.0
0.868055 0.234429 0.0
0.865487 0.255316 0.0
0.864806 0.278074 0.0
0.866593 0.30262 0.0
0.871508 0.328715 0.0
0.88026 0.355877 0.0
0.893523 0.383268 0.0
0.911737 0.409467 0.0
0.934723 0.432152 0.0
0.961095 0.447905 0.0
0.987631 0.45244 0.0
1.00884 0.441672 0.0
1.0178 0.414822 0.0
1.01052 0.378994 0.0
0.98811 0.34108 0.0
0.954196 0.305156 0.0
0.912707 0.27303 0.0
0.866956 0.245133 0.0
0.819435 0.221218 0.0
0.771904 0.200801 0.0
0.725564 0.183363 0.0
0.6812 0.168428 0.0
0.639286 0.155581 0.0
0.600065 0.144479 0.0
0.563605 0.134843 0.0
0.529859 0.126447 0.0
0.498701 0.119115 0.0
0.469968 0.112704 0.0
0.443476 0.107099 0.0
0.419042 0.102204 0.0
0.396492 0.0979383 0.0
0.375666 0.0942323 0.0
0.356419 0.0910227 0.0
0.33862 0.0882518 0.0
0.322151 0.0858647 0.0
0.306905 0.0838093 0.0
0.292786 0.0820347 0.0
0.279703 0.0804913 0.0
0.267573 0.0791308 0.0
0.256317 0.0779062 0.0
0.24586 0.0767721 0.0
0.236133 0.0756852 0.0
0.227071 0.074605 0.0
0.218611 0.0734937 0.0
0.210695 0.0723175 0.0
0.20327 0.0710459 0.0
0.196286 0.0696531 0.0
0.189699 0.0681174 0.0
0.183467 0.0664218 0.0
0.177553 0.0645541 0.0
0.171926 0.0625065 0.0
0.166556 0.0602762 0.0
0.161417 0.0578647 0.0
0.15649 0.0552779 0.0
0.151754 0.052526 0.0
0.147195 0.0496227 0.0
0.1428 0.0465853 0.0
0.138558 0.043434 0.0
0.134462 0.0401914 0.0
0.130505 0.0368822 0.0
0.126682 0.0335327 0.0
0.122989 0.0301702 0.0
0.119424 0.0268226 0.0
0.115983 0.0235177 0.0
0.112667 0.0202824 0.0
0.109472 0.0171426 0.0
0.106399 0.0141225 0.0
0.103444 0.011244 0.0
0.100606 0.00852706 0.0
0.0978844 0.00598838 0.0
0.0952766 0.00364197 0.0
0.092782 0.00149835 0.0
0.0904009 -0.000434419 0.0
0.0881313 -0.00215395 0.0
0.0859681 -0.00366153 0.0
0.0839095 -0.00496127 0.0
0.0819573 -0.00605879 0.0
0.0801161 -0.00696163 0.0
0.0783934 -0.00767946 0.0
0.0767992 -0.0082239 0.0
0.0753464 -0.00860835 0.0
0.0740504 -0.00884779 0.0
0.0729294 -0.00895841 0.0
0.0720041 -0.00895746 0.0
0.0712975 -0.00886311 0.0
0.0708347 -0.0086942 0.0
0.0706425 -0.00847014 0.0
0.0707489 -0.00821068 0.0
0.071183 -0.00793578 0.0
0.0719742 -0.00766542 0.0
0.0731523 -0.00741945 0.0
0.0747463 -0.00721736 0.0
0.0767846 -0.00707818 0.0
0.0792941 -0.00702036 0.0
0.0822997 -0.00706178 0.0
0.0858236 -0.0072197 0.0
0.0898849 -0.0075106 0.0
0.0944986 -0.00795036 0.0
0.0996756 -0.00855352 0.0
0.105422 -0.00933288 0.0
0.11174 -0.0102993 0.0
0.118627 -0.0114615 0.0
0.126076 -0.012826 0.0
0.134075 -0.0143972 0.0
0.14261 -0.0161763 0.0
0.151661 -0.0181623 0.0
0.161207 -0.0203514 0.0
0.171222 -0.0227367 0.0
0.181679 -0.0253096 0.0
0.192548 -0.0280599 0.0
0.203797 -0.0309749 0.0
0.215391 -0.0340393 0.0
0.227293 -0.0372357 0.0
0.239468 -0.0405446 0.0
0.251876 -0.0439454 0.0
0.26448 -0.0474164 0.0
0.27724 -0.0509351 0.0
0.290118 -0.0544781 0.0
0.303075 -0.0580216 0.0
0.316073 -0.0615419 0.0
0.329074 -0.0650153 0.0
0.342042 -0.0684187 0.0
0.354941 -0.0717297 0.0
0.367739 -0.0749268 0.0
0.380402 -0.0779894 0.0
0.3929 -0.0808984 0.0
0.405205 -0.0836359 0.0
0.41729 -0.0861854 0.0
0.42913 -0.0885322 0.0
0.440702 -0.0906627 0.0
0.451986 -0.0925654 0.0
0.462963 -0.0942299 0.0
0.473616 -0.0956477 0.0
0.483932 -0.0968116 0.0
0.493896 -0.0977157 0.0
0.503498 -0.0983557 0.0
0.51273 -0.0987283 0.0
0.521583 -0.0988314 0.0
0.530052 -0.0986637 0.0
0.538132 -0.0982252 0.0
0.54582 -0.0975161 0.0
0.553114 -0.0965375 0.0
0.560014 -0.0952911 0.0
0.56652 -0.0937786 0.0
0.572633 -0.0920022 0.0
0.578356 -0.0899642 0.0
0.583692 -0.0876666 0.0
0.588646 -0.0851118 0.0
0.593222 -0.0823015 0.0
0.597426 -0.0792375 0.0
0.601265 -0.0759212 0.0
0.604748 -0.0723536 0.0
0.607882 -0.0685355 0.0
0.610679 -0.0644675 0.0
0.61315 -0.0601504 0.0
0.615308 -0.0555852 0.0
0.617168 -0.050774 0.0
0.618748 -0.0457201 0.0
0.620065 -0.0404298 0.0
0.621139 -0.0349127 0.0
0.621989 -0.029185 0.0
0.622631 -0.0232793 0.0
0.623072 -0.017311 0.0
0.623307 -0.0119578 0.0
0.999955 0.00152696 0.0
0.999773 0.00457369 0.0
0.99941 0.007621 0.0
0.998865 0.0106768 0.0
0.998136 0.0137492 0.0
0.997224 0.0168465 0.0
0.996126 0.0199777 0.0
0.994841 0.0231519 0.0
0.993366 0.0263789 0.0
0.991701 0.0296694 0.0
0.989841 0.0330345 0.0
0.987785 0.0364868 0.0
0.985529 0.0400394 0.0
0.983071 0.0437072 0.0
0.980407 0.0475063 0.0
0.977534 0.0514544 0.0
0.97445 0.0555714 0.0
0.971152 0.0598792 0.0
0.967637 0.0644023 0.0
0.963904 0.0691683 0.0
0.959952 0.0742077 0.0
0.955784 0.079555 0.0
0.9514 0.0852489 0.0
0.946808 0.0913328 0.0
0.942017 0.0978556 0.0
0.937039 0.104872 0.0
0.931896 0.112443 0.0
0.926615 0.120638 0.0
0.921235 0.129532 0.0
0.915806 0.139208 0.0
0.910398 0.149759 0.0
0.905098 0.161281 0.0
0.900024 0.173877 0.0
0.895322 0.18765 0.0
0.891182 0.202698 0.0
0.887837 0.219108 0.0
0.885574 0.236939 0.0
0.884743 0.256206 0.0
0.88575 0.276858 0.0
0.889058 0.298742 0.0
0.895169 0.321567 0.0
0.904587 0.344854 0.0
0.917753 0.367864 0.0
0.934906 0.389504 0.0
0.955852 0.408183 0.0
0.979608 0.421745 0.0
1.00402 0.427651 0.0
1.02561 0.423665 0.0
1.04016 0.409315 0.0
1.04456 0.387383 0.0
1.0381 0.361558 0.0
1.02191 0.33478 0.0
0.997927 0.30888 0.0
0.968185 0.284775 0.0
0.934493 0.262789 0.0
0.898323 0.242931 0.0
0.860831 0.225067 0.0
0.822904 0.209015 0.0
0.785218 0.194593 0.0
0.748277 0.18163 0.0
0.712447 0.169981 0.0
0.677986 0.159517 0.0
0.645063 0.150127 0.0
0.613777 0.141713 0.0
0.584175 0.134185 0.0
0.556262 0.127464 0.0
0.530016 0.121474 0.0
0.505393 0.116146 0.0
0.482334 0.111414 0.0
0.460776 0.107218 0.0
0.440646 0.103497 0.0
0.421872 0.100196 0.0
0.404378 0.0972604 0.0
0.38809 0.0946363 0.0
0.372934 0.0922726 0.0
0.358835 0.0901196 0.0
0.345721 0.0881289 0.0
0.333522 0.0862547 0.0
0.322167 0.0844531 0.0
0.311589 0.0826835 0.0
0.301724 0.0809083 0.0
0.292511 0.0790936 0.0
0.283891 0.0772095 0.0
0.275809 0.0752304 0.0
0.268214 0.0731354 0.0
0.26106 0.0709079 0.0
0.254304 0.0685363 0.0
0.247907 0.0660138 0.0
0.241834 0.0633381 0.0
0.236055 0.0605114 0.0
0.230542 0.0575404 0.0
0.225274 0.0544358 0.0
0.22023 0.0512117 0.0
0.215393 0.0478856 0.0
0.210751 0.0444779 0.0
0.206293 0.0410111 0.0
0.20201 0.0375097 0.0
0.197896 0.0339995 0.0
0.193948 0.0305069 0.0
0.190163 0.0270588 0.0
0.186539 0.0236814 0.0
0.183077 0.0204001 0.0
0.179777 0.0172388 0.0
0.17664 0.0142194 0.0
0.173668 0.0113615 0.0
0.170862 0.00868206 0.0
0.168223 0.00619471 0.0
0.165754 0.00390983 0.0
0.163455 0.00183417 0.0
0.161329 -2.7151e-05 0.0
0.159378 -0.0016745 0.0
0.157601 -0.00311258 0.0
0.155996 -0.00435006 0.0
0.154564 -0.005397 0.0
0.153308 -0.00626536 0.0
0.152233 -0.00696908 0.0
0.151347 -0.00752392 0.0
0.150658 -0.00794716 0.0
0.150177 -0.00825733 0.0
0.149918 -0.00847393 0.0
0.149895 -0.00861717 0.0
0.150125 -0.00870774 0.0
0.150627 -0.00876657 0.0
0.151421 -0.00881463 0.0
0.152528 -0.0088727 0.0
0.15397 -0.00896119 0.0
0.155768 -0.00909993 0.0
0.157945 -0.00930796 0.0
0.160522 -0.00960339 0.0
0.163521 -0.0100032 0.0
0.16696 -0.0105233 0.0
0.170856 -0.0111783 0.0
0.175224 -0.0119816 0.0
0.180076 -0.0129452 0.0
0.18542 -0.0140799 0.0
0.191262 -0.0153943 0.0
0.197601 -0.0168951 0.0
0.204436 -0.0185872 0.0
0.21176 -0.0204729 0.0
0.219563 -0.0225526 0.0
0.227831 -0.0248243 0.0
0.236549 -0.0272833 0.0
0.245696 -0.029923 0.0
0.25525 -0.032734 0.0
0.265186 -0.0357052 0.0
0.275476 -0.0388238 0.0
0.286091 -0.0420748 0.0
0.296999 -0.0454411 0.0
0.308167 -0.0489041 0.0
0.31956 -0.0524434 0.0
0.331143 -0.0560378 0.0
0.34288 -0.0596649 0.0
0.354735 -0.063302 0.0
0.366671 -0.0669258 0.0
0.378653 -0.070513 0.0
0.390646 -0.0740406 0.0
0.402614 -0.0774857 0.0
0.414524 -0.0808265 0.0
0.426345 -0.0840419 0.0
0.438044 -0.0871117 0.0
0.449594 -0.0900173 0.0
0.460966 -0.0927411 0.0
0.472135 -0.0952673 0.0
0.483078 -0.0975814 0.0
0.493772 -0.0996704 0.0
0.504199 -0.101523 0.0
0.51434 -0.10313 0.0
0.52418 -0.104482 0.0
0.533705 -0.105574 0.0
0.542904 -0.106399 0.0
0.551766 -0.106955 0.0
0.560283 -0.107237 0.0
0.568449 -0.107245 0.0
0.576259 -0.106978 0.0
0.58371 -0.106436 0.0
0.590798 -0.105621 0.0
0.597524 -0.104534 0.0
0.603887 -0.103177 0.0
0.609889 -0.101553 0.0
0.615531 -0.0996652 0.0
0.620819 -0.0975162 0.0
0.625755 -0.0951092 0.0
0.630344 -0.0924472 0.0
0.634592 -0.0895333 0.0
0.638507 -0.0863702 0.0
0.642094 -0.0829604 0.0
0.645363 -0.0793063 0.0
0.648321 -0.0754098 0.0
0.650981 -0.0712729 0.0
0.653351 -0.0668975 0.0
0.655446 -0.0622855 0.0
0.657277 -0.0574395 0.0
0.65886 -0.0523629 0.0
0.660209 -0.0470605 0.0
0.661342 -0.0415393 0.0
0.662274 -0.0358089 0.0
0.663019 -0.0298841 0.0
0.66359 -0.0237927 0.0
0.663989 -0.0176381 0.0
0.664206 -0.0120825 0.0
0.999957 0.00161552 0.0
0.999784 0.00483939 0.0
0.999438 0.00806413 0.0
0.99892 0.0112979 0.0
0.998227 0.0145491 0.0
0.99736 0.0178263 0.0
0.996317 0.0211387 0.0
0.995097 0.0244956 0.0
0.993699 0.0279072 0.0
0.992122 0.0313841 0.0
0.990364 0.0349379 0.0
0.988422 0.0385811 0.0
0.986296 0.0423269 0.0
0.983984 0.0461903 0.0
0.981484 0.0501872 0.0
0.978795 0.0543352 0.0
0.975915 0.0586539 0.0
0.972846 0.0631647 0.0
0.969586 0.0678913 0.0
0.966138 0.0728601 0.0
0.962505 0.0781005 0.0
0.958691 0.083645 0.0
0.954704 0.0895296 0.0
0.950553 0.0957946 0.0
0.946254 0.102484 0.0
0.941827 0.109648 0.0
0.937296 0.117341 0.0
0.932697 0.12562 0.0
0.928074 0.134552 0.0
0.923485 0.144205 0.0
0.919004 0.154652 0.0
0.914723 0.165969 0.0
0.910758 0.178229 0.0
0.907253 0.191504 0.0
0.904386 0.205853 0.0
0.902368 0.221317 0.0
0.901454 0.237907 0.0
0.901935 0.255588 0.0
0.904144 0.27426 0.0
0.908439 0.293736 0.0
0.915187 0.313714 0.0
0.924732 0.333744 0.0
0.937336 0.353204 0.0
0.953096 0.371251 0.0
0.971799 0.386787 0.0
0.992725 0.398459 0.0
1.01446 0.404792 0.0
1.03483 0.404565 0.0
1.05124 0.397459 0.0
1.06149 0.384591 0.0
1.06446 0.367834 0.0
1.06013 0.349022 0.0
1.04919 0.329558 0.0
1.03268 0.31035 0.0
1.01168 0.291904 0.0
0.987207 0.274461 0.0
0.960132 0.258104 0.0
0.931203 0.242835 0.0
0.901042 0.22862 0.0
0.87017 0.215416 0.0
0.839021 0.203174 0.0
0.807954 0.191851 0.0
0.777265 0.181405 0.0
0.747193 0.171793 0.0
0.717928 0.162972 0.0
0.689618 0.1549 0.0
0.662372 0.147531 0.0
0.636267 0.140818 0.0
0.611355 0.134713 0.0
0.587663 0.129169 0.0
0.565202 0.124137 0.0
0.543965 0.119568 0.0
0.523935 0.115413 0.0
0.505084 0.111623 0.0
0.487376 0.10815 0.0
0.470769 0.104948 0.0
0.455215 0.101969 0.0
0.440661 0.0991679 0.0
0.427054 0.0965019 0.0
0.414337 0.0939294 0.0
0.402453 0.0914118 0.0
0.391343 0.0889135 0.0
0.38095 0.0864025 0.0
0.371219 0.0838505 0.0
0.362095 0.0812333 0.0
0.353528 0.0785311 0.0
0.345469 0.0757287 0.0
0.337872 0.0728155 0.0
0.330695 0.0697854 0.0
0.323902 0.0666369 0.0
0.317456 0.0633728 0.0
0.311328 0.06 0.0
0.305491 0.0565292 0.0
0.29992 0.0529747 0.0
0.294598 0.0493535 0.0
0.289507 0.0456853 0.0
0.284633 0.0419919 0.0
0.279967 0.0382966 0.0
0.275501 0.0346238 0.0
0.27123 0.0309983 0.0
0.267151 0.0274447 0.0
0.263263 0.0239871 0.0
0.259566 0.0206484 0.0
0.256063 0.0174497 0.0
0.252756 0.01441 0.0
0.24965 0.011546 0.0
0.246748 0.00887106 0.0
0.244056 0.00639559 0.0
0.241577 0.0041264 0.0
0.239316 0.0020673 0.0
0.237279 0.000219185 0.0
0.23547 -0.00142072 0.0
0.233893 -0.00285992 0.0
0.232549 -0.00411039 0.0
0.231438 -0.00518565 0.0
0.230565 -0.00610113 0.0
0.229934 -0.00687407 0.0
0.229549 -0.00752329 0.0
0.229418 -0.0080689 0.0
0.229547 -0.008532 0.0
0.229945 -0.00893439 0.0
0.230622 -0.00929825 0.0
0.23159 -0.00964585 0.0
0.23286 -0.00999931 0.0
0.234445 -0.0103803 0.0
0.23636 -0.0108098 0.0
0.238618 -0.0113078 0.0
0.241234 -0.0118932 0.0
0.244222 -0.0125835 0.0
0.247595 -0.0133948 0.0
0.251366 -0.0143415 0.0
0.255546 -0.0154364 0.0
0.260145 -0.0166905 0.0
0.26517 -0.0181131 0.0
0.270625 -0.0197118 0.0
0.276514 -0.0214921 0.0
0.282835 -0.0234574 0.0
0.289584 -0.025609 0.0
0.296755 -0.0279462 0.0
0.304339 -0.0304657 0.0
0.312321 -0.0331625 0.0
0.320688 -0.036029 0.0
0.329419 -0.0390556 0.0
0.338494 -0.0422307 0.0
0.347891 -0.0455406 0.0
0.357582 -0.0489701 0.0
0.367541 -0.0525022 0.0
0.377737 -0.0561182 0.0
0.388141 -0.0597981 0.0
0.398719 -0.0635207 0.0
0.40944 -0.0672639 0.0
0.420269 -0.0710051 0.0
0.431174 -0.0747214 0.0
0.442121 -0.0783898 0.0
0.453077 -0.0819873 0.0
0.46401 -0.0854917 0.0
0.474888 -0.0888814 0.0
0.485682 -0.0921354 0.0
0.496363 -0.0952341 0.0
0.506903 -0.0981591 0.0
0.517277 -0.100893 0.0
0.527461 -0.103421 0.0
0.537433 -0.105728 0.0
0.547172 -0.107803 0.0
0.556661 -0.109633 0.0
0.565884 -0.11121 0.0
0.574826 -0.112526 0.0
0.583475 -0.113575 0.0
0.59182 -0.114352 0.0
0.599853 -0.114853 0.0
0.607566 -0.115076 0.0
0.614954 -0.115021 0.0
0.622014 -0.114687 0.0
0.628742 -0.114075 0.0
0.635139 -0.113186 0.0
0.641202 -0.112023 0.0
0.646935 -0.11059 0.0
0.652339 -0.108888 0.0
0.657416 -0.106922 0.0
0.662173 -0.104696 0.0
0.666612 -0.102212 0.0
0.67074 -0.0994767 0.0
0.674563 -0.096492 0.0
0.678088 -0.0932621 0.0
0.681323 -0.0897905 0.0
0.684276 -0.0860805 0.0
0.686956 -0.0821352 0.0
0.689374 -0.0779574 0.0
0.691539 -0.07355 0.0
0.693464 -0.0689158 0.0
0.695161 -0.0640579 0.0
0.696642 -0.0589796 0.0
0.697921 -0.0536853 0.0
0.699014 -0.0481804 0.0
0.699934 -0.0424719 0.0
0.700695 -0.0365689 0.0
0.701309 -0.0304837 0.0
0.701784 -0.0242394 0.0
0.702123 -0.0179288 0.0
0.702314 -0.0122 0.0
0.999959 0.00169967 0.0
0.999795 0.00509182 0.0
0.999468 0.00848501 0.0
0.998976 0.0118876 0.0
0.99832 0.0153082 0.0
0.997499 0.0187555 0.0
0.996512 0.0222388 0.0
0.99536 0.0257676 0.0
0.99404 0.0293523 0.0
0.992553 0.0330034 0.0
0.990898 0.0367327 0.0
0.989073 0.0405525 0.0
0.987078 0.0444761 0.0
0.984914 0.0485181 0.0
0.982579 0.0526944 0.0
0.980074 0.0570221 0.0
0.9774 0.06152 0.0
0.974559 0.066209 0.0
0.971554 0.0711117 0.0
0.968388 0.0762532 0.0
0.965068 0.0816608 0.0
0.961602 0.087365 0.0
0.958 0.0933989 0.0
0.954277 0.0997989 0.0
0.950451 0.106605 0.0
0.946546 0.11386 0.0
0.942593 0.121612 0.0
0.938631 0.12991 0.0
0.934708 0.138808 0.0
0.930884 0.148362 0.0
0.927236 0.158626 0.0
0.923854 0.169658 0.0
0.920852 0.181507 0.0
0.918364 0.194218 0.0
0.916552 0.207818 0.0
0.915603 0.222317 0.0
0.915734 0.23769 0.0
0.917185 0.253871 0.0
0.92022 0.270733 0.0
0.92511 0.288079 0.0
0.932114 0.305618 0.0
0.941455 0.322953 0.0
0.953277 0.339568 0.0
0.967584 0.35482 0.0
0.984157 0.367942 0.0
1.00246 0.378072 0.0
1.02156 0.384353 0.0
1.04007 0.386116 0.0
1.05641 0.383165 0.0
1.06906 0.375979 0.0
1.07704 0.365505 0.0
1.0799 0.35282 0.0
1.07773 0.33887 0.0
1.0709 0.324373 0.0
1.05997 0.309813 0.0
1.04551 0.295489 0.0
1.02809 0.281571 0.0
1.00823 0.268154 0.0
0.986404 0.255285 0.0
0.963036 0.24299 0.0
0.938502 0.231283 0.0
0.91314 0.220171 0.0
0.887252 0.209661 0.0
0.861108 0.199752 0.0
0.834944 0.190441 0.0
0.808967 0.181719 0.0
0.783354 0.173571 0.0
0.758257 0.165979 0.0
0.7338 0.158921 0.0
0.710085 0.152369 0.0
0.687192 0.146292 0.0
0.665181 0.140659 0.0
0.644098 0.135434 0.0
0.62397 0.13058 0.0
0.604812 0.126059 0.0
0.586627 0.121832 0.0
0.569407 0.117859 0.0
0.553136 0.114102 0.0
0.53779 0.110521 0.0
0.523336 0.10708 0.0
0.50974 0.103742 0.0
0.49696 0.100473 0.0
0.484954 0.0972421 0.0
0.473675 0.0940207 0.0
0.463078 0.090784 0.0
0.453115 0.0875107 0.0
0.44374 0.0841834 0.0
0.434908 0.0807892 0.0
0.426577 0.0773191 0.0
0.418706 0.0737685 0.0
0.411256 0.0701367 0.0
0.404193 0.0664275 0.0
0.397484 0.0626479 0.0
0.391102 0.0588086 0.0
0.38502 0.0549234 0.0
0.379219 0.0510086 0.0
0.373678 0.0470828 0.0
0.368383 0.0431664 0.0
0.363322 0.0392808 0.0
0.358486 0.0354483 0.0
0.353869 0.031691 0.0
0.349467 0.028031 0.0
0.345279 0.0244892 0.0
0.341306 0.0210853 0.0
0.33755 0.017837 0.0
0.334015 0.0147598 0.0
0.330707 0.0118667 0.0
0.327633 0.00916741 0.0
0.324797 0.00666881 0.0
0.322209 0.00437437 0.0
0.319874 0.00228429 0.0
0.317801 0.00039579 0.0
0.315998 -0.00129647 0.0
0.314471 -0.00280258 0.0
0.313225 -0.00413683 0.0
0.312263 -0.00531524 0.0
0.31159 -0.00635563 0.0
0.31121 -0.00727742 0.0
0.311129 -0.00810139 0.0
0.311349 -0.00884935 0.0
0.311878 -0.00954388 0.0
0.31272 -0.0102079 0.0
0.313881 -0.0108646 0.0
0.315367 -0.0115366 0.0
0.317185 -0.0122463 0.0
0.319341 -0.013015 0.0
0.321843 -0.0138628 0.0
0.324698 -0.0148087 0.0
0.327912 -0.0158698 0.0
0.331492 -0.0170615 0.0
0.335443 -0.0183972 0.0
0.339771 -0.0198885 0.0
0.344478 -0.0215447 0.0
0.349568 -0.0233732 0.0
0.35504 -0.0253793 0.0
0.360893 -0.0275659 0.0
0.367122 -0.029934 0.0
0.373722 -0.032482 0.0
0.380684 -0.0352065 0.0
0.387997 -0.0381016 0.0
0.395647 -0.0411594 0.0
0.403619 -0.0443698 0.0
0.411893 -0.0477206 0.0
0.42045 -0.0511979 0.0
0.429266 -0.054786 0.0
0.438318 -0.0584675 0.0
0.447578 -0.0622237 0.0
0.457019 -0.0660345 0.0
0.466612 -0.0698786 0.0
0.476328 -0.0737342 0.0
0.486135 -0.0775787 0.0
0.496005 -0.0813891 0.0
0.505905 -0.0851427 0.0
0.515807 -0.0888168 0.0
0.52568 -0.0923893 0.0
0.535496 -0.0958385 0.0
0.545227 -0.0991441 0.0
0.554846 -0.102286 0.0
0.56433 -0.105247 0.0
0.573654 -0.10801 0.0
0.582797 -0.110559 0.0
0.591738 -0.112881 0.0
0.600461 -0.114963 0.0
0.608948 -0.116795 0.0
0.617185 -0.118367 0.0
0.625159 -0.119673 0.0
0.63286 -0.120706 0.0
0.64028 -0.121463 0.0
0.647409 -0.121939 0.0
0.654244 -0.122133 0.0
0.660779 -0.122045 0.0
0.667013 -0.121674 0.0
0.672943 -0.121023 0.0
0.67857 -0.120093 0.0
0.683895 -0.118888 0.0
0.688919 -0.11741 0.0
0.693646 -0.115663 0.0
0.698081 -0.113652 0.0
0.702226 -0.111381 0.0
0.706089 -0.108855 0.0
0.709675 -0.106078 0.0
0.712991 -0.103055 0.0
0.716044 -0.0997901 0.0
0.718843 -0.0962879 0.0
0.721396 -0.0925524 0.0
0.723712 -0.0885876 0.0
0.725801 -0.0843972 0.0
0.727672 -0.0799848 0.0
0.729338 -0.075354 0.0
0.73081 -0.0705082 0.0
0.732099 -0.0654513 0.0
0.733219 -0.0601873 0.0
0.734183 -0.0547209 0.0
0.735003 -0.0490578 0.0
0.735694 -0.0432046 0.0
0.736266 -0.0371693 0.0
0.736731 -0.0309622 0.0
0.737096 -0.0246018 0.0
0.737363 -0.018172 0.0
0.737522 -0.0123072 0.0
0.999961 0.0017793 0.0
0.999807 0.00533068 0.0
0.999497 0.00888319 0.0
0.999033 0.0124453 0.0
0.998414 0.0160256 0.0
0.99764 0.019633 0.0
0.996711 0.0232769 0.0
0.995626 0.0269668 0.0
0.994386 0.0307129 0.0
0.99299 0.034526 0.0
0.991438 0.0384175 0.0
0.989731 0.0423998 0.0
0.987868 0.0464858 0.0
0.985851 0.05069 0.0
0.983681 0.0550275 0.0
0.98136 0.0595151 0.0
0.97889 0.0641708 0.0
0.976275 0.0690143 0.0
0.973519 0.0740672 0.0
0.97063 0.0793526 0.0
0.967615 0.0848962 0.0
0.964485 0.0907256 0.0
0.961255 0.096871 0.0
0.95794 0.103365 0.0
0.954563 0.110242 0.0
0.95115 0.11754 0.0
0.947736 0.125299 0.0
0.944361 0.133561 0.0
0.941075 0.142367 0.0
0.937941 0.151761 0.0
0.935031 0.161785 0.0
0.932435 0.172477 0.0
0.930258 0.183868 0.0
0.928623 0.19598 0.0
0.927674 0.208819 0.0
0.927571 0.222368 0.0
0.928497 0.236583 0.0
0.930647 0.251377 0.0
0.934223 0.266616 0.0
0.939427 0.282104 0.0
0.946437 0.297579 0.0
0.955392 0.312697 0.0
0.966355 0.32704 0.0
0.979277 0.340119 0.0
0.993956 0.35139 0.0
1.00998 0.360292 0.0
1.02671 0.366313 0.0
1.04326 0.369085 0.0
1.05862 0.368503 0.0
1.07181 0.364801 0.0
1.08203 0.358484 0.0
1.08883 0.350178 0.0
1.09202 0.340493 0.0
1.09166 0.329939 0.0
1.08794 0.318905 0.0
1.08113 0.307662 0.0
1.07155 0.296395 0.0
1.05952 0.285223 0.0
1.04534 0.274226 0.0
1.02929 0.263461 0.0
1.01167 0.252971 0.0
0.992723 0.24279 0.0
0.972708 0.232946 0.0
0.951855 0.223464 0.0
0.930386 0.214363 0.0
0.908502 0.205657 0.0
0.886392 0.197354 0.0
0.864227 0.189458 0.0
0.84216 0.181966 0.0
0.820327 0.174872 0.0
0.798847 0.168163 0.0
0.777823 0.161823 0.0
0.757342 0.155835 0.0
0.737475 0.150174 0.0
0.718281 0.144817 0.0
0.699804 0.139736 0.0
0.682076 0.134903 0.0
0.665117 0.130288 0.0
0.648937 0.125861 0.0
0.633538 0.121593 0.0
0.618912 0.117452 0.0
0.605044 0.11341 0.0
0.591914 0.109441 0.0
0.579496 0.105519 0.0
0.567759 0.10162 0.0
0.556671 0.0977256 0.0
0.546196 0.093818 0.0
0.536299 0.0898839 0.0
0.526941 0.0859133 0.0
0.518087 0.0818999 0.0
0.509701 0.0778414 0.0
0.501748 0.0737385 0.0
0.494198 0.069596 0.0
0.487019 0.0654215 0.0
0.480185 0.0612257 0.0
0.473671 0.0570218 0.0
0.467456 0.0528253 0.0
0.461522 0.0486533 0.0
0.455852 0.0445244 0.0
0.450435 0.0404576 0.0
0.445261 0.0364726 0.0
0.440324 0.0325886 0.0
0.43562 0.0288243 0.0
0.431146 0.025197 0.0
0.426905 0.0217227 0.0
0.422899 0.0184152 0.0
0.419132 0.015286 0.0
0.415611 0.0123442 0.0
0.412342 0.0095957 0.0
0.409334 0.00704364 0.0
0.406596 0.00468789 0.0
0.404137 0.0025252 0.0
0.401964 0.000549481 0.0
0.40009 -0.00124749 0.0
0.398523 -0.00287833 0.0
0.39727 -0.00435887 0.0
0.396337 -0.00570671 0.0
0.395732 -0.00694101 0.0
0.395458 -0.00808235 0.0
0.395521 -0.00915236 0.0
0.395925 -0.0101735 0.0
0.396673 -0.0111686 0.0
0.397769 -0.0121608 0.0
0.399216 -0.0131729 0.0
0.401015 -0.014227 0.0
0.403169 -0.0153445 0.0
0.405679 -0.0165454 0.0
0.408546 -0.0178482 0.0
0.411772 -0.0192698 0.0
0.415355 -0.020825 0.0
0.419297 -0.0225265 0.0
0.423595 -0.0243848 0.0
0.428247 -0.0264081 0.0
0.43325 -0.0286022 0.0
0.438598 -0.0309709 0.0
0.444287 -0.0335152 0.0
0.450306 -0.036234 0.0
0.456648 -0.0391237 0.0
0.4633 -0.0421787 0.0
0.470248 -0.0453908 0.0
0.477478 -0.0487499 0.0
0.484971 -0.0522439 0.0
0.492709 -0.0558584 0.0
0.50067 -0.0595778 0.0
0.508831 -0.0633843 0.0
0.51717 -0.0672592 0.0
0.52566 -0.0711823 0.0
0.534276 -0.0751324 0.0
0.542989 -0.0790875 0.0
0.551773 -0.0830252 0.0
0.560601 -0.0869227 0.0
0.569443 -0.0907571 0.0
0.578274 -0.094506 0.0
0.587066 -0.0981472 0.0
0.595794 -0.10166 0.0
0.604432 -0.105022 0.0
0.612957 -0.108216 0.0
0.621347 -0.111224 0.0
0.629581 -0.114027 0.0
0.637639 -0.116612 0.0
0.645505 -0.118965 0.0
0.653162 -0.121073 0.0
0.660596 -0.122927 0.0
0.667795 -0.124516 0.0
0.674748 -0.125835 0.0
0.681447 -0.126878 0.0
0.687884 -0.12764 0.0
0.694054 -0.128118 0.0
0.699952 -0.128311 0.0
0.705576 -0.128219 0.0
0.710924 -0.127843 0.0
0.715997 -0.127183 0.0
0.720795 -0.126243 0.0
0.72532 -0.125026 0.0
0.729576 -0.123536 0.0
0.733566 -0.121776 0.0
0.737295 -0.119753 0.0
0.740768 -0.11747 0.0
0.743991 -0.114933 0.0
0.746972 -0.112147 0.0
0.749717 -0.109117 0.0
0.752234 -0.105849 0.0
0.75453 -0.102347 0.0
0.756616 -0.0986156 0.0
0.758499 -0.0946605 0.0
0.760189 -0.0904856 0.0
0.761696 -0.0860953 0.0
0.763031 -0.0814937 0.0
0.764205 -0.0766848 0.0
0.765229 -0.0716727 0.0
0.766114 -0.0664617 0.0
0.766873 -0.0610562 0.0
0.767519 -0.0554613 0.0
0.768064 -0.0496823 0.0
0.768519 -0.0437254 0.0
0.768896 -0.0375977 0.0
0.769204 -0.0313073 0.0
0.769452 -0.0248696 0.0
0.769642 -0.018361 0.0
0.769766 -0.0124019 0.0
0.999964 0.00185437 0.0
0.999818 0.00555583 0.0
0.999527 0.00925838 0.0
0.999091 0.0129705 0.0
0.998509 0.0167009 0.0
0.997782 0.0204585 0.0
0.996911 0.0242525 0.0
0.995894 0.0280925 0.0
0.994733 0.0319886 0.0
0.993428 0.0359514 0.0
0.99198 0.0399922 0.0
0.990389 0.044123 0.0
0.988658 0.0483565 0.0
0.986787 0.0527066 0.0
0.98478 0.057188 0.0
0.98264 0.0618165 0.0
0.98037 0.0666094 0.0
0.977975 0.0715852 0.0
0.975464 0.0767637 0.0
0.972842 0.0821667 0.0
0.970122 0.0878175 0.0
0.967315 0.0937409 0.0
0.964437 0.0999639 0.0
0.961509 0.106515 0.0
0.958553 0.113425 0.0
0.955599 0.120724 0.0
0.952681 0.128447 0.0
0.949842 0.136627 0.0
0.947132 0.145296 0.0
0.944611 0.154487 0.0
0.94235 0.164229 0.0
0.940433 0.174546 0.0
0.938955 0.185453 0.0
0.938026 0.196957 0.0
0.937773 0.209045 0.0
0.938331 0.221686 0.0
0.93985 0.23482 0.0
0.942486 0.248354 0.0
0.946393 0.262154 0.0
0.951716 0.276039 0.0
0.958576 0.289774 0.0
0.967052 0.303072 0.0
0.977158 0.315597 0.0
0.988822 0.326975 0.0
1.00186 0.336816 0.0
1.01596 0.344743 0.0
1.03065 0.350438 0.0
1.04537 0.353694 0.0
1.05943 0.354464 0.0
1.0722 0.352887 0.0
1.08312 0.349256 0.0
1.09178 0.343951 0.0
1.09794 0.337364 0.0
1.10153 0.329849 0.0
1.10255 0.321694 0.0
1.10111 0.31312 0.0
1.09733 0.304286 0.0
1.09139 0.295308 0.0
1.08345 0.286269 0.0
1.07368 0.277231 0.0
1.06226 0.268245 0.0
1.04937 0.259352 0.0
1.03518 0.250588 0.0
1.01987 0.241986 0.0
1.0036 0.233575 0.0
0.986555 0.225378 0.0
0.968882 0.217415 0.0
0.950742 0.209703 0.0
0.932279 0.202251 0.0
0.913631 0.195067 0.0
0.894925 0.188153 0.0
0.876277 0.181505 0.0
0.857792 0.175119 0.0
0.839562 0.168985 0.0
0.821671 0.163091 0.0
0.804188 0.157422 0.0
0.787174 0.15196 0.0
0.770676 0.146688 0.0
0.754734 0.141584 0.0
0.739376 0.136627 0.0
0.724622 0.131797 0.0
0.710484 0.127072 0.0
0.696964 0.12243 0.0
0.684059 0.117853 0.0
0.67176 0.113322 0.0
0.660053 0.10882 0.0
0.648918 0.104333 0.0
0.638333 0.0998509 0.0
0.628274 0.0953631 0.0
0.618714 0.0908642 0.0
0.609625 0.0863514 0.0
0.600981 0.0818248 0.0
0.592754 0.0772874 0.0
0.584918 0.0727452 0.0
0.577447 0.0682067 0.0
0.570319 0.0636827 0.0
0.563512 0.0591861 0.0
0.557008 0.0547313 0.0
0.55079 0.050334 0.0
0.544844 0.0460106 0.0
0.53916 0.0417777 0.0
0.533729 0.0376521 0.0
0.528545 0.0336496 0.0
0.523604 0.0297855 0.0
0.518906 0.0260732 0.0
0.514452 0.0225248 0.0
0.510246 0.0191499 0.0
0.506291 0.0159561 0.0
0.502595 0.0129482 0.0
0.499166 0.0101285 0.0
0.496011 0.00749614 0.0
0.49314 0.00504766 0.0
0.490562 0.00277653 0.0
0.488289 0.000673599 0.0
0.486329 -0.00127243 0.0
0.484694 -0.00307654 0.0
0.483393 -0.00475551 0.0
0.482434 -0.00632768 0.0
0.481825 -0.00781269 0.0
0.481571 -0.00923131 0.0
0.481677 -0.0106051 0.0
0.482148 -0.0119561 0.0
0.482985 -0.0133065 0.0
0.48419 -0.0146785 0.0
0.485763 -0.0160935 0.0
0.487703 -0.0175721 0.0
0.490009 -0.0191337 0.0
0.492678 -0.0207962 0.0
0.495706 -0.0225756 0.0
0.499089 -0.0244861 0.0
0.502822 -0.0265395 0.0
0.506897 -0.0287453 0.0
0.511309 -0.0311107 0.0
0.516047 -0.0336405 0.0
0.521102 -0.0363369 0.0
0.526464 -0.0391995 0.0
0.532121 -0.0422258 0.0
0.538058 -0.0454105 0.0
0.54426 -0.0487462 0.0
0.550712 -0.0522233 0.0
0.557395 -0.0558298 0.0
0.564289 -0.0595519 0.0
0.571375 -0.0633741 0.0
0.578631 -0.0672788 0.0
0.586033 -0.0712475 0.0
0.593559 -0.0752601 0.0
0.601183 -0.0792955 0.0
0.60888 -0.083332 0.0
0.616626 -0.0873473 0.0
0.624395 -0.0913187 0.0
0.632162 -0.0952235 0.0
0.639903 -0.0990394 0.0
0.647593 -0.102744 0.0
0.655209 -0.106317 0.0
0.66273 -0.109738 0.0
0.670133 -0.112986 0.0
0.677401 -0.116045 0.0
0.684514 -0.118898 0.0
0.691457 -0.121529 0.0
0.698213 -0.123925 0.0
0.70477 -0.126075 0.0
0.711116 -0.127966 0.0
0.71724 -0.129592 0.0
0.723135 -0.130945 0.0
0.728793 -0.132019 0.0
0.734209 -0.13281 0.0
0.739379 -0.133315 0.0
0.744301 -0.133534 0.0
0.748973 -0.133466 0.0
0.753396 -0.133111 0.0
0.75757 -0.132473 0.0
0.761497 -0.131553 0.0
0.765182 -0.130355 0.0
0.768626 -0.128884 0.0
0.771836 -0.127143 0.0
0.774817 -0.125139 0.0
0.777574 -0.122876 0.0
0.780114 -0.12036 0.0
0.782444 -0.117597 0.0
0.784572 -0.114591 0.0
0.786505 -0.11135 0.0
0.788251 -0.107879 0.0
0.78982 -0.104182 0.0
0.791219 -0.100265 0.0
0.792459 -0.0961337 0.0
0.793549 -0.0917923 0.0
0.794498 -0.0872456 0.0
0.795318 -0.0824982 0.0
0.796019 -0.0775546 0.0
0.796611 -0.0724192 0.0
0.797107 -0.0670965 0.0
0.797518 -0.0615914 0.0
0.797855 -0.0559088 0.0
0.79813 -0.050054 0.0
0.798354 -0.0440328 0.0
0.798538 -0.0378511 0.0
0.798691 -0.0315157 0.0
0.798821 -0.0250394 0.0
0.798933 -0.018493 0.0
0.799021 -0.0124825 0.0
0.999966 0.00192486 0.0
0.99983 0.00576721 0.0
0.999557 0.00961054 0.0
0.999148 0.0134633 0.0
0.998604 0.0173341 0.0
0.997924 0.0212318 0.0
0.99711 0.0251656 0.0
0.996161 0.0291449 0.0
0.995078 0.0331795 0.0
0.993864 0.0372801 0.0
0.992518 0.0414574 0.0
0.991043 0.0457232 0.0
0.989441 0.0500897 0.0
0.987715 0.0545703 0.0
0.985867 0.0591788 0.0
0.983903 0.0639303 0.0
0.981828 0.068841 0.0
0.979648 0.073928 0.0
0.977371 0.0792099 0.0
0.975007 0.0847062 0.0
0.972567 0.090438 0.0
0.970067 0.0964275 0.0
0.967523 0.102698 0.0
0.964957 0.109275 0.0
0.962393 0.116184 0.0
0.959861 0.123451 0.0
0.957397 0.131103 0.0
0.955042 0.139165 0.0
0.952847 0.147664 0.0
0.950867 0.15662 0.0
0.94917 0.166054 0.0
0.947832 0.175977 0.0
0.94694 0.186393 0.0
0.946591 0.197295 0.0
0.946892 0.20866 0.0
0.947958 0.220446 0.0
0.949909 0.232588 0.0
0.952868 0.244991 0.0
0.956952 0.257527 0.0
0.962263 0.270032 0.0
0.968879 0.282304 0.0
0.97684 0.294104 0.0
0.986134 0.305165 0.0
0.996679 0.315198 0.0
1.00831 0.323919 0.0
1.02079 0.331066 0.0
1.03378 0.336434 0.0
1.04686 0.339901 0.0
1.0596 0.341449 0.0
1.07156 0.341177 0.0
1.08234 0.339272 0.0
1.09163 0.335983 0.0
1.09922 0.331571 0.0
1.105 0.326285 0.0
1.1089 0.320335 0.0
1.11093 0.313893 0.0
1.11113 0.307088 0.0
1.10956 0.30002 0.0
1.10629 0.292762 0.0
1.10143 0.285371 0.0
1.09506 0.277894 0.0
1.08728 0.270369 0.0
1.07821 0.26283 0.0
1.06796 0.255309 0.0
1.05664 0.247835 0.0
1.04438 0.240431 0.0
1.03129 0.233123 0.0
1.0175 0.225928 0.0
1.00312 0.218864 0.0
0.988281 0.211944 0.0
0.973085 0.205177 0.0
0.957644 0.19857 0.0
0.942058 0.192125 0.0
0.926424 0.185843 0.0
0.910828 0.17972 0.0
0.895351 0.173752 0.0
0.880065 0.167931 0.0
0.865032 0.162247 0.0
0.850307 0.15669 0.0
0.835939 0.151247 0.0
0.821963 0.145906 0.0
0.808413 0.140652 0.0
0.79531 0.135473 0.0
0.782671 0.130354 0.0
0.770504 0.125285 0.0
0.758815 0.120254 0.0
0.7476 0.11525 0.0
0.736854 0.110266 0.0
0.726566 0.105295 0.0
0.716723 0.100335 0.0
0.70731 0.0953824 0.0
0.698308 0.0904391 0.0
0.6897 0.085508 0.0
0.681467 0.0805944 0.0
0.673589 0.0757059 0.0
0.666049 0.070852 0.0
0.658829 0.0660438 0.0
0.651913 0.0612938 0.0
0.645287 0.0566155 0.0
0.638939 0.0520229 0.0
0.632858 0.0475305 0.0
0.627037 0.0431524 0.0
0.621468 0.0389022 0.0
0.616149 0.0347928 0.0
0.611077 0.0308355 0.0
0.606253 0.0270402 0.0
0.601679 0.0234149 0.0
0.597359 0.0199654 0.0
0.593299 0.0166952 0.0
0.589505 0.0136052 0.0
0.585985 0.0106941 0.0
0.582748 0.00795755 0.0
0.579803 0.00538879 0.0
0.57716 0.00297842 0.0
0.574828 0.000714588 0.0
0.572816 -0.00141705 0.0
0.571136 -0.00343352 0.0
0.569797 -0.00535187 0.0
0.568808 -0.00719046 0.0
0.568177 -0.00896868 0.0
0.56791 -0.0107067 0.0
0.56801 -0.0124252 0.0
0.568481 -0.0141451 0.0
0.569323 -0.0158871 0.0
0.570536 -0.0176713 0.0
0.572119 -0.0195173 0.0
0.574068 -0.021443 0.0
0.576377 -0.0234653 0.0
0.579041 -0.0255991 0.0
0.582053 -0.0278573 0.0
0.585403 -0.0302508 0.0
0.589081 -0.032788 0.0
0.593077 -0.035475 0.0
0.597378 -0.0383153 0.0
0.60197 -0.04131 0.0
0.60684 -0.0444576 0.0
0.61197 -0.0477541 0.0
0.617344 -0.0511932 0.0
0.622944 -0.0547662 0.0
0.628751 -0.0584621 0.0
0.634745 -0.0622679 0.0
0.640905 -0.0661687 0.0
0.64721 -0.0701477 0.0
0.653636 -0.074187 0.0
0.660161 -0.0782668 0.0
0.666762 -0.0823668 0.0
0.673414 -0.0864654 0.0
0.680096 -0.0905409 0.0
0.686782 -0.0945709 0.0
0.693451 -0.098533 0.0
0.70008 -0.102405 0.0
0.706648 -0.106166 0.0
0.713133 -0.109793 0.0
0.719517 -0.113268 0.0
0.725781 -0.116571 0.0
0.731907 -0.119684 0.0
0.737881 -0.12259 0.0
0.743689 -0.125274 0.0
0.749317 -0.127724 0.0
0.754755 -0.129925 0.0
0.759993 -0.13187 0.0
0.765024 -0.133548 0.0
0.769841 -0.134952 0.0
0.774439 -0.136077 0.0
0.778815 -0.13692 0.0
0.782966 -0.137476 0.0
0.786891 -0.137745 0.0
0.790591 -0.137726 0.0
0.794067 -0.137421 0.0
0.797321 -0.136832 0.0
0.800357 -0.135962 0.0
0.803178 -0.134813 0.0
0.80579 -0.133391 0.0
0.808197 -0.1317 0.0
0.810405 -0.129746 0.0
0.812421 -0.127534 0.0
0.814252 -0.12507 0.0
0.815905 -0.12236 0.0
0.817388 -0.11941 0.0
0.818709 -0.116226 0.0
0.819875 -0.112815 0.0
0.820895 -0.109181 0.0
0.821778 -0.105331 0.0
0.822533 -0.10127 0.0
0.823169 -0.0970043 0.0
0.823696 -0.092538 0.0
0.824123 -0.0878764 0.0
0.82446 -0.0830245 0.0
0.824718 -0.0779868 0.0
0.824907 -0.0727683 0.0
0.825037 -0.0673737 0.0
0.82512 -0.0618078 0.0
0.825167 -0.0560758 0.0
0.825187 -0.0501826 0.0
0.825193 -0.0441337 0.0
0.825193 -0.0379344 0.0
0.825198 -0.0315905 0.0
0.825216 -0.0251132 0.0
0.825254 -0.0185686 0.0
0.825307 -0.0125479 0.0
0.999968 0.00199079 0.0
0.999841 0.00596489 0.0
0.999587 0.00993977 0.0
0.999205 0.0139238 0.0
0.998698 0.0179254 0.0
0.998065 0.0219534 0.0
0.997307 0.0260167 0.0
0.996425 0.0301246 0.0
0.99542 0.0342868 0.0
0.994294 0.0385133 0.0
0.993049 0.0428149 0.0
0.991687 0.0472025 0.0
0.990212 0.0516882 0.0
0.988626 0.0562843 0.0
0.986934 0.0610042 0.0
0.985141 0.0658618 0.0
0.983253 0.0708723 0.0
0.981279 0.0760513 0.0
0.979227 0.0814158 0.0
0.977107 0.0869835 0.0
0.974934 0.0927731 0.0
0.972723 0.0988042 0.0
0.970491 0.105097 0.0
0.968261 0.111673 0.0
0.966059 0.118553 0.0
0.963913 0.125759 0.0
0.96186 0.133312 0.0
0.959939 0.141231 0.0
0.958199 0.149534 0.0
0.956693 0.158236 0.0
0.955481 0.167346 0.0
0.954635 0.176869 0.0
0.954229 0.186798 0.0
0.954349 0.197118 0.0
0.955086 0.207799 0.0
0.956534 0.218794 0.0
0.95879 0.230033 0.0
0.96195 0.241427 0.0
0.9661 0.252858 0.0
0.971311 0.264179 0.0
0.977633 0.275219 0.0
0.985079 0.285781 0.0
0.993622 0.295651 0.0
1.00318 0.304607 0.0
1.01362 0.312437 0.0
1.02474 0.318953 0.0
1.03628 0.324017 0.0
1.04797 0.327552 0.0
1.05947 0.329555 0.0
1.07049 0.330099 0.0
1.08074 0.329316 0.0
1.09001 0.327379 0.0
1.09811 0.324474 0.0
1.10494 0.32078 0.0
1.11042 0.316456 0.0
1.11453 0.311636 0.0
1.11725 0.306425 0.0
1.1186 0.300903 0.0
1.11861 0.295135 0.0
1.1173 0.289168 0.0
1.11473 0.28304 0.0
1.11094 0.276786 0.0
1.10599 0.270432 0.0
1.09995 0.264005 0.0
1.09288 0.257528 0.0
1.08485 0.251024 0.0
1.07596 0.244511 0.0
1.06628 0.23801 0.0
1.05591 0.231536 0.0
1.04492 0.225104 0.0
1.0334 0.218726 0.0
1.02145 0.212411 0.0
1.00916 0.206167 0.0
0.996594 0.199999 0.0
0.983845 0.193909 0.0
0.970986 0.1879 0.0
0.958086 0.181969 0.0
0.945213 0.176116 0.0
0.932424 0.170335 0.0
0.919774 0.164622 0.0
0.907311 0.15897 0.0
0.895074 0.153374 0.0
0.8831 0.147827 0.0
0.871416 0.142322 0.0
0.860047 0.136853 0.0
0.849008 0.131414 0.0
0.838313 0.126 0.0
0.827968 0.120607 0.0
0.817977 0.115233 0.0
0.808338 0.109878 0.0
0.799049 0.104542 0.0
0.790103 0.0992273 0.0
0.781492 0.093939 0.0
0.773206 0.088683 0.0
0.765234 0.0834669 0.0
0.757565 0.0782998 0.0
0.750189 0.0731922 0.0
0.743095 0.0681554 0.0
0.736273 0.0632016 0.0
0.729715 0.0583432 0.0
0.723413 0.0535929 0.0
0.717362 0.048963 0.0
0.711557 0.0444652 0.0
0.705996 0.0401103 0.0
0.700677 0.0359079 0.0
0.695603 0.0318661 0.0
0.690775 0.0279912 0.0
0.686196 0.0242873 0.0
0.681873 0.0207568 0.0
0.677811 0.0173995 0.0
0.674018 0.0142129 0.0
0.670501 0.0111923 0.0
0.66727 0.00833034 0.0
0.664332 0.00561755 0.0
0.661698 0.00304211 0.0
0.659375 0.000589925 0.0
0.657371 -0.00175619 0.0
0.655695 -0.00401436 0.0
0.654357 -0.00620134 0.0
0.653365 -0.00833483 0.0
0.652725 -0.0104334 0.0
0.652443 -0.012516 0.0
0.65252 -0.0146019 0.0
0.652957 -0.0167101 0.0
0.653755 -0.0188593 0.0
0.65491 -0.021067 0.0
0.656418 -0.02335 0.0
0.658273 -0.0257233 0.0
0.660469 -0.0282005 0.0
0.662994 -0.030793 0.0
0.665839 -0.0335104 0.0
0.668992 -0.0363598 0.0
0.672439 -0.039346 0.0
0.676166 -0.0424713 0.0
0.680155 -0.0457357 0.0
0.684391 -0.0491366 0.0
0.688855 -0.0526689 0.0
0.693527 -0.0563252 0.0
0.698389 -0.060096 0.0
0.703419 -0.0639693 0.0
0.708595 -0.0679315 0.0
0.713897 -0.0719669 0.0
0.719301 -0.0760583 0.0
0.724786 -0.0801873 0.0
0.730329 -0.084334 0.0
0.735906 -0.088478 0.0
0.741497 -0.0925979 0.0
0.74708 -0.0966721 0.0
0.752632 -0.100679 0.0
0.758134 -0.104596 0.0
0.763567 -0.108404 0.0
0.768912 -0.112079 0.0
0.774151 -0.115604 0.0
0.779268 -0.118959 0.0
0.784249 -0.122126 0.0
0.789082 -0.125088 0.0
0.793752 -0.127831 0.0
0.798252 -0.13034 0.0
0.802571 -0.132605 0.0
0.806703 -0.134614 0.0
0.810641 -0.136358 0.0
0.814382 -0.137831 0.0
0.817921 -0.139026 0.0
0.821258 -0.139939 0.0
0.824391 -0.140567 0.0
0.827322 -0.14091 0.0
0.830051 -0.140965 0.0
0.832581 -0.140736 0.0
0.834916 -0.140223 0.0
0.837059 -0.139429 0.0
0.839017 -0.138358 0.0
0.840793 -0.137014 0.0
0.842393 -0.135402 0.0
0.843826 -0.133528 0.0
0.845096 -0.131397 0.0
0.846212 -0.129015 0.0
0.847181 -0.126388 0.0
0.84801 -0.123523 0.0
0.848707 -0.120426 0.0
0.849281 -0.117104 0.0
0.849739 -0.113562 0.0
0.850091 -0.109806 0.0
0.850344 -0.105843 0.0
0.850508 -0.101678 0.0
0.850591 -0.0973165 0.0
0.850603 -0.0927643 0.0
0.850553 -0.0880266 0.0
0.850449 -0.0831083 0.0
0.850303 -0.0780144 0.0
0.850123 -0.0727499 0.0
0.84992 -0.0673197 0.0
0.849704 -0.0617288 0.0
0.849485 -0.0559822 0.0
0.849274 -0.050085 0.0
0.849079 -0.0440423 0.0
0.848912 -0.037859 0.0
0.848781 -0.0315404 0.0
0.848697 -0.0250968 0.0
0.848665 -0.0185909 0.0
0.848685 -0.0125979 0.0
0.99997 0.00205221 0.0
0.999852 0.00614903 0.0
0.999616 0.0102464 0.0
0.999262 0.0143524 0.0
0.99879 0.0184754 0.0
0.998203 0.022624 0.0
0.9975 0.0268069 0.0
0.996684 0.031033 0.0
0.995755 0.0353119 0.0
0.994716 0.0396531 0.0
0.993569 0.0440669 0.0
0.992318 0.048564 0.0
0.990965 0.0531555 0.0
0.989514 0.0578533 0.0
0.987972 0.0626697 0.0
0.986343 0.0676177 0.0
0.984636 0.0727113 0.0
0.982858 0.0779647 0.0
0.981019 0.0833933 0.0
0.979132 0.0890127 0.0
0.977209 0.0948396 0.0
0.975267 0.100891 0.0
0.973326 0.107184 0.0
0.971406 0.113736 0.0
0.969533 0.120565 0.0
0.967738 0.127688 0.0
0.966054 0.135121 0.0
0.964519 0.142877 0.0
0.963179 0.150969 0.0
0.962083 0.159404 0.0
0.961286 0.168186 0.0
0.960852 0.177311 0.0
0.960846 0.186767 0.0
0.961342 0.196533 0.0
0.962415 0.206574 0.0
0.964145 0.216841 0.0
0.966607 0.227267 0.0
0.969875 0.237766 0.0
0.974013 0.248231 0.0
0.97907 0.258537 0.0
0.985073 0.268537 0.0
0.992021 0.278069 0.0
0.99988 0.286962 0.0
1.00857 0.295043 0.0
1.01799 0.302151 0.0
1.02796 0.308149 0.0
1.03829 0.312938 0.0
1.04877 0.316467 0.0
1.05917 0.318738 0.0
1.06926 0.319806 0.0
1.07885 0.319768 0.0
1.08776 0.318751 0.0
1.09586 0.316894 0.0
1.10306 0.314331 0.0
1.1093 0.311188 0.0
1.11453 0.307571 0.0
1.11873 0.303566 0.0
1.1219 0.299243 0.0
1.12403 0.294654 0.0
1.12514 0.289841 0.0
1.12525 0.284837 0.0
1.12436 0.279668 0.0
1.1225 0.274356 0.0
1.11971 0.26892 0.0
1.11601 0.263379 0.0
1.11146 0.257749 0.0
1.10609 0.252046 0.0
1.09996 0.246284 0.0
1.09312 0.240477 0.0
1.08564 0.234637 0.0
1.07757 0.228774 0.0
1.06898 0.222899 0.0
1.05994 0.21702 0.0
1.0505 0.211143 0.0
1.04074 0.205275 0.0
1.03072 0.199418 0.0
1.02049 0.193577 0.0
1.01012 0.187752 0.0
0.999662 0.181946 0.0
0.989166 0.176156 0.0
0.978681 0.170384 0.0
0.96825 0.164628 0.0
0.957911 0.158886 0.0
0.9477 0.153158 0.0
0.937646 0.147442 0.0
0.927773 0.141736 0.0
0.918104 0.136042 0.0
0.908654 0.130359 0.0
0.899437 0.12469 0.0
0.89046 0.119036 0.0
0.881732 0.113401 0.0
0.873255 0.107791 0.0
0.865029 0.102212 0.0
0.857055 0.0966707 0.0
0.84933 0.0911763 0.0
0.841851 0.0857383 0.0
0.834613 0.0803672 0.0
0.827614 0.0750739 0.0
0.820849 0.0698701 0.0
0.814315 0.0647673 0.0
0.808008 0.0597771 0.0
0.801928 0.0549105 0.0
0.796072 0.0501779 0.0
0.790442 0.0455888 0.0
0.785039 0.0411511 0.0
0.779864 0.0368717 0.0
0.774923 0.0327554 0.0
0.770219 0.0288054 0.0
0.765759 0.0250227 0.0
0.761548 0.0214063 0.0
0.757594 0.017953 0.0
0.753906 0.0146574 0.0
0.75049 0.0115121 0.0
0.747356 0.00850733 0.0
0.744512 0.00563148 0.0
0.741964 0.00287099 0.0
0.739721 0.000210015 0.0
0.737787 -0.00237104 0.0
0.73617 -0.00488985 0.0
0.734878 -0.0073622 0.0
0.733917 -0.00980487 0.0
0.73329 -0.0122351 0.0
0.733001 -0.0146703 0.0
0.733049 -0.0171278 0.0
0.733434 -0.0196242 0.0
0.734153 -0.0221756 0.0
0.7352 -0.0247968 0.0
0.736569 -0.0275011 0.0
0.738252 -0.0303004 0.0
0.740238 -0.0332047 0.0
0.742515 -0.0362218 0.0
0.745071 -0.0393575 0.0
0.747891 -0.0426152 0.0
0.750959 -0.0459961 0.0
0.754257 -0.0494988 0.0
0.757768 -0.0531198 0.0
0.761471 -0.056853 0.0
0.765348 -0.0606904 0.0
0.769377 -0.0646214 0.0
0.773537 -0.0686338 0.0
0.777807 -0.0727133 0.0
0.782164 -0.0768441 0.0
0.786587 -0.0810089 0.0
0.791055 -0.0851891 0.0
0.795546 -0.0893652 0.0
0.800038 -0.093517 0.0
0.804512 -0.0976237 0.0
0.808948 -0.101664 0.0
0.813326 -0.105618 0.0
0.817631 -0.109464 0.0
0.821844 -0.113182 0.0
0.825951 -0.116752 0.0
0.829937 -0.120157 0.0
0.833791 -0.123377 0.0
0.8375 -0.126398 0.0
0.841055 -0.129203 0.0
0.844448 -0.131779 0.0
0.847671 -0.134115 0.0
0.85072 -0.136199 0.0
0.853591 -0.138022 0.0
0.85628 -0.139577 0.0
0.858786 -0.140858 0.0
0.861109 -0.14186 0.0
0.863249 -0.142581 0.0
0.865209 -0.143018 0.0
0.866992 -0.143171 0.0
0.868599 -0.143041 0.0
0.870037 -0.142629 0.0
0.87131 -0.141938 0.0
0.872423 -0.140971 0.0
0.873383 -0.139733 0.0
0.874196 -0.138228 0.0
0.874868 -0.136462 0.0
0.875408 -0.13444 0.0
0.875821 -0.132169 0.0
0.876117 -0.129654 0.0
0.876301 -0.126902 0.0
0.876383 -0.12392 0.0
0.876371 -0.120714 0.0
0.876271 -0.11729 0.0
0.876093 -0.113655 0.0
0.875844 -0.109815 0.0
0.875533 -0.105776 0.0
0.875168 -0.101543 0.0
0.874758 -0.0971235 0.0
0.87431 -0.0925217 0.0
0.873835 -0.0877432 0.0
0.87334 -0.0827935 0.0
0.872835 -0.0776776 0.0
0.872328 -0.0724007 0.0
0.87183 -0.0669678 0.0
0.871349 -0.061384 0.0
0.870896 -0.0556543 0.0
0.870478 -0.0497839 0.0
0.870107 -0.0437777 0.0
0.869792 -0.0376406 0.0
0.869541 -0.0313778 0.0
0.869366 -0.024999 0.0
0.869273 -0.0185643 0.0
0.869262 -0.0126327 0.0
0.999973 0.00210922 0.0
0.999863 0.0063199 0.0
0.999644 0.0105307 0.0
0.999317 0.0147497 0.0
0.998881 0.0189849 0.0
0.998338 0.0232447 0.0
0.997689 0.0275374 0.0
0.996937 0.0318718 0.0
0.996082 0.0362568 0.0
0.995127 0.0407019 0.0
0.994075 0.0452167 0.0
0.99293 0.0498113 0.0
0.991695 0.0544962 0.0
0.990375 0.0592825 0.0
0.988976 0.0641817 0.0
0.987505 0.0692057 0.0
0.985968 0.0743671 0.0
0.984376 0.0796791 0.0
0.982739 0.085155 0.0
0.981069 0.090809 0.0
0.979379 0.0966552 0.0
0.977688 0.102708 0.0
0.976013 0.108983 0.0
0.974377 0.115493 0.0
0.972805 0.122253 0.0
0.971325 0.129276 0.0
0.96997 0.136573 0.0
0.968776 0.144153 0.0
0.967784 0.152024 0.0
0.967041 0.160188 0.0
0.966595 0.168643 0.0
0.966503 0.17738 0.0
0.966822 0.186384 0.0
0.967615 0.195628 0.0
0.968944 0.205077 0.0
0.970874 0.21468 0.0
0.973466 0.224374 0.0
0.976774 0.234081 0.0
0.980846 0.243706 0.0
0.985714 0.253138 0.0
0.991391 0.262256 0.0
0.997868 0.270925 0.0
1.00511 0.279008 0.0
1.01304 0.286369 0.0
1.02157 0.292884 0.0
1.03057 0.29845 0.0
1.03988 0.302993 0.0
1.04933 0.306476 0.0
1.05876 0.308903 0.0
1.06799 0.310316 0.0
1.07688 0.310786 0.0
1.08529 0.31041 0.0
1.09313 0.309294 0.0
1.10032 0.307543 0.0
1.1068 0.305258 0.0
1.11255 0.302527 0.0
1.11753 0.299423 0.0
1.12174 0.296006 0.0
1.12517 0.292323 0.0
1.12782 0.288411 0.0
1.12969 0.284297 0.0
1.13078 0.280005 0.0
1.13111 0.275552 0.0
1.13067 0.270953 0.0
1.12949 0.266221 0.0
1.12758 0.261367 0.0
1.12498 0.256404 0.0
1.1217 0.251339 0.0
1.11777 0.246184 0.0
1.11324 0.240946 0.0
1.10813 0.235635 0.0
1.1025 0.230257 0.0
1.09639 0.22482 0.0
1.08984 0.21933 0.0
1.0829 0.213792 0.0
1.07561 0.208212 0.0
1.06803 0.202593 0.0
1.06019 0.196939 0.0
1.05216 0.191254 0.0
1.04396 0.18554 0.0
1.03565 0.1798 0.0
1.02726 0.174036 0.0
1.01882 0.168251 0.0
1.01038 0.162447 0.0
1.00196 0.156627 0.0
0.993586 0.150794 0.0
0.98529 0.14495 0.0
0.977089 0.139101 0.0
0.969003 0.133252 0.0
0.961045 0.127407 0.0
0.953229 0.121574 0.0
0.945565 0.11576 0.0
0.938061 0.109973 0.0
0.930723 0.104222 0.0
0.923556 0.0985173 0.0
0.916563 0.0928692 0.0
0.909748 0.0872888 0.0
0.903112 0.0817874 0.0
0.896657 0.0763762 0.0
0.890386 0.0710668 0.0
0.8843 0.0658699 0.0
0.878402 0.0607961 0.0
0.872695 0.0558548 0.0
0.867183 0.0510545 0.0
0.861869 0.0464024 0.0
0.85676 0.0419043 0.0
0.85186 0.0375641 0.0
0.847176 0.0333842 0.0
0.842716 0.0293648 0.0
0.838486 0.0255044 0.0
0.834495 0.0217993 0.0
0.830751 0.0182439 0.0
0.827262 0.0148304 0.0
0.824035 0.0115494 0.0
0.82108 0.00838946 0.0
0.818403 0.00533772 0.0
0.81601 0.00237958 0.0
0.813905 -0.000502394 0.0
0.812093 -0.00332926 0.0
0.810578 -0.00611587 0.0
0.809366 -0.00887737 0.0
0.808459 -0.0116293 0.0
0.807859 -0.0143872 0.0
0.807567 -0.0171666 0.0
0.807579 -0.0199824 0.0
0.807891 -0.0228489 0.0
0.8085 -0.0257789 0.0
0.809396 -0.0287843 0.0
0.810571 -0.0318751 0.0
0.812015 -0.0350596 0.0
0.813714 -0.0383442 0.0
0.815656 -0.0417332 0.0
0.817826 -0.0452287 0.0
0.820206 -0.0488305 0.0
0.82278 -0.0525364 0.0
0.825529 -0.0563417 0.0
0.828434 -0.0602396 0.0
0.831475 -0.0642214 0.0
0.834632 -0.0682761 0.0
0.837884 -0.0723911 0.0
0.84121 -0.0765519 0.0
0.84459 -0.0807428 0.0
0.848003 -0.0849465 0.0
0.851429 -0.089145 0.0
0.854848 -0.0933191 0.0
0.858242 -0.0974492 0.0
0.861592 -0.101515 0.0
0.864881 -0.105498 0.0
0.868093 -0.109376 0.0
0.871214 -0.113131 0.0
0.87423 -0.116744 0.0
0.877129 -0.120196 0.0
0.879899 -0.12347 0.0
0.882532 -0.12655 0.0
0.885019 -0.129421 0.0
0.887354 -0.13207 0.0
0.889532 -0.134483 0.0
0.891548 -0.136651 0.0
0.893401 -0.138564 0.0
0.895089 -0.140215 0.0
0.896612 -0.141596 0.0
0.897971 -0.142704 0.0
0.899168 -0.143534 0.0
0.900206 -0.144085 0.0
0.901089 -0.144356 0.0
0.90182 -0.144347 0.0
0.902405 -0.144058 0.0
0.90285 -0.143494 0.0
0.903161 -0.142656 0.0
0.903344 -0.141549 0.0
0.903407 -0.140177 0.0
0.903355 -0.138545 0.0
0.903197 -0.136659 0.0
0.90294 -0.134525 0.0
0.902592 -0.132149 0.0
0.902159 -0.129537 0.0
0.901651 -0.126696 0.0
0.901074 -0.123632 0.0
0.900436 -0.120352 0.0
0.899745 -0.116862 0.0
0.899009 -0.113169 0.0
0.898235 -0.109279 0.0
0.897432 -0.105198 0.0
0.896607 -0.100931 0.0
0.895768 -0.0964859 0.0
0.894923 -0.0918668 0.0
0.89408 -0.0870796 0.0
0.893247 -0.0821296 0.0
0.892433 -0.0770221 0.0
0.891645 -0.0717625 0.0
0.890893 -0.0663558 0.0
0.890186 -0.0608074 0.0
0.889531 -0.0551223 0.0
0.888938 -0.0493057 0.0
0.888416 -0.0433626 0.0
0.887974 -0.0372981 0.0
0.887621 -0.0311174 0.0
0.887368 -0.0248303 0.0
0.887222 -0.0184947 0.0
0.887184 -0.0126529 0.0
0.999975 0.00216192 0.0
0.999874 0.00647783 0.0
0.999672 0.0107935 0.0
0.99937 0.0151166 0.0
0.998968 0.0194551 0.0
0.998469 0.0238168 0.0
0.997873 0.02821 0.0
0.997182 0.032643 0.0
0.996398 0.0371243 0.0
0.995524 0.0416629 0.0
0.994564 0.0462679 0.0
0.993521 0.0509488 0.0
0.992399 0.0557155 0.0
0.991204 0.0605781 0.0
0.989941 0.0655473 0.0
0.988619 0.0706341 0.0
0.987244 0.0758497 0.0
0.985827 0.0812058 0.0
0.984378 0.0867145 0.0
0.98291 0.0923878 0.0
0.981437 0.0982381 0.0
0.979976 0.104278 0.0
0.978546 0.110518 0.0
0.977168 0.116972 0.0
0.975866 0.123649 0.0
0.974668 0.130559 0.0
0.973603 0.137709 0.0
0.972708 0.145106 0.0
0.972018 0.152752 0.0
0.971575 0.160646 0.0
0.971425 0.168781 0.0
0.971614 0.177145 0.0
0.972195 0.18572 0.0
0.973218 0.194477 0.0
0.974737 0.20338 0.0
0.976803 0.212381 0.0
0.979464 0.22142 0.0
0.982762 0.230427 0.0
0.986732 0.239318 0.0
0.991392 0.247998 0.0
0.996747 0.256363 0.0
1.00278 0.264304 0.0
1.00946 0.271709 0.0
1.01673 0.27847 0.0
1.02449 0.28449 0.0
1.03265 0.289689 0.0
1.04108 0.294012 0.0
1.04965 0.297429 0.0
1.05823 0.299944 0.0
1.06669 0.301587 0.0
1.0749 0.302414 0.0
1.08278 0.302496 0.0
1.09023 0.301916 0.0
1.09721 0.30076 0.0
1.10365 0.299108 0.0
1.10955 0.297036 0.0
1.11488 0.294606 0.0
1.11962 0.291871 0.0
1.12377 0.288875 0.0
1.12733 0.285652 0.0
1.13029 0.282226 0.0
1.13265 0.278619 0.0
1.13442 0.274846 0.0
1.1356 0.270919 0.0
1.13619 0.266848 0.0
1.13619 0.262642 0.0
1.13562 0.258307 0.0
1.13449 0.253851 0.0
1.13281 0.249278 0.0
1.1306 0.244595 0.0
1.12788 0.239807 0.0
1.12468 0.234918 0.0
1.12102 0.229933 0.0
1.11693 0.224857 0.0
1.11244 0.219694 0.0
1.10759 0.214448 0.0
1.1024 0.209124 0.0
1.09692 0.203725 0.0
1.09117 0.198255 0.0
1.08518 0.192718 0.0
1.079 0.187118 0.0
1.07265 0.18146 0.0
1.06617 0.175747 0.0
1.05958 0.169986 0.0
1.05291 0.16418 0.0
1.04619 0.158335 0.0
1.03943 0.152458 0.0
1.03267 0.146555 0.0
1.02592 0.140634 0.0
1.0192 0.134702 0.0
1.01253 0.128769 0.0
1.00591 0.122844 0.0
0.999367 0.116937 0.0
0.992905 0.111058 0.0
0.986534 0.105219 0.0
0.980263 0.0994309 0.0
0.974099 0.0937056 0.0
0.968051 0.0880547 0.0
0.962124 0.08249 0.0
0.956326 0.0770227 0.0
0.950662 0.0716637 0.0
0.945139 0.066423 0.0
0.939765 0.0613097 0.0
0.934545 0.0563317 0.0
0.929488 0.0514958 0.0
0.924601 0.0468072 0.0
0.919893 0.0422693 0.0
0.915372 0.037884 0.0
0.911046 0.0336512 0.0
0.906925 0.029569 0.0
0.903017 0.0256336 0.0
0.899331 0.0218394 0.0
0.895876 0.018179 0.0
0.89266 0.014643 0.0
0.889691 0.0112206 0.0
0.886975 0.00789976 0.0
0.884519 0.00466679 0.0
0.882327 0.00150682 0.0
0.8804 -0.00159951 0.0
0.87874 -0.00467094 0.0
0.877351 -0.00772065 0.0
0.876234 -0.0107624 0.0
0.87539 -0.0138102 0.0
0.874817 -0.0168778 0.0
0.874512 -0.0199783 0.0
0.874471 -0.0231244 0.0
0.874687 -0.0263273 0.0
0.875151 -0.029597 0.0
0.875856 -0.0329421 0.0
0.876789 -0.0363693 0.0
0.877939 -0.0398836 0.0
0.879291 -0.0434878 0.0
0.88083 -0.0471828 0.0
0.882541 -0.0509674 0.0
0.884406 -0.0548383 0.0
0.886407 -0.0587902 0.0
0.888526 -0.0628156 0.0
0.890745 -0.0669051 0.0
0.893044 -0.0710477 0.0
0.895403 -0.0752306 0.0
0.897803 -0.0794393 0.0
0.900226 -0.0836583 0.0
0.902653 -0.0878708 0.0
0.905066 -0.0920592 0.0
0.907447 -0.0962052 0.0
0.90978 -0.10029 0.0
0.91205 -0.104295 0.0
0.914243 -0.1082 0.0
0.916344 -0.111988 0.0
0.918343 -0.115639 0.0
0.920229 -0.119137 0.0
0.921992 -0.122464 0.0
0.923625 -0.125605 0.0
0.925122 -0.128544 0.0
0.926476 -0.131269 0.0
0.927686 -0.133766 0.0
0.928747 -0.136026 0.0
0.929659 -0.138038 0.0
0.930423 -0.139794 0.0
0.931038 -0.141288 0.0
0.931507 -0.142515 0.0
0.931833 -0.14347 0.0
0.93202 -0.144152 0.0
0.932071 -0.144558 0.0
0.931994 -0.144688 0.0
0.931792 -0.144544 0.0
0.931473 -0.144127 0.0
0.931042 -0.14344 0.0
0.930508 -0.142486 0.0
0.929876 -0.14127 0.0
0.929154 -0.139796 0.0
0.928349 -0.13807 0.0
0.92747 -0.136097 0.0
0.926523 -0.133883 0.0
0.925516 -0.131435 0.0
0.924457 -0.128759 0.0
0.923353 -0.125861 0.0
0.922211 -0.122748 0.0
0.921039 -0.119426 0.0
0.919844 -0.115902 0.0
0.918634 -0.112183 0.0
0.917416 -0.108273 0.0
0.916196 -0.10418 0.0
0.914983 -0.0999102 0.0
0.913783 -0.0954683 0.0
0.912604 -0.0908604 0.0
0.911453 -0.0860921 0.0
0.910338 -0.0811689 0.0
0.909266 -0.0760964 0.0
0.908245 -0.0708797 0.0
0.907282 -0.0655243 0.0
0.906386 -0.0600354 0.0
0.905565 -0.0544184 0.0
0.904828 -0.0486787 0.0
0.904182 -0.0428213 0.0
0.903636 -0.0368517 0.0
0.9032 -0.0307753 0.0
0.902883 -0.0246022 0.0
0.902694 -0.0183886 0.0
0.902633 -0.0126597 0.0
0.999977 0.00221044 0.0
0.999884 0.00662322 0.0
0.999699 0.0110353 0.0
0.999421 0.0154541 0.0
0.999053 0.0198872 0.0
0.998595 0.0243421 0.0
0.998049 0.0288268 0.0
0.997418 0.0333491 0.0
0.996702 0.0379172 0.0
0.995906 0.0425395 0.0
0.995033 0.0472246 0.0
0.994087 0.0519814 0.0
0.993073 0.056819 0.0
0.991996 0.0617467 0.0
0.990863 0.0667744 0.0
0.989681 0.0719119 0.0
0.988458 0.0771693 0.0
0.987204 0.0825571 0.0
0.98593 0.0880856 0.0
0.98465 0.0937654 0.0
0.983376 0.0996067 0.0
0.982126 0.10562 0.0
0.980918 0.111814 0.0
0.979773 0.118199 0.0
0.978713 0.124783 0.0
0.977765 0.131571 0.0
0.976956 0.138569 0.0
0.97632 0.145779 0.0
0.975889 0.1532 0.0
0.9757 0.160828 0.0
0.975795 0.168654 0.0
0.976214 0.176663 0.0
0.977001 0.184834 0.0
0.9782 0.19314 0.0
0.979854 0.201544 0.0
0.982005 0.21 0.0
0.98469 0.218454 0.0
0.987942 0.226843 0.0
0.991783 0.235092 0.0
0.996227 0.243121 0.0
1.00127 0.250842 0.0
1.0069 0.258163 0.0
1.01307 0.264995 0.0
1.01974 0.271249 0.0
1.02684 0.276851 0.0
1.03427 0.281735 0.0
1.04195 0.28586 0.0
1.04975 0.289201 0.0
1.05759 0.291759 0.0
1.06535 0.293558 0.0
1.07294 0.294638 0.0
1.08028 0.295055 0.0
1.08731 0.294875 0.0
1.09397 0.294164 0.0
1.10023 0.292991 0.0
1.10607 0.291418 0.0
1.11147 0.2895 0.0
1.11642 0.287285 0.0
1.12092 0.284812 0.0
1.12496 0.282114 0.0
1.12855 0.279215 0.0
1.13168 0.276134 0.0
1.13435 0.272887 0.0
1.13657 0.269485 0.0
1.13832 0.265937 0.0
1.13963 0.262248 0.0
1.14047 0.258424 0.0
1.14087 0.254469 0.0
1.14083 0.250387 0.0
1.14034 0.246179 0.0
1.13943 0.24185 0.0
1.13811 0.237402 0.0
1.13638 0.232836 0.0
1.13427 0.228156 0.0
1.13179 0.223363 0.0
1.12896 0.218462 0.0
1.1258 0.213455 0.0
1.12233 0.208345 0.0
1.11858 0.203136 0.0
1.11457 0.197831 0.0
1.11032 0.192436 0.0
1.10586 0.186955 0.0
1.1012 0.181392 0.0
1.09638 0.175755 0.0
1.09141 0.17005 0.0
1.08631 0.164283 0.0
1.08111 0.158462 0.0
1.07583 0.152596 0.0
1.07048 0.146693 0.0
1.06508 0.140764 0.0
1.05964 0.134818 0.0
1.05419 0.128866 0.0
1.04873 0.122919 0.0
1.04328 0.11699 0.0
1.03785 0.11109 0.0
1.03245 0.105231 0.0
1.02709 0.0994265 0.0
1.02178 0.0936877 0.0
1.01654 0.0880269 0.0
1.01137 0.0824553 0.0
1.00628 0.0769839 0.0
1.00128 0.0716225 0.0
0.996388 0.0663802 0.0
0.991604 0.0612646 0.0
0.986942 0.0562822 0.0
0.982411 0.0514379 0.0
0.978023 0.0467351 0.0
0.973787 0.0421754 0.0
0.969713 0.0377588 0.0
0.965813 0.0334832 0.0
0.962095 0.0293451 0.0
0.958569 0.0253392 0.0
0.955245 0.0214582 0.0
0.952131 0.0176937 0.0
0.949235 0.0140355 0.0
0.946563 0.0104724 0.0
0.944122 0.00699174 0.0
0.941916 0.0035803 0.0
0.939946 0.000223308 0.0
0.938213 -0.00310065 0.0
0.936716 -0.00640481 0.0
0.935456 -0.00970144 0.0
0.934432 -0.0130029 0.0
0.933641 -0.0163215 0.0
0.933081 -0.0196689 0.0
0.932744 -0.0230558 0.0
0.932625 -0.0264922 0.0
0.932714 -0.0299865 0.0
0.933002 -0.0335457 0.0
0.933479 -0.0371752 0.0
0.93413 -0.0408786 0.0
0.934943 -0.0446578 0.0
0.935903 -0.0485124 0.0
0.936995 -0.0524404 0.0
0.938203 -0.0564376 0.0
0.939509 -0.0604982 0.0
0.940896 -0.0646142 0.0
0.942347 -0.0687761 0.0
0.943844 -0.0729725 0.0
0.94537 -0.0771909 0.0
0.946907 -0.081417 0.0
0.94844 -0.0856357 0.0
0.94995 -0.0898307 0.0
0.951423 -0.0939852 0.0
0.952845 -0.0980818 0.0
0.9542 -0.102102 0.0
0.955478 -0.10603 0.0
0.956665 -0.109845 0.0
0.957752 -0.113532 0.0
0.958731 -0.117073 0.0
0.959592 -0.120451 0.0
0.96033 -0.123652 0.0
0.96094 -0.12666 0.0
0.961419 -0.129463 0.0
0.961762 -0.132048 0.0
0.96197 -0.134404 0.0
0.962042 -0.136521 0.0
0.961979 -0.138392 0.0
0.961784 -0.140008 0.0
0.961458 -0.141364 0.0
0.961006 -0.142457 0.0
0.960433 -0.143282 0.0
0.959743 -0.143838 0.0
0.958943 -0.144124 0.0
0.958038 -0.14414 0.0
0.957035 -0.143888 0.0
0.955941 -0.14337 0.0
0.954763 -0.142589 0.0
0.953509 -0.141548 0.0
0.952185 -0.140252 0.0
0.9508 -0.138706 0.0
0.94936 -0.136916 0.0
0.947874 -0.134886 0.0
0.946349 -0.132622 0.0
0.944792 -0.130132 0.0
0.94321 -0.127421 0.0
0.941611 -0.124495 0.0
0.940001 -0.121362 0.0
0.938387 -0.118027 0.0
0.936777 -0.114497 0.0
0.935177 -0.110778 0.0
0.933594 -0.106876 0.0
0.932035 -0.102798 0.0
0.930505 -0.0985496 0.0
0.929012 -0.0941362 0.0
0.927563 -0.0895639 0.0
0.926163 -0.0848383 0.0
0.924821 -0.079965 0.0
0.923542 -0.0749495 0.0
0.922334 -0.0697974 0.0
0.921204 -0.0645141 0.0
0.920159 -0.059105 0.0
0.919207 -0.0535757 0.0
0.918355 -0.0479318 0.0
0.917612 -0.0421786 0.0
0.916985 -0.0363219 0.0
0.916484 -0.0303677 0.0
0.916117 -0.0243263 0.0
0.915894 -0.0182524 0.0
0.915813 -0.0126543 0.0
0.999979 0.00225494 0.0
0.999894 0.00675653 0.0
0.999724 0.0112569 0.0
0.999471 0.0157632 0.0
0.999134 0.0202826 0.0
0.998716 0.0248224 0.0
0.998219 0.02939 0.0
0.997644 0.0339929 0.0
0.996994 0.0386388 0.0
0.996272 0.0433356 0.0
0.995482 0.0480914 0.0
0.994628 0.0529143 0.0
0.993716 0.0578128 0.0
0.99275 0.0627955 0.0
0.991738 0.0678711 0.0
0.990687 0.0730485 0.0
0.989606 0.0783369 0.0
0.988504 0.0837452 0.0
0.987392 0.0892824 0.0
0.986284 0.0949575 0.0
0.985193 0.100779 0.0
0.984135 0.106756 0.0
0.983127 0.112894 0.0
0.98219 0.119202 0.0
0.981346 0.125685 0.0
0.980618 0.132346 0.0
0.980033 0.139188 0.0
0.979619 0.146211 0.0
0.979409 0.153411 0.0
0.979434 0.160781 0.0
0.97973 0.168311 0.0
0.980333 0.175984 0.0
0.98128 0.183779 0.0
0.982609 0.191668 0.0
0.984354 0.199616 0.0
0.986549 0.207581 0.0
0.989225 0.215513 0.0
0.992403 0.223354 0.0
0.996101 0.231042 0.0
1.00032 0.238505 0.0
1.00507 0.24567 0.0
1.01032 0.252461 0.0
1.01603 0.258804 0.0
1.02218 0.264628 0.0
1.02868 0.26987 0.0
1.03548 0.274482 0.0
1.04249 0.278427 0.0
1.04963 0.281686 0.0
1.05681 0.284259 0.0
1.06395 0.286162 0.0
1.07097 0.287426 0.0
1.0778 0.288093 0.0
1.0844 0.288216 0.0
1.09071 0.287847 0.0
1.09671 0.287044 0.0
1.10238 0.285858 0.0
1.1077 0.284338 0.0
1.11267 0.282526 0.0
1.11729 0.280459 0.0
1.12154 0.278167 0.0
1.12544 0.275674 0.0
1.12899 0.272999 0.0
1.13218 0.270158 0.0
1.13502 0.267161 0.0
1.13751 0.264017 0.0
1.13964 0.260731 0.0
1.14143 0.25731 0.0
1.14286 0.253754 0.0
1.14394 0.250067 0.0
1.14467 0.246249 0.0
1.14506 0.242303 0.0
1.14511 0.238228 0.0
1.14482 0.234025 0.0
1.1442 0.229696 0.0
1.14327 0.225241 0.0
1.14202 0.220662 0.0
1.14047 0.21596 0.0
1.13864 0.211138 0.0
1.13654 0.206199 0.0
1.13417 0.201146 0.0
1.13156 0.195983 0.0
1.12872 0.190714 0.0
1.12566 0.185345 0.0
1.12241 0.179881 0.0
1.11897 0.174331 0.0
1.11537 0.168701 0.0
1.11161 0.162999 0.0
1.10772 0.157235 0.0
1.10371 0.151417 0.0
1.09959 0.145558 0.0
1.09538 0.139667 0.0
1.09109 0.133757 0.0
1.08674 0.127838 0.0
1.08234 0.121924 0.0
1.0779 0.116028 0.0
1.07343 0.110161 0.0
1.06895 0.104337 0.0
1.06446 0.0985676 0.0
1.05999 0.0928653 0.0
1.05554 0.0872416 0.0
1.05112 0.0817073 0.0
1.04674 0.0762722 0.0
1.04242 0.0709453 0.0
1.03817 0.0657342 0.0
1.034 0.0606454 0.0
1.02992 0.0556836 0.0
1.02595 0.0508522 0.0
1.02209 0.0461529 0.0
1.01836 0.0415859 0.0
1.01476 0.0371495 0.0
1.01132 0.0328403 0.0
1.00804 0.0286536 0.0
1.00492 0.0245829 0.0
1.00198 0.0206203 0.0
0.999231 0.0167566 0.0
0.996673 0.0129817 0.0
0.994312 0.00928414 0.0
0.992155 0.00565217 0.0
0.990203 0.0020732 0.0
0.988455 -0.00146954 0.0
0.986909 -0.0049933 0.0
0.985565 -0.00850875 0.0
0.98442 -0.0120269 0.0
0.983471 -0.0155585 0.0
0.982714 -0.0191139 0.0
0.982143 -0.0227024 0.0
0.981749 -0.0263324 0.0
0.981524 -0.0300111 0.0
0.981459 -0.0337441 0.0
0.981542 -0.0375357 0.0
0.98176 -0.0413883 0.0
0.982102 -0.0453028 0.0
0.982552 -0.049278 0.0
0.983097 -0.0533112 0.0
0.98372 -0.0573977 0.0
0.984407 -0.061531 0.0
0.985142 -0.0657032 0.0
0.985908 -0.0699045 0.0
0.986691 -0.0741238 0.0
0.987474 -0.0783485 0.0
0.988242 -0.082565 0.0
0.988981 -0.0867587 0.0
0.989677 -0.0909141 0.0
0.990317 -0.095015 0.0
0.990888 -0.099045 0.0
0.991381 -0.102987 0.0
0.991784 -0.106825 0.0
0.992088 -0.110542 0.0
0.992287 -0.114121 0.0
0.992374 -0.117548 0.0
0.992344 -0.120807 0.0
0.992193 -0.123883 0.0
0.991918 -0.126764 0.0
0.991518 -0.129437 0.0
0.990993 -0.131892 0.0
0.990343 -0.134118 0.0
0.989571 -0.136107 0.0
0.988679 -0.137851 0.0
0.98767 -0.139344 0.0
0.98655 -0.140582 0.0
0.985323 -0.14156 0.0
0.983995 -0.142277 0.0
0.982572 -0.14273 0.0
0.98106 -0.142919 0.0
0.979468 -0.142846 0.0
0.977801 -0.142512 0.0
0.976067 -0.141918 0.0
0.974274 -0.141069 0.0
0.972429 -0.139968 0.0
0.970539 -0.138619 0.0
0.968613 -0.137028 0.0
0.966658 -0.135199 0.0
0.96468 -0.133138 0.0
0.962687 -0.130852 0.0
0.960687 -0.128345 0.0
0.958685 -0.125625 0.0
0.95669 -0.122697 0.0
0.954706 -0.119568 0.0
0.952742 -0.116244 0.0
0.950803 -0.112731 0.0
0.948896 -0.109036 0.0
0.947026 -0.105165 0.0
0.945199 -0.101124 0.0
0.943423 -0.0969181 0.0
0.941702 -0.0925542 0.0
0.940044 -0.0880376 0.0
0.938453 -0.0833743 0.0
0.936936 -0.0785697 0.0
0.935499 -0.0736295 0.0
0.934149 -0.0685595 0.0
0.932892 -0.0633651 0.0
0.931735 -0.058052 0.0
0.930685 -0.052626 0.0
0.929748 -0.0470929 0.0
0.928933 -0.0414585 0.0
0.928246 -0.0357288 0.0
0.927697 -0.0299103 0.0
0.927294 -0.0240138 0.0
0.927045 -0.0180927 0.0
0.926949 -0.0126382 0.0
0.999981 0.00229559 0.0
0.999903 0.00687829 0.0
0.999749 0.0114592 0.0
0.999518 0.0160452 0.0
0.999212 0.0206431 0.0
0.998832 0.0252597 0.0
0.99838 0.0299021 0.0
0.997859 0.0345773 0.0
0.997271 0.0392927 0.0
0.996619 0.0440554 0.0
0.995907 0.048873 0.0
0.995141 0.0537531 0.0
0.994324 0.0587034 0.0
0.993463 0.0637316 0.0
0.992564 0.0688457 0.0
0.991635 0.0740536 0.0
0.990685 0.0793632 0.0
0.989723 0.0847824 0.0
0.988761 0.0903189 0.0
0.98781 0.0959801 0.0
0.986885 0.101773 0.0
0.986 0.107705 0.0
0.985173 0.11378 0.0
0.984421 0.120004 0.0
0.983767 0.126381 0.0
0.983232 0.132913 0.0
0.98284 0.139598 0.0
0.982618 0.146436 0.0
0.982593 0.153421 0.0
0.982795 0.160544 0.0
0.983254 0.167793 0.0
0.984003 0.175151 0.0
0.985071 0.182597 0.0
0.986491 0.190103 0.0
0.988292 0.197636 0.0
0.9905 0.205157 0.0
0.993139 0.212622 0.0
0.996225 0.21998 0.0
0.99977 0.227174 0.0
1.00378 0.234144 0.0
1.00823 0.240828 0.0
1.01313 0.247162 0.0
1.01843 0.253084 0.0
1.0241 0.258537 0.0
1.03008 0.26347 0.0
1.03632 0.267842 0.0
1.04275 0.271624 0.0
1.0493 0.2748 0.0
1.0559 0.277367 0.0
1.06248 0.279338 0.0
1.06898 0.280735 0.0
1.07534 0.281592 0.0
1.08151 0.281948 0.0
1.08747 0.281847 0.0
1.09317 0.281336 0.0
1.09861 0.280458 0.0
1.10378 0.279254 0.0
1.10865 0.277763 0.0
1.11324 0.276018 0.0
1.11755 0.274047 0.0
1.12157 0.271873 0.0
1.1253 0.269516 0.0
1.12876 0.26699 0.0
1.13194 0.264307 0.0
1.13485 0.261477 0.0
1.13748 0.258504 0.0
1.13984 0.255395 0.0
1.14193 0.252151 0.0
1.14374 0.248775 0.0
1.14528 0.245267 0.0
1.14655 0.241628 0.0
1.14755 0.237858 0.0
1.14827 0.233956 0.0
1.14873 0.229923 0.0
1.14892 0.225757 0.0
1.14885 0.221461 0.0
1.14853 0.217034 0.0
1.14794 0.212477 0.0
1.14712 0.207794 0.0
1.14605 0.202985 0.0
1.14475 0.198055 0.0
1.14323 0.193007 0.0
1.14149 0.187846 0.0
1.13954 0.182578 0.0
1.13741 0.17721 0.0
1.13508 0.171749 0.0
1.13258 0.166203 0.0
1.12992 0.160582 0.0
1.12711 0.154894 0.0
1.12416 0.149151 0.0
1.12108 0.143364 0.0
1.11788 0.137545 0.0
1.11457 0.131706 0.0
1.11117 0.125858 0.0
1.10769 0.120016 0.0
1.10414 0.114192 0.0
1.10053 0.108398 0.0
1.09688 0.102647 0.0
1.09319 0.0969506 0.0
1.08948 0.0913209 0.0
1.08576 0.0857684 0.0
1.08204 0.0803029 0.0
1.07834 0.0749332 0.0
1.07467 0.0696671 0.0
1.07105 0.0645107 0.0
1.06747 0.0594691 0.0
1.06397 0.0545458 0.0
1.06054 0.0497426 0.0
1.05721 0.04506 0.0
1.05398 0.0404966 0.0
1.05087 0.0360498 0.0
1.04788 0.0317154 0.0
1.04503 0.0274875 0.0
1.04233 0.0233594 0.0
1.03977 0.0193227 0.0
1.03738 0.0153685 0.0
1.03515 0.0114867 0.0
1.03309 0.00766694 0.0
1.0312 0.0038982 0.0
1.02949 0.000168683 0.0
1.02794 -0.00354039 0.0
1.02656 -0.00723916 0.0
1.02535 -0.0109376 0.0
1.02429 -0.0146451 0.0
1.02339 -0.0183709 0.0
1.02264 -0.0221229 0.0
1.02203 -0.0259083 0.0
1.02156 -0.029733 0.0
1.0212 -0.0336017 0.0
1.02096 -0.0375174 0.0
1.02081 -0.0414818 0.0
1.02076 -0.0454947 0.0
1.02078 -0.0495546 0.0
1.02085 -0.053658 0.0
1.02098 -0.0577999 0.0
1.02114 -0.0619737 0.0
1.02131 -0.0661712 0.0
1.02149 -0.0703829 0.0
1.02166 -0.0745978 0.0
1.02181 -0.0788039 0.0
1.02192 -0.0829881 0.0
1.02198 -0.0871362 0.0
1.02198 -0.0912338 0.0
1.02191 -0.0952654 0.0
1.02176 -0.0992158 0.0
1.02152 -0.103069 0.0
1.02119 -0.10681 0.0
1.02075 -0.110422 0.0
1.0202 -0.113892 0.0
1.01954 -0.117204 0.0
1.01876 -0.120345 0.0
1.01787 -0.123301 0.0
1.01686 -0.126061 0.0
1.01573 -0.128614 0.0
1.01449 -0.130948 0.0
1.01314 -0.133057 0.0
1.01167 -0.134931 0.0
1.0101 -0.136565 0.0
1.00843 -0.137952 0.0
1.00666 -0.139089 0.0
1.00481 -0.139972 0.0
1.00287 -0.1406 0.0
1.00086 -0.140971 0.0
0.998781 -0.141086 0.0
0.99664 -0.140945 0.0
0.994445 -0.140551 0.0
0.992204 -0.139905 0.0
0.989925 -0.13901 0.0
0.987615 -0.137872 0.0
0.985282 -0.136493 0.0
0.982933 -0.134879 0.0
0.980575 -0.133035 0.0
0.978216 -0.130966 0.0
0.975863 -0.128678 0.0
0.973521 -0.126177 0.0
0.971198 -0.123468 0.0
0.9689 -0.120559 0.0
0.966633 -0.117455 0.0
0.964403 -0.114162 0.0
0.962216 -0.110687 0.0
0.960077 -0.107035 0.0
0.957993 -0.103213 0.0
0.955969 -0.0992259 0.0
0.954011 -0.0950808 0.0
0.952123 -0.090783 0.0
0.950311 -0.0863384 0.0
0.948581 -0.0817528 0.0
0.946939 -0.0770319 0.0
0.945389 -0.0721814 0.0
0.943939 -0.067207 0.0
0.942593 -0.0621146 0.0
0.941358 -0.0569101 0.0
0.940239 -0.0515993 0.0
0.939244 -0.0461883 0.0
0.93838 -0.0406833 0.0
0.937653 -0.0350907 0.0
0.937072 -0.0294176 0.0
0.936644 -0.0236752 0.0
0.936377 -0.0179155 0.0
0.93627 -0.0126129 0.0
0.999982 0.00233257 0.0
0.999912 0.00698903 0.0
0.999772 0.0116432 0.0
0.999563 0.0163014 0.0
0.999285 0.0209703 0.0
0.998941 0.0256562 0.0
0.998533 0.0303657 0.0
0.998063 0.0351056 0.0
0.997533 0.0398824 0.0
0.996947 0.0447031 0.0
0.996309 0.0495745 0.0
0.995624 0.0545036 0.0
0.994897 0.0594973 0.0
0.994133 0.0645627 0.0
0.993339 0.0697068 0.0
0.992524 0.0749367 0.0
0.991695 0.0802592 0.0
0.990862 0.0856811 0.0
0.990036 0.0912088 0.0
0.989228 0.0968485 0.0
0.988452 0.102606 0.0
0.987723 0.108486 0.0
0.987056 0.114493 0.0
0.986469 0.12063 0.0
0.985981 0.126898 0.0
0.985614 0.133299 0.0
0.985388 0.13983 0.0
0.985327 0.146487 0.0
0.985458 0.153264 0.0
0.985804 0.160151 0.0
0.986394 0.167136 0.0
0.987255 0.1742 0.0
0.988412 0.181322 0.0
0.989892 0.188477 0.0
0.991719 0.195634 0.0
0.993915 0.202756 0.0
0.996497 0.209804 0.0
0.999477 0.216732 0.0
1.00286 0.223491 0.0
1.00665 0.23003 0.0
1.01084 0.236294 0.0
1.01541 0.242232 0.0
1.02033 0.24779 0.0
1.02557 0.252921 0.0
1.03109 0.257584 0.0
1.03683 0.261744 0.0
1.04275 0.265378 0.0
1.04877 0.26847 0.0
1.05485 0.271018 0.0
1.06093 0.273031 0.0
1.06695 0.274525 0.0
1.07287 0.275525 0.0
1.07864 0.276064 0.0
1.08424 0.276176 0.0
1.08965 0.275899 0.0
1.09483 0.27527 0.0
1.09979 0.274324 0.0
1.10451 0.273094 0.0
1.109 0.271611 0.0
1.11325 0.2699 0.0
1.11726 0.267984 0.0
1.12105 0.265881 0.0
1.12461 0.263606 0.0
1.12795 0.261172 0.0
1.13107 0.258588 0.0
1.13397 0.25586 0.0
1.13665 0.252995 0.0
1.13912 0.249994 0.0
1.14138 0.246861 0.0
1.14343 0.243596 0.0
1.14526 0.2402 0.0
1.14687 0.236672 0.0
1.14828 0.233013 0.0
1.14946 0.229221 0.0
1.15043 0.225295 0.0
1.15119 0.221237 0.0
1.15173 0.217045 0.0
1.15206 0.21272 0.0
1.15217 0.208264 0.0
1.15208 0.203678 0.0
1.15177 0.198965 0.0
1.15127 0.194128 0.0
1.15056 0.189172 0.0
1.14965 0.184102 0.0
1.14855 0.178923 0.0
1.14727 0.173643 0.0
1.14581 0.168269 0.0
1.14417 0.16281 0.0
1.14237 0.157277 0.0
1.14042 0.151678 0.0
1.13831 0.146025 0.0
1.13607 0.140329 0.0
1.13369 0.134602 0.0
1.1312 0.128857 0.0
1.12859 0.123105 0.0
1.12588 0.117361 0.0
1.12309 0.111634 0.0
1.12021 0.105939 0.0
1.11727 0.100287 0.0
1.11428 0.0946891 0.0
1.11124 0.0891556 0.0
1.10818 0.0836965 0.0
1.1051 0.0783204 0.0
1.10201 0.0730348 0.0
1.09894 0.0678462 0.0
1.09588 0.0627595 0.0
1.09286 0.0577783 0.0
1.08989 0.0529049 0.0
1.08698 0.04814 0.0
1.08415 0.0434828 0.0
1.08139 0.0389312 0.0
1.07873 0.0344816 0.0
1.07618 0.0301293 0.0
1.07373 0.0258682 0.0
1.07141 0.0216913 0.0
1.06921 0.0175906 0.0
1.06715 0.0135575 0.0
1.06522 0.0095829 0.0
1.06343 0.00565738 0.0
1.06179 0.00177131 0.0
1.06028 -0.00208943 0.0
1.0589 -0.00593757 0.0
1.05766 -0.00978183 0.0
1.05654 -0.0136306 0.0
1.05555 -0.0174916 0.0
1.05467 -0.0213719 0.0
1.0539 -0.0252775 0.0
1.05323 -0.0292133 0.0
1.05264 -0.0331829 0.0
1.05214 -0.0371885 0.0
1.0517 -0.041231 0.0
1.05132 -0.0453097 0.0
1.05099 -0.0494223 0.0
1.05068 -0.0535653 0.0
1.0504 -0.0577333 0.0
1.05012 -0.0619197 0.0
1.04983 -0.0661163 0.0
1.04953 -0.070314 0.0
1.0492 -0.0745021 0.0
1.04882 -0.078669 0.0
1.04839 -0.0828023 0.0
1.04789 -0.0868887 0.0
1.04733 -0.0909144 0.0
1.04668 -0.0948651 0.0
1.04594 -0.0987264 0.0
1.0451 -0.102484 0.0
1.04416 -0.106122 0.0
1.04312 -0.109628 0.0
1.04197 -0.112987 0.0
1.04071 -0.116187 0.0
1.03934 -0.119213 0.0
1.03785 -0.122055 0.0
1.03626 -0.124701 0.0
1.03455 -0.127142 0.0
1.03274 -0.129368 0.0
1.03083 -0.131371 0.0
1.02882 -0.133144 0.0
1.02672 -0.134681 0.0
1.02454 -0.135978 0.0
1.02227 -0.137031 0.0
1.01993 -0.137837 0.0
1.01753 -0.138394 0.0
1.01506 -0.138702 0.0
1.01255 -0.13876 0.0
1.00999 -0.138571 0.0
1.00739 -0.138135 0.0
1.00477 -0.137456 0.0
1.00213 -0.136536 0.0
0.999469 -0.135379 0.0
0.996806 -0.13399 0.0
0.994144 -0.132372 0.0
0.991491 -0.130531 0.0
0.988852 -0.128472 0.0
0.986235 -0.126201 0.0
0.983645 -0.123723 0.0
0.98109 -0.121044 0.0
0.978575 -0.11817 0.0
0.976105 -0.115107 0.0
0.973687 -0.111862 0.0
0.971326 -0.108439 0.0
0.969026 -0.104845 0.0
0.966794 -0.101086 0.0
0.964634 -0.0971682 0.0
0.962551 -0.093097 0.0
0.960551 -0.0888783 0.0
0.958637 -0.0845181 0.0
0.956816 -0.0800221 0.0
0.955092 -0.0753961 0.0
0.95347 -0.0706459 0.0
0.951956 -0.0657774 0.0
0.950554 -0.0607966 0.0
0.949271 -0.0557096 0.0
0.948112 -0.0505223 0.0
0.947083 -0.0452414 0.0
0.94619 -0.0398731 0.0
0.94544 -0.0344244 0.0
0.944841 -0.0289028 0.0
0.944398 -0.0233198 0.0
0.944121 -0.0177263 0.0
0.944005 -0.0125802 0.0
0.999984 0.00236607 0.0
0.999921 0.00708934 0.0
0.999794 0.0118097 0.0
0.999605 0.0165333 0.0
0.999355 0.021266 0.0
0.999045 0.0260141 0.0
0.998677 0.0307836 0.0
0.998255 0.0355808 0.0
0.99778 0.0404119 0.0
0.997256 0.0452832 0.0
0.996687 0.050201 0.0
0.996078 0.0551715 0.0
0.995433 0.0602012 0.0
0.99476 0.0652962 0.0
0.994064 0.070463 0.0
0.993352 0.0757074 0.0
0.992634 0.0810356 0.0
0.991918 0.0864532 0.0
0.991216 0.0919656 0.0
0.990537 0.0975777 0.0
0.989896 0.103294 0.0
0.989305 0.109118 0.0
0.988781 0.115052 0.0
0.988338 0.121099 0.0
0.987996 0.127259 0.0
0.987772 0.13353 0.0
0.987687 0.139909 0.0
0.987762 0.146392 0.0
0.98802 0.152971 0.0
0.988484 0.159635 0.0
0.989176 0.16637 0.0
0.99012 0.173161 0.0
0.991338 0.179985 0.0
0.992852 0.186819 0.0
0.994683 0.193634 0.0
0.996846 0.200397 0.0
0.999356 0.207072 0.0
1.00222 0.213618 0.0
1.00545 0.219993 0.0
1.00903 0.226153 0.0
1.01296 0.232051 0.0
1.01722 0.237642 0.0
1.0218 0.242883 0.0
1.02665 0.247734 0.0
1.03175 0.252159 0.0
1.03704 0.256131 0.0
1.04249 0.259628 0.0
1.04805 0.262638 0.0
1.05366 0.265159 0.0
1.05928 0.267194 0.0
1.06487 0.268757 0.0
1.07038 0.269867 0.0
1.07577 0.270549 0.0
1.08103 0.270831 0.0
1.08613 0.270745 0.0
1.09105 0.270319 0.0
1.09578 0.269586 0.0
1.10031 0.268574 0.0
1.10465 0.267308 0.0
1.10879 0.265814 0.0
1.11273 0.264111 0.0
1.11648 0.262218 0.0
1.12004 0.260149 0.0
1.12342 0.257917 0.0
1.12661 0.255531 0.0
1.12963 0.252999 0.0
1.13247 0.250327 0.0
1.13514 0.247519 0.0
1.13764 0.244577 0.0
1.13998 0.241503 0.0
1.14214 0.238299 0.0
1.14413 0.234963 0.0
1.14596 0.231496 0.0
1.14761 0.227898 0.0
1.14909 0.224167 0.0
1.15039 0.220304 0.0
1.15152 0.216308 0.0
1.15247 0.212179 0.0
1.15324 0.207918 0.0
1.15383 0.203527 0.0
1.15425 0.199008 0.0
1.15448 0.194362 0.0
1.15453 0.189595 0.0
1.15441 0.184711 0.0
1.1541 0.179715 0.0
1.15362 0.174613 0.0
1.15297 0.169413 0.0
1.15215 0.164122 0.0
1.15116 0.15875 0.0
1.15002 0.153307 0.0
1.14872 0.147802 0.0
1.14727 0.142246 0.0
1.14567 0.136652 0.0
1.14395 0.13103 0.0
1.14209 0.125392 0.0
1.14012 0.119751 0.0
1.13804 0.114119 0.0
1.13587 0.108506 0.0
1.1336 0.102926 0.0
1.13126 0.0973871 0.0
1.12885 0.0919013 0.0
1.12639 0.0864774 0.0
1.12389 0.081124 0.0
1.12135 0.0758484 0.0
1.11881 0.070657 0.0
1.11625 0.0655548 0.0
1.11371 0.0605457 0.0
1.11118 0.055632 0.0
1.10869 0.0508148 0.0
1.10624 0.046094 0.0
1.10385 0.041468 0.0
1.10152 0.0369339 0.0
1.09927 0.0324879 0.0
1.0971 0.0281248 0.0
1.09502 0.0238388 0.0
1.09303 0.0196229 0.0
1.09115 0.01547 0.0
1.08938 0.0113721 0.0
1.08771 0.00732134 0.0
1.08616 0.00330946 0.0
1.08471 -0.000672625 0.0
1.08337 -0.00463917 0.0
1.08213 -0.00859791 0.0
1.08099 -0.0125563 0.0
1.07994 -0.016521 0.0
1.07897 -0.0204981 0.0
1.07808 -0.0244925 0.0
1.07727 -0.0285084 0.0
1.07651 -0.0325484 0.0
1.07581 -0.0366141 0.0
1.07514 -0.0407057 0.0
1.07451 -0.044822 0.0
1.0739 -0.0489605 0.0
1.07329 -0.0531172 0.0
1.07268 -0.0572869 0.0
1.07205 -0.0614629 0.0
1.0714 -0.0656374 0.0
1.07072 -0.0698014 0.0
1.06998 -0.0739447 0.0
1.06919 -0.0780565 0.0
1.06833 -0.0821248 0.0
1.0674 -0.0861374 0.0
1.06638 -0.0900811 0.0
1.06527 -0.0939428 0.0
1.06407 -0.0977089 0.0
1.06277 -0.101366 0.0
1.06137 -0.1049 0.0
1.05986 -0.108299 0.0
1.05824 -0.11155 0.0
1.05652 -0.114639 0.0
1.05469 -0.117556 0.0
1.05275 -0.12029 0.0
1.05071 -0.122831 0.0
1.04857 -0.125169 0.0
1.04634 -0.127296 0.0
1.04401 -0.129204 0.0
1.0416 -0.130889 0.0
1.0391 -0.132343 0.0
1.03654 -0.133563 0.0
1.0339 -0.134546 0.0
1.03121 -0.135289 0.0
1.02846 -0.135791 0.0
1.02567 -0.136051 0.0
1.02285 -0.136069 0.0
1.01999 -0.135847 0.0
1.01711 -0.135386 0.0
1.01422 -0.134689 0.0
1.01132 -0.133759 0.0
1.00842 -0.1326 0.0
1.00553 -0.131214 0.0
1.00265 -0.129608 0.0
0.999796 -0.127785 0.0
0.996968 -0.125751 0.0
0.994175 -0.123511 0.0
0.991421 -0.12107 0.0
0.988713 -0.118434 0.0
0.986056 -0.115608 0.0
0.983456 -0.1126 0.0
0.980918 -0.109413 0.0
0.978447 -0.106055 0.0
0.976048 -0.10253 0.0
0.973725 -0.0988458 0.0
0.971483 -0.0950069 0.0
0.969327 -0.0910196 0.0
0.967262 -0.0868895 0.0
0.965291 -0.0826226 0.0
0.963419 -0.0782247 0.0
0.961652 -0.0737016 0.0
0.959993 -0.0690593 0.0
0.958447 -0.0643037 0.0
0.957019 -0.0594409 0.0
0.955714 -0.0544772 0.0
0.954537 -0.049419 0.0
0.953495 -0.0442728 0.0
0.952591 -0.0390455 0.0
0.951833 -0.0337443 0.0
0.951227 -0.0283771 0.0
0.95078 -0.0229557 0.0
0.950497 -0.0175298 0.0
0.950377 -0.0125414 0.0
0.999986 0.0023963 0.0
0.999929 0.00717981 0.0
0.999815 0.0119599 0.0
0.999645 0.0167421 0.0
0.99942 0.0215322 0.0
0.999142 0.0263358 0.0
0.998813 0.0311587 0.0
0.998435 0.0360065 0.0
0.998011 0.0408851 0.0
0.997545 0.0458002 0.0
0.99704 0.0507575 0.0
0.996501 0.0557628 0.0
0.995934 0.0608217 0.0
0.995343 0.0659398 0.0
0.994736 0.0711225 0.0
0.99412 0.0763753 0.0
0.993503 0.081703 0.0
0.992894 0.0871105 0.0
0.992303 0.0926021 0.0
0.991741 0.0981818 0.0
0.991219 0.103853 0.0
0.990751 0.109617 0.0
0.990351 0.115478 0.0
0.990035 0.121434 0.0
0.989817 0.127485 0.0
0.989716 0.133629 0.0
0.98975 0.139861 0.0
0.989938 0.146177 0.0
0.9903 0.152567 0.0
0.990855 0.15902 0.0
0.991624 0.165524 0.0
0.992627 0.172061 0.0
0.993884 0.178611 0.0
0.995411 0.185152 0.0
0.997225 0.191657 0.0
0.99934 0.198096 0.0
1.00177 0.204437 0.0
1.00451 0.210643 0.0
1.00757 0.216679 0.0
1.01095 0.222504 0.0
1.01464 0.22808 0.0
1.01862 0.233368 0.0
1.02288 0.23833 0.0
1.02738 0.242934 0.0
1.03209 0.247149 0.0
1.03698 0.250952 0.0
1.04201 0.254325 0.0
1.04714 0.257256 0.0
1.05233 0.259742 0.0
1.05754 0.261786 0.0
1.06272 0.263397 0.0
1.06785 0.26459 0.0
1.07289 0.265385 0.0
1.07782 0.265805 0.0
1.08262 0.265874 0.0
1.08727 0.265618 0.0
1.09177 0.265062 0.0
1.0961 0.264233 0.0
1.10026 0.263152 0.0
1.10425 0.261841 0.0
1.10808 0.260319 0.0
1.11173 0.258603 0.0
1.11523 0.256707 0.0
1.11857 0.254644 0.0
1.12176 0.252423 0.0
1.1248 0.250052 0.0
1.12769 0.247538 0.0
1.13044 0.244886 0.0
1.13305 0.242098 0.0
1.13552 0.239178 0.0
1.13786 0.236126 0.0
1.14006 0.232944 0.0
1.14212 0.229632 0.0
1.14404 0.226189 0.0
1.14582 0.222615 0.0
1.14746 0.218911 0.0
1.14896 0.215075 0.0
1.15031 0.211109 0.0
1.15152 0.207013 0.0
1.15257 0.202788 0.0
1.15347 0.198435 0.0
1.15422 0.193958 0.0
1.1548 0.18936 0.0
1.15523 0.184644 0.0
1.1555 0.179816 0.0
1.15561 0.174881 0.0
1.15556 0.169846 0.0
1.15536 0.164718 0.0
1.15499 0.159505 0.0
1.15447 0.154218 0.0
1.1538 0.148864 0.0
1.15298 0.143454 0.0
1.15202 0.137999 0.0
1.15091 0.132511 0.0
1.14968 0.126999 0.0
1.14832 0.121475 0.0
1.14685 0.115951 0.0
1.14526 0.110438 0.0
1.14357 0.104946 0.0
1.1418 0.0994862 0.0
1.13994 0.0940678 0.0
1.13801 0.0887001 0.0
1.13602 0.0833911 0.0
1.13399 0.078148 0.0
1.13192 0.0729771 0.0
1.12982 0.0678834 0.0
1.12771 0.0628707 0.0
1.1256 0.0579418 0.0
1.1235 0.053098 0.0
1.12142 0.0483397 0.0
1.11937 0.0436658 0.0
1.11736 0.0390744 0.0
1.1154 0.0345621 0.0
1.1135 0.0301251 0.0
1.11166 0.0257582 0.0
1.10989 0.0214559 0.0
1.10819 0.0172119 0.0
1.10658 0.0130199 0.0
1.10505 0.00887292 0.0
1.10359 0.00476441 0.0
1.10223 0.000687535 0.0
1.10094 -0.00336976 0.0
1.09972 -0.0074151 0.0
1.09858 -0.0114552 0.0
1.09751 -0.0154958 0.0
1.09649 -0.0195422 0.0
1.09553 -0.0235985 0.0
1.09461 -0.0276679 0.0
1.09373 -0.0317525 0.0
1.09288 -0.0358531 0.0
1.09204 -0.0399696 0.0
1.09122 -0.0441004 0.0
1.0904 -0.0482426 0.0
1.08956 -0.0523923 0.0
1.0887 -0.0565442 0.0
1.08781 -0.0606917 0.0
1.08688 -0.0648274 0.0
1.0859 -0.0689426 0.0
1.08486 -0.0730278 0.0
1.08375 -0.0770726 0.0
1.08257 -0.081066 0.0
1.0813 -0.0849964 0.0
1.07995 -0.0888516 0.0
1.0785 -0.0926193 0.0
1.07696 -0.0962871 0.0
1.07531 -0.0998423 0.0
1.07356 -0.103273 0.0
1.07171 -0.106566 0.0
1.06975 -0.10971 0.0
1.06769 -0.112694 0.0
1.06553 -0.115508 0.0
1.06327 -0.11814 0.0
1.06091 -0.120583 0.0
1.05846 -0.122826 0.0
1.05592 -0.124864 0.0
1.0533 -0.126689 0.0
1.05061 -0.128295 0.0
1.04784 -0.129678 0.0
1.04501 -0.130834 0.0
1.04213 -0.131759 0.0
1.0392 -0.132451 0.0
1.03622 -0.13291 0.0
1.03322 -0.133135 0.0
1.03018 -0.133125 0.0
1.02713 -0.132883 0.0
1.02407 -0.13241 0.0
1.02101 -0.131708 0.0
1.01795 -0.13078 0.0
1.0149 -0.12963 0.0
1.01187 -0.128261 0.0
1.00886 -0.126677 0.0
1.00588 -0.124884 0.0
1.00294 -0.122885 0.0
1.00005 -0.120687 0.0
0.9972 -0.118293 0.0
0.994407 -0.11571 0.0
0.991674 -0.112942 0.0
0.989005 -0.109997 0.0
0.986405 -0.106878 0.0
0.98388 -0.103593 0.0
0.981433 -0.100146 0.0
0.979069 -0.0965433 0.0
0.976792 -0.0927909 0.0
0.974607 -0.0888943 0.0
0.972517 -0.0848593 0.0
0.970527 -0.0806918 0.0
0.96864 -0.0763975 0.0
0.966861 -0.0719825 0.0
0.965195 -0.0674527 0.0
0.963645 -0.0628142 0.0
0.962215 -0.0580732 0.0
0.960911 -0.0532361 0.0
0.959737 -0.0483095 0.0
0.958698 -0.0433002 0.0
0.957799 -0.0382154 0.0
0.957045 -0.0330626 0.0
0.956442 -0.02785 0.0
0.955997 -0.0225897 0.0
0.955714 -0.0173302 0.0
0.955591 -0.0124981 0.0
0.999987 0.00242346 0.0
0.999936 0.00726107 0.0
0.999834 0.0120946 0.0
0.999682 0.0169294 0.0
0.999481 0.0217706 0.0
0.999233 0.0266236 0.0
0.998939 0.0314936 0.0
0.998603 0.036386 0.0
0.998226 0.0413059 0.0
0.997813 0.0462586 0.0
0.997368 0.0512494 0.0
0.996894 0.0562833 0.0
0.996397 0.0613655 0.0
0.995883 0.0665007 0.0
0.995358 0.0716938 0.0
0.994828 0.0769493 0.0
0.994303 0.0822715 0.0
0.99379 0.0876641 0.0
0.993299 0.0931308 0.0
0.99284 0.0986743 0.0
0.992425 0.104297 0.0
0.992065 0.110001 0.0
0.991774 0.115785 0.0
0.991566 0.121651 0.0
0.991455 0.127595 0.0
0.991458 0.133616 0.0
0.991591 0.139707 0.0
0.99187 0.145863 0.0
0.992314 0.152075 0.0
0.99294 0.158331 0.0
0.993765 0.164619 0.0
0.994807 0.170921 0.0
0.996081 0.17722 0.0
0.997603 0.183493 0.0
0.999386 0.189717 0.0
1.00144 0.195865 0.0
1.00378 0.201907 0.0
1.00639 0.207811 0.0
1.0093 0.213545 0.0
1.01248 0.219074 0.0
1.01594 0.224366 0.0
1.01965 0.229386 0.0
1.02361 0.234103 0.0
1.02778 0.238489 0.0
1.03215 0.242517 0.0
1.03667 0.246168 0.0
1.04132 0.249426 0.0
1.04606 0.252281 0.0
1.05086 0.254729 0.0
1.05569 0.256771 0.0
1.0605 0.258415 0.0
1.06527 0.259671 0.0
1.06998 0.260555 0.0
1.0746 0.261085 0.0
1.07911 0.261282 0.0
1.0835 0.261167 0.0
1.08776 0.260762 0.0
1.09187 0.260087 0.0
1.09584 0.259164 0.0
1.09967 0.25801 0.0
1.10335 0.256644 0.0
1.10689 0.255081 0.0
1.11028 0.253335 0.0
1.11354 0.251416 0.0
1.11667 0.249336 0.0
1.11967 0.247103 0.0
1.12254 0.244722 0.0
1.12529 0.2422 0.0
1.12792 0.239541 0.0
1.13044 0.236747 0.0
1.13284 0.233821 0.0
1.13513 0.230764 0.0
1.1373 0.227577 0.0
1.13936 0.224261 0.0
1.14131 0.220815 0.0
1.14313 0.217241 0.0
1.14484 0.213538 0.0
1.14643 0.209706 0.0
1.1479 0.205747 0.0
1.14923 0.201662 0.0
1.15044 0.197452 0.0
1.15152 0.19312 0.0
1.15246 0.188669 0.0
1.15326 0.184102 0.0
1.15392 0.179425 0.0
1.15445 0.174641 0.0
1.15482 0.169758 0.0
1.15505 0.164781 0.0
1.15514 0.15972 0.0
1.15508 0.15458 0.0
1.15488 0.149373 0.0
1.15454 0.144106 0.0
1.15406 0.138791 0.0
1.15345 0.133436 0.0
1.1527 0.128053 0.0
1.15183 0.122652 0.0
1.15084 0.117243 0.0
1.14973 0.111837 0.0
1.14852 0.106444 0.0
1.14721 0.101073 0.0
1.14582 0.0957351 0.0
1.14434 0.0904371 0.0
1.14279 0.0851874 0.0
1.14119 0.0799928 0.0
1.13953 0.0748593 0.0
1.13784 0.069792 0.0
1.13611 0.0647947 0.0
1.13437 0.0598704 0.0
1.13262 0.0550208 0.0
1.13087 0.0502464 0.0
1.12913 0.045547 0.0
1.12742 0.0409211 0.0
1.12573 0.0363663 0.0
1.12407 0.0318793 0.0
1.12246 0.0274563 0.0
1.12089 0.0230925 0.0
1.11938 0.018783 0.0
1.11792 0.0145222 0.0
1.11652 0.0103047 0.0
1.11518 0.00612503 0.0
1.1139 0.00197753 0.0
1.11267 -0.00214598 0.0
1.1115 -0.0062538 0.0
1.11038 -0.0103517 0.0
1.1093 -0.0144448 0.0
1.10826 -0.0185374 0.0
1.10725 -0.0226329 0.0
1.10627 -0.0267338 0.0
1.1053 -0.0308416 0.0
1.10435 -0.0349568 0.0
1.10339 -0.0390786 0.0
1.10243 -0.0432053 0.0
1.10145 -0.0473338 0.0
1.10045 -0.0514602 0.0
1.09941 -0.0555792 0.0
1.09833 -0.0596847 0.0
1.09719 -0.0637693 0.0
1.096 -0.0678249 0.0
1.09474 -0.0718426 0.0
1.0934 -0.0758126 0.0
1.09198 -0.0797246 0.0
1.09048 -0.0835677 0.0
1.08888 -0.0873308 0.0
1.08719 -0.0910024 0.0
1.0854 -0.0945709 0.0
1.08351 -0.0980247 0.0
1.08153 -0.101353 0.0
1.07944 -0.104543 0.0
1.07724 -0.107585 0.0
1.07496 -0.110469 0.0
1.07257 -0.113185 0.0
1.07009 -0.115722 0.0
1.06752 -0.118074 0.0
1.06487 -0.120232 0.0
1.06214 -0.122189 0.0
1.05933 -0.123939 0.0
1.05646 -0.125477 0.0
1.05353 -0.126798 0.0
1.05054 -0.127898 0.0
1.0475 -0.128776 0.0
1.04443 -0.129428 0.0
1.04132 -0.129854 0.0
1.03819 -0.130053 0.0
1.03505 -0.130027 0.0
1.03189 -0.129774 0.0
1.02873 -0.129298 0.0
1.02557 -0.128601 0.0
1.02243 -0.127684 0.0
1.01931 -0.126553 0.0
1.01621 -0.125208 0.0
1.01314 -0.123656 0.0
1.01012 -0.1219 0.0
1.00713 -0.119945 0.0
1.00419 -0.117795 0.0
1.00131 -0.115456 0.0
0.998493 -0.112933 0.0
0.995737 -0.11023 0.0
0.993051 -0.107354 0.0
0.990439 -0.10431 0.0
0.987905 -0.101103 0.0
0.985454 -0.0977384 0.0
0.98309 -0.0942227 0.0
0.980817 -0.0905613 0.0
0.978638 -0.0867597 0.0
0.976558 -0.0828236 0.0
0.97458 -0.078759 0.0
0.972707 -0.0745716 0.0
0.970945 -0.0702674 0.0
0.969296 -0.0658524 0.0
0.967765 -0.0613328 0.0
0.966354 -0.0567149 0.0
0.965069 -0.0520054 0.0
0.963914 -0.0472108 0.0
0.962893 -0.0423384 0.0
0.96201 -0.0373954 0.0
0.961271 -0.0323896 0.0
0.96068 -0.0273296 0.0
0.960243 -0.0222276 0.0
0.959964 -0.0171309 0.0
0.959841 -0.0124516 0.0
0.999989 0.00244774 0.0
0.999943 0.00733371 0.0
0.999852 0.012215 0.0
0.999716 0.0170966 0.0
0.999537 0.0219833 0.0
0.999317 0.0268799 0.0
0.999056 0.0317914 0.0
0.998758 0.0367225 0.0
0.998426 0.0416781 0.0
0.998062 0.0466629 0.0
0.997671 0.0516816 0.0
0.997257 0.0567388 0.0
0.996825 0.0618389 0.0
0.99638 0.0669862 0.0
0.995929 0.0721848 0.0
0.995478 0.0774385 0.0
0.995035 0.0827508 0.0
0.994608 0.0881248 0.0
0.994206 0.0935632 0.0
0.993839 0.0990681 0.0
0.993517 0.104641 0.0
0.993251 0.110282 0.0
0.993055 0.115992 0.0
0.992939 0.121768 0.0
0.992919 0.127609 0.0
0.993009 0.13351 0.0
0.993222 0.139467 0.0
0.993575 0.145472 0.0
0.994082 0.151515 0.0
0.994759 0.157587 0.0
0.995622 0.163674 0.0
0.996685 0.169761 0.0
0.997961 0.175829 0.0
0.999463 0.181859 0.0
1.0012 0.187829 0.0
1.00319 0.193714 0.0
1.00542 0.199487 0.0
1.00791 0.205121 0.0
1.01066 0.210586 0.0
1.01365 0.215854 0.0
1.01689 0.220894 0.0
1.02036 0.225677 0.0
1.02404 0.230177 0.0
1.02791 0.234369 0.0
1.03195 0.238231 0.0
1.03614 0.241745 0.0
1.04044 0.244898 0.0
1.04482 0.24768 0.0
1.04927 0.250087 0.0
1.05374 0.25212 0.0
1.05821 0.253784 0.0
1.06265 0.255087 0.0
1.06704 0.256041 0.0
1.07136 0.256661 0.0
1.07559 0.256963 0.0
1.07972 0.256966 0.0
1.08374 0.256687 0.0
1.08764 0.256145 0.0
1.09142 0.255358 0.0
1.09506 0.254341 0.0
1.09859 0.253111 0.0
1.10198 0.251682 0.0
1.10525 0.250066 0.0
1.1084 0.248275 0.0
1.11144 0.246318 0.0
1.11436 0.244204 0.0
1.11717 0.241939 0.0
1.11987 0.23953 0.0
1.12247 0.236981 0.0
1.12496 0.234294 0.0
1.12736 0.231475 0.0
1.12966 0.228523 0.0
1.13186 0.225441 0.0
1.13397 0.222231 0.0
1.13598 0.218892 0.0
1.13789 0.215426 0.0
1.1397 0.211833 0.0
1.14141 0.208114 0.0
1.14301 0.204271 0.0
1.14451 0.200304 0.0
1.14589 0.196216 0.0
1.14717 0.192008 0.0
1.14832 0.187685 0.0
1.14936 0.183248 0.0
1.15027 0.178703 0.0
1.15106 0.174055 0.0
1.15172 0.169308 0.0
1.15225 0.164469 0.0
1.15265 0.159545 0.0
1.15291 0.154544 0.0
1.15305 0.149474 0.0
1.15305 0.144343 0.0
1.15293 0.13916 0.0
1.15268 0.133935 0.0
1.1523 0.128678 0.0
1.1518 0.123398 0.0
1.15118 0.118104 0.0
1.15045 0.112808 0.0
1.14962 0.107517 0.0
1.14869 0.102241 0.0
1.14766 0.0969885 0.0
1.14656 0.0917679 0.0
1.14537 0.0865863 0.0
1.14412 0.0814504 0.0
1.14281 0.0763658 0.0
1.14146 0.0713376 0.0
1.14006 0.0663696 0.0
1.13863 0.0614647 0.0
1.13719 0.0566251 0.0
1.13573 0.0518516 0.0
1.13426 0.0471444 0.0
1.1328 0.0425026 0.0
1.13135 0.0379246 0.0
1.12992 0.0334078 0.0
1.12851 0.0289492 0.0
1.12713 0.0245451 0.0
1.12578 0.0201914 0.0
1.12447 0.0158838 0.0
1.1232 0.0116177 0.0
1.12196 0.00738851 0.0
1.12077 0.00319183 0.0
1.11961 -0.00097744 0.0
1.11849 -0.00512755 0.0
1.11739 -0.00926345 0.0
1.11633 -0.0133895 0.0
1.11529 -0.0175092 0.0
1.11426 -0.0216255 0.0
1.11324 -0.0257401 0.0
1.11222 -0.0298542 0.0
1.1112 -0.0339676 0.0
1.11017 -0.0380795 0.0
1.10911 -0.0421877 0.0
1.10803 -0.0462894 0.0
1.10691 -0.0503804 0.0
1.10574 -0.0544557 0.0
1.10453 -0.0585093 0.0
1.10325 -0.0625344 0.0
1.10191 -0.0665232 0.0
1.1005 -0.0704674 0.0
1.099 -0.0743578 0.0
1.09743 -0.0781849 0.0
1.09576 -0.0819386 0.0
1.09401 -0.0856085 0.0
1.09216 -0.089184 0.0
1.09021 -0.0926544 0.0
1.08816 -0.096009 0.0
1.08602 -0.0992373 0.0
1.08378 -0.102329 0.0
1.08145 -0.105274 0.0
1.07902 -0.108063 0.0
1.0765 -0.110686 0.0
1.0739 -0.113136 0.0
1.07121 -0.115404 0.0
1.06844 -0.117483 0.0
1.0656 -0.119367 0.0
1.0627 -0.121051 0.0
1.05973 -0.122528 0.0
1.05672 -0.123795 0.0
1.05365 -0.124849 0.0
1.05055 -0.125687 0.0
1.04741 -0.126307 0.0
1.04425 -0.126708 0.0
1.04107 -0.12689 0.0
1.03788 -0.126853 0.0
1.03469 -0.126598 0.0
1.0315 -0.126127 0.0
1.02833 -0.125441 0.0
1.02517 -0.124543 0.0
1.02203 -0.123435 0.0
1.01893 -0.122122 0.0
1.01586 -0.120607 0.0
1.01283 -0.118895 0.0
1.00985 -0.116988 0.0
1.00693 -0.114892 0.0
1.00406 -0.112612 0.0
1.00126 -0.110153 0.0
0.998526 -0.107519 0.0
0.995864 -0.104717 0.0
0.993279 -0.10175 0.0
0.990775 -0.0986246 0.0
0.988356 -0.0953463 0.0
0.986026 -0.0919203 0.0
0.983787 -0.0883522 0.0
0.981645 -0.0846477 0.0
0.979602 -0.0808125 0.0
0.977663 -0.0768522 0.0
0.975829 -0.0727727 0.0
0.974105 -0.06858 0.0
0.972494 -0.0642801 0.0
0.971 -0.0598794 0.0
0.969626 -0.0553842 0.0
0.968376 -0.0508011 0.0
0.967253 -0.0461371 0.0
0.966262 -0.0413994 0.0
0.965406 -0.0365956 0.0
0.96469 -0.0317337 0.0
0.964117 -0.0268224 0.0
0.963694 -0.021874 0.0
0.963423 -0.0169349 0.0
0.963301 -0.012403 0.0
0.99999 0.00246936 0.0
0.999949 0.00739837 0.0
0.999869 0.0123221 0.0
0.999748 0.0172452 0.0
0.99959 0.022172 0.0
0.999395 0.027107 0.0
0.999165 0.0320547 0.0
0.998902 0.0370194 0.0
0.99861 0.0420056 0.0
0.998292 0.0470175 0.0
0.997951 0.0520592 0.0
0.997591 0.0571349 0.0
0.997218 0.0622483 0.0
0.996836 0.0674033 0.0
0.996452 0.0726032 0.0
0.996071 0.0778513 0.0
0.995702 0.0831504 0.0
0.995352 0.0885028 0.0
0.995029 0.0939105 0.0
0.994742 0.0993749 0.0
0.994501 0.104897 0.0
0.994317 0.110476 0.0
0.994201 0.116111 0.0
0.994164 0.1218 0.0
0.994219 0.127541 0.0
0.994379 0.133329 0.0
0.994657 0.139157 0.0
0.995067 0.145019 0.0
0.995621 0.150906 0.0
0.996334 0.156807 0.0
0.997218 0.162708 0.0
0.998287 0.168596 0.0
0.999551 0.174454 0.0
1.00102 0.180262 0.0
1.00271 0.186002 0.0
1.00461 0.191649 0.0
1.00675 0.197182 0.0
1.00911 0.202574 0.0
1.0117 0.2078 0.0
1.01451 0.212834 0.0
1.01754 0.217651 0.0
1.02077 0.222224 0.0
1.02419 0.226531 0.0
1.02778 0.230551 0.0
1.03152 0.234263 0.0
1.0354 0.237653 0.0
1.03937 0.240709 0.0
1.04343 0.243422 0.0
1.04755 0.245788 0.0
1.05169 0.247807 0.0
1.05584 0.249481 0.0
1.05997 0.250818 0.0
1.06406 0.251827 0.0
1.06809 0.252519 0.0
1.07205 0.252909 0.0
1.07593 0.253011 0.0
1.07972 0.25284 0.0
1.0834 0.252411 0.0
1.08698 0.251741 0.0
1.09044 0.250844 0.0
1.09379 0.249733 0.0
1.09704 0.248422 0.0
1.10017 0.246922 0.0
1.10319 0.245244 0.0
1.10611 0.243397 0.0
1.10893 0.241389 0.0
1.11165 0.239228 0.0
1.11427 0.236918 0.0
1.1168 0.234465 0.0
1.11924 0.231874 0.0
1.12159 0.229147 0.0
1.12385 0.226287 0.0
1.12603 0.223296 0.0
1.12812 0.220176 0.0
1.13013 0.216929 0.0
1.13206 0.213555 0.0
1.13389 0.210056 0.0
1.13564 0.206434 0.0
1.1373 0.202689 0.0
1.13886 0.198824 0.0
1.14033 0.19484 0.0
1.14171 0.19074 0.0
1.14298 0.186527 0.0
1.14414 0.182205 0.0
1.1452 0.177776 0.0
1.14615 0.173247 0.0
1.14698 0.168621 0.0
1.1477 0.163906 0.0
1.1483 0.159107 0.0
1.14878 0.154232 0.0
1.14915 0.149287 0.0
1.14939 0.144282 0.0
1.14951 0.139223 0.0
1.14952 0.134121 0.0
1.14941 0.128983 0.0
1.14918 0.123818 0.0
1.14884 0.118637 0.0
1.1484 0.113446 0.0
1.14785 0.108257 0.0
1.14721 0.103075 0.0
1.14648 0.0979109 0.0
1.14566 0.0927706 0.0
1.14477 0.0876615 0.0
1.1438 0.0825897 0.0
1.14278 0.077561 0.0
1.1417 0.0725799 0.0
1.14057 0.0676504 0.0
1.13941 0.0627755 0.0
1.13821 0.0579574 0.0
1.13699 0.0531974 0.0
1.13576 0.0484961 0.0
1.13452 0.0438529 0.0
1.13328 0.039267 0.0
1.13204 0.0347364 0.0
1.13081 0.030259 0.0
1.12959 0.0258317 0.0
1.12839 0.0214515 0.0
1.12721 0.0171149 0.0
1.12605 0.0128182 0.0
1.12492 0.00855777 0.0
1.12381 0.00433016 0.0
1.12272 0.000131717 0.0
1.12165 -0.00404415 0.0
1.1206 -0.00820185 0.0
1.11955 -0.0123451 0.0
1.11852 -0.0164767 0.0
1.11749 -0.0205991 0.0
1.11646 -0.0247135 0.0
1.11541 -0.0288205 0.0
1.11435 -0.0329199 0.0
1.11327 -0.0370103 0.0
1.11216 -0.0410896 0.0
1.11101 -0.0451548 0.0
1.10981 -0.0492018 0.0
1.10857 -0.0532259 0.0
1.10727 -0.0572213 0.0
1.1059 -0.0611816 0.0
1.10447 -0.0650994 0.0
1.10296 -0.068967 0.0
1.10137 -0.0727758 0.0
1.0997 -0.0765169 0.0
1.09794 -0.0801811 0.0
1.09608 -0.0837587 0.0
1.09414 -0.0872398 0.0
1.0921 -0.0906147 0.0
1.08997 -0.0938735 0.0
1.08775 -0.0970064 0.0
1.08543 -0.100004 0.0
1.08302 -0.102857 0.0
1.08053 -0.105556 0.0
1.07795 -0.108094 0.0
1.07529 -0.110462 0.0
1.07255 -0.112653 0.0
1.06974 -0.11466 0.0
1.06687 -0.116478 0.0
1.06393 -0.118101 0.0
1.06094 -0.119525 0.0
1.05791 -0.120745 0.0
1.05483 -0.121759 0.0
1.05173 -0.122564 0.0
1.04859 -0.123158 0.0
1.04544 -0.123541 0.0
1.04227 -0.123712 0.0
1.0391 -0.123671 0.0
1.03593 -0.123418 0.0
1.03276 -0.122956 0.0
1.02962 -0.122287 0.0
1.02649 -0.121411 0.0
1.02339 -0.120333 0.0
1.02033 -0.119055 0.0
1.0173 -0.117581 0.0
1.01433 -0.115915 0.0
1.0114 -0.114061 0.0
1.00852 -0.112022 0.0
1.00571 -0.109804 0.0
1.00296 -0.107412 0.0
1.00029 -0.104849 0.0
0.997683 -0.102122 0.0
0.995157 -0.0992342 0.0
0.992713 -0.0961923 0.0
0.990354 -0.0930009 0.0
0.988085 -0.0896656 0.0
0.985908 -0.0861917 0.0
0.983826 -0.0825847 0.0
0.981844 -0.0788503 0.0
0.979964 -0.0749941 0.0
0.978189 -0.071022 0.0
0.976522 -0.06694 0.0
0.974966 -0.062754 0.0
0.973525 -0.0584704 0.0
0.972202 -0.0540957 0.0
0.970999 -0.0496365 0.0
0.96992 -0.0451001 0.0
0.968968 -0.0404935 0.0
0.968148 -0.0358247 0.0
0.967461 -0.0311018 0.0
0.966913 -0.0263337 0.0
0.966507 -0.0215329 0.0
0.966246 -0.0167444 0.0
0.966128 -0.0123534 0.0
0.999991 0.00248851 0.0
0.999955 0.00745563 0.0
0.999884 0.0124169 0.0
0.999778 0.0173766 0.0
0.999638 0.0223387 0.0
0.999466 0.0273072 0.0
0.999265 0.0322864 0.0
0.999035 0.03728 0.0
0.99878 0.0422922 0.0
0.998502 0.0473266 0.0
0.998207 0.052387 0.0
0.997896 0.0574769 0.0
0.997576 0.0625997 0.0
0.997251 0.0677586 0.0
0.996927 0.0729564 0.0
0.99661 0.0781958 0.0
0.996306 0.0834789 0.0
0.996023 0.0888075 0.0
0.995769 0.094183 0.0
0.995553 0.099606 0.0
0.995382 0.105077 0.0
0.995268 0.110594 0.0
0.99522 0.116157 0.0
0.995248 0.121762 0.0
0.995365 0.127407 0.0
0.995582 0.133086 0.0
0.99591 0.138794 0.0
0.996362 0.144522 0.0
0.996949 0.150262 0.0
0.997683 0.156004 0.0
0.998575 0.161734 0.0
0.999637 0.16744 0.0
1.00088 0.173105 0.0
1.00231 0.178712 0.0
1.00393 0.184243 0.0
1.00575 0.189677 0.0
1.00778 0.194993 0.0
1.01001 0.200169 0.0
1.01245 0.205182 0.0
1.01508 0.210008 0.0
1.01791 0.214625 0.0
1.02091 0.219012 0.0
1.02409 0.223147 0.0
1.02742 0.227012 0.0
1.03089 0.230591 0.0
1.03447 0.233869 0.0
1.03815 0.236836 0.0
1.0419 0.239483 0.0
1.04571 0.241808 0.0
1.04954 0.243808 0.0
1.05339 0.245487 0.0
1.05722 0.246848 0.0
1.06103 0.247899 0.0
1.06479 0.24865 0.0
1.0685 0.249112 0.0
1.07213 0.249296 0.0
1.07569 0.249216 0.0
1.07915 0.248886 0.0
1.08253 0.248317 0.0
1.0858 0.247524 0.0
1.08898 0.246519 0.0
1.09206 0.245313 0.0
1.09505 0.243916 0.0
1.09793 0.24234 0.0
1.10073 0.240591 0.0
1.10342 0.238679 0.0
1.10603 0.236611 0.0
1.10856 0.234391 0.0
1.11099 0.232026 0.0
1.11335 0.229519 0.0
1.11562 0.226875 0.0
1.11782 0.224097 0.0
1.11994 0.221187 0.0
1.12198 0.218148 0.0
1.12395 0.214981 0.0
1.12584 0.211688 0.0
1.12766 0.208272 0.0
1.12939 0.204733 0.0
1.13105 0.201075 0.0
1.13263 0.197298 0.0
1.13412 0.193405 0.0
1.13552 0.189399 0.0
1.13683 0.185283 0.0
1.13806 0.181061 0.0
1.13918 0.176735 0.0
1.14021 0.172311 0.0
1.14114 0.167794 0.0
1.14197 0.163189 0.0
1.14269 0.158502 0.0
1.1433 0.15374 0.0
1.14381 0.14891 0.0
1.14421 0.144019 0.0
1.1445 0.139074 0.0
1.14468 0.134085 0.0
1.14475 0.129058 0.0
1.14472 0.124002 0.0
1.14458 0.118926 0.0
1.14434 0.113837 0.0
1.14401 0.108744 0.0
1.14358 0.103655 0.0
1.14307 0.0985766 0.0
1.14248 0.0935163 0.0
1.14181 0.0884804 0.0
1.14107 0.083475 0.0
1.14026 0.0785053 0.0
1.1394 0.0735759 0.0
1.13849 0.0686906 0.0
1.13754 0.0638525 0.0
1.13655 0.0590639 0.0
1.13554 0.0543264 0.0
1.13449 0.0496408 0.0
1.13344 0.0450071 0.0
1.13237 0.0404249 0.0
1.13129 0.035893 0.0
1.13021 0.0314097 0.0
1.12914 0.0269729 0.0
1.12807 0.0225802 0.0
1.127 0.0182288 0.0
1.12595 0.013916 0.0
1.12491 0.00963901 0.0
1.12387 0.00539496 0.0
1.12285 0.0011812 0.0
1.12183 -0.00300704 0.0
1.12082 -0.00717363 0.0
1.11981 -0.0113216 0.0
1.11879 -0.0154533 0.0
1.11777 -0.0195705 0.0
1.11674 -0.0236741 0.0
1.11569 -0.0277642 0.0
1.11461 -0.0318403 0.0
1.1135 -0.0359009 0.0
1.11236 -0.0399439 0.0
1.11118 -0.043966 0.0
1.10994 -0.0479636 0.0
1.10866 -0.0519318 0.0
1.10731 -0.0558653 0.0
1.10589 -0.059758 0.0
1.10441 -0.063603 0.0
1.10285 -0.0673931 0.0
1.10121 -0.0711203 0.0
1.09948 -0.0747764 0.0
1.09768 -0.0783527 0.0
1.09578 -0.0818404 0.0
1.0938 -0.0852303 0.0
1.09172 -0.0885133 0.0
1.08956 -0.0916805 0.0
1.08731 -0.0947227 0.0
1.08497 -0.0976311 0.0
1.08254 -0.100397 0.0
1.08004 -0.103013 0.0
1.07745 -0.105471 0.0
1.07479 -0.107763 0.0
1.07206 -0.109883 0.0
1.06926 -0.111825 0.0
1.06641 -0.113583 0.0
1.0635 -0.115152 0.0
1.06054 -0.116528 0.0
1.05754 -0.117707 0.0
1.0545 -0.118686 0.0
1.05144 -0.119464 0.0
1.04835 -0.120038 0.0
1.04525 -0.120407 0.0
1.04214 -0.12057 0.0
1.03903 -0.120529 0.0
1.03593 -0.120283 0.0
1.03283 -0.119835 0.0
1.02976 -0.119185 0.0
1.0267 -0.118335 0.0
1.02368 -0.117289 0.0
1.02069 -0.116049 0.0
1.01775 -0.114618 0.0
1.01485 -0.113001 0.0
1.012 -0.1112 0.0
1.00921 -0.10922 0.0
1.00649 -0.107065 0.0
1.00382 -0.104741 0.0
1.00123 -0.10225 0.0
0.998712 -0.0995984 0.0
0.996271 -0.0967908 0.0
0.993912 -0.0938323 0.0
0.991637 -0.0907279 0.0
0.989451 -0.0874828 0.0
0.987356 -0.0841024 0.0
0.985355 -0.0805921 0.0
0.983452 -0.0769573 0.0
0.981649 -0.0732038 0.0
0.979949 -0.0693372 0.0
0.978354 -0.0653635 0.0
0.976868 -0.0612889 0.0
0.975493 -0.0571195 0.0
0.974232 -0.0528619 0.0
0.973087 -0.0485228 0.0
0.972062 -0.0441094 0.0
0.971159 -0.0396292 0.0
0.97038 -0.0350899 0.0
0.96973 -0.0304998 0.0
0.96921 -0.0258682 0.0
0.968826 -0.0212074 0.0
0.968578 -0.0165615 0.0
0.968464 -0.0123037 0.0
0.999992 0.0025054 0.0
0.999961 0.00750609 0.0
0.999898 0.0125004 0.0
0.999805 0.0174922 0.0
0.999683 0.0224851 0.0
0.999532 0.0274828 0.0
0.999356 0.0324891 0.0
0.999156 0.0375074 0.0
0.998934 0.0425414 0.0
0.998694 0.0475943 0.0
0.99844 0.0526695 0.0
0.998174 0.0577701 0.0
0.997902 0.0628988 0.0
0.997628 0.0680585 0.0
0.997357 0.0732514 0.0
0.997096 0.0784796 0.0
0.99685 0.0837447 0.0
0.996626 0.0890481 0.0
0.996433 0.0943904 0.0
0.996276 0.0997717 0.0
0.996166 0.105192 0.0
0.996111 0.110649 0.0
0.996119 0.116142 0.0
0.996202 0.121666 0.0
0.996368 0.12722 0.0
0.996629 0.132796 0.0
0.996994 0.13839 0.0
0.997475 0.143993 0.0
0.998082 0.149597 0.0
0.998825 0.155191 0.0
0.999714 0.160765 0.0
1.00076 0.166303 0.0
1.00197 0.171793 0.0
1.00334 0.177217 0.0
1.0049 0.18256 0.0
1.00663 0.187802 0.0
1.00855 0.192923 0.0
1.01065 0.197905 0.0
1.01294 0.202727 0.0
1.0154 0.207368 0.0
1.01803 0.211808 0.0
1.02083 0.216028 0.0
1.02377 0.220009 0.0
1.02686 0.223737 0.0
1.03006 0.227194 0.0
1.03337 0.230371 0.0
1.03677 0.233255 0.0
1.04024 0.235842 0.0
1.04376 0.238126 0.0
1.04731 0.240106 0.0
1.05087 0.241782 0.0
1.05443 0.24316 0.0
1.05796 0.244244 0.0
1.06146 0.245042 0.0
1.06492 0.245563 0.0
1.06831 0.245817 0.0
1.07164 0.245815 0.0
1.07489 0.245568 0.0
1.07806 0.245088 0.0
1.08115 0.244387 0.0
1.08416 0.243474 0.0
1.08707 0.242361 0.0
1.0899 0.241057 0.0
1.09264 0.239572 0.0
1.09529 0.237913 0.0
1.09787 0.236088 0.0
1.10035 0.234104 0.0
1.10276 0.231966 0.0
1.1051 0.229681 0.0
1.10735 0.227252 0.0
1.10953 0.224684 0.0
1.11164 0.221981 0.0
1.11368 0.219144 0.0
1.11565 0.216177 0.0
1.11755 0.213083 0.0
1.11939 0.209864 0.0
1.12115 0.206521 0.0
1.12284 0.203058 0.0
1.12445 0.199476 0.0
1.126 0.195778 0.0
1.12747 0.191966 0.0
1.12886 0.188043 0.0
1.13017 0.184013 0.0
1.1314 0.179879 0.0
1.13255 0.175645 0.0
1.1336 0.171315 0.0
1.13457 0.166894 0.0
1.13545 0.162388 0.0
1.13623 0.157802 0.0
1.13691 0.153142 0.0
1.1375 0.148415 0.0
1.13799 0.143627 0.0
1.13838 0.138787 0.0
1.13867 0.1339 0.0
1.13887 0.128976 0.0
1.13896 0.12402 0.0
1.13896 0.119042 0.0
1.13887 0.114048 0.0
1.13869 0.109047 0.0
1.13842 0.104045 0.0
1.13807 0.099049 0.0
1.13765 0.0940661 0.0
1.13715 0.0891021 0.0
1.13658 0.0841626 0.0
1.13594 0.0792527 0.0
1.13526 0.0743768 0.0
1.13452 0.0695387 0.0
1.13373 0.0647413 0.0
1.13291 0.0599872 0.0
1.13205 0.0552782 0.0
1.13117 0.0506152 0.0
1.13026 0.0459988 0.0
1.12933 0.0414289 0.0
1.12839 0.0369049 0.0
1.12744 0.0324256 0.0
1.12649 0.0279896 0.0
1.12552 0.0235951 0.0
1.12456 0.0192401 0.0
1.1236 0.0149226 0.0
1.12263 0.0106403 0.0
1.12167 0.00639111 0.0
1.12071 0.00217303 0.0
1.11974 -0.00201694 0.0
1.11877 -0.00618231 0.0
1.1178 -0.0103255 0.0
1.11681 -0.0144482 0.0
1.11581 -0.0185518 0.0
1.11478 -0.0226366 0.0
1.11374 -0.0267027 0.0
1.11266 -0.0307491 0.0
1.11155 -0.0347743 0.0
1.1104 -0.038776 0.0
1.1092 -0.0427511 0.0
1.10795 -0.0466959 0.0
1.10664 -0.0506059 0.0
1.10528 -0.054476 0.0
1.10385 -0.0583004 0.0
1.10234 -0.0620727 0.0
1.10077 -0.0657862 0.0
1.09911 -0.0694334 0.0
1.09738 -0.0730067 0.0
1.09556 -0.076498 0.0
1.09366 -0.0798992 0.0
1.09168 -0.0832019 0.0
1.0896 -0.0863976 0.0
1.08745 -0.089478 0.0
1.08521 -0.0924346 0.0
1.08289 -0.0952595 0.0
1.08049 -0.0979447 0.0
1.07802 -0.100483 0.0
1.07547 -0.102866 0.0
1.07285 -0.105089 0.0
1.07016 -0.107144 0.0
1.06742 -0.109025 0.0
1.06462 -0.110729 0.0
1.06178 -0.112249 0.0
1.05889 -0.113582 0.0
1.05596 -0.114725 0.0
1.053 -0.115675 0.0
1.05002 -0.116429 0.0
1.04702 -0.116986 0.0
1.04401 -0.117345 0.0
1.04099 -0.117505 0.0
1.03797 -0.117467 0.0
1.03497 -0.117231 0.0
1.03197 -0.116798 0.0
1.029 -0.11617 0.0
1.02605 -0.115349 0.0
1.02313 -0.114336 0.0
1.02025 -0.113135 0.0
1.01741 -0.111749 0.0
1.01462 -0.110181 0.0
1.01188 -0.108435 0.0
1.0092 -0.106514 0.0
1.00658 -0.104423 0.0
1.00403 -0.102166 0.0
1.00154 -0.0997468 0.0
0.999129 -0.0971708 0.0
0.996794 -0.0944424 0.0
0.994539 -0.0915664 0.0
0.992368 -0.0885478 0.0
0.990283 -0.0853916 0.0
0.988288 -0.0821031 0.0
0.986384 -0.0786875 0.0
0.984576 -0.0751502 0.0
0.982865 -0.0714968 0.0
0.981254 -0.0677329 0.0
0.979745 -0.0638645 0.0
0.978341 -0.0598975 0.0
0.977043 -0.0558383 0.0
0.975854 -0.0516933 0.0
0.974777 -0.0474694 0.0
0.973814 -0.0431737 0.0
0.972966 -0.0388137 0.0
0.972236 -0.0343973 0.0
0.971627 -0.0299329 0.0
0.971141 -0.0254298 0.0
0.970781 -0.0209005 0.0
0.970548 -0.0163882 0.0
0.97044 -0.0122548 0.0
0.999993 0.00252021 0.0
0.999966 0.00755032 0.0
0.999911 0.0125736 0.0
0.99983 0.0175933 0.0
0.999723 0.022613 0.0
0.999592 0.0276359 0.0
0.999439 0.0326654 0.0
0.999266 0.0377046 0.0
0.999075 0.0427567 0.0
0.998869 0.0478247 0.0
0.998651 0.0529114 0.0
0.998426 0.0580194 0.0
0.998196 0.0631512 0.0
0.997967 0.068309 0.0
0.997744 0.0734947 0.0
0.997532 0.0787098 0.0
0.997337 0.0839556 0.0
0.997165 0.0892327 0.0
0.997023 0.0945415 0.0
0.996918 0.0998815 0.0
0.996859 0.105252 0.0
0.996852 0.110651 0.0
0.996907 0.116076 0.0
0.997033 0.121524 0.0
0.997237 0.126991 0.0
0.997531 0.132471 0.0
0.997923 0.137958 0.0
0.998422 0.143445 0.0
0.999037 0.148923 0.0
0.999778 0.154382 0.0
1.00065 0.15981 0.0
1.00167 0.165196 0.0
1.00284 0.170526 0.0
1.00416 0.175785 0.0
1.00564 0.180957 0.0
1.00728 0.186026 0.0
1.00909 0.190973 0.0
1.01106 0.195781 0.0
1.0132 0.200432 0.0
1.01549 0.204907 0.0
1.01794 0.209189 0.0
1.02053 0.21326 0.0
1.02326 0.217104 0.0
1.02611 0.220708 0.0
1.02907 0.224057 0.0
1.03213 0.22714 0.0
1.03526 0.22995 0.0
1.03846 0.232479 0.0
1.04171 0.234724 0.0
1.04499 0.236681 0.0
1.04828 0.238353 0.0
1.05157 0.239741 0.0
1.05485 0.240849 0.0
1.0581 0.241685 0.0
1.06131 0.242255 0.0
1.06447 0.242567 0.0
1.06758 0.242631 0.0
1.07062 0.242457 0.0
1.07359 0.242054 0.0
1.07649 0.241433 0.0
1.07931 0.240602 0.0
1.08206 0.239572 0.0
1.08473 0.238351 0.0
1.08732 0.236948 0.0
1.08983 0.23537 0.0
1.09227 0.233624 0.0
1.09463 0.231718 0.0
1.09691 0.229656 0.0
1.09913 0.227444 0.0
1.10128 0.225087 0.0
1.10335 0.222589 0.0
1.10537 0.219954 0.0
1.10731 0.217185 0.0
1.10919 0.214285 0.0
1.11101 0.211258 0.0
1.11276 0.208105 0.0
1.11445 0.20483 0.0
1.11607 0.201435 0.0
1.11763 0.197923 0.0
1.11912 0.194296 0.0
1.12054 0.190557 0.0
1.12189 0.186709 0.0
1.12317 0.182756 0.0
1.12437 0.178702 0.0
1.1255 0.17455 0.0
1.12655 0.170304 0.0
1.12752 0.16597 0.0
1.1284 0.161552 0.0
1.1292 0.157057 0.0
1.12991 0.152489 0.0
1.13054 0.147855 0.0
1.13108 0.143162 0.0
1.13152 0.138415 0.0
1.13188 0.133623 0.0
1.13215 0.128792 0.0
1.13233 0.123928 0.0
1.13242 0.11904 0.0
1.13243 0.114135 0.0
1.13235 0.109218 0.0
1.13219 0.104298 0.0
1.13196 0.0993796 0.0
1.13165 0.0944702 0.0
1.13128 0.0895751 0.0
1.13084 0.0846996 0.0
1.13033 0.0798485 0.0
1.12978 0.075026 0.0
1.12917 0.0702359 0.0
1.12852 0.0654812 0.0
1.12782 0.0607644 0.0
1.1271 0.0560874 0.0
1.12633 0.0514516 0.0
1.12555 0.0468578 0.0
1.12474 0.0423062 0.0
1.12391 0.0377967 0.0
1.12306 0.0333286 0.0
1.12221 0.0289011 0.0
1.12134 0.024513 0.0
1.12046 0.0201628 0.0
1.11957 0.015849 0.0
1.11868 0.0115701 0.0
1.11778 0.00732452 0.0
1.11687 0.00311073 0.0
1.11596 -0.00107295 0.0
1.11503 -0.00522947 0.0
1.11409 -0.0093606 0.0
1.11313 -0.0134677 0.0
1.11215 -0.0175514 0.0
1.11115 -0.021612 0.0
1.11012 -0.025649 0.0
1.10905 -0.0296615 0.0
1.10795 -0.0336477 0.0
1.10681 -0.0376052 0.0
1.10561 -0.0415312 0.0
1.10437 -0.0454218 0.0
1.10307 -0.049273 0.0
1.1017 -0.0530797 0.0
1.10028 -0.0568366 0.0
1.09878 -0.0605377 0.0
1.09721 -0.0641767 0.0
1.09557 -0.0677466 0.0
1.09385 -0.0712404 0.0
1.09205 -0.0746506 0.0
1.09018 -0.0779696 0.0
1.08822 -0.0811897 0.0
1.08618 -0.084303 0.0
1.08407 -0.0873018 0.0
1.08187 -0.0901784 0.0
1.0796 -0.0929253 0.0
1.07726 -0.0955351 0.0
1.07485 -0.0980009 0.0
1.07236 -0.100316 0.0
1.06982 -0.102474 0.0
1.06721 -0.104469 0.0
1.06455 -0.106296 0.0
1.06184 -0.10795 0.0
1.05909 -0.109427 0.0
1.05629 -0.110722 0.0
1.05347 -0.111833 0.0
1.05062 -0.112757 0.0
1.04774 -0.113491 0.0
1.04485 -0.114035 0.0
1.04196 -0.114387 0.0
1.03906 -0.114547 0.0
1.03616 -0.114514 0.0
1.03328 -0.11429 0.0
1.03041 -0.113875 0.0
1.02756 -0.11327 0.0
1.02473 -0.112477 0.0
1.02194 -0.111499 0.0
1.01919 -0.110339 0.0
1.01648 -0.108997 0.0
1.01382 -0.107479 0.0
1.01121 -0.105788 0.0
1.00865 -0.103926 0.0
1.00616 -0.101898 0.0
1.00373 -0.0997078 0.0
1.00137 -0.0973598 0.0
0.999087 -0.0948583 0.0
0.996875 -0.0922077 0.0
0.994741 -0.0894127 0.0
0.992689 -0.0864781 0.0
0.990722 -0.0834087 0.0
0.988841 -0.0802097 0.0
0.987049 -0.0768862 0.0
0.98535 -0.0734434 0.0
0.983744 -0.0698867 0.0
0.982234 -0.0662219 0.0
0.980822 -0.0624547 0.0
0.97951 -0.058591 0.0
0.9783 -0.0546371 0.0
0.977193 -0.0505994 0.0
0.976192 -0.0464848 0.0
0.975298 -0.0423004 0.0
0.974513 -0.0380537 0.0
0.973838 -0.0337527 0.0
0.973275 -0.0294058 0.0
0.972826 -0.0250224 0.0
0.972494 -0.020615 0.0
0.972279 -0.016226 0.0
0.972177 -0.0122074 0.0
0.999994 0.00253312 0.0
0.99997 0.00758888 0.0
0.999923 0.0126372 0.0
0.999852 0.0176813 0.0
0.99976 0.0227241 0.0
0.999647 0.0277686 0.0
0.999515 0.0328178 0.0
0.999366 0.0378745 0.0
0.999202 0.0429415 0.0
0.999026 0.0480214 0.0
0.998842 0.0531167 0.0
0.998652 0.0582295 0.0
0.998461 0.0633619 0.0
0.998272 0.0685158 0.0
0.998091 0.0736925 0.0
0.997921 0.0788932 0.0
0.99777 0.0841187 0.0
0.997642 0.0893692 0.0
0.997545 0.0946446 0.0
0.997484 0.0999441 0.0
0.997466 0.105266 0.0
0.9975 0.110609 0.0
0.997592 0.11597 0.0
0.99775 0.121346 0.0
0.997984 0.126731 0.0
0.9983 0.132121 0.0
0.998708 0.137509 0.0
0.999215 0.142888 0.0
0.99983 0.148249 0.0
1.00056 0.153584 0.0
1.00141 0.15888 0.0
1.00239 0.164127 0.0
1.00351 0.169312 0.0
1.00477 0.174421 0.0
1.00617 0.179439 0.0
1.00772 0.184352 0.0
1.00942 0.189142 0.0
1.01126 0.193795 0.0
1.01325 0.198293 0.0
1.01538 0.20262 0.0
1.01765 0.20676 0.0
1.02005 0.210698 0.0
1.02257 0.21442 0.0
1.0252 0.217912 0.0
1.02792 0.221163 0.0
1.03074 0.224163 0.0
1.03363 0.226904 0.0
1.03657 0.22938 0.0
1.03956 0.231586 0.0
1.04258 0.233521 0.0
1.04562 0.235184 0.0
1.04866 0.236578 0.0
1.05169 0.237705 0.0
1.0547 0.238571 0.0
1.05767 0.239181 0.0
1.06061 0.239542 0.0
1.0635 0.239662 0.0
1.06633 0.23955 0.0
1.06911 0.239214 0.0
1.07182 0.238663 0.0
1.07446 0.237905 0.0
1.07703 0.236949 0.0
1.07954 0.235802 0.0
1.08197 0.234473 0.0
1.08434 0.232968 0.0
1.08663 0.231295 0.0
1.08886 0.229459 0.0
1.09102 0.227467 0.0
1.09311 0.225323 0.0
1.09514 0.223032 0.0
1.09711 0.2206 0.0
1.09901 0.218028 0.0
1.10086 0.215322 0.0
1.10264 0.212485 0.0
1.10436 0.20952 0.0
1.10602 0.206429 0.0
1.10763 0.203216 0.0
1.10917 0.199884 0.0
1.11065 0.196435 0.0
1.11207 0.192874 0.0
1.11343 0.189201 0.0
1.11472 0.185422 0.0
1.11594 0.18154 0.0
1.1171 0.177557 0.0
1.11819 0.173479 0.0
1.1192 0.16931 0.0
1.12015 0.165054 0.0
1.12101 0.160717 0.0
1.1218 0.156303 0.0
1.12252 0.151818 0.0
1.12315 0.147269 0.0
1.1237 0.14266 0.0
1.12417 0.137999 0.0
1.12456 0.133293 0.0
1.12487 0.128546 0.0
1.12509 0.123767 0.0
1.12524 0.118962 0.0
1.12531 0.114137 0.0
1.1253 0.109299 0.0
1.12522 0.104454 0.0
1.12507 0.0996085 0.0
1.12485 0.0947681 0.0
1.12457 0.0899382 0.0
1.12422 0.0851237 0.0
1.12382 0.0803293 0.0
1.12336 0.075559 0.0
1.12285 0.0708164 0.0
1.1223 0.0661047 0.0
1.12171 0.0614263 0.0
1.12108 0.0567834 0.0
1.12042 0.0521774 0.0
1.11973 0.0476095 0.0
1.11901 0.0430803 0.0
1.11828 0.0385899 0.0
1.11752 0.0341382 0.0
1.11674 0.0297247 0.0
1.11595 0.0253487 0.0
1.11515 0.0210094 0.0
1.11433 0.0167058 0.0
1.1135 0.0124367 0.0
1.11266 0.00820113 0.0
1.1118 0.00399812 0.0
1.11093 -0.00017337 0.0
1.11004 -0.00431539 0.0
1.10914 -0.00842925 0.0
1.10821 -0.0125158 0.0
1.10726 -0.0165754 0.0
1.10629 -0.0206079 0.0
1.10528 -0.0246128 0.0
1.10423 -0.0285887 0.0
1.10315 -0.0325339 0.0
1.10202 -0.036446 0.0
1.10085 -0.0403221 0.0
1.09962 -0.0441586 0.0
1.09834 -0.0479515 0.0
1.09699 -0.0516962 0.0
1.09559 -0.0553875 0.0
1.09412 -0.0590198 0.0
1.09258 -0.0625873 0.0
1.09097 -0.0660835 0.0
1.08928 -0.0695017 0.0
1.08753 -0.0728352 0.0
1.08569 -0.0760768 0.0
1.08379 -0.0792193 0.0
1.08181 -0.0822555 0.0
1.07975 -0.0851782 0.0
1.07762 -0.0879803 0.0
1.07543 -0.0906547 0.0
1.07316 -0.0931948 0.0
1.07083 -0.095594 0.0
1.06843 -0.097846 0.0
1.06598 -0.0999451 0.0
1.06347 -0.101886 0.0
1.06092 -0.103663 0.0
1.05832 -0.105272 0.0
1.05568 -0.10671 0.0
1.053 -0.107971 0.0
1.0503 -0.109054 0.0
1.04757 -0.109956 0.0
1.04482 -0.110674 0.0
1.04207 -0.111208 0.0
1.0393 -0.111555 0.0
1.03654 -0.111717 0.0
1.03378 -0.111692 0.0
1.03104 -0.111481 0.0
1.02831 -0.111084 0.0
1.0256 -0.110504 0.0
1.02292 -0.109742 0.0
1.02028 -0.108799 0.0
1.01767 -0.107679 0.0
1.01511 -0.106383 0.0
1.01259 -0.104915 0.0
1.01013 -0.103277 0.0
1.00772 -0.101474 0.0
1.00537 -0.0995083 0.0
1.00308 -0.0973844 0.0
1.00087 -0.095106 0.0
0.998718 -0.0926774 0.0
0.996644 -0.0901029 0.0
0.994647 -0.0873868 0.0
0.992729 -0.0845339 0.0
0.990893 -0.0815487 0.0
0.98914 -0.0784363 0.0
0.987474 -0.0752015 0.0
0.985895 -0.0718496 0.0
0.984406 -0.0683859 0.0
0.983009 -0.0648157 0.0
0.981705 -0.0611449 0.0
0.980495 -0.0573793 0.0
0.979382 -0.0535251 0.0
0.978366 -0.0495887 0.0
0.977449 -0.0455769 0.0
0.976631 -0.0414966 0.0
0.975914 -0.0373555 0.0
0.9753 -0.0331614 0.0
0.974788 -0.0289229 0.0
0.974381 -0.0246494 0.0
0.974079 -0.0203535 0.0
0.973883 -0.0160767 0.0
0.97379 -0.012162 0.0
0.999995 0.00254431 0.0
0.999974 0.00762228 0.0
0.999933 0.0126924 0.0
0.999872 0.0177573 0.0
0.999793 0.0228199 0.0
0.999696 0.0278828 0.0
0.999583 0.0329486 0.0
0.999456 0.0380199 0.0
0.999317 0.0430989 0.0
0.999168 0.0481881 0.0
0.999013 0.0532894 0.0
0.998855 0.0584048 0.0
0.998697 0.0635359 0.0
0.998544 0.0686842 0.0
0.998398 0.0738506 0.0
0.998267 0.0790361 0.0
0.998153 0.0842408 0.0
0.998063 0.0894647 0.0
0.998003 0.0947074 0.0
0.997977 0.0999676 0.0
0.997994 0.105244 0.0
0.99806 0.110533 0.0
0.99818 0.115834 0.0
0.998364 0.12114 0.0
0.998617 0.12645 0.0
0.998947 0.131756 0.0
0.999362 0.137052 0.0
0.999868 0.142331 0.0
1.00047 0.147586 0.0
1.00118 0.152806 0.0
1.00201 0.157982 0.0
1.00295 0.163103 0.0
1.00401 0.168156 0.0
1.0052 0.17313 0.0
1.00652 0.178009 0.0
1.00797 0.182782 0.0
1.00956 0.187432 0.0
1.01127 0.191945 0.0
1.01312 0.196306 0.0
1.01509 0.200501 0.0
1.01719 0.204515 0.0
1.0194 0.208334 0.0
1.02172 0.211946 0.0
1.02414 0.215339 0.0
1.02664 0.218501 0.0
1.02923 0.221426 0.0
1.03188 0.224104 0.0
1.03458 0.22653 0.0
1.03733 0.2287 0.0
1.04011 0.230612 0.0
1.0429 0.232265 0.0
1.04569 0.233661 0.0
1.04849 0.234801 0.0
1.05126 0.235691 0.0
1.05401 0.236334 0.0
1.05673 0.236736 0.0
1.0594 0.236904 0.0
1.06203 0.236846 0.0
1.06461 0.236568 0.0
1.06713 0.236078 0.0
1.06959 0.235384 0.0
1.07199 0.234493 0.0
1.07433 0.233413 0.0
1.07661 0.23215 0.0
1.07883 0.230712 0.0
1.08098 0.229105 0.0
1.08307 0.227334 0.0
1.08509 0.225405 0.0
1.08706 0.223324 0.0
1.08897 0.221095 0.0
1.09081 0.218723 0.0
1.09261 0.216211 0.0
1.09434 0.213563 0.0
1.09602 0.210784 0.0
1.09764 0.207877 0.0
1.0992 0.204844 0.0
1.10071 0.201689 0.0
1.10217 0.198415 0.0
1.10356 0.195026 0.0
1.1049 0.191524 0.0
1.10618 0.187913 0.0
1.10741 0.184197 0.0
1.10857 0.180379 0.0
1.10966 0.176463 0.0
1.1107 0.172452 0.0
1.11166 0.168353 0.0
1.11257 0.164168 0.0
1.1134 0.159903 0.0
1.11416 0.155564 0.0
1.11485 0.151155 0.0
1.11547 0.146682 0.0
1.11602 0.14215 0.0
1.11649 0.137567 0.0
1.11689 0.132938 0.0
1.11721 0.128269 0.0
1.11746 0.123566 0.0
1.11764 0.118836 0.0
1.11775 0.114085 0.0
1.11778 0.10932 0.0
1.11775 0.104545 0.0
1.11766 0.0997665 0.0
1.1175 0.0949903 0.0
1.11728 0.0902214 0.0
1.117 0.0854644 0.0
1.11667 0.0807238 0.0
1.11629 0.0760036 0.0
1.11586 0.0713072 0.0
1.11538 0.0666377 0.0
1.11487 0.0619978 0.0
1.11432 0.0573896 0.0
1.11374 0.0528149 0.0
1.11313 0.0482748 0.0
1.11249 0.0437703 0.0
1.11182 0.039302 0.0
1.11114 0.0348701 0.0
1.11043 0.0304744 0.0
1.10971 0.0261148 0.0
1.10896 0.0217907 0.0
1.1082 0.0175017 0.0
1.10743 0.013247 0.0
1.10664 0.00902621 0.0
1.10583 0.00483861 0.0
1.105 0.000683698 0.0
1.10415 -0.00343978 0.0
1.10329 -0.00753265 0.0
1.10239 -0.0115954 0.0
1.10148 -0.015628 0.0
1.10053 -0.0196301 0.0
1.09955 -0.0236009 0.0
1.09853 -0.0275389 0.0
1.09747 -0.0314424 0.0
1.09637 -0.0353089 0.0
1.09522 -0.0391355 0.0
1.09402 -0.0429189 0.0
1.09277 -0.0466551 0.0
1.09146 -0.0503398 0.0
1.09009 -0.0539682 0.0
1.08866 -0.057535 0.0
1.08716 -0.0610345 0.0
1.08559 -0.064461 0.0
1.08396 -0.0678082 0.0
1.08226 -0.0710696 0.0
1.08049 -0.0742388 0.0
1.07865 -0.077309 0.0
1.07674 -0.0802735 0.0
1.07476 -0.0831257 0.0
1.07271 -0.0858588 0.0
1.0706 -0.0884665 0.0
1.06842 -0.0909424 0.0
1.06619 -0.0932805 0.0
1.0639 -0.0954749 0.0
1.06156 -0.0975203 0.0
1.05916 -0.0994115 0.0
1.05673 -0.101144 0.0
1.05425 -0.102713 0.0
1.05174 -0.104115 0.0
1.04919 -0.105347 0.0
1.04662 -0.106406 0.0
1.04404 -0.107288 0.0
1.04143 -0.107994 0.0
1.03882 -0.10852 0.0
1.03621 -0.108866 0.0
1.0336 -0.109031 0.0
1.03099 -0.109016 0.0
1.0284 -0.10882 0.0
1.02583 -0.108444 0.0
1.02328 -0.10789 0.0
1.02076 -0.107159 0.0
1.01828 -0.106252 0.0
1.01583 -0.105172 0.0
1.01343 -0.103922 0.0
1.01107 -0.102503 0.0
1.00876 -0.100919 0.0
1.00652 -0.0991739 0.0
1.00433 -0.0972698 0.0
1.0022 -0.0952108 0.0
1.00014 -0.0930006 0.0
0.998145 -0.0906431 0.0
0.996224 -0.0881425 0.0
0.994377 -0.085503 0.0
0.992607 -0.082729 0.0
0.990915 -0.079825 0.0
0.989303 -0.0767957 0.0
0.987774 -0.073646 0.0
0.986328 -0.0703808 0.0
0.984967 -0.0670053 0.0
0.983693 -0.063525 0.0
0.982507 -0.0599452 0.0
0.981409 -0.0562719 0.0
0.980401 -0.0525111 0.0
0.979484 -0.0486691 0.0
0.978657 -0.0447527 0.0
0.977923 -0.0407687 0.0
0.977281 -0.0367246 0.0
0.976731 -0.0326284 0.0
0.976276 -0.0284886 0.0
0.975913 -0.0243143 0.0
0.975645 -0.0201184 0.0
0.975471 -0.0159417 0.0
0.975387 -0.0121193 0.0
0.999996 0.00255395 0.0
0.999978 0.00765103 0.0
0.999943 0.0127398 0.0
0.999891 0.0178226 0.0
0.999823 0.0229021 0.0
0.99974 0.0279805 0.0
0.999644 0.0330601 0.0
0.999536 0.0381432 0.0
0.999419 0.0432318 0.0
0.999295 0.0483279 0.0
0.999166 0.0534333 0.0
0.999036 0.0585494 0.0
0.998907 0.0636777 0.0
0.998784 0.0688191 0.0
0.998671 0.0739744 0.0
0.998571 0.079144 0.0
0.998489 0.084328 0.0
0.998431 0.0895258 0.0
0.998401 0.0947367 0.0
0.998405 0.0999592 0.0
0.998449 0.105191 0.0
0.998539 0.110431 0.0
0.998681 0.115674 0.0
0.998881 0.120917 0.0
0.999146 0.126155 0.0
0.999482 0.131383 0.0
0.999897 0.136595 0.0
1.00039 0.141783 0.0
1.00098 0.14694 0.0
1.00167 0.152056 0.0
1.00245 0.157123 0.0
1.00335 0.162129 0.0
1.00435 0.167064 0.0
1.00547 0.171915 0.0
1.0067 0.17667 0.0
1.00806 0.181317 0.0
1.00953 0.185841 0.0
1.01112 0.190229 0.0
1.01282 0.194469 0.0
1.01464 0.198545 0.0
1.01657 0.202447 0.0
1.0186 0.20616 0.0
1.02073 0.209673 0.0
1.02294 0.212977 0.0
1.02524 0.21606 0.0
1.02761 0.218916 0.0
1.03003 0.221537 0.0
1.03251 0.223917 0.0
1.03502 0.226053 0.0
1.03756 0.227943 0.0
1.04012 0.229585 0.0
1.04268 0.23098 0.0
1.04524 0.23213 0.0
1.04779 0.233038 0.0
1.05032 0.233708 0.0
1.05282 0.234145 0.0
1.05529 0.234354 0.0
1.05772 0.234341 0.0
1.0601 0.234113 0.0
1.06243 0.233677 0.0
1.06471 0.233039 0.0
1.06694 0.232207 0.0
1.06912 0.231186 0.0
1.07123 0.229983 0.0
1.0733 0.228605 0.0
1.0753 0.227057 0.0
1.07725 0.225345 0.0
1.07914 0.223475 0.0
1.08097 0.221452 0.0
1.08275 0.219279 0.0
1.08448 0.216963 0.0
1.08615 0.214506 0.0
1.08778 0.211914 0.0
1.08934 0.209189 0.0
1.09086 0.206335 0.0
1.09232 0.203356 0.0
1.09373 0.200255 0.0
1.09509 0.197036 0.0
1.0964 0.193702 0.0
1.09765 0.190256 0.0
1.09885 0.186702 0.0
1.1 0.183044 0.0
1.10108 0.179285 0.0
1.10211 0.175429 0.0
1.10308 0.171481 0.0
1.10399 0.167445 0.0
1.10484 0.163325 0.0
1.10563 0.159127 0.0
1.10635 0.154855 0.0
1.10701 0.150514 0.0
1.1076 0.146111 0.0
1.10813 0.14165 0.0
1.10859 0.137137 0.0
1.10898 0.132578 0.0
1.1093 0.12798 0.0
1.10956 0.123347 0.0
1.10975 0.118686 0.0
1.10988 0.114003 0.0
1.10994 0.109303 0.0
1.10994 0.104592 0.0
1.10988 0.0998759 0.0
1.10976 0.0951592 0.0
1.10959 0.090447 0.0
1.10936 0.0857439 0.0
1.10908 0.081054 0.0
1.10876 0.0763812 0.0
1.10839 0.071729 0.0
1.10797 0.0671005 0.0
1.10752 0.0624983 0.0
1.10704 0.0579246 0.0
1.10652 0.0533813 0.0
1.10597 0.04887 0.0
1.10539 0.0443917 0.0
1.10479 0.0399473 0.0
1.10416 0.0355372 0.0
1.10351 0.0311618 0.0
1.10285 0.0268212 0.0
1.10216 0.0225154 0.0
1.10145 0.018244 0.0
1.10072 0.014007 0.0
1.09998 0.00980415 0.0
1.09921 0.00563516 0.0
1.09843 0.00149989 0.0
1.09762 -0.00260222 0.0
1.09679 -0.00667164 0.0
1.09593 -0.0107084 0.0
1.09505 -0.0147123 0.0
1.09413 -0.0186827 0.0
1.09318 -0.0226186 0.0
1.0922 -0.0265184 0.0
1.09117 -0.0303803 0.0
1.0901 -0.0342018 0.0
1.08899 -0.0379802 0.0
1.08783 -0.0417121 0.0
1.08661 -0.0453939 0.0
1.08534 -0.0490214 0.0
1.08402 -0.0525899 0.0
1.08263 -0.0560947 0.0
1.08118 -0.0595304 0.0
1.07968 -0.0628915 0.0
1.0781 -0.0661722 0.0
1.07647 -0.0693666 0.0
1.07476 -0.0724685 0.0
1.073 -0.0754718 0.0
1.07117 -0.0783701 0.0
1.06928 -0.0811572 0.0
1.06732 -0.0838271 0.0
1.06531 -0.0863736 0.0
1.06324 -0.0887909 0.0
1.06111 -0.0910733 0.0
1.05894 -0.0932154 0.0
1.05671 -0.0952122 0.0
1.05445 -0.0970589 0.0
1.05214 -0.0987511 0.0
1.04979 -0.100285 0.0
1.04742 -0.101656 0.0
1.04502 -0.102862 0.0
1.0426 -0.1039 0.0
1.04016 -0.104768 0.0
1.03771 -0.105463 0.0
1.03526 -0.105985 0.0
1.0328 -0.106332 0.0
1.03036 -0.106504 0.0
1.02792 -0.1065 0.0
1.02549 -0.106321 0.0
1.02309 -0.105968 0.0
1.02071 -0.105441 0.0
1.01837 -0.104742 0.0
1.01606 -0.103872 0.0
1.01378 -0.102833 0.0
1.01155 -0.101628 0.0
1.00937 -0.100259 0.0
1.00724 -0.0987292 0.0
1.00517 -0.0970407 0.0
1.00315 -0.0951971 0.0
1.0012 -0.0932016 0.0
0.999308 -0.0910579 0.0
0.997485 -0.0887696 0.0
0.99573 -0.0863405 0.0
0.994047 -0.0837748 0.0
0.992437 -0.0810766 0.0
0.990902 -0.0782502 0.0
0.989443 -0.0753002 0.0
0.988062 -0.0722312 0.0
0.98676 -0.069048 0.0
0.985538 -0.0657557 0.0
0.984397 -0.0623594 0.0
0.983338 -0.0588647 0.0
0.98236 -0.0552772 0.0
0.981465 -0.0516029 0.0
0.980653 -0.0478479 0.0
0.979925 -0.0440188 0.0
0.979279 -0.0401225 0.0
0.978717 -0.0361664 0.0
0.978238 -0.0321583 0.0
0.977841 -0.0281065 0.0
0.977527 -0.0240203 0.0
0.977295 -0.0199122 0.0
0.977144 -0.0158226 0.0
0.97707 -0.0120796 0.0
0.999996 0.00256219 0.0
0.999981 0.00767558 0.0
0.999951 0.0127802 0.0
0.999907 0.0178783 0.0
0.99985 0.0229719 0.0
0.99978 0.0280632 0.0
0.999699 0.0331543 0.0
0.999609 0.0382469 0.0
0.999511 0.043343 0.0
0.999408 0.0484441 0.0
0.999302 0.0535517 0.0
0.999196 0.0586671 0.0
0.999093 0.0637913 0.0
0.998996 0.068925 0.0
0.99891 0.0740687 0.0
0.998837 0.0792224 0.0
0.998782 0.0843858 0.0
0.99875 0.0895584 0.0
0.998745 0.0947388 0.0
0.998773 0.0999255 0.0
0.998837 0.105116 0.0
0.998945 0.110308 0.0
0.999101 0.115498 0.0
0.999311 0.120682 0.0
0.999581 0.125855 0.0
0.999916 0.131012 0.0
1.00032 0.136146 0.0
1.00081 0.141251 0.0
1.00137 0.146318 0.0
1.00202 0.151341 0.0
1.00277 0.156308 0.0
1.00361 0.161211 0.0
1.00455 0.166039 0.0
1.00559 0.17078 0.0
1.00674 0.175424 0.0
1.00799 0.179958 0.0
1.00935 0.18437 0.0
1.01081 0.188647 0.0
1.01238 0.192778 0.0
1.01405 0.196749 0.0
1.01581 0.20055 0.0
1.01767 0.204169 0.0
1.01961 0.207595 0.0
1.02163 0.210818 0.0
1.02373 0.213831 0.0
1.02588 0.216625 0.0
1.02809 0.219193 0.0
1.03034 0.221531 0.0
1.03263 0.223636 0.0
1.03495 0.225504 0.0
1.03728 0.227134 0.0
1.03962 0.228527 0.0
1.04196 0.229683 0.0
1.04429 0.230606 0.0
1.0466 0.231298 0.0
1.0489 0.231763 0.0
1.05116 0.232007 0.0
1.05339 0.232033 0.0
1.05557 0.231849 0.0
1.05772 0.23146 0.0
1.05983 0.230871 0.0
1.06188 0.23009 0.0
1.06389 0.229122 0.0
1.06584 0.227972 0.0
1.06775 0.226648 0.0
1.0696 0.225154 0.0
1.07141 0.223497 0.0
1.07316 0.22168 0.0
1.07486 0.219709 0.0
1.07651 0.217589 0.0
1.07812 0.215324 0.0
1.07967 0.212919 0.0
1.08117 0.210377 0.0
1.08263 0.207702 0.0
1.08404 0.204899 0.0
1.08539 0.20197 0.0
1.0867 0.19892 0.0
1.08797 0.195751 0.0
1.08918 0.192468 0.0
1.09034 0.189074 0.0
1.09145 0.185573 0.0
1.09252 0.181968 0.0
1.09353 0.178264 0.0
1.09448 0.174464 0.0
1.09539 0.170573 0.0
1.09623 0.166595 0.0
1.09702 0.162535 0.0
1.09776 0.158397 0.0
1.09843 0.154186 0.0
1.09905 0.149908 0.0
1.09961 0.145568 0.0
1.1001 0.141171 0.0
1.10054 0.136722 0.0
1.10091 0.132228 0.0
1.10123 0.127693 0.0
1.10148 0.123124 0.0
1.10167 0.118526 0.0
1.1018 0.113904 0.0
1.10188 0.109265 0.0
1.10189 0.104613 0.0
1.10186 0.0999533 0.0
1.10177 0.0952914 0.0
1.10162 0.0906317 0.0
1.10143 0.0859786 0.0
1.10119 0.0813361 0.0
1.10091 0.076708 0.0
1.10058 0.0720977 0.0
1.10022 0.0675082 0.0
1.09982 0.0629424 0.0
1.09938 0.0584024 0.0
1.09892 0.0538903 0.0
1.09842 0.0494078 0.0
1.09789 0.0449561 0.0
1.09734 0.0405364 0.0
1.09677 0.0361494 0.0
1.09617 0.0317958 0.0
1.09555 0.027476 0.0
1.09491 0.0231901 0.0
1.09425 0.0189385 0.0
1.09356 0.0147212 0.0
1.09286 0.0105384 0.0
1.09214 0.00639009 0.0
1.09139 0.00227647 0.0
1.09062 -0.00180248 0.0
1.08983 -0.0058469 0.0
1.08901 -0.00985654 0.0
1.08816 -0.0138309 0.0
1.08728 -0.0177691 0.0
1.08637 -0.0216699 0.0
1.08542 -0.0255319 0.0
1.08443 -0.0293529 0.0
1.0834 -0.0331308 0.0
1.08232 -0.0368627 0.0
1.0812 -0.0405453 0.0
1.08003 -0.0441753 0.0
1.07881 -0.0477485 0.0
1.07753 -0.0512608 0.0
1.0762 -0.0547074 0.0
1.07482 -0.0580834 0.0
1.07337 -0.0613837 0.0
1.07186 -0.0646028 0.0
1.0703 -0.0677352 0.0
1.06868 -0.0707751 0.0
1.06699 -0.0737168 0.0
1.06525 -0.0765544 0.0
1.06346 -0.0792821 0.0
1.0616 -0.0818943 0.0
1.05969 -0.0843852 0.0
1.05773 -0.0867494 0.0
1.05573 -0.0889817 0.0
1.05367 -0.0910769 0.0
1.05158 -0.0930304 0.0
1.04944 -0.0948377 0.0
1.04727 -0.0964946 0.0
1.04507 -0.0979974 0.0
1.04284 -0.0993426 0.0
1.0406 -0.100527 0.0
1.03833 -0.101549 0.0
1.03606 -0.102405 0.0
1.03377 -0.103094 0.0
1.03149 -0.103615 0.0
1.0292 -0.103966 0.0
1.02693 -0.104147 0.0
1.02467 -0.104158 0.0
1.02243 -0.103998 0.0
1.02021 -0.103669 0.0
1.01802 -0.103171 0.0
1.01586 -0.102505 0.0
1.01373 -0.101673 0.0
1.01165 -0.100677 0.0
1.00961 -0.0995175 0.0
1.00762 -0.0981982 0.0
1.00568 -0.0967211 0.0
1.00379 -0.095089 0.0
1.00197 -0.0933046 0.0
1.0002 -0.0913712 0.0
0.998492 -0.089292 0.0
0.996851 -0.0870705 0.0
0.995276 -0.0847103 0.0
0.99377 -0.0822152 0.0
0.992333 -0.0795892 0.0
0.990966 -0.0768363 0.0
0.989672 -0.0739611 0.0
0.98845 -0.0709678 0.0
0.987302 -0.0678613 0.0
0.986228 -0.0646463 0.0
0.985228 -0.0613279 0.0
0.984303 -0.0579116 0.0
0.983453 -0.0544027 0.0
0.982678 -0.0508071 0.0
0.981977 -0.047131 0.0
0.981351 -0.0433807 0.0
0.980799 -0.039563 0.0
0.98032 -0.0356851 0.0
0.979914 -0.0317546 0.0
0.97958 -0.0277798 0.0
0.979317 -0.0237698 0.0
0.979123 -0.0197368 0.0
0.978997 -0.0157205 0.0
0.978933 -0.0120432 0.0
0.999997 0.00256917 0.0
0.999984 0.00769639 0.0
0.999959 0.0128144 0.0
0.999922 0.0179253 0.0
0.999874 0.0230308 0.0
0.999815 0.0281328 0.0
0.999748 0.0332331 0.0
0.999673 0.0383333 0.0
0.999592 0.043435 0.0
0.999508 0.0485395 0.0
0.999422 0.053648 0.0
0.999337 0.0587615 0.0
0.999256 0.0638808 0.0
0.999182 0.0690062 0.0
0.999118 0.074138 0.0
0.999068 0.079276 0.0
0.999036 0.0844196 0.0
0.999025 0.0895679 0.0
0.999039 0.0947195 0.0
0.999084 0.0998725 0.0
0.999164 0.105025 0.0
0.999284 0.110173 0.0
0.999448 0.115314 0.0
0.999662 0.120443 0.0
0.999931 0.125556 0.0
1.00026 0.130647 0.0
1.00065 0.135711 0.0
1.00111 0.14074 0.0
1.00165 0.145727 0.0
1.00227 0.150664 0.0
1.00296 0.155542 0.0
1.00375 0.160352 0.0
1.00462 0.165084 0.0
1.00559 0.169728 0.0
1.00664 0.174272 0.0
1.00779 0.178706 0.0
1.00904 0.183018 0.0
1.01038 0.187196 0.0
1.01181 0.19123 0.0
1.01333 0.195109 0.0
1.01494 0.19882 0.0
1.01662 0.202355 0.0
1.01839 0.205703 0.0
1.02022 0.208856 0.0
1.02212 0.211805 0.0
1.02407 0.214543 0.0
1.02607 0.217064 0.0
1.02811 0.219364 0.0
1.03019 0.221439 0.0
1.03228 0.223286 0.0
1.0344 0.224905 0.0
1.03652 0.226294 0.0
1.03864 0.227454 0.0
1.04076 0.228388 0.0
1.04286 0.229098 0.0
1.04495 0.229587 0.0
1.04701 0.22986 0.0
1.04904 0.22992 0.0
1.05104 0.229774 0.0
1.053 0.229425 0.0
1.05493 0.22888 0.0
1.05681 0.228144 0.0
1.05865 0.227222 0.0
1.06044 0.226121 0.0
1.06219 0.224845 0.0
1.0639 0.223399 0.0
1.06555 0.22179 0.0
1.06717 0.220022 0.0
1.06873 0.218099 0.0
1.07025 0.216027 0.0
1.07173 0.21381 0.0
1.07316 0.211451 0.0
1.07454 0.208956 0.0
1.07588 0.206328 0.0
1.07718 0.203571 0.0
1.07843 0.200688 0.0
1.07963 0.197685 0.0
1.0808 0.194563 0.0
1.08191 0.191327 0.0
1.08298 0.187981 0.0
1.08401 0.184528 0.0
1.08498 0.180973 0.0
1.08591 0.177319 0.0
1.08679 0.173571 0.0
1.08762 0.169732 0.0
1.0884 0.165808 0.0
1.08913 0.161802 0.0
1.08981 0.157719 0.0
1.09043 0.153565 0.0
1.091 0.149344 0.0
1.09152 0.145061 0.0
1.09198 0.140722 0.0
1.09239 0.136331 0.0
1.09273 0.131895 0.0
1.09303 0.127418 0.0
1.09327 0.122907 0.0
1.09345 0.118366 0.0
1.09358 0.1138 0.0
1.09366 0.109216 0.0
1.09369 0.104618 0.0
1.09366 0.10001 0.0
1.09359 0.0953989 0.0
1.09347 0.0907875 0.0
1.0933 0.0861806 0.0
1.09309 0.0815821 0.0
1.09284 0.0769957 0.0
1.09255 0.0724248 0.0
1.09223 0.0678724 0.0
1.09186 0.0633412 0.0
1.09147 0.0588337 0.0
1.09105 0.0543519 0.0
1.09059 0.0498976 0.0
1.09011 0.0454725 0.0
1.0896 0.0410777 0.0
1.08907 0.0367143 0.0
1.08852 0.0323831 0.0
1.08794 0.0280849 0.0
1.08734 0.0238201 0.0
1.08672 0.0195894 0.0
1.08608 0.015393 0.0
1.08542 0.0112314 0.0
1.08474 0.00710504 0.0
1.08403 0.00301425 0.0
1.0833 -0.00104054 0.0
1.08254 -0.00505918 0.0
1.08176 -0.00904114 0.0
1.08095 -0.0129857 0.0
1.08011 -0.0168918 0.0
1.07923 -0.0207581 0.0
1.07832 -0.024583 0.0
1.07737 -0.0283646 0.0
1.07638 -0.0321004 0.0
1.07535 -0.0357879 0.0
1.07428 -0.0394238 0.0
1.07316 -0.0430048 0.0
1.07199 -0.0465272 0.0
1.07077 -0.0499868 0.0
1.0695 -0.0533793 0.0
1.06817 -0.0567 0.0
1.0668 -0.0599441 0.0
1.06536 -0.0631065 0.0
1.06388 -0.066182 0.0
1.06234 -0.0691653 0.0
1.06075 -0.0720508 0.0
1.0591 -0.0748333 0.0
1.0574 -0.0775073 0.0
1.05565 -0.0800675 0.0
1.05386 -0.0825085 0.0
1.05202 -0.0848254 0.0
1.05013 -0.0870132 0.0
1.04821 -0.0890671 0.0
1.04625 -0.0909828 0.0
1.04425 -0.092756 0.0
1.04223 -0.0943829 0.0
1.04018 -0.09586 0.0
1.03811 -0.097184 0.0
1.03603 -0.0983521 0.0
1.03393 -0.0993619 0.0
1.03182 -0.100211 0.0
1.02972 -0.100898 0.0
1.02761 -0.101422 0.0
1.02551 -0.10178 0.0
1.02343 -0.101974 0.0
1.02136 -0.102002 0.0
1.01931 -0.101864 0.0
1.01729 -0.101562 0.0
1.0153 -0.101094 0.0
1.01334 -0.100464 0.0
1.01142 -0.0996707 0.0
1.00954 -0.098717 0.0
1.00771 -0.0976043 0.0
1.00592 -0.0963346 0.0
1.00419 -0.0949101 0.0
1.0025 -0.0933334 0.0
1.00088 -0.091607 0.0
0.999312 -0.0897337 0.0
0.997805 -0.0877167 0.0
0.99636 -0.0855592 0.0
0.994977 -0.0832644 0.0
0.993659 -0.0808361 0.0
0.992406 -0.078278 0.0
0.991219 -0.075594 0.0
0.990098 -0.0727883 0.0
0.989044 -0.0698652 0.0
0.988057 -0.0668291 0.0
0.987138 -0.0636849 0.0
0.986286 -0.0604375 0.0
0.985501 -0.0570921 0.0
0.984783 -0.053654 0.0
0.984132 -0.0501289 0.0
0.983546 -0.0465229 0.0
0.983025 -0.0428421 0.0
0.982569 -0.0390933 0.0
0.982176 -0.0352834 0.0
0.981846 -0.0314198 0.0
0.981576 -0.0275105 0.0
0.981364 -0.0235644 0.0
0.981209 -0.0195934 0.0
0.981108 -0.0156363 0.0
0.981055 -0.0120106 0.0
0.999997 0.00257503 0.0
0.999987 0.00771384 0.0
0.999966 0.0128431 0.0
0.999935 0.0179646 0.0
0.999895 0.0230798 0.0
0.999846 0.0281906 0.0
0.999791 0.0332983 0.0
0.999729 0.0384044 0.0
0.999664 0.0435101 0.0
0.999596 0.0486167 0.0
0.999528 0.053725 0.0
0.999461 0.0588357 0.0
0.999399 0.0639495 0.0
0.999344 0.0690664 0.0
0.999299 0.0741864 0.0
0.999268 0.0793091 0.0
0.999253 0.0844338 0.0
0.999259 0.0895592 0.0
0.999288 0.0946837 0.0
0.999346 0.0998054 0.0
0.999436 0.104922 0.0
0.999562 0.11003 0.0
0.99973 0.115125 0.0
0.999942 0.120205 0.0
1.0002 0.125263 0.0
1.00052 0.130295 0.0
1.00089 0.135295 0.0
1.00133 0.140256 0.0
1.00183 0.145171 0.0
1.00241 0.150032 0.0
1.00305 0.15483 0.0
1.00378 0.159557 0.0
1.00458 0.164204 0.0
1.00546 0.16876 0.0
1.00643 0.173216 0.0
1.00748 0.177561 0.0
1.00861 0.181784 0.0
1.00983 0.185876 0.0
1.01112 0.189824 0.0
1.0125 0.19362 0.0
1.01395 0.197253 0.0
1.01547 0.200713 0.0
1.01706 0.203993 0.0
1.01871 0.207082 0.0
1.02042 0.209974 0.0
1.02217 0.212663 0.0
1.02397 0.215142 0.0
1.02581 0.217408 0.0
1.02768 0.219456 0.0
1.02957 0.221283 0.0
1.03147 0.22289 0.0
1.03338 0.224274 0.0
1.03529 0.225437 0.0
1.0372 0.22638 0.0
1.0391 0.227104 0.0
1.04098 0.227613 0.0
1.04285 0.22791 0.0
1.04469 0.228 0.0
1.0465 0.227885 0.0
1.04827 0.227572 0.0
1.05002 0.227065 0.0
1.05173 0.226368 0.0
1.0534 0.225488 0.0
1.05503 0.224428 0.0
1.05662 0.223195 0.0
1.05818 0.221793 0.0
1.05969 0.220228 0.0
1.06116 0.218503 0.0
1.06258 0.216624 0.0
1.06397 0.214595 0.0
1.06532 0.212421 0.0
1.06662 0.210106 0.0
1.06788 0.207653 0.0
1.06911 0.205068 0.0
1.07029 0.202353 0.0
1.07143 0.199514 0.0
1.07253 0.196553 0.0
1.07359 0.193474 0.0
1.07461 0.190282 0.0
1.07558 0.18698 0.0
1.07652 0.183572 0.0
1.07741 0.180062 0.0
1.07826 0.176454 0.0
1.07906 0.172753 0.0
1.07982 0.168962 0.0
1.08053 0.165086 0.0
1.08119 0.16113 0.0
1.08181 0.157097 0.0
1.08238 0.152994 0.0
1.0829 0.148825 0.0
1.08337 0.144594 0.0
1.08379 0.140307 0.0
1.08416 0.13597 0.0
1.08448 0.131586 0.0
1.08475 0.127162 0.0
1.08497 0.122703 0.0
1.08514 0.118214 0.0
1.08526 0.113699 0.0
1.08534 0.109165 0.0
1.08537 0.104616 0.0
1.08535 0.100056 0.0
1.08529 0.0954901 0.0
1.08518 0.090923 0.0
1.08503 0.0863586 0.0
1.08484 0.0818008 0.0
1.08462 0.0772531 0.0
1.08436 0.0727189 0.0
1.08406 0.0682013 0.0
1.08373 0.0637029 0.0
1.08337 0.0592262 0.0
1.08298 0.0547735 0.0
1.08257 0.0503467 0.0
1.08212 0.0459474 0.0
1.08166 0.0415772 0.0
1.08116 0.0372372 0.0
1.08065 0.0329286 0.0
1.08011 0.0286523 0.0
1.07955 0.024409 0.0
1.07897 0.0201996 0.0
1.07837 0.0160247 0.0
1.07775 0.011885 0.0
1.0771 0.00778103 0.0
1.07644 0.00371359 0.0
1.07574 -0.000316688 0.0
1.07503 -0.00430933 0.0
1.07428 -0.00826361 0.0
1.07351 -0.0121786 0.0
1.07271 -0.0160532 0.0
1.07187 -0.0198859 0.0
1.071 -0.023675 0.0
1.0701 -0.0274187 0.0
1.06915 -0.0311145 0.0
1.06817 -0.0347599 0.0
1.06714 -0.0383518 0.0
1.06608 -0.0418871 0.0
1.06496 -0.0453621 0.0
1.0638 -0.0487729 0.0
1.0626 -0.0521154 0.0
1.06134 -0.0553854 0.0
1.06004 -0.058578 0.0
1.05869 -0.0616887 0.0
1.05728 -0.0647126 0.0
1.05583 -0.0676446 0.0
1.05433 -0.0704797 0.0
1.05279 -0.0732128 0.0
1.0512 -0.075839 0.0
1.04956 -0.0783531 0.0
1.04789 -0.0807503 0.0
1.04617 -0.0830259 0.0
1.04442 -0.0851752 0.0
1.04263 -0.0871938 0.0
1.04081 -0.0890777 0.0
1.03897 -0.0908228 0.0
1.0371 -0.0924255 0.0
1.03522 -0.0938826 0.0
1.03331 -0.0951909 0.0
1.0314 -0.0963477 0.0
1.02948 -0.0973507 0.0
1.02757 -0.0981979 0.0
1.02565 -0.0988874 0.0
1.02374 -0.099418 0.0
1.02184 -0.0997886 0.0
1.01996 -0.0999984 0.0
1.0181 -0.100047 0.0
1.01626 -0.0999346 0.0
1.01445 -0.0996611 0.0
1.01268 -0.099227 0.0
1.01094 -0.0986331 0.0
1.00924 -0.0978804 0.0
1.00758 -0.0969702 0.0
1.00597 -0.0959041 0.0
1.0044 -0.0946837 0.0
1.00289 -0.093311 0.0
1.00142 -0.0917883 0.0
1.00001 -0.0901178 0.0
0.998661 -0.0883023 0.0
0.997364 -0.0863444 0.0
0.996125 -0.0842472 0.0
0.994945 -0.0820138 0.0
0.993824 -0.0796477 0.0
0.992763 -0.0771524 0.0
0.991763 -0.0745316 0.0
0.990822 -0.0717894 0.0
0.989942 -0.0689299 0.0
0.989121 -0.0659575 0.0
0.988361 -0.0628767 0.0
0.987659 -0.0596924 0.0
0.987017 -0.0564097 0.0
0.986433 -0.0530339 0.0
0.985906 -0.0495705 0.0
0.985435 -0.0460253 0.0
0.985021 -0.0424044 0.0
0.98466 -0.0387144 0.0
0.984352 -0.0349619 0.0
0.984096 -0.0311542 0.0
0.983889 -0.0272989 0.0
0.983729 -0.0234044 0.0
0.983612 -0.0194822 0.0
0.983536 -0.0155701 0.0
0.983494 -0.0119817 0.0
0.999998 0.00257989 0.0
0.999989 0.0077283 0.0
0.999972 0.0128668 0.0
0.999947 0.017997 0.0
0.999914 0.0231203 0.0
0.999874 0.028238 0.0
0.999829 0.0333515 0.0
0.99978 0.038462 0.0
0.999727 0.0435706 0.0
0.999673 0.0486781 0.0
0.99962 0.0537853 0.0
0.999569 0.0588927 0.0
0.999523 0.0640006 0.0
0.999484 0.069109 0.0
0.999455 0.0742176 0.0
0.999439 0.0793257 0.0
0.999438 0.0844325 0.0
0.999456 0.0895366 0.0
0.999497 0.0946362 0.0
0.999563 0.0997291 0.0
0.999658 0.104813 0.0
0.999787 0.109884 0.0
0.999952 0.114939 0.0
1.00016 0.119973 0.0
1.00041 0.124983 0.0
1.00071 0.129962 0.0
1.00106 0.134904 0.0
1.00146 0.139804 0.0
1.00193 0.144654 0.0
1.00246 0.149447 0.0
1.00305 0.154175 0.0
1.00371 0.158829 0.0
1.00444 0.1634 0.0
1.00524 0.167879 0.0
1.00612 0.172257 0.0
1.00706 0.176524 0.0
1.00808 0.180669 0.0
1.00918 0.184684 0.0
1.01034 0.188557 0.0
1.01157 0.192281 0.0
1.01287 0.195844 0.0
1.01423 0.19924 0.0
1.01565 0.202458 0.0
1.01712 0.205492 0.0
1.01864 0.208334 0.0
1.02021 0.210979 0.0
1.02182 0.213421 0.0
1.02345 0.215655 0.0
1.02512 0.217679 0.0
1.0268 0.219489 0.0
1.0285 0.221084 0.0
1.03021 0.222463 0.0
1.03191 0.223626 0.0
1.03362 0.224576 0.0
1.03532 0.225312 0.0
1.037 0.225837 0.0
1.03867 0.226155 0.0
1.04032 0.226269 0.0
1.04194 0.226182 0.0
1.04354 0.225899 0.0
1.0451 0.225425 0.0
1.04664 0.224763 0.0
1.04814 0.223918 0.0
1.04961 0.222896 0.0
1.05105 0.221701 0.0
1.05245 0.220338 0.0
1.05381 0.218811 0.0
1.05513 0.217125 0.0
1.05642 0.215285 0.0
1.05767 0.213296 0.0
1.05889 0.21116 0.0
1.06007 0.208884 0.0
1.06121 0.20647 0.0
1.06231 0.203924 0.0
1.06338 0.201248 0.0
1.06441 0.198447 0.0
1.0654 0.195525 0.0
1.06636 0.192486 0.0
1.06728 0.189334 0.0
1.06816 0.186072 0.0
1.069 0.182705 0.0
1.0698 0.179236 0.0
1.07056 0.17567 0.0
1.07129 0.172012 0.0
1.07197 0.168264 0.0
1.07261 0.164432 0.0
1.07321 0.160521 0.0
1.07376 0.156534 0.0
1.07427 0.152477 0.0
1.07474 0.148354 0.0
1.07516 0.144171 0.0
1.07554 0.139931 0.0
1.07588 0.135641 0.0
1.07617 0.131305 0.0
1.07641 0.126929 0.0
1.07661 0.122517 0.0
1.07676 0.118074 0.0
1.07687 0.113606 0.0
1.07694 0.109117 0.0
1.07696 0.104612 0.0
1.07694 0.100095 0.0
1.07689 0.0955712 0.0
1.07679 0.0910446 0.0
1.07666 0.0865191 0.0
1.07649 0.0819986 0.0
1.07628 0.0774866 0.0
1.07604 0.0729864 0.0
1.07577 0.0685011 0.0
1.07547 0.0640333 0.0
1.07514 0.0595858 0.0
1.07478 0.0551607 0.0
1.0744 0.0507601 0.0
1.07399 0.0463857 0.0
1.07355 0.0420393 0.0
1.0731 0.0377223 0.0
1.07262 0.0334359 0.0
1.07212 0.0291812 0.0
1.0716 0.0249593 0.0
1.07106 0.0207712 0.0
1.0705 0.0166178 0.0
1.06991 0.0124999 0.0
1.0693 0.00841848 0.0
1.06867 0.00437437 0.0
1.06802 0.000368492 0.0
1.06734 -0.00359842 0.0
1.06664 -0.00752546 0.0
1.0659 -0.0114116 0.0
1.06514 -0.0152555 0.0
1.06435 -0.0190558 0.0
1.06353 -0.0228108 0.0
1.06267 -0.0265184 0.0
1.06177 -0.0301765 0.0
1.06084 -0.0337824 0.0
1.05987 -0.0373333 0.0
1.05886 -0.0408261 0.0
1.0578 -0.0442574 0.0
1.05671 -0.0476235 0.0
1.05557 -0.0509205 0.0
1.05439 -0.0541443 0.0
1.05317 -0.0572906 0.0
1.0519 -0.0603548 0.0
1.05059 -0.0633326 0.0
1.04923 -0.0662191 0.0
1.04783 -0.0690097 0.0
1.0464 -0.0716997 0.0
1.04492 -0.0742842 0.0
1.0434 -0.0767587 0.0
1.04186 -0.0791187 0.0
1.04027 -0.0813595 0.0
1.03866 -0.083477 0.0
1.03702 -0.0854671 0.0
1.03536 -0.0873257 0.0
1.03368 -0.0890493 0.0
1.03198 -0.0906344 0.0
1.03027 -0.0920778 0.0
1.02856 -0.0933766 0.0
1.02683 -0.0945282 0.0
1.02511 -0.0955303 0.0
1.02339 -0.0963809 0.0
1.02168 -0.0970782 0.0
1.01999 -0.0976208 0.0
1.01831 -0.0980077 0.0
1.01665 -0.0982379 0.0
1.01501 -0.0983109 0.0
1.0134 -0.0982265 0.0
1.01183 -0.0979846 0.0
1.01028 -0.0975855 0.0
1.00878 -0.0970298 0.0
1.00732 -0.0963183 0.0
1.00589 -0.0954519 0.0
1.00452 -0.0944318 0.0
1.00318 -0.0932597 0.0
1.0019 -0.0919372 0.0
1.00067 -0.0904661 0.0
0.999487 -0.0888488 0.0
0.998357 -0.0870874 0.0
0.997279 -0.0851846 0.0
0.996254 -0.0831432 0.0
0.995282 -0.0809661 0.0
0.994364 -0.0786565 0.0
0.993499 -0.0762179 0.0
0.992688 -0.0736538 0.0
0.991929 -0.070968 0.0
0.991223 -0.0681647 0.0
0.990569 -0.0652481 0.0
0.989966 -0.0622226 0.0
0.989414 -0.0590931 0.0
0.988911 -0.0558644 0.0
0.988458 -0.0525417 0.0
0.988053 -0.0491305 0.0
0.987694 -0.0456364 0.0
0.987381 -0.0420655 0.0
0.987113 -0.038424 0.0
0.986886 -0.0347184 0.0
0.986701 -0.0309556 0.0
0.986553 -0.0271428 0.0
0.986441 -0.0232879 0.0
0.986361 -0.0194018 0.0
0.986308 -0.0155212 0.0
0.986276 -0.0119566 0.0
0.999998 0.00258387 0.0
0.999991 0.00774012 0.0
0.999977 0.0128862 0.0
0.999957 0.0180234 0.0
0.99993 0.023153 0.0
0.999899 0.0282763 0.0
0.999863 0.0333942 0.0
0.999824 0.0385079 0.0
0.999783 0.0436182 0.0
0.999741 0.0487259 0.0
0.999701 0.0538314 0.0
0.999663 0.0589351 0.0
0.99963 0.064037 0.0
0.999605 0.0691371 0.0
0.999588 0.0742348 0.0
0.999584 0.0793294 0.0
0.999594 0.0844196 0.0
0.999621 0.0895041 0.0
0.999669 0.0945809 0.0
0.999739 0.0996478 0.0
0.999836 0.104702 0.0
0.999963 0.10974 0.0
1.00012 0.114758 0.0
1.00032 0.119752 0.0
1.00055 0.124718 0.0
1.00083 0.12965 0.0
1.00115 0.134542 0.0
1.00153 0.139388 0.0
1.00195 0.144181 0.0
1.00243 0.148914 0.0
1.00296 0.153579 0.0
1.00356 0.158169 0.0
1.00421 0.162674 0.0
1.00493 0.167086 0.0
1.00571 0.171396 0.0
1.00656 0.175594 0.0
1.00746 0.179672 0.0
1.00843 0.183619 0.0
1.00947 0.187428 0.0
1.01056 0.191088 0.0
1.0117 0.194591 0.0
1.01291 0.19793 0.0
1.01416 0.201095 0.0
1.01546 0.204081 0.0
1.0168 0.206879 0.0
1.01819 0.209485 0.0
1.0196 0.211894 0.0
1.02104 0.214101 0.0
1.02251 0.216102 0.0
1.024 0.217896 0.0
1.02549 0.21948 0.0
1.027 0.220855 0.0
1.02851 0.222018 0.0
1.03001 0.222972 0.0
1.03151 0.223718 0.0
1.033 0.224257 0.0
1.03448 0.224592 0.0
1.03594 0.224726 0.0
1.03738 0.224663 0.0
1.03879 0.224406 0.0
1.04018 0.22396 0.0
1.04155 0.223328 0.0
1.04288 0.222515 0.0
1.04419 0.221525 0.0
1.04546 0.220363 0.0
1.04671 0.219033 0.0
1.04792 0.217541 0.0
1.0491 0.21589 0.0
1.05025 0.214085 0.0
1.05136 0.21213 0.0
1.05245 0.210029 0.0
1.0535 0.207788 0.0
1.05451 0.205409 0.0
1.0555 0.202897 0.0
1.05645 0.200256 0.0
1.05737 0.19749 0.0
1.05825 0.194604 0.0
1.0591 0.1916 0.0
1.05992 0.188484 0.0
1.0607 0.185258 0.0
1.06145 0.181928 0.0
1.06217 0.178496 0.0
1.06284 0.174969 0.0
1.06349 0.171348 0.0
1.06409 0.16764 0.0
1.06466 0.163848 0.0
1.06519 0.159977 0.0
1.06568 0.156031 0.0
1.06614 0.152015 0.0
1.06655 0.147934 0.0
1.06692 0.143793 0.0
1.06726 0.139596 0.0
1.06755 0.135349 0.0
1.06781 0.131056 0.0
1.06802 0.126722 0.0
1.06819 0.122352 0.0
1.06833 0.117951 0.0
1.06842 0.113524 0.0
1.06848 0.109076 0.0
1.0685 0.104611 0.0
1.06848 0.100133 0.0
1.06842 0.0956468 0.0
1.06833 0.0911567 0.0
1.0682 0.0866666 0.0
1.06805 0.0821801 0.0
1.06786 0.0777007 0.0
1.06764 0.0732318 0.0
1.06739 0.0687763 0.0
1.06711 0.064337 0.0
1.0668 0.0599166 0.0
1.06647 0.0555174 0.0
1.06612 0.0511415 0.0
1.06574 0.0467908 0.0
1.06534 0.0424672 0.0
1.06492 0.0381722 0.0
1.06448 0.0339073 0.0
1.06401 0.0296737 0.0
1.06353 0.0254727 0.0
1.06302 0.0213055 0.0
1.0625 0.0171731 0.0
1.06195 0.0130766 0.0
1.06138 0.00901724 0.0
1.06079 0.00499598 0.0
1.06018 0.00101397 0.0
1.05954 -0.00292785 0.0
1.05888 -0.00682844 0.0
1.05819 -0.0106867 0.0
1.05747 -0.0145012 0.0
1.05672 -0.0182707 0.0
1.05594 -0.0219933 0.0
1.05513 -0.0256671 0.0
1.05429 -0.0292899 0.0
1.05341 -0.0328593 0.0
1.0525 -0.0363725 0.0
1.05155 -0.0398265 0.0
1.05057 -0.0432182 0.0
1.04954 -0.0465439 0.0
1.04848 -0.0498001 0.0
1.04738 -0.0529828 0.0
1.04624 -0.0560881 0.0
1.04506 -0.0591117 0.0
1.04385 -0.0620493 0.0
1.0426 -0.0648967 0.0
1.04131 -0.0676494 0.0
1.03999 -0.0703029 0.0
1.03864 -0.0728528 0.0
1.03726 -0.0752949 0.0
1.03585 -0.0776248 0.0
1.03442 -0.0798384 0.0
1.03296 -0.0819315 0.0
1.03149 -0.0839004 0.0
1.03 -0.0857412 0.0
1.0285 -0.0874507 0.0
1.02699 -0.0890253 0.0
1.02547 -0.0904621 0.0
1.02396 -0.0917582 0.0
1.02244 -0.0929112 0.0
1.02094 -0.0939186 0.0
1.01944 -0.0947784 0.0
1.01796 -0.0954889 0.0
1.01649 -0.0960485 0.0
1.01505 -0.096456 0.0
1.01363 -0.0967104 0.0
1.01224 -0.0968109 0.0
1.01088 -0.0967572 0.0
1.00955 -0.0965489 0.0
1.00825 -0.0961862 0.0
1.007 -0.0956693 0.0
1.00578 -0.0949987 0.0
1.00461 -0.0941752 0.0
1.00348 -0.0931998 0.0
1.00239 -0.0920737 0.0
1.00135 -0.0907984 0.0
1.00035 -0.0893756 0.0
0.999403 -0.0878071 0.0
0.9985 -0.0860952 0.0
0.997643 -0.0842422 0.0
0.996833 -0.0822507 0.0
0.99607 -0.0801236 0.0
0.995352 -0.0778638 0.0
0.994681 -0.0754746 0.0
0.994055 -0.0729595 0.0
0.993474 -0.0703224 0.0
0.992937 -0.067567 0.0
0.992443 -0.0646976 0.0
0.991991 -0.0617187 0.0
0.991581 -0.0586348 0.0
0.991211 -0.0554508 0.0
0.990881 -0.0521718 0.0
0.990589 -0.0488032 0.0
0.990335 -0.0453506 0.0
0.990116 -0.0418197 0.0
0.989931 -0.0382165 0.0
0.989779 -0.0345474 0.0
0.989657 -0.0308189 0.0
0.989563 -0.0270378 0.0
0.989494 -0.0232114 0.0
0.989445 -0.0193497 0.0
0.989413 -0.0154883 0.0
0.989391 -0.0119352 0.0
0.999999 0.00258706 0.0
0.999993 0.00774959 0.0
0.999982 0.0129017 0.0
0.999966 0.0180445 0.0
0.999945 0.0231791 0.0
0.999921 0.0283065 0.0
0.999893 0.0334277 0.0
0.999863 0.0385436 0.0
0.999831 0.0436548 0.0
0.9998 0.0487619 0.0
0.999771 0.0538653 0.0
0.999745 0.0589651 0.0
0.999723 0.0640612 0.0
0.999708 0.0691534 0.0
0.999702 0.074241 0.0
0.999707 0.079323 0.0
0.999724 0.0843983 0.0
0.999758 0.0894651 0.0
0.999809 0.0945214 0.0
0.999881 0.0995649 0.0
0.999976 0.104593 0.0
1.0001 0.109601 0.0
1.00025 0.114587 0.0
1.00043 0.119546 0.0
1.00064 0.124473 0.0
1.0009 0.129364 0.0
1.00119 0.134211 0.0
1.00152 0.13901 0.0
1.0019 0.143754 0.0
1.00233 0.148435 0.0
1.00281 0.153046 0.0
1.00333 0.15758 0.0
1.00391 0.162028 0.0
1.00455 0.166382 0.0
1.00523 0.170633 0.0
1.00597 0.174772 0.0
1.00677 0.178791 0.0
1.00762 0.182681 0.0
1.00852 0.186433 0.0
1.00947 0.190039 0.0
1.01047 0.193491 0.0
1.01152 0.196781 0.0
1.01261 0.1999 0.0
1.01374 0.202844 0.0
1.01491 0.205605 0.0
1.01611 0.208177 0.0
1.01734 0.210557 0.0
1.01859 0.21274 0.0
1.01986 0.214722 0.0
1.02116 0.216501 0.0
1.02246 0.218076 0.0
1.02377 0.219445 0.0
1.02508 0.220608 0.0
1.02639 0.221565 0.0
1.02769 0.222318 0.0
1.02899 0.222869 0.0
1.03028 0.223218 0.0
1.03155 0.22337 0.0
1.0328 0.223326 0.0
1.03404 0.223092 0.0
1.03525 0.222669 0.0
1.03645 0.222063 0.0
1.03761 0.221276 0.0
1.03876 0.220314 0.0
1.03987 0.219181 0.0
1.04096 0.217881 0.0
1.04202 0.216419 0.0
1.04306 0.214798 0.0
1.04406 0.213023 0.0
1.04504 0.211099 0.0
1.04599 0.209029 0.0
1.04691 0.206818 0.0
1.0478 0.20447 0.0
1.04867 0.201989 0.0
1.0495 0.199379 0.0
1.05031 0.196645 0.0
1.05108 0.193789 0.0
1.05183 0.190817 0.0
1.05254 0.187733 0.0
1.05323 0.18454 0.0
1.05388 0.181242 0.0
1.05451 0.177844 0.0
1.0551 0.17435 0.0
1.05566 0.170764 0.0
1.05619 0.16709 0.0
1.05669 0.163334 0.0
1.05715 0.159498 0.0
1.05758 0.155589 0.0
1.05797 0.15161 0.0
1.05833 0.147566 0.0
1.05865 0.143463 0.0
1.05894 0.139304 0.0
1.05919 0.135094 0.0
1.05941 0.130839 0.0
1.05959 0.126543 0.0
1.05974 0.122211 0.0
1.05985 0.117847 0.0
1.05993 0.113457 0.0
1.05997 0.109045 0.0
1.05998 0.104615 0.0
1.05996 0.100172 0.0
1.0599 0.0957199 0.0
1.05981 0.0912627 0.0
1.05969 0.0868044 0.0
1.05954 0.0823486 0.0
1.05937 0.0778988 0.0
1.05916 0.0734583 0.0
1.05893 0.06903 0.0
1.05868 0.0646169 0.0
1.0584 0.0602215 0.0
1.05809 0.0558463 0.0
1.05776 0.0514935 0.0
1.05742 0.047165 0.0
1.05705 0.0428629 0.0
1.05666 0.0385888 0.0
1.05625 0.0343442 0.0
1.05582 0.0301308 0.0
1.05537 0.0259498 0.0
1.0549 0.0218025 0.0
1.05441 0.0176904 0.0
1.0539 0.0136146 0.0
1.05337 0.0095764 0.0
1.05282 0.00557711 0.0
1.05225 0.001618 0.0
1.05166 -0.00229974 0.0
1.05104 -0.00617506 0.0
1.0504 -0.0100068 0.0
1.04973 -0.0137936 0.0
1.04903 -0.0175341 0.0
1.0483 -0.0212265 0.0
1.04755 -0.0248691 0.0
1.04676 -0.0284597 0.0
1.04595 -0.0319959 0.0
1.0451 -0.0354751 0.0
1.04422 -0.0388945 0.0
1.0433 -0.042251 0.0
1.04236 -0.0455413 0.0
1.04138 -0.0487621 0.0
1.04037 -0.0519095 0.0
1.03933 -0.0549799 0.0
1.03826 -0.0579693 0.0
1.03715 -0.0608737 0.0
1.03602 -0.0636891 0.0
1.03486 -0.0664112 0.0
1.03367 -0.0690359 0.0
1.03246 -0.0715592 0.0
1.03123 -0.0739769 0.0
1.02998 -0.0762849 0.0
1.02872 -0.0784793 0.0
1.02744 -0.0805563 0.0
1.02615 -0.0825122 0.0
1.02485 -0.0843434 0.0
1.02355 -0.0860465 0.0
1.02225 -0.0876183 0.0
1.02095 -0.0890559 0.0
1.01966 -0.0903564 0.0
1.01838 -0.0915172 0.0
1.01711 -0.092536 0.0
1.01586 -0.0934106 0.0
1.01462 -0.0941392 0.0
1.01341 -0.0947201 0.0
1.01222 -0.0951519 0.0
1.01106 -0.0954333 0.0
1.00992 -0.0955636 0.0
1.00882 -0.095542 0.0
1.00776 -0.095368 0.0
1.00672 -0.0950414 0.0
1.00573 -0.0945624 0.0
1.00477 -0.0939311 0.0
1.00385 -0.0931482 0.0
1.00297 -0.0922143 0.0
1.00212 -0.0911304 0.0
1.00132 -0.0898979 0.0
1.00056 -0.0885183 0.0
0.999839 -0.0869931 0.0
0.999158 -0.0853245 0.0
0.998517 -0.0835147 0.0
0.997915 -0.0815661 0.0
0.997351 -0.0794813 0.0
0.996825 -0.0772634 0.0
0.996337 -0.0749156 0.0
0.995886 -0.0724411 0.0
0.99547 -0.0698438 0.0
0.995089 -0.0671275 0.0
0.994743 -0.0642964 0.0
0.994429 -0.0613547 0.0
0.994148 -0.0583072 0.0
0.993898 -0.0551586 0.0
0.993678 -0.0519139 0.0
0.993487 -0.0485784 0.0
0.993323 -0.0451575 0.0
0.993187 -0.041657 0.0
0.993075 -0.0380826 0.0
0.992986 -0.0344403 0.0
0.992918 -0.0307363 0.0
0.992868 -0.026977 0.0
0.992835 -0.023169 0.0
0.992812 -0.0193215 0.0
0.992797 -0.0154688 0.0
0.992782 -0.0119171 0.0
0.999999 0.00258955 0.0
0.999995 0.00775697 0.0
0.999986 0.0129137 0.0
0.999974 0.0180608 0.0
0.999958 0.0231991 0.0
0.99994 0.0283297 0.0
0.999919 0.0334532 0.0
0.999897 0.0385703 0.0
0.999874 0.0436818 0.0
0.999852 0.0487879 0.0
0.999832 0.0538889 0.0
0.999815 0.0589848 0.0
0.999803 0.0640754 0.0
0.999797 0.0691603 0.0
0.999798 0.0742386 0.0
0.99981 0.0793094 0.0
0.999833 0.0843712 0.0
0.999869 0.0894224 0.0
0.999921 0.0944607 0.0
0.999991 0.0994838 0.0
1.00008 0.104489 0.0
1.00019 0.109472 0.0
1.00033 0.11443 0.0
1.0005 0.119358 0.0
1.00069 0.124252 0.0
1.00091 0.129107 0.0
1.00117 0.133916 0.0
1.00147 0.138675 0.0
1.0018 0.143376 0.0
1.00218 0.148013 0.0
1.00259 0.152578 0.0
1.00305 0.157064 0.0
1.00355 0.161464 0.0
1.00409 0.165768 0.0
1.00469 0.169969 0.0
1.00532 0.174058 0.0
1.00601 0.178028 0.0
1.00673 0.181869 0.0
1.0075 0.185574 0.0
1.00832 0.189134 0.0
1.00917 0.192541 0.0
1.01007 0.195789 0.0
1.011 0.19887 0.0
1.01196 0.201778 0.0
1.01296 0.204507 0.0
1.01398 0.207051 0.0
1.01503 0.209406 0.0
1.0161 0.211568 0.0
1.01718 0.213534 0.0
1.01828 0.215301 0.0
1.01939 0.216867 0.0
1.02051 0.218231 0.0
1.02163 0.219393 0.0
1.02274 0.220353 0.0
1.02386 0.221111 0.0
1.02496 0.221671 0.0
1.02606 0.222032 0.0
1.02715 0.222198 0.0
1.02822 0.222171 0.0
1.02928 0.221954 0.0
1.03032 0.221552 0.0
1.03134 0.220967 0.0
1.03234 0.220204 0.0
1.03332 0.219265 0.0
1.03428 0.218157 0.0
1.03521 0.216882 0.0
1.03612 0.215445 0.0
1.03701 0.21385 0.0
1.03787 0.212101 0.0
1.03871 0.210203 0.0
1.03953 0.20816 0.0
1.04032 0.205976 0.0
1.04108 0.203654 0.0
1.04182 0.2012 0.0
1.04254 0.198618 0.0
1.04323 0.195911 0.0
1.0439 0.193083 0.0
1.04453 0.190139 0.0
1.04515 0.187082 0.0
1.04574 0.183917 0.0
1.0463 0.180648 0.0
1.04683 0.17728 0.0
1.04734 0.173815 0.0
1.04782 0.170259 0.0
1.04827 0.166616 0.0
1.04869 0.162891 0.0
1.04908 0.159087 0.0
1.04944 0.155209 0.0
1.04978 0.151263 0.0
1.05008 0.147252 0.0
1.05035 0.143181 0.0
1.0506 0.139055 0.0
1.05081 0.134878 0.0
1.05099 0.130656 0.0
1.05114 0.126394 0.0
1.05126 0.122095 0.0
1.05135 0.117764 0.0
1.0514 0.113406 0.0
1.05143 0.109026 0.0
1.05143 0.104627 0.0
1.0514 0.100215 0.0
1.05134 0.0957927 0.0
1.05125 0.0913648 0.0
1.05114 0.0869348 0.0
1.051 0.0825064 0.0
1.05083 0.0780831 0.0
1.05064 0.0736681 0.0
1.05043 0.0692644 0.0
1.05019 0.0648749 0.0
1.04994 0.0605023 0.0
1.04966 0.056149 0.0
1.04936 0.0518174 0.0
1.04904 0.0475094 0.0
1.0487 0.0432272 0.0
1.04834 0.0389724 0.0
1.04796 0.0347469 0.0
1.04757 0.0305523 0.0
1.04716 0.02639 0.0
1.04672 0.0222616 0.0
1.04628 0.0181685 0.0
1.04581 0.0141121 0.0
1.04532 0.0100938 0.0
1.04482 0.00611515 0.0
1.04429 0.00217755 0.0
1.04374 -0.00171762 0.0
1.04317 -0.0055693 0.0
1.04258 -0.00937634 0.0
1.04197 -0.0131375 0.0
1.04132 -0.0168515 0.0
1.04066 -0.0205166 0.0
1.03996 -0.0241312 0.0
1.03925 -0.0276931 0.0
1.0385 -0.0312002 0.0
1.03773 -0.0346499 0.0
1.03693 -0.0380397 0.0
1.0361 -0.0413665 0.0
1.03525 -0.0446273 0.0
1.03437 -0.0478189 0.0
1.03346 -0.0509378 0.0
1.03254 -0.0539805 0.0
1.03158 -0.0569432 0.0
1.03061 -0.0598222 0.0
1.02961 -0.0626136 0.0
1.0286 -0.0653136 0.0
1.02757 -0.0679182 0.0
1.02653 -0.0704235 0.0
1.02547 -0.0728255 0.0
1.0244 -0.0751205 0.0
1.02333 -0.0773046 0.0
1.02225 -0.0793741 0.0
1.02117 -0.0813255 0.0
1.0201 -0.0831552 0.0
1.01902 -0.0848598 0.0
1.01795 -0.0864363 0.0
1.01689 -0.0878816 0.0
1.01585 -0.0891928 0.0
1.01482 -0.0903672 0.0
1.0138 -0.0914025 0.0
1.01281 -0.0922963 0.0
1.01184 -0.0930466 0.0
1.01089 -0.0936516 0.0
1.00997 -0.0941097 0.0
1.00908 -0.0944194 0.0
1.00821 -0.0945798 0.0
1.00737 -0.0945898 0.0
1.00657 -0.0944488 0.0
1.0058 -0.0941563 0.0
1.00506 -0.0937123 0.0
1.00436 -0.0931168 0.0
1.00368 -0.0923701 0.0
1.00305 -0.0914727 0.0
1.00244 -0.0904256 0.0
1.00187 -0.0892298 0.0
1.00133 -0.0878867 0.0
1.00083 -0.0863978 0.0
1.00035 -0.084765 0.0
0.999909 -0.0829905 0.0
0.999498 -0.0810766 0.0
0.999117 -0.0790258 0.0
0.998764 -0.0768412 0.0
0.998441 -0.0745259 0.0
0.998145 -0.0720832 0.0
0.997875 -0.0695167 0.0
0.997632 -0.0668304 0.0
0.997413 -0.0640283 0.0
0.997219 -0.0611148 0.0
0.997047 -0.0580945 0.0
0.996898 -0.0549721 0.0
0.996771 -0.0517526 0.0
0.996663 -0.0484412 0.0
0.996575 -0.0450432 0.0
0.996505 -0.0415641 0.0
0.996451 -0.0380096 0.0
0.996412 -0.0343854 0.0
0.996386 -0.0306974 0.0
0.996371 -0.0269514 0.0
0.996364 -0.0231535 0.0
0.996361 -0.0193119 0.0
0.996357 -0.0154598 0.0
0.996348 -0.0119021 0.0
0.999999 0.00259142 0.0
0.999996 0.00776249 0.0
0.99999 0.0129227 0.0
0.999981 0.0180729 0.0
0.99997 0.0232139 0.0
0.999957 0.0283466 0.0
0.999942 0.0334715 0.0
0.999927 0.0385893 0.0
0.999912 0.0437005 0.0
0.999898 0.0488053 0.0
0.999886 0.0539038 0.0
0.999877 0.058996 0.0
0.999872 0.0640815 0.0
0.999872 0.0691597 0.0
0.99988 0.0742299 0.0
0.999896 0.0792908 0.0
0.999922 0.084341 0.0
0.99996 0.0893786 0.0
1.00001 0.0944015 0.0
1.00008 0.099407 0.0
1.00016 0.104392 0.0
1.00026 0.109354 0.0
1.00038 0.114288 0.0
1.00053 0.119191 0.0
1.0007 0.124057 0.0
1.00089 0.128881 0.0
1.00112 0.133659 0.0
1.00137 0.138384 0.0
1.00165 0.14305 0.0
1.00197 0.147649 0.0
1.00232 0.152176 0.0
1.00271 0.156623 0.0
1.00313 0.160982 0.0
1.00359 0.165245 0.0
1.00408 0.169404 0.0
1.00462 0.173452 0.0
1.00519 0.177381 0.0
1.0058 0.181181 0.0
1.00644 0.184847 0.0
1.00712 0.188369 0.0
1.00783 0.19174 0.0
1.00857 0.194953 0.0
1.00934 0.198002 0.0
1.01014 0.200881 0.0
1.01097 0.203583 0.0
1.01182 0.206103 0.0
1.01269 0.208438 0.0
1.01357 0.210583 0.0
1.01447 0.212534 0.0
1.01538 0.21429 0.0
1.0163 0.215849 0.0
1.01723 0.217209 0.0
1.01816 0.218369 0.0
1.01908 0.219331 0.0
1.02001 0.220094 0.0
1.02093 0.220661 0.0
1.02184 0.221031 0.0
1.02274 0.221209 0.0
1.02363 0.221195 0.0
1.02451 0.220994 0.0
1.02538 0.220608 0.0
1.02623 0.220041 0.0
1.02706 0.219296 0.0
1.02788 0.218378 0.0
1.02867 0.21729 0.0
1.02945 0.216036 0.0
1.03021 0.21462 0.0
1.03095 0.213047 0.0
1.03167 0.21132 0.0
1.03237 0.209444 0.0
1.03305 0.207424 0.0
1.03371 0.205262 0.0
1.03435 0.202964 0.0
1.03497 0.200532 0.0
1.03557 0.197973 0.0
1.03614 0.195289 0.0
1.0367 0.192485 0.0
1.03723 0.189564 0.0
1.03774 0.186532 0.0
1.03823 0.183391 0.0
1.0387 0.180147 0.0
1.03914 0.176803 0.0
1.03956 0.173364 0.0
1.03996 0.169834 0.0
1.04033 0.166218 0.0
1.04068 0.162519 0.0
1.041 0.158742 0.0
1.0413 0.154892 0.0
1.04157 0.150973 0.0
1.04182 0.14699 0.0
1.04204 0.142948 0.0
1.04224 0.13885 0.0
1.04241 0.134702 0.0
1.04255 0.130509 0.0
1.04267 0.126275 0.0
1.04276 0.122004 0.0
1.04282 0.117702 0.0
1.04286 0.113372 0.0
1.04287 0.10902 0.0
1.04286 0.104648 0.0
1.04282 0.100263 0.0
1.04276 0.0958665 0.0
1.04267 0.091464 0.0
1.04256 0.0870588 0.0
1.04243 0.0826545 0.0
1.04227 0.0782545 0.0
1.0421 0.073862 0.0
1.0419 0.0694801 0.0
1.04169 0.0651116 0.0
1.04145 0.0607593 0.0
1.0412 0.0564256 0.0
1.04093 0.052113 0.0
1.04064 0.0478235 0.0
1.04033 0.0435592 0.0
1.04 0.0393221 0.0
1.03966 0.0351139 0.0
1.03931 0.0309364 0.0
1.03894 0.0267912 0.0
1.03855 0.0226799 0.0
1.03814 0.0186041 0.0
1.03772 0.0145653 0.0
1.03728 0.0105651 0.0
1.03683 0.00660513 0.0
1.03635 0.00268699 0.0
1.03586 -0.00118775 0.0
1.03535 -0.00501807 0.0
1.03482 -0.00880301 0.0
1.03426 -0.0125415 0.0
1.03369 -0.0162322 0.0
1.03309 -0.0198738 0.0
1.03248 -0.0234645 0.0
1.03184 -0.0270024 0.0
1.03118 -0.0304855 0.0
1.0305 -0.0339114 0.0
1.0298 -0.0372776 0.0
1.02908 -0.0405813 0.0
1.02834 -0.0438197 0.0
1.02758 -0.0469896 0.0
1.02681 -0.0500878 0.0
1.02601 -0.0531109 0.0
1.02521 -0.0560554 0.0
1.02439 -0.0589178 0.0
1.02356 -0.0616943 0.0
1.02272 -0.0643812 0.0
1.02188 -0.0669748 0.0
1.02103 -0.0694712 0.0
1.02017 -0.0718667 0.0
1.01932 -0.0741575 0.0
1.01846 -0.0763399 0.0
1.01761 -0.0784102 0.0
1.01677 -0.0803649 0.0
1.01593 -0.0822004 0.0
1.0151 -0.0839134 0.0
1.01429 -0.0855006 0.0
1.01349 -0.086959 0.0
1.0127 -0.0882856 0.0
1.01194 -0.0894776 0.0
1.01119 -0.0905324 0.0
1.01047 -0.0914476 0.0
1.00976 -0.092221 0.0
1.00908 -0.0928506 0.0
1.00843 -0.0933346 0.0
1.0078 -0.0936714 0.0
1.0072 -0.0938598 0.0
1.00662 -0.0938986 0.0
1.00607 -0.0937869 0.0
1.00555 -0.0935243 0.0
1.00506 -0.0931104 0.0
1.00459 -0.092545 0.0
1.00415 -0.0918283 0.0
1.00373 -0.0909609 0.0
1.00334 -0.0899434 0.0
1.00298 -0.0887768 0.0
1.00264 -0.0874623 0.0
1.00232 -0.0860015 0.0
1.00203 -0.0843962 0.0
1.00176 -0.0826484 0.0
1.00152 -0.0807604 0.0
1.00129 -0.0787349 0.0
1.00108 -0.0765748 0.0
1.0009 -0.074283 0.0
1.00073 -0.0718631 0.0
1.00058 -0.0693187 0.0
1.00045 -0.0666535 0.0
1.00034 -0.0638718 0.0
1.00024 -0.0609779 0.0
1.00015 -0.0579762 0.0
1.00008 -0.0548716 0.0
1.00003 -0.0516691 0.0
0.999985 -0.0483736 0.0
0.999953 -0.0449905 0.0
0.999931 -0.0415252 0.0
0.99992 -0.0379831 0.0
0.999916 -0.0343696 0.0
0.999919 -0.0306904 0.0
0.999927 -0.0269509 0.0
0.999937 -0.0231565 0.0
0.999946 -0.0193148 0.0
0.99995 -0.0154577 0.0
0.999944 -0.0118896 0.0
0.999999 0.00259273 0.0
0.999997 0.00776636 0.0
0.999993 0.0129289 0.0
0.999988 0.0180813 0.0
0.99998 0.023224 0.0
0.999972 0.028358 0.0
0.999963 0.0334836 0.0
0.999954 0.0386015 0.0
0.999945 0.043712 0.0
0.999938 0.0488153 0.0
0.999933 0.0539113 0.0
0.99993 0.059 0.0
0.999931 0.064081 0.0
0.999938 0.0691534 0.0
0.99995 0.0742166 0.0
0.999969 0.0792691 0.0
0.999996 0.0843094 0.0
1.00003 0.0893357 0.0
1.00008 0.0943458 0.0
1.00014 0.0993369 0.0
1.00021 0.104306 0.0
1.0003 0.10925 0.0
1.00041 0.114165 0.0
1.00053 0.119046 0.0
1.00067 0.12389 0.0
1.00084 0.12869 0.0
1.00102 0.133442 0.0
1.00123 0.138139 0.0
1.00146 0.142776 0.0
1.00172 0.147346 0.0
1.00201 0.151842 0.0
1.00232 0.156257 0.0
1.00267 0.160583 0.0
1.00304 0.164813 0.0
1.00344 0.16894 0.0
1.00387 0.172954 0.0
1.00433 0.17685 0.0
1.00481 0.180618 0.0
1.00533 0.184252 0.0
1.00587 0.187743 0.0
1.00644 0.191085 0.0
1.00703 0.194271 0.0
1.00765 0.197295 0.0
1.00829 0.200149 0.0
1.00895 0.20283 0.0
1.00962 0.205331 0.0
1.01032 0.207649 0.0
1.01102 0.20978 0.0
1.01174 0.21172 0.0
1.01246 0.213467 0.0
1.0132 0.21502 0.0
1.01393 0.216376 0.0
1.01467 0.217536 0.0
1.01541 0.218499 0.0
1.01615 0.219265 0.0
1.01688 0.219837 0.0
1.01761 0.220215 0.0
1.01833 0.220401 0.0
1.01904 0.220399 0.0
1.01974 0.220209 0.0
1.02044 0.219837 0.0
1.02111 0.219284 0.0
1.02178 0.218554 0.0
1.02243 0.217652 0.0
1.02307 0.21658 0.0
1.0237 0.215343 0.0
1.0243 0.213944 0.0
1.0249 0.212389 0.0
1.02547 0.21068 0.0
1.02603 0.208823 0.0
1.02658 0.20682 0.0
1.02711 0.204677 0.0
1.02762 0.202398 0.0
1.02811 0.199985 0.0
1.02859 0.197445 0.0
1.02905 0.19478 0.0
1.0295 0.191996 0.0
1.02992 0.189095 0.0
1.03033 0.186082 0.0
1.03072 0.182962 0.0
1.03109 0.179739 0.0
1.03145 0.176416 0.0
1.03178 0.172998 0.0
1.03209 0.16949 0.0
1.03239 0.165895 0.0
1.03266 0.162218 0.0
1.03292 0.158464 0.0
1.03315 0.154637 0.0
1.03337 0.150742 0.0
1.03356 0.146782 0.0
1.03373 0.142763 0.0
1.03388 0.13869 0.0
1.03401 0.134566 0.0
1.03411 0.130397 0.0
1.0342 0.126187 0.0
1.03426 0.12194 0.0
1.0343 0.117661 0.0
1.03432 0.113355 0.0
1.03432 0.109026 0.0
1.0343 0.104678 0.0
1.03425 0.100315 0.0
1.03419 0.0959407 0.0
1.0341 0.0915598 0.0
1.034 0.0871757 0.0
1.03388 0.0827919 0.0
1.03374 0.0784118 0.0
1.03358 0.0740386 0.0
1.0334 0.0696754 0.0
1.03321 0.0653251 0.0
1.033 0.0609903 0.0
1.03278 0.0566736 0.0
1.03254 0.0523774 0.0
1.03228 0.048104 0.0
1.03201 0.0438553 0.0
1.03173 0.0396335 0.0
1.03143 0.0354404 0.0
1.03112 0.0312778 0.0
1.03079 0.0271474 0.0
1.03046 0.023051 0.0
1.0301 0.0189901 0.0
1.02974 0.0149665 0.0
1.02936 0.0109818 0.0
1.02896 0.00703776 0.0
1.02856 0.00313621 0.0
1.02813 -0.000721152 0.0
1.02769 -0.00453342 0.0
1.02724 -0.00829988 0.0
1.02676 -0.0120197 0.0
1.02628 -0.0156917 0.0
1.02577 -0.0193146 0.0
1.02525 -0.022887 0.0
1.02472 -0.0264069 0.0
1.02417 -0.0298724 0.0
1.02361 -0.0332814 0.0
1.02303 -0.0366314 0.0
1.02244 -0.0399197 0.0
1.02185 -0.0431437 0.0
1.02124 -0.0463003 0.0
1.02062 -0.0493865 0.0
1.02 -0.052399 0.0
1.01937 -0.0553343 0.0
1.01874 -0.0581891 0.0
1.01811 -0.0609597 0.0
1.01747 -0.0636425 0.0
1.01684 -0.0662337 0.0
1.01621 -0.0687297 0.0
1.01558 -0.0711268 0.0
1.01496 -0.073421 0.0
1.01435 -0.0756088 0.0
1.01374 -0.0776864 0.0
1.01315 -0.0796502 0.0
1.01257 -0.0814967 0.0
1.012 -0.0832225 0.0
1.01145 -0.0848241 0.0
1.01091 -0.0862984 0.0
1.01039 -0.0876422 0.0
1.00989 -0.0888528 0.0
1.0094 -0.0899274 0.0
1.00894 -0.0908633 0.0
1.0085 -0.0916583 0.0
1.00807 -0.0923101 0.0
1.00767 -0.092817 0.0
1.00728 -0.093177 0.0
1.00692 -0.0933889 0.0
1.00658 -0.0934513 0.0
1.00626 -0.0933633 0.0
1.00596 -0.0931242 0.0
1.00568 -0.0927335 0.0
1.00541 -0.0921911 0.0
1.00517 -0.091497 0.0
1.00494 -0.0906517 0.0
1.00474 -0.0896556 0.0
1.00455 -0.0885099 0.0
1.00437 -0.0872157 0.0
1.00421 -0.0857745 0.0
1.00407 -0.084188 0.0
1.00394 -0.0824584 0.0
1.00382 -0.0805878 0.0
1.00372 -0.078579 0.0
1.00363 -0.0764349 0.0
1.00355 -0.0741584 0.0
1.00348 -0.0717531 0.0
1.00343 -0.0692225 0.0
1.00338 -0.0665706 0.0
1.00334 -0.0638015 0.0
1.00331 -0.0609195 0.0
1.00329 -0.0579292 0.0
1.00328 -0.0548352 0.0
1.00327 -0.0516426 0.0
1.00327 -0.0483563 0.0
1.00327 -0.0449815 0.0
1.00329 -0.0415235 0.0
1.0033 -0.0379877 0.0
1.00332 -0.0343792 0.0
1.00334 -0.0307033 0.0
1.00336 -0.0269652 0.0
1.00337 -0.0231698 0.0
1.00339 -0.0193241 0.0
1.0034 -0.0154593 0.0
1.00339 -0.011879 0.0
1 0.00259353 0.0
0.999999 0.00776872 0.0
0.999996 0.0129327 0.0
0.999993 0.0180862 0.0
0.99999 0.0232299 0.0
0.999986 0.0283644 0.0
0.999982 0.0334902 0.0
0.999978 0.0386077 0.0
0.999975 0.0437172 0.0
0.999974 0.0488189 0.0
0.999974 0.0539126 0.0
0.999977 0.0589982 0.0
0.999984 0.0640752 0.0
0.999994 0.0691428 0.0
1.00001 0.0742001 0.0
1.00003 0.0792458 0.0
1.00006 0.0842782 0.0
1.00009 0.0892955 0.0
1.00013 0.0942954 0.0
1.00019 0.0992751 0.0
1.00025 0.104232 0.0
1.00032 0.109162 0.0
1.00041 0.114061 0.0
1.00051 0.118927 0.0
1.00062 0.123752 0.0
1.00075 0.128534 0.0
1.0009 0.133266 0.0
1.00106 0.137943 0.0
1.00125 0.142558 0.0
1.00145 0.147105 0.0
1.00167 0.151577 0.0
1.00191 0.155967 0.0
1.00217 0.160269 0.0
1.00245 0.164474 0.0
1.00276 0.168575 0.0
1.00308 0.172564 0.0
1.00343 0.176434 0.0
1.0038 0.180178 0.0
1.00419 0.183788 0.0
1.00459 0.187256 0.0
1.00502 0.190576 0.0
1.00547 0.193741 0.0
1.00593 0.196745 0.0
1.00641 0.199582 0.0
1.0069 0.202246 0.0
1.00741 0.204733 0.0
1.00793 0.207038 0.0
1.00846 0.209158 0.0
1.00899 0.211089 0.0
1.00953 0.21283 0.0
1.01008 0.214377 0.0
1.01063 0.215731 0.0
1.01119 0.216889 0.0
1.01174 0.217853 0.0
1.01229 0.218622 0.0
1.01284 0.219198 0.0
1.01338 0.219581 0.0
1.01392 0.219775 0.0
1.01446 0.21978 0.0
1.01498 0.2196 0.0
1.0155 0.219237 0.0
1.01601 0.218695 0.0
1.01651 0.217977 0.0
1.017 0.217086 0.0
1.01748 0.216027 0.0
1.01795 0.214803 0.0
1.01841 0.213418 0.0
1.01886 0.211876 0.0
1.01929 0.210181 0.0
1.01971 0.208338 0.0
1.02013 0.20635 0.0
1.02052 0.204221 0.0
1.02091 0.201956 0.0
1.02128 0.199559 0.0
1.02164 0.197033 0.0
1.02199 0.194384 0.0
1.02232 0.191615 0.0
1.02264 0.188729 0.0
1.02295 0.185733 0.0
1.02324 0.182629 0.0
1.02352 0.179422 0.0
1.02379 0.176115 0.0
1.02404 0.172715 0.0
1.02427 0.169223 0.0
1.02449 0.165646 0.0
1.02469 0.161988 0.0
1.02488 0.158252 0.0
1.02506 0.154443 0.0
1.02521 0.150566 0.0
1.02535 0.146625 0.0
1.02547 0.142626 0.0
1.02558 0.138571 0.0
1.02567 0.134467 0.0
1.02574 0.130317 0.0
1.0258 0.126126 0.0
1.02584 0.121899 0.0
1.02586 0.11764 0.0
1.02586 0.113353 0.0
1.02585 0.109042 0.0
1.02583 0.104713 0.0
1.02578 0.100368 0.0
1.02572 0.0960117 0.0
1.02564 0.0916484 0.0
1.02555 0.0872814 0.0
1.02545 0.0829143 0.0
1.02533 0.0785504 0.0
1.02519 0.0741929 0.0
1.02505 0.069845 0.0
1.02488 0.0655094 0.0
1.02471 0.0611889 0.0
1.02452 0.056886 0.0
1.02433 0.0526033 0.0
1.02412 0.0483428 0.0
1.0239 0.0441069 0.0
1.02366 0.0398975 0.0
1.02342 0.0357165 0.0
1.02317 0.0315658 0.0
1.02291 0.0274473 0.0
1.02263 0.0233626 0.0
1.02235 0.0193134 0.0
1.02206 0.0153016 0.0
1.02176 0.0113289 0.0
1.02144 0.00739715 0.0
1.02112 0.00350823 0.0
1.02079 -0.000335992 0.0
1.02044 -0.00413476 0.0
1.02009 -0.00788773 0.0
1.01972 -0.0115943 0.0
1.01935 -0.0152534 0.0
1.01896 -0.0188641 0.0
1.01857 -0.0224248 0.0
1.01817 -0.0259338 0.0
1.01776 -0.0293893 0.0
1.01735 -0.0327891 0.0
1.01693 -0.0361309 0.0
1.01651 -0.0394121 0.0
1.01609 -0.0426301 0.0
1.01566 -0.0457819 0.0
1.01524 -0.0488644 0.0
1.01481 -0.0518745 0.0
1.01439 -0.0548088 0.0
1.01397 -0.0576639 0.0
1.01356 -0.0604362 0.0
1.01315 -0.063122 0.0
1.01274 -0.0657176 0.0
1.01235 -0.0682194 0.0
1.01196 -0.0706235 0.0
1.01158 -0.0729261 0.0
1.01122 -0.0751235 0.0
1.01086 -0.0772118 0.0
1.01052 -0.0791875 0.0
1.01019 -0.0810468 0.0
1.00987 -0.0827863 0.0
1.00956 -0.0844025 0.0
1.00927 -0.0858921 0.0
1.009 -0.087252 0.0
1.00873 -0.088479 0.0
1.00849 -0.0895703 0.0
1.00825 -0.0905234 0.0
1.00804 -0.0913357 0.0
1.00783 -0.0920049 0.0
1.00764 -0.0925291 0.0
1.00747 -0.0929065 0.0
1.00731 -0.0931354 0.0
1.00716 -0.0932146 0.0
1.00702 -0.0931431 0.0
1.0069 -0.09292 0.0
1.00679 -0.0925449 0.0
1.00669 -0.0920176 0.0
1.0066 -0.0913381 0.0
1.00652 -0.0905067 0.0
1.00645 -0.0895241 0.0
1.00639 -0.0883912 0.0
1.00634 -0.0871091 0.0
1.0063 -0.0856794 0.0
1.00626 -0.0841039 0.0
1.00623 -0.0823846 0.0
1.00621 -0.0805239 0.0
1.0062 -0.0785243 0.0
1.00619 -0.0763888 0.0
1.00618 -0.0741205 0.0
1.00618 -0.0717228 0.0
1.00618 -0.0691994 0.0
1.00619 -0.0665542 0.0
1.0062 -0.0637913 0.0
1.00622 -0.0609151 0.0
1.00624 -0.05793 0.0
1.00626 -0.054841 0.0
1.00628 -0.0516527 0.0
1.0063 -0.0483703 0.0
1.00633 -0.0449988 0.0
1.00636 -0.0415434 0.0
1.00638 -0.0380093 0.0
1.00641 -0.0344016 0.0
1.00644 -0.0307254 0.0
1.00646 -0.0269854 0.0
1.00648 -0.0231864 0.0
1.00649 -0.0193348 0.0
1.0065 -0.0154615 0.0
1.00649 -0.01187 0.0
1 0.00259388 0.0
1 0.00776971 0.0
0.999999 0.0129343 0.0
0.999999 0.0180882 0.0
0.999999 0.023232 0.0
0.999998 0.0283664 0.0
0.999999 0.0334918 0.0
1 0.0386085 0.0
1 0.0437168 0.0
1.00001 0.0488169 0.0
1.00001 0.0539085 0.0
1.00002 0.0589914 0.0
1.00003 0.0640652 0.0
1.00004 0.069129 0.0
1.00006 0.0741817 0.0
1.00008 0.0792222 0.0
1.00011 0.0842487 0.0
1.00014 0.0892593 0.0
1.00018 0.0942517 0.0
1.00022 0.0992231 0.0
1.00027 0.104171 0.0
1.00033 0.109091 0.0
1.00039 0.11398 0.0
1.00047 0.118833 0.0
1.00056 0.123646 0.0
1.00065 0.128415 0.0
1.00076 0.133133 0.0
1.00087 0.137794 0.0
1.001 0.142394 0.0
1.00115 0.146925 0.0
1.0013 0.151381 0.0
1.00147 0.155754 0.0
1.00165 0.160038 0.0
1.00185 0.164226 0.0
1.00206 0.168309 0.0
1.00228 0.172281 0.0
1.00251 0.176134 0.0
1.00277 0.17986 0.0
1.00303 0.183453 0.0
1.00331 0.186906 0.0
1.00359 0.19021 0.0
1.00389 0.193361 0.0
1.00421 0.196351 0.0
1.00453 0.199175 0.0
1.00486 0.201828 0.0
1.0052 0.204304 0.0
1.00555 0.206601 0.0
1.0059 0.208713 0.0
1.00626 0.210638 0.0
1.00662 0.212374 0.0
1.00699 0.213918 0.0
1.00736 0.215269 0.0
1.00773 0.216427 0.0
1.0081 0.217391 0.0
1.00847 0.218162 0.0
1.00884 0.21874 0.0
1.00921 0.219128 0.0
1.00957 0.219325 0.0
1.00993 0.219336 0.0
1.01028 0.219162 0.0
1.01063 0.218806 0.0
1.01098 0.218271 0.0
1.01132 0.217561 0.0
1.01165 0.216679 0.0
1.01197 0.215629 0.0
1.01229 0.214414 0.0
1.0126 0.213038 0.0
1.0129 0.211506 0.0
1.0132 0.209821 0.0
1.01349 0.207988 0.0
1.01377 0.20601 0.0
1.01404 0.203891 0.0
1.0143 0.201637 0.0
1.01456 0.19925 0.0
1.01481 0.196736 0.0
1.01504 0.194097 0.0
1.01527 0.191339 0.0
1.01549 0.188465 0.0
1.0157 0.18548 0.0
1.0159 0.182388 0.0
1.01609 0.179192 0.0
1.01628 0.175899 0.0
1.01645 0.17251 0.0
1.01661 0.169032 0.0
1.01676 0.165468 0.0
1.0169 0.161822 0.0
1.01703 0.158099 0.0
1.01715 0.154304 0.0
1.01725 0.150441 0.0
1.01735 0.146515 0.0
1.01743 0.142529 0.0
1.01751 0.138489 0.0
1.01757 0.134399 0.0
1.01761 0.130264 0.0
1.01765 0.126087 0.0
1.01768 0.121874 0.0
1.01769 0.117629 0.0
1.01769 0.113356 0.0
1.01768 0.10906 0.0
1.01766 0.104744 0.0
1.01763 0.100413 0.0
1.01758 0.0960704 0.0
1.01753 0.0917201 0.0
1.01746 0.0873658 0.0
1.01739 0.0830111 0.0
1.0173 0.0786592 0.0
1.01721 0.0743133 0.0
1.0171 0.0699766 0.0
1.01699 0.0656518 0.0
1.01687 0.0613418 0.0
1.01674 0.057049 0.0
1.0166 0.0527759 0.0
1.01646 0.0485248 0.0
1.01631 0.0442979 0.0
1.01615 0.0400971 0.0
1.01598 0.0359246 0.0
1.01581 0.0317821 0.0
1.01563 0.0276716 0.0
1.01545 0.0235947 0.0
1.01526 0.0195533 0.0
1.01506 0.0155491 0.0
1.01486 0.011584 0.0
1.01466 0.00765983 0.0
1.01445 0.0037786 0.0
1.01423 -5.77623e-05 0.0
1.01401 -0.00384874 0.0
1.01379 -0.00759429 0.0
1.01356 -0.011294 0.0
1.01333 -0.014947 0.0
1.0131 -0.0185523 0.0
1.01286 -0.0221085 0.0
1.01263 -0.0256138 0.0
1.01239 -0.0290666 0.0
1.01216 -0.0324645 0.0
1.01192 -0.0358053 0.0
1.01169 -0.0390865 0.0
1.01147 -0.0423053 0.0
1.01124 -0.0454588 0.0
1.01102 -0.048544 0.0
1.01081 -0.0515577 0.0
1.0106 -0.0544964 0.0
1.0104 -0.0573567 0.0
1.01021 -0.060135 0.0
1.01002 -0.0628277 0.0
1.00985 -0.0654309 0.0
1.00968 -0.0679409 0.0
1.00951 -0.0703538 0.0
1.00936 -0.0726659 0.0
1.00922 -0.0748732 0.0
1.00908 -0.076972 0.0
1.00896 -0.0789585 0.0
1.00884 -0.080829 0.0
1.00874 -0.0825799 0.0
1.00864 -0.0842077 0.0
1.00855 -0.0857089 0.0
1.00848 -0.0870805 0.0
1.00841 -0.0883192 0.0
1.00835 -0.0894222 0.0
1.00829 -0.0903867 0.0
1.00825 -0.0912103 0.0
1.00821 -0.0918906 0.0
1.00818 -0.0924255 0.0
1.00816 -0.0928132 0.0
1.00815 -0.0930521 0.0
1.00814 -0.093141 0.0
1.00814 -0.0930786 0.0
1.00814 -0.0928643 0.0
1.00815 -0.0924974 0.0
1.00816 -0.0919779 0.0
1.00818 -0.0913056 0.0
1.0082 -0.090481 0.0
1.00822 -0.0895048 0.0
1.00825 -0.0883777 0.0
1.00828 -0.087101 0.0
1.00831 -0.0856763 0.0
1.00834 -0.0841053 0.0
1.00838 -0.0823901 0.0
1.00841 -0.080533 0.0
1.00845 -0.0785368 0.0
1.00849 -0.0764042 0.0
1.00853 -0.0741386 0.0
1.00857 -0.0717432 0.0
1.00861 -0.0692219 0.0
1.00865 -0.0665784 0.0
1.00868 -0.063817 0.0
1.00872 -0.0609421 0.0
1.00876 -0.0579581 0.0
1.0088 -0.0548697 0.0
1.00883 -0.0516819 0.0
1.00887 -0.0483996 0.0
1.0089 -0.0450279 0.0
1.00893 -0.0415719 0.0
1.00896 -0.0380366 0.0
1.00898 -0.0344271 0.0
1.00901 -0.0307482 0.0
1.00903 -0.0270047 0.0
1.00904 -0.0232009 0.0
1.00905 -0.0193433 0.0
1.00905 -0.0154624 0.0
1.00905 -0.0118621 0.0
1 0.00259379 0.0
1 0.00776943 0.0
1 0.0129337 0.0
1 0.0180873 0.0
1.00001 0.0232306 0.0
1.00001 0.0283644 0.0
1.00001 0.0334889 0.0
1.00002 0.0386045 0.0
1.00003 0.0437116 0.0
1.00004 0.04881 0.0
1.00005 0.0538998 0.0
1.00006 0.0589806 0.0
1.00007 0.0640519 0.0
1.00009 0.0691128 0.0
1.0001 0.0741624 0.0
1.00013 0.0791994 0.0
1.00015 0.0842219 0.0
1.00018 0.0892281 0.0
1.00021 0.0942157 0.0
1.00024 0.0991819 0.0
1.00028 0.104124 0.0
1.00032 0.109038 0.0
1.00037 0.11392 0.0
1.00042 0.118766 0.0
1.00047 0.123572 0.0
1.00054 0.128332 0.0
1.0006 0.133042 0.0
1.00068 0.137695 0.0
1.00075 0.142285 0.0
1.00084 0.146807 0.0
1.00093 0.151253 0.0
1.00103 0.155616 0.0
1.00113 0.15989 0.0
1.00124 0.164067 0.0
1.00136 0.16814 0.0
1.00149 0.172102 0.0
1.00162 0.175945 0.0
1.00176 0.179661 0.0
1.0019 0.183244 0.0
1.00205 0.186687 0.0
1.00221 0.189983 0.0
1.00237 0.193124 0.0
1.00254 0.196107 0.0
1.00272 0.198923 0.0
1.00289 0.201569 0.0
1.00308 0.20404 0.0
1.00326 0.206331 0.0
1.00345 0.208439 0.0
1.00365 0.21036 0.0
1.00384 0.212093 0.0
1.00404 0.213635 0.0
1.00424 0.214985 0.0
1.00444 0.216142 0.0
1.00464 0.217106 0.0
1.00484 0.217877 0.0
1.00504 0.218457 0.0
1.00523 0.218846 0.0
1.00543 0.219046 0.0
1.00563 0.21906 0.0
1.00582 0.218889 0.0
1.00602 0.218537 0.0
1.00621 0.218006 0.0
1.00639 0.217301 0.0
1.00658 0.216423 0.0
1.00676 0.215378 0.0
1.00694 0.214168 0.0
1.00712 0.212797 0.0
1.00729 0.211271 0.0
1.00746 0.209591 0.0
1.00762 0.207764 0.0
1.00779 0.205792 0.0
1.00794 0.203679 0.0
1.0081 0.201431 0.0
1.00825 0.199051 0.0
1.0084 0.196542 0.0
1.00854 0.19391 0.0
1.00868 0.191159 0.0
1.00881 0.188292 0.0
1.00894 0.185314 0.0
1.00906 0.182229 0.0
1.00918 0.179041 0.0
1.00929 0.175754 0.0
1.0094 0.172374 0.0
1.00951 0.168903 0.0
1.0096 0.165347 0.0
1.0097 0.16171 0.0
1.00978 0.157996 0.0
1.00986 0.154209 0.0
1.00994 0.150355 0.0
1.01001 0.146437 0.0
1.01007 0.142461 0.0
1.01013 0.138429 0.0
1.01018 0.134349 0.0
1.01022 0.130222 0.0
1.01026 0.126055 0.0
1.01029 0.121851 0.0
1.01031 0.117615 0.0
1.01033 0.113351 0.0
1.01034 0.109064 0.0
1.01035 0.104756 0.0
1.01035 0.100434 0.0
1.01034 0.0960994 0.0
1.01033 0.0917573 0.0
1.01031 0.0874109 0.0
1.01029 0.0830638 0.0
1.01026 0.0787192 0.0
1.01023 0.0743804 0.0
1.0102 0.0700505 0.0
1.01015 0.0657322 0.0
1.01011 0.0614282 0.0
1.01006 0.0571413 0.0
1.01001 0.0528737 0.0
1.00995 0.0486278 0.0
1.00989 0.0444058 0.0
1.00983 0.0402097 0.0
1.00977 0.0360415 0.0
1.0097 0.0319031 0.0
1.00963 0.0277963 0.0
1.00956 0.023723 0.0
1.00949 0.019685 0.0
1.00942 0.015684 0.0
1.00935 0.0117219 0.0
1.00927 0.00780066 0.0
1.0092 0.00392214 0.0
1.00912 8.82484e-05 0.0
1.00905 -0.00370063 0.0
1.00898 -0.00744459 0.0
1.0089 -0.0111433 0.0
1.00883 -0.0147959 0.0
1.00877 -0.0184015 0.0
1.0087 -0.0219586 0.0
1.00864 -0.0254655 0.0
1.00858 -0.0289204 0.0
1.00852 -0.032321 0.0
1.00847 -0.0356651 0.0
1.00843 -0.0389501 0.0
1.00838 -0.0421731 0.0
1.00835 -0.0453314 0.0
1.00832 -0.0484217 0.0
1.00829 -0.0514408 0.0
1.00827 -0.0543854 0.0
1.00825 -0.0572518 0.0
1.00824 -0.0600365 0.0
1.00824 -0.0627358 0.0
1.00824 -0.0653458 0.0
1.00825 -0.0678628 0.0
1.00826 -0.0702828 0.0
1.00828 -0.072602 0.0
1.0083 -0.0748165 0.0
1.00833 -0.0769224 0.0
1.00836 -0.078916 0.0
1.0084 -0.0807935 0.0
1.00844 -0.0825513 0.0
1.00849 -0.0841858 0.0
1.00854 -0.0856936 0.0
1.00859 -0.0870715 0.0
1.00865 -0.0883163 0.0
1.00871 -0.0894251 0.0
1.00877 -0.0903952 0.0
1.00884 -0.091224 0.0
1.00891 -0.0919092 0.0
1.00898 -0.0924486 0.0
1.00905 -0.0928406 0.0
1.00912 -0.0930834 0.0
1.0092 -0.0931758 0.0
1.00927 -0.0931166 0.0
1.00935 -0.092905 0.0
1.00943 -0.0925407 0.0
1.0095 -0.0920232 0.0
1.00958 -0.0913527 0.0
1.00965 -0.0905296 0.0
1.00973 -0.0895544 0.0
1.0098 -0.0884282 0.0
1.00987 -0.087152 0.0
1.00994 -0.0857276 0.0
1.01001 -0.0841566 0.0
1.01008 -0.0824412 0.0
1.01014 -0.0805837 0.0
1.01021 -0.0785868 0.0
1.01027 -0.0764534 0.0
1.01033 -0.0741867 0.0
1.01038 -0.0717902 0.0
1.01044 -0.0692675 0.0
1.01049 -0.0666227 0.0
1.01054 -0.0638598 0.0
1.01058 -0.0609831 0.0
1.01063 -0.0579973 0.0
1.01067 -0.0549071 0.0
1.0107 -0.0517172 0.0
1.01074 -0.0484328 0.0
1.01077 -0.0450587 0.0
1.0108 -0.0416001 0.0
1.01082 -0.038062 0.0
1.01084 -0.0344493 0.0
1.01086 -0.0307668 0.0
1.01087 -0.0270192 0.0
1.01088 -0.0232108 0.0
1.01089 -0.0193479 0.0
1.01089 -0.0154612 0.0
1.01088 -0.0118548 0.0
1 0.00259333 0.0
1 0.00776807 0.0
1 0.0129314 0.0
1.00001 0.018084 0.0
1.00001 0.0232263 0.0
1.00002 0.0283589 0.0
1.00003 0.0334822 0.0
1.00004 0.0385966 0.0
1.00005 0.0437023 0.0
1.00006 0.0487993 0.0
1.00007 0.0538876 0.0
1.00008 0.0589668 0.0
1.0001 0.0640363 0.0
1.00012 0.0690955 0.0
1.00014 0.0741431 0.0
1.00016 0.079178 0.0
1.00018 0.0841984 0.0
1.0002 0.0892023 0.0
1.00022 0.0941874 0.0
1.00025 0.099151 0.0
1.00027 0.10409 0.0
1.0003 0.109001 0.0
1.00033 0.11388 0.0
1.00036 0.118724 0.0
1.0004 0.123526 0.0
1.00043 0.128283 0.0
1.00046 0.132989 0.0
1.0005 0.137639 0.0
1.00054 0.142225 0.0
1.00058 0.146743 0.0
1.00062 0.151185 0.0
1.00066 0.155544 0.0
1.0007 0.159814 0.0
1.00074 0.163988 0.0
1.00079 0.168057 0.0
1.00084 0.172014 0.0
1.00088 0.175853 0.0
1.00093 0.179565 0.0
1.00098 0.183145 0.0
1.00103 0.186584 0.0
1.00109 0.189876 0.0
1.00114 0.193014 0.0
1.0012 0.195993 0.0
1.00125 0.198807 0.0
1.00131 0.20145 0.0
1.00137 0.203918 0.0
1.00143 0.206207 0.0
1.00149 0.208313 0.0
1.00155 0.210232 0.0
1.00161 0.211963 0.0
1.00168 0.213504 0.0
1.00174 0.214852 0.0
1.00181 0.216009 0.0
1.00188 0.216972 0.0
1.00195 0.217743 0.0
1.00201 0.218322 0.0
1.00208 0.218711 0.0
1.00216 0.218912 0.0
1.00223 0.218926 0.0
1.0023 0.218756 0.0
1.00237 0.218404 0.0
1.00245 0.217874 0.0
1.00252 0.217169 0.0
1.0026 0.216293 0.0
1.00268 0.215249 0.0
1.00275 0.21404 0.0
1.00283 0.212671 0.0
1.00291 0.211146 0.0
1.00299 0.209468 0.0
1.00307 0.207642 0.0
1.00315 0.205672 0.0
1.00323 0.203561 0.0
1.00331 0.201315 0.0
1.00339 0.198936 0.0
1.00347 0.19643 0.0
1.00355 0.1938 0.0
1.00363 0.191051 0.0
1.00371 0.188187 0.0
1.00379 0.185211 0.0
1.00387 0.182129 0.0
1.00394 0.178943 0.0
1.00402 0.17566 0.0
1.0041 0.172282 0.0
1.00418 0.168815 0.0
1.00425 0.165262 0.0
1.00433 0.161628 0.0
1.0044 0.157917 0.0
1.00447 0.154134 0.0
1.00454 0.150284 0.0
1.00461 0.14637 0.0
1.00468 0.142397 0.0
1.00475 0.13837 0.0
1.00481 0.134293 0.0
1.00488 0.130171 0.0
1.00494 0.126007 0.0
1.005 0.121807 0.0
1.00506 0.117575 0.0
1.00511 0.113315 0.0
1.00517 0.109032 0.0
1.00522 0.104729 0.0
1.00528 0.10041 0.0
1.00533 0.0960792 0.0
1.00537 0.0917406 0.0
1.00542 0.0873977 0.0
1.00547 0.0830539 0.0
1.00551 0.0787125 0.0
1.00555 0.0743767 0.0
1.00559 0.0700495 0.0
1.00564 0.0657338 0.0
1.00567 0.0614323 0.0
1.00571 0.0571475 0.0
1.00575 0.0528819 0.0
1.00579 0.0486377 0.0
1.00583 0.0444172 0.0
1.00586 0.0402224 0.0
1.0059 0.0360552 0.0
1.00594 0.0319177 0.0
1.00598 0.0278115 0.0
1.00602 0.0237386 0.0
1.00606 0.0197007 0.0
1.0061 0.0156997 0.0
1.00614 0.0117374 0.0
1.00618 0.0078157 0.0
1.00623 0.00393654 0.0
1.00627 0.000101736 0.0
1.00632 -0.00368837 0.0
1.00637 -0.00743387 0.0
1.00643 -0.0111344 0.0
1.00648 -0.0147893 0.0
1.00654 -0.0183973 0.0
1.0066 -0.0219572 0.0
1.00666 -0.0254671 0.0
1.00673 -0.0289252 0.0
1.00679 -0.0323293 0.0
1.00687 -0.035677 0.0
1.00694 -0.0389657 0.0
1.00702 -0.0421927 0.0
1.0071 -0.0453549 0.0
1.00718 -0.0484492 0.0
1.00726 -0.0514725 0.0
1.00735 -0.0544211 0.0
1.00744 -0.0572916 0.0
1.00754 -0.0600804 0.0
1.00763 -0.0627837 0.0
1.00773 -0.0653976 0.0
1.00783 -0.0679184 0.0
1.00793 -0.0703421 0.0
1.00804 -0.0726649 0.0
1.00814 -0.0748828 0.0
1.00825 -0.076992 0.0
1.00836 -0.0789887 0.0
1.00847 -0.0808691 0.0
1.00858 -0.0826295 0.0
1.0087 -0.0842664 0.0
1.00881 -0.0857765 0.0
1.00892 -0.0871563 0.0
1.00904 -0.0884028 0.0
1.00915 -0.0895131 0.0
1.00927 -0.0904844 0.0
1.00938 -0.0913142 0.0
1.00949 -0.092 0.0
1.0096 -0.09254 0.0
1.00972 -0.0929321 0.0
1.00982 -0.0931749 0.0
1.00993 -0.0932669 0.0
1.01004 -0.0932071 0.0
1.01014 -0.0929948 0.0
1.01025 -0.0926294 0.0
1.01035 -0.0921107 0.0
1.01044 -0.0914388 0.0
1.01054 -0.0906141 0.0
1.01063 -0.0896371 0.0
1.01072 -0.0885088 0.0
1.01081 -0.0872305 0.0
1.01089 -0.0858038 0.0
1.01097 -0.0842303 0.0
1.01105 -0.0825123 0.0
1.01113 -0.0806521 0.0
1.0112 -0.0786524 0.0
1.01126 -0.0765162 0.0
1.01133 -0.0742466 0.0
1.01139 -0.071847 0.0
1.01145 -0.0693213 0.0
1.0115 -0.0666733 0.0
1.01155 -0.0639071 0.0
1.01159 -0.0610273 0.0
1.01164 -0.0580382 0.0
1.01167 -0.0549447 0.0
1.01171 -0.0517515 0.0
1.01174 -0.0484637 0.0
1.01177 -0.0450862 0.0
1.01179 -0.0416241 0.0
1.01181 -0.0380825 0.0
1.01183 -0.0344662 0.0
1.01184 -0.03078 0.0
1.01185 -0.0270285 0.0
1.01185 -0.0232161 0.0
1.01185 -0.0193491 0.0
1.01185 -0.0154582 0.0
1.01185 -0.011848 0.0
SCALARS vorticity double
LOOKUP_TABLE default
-0.205695 -0.411804 -0.412652 -0.413534 -0.414446 -0.415382 -0.416337 -0.4173 -0.418262 -0.419213 -0.42014 -0.421027 -0.421861 -0.422625 -0.4233 -0.423868 -0.42431 -0.424605 -0.424731 -0.424667 -0.42439 -0.423879 -0.423111 -0.422064 -0.420716 -0.419046 -0.417035 -0.414663 -0.411914 -0.408772 -0.405222 -0.401255 -0.396861 -0.392033 -0.386769 -0.381068 -0.374932 -0.368367 -0.361382 -0.353989 -0.346203 -0.338042 -0.329525 -0.320677 -0.311522 -0.302088 -0.292402 -0.282496 -0.272398 -0.262141 -0.251754 -0.24127 -0.230716 -0.220123 -0.209518 -0.198926 -0.188371 -0.177875 -0.167458 -0.157136 -0.146924 -0.136835 -0.126879 -0.117063 -0.107391 -0.0978679 -0.0884929 -0.0792648 -0.0701805 -0.0612348 -0.052421 -0.043731 -0.0351553 -0.0266835 -0.0183041 -0.0100049 -0.00177316 0.00640432 0.0145409 0.0226501 0.0307451 0.038839 0.0469444 0.055073 0.0632361 0.0714437 0.0797048 0.0880271 0.0964169 0.104879 0.113416 0.122029 0.130719 0.139481 0.148311 0.157203 0.166146 0.175131 0.184143 0.193168 0.202186 0.211178 0.220124 0.228998 0.237776 0.24643 0.254933 0.263253 0.271361 0.279223 0.286806 0.294076 0.300998 0.307535 0.31365 0.319304 0.32446 0.329113 0.333472 0.33766 0.341539 0.344977 0.347862 0.350095 0.351595 0.352288 0.352116 0.351029 0.348988 0.345967 0.341945 0.336914 0.330873 0.323832 0.315806 0.30682 0.296904 0.286095 0.274437 0.261977 0.248768 0.234867 0.220333 0.205228 0.189618 0.173568 0.157145 0.140416 0.123448 0.106306 0.0890562 0.0717614 0.0544831 0.0372801 0.0202089 0.00332279 -0.0133279 -0.0296962 -0.0457389 -0.0614161 -0.0766918 -0.0915337 -0.105913 -0.119805 -0.133189 -0.146047 -0.158366 -0.170133 -0.181343 -0.191991 -0.202075 -0.211596 -0.220559 -0.22897 -0.236837 -0.244171 -0.250982 -0.257285 -0.263094 -0.268426 -0.273296 -0.277722 -0.281723 -0.285316 -0.28852 -0.291354 -0.293836 -0.295984 -0.297817 -0.299351 -0.300603 -0.301588 -0.302322 -0.302815 -0.303077 -0.303103 -0.302786 -0.300951 -0.284656 -0.110532 
-0.205643 -0.411689 -0.412503 -0.413337 -0.414189 -0.415059 -0.415944 -0.416841 -0.417747 -0.41866 -0.419575 -0.420487 -0.421392 -0.422283 -0.423156 -0.424002 -0.424817 -0.425592 -0.42632 -0.426994 -0.427606 -0.428148 -0.428613 -0.428992 -0.42928 -0.429467 -0.429548 -0.429515 -0.429363 -0.429085 -0.428678 -0.428135 -0.427455 -0.426632 -0.425666 -0.424554 -0.423295 -0.421891 -0.420341 -0.418647 -0.416811 -0.414837 -0.412727 -0.410487 -0.408121 -0.405634 -0.403032 -0.400321 -0.397507 -0.394597 -0.391596 -0.388512 -0.38535 -0.382116 -0.378818 -0.375459 -0.372045 -0.368581 -0.365071 -0.36152 -0.35793 -0.354303 -0.350643 -0.346951 -0.343227 -0.339472 -0.335686 -0.331869 -0.328018 -0.324133 -0.32021 -0.316247 -0.312241 -0.308188 -0.304082 -0.299921 -0.295698 -0.291408 -0.287045 -0.282603 -0.278075 -0.273454 -0.268734 -0.263906 -0.258964 -0.253899 -0.248702 -0.243367 -0.237885 -0.232247 -0.226445 -0.220472 -0.214317 -0.207975 -0.201436 -0.194693 -0.187738 -0.180566 -0.173168 -0.16554 -0.157675 -0.149569 -0.141219 -0.132621 -0.123774 -0.114677 -0.105331 -0.0957372 -0.0859007 -0.075827 -0.0655238 -0.0550013 -0.0442721 -0.0333516 -0.0222583 -0.0110136 0.000360995 0.0118747 0.0237462 0.0361116 0.048831 0.061751 0.0747218 0.0875984 0.100242 0.112518 0.124302 0.135475 0.14593 0.155568 0.164303 0.172058 0.178771 0.184388 0.18887 0.192189 0.194331 0.195289 0.19507 0.193691 0.191178 0.187565 0.182895 0.177217 0.170588 0.163068 0.154722 0.145618 0.135828 0.125425 0.114482 0.103073 0.0912712 0.0791492 0.0667776 0.0542248 0.0415569 0.0288369 0.0161244 0.00347577 -0.00905646 -0.0214236 -0.033581 -0.0454878 -0.0571074 -0.0684071 -0.079358 -0.0899352 -0.100118 -0.109887 -0.11923 -0.128136 -0.136595 -0.144604 -0.15216 -0.159263 -0.165914 -0.172119 -0.177883 -0.183215 -0.188121 -0.192614 -0.196704 -0.200404 -0.203724 -0.20668 -0.209284 -0.211549 -0.213491 -0.215121 -0.216454 -0.217503 -0.21828 -0.218799 -0.21907 -0.219093 -0.218775 -0.216959 -0.200707 -0.0263881 
-0.205579 -0.411559 -0.41237 -0.413197 -0.414038 -0.414893 -0.41576 -0.416637 -0.417522 -0.418414 -0.419311 -0.42021 -0.42111 -0.422008 -0.422901 -0.423787 -0.424663 -0.425525 -0.426372 -0.427199 -0.428003 -0.428782 -0.429531 -0.430249 -0.430931 -0.431574 -0.432176 -0.432734 -0.433245 -0.433706 -0.434115 -0.434471 -0.43477 -0.435011 -0.435193 -0.435314 -0.435373 -0.43537 -0.435304 -0.435173 -0.43498 -0.434722 -0.4344 -0.434015 -0.433568 -0.433058 -0.432487 -0.431855 -0.431164 -0.430414 -0.429607 -0.428743 -0.427824 -0.426851 -0.425825 -0.424747 -0.423618 -0.422439 -0.42121 -0.419933 -0.418607 -0.417235 -0.415815 -0.414349 -0.412837 -0.411277 -0.409671 -0.408018 -0.406318 -0.40457 -0.402773 -0.400926 -0.399028 -0.397078 -0.395074 -0.393015 -0.390899 -0.388723 -0.386485 -0.384182 -0.381812 -0.379372 -0.376857 -0.374265 -0.371592 -0.368833 -0.365983 -0.363038 -0.359992 -0.35684 -0.353576 -0.350193 -0.346684 -0.343043 -0.339262 -0.335332 -0.331245 -0.326993 -0.322565 -0.317953 -0.313146 -0.308134 -0.302905 -0.297449 -0.291754 -0.285809 -0.279602 -0.273121 -0.266356 -0.259294 -0.251925 -0.244239 -0.236226 -0.227879 -0.219191 -0.210156 -0.200767 -0.190991 -0.180598 -0.169416 -0.1575 -0.144922 -0.131762 -0.118108 -0.104059 -0.0897182 -0.0751968 -0.0606098 -0.0460748 -0.0317098 -0.0176321 -0.00395564 0.00921036 0.0217629 0.0336069 0.0446561 0.0548342 0.0640759 0.0723271 0.0795452 0.0856996 0.0907711 0.0947518 0.097645 0.0994637 0.100231 0.0999779 0.098744 0.0965752 0.0935235 0.0896457 0.0850025 0.0796576 0.0736769 0.0671275 0.0600771 0.0525928 0.0447412 0.0365872 0.0281938 0.0196214 0.0109279 0.00216774 -0.00660766 -0.0153506 -0.0240168 -0.032566 -0.0409615 -0.0491702 -0.0571629 -0.0649137 -0.0724004 -0.0796041 -0.0865089 -0.0931021 -0.0993736 -0.105316 -0.110925 -0.116197 -0.121132 -0.125731 -0.129997 -0.133934 -0.137548 -0.140845 -0.143834 -0.146522 -0.148918 -0.151032 -0.152875 -0.154456 -0.155786 -0.156875 -0.157735 -0.158374 -0.158794 -0.158898 -0.157528 -0.141676 0.0327993 
-0.205495 -0.411391 -0.412199 -0.413023 -0.41386 -0.414711 -0.415572 -0.416442 -0.41732 -0.418204 -0.419093 -0.419984 -0.420876 -0.421768 -0.422658 -0.423544 -0.424424 -0.425296 -0.426159 -0.427011 -0.42785 -0.428674 -0.429482 -0.430271 -0.431039 -0.431786 -0.432508 -0.433206 -0.433876 -0.434517 -0.435128 -0.435707 -0.436254 -0.436766 -0.437243 -0.437683 -0.438085 -0.438449 -0.438774 -0.439058 -0.439302 -0.439504 -0.439664 -0.439782 -0.439856 -0.439888 -0.439876 -0.439821 -0.439722 -0.43958 -0.439394 -0.439164 -0.438891 -0.438574 -0.438214 -0.437811 -0.437365 -0.436877 -0.436347 -0.435775 -0.435161 -0.434506 -0.43381 -0.433073 -0.432296 -0.431479 -0.430622 -0.429725 -0.428789 -0.427813 -0.426799 -0.425745 -0.424652 -0.42352 -0.422348 -0.421137 -0.419887 -0.418596 -0.417264 -0.415892 -0.414478 -0.413021 -0.41152 -0.409974 -0.408383 -0.406743 -0.405054 -0.403314 -0.401521 -0.399671 -0.397763 -0.395793 -0.393757 -0.391652 -0.389475 -0.387219 -0.38488 -0.382453 -0.379932 -0.377309 -0.374578 -0.371731 -0.368759 -0.365653 -0.362404 -0.359001 -0.355433 -0.351688 -0.347753 -0.343615 -0.33926 -0.334674 -0.329842 -0.324749 -0.319378 -0.313715 -0.30774 -0.301412 -0.294553 -0.287017 -0.2788 -0.2699 -0.260324 -0.250086 -0.239214 -0.227743 -0.21572 -0.203205 -0.190264 -0.176975 -0.163424 -0.149701 -0.135903 -0.12213 -0.108483 -0.0950626 -0.0819672 -0.0692916 -0.0571252 -0.0455503 -0.0346417 -0.0244652 -0.015077 -0.00652303 0.0011608 0.00794917 0.0138269 0.0187889 0.0228393 0.0259911 0.0282654 0.0296908 0.030302 0.0301396 0.0292486 0.027678 0.0254795 0.0227071 0.019416 0.015662 0.0115007 0.00698731 0.00217552 -0.00288246 -0.00813651 -0.0135389 -0.0190444 -0.0246109 -0.0301989 -0.0357722 -0.0412978 -0.0467455 -0.0520884 -0.0573027 -0.0623674 -0.0672645 -0.0719784 -0.0764965 -0.0808083 -0.0849056 -0.0887824 -0.0924346 -0.0958598 -0.0990571 -0.102027 -0.104772 -0.107295 -0.1096 -0.111692 -0.113576 -0.115259 -0.116747 -0.118048 -0.11917 -0.120118 -0.120893 -0.121394 -0.12045 -0.10498 0.0696851 
-0.20539 -0.411178 -0.411984 -0.412805 -0.41364 -0.414487 -0.415344 -0.416211 -0.417085 -0.417964 -0.418848 -0.419734 -0.420621 -0.421508 -0.422393 -0.423274 -0.424149 -0.425018 -0.42588 -0.426731 -0.427571 -0.428399 -0.429213 -0.430011 -0.430793 -0.431557 -0.432301 -0.433024 -0.433725 -0.434403 -0.435056 -0.435683 -0.436283 -0.436855 -0.437398 -0.437911 -0.438393 -0.438842 -0.439259 -0.439641 -0.439989 -0.440302 -0.440578 -0.440818 -0.44102 -0.441185 -0.441311 -0.441398 -0.441447 -0.441456 -0.441426 -0.441357 -0.441248 -0.441099 -0.44091 -0.440683 -0.440416 -0.44011 -0.439765 -0.439382 -0.438962 -0.438503 -0.438007 -0.437475 -0.436907 -0.436303 -0.435664 -0.43499 -0.434283 -0.433542 -0.432768 -0.431963 -0.431126 -0.430258 -0.42936 -0.428433 -0.427476 -0.426491 -0.425478 -0.424437 -0.423369 -0.422274 -0.421153 -0.420006 -0.418833 -0.417634 -0.416409 -0.415158 -0.413881 -0.412578 -0.411247 -0.409889 -0.408502 -0.407086 -0.405638 -0.404157 -0.402642 -0.40109 -0.399499 -0.397865 -0.396185 -0.394456 -0.392673 -0.390831 -0.388924 -0.386947 -0.384892 -0.382752 -0.380519 -0.378183 -0.375734 -0.373162 -0.370455 -0.367599 -0.364582 -0.361389 -0.358001 -0.354381 -0.350416 -0.346011 -0.341141 -0.335774 -0.329885 -0.32345 -0.316452 -0.308879 -0.300727 -0.292001 -0.282715 -0.27289 -0.26256 -0.251766 -0.240561 -0.229003 -0.21716 -0.205106 -0.192918 -0.180679 -0.168473 -0.156385 -0.144497 -0.132891 -0.121643 -0.110825 -0.100502 -0.0907315 -0.0815649 -0.0730436 -0.0652012 -0.0580623 -0.0516434 -0.0459524 -0.0409894 -0.0367472 -0.0332117 -0.0303629 -0.0281751 -0.0266184 -0.0256586 -0.0252585 -0.0253785 -0.0259774 -0.0270126 -0.0284413 -0.0302206 -0.0323081 -0.0346625 -0.0372437 -0.0400131 -0.0429343 -0.0459728 -0.0490962 -0.0522746 -0.0554804 -0.0586885 -0.0618761 -0.0650229 -0.0681109 -0.0711241 -0.0740491 -0.0768742 -0.0795897 -0.0821877 -0.0846621 -0.0870082 -0.0892228 -0.091304 -0.0932509 -0.095064 -0.0967444 -0.0982942 -0.0997161 -0.101014 -0.102191 -0.103251 -0.104189 -0.104903 -0.104208 -0.088953 0.0859244 
-0.205259 -0.410915 -0.411718 -0.412536 -0.413368 -0.414211 -0.415066 -0.415929 -0.416799 -0.417674 -0.418554 -0.419435 -0.420318 -0.421199 -0.422079 -0.422954 -0.423824 -0.424688 -0.425543 -0.426389 -0.427224 -0.428046 -0.428855 -0.429649 -0.430426 -0.431186 -0.431927 -0.432648 -0.433348 -0.434025 -0.434679 -0.435307 -0.43591 -0.436486 -0.437035 -0.437554 -0.438043 -0.438501 -0.438927 -0.43932 -0.43968 -0.440005 -0.440295 -0.440549 -0.440767 -0.440947 -0.441091 -0.441196 -0.441262 -0.44129 -0.441279 -0.44123 -0.441141 -0.441013 -0.440845 -0.440639 -0.440395 -0.440112 -0.439791 -0.439432 -0.439036 -0.438604 -0.438136 -0.437632 -0.437093 -0.43652 -0.435914 -0.435275 -0.434605 -0.433904 -0.433172 -0.432412 -0.431623 -0.430807 -0.429964 -0.429096 -0.428204 -0.427289 -0.426351 -0.425391 -0.424411 -0.423412 -0.422394 -0.421359 -0.420307 -0.419239 -0.418157 -0.417061 -0.415951 -0.41483 -0.413697 -0.412552 -0.411398 -0.410233 -0.409058 -0.407875 -0.406681 -0.405478 -0.404265 -0.403042 -0.401808 -0.400562 -0.399302 -0.398028 -0.396736 -0.395424 -0.39409 -0.39273 -0.39134 -0.389915 -0.38845 -0.386938 -0.385374 -0.383748 -0.382052 -0.380278 -0.378411 -0.376423 -0.374249 -0.371839 -0.369166 -0.366201 -0.362913 -0.359273 -0.35525 -0.350815 -0.345944 -0.340613 -0.334806 -0.328509 -0.321718 -0.314434 -0.306665 -0.298429 -0.289752 -0.280666 -0.271212 -0.261439 -0.2514 -0.241154 -0.230766 -0.220302 -0.209829 -0.199417 -0.189132 -0.17904 -0.169203 -0.159679 -0.150522 -0.141777 -0.133486 -0.125684 -0.118398 -0.111648 -0.105448 -0.0998072 -0.0947258 -0.0901997 -0.0862195 -0.0827711 -0.0798361 -0.0773929 -0.0754168 -0.0738806 -0.0727556 -0.0720116 -0.0716179 -0.0715431 -0.0717562 -0.0722265 -0.0729239 -0.0738196 -0.0748858 -0.0760961 -0.0774258 -0.0788517 -0.0803523 -0.0819079 -0.0835005 -0.0851139 -0.0867335 -0.0883465 -0.0899415 -0.0915088 -0.09304 -0.0945282 -0.0959675 -0.0973535 -0.0986827 -0.0999525 -0.101161 -0.102309 -0.103394 -0.104418 -0.105381 -0.106275 -0.106993 -0.106341 -0.0911069 0.0839844 
-0.205098 -0.410591 -0.411391 -0.412206 -0.413034 -0.413874 -0.414725 -0.415584 -0.41645 -0.417321 -0.418196 -0.419073 -0.41995 -0.420826 -0.4217 -0.422569 -0.423433 -0.424289 -0.425138 -0.425976 -0.426803 -0.427617 -0.428417 -0.429202 -0.429971 -0.430721 -0.431452 -0.432163 -0.432852 -0.433518 -0.434161 -0.434778 -0.435369 -0.435933 -0.436468 -0.436974 -0.43745 -0.437894 -0.438305 -0.438683 -0.439027 -0.439336 -0.439609 -0.439846 -0.440045 -0.440206 -0.440329 -0.440414 -0.440459 -0.440464 -0.44043 -0.440356 -0.440242 -0.440088 -0.439894 -0.43966 -0.439387 -0.439075 -0.438725 -0.438336 -0.437909 -0.437446 -0.436946 -0.43641 -0.43584 -0.435235 -0.434597 -0.433927 -0.433225 -0.432493 -0.431731 -0.430941 -0.430124 -0.42928 -0.428411 -0.427519 -0.426603 -0.425666 -0.424709 -0.423733 -0.422739 -0.421729 -0.420703 -0.419663 -0.418611 -0.417547 -0.416474 -0.415391 -0.414302 -0.413206 -0.412105 -0.411001 -0.409895 -0.408787 -0.40768 -0.406574 -0.40547 -0.40437 -0.403275 -0.402185 -0.4011 -0.400023 -0.398953 -0.39789 -0.396836 -0.395788 -0.394748 -0.393714 -0.392685 -0.39166 -0.390637 -0.389612 -0.388584 -0.387548 -0.386499 -0.385433 -0.384343 -0.383206 -0.381989 -0.380667 -0.379223 -0.377635 -0.375882 -0.373939 -0.37178 -0.369378 -0.366707 -0.36374 -0.36045 -0.356813 -0.352806 -0.348412 -0.343616 -0.338408 -0.332784 -0.326746 -0.320303 -0.313469 -0.306266 -0.298721 -0.290869 -0.282748 -0.274404 -0.265884 -0.257238 -0.24852 -0.239783 -0.231082 -0.222468 -0.213994 -0.205706 -0.197649 -0.189864 -0.182386 -0.175248 -0.168474 -0.162085 -0.156098 -0.150523 -0.145366 -0.140628 -0.136306 -0.132395 -0.128884 -0.125761 -0.123011 -0.120615 -0.118556 -0.116813 -0.115365 -0.114191 -0.11327 -0.112579 -0.112098 -0.111805 -0.111682 -0.111709 -0.111868 -0.112142 -0.112515 -0.112972 -0.1135 -0.114087 -0.114722 -0.115394 -0.116094 -0.116815 -0.11755 -0.118292 -0.119038 -0.119782 -0.120522 -0.121255 -0.121978 -0.122689 -0.123378 -0.123934 -0.123153 -0.10778 0.0675193 
-0.204901 -0.410196 -0.410992 -0.411803 -0.412628 -0.413464 -0.414311 -0.415165 -0.416026 -0.416892 -0.417762 -0.418633 -0.419504 -0.420374 -0.421241 -0.422103 -0.42296 -0.423808 -0.424648 -0.425478 -0.426295 -0.427099 -0.427889 -0.428663 -0.429419 -0.430157 -0.430875 -0.431572 -0.432247 -0.432898 -0.433525 -0.434125 -0.434698 -0.435243 -0.435759 -0.436245 -0.436698 -0.43712 -0.437507 -0.437861 -0.438178 -0.43846 -0.438704 -0.438911 -0.439079 -0.439207 -0.439296 -0.439345 -0.439353 -0.43932 -0.439246 -0.43913 -0.438973 -0.438775 -0.438536 -0.438256 -0.437935 -0.437573 -0.437172 -0.436731 -0.436252 -0.435735 -0.43518 -0.434589 -0.433962 -0.4333 -0.432604 -0.431876 -0.431115 -0.430324 -0.429503 -0.428653 -0.427776 -0.426873 -0.425945 -0.424994 -0.42402 -0.423025 -0.42201 -0.420977 -0.419927 -0.418862 -0.417783 -0.416691 -0.415588 -0.414476 -0.413355 -0.412228 -0.411095 -0.409959 -0.408822 -0.407683 -0.406546 -0.405412 -0.404283 -0.403159 -0.402044 -0.400938 -0.399843 -0.398761 -0.397693 -0.396641 -0.395607 -0.394592 -0.393597 -0.392624 -0.391674 -0.390747 -0.389844 -0.388965 -0.388111 -0.387282 -0.386475 -0.385691 -0.384928 -0.384183 -0.383452 -0.382721 -0.38197 -0.381188 -0.380367 -0.379494 -0.378554 -0.377533 -0.376413 -0.375174 -0.373796 -0.372258 -0.370537 -0.368609 -0.366451 -0.364042 -0.361359 -0.358382 -0.355095 -0.351483 -0.347537 -0.34325 -0.33862 -0.333653 -0.328356 -0.322744 -0.316836 -0.310656 -0.304234 -0.2976 -0.290791 -0.283846 -0.276805 -0.269708 -0.262597 -0.255513 -0.248496 -0.241585 -0.234814 -0.228216 -0.221821 -0.215656 -0.209742 -0.204098 -0.198738 -0.193675 -0.188916 -0.184465 -0.180322 -0.176487 -0.172954 -0.169718 -0.166769 -0.164098 -0.161692 -0.15954 -0.157627 -0.15594 -0.154464 -0.153185 -0.152089 -0.151162 -0.15039 -0.14976 -0.149259 -0.148876 -0.148598 -0.148417 -0.148321 -0.148302 -0.148352 -0.148462 -0.148627 -0.14884 -0.149095 -0.149388 -0.149715 -0.150073 -0.150456 -0.150852 -0.151149 -0.150135 -0.134522 0.0409898 
-0.204661 -0.409715 -0.410508 -0.411315 -0.412136 -0.412968 -0.413809 -0.414659 -0.415514 -0.416375 -0.417238 -0.418102 -0.418967 -0.419829 -0.420688 -0.421542 -0.42239 -0.423229 -0.424059 -0.424878 -0.425684 -0.426477 -0.427254 -0.428014 -0.428757 -0.42948 -0.430182 -0.430863 -0.43152 -0.432152 -0.432759 -0.433339 -0.43389 -0.434413 -0.434904 -0.435364 -0.435791 -0.436184 -0.436542 -0.436864 -0.43715 -0.437397 -0.437606 -0.437775 -0.437903 -0.437991 -0.438038 -0.438042 -0.438004 -0.437923 -0.437799 -0.437633 -0.437423 -0.43717 -0.436874 -0.436536 -0.436155 -0.435732 -0.435268 -0.434764 -0.434219 -0.433635 -0.433012 -0.432352 -0.431655 -0.430922 -0.430154 -0.429352 -0.428518 -0.427653 -0.426757 -0.425832 -0.424879 -0.423899 -0.422895 -0.421867 -0.420816 -0.419744 -0.418652 -0.417543 -0.416416 -0.415275 -0.414119 -0.412951 -0.411773 -0.410585 -0.40939 -0.408189 -0.406983 -0.405775 -0.404565 -0.403356 -0.40215 -0.400948 -0.399752 -0.398565 -0.397387 -0.396222 -0.395071 -0.393936 -0.39282 -0.391726 -0.390654 -0.389607 -0.388589 -0.3876 -0.386642 -0.385719 -0.384831 -0.383979 -0.383167 -0.382393 -0.38166 -0.380967 -0.380314 -0.379701 -0.379126 -0.378576 -0.378041 -0.377516 -0.376997 -0.376476 -0.375946 -0.375398 -0.374821 -0.374203 -0.373532 -0.372792 -0.371968 -0.371042 -0.369995 -0.36881 -0.367466 -0.365945 -0.364226 -0.362293 -0.360127 -0.357716 -0.355046 -0.352108 -0.348896 -0.345408 -0.341646 -0.337616 -0.333326 -0.328792 -0.324029 -0.31906 -0.313908 -0.3086 -0.303164 -0.29763 -0.29203 -0.286394 -0.280754 -0.27514 -0.269581 -0.264105 -0.258737 -0.2535 -0.248415 -0.243501 -0.238773 -0.234244 -0.229923 -0.225819 -0.221936 -0.218277 -0.214844 -0.211635 -0.208646 -0.205874 -0.203314 -0.200957 -0.198797 -0.196826 -0.195035 -0.193415 -0.191957 -0.19065 -0.189488 -0.188459 -0.187556 -0.186769 -0.186091 -0.185514 -0.185031 -0.184634 -0.184318 -0.184075 -0.183902 -0.183792 -0.183741 -0.183744 -0.183798 -0.183888 -0.183901 -0.182616 -0.166724 0.00902316 
-0.204371 -0.409133 -0.409922 -0.410725 -0.411541 -0.412368 -0.413205 -0.414048 -0.414898 -0.415751 -0.416608 -0.417465 -0.418321 -0.419175 -0.420025 -0.420869 -0.421706 -0.422534 -0.423353 -0.424159 -0.424952 -0.425731 -0.426493 -0.427238 -0.427964 -0.42867 -0.429354 -0.430014 -0.430651 -0.431262 -0.431845 -0.432401 -0.432927 -0.433422 -0.433885 -0.434314 -0.43471 -0.43507 -0.435393 -0.435678 -0.435925 -0.436132 -0.436299 -0.436424 -0.436507 -0.436546 -0.436543 -0.436495 -0.436403 -0.436266 -0.436085 -0.435858 -0.435586 -0.435269 -0.434907 -0.434501 -0.434051 -0.433557 -0.43302 -0.432441 -0.43182 -0.431159 -0.430457 -0.429717 -0.428938 -0.428123 -0.427271 -0.426385 -0.425466 -0.424514 -0.423531 -0.422518 -0.421477 -0.420409 -0.419315 -0.418197 -0.417056 -0.415893 -0.414711 -0.41351 -0.412291 -0.411057 -0.409809 -0.408549 -0.407276 -0.405995 -0.404705 -0.403408 -0.402107 -0.400802 -0.399496 -0.39819 -0.396886 -0.395586 -0.394293 -0.393007 -0.391732 -0.390471 -0.389225 -0.387997 -0.38679 -0.385607 -0.384451 -0.383324 -0.382231 -0.381173 -0.380154 -0.379176 -0.378243 -0.377357 -0.37652 -0.375734 -0.375002 -0.374323 -0.3737 -0.373133 -0.372619 -0.37215 -0.371715 -0.371315 -0.370945 -0.370602 -0.370283 -0.369982 -0.369692 -0.369408 -0.36912 -0.368819 -0.368496 -0.368138 -0.367734 -0.367268 -0.366727 -0.366095 -0.365357 -0.364496 -0.363496 -0.362341 -0.361018 -0.359511 -0.35781 -0.355905 -0.353787 -0.351452 -0.348898 -0.346126 -0.343139 -0.339945 -0.336554 -0.332979 -0.329236 -0.325341 -0.321316 -0.31718 -0.312957 -0.308669 -0.30434 -0.299992 -0.295649 -0.291332 -0.287062 -0.282858 -0.278738 -0.274717 -0.27081 -0.26703 -0.263386 -0.259886 -0.256539 -0.253348 -0.250317 -0.247448 -0.24474 -0.242195 -0.239809 -0.237579 -0.235503 -0.233576 -0.231793 -0.230148 -0.228637 -0.227254 -0.225993 -0.224847 -0.223812 -0.222881 -0.222049 -0.221309 -0.220658 -0.220089 -0.219599 -0.219182 -0.218835 -0.218553 -0.218331 -0.218157 -0.217915 -0.21638 -0.200218 -0.024191 
-0.204022 -0.408432 -0.409217 -0.410016 -0.410827 -0.411649 -0.412479 -0.413316 -0.414159 -0.415005 -0.415853 -0.416701 -0.417548 -0.418392 -0.419232 -0.420065 -0.42089 -0.421705 -0.42251 -0.423302 -0.42408 -0.424842 -0.425588 -0.426314 -0.427021 -0.427706 -0.428368 -0.429006 -0.429619 -0.430204 -0.430761 -0.431288 -0.431784 -0.432247 -0.432677 -0.433072 -0.43343 -0.433752 -0.434034 -0.434277 -0.43448 -0.43464 -0.434758 -0.434832 -0.434861 -0.434846 -0.434784 -0.434677 -0.434522 -0.434321 -0.434072 -0.433776 -0.433433 -0.433043 -0.432605 -0.432122 -0.431592 -0.431017 -0.430397 -0.429733 -0.429025 -0.428276 -0.427484 -0.426653 -0.425782 -0.424873 -0.423927 -0.422945 -0.421928 -0.420878 -0.419797 -0.418685 -0.417543 -0.416374 -0.415178 -0.413957 -0.412713 -0.411446 -0.410158 -0.408851 -0.407526 -0.406183 -0.404825 -0.403453 -0.402068 -0.400672 -0.399266 -0.397851 -0.396429 -0.395001 -0.39357 -0.392136 -0.390702 -0.389271 -0.387843 -0.386422 -0.385011 -0.383612 -0.382228 -0.380862 -0.379519 -0.378201 -0.376913 -0.375659 -0.374442 -0.373268 -0.372139 -0.37106 -0.370035 -0.369067 -0.368161 -0.367318 -0.366542 -0.365836 -0.3652 -0.364636 -0.364143 -0.363709 -0.363327 -0.362996 -0.362713 -0.362476 -0.362283 -0.362132 -0.362016 -0.361934 -0.361878 -0.361843 -0.361822 -0.361808 -0.361791 -0.361763 -0.361713 -0.361629 -0.361501 -0.361314 -0.361057 -0.360716 -0.360278 -0.359729 -0.359058 -0.358252 -0.357301 -0.356195 -0.354927 -0.353491 -0.351883 -0.350103 -0.34815 -0.346029 -0.343744 -0.341304 -0.338718 -0.335998 -0.333157 -0.330211 -0.327173 -0.324062 -0.320894 -0.317685 -0.314454 -0.311216 -0.307988 -0.304785 -0.30162 -0.298508 -0.295459 -0.292485 -0.289595 -0.286797 -0.284098 -0.281502 -0.279015 -0.276639 -0.274377 -0.27223 -0.270197 -0.268279 -0.266473 -0.26478 -0.263195 -0.261716 -0.260341 -0.259066 -0.257888 -0.256802 -0.255806 -0.254895 -0.254065 -0.253314 -0.252637 -0.252032 -0.251494 -0.25102 -0.250606 -0.250239 -0.249804 -0.248072 -0.231681 -0.055313 
-0.203603 -0.407593 -0.408374 -0.409168 -0.409973 -0.410789 -0.411612 -0.412442 -0.413277 -0.414115 -0.414953 -0.415792 -0.416628 -0.417461 -0.418288 -0.419108 -0.41992 -0.420721 -0.42151 -0.422285 -0.423045 -0.423789 -0.424514 -0.42522 -0.425904 -0.426566 -0.427203 -0.427815 -0.428399 -0.428955 -0.429481 -0.429975 -0.430436 -0.430863 -0.431255 -0.431609 -0.431926 -0.432202 -0.432438 -0.432632 -0.432783 -0.43289 -0.432951 -0.432967 -0.432935 -0.432856 -0.432728 -0.432552 -0.432326 -0.432051 -0.431726 -0.431351 -0.430927 -0.430453 -0.42993 -0.429358 -0.428738 -0.42807 -0.427356 -0.426595 -0.42579 -0.424941 -0.424048 -0.423114 -0.422139 -0.421124 -0.420071 -0.418982 -0.417856 -0.416696 -0.415503 -0.414279 -0.413024 -0.41174 -0.410429 -0.409091 -0.407728 -0.406341 -0.404931 -0.4035 -0.402048 -0.400577 -0.399088 -0.397581 -0.396057 -0.394519 -0.392966 -0.3914 -0.389823 -0.388234 -0.386637 -0.385033 -0.383424 -0.381811 -0.380198 -0.378587 -0.376982 -0.375386 -0.373803 -0.372237 -0.370693 -0.369176 -0.367691 -0.366244 -0.36484 -0.363486 -0.362186 -0.360946 -0.359774 -0.358672 -0.357647 -0.356704 -0.355845 -0.355075 -0.354396 -0.35381 -0.353315 -0.352899 -0.352552 -0.352271 -0.352056 -0.351905 -0.351816 -0.351786 -0.351812 -0.351891 -0.352017 -0.352187 -0.352395 -0.352635 -0.352901 -0.353185 -0.353479 -0.353777 -0.354067 -0.354341 -0.354588 -0.354799 -0.354962 -0.355066 -0.3551 -0.355054 -0.354916 -0.354678 -0.354329 -0.353862 -0.35327 -0.352548 -0.351691 -0.350698 -0.349567 -0.3483 -0.3469 -0.345371 -0.34372 -0.341954 -0.340083 -0.338115 -0.336062 -0.333936 -0.331749 -0.329513 -0.327241 -0.324945 -0.322636 -0.320328 -0.318029 -0.315751 -0.313504 -0.311295 -0.309133 -0.307025 -0.304976 -0.302991 -0.301076 -0.299232 -0.297463 -0.295772 -0.294158 -0.292622 -0.291165 -0.289787 -0.288485 -0.287261 -0.28611 -0.285033 -0.284027 -0.283091 -0.28222 -0.281415 -0.280671 -0.279988 -0.279362 -0.278791 -0.278272 -0.277792 -0.277236 -0.275371 -0.258804 -0.0820225 
-0.203104 -0.406593 -0.407369 -0.408158 -0.408957 -0.409766 -0.410582 -0.411404 -0.41223 -0.413058 -0.413887 -0.414714 -0.415538 -0.416358 -0.417171 -0.417977 -0.418772 -0.419557 -0.420328 -0.421084 -0.421824 -0.422547 -0.423249 -0.423931 -0.42459 -0.425224 -0.425833 -0.426414 -0.426966 -0.427488 -0.427978 -0.428435 -0.428857 -0.429242 -0.429589 -0.429898 -0.430165 -0.430391 -0.430573 -0.430711 -0.430804 -0.430849 -0.430846 -0.430795 -0.430693 -0.430541 -0.430338 -0.430083 -0.429776 -0.429417 -0.429005 -0.428541 -0.428024 -0.427456 -0.426835 -0.426164 -0.425442 -0.42467 -0.423849 -0.42298 -0.422065 -0.421103 -0.420097 -0.419047 -0.417956 -0.416823 -0.41565 -0.414439 -0.413191 -0.411907 -0.410589 -0.409237 -0.407854 -0.40644 -0.404996 -0.403523 -0.402023 -0.400496 -0.398942 -0.397363 -0.395759 -0.39413 -0.392478 -0.390802 -0.389102 -0.38738 -0.385636 -0.38387 -0.382083 -0.380276 -0.378451 -0.376608 -0.374751 -0.372881 -0.371002 -0.369116 -0.367229 -0.365344 -0.363468 -0.361605 -0.359762 -0.357946 -0.356166 -0.354427 -0.35274 -0.351112 -0.349551 -0.348066 -0.346665 -0.345356 -0.344147 -0.343043 -0.342051 -0.341175 -0.34042 -0.339788 -0.339277 -0.33887 -0.338553 -0.338325 -0.338184 -0.338128 -0.338155 -0.338262 -0.338445 -0.338699 -0.339022 -0.339407 -0.339849 -0.340343 -0.340882 -0.341459 -0.342069 -0.342702 -0.343352 -0.344011 -0.34467 -0.34532 -0.345952 -0.346558 -0.347127 -0.347651 -0.34812 -0.348525 -0.348858 -0.34911 -0.349275 -0.349344 -0.349314 -0.349178 -0.348933 -0.348578 -0.34811 -0.347531 -0.346841 -0.346044 -0.345144 -0.344145 -0.343055 -0.341879 -0.340625 -0.339303 -0.337919 -0.336484 -0.335007 -0.333495 -0.331959 -0.330407 -0.328847 -0.327287 -0.325734 -0.324195 -0.322677 -0.321184 -0.319723 -0.318296 -0.316908 -0.315562 -0.314261 -0.313007 -0.3118 -0.310643 -0.309536 -0.308479 -0.307472 -0.306516 -0.305609 -0.30475 -0.30394 -0.303176 -0.302457 -0.301782 -0.301151 -0.30056 -0.300008 -0.299483 -0.29887 -0.296932 -0.280238 -0.10297 
-0.202513 -0.405408 -0.406179 -0.406962 -0.407755 -0.408556 -0.409364 -0.410177 -0.410993 -0.411811 -0.412628 -0.413443 -0.414253 -0.415059 -0.415856 -0.416645 -0.417423 -0.418188 -0.418939 -0.419674 -0.420391 -0.421089 -0.421766 -0.42242 -0.42305 -0.423653 -0.424229 -0.424776 -0.425292 -0.425776 -0.426225 -0.426639 -0.427015 -0.427353 -0.42765 -0.427906 -0.428118 -0.428286 -0.428407 -0.428481 -0.428506 -0.428482 -0.428406 -0.428278 -0.428098 -0.427863 -0.427574 -0.42723 -0.426831 -0.426377 -0.425867 -0.425301 -0.42468 -0.424005 -0.423275 -0.422491 -0.421654 -0.420765 -0.419825 -0.418835 -0.417795 -0.416708 -0.415575 -0.414396 -0.413173 -0.411908 -0.410601 -0.409254 -0.407868 -0.406444 -0.404984 -0.403488 -0.401958 -0.400393 -0.398795 -0.397164 -0.395501 -0.393804 -0.392076 -0.390314 -0.388518 -0.386689 -0.384826 -0.382927 -0.380992 -0.379021 -0.377014 -0.374969 -0.372888 -0.37077 -0.368616 -0.366429 -0.36421 -0.361961 -0.359688 -0.357394 -0.355085 -0.352768 -0.350449 -0.348138 -0.345844 -0.343576 -0.341347 -0.339167 -0.337049 -0.335004 -0.333046 -0.331187 -0.329439 -0.327814 -0.326322 -0.324973 -0.323775 -0.322737 -0.321863 -0.321158 -0.320616 -0.320214 -0.319935 -0.319775 -0.319733 -0.319807 -0.319991 -0.320283 -0.320677 -0.321168 -0.321749 -0.322415 -0.323158 -0.323972 -0.324849 -0.325781 -0.326761 -0.32778 -0.328831 -0.329905 -0.330994 -0.332089 -0.333182 -0.334265 -0.33533 -0.336367 -0.337369 -0.338328 -0.339235 -0.340084 -0.340867 -0.341579 -0.342212 -0.342762 -0.343224 -0.343595 -0.343871 -0.344052 -0.344135 -0.344122 -0.344013 -0.343811 -0.343518 -0.343138 -0.342675 -0.342134 -0.341522 -0.340843 -0.340105 -0.339314 -0.338476 -0.337598 -0.336687 -0.335749 -0.334791 -0.333817 -0.332835 -0.331849 -0.330864 -0.329884 -0.328913 -0.327956 -0.327014 -0.326091 -0.325189 -0.324309 -0.323455 -0.322625 -0.321823 -0.321048 -0.3203 -0.31958 -0.318888 -0.318224 -0.317587 -0.316976 -0.316392 -0.315834 -0.315299 -0.314776 -0.314152 -0.312183 -0.295396 -0.117579 
-0.201816 -0.404012 -0.404777 -0.405554 -0.40634 -0.407133 -0.407932 -0.408735 -0.409541 -0.410346 -0.41115 -0.411951 -0.412747 -0.413536 -0.414316 -0.415086 -0.415844 -0.416588 -0.417316 -0.418027 -0.418718 -0.419388 -0.420036 -0.420659 -0.421256 -0.421825 -0.422364 -0.422872 -0.423347 -0.423786 -0.42419 -0.424555 -0.42488 -0.425164 -0.425405 -0.4256 -0.42575 -0.425852 -0.425904 -0.425905 -0.425855 -0.425751 -0.425593 -0.425379 -0.425108 -0.42478 -0.424394 -0.42395 -0.423447 -0.422885 -0.422264 -0.421585 -0.420847 -0.420051 -0.419197 -0.418287 -0.417322 -0.416302 -0.415228 -0.414101 -0.412924 -0.411697 -0.410421 -0.409098 -0.407728 -0.406314 -0.404856 -0.403356 -0.401814 -0.400231 -0.398608 -0.396946 -0.395243 -0.393501 -0.391719 -0.389896 -0.388031 -0.386123 -0.38417 -0.382171 -0.380123 -0.378025 -0.375873 -0.373667 -0.371402 -0.369078 -0.366691 -0.364242 -0.361729 -0.359151 -0.35651 -0.353807 -0.351044 -0.348226 -0.345357 -0.342445 -0.339496 -0.336522 -0.333533 -0.330541 -0.32756 -0.324607 -0.321696 -0.318846 -0.316075 -0.313401 -0.310842 -0.308418 -0.306146 -0.304044 -0.302127 -0.30041 -0.298906 -0.297624 -0.296574 -0.29576 -0.295173 -0.294781 -0.294557 -0.2945 -0.294607 -0.294871 -0.295289 -0.295854 -0.296557 -0.297392 -0.29835 -0.299421 -0.300595 -0.301863 -0.303215 -0.30464 -0.306127 -0.307667 -0.309249 -0.310864 -0.3125 -0.314149 -0.315802 -0.317449 -0.319082 -0.320693 -0.322272 -0.323814 -0.32531 -0.326754 -0.328138 -0.329458 -0.330708 -0.331882 -0.332977 -0.333988 -0.334913 -0.335748 -0.336494 -0.337147 -0.337709 -0.33818 -0.338561 -0.338854 -0.339062 -0.339186 -0.339232 -0.339203 -0.339104 -0.338938 -0.338712 -0.338429 -0.338096 -0.337717 -0.337297 -0.336842 -0.336355 -0.335842 -0.335307 -0.334754 -0.334187 -0.333608 -0.333022 -0.332432 -0.331839 -0.331246 -0.330656 -0.330069 -0.329488 -0.328913 -0.328345 -0.327786 -0.327236 -0.326695 -0.326164 -0.325642 -0.32513 -0.324628 -0.324134 -0.323638 -0.323024 -0.321047 -0.304184 -0.125772 
-0.200999 -0.402376 -0.403135 -0.403905 -0.404684 -0.405468 -0.406257 -0.40705 -0.407843 -0.408635 -0.409425 -0.41021 -0.41099 -0.411761 -0.412522 -0.413271 -0.414006 -0.414726 -0.415429 -0.416113 -0.416775 -0.417415 -0.41803 -0.418618 -0.419178 -0.419708 -0.420206 -0.42067 -0.421098 -0.421489 -0.42184 -0.422151 -0.422418 -0.422641 -0.422818 -0.422946 -0.423025 -0.423053 -0.423027 -0.422947 -0.422811 -0.422617 -0.422366 -0.422054 -0.421682 -0.421249 -0.420754 -0.420197 -0.419577 -0.418894 -0.418149 -0.417341 -0.416471 -0.41554 -0.414549 -0.413498 -0.412389 -0.411222 -0.409999 -0.40872 -0.407389 -0.406005 -0.40457 -0.403085 -0.401551 -0.399969 -0.398341 -0.396665 -0.394944 -0.393177 -0.391363 -0.389502 -0.387592 -0.385632 -0.383619 -0.381551 -0.379425 -0.377237 -0.374983 -0.372659 -0.37026 -0.36778 -0.365216 -0.362561 -0.359812 -0.356964 -0.354013 -0.350957 -0.347792 -0.344519 -0.341137 -0.337649 -0.334059 -0.330371 -0.326595 -0.322741 -0.318819 -0.314846 -0.310837 -0.306813 -0.302794 -0.298803 -0.294865 -0.291007 -0.287255 -0.283637 -0.280181 -0.276915 -0.273865 -0.271056 -0.268512 -0.266254 -0.264301 -0.262667 -0.261366 -0.260402 -0.259759 -0.25939 -0.259261 -0.259368 -0.259705 -0.260265 -0.26104 -0.26202 -0.263193 -0.264548 -0.266072 -0.267749 -0.269567 -0.271509 -0.273562 -0.27571 -0.277938 -0.280231 -0.282576 -0.284958 -0.287365 -0.289784 -0.292203 -0.294612 -0.296999 -0.299356 -0.301673 -0.303943 -0.306157 -0.30831 -0.310394 -0.312404 -0.314336 -0.316184 -0.317946 -0.319617 -0.321195 -0.322679 -0.324066 -0.325357 -0.32655 -0.327646 -0.328645 -0.32955 -0.330362 -0.331082 -0.331715 -0.332263 -0.332729 -0.333117 -0.333431 -0.333675 -0.333853 -0.33397 -0.334029 -0.334035 -0.333991 -0.333903 -0.333774 -0.333607 -0.333406 -0.333174 -0.332915 -0.332631 -0.332326 -0.332 -0.331658 -0.331299 -0.330928 -0.330544 -0.330149 -0.329745 -0.329333 -0.328912 -0.328485 -0.328051 -0.327612 -0.327166 -0.326714 -0.326246 -0.325645 -0.323661 -0.306722 -0.127689 
-0.200047 -0.400469 -0.401223 -0.401985 -0.402755 -0.40353 -0.404309 -0.405089 -0.40587 -0.406648 -0.407422 -0.40819 -0.408951 -0.409702 -0.410442 -0.411168 -0.411879 -0.412572 -0.413247 -0.4139 -0.414531 -0.415136 -0.415715 -0.416265 -0.416784 -0.41727 -0.417722 -0.418137 -0.418513 -0.418849 -0.419143 -0.419392 -0.419595 -0.41975 -0.419855 -0.419907 -0.419907 -0.419851 -0.419737 -0.419565 -0.419333 -0.419039 -0.418683 -0.418262 -0.417776 -0.417225 -0.416607 -0.415923 -0.415171 -0.414353 -0.413468 -0.412517 -0.4115 -0.410419 -0.409273 -0.408065 -0.406795 -0.405464 -0.404074 -0.402627 -0.401123 -0.399563 -0.39795 -0.396282 -0.394562 -0.39279 -0.390964 -0.389086 -0.387153 -0.385165 -0.383118 -0.38101 -0.378838 -0.376596 -0.374279 -0.371881 -0.369396 -0.366815 -0.364132 -0.361337 -0.358422 -0.355378 -0.352196 -0.348867 -0.345384 -0.341739 -0.337925 -0.333939 -0.329777 -0.325437 -0.320922 -0.316233 -0.311378 -0.306366 -0.30121 -0.295924 -0.29053 -0.285048 -0.279505 -0.273931 -0.268358 -0.262819 -0.257354 -0.252 -0.246798 -0.241789 -0.237015 -0.232515 -0.22833 -0.224495 -0.221045 -0.218011 -0.21542 -0.213292 -0.211645 -0.210486 -0.209786 -0.209476 -0.209512 -0.209886 -0.21059 -0.211613 -0.212941 -0.21456 -0.216452 -0.218598 -0.220979 -0.223574 -0.226359 -0.229314 -0.232415 -0.23564 -0.238967 -0.242374 -0.245842 -0.249349 -0.252879 -0.256413 -0.259935 -0.263431 -0.266887 -0.270291 -0.273632 -0.2769 -0.280087 -0.283185 -0.286188 -0.289089 -0.291886 -0.294573 -0.297148 -0.299608 -0.301953 -0.30418 -0.306289 -0.308281 -0.310156 -0.311914 -0.313558 -0.31509 -0.316511 -0.317824 -0.319033 -0.32014 -0.321148 -0.322062 -0.322884 -0.32362 -0.324272 -0.324846 -0.325344 -0.325771 -0.326131 -0.326428 -0.326665 -0.326846 -0.326974 -0.327053 -0.327087 -0.327077 -0.327026 -0.326938 -0.326815 -0.326658 -0.32647 -0.326253 -0.326007 -0.325736 -0.32544 -0.32512 -0.324777 -0.324413 -0.324027 -0.323621 -0.323195 -0.322737 -0.322132 -0.320125 -0.303093 -0.123438 
-0.198944 -0.398259 -0.399006 -0.399761 -0.400522 -0.401287 -0.402055 -0.402822 -0.403588 -0.404351 -0.405108 -0.405858 -0.406598 -0.407328 -0.408044 -0.408745 -0.409429 -0.410093 -0.410737 -0.411357 -0.411952 -0.41252 -0.413058 -0.413565 -0.414039 -0.414477 -0.414877 -0.415238 -0.415557 -0.415832 -0.416061 -0.416242 -0.416373 -0.416452 -0.416477 -0.416445 -0.416356 -0.416206 -0.415995 -0.41572 -0.41538 -0.414974 -0.4145 -0.413957 -0.413344 -0.41266 -0.411905 -0.411078 -0.41018 -0.40921 -0.408169 -0.407058 -0.405876 -0.404627 -0.403309 -0.401925 -0.400476 -0.398963 -0.397387 -0.39575 -0.394053 -0.392296 -0.39048 -0.388604 -0.38667 -0.384674 -0.382616 -0.380492 -0.378299 -0.376033 -0.373687 -0.371255 -0.368728 -0.366097 -0.363353 -0.360482 -0.357473 -0.354313 -0.350988 -0.347483 -0.343783 -0.339874 -0.335743 -0.331375 -0.326759 -0.321884 -0.316741 -0.311324 -0.305629 -0.299656 -0.293408 -0.286892 -0.280119 -0.273105 -0.26587 -0.25844 -0.250845 -0.243119 -0.235303 -0.227441 -0.219581 -0.211776 -0.20408 -0.196551 -0.189249 -0.182234 -0.175565 -0.169301 -0.163498 -0.15821 -0.153485 -0.149367 -0.145893 -0.143094 -0.140992 -0.139596 -0.13886 -0.138682 -0.139003 -0.139814 -0.1411 -0.142845 -0.145027 -0.147624 -0.150609 -0.153955 -0.15763 -0.161602 -0.165838 -0.170305 -0.174967 -0.179793 -0.184748 -0.189802 -0.194924 -0.200085 -0.20526 -0.210423 -0.215551 -0.220623 -0.225622 -0.230531 -0.235335 -0.240022 -0.244581 -0.249003 -0.253282 -0.257411 -0.261386 -0.265204 -0.268863 -0.272361 -0.275698 -0.278876 -0.281894 -0.284755 -0.287461 -0.290015 -0.292419 -0.294678 -0.296795 -0.298773 -0.300618 -0.302333 -0.303922 -0.305391 -0.306744 -0.307985 -0.309119 -0.31015 -0.311083 -0.311923 -0.312674 -0.31334 -0.313925 -0.314434 -0.314869 -0.315235 -0.315534 -0.315772 -0.315949 -0.31607 -0.316137 -0.316152 -0.316119 -0.316039 -0.315913 -0.315745 -0.315535 -0.315286 -0.314998 -0.314673 -0.314311 -0.313914 -0.313482 -0.313005 -0.312366 -0.310304 -0.293151 -0.112897 
-0.197671 -0.395711 -0.396452 -0.397199 -0.397951 -0.398705 -0.39946 -0.400214 -0.400964 -0.40171 -0.402449 -0.403178 -0.403897 -0.404603 -0.405294 -0.405967 -0.406621 -0.407255 -0.407864 -0.408448 -0.409005 -0.409531 -0.410025 -0.410486 -0.410909 -0.411294 -0.411638 -0.411939 -0.412194 -0.412402 -0.41256 -0.412666 -0.412717 -0.412711 -0.412647 -0.412521 -0.412333 -0.412079 -0.411759 -0.411369 -0.410909 -0.410377 -0.409772 -0.409092 -0.408336 -0.407504 -0.406596 -0.40561 -0.404548 -0.403409 -0.402194 -0.400904 -0.39954 -0.398102 -0.396593 -0.395013 -0.393364 -0.391647 -0.389863 -0.388013 -0.386096 -0.384114 -0.382064 -0.379945 -0.377754 -0.375487 -0.373139 -0.370703 -0.368171 -0.365532 -0.362775 -0.359887 -0.356851 -0.353652 -0.35027 -0.346687 -0.34288 -0.338829 -0.33451 -0.329901 -0.324981 -0.319727 -0.314119 -0.308137 -0.301767 -0.294993 -0.287806 -0.280198 -0.272168 -0.263717 -0.254855 -0.245594 -0.235956 -0.225965 -0.215657 -0.20507 -0.194252 -0.183255 -0.172141 -0.160975 -0.149829 -0.138779 -0.127906 -0.117292 -0.107024 -0.0971862 -0.0878645 -0.0791418 -0.0710976 -0.0638066 -0.0573369 -0.0517493 -0.0470953 -0.0434167 -0.0407437 -0.0390882 -0.0383742 -0.0384577 -0.0392634 -0.0407747 -0.0429705 -0.0458249 -0.0493071 -0.0533818 -0.0580095 -0.0631471 -0.0687481 -0.0747641 -0.0811451 -0.0878406 -0.0948003 -0.101974 -0.109315 -0.116775 -0.124311 -0.131881 -0.139445 -0.14697 -0.154421 -0.161771 -0.168992 -0.176062 -0.182961 -0.189674 -0.196186 -0.202487 -0.208567 -0.214421 -0.220043 -0.225433 -0.230588 -0.23551 -0.240199 -0.24466 -0.248894 -0.252907 -0.256704 -0.26029 -0.26367 -0.266851 -0.269839 -0.27264 -0.275261 -0.277708 -0.279988 -0.282108 -0.284073 -0.28589 -0.287565 -0.289105 -0.290515 -0.2918 -0.292967 -0.294021 -0.294966 -0.295808 -0.296551 -0.2972 -0.297759 -0.298232 -0.298623 -0.298935 -0.299172 -0.299337 -0.299432 -0.299462 -0.299427 -0.299331 -0.299176 -0.298963 -0.298695 -0.298372 -0.297998 -0.297572 -0.297094 -0.296557 -0.295842 -0.293683 -0.27637 -0.0955634 
-0.196212 -0.39279 -0.393524 -0.394262 -0.395004 -0.395747 -0.396489 -0.397228 -0.397962 -0.39869 -0.399409 -0.400117 -0.400812 -0.401492 -0.402155 -0.402799 -0.403422 -0.404021 -0.404593 -0.405138 -0.405652 -0.406134 -0.40658 -0.406989 -0.407358 -0.407685 -0.407968 -0.408203 -0.408389 -0.408522 -0.408601 -0.408624 -0.408587 -0.408488 -0.408325 -0.408096 -0.407798 -0.407429 -0.406987 -0.40647 -0.405876 -0.405204 -0.404452 -0.40362 -0.402705 -0.401708 -0.400628 -0.399465 -0.39822 -0.396893 -0.395484 -0.393995 -0.392426 -0.39078 -0.389057 -0.387258 -0.385385 -0.383438 -0.381418 -0.379324 -0.377154 -0.374906 -0.372576 -0.370159 -0.367647 -0.365031 -0.362299 -0.359437 -0.356429 -0.353256 -0.349896 -0.346324 -0.342515 -0.338441 -0.33407 -0.329371 -0.324312 -0.318858 -0.312977 -0.306637 -0.299804 -0.29245 -0.284548 -0.276074 -0.267007 -0.257333 -0.247041 -0.236127 -0.224594 -0.212452 -0.199719 -0.186421 -0.172592 -0.158276 -0.143526 -0.128405 -0.112983 -0.0973406 -0.0815662 -0.0657562 -0.0500136 -0.0344478 -0.0191727 -0.00430593 0.0100332 0.0237251 0.0366516 0.048698 0.0597548 0.0697199 0.0785001 0.0860131 0.0921891 0.0969724 0.100323 0.102227 0.102799 0.102238 0.100641 0.0980343 0.0944485 0.0899225 0.0845021 0.0782399 0.071195 0.0634321 0.0550201 0.046031 0.0365385 0.0266167 0.0163395 0.00577939 -0.0049932 -0.0159108 -0.0269092 -0.0379283 -0.0489123 -0.05981 -0.0705751 -0.0811661 -0.0915467 -0.101685 -0.111555 -0.121134 -0.130404 -0.13935 -0.147963 -0.156235 -0.164163 -0.171744 -0.17898 -0.185873 -0.192427 -0.19865 -0.204547 -0.210127 -0.215399 -0.220371 -0.225055 -0.229458 -0.233593 -0.237468 -0.241095 -0.244482 -0.247641 -0.25058 -0.253309 -0.255838 -0.258174 -0.260327 -0.262305 -0.264116 -0.265767 -0.267266 -0.268619 -0.269834 -0.270916 -0.271871 -0.272704 -0.273422 -0.27403 -0.274531 -0.274931 -0.275233 -0.275441 -0.27556 -0.275592 -0.27554 -0.275408 -0.275198 -0.274913 -0.274555 -0.274125 -0.273626 -0.273058 -0.272412 -0.271572 -0.269264 -0.251742 -0.0704512 
-0.194547 -0.389457 -0.390184 -0.390913 -0.391645 -0.392375 -0.393103 -0.393827 -0.394544 -0.395253 -0.39595 -0.396635 -0.397306 -0.397959 -0.398592 -0.399204 -0.399793 -0.400355 -0.400888 -0.40139 -0.401859 -0.402292 -0.402687 -0.40304 -0.40335 -0.403614 -0.403829 -0.403993 -0.404102 -0.404155 -0.404148 -0.404079 -0.403946 -0.403744 -0.403473 -0.403129 -0.40271 -0.402213 -0.401636 -0.400978 -0.400236 -0.399408 -0.398493 -0.397491 -0.396399 -0.395218 -0.393948 -0.392588 -0.391139 -0.389601 -0.387976 -0.386265 -0.384468 -0.382588 -0.380625 -0.37858 -0.376453 -0.374244 -0.37195 -0.369569 -0.367094 -0.36452 -0.361836 -0.359031 -0.356087 -0.352986 -0.349706 -0.34622 -0.342499 -0.338508 -0.334211 -0.329568 -0.324537 -0.319071 -0.313126 -0.306652 -0.299603 -0.291931 -0.283591 -0.274537 -0.264729 -0.254131 -0.242709 -0.230437 -0.217296 -0.203271 -0.188359 -0.172563 -0.155898 -0.138387 -0.120065 -0.100978 -0.0811849 -0.0607542 -0.0397678 -0.0183192 0.00348649 0.0255331 0.0476938 0.0698326 0.0918047 0.113458 0.134637 0.155178 0.174921 0.193704 0.211366 0.227753 0.242721 0.256132 0.267862 0.277804 0.285864 0.291971 0.296072 0.298152 0.298372 0.297001 0.294164 0.289897 0.284248 0.277271 0.269035 0.259616 0.249101 0.237586 0.225169 0.211957 0.198055 0.18357 0.168609 0.153276 0.137671 0.121893 0.106031 0.0901736 0.0743985 0.0587789 0.0433801 0.0282603 0.0134704 -0.000946045 -0.0149522 -0.0285179 -0.0416192 -0.0542381 -0.0663616 -0.0779817 -0.0890945 -0.0997001 -0.109802 -0.119405 -0.128519 -0.137154 -0.145322 -0.153036 -0.16031 -0.16716 -0.173601 -0.179648 -0.185317 -0.190623 -0.195583 -0.200211 -0.204522 -0.208531 -0.21225 -0.215695 -0.218877 -0.22181 -0.224504 -0.226971 -0.229222 -0.231267 -0.233116 -0.234778 -0.236262 -0.237575 -0.238726 -0.239722 -0.240569 -0.241275 -0.241845 -0.242286 -0.242602 -0.242798 -0.242879 -0.24285 -0.242714 -0.242475 -0.242137 -0.241702 -0.241174 -0.240555 -0.239846 -0.239039 -0.238017 -0.2355 -0.217714 -0.0360231 
-0.192657 -0.385673 -0.386393 -0.387113 -0.387834 -0.388552 -0.389265 -0.389973 -0.390672 -0.39136 -0.392035 -0.392696 -0.39334 -0.393964 -0.394566 -0.395145 -0.395696 -0.396219 -0.39671 -0.397167 -0.397587 -0.397968 -0.398307 -0.398601 -0.398847 -0.399043 -0.399186 -0.399272 -0.399299 -0.399264 -0.399163 -0.398995 -0.398755 -0.398442 -0.398051 -0.397581 -0.397028 -0.39639 -0.395665 -0.39485 -0.393943 -0.392943 -0.391848 -0.390656 -0.389368 -0.387982 -0.386499 -0.384919 -0.383242 -0.38147 -0.379603 -0.377644 -0.375592 -0.373448 -0.371214 -0.368887 -0.366467 -0.363948 -0.361325 -0.358589 -0.355728 -0.352724 -0.349558 -0.346204 -0.342633 -0.338807 -0.334687 -0.330227 -0.325375 -0.320077 -0.314274 -0.307903 -0.300899 -0.293196 -0.284727 -0.275427 -0.26523 -0.254074 -0.241901 -0.228657 -0.214295 -0.198775 -0.182063 -0.164137 -0.144983 -0.124598 -0.102991 -0.0801826 -0.056208 -0.0311147 -0.004965 0.0221645 0.0501824 0.0789822 0.108443 0.138429 0.16879 0.199364 0.229976 0.260438 0.290555 0.320123 0.348933 0.376771 0.403423 0.428678 0.452326 0.474169 0.494016 0.511691 0.527036 0.539909 0.550195 0.5578 0.562659 0.564753 0.564294 0.561632 0.556929 0.550237 0.54162 0.531161 0.518956 0.505115 0.489762 0.473034 0.455071 0.436023 0.416039 0.395271 0.373869 0.351979 0.329745 0.307302 0.28478 0.262299 0.239972 0.217898 0.19617 0.174868 0.154063 0.133815 0.114173 0.0951779 0.0768622 0.0592492 0.0423549 0.0261886 0.0107537 -0.00395203 -0.0179351 -0.0312063 -0.0437794 -0.0556712 -0.0669003 -0.0774874 -0.0874542 -0.0968234 -0.105618 -0.113861 -0.121577 -0.128788 -0.135518 -0.141788 -0.14762 -0.153035 -0.158053 -0.162695 -0.166977 -0.170919 -0.174536 -0.177846 -0.180862 -0.183601 -0.186074 -0.188296 -0.190279 -0.192033 -0.193571 -0.194902 -0.196035 -0.19698 -0.197746 -0.198339 -0.198769 -0.199041 -0.199162 -0.199139 -0.198976 -0.19868 -0.198254 -0.197704 -0.197033 -0.196244 -0.195342 -0.194316 -0.193051 -0.190261 -0.172149 0.00984516 
-0.190522 -0.381399 -0.382111 -0.382822 -0.383531 -0.384236 -0.384935 -0.385625 -0.386305 -0.386972 -0.387625 -0.38826 -0.388876 -0.389469 -0.390039 -0.390581 -0.391095 -0.391576 -0.392022 -0.392431 -0.3928 -0.393125 -0.393405 -0.393635 -0.393813 -0.393936 -0.394001 -0.394003 -0.393941 -0.393811 -0.393609 -0.393333 -0.392978 -0.392542 -0.392021 -0.391412 -0.390713 -0.38992 -0.389031 -0.388043 -0.386954 -0.385762 -0.384466 -0.383065 -0.381557 -0.379943 -0.378223 -0.376397 -0.374466 -0.372432 -0.370294 -0.368054 -0.365713 -0.363269 -0.360721 -0.358063 -0.355289 -0.352388 -0.349345 -0.346139 -0.342744 -0.339127 -0.335247 -0.331058 -0.326504 -0.321523 -0.316047 -0.309999 -0.303299 -0.295862 -0.287598 -0.278416 -0.268226 -0.256936 -0.244458 -0.230707 -0.215602 -0.199072 -0.18105 -0.16148 -0.140315 -0.117522 -0.0930764 -0.0669696 -0.0392061 -0.00980524 0.021198 0.0537527 0.0877911 0.123229 0.159963 0.197874 0.236826 0.276662 0.317211 0.358283 0.399674 0.441165 0.48252 0.523495 0.563834 0.603274 0.641544 0.678372 0.713487 0.74662 0.77751 0.805904 0.831567 0.854278 0.873839 0.890076 0.902843 0.912025 0.917543 0.919371 0.917765 0.913161 0.90577 0.895665 0.882938 0.8677 0.850088 0.830255 0.808374 0.784632 0.759225 0.732359 0.70424 0.675076 0.645077 0.614443 0.583372 0.552053 0.520662 0.489367 0.458321 0.427663 0.397519 0.367998 0.339198 0.311199 0.284069 0.257862 0.232622 0.208378 0.185151 0.162952 0.141783 0.121641 0.102512 0.0843821 0.0672285 0.0510265 0.0357485 0.0213642 0.00784188 -0.00485139 -0.0167491 -0.0278851 -0.038293 -0.048006 -0.0570569 -0.0654775 -0.0732986 -0.08055 -0.0872605 -0.0934575 -0.0991673 -0.104415 -0.109224 -0.113618 -0.117617 -0.121242 -0.124512 -0.127445 -0.130058 -0.132368 -0.134389 -0.136136 -0.137622 -0.138859 -0.139861 -0.140637 -0.141198 -0.141554 -0.141714 -0.141687 -0.14148 -0.1411 -0.140555 -0.139851 -0.138993 -0.137986 -0.136835 -0.135532 -0.133961 -0.130829 -0.112325 0.0698684 
-0.18812 -0.376593 -0.377297 -0.377999 -0.378696 -0.379388 -0.380071 -0.380744 -0.381404 -0.38205 -0.382678 -0.383287 -0.383873 -0.384436 -0.384971 -0.385476 -0.385949 -0.386387 -0.386787 -0.387145 -0.387459 -0.387726 -0.387943 -0.388106 -0.388212 -0.388257 -0.388238 -0.388152 -0.387994 -0.387762 -0.387451 -0.387057 -0.386578 -0.386008 -0.385346 -0.384586 -0.383726 -0.382763 -0.381693 -0.380514 -0.379224 -0.37782 -0.376301 -0.374665 -0.372914 -0.371045 -0.36906 -0.366958 -0.364742 -0.362411 -0.359967 -0.357408 -0.354733 -0.351936 -0.349011 -0.345945 -0.34272 -0.33931 -0.335684 -0.331798 -0.3276 -0.323029 -0.318012 -0.312464 -0.306293 -0.299397 -0.291665 -0.282981 -0.273225 -0.262272 -0.25 -0.236286 -0.221011 -0.204061 -0.185331 -0.164724 -0.142154 -0.117548 -0.0908459 -0.062002 -0.0309866 0.00221362 0.0375951 0.0751363 0.114798 0.156521 0.200228 0.245823 0.293189 0.34219 0.39267 0.444453 0.497344 0.551128 0.605571 0.660423 0.715413 0.770259 0.824661 0.878309 0.930884 0.982056 1.03149 1.07886 1.12383 1.16607 1.20527 1.24113 1.27335 1.30168 1.32587 1.34572 1.36106 1.37174 1.37767 1.37881 1.37543 1.36806 1.35697 1.34226 1.32406 1.30251 1.2778 1.25015 1.21977 1.18693 1.15188 1.11489 1.07626 1.03626 0.995159 0.953243 0.910773 0.868004 0.825174 0.78251 0.740217 0.698484 0.657478 0.61735 0.578228 0.54022 0.503419 0.467896 0.433708 0.400895 0.369483 0.339486 0.310906 0.283734 0.257954 0.233542 0.210468 0.188695 0.168185 0.148895 0.130781 0.113796 0.0978942 0.0830274 0.0691492 0.0562132 0.0441739 0.0329872 0.0226101 0.0130014 0.00412128 -0.00406829 -0.0116036 -0.0185194 -0.0248484 -0.0306218 -0.0358693 -0.0406188 -0.0448966 -0.0487278 -0.0521359 -0.0551431 -0.0577702 -0.0600371 -0.0619621 -0.0635628 -0.0648555 -0.0658556 -0.0665776 -0.0670349 -0.0672402 -0.0672053 -0.0669411 -0.0664578 -0.0657649 -0.064871 -0.0637842 -0.0625117 -0.0610591 -0.0594211 -0.0574817 -0.05394 -0.0349764 0.147314 
-0.185432 -0.371213 -0.371909 -0.372602 -0.373288 -0.373966 -0.374634 -0.375289 -0.375929 -0.376552 -0.377156 -0.377737 -0.378294 -0.378824 -0.379324 -0.379791 -0.380222 -0.380615 -0.380965 -0.381271 -0.381529 -0.381735 -0.381886 -0.381978 -0.382007 -0.381971 -0.381864 -0.381683 -0.381423 -0.381082 -0.380653 -0.380134 -0.37952 -0.378807 -0.37799 -0.377066 -0.37603 -0.37488 -0.373612 -0.372222 -0.370708 -0.369069 -0.367301 -0.365406 -0.36338 -0.361226 -0.358943 -0.356531 -0.353992 -0.351324 -0.348526 -0.345594 -0.34252 -0.339291 -0.335886 -0.332277 -0.328423 -0.324272 -0.319757 -0.314798 -0.309299 -0.303148 -0.296221 -0.28838 -0.279475 -0.26935 -0.25784 -0.24478 -0.230002 -0.213344 -0.194647 -0.173764 -0.150556 -0.1249 -0.0966895 -0.0658325 -0.0322574 0.00408793 0.0432354 0.085196 0.129959 0.177494 0.227746 0.280641 0.336083 0.393955 0.454118 0.516412 0.580656 0.64665 0.71417 0.782974 0.852799 0.923363 0.994364 1.06549 1.13639 1.20673 1.27613 1.34423 1.41065 1.47498 1.53684 1.59584 1.65159 1.70371 1.75184 1.79562 1.83474 1.86888 1.89777 1.92117 1.93889 1.95075 1.95665 1.95653 1.95063 1.93952 1.92357 1.90292 1.87774 1.84821 1.81459 1.77713 1.73615 1.69195 1.6449 1.59534 1.54363 1.49016 1.43527 1.37933 1.32269 1.26568 1.20861 1.15179 1.09548 1.03994 0.985378 0.932002 0.87998 0.829456 0.78055 0.733359 0.687957 0.644397 0.602715 0.562928 0.525038 0.489033 0.454891 0.422579 0.392055 0.363273 0.336178 0.310713 0.286819 0.264431 0.243489 0.223926 0.205681 0.188691 0.172894 0.15823 0.144642 0.132074 0.120471 0.109784 0.0999619 0.0909587 0.0827298 0.0752332 0.0684288 0.0622788 0.0567474 0.0518008 0.0474071 0.0435362 0.0401598 0.037251 0.0347846 0.0327369 0.0310855 0.0298094 0.0288889 0.0283056 0.028042 0.0280821 0.0284107 0.0290138 0.0298785 0.0309928 0.0323457 0.033927 0.0357288 0.037754 0.0401183 0.044132 0.0636211 0.245911 
-0.182436 -0.365218 -0.365907 -0.36659 -0.367265 -0.36793 -0.368582 -0.369219 -0.369839 -0.370439 -0.371018 -0.371572 -0.372099 -0.372595 -0.373059 -0.373487 -0.373875 -0.374221 -0.374522 -0.374774 -0.374973 -0.375116 -0.375198 -0.375216 -0.375166 -0.375044 -0.374844 -0.374563 -0.374197 -0.373739 -0.373186 -0.372532 -0.371773 -0.370905 -0.369921 -0.368818 -0.367591 -0.366236 -0.364749 -0.363126 -0.361365 -0.359463 -0.357419 -0.355231 -0.352899 -0.350422 -0.347801 -0.345035 -0.342124 -0.339063 -0.335846 -0.33246 -0.328883 -0.325083 -0.321014 -0.316611 -0.311793 -0.306456 -0.300477 -0.293707 -0.285982 -0.277114 -0.266903 -0.255136 -0.241591 -0.226044 -0.208272 -0.188057 -0.165192 -0.139485 -0.110759 -0.0788623 -0.0436627 -0.00505543 0.0370384 0.0826704 0.131865 0.184618 0.240899 0.300652 0.363796 0.430222 0.499801 0.57238 0.647784 0.725816 0.806259 0.888877 0.973411 1.05959 1.14711 1.23566 1.32491 1.4145 1.50408 1.59326 1.68163 1.7688 1.85433 1.9378 2.01878 2.09681 2.17147 2.24231 2.30892 2.37086 2.42775 2.47921 2.52486 2.56439 2.5975 2.62392 2.64344 2.65586 2.66107 2.65898 2.6497 2.63381 2.61181 2.58388 2.55022 2.51109 2.46678 2.41763 2.36401 2.30632 2.245 2.1805 2.11327 2.04377 1.97248 1.89984 1.82631 1.7523 1.67822 1.60446 1.53136 1.45924 1.3884 1.31908 1.25151 1.18588 1.12235 1.06104 1.00205 0.945455 0.891301 0.839611 0.790391 0.743627 0.699291 0.65734 0.617722 0.580375 0.54523 0.512213 0.481245 0.452246 0.425132 0.39982 0.376228 0.354273 0.333874 0.314955 0.297437 0.281248 0.266318 0.252578 0.239963 0.228413 0.217868 0.208273 0.199574 0.191722 0.184669 0.17837 0.172783 0.167868 0.163586 0.159902 0.156783 0.154196 0.152112 0.150502 0.14934 0.1486 0.14826 0.148298 0.148693 0.149426 0.15048 0.151838 0.153486 0.15541 0.157598 0.160051 0.162885 0.16742 0.187491 0.3697 
-0.179112 -0.358568 -0.35925 -0.359924 -0.360587 -0.361238 -0.361875 -0.362494 -0.363094 -0.363672 -0.364226 -0.364752 -0.365248 -0.365712 -0.366139 -0.366527 -0.366873 -0.367172 -0.367422 -0.367618 -0.367757 -0.367835 -0.367847 -0.36779 -0.367657 -0.367446 -0.36715 -0.366764 -0.366284 -0.365704 -0.365019 -0.364222 -0.363309 -0.362273 -0.361109 -0.359812 -0.358376 -0.356796 -0.355068 -0.353188 -0.351152 -0.348957 -0.346602 -0.344084 -0.341404 -0.338559 -0.33555 -0.332374 -0.329024 -0.32549 -0.321751 -0.317774 -0.313507 -0.308878 -0.303787 -0.298107 -0.291677 -0.284307 -0.275776 -0.265834 -0.25421 -0.240615 -0.224749 -0.206308 -0.184993 -0.160514 -0.132599 -0.100999 -0.0654931 -0.0258937 0.0179518 0.0661583 0.118802 0.175921 0.237514 0.303546 0.373942 0.4486 0.527383 0.610129 0.696648 0.786729 0.880137 0.976619 1.0759 1.1777 1.2817 1.38759 1.49503 1.60367 1.71315 1.82307 1.93306 2.0427 2.15156 2.25922 2.36524 2.46915 2.5705 2.66882 2.76364 2.85451 2.94094 3.0225 3.09874 3.16922 3.23355 3.29132 3.34219 3.38581 3.42189 3.45015 3.47037 3.48236 3.48597 3.48109 3.46758 3.44595 3.41687 3.38053 3.3372 3.28716 3.23079 3.16847 3.10065 3.02781 2.95047 2.86916 2.78446 2.69691 2.60709 2.51556 2.42286 2.32953 2.23607 2.14295 2.05062 1.95947 1.86988 1.78216 1.69662 1.61348 1.53295 1.4552 1.38036 1.30853 1.23977 1.17412 1.11159 1.05216 0.995811 0.942485 0.892121 0.844644 0.799968 0.758002 0.718646 0.681799 0.647358 0.615217 0.58527 0.557414 0.531547 0.507568 0.485381 0.46489 0.446007 0.428644 0.412717 0.398148 0.38486 0.372782 0.361844 0.351983 0.343137 0.335246 0.328256 0.322115 0.316772 0.312182 0.308299 0.305082 0.302491 0.300489 0.299041 0.298113 0.297676 0.297699 0.298156 0.299022 0.300273 0.301887 0.303846 0.306131 0.308727 0.31163 0.314954 0.320038 0.340731 0.5228 
-0.17544 -0.351221 -0.351896 -0.352561 -0.353214 -0.353852 -0.354473 -0.355076 -0.355656 -0.356212 -0.356741 -0.35724 -0.357707 -0.358137 -0.358528 -0.358877 -0.359179 -0.359432 -0.359631 -0.359771 -0.35985 -0.359862 -0.359803 -0.359668 -0.359451 -0.359148 -0.358752 -0.358259 -0.357661 -0.356953 -0.356128 -0.35518 -0.354102 -0.352887 -0.351529 -0.350022 -0.348358 -0.346532 -0.344538 -0.342371 -0.340027 -0.337503 -0.334795 -0.331902 -0.328822 -0.325552 -0.322088 -0.318421 -0.314534 -0.310395 -0.305955 -0.301133 -0.295817 -0.289853 -0.283042 -0.275139 -0.265852 -0.254849 -0.241764 -0.226202 -0.207756 -0.186012 -0.160565 -0.131027 -0.0970396 -0.0582806 -0.0144741 0.0346057 0.0891302 0.149214 0.214916 0.286237 0.363128 0.445486 0.533166 0.62598 0.723702 0.826076 0.93282 1.04363 1.15817 1.27611 1.3971 1.52076 1.64673 1.77462 1.90405 2.03461 2.16591 2.29754 2.42906 2.56007 2.69012 2.81878 2.94558 3.07007 3.19179 3.31027 3.42504 3.53563 3.64158 3.74243 3.83772 3.92703 4.00993 4.08602 4.15492 4.21628 4.26977 4.31507 4.35192 4.38008 4.39931 4.40945 4.41034 4.40182 4.3834 4.35539 4.31863 4.27334 4.21979 4.15832 4.08934 4.01329 3.93068 3.84204 3.74796 3.64907 3.54601 3.43943 3.33 3.2184 3.10525 2.99122 2.87689 2.76285 2.64963 2.53774 2.42763 2.3197 2.21432 2.1118 2.01239 1.91633 1.82377 1.73485 1.64967 1.56828 1.4907 1.41693 1.34694 1.28067 1.21807 1.15903 1.10345 1.05124 1.00227 0.956425 0.91357 0.873581 0.836328 0.801685 0.769526 0.739726 0.712165 0.686727 0.663299 0.641771 0.622041 0.604007 0.587576 0.572656 0.55916 0.547006 0.536116 0.526415 0.517833 0.510303 0.50376 0.498146 0.493403 0.489476 0.486314 0.48387 0.482097 0.480953 0.480396 0.480391 0.4809 0.481891 0.483335 0.485203 0.487469 0.490111 0.493107 0.496452 0.500258 0.505882 0.527209 0.709111 
-0.171401 -0.343139 -0.343808 -0.344465 -0.345107 -0.345733 -0.34634 -0.346926 -0.347488 -0.348023 -0.348528 -0.349001 -0.349438 -0.349837 -0.350193 -0.350503 -0.350763 -0.350969 -0.351118 -0.351204 -0.351222 -0.351169 -0.351038 -0.350825 -0.350523 -0.350126 -0.349629 -0.349024 -0.348304 -0.347463 -0.346492 -0.345384 -0.344132 -0.342726 -0.34116 -0.339424 -0.337511 -0.335414 -0.333125 -0.330638 -0.327948 -0.32505 -0.321939 -0.318611 -0.315064 -0.311289 -0.307274 -0.302995 -0.298405 -0.293428 -0.287945 -0.281782 -0.2747 -0.266394 -0.256485 -0.244534 -0.230043 -0.212477 -0.191273 -0.165865 -0.135699 -0.100249 -0.0590371 -0.0116466 0.0422697 0.102979 0.170667 0.245431 0.327286 0.416166 0.51193 0.614367 0.723207 0.838127 0.95876 1.08471 1.21553 1.3508 1.49004 1.63278 1.77856 1.92689 2.07733 2.22939 2.38262 2.53658 2.69081 2.84487 2.99831 3.15071 3.30163 3.45061 3.59724 3.74105 3.88161 4.01848 4.15121 4.27936 4.40248 4.52017 4.63198 4.73753 4.83643 4.9283 5.01281 5.08964 5.15848 5.21907 5.27116 5.31451 5.34893 5.37422 5.39021 5.39675 5.39367 5.38079 5.35718 5.32283 5.27863 5.22483 5.1617 5.08958 5.00888 4.92006 4.82364 4.7202 4.61037 4.4948 4.37421 4.24932 4.12089 3.98965 3.85636 3.72175 3.58653 3.45138 3.31695 3.18384 3.05259 2.92371 2.79765 2.6748 2.55549 2.44001 2.32859 2.2214 2.11858 2.02022 1.92636 1.83702 1.75218 1.67179 1.59578 1.52405 1.4565 1.393 1.33342 1.27762 1.22545 1.17677 1.13142 1.08924 1.0501 1.01384 0.980312 0.949383 0.920912 0.894769 0.870826 0.848961 0.829057 0.811002 0.794689 0.780017 0.766887 0.755208 0.74489 0.73585 0.728008 0.721288 0.715617 0.710926 0.707152 0.704232 0.702107 0.700724 0.700031 0.699979 0.700523 0.701621 0.703236 0.70533 0.707872 0.710833 0.714187 0.717923 0.722155 0.728263 0.750195 0.931942 
-0.166975 -0.334285 -0.334948 -0.335598 -0.336231 -0.336846 -0.33744 -0.33801 -0.338555 -0.33907 -0.339553 -0.340001 -0.340411 -0.340779 -0.341101 -0.341374 -0.341594 -0.341756 -0.341855 -0.341887 -0.341847 -0.341729 -0.341528 -0.341237 -0.34085 -0.34036 -0.339759 -0.339041 -0.338197 -0.337218 -0.336096 -0.334821 -0.333384 -0.331775 -0.329984 -0.328001 -0.325816 -0.32342 -0.320802 -0.317955 -0.314871 -0.311542 -0.307962 -0.304123 -0.300016 -0.295622 -0.290907 -0.285808 -0.280213 -0.273944 -0.266736 -0.258222 -0.24793 -0.235283 -0.219612 -0.200182 -0.176215 -0.146921 -0.111531 -0.0693231 -0.0196501 0.0380388 0.104182 0.179095 0.262965 0.35585 0.45768 0.568272 0.687333 0.814476 0.949234 1.09108 1.23942 1.39364 1.55311 1.71715 1.88512 2.05637 2.23026 2.40617 2.58351 2.76171 2.94022 3.11853 3.29614 3.47258 3.64738 3.82012 3.99036 4.15769 4.3217 4.48199 4.63816 4.78981 4.93655 5.078 5.21379 5.34354 5.46691 5.58356 5.69318 5.79548 5.89021 5.97713 6.05604 6.12676 6.18916 6.2431 6.28847 6.32517 6.35311 6.3722 6.38233 6.3834 6.37527 6.35769 6.32961 6.29015 6.23991 6.17953 6.10916 6.02904 5.93953 5.84102 5.73401 5.61905 5.49673 5.36773 5.23276 5.09258 4.94797 4.79975 4.64874 4.49575 4.34159 4.18704 4.03285 3.87972 3.72832 3.57925 3.43306 3.29025 3.15123 3.01637 2.88598 2.76031 2.63953 2.5238 2.41319 2.30775 2.20748 2.11236 2.02231 1.93726 1.85709 1.78167 1.71087 1.64452 1.58246 1.52453 1.47055 1.42035 1.37376 1.3306 1.29072 1.25393 1.22009 1.18903 1.16061 1.13468 1.1111 1.08973 1.07045 1.05313 1.03765 1.02391 1.01179 1.00119 0.992003 0.984148 0.977529 0.972061 0.967664 0.96426 0.961776 0.960144 0.959299 0.95918 0.959731 0.960899 0.962638 0.964901 0.96765 0.970848 0.974465 0.978485 0.983024 0.989493 1.01195 1.19359 
-0.162146 -0.324625 -0.325284 -0.325927 -0.326552 -0.327157 -0.327739 -0.328296 -0.328824 -0.329321 -0.329784 -0.33021 -0.330594 -0.330934 -0.331225 -0.331464 -0.331645 -0.331765 -0.331818 -0.331799 -0.331703 -0.331523 -0.331253 -0.330886 -0.330415 -0.329832 -0.329129 -0.328297 -0.327326 -0.326207 -0.324928 -0.323479 -0.321849 -0.320024 -0.317992 -0.315741 -0.313257 -0.310529 -0.307542 -0.304285 -0.300746 -0.296914 -0.292777 -0.288319 -0.283517 -0.278325 -0.272657 -0.266356 -0.259163 -0.250678 -0.240341 -0.227421 -0.211035 -0.190173 -0.163745 -0.130635 -0.0897511 -0.0400784 0.0192811 0.0890714 0.169859 0.262015 0.365715 0.480934 0.607462 0.744917 0.892765 1.05034 1.21689 1.39154 1.57341 1.76155 1.95501 2.15285 2.35412 2.55795 2.76346 2.96986 3.1764 3.38236 3.58711 3.79005 3.99065 4.1884 4.38285 4.57358 4.7602 4.94234 5.11965 5.29181 5.45848 5.61935 5.77413 5.92252 6.06423 6.19899 6.32655 6.44667 6.55916 6.66383 6.76056 6.84925 6.92984 7.00232 7.0667 7.12304 7.17139 7.21186 7.24451 7.26943 7.28667 7.29626 7.29819 7.29239 7.27876 7.25703 7.22635 7.18469 7.13178 7.06872 6.99555 6.91238 6.81939 6.71683 6.60506 6.4845 6.35567 6.21915 6.07562 5.92578 5.77044 5.6104 5.44655 5.27974 5.11086 4.94079 4.77037 4.60043 4.43173 4.26501 4.10093 3.94009 3.78303 3.63023 3.48207 3.33889 3.20096 3.06848 2.94161 2.82043 2.70499 2.5953 2.49131 2.39295 2.30013 2.21272 2.13059 2.05356 1.98147 1.91414 1.85139 1.79301 1.73883 1.68865 1.64228 1.59954 1.56023 1.52418 1.49122 1.46118 1.43388 1.40919 1.38693 1.36698 1.34917 1.33339 1.3195 1.30737 1.29689 1.28795 1.28042 1.27421 1.26922 1.26536 1.26253 1.26065 1.25964 1.25943 1.25994 1.26112 1.26289 1.26523 1.26806 1.27135 1.27507 1.27919 1.28384 1.29046 1.31329 1.49492 
-0.156898 -0.314128 -0.314783 -0.315422 -0.31604 -0.316637 -0.317209 -0.317754 -0.318269 -0.31875 -0.319195 -0.319601 -0.319963 -0.320277 -0.32054 -0.320748 -0.320894 -0.320976 -0.320986 -0.32092 -0.320771 -0.320532 -0.320197 -0.319758 -0.319206 -0.318533 -0.317729 -0.316784 -0.315687 -0.314425 -0.312986 -0.311358 -0.309524 -0.30747 -0.30518 -0.302637 -0.299824 -0.296724 -0.293317 -0.289588 -0.285516 -0.281084 -0.276268 -0.271035 -0.265327 -0.259033 -0.251942 -0.243685 -0.233672 -0.22105 -0.204693 -0.183238 -0.155154 -0.118832 -0.0726833 -0.0152301 0.0548169 0.1385 0.236576 0.349492 0.477385 0.62009 0.777161 0.947899 1.13139 1.32655 1.53215 1.74688 1.96935 2.19818 2.43197 2.66937 2.9091 3.14991 3.39069 3.63038 3.86804 4.10283 4.334 4.56089 4.78294 4.99964 5.21058 5.41539 5.61375 5.80539 5.99007 6.16757 6.33768 6.50023 6.65502 6.8019 6.94071 7.0713 7.19354 7.30734 7.41262 7.50937 7.59759 7.67737 7.74882 7.81214 7.86756 7.91535 7.95583 7.98935 8.01624 8.03685 8.05147 8.06037 8.06377 8.06178 8.05447 8.0418 8.02363 7.99969 7.96928 7.92992 7.88018 7.82074 7.75164 7.67275 7.58403 7.4855 7.37726 7.25955 7.13267 6.99706 6.85324 6.70185 6.5436 6.37929 6.20978 6.03596 5.85879 5.6792 5.49814 5.31654 5.13529 4.95526 4.77723 4.60194 4.43006 4.26218 4.09882 3.94042 3.78736 3.63993 3.49835 3.36281 3.23339 3.11016 2.99313 2.88226 2.77747 2.67866 2.5857 2.49844 2.41672 2.34034 2.26912 2.20286 2.14134 2.08437 2.03174 1.98325 1.93868 1.89784 1.86053 1.82656 1.79574 1.7679 1.74286 1.72044 1.70048 1.68282 1.66732 1.65382 1.64218 1.63227 1.62394 1.61709 1.61158 1.60731 1.60417 1.60205 1.60086 1.6005 1.60091 1.60199 1.60367 1.60591 1.60863 1.6118 1.61536 1.61931 1.62376 1.63023 1.65318 1.83494 
-0.151218 -0.302767 -0.30342 -0.304055 -0.304669 -0.305259 -0.305824 -0.306359 -0.306863 -0.307332 -0.307762 -0.308151 -0.308494 -0.308787 -0.309027 -0.309207 -0.309324 -0.309371 -0.309344 -0.309235 -0.309038 -0.308746 -0.308351 -0.307845 -0.307217 -0.306458 -0.305556 -0.304501 -0.303278 -0.301874 -0.300273 -0.298459 -0.296414 -0.294118 -0.29155 -0.288689 -0.285511 -0.281991 -0.278103 -0.273819 -0.269111 -0.263943 -0.258271 -0.252021 -0.245055 -0.237103 -0.227663 -0.215886 -0.200487 -0.179729 -0.151499 -0.113453 -0.063207 0.00148305 0.0825654 0.181583 0.299605 0.4372 0.594436 0.770908 0.965787 1.17787 1.40565 1.64738 1.90116 2.16497 2.43674 2.71443 2.99604 3.27968 3.56356 3.84605 4.12566 4.40108 4.67116 4.93491 5.19152 5.44028 5.68065 5.9122 6.1346 6.34761 6.55105 6.74482 6.92885 7.10309 7.26752 7.42215 7.56697 7.70199 7.82722 7.94268 8.0484 8.14444 8.23089 8.30789 8.37565 8.43442 8.48453 8.52641 8.56054 8.58747 8.6078 8.62219 8.6313 8.63577 8.63624 8.63326 8.62733 8.61884 8.60808 8.5952 8.58026 8.56314 8.54364 8.52135 8.49559 8.46444 8.42529 8.37738 8.32083 8.25519 8.18008 8.0952 8.00034 7.89541 7.78048 7.65571 7.52145 7.37814 7.2264 7.06691 6.90051 6.72809 6.55061 6.36906 6.18449 5.99793 5.81038 5.62284 5.43625 5.25148 5.06934 4.89058 4.71585 4.54572 4.3807 4.22119 4.06752 3.91997 3.77871 3.64388 3.51554 3.39372 3.27838 3.16946 3.06685 2.97043 2.88004 2.7955 2.71663 2.64323 2.57508 2.51197 2.45369 2.40001 2.35072 2.30559 2.26441 2.22697 2.19306 2.16248 2.13503 2.11051 2.08873 2.06952 2.0527 2.03809 2.02552 2.01485 2.00591 1.99855 1.99264 1.98804 1.98462 1.98225 1.98084 1.98026 1.98043 1.98125 1.98264 1.98453 1.98686 1.98957 1.99262 1.99599 1.99982 2.00569 2.02843 2.21046 
-0.145095 -0.29052 -0.291173 -0.291806 -0.292417 -0.293003 -0.293563 -0.294092 -0.294588 -0.295047 -0.295467 -0.295843 -0.296172 -0.296449 -0.296669 -0.296828 -0.29692 -0.296939 -0.29688 -0.296735 -0.296497 -0.296159 -0.29571 -0.295142 -0.294445 -0.293606 -0.292613 -0.291452 -0.290108 -0.288563 -0.2868 -0.284797 -0.282531 -0.279979 -0.277113 -0.273903 -0.270317 -0.266318 -0.261868 -0.256924 -0.251435 -0.24534 -0.238545 -0.230885 -0.222031 -0.211337 -0.197631 -0.179024 -0.152845 -0.11578 -0.0641869 0.00550884 0.0964631 0.211156 0.351253 0.517556 0.710034 0.927889 1.16966 1.43334 1.71647 2.01631 2.32989 2.65415 2.98603 3.32257 3.66093 3.99846 4.33276 4.66168 4.98335 5.29617 5.59879 5.89013 6.16937 6.43588 6.68922 6.92913 7.15551 7.36833 7.5677 7.75377 7.92675 8.08687 8.23438 8.36953 8.49257 8.60375 8.70327 8.79138 8.86828 8.93424 8.98952 9.03444 9.0694 9.09486 9.11138 9.11962 9.12034 9.1144 9.10271 9.08627 9.06608 9.04314 9.01843 8.99283 8.96715 8.94206 8.91809 8.89562 8.87483 8.8558 8.83838 8.82231 8.80717 8.79239 8.77718 8.76021 8.73878 8.71063 8.67513 8.63159 8.57923 8.51736 8.44542 8.36295 8.26969 8.16552 8.05052 7.92492 7.78914 7.64377 7.48953 7.32726 7.15793 6.98256 6.80224 6.61811 6.43127 6.24284 6.05391 5.8655 5.67856 5.49401 5.31264 5.13517 4.96225 4.79441 4.63212 4.47575 4.32558 4.18185 4.0447 3.91422 3.79044 3.67335 3.56288 3.45895 3.36142 3.27014 3.18494 3.10562 3.03197 2.96379 2.90085 2.84293 2.78978 2.74119 2.69691 2.65672 2.62039 2.5877 2.55843 2.53235 2.50926 2.48895 2.47121 2.45585 2.44268 2.43152 2.42218 2.41449 2.4083 2.40343 2.39974 2.3971 2.39537 2.39442 2.39415 2.39445 2.39523 2.39641 2.39793 2.39973 2.40176 2.40401 2.40665 2.41133 2.4334 2.61584 
-0.138519 -0.277371 -0.278024 -0.278658 -0.279268 -0.279854 -0.280411 -0.280937 -0.281429 -0.281883 -0.282297 -0.282665 -0.282984 -0.28325 -0.283457 -0.2836 -0.283674 -0.283673 -0.283589 -0.283416 -0.283145 -0.282768 -0.282275 -0.281655 -0.280896 -0.279986 -0.278909 -0.27765 -0.276189 -0.274508 -0.272583 -0.270389 -0.267897 -0.265075 -0.261887 -0.258292 -0.254245 -0.249694 -0.244579 -0.23883 -0.232362 -0.225056 -0.216718 -0.206968 -0.19503 -0.179381 -0.157355 -0.124908 -0.0767974 -0.00722412 0.0893123 0.217282 0.379693 0.577952 0.811954 1.08026 1.38037 1.7089 2.06189 2.43497 2.82354 3.22299 3.62878 4.0366 4.44245 4.84271 5.23419 5.61412 5.98023 6.33065 6.66395 6.97909 7.27538 7.55245 7.81017 8.04866 8.26821 8.46923 8.65225 8.81787 8.96672 9.09942 9.21662 9.31891 9.40687 9.48102 9.54186 9.58985 9.62545 9.64908 9.66122 9.66238 9.65314 9.63418 9.60628 9.57036 9.52745 9.4787 9.42538 9.36881 9.31036 9.25139 9.1932 9.13704 9.08397 9.03492 8.99065 8.95167 8.91832 8.89072 8.8688 8.8523 8.84079 8.83372 8.83039 8.82998 8.83154 8.83386 8.83505 8.83261 8.82457 8.80964 8.7867 8.75468 8.71266 8.65984 8.59561 8.51953 8.4314 8.33121 8.21916 8.09565 7.96129 7.81684 7.66321 7.50143 7.3326 7.15791 6.97857 6.7958 6.61079 6.42472 6.23869 6.05375 5.87085 5.69087 5.51459 5.3427 5.17577 5.01432 4.85875 4.70938 4.56646 4.43016 4.3006 4.1778 4.06178 3.95249 3.84983 3.75368 3.66389 3.58029 3.50269 3.43087 3.36462 3.3037 3.24788 3.19692 3.15057 3.10859 3.07074 3.03676 3.00642 2.97947 2.95569 2.93484 2.91668 2.90101 2.88759 2.87623 2.86671 2.85885 2.85245 2.84733 2.84332 2.84027 2.83803 2.83645 2.83541 2.8348 2.83452 2.83448 2.83462 2.83488 2.83522 2.83564 2.83633 2.83909 2.85988 3.04284 
-0.131487 -0.263308 -0.263964 -0.2646 -0.265213 -0.2658 -0.266358 -0.266885 -0.267378 -0.267831 -0.268243 -0.26861 -0.268925 -0.269186 -0.269387 -0.269522 -0.269586 -0.269572 -0.269473 -0.26928 -0.268986 -0.26858 -0.268052 -0.26739 -0.266581 -0.26561 -0.26446 -0.263112 -0.261544 -0.259733 -0.25765 -0.255264 -0.252539 -0.249432 -0.245896 -0.241876 -0.237305 -0.232107 -0.226191 -0.219443 -0.211711 -0.202767 -0.192194 -0.179123 -0.161728 -0.13649 -0.097528 -0.0365877 0.055851 0.18867 0.368423 0.598509 0.879194 1.20811 1.58089 1.99181 2.43428 2.90122 3.38546 3.8799 4.3778 4.87291 5.3596 5.83293 6.28874 6.72362 7.13489 7.52061 7.87947 8.21075 8.51424 8.79014 9.039 9.26163 9.45906 9.63243 9.78296 9.91193 10.0206 10.1101 10.1816 10.2362 10.2748 10.2983 10.3075 10.3032 10.2858 10.2562 10.215 10.1628 10.1003 10.0286 9.94839 9.86101 9.7677 9.6699 9.56919 9.46723 9.36572 9.26634 9.17073 9.08039 8.99666 8.92064 8.85323 8.79505 8.74647 8.70759 8.6783 8.65827 8.64697 8.64373 8.64774 8.65811 8.67384 8.69391 8.71721 8.74254 8.76847 8.79314 8.81448 8.83044 8.83927 8.83963 8.83026 8.81007 8.77814 8.73374 8.67639 8.60581 8.52199 8.42513 8.31568 8.19427 8.06172 7.91902 7.76726 7.60763 7.44139 7.26982 7.09423 6.91587 6.73598 6.55574 6.37622 6.19846 6.02335 5.85173 5.68431 5.52172 5.36447 5.213 5.06766 4.9287 4.79633 4.67064 4.55172 4.43955 4.3341 4.2353 4.143 4.05708 3.97734 3.90361 3.83565 3.77326 3.71617 3.66416 3.61696 3.57432 3.53597 3.50165 3.4711 3.44406 3.42027 3.39946 3.3814 3.36582 3.35248 3.34116 3.33161 3.32363 3.317 3.31152 3.307 3.30327 3.30015 3.29751 3.2952 3.2931 3.29112 3.28916 3.28716 3.28507 3.28287 3.28056 3.27839 3.27831 3.2971 3.48055 
-0.123996 -0.248328 -0.248989 -0.24963 -0.250248 -0.25084 -0.251403 -0.251935 -0.252432 -0.252891 -0.253307 -0.253677 -0.253996 -0.254259 -0.254462 -0.254597 -0.25466 -0.254642 -0.254537 -0.254336 -0.254029 -0.253606 -0.253056 -0.252365 -0.251519 -0.2505 -0.249289 -0.247864 -0.2462 -0.244268 -0.242034 -0.239459 -0.236495 -0.233089 -0.229177 -0.224681 -0.219509 -0.213546 -0.20665 -0.198633 -0.189227 -0.177981 -0.163993 -0.145273 -0.117584 -0.0729818 0.0010269 0.12031 0.300279 0.551487 0.87753 1.27557 1.73812 2.25496 2.81454 3.40493 4.01446 4.63203 5.24743 5.85153 6.43638 6.99532 7.523 8.01538 8.46965 8.88412 9.25812 9.59181 9.88606 10.1423 10.3623 10.5482 10.7022 10.8266 10.9238 10.996 11.0453 11.0735 11.0826 11.0739 11.049 11.0091 10.9551 10.888 10.8087 10.7179 10.6163 10.5047 10.384 10.2551 10.1193 9.9778 9.83211 9.68393 9.53508 9.3875 9.24318 9.10408 8.97208 8.84888 8.73599 8.63466 8.54582 8.47011 8.40785 8.35906 8.32349 8.30065 8.28984 8.29019 8.3007 8.32028 8.34778 8.38203 8.42183 8.46601 8.5134 8.56282 8.61305 8.66277 8.71059 8.75474 8.793 8.8235 8.84477 8.85548 8.8545 8.84085 8.81382 8.77289 8.71785 8.64871 8.56571 8.46936 8.36035 8.23957 8.10805 7.96695 7.81752 7.66106 7.49891 7.33241 7.16285 6.99151 6.81957 6.64817 6.47832 6.31096 6.14693 5.98696 5.83167 5.6816 5.5372 5.3988 5.26669 5.14105 5.02201 4.90962 4.80391 4.70482 4.61227 4.52614 4.44628 4.3725 4.3046 4.24237 4.18555 4.13389 4.08714 4.04502 4.00725 3.97356 3.94366 3.91726 3.89408 3.87384 3.85626 3.84107 3.828 3.81679 3.80719 3.79896 3.79186 3.78569 3.78023 3.7753 3.77073 3.76634 3.76202 3.75763 3.75308 3.74828 3.74317 3.73773 3.73193 3.72583 3.71971 3.71574 3.73172 3.91543 
-0.116047 -0.232433 -0.233102 -0.23375 -0.234376 -0.234977 -0.23555 -0.236091 -0.236598 -0.237067 -0.237494 -0.237874 -0.238204 -0.238477 -0.238689 -0.238834 -0.238905 -0.238895 -0.238795 -0.238597 -0.23829 -0.237864 -0.237306 -0.236601 -0.235732 -0.23468 -0.233425 -0.231939 -0.230194 -0.228154 -0.225778 -0.223017 -0.219813 -0.216093 -0.211773 -0.206745 -0.200876 -0.193996 -0.185884 -0.176227 -0.164545 -0.149942 -0.13046 -0.10157 -0.053621 0.0307874 0.17705 0.413383 0.760133 1.2219 1.78865 2.44161 3.15864 3.91766 4.69821 5.48202 6.25312 6.99792 7.70515 8.3659 8.97352 9.5236 10.0138 10.4434 10.8135 11.1262 11.3846 11.5925 11.754 11.8733 11.9548 12.0024 12.0202 12.0115 11.9796 11.9272 11.8567 11.7702 11.6694 11.5557 11.4303 11.2941 11.148 10.9926 10.8287 10.657 10.4784 10.2938 10.1045 9.91181 9.71736 9.52299 9.33069 9.14258 8.96084 8.78761 8.62491 8.47459 8.33821 8.21706 8.11205 8.02377 7.95243 7.89792 7.85982 7.83744 7.82988 7.83604 7.85471 7.88458 7.92428 7.97244 8.0277 8.08871 8.15422 8.223 8.29392 8.36589 8.43787 8.50884 8.57787 8.64404 8.70565 8.76046 8.80665 8.84278 8.86756 8.8799 8.87891 8.86394 8.83459 8.7907 8.73236 8.65991 8.57391 8.4751 8.36443 8.24296 8.11189 7.97249 7.82608 7.67399 7.51757 7.35812 7.1969 7.03509 6.87379 6.71402 6.5567 6.40265 6.25258 6.10711 5.96677 5.83197 5.70306 5.58029 5.46386 5.35387 5.25038 5.15338 5.06282 4.97862 4.90063 4.82868 4.76259 4.70213 4.64706 4.59713 4.55205 4.51154 4.47531 4.44306 4.41448 4.38927 4.36712 4.34773 4.33078 4.316 4.30308 4.29175 4.28174 4.2728 4.26468 4.25716 4.25001 4.24306 4.23612 4.22904 4.22168 4.21393 4.2057 4.19692 4.18755 4.17757 4.16699 4.1559 4.14464 4.13566 4.14793 4.33136 
-0.107646 -0.215636 -0.216314 -0.216973 -0.217611 -0.218224 -0.21881 -0.219366 -0.219888 -0.220373 -0.220817 -0.221215 -0.221563 -0.221855 -0.222087 -0.222251 -0.222341 -0.222349 -0.222267 -0.222085 -0.221793 -0.221378 -0.220827 -0.220124 -0.21925 -0.218185 -0.216903 -0.215375 -0.213566 -0.211434 -0.20893 -0.205993 -0.202547 -0.1985 -0.193737 -0.18811 -0.18143 -0.173443 -0.163802 -0.151993 -0.137145 -0.117478 -0.0887527 -0.0407982 0.0478213 0.213871 0.50637 0.970507 1.62101 2.43394 3.3646 4.36536 5.39437 6.41761 7.40818 8.34511 9.21238 9.99833 10.6953 11.2993 11.8099 12.2293 12.5622 12.815 12.9953 13.111 13.1705 13.1815 13.1515 13.087 12.994 12.8774 12.7416 12.5899 12.4253 12.2499 12.0654 11.873 11.6737 11.4681 11.2568 11.0402 10.8186 10.5927 10.363 10.1303 9.89586 9.66084 9.42692 9.19592 8.96992 8.75109 8.54167 8.34387 8.15974 7.99115 7.83966 7.70649 7.5925 7.49816 7.42356 7.36847 7.3323 7.3142 7.31312 7.32778 7.35679 7.39868 7.4519 7.51489 7.58613 7.66409 7.74735 7.83456 7.92444 8.01585 8.10772 8.1991 8.28911 8.37698 8.46204 8.54375 8.62139 8.69315 8.7569 8.81105 8.85433 8.88564 8.90407 8.90891 8.89968 8.87611 8.83818 8.78606 8.72017 8.64113 8.54974 8.44696 8.33387 8.21165 8.08158 7.94493 7.80304 7.65718 7.50863 7.35858 7.20818 7.05849 6.91047 6.76499 6.62283 6.48466 6.35105 6.22251 6.0994 5.98206 5.87069 5.76547 5.66648 5.57375 5.48724 5.4069 5.33258 5.26415 5.2014 5.14411 5.09203 5.0449 5.00243 4.96431 4.93024 4.8999 4.87295 4.84907 4.82794 4.80922 4.7926 4.77777 4.76442 4.75227 4.74103 4.73046 4.7203 4.71033 4.70034 4.69015 4.67959 4.66852 4.65682 4.6444 4.63118 4.61712 4.60219 4.5864 4.56979 4.55249 4.53492 4.51983 4.52754 4.7097 
-0.0988029 -0.197955 -0.198645 -0.199317 -0.19997 -0.2006 -0.201204 -0.20178 -0.202323 -0.202831 -0.203298 -0.203722 -0.204096 -0.204416 -0.204676 -0.20487 -0.20499 -0.205029 -0.204978 -0.204827 -0.204564 -0.204177 -0.203651 -0.202969 -0.20211 -0.201052 -0.199765 -0.198216 -0.196365 -0.194163 -0.191548 -0.188446 -0.184762 -0.180377 -0.175135 -0.168834 -0.161204 -0.151871 -0.140295 -0.125626 -0.106293 -0.0787572 -0.0339488 0.0505194 0.220799 0.551281 1.13135 2.02336 3.19878 4.55134 5.97112 7.37517 8.70779 9.93304 11.028 11.9788 12.7786 13.4266 13.9274 14.2905 14.5285 14.6567 14.6912 14.6482 14.5428 14.3885 14.1971 13.9784 13.7405 13.4894 13.2299 12.9656 12.6988 12.431 12.1633 11.8959 11.629 11.3624 11.0959 10.8293 10.5623 10.295 10.0277 9.76078 9.49513 9.23188 8.9725 8.71875 8.47259 8.23617 8.01166 7.80121 7.60683 7.43028 7.27305 7.13627 7.02067 6.92664 6.85415 6.80287 6.77212 6.761 6.76835 6.79285 6.83306 6.88742 6.95434 7.03217 7.1193 7.2141 7.31502 7.42057 7.52933 7.64 7.75138 7.86237 7.97202 8.07947 8.18401 8.28502 8.382 8.47454 8.56232 8.64439 8.71877 8.78369 8.83805 8.88094 8.91159 8.92939 8.93385 8.92469 8.90178 8.86522 8.8153 8.75249 8.67746 8.59104 8.49418 8.38796 8.27352 8.15209 8.02491 7.89321 7.75823 7.62114 7.48307 7.34509 7.20816 7.07317 6.94093 6.81213 6.68739 6.56721 6.45203 6.34217 6.2379 6.1394 6.04677 5.96005 5.87924 5.80427 5.73501 5.67131 5.61297 5.55975 5.5114 5.46763 5.42814 5.39261 5.3607 5.33209 5.30642 5.28335 5.26254 5.24365 5.22636 5.21036 5.19534 5.18101 5.16712 5.1534 5.13964 5.12563 5.11119 5.09615 5.08037 5.06375 5.04619 5.02763 5.00801 4.98731 4.96555 4.94276 4.919 4.89443 4.86958 4.8475 4.84991 5.02915 
-0.0895311 -0.179418 -0.180122 -0.180811 -0.181482 -0.182133 -0.18276 -0.183361 -0.183931 -0.184468 -0.184967 -0.185423 -0.185833 -0.18619 -0.186489 -0.186723 -0.186886 -0.186969 -0.186962 -0.186856 -0.18664 -0.186298 -0.185816 -0.185174 -0.184352 -0.183323 -0.182055 -0.180511 -0.178644 -0.176396 -0.173694 -0.170446 -0.166533 -0.161801 -0.156045 -0.148987 -0.140246 -0.129271 -0.115233 -0.0967322 -0.070954 -0.0309236 0.0424365 0.197149 0.528777 1.18034 2.30625 3.97508 6.00647 8.09678 10.054 11.7863 13.2569 14.4553 15.3845 16.0565 16.4907 16.7131 16.7544 16.6482 16.428 16.1247 15.7649 15.3705 14.9585 14.5414 14.1277 13.7232 13.331 12.9528 12.5887 12.2383 11.9004 11.5737 11.2564 10.9472 10.6444 10.347 10.0539 9.76442 9.47832 9.19564 8.91687 8.64289 8.37494 8.11459 7.86366 7.62412 7.39801 7.18734 6.99396 6.81952 6.66537 6.53251 6.42157 6.33286 6.26629 6.22149 6.1978 6.19431 6.20993 6.2434 6.29336 6.35833 6.4368 6.52719 6.62793 6.73743 6.85412 6.97646 7.10298 7.23223 7.36289 7.4937 7.62351 7.75128 7.87609 7.99717 8.11386 8.22562 8.33203 8.43273 8.52739 8.61548 8.69552 8.76573 8.8252 8.87354 8.91032 8.93511 8.94754 8.94735 8.9344 8.90872 8.87051 8.82014 8.75816 8.68527 8.60228 8.51016 8.40993 8.30271 8.18963 8.07185 7.95052 7.82677 7.70168 7.57626 7.45147 7.32818 7.20717 7.08914 6.9747 6.86437 6.75857 6.65764 6.56184 6.47135 6.38629 6.30669 6.23253 6.16373 6.10016 6.04166 5.988 5.93894 5.89419 5.85346 5.81642 5.78274 5.75206 5.72405 5.69835 5.6746 5.65248 5.63166 5.61182 5.59266 5.57391 5.55531 5.53662 5.51764 5.49817 5.47805 5.45715 5.43534 5.41253 5.38865 5.36365 5.33749 5.31017 5.28169 5.25209 5.22141 5.18974 5.15725 5.12454 5.09499 5.09163 5.26548 
-0.0798493 -0.160062 -0.160783 -0.161492 -0.162185 -0.16286 -0.163515 -0.164146 -0.164749 -0.165321 -0.165858 -0.166356 -0.16681 -0.167213 -0.167562 -0.167848 -0.168065 -0.168205 -0.168257 -0.168213 -0.168059 -0.16778 -0.167362 -0.166783 -0.166021 -0.165046 -0.163825 -0.162315 -0.160461 -0.158197 -0.155437 -0.152068 -0.147943 -0.142863 -0.13656 -0.128658 -0.118621 -0.105651 -0.088478 -0.0648267 -0.0296971 0.0304341 0.154801 0.44333 1.08458 2.33729 4.46029 7.51121 10.8523 13.7458 16.0214 17.6956 18.8295 19.4902 19.7445 19.6627 19.3186 18.7851 18.1302 17.4116 16.674 15.949 15.2562 14.6062 14.0033 13.4473 12.9355 12.4639 12.0279 11.6226 11.2436 10.8864 10.5473 10.2229 9.91033 9.60722 9.31178 9.02276 8.73937 8.46134 8.18885 7.92247 7.66317 7.41228 7.17144 6.94245 6.72716 6.5274 6.34483 6.18096 6.03698 5.91381 5.81198 5.73174 5.67301 5.63545 5.61848 5.62132 5.64301 5.68248 5.73856 5.80999 5.89547 5.99363 6.10309 6.22243 6.35022 6.48504 6.62546 6.77005 6.91743 7.06627 7.21527 7.36322 7.509 7.65157 7.79 7.92348 8.05131 8.17297 8.28801 8.39603 8.49659 8.58914 8.67264 8.74538 8.80658 8.85665 8.89572 8.92367 8.94024 8.94523 8.93855 8.92019 8.89033 8.84928 8.79748 8.73554 8.66417 8.5842 8.49657 8.40225 8.30228 8.19771 8.08961 7.979 7.8669 7.75426 7.64198 7.53087 7.42168 7.31506 7.2116 7.11177 7.01599 6.92457 6.83773 6.75565 6.6784 6.606 6.53841 6.47551 6.41717 6.36317 6.31328 6.26723 6.22471 6.18542 6.14901 6.11515 6.08349 6.05369 6.02541 5.99832 5.97211 5.9465 5.92121 5.89598 5.87061 5.84488 5.81863 5.79171 5.764 5.73539 5.70582 5.67523 5.64358 5.61086 5.57706 5.54219 5.50628 5.46936 5.43147 5.39267 5.35303 5.3127 5.27224 5.23541 5.22633 5.39131 
-0.0697798 -0.139932 -0.140672 -0.141403 -0.142122 -0.142827 -0.143513 -0.14418 -0.144822 -0.145436 -0.146019 -0.146566 -0.147072 -0.147531 -0.147939 -0.148289 -0.148572 -0.148782 -0.148909 -0.148941 -0.148867 -0.148671 -0.148337 -0.147843 -0.147165 -0.146272 -0.145127 -0.143682 -0.141876 -0.139632 -0.13685 -0.133393 -0.129081 -0.123665 -0.116793 -0.107963 -0.0964316 -0.0810497 -0.0599048 -0.029335 0.0194017 0.111961 0.326883 0.865281 2.07767 4.39864 8.27588 13.8272 19.0137 22.1717 23.8309 24.419 24.23 23.4837 22.3659 21.0434 19.6506 18.2864 17.0149 15.8692 14.8587 13.9777 13.2125 12.5471 11.9651 11.4518 10.9945 10.5822 10.2062 9.85889 9.53438 9.22771 8.93491 8.6529 8.37932 8.11256 7.85182 7.59668 7.3472 7.10417 6.86862 6.64149 6.42387 6.21703 6.02259 5.84237 5.67797 5.53073 5.40172 5.29183 5.20161 5.13123 5.08066 5.04962 5.03768 5.04421 5.0685 5.10972 5.16696 5.23926 5.32563 5.42501 5.53632 5.65843 5.7902 5.93043 6.07789 6.23134 6.3895 6.55109 6.71481 6.87939 7.04358 7.20617 7.36603 7.5221 7.67342 7.81902 7.95804 8.08988 8.214 8.32988 8.43696 8.53461 8.62201 8.69761 8.76044 8.81151 8.85194 8.88189 8.90126 8.9099 8.90777 8.89495 8.8716 8.83801 8.7946 8.74187 8.68047 8.61115 8.53474 8.45211 8.36419 8.27194 8.17632 8.07826 7.97867 7.87843 7.77834 7.67915 7.58153 7.48607 7.3933 7.30363 7.21741 7.1349 7.0563 6.98172 6.91118 6.84467 6.78209 6.72332 6.66815 6.61637 6.56771 6.52188 6.47859 6.4375 6.3983 6.36067 6.32428 6.28885 6.25406 6.21967 6.18543 6.15111 6.11654 6.08154 6.04597 6.00975 5.97278 5.93501 5.89641 5.85696 5.81667 5.77557 5.73367 5.69103 5.64768 5.60369 5.5591 5.51395 5.4683 5.42218 5.3756 5.32861 5.28168 5.23906 5.22528 5.37679 
-0.0593499 -0.119082 -0.119844 -0.1206 -0.121348 -0.122085 -0.122809 -0.123516 -0.124202 -0.124865 -0.1255 -0.126104 -0.12667 -0.127195 -0.127673 -0.128096 -0.128459 -0.128752 -0.128966 -0.129091 -0.129114 -0.129019 -0.12879 -0.128405 -0.127837 -0.127054 -0.126016 -0.12467 -0.122951 -0.120769 -0.118008 -0.114508 -0.110051 -0.104324 -0.0968796 -0.0870535 -0.073829 -0.0555743 -0.0294441 0.0103588 0.0787975 0.223214 0.596216 1.5894 3.80755 7.91334 14.7717 25.2972 32.5788 33.0834 31.4723 28.9679 26.1029 23.232 20.59 18.2902 16.3531 14.7621 13.4791 12.4518 11.6266 10.9557 10.4008 9.93262 9.52898 9.17354 8.85416 8.56179 8.28969 8.03276 7.78709 7.54959 7.31804 7.09096 6.86708 6.64662 6.43107 6.22166 6.01936 5.82495 5.63943 5.46385 5.29926 5.14667 5.00699 4.88107 4.77014 4.67541 4.59753 4.53687 4.49352 4.4673 4.45793 4.465 4.48802 4.52645 4.57969 4.64709 4.72799 4.82169 4.92745 5.04451 5.17205 5.30921 5.45508 5.60868 5.76899 5.93493 6.10537 6.27912 6.45498 6.63172 6.80811 6.98293 7.15499 7.32316 7.48639 7.64359 7.79376 7.93613 8.06998 8.19464 8.30943 8.4137 8.50675 8.5877 8.65513 8.70957 8.7532 8.78669 8.81006 8.82317 8.82608 8.81902 8.80219 8.77587 8.74045 8.69637 8.64422 8.58474 8.51868 8.44682 8.36999 8.28905 8.20491 8.1184 8.03031 7.94141 7.85242 7.76397 7.67665 7.59095 7.50731 7.42606 7.34749 7.27177 7.19902 7.1293 7.06258 6.99879 6.93779 6.87941 6.82344 6.76962 6.71771 6.66741 6.61844 6.57054 6.5234 6.47679 6.43046 6.38419 6.33779 6.2911 6.24398 6.19634 6.14812 6.09926 6.04976 5.99963 5.94891 5.89766 5.84595 5.79387 5.74149 5.68893 5.63629 5.58364 5.5311 5.47873 5.42662 5.37481 5.32333 5.27215 5.2212 5.17031 5.12034 5.07606 5.06038 5.19287 
-0.0485905 -0.0975739 -0.0983597 -0.099144 -0.0999243 -0.100698 -0.101462 -0.102214 -0.102951 -0.103668 -0.104362 -0.105029 -0.105665 -0.106264 -0.10682 -0.107328 -0.107781 -0.10817 -0.108486 -0.108718 -0.108855 -0.10888 -0.108777 -0.108523 -0.108091 -0.107447 -0.106549 -0.10534 -0.103749 -0.101676 -0.0989897 -0.095505 -0.0909603 -0.0849764 -0.0769894 -0.066137 -0.0510527 -0.0294556 0.00281922 0.0547666 0.151285 0.376806 1.01868 2.81885 6.72562 13.6181 25.3769 48.3829 54.1486 38.7504 29.8825 24.0101 19.3865 16.0267 13.6898 11.9701 10.7029 9.79146 9.13776 8.65587 8.28406 7.98229 7.72563 7.49843 7.29054 7.09529 6.90826 6.72641 6.54776 6.37092 6.19483 6.01831 5.84124 5.66552 5.49278 5.32372 5.15933 5.00112 4.8503 4.70742 4.57322 4.44876 4.33507 4.23305 4.14322 4.06581 4.00097 3.94927 3.9115 3.8879 3.87842 3.88287 3.90101 3.93255 3.97717 4.03455 4.10434 4.18617 4.27965 4.38437 4.49986 4.62562 4.7611 4.90565 5.05859 5.21914 5.38645 5.55957 5.7375 5.91915 6.1034 6.28904 6.47486 6.6596 6.84203 7.02092 7.19507 7.36333 7.52462 7.67796 7.82242 7.95716 8.08141 8.19448 8.29577 8.38482 8.46047 8.52207 8.57161 8.61095 8.64034 8.65976 8.66935 8.66941 8.66019 8.64198 8.61516 8.58019 8.53761 8.48803 8.43209 8.37042 8.30366 8.23284 8.15888 8.08242 8.00411 7.92463 7.84458 7.76449 7.68483 7.60597 7.52825 7.45192 7.37718 7.30414 7.23285 7.16328 7.09537 7.02899 6.96397 6.90015 6.83729 6.77518 6.7136 6.65233 6.59115 6.52988 6.46834 6.40639 6.34393 6.28089 6.21721 6.15289 6.08796 6.02248 5.95652 5.8902 5.82365 5.75702 5.69048 5.6242 5.55835 5.49312 5.42868 5.36519 5.3028 5.24167 5.1819 5.12362 5.06691 5.0118 4.95831 4.90632 4.85569 4.807 4.76173 4.72359 4.71094 4.81826 
-0.0375366 -0.075478 -0.0762897 -0.0771044 -0.0779198 -0.0787335 -0.0795425 -0.0803441 -0.081135 -0.0819119 -0.0826711 -0.0834087 -0.0841202 -0.0848008 -0.0854451 -0.0860472 -0.0866003 -0.0870967 -0.0875274 -0.087882 -0.0881483 -0.0883116 -0.0883541 -0.0882538 -0.0879836 -0.0875087 -0.0867846 -0.0857529 -0.0843356 -0.0824265 -0.0798783 -0.0764821 -0.0719342 -0.0657831 -0.0573371 -0.0455037 -0.0284869 -0.00316453 0.0364328 0.103896 0.239151 0.586581 1.66979 4.87652 11.5089 22.4875 41.8152 48.8835 33.6296 19.2442 12.4816 8.95429 5.81564 4.63566 5.2689 5.37863 5.42026 5.50785 5.59718 5.65416 5.67242 5.65728 5.61602 5.55484 5.47831 5.38965 5.29107 5.18413 5.07006 4.94953 4.82375 4.69551 4.5671 4.44028 4.31709 4.19791 4.08252 3.97169 3.86642 3.76767 3.67639 3.59351 3.51983 3.45605 3.40271 3.36023 3.32838 3.30651 3.29492 3.29428 3.30478 3.32637 3.35897 3.40251 3.4569 3.52206 3.5979 3.68431 3.78116 3.88828 4.00544 4.13238 4.26874 4.41411 4.56797 4.72971 4.89865 5.07399 5.25483 5.4402 5.62903 5.82018 6.01245 6.20459 6.39533 6.58336 6.76741 6.94622 7.11859 7.28335 7.43944 7.58587 7.72175 7.84631 7.95889 8.05893 8.146 8.21845 8.27704 8.32468 8.36225 8.38995 8.40798 8.4166 8.41611 8.40683 8.38916 8.36357 8.33055 8.29059 8.24421 8.19192 8.13425 8.07218 8.0066 7.93799 7.8669 7.79384 7.7193 7.64369 7.56736 7.49049 7.41339 7.33639 7.25959 7.183 7.10661 7.03038 6.95421 6.87795 6.80146 6.72458 6.64716 6.56909 6.49024 6.4105 6.32981 6.24813 6.16546 6.08184 5.99735 5.91211 5.82627 5.74002 5.65354 5.56709 5.4809 5.39524 5.31038 5.22662 5.14422 5.06347 4.98463 4.90795 4.83366 4.76199 4.69311 4.62722 4.56444 4.50493 4.44879 4.39605 4.34663 4.30128 4.26092 4.22608 4.197 4.1749 4.17082 4.24661 
-0.0262271 -0.0528714 -0.0537107 -0.054558 -0.0554112 -0.0562676 -0.0571247 -0.0579797 -0.0588294 -0.0596708 -0.0605003 -0.0613141 -0.062108 -0.0628776 -0.0636176 -0.0643226 -0.064986 -0.0656006 -0.0661579 -0.0666481 -0.0670593 -0.0673776 -0.0675856 -0.067662 -0.0675797 -0.0673043 -0.0667905 -0.0659787 -0.0647875 -0.0631049 -0.0607722 -0.0575596 -0.053126 -0.0469511 -0.0382155 -0.0255821 -0.00676869 0.022363 0.0700985 0.156203 0.34157 0.859923 2.63106 8.28829 19.283 36.4198 40.2808 16.8622 0 0 0 0 -0.792625 -1.84174 -1.05808 0.580012 1.69306 2.58664 3.21123 3.60777 3.84586 3.98073 4.04824 4.07054 4.06141 4.0295 3.98021 3.91712 3.84284 3.7609 3.67508 3.58854 3.50307 3.41848 3.33505 3.25352 3.17463 3.09921 3.02815 2.96232 2.9025 2.84941 2.80365 2.76569 2.7359 2.71454 2.70179 2.69718 2.69991 2.71026 2.72906 2.75665 2.79318 2.83878 2.89359 2.95772 3.03131 3.11447 3.20726 3.30971 3.42181 3.54347 3.67451 3.8147 3.9637 4.12105 4.28622 4.45855 4.63728 4.82155 5.01039 5.20272 5.39741 5.59325 5.78895 5.98322 6.17471 6.36211 6.54411 6.71945 6.88692 7.0454 7.19386 7.33141 7.45724 7.5707 7.6713 7.7577 7.82912 7.88781 7.93595 7.97392 8.00197 8.02037 8.02942 8.02947 8.02091 8.00416 7.97967 7.9479 7.90933 7.86445 7.81373 7.75787 7.69751 7.63314 7.56519 7.49404 7.42004 7.34351 7.26469 7.18367 7.10068 7.01606 6.92988 6.84212 6.75275 6.66176 6.56908 6.47466 6.37843 6.28034 6.18045 6.07885 5.97553 5.8706 5.76417 5.65641 5.54756 5.43788 5.32768 5.21729 5.10707 4.9974 4.88864 4.7812 4.67547 4.57185 4.47071 4.37245 4.27742 4.18598 4.09843 4.01506 3.93616 3.86194 3.79261 3.72839 3.66948 3.61585 3.56778 3.52648 3.49298 3.46774 3.451 3.44205 3.43955 3.44203 3.45043 3.48881 
-0.0147036 -0.0298377 -0.0307061 -0.0315879 -0.0324809 -0.0333826 -0.0342906 -0.0352023 -0.0361146 -0.0370247 -0.0379292 -0.0388246 -0.039707 -0.0405722 -0.0414155 -0.0422315 -0.0430145 -0.0437576 -0.0444534 -0.0450928 -0.0456649 -0.0461566 -0.0465517 -0.0468298 -0.0469653 -0.0469245 -0.0466636 -0.0461231 -0.0452216 -0.0438444 -0.0418269 -0.0389259 -0.0347741 -0.0287998 -0.0200812 -0.0070662 0.0129908 0.045278 0.100648 0.206049 0.447513 1.17387 3.91777 13.9682 32.4208 35.9282 14.4222 0 0 0 0 0 0 -1.21461 -3.0465 -2.74134 -0.864739 0.704699 1.67878 2.24431 2.57082 2.75937 2.86531 2.91898 2.93754 2.93128 2.90629 2.86779 2.82093 2.76977 2.71681 2.66246 2.60698 2.55094 2.495 2.43994 2.38653 2.33556 2.28774 2.24375 2.20419 2.16957 2.14032 2.11679 2.09926 2.08794 2.083 2.08459 2.09224 2.10514 2.1237 2.14897 2.18154 2.22173 2.26987 2.32625 2.39116 2.46485 2.54757 2.6395 2.74077 2.85144 2.97151 3.10088 3.23937 3.38668 3.54242 3.70608 3.87704 4.05457 4.23782 4.42583 4.61756 4.81187 5.00754 5.20329 5.39782 5.58977 5.7778 5.96058 6.13682 6.30527 6.4648 6.61433 6.75292 6.87972 6.99398 7.09519 7.18113 7.25243 7.31232 7.36149 7.40017 7.42863 7.44714 7.45602 7.45562 7.44632 7.42852 7.40262 7.36903 7.32818 7.2805 7.22647 7.16658 7.10122 7.03076 6.95549 6.87569 6.79159 6.70339 6.61122 6.51522 6.41558 6.31246 6.20593 6.09605 5.98286 5.86647 5.74699 5.62454 5.49927 5.37149 5.2415 5.10958 4.97603 4.84123 4.70561 4.56964 4.43384 4.29875 4.16489 4.0328 3.903 3.77601 3.65231 3.53239 3.41671 3.30573 3.19986 3.09949 3.00497 2.91663 2.83474 2.75957 2.69137 2.63033 2.57636 2.5303 2.49367 2.46722 2.4514 2.44653 2.45201 2.46688 2.49032 2.52045 2.55226 2.57432 2.57095 
-0.00301085 -0.00646598 -0.00736464 -0.00828239 -0.00921711 -0.0101666 -0.0111284 -0.0121002 -0.0130792 -0.0140628 -0.0150479 -0.0160314 -0.0170097 -0.0179789 -0.0189345 -0.0198716 -0.0207849 -0.0216688 -0.0225182 -0.0233257 -0.0240816 -0.0247739 -0.0253882 -0.0259062 -0.0263047 -0.0265527 -0.0266093 -0.0264188 -0.0259033 -0.0249513 -0.0233999 -0.0210051 -0.0173947 -0.0119909 -0.00384471 0.00869239 0.0286287 0.0618335 0.120974 0.238281 0.518758 1.40955 5.18625 23.9257 33.2238 13.4349 0 0 0 0 0 0 0 0 -1.2921 -3.6041 -2.92255 -0.435995 0.738367 1.33385 1.65488 1.83503 1.93667 1.99079 2.01349 2.01496 2.00272 1.98194 1.95647 1.92771 1.89582 1.8614 1.82508 1.78753 1.74942 1.71143 1.67419 1.6383 1.60432 1.57275 1.54401 1.5185 1.49653 1.4784 1.46435 1.45464 1.44948 1.44911 1.45378 1.46311 1.47636 1.49392 1.51699 1.54644 1.58275 1.62635 1.67765 1.73702 1.80481 1.88131 1.96679 2.06143 2.16534 2.27857 2.40106 2.53266 2.67313 2.82209 2.97908 3.1435 3.31466 3.49173 3.67381 3.85985 4.04876 4.23934 4.43034 4.62046 4.80836 4.99271 5.17218 5.34546 5.51132 5.66855 5.81607 5.95286 6.07809 6.1911 6.28971 6.37314 6.44379 6.50303 6.55108 6.58811 6.61434 6.63001 6.6354 6.63081 6.61657 6.593 6.56046 6.51928 6.46983 6.41247 6.34758 6.27547 6.19646 6.11081 6.01877 5.92057 5.81642 5.70653 5.59108 5.47031 5.34447 5.21379 5.07852 4.93891 4.79527 4.64795 4.49733 4.34382 4.18795 4.03027 3.87134 3.71175 3.55214 3.39317 3.23553 3.07994 2.92707 2.7776 2.63218 2.49143 2.35589 2.22604 2.10235 1.98529 1.87528 1.77268 1.67784 1.59106 1.51263 1.44277 1.38146 1.329 1.28675 1.25596 1.23693 1.23008 1.23539 1.25187 1.27874 1.31585 1.36309 1.41985 1.48337 1.5446 1.57887 1.5319 
0.00880443 0.0171504 0.0162207 0.0152659 0.0142883 0.0132896 0.0122719 0.0112374 0.0101882 0.00912657 0.0080547 0.00697507 0.00589026 0.00480305 0.00371642 0.00263368 0.00155849 0.000495044 -0.000551838 -0.00157645 -0.00257192 -0.0035298 -0.00443942 -0.00528696 -0.00605345 -0.00671277 -0.00723165 -0.00756409 -0.00764215 -0.00736605 -0.00658611 -0.00507457 -0.00249022 0.00160566 0.00797554 0.0181002 0.0347219 0.0632254 0.115124 0.218494 0.458404 1.1798 4.17655 19.8823 16.5712 0 0 0 0 0 0 0 0 0 0 -1.98678 -2.59939 -0.613655 0.290084 0.732626 0.964935 1.09252 1.16325 1.20086 1.218 1.22226 1.219 1.21073 1.19802 1.18151 1.16171 1.13918 1.11447 1.08813 1.06067 1.03259 1.00437 0.976421 0.949153 0.922925 0.898061 0.874859 0.853597 0.834541 0.817955 0.804113 0.793308 0.785857 0.78209 0.782418 0.786602 0.793966 0.804682 0.819933 0.840894 0.868182 0.902294 0.943685 0.992776 1.04995 1.11555 1.18984 1.27306 1.36535 1.46676 1.57728 1.69679 1.82505 1.96174 2.10642 2.25854 2.41743 2.58233 2.75234 2.92651 3.10376 3.28294 3.46286 3.64226 3.81985 3.99431 4.16434 4.32867 4.48604 4.63527 4.77526 4.90499 5.02341 5.12935 5.22089 5.29849 5.36411 5.41787 5.45983 5.49007 5.50874 5.51601 5.51209 5.4972 5.47161 5.43558 5.38939 5.33336 5.26777 5.19296 5.10923 5.01689 4.91623 4.80756 4.69119 4.56742 4.4366 4.29907 4.15523 4.0055 3.85034 3.69024 3.52574 3.35739 3.18581 3.01167 2.83567 2.65856 2.48113 2.30417 2.1285 1.95495 1.78433 1.61746 1.4551 1.29802 1.14689 1.00237 0.865031 0.735276 0.613466 0.499982 0.39517 0.29934 0.212783 0.135698 0.0680796 0.00998244 -0.0374514 -0.0729524 -0.0962397 -0.107142 -0.105388 -0.0917089 -0.0674741 -0.0332985 0.0107351 0.0648198 0.129324 0.204543 0.289963 0.382028 0.467994 0.510975 0.421518 
0.0206938 0.0409149 0.0399535 0.0389614 0.0379403 0.0368921 0.0358185 0.0347213 0.033602 0.0324624 0.0313041 0.0301285 0.0289371 0.0277312 0.0265121 0.0252808 0.0240386 0.0227873 0.0215301 0.020269 0.0190055 0.0177411 0.0164775 0.0152173 0.0139644 0.0127246 0.0115034 0.010308 0.00915145 0.00805345 0.00704525 0.00617747 0.00553436 0.00526141 0.00561971 0.00709639 0.0106413 0.018204 0.0340418 0.068294 0.149066 0.376182 1.19451 4.36948 3.448 0 0 0 0 0 0 0 0 0 0 -0.431305 -0.58412 -0.12056 0.163818 0.317176 0.402074 0.450986 0.479537 0.495847 0.505063 0.509607 0.510005 0.506696 0.499916 0.48992 0.476979 0.461394 0.443486 0.423583 0.402013 0.379096 0.35514 0.330438 0.305269 0.279895 0.25457 0.229542 0.205061 0.181385 0.158792 0.137583 0.11809 0.10068 0.0857523 0.0737364 0.0651573 0.0599785 0.0576384 0.0579221 0.0618044 0.070715 0.085411 0.106437 0.134268 0.169342 0.212051 0.262743 0.321709 0.389176 0.465301 0.55016 0.643745 0.745953 0.856585 0.975339 1.10181 1.23548 1.37574 1.52186 1.67303 1.82832 1.98674 2.14722 2.30861 2.46974 2.62937 2.78626 2.93917 3.08686 3.22815 3.36188 3.48693 3.60225 3.70709 3.79897 3.8771 3.94301 3.99671 4.03807 4.06705 4.08365 4.08794 4.08001 4.06002 4.02814 3.9846 3.92965 3.86356 3.78665 3.69924 3.60169 3.49438 3.3777 3.2521 3.11803 2.97597 2.82647 2.67009 2.50745 2.33923 2.16612 1.98889 1.80833 1.62526 1.44055 1.2551 1.06982 0.885642 0.703503 0.524334 0.349043 0.17851 0.0135776 -0.14497 -0.296407 -0.440074 -0.575407 -0.701887 -0.819276 -0.927555 -1.02648 -1.11573 -1.1952 -1.26496 -1.32494 -1.37413 -1.41153 -1.43705 -1.45066 -1.45227 -1.44219 -1.42187 -1.39257 -1.35465 -1.30824 -1.25319 -1.18917 -1.11566 -1.03202 -0.937687 -0.833061 -0.722123 -0.620121 -0.573315 -0.701373 
0.032608 0.0647288 0.0637356 0.0627058 0.0616413 0.0605436 0.0594145 0.0582553 0.0570675 0.0558525 0.0546115 0.0533454 0.0520552 0.0507415 0.0494047 0.0480448 0.0466615 0.0452542 0.0438217 0.0423619 0.0408717 0.0393465 0.0377798 0.0361627 0.0344829 0.0327233 0.0308598 0.0288579 0.0266681 0.0242181 0.0214004 0.0180538 0.0139464 0.00882501 0.00225472 -0.00664108 -0.0194296 -0.0390413 -0.0713027 -0.128821 -0.243965 -0.531712 -1.54628 -5.74647 -4.57097 0 0 0 0 0 0 0 0 0 0 0.532285 0.833249 0.413533 0.121985 -0.0324642 -0.10816 -0.143383 -0.158596 -0.164389 -0.165898 -0.165949 -0.166317 -0.168037 -0.171733 -0.17775 -0.186252 -0.197275 -0.21077 -0.226631 -0.244717 -0.264861 -0.286887 -0.310608 -0.335832 -0.362365 -0.390002 -0.41853 -0.44772 -0.477323 -0.507062 -0.53663 -0.565684 -0.593844 -0.62069 -0.645769 -0.668586 -0.688595 -0.705528 -0.719839 -0.732004 -0.741434 -0.746801 -0.747069 -0.741641 -0.730038 -0.711829 -0.686627 -0.654092 -0.61394 -0.565944 -0.50995 -0.445876 -0.373722 -0.293577 -0.20562 -0.110126 -0.00746724 0.101886 0.217364 0.338305 0.463953 0.593467 0.725931 0.860356 0.995698 1.13087 1.26474 1.39617 1.52401 1.64715 1.76446 1.87487 1.97739 2.0713 2.15438 2.22515 2.28404 2.33087 2.36536 2.38733 2.39666 2.39331 2.3773 2.34872 2.30771 2.25448 2.18928 2.11243 2.02426 1.92521 1.81573 1.69632 1.56753 1.42998 1.28431 1.13124 0.971503 0.805914 0.635323 0.460625 0.282754 0.102678 -0.0786119 -0.260109 -0.440796 -0.619661 -0.795702 -0.967938 -1.13542 -1.29726 -1.45261 -1.60068 -1.74079 -1.87231 -1.99476 -2.10767 -2.21073 -2.30398 -2.38772 -2.46212 -2.52726 -2.5827 -2.62749 -2.66124 -2.68408 -2.69612 -2.69744 -2.68827 -2.66998 -2.64408 -2.61114 -2.57146 -2.52517 -2.47219 -2.41233 -2.34526 -2.27047 -2.18733 -2.09505 -1.99293 -1.88119 -1.76377 -1.65677 -1.61183 -1.77278 
0.0444974 0.088493 0.087468 0.0864008 0.0852931 0.0841463 0.082962 0.0817415 0.0804861 0.0791969 0.0778747 0.0765202 0.075134 0.0737161 0.0722664 0.0707843 0.0692684 0.067717 0.0661273 0.0644954 0.0628159 0.0610814 0.0592821 0.0574044 0.0554301 0.053334 0.0510815 0.0486238 0.0458915 0.0427841 0.0391528 0.0347727 0.0292988 0.0221927 0.0125624 -0.00115556 -0.0218331 -0.0550698 -0.112719 -0.223422 -0.474062 -1.22407 -4.39423 -21.3595 -17.8638 0 0 0 0 0 0 0 0 0 0 2.11867 2.89118 0.928428 0.0188139 -0.418128 -0.634462 -0.743694 -0.798983 -0.826234 -0.838614 -0.843263 -0.844319 -0.844286 -0.844731 -0.84665 -0.850668 -0.857165 -0.866351 -0.878322 -0.893092 -0.910619 -0.930822 -0.95359 -0.978791 -1.00627 -1.03587 -1.06739 -1.10063 -1.13535 -1.17129 -1.20817 -1.24565 -1.28337 -1.32094 -1.35792 -1.39383 -1.42817 -1.46043 -1.49004 -1.51723 -1.54259 -1.56607 -1.58669 -1.60311 -1.61468 -1.62091 -1.62138 -1.61571 -1.60359 -1.58475 -1.55896 -1.52607 -1.48601 -1.43876 -1.38441 -1.3231 -1.2551 -1.18072 -1.1004 -1.01465 -0.924069 -0.829329 -0.731185 -0.630458 -0.528026 -0.424818 -0.321798 -0.219956 -0.120295 -0.0238127 0.0685026 0.155693 0.236872 0.31124 0.377285 0.433238 0.478308 0.512127 0.534314 0.544583 0.542742 0.528688 0.502403 0.463955 0.41349 0.351235 0.277492 0.192638 0.0971228 -0.00853254 -0.123739 -0.24784 -0.380117 -0.51979 -0.666024 -0.817927 -0.974562 -1.13495 -1.29807 -1.46289 -1.62834 -1.79336 -1.95689 -2.11788 -2.27532 -2.42823 -2.57568 -2.71682 -2.85086 -2.97707 -3.09485 -3.20369 -3.30316 -3.39281 -3.4726 -3.54284 -3.6039 -3.65609 -3.69902 -3.73211 -3.75543 -3.76918 -3.77359 -3.76883 -3.75534 -3.73453 -3.70782 -3.67577 -3.63881 -3.5972 -3.55104 -3.50034 -3.44501 -3.38488 -3.31967 -3.24899 -3.17233 -3.08902 -2.99827 -2.89935 -2.79232 -2.68065 -2.57972 -2.54244 -2.72996 
0.0563125 0.112109 0.111053 0.109949 0.108799 0.107604 0.106365 0.105085 0.103763 0.102401 0.101 0.0995596 0.09808 0.0965612 0.0950023 0.0934023 0.0917591 0.0900703 0.088332 0.0865391 0.0846851 0.0827608 0.0807543 0.0786497 0.0764257 0.0740534 0.0714932 0.0686903 0.0655676 0.0620143 0.0578678 0.0528844 0.0466889 0.038687 0.0278998 0.0126398 -0.0101595 -0.0464654 -0.109123 -0.230768 -0.518245 -1.43317 -5.36597 -25.1537 -34.5233 -13.6645 0 0 0 0 0 0 0 0 1.33193 3.81558 3.27956 0.802308 -0.374831 -0.95979 -1.25994 -1.4166 -1.49788 -1.53808 -1.55537 -1.55987 -1.5576 -1.5523 -1.54637 -1.54138 -1.53838 -1.53803 -1.54076 -1.54683 -1.55636 -1.56938 -1.58587 -1.60576 -1.62894 -1.65528 -1.68462 -1.71679 -1.7516 -1.78883 -1.82825 -1.86958 -1.91254 -1.95681 -2.00204 -2.04784 -2.09379 -2.13945 -2.18434 -2.22795 -2.26968 -2.30942 -2.34768 -2.38474 -2.42007 -2.45254 -2.48122 -2.50559 -2.52525 -2.53985 -2.54908 -2.55268 -2.55042 -2.54217 -2.52784 -2.50739 -2.4809 -2.44849 -2.41036 -2.36681 -2.3182 -2.26498 -2.20766 -2.14683 -2.08314 -2.0173 -1.95005 -1.88217 -1.81449 -1.74782 -1.683 -1.62084 -1.56214 -1.50766 -1.45813 -1.41449 -1.37854 -1.35181 -1.33485 -1.32807 -1.33179 -1.34623 -1.37148 -1.40756 -1.45437 -1.51173 -1.57936 -1.65688 -1.74384 -1.83967 -1.94375 -2.05538 -2.17378 -2.2981 -2.42744 -2.56085 -2.69734 -2.83588 -2.97542 -3.11491 -3.25329 -3.38953 -3.5226 -3.65154 -3.77542 -3.89339 -4.00466 -4.10855 -4.20444 -4.29183 -4.37027 -4.43941 -4.49921 -4.54999 -4.59193 -4.62476 -4.64851 -4.66363 -4.67041 -4.66911 -4.65998 -4.64325 -4.6198 -4.59107 -4.55806 -4.52129 -4.48123 -4.4382 -4.39243 -4.34405 -4.29315 -4.23973 -4.18376 -4.12512 -4.06363 -3.99903 -3.93097 -3.85897 -3.78246 -3.70074 -3.61314 -3.51961 -3.42298 -3.33684 -3.31201 -3.52034 
0.0680053 0.135481 0.134394 0.133254 0.132063 0.130821 0.129531 0.128192 0.126807 0.125375 0.123898 0.122375 0.120805 0.11919 0.117526 0.115814 0.114049 0.11223 0.110351 0.108406 0.106389 0.104288 0.102091 0.0997798 0.0973316 0.0947156 0.09189 0.0887975 0.0853586 0.0814604 0.0769393 0.0715536 0.0649355 0.05651 0.0453462 0.0298746 0.00731513 -0.0275947 -0.0858891 -0.195077 -0.443727 -1.19572 -4.07022 -14.6617 -33.4131 -36.4069 -14.4708 0 0 0 0 0 0 1.27489 3.23782 3.08216 1.30042 -0.253048 -1.22349 -1.77502 -2.07793 -2.23979 -2.32165 -2.35752 -2.3667 -2.36057 -2.34613 -2.32789 -2.3088 -2.29086 -2.27537 -2.26321 -2.25493 -2.25085 -2.25114 -2.25584 -2.26493 -2.27832 -2.29588 -2.31746 -2.34287 -2.37194 -2.40445 -2.44019 -2.47893 -2.52044 -2.56446 -2.61072 -2.65894 -2.7088 -2.75996 -2.81206 -2.86471 -2.91749 -2.96995 -3.02162 -3.07202 -3.12138 -3.1702 -3.21844 -3.2653 -3.3097 -3.35104 -3.3889 -3.42294 -3.45284 -3.47836 -3.49927 -3.5154 -3.52664 -3.53295 -3.53433 -3.53087 -3.52272 -3.51011 -3.49333 -3.47273 -3.44874 -3.42182 -3.39251 -3.36136 -3.329 -3.29602 -3.26309 -3.23084 -3.1999 -3.1709 -3.14442 -3.12106 -3.10143 -3.08719 -3.08009 -3.0807 -3.08942 -3.10652 -3.13217 -3.16645 -3.20929 -3.26057 -3.32003 -3.38732 -3.46201 -3.54356 -3.63134 -3.72466 -3.82276 -3.92479 -4.02987 -4.13708 -4.24545 -4.354 -4.46175 -4.56773 -4.67097 -4.77054 -4.86557 -4.95524 -5.0388 -5.11559 -5.18499 -5.2465 -5.29975 -5.34451 -5.38077 -5.40851 -5.42744 -5.43756 -5.43939 -5.43356 -5.42048 -5.40048 -5.37391 -5.34133 -5.30397 -5.26298 -5.21889 -5.17224 -5.12349 -5.07296 -5.02096 -4.96772 -4.91342 -4.85822 -4.80222 -4.74548 -4.68803 -4.62986 -4.57088 -4.51096 -4.44991 -4.38747 -4.32326 -4.25684 -4.18768 -4.11524 -4.03944 -3.96246 -3.8957 -3.88597 -4.11052 
0.0795289 0.158514 0.157398 0.156224 0.154994 0.153708 0.152367 0.150974 0.149528 0.14803 0.146481 0.144879 0.143225 0.141518 0.139757 0.137938 0.13606 0.134118 0.132108 0.130022 0.127853 0.12559 0.123218 0.12072 0.11807 0.115238 0.112181 0.108843 0.105143 0.100973 0.096175 0.0905221 0.083674 0.0751099 0.0640073 0.049019 0.0278383 -0.00373562 -0.0541614 -0.143784 -0.336003 -0.877122 -2.74425 -8.71306 -19.9729 -36.9345 -40.32 -16.7475 0 0 0 0 0.926342 2.18427 1.51518 -0.0475427 -1.11377 -1.99561 -2.61565 -2.99873 -3.21369 -3.32106 -3.36235 -3.36372 -3.34141 -3.30565 -3.26313 -3.21831 -3.17419 -3.13282 -3.09554 -3.06324 -3.03642 -3.01534 -3.0001 -2.99065 -2.98687 -2.98857 -2.99553 -3.00749 -3.02419 -3.04538 -3.07079 -3.10015 -3.13322 -3.16974 -3.20949 -3.25221 -3.29768 -3.34565 -3.39588 -3.4481 -3.50203 -3.55737 -3.6138 -3.67096 -3.72849 -3.78591 -3.84311 -3.90052 -3.95834 -4.01623 -4.07331 -4.12878 -4.18216 -4.23311 -4.2813 -4.32646 -4.36833 -4.40671 -4.44144 -4.47241 -4.49958 -4.52295 -4.54259 -4.55864 -4.57128 -4.58077 -4.58739 -4.5915 -4.59347 -4.59373 -4.59272 -4.59088 -4.58869 -4.58659 -4.58504 -4.58445 -4.58525 -4.58789 -4.59382 -4.60458 -4.62068 -4.64239 -4.66992 -4.70336 -4.7427 -4.78784 -4.83856 -4.89457 -4.95547 -5.02077 -5.08992 -5.16227 -5.23714 -5.31375 -5.39133 -5.46903 -5.546 -5.62139 -5.69434 -5.76403 -5.82968 -5.89054 -5.9459 -5.99509 -6.03759 -6.073 -6.10102 -6.12143 -6.13377 -6.13768 -6.13333 -6.12106 -6.10128 -6.0746 -6.04149 -6.00228 -5.95753 -5.90833 -5.85572 -5.80024 -5.7424 -5.68268 -5.6215 -5.5592 -5.49611 -5.4325 -5.36864 -5.30477 -5.24109 -5.17779 -5.11502 -5.05291 -4.99156 -4.93103 -4.87135 -4.81251 -4.75446 -4.69708 -4.64022 -4.58366 -4.52709 -4.47017 -4.41252 -4.3541 -4.29657 -4.24926 -4.25442 -4.49199 
0.0908389 0.181122 0.179978 0.178771 0.177503 0.176176 0.174789 0.173344 0.171842 0.170282 0.168666 0.166992 0.165259 0.163468 0.161615 0.159699 0.157716 0.155661 0.153531 0.151317 0.14901 0.1466 0.144072 0.141406 0.138579 0.135559 0.132305 0.128761 0.124851 0.120473 0.115481 0.109668 0.102733 0.0942248 0.0834506 0.0693115 0.0499933 0.0223247 -0.019807 -0.0904831 -0.231669 -0.596935 -1.74569 -5.14052 -11.9892 -22.9895 -41.9412 -48.3961 -32.7722 -18.3177 -11.551 -7.92152 -4.74056 -3.68003 -4.40662 -4.54457 -4.59468 -4.69376 -4.79125 -4.84551 -4.84986 -4.81365 -4.74907 -4.66654 -4.57398 -4.47713 -4.38035 -4.28684 -4.19866 -4.11728 -4.04369 -3.97842 -3.92165 -3.87336 -3.83339 -3.80148 -3.77727 -3.76035 -3.75028 -3.7466 -3.74889 -3.75671 -3.76967 -3.78737 -3.80946 -3.83561 -3.86553 -3.89897 -3.9357 -3.97551 -4.01821 -4.06363 -4.11159 -4.16193 -4.21445 -4.26897 -4.32526 -4.38307 -4.44215 -4.50213 -4.5632 -4.62577 -4.68984 -4.75481 -4.81985 -4.88437 -4.94798 -5.01033 -5.0711 -5.12998 -5.18671 -5.24106 -5.29282 -5.34186 -5.38808 -5.43143 -5.47193 -5.50964 -5.54467 -5.57717 -5.60735 -5.63543 -5.66166 -5.68633 -5.70972 -5.73211 -5.7538 -5.77505 -5.79613 -5.81739 -5.83998 -5.86508 -5.89302 -5.92396 -5.95801 -5.99517 -6.03536 -6.07843 -6.12412 -6.1721 -6.22198 -6.27326 -6.32542 -6.37785 -6.42993 -6.48099 -6.53038 -6.57739 -6.62133 -6.66152 -6.69727 -6.72796 -6.75311 -6.77233 -6.78529 -6.79142 -6.78998 -6.78074 -6.76383 -6.73942 -6.70774 -6.66916 -6.62424 -6.57336 -6.5171 -6.45649 -6.39234 -6.32512 -6.25532 -6.18343 -6.10984 -6.03494 -5.95908 -5.88258 -5.80578 -5.72896 -5.65241 -5.5764 -5.5012 -5.42702 -5.35411 -5.28264 -5.21282 -5.14478 -5.07868 -5.01462 -4.95268 -4.89292 -4.83535 -4.77997 -4.72671 -4.67549 -4.62616 -4.57852 -4.53237 -4.48773 -4.44589 -4.41451 -4.43184 -4.6805 
0.101894 0.203219 0.202049 0.200812 0.19951 0.198144 0.196714 0.195222 0.193668 0.192053 0.190375 0.188634 0.186831 0.184962 0.183027 0.181023 0.178945 0.17679 0.174552 0.172223 0.169795 0.167255 0.16459 0.161779 0.1588 0.155622 0.152205 0.148496 0.144425 0.139897 0.134782 0.128898 0.121986 0.113666 0.103377 0.09025 0.0729071 0.049031 0.0143498 -0.040499 -0.141888 -0.380401 -1.06507 -2.98095 -7.05294 -14.0469 -25.7083 -48.0924 -53.1886 -37.549 -28.5177 -22.3863 -17.7455 -14.6292 -12.4291 -10.7862 -9.56691 -8.69127 -8.06329 -7.59545 -7.22596 -6.91684 -6.64643 -6.40288 -6.17993 -5.97428 -5.78453 -5.61012 -5.45062 -5.30575 -5.17524 -5.05875 -4.9558 -4.86586 -4.78831 -4.72247 -4.6676 -4.62289 -4.58754 -4.56077 -4.54184 -4.53007 -4.52479 -4.52537 -4.53123 -4.54187 -4.55685 -4.5758 -4.59841 -4.62443 -4.65365 -4.68591 -4.72112 -4.75919 -4.80007 -4.84369 -4.89001 -4.93897 -4.99049 -5.04445 -5.10068 -5.15914 -5.22016 -5.28399 -5.35045 -5.41887 -5.48851 -5.55892 -5.62969 -5.70046 -5.77085 -5.84051 -5.9091 -5.97633 -6.04192 -6.10565 -6.16734 -6.22684 -6.28407 -6.33898 -6.39157 -6.44188 -6.48997 -6.53593 -6.57988 -6.62193 -6.66222 -6.70089 -6.73806 -6.77391 -6.80929 -6.84499 -6.88113 -6.91779 -6.95497 -6.99261 -7.03057 -7.06867 -7.10665 -7.14421 -7.18099 -7.21656 -7.25046 -7.28215 -7.31106 -7.33668 -7.35852 -7.37611 -7.3891 -7.39713 -7.39948 -7.39534 -7.38429 -7.36611 -7.3408 -7.3084 -7.26895 -7.22262 -7.16978 -7.11083 -7.04651 -6.97768 -6.90488 -6.82854 -6.7491 -6.66701 -6.58265 -6.49639 -6.40858 -6.31959 -6.22974 -6.13937 -6.04881 -5.95837 -5.86837 -5.77909 -5.69084 -5.60388 -5.51849 -5.43489 -5.35334 -5.27404 -5.1972 -5.123 -5.05161 -4.98317 -4.9178 -4.85561 -4.79668 -4.74107 -4.68881 -4.63991 -4.59433 -4.55202 -4.51291 -4.47708 -4.44558 -4.42485 -4.45017 -4.70898 
0.112654 0.22473 0.223536 0.222271 0.220938 0.219537 0.218068 0.216534 0.214933 0.213267 0.211534 0.209735 0.207868 0.205932 0.203924 0.201842 0.199681 0.197438 0.195106 0.192678 0.190145 0.187494 0.184713 0.181781 0.178677 0.175371 0.171825 0.167991 0.163805 0.159181 0.154007 0.148124 0.141315 0.133271 0.123546 0.111471 0.0960217 0.0755415 0.0471099 0.00467488 -0.067712 -0.221267 -0.621447 -1.68589 -4.02326 -8.24996 -15.1595 -25.5857 -32.6511 -32.9129 -31.0468 -28.2708 -25.1735 -22.1615 -19.4423 -17.0992 -15.1363 -13.5318 -12.2431 -11.2131 -10.3838 -9.70513 -9.13848 -8.65564 -8.23679 -7.86825 -7.54067 -7.2477 -6.98486 -6.74893 -6.53743 -6.34844 -6.18037 -6.0318 -5.90137 -5.78782 -5.68986 -5.60619 -5.53555 -5.47672 -5.42858 -5.39002 -5.36004 -5.33766 -5.322 -5.31229 -5.3078 -5.30795 -5.31225 -5.32024 -5.33154 -5.34595 -5.36333 -5.38359 -5.40672 -5.43275 -5.46175 -5.49382 -5.52905 -5.56754 -5.60936 -5.65459 -5.70317 -5.75533 -5.81153 -5.87193 -5.93617 -6.00357 -6.07354 -6.14564 -6.21944 -6.29451 -6.3704 -6.44669 -6.52294 -6.59875 -6.67374 -6.74758 -6.81996 -6.89063 -6.95937 -7.02601 -7.0904 -7.15245 -7.21208 -7.26924 -7.3239 -7.37606 -7.42572 -7.47288 -7.5179 -7.56125 -7.60303 -7.64315 -7.68155 -7.71809 -7.7526 -7.78487 -7.81466 -7.8417 -7.86573 -7.88651 -7.90381 -7.91724 -7.92609 -7.92972 -7.9277 -7.91958 -7.90505 -7.88397 -7.85616 -7.82155 -7.77999 -7.73147 -7.67617 -7.61467 -7.54772 -7.47577 -7.39922 -7.31844 -7.23384 -7.14579 -7.05464 -6.96074 -6.86444 -6.76607 -6.66599 -6.56455 -6.46208 -6.35894 -6.25547 -6.15201 -6.04889 -5.94644 -5.84497 -5.74479 -5.6462 -5.54947 -5.45488 -5.36267 -5.2731 -5.18637 -5.10271 -5.02231 -4.94534 -4.87198 -4.80236 -4.73662 -4.67488 -4.61724 -4.56379 -4.5146 -4.46971 -4.42916 -4.39296 -4.36125 -4.33492 -4.31958 -4.34859 -4.61722 
0.123087 0.245584 0.244368 0.243078 0.241717 0.240285 0.238782 0.23721 0.235569 0.233859 0.232079 0.230228 0.228306 0.226311 0.224241 0.222092 0.219861 0.217544 0.215133 0.212622 0.210001 0.20726 0.204383 0.201355 0.198152 0.194748 0.191108 0.187188 0.182929 0.178258 0.173077 0.167253 0.160607 0.152892 0.143759 0.132704 0.118978 0.101416 0.0780527 0.0450605 -0.00692543 -0.10589 -0.33782 -0.919664 -2.21342 -4.64226 -8.62333 -14.2423 -19.4314 -22.5233 -24.0644 -24.4918 -24.1129 -23.168 -21.861 -20.3694 -18.8317 -17.3474 -15.9791 -14.7565 -13.6843 -12.7523 -11.9435 -11.2394 -10.623 -10.0796 -9.59779 -9.16823 -8.78387 -8.43921 -8.12996 -7.85268 -7.60458 -7.38329 -7.18669 -7.01289 -6.86006 -6.72648 -6.61045 -6.51036 -6.42464 -6.35181 -6.29043 -6.2392 -6.19687 -6.16231 -6.13446 -6.11241 -6.09536 -6.08258 -6.07344 -6.06751 -6.06447 -6.06412 -6.06633 -6.07109 -6.07846 -6.08859 -6.10168 -6.11799 -6.1378 -6.16137 -6.18896 -6.22074 -6.25691 -6.29795 -6.34441 -6.39645 -6.45357 -6.51509 -6.58057 -6.64954 -6.72154 -6.79607 -6.87261 -6.95062 -7.02958 -7.10897 -7.1883 -7.26711 -7.34494 -7.4214 -7.49613 -7.56882 -7.63918 -7.70697 -7.772 -7.83407 -7.89303 -7.94876 -8.00122 -8.05049 -8.09655 -8.13925 -8.17845 -8.21396 -8.24556 -8.273 -8.29598 -8.31416 -8.32723 -8.33496 -8.33702 -8.33314 -8.32307 -8.30663 -8.28356 -8.25356 -8.21645 -8.17222 -8.12129 -8.06423 -8.00129 -7.93269 -7.85874 -7.77976 -7.69607 -7.60797 -7.51575 -7.41974 -7.32024 -7.21758 -7.1121 -7.00415 -6.89408 -6.78224 -6.66901 -6.55476 -6.43984 -6.32464 -6.2095 -6.0948 -5.98087 -5.86805 -5.75667 -5.64705 -5.53947 -5.43423 -5.33159 -5.2318 -5.1351 -5.04171 -4.95184 -4.86568 -4.78341 -4.70519 -4.63117 -4.5615 -4.49631 -4.43571 -4.37981 -4.32872 -4.28251 -4.24127 -4.20505 -4.17402 -4.14897 -4.13493 -4.16421 -4.44261 
0.133159 0.26572 0.264484 0.263172 0.261786 0.260327 0.258795 0.257191 0.255515 0.253767 0.251947 0.250054 0.248086 0.246043 0.243921 0.241717 0.239428 0.23705 0.234575 0.231998 0.229308 0.226496 0.223547 0.220446 0.217171 0.213699 0.209997 0.206025 0.201734 0.197059 0.191916 0.186196 0.179755 0.172396 0.163852 0.153748 0.141545 0.126431 0.107106 0.0811869 0.0432968 -0.0214369 -0.156456 -0.471128 -1.16506 -2.50012 -4.7268 -7.88736 -11.3166 -14.2558 -16.5329 -18.1668 -19.2221 -19.7707 -19.8871 -19.6508 -19.1445 -18.4497 -17.6408 -16.7801 -15.9146 -15.0761 -14.2831 -13.5448 -12.864 -12.2397 -11.6689 -11.1477 -10.6724 -10.2393 -9.84511 -9.48689 -9.16211 -8.86848 -8.60391 -8.36645 -8.15423 -7.96543 -7.79827 -7.65096 -7.52177 -7.40898 -7.31093 -7.22602 -7.1527 -7.08953 -7.03515 -6.9883 -6.94784 -6.91276 -6.88214 -6.85523 -6.83144 -6.81029 -6.79142 -6.77465 -6.75987 -6.74712 -6.73658 -6.72851 -6.72325 -6.7212 -6.72279 -6.72843 -6.73852 -6.75333 -6.77347 -6.79969 -6.83247 -6.8718 -6.91719 -6.9682 -7.02445 -7.08549 -7.15083 -7.21991 -7.29216 -7.36694 -7.44363 -7.52157 -7.60014 -7.67873 -7.75678 -7.83373 -7.90909 -7.9824 -8.0532 -8.12111 -8.18572 -8.24669 -8.3037 -8.35641 -8.40459 -8.44799 -8.48639 -8.51955 -8.5472 -8.56911 -8.58502 -8.59461 -8.59763 -8.59383 -8.5829 -8.56472 -8.53961 -8.50781 -8.46936 -8.4243 -8.37274 -8.31485 -8.25086 -8.18099 -8.10544 -8.02442 -7.93816 -7.84693 -7.75099 -7.65063 -7.54615 -7.43788 -7.32616 -7.21134 -7.09381 -6.97394 -6.85213 -6.72878 -6.60429 -6.47906 -6.3535 -6.22799 -6.10293 -5.97868 -5.85561 -5.73407 -5.61438 -5.49685 -5.3818 -5.26949 -5.16018 -5.05412 -4.95153 -4.85262 -4.75759 -4.66661 -4.57984 -4.49745 -4.41956 -4.34631 -4.27782 -4.21421 -4.15558 -4.10203 -4.05366 -4.01055 -3.97278 -3.94051 -3.91444 -3.8992 -3.9266 -4.21463 
0.142845 0.285084 0.283831 0.2825 0.281093 0.279611 0.278054 0.276423 0.274719 0.272941 0.271088 0.26916 0.267156 0.265073 0.262911 0.260664 0.258331 0.255905 0.253382 0.250755 0.248015 0.245151 0.242152 0.239001 0.235681 0.232168 0.228434 0.224445 0.220156 0.215513 0.210446 0.204865 0.198655 0.191663 0.183687 0.17445 0.163567 0.150483 0.134345 0.113688 0.0854758 0.0419756 -0.0382067 -0.208533 -0.572743 -1.28081 -2.48886 -4.26024 -6.39835 -8.58101 -10.6065 -12.3787 -13.8591 -15.0369 -15.9161 -16.5112 -16.8455 -16.95 -16.8611 -16.6179 -16.2588 -15.8188 -15.3277 -14.809 -14.2811 -13.7568 -13.2454 -12.7531 -12.2836 -11.8394 -11.4218 -11.0314 -10.6682 -10.3321 -10.0225 -9.73871 -9.47987 -9.24494 -9.03275 -8.842 -8.6713 -8.51918 -8.38411 -8.26455 -8.15894 -8.06575 -7.98348 -7.9107 -7.84605 -7.78829 -7.73625 -7.68891 -7.64537 -7.60488 -7.56681 -7.53069 -7.49618 -7.46309 -7.43141 -7.40122 -7.37277 -7.34639 -7.32253 -7.30168 -7.28439 -7.27122 -7.26267 -7.25923 -7.26167 -7.27086 -7.2872 -7.31065 -7.34091 -7.37772 -7.42074 -7.46957 -7.5237 -7.58255 -7.64547 -7.71175 -7.78069 -7.85156 -7.9236 -7.9961 -8.06834 -8.13963 -8.20929 -8.27666 -8.3411 -8.402 -8.45875 -8.51082 -8.55776 -8.5992 -8.63479 -8.66421 -8.6872 -8.70355 -8.71309 -8.71569 -8.71123 -8.69966 -8.68094 -8.65515 -8.6224 -8.58275 -8.5363 -8.48311 -8.4233 -8.357 -8.28437 -8.20558 -8.12082 -8.03032 -7.93431 -7.83308 -7.72693 -7.61618 -7.5012 -7.38234 -7.26002 -7.13465 -7.00665 -6.87646 -6.74452 -6.61128 -6.47717 -6.34264 -6.20811 -6.07401 -5.94073 -5.80866 -5.67817 -5.54961 -5.42332 -5.2996 -5.17873 -5.06099 -4.94662 -4.83585 -4.72888 -4.6259 -4.52709 -4.43259 -4.34255 -4.2571 -4.17636 -4.10044 -4.02943 -3.96343 -3.90253 -3.84681 -3.79635 -3.75124 -3.71153 -3.67737 -3.64938 -3.63188 -3.65645 -3.95366 
0.152123 0.303631 0.302363 0.301016 0.299592 0.298091 0.296514 0.294862 0.293135 0.291333 0.289456 0.287502 0.28547 0.283359 0.281166 0.278889 0.276523 0.274065 0.271509 0.268848 0.266075 0.263179 0.260149 0.256972 0.25363 0.250103 0.246366 0.242388 0.238132 0.233552 0.228591 0.223175 0.217213 0.210588 0.203147 0.194689 0.184943 0.17353 0.159898 0.143154 0.121601 0.0912832 0.0418908 -0.0519799 -0.241749 -0.608114 -1.2453 -2.21629 -3.48577 -4.93608 -6.44753 -7.93037 -9.32444 -10.5908 -11.7046 -12.6513 -13.4242 -14.0239 -14.4571 -14.7359 -14.8765 -14.8975 -14.8184 -14.6583 -14.435 -14.1644 -13.8599 -13.533 -13.1932 -12.848 -12.5036 -12.1648 -11.8355 -11.5184 -11.216 -10.9298 -10.661 -10.4102 -10.1777 -9.96357 -9.76739 -9.58858 -9.42635 -9.27971 -9.14756 -9.0287 -8.92185 -8.82573 -8.73903 -8.66049 -8.58889 -8.5231 -8.46205 -8.4048 -8.35051 -8.29848 -8.24814 -8.19904 -8.15091 -8.10361 -8.05714 -8.01165 -7.96741 -7.92482 -7.88437 -7.84662 -7.8122 -7.78172 -7.75565 -7.73467 -7.71979 -7.71181 -7.71102 -7.71739 -7.73085 -7.75124 -7.77829 -7.81162 -7.85076 -7.89512 -7.94406 -7.99685 -8.05271 -8.11086 -8.17045 -8.23065 -8.29064 -8.34957 -8.40663 -8.46105 -8.51208 -8.55905 -8.60135 -8.63847 -8.66993 -8.69534 -8.71436 -8.72674 -8.73226 -8.73076 -8.72212 -8.70627 -8.68315 -8.65275 -8.61508 -8.57017 -8.51805 -8.4588 -8.39249 -8.31926 -8.23926 -8.15267 -8.05972 -7.96067 -7.85582 -7.74548 -7.63003 -7.50985 -7.38536 -7.25701 -7.12524 -6.99054 -6.85339 -6.71427 -6.57367 -6.43207 -6.28996 -6.14779 -6.00602 -5.86508 -5.72538 -5.58731 -5.45125 -5.31753 -5.18648 -5.0584 -4.93356 -4.81219 -4.69454 -4.58079 -4.47114 -4.36574 -4.26473 -4.16825 -4.07641 -3.9893 -3.90702 -3.82964 -3.75724 -3.68989 -3.62764 -3.57056 -3.5187 -3.47211 -3.43085 -3.39502 -3.36518 -3.34538 -3.36703 -3.67259 
0.160973 0.321325 0.320044 0.318684 0.317246 0.31573 0.314139 0.312471 0.310728 0.308909 0.307014 0.305041 0.302991 0.300861 0.298649 0.296352 0.293967 0.291489 0.288914 0.286236 0.283446 0.280537 0.277497 0.274314 0.270973 0.267455 0.263739 0.259799 0.255603 0.251112 0.24628 0.241047 0.235343 0.229078 0.222137 0.214375 0.205602 0.195563 0.183902 0.170079 0.153151 0.131114 0.09908 0.0452676 -0.0548549 -0.242509 -0.57141 -1.08974 -1.81116 -2.7067 -3.7252 -4.81307 -5.92351 -7.01853 -8.06818 -9.04923 -9.94412 -10.7404 -11.4303 -12.0103 -12.4809 -12.8461 -13.1124 -13.2881 -13.3831 -13.4073 -13.371 -13.2841 -13.1557 -12.9943 -12.8073 -12.6017 -12.3832 -12.1571 -11.9276 -11.6987 -11.4733 -11.2541 -11.0431 -10.8419 -10.6516 -10.4729 -10.3063 -10.1518 -10.0092 -9.87796 -9.75759 -9.64726 -9.54611 -9.45319 -9.36752 -9.28811 -9.21398 -9.14421 -9.07794 -9.01437 -8.95284 -8.89274 -8.83361 -8.77512 -8.71705 -8.65931 -8.60197 -8.54518 -8.48926 -8.43461 -8.38172 -8.33117 -8.28354 -8.23935 -8.19918 -8.16393 -8.13456 -8.11164 -8.09538 -8.08591 -8.08327 -8.08738 -8.09802 -8.11487 -8.13748 -8.16531 -8.19773 -8.234 -8.27335 -8.31496 -8.35795 -8.40144 -8.44456 -8.48644 -8.52625 -8.56319 -8.59655 -8.62566 -8.64992 -8.66882 -8.6819 -8.68875 -8.68906 -8.68254 -8.66896 -8.64814 -8.61993 -8.58424 -8.54099 -8.49015 -8.43173 -8.36578 -8.29238 -8.21169 -8.12386 -8.02913 -7.92776 -7.82007 -7.70642 -7.58719 -7.46281 -7.33373 -7.20044 -7.06344 -6.92324 -6.78037 -6.63535 -6.48872 -6.34099 -6.19268 -6.04428 -5.89627 -5.74912 -5.60325 -5.45909 -5.317 -5.17736 -5.04048 -4.90668 -4.77623 -4.64936 -4.52631 -4.40726 -4.2924 -4.18186 -4.07579 -3.9743 -3.87747 -3.78539 -3.69813 -3.61575 -3.53829 -3.4658 -3.39832 -3.33587 -3.27849 -3.2262 -3.17903 -3.137 -3.1002 -3.0691 -3.04755 -3.06672 -3.37936 
0.169382 0.338138 0.336847 0.335476 0.334028 0.332502 0.3309 0.329222 0.327468 0.325638 0.323732 0.32175 0.31969 0.31755 0.315328 0.313023 0.31063 0.308146 0.305566 0.302884 0.300094 0.297188 0.294155 0.290986 0.287665 0.284179 0.280507 0.276627 0.272513 0.268132 0.263447 0.258411 0.252969 0.247051 0.240574 0.233432 0.225494 0.216589 0.206487 0.194864 0.181195 0.164469 0.142393 0.109607 0.0547604 -0.0423019 -0.210451 -0.481105 -0.876067 -1.39892 -2.03678 -2.76712 -3.564 -4.40178 -5.25685 -6.10826 -6.93783 -7.73024 -8.47297 -9.1563 -9.77327 -10.3195 -10.7931 -11.1941 -11.5246 -11.7877 -11.988 -12.1305 -12.2208 -12.2646 -12.2677 -12.2358 -12.1743 -12.0883 -11.9827 -11.8618 -11.7296 -11.5897 -11.4452 -11.299 -11.1533 -11.0101 -10.8708 -10.7368 -10.6087 -10.4872 -10.3725 -10.2646 -10.1633 -10.0684 -9.97927 -9.89546 -9.8163 -9.74115 -9.66935 -9.60026 -9.53327 -9.46783 -9.40345 -9.33974 -9.27638 -9.21316 -9.14996 -9.08678 -9.02371 -8.96094 -8.89879 -8.83763 -8.77791 -8.72015 -8.66482 -8.61236 -8.56347 -8.51908 -8.47985 -8.44615 -8.41827 -8.3964 -8.3806 -8.37084 -8.36693 -8.36859 -8.37541 -8.38689 -8.4024 -8.42126 -8.44271 -8.46594 -8.49011 -8.51438 -8.53788 -8.5598 -8.57933 -8.59573 -8.6083 -8.61638 -8.6194 -8.61683 -8.60821 -8.59312 -8.57123 -8.54223 -8.50589 -8.46203 -8.41052 -8.35129 -8.28433 -8.20966 -8.12741 -8.03771 -7.94079 -7.83691 -7.72639 -7.60959 -7.48693 -7.35885 -7.22584 -7.0884 -6.94707 -6.80239 -6.65492 -6.50522 -6.35385 -6.20135 -6.04826 -5.8951 -5.74238 -5.59057 -5.44013 -5.29146 -5.14498 -5.00104 -4.85998 -4.7221 -4.58767 -4.45693 -4.3301 -4.20737 -4.08889 -3.97482 -3.86525 -3.76029 -3.66002 -3.5645 -3.47378 -3.38789 -3.30686 -3.23071 -3.15945 -3.09309 -3.03163 -2.97507 -2.92341 -2.87666 -2.83481 -2.79791 -2.76639 -2.74387 -2.76121 -3.07936 
0.177341 0.354052 0.352752 0.351374 0.349918 0.348385 0.346777 0.345093 0.343334 0.3415 0.339591 0.337605 0.335543 0.333402 0.33118 0.328876 0.326487 0.324008 0.321435 0.318764 0.315988 0.3131 0.310092 0.306953 0.303671 0.300234 0.296625 0.292824 0.28881 0.284557 0.280033 0.275203 0.270021 0.264438 0.25839 0.251802 0.244583 0.236618 0.227761 0.217815 0.206489 0.193269 0.177085 0.155531 0.123482 0.0714344 -0.0153289 -0.155183 -0.365566 -0.657899 -1.03532 -1.4935 -2.02283 -2.61065 -3.24296 -3.90548 -4.58433 -5.26653 -5.94021 -6.59487 -7.22151 -7.81272 -8.36269 -8.86716 -9.32336 -9.72984 -10.0863 -10.3936 -10.6533 -10.8675 -11.0391 -11.1712 -11.2671 -11.3305 -11.3648 -11.3738 -11.3607 -11.3291 -11.282 -11.2225 -11.1532 -11.0767 -10.9951 -10.9102 -10.8238 -10.737 -10.651 -10.5665 -10.484 -10.404 -10.3265 -10.2517 -10.1794 -10.1093 -10.0413 -9.97505 -9.91015 -9.8463 -9.78318 -9.72049 -9.658 -9.5955 -9.53285 -9.46999 -9.40692 -9.34369 -9.28047 -9.21745 -9.15493 -9.09324 -9.03276 -8.97387 -8.91687 -8.86227 -8.81078 -8.76297 -8.71924 -8.67996 -8.64536 -8.61562 -8.59077 -8.57076 -8.55542 -8.54445 -8.53748 -8.53402 -8.53348 -8.53523 -8.53856 -8.54272 -8.54693 -8.55041 -8.55238 -8.55208 -8.54876 -8.54174 -8.53036 -8.51401 -8.49215 -8.4643 -8.43002 -8.38895 -8.34081 -8.28536 -8.22244 -8.15196 -8.07391 -7.98833 -7.89534 -7.79512 -7.68792 -7.57405 -7.45387 -7.32778 -7.19624 -7.05974 -6.9188 -6.77396 -6.62578 -6.47483 -6.3217 -6.16694 -6.01112 -5.85479 -5.69848 -5.54271 -5.38794 -5.23465 -5.08326 -4.93416 -4.78771 -4.64426 -4.50408 -4.36745 -4.23461 -4.10576 -3.98107 -3.86069 -3.74476 -3.63336 -3.52658 -3.42448 -3.32711 -3.23449 -3.14665 -3.06358 -2.98528 -2.91175 -2.84297 -2.77891 -2.71957 -2.6649 -2.6149 -2.56953 -2.52879 -2.49268 -2.46158 -2.43893 -2.45512 -2.777 
0.184844 0.369054 0.367749 0.366365 0.364905 0.363369 0.361758 0.360073 0.358314 0.356482 0.354575 0.352593 0.350536 0.348401 0.346189 0.343896 0.341519 0.339056 0.336502 0.333854 0.331105 0.328249 0.325279 0.322185 0.318959 0.315587 0.312056 0.308351 0.304452 0.300339 0.295986 0.291365 0.286443 0.281179 0.275528 0.269437 0.262841 0.255664 0.247813 0.239167 0.229564 0.218741 0.206196 0.190857 0.170453 0.140635 0.0942331 0.0213228 -0.0893387 -0.247992 -0.46189 -0.734396 -1.06509 -1.45045 -1.88465 -2.36033 -2.86921 -3.40257 -3.95167 -4.50799 -5.06351 -5.6109 -6.14361 -6.65599 -7.14333 -7.60184 -8.02866 -8.42177 -8.77994 -9.10266 -9.39004 -9.64273 -9.86183 -10.0488 -10.2055 -10.3339 -10.4362 -10.5146 -10.5715 -10.6094 -10.6304 -10.6368 -10.6307 -10.6142 -10.5889 -10.5566 -10.5186 -10.4763 -10.4306 -10.3824 -10.3324 -10.2812 -10.2291 -10.1764 -10.1233 -10.0699 -10.0162 -9.96217 -9.9078 -9.85301 -9.79777 -9.74202 -9.68574 -9.62893 -9.57162 -9.51388 -9.45579 -9.39751 -9.33922 -9.28112 -9.22348 -9.16656 -9.11065 -9.05595 -9.00277 -8.9515 -8.9025 -8.85614 -8.81271 -8.77244 -8.73548 -8.70191 -8.67169 -8.6447 -8.62076 -8.59954 -8.58066 -8.56365 -8.54799 -8.53307 -8.51827 -8.5029 -8.48628 -8.46773 -8.44655 -8.42209 -8.39371 -8.36081 -8.32284 -8.27932 -8.22981 -8.17393 -8.1114 -8.04199 -7.96554 -7.88198 -7.7913 -7.69359 -7.58899 -7.4777 -7.36002 -7.23628 -7.10686 -6.97221 -6.8328 -6.68915 -6.54179 -6.39127 -6.23817 -6.08304 -5.92647 -5.76899 -5.61117 -5.45353 -5.29656 -5.14076 -4.98656 -4.83439 -4.68464 -4.53765 -4.39374 -4.25321 -4.11631 -3.98325 -3.85424 -3.72942 -3.60894 -3.49291 -3.38141 -3.2745 -3.17223 -3.07463 -2.98171 -2.89347 -2.80989 -2.73095 -2.65663 -2.58689 -2.5217 -2.461 -2.40477 -2.35294 -2.30549 -2.26237 -2.22355 -2.18902 -2.15912 -2.13709 -2.15275 -2.4765 
0.191889 0.383143 0.381833 0.380446 0.378985 0.377449 0.375839 0.374157 0.372403 0.370576 0.368677 0.366706 0.36466 0.36254 0.360344 0.35807 0.355715 0.353277 0.350753 0.348138 0.345427 0.342615 0.339695 0.336661 0.333502 0.330208 0.32677 0.323172 0.3194 0.315436 0.311261 0.306852 0.302183 0.297224 0.291942 0.286298 0.280247 0.273738 0.266711 0.259093 0.250792 0.241669 0.23149 0.219775 0.205532 0.186818 0.160268 0.12084 0.0620962 -0.0229609 -0.140819 -0.296571 -0.493424 -0.732578 -1.01337 -1.33353 -1.68954 -2.07689 -2.49043 -2.92459 -3.37361 -3.83179 -4.29358 -4.75376 -5.20753 -5.65059 -6.07915 -6.49001 -6.88052 -7.24856 -7.59258 -7.91148 -8.20464 -8.47184 -8.71325 -8.92934 -9.12089 -9.28888 -9.43452 -9.55913 -9.66418 -9.75117 -9.82167 -9.87723 -9.91936 -9.94954 -9.96915 -9.97947 -9.98169 -9.97688 -9.96598 -9.94982 -9.92912 -9.90449 -9.87644 -9.8454 -9.81174 -9.77576 -9.7377 -9.69777 -9.65617 -9.61306 -9.56859 -9.52292 -9.47619 -9.42856 -9.38019 -9.33124 -9.28189 -9.23233 -9.18274 -9.13334 -9.08432 -9.03589 -8.98821 -8.94145 -8.89564 -8.8509 -8.80746 -8.76553 -8.72523 -8.68666 -8.64982 -8.61468 -8.5811 -8.54891 -8.51784 -8.48757 -8.45771 -8.42782 -8.3974 -8.36595 -8.3329 -8.29769 -8.25976 -8.21853 -8.17348 -8.12409 -8.06988 -8.01043 -7.94536 -7.87437 -7.79721 -7.7137 -7.62375 -7.52731 -7.42444 -7.31525 -7.19991 -7.07869 -6.95188 -6.81986 -6.68303 -6.54183 -6.39677 -6.24835 -6.0971 -5.94356 -5.78828 -5.63181 -5.47468 -5.31742 -5.16055 -5.00453 -4.84983 -4.69689 -4.54611 -4.39784 -4.25243 -4.11019 -3.97137 -3.83622 -3.70494 -3.57771 -3.45467 -3.33595 -3.22162 -3.11178 -3.00645 -2.90567 -2.80946 -2.71781 -2.6307 -2.54811 -2.47 -2.39633 -2.32704 -2.26208 -2.2014 -2.14494 -2.09263 -2.04443 -2.00026 -1.96009 -1.92386 -1.89156 -1.86347 -1.84269 -1.85834 -2.18212 
0.19848 0.396322 0.395009 0.393621 0.392161 0.390627 0.389023 0.387347 0.385602 0.383786 0.3819 0.379943 0.377915 0.375816 0.373643 0.371395 0.36907 0.366666 0.364179 0.361607 0.358944 0.356186 0.353327 0.350361 0.347281 0.344077 0.34074 0.33726 0.333623 0.329816 0.325822 0.321624 0.317203 0.312534 0.307594 0.302355 0.296785 0.29085 0.28451 0.277722 0.27043 0.262563 0.254007 0.244548 0.233754 0.220775 0.204078 0.181223 0.148805 0.102657 0.0382839 -0.04864 -0.161823 -0.304055 -0.477047 -0.681407 -0.916693 -1.18152 -1.47372 -1.79047 -2.12845 -2.48401 -2.85331 -3.23242 -3.61747 -4.00469 -4.39053 -4.77171 -5.14522 -5.50841 -5.85897 -6.19491 -6.51464 -6.81686 -7.10064 -7.36531 -7.61053 -7.83619 -8.04243 -8.2296 -8.39822 -8.54898 -8.68267 -8.80018 -8.9025 -8.99061 -9.06555 -9.12834 -9.17998 -9.22145 -9.25365 -9.27745 -9.29366 -9.30301 -9.30619 -9.30382 -9.29645 -9.28459 -9.2687 -9.24921 -9.22651 -9.20095 -9.17285 -9.14255 -9.11031 -9.07642 -9.04114 -9.00472 -8.96738 -8.92934 -8.89082 -8.85201 -8.81309 -8.77422 -8.73557 -8.6973 -8.65945 -8.62176 -8.58412 -8.54664 -8.5094 -8.47242 -8.4357 -8.39917 -8.36273 -8.32621 -8.28942 -8.25211 -8.21399 -8.17473 -8.13396 -8.09128 -8.04628 -7.99853 -7.9476 -7.89307 -7.83452 -7.77156 -7.70385 -7.63106 -7.55294 -7.46927 -7.3799 -7.28474 -7.18377 -7.07701 -6.96458 -6.84664 -6.72342 -6.59521 -6.46234 -6.32519 -6.18418 -6.03976 -5.89241 -5.74264 -5.59094 -5.43784 -5.28384 -5.12945 -4.97516 -4.82146 -4.6688 -4.51761 -4.36829 -4.22122 -4.07674 -3.93517 -3.79679 -3.66184 -3.53054 -3.40308 -3.27961 -3.16027 -3.04515 -2.93433 -2.82787 -2.72581 -2.62815 -2.53489 -2.44603 -2.36152 -2.28134 -2.20544 -2.13375 -2.06622 -2.00279 -1.94338 -1.88792 -1.83635 -1.7886 -1.74459 -1.70427 -1.66757 -1.63443 -1.60484 -1.57905 -1.55998 -1.57601 -1.8981 
0.20462 0.408601 0.407287 0.4059 0.404443 0.402915 0.401318 0.399652 0.397918 0.396117 0.394248 0.392311 0.390306 0.388232 0.386089 0.383873 0.381585 0.379221 0.376779 0.374257 0.37165 0.368954 0.366165 0.363277 0.360283 0.357177 0.35395 0.350594 0.347098 0.343451 0.33964 0.335651 0.331469 0.327077 0.322456 0.317586 0.312444 0.307008 0.301251 0.295146 0.288661 0.281756 0.274375 0.266422 0.257709 0.247869 0.236222 0.221631 0.202397 0.176252 0.140474 0.092097 0.0281581 -0.0540614 -0.156846 -0.281913 -0.430341 -0.602548 -0.798308 -1.0168 -1.25668 -1.51614 -1.79304 -2.08493 -2.38922 -2.70317 -3.02402 -3.34906 -3.67563 -4.00121 -4.32345 -4.64017 -4.94941 -5.24944 -5.53875 -5.81605 -6.0803 -6.33066 -6.56653 -6.78748 -6.99331 -7.18396 -7.35954 -7.52029 -7.66658 -7.79887 -7.9177 -8.02369 -8.11747 -8.19975 -8.2712 -8.33254 -8.38445 -8.42762 -8.46271 -8.49035 -8.51116 -8.52571 -8.53455 -8.53822 -8.53722 -8.532 -8.52302 -8.5107 -8.49544 -8.47761 -8.45756 -8.43562 -8.41209 -8.38723 -8.3613 -8.33453 -8.3071 -8.27919 -8.25093 -8.22247 -8.19405 -8.16551 -8.13635 -8.10641 -8.07567 -8.04409 -8.01163 -7.97817 -7.94359 -7.90772 -7.87036 -7.83131 -7.79031 -7.7471 -7.70139 -7.65287 -7.60125 -7.5462 -7.48742 -7.42461 -7.35749 -7.2858 -7.20931 -7.12784 -7.04125 -6.94942 -6.85232 -6.74995 -6.64236 -6.52969 -6.41208 -6.28978 -6.16304 -6.03219 -5.89758 -5.75959 -5.61866 -5.47523 -5.32975 -5.1827 -5.03455 -4.88578 -4.73686 -4.58824 -4.44036 -4.29365 -4.14851 -4.0053 -3.86437 -3.72605 -3.5906 -3.4583 -3.32937 -3.204 -3.08235 -2.96458 -2.85078 -2.74106 -2.63546 -2.53404 -2.43681 -2.34378 -2.25495 -2.17027 -2.08973 -2.01326 -1.94082 -1.87234 -1.80775 -1.74698 -1.68996 -1.63661 -1.58686 -1.54062 -1.49782 -1.45839 -1.42227 -1.38937 -1.35966 -1.33309 -1.30991 -1.29288 -1.30954 -1.6284 
0.210319 0.419998 0.418684 0.4173 0.415847 0.414326 0.412739 0.411086 0.409367 0.407584 0.405736 0.403823 0.401845 0.399801 0.397691 0.395513 0.393266 0.390948 0.388558 0.386092 0.383547 0.38092 0.378207 0.375403 0.372502 0.3695 0.366389 0.363162 0.35981 0.356324 0.352695 0.348911 0.344961 0.34083 0.336507 0.331975 0.327218 0.322222 0.316967 0.311437 0.305612 0.29947 0.292982 0.286105 0.278757 0.270781 0.26188 0.251542 0.238956 0.222966 0.202065 0.174454 0.138145 0.0910835 0.0312862 -0.0430431 -0.133415 -0.240985 -0.366509 -0.510324 -0.672355 -0.852131 -1.04882 -1.26127 -1.48806 -1.72756 -1.97798 -2.23739 -2.50382 -2.77528 -3.04977 -3.32537 -3.60024 -3.8726 -4.14086 -4.40351 -4.65921 -4.90678 -5.1452 -5.37361 -5.59128 -5.79768 -5.9924 -6.17517 -6.34586 -6.50445 -6.65103 -6.78579 -6.909 -7.02099 -7.12215 -7.21292 -7.29379 -7.36524 -7.42781 -7.48201 -7.52839 -7.56747 -7.59979 -7.62588 -7.64622 -7.66134 -7.6717 -7.67776 -7.67998 -7.67876 -7.67452 -7.6676 -7.65837 -7.64713 -7.63417 -7.61973 -7.60403 -7.58726 -7.56956 -7.55104 -7.53191 -7.51243 -7.49218 -7.47052 -7.4474 -7.42271 -7.39634 -7.36817 -7.33802 -7.30573 -7.27111 -7.23393 -7.19399 -7.15104 -7.10485 -7.05518 -7.00179 -6.94446 -6.88297 -6.81712 -6.74674 -6.67168 -6.59182 -6.50708 -6.41742 -6.32284 -6.22339 -6.11916 -6.01028 -5.89694 -5.77935 -5.65779 -5.53256 -5.404 -5.27247 -5.13837 -5.00211 -4.86411 -4.72481 -4.58465 -4.44405 -4.30346 -4.16329 -4.02394 -3.88581 -3.74924 -3.6146 -3.48218 -3.35228 -3.22515 -3.10104 -2.98014 -2.86263 -2.74866 -2.63835 -2.5318 -2.42908 -2.33025 -2.23534 -2.14437 -2.05732 -1.97418 -1.89493 -1.81952 -1.7479 -1.68001 -1.61578 -1.55515 -1.49803 -1.44436 -1.39405 -1.34702 -1.30319 -1.26249 -1.22484 -1.19017 -1.1584 -1.12948 -1.10334 -1.07995 -1.05954 -1.04473 -1.06219 -1.37647 
0.215587 0.430534 0.429221 0.427841 0.426394 0.424883 0.423307 0.421669 0.419968 0.418205 0.41638 0.414494 0.412546 0.410536 0.408464 0.406328 0.404127 0.40186 0.399525 0.397119 0.394642 0.392088 0.389456 0.38674 0.383938 0.381043 0.378051 0.374955 0.371749 0.368424 0.364975 0.36139 0.357662 0.353781 0.349735 0.345514 0.341106 0.336501 0.331685 0.326648 0.321376 0.315859 0.31008 0.304019 0.297639 0.290876 0.283601 0.275589 0.266468 0.255676 0.242434 0.225739 0.204395 0.177055 0.142292 0.0986713 0.0448232 -0.0204908 -0.0983216 -0.18949 -0.29456 -0.413819 -0.54728 -0.694685 -0.855524 -1.02906 -1.21434 -1.41027 -1.61558 -1.82893 -2.04887 -2.27394 -2.50265 -2.7335 -2.96505 -3.19591 -3.42475 -3.65031 -3.87147 -4.08715 -4.29645 -4.49853 -4.69269 -4.87835 -5.05504 -5.22239 -5.38015 -5.52816 -5.66637 -5.7948 -5.91355 -6.02278 -6.12273 -6.21367 -6.29592 -6.36986 -6.43586 -6.49434 -6.54572 -6.59045 -6.62898 -6.66174 -6.68918 -6.71174 -6.72985 -6.74391 -6.75432 -6.76145 -6.76564 -6.76722 -6.76647 -6.76366 -6.75901 -6.75271 -6.74491 -6.73573 -6.72527 -6.71384 -6.70154 -6.68779 -6.67208 -6.65432 -6.63439 -6.61215 -6.58743 -6.56007 -6.52988 -6.49665 -6.46018 -6.42026 -6.3767 -6.3293 -6.27787 -6.22225 -6.16228 -6.09785 -6.02884 -5.9552 -5.87689 -5.7939 -5.70627 -5.61406 -5.51741 -5.41645 -5.31137 -5.2024 -5.0898 -4.97387 -4.85491 -4.73329 -4.60935 -4.48348 -4.35608 -4.22754 -4.09827 -3.96865 -3.83909 -3.70997 -3.58165 -3.45448 -3.3288 -3.20492 -3.08312 -2.96366 -2.84678 -2.73269 -2.62158 -2.51359 -2.40888 -2.30754 -2.20966 -2.11531 -2.02454 -1.93736 -1.8538 -1.77383 -1.69745 -1.62462 -1.5553 -1.48944 -1.42697 -1.36784 -1.31197 -1.25928 -1.20971 -1.16318 -1.1196 -1.0789 -1.04101 -1.00584 -0.973321 -0.94339 -0.915977 -0.891019 -0.86846 -0.84827 -0.830655 -0.818127 -0.836447 -1.14502 
0.220438 0.440237 0.438926 0.43755 0.436111 0.43461 0.433048 0.431426 0.429744 0.428004 0.426205 0.424348 0.422433 0.42046 0.418427 0.416336 0.414184 0.411971 0.409695 0.407354 0.404946 0.40247 0.399921 0.397298 0.394595 0.39181 0.388938 0.385974 0.382913 0.379748 0.376473 0.373082 0.369567 0.365921 0.362135 0.358201 0.354111 0.349857 0.34543 0.340822 0.336025 0.331032 0.325834 0.320422 0.314779 0.308878 0.302665 0.296043 0.288848 0.280816 0.271564 0.260571 0.247169 0.230556 0.209822 0.183975 0.151988 0.112842 0.0655657 0.00928088 -0.0567676 -0.133182 -0.220393 -0.318646 -0.427998 -0.548317 -0.679291 -0.82044 -0.971131 -1.1306 -1.29796 -1.47224 -1.65239 -1.83732 -2.02589 -2.21699 -2.40946 -2.6022 -2.79415 -2.98428 -3.17163 -3.35531 -3.53451 -3.70851 -3.87665 -4.03838 -4.19323 -4.34084 -4.48089 -4.61319 -4.73761 -4.85408 -4.96261 -5.06328 -5.15623 -5.24161 -5.31968 -5.39067 -5.45489 -5.51265 -5.56429 -5.61017 -5.65065 -5.68608 -5.71683 -5.74327 -5.76574 -5.78458 -5.80009 -5.81258 -5.82231 -5.82953 -5.83445 -5.83726 -5.83809 -5.83707 -5.83427 -5.8298 -5.82415 -5.81712 -5.80792 -5.79642 -5.78249 -5.76601 -5.74682 -5.72475 -5.69964 -5.67131 -5.63958 -5.60427 -5.56521 -5.52225 -5.47525 -5.42408 -5.36864 -5.30885 -5.24468 -5.17609 -5.10311 -5.02577 -4.94417 -4.85842 -4.76867 -4.6751 -4.57793 -4.4774 -4.37379 -4.2674 -4.15853 -4.04752 -3.93473 -3.8205 -3.70521 -3.58921 -3.47287 -3.35654 -3.24056 -3.12528 -3.01101 -2.89804 -2.78667 -2.67714 -2.5697 -2.46456 -2.36191 -2.26192 -2.16474 -2.07048 -1.97924 -1.89111 -1.80614 -1.72437 -1.64583 -1.57052 -1.49845 -1.42958 -1.3639 -1.30135 -1.2419 -1.18549 -1.13205 -1.08152 -1.03383 -0.988911 -0.946689 -0.90709 -0.87004 -0.835465 -0.803296 -0.773461 -0.745893 -0.720529 -0.697307 -0.67617 -0.657066 -0.639969 -0.625073 -0.614774 -0.633931 -0.935911 
0.224887 0.449136 0.447827 0.446457 0.445027 0.443537 0.44199 0.440385 0.438724 0.437008 0.435237 0.433411 0.43153 0.429595 0.427606 0.425561 0.42346 0.421302 0.419087 0.416813 0.414478 0.41208 0.409617 0.407087 0.404486 0.401811 0.39906 0.396226 0.393308 0.390298 0.387194 0.383989 0.380677 0.377252 0.373709 0.370041 0.366242 0.362306 0.358226 0.353997 0.349613 0.34507 0.340363 0.335487 0.330434 0.325194 0.319743 0.314042 0.308019 0.301557 0.294474 0.286512 0.277322 0.266462 0.253393 0.237499 0.218095 0.194454 0.165831 0.131493 0.0907401 0.0429382 -0.0124642 -0.0759151 -0.147745 -0.228158 -0.317225 -0.414885 -0.520944 -0.635086 -0.756878 -0.885782 -1.02117 -1.16233 -1.3085 -1.45885 -1.61253 -1.76868 -1.9264 -2.08483 -2.24311 -2.40043 -2.55599 -2.70907 -2.85899 -3.00511 -3.14689 -3.28384 -3.41554 -3.54163 -3.66184 -3.77596 -3.88382 -3.98535 -4.08051 -4.16934 -4.2519 -4.32831 -4.39873 -4.46335 -4.52238 -4.57607 -4.62468 -4.66848 -4.70775 -4.74277 -4.77381 -4.80116 -4.82506 -4.84578 -4.86354 -4.87854 -4.89097 -4.901 -4.90874 -4.91431 -4.91777 -4.91919 -4.91883 -4.91696 -4.91317 -4.90697 -4.89827 -4.88695 -4.87287 -4.8559 -4.83589 -4.81269 -4.78616 -4.75616 -4.72255 -4.68521 -4.64403 -4.59894 -4.54985 -4.49672 -4.43956 -4.37836 -4.31317 -4.24407 -4.17116 -4.09457 -4.01448 -3.93106 -3.84455 -3.75518 -3.66322 -3.56895 -3.47267 -3.37469 -3.27532 -3.17489 -3.07373 -2.97216 -2.87049 -2.76904 -2.6681 -2.56796 -2.46889 -2.37114 -2.27494 -2.18052 -2.08806 -1.99774 -1.9097 -1.8241 -1.74102 -1.66058 -1.58283 -1.50784 -1.43565 -1.36627 -1.29973 -1.23601 -1.1751 -1.11698 -1.0616 -1.00894 -0.958936 -0.911539 -0.86669 -0.824326 -0.784384 -0.746797 -0.711498 -0.67842 -0.647497 -0.618663 -0.591853 -0.567006 -0.544061 -0.522961 -0.503652 -0.486083 -0.470209 -0.456007 -0.443662 -0.435466 -0.45538 -0.750102 
0.228952 0.457265 0.45596 0.454596 0.453175 0.451697 0.450165 0.448579 0.44694 0.445249 0.443506 0.441712 0.439867 0.437972 0.436026 0.434029 0.43198 0.42988 0.427727 0.42552 0.423258 0.42094 0.418563 0.416126 0.413626 0.411061 0.408427 0.405723 0.402943 0.400085 0.397144 0.394117 0.390998 0.387783 0.384467 0.381045 0.377513 0.373866 0.370099 0.366208 0.362189 0.358039 0.353755 0.349334 0.344773 0.340067 0.335207 0.330177 0.324948 0.319468 0.313655 0.307387 0.300491 0.292735 0.283824 0.273401 0.261047 0.246293 0.22863 0.207524 0.182432 0.152823 0.11819 0.078069 0.0320568 -0.0201799 -0.0788927 -0.144244 -0.216303 -0.295041 -0.380337 -0.471974 -0.56965 -0.672982 -0.781514 -0.894725 -1.01204 -1.13286 -1.25651 -1.38234 -1.50967 -1.63783 -1.76613 -1.89392 -2.0206 -2.14555 -2.26824 -2.38815 -2.50482 -2.61785 -2.72689 -2.83162 -2.93182 -3.02729 -3.11788 -3.20352 -3.28415 -3.35979 -3.43047 -3.49627 -3.55731 -3.61371 -3.66563 -3.71326 -3.75678 -3.79638 -3.83228 -3.86467 -3.89375 -3.91971 -3.94272 -3.96295 -3.98055 -3.99564 -4.00833 -4.01869 -4.0268 -4.03268 -4.03639 -4.03848 -4.03882 -4.03679 -4.03231 -4.02529 -4.01564 -4.00324 -3.98797 -3.96972 -3.94836 -3.9238 -3.89591 -3.86463 -3.82986 -3.79155 -3.74966 -3.70417 -3.6551 -3.60246 -3.54633 -3.48678 -3.42392 -3.3579 -3.28887 -3.21702 -3.14255 -3.0657 -2.98669 -2.90579 -2.82327 -2.7394 -2.65446 -2.56873 -2.4825 -2.39604 -2.30963 -2.22352 -2.13798 -2.05323 -1.96952 -1.88703 -1.80598 -1.72652 -1.64883 -1.57303 -1.49925 -1.4276 -1.35816 -1.29099 -1.22616 -1.1637 -1.10364 -1.04599 -0.990752 -0.937915 -0.887462 -0.839366 -0.793591 -0.750099 -0.708844 -0.669775 -0.63284 -0.597984 -0.565148 -0.534276 -0.505307 -0.478183 -0.452845 -0.429238 -0.407304 -0.386991 -0.368245 -0.351018 -0.335262 -0.320934 -0.307995 -0.296426 -0.286407 -0.28013 -0.300683 -0.587687 
0.232649 0.464662 0.46336 0.462002 0.460591 0.459126 0.45761 0.456043 0.454426 0.45276 0.451046 0.449285 0.447476 0.445621 0.443719 0.44177 0.439774 0.437731 0.43564 0.433501 0.431312 0.429073 0.426781 0.424436 0.422036 0.419578 0.41706 0.414481 0.411836 0.409123 0.406339 0.403481 0.400544 0.397526 0.394422 0.391229 0.387942 0.384559 0.381076 0.377488 0.373795 0.369993 0.366079 0.362053 0.357913 0.353657 0.349281 0.344779 0.34014 0.335343 0.330352 0.325111 0.319539 0.313521 0.306902 0.299489 0.291042 0.281281 0.269886 0.256505 0.240761 0.222262 0.200613 0.175428 0.146338 0.113006 0.0751385 0.0324889 -0.0151299 -0.0678419 -0.125704 -0.188702 -0.256753 -0.329707 -0.407344 -0.489387 -0.5755 -0.665298 -0.758353 -0.854203 -0.952359 -1.05231 -1.15354 -1.25552 -1.35774 -1.4597 -1.5609 -1.66088 -1.75921 -1.85549 -1.94935 -2.04047 -2.12857 -2.2134 -2.29477 -2.37252 -2.44654 -2.51674 -2.58309 -2.64557 -2.70421 -2.75907 -2.81021 -2.85772 -2.90172 -2.94233 -2.97967 -3.01387 -3.04508 -3.07342 -3.09901 -3.12198 -3.14242 -3.16043 -3.17608 -3.18944 -3.20054 -3.20942 -3.21609 -3.22083 -3.22387 -3.22491 -3.22369 -3.22013 -3.21415 -3.20567 -3.19458 -3.1808 -3.16425 -3.14484 -3.12249 -3.09714 -3.06875 -3.03727 -3.00269 -2.965 -2.92422 -2.8804 -2.8336 -2.7839 -2.73141 -2.67626 -2.61859 -2.55857 -2.49639 -2.43225 -2.36634 -2.29891 -2.23018 -2.16038 -2.08975 -2.01854 -1.94698 -1.8753 -1.80373 -1.73249 -1.66179 -1.59182 -1.52278 -1.45482 -1.3881 -1.32277 -1.25896 -1.19676 -1.13628 -1.0776 -1.02078 -0.965874 -0.912928 -0.861966 -0.813004 -0.766049 -0.721097 -0.678137 -0.637151 -0.598112 -0.560989 -0.525747 -0.492345 -0.46074 -0.430886 -0.402736 -0.37624 -0.351349 -0.328012 -0.30618 -0.285804 -0.266834 -0.249225 -0.23293 -0.217905 -0.204109 -0.191502 -0.180046 -0.169709 -0.160478 -0.152526 -0.147956 -0.169006 -0.448018 
0.235999 0.471363 0.470065 0.468714 0.467313 0.465861 0.46436 0.462812 0.461218 0.459578 0.457893 0.456164 0.454392 0.452576 0.450718 0.448817 0.446874 0.444888 0.442858 0.440786 0.438669 0.436507 0.434299 0.432044 0.429741 0.427387 0.424981 0.422522 0.420006 0.417433 0.414798 0.4121 0.409335 0.406501 0.403595 0.400613 0.397553 0.394411 0.391186 0.387874 0.384472 0.38098 0.377396 0.373718 0.369945 0.366076 0.362112 0.358049 0.353883 0.349606 0.345204 0.340653 0.335916 0.330938 0.325643 0.319932 0.313674 0.306713 0.298861 0.289902 0.279595 0.267677 0.253872 0.237892 0.219452 0.198272 0.174085 0.14665 0.115752 0.0812156 0.0429039 0.000727373 -0.0453552 -0.0953342 -0.149149 -0.206687 -0.267789 -0.332247 -0.399813 -0.470199 -0.543086 -0.618126 -0.69495 -0.773175 -0.852409 -0.932255 -1.01232 -1.09222 -1.17159 -1.25007 -1.32733 -1.40306 -1.47699 -1.54886 -1.61847 -1.68562 -1.75016 -1.81197 -1.87096 -1.92706 -1.98023 -2.03047 -2.07779 -2.1222 -2.16376 -2.20253 -2.23856 -2.27195 -2.30275 -2.33105 -2.35694 -2.38047 -2.40173 -2.42076 -2.43761 -2.45232 -2.46492 -2.47542 -2.48381 -2.49016 -2.49488 -2.498 -2.49909 -2.49811 -2.49498 -2.48964 -2.48203 -2.47208 -2.45973 -2.44491 -2.42758 -2.40769 -2.38521 -2.36013 -2.33243 -2.30212 -2.26923 -2.23381 -2.19591 -2.15562 -2.11302 -2.06824 -2.0214 -1.97265 -1.92213 -1.87003 -1.81652 -1.76178 -1.70601 -1.64941 -1.59216 -1.53448 -1.47655 -1.41856 -1.3607 -1.30315 -1.24607 -1.18962 -1.13396 -1.07921 -1.0255 -0.972942 -0.921638 -0.871673 -0.823122 -0.776046 -0.730497 -0.686515 -0.644129 -0.60336 -0.564218 -0.526707 -0.490822 -0.456552 -0.423879 -0.392783 -0.363235 -0.335206 -0.308662 -0.283567 -0.259883 -0.237571 -0.216589 -0.196896 -0.178452 -0.161214 -0.145142 -0.130197 -0.116338 -0.103528 -0.0917303 -0.0809105 -0.0710352 -0.0620734 -0.0539977 -0.0467993 -0.0406473 -0.0375599 -0.0589615 -0.329869 
0.239022 0.477409 0.476115 0.474771 0.473379 0.47194 0.470456 0.468927 0.467354 0.46574 0.464084 0.462387 0.46065 0.458874 0.457059 0.455205 0.453313 0.451383 0.449414 0.447406 0.445359 0.443273 0.441146 0.438978 0.436768 0.434515 0.432217 0.429872 0.42748 0.425038 0.422545 0.419997 0.417394 0.414732 0.412009 0.409223 0.406371 0.403452 0.400461 0.397399 0.394262 0.391049 0.387758 0.384389 0.380941 0.377414 0.373807 0.37012 0.366352 0.3625 0.358559 0.354519 0.350365 0.346071 0.341603 0.336912 0.33193 0.326575 0.320742 0.314308 0.307127 0.299036 0.289856 0.279394 0.267446 0.253806 0.238268 0.22063 0.200704 0.178315 0.153315 0.125577 0.0950066 0.061543 0.0251597 -0.0141325 -0.0562854 -0.101214 -0.148796 -0.198877 -0.251271 -0.305763 -0.362113 -0.420064 -0.479339 -0.539654 -0.600714 -0.662227 -0.723898 -0.785443 -0.846585 -0.907061 -0.966627 -1.02505 -1.08214 -1.13769 -1.19155 -1.24358 -1.29367 -1.34172 -1.38767 -1.43145 -1.47304 -1.51243 -1.54961 -1.58459 -1.6174 -1.64806 -1.6766 -1.70308 -1.72751 -1.74995 -1.77043 -1.78897 -1.80559 -1.82033 -1.83318 -1.84415 -1.85322 -1.86042 -1.86609 -1.8703 -1.87279 -1.87352 -1.87243 -1.86947 -1.86459 -1.85774 -1.84887 -1.83795 -1.82493 -1.8098 -1.79252 -1.77309 -1.75152 -1.72781 -1.702 -1.67413 -1.64426 -1.61244 -1.57877 -1.54334 -1.50626 -1.46765 -1.42764 -1.38636 -1.34396 -1.3006 -1.25642 -1.2116 -1.16628 -1.12062 -1.07479 -1.02893 -0.983184 -0.937702 -0.892613 -0.848043 -0.804108 -0.760917 -0.718566 -0.677143 -0.636725 -0.597381 -0.559168 -0.522134 -0.48632 -0.451755 -0.418463 -0.386458 -0.355748 -0.326336 -0.298216 -0.271381 -0.245815 -0.2215 -0.198417 -0.176538 -0.155839 -0.136289 -0.117859 -0.100515 -0.084226 -0.0689576 -0.0546764 -0.0413489 -0.0289417 -0.0174219 -0.0067575 0.00308269 0.0121288 0.0204097 0.0279528 0.034784 0.040926 0.046384 0.0509931 0.0528137 0.0311964 -0.231633 
0.241737 0.482841 0.481551 0.480214 0.478831 0.477405 0.475936 0.474425 0.472874 0.471285 0.469656 0.467991 0.466289 0.464551 0.462778 0.46097 0.459128 0.457251 0.455341 0.453396 0.451417 0.449403 0.447354 0.44527 0.443149 0.440992 0.438796 0.436561 0.434286 0.431968 0.429607 0.427201 0.424749 0.422247 0.419694 0.417089 0.414429 0.411713 0.408937 0.406102 0.403204 0.400243 0.397217 0.394125 0.390967 0.387743 0.384453 0.381096 0.377672 0.374182 0.370623 0.366993 0.363285 0.359489 0.355589 0.351563 0.347379 0.342994 0.338353 0.333389 0.32802 0.322151 0.315672 0.308462 0.300388 0.29131 0.281081 0.269554 0.256581 0.242021 0.225741 0.207619 0.187553 0.165456 0.141267 0.114944 0.0864758 0.0558747 0.023181 -0.0115382 -0.0481901 -0.0866573 -0.1268 -0.168458 -0.211455 -0.255599 -0.300687 -0.346509 -0.392851 -0.439497 -0.486234 -0.532853 -0.579153 -0.624945 -0.67005 -0.714304 -0.757557 -0.799675 -0.840542 -0.880056 -0.918132 -0.954701 -0.989709 -1.02311 -1.05489 -1.08501 -1.11347 -1.14027 -1.16541 -1.1889 -1.21075 -1.23097 -1.24957 -1.26656 -1.28195 -1.29573 -1.30791 -1.31847 -1.3274 -1.33471 -1.34054 -1.3451 -1.34833 -1.35011 -1.35038 -1.34912 -1.34628 -1.34183 -1.33574 -1.32796 -1.31849 -1.3073 -1.29439 -1.27975 -1.26338 -1.24531 -1.22556 -1.20418 -1.18119 -1.15668 -1.13069 -1.10332 -1.07465 -1.04477 -1.01379 -0.981827 -0.948986 -0.915391 -0.881165 -0.846433 -0.811318 -0.775947 -0.740439 -0.704915 -0.669488 -0.634269 -0.599362 -0.564863 -0.530864 -0.497447 -0.464689 -0.432657 -0.401411 -0.371005 -0.341482 -0.312881 -0.285232 -0.25856 -0.232882 -0.208211 -0.184552 -0.161909 -0.140276 -0.119649 -0.100016 -0.0813642 -0.0636762 -0.0469333 -0.0311146 -0.0161971 -0.00215683 0.0110317 0.0233947 0.034959 0.0457517 0.0558001 0.0651314 0.0737727 0.0817503 0.0890901 0.0958172 0.101956 0.107529 0.112558 0.117062 0.121044 0.124343 0.125092 0.103376 -0.151515 
0.244165 0.487699 0.486412 0.485082 0.483709 0.482294 0.48084 0.479348 0.477818 0.476252 0.474651 0.473016 0.471347 0.469646 0.467914 0.46615 0.464355 0.46253 0.460676 0.458791 0.456876 0.454932 0.452958 0.450953 0.448917 0.44685 0.444752 0.44262 0.440454 0.438254 0.436017 0.433743 0.43143 0.429077 0.426682 0.424244 0.42176 0.41923 0.416651 0.414022 0.411341 0.408608 0.405821 0.402979 0.400082 0.397129 0.39412 0.391056 0.387937 0.384763 0.381534 0.378249 0.374907 0.371504 0.368034 0.364486 0.360847 0.357095 0.353205 0.34914 0.344857 0.340303 0.335416 0.330122 0.324342 0.317986 0.310958 0.303156 0.294478 0.284819 0.274075 0.262149 0.248948 0.234392 0.218411 0.200948 0.181964 0.161436 0.139361 0.115753 0.0906467 0.0640956 0.036171 0.00696169 -0.0234281 -0.05488 -0.0872639 -0.12044 -0.154261 -0.188576 -0.223229 -0.258065 -0.292933 -0.327683 -0.362173 -0.396268 -0.42984 -0.462774 -0.494963 -0.526311 -0.556735 -0.586162 -0.614529 -0.641785 -0.667885 -0.692796 -0.716491 -0.738949 -0.760156 -0.780099 -0.798771 -0.816165 -0.832275 -0.847095 -0.860617 -0.872834 -0.883733 -0.893301 -0.901522 -0.90838 -0.913896 -0.918336 -0.92178 -0.924052 -0.925123 -0.924964 -0.923545 -0.920841 -0.916828 -0.911485 -0.904797 -0.896753 -0.887347 -0.876581 -0.864463 -0.851009 -0.836243 -0.820197 -0.80291 -0.784428 -0.764808 -0.744112 -0.722409 -0.699775 -0.676289 -0.65204 -0.627116 -0.60161 -0.575617 -0.549233 -0.522554 -0.495676 -0.468692 -0.441693 -0.414767 -0.387998 -0.361467 -0.335247 -0.309408 -0.284014 -0.259123 -0.234788 -0.211055 -0.187966 -0.165554 -0.143851 -0.12288 -0.102661 -0.0832086 -0.0645329 -0.0466401 -0.0295327 -0.0132094 0.00233415 0.0171053 0.0311138 0.0443721 0.0568943 0.0686967 0.079797 0.0902142 0.0999686 0.109081 0.117574 0.125468 0.132788 0.139555 0.145792 0.151522 0.156767 0.161547 0.165884 0.169797 0.173306 0.176425 0.179157 0.181346 0.181191 0.159471 -0.0877195 
0.246327 0.492023 0.49074 0.489416 0.488052 0.486649 0.48521 0.483734 0.482224 0.480681 0.479106 0.4775 0.475863 0.474198 0.472503 0.470782 0.469033 0.467257 0.465455 0.463628 0.461775 0.459896 0.457992 0.456062 0.454107 0.452125 0.450117 0.448082 0.446019 0.443928 0.441807 0.439656 0.437473 0.435257 0.433007 0.430722 0.4284 0.42604 0.42364 0.421199 0.418716 0.416189 0.413618 0.411002 0.408339 0.405631 0.402875 0.400074 0.397226 0.394333 0.391394 0.388411 0.385382 0.382308 0.379186 0.376012 0.372781 0.369483 0.366107 0.362634 0.359042 0.355304 0.351386 0.347247 0.34284 0.338112 0.333004 0.327451 0.321385 0.314735 0.307428 0.299392 0.290556 0.280854 0.270225 0.258615 0.245979 0.232282 0.2175 0.201624 0.184656 0.16661 0.147517 0.127418 0.106369 0.0844363 0.0616965 0.0382366 0.0141509 -0.0104601 -0.0354911 -0.060834 -0.0863795 -0.112019 -0.137644 -0.163151 -0.188441 -0.213418 -0.237995 -0.26209 -0.285628 -0.308542 -0.330771 -0.352264 -0.372973 -0.392859 -0.411887 -0.430028 -0.447257 -0.463554 -0.478899 -0.493275 -0.506668 -0.519063 -0.530446 -0.540801 -0.550112 -0.558363 -0.565536 -0.571613 -0.576592 -0.580664 -0.583926 -0.586276 -0.587691 -0.588148 -0.587628 -0.58611 -0.583578 -0.580016 -0.575414 -0.569766 -0.563067 -0.555321 -0.546536 -0.536725 -0.525908 -0.514109 -0.501361 -0.4877 -0.47317 -0.457819 -0.4417 -0.424871 -0.407394 -0.389334 -0.370761 -0.351743 -0.332352 -0.312663 -0.292746 -0.272674 -0.252517 -0.232346 -0.212225 -0.192219 -0.172388 -0.152789 -0.133476 -0.114496 -0.0958943 -0.0777122 -0.0599858 -0.0427471 -0.0260241 -0.00984066 0.00578306 0.0208308 0.0352897 0.0491505 0.0624069 0.0750557 0.0870966 0.0985318 0.109366 0.119606 0.129261 0.138341 0.14686 0.154831 0.16227 0.169193 0.175619 0.181565 0.187051 0.192096 0.19672 0.200943 0.204785 0.208265 0.211402 0.214216 0.216723 0.218941 0.220884 0.222551 0.223792 0.222871 0.201212 -0.0385937 
0.248242 0.495855 0.494575 0.493257 0.491901 0.490509 0.489083 0.487624 0.486133 0.484612 0.483061 0.481482 0.479876 0.478243 0.476586 0.474904 0.473198 0.471469 0.469717 0.467943 0.466148 0.464331 0.462493 0.460634 0.458753 0.456852 0.454929 0.452984 0.451016 0.449026 0.447012 0.444975 0.442911 0.440822 0.438706 0.436561 0.434387 0.432183 0.429946 0.427676 0.425373 0.423033 0.420658 0.418245 0.415795 0.413306 0.410779 0.408213 0.405609 0.402967 0.400287 0.397571 0.394818 0.392029 0.389204 0.386342 0.38344 0.380496 0.377503 0.374455 0.37134 0.368146 0.364854 0.361443 0.357887 0.354156 0.350215 0.346027 0.341548 0.336733 0.331535 0.325905 0.319792 0.313147 0.305925 0.29808 0.289574 0.280372 0.270446 0.259777 0.248352 0.236168 0.223232 0.209558 0.19517 0.180102 0.164395 0.1481 0.131272 0.113973 0.0962724 0.07824 0.0599501 0.0414784 0.0229011 0.00429378 -0.0142694 -0.0327165 -0.0509788 -0.0689911 -0.0866924 -0.104026 -0.120939 -0.137385 -0.15332 -0.168706 -0.183508 -0.197694 -0.211238 -0.224113 -0.236299 -0.247773 -0.258516 -0.268511 -0.277739 -0.286183 -0.293825 -0.300647 -0.306633 -0.311763 -0.316032 -0.319558 -0.322431 -0.324613 -0.326083 -0.326825 -0.326822 -0.326061 -0.324529 -0.322217 -0.319116 -0.315224 -0.310539 -0.305063 -0.298802 -0.291769 -0.283977 -0.275447 -0.266202 -0.256271 -0.245687 -0.234486 -0.222707 -0.210395 -0.197597 -0.184359 -0.170735 -0.156775 -0.142534 -0.128065 -0.113423 -0.0986608 -0.0838322 -0.0689883 -0.0541792 -0.0394528 -0.0248549 -0.0104286 0.00378529 0.0177491 0.031428 0.04479 0.0578062 0.0704507 0.0827005 0.0945356 0.105939 0.116896 0.127395 0.137428 0.146987 0.156069 0.164672 0.172798 0.180449 0.187629 0.194347 0.200611 0.206431 0.21182 0.216792 0.22136 0.225542 0.229353 0.232812 0.235937 0.238746 0.241258 0.243491 0.245465 0.247196 0.248703 0.250002 0.251109 0.252038 0.252787 0.253211 0.251631 0.230077 -0.0027288 
0.249931 0.499232 0.497956 0.496643 0.495295 0.493914 0.4925 0.491056 0.489583 0.488082 0.486554 0.485001 0.483423 0.481822 0.480199 0.478554 0.476888 0.475203 0.473498 0.471775 0.470033 0.468274 0.466498 0.464704 0.462893 0.461066 0.459221 0.45736 0.455481 0.453585 0.45167 0.449736 0.447783 0.44581 0.443816 0.4418 0.439761 0.437698 0.43561 0.433496 0.431355 0.429186 0.426987 0.424759 0.4225 0.420209 0.417888 0.415535 0.41315 0.410734 0.408287 0.40581 0.403303 0.400767 0.398202 0.395609 0.392987 0.390335 0.387652 0.384934 0.382178 0.379376 0.376521 0.373602 0.370604 0.367514 0.36431 0.360972 0.357475 0.353791 0.349891 0.345743 0.341316 0.336576 0.331489 0.326024 0.32015 0.313839 0.307068 0.299814 0.292062 0.283802 0.275029 0.265744 0.255954 0.245674 0.234923 0.223726 0.212115 0.200126 0.187801 0.175182 0.162318 0.149258 0.136055 0.122759 0.109423 0.0960997 0.0828385 0.069689 0.0566981 0.0439104 0.0313679 0.0191101 0.00717345 -0.00440827 -0.0156039 -0.0263848 -0.0367247 -0.0465993 -0.055986 -0.064864 -0.0732134 -0.0810155 -0.0882522 -0.0949061 -0.10096 -0.106397 -0.111201 -0.115356 -0.118851 -0.121735 -0.124114 -0.126002 -0.127357 -0.128166 -0.128418 -0.128102 -0.127211 -0.125738 -0.123678 -0.121029 -0.117791 -0.113966 -0.109559 -0.104579 -0.0990377 -0.092949 -0.0863311 -0.0792052 -0.0715952 -0.0635281 -0.0550337 -0.0461437 -0.0368925 -0.0273159 -0.0174513 -0.00733745 0.00298628 0.0134799 0.0241034 0.0348168 0.0455805 0.056356 0.0671055 0.0777925 0.0883819 0.0988402 0.109136 0.119238 0.12912 0.138756 0.14812 0.157192 0.165952 0.174382 0.182467 0.190194 0.197552 0.204533 0.21113 0.217338 0.223157 0.228586 0.233628 0.238287 0.242571 0.246486 0.250045 0.253258 0.25614 0.258704 0.260968 0.262947 0.264661 0.266126 0.267361 0.268386 0.269219 0.269878 0.270381 0.270746 0.270988 0.271124 0.271166 0.271113 0.270823 0.268672 0.247247 0.0209966 
0.251411 0.502194 0.50092 0.499612 0.498272 0.4969 0.495498 0.494068 0.492612 0.49113 0.489623 0.488094 0.486543 0.484971 0.483379 0.481769 0.480141 0.478496 0.476835 0.475158 0.473467 0.471761 0.470042 0.468309 0.466563 0.464804 0.463033 0.461248 0.45945 0.45764 0.455816 0.453978 0.452126 0.450259 0.448377 0.446478 0.444562 0.442628 0.440675 0.438702 0.436708 0.434692 0.432654 0.430592 0.428506 0.426395 0.424259 0.422097 0.41991 0.417698 0.41546 0.413198 0.410912 0.408602 0.406269 0.403914 0.401536 0.399138 0.396717 0.394273 0.391805 0.389311 0.386786 0.384226 0.381624 0.378973 0.376262 0.373481 0.370615 0.367649 0.364565 0.361346 0.35797 0.354418 0.350666 0.346695 0.342481 0.338006 0.333249 0.328194 0.322826 0.317134 0.311109 0.304748 0.298048 0.291014 0.283654 0.275978 0.268004 0.259749 0.251238 0.242496 0.233553 0.224438 0.215186 0.205831 0.196407 0.186951 0.177497 0.168081 0.158736 0.149497 0.140395 0.131461 0.122723 0.114209 0.105945 0.0979539 0.0902594 0.0828825 0.0758432 0.0691604 0.0628521 0.0569352 0.0514263 0.0463411 0.041695 0.037503 0.0337793 0.0305379 0.0277901 0.0255307 0.0236581 0.0221259 0.0209847 0.0202442 0.0199128 0.0199979 0.0205056 0.0214407 0.0228061 0.0246035 0.0268324 0.0294906 0.0325739 0.036076 0.0399884 0.0443002 0.0489983 0.0540673 0.0594898 0.0652461 0.0713146 0.0776719 0.0842931 0.091152 0.0982209 0.105472 0.112875 0.120401 0.128019 0.135701 0.143415 0.151132 0.158823 0.166459 0.174012 0.181455 0.188762 0.195909 0.202871 0.209627 0.216155 0.222436 0.228453 0.234189 0.239631 0.244767 0.249586 0.254081 0.258246 0.262078 0.265576 0.26874 0.271576 0.274088 0.276283 0.278174 0.279769 0.281085 0.282135 0.282936 0.283506 0.283863 0.284026 0.284015 0.28385 0.28355 0.283135 0.282623 0.282034 0.281383 0.280689 0.279965 0.279226 0.278468 0.277555 0.274911 0.253632 0.0334371 
0.252702 0.504777 0.503505 0.502202 0.500868 0.499505 0.498114 0.496697 0.495256 0.493791 0.492304 0.490797 0.489271 0.487726 0.486163 0.484585 0.482992 0.481384 0.479764 0.47813 0.476485 0.474829 0.473162 0.471485 0.469799 0.468103 0.466398 0.464684 0.462961 0.461229 0.459488 0.457738 0.455978 0.454207 0.452426 0.450634 0.44883 0.447012 0.445182 0.443336 0.441476 0.439599 0.437705 0.435793 0.433863 0.431914 0.429945 0.427957 0.425948 0.423919 0.421871 0.419802 0.417714 0.415608 0.413483 0.411341 0.409181 0.407006 0.404814 0.402607 0.400383 0.398143 0.395885 0.393608 0.391309 0.388983 0.386627 0.384235 0.3818 0.379314 0.376766 0.374148 0.371446 0.368649 0.365744 0.362716 0.359552 0.356238 0.352762 0.349109 0.34527 0.341235 0.336995 0.332545 0.32788 0.323001 0.317908 0.312607 0.307102 0.301406 0.295528 0.289485 0.283292 0.276968 0.270534 0.264011 0.257421 0.250788 0.244135 0.237487 0.230868 0.2243 0.217807 0.211411 0.205134 0.198998 0.19302 0.187222 0.181621 0.176234 0.171077 0.166167 0.161518 0.157145 0.153062 0.149281 0.145817 0.142681 0.139885 0.137441 0.135359 0.133641 0.13222 0.131053 0.130167 0.129568 0.129264 0.129259 0.129559 0.130168 0.131088 0.13232 0.133864 0.135718 0.137879 0.140342 0.143101 0.146147 0.149472 0.153064 0.15691 0.160996 0.165306 0.169823 0.174528 0.179403 0.184426 0.189575 0.19483 0.200167 0.205562 0.210992 0.216433 0.221861 0.227252 0.232581 0.237826 0.242963 0.247969 0.252821 0.2575 0.261984 0.266254 0.270293 0.274084 0.277614 0.280869 0.283839 0.286516 0.288893 0.290967 0.292737 0.294205 0.295374 0.296251 0.296845 0.297167 0.297229 0.297048 0.296639 0.296022 0.295215 0.29424 0.293117 0.291867 0.290513 0.289075 0.287576 0.286034 0.284471 0.282904 0.281352 0.27983 0.278353 0.276933 0.275568 0.274125 0.271068 0.249956 0.0352663 
0.253821 0.507015 0.505746 0.504446 0.503118 0.501763 0.500382 0.498977 0.49755 0.496101 0.494633 0.493146 0.491641 0.490121 0.488586 0.487037 0.485476 0.483903 0.482319 0.480726 0.479123 0.477512 0.475893 0.474268 0.472635 0.470997 0.469353 0.467704 0.466049 0.464389 0.462723 0.461052 0.459375 0.457693 0.456004 0.454308 0.452605 0.450893 0.449173 0.447443 0.445702 0.443951 0.442187 0.440411 0.438622 0.436818 0.435 0.433167 0.431319 0.429456 0.427577 0.425683 0.423775 0.421851 0.419914 0.417963 0.415999 0.414023 0.412035 0.410036 0.408027 0.406006 0.403975 0.401934 0.39988 0.397813 0.395732 0.393633 0.391513 0.389369 0.387195 0.384987 0.382737 0.38044 0.378087 0.375671 0.373183 0.370615 0.367958 0.365204 0.362345 0.359374 0.356285 0.353072 0.349732 0.346263 0.342663 0.338933 0.335076 0.331096 0.326998 0.322791 0.318483 0.314085 0.309609 0.305068 0.300475 0.295846 0.291196 0.28654 0.281895 0.277276 0.272699 0.26818 0.263735 0.259378 0.255125 0.250989 0.246985 0.243124 0.239421 0.235888 0.232536 0.229377 0.226421 0.22368 0.221164 0.218883 0.216845 0.215061 0.213538 0.21228 0.211245 0.2104 0.209755 0.209316 0.209087 0.209072 0.209274 0.209696 0.210341 0.211208 0.212297 0.213608 0.215138 0.216883 0.218838 0.220997 0.223353 0.225899 0.228623 0.231516 0.234564 0.237756 0.241077 0.244511 0.248042 0.251654 0.255326 0.259042 0.262781 0.266522 0.270245 0.273929 0.277551 0.28109 0.284525 0.287833 0.290993 0.293984 0.296786 0.29938 0.301749 0.303876 0.305747 0.30735 0.308674 0.309711 0.310457 0.310909 0.311067 0.310936 0.31052 0.309828 0.308873 0.307667 0.306228 0.304572 0.302721 0.300694 0.298516 0.29621 0.293798 0.291306 0.288758 0.286177 0.283586 0.281007 0.278462 0.275971 0.273551 0.27122 0.268994 0.266884 0.264903 0.263047 0.261184 0.257816 0.236908 0.0271275 
0.254784 0.508942 0.507674 0.506378 0.505056 0.503708 0.502336 0.500942 0.499527 0.498093 0.496641 0.495172 0.493689 0.492191 0.490681 0.489159 0.487627 0.486085 0.484535 0.482978 0.481414 0.479844 0.478269 0.47669 0.475108 0.473522 0.471933 0.470342 0.468749 0.467154 0.465557 0.463958 0.462357 0.460753 0.459147 0.457539 0.455926 0.45431 0.452689 0.451063 0.449431 0.447792 0.446146 0.444492 0.442829 0.441156 0.439474 0.437781 0.436077 0.434363 0.432638 0.430901 0.429153 0.427395 0.425627 0.423848 0.422061 0.420264 0.418459 0.416646 0.414827 0.413 0.411168 0.409329 0.407485 0.405635 0.403778 0.401914 0.400042 0.398159 0.396265 0.394355 0.392428 0.39048 0.388507 0.386504 0.384468 0.382392 0.380273 0.378105 0.375883 0.373603 0.37126 0.36885 0.366371 0.363821 0.361196 0.358498 0.355727 0.352883 0.349971 0.346993 0.343954 0.34086 0.337718 0.334535 0.33132 0.328081 0.324828 0.321572 0.318321 0.315087 0.31188 0.308711 0.305591 0.302529 0.299536 0.296623 0.293799 0.291074 0.288458 0.285958 0.283586 0.281348 0.279253 0.27731 0.275526 0.273909 0.272465 0.271203 0.270127 0.269242 0.268523 0.267944 0.267506 0.267214 0.267072 0.267082 0.267246 0.267566 0.268043 0.268676 0.269467 0.270413 0.271512 0.272762 0.274159 0.275697 0.277371 0.279174 0.281097 0.283133 0.28527 0.287498 0.289804 0.292174 0.294594 0.297048 0.29952 0.301992 0.304444 0.306858 0.309212 0.311487 0.313661 0.315712 0.317618 0.319358 0.320912 0.322259 0.323381 0.32426 0.32488 0.325229 0.325294 0.325067 0.324543 0.323719 0.322596 0.321176 0.319467 0.317479 0.315224 0.312718 0.30998 0.30703 0.303891 0.300588 0.297145 0.293589 0.289947 0.286247 0.282517 0.278781 0.275068 0.271401 0.267804 0.2643 0.260908 0.257649 0.254538 0.251592 0.248822 0.24624 0.243855 0.241659 0.239523 0.235979 0.215338 0.00983396 
0.255607 0.510588 0.509322 0.50803 0.506712 0.50537 0.504006 0.502622 0.501218 0.499798 0.498361 0.496909 0.495444 0.493967 0.492479 0.490982 0.489476 0.487963 0.486443 0.484919 0.48339 0.481858 0.480323 0.478786 0.477248 0.47571 0.474171 0.472633 0.471096 0.469559 0.468024 0.46649 0.464957 0.463425 0.461894 0.460364 0.458833 0.457303 0.455771 0.454238 0.452704 0.451166 0.449625 0.44808 0.44653 0.444975 0.443415 0.441848 0.440274 0.438694 0.437106 0.435511 0.433908 0.432299 0.430683 0.42906 0.42743 0.425795 0.424155 0.42251 0.420861 0.419208 0.417552 0.415893 0.414232 0.412569 0.410905 0.409239 0.407571 0.405901 0.404228 0.402552 0.40087 0.399182 0.397486 0.395779 0.39406 0.392326 0.390575 0.388803 0.387008 0.385187 0.383337 0.381457 0.379544 0.377597 0.375613 0.373593 0.371536 0.369443 0.367315 0.365153 0.362961 0.36074 0.358495 0.35623 0.353949 0.351659 0.349364 0.347071 0.344786 0.342516 0.340267 0.338047 0.335862 0.33372 0.331627 0.32959 0.327616 0.325712 0.323885 0.322141 0.320485 0.318926 0.317468 0.316118 0.31488 0.313762 0.312767 0.311901 0.311168 0.310571 0.310101 0.30973 0.309455 0.309284 0.309219 0.309262 0.309414 0.309675 0.310045 0.310524 0.311112 0.311806 0.312604 0.313504 0.314501 0.315591 0.316768 0.318025 0.319353 0.320745 0.32219 0.323676 0.325191 0.326721 0.328251 0.329763 0.331241 0.332665 0.334015 0.335271 0.336412 0.337414 0.338257 0.338917 0.339374 0.339606 0.339594 0.33932 0.338767 0.337921 0.336771 0.335309 0.33353 0.331431 0.329015 0.326286 0.323254 0.319931 0.316333 0.312478 0.308389 0.304089 0.299606 0.294967 0.290202 0.285342 0.280418 0.27546 0.270501 0.265569 0.260694 0.255904 0.251224 0.24668 0.242294 0.238086 0.234073 0.230273 0.226698 0.223361 0.22027 0.217432 0.214852 0.21252 0.210303 0.206761 0.186487 -0.015402 
0.256305 0.511984 0.510719 0.509429 0.508115 0.506779 0.505422 0.504047 0.502654 0.501245 0.499821 0.498385 0.496936 0.495478 0.49401 0.492535 0.491053 0.489566 0.488074 0.486579 0.485082 0.483584 0.482085 0.480586 0.479089 0.477593 0.4761 0.474609 0.473122 0.471639 0.470159 0.468683 0.467211 0.465744 0.46428 0.462819 0.461363 0.459909 0.458457 0.457008 0.45556 0.454113 0.452666 0.451219 0.449771 0.448322 0.44687 0.445416 0.443959 0.442498 0.441034 0.439566 0.438094 0.436618 0.435139 0.433656 0.43217 0.43068 0.429188 0.427694 0.426198 0.424701 0.423203 0.421705 0.420207 0.41871 0.417215 0.415721 0.414229 0.412739 0.411252 0.409766 0.408283 0.406801 0.40532 0.403839 0.402357 0.400874 0.399387 0.397897 0.396401 0.394898 0.393387 0.391867 0.390336 0.388794 0.387239 0.385671 0.38409 0.382496 0.380889 0.379271 0.377642 0.376004 0.374359 0.37271 0.371059 0.369409 0.367763 0.366126 0.3645 0.362891 0.361302 0.359737 0.358201 0.356699 0.355234 0.353812 0.352437 0.351114 0.349846 0.348639 0.347497 0.346424 0.345424 0.344501 0.343659 0.342902 0.342233 0.341657 0.341176 0.340792 0.340502 0.340284 0.340128 0.340045 0.340037 0.340104 0.340246 0.340462 0.340752 0.341114 0.341546 0.342046 0.342611 0.343236 0.343917 0.344648 0.345421 0.346228 0.34706 0.347905 0.348752 0.349586 0.350393 0.351156 0.351857 0.352476 0.352994 0.353388 0.353636 0.353716 0.353604 0.353278 0.352714 0.351891 0.35079 0.349391 0.347679 0.34564 0.343264 0.340543 0.337475 0.334059 0.330301 0.326209 0.321795 0.317075 0.312071 0.306805 0.301305 0.295599 0.289719 0.283699 0.277573 0.271376 0.265144 0.258913 0.252717 0.24659 0.240564 0.234669 0.228935 0.223386 0.218048 0.21294 0.208081 0.203488 0.199172 0.195146 0.191416 0.18799 0.18487 0.182058 0.179553 0.177341 0.175285 0.171963 0.152192 -0.0467533 
0.25689 0.513155 0.511891 0.510603 0.509293 0.507962 0.506611 0.505243 0.50386 0.502461 0.50105 0.499627 0.498194 0.496752 0.495302 0.493847 0.492386 0.490922 0.489455 0.487987 0.486519 0.485051 0.483584 0.48212 0.480659 0.479202 0.477749 0.476301 0.474859 0.473423 0.471993 0.470569 0.469152 0.467742 0.466338 0.464941 0.46355 0.462164 0.460784 0.45941 0.45804 0.456674 0.455311 0.453951 0.452594 0.451239 0.449884 0.448531 0.447178 0.445825 0.444471 0.443117 0.441762 0.440407 0.43905 0.437693 0.436335 0.434977 0.433618 0.43226 0.430902 0.429545 0.428189 0.426836 0.425484 0.424136 0.422791 0.421449 0.420112 0.41878 0.417453 0.416131 0.414814 0.413503 0.412198 0.410899 0.409606 0.408317 0.407034 0.405755 0.404481 0.403211 0.401943 0.400679 0.399416 0.398156 0.396897 0.395639 0.394383 0.393128 0.391874 0.390622 0.389374 0.388128 0.386887 0.385652 0.384425 0.383207 0.382 0.380806 0.379627 0.378467 0.377327 0.376209 0.375118 0.374054 0.373022 0.372024 0.371063 0.370141 0.369262 0.368429 0.367643 0.366909 0.366228 0.365603 0.365037 0.364532 0.364091 0.363715 0.363407 0.363168 0.362996 0.362874 0.362794 0.362762 0.362779 0.362844 0.362956 0.363114 0.363315 0.363556 0.363833 0.364143 0.364479 0.364835 0.365204 0.365576 0.365942 0.36629 0.366606 0.366877 0.367084 0.367212 0.367239 0.367146 0.366911 0.36651 0.365921 0.365117 0.364077 0.362774 0.361188 0.359295 0.357075 0.354512 0.35159 0.348297 0.344626 0.340572 0.336135 0.33132 0.326137 0.320597 0.314721 0.30853 0.30205 0.295311 0.288346 0.28119 0.273883 0.266462 0.258969 0.251444 0.243927 0.236459 0.229079 0.221822 0.214725 0.207819 0.201135 0.1947 0.188537 0.182667 0.177108 0.171875 0.166978 0.162426 0.158226 0.154379 0.150887 0.147748 0.144959 0.142513 0.140404 0.138611 0.136995 0.134146 0.115039 -0.0816242 
0.257376 0.514127 0.512863 0.511577 0.51027 0.508943 0.507598 0.506237 0.504861 0.503472 0.502071 0.50066 0.499241 0.497814 0.496381 0.494943 0.493502 0.492058 0.490614 0.48917 0.487727 0.486286 0.484848 0.483415 0.481986 0.480563 0.479147 0.477737 0.476336 0.474942 0.473556 0.472179 0.470811 0.469452 0.468102 0.46676 0.465428 0.464103 0.462787 0.461479 0.460178 0.458884 0.457597 0.456315 0.455039 0.453767 0.4525 0.451236 0.449976 0.448719 0.447465 0.446212 0.444962 0.443714 0.442468 0.441223 0.43998 0.43874 0.437501 0.436265 0.435031 0.433801 0.432573 0.431349 0.43013 0.428914 0.427704 0.426499 0.4253 0.424107 0.422921 0.421742 0.420571 0.419408 0.418252 0.417106 0.415968 0.41484 0.41372 0.41261 0.411509 0.410417 0.409335 0.408262 0.407198 0.406143 0.405098 0.404062 0.403035 0.402017 0.401009 0.400012 0.399024 0.398048 0.397083 0.39613 0.395191 0.394266 0.393356 0.392462 0.391586 0.390729 0.389893 0.389078 0.388287 0.38752 0.38678 0.386069 0.385387 0.384736 0.384119 0.383536 0.382989 0.382481 0.382011 0.381582 0.381196 0.380853 0.380554 0.380301 0.380094 0.379934 0.37982 0.379737 0.379676 0.379641 0.379631 0.379644 0.379676 0.379723 0.379781 0.379844 0.379905 0.379956 0.379987 0.379989 0.37995 0.379855 0.379689 0.379435 0.379076 0.37859 0.377956 0.377151 0.376152 0.374932 0.373468 0.371733 0.369702 0.367351 0.364658 0.361601 0.358162 0.354324 0.350077 0.345412 0.340326 0.334818 0.328896 0.32257 0.315855 0.308773 0.301349 0.293614 0.285601 0.277348 0.268895 0.260287 0.251567 0.242782 0.233978 0.225201 0.216497 0.20791 0.199482 0.191253 0.183258 0.175532 0.168105 0.161003 0.15425 0.147863 0.141858 0.136247 0.131038 0.126236 0.121841 0.117853 0.114268 0.111078 0.108277 0.105854 0.103796 0.102092 0.100726 0.0996719 0.0987864 0.0966682 0.0783906 -0.116615 
0.257773 0.51492 0.513657 0.512373 0.511068 0.509744 0.508405 0.507049 0.505681 0.5043 0.502909 0.501509 0.500101 0.498687 0.497269 0.495847 0.494423 0.492998 0.491574 0.490151 0.488731 0.487314 0.485902 0.484496 0.483097 0.481705 0.480321 0.478945 0.477579 0.476223 0.474877 0.473542 0.472217 0.470903 0.469601 0.468309 0.467029 0.465759 0.464499 0.46325 0.462011 0.460781 0.45956 0.458347 0.457143 0.455946 0.454756 0.453572 0.452395 0.451223 0.450056 0.448895 0.447738 0.446586 0.445438 0.444294 0.443155 0.442019 0.440888 0.439762 0.438639 0.437522 0.43641 0.435302 0.434201 0.433105 0.432016 0.430933 0.429857 0.428789 0.427729 0.426676 0.425633 0.424599 0.423574 0.42256 0.421556 0.420562 0.41958 0.418609 0.417649 0.416702 0.415767 0.414844 0.413933 0.413036 0.412151 0.411279 0.410421 0.409576 0.408745 0.407928 0.407125 0.406337 0.405564 0.404806 0.404064 0.403339 0.40263 0.401939 0.401265 0.400611 0.399976 0.399361 0.398766 0.398193 0.397642 0.397114 0.39661 0.39613 0.395675 0.395245 0.394841 0.394464 0.394113 0.39379 0.393495 0.393227 0.392987 0.392774 0.392588 0.392429 0.392293 0.392169 0.392045 0.391919 0.391789 0.391649 0.391492 0.39131 0.391095 0.390835 0.39052 0.390136 0.389668 0.3891 0.388412 0.387586 0.386599 0.385429 0.384051 0.38244 0.380569 0.378413 0.375945 0.373138 0.369968 0.366412 0.362448 0.358058 0.353227 0.347945 0.342203 0.336002 0.329343 0.322236 0.314694 0.306737 0.298391 0.289685 0.280655 0.27134 0.261784 0.252033 0.242137 0.232146 0.222113 0.212091 0.202131 0.192285 0.182601 0.173127 0.163907 0.154981 0.146386 0.138155 0.130316 0.122894 0.115907 0.109372 0.103298 0.0976933 0.09256 0.0878972 0.0837004 0.0799622 0.0766725 0.0738184 0.0713853 0.0693567 0.0677148 0.0664408 0.0655149 0.0649172 0.0646263 0.0646105 0.0647223 0.0635655 0.046262 -0.147653 
0.258091 0.515557 0.514294 0.51301 0.511707 0.510387 0.509051 0.507702 0.506339 0.504966 0.503583 0.502193 0.500796 0.499394 0.497988 0.49658 0.495172 0.493763 0.492357 0.490953 0.489553 0.488158 0.48677 0.485388 0.484015 0.48265 0.481295 0.47995 0.478616 0.477293 0.475982 0.474683 0.473397 0.472124 0.470864 0.469616 0.468382 0.46716 0.46595 0.464753 0.463568 0.462395 0.461232 0.460081 0.45894 0.457809 0.456687 0.455574 0.454469 0.453373 0.452284 0.451203 0.450129 0.449061 0.448001 0.446946 0.445898 0.444856 0.443821 0.442791 0.441768 0.440752 0.439741 0.438738 0.437742 0.436752 0.43577 0.434796 0.43383 0.432872 0.431923 0.430983 0.430052 0.429131 0.42822 0.42732 0.426431 0.425553 0.424686 0.423832 0.42299 0.422161 0.421344 0.420541 0.419752 0.418976 0.418215 0.417467 0.416734 0.416016 0.415313 0.414624 0.413951 0.413293 0.41265 0.412023 0.411412 0.410816 0.410236 0.409672 0.409125 0.408593 0.408078 0.407579 0.407096 0.406629 0.406178 0.405743 0.405324 0.404921 0.404532 0.404158 0.403798 0.403452 0.403118 0.402796 0.402484 0.402182 0.401887 0.401599 0.401314 0.40103 0.400743 0.400442 0.400107 0.399728 0.399299 0.39881 0.398247 0.397599 0.396848 0.39598 0.394974 0.393811 0.392468 0.390923 0.389151 0.387126 0.38482 0.382208 0.379261 0.375953 0.372257 0.368148 0.363606 0.358608 0.35314 0.347187 0.340743 0.333804 0.32637 0.318451 0.31006 0.301216 0.291944 0.282275 0.272247 0.2619 0.25128 0.240439 0.22943 0.218307 0.20713 0.195956 0.184844 0.173852 0.163037 0.152451 0.142146 0.13217 0.122566 0.113373 0.104625 0.0963517 0.0885776 0.0813215 0.0745974 0.0684145 0.0627769 0.0576843 0.0531324 0.0491127 0.0456132 0.0426189 0.0401117 0.0380716 0.0364764 0.0353021 0.0345241 0.0341164 0.0340528 0.0343071 0.0348529 0.0356644 0.0367153 0.0379698 0.0392781 0.0392468 0.0230073 -0.170299 
0.25834 0.516053 0.51479 0.513507 0.512206 0.510889 0.509557 0.508211 0.506854 0.505488 0.504112 0.50273 0.501343 0.499951 0.498558 0.497162 0.495768 0.494374 0.492984 0.491597 0.490216 0.48884 0.487472 0.486113 0.484762 0.483422 0.482093 0.480775 0.479469 0.478176 0.476896 0.47563 0.474378 0.47314 0.471916 0.470707 0.469513 0.468332 0.467166 0.466014 0.464876 0.463751 0.46264 0.461541 0.460454 0.459379 0.458316 0.457264 0.456222 0.45519 0.454168 0.453156 0.452153 0.451158 0.450172 0.449195 0.448225 0.447264 0.44631 0.445365 0.444427 0.443497 0.442574 0.44166 0.440754 0.439856 0.438966 0.438084 0.437211 0.436347 0.435492 0.434647 0.43381 0.432984 0.432168 0.431361 0.430566 0.429782 0.429008 0.428246 0.427496 0.426758 0.426032 0.425318 0.424617 0.423928 0.423253 0.42259 0.42194 0.421303 0.420679 0.420068 0.41947 0.418885 0.418312 0.417751 0.417203 0.416665 0.416139 0.415624 0.415119 0.414624 0.414137 0.413659 0.413188 0.412723 0.412263 0.411807 0.411354 0.410902 0.41045 0.409996 0.409537 0.409071 0.408597 0.40811 0.407609 0.40709 0.406549 0.405981 0.405383 0.404749 0.404072 0.403339 0.402519 0.401586 0.400528 0.399327 0.397963 0.396418 0.394667 0.392687 0.390453 0.387939 0.385116 0.381959 0.378439 0.374529 0.370203 0.365436 0.360206 0.354492 0.34828 0.341555 0.33431 0.326543 0.318255 0.309456 0.300159 0.290385 0.280162 0.269521 0.258504 0.247152 0.235517 0.223652 0.211614 0.199464 0.187265 0.17508 0.162974 0.151011 0.139251 0.127757 0.116584 0.105787 0.0954141 0.0855105 0.0761154 0.0672628 0.0589811 0.0512929 0.044215 0.0377587 0.0319297 0.0267283 0.0221501 0.0181857 0.0148218 0.0120408 0.00982213 0.00814186 0.00697366 0.00628907 0.00605794 0.00624887 0.00682957 0.00776729 0.00902914 0.0105824 0.0123949 0.0144353 0.0166729 0.0190787 0.0216236 0.0242699 0.0268672 0.0280247 0.0128578 -0.180223 
0.258526 0.516425 0.515161 0.513879 0.51258 0.511265 0.509936 0.508594 0.507242 0.505882 0.504513 0.503139 0.50176 0.500379 0.498995 0.497612 0.49623 0.494851 0.493475 0.492104 0.49074 0.489382 0.488033 0.486694 0.485364 0.484045 0.482739 0.481444 0.480163 0.478895 0.477642 0.476403 0.475179 0.47397 0.472777 0.471599 0.470436 0.469289 0.468157 0.46704 0.465938 0.464851 0.463778 0.462719 0.461674 0.460642 0.459623 0.458617 0.457622 0.456639 0.455668 0.454707 0.453757 0.452817 0.451887 0.450967 0.450056 0.449154 0.448262 0.447378 0.446503 0.445637 0.444779 0.44393 0.443089 0.442257 0.441433 0.440617 0.43981 0.439011 0.43822 0.437438 0.436665 0.4359 0.435144 0.434397 0.433659 0.432929 0.432208 0.431497 0.430794 0.4301 0.429414 0.428738 0.42807 0.427411 0.42676 0.426117 0.425481 0.424853 0.424232 0.423617 0.423007 0.422403 0.421803 0.421206 0.420611 0.420017 0.419423 0.418828 0.41823 0.417627 0.417018 0.416401 0.415773 0.415132 0.414476 0.413802 0.413107 0.412388 0.411641 0.410863 0.410048 0.409194 0.408294 0.407344 0.406338 0.40527 0.404133 0.402919 0.401621 0.40023 0.398735 0.397119 0.395334 0.393331 0.391085 0.388572 0.385767 0.382645 0.379178 0.37534 0.371105 0.366445 0.361336 0.355756 0.349683 0.3431 0.335994 0.328353 0.320175 0.311458 0.302208 0.292438 0.282164 0.271412 0.260212 0.2486 0.23662 0.224319 0.211751 0.198974 0.186049 0.173041 0.160017 0.147044 0.134192 0.121529 0.10912 0.0970303 0.0853212 0.0740502 0.0632702 0.0530295 0.0433707 0.0343307 0.0259405 0.0182248 0.0112021 0.0048847 -0.000721042 -0.00561466 -0.00980123 -0.013291 -0.0160992 -0.0182454 -0.019753 -0.0206491 -0.0209639 -0.0207299 -0.0199821 -0.0187568 -0.0170917 -0.0150254 -0.0125967 -0.00984458 -0.00680778 -0.00352436 -3.15855e-05 0.00363443 0.00743889 0.0113485 0.0153317 0.0193585 0.0234002 0.0274193 0.0312671 0.0335562 0.0193744 -0.173756 
0.258656 0.516685 0.515421 0.514139 0.512841 0.511528 0.510202 0.508865 0.507518 0.506163 0.504802 0.503436 0.502066 0.500695 0.499323 0.497952 0.496583 0.495218 0.493857 0.492502 0.491154 0.489814 0.488483 0.48716 0.485849 0.484548 0.483259 0.481983 0.480719 0.479469 0.478232 0.477009 0.475801 0.474607 0.473428 0.472264 0.471114 0.46998 0.46886 0.467755 0.466664 0.465588 0.464525 0.463477 0.462441 0.461419 0.46041 0.459413 0.458428 0.457455 0.456493 0.455542 0.454602 0.453672 0.452753 0.451842 0.450942 0.45005 0.449167 0.448292 0.447426 0.446568 0.445717 0.444874 0.444038 0.443209 0.442386 0.44157 0.44076 0.439956 0.439157 0.438364 0.437576 0.436792 0.436013 0.435237 0.434465 0.433697 0.432931 0.432167 0.431405 0.430644 0.429884 0.429123 0.428362 0.427599 0.426833 0.426063 0.425289 0.424508 0.423721 0.422924 0.422118 0.421299 0.420467 0.419618 0.418752 0.417865 0.416955 0.41602 0.415056 0.414061 0.41303 0.41196 0.410848 0.409689 0.408478 0.407212 0.405883 0.404488 0.40302 0.401473 0.39984 0.398114 0.396287 0.39435 0.392296 0.390114 0.387796 0.385329 0.382703 0.379906 0.376923 0.373733 0.370265 0.366439 0.362215 0.357569 0.352478 0.34692 0.340875 0.334325 0.327255 0.319652 0.311509 0.302823 0.293594 0.28383 0.273544 0.262753 0.251483 0.239763 0.227631 0.21513 0.202306 0.189214 0.17591 0.162458 0.148922 0.13537 0.121871 0.108496 0.0953146 0.0823976 0.0698124 0.0576245 0.0458961 0.0346853 0.0240458 0.014026 0.00466862 -0.00398934 -0.0119173 -0.0190908 -0.0254921 -0.0311097 -0.0359382 -0.0399785 -0.0432373 -0.0457266 -0.0474636 -0.0484704 -0.0487729 -0.0484013 -0.0473888 -0.0457716 -0.0435882 -0.040879 -0.0376861 -0.0340523 -0.0300213 -0.0256369 -0.020943 -0.0159828 -0.0107991 -0.00543361 7.32998e-05 0.00568255 0.0113567 0.01706 0.0227587 0.0284211 0.0340172 0.0395196 0.0449016 0.0501289 0.0550558 0.0583001 0.0449226 -0.148428 
0.258736 0.516844 0.51558 0.514299 0.513003 0.511693 0.510372 0.50904 0.507701 0.506355 0.505004 0.50365 0.502293 0.500937 0.499581 0.498227 0.496875 0.495528 0.494185 0.492847 0.491515 0.490189 0.488871 0.487559 0.486256 0.48496 0.483672 0.482392 0.481121 0.479859 0.478605 0.47736 0.476123 0.474896 0.473677 0.472467 0.471266 0.470074 0.468891 0.467716 0.466551 0.465394 0.464245 0.463106 0.461974 0.460851 0.459736 0.458629 0.45753 0.456438 0.455354 0.454277 0.453207 0.452144 0.451087 0.450037 0.448992 0.447953 0.446919 0.44589 0.444865 0.443844 0.442827 0.441812 0.440799 0.439788 0.438777 0.437767 0.436756 0.435744 0.434729 0.433712 0.43269 0.431663 0.43063 0.429589 0.42854 0.427482 0.426412 0.42533 0.424234 0.423122 0.421994 0.420846 0.419678 0.418488 0.417273 0.416032 0.414761 0.413459 0.412123 0.41075 0.409337 0.407882 0.406381 0.40483 0.403227 0.401566 0.399844 0.398057 0.3962 0.394268 0.392256 0.390159 0.387971 0.385685 0.383296 0.380796 0.378178 0.375436 0.37256 0.369543 0.366376 0.363049 0.359553 0.355878 0.352013 0.347947 0.343668 0.339166 0.334426 0.329438 0.324186 0.318646 0.312726 0.30631 0.299354 0.291851 0.283795 0.275188 0.266034 0.256343 0.246129 0.23541 0.224211 0.21256 0.200493 0.18805 0.175276 0.162221 0.14894 0.135491 0.121936 0.108339 0.0947688 0.0812925 0.0679798 0.0549001 0.0421219 0.0297122 0.017736 0.00625518 -0.0046721 -0.0149917 -0.0246544 -0.0336159 -0.0418379 -0.0492875 -0.0559382 -0.0617696 -0.0667676 -0.070924 -0.074237 -0.0767105 -0.078354 -0.0791825 -0.0792157 -0.078478 -0.0769982 -0.0748083 -0.0719442 -0.0684443 -0.0643495 -0.0597026 -0.054548 -0.0489312 -0.0428986 -0.0364968 -0.0297724 -0.022772 -0.0155414 -0.00812556 -0.000568548 0.00708696 0.0147997 0.0225302 0.0302404 0.0378944 0.0454583 0.0529001 0.06019 0.0673004 0.0742058 0.0808829 0.0873095 0.0934556 0.0991804 0.103108 0.0902826 -0.103371 
0.25877 0.516912 0.51565 0.514373 0.513083 0.511782 0.510473 0.509158 0.507837 0.506514 0.505188 0.503862 0.502535 0.50121 0.499884 0.49856 0.497236 0.495912 0.494588 0.493262 0.491934 0.490603 0.489268 0.487927 0.486579 0.485224 0.483859 0.482483 0.481097 0.479698 0.478285 0.476858 0.475417 0.47396 0.472487 0.470999 0.469494 0.467973 0.466436 0.464884 0.463316 0.461734 0.460138 0.458528 0.456906 0.455272 0.453628 0.451973 0.450309 0.448636 0.446956 0.44527 0.443577 0.441878 0.440175 0.438467 0.436754 0.435038 0.433317 0.431592 0.429862 0.428127 0.426386 0.424639 0.422885 0.421122 0.41935 0.417567 0.415772 0.413963 0.412138 0.410296 0.408435 0.406553 0.404647 0.402715 0.400756 0.398766 0.396744 0.394686 0.392591 0.390454 0.388275 0.386049 0.383773 0.381446 0.379063 0.376621 0.374118 0.371549 0.368912 0.366202 0.363415 0.360549 0.357598 0.35456 0.351428 0.348199 0.344869 0.341431 0.337882 0.334215 0.330426 0.326507 0.322455 0.318261 0.313919 0.309424 0.304766 0.29994 0.294938 0.289752 0.284373 0.278795 0.273008 0.267004 0.260774 0.254311 0.247606 0.240651 0.233438 0.225959 0.218208 0.210164 0.201723 0.192757 0.183239 0.1732 0.162676 0.151704 0.14033 0.128599 0.116562 0.104271 0.0917803 0.0791487 0.0664359 0.053704 0.0410165 0.0284377 0.0160322 0.0038647 -0.00800105 -0.0195025 -0.0305789 -0.0411717 -0.0512257 -0.0606884 -0.0695118 -0.0776516 -0.0850685 -0.091728 -0.0976006 -0.102662 -0.106895 -0.110285 -0.112824 -0.114512 -0.115351 -0.115349 -0.11452 -0.112882 -0.110457 -0.10727 -0.103353 -0.0987383 -0.0934619 -0.0875627 -0.0810817 -0.0740615 -0.0665463 -0.0585812 -0.0502122 -0.0414858 -0.0324484 -0.0231465 -0.013626 -0.00393232 0.00589009 0.0157977 0.0257484 0.0357013 0.0456169 0.0554576 0.0651875 0.0747725 0.0841802 0.0933806 0.102345 0.111049 0.119466 0.127577 0.13536 0.142798 0.149876 0.156569 0.162741 0.167026 0.154464 -0.0395092 
0.258764 0.516907 0.515659 0.514404 0.513144 0.511884 0.510624 0.509367 0.508113 0.506861 0.505612 0.504363 0.503112 0.501855 0.50059 0.499312 0.498017 0.496698 0.495351 0.49397 0.492548 0.491079 0.489557 0.487976 0.486328 0.484609 0.482811 0.480929 0.478958 0.476893 0.47473 0.472465 0.470094 0.467616 0.465029 0.462332 0.459524 0.456607 0.453581 0.45045 0.447214 0.44388 0.440449 0.436928 0.433321 0.429634 0.425873 0.422044 0.418154 0.414208 0.410214 0.406178 0.402105 0.398001 0.393873 0.389724 0.385559 0.381382 0.377197 0.373007 0.368814 0.364619 0.360425 0.356231 0.352038 0.347845 0.343653 0.339459 0.335263 0.331062 0.326855 0.322638 0.318411 0.314169 0.309911 0.305633 0.301333 0.297007 0.292654 0.288269 0.283851 0.279397 0.274904 0.270369 0.265791 0.261166 0.256493 0.251769 0.246992 0.24216 0.237271 0.232322 0.227312 0.222239 0.217099 0.211892 0.206614 0.201262 0.195835 0.190329 0.184741 0.179069 0.173308 0.167455 0.161506 0.155458 0.149306 0.143047 0.136676 0.130189 0.123582 0.116851 0.109992 0.103001 0.0958751 0.0886118 0.0812086 0.0736642 0.065978 0.0581503 0.050183 0.0420787 0.0338405 0.0254629 0.0168622 0.00793999 -0.00129296 -0.010771 -0.0204285 -0.0302003 -0.0400216 -0.0498295 -0.0595625 -0.0691609 -0.0785665 -0.0877227 -0.0965745 -0.105069 -0.113155 -0.120784 -0.12791 -0.13449 -0.140484 -0.145856 -0.150572 -0.154602 -0.157921 -0.160508 -0.162345 -0.163419 -0.163721 -0.163246 -0.161993 -0.159966 -0.157172 -0.153624 -0.149337 -0.144328 -0.138622 -0.132241 -0.125216 -0.117577 -0.109356 -0.100589 -0.0913126 -0.0815656 -0.0713876 -0.0608192 -0.0499019 -0.0386777 -0.0271887 -0.0154772 -0.00358544 0.00844486 0.0205724 0.0327564 0.0449572 0.0571359 0.0692546 0.0812767 0.0931668 0.104891 0.116417 0.127714 0.138753 0.149506 0.159949 0.170056 0.179807 0.189182 0.198164 0.206738 0.214892 0.222615 0.229899 0.236728 0.242976 0.247288 0.234714 0.0404396 
0.258729 0.516866 0.515693 0.514548 0.513432 0.512343 0.511278 0.510231 0.509195 0.508161 0.507119 0.506055 0.504955 0.503804 0.502584 0.501276 0.49986 0.498315 0.496619 0.494748 0.492678 0.490386 0.487846 0.485035 0.481927 0.4785 0.47473 0.470595 0.466076 0.461153 0.45581 0.450034 0.443813 0.437138 0.430005 0.422411 0.414358 0.405852 0.396901 0.387518 0.37772 0.367525 0.356956 0.34604 0.334804 0.323279 0.311497 0.299492 0.287297 0.274948 0.262479 0.249924 0.237318 0.224691 0.212074 0.199496 0.186983 0.174558 0.162245 0.150061 0.138024 0.126149 0.114447 0.102929 0.0916022 0.0804738 0.0695482 0.0588288 0.0483177 0.0380162 0.0279247 0.0180429 0.00837031 -0.00109392 -0.0103507 -0.0194011 -0.028246 -0.036886 -0.0453216 -0.0535531 -0.0615804 -0.0694032 -0.0770211 -0.0844333 -0.0916389 -0.0986371 -0.105427 -0.112007 -0.118378 -0.124538 -0.130488 -0.136227 -0.141757 -0.147079 -0.152196 -0.157108 -0.161821 -0.166338 -0.170663 -0.174804 -0.178764 -0.182552 -0.186175 -0.18964 -0.192957 -0.196133 -0.199177 -0.202098 -0.204905 -0.207606 -0.21021 -0.212723 -0.215153 -0.217506 -0.219786 -0.221997 -0.224141 -0.22622 -0.228232 -0.230175 -0.232045 -0.233833 -0.235534 -0.237149 -0.238748 -0.240415 -0.242133 -0.243844 -0.245491 -0.247025 -0.248399 -0.249567 -0.250491 -0.251133 -0.251457 -0.251431 -0.251024 -0.250209 -0.248957 -0.247247 -0.245056 -0.242366 -0.23916 -0.235425 -0.231148 -0.226323 -0.220943 -0.215006 -0.20851 -0.201459 -0.193859 -0.185716 -0.177041 -0.167848 -0.158152 -0.14797 -0.137322 -0.12623 -0.114717 -0.10281 -0.090535 -0.0779203 -0.0649957 -0.0517918 -0.0383403 -0.0246736 -0.0108246 0.00317303 0.0172856 0.0314791 0.0457193 0.0599725 0.0742045 0.088382 0.102472 0.116441 0.130258 0.14389 0.157309 0.170483 0.183384 0.195984 0.208258 0.220179 0.231725 0.242874 0.253606 0.263903 0.27375 0.283135 0.292048 0.300484 0.308442 0.315924 0.32294 0.329491 0.335475 0.33956 0.326812 0.132287 
