# vtk DataFile Version 3.0
Navier-Stokes 2D - t=13.95
ASCII
DATASET STRUCTURED_POINTS
DIMENSIONS 200 100 1
ORIGIN 0.005 0.005 0
SPACING 0.01 0.01 1
POINT_DATA 20000
SCALARS pressure double
LOOKUP_TABLE default
0.2593 0.259299 0.259295 0.259289 0.25928 0.259269 0.259255 0.259239 0.25922 0.259199 0.259175 0.259149 0.25912 0.259089 0.259056 0.259021 0.258984 0.258945 0.258904 0.258862 0.258818 0.258772 0.258726 0.258678 0.25863 0.258581 0.258531 0.25848 0.258429 0.258378 0.258326 0.258275 0.258223 0.258171 0.258119 0.258067 0.258015 0.257962 0.257909 0.257856 0.257801 0.257746 0.25769 0.257632 0.257573 0.257511 0.257448 0.257381 0.257312 0.25724 0.257164 0.257084 0.257 0.256911 0.256817 0.256718 0.256614 0.256504 0.256388 0.256266 0.256138 0.256003 0.255862 0.255715 0.25556 0.255399 0.255232 0.255057 0.254876 0.254688 0.254494 0.254293 0.254086 0.253872 0.253652 0.253427 0.253195 0.252958 0.252715 0.252467 0.252214 0.251955 0.251692 0.251424 0.251152 0.250875 0.250594 0.250309 0.250021 0.249728 0.249432 0.249133 0.248831 0.248525 0.248216 0.247905 0.24759 0.247273 0.246952 0.246629 0.246304 0.245976 0.245645 0.245312 0.244976 0.244637 0.244296 0.243952 0.243606 0.243257 0.242906 0.242551 0.242195 0.241835 0.241473 0.241108 0.240741 0.240371 0.239998 0.239622 0.239244 0.238864 0.238481 0.238095 0.237707 0.237316 0.236924 0.236529 0.236132 0.235733 0.235333 0.234931 0.234527 0.234123 0.233717 0.23331 0.232903 0.232496 0.232089 0.231681 0.231275 0.230869 0.230464 0.23006 0.229659 0.229259 0.228861 0.228466 0.228074 0.227685 0.227299 0.226917 0.226538 0.226163 0.225792 0.225423 0.225057 0.224693 0.22433 0.223965 0.223596 0.223218 0.222828 0.222417 0.221976 0.221496 0.220963 0.220361 0.219675 0.218887 0.21798 0.216884 0.215467 0.213684 0.211502 0.208896 0.205852 0.202369 0.198457 0.194138 0.189445 0.184423 0.179122 0.173604 0.167934 0.162183 0.15642 0.150714 0.145129 0.139721 0.134537 0.129615 0.124977 0.120636 0.116592 0.112832 0.109335 0.106069 0.102994 0.100058 
0.256589 0.256588 0.256585 0.256579 0.25657 0.25656 0.256546 0.25653 0.256511 0.25649 0.256465 0.256437 0.256407 0.256373 0.256335 0.256294 0.256249 0.256201 0.256148 0.256091 0.25603 0.255965 0.255895 0.255821 0.255741 0.255657 0.255568 0.255473 0.255374 0.255269 0.255159 0.255043 0.254922 0.254795 0.254663 0.254526 0.254382 0.254234 0.25408 0.253921 0.253757 0.253587 0.253413 0.253234 0.25305 0.252862 0.25267 0.252473 0.252273 0.252069 0.251862 0.251651 0.251437 0.25122 0.251001 0.250779 0.250555 0.250329 0.250101 0.249872 0.249641 0.249409 0.249175 0.248941 0.248706 0.24847 0.248234 0.247997 0.247761 0.247524 0.247288 0.247052 0.246816 0.24658 0.246346 0.246111 0.245878 0.245645 0.245413 0.245181 0.24495 0.24472 0.244491 0.244262 0.244033 0.243805 0.243577 0.243348 0.24312 0.242892 0.242662 0.242432 0.242202 0.24197 0.241736 0.241501 0.241264 0.241025 0.240784 0.24054 0.240293 0.240043 0.239791 0.239534 0.239275 0.239011 0.238744 0.238473 0.238198 0.237918 0.237634 0.237346 0.237054 0.236757 0.236456 0.236151 0.235841 0.235527 0.235209 0.234887 0.23456 0.234231 0.233897 0.23356 0.23322 0.232877 0.232531 0.232182 0.231832 0.231479 0.231125 0.23077 0.230414 0.230058 0.229701 0.229344 0.228989 0.228634 0.22828 0.227929 0.227579 0.227233 0.226889 0.226548 0.226211 0.225878 0.225549 0.225224 0.224904 0.22459 0.22428 0.223976 0.223678 0.223385 0.223097 0.222815 0.222537 0.222261 0.221986 0.221709 0.221425 0.221129 0.220812 0.220466 0.220079 0.219634 0.219117 0.218506 0.217782 0.216921 0.2159 0.21467 0.21311 0.211182 0.208854 0.206106 0.202926 0.199316 0.195287 0.190862 0.186078 0.180979 0.175619 0.170062 0.164374 0.158628 0.152897 0.147251 0.141755 0.13647 0.131446 0.126722 0.122325 0.118271 0.114566 0.111202 0.108165 0.105434 0.10298 0.100759 
0.253881 0.25388 0.253877 0.253872 0.253864 0.253854 0.253842 0.253826 0.253808 0.253787 0.253762 0.253734 0.253702 0.253665 0.253624 0.253578 0.253526 0.253469 0.253406 0.253336 0.253259 0.253175 0.253083 0.252983 0.252874 0.252756 0.252629 0.252492 0.252346 0.252189 0.252022 0.251844 0.251655 0.251456 0.251245 0.251024 0.250793 0.25055 0.250298 0.250035 0.249763 0.249482 0.249192 0.248894 0.248589 0.248277 0.247958 0.247634 0.247305 0.246972 0.246636 0.246297 0.245956 0.245614 0.245271 0.244929 0.244587 0.244247 0.243908 0.243572 0.243239 0.24291 0.242584 0.242262 0.241945 0.241633 0.241326 0.241025 0.240729 0.240439 0.240155 0.239878 0.239607 0.239342 0.239083 0.238831 0.238586 0.238347 0.238114 0.237887 0.237666 0.237452 0.237242 0.237038 0.236839 0.236645 0.236454 0.236268 0.236086 0.235906 0.235729 0.235554 0.235381 0.235208 0.235037 0.234866 0.234694 0.234521 0.234347 0.234172 0.233994 0.233813 0.233629 0.233442 0.233251 0.233055 0.232855 0.23265 0.23244 0.232225 0.232004 0.231777 0.231545 0.231307 0.231062 0.230812 0.230556 0.230294 0.230026 0.229752 0.229473 0.229188 0.228898 0.228603 0.228304 0.228 0.227692 0.22738 0.227065 0.226747 0.226427 0.226105 0.225781 0.225457 0.225133 0.224809 0.224486 0.224165 0.223846 0.22353 0.223218 0.22291 0.222608 0.222312 0.222022 0.22174 0.221466 0.2212 0.220944 0.220698 0.220462 0.220238 0.220024 0.219822 0.219631 0.21945 0.219278 0.219112 0.21895 0.218787 0.218617 0.218432 0.218222 0.217972 0.217668 0.21729 0.216817 0.216224 0.215484 0.21457 0.213452 0.212089 0.210385 0.20831 0.20584 0.202958 0.199657 0.195939 0.191819 0.187322 0.182484 0.177352 0.171978 0.166428 0.160768 0.15507 0.149409 0.143854 0.138474 0.133328 0.12847 0.123941 0.119772 0.115984 0.112584 0.109576 0.106951 0.104699 0.102806 0.101245 
0.251175 0.251175 0.251172 0.251167 0.251161 0.251151 0.25114 0.251126 0.251108 0.251088 0.251063 0.251035 0.251001 0.250962 0.250918 0.250867 0.250809 0.250744 0.25067 0.250587 0.250494 0.250392 0.250278 0.250152 0.250014 0.249863 0.249698 0.249519 0.249325 0.249116 0.248892 0.248651 0.248394 0.248121 0.247832 0.247527 0.247205 0.246868 0.246516 0.246149 0.245768 0.245373 0.244967 0.244548 0.24412 0.243682 0.243235 0.242782 0.242324 0.24186 0.241394 0.240926 0.240457 0.239989 0.239522 0.239058 0.238598 0.238143 0.237694 0.237252 0.236817 0.23639 0.235972 0.235564 0.235165 0.234777 0.2344 0.234035 0.233681 0.233339 0.233008 0.23269 0.232385 0.232091 0.23181 0.231541 0.231285 0.23104 0.230807 0.230586 0.230376 0.230177 0.229989 0.22981 0.229641 0.229481 0.22933 0.229186 0.229049 0.228919 0.228795 0.228675 0.22856 0.228448 0.228339 0.228232 0.228126 0.22802 0.227914 0.227806 0.227697 0.227586 0.227471 0.227353 0.227231 0.227103 0.22697 0.226832 0.226687 0.226536 0.226378 0.226213 0.226041 0.225861 0.225674 0.225479 0.225276 0.225065 0.224848 0.224622 0.224389 0.22415 0.223903 0.22365 0.22339 0.223125 0.222854 0.222579 0.222299 0.222015 0.221728 0.221438 0.221146 0.220854 0.220561 0.220268 0.219977 0.219688 0.219403 0.219121 0.218845 0.218575 0.218313 0.218059 0.217815 0.217581 0.21736 0.217151 0.216955 0.216775 0.21661 0.216461 0.216329 0.216213 0.216113 0.216028 0.215957 0.215894 0.215838 0.21578 0.215713 0.215626 0.215505 0.215333 0.215091 0.214754 0.214298 0.213693 0.212909 0.211916 0.210682 0.209169 0.207317 0.205096 0.202488 0.199481 0.196072 0.192267 0.188083 0.183544 0.178688 0.173559 0.168212 0.162709 0.157115 0.151503 0.145944 0.140508 0.135263 0.13027 0.125582 0.121243 0.117286 0.113736 0.110607 0.107906 0.105634 0.103791 0.102376 0.101374 
0.248472 0.248471 0.248469 0.248465 0.248459 0.248451 0.248441 0.248428 0.248412 0.248392 0.248369 0.24834 0.248306 0.248265 0.248218 0.248163 0.248099 0.248026 0.247942 0.247847 0.24774 0.247619 0.247483 0.247333 0.247166 0.246981 0.246779 0.246558 0.246317 0.246055 0.245773 0.245469 0.245144 0.244797 0.244428 0.244037 0.243624 0.243191 0.242737 0.242264 0.241771 0.241262 0.240736 0.240195 0.23964 0.239074 0.238498 0.237913 0.237322 0.236727 0.236128 0.235528 0.23493 0.234334 0.233741 0.233155 0.232576 0.232006 0.231446 0.230896 0.23036 0.229836 0.229326 0.228832 0.228353 0.22789 0.227444 0.227016 0.226604 0.226211 0.225836 0.225479 0.22514 0.224819 0.224517 0.224232 0.223966 0.223717 0.223486 0.223271 0.223073 0.222891 0.222725 0.222573 0.222435 0.222311 0.222199 0.222098 0.222008 0.221929 0.221858 0.221794 0.221738 0.221687 0.221641 0.221598 0.221558 0.22152 0.221482 0.221444 0.221405 0.221363 0.221318 0.221269 0.221216 0.221157 0.221091 0.22102 0.220941 0.220854 0.220759 0.220655 0.220543 0.220422 0.220291 0.220151 0.220002 0.219843 0.219675 0.219498 0.219311 0.219116 0.218912 0.2187 0.21848 0.218253 0.218019 0.217779 0.217533 0.217283 0.217028 0.216769 0.216509 0.216246 0.215983 0.215721 0.21546 0.215202 0.214948 0.214699 0.214457 0.214223 0.213998 0.213784 0.213583 0.213395 0.213222 0.213066 0.212927 0.212808 0.212709 0.21263 0.212573 0.212537 0.212521 0.212524 0.212542 0.212571 0.212606 0.212638 0.212655 0.212645 0.212588 0.212466 0.212254 0.211925 0.211451 0.2108 0.209942 0.208847 0.207482 0.205816 0.203813 0.201449 0.198712 0.195596 0.192101 0.188236 0.184017 0.179472 0.174635 0.169551 0.164272 0.158857 0.153371 0.147881 0.142458 0.137171 0.132084 0.127258 0.122746 0.118593 0.114835 0.111499 0.108602 0.106159 0.104176 0.102662 0.101627 0.101061 
0.245769 0.245769 0.245767 0.245764 0.24576 0.245753 0.245745 0.245734 0.245719 0.245701 0.245679 0.245651 0.245617 0.245575 0.245526 0.245468 0.245399 0.245319 0.245226 0.24512 0.244998 0.24486 0.244704 0.244529 0.244333 0.244116 0.243877 0.243613 0.243325 0.243012 0.242671 0.242304 0.24191 0.241487 0.241037 0.240559 0.240054 0.239523 0.238965 0.238383 0.237777 0.237149 0.2365 0.235833 0.23515 0.234452 0.233742 0.233023 0.232296 0.231565 0.230831 0.230097 0.229366 0.228639 0.22792 0.227209 0.226509 0.225822 0.22515 0.224494 0.223855 0.223234 0.222633 0.222053 0.221494 0.220958 0.220444 0.219954 0.219487 0.219044 0.218625 0.218231 0.217861 0.217515 0.217193 0.216895 0.21662 0.216369 0.216141 0.215935 0.215751 0.215587 0.215444 0.215321 0.215216 0.215128 0.215057 0.215001 0.21496 0.214931 0.214915 0.214909 0.214912 0.214923 0.214941 0.214965 0.214992 0.215022 0.215053 0.215085 0.215115 0.215144 0.215169 0.215191 0.215207 0.215216 0.215219 0.215215 0.215201 0.215179 0.215148 0.215106 0.215054 0.214991 0.214917 0.214832 0.214736 0.214629 0.21451 0.21438 0.21424 0.214089 0.213927 0.213756 0.213575 0.213386 0.213188 0.212982 0.21277 0.212551 0.212327 0.212099 0.211868 0.211634 0.2114 0.211166 0.210934 0.210704 0.21048 0.210261 0.21005 0.209849 0.209658 0.209481 0.209318 0.209172 0.209044 0.208935 0.208848 0.208784 0.208744 0.208729 0.208738 0.208772 0.208829 0.208907 0.209001 0.209106 0.209214 0.209313 0.20939 0.209427 0.209404 0.209298 0.20908 0.208723 0.208195 0.207467 0.206509 0.205292 0.20379 0.201975 0.199823 0.197325 0.194474 0.191268 0.18771 0.183812 0.17959 0.175073 0.170292 0.165291 0.160119 0.154833 0.149492 0.144161 0.138907 0.133795 0.128888 0.124244 0.119915 0.115947 0.112375 0.109229 0.106531 0.104297 0.102541 0.101277 0.100521 0.100268 
0.243068 0.243068 0.243067 0.243065 0.243062 0.243058 0.243051 0.243043 0.243031 0.243015 0.242994 0.242968 0.242935 0.242893 0.242843 0.242783 0.24271 0.242624 0.242524 0.242407 0.242272 0.242118 0.241942 0.241744 0.241521 0.241272 0.240996 0.240691 0.240357 0.23999 0.239592 0.239161 0.238697 0.238198 0.237666 0.237099 0.2365 0.235867 0.235204 0.234509 0.233786 0.233037 0.232262 0.231465 0.230649 0.229815 0.228967 0.228109 0.227242 0.22637 0.225497 0.224625 0.223757 0.222897 0.222047 0.221209 0.220386 0.219581 0.218794 0.21803 0.217288 0.21657 0.215878 0.215213 0.214575 0.213966 0.213385 0.212835 0.212314 0.211824 0.211364 0.210934 0.210535 0.210166 0.209827 0.209518 0.209238 0.208987 0.208765 0.208569 0.208401 0.208259 0.208141 0.208048 0.207977 0.207929 0.2079 0.207891 0.2079 0.207924 0.207964 0.208017 0.208081 0.208156 0.208239 0.208329 0.208425 0.208524 0.208626 0.208728 0.20883 0.20893 0.209026 0.209118 0.209204 0.209284 0.209355 0.209418 0.209471 0.209514 0.209545 0.209566 0.209574 0.20957 0.209553 0.209523 0.20948 0.209423 0.209354 0.209272 0.209177 0.209069 0.20895 0.208819 0.208676 0.208523 0.20836 0.208188 0.208008 0.20782 0.207626 0.207427 0.207223 0.207017 0.20681 0.206602 0.206396 0.206193 0.205995 0.205804 0.205621 0.205449 0.205289 0.205144 0.205015 0.204905 0.204816 0.20475 0.204707 0.204691 0.204701 0.204739 0.204805 0.204897 0.205013 0.205151 0.205303 0.205463 0.20562 0.20576 0.205868 0.205921 0.205898 0.205771 0.205512 0.205091 0.204479 0.203646 0.202567 0.201217 0.199573 0.197616 0.195328 0.192706 0.189757 0.186481 0.182885 0.17898 0.174786 0.170327 0.165637 0.160754 0.155725 0.150602 0.14544 0.140301 0.135245 0.130334 0.125627 0.12118 0.117042 0.113257 0.109862 0.106887 0.104355 0.102287 0.1007 0.0996115 0.0990425 0.0989894 
0.240368 0.240368 0.240368 0.240367 0.240366 0.240364 0.24036 0.240355 0.240346 0.240333 0.240315 0.240292 0.240261 0.240221 0.240171 0.240109 0.240034 0.239944 0.239837 0.239712 0.239565 0.239396 0.239202 0.238982 0.238733 0.238454 0.238142 0.237797 0.237416 0.236998 0.236542 0.236046 0.235511 0.234935 0.234319 0.233663 0.232966 0.232231 0.231458 0.230648 0.229804 0.228929 0.228024 0.227092 0.226137 0.225162 0.224171 0.223168 0.222156 0.221138 0.22012 0.219105 0.218096 0.217098 0.216112 0.215144 0.214195 0.213268 0.212366 0.211491 0.210645 0.209829 0.209046 0.208296 0.20758 0.206899 0.206254 0.205645 0.205072 0.204537 0.204038 0.203576 0.203151 0.202762 0.202409 0.202091 0.201809 0.201561 0.201347 0.201165 0.201016 0.200897 0.200808 0.200748 0.200714 0.200707 0.200724 0.200763 0.200824 0.200904 0.201002 0.201116 0.201243 0.201383 0.201533 0.201692 0.201857 0.202027 0.2022 0.202374 0.202548 0.20272 0.202889 0.203052 0.20321 0.203359 0.2035 0.20363 0.20375 0.203859 0.203954 0.204037 0.204105 0.20416 0.204199 0.204224 0.204234 0.204229 0.204209 0.204174 0.204124 0.204059 0.203981 0.203889 0.203784 0.203667 0.203538 0.203398 0.203249 0.203091 0.202925 0.202753 0.202576 0.202395 0.202211 0.202028 0.201845 0.201666 0.201492 0.201324 0.201166 0.201019 0.200885 0.200767 0.200668 0.200588 0.200532 0.200499 0.200494 0.200516 0.200567 0.200647 0.200756 0.200891 0.201051 0.201229 0.201419 0.201611 0.201791 0.201944 0.20205 0.202087 0.202028 0.201846 0.201513 0.200998 0.200274 0.199316 0.198101 0.196609 0.194824 0.192733 0.190325 0.187595 0.184565 0.181239 0.177626 0.17374 0.169599 0.165228 0.160657 0.155922 0.151067 0.146138 0.141186 0.136266 0.131435 0.126748 0.12226 0.118023 0.114084 0.110484 0.107258 0.104437 0.102046 0.100106 0.0986368 0.0976586 0.0971948 0.0972436 
0.237668 0.237668 0.237669 0.23767 0.237671 0.237672 0.237672 0.23767 0.237665 0.237656 0.237643 0.237623 0.237595 0.237558 0.237511 0.23745 0.237374 0.237282 0.23717 0.237037 0.236881 0.236699 0.236489 0.236248 0.235975 0.235666 0.23532 0.234935 0.234509 0.234039 0.233526 0.232966 0.23236 0.231706 0.231005 0.230256 0.229461 0.228619 0.227733 0.226804 0.225835 0.224829 0.223788 0.222716 0.221617 0.220494 0.219354 0.218199 0.217034 0.215865 0.214696 0.213531 0.212376 0.211233 0.210108 0.209004 0.207925 0.206873 0.205852 0.204865 0.203913 0.202998 0.202122 0.201287 0.200493 0.199742 0.199033 0.198368 0.197746 0.197168 0.196633 0.196142 0.195693 0.195288 0.194924 0.194602 0.194321 0.19408 0.193878 0.193714 0.193587 0.193495 0.193438 0.193414 0.193421 0.193458 0.193523 0.193614 0.193729 0.193867 0.194026 0.194202 0.194395 0.194602 0.194821 0.19505 0.195287 0.19553 0.195776 0.196024 0.196271 0.196517 0.196758 0.196994 0.197223 0.197444 0.197655 0.197854 0.198041 0.198215 0.198375 0.19852 0.19865 0.198763 0.198859 0.198939 0.199002 0.199048 0.199076 0.199087 0.199082 0.19906 0.199022 0.198969 0.1989 0.198818 0.198722 0.198613 0.198494 0.198363 0.198224 0.198077 0.197924 0.197766 0.197605 0.197443 0.197281 0.197122 0.196967 0.19682 0.196682 0.196555 0.196443 0.196347 0.19627 0.196214 0.196182 0.196176 0.196198 0.196248 0.196328 0.196437 0.196575 0.196738 0.196923 0.197122 0.197326 0.197524 0.1977 0.197836 0.19791 0.197897 0.197771 0.197503 0.197065 0.19643 0.195574 0.194474 0.193113 0.191477 0.189555 0.187339 0.184824 0.182008 0.178913 0.175555 0.171947 0.168101 0.164036 0.159775 0.155348 0.150787 0.146131 0.141421 0.136703 0.132027 0.127443 0.123 0.118749 0.114736 0.111004 0.107591 0.104531 0.101854 0.0995823 0.0977392 0.0963449 0.095421 0.0949922 0.0950588 
0.234967 0.234967 0.234969 0.234973 0.234977 0.234981 0.234985 0.234988 0.234988 0.234985 0.234977 0.234962 0.23494 0.234907 0.234863 0.234805 0.234731 0.234638 0.234524 0.234386 0.234222 0.23403 0.233805 0.233546 0.23325 0.232914 0.232536 0.232113 0.231642 0.231122 0.230551 0.229927 0.229249 0.228517 0.227729 0.226886 0.225989 0.225038 0.224035 0.222983 0.221884 0.220741 0.219558 0.218339 0.217089 0.215812 0.214514 0.2132 0.211876 0.210547 0.209219 0.207898 0.206588 0.205296 0.204024 0.202779 0.201565 0.200384 0.19924 0.198137 0.197077 0.196062 0.195093 0.194172 0.193301 0.19248 0.191709 0.190989 0.19032 0.189702 0.189134 0.188617 0.18815 0.187731 0.187361 0.187039 0.186763 0.186533 0.186347 0.186204 0.186104 0.186043 0.186022 0.186038 0.186089 0.186174 0.186291 0.186437 0.18661 0.186809 0.187031 0.187274 0.187535 0.187812 0.188102 0.188404 0.188714 0.189031 0.189352 0.189675 0.189998 0.190319 0.190635 0.190945 0.191247 0.19154 0.191821 0.19209 0.192346 0.192586 0.192811 0.193018 0.193209 0.193381 0.193534 0.193669 0.193784 0.19388 0.193957 0.194015 0.194053 0.194073 0.194075 0.194059 0.194026 0.193977 0.193913 0.193834 0.193743 0.193639 0.193524 0.1934 0.193269 0.193132 0.19299 0.192846 0.192702 0.192559 0.192421 0.19229 0.192167 0.192056 0.191959 0.191878 0.191817 0.191778 0.191762 0.191773 0.191812 0.191879 0.191975 0.192099 0.19225 0.192423 0.192612 0.19281 0.193006 0.193184 0.193328 0.193418 0.19343 0.193338 0.193115 0.192734 0.192168 0.191392 0.190387 0.189135 0.187624 0.185843 0.183789 0.181458 0.178851 0.175969 0.172825 0.169454 0.165867 0.16208 0.15811 0.15398 0.149716 0.145348 0.14091 0.13644 0.131977 0.127564 0.123245 0.119064 0.115065 0.111288 0.107772 0.104552 0.101658 0.0991159 0.0969497 0.0951799 0.0938266 0.0929111 0.092458 0.0924707 
0.232264 0.232265 0.232269 0.232274 0.232282 0.232291 0.2323 0.232308 0.232315 0.232318 0.232317 0.23231 0.232294 0.232269 0.23223 0.232177 0.232106 0.232015 0.231901 0.231762 0.231593 0.231392 0.231156 0.230881 0.230565 0.230204 0.229795 0.229335 0.228822 0.228253 0.227625 0.226937 0.226187 0.225375 0.224499 0.22356 0.222558 0.221495 0.220372 0.219191 0.217956 0.21667 0.215338 0.213965 0.212556 0.211116 0.209652 0.208171 0.206678 0.205181 0.203686 0.202199 0.200727 0.199276 0.197852 0.196459 0.195103 0.193788 0.192518 0.191295 0.190124 0.189006 0.187943 0.186936 0.185987 0.185097 0.184265 0.183493 0.182779 0.182124 0.181527 0.180987 0.180505 0.180078 0.179706 0.179387 0.179122 0.178907 0.178743 0.178626 0.178557 0.178533 0.178552 0.178612 0.178712 0.178849 0.179022 0.179227 0.179463 0.179726 0.180015 0.180327 0.180659 0.181009 0.181374 0.181751 0.182137 0.182531 0.182929 0.18333 0.18373 0.184127 0.184519 0.184905 0.185281 0.185647 0.186001 0.18634 0.186665 0.186972 0.187262 0.187533 0.187785 0.188016 0.188226 0.188416 0.188584 0.18873 0.188855 0.188958 0.18904 0.189101 0.189141 0.189162 0.189164 0.189147 0.189113 0.189063 0.188997 0.188918 0.188826 0.188723 0.188611 0.188492 0.188366 0.188238 0.188107 0.187978 0.187852 0.187731 0.187619 0.187518 0.18743 0.187359 0.187306 0.187275 0.187267 0.187285 0.187329 0.187401 0.187499 0.187624 0.187771 0.187935 0.18811 0.188285 0.188447 0.188581 0.188667 0.188683 0.188605 0.188407 0.188062 0.187545 0.186831 0.1859 0.184735 0.183325 0.181661 0.17974 0.177561 0.175126 0.172439 0.169507 0.166337 0.162967 0.159417 0.155704 0.151844 0.147859 0.143773 0.139613 0.135408 0.131192 0.126998 0.122863 0.118824 0.11492 0.111185 0.107657 0.104367 0.101346 0.0986201 0.0962121 0.0941425 0.0924298 0.091092 0.0901487 0.0896226 0.0895203 
0.229559 0.229561 0.229566 0.229575 0.229586 0.2296 0.229615 0.22963 0.229645 0.229657 0.229665 0.229666 0.22966 0.229643 0.229612 0.229567 0.229502 0.229416 0.229305 0.229166 0.228996 0.22879 0.228545 0.228258 0.227924 0.227541 0.227104 0.22661 0.226056 0.225438 0.224755 0.224004 0.223182 0.222289 0.221324 0.220287 0.219178 0.217998 0.216749 0.215434 0.214057 0.212622 0.211134 0.209598 0.20802 0.206408 0.204769 0.203109 0.201438 0.199762 0.198089 0.196428 0.194784 0.193167 0.191581 0.190033 0.188529 0.187073 0.185671 0.184325 0.183039 0.181815 0.180656 0.179562 0.178536 0.177577 0.176686 0.175862 0.175106 0.174418 0.173795 0.173237 0.172743 0.172313 0.171943 0.171634 0.171384 0.171191 0.171053 0.170969 0.170936 0.170953 0.171018 0.171128 0.171282 0.171477 0.17171 0.171979 0.172281 0.172613 0.172974 0.173359 0.173766 0.174192 0.174634 0.17509 0.175555 0.176029 0.176507 0.176987 0.177466 0.177942 0.178412 0.178875 0.179327 0.179768 0.180195 0.180606 0.181 0.181375 0.181731 0.182066 0.182379 0.18267 0.182937 0.183181 0.183402 0.183598 0.18377 0.183919 0.184043 0.184145 0.184223 0.18428 0.184315 0.184329 0.184324 0.1843 0.184259 0.184202 0.184131 0.184047 0.183951 0.183847 0.183735 0.183618 0.183498 0.183377 0.183259 0.183145 0.183038 0.18294 0.182856 0.182786 0.182734 0.182702 0.182693 0.182707 0.182745 0.182809 0.182897 0.183006 0.183132 0.183269 0.183409 0.183539 0.183646 0.183711 0.183714 0.183632 0.18344 0.183113 0.182625 0.181954 0.181077 0.179979 0.178649 0.177078 0.175264 0.173208 0.170912 0.168384 0.165631 0.162661 0.159487 0.156132 0.152633 0.149006 0.145267 0.141438 0.13754 0.133597 0.129635 0.125682 0.121767 0.117921 0.114173 0.110555 0.107097 0.103828 0.100774 0.0979602 0.095408 0.0931359 0.0911604 0.0894961 0.0881574 0.0871598 0.0865225 0.0862538 
0.226851 0.226853 0.22686 0.226872 0.226888 0.226908 0.22693 0.226954 0.226978 0.227 0.227018 0.227031 0.227036 0.22703 0.227011 0.226976 0.226921 0.226843 0.226738 0.226603 0.226434 0.226227 0.225977 0.225681 0.225333 0.22493 0.224468 0.223943 0.22335 0.222687 0.22195 0.221136 0.220243 0.219269 0.218213 0.217075 0.215855 0.214555 0.213176 0.211721 0.210195 0.208603 0.206949 0.205241 0.203485 0.20169 0.199863 0.198015 0.196153 0.194287 0.192425 0.190578 0.188752 0.186957 0.185201 0.183489 0.181829 0.180226 0.178686 0.177211 0.175806 0.174474 0.173216 0.172035 0.17093 0.169904 0.168954 0.168082 0.167287 0.166567 0.165922 0.165351 0.164851 0.164421 0.16406 0.163766 0.163537 0.163371 0.163266 0.163219 0.163229 0.163294 0.163411 0.163577 0.16379 0.164048 0.164347 0.164685 0.165059 0.165465 0.165901 0.166364 0.166851 0.167357 0.167881 0.168418 0.168967 0.169523 0.170083 0.170646 0.171207 0.171764 0.172315 0.172856 0.173387 0.173903 0.174405 0.174888 0.175353 0.175797 0.17622 0.176619 0.176994 0.177345 0.17767 0.177969 0.178241 0.178487 0.178706 0.178899 0.179066 0.179207 0.179323 0.179413 0.17948 0.179524 0.179546 0.179548 0.179529 0.179493 0.17944 0.179372 0.17929 0.179198 0.179096 0.178987 0.178874 0.178758 0.178643 0.17853 0.178422 0.178323 0.178235 0.17816 0.178101 0.178059 0.178038 0.178038 0.17806 0.178103 0.178165 0.178243 0.178332 0.178424 0.178509 0.178574 0.178603 0.178578 0.178476 0.178273 0.177947 0.177472 0.176824 0.175984 0.174934 0.173664 0.172164 0.170434 0.168475 0.16629 0.163889 0.161279 0.158471 0.155478 0.152312 0.14899 0.145553 0.142023 0.138415 0.134749 0.131045 0.127325 0.123611 0.119926 0.116294 0.112741 0.109291 0.105967 0.102793 0.0997922 0.0969839 0.0943866 0.0920164 0.0898866 0.0880083 0.0863911 0.0850437 0.0839758 0.0832 0.0827242 
0.224137 0.224139 0.224149 0.224165 0.224187 0.224213 0.224244 0.224278 0.224313 0.224347 0.224378 0.224404 0.224423 0.224431 0.224426 0.224405 0.224363 0.224296 0.224202 0.224075 0.223912 0.223707 0.223456 0.223155 0.222797 0.222379 0.221896 0.221342 0.220714 0.220008 0.219218 0.218343 0.217379 0.216324 0.215176 0.213935 0.212602 0.211176 0.209661 0.20806 0.206378 0.204619 0.20279 0.200899 0.198953 0.196963 0.194937 0.192886 0.190821 0.188751 0.186688 0.184641 0.182622 0.180639 0.178701 0.176815 0.174991 0.173233 0.171548 0.169939 0.168411 0.166967 0.165609 0.164338 0.163155 0.16206 0.161054 0.160136 0.159304 0.158557 0.157894 0.157313 0.156812 0.156389 0.156042 0.155769 0.155567 0.155434 0.155368 0.155366 0.155426 0.155545 0.15572 0.155949 0.156228 0.156555 0.156926 0.157339 0.15779 0.158277 0.158794 0.15934 0.15991 0.160502 0.161111 0.161735 0.16237 0.163012 0.163659 0.164307 0.164953 0.165594 0.166227 0.16685 0.16746 0.168055 0.168632 0.16919 0.169727 0.170241 0.170731 0.171195 0.171633 0.172043 0.172426 0.172779 0.173104 0.173399 0.173665 0.173902 0.174111 0.17429 0.174442 0.174566 0.174664 0.174736 0.174784 0.174808 0.17481 0.174792 0.174755 0.1747 0.17463 0.174547 0.174452 0.174348 0.174237 0.174122 0.174004 0.173888 0.173774 0.173667 0.173568 0.17348 0.173406 0.173347 0.173305 0.17328 0.173273 0.173282 0.173305 0.173337 0.173373 0.173403 0.173415 0.173396 0.173328 0.173192 0.172964 0.172623 0.172144 0.171505 0.170684 0.169666 0.168437 0.16699 0.165323 0.163437 0.161338 0.159035 0.156537 0.153857 0.151008 0.148002 0.144856 0.141585 0.13822 0.134795 0.131324 0.127826 0.12432 0.120824 0.117358 0.113943 0.110596 0.107338 0.104187 0.101161 0.0982768 0.0955506 0.0929958 0.0906244 0.0884461 0.0864681 0.0846954 0.083131 0.0817763 0.0806329 0.0797034 0.0789928 
0.221416 0.221419 0.221431 0.221452 0.22148 0.221515 0.221556 0.221601 0.221648 0.221697 0.221743 0.221786 0.221821 0.221847 0.22186 0.221855 0.22183 0.221779 0.221699 0.221585 0.221432 0.221235 0.220987 0.220685 0.220322 0.219894 0.219393 0.218816 0.218156 0.217408 0.21657 0.215635 0.2146 0.213464 0.212224 0.210878 0.209427 0.207872 0.206216 0.204461 0.202614 0.200679 0.198664 0.196577 0.194429 0.19223 0.18999 0.187722 0.185438 0.18315 0.18087 0.178611 0.176384 0.174199 0.172068 0.169998 0.167999 0.166078 0.164241 0.162492 0.160836 0.159276 0.157815 0.156453 0.155191 0.15403 0.152969 0.152006 0.15114 0.15037 0.149693 0.149107 0.14861 0.1482 0.147873 0.147627 0.147459 0.147367 0.147348 0.147398 0.147514 0.147695 0.147936 0.148234 0.148586 0.14899 0.14944 0.149935 0.15047 0.151042 0.151647 0.152281 0.152941 0.153623 0.154323 0.155038 0.155764 0.156496 0.157233 0.15797 0.158704 0.159431 0.16015 0.160857 0.161549 0.162223 0.162879 0.163512 0.164123 0.164708 0.165266 0.165796 0.166297 0.166768 0.167208 0.167616 0.167993 0.168338 0.16865 0.168931 0.169179 0.169397 0.169583 0.16974 0.169867 0.169966 0.170038 0.170084 0.170105 0.170102 0.170079 0.170035 0.169974 0.169896 0.169805 0.169702 0.169589 0.16947 0.169346 0.169221 0.169096 0.168974 0.168859 0.168751 0.168653 0.168568 0.168495 0.168435 0.168388 0.168351 0.168322 0.168294 0.168261 0.168213 0.168136 0.168015 0.167832 0.167567 0.167198 0.166702 0.166056 0.16524 0.164237 0.163034 0.161622 0.159999 0.158166 0.156131 0.153901 0.151488 0.148905 0.146167 0.143287 0.14028 0.137164 0.133955 0.130673 0.12736 0.124032 0.120705 0.117398 0.114126 0.110908 0.107759 0.104694 0.101729 0.0988765 0.0961489 0.093557 0.0911101 0.0888155 0.0866788 0.0847031 0.082889 0.0812346 0.0797351 0.0783836 0.0771708 0.0760869 0.0751299 
0.218686 0.218691 0.218706 0.218731 0.218767 0.218811 0.218863 0.218921 0.218984 0.219048 0.219113 0.219175 0.21923 0.219277 0.219311 0.219327 0.219323 0.219293 0.219232 0.219136 0.218998 0.218813 0.218575 0.218277 0.217915 0.21748 0.216968 0.216371 0.215683 0.2149 0.214014 0.213022 0.21192 0.210702 0.209368 0.207916 0.206345 0.204656 0.202851 0.200935 0.198913 0.196791 0.194578 0.192283 0.189918 0.187493 0.185024 0.182522 0.180002 0.177479 0.174966 0.172478 0.170027 0.167627 0.165289 0.163023 0.160839 0.158745 0.156747 0.154852 0.153063 0.151384 0.149816 0.148362 0.147022 0.145794 0.144679 0.143674 0.142778 0.141989 0.141303 0.140718 0.140231 0.139839 0.139539 0.139328 0.139201 0.139157 0.139191 0.139301 0.139483 0.139732 0.140047 0.140423 0.140856 0.141343 0.141881 0.142465 0.143091 0.143755 0.144454 0.145183 0.145939 0.146717 0.147514 0.148325 0.149146 0.149974 0.150804 0.151634 0.15246 0.153278 0.154085 0.154878 0.155654 0.156411 0.157147 0.157858 0.158543 0.1592 0.159828 0.160425 0.160989 0.161521 0.162019 0.162483 0.162911 0.163305 0.163663 0.163987 0.164275 0.16453 0.164751 0.164938 0.165094 0.165218 0.165312 0.165377 0.165415 0.165427 0.165414 0.165379 0.165323 0.165249 0.165157 0.165052 0.164934 0.164807 0.164672 0.164533 0.164391 0.164249 0.16411 0.163975 0.163847 0.163726 0.163614 0.163509 0.163411 0.163318 0.163224 0.163123 0.163007 0.162866 0.162684 0.162446 0.162133 0.161724 0.161198 0.160533 0.159709 0.158707 0.157515 0.156123 0.154527 0.15273 0.150737 0.148558 0.146206 0.143694 0.141037 0.13825 0.135351 0.132354 0.129276 0.126136 0.122951 0.119756 0.116574 0.113421 0.110312 0.107263 0.104289 0.101403 0.0986162 0.0959396 0.093382 0.0909503 0.08865 0.0864844 0.0844548 0.0825606 0.0807983 0.0791618 0.0776419 0.0762257 0.0748964 0.073633 0.0724102 0.0712155 
0.215946 0.215951 0.21597 0.216001 0.216045 0.2161 0.216165 0.216238 0.216318 0.216401 0.216486 0.21657 0.21665 0.216721 0.21678 0.216822 0.216844 0.216839 0.216803 0.216729 0.216612 0.216446 0.216223 0.215937 0.21558 0.215146 0.214627 0.214017 0.213307 0.212491 0.211564 0.210518 0.209348 0.208052 0.206624 0.205063 0.203368 0.20154 0.199581 0.197495 0.195287 0.192967 0.190541 0.188023 0.185423 0.182757 0.180038 0.177284 0.174509 0.171731 0.168966 0.166231 0.16354 0.160908 0.158348 0.155872 0.153491 0.151214 0.149048 0.146999 0.145072 0.143269 0.141594 0.140046 0.138627 0.137334 0.136167 0.135124 0.134201 0.133397 0.132707 0.132129 0.131658 0.131292 0.131025 0.130856 0.130778 0.13079 0.130887 0.131064 0.131319 0.131647 0.132043 0.132505 0.133028 0.133608 0.13424 0.134921 0.135646 0.136411 0.137211 0.138042 0.1389 0.139781 0.14068 0.141593 0.142515 0.143443 0.144373 0.1453 0.146221 0.147133 0.148032 0.148915 0.149778 0.15062 0.151438 0.152228 0.15299 0.153721 0.154419 0.155084 0.155713 0.156306 0.156862 0.157381 0.157862 0.158304 0.158708 0.159074 0.159402 0.159693 0.159946 0.160164 0.160346 0.160494 0.160609 0.160692 0.160745 0.160768 0.160765 0.160735 0.160682 0.160608 0.160514 0.160402 0.160275 0.160136 0.159986 0.159827 0.159664 0.159496 0.159328 0.15916 0.158993 0.15883 0.158669 0.158511 0.158352 0.158191 0.158021 0.157835 0.157624 0.157376 0.157075 0.156706 0.156249 0.155684 0.154989 0.154145 0.153133 0.151938 0.150552 0.148969 0.147191 0.145223 0.143075 0.14076 0.138294 0.135692 0.132971 0.130148 0.127238 0.124259 0.121229 0.118165 0.115085 0.112014 0.108982 0.106004 0.103094 0.100266 0.0975329 0.0949045 0.0923901 0.0899964 0.0877283 0.0855884 0.0835771 0.0816927 0.0799311 0.0782857 0.0767473 0.075303 0.0739367 0.0726272 0.0713478 0.0700649 0.0687368 0.0673377 
0.213192 0.213198 0.213221 0.213259 0.213312 0.213379 0.213458 0.213549 0.213648 0.213753 0.213862 0.213971 0.214078 0.214178 0.214266 0.21434 0.214392 0.214418 0.214412 0.214368 0.214279 0.214137 0.213936 0.213668 0.213325 0.212898 0.21238 0.211763 0.211037 0.210195 0.20923 0.208134 0.206901 0.205526 0.204005 0.202334 0.200512 0.19854 0.196419 0.194153 0.19175 0.189217 0.186564 0.183805 0.180952 0.178023 0.175035 0.172006 0.168954 0.1659 0.162862 0.159858 0.156907 0.154025 0.151228 0.148528 0.145937 0.143466 0.141122 0.138912 0.13684 0.134911 0.133125 0.131483 0.129985 0.128629 0.127413 0.126335 0.12539 0.124576 0.123888 0.123323 0.122875 0.122541 0.122317 0.122197 0.122177 0.122253 0.122421 0.122675 0.123012 0.123427 0.123915 0.124472 0.125093 0.125774 0.12651 0.127297 0.128129 0.129002 0.129912 0.130853 0.131821 0.132811 0.133819 0.13484 0.13587 0.136903 0.137937 0.138967 0.139988 0.140998 0.141993 0.142968 0.143922 0.144852 0.145754 0.146626 0.147466 0.148272 0.149043 0.149776 0.150471 0.151126 0.151741 0.152315 0.152848 0.153339 0.153788 0.154196 0.154563 0.154889 0.155174 0.155421 0.155628 0.155799 0.155933 0.156032 0.156098 0.156131 0.156134 0.156108 0.156056 0.155978 0.155878 0.155757 0.155618 0.155462 0.155292 0.155111 0.154921 0.154722 0.154519 0.154311 0.1541 0.153886 0.15367 0.153449 0.153221 0.152982 0.152726 0.152444 0.152127 0.15176 0.151329 0.150817 0.150205 0.149471 0.148597 0.147565 0.146358 0.144966 0.143383 0.141609 0.13965 0.137514 0.135217 0.132774 0.130202 0.127519 0.124743 0.121891 0.11898 0.116028 0.113052 0.110069 0.107099 0.10416 0.101282 0.0984806 0.0957697 0.0931613 0.0906655 0.0882908 0.0860433 0.0839266 0.0819421 0.0800886 0.0783626 0.0767579 0.0752656 0.0738744 0.0725695 0.0713325 0.0701408 0.0689657 0.0677715 0.0665128 0.0651321 0.0635893 
0.210422 0.21043 0.210456 0.210502 0.210565 0.210646 0.210742 0.210851 0.210972 0.211102 0.211238 0.211376 0.211514 0.211647 0.21177 0.211879 0.211968 0.212031 0.212062 0.212054 0.211999 0.211891 0.211719 0.211477 0.211155 0.210745 0.210235 0.209618 0.208883 0.208022 0.207025 0.205884 0.204592 0.203142 0.201528 0.199746 0.197794 0.195673 0.193382 0.190928 0.188316 0.185555 0.182658 0.179638 0.176512 0.173298 0.170015 0.166687 0.163333 0.159977 0.156641 0.153347 0.150114 0.146962 0.143908 0.140967 0.138153 0.135476 0.132944 0.130566 0.128345 0.126285 0.124387 0.122651 0.121075 0.119658 0.118397 0.117288 0.116326 0.115508 0.114829 0.114283 0.113866 0.113573 0.113398 0.113337 0.113384 0.113533 0.113781 0.114122 0.11455 0.115062 0.115651 0.116313 0.117042 0.117834 0.118684 0.119585 0.120534 0.121525 0.122552 0.123612 0.124697 0.125805 0.126929 0.128065 0.129208 0.130354 0.131498 0.132635 0.133762 0.134874 0.135968 0.137041 0.138089 0.139109 0.140098 0.141054 0.141975 0.142858 0.143702 0.144505 0.145267 0.145985 0.146659 0.147289 0.147873 0.148413 0.148907 0.149357 0.149761 0.150122 0.150439 0.150713 0.150945 0.151136 0.151288 0.151402 0.151478 0.151519 0.151527 0.151502 0.151448 0.151365 0.151256 0.151122 0.150967 0.150792 0.150599 0.150391 0.150169 0.149935 0.149691 0.149438 0.149176 0.148907 0.148627 0.148337 0.148031 0.147706 0.147354 0.146967 0.146532 0.146037 0.145466 0.144801 0.144022 0.143111 0.14205 0.140822 0.139415 0.137822 0.136041 0.134077 0.131938 0.129639 0.127198 0.124632 0.121961 0.119204 0.11638 0.113507 0.110602 0.107683 0.104767 0.101872 0.0990145 0.096213 0.0934924 0.0908705 0.0883595 0.0859697 0.0837095 0.081585 0.0795998 0.0777548 0.0760484 0.0744763 0.0730314 0.071704 0.0704817 0.0693489 0.0682866 0.0672721 0.0662773 0.0652679 0.0642009 0.0630213 0.061659 0.0600611 
0.207632 0.207642 0.207673 0.207727 0.207802 0.207897 0.208011 0.208142 0.208288 0.208445 0.208611 0.208783 0.208957 0.209127 0.209291 0.209441 0.209573 0.209679 0.209754 0.209789 0.209777 0.209709 0.209577 0.20937 0.209078 0.208692 0.2082 0.207593 0.206858 0.205985 0.204964 0.203785 0.202439 0.200916 0.199212 0.197319 0.195235 0.192958 0.190491 0.187837 0.185002 0.181998 0.178837 0.175534 0.17211 0.168584 0.164981 0.161324 0.15764 0.153954 0.150293 0.14668 0.143141 0.139696 0.136366 0.133166 0.130113 0.127218 0.124489 0.121935 0.11956 0.117366 0.115354 0.113524 0.111873 0.110398 0.109096 0.107961 0.106989 0.106174 0.10551 0.104993 0.104615 0.104371 0.104255 0.104261 0.104384 0.104617 0.104955 0.105392 0.105923 0.106541 0.107242 0.108019 0.108867 0.10978 0.110753 0.11178 0.112855 0.113973 0.115127 0.116314 0.117526 0.118759 0.120008 0.121266 0.12253 0.123794 0.125054 0.126305 0.127542 0.128762 0.12996 0.131134 0.132279 0.133393 0.134473 0.135516 0.136519 0.137481 0.1384 0.139275 0.140104 0.140886 0.14162 0.142305 0.142942 0.14353 0.144069 0.14456 0.145002 0.145396 0.145743 0.146044 0.1463 0.146511 0.146679 0.146805 0.146891 0.146938 0.146948 0.146923 0.146864 0.146773 0.146652 0.146504 0.14633 0.146132 0.145913 0.145674 0.145416 0.145143 0.144854 0.144551 0.144233 0.143901 0.143553 0.143186 0.142796 0.142377 0.141922 0.14142 0.14086 0.140228 0.139507 0.138679 0.137727 0.136631 0.135375 0.133947 0.132336 0.130539 0.128559 0.126404 0.124088 0.121629 0.119047 0.116363 0.113598 0.110773 0.107907 0.105018 0.102124 0.0992425 0.0963911 0.0935867 0.0908463 0.0881867 0.0856269 0.0831869 0.0808772 0.0787065 0.0766811 0.0748049 0.073079 0.0715018 0.0700691 0.068774 0.0676065 0.0665544 0.0656022 0.0647316 0.0639207 0.0631436 0.062369 0.0615589 0.0606659 0.0596296 0.0583721 0.0568323 
0.20482 0.204831 0.204868 0.204931 0.205019 0.205131 0.205265 0.20542 0.205592 0.20578 0.205981 0.20619 0.206404 0.206617 0.206826 0.207023 0.207204 0.207362 0.207488 0.207575 0.207614 0.207597 0.207512 0.20735 0.207099 0.206748 0.206285 0.205697 0.204972 0.204098 0.203062 0.201853 0.200458 0.198869 0.197077 0.195073 0.192855 0.190419 0.187767 0.184901 0.181829 0.178563 0.175116 0.171506 0.167756 0.163889 0.159933 0.155916 0.151868 0.147819 0.143801 0.139841 0.135967 0.132204 0.128574 0.125097 0.121789 0.118662 0.115726 0.112989 0.110454 0.108124 0.105998 0.104076 0.102352 0.100824 0.0994862 0.0983326 0.097357 0.096553 0.0959139 0.0954329 0.0951033 0.0949182 0.0948711 0.0949552 0.0951642 0.0954914 0.0959304 0.0964749 0.0971187 0.0978552 0.0986784 0.0995819 0.10056 0.101605 0.102712 0.103875 0.105086 0.106341 0.107633 0.108956 0.110304 0.111672 0.113053 0.114442 0.115835 0.117224 0.118607 0.119977 0.121331 0.122663 0.123971 0.12525 0.126497 0.127708 0.128881 0.130014 0.131102 0.132146 0.133142 0.134089 0.134987 0.135833 0.136628 0.13737 0.138059 0.138696 0.139279 0.13981 0.140289 0.140717 0.141093 0.14142 0.141698 0.141927 0.14211 0.142248 0.142342 0.142393 0.142404 0.142376 0.14231 0.14221 0.142075 0.141909 0.141714 0.141491 0.141242 0.140968 0.140672 0.140355 0.140017 0.13966 0.139282 0.138883 0.13846 0.13801 0.137529 0.13701 0.136445 0.135822 0.135129 0.134352 0.133473 0.132476 0.131343 0.130056 0.128601 0.126967 0.125149 0.123146 0.120966 0.118621 0.116129 0.113512 0.110792 0.107992 0.105136 0.102245 0.0993394 0.0964377 0.093558 0.0907179 0.0879343 0.085224 0.0826032 0.0800876 0.0776924 0.0754372 0.0733311 0.071381 0.0695909 0.0679625 0.0664944 0.0651827 0.0640209 0.0629996 0.0621069 0.0613285 0.0606469 0.0600423 0.0594912 0.0589663 0.0584352 0.0578589 0.0571893 0.0563657 0.0553095 0.0539583 
0.201982 0.201994 0.202037 0.20211 0.202212 0.202342 0.202498 0.202679 0.202882 0.203105 0.203343 0.203593 0.203852 0.204114 0.204373 0.204625 0.204863 0.205078 0.205264 0.205412 0.205512 0.205555 0.205529 0.205422 0.205224 0.20492 0.204497 0.203942 0.203239 0.202375 0.201335 0.200105 0.198671 0.197022 0.195146 0.193034 0.19068 0.188081 0.185234 0.182145 0.17882 0.175271 0.171514 0.167569 0.163461 0.159219 0.154873 0.150458 0.146008 0.14156 0.137148 0.132806 0.128566 0.124457 0.120503 0.116727 0.113146 0.109774 0.106621 0.103694 0.100996 0.098528 0.0962895 0.0942771 0.0924859 0.0909104 0.0895438 0.0883791 0.0874087 0.0866248 0.0860197 0.0855854 0.0853144 0.0851989 0.0852314 0.0854045 0.0857109 0.0861434 0.0866949 0.0873584 0.0881268 0.0889933 0.0899508 0.0909925 0.0921114 0.0933008 0.0945537 0.0958634 0.0972231 0.0986261 0.100066 0.101536 0.10303 0.104541 0.106064 0.107593 0.109122 0.110645 0.112157 0.113654 0.11513 0.116581 0.118003 0.119393 0.120745 0.122058 0.123328 0.124552 0.125729 0.126856 0.127931 0.128952 0.12992 0.130832 0.131687 0.132486 0.133228 0.133914 0.134542 0.135113 0.135629 0.136089 0.136494 0.136845 0.137144 0.137391 0.137588 0.137735 0.137836 0.13789 0.1379 0.137867 0.137793 0.137681 0.137531 0.137345 0.137126 0.136875 0.136593 0.136283 0.135946 0.135582 0.135192 0.134776 0.134334 0.133863 0.133361 0.132825 0.132247 0.131623 0.130941 0.13019 0.129359 0.12843 0.127388 0.126216 0.124896 0.123413 0.121754 0.119911 0.117883 0.115673 0.113292 0.110757 0.10809 0.105314 0.102456 0.0995417 0.0965949 0.0936386 0.0906937 0.0877799 0.0849154 0.0821176 0.0794035 0.0767891 0.0742898 0.0719199 0.0696925 0.0676247 0.0657248 0.0639974 0.0624442 0.0610644 0.0598541 0.0588072 0.0579148 0.0571657 0.0565463 0.0560407 0.0556309 0.055296 0.0550127 0.054754 0.0544886 0.0541797 0.0537824 0.0532411 0.0524847 0.0514574 
0.199113 0.199127 0.199176 0.19926 0.199377 0.199527 0.199708 0.199918 0.200154 0.200414 0.200694 0.20099 0.201299 0.201614 0.201932 0.202244 0.202545 0.202827 0.203082 0.2033 0.203472 0.203585 0.20363 0.203592 0.203459 0.203216 0.202848 0.202338 0.201672 0.200831 0.199799 0.19856 0.197098 0.195397 0.193444 0.191227 0.188738 0.185971 0.182923 0.179598 0.176002 0.172147 0.168053 0.16374 0.159239 0.154582 0.149805 0.144948 0.140052 0.13516 0.130313 0.125551 0.120909 0.116421 0.112117 0.108019 0.104147 0.100515 0.097135 0.0940114 0.0911474 0.0885425 0.0861938 0.0840964 0.0822438 0.0806284 0.079242 0.0780758 0.0771207 0.0763675 0.0758074 0.0754312 0.0752302 0.0751959 0.0753199 0.0755939 0.0760099 0.07656 0.0772364 0.0780312 0.0789369 0.0799458 0.0810503 0.0822427 0.0835156 0.0848613 0.0862724 0.0877414 0.0892609 0.0908237 0.0924227 0.0940507 0.0957008 0.0973665 0.0990411 0.100718 0.102392 0.104057 0.105707 0.107337 0.108942 0.110518 0.11206 0.113565 0.115028 0.116446 0.117816 0.119136 0.120403 0.121616 0.122772 0.12387 0.124908 0.125887 0.126804 0.127661 0.128456 0.129189 0.129862 0.130473 0.131025 0.131516 0.131949 0.132325 0.132644 0.132907 0.133116 0.133273 0.133378 0.133434 0.133442 0.133403 0.13332 0.133193 0.133026 0.132819 0.132574 0.132293 0.131977 0.131628 0.131246 0.130833 0.130388 0.129911 0.129401 0.128855 0.12827 0.127643 0.126965 0.12623 0.125427 0.124544 0.123568 0.122484 0.121273 0.119921 0.11841 0.116727 0.114861 0.112807 0.110567 0.108148 0.105565 0.102839 0.0999946 0.0970597 0.0940627 0.0910313 0.0879917 0.084968 0.0819822 0.0790546 0.0762039 0.0734479 0.0708032 0.0682852 0.0659085 0.0636858 0.0616283 0.0597501 0.0580589 0.0565567 0.0552426 0.054113 0.0531616 0.0523798 0.0517566 0.051279 0.0509322 0.0506996 0.0505626 0.050501 0.0504925 0.0505123 0.0505325 0.0505211 0.0504404 0.0502452 0.0498793 0.0493014 
0.196208 0.196224 0.19628 0.196376 0.19651 0.196682 0.196889 0.19713 0.197403 0.197703 0.198029 0.198376 0.19874 0.199115 0.199497 0.199877 0.20025 0.200608 0.200941 0.20124 0.201493 0.201691 0.201818 0.201863 0.20181 0.201642 0.201344 0.200897 0.200282 0.199481 0.198474 0.197241 0.195762 0.194021 0.192 0.189684 0.187061 0.184123 0.180867 0.177292 0.173405 0.169221 0.164757 0.160041 0.155105 0.149986 0.144729 0.13938 0.133987 0.128602 0.123271 0.118043 0.112959 0.108058 0.103372 0.0989276 0.0947458 0.0908415 0.0872246 0.0839002 0.0808691 0.078129 0.0756748 0.0734993 0.0715937 0.0699484 0.0685529 0.0673966 0.0664687 0.0657586 0.0652559 0.0649505 0.0648324 0.0648921 0.0651205 0.0655085 0.0660472 0.0667281 0.0675425 0.0684821 0.0695385 0.0707033 0.0719682 0.0733248 0.074765 0.0762803 0.0778627 0.079504 0.0811961 0.0829312 0.0847013 0.086499 0.0883167 0.0901473 0.0919837 0.0938194 0.0956478 0.0974628 0.0992586 0.10103 0.102771 0.104478 0.106146 0.107771 0.109349 0.110877 0.112351 0.11377 0.115131 0.116432 0.11767 0.118846 0.119957 0.121003 0.121984 0.122898 0.123746 0.124528 0.125245 0.125896 0.126483 0.127006 0.127466 0.127865 0.128203 0.128481 0.128702 0.128866 0.128976 0.129032 0.129036 0.12899 0.128895 0.128754 0.128568 0.128338 0.128066 0.127753 0.127401 0.127011 0.126584 0.126119 0.125616 0.125076 0.124495 0.123871 0.123201 0.122478 0.121697 0.120847 0.11992 0.118901 0.117777 0.116532 0.11515 0.113614 0.111909 0.110023 0.107948 0.105681 0.103227 0.100598 0.0978115 0.0948924 0.0918689 0.0887719 0.0856324 0.0824802 0.0793436 0.0762482 0.0732172 0.0702719 0.0674319 0.0647152 0.0621381 0.0597159 0.0574617 0.0553869 0.0535007 0.0518137 0.0503333 0.0490586 0.0479858 0.0471084 0.0464173 0.0459014 0.0455478 0.0453417 0.0452673 0.0453075 0.0454442 0.0456584 0.0459301 0.046238 0.0465592 0.0468692 0.0471407 0.0473428 0.0474402 0.0474119 
0.193264 0.193282 0.193345 0.193454 0.193606 0.193801 0.194037 0.194312 0.194624 0.194969 0.195345 0.195748 0.196172 0.196613 0.197065 0.197521 0.197975 0.198416 0.198838 0.199228 0.199577 0.19987 0.200096 0.200238 0.20028 0.200206 0.199995 0.199628 0.199085 0.198342 0.197377 0.196167 0.19469 0.192922 0.190844 0.188437 0.185685 0.182575 0.179102 0.175265 0.171068 0.166525 0.161658 0.156496 0.151077 0.145444 0.139649 0.133748 0.127799 0.121861 0.115992 0.110246 0.104675 0.0993202 0.0942198 0.0894029 0.0848917 0.0807012 0.0768402 0.073312 0.0701153 0.0672448 0.0646927 0.0624487 0.0605014 0.0588385 0.0574471 0.0563143 0.0554276 0.0547747 0.0543436 0.0541229 0.0541018 0.0542698 0.0546167 0.0551327 0.0558084 0.0566342 0.0576011 0.0586998 0.0599212 0.0612563 0.062696 0.0642313 0.065853 0.0675523 0.06932 0.0711474 0.0730257 0.0749462 0.0769004 0.0788802 0.0808775 0.0828845 0.0848937 0.0868981 0.0888908 0.0908653 0.0928156 0.0947358 0.0966207 0.0984654 0.100265 0.102016 0.103714 0.105356 0.106939 0.108461 0.109918 0.111309 0.112633 0.113888 0.115073 0.116187 0.117231 0.118204 0.119105 0.119936 0.120697 0.121387 0.122009 0.122563 0.123049 0.12347 0.123827 0.12412 0.124351 0.124522 0.124634 0.124689 0.124689 0.124634 0.124527 0.12437 0.124163 0.123909 0.123609 0.123263 0.122874 0.122442 0.121966 0.121448 0.120887 0.120281 0.119627 0.118924 0.118165 0.117345 0.116457 0.115491 0.114436 0.113278 0.112004 0.110596 0.109039 0.107318 0.105417 0.103327 0.101041 0.0985593 0.0958905 0.0930492 0.0900573 0.0869426 0.0837368 0.0804735 0.0771865 0.073908 0.0706682 0.0674947 0.0644123 0.0614437 0.0586093 0.0559275 0.053415 0.0510862 0.0489534 0.0470263 0.0453117 0.0438168 0.0425487 0.0415034 0.0406738 0.0400502 0.0396207 0.0393715 0.0392875 0.0393526 0.03955 0.0398624 0.0402727 0.0407635 0.0413178 0.041919 0.0425507 0.0431972 0.0438435 0.0444758 0.0450828 0.0456663 
0.190274 0.190294 0.190366 0.190488 0.190659 0.190879 0.191146 0.191458 0.191812 0.192206 0.192636 0.193099 0.193589 0.194102 0.194632 0.195171 0.195714 0.19625 0.19677 0.197264 0.19772 0.198124 0.198463 0.198718 0.198875 0.198912 0.198808 0.198543 0.198091 0.197429 0.196528 0.195363 0.193906 0.192131 0.190012 0.187525 0.18465 0.18137 0.177675 0.173561 0.169032 0.164101 0.158791 0.153135 0.147177 0.140967 0.134568 0.128045 0.121469 0.11491 0.108437 0.102115 0.0960033 0.0901514 0.084601 0.0793844 0.0745245 0.0700358 0.0659253 0.0621935 0.0588357 0.0558431 0.053204 0.0509048 0.0489303 0.0472651 0.0458936 0.0448006 0.0439712 0.0433914 0.0430478 0.0429278 0.0430193 0.0433109 0.0437916 0.044451 0.0452788 0.046265 0.0473995 0.0486727 0.0500746 0.0515955 0.0532255 0.0549548 0.0567735 0.0586718 0.06064 0.0626683 0.0647471 0.0668672 0.0690193 0.0711944 0.073384 0.0755796 0.0777733 0.0799575 0.0821248 0.0842685 0.0863822 0.0884599 0.0904961 0.0924856 0.0944239 0.0963066 0.0981301 0.0998909 0.101586 0.103213 0.10477 0.106254 0.107665 0.109001 0.110262 0.111446 0.112554 0.113585 0.11454 0.115419 0.116223 0.116953 0.117609 0.118193 0.118705 0.119147 0.119521 0.119827 0.120068 0.120245 0.120359 0.120412 0.120406 0.120342 0.120222 0.120047 0.11982 0.11954 0.119211 0.118831 0.118404 0.117928 0.117404 0.116831 0.116209 0.115536 0.114809 0.114024 0.113175 0.112257 0.11126 0.110176 0.108991 0.107693 0.106266 0.104694 0.102962 0.101053 0.0989556 0.0966601 0.0941628 0.0914666 0.0885821 0.0855276 0.0823282 0.079015 0.0756228 0.072188 0.0687472 0.0653353 0.0619847 0.0587253 0.0555838 0.0525844 0.0497489 0.0470965 0.0446439 0.0424052 0.0403914 0.0386104 0.0370669 0.035764 0.0347089 0.0338939 0.0333085 0.0329395 0.0327719 0.0327894 0.0329745 0.0333096 0.033777 0.0343596 0.0350412 0.0358065 0.0366422 0.0375366 0.0384804 0.0394676 0.0404961 0.0415698 0.0427009 0.0439138 
0.187233 0.187256 0.187336 0.187472 0.187664 0.187911 0.188211 0.188562 0.188962 0.189408 0.189897 0.190424 0.190986 0.191577 0.192192 0.192823 0.193463 0.194103 0.194733 0.195343 0.19592 0.19645 0.196918 0.197306 0.197595 0.197764 0.197791 0.197651 0.197316 0.196758 0.195948 0.194853 0.193441 0.19168 0.18954 0.186989 0.184002 0.180556 0.176636 0.172234 0.16735 0.161997 0.156199 0.149994 0.143431 0.136572 0.129489 0.122261 0.114974 0.107713 0.10056 0.093594 0.0868827 0.0804844 0.0744457 0.0688012 0.0635743 0.0587779 0.0544157 0.0504844 0.0469746 0.0438727 0.0411622 0.0388249 0.0368415 0.035193 0.0338605 0.0328261 0.0320726 0.0315842 0.0313458 0.0313437 0.0315648 0.0319967 0.0326279 0.0334471 0.0344435 0.0356063 0.0369251 0.0383892 0.0399882 0.0417114 0.0435483 0.0454882 0.0475203 0.0496341 0.0518187 0.0540637 0.0563587 0.0586935 0.061058 0.0634426 0.065838 0.0682352 0.0706257 0.0730012 0.0753541 0.0776773 0.0799639 0.0822078 0.0844033 0.0865451 0.0886284 0.090649 0.0926032 0.0944874 0.096299 0.0980354 0.0996945 0.101275 0.102775 0.104193 0.10553 0.106785 0.107958 0.109048 0.110057 0.110984 0.111831 0.112599 0.113289 0.113902 0.114439 0.114901 0.115291 0.11561 0.115859 0.116041 0.116156 0.116206 0.116193 0.116119 0.115985 0.115792 0.115543 0.115238 0.114878 0.114464 0.113997 0.113477 0.112904 0.112276 0.111593 0.110852 0.11005 0.109182 0.108243 0.107225 0.106119 0.104915 0.1036 0.102161 0.100581 0.0988443 0.096936 0.0948408 0.0925471 0.090047 0.0873388 0.084428 0.0813276 0.0780588 0.07465 0.0711351 0.0675519 0.0639399 0.0603384 0.0567851 0.0533152 0.0499608 0.0467513 0.0437126 0.0408682 0.0382382 0.0358396 0.0336861 0.0317877 0.0301504 0.0287762 0.0276643 0.0268215 0.0262365 0.0258949 0.02578 0.0258737 0.0261564 0.0266086 0.027211 0.027945 0.0287935 0.0297415 0.0307761 0.0318872 0.0330684 0.0343176 0.0356379 0.0370396 0.0385428 0.0401806 0.0419957 
0.184135 0.18416 0.184249 0.184401 0.184615 0.18489 0.185225 0.185618 0.186067 0.186568 0.187119 0.187717 0.188356 0.189031 0.189738 0.190468 0.191215 0.19197 0.192722 0.193461 0.194174 0.194845 0.19546 0.195999 0.196442 0.196767 0.196949 0.19696 0.19677 0.196346 0.195656 0.194661 0.193324 0.191606 0.189469 0.186876 0.183793 0.18019 0.176044 0.171342 0.16608 0.160269 0.153934 0.147116 0.139872 0.132276 0.124414 0.116383 0.108285 0.100226 0.0923044 0.0846142 0.0772362 0.0702373 0.0636696 0.0575696 0.0519598 0.0468498 0.0422389 0.0381177 0.0344708 0.0312781 0.0285171 0.026164 0.0241948 0.0225858 0.0213149 0.0203609 0.0197044 0.0193277 0.0192142 0.019349 0.019718 0.0203084 0.0211078 0.0221045 0.023287 0.024644 0.0261645 0.0278373 0.0296511 0.0315945 0.0336561 0.0358244 0.0380876 0.0404343 0.0428528 0.0453315 0.0478592 0.0504248 0.0530174 0.0556266 0.0582423 0.0608548 0.063455 0.0660342 0.0685842 0.0710976 0.0735671 0.0759864 0.0783496 0.0806512 0.0828864 0.0850511 0.0871413 0.0891538 0.0910859 0.0929352 0.0946997 0.0963781 0.0979691 0.0994721 0.100887 0.102212 0.10345 0.104599 0.105661 0.106637 0.107526 0.108332 0.109054 0.109695 0.110256 0.110738 0.111143 0.111474 0.11173 0.111915 0.11203 0.112076 0.112056 0.111971 0.111822 0.111611 0.111339 0.111007 0.110617 0.110168 0.109662 0.109097 0.108474 0.107791 0.107046 0.106237 0.10536 0.104409 0.103379 0.102261 0.101046 0.0997225 0.0982776 0.0966968 0.0949645 0.0930647 0.0909816 0.0887012 0.0862127 0.0835097 0.0805922 0.0774678 0.074152 0.0706687 0.0670488 0.0633293 0.0595508 0.0557557 0.0519863 0.0482833 0.0446848 0.0412261 0.0379388 0.0348516 0.0319895 0.0293739 0.0270224 0.0249482 0.0231603 0.0216627 0.0204548 0.0195317 0.0188991 0.0185421 0.0184425 0.0185797 0.018932 0.0194769 0.0201923 0.0210571 0.022052 0.0231597 0.0243662 0.0256606 0.0270363 0.0284916 0.0300308 0.0316652 0.0334158 0.0353157 0.0374147 0.0397671 
0.180974 0.181002 0.1811 0.181268 0.181505 0.18181 0.182182 0.182619 0.18312 0.18368 0.184298 0.18497 0.185691 0.186457 0.187263 0.188101 0.188964 0.189844 0.19073 0.191611 0.192474 0.193304 0.194084 0.194795 0.195415 0.195921 0.196285 0.196476 0.196463 0.196208 0.195672 0.194812 0.193586 0.191946 0.189845 0.187238 0.184081 0.180335 0.175968 0.170958 0.165295 0.158987 0.152057 0.144552 0.136538 0.128102 0.119347 0.110393 0.101365 0.092392 0.0835964 0.0750902 0.0669692 0.0593107 0.0521718 0.0455902 0.0395855 0.0341623 0.0293124 0.0250186 0.0212569 0.0179992 0.0152155 0.012875 0.0109481 0.00940625 0.00822317 0.00737474 0.0068391 0.00659657 0.00662941 0.00692159 0.00745848 0.00822655 0.00921307 0.0104059 0.0117931 0.0133632 0.0151042 0.0170045 0.0190521 0.0212349 0.0235404 0.0259562 0.0284696 0.0310681 0.033739 0.0364697 0.039248 0.0420617 0.0448992 0.047749 0.0506003 0.0534427 0.0562664 0.0590623 0.0618216 0.0645363 0.0671992 0.0698034 0.0723429 0.0748122 0.0772064 0.0795213 0.0817531 0.0838987 0.0859553 0.0879209 0.0897938 0.0915726 0.0932564 0.0948449 0.0963378 0.0977353 0.0990378 0.100246 0.101361 0.102384 0.103315 0.104157 0.104912 0.105579 0.106163 0.106663 0.107082 0.107423 0.107685 0.107873 0.107987 0.108028 0.108 0.107903 0.107738 0.107508 0.107213 0.106855 0.106434 0.10595 0.105403 0.104794 0.104121 0.103383 0.102577 0.1017 0.100747 0.0997143 0.0985934 0.0973761 0.0960523 0.0946103 0.0930365 0.0913161 0.0894332 0.0873718 0.0851164 0.0826535 0.079973 0.07707 0.0739459 0.0706102 0.0670806 0.0633832 0.0595515 0.0556251 0.0516473 0.0476637 0.0437195 0.0398587 0.0361227 0.0325499 0.0291751 0.0260295 0.0231404 0.0205305 0.0182181 0.0162163 0.0145326 0.0131694 0.0121233 0.0113857 0.0109595 0.0108269 0.0109655 0.0113507 0.0119571 0.0127589 0.0137314 0.0148516 0.016099 0.0174562 0.0189098 0.0204508 0.0220753 0.0237858 0.0255918 0.0275113 0.0295735 0.0318209 0.0343139 0.0371125 
0.177742 0.177773 0.177881 0.178066 0.178327 0.178664 0.179075 0.179559 0.180113 0.180736 0.181424 0.182175 0.182984 0.183847 0.184758 0.185712 0.186701 0.187716 0.188747 0.189784 0.190813 0.191819 0.192784 0.193689 0.194511 0.195224 0.1958 0.196205 0.196404 0.196355 0.196014 0.195332 0.194259 0.192739 0.190715 0.188131 0.184932 0.181065 0.176487 0.171165 0.16508 0.158232 0.150646 0.142369 0.133478 0.124077 0.114291 0.104268 0.0941649 0.0841397 0.0743442 0.0649144 0.0559643 0.0475822 0.0398301 0.0327447 0.0263403 0.0206127 0.0155436 0.0111044 0.00726016 0.00397238 0.00120168 -0.00109056 -0.00294091 -0.00438312 -0.00544778 -0.00616223 -0.00655063 -0.0066343 -0.00643203 -0.00596054 -0.00523486 -0.00426878 -0.0030752 -0.00166647 -5.46842e-05 0.00174811 0.00372974 0.00587782 0.00817966 0.0106222 0.0131923 0.0158763 0.0186605 0.0215312 0.0244746 0.027477 0.030525 0.0336054 0.0367056 0.0398132 0.0429165 0.0460043 0.0490662 0.0520923 0.0550736 0.0580015 0.0608685 0.0636675 0.0663924 0.0690374 0.0715978 0.0740692 0.0764481 0.0787315 0.0809167 0.083002 0.0849858 0.0868671 0.0886453 0.0903204 0.0918923 0.0933616 0.0947291 0.0959958 0.097163 0.0982319 0.0992043 0.100082 0.100866 0.10156 0.102164 0.102681 0.103113 0.103462 0.10373 0.103919 0.10403 0.104067 0.104029 0.103919 0.103739 0.103489 0.103171 0.102785 0.102333 0.101814 0.101228 0.100574 0.0998517 0.0990583 0.0981914 0.097247 0.0962206 0.0951058 0.0938952 0.0925798 0.0911489 0.0895901 0.0878895 0.086032 0.0840014 0.0817817 0.0793577 0.0767162 0.073848 0.0707491 0.0674225 0.063879 0.0601383 0.0562285 0.0521853 0.0480508 0.0438711 0.0396944 0.0355694 0.0315434 0.0276614 0.0239654 0.0204934 0.0172797 0.0143539 0.0117406 0.00945855 0.0075209 0.00593423 0.00469873 0.00380828 0.00325088 0.00302542 0.00311167 0.00348273 0.00410984 0.00496352 0.00601472 0.00723586 0.0086018 0.0100907 0.0116846 0.0133706 0.0151409 0.0169939 0.0189352 0.0209782 0.0231459 0.0254727 0.0280069 0.0308141 0.0339536 
0.174433 0.174466 0.174585 0.174788 0.175074 0.175444 0.175895 0.176428 0.177039 0.177727 0.178489 0.179323 0.180225 0.181191 0.182215 0.183292 0.184415 0.185576 0.186765 0.187971 0.189181 0.19038 0.191551 0.192673 0.193722 0.194672 0.195493 0.196148 0.196597 0.196798 0.196698 0.196244 0.195374 0.194026 0.19213 0.189617 0.186416 0.182461 0.177693 0.172062 0.165536 0.158107 0.149793 0.140646 0.130752 0.120234 0.109249 0.097979 0.0866209 0.0753746 0.0644288 0.0539501 0.0440739 0.0349009 0.0264962 0.0188923 0.0120939 0.0060837 0.000828444 -0.00371554 -0.00759769 -0.0108694 -0.0135814 -0.0157817 -0.0175143 -0.0188189 -0.0197304 -0.0202791 -0.0204913 -0.0203896 -0.0199934 -0.0193196 -0.0183832 -0.017198 -0.0157765 -0.0141312 -0.0122742 -0.0102176 -0.00797418 -0.00555676 -0.00297882 -0.000254252 0.00260261 0.00557711 0.00865434 0.0118193 0.0150568 0.0183521 0.0216905 0.0250577 0.0284398 0.0318235 0.0351962 0.0385459 0.0418614 0.0451322 0.0483488 0.0515023 0.0545846 0.0575887 0.060508 0.063337 0.0660708 0.0687052 0.0712367 0.0736624 0.0759801 0.0781881 0.0802853 0.082271 0.0841449 0.0859072 0.0875585 0.0890996 0.0905316 0.0918559 0.0930742 0.0941882 0.0951999 0.0961113 0.0969246 0.097642 0.0982657 0.098798 0.0992411 0.0995973 0.0998688 0.100058 0.100166 0.100195 0.100147 0.100024 0.0998272 0.0995574 0.0992158 0.0988031 0.0983197 0.0977655 0.0971401 0.0964425 0.0956711 0.0948235 0.0938965 0.092886 0.0917866 0.0905916 0.0892932 0.0878817 0.0863459 0.084673 0.0828488 0.0808576 0.0786833 0.0763098 0.0737219 0.0709071 0.0678567 0.0645677 0.0610439 0.0572977 0.0533501 0.0492311 0.0449784 0.0406361 0.036253 0.0318803 0.0275698 0.0233726 0.0193373 0.0155097 0.0119316 0.00864038 0.0056683 0.00304177 0.00078078 -0.0011017 -0.00260003 -0.00371597 -0.00445844 -0.00484299 -0.00487507 -0.00457764 -0.0039821 -0.00312162 -0.00202976 -0.000739179 0.000719504 0.0023188 0.00403525 0.0058502 0.00775054 0.00972933 0.0117865 0.0139297 0.0161749 0.0185482 0.0210867 0.0238407 0.0268766 0.0302489 
0.171039 0.171076 0.171205 0.171426 0.171739 0.172142 0.172636 0.173219 0.173889 0.174645 0.175485 0.176406 0.177405 0.178478 0.179621 0.180829 0.182095 0.183411 0.184769 0.186158 0.187565 0.188976 0.190373 0.191735 0.193039 0.194257 0.195357 0.1963 0.197045 0.197543 0.197737 0.197566 0.196961 0.195847 0.194141 0.191759 0.188613 0.184617 0.17969 0.173763 0.166786 0.158734 0.149615 0.139483 0.128434 0.116617 0.104223 0.0914831 0.0786483 0.0659731 0.0536957 0.0420214 0.0311117 0.0210794 0.0119896 0.00386528 -0.00330498 -0.0095581 -0.0149482 -0.0195391 -0.0233988 -0.0265948 -0.029191 -0.0312462 -0.0328125 -0.0339357 -0.034655 -0.0350032 -0.0350082 -0.0346931 -0.0340774 -0.0331776 -0.0320081 -0.030582 -0.0289113 -0.027008 -0.0248841 -0.0225518 -0.020024 -0.0173142 -0.0144367 -0.0114063 -0.00823857 -0.0049494 -0.00155507 0.00192796 0.00548323 0.00909443 0.0127455 0.0164209 0.0201055 0.023785 0.0274457 0.0310748 0.0346602 0.038191 0.0416569 0.0450487 0.0483581 0.0515777 0.054701 0.0577223 0.0606367 0.0634403 0.0661298 0.0687024 0.0711562 0.0734899 0.0757027 0.0777942 0.0797647 0.0816147 0.0833452 0.0849575 0.0864531 0.0878339 0.0891019 0.0902593 0.0913084 0.0922518 0.0930918 0.0938311 0.0944723 0.0950178 0.0954701 0.0958318 0.0961052 0.0962925 0.0963959 0.0964173 0.0963586 0.0962214 0.0960071 0.0957169 0.0953516 0.0949117 0.0943975 0.0938087 0.0931445 0.0924037 0.0915843 0.0906836 0.0896979 0.0886227 0.0874521 0.0861791 0.0847951 0.0832902 0.0816526 0.0798692 0.0779252 0.075805 0.0734921 0.0709704 0.0682249 0.0652435 0.0620178 0.0585456 0.0548317 0.0508894 0.0467409 0.0424177 0.037959 0.0334112 0.0288253 0.0242555 0.0197568 0.015384 0.0111897 0.00722355 0.00353129 0.000153743 -0.00287397 -0.00552332 -0.00777318 -0.0096104 -0.0110302 -0.0120363 -0.0126402 -0.0128612 -0.0127095 -0.0122108 -0.0114012 -0.0103183 -0.0089999 -0.00748255 -0.00580004 -0.00398244 -0.00205508 -3.77798e-05 0.0020559 0.0042192 0.00645281 0.00876543 0.0111745 0.0137073 0.0164014 0.0193067 0.0224865 0.0259884 
0.167553 0.167593 0.167733 0.167973 0.168312 0.168751 0.169288 0.169922 0.170654 0.17148 0.1724 0.173412 0.174512 0.175698 0.176966 0.178311 0.179728 0.181209 0.182747 0.184332 0.185951 0.187591 0.189235 0.190862 0.192448 0.193966 0.195381 0.196656 0.197743 0.198591 0.199139 0.199316 0.199046 0.198239 0.196801 0.194627 0.191609 0.187635 0.1826 0.176406 0.168976 0.160262 0.150257 0.139008 0.126623 0.113278 0.099214 0.0847237 0.0701326 0.05577 0.0419407 0.0289001 0.01684 0.00588368 -0.00390994 -0.0125361 -0.0200319 -0.0264629 -0.0319121 -0.03647 -0.0402276 -0.0432718 -0.0456819 -0.0475285 -0.0488722 -0.0497648 -0.0502487 -0.0503591 -0.0501243 -0.0495672 -0.0487061 -0.0475565 -0.0461314 -0.0444426 -0.0425011 -0.040318 -0.0379047 -0.0352736 -0.0324376 -0.0294109 -0.0262086 -0.0228466 -0.0193419 -0.0157118 -0.0119742 -0.00814712 -0.00424863 -0.000296643 0.00369128 0.00769811 0.0117075 0.0157038 0.0196723 0.0235993 0.027472 0.0312786 0.0350085 0.038652 0.0422005 0.0456465 0.0489833 0.0522053 0.0553077 0.0582868 0.0611394 0.0638631 0.0664565 0.0689184 0.0712486 0.0734471 0.0755147 0.0774523 0.0792614 0.0809439 0.0825017 0.0839373 0.0852531 0.0864518 0.0875362 0.0885091 0.0893736 0.0901324 0.0907886 0.091345 0.0918045 0.0921696 0.092443 0.0926272 0.0927244 0.0927367 0.0926659 0.0925138 0.0922817 0.0919706 0.0915815 0.0911145 0.0905698 0.0899469 0.0892448 0.0884618 0.0875956 0.0866432 0.0856006 0.0844627 0.0832232 0.0818747 0.0804082 0.0788133 0.0770778 0.0751882 0.0731295 0.0708857 0.0684403 0.0657772 0.0628816 0.0597414 0.0563488 0.0527021 0.0488067 0.0446766 0.0403351 0.0358146 0.0311559 0.026407 0.0216212 0.0168554 0.0121681 0.00761748 0.00326032 -0.000849639 -0.00466269 -0.00813436 -0.0112265 -0.0139083 -0.0161572 -0.0179599 -0.0193122 -0.0202195 -0.0206963 -0.0207651 -0.0204413 -0.0197536 -0.0187428 -0.017451 -0.0159205 -0.0141916 -0.0123017 -0.0102835 -0.00816465 -0.00596636 -0.00370313 -0.00138206 0.000997552 0.00344466 0.00597695 0.00862134 0.0114146 0.0144038 0.0176476 0.0211854 
0.163967 0.16401 0.164161 0.16442 0.164787 0.165261 0.165843 0.16653 0.167324 0.168223 0.169225 0.17033 0.171535 0.172838 0.174235 0.175724 0.177299 0.178954 0.180682 0.182475 0.184321 0.186208 0.188118 0.190034 0.19193 0.19378 0.19555 0.197199 0.19868 0.199937 0.200903 0.201503 0.201648 0.201238 0.200159 0.198289 0.195493 0.19163 0.18656 0.180148 0.172281 0.162875 0.151898 0.139382 0.125443 0.11029 0.0942225 0.0776219 0.0609166 0.044541 0.0288908 0.0142864 0.000953314 -0.0109798 -0.0214713 -0.0305485 -0.0382883 -0.0447975 -0.050198 -0.0546147 -0.0581671 -0.0609646 -0.0631037 -0.0646673 -0.0657243 -0.0663315 -0.0665342 -0.0663678 -0.06586 -0.0650321 -0.0639005 -0.062478 -0.0607755 -0.0588027 -0.0565688 -0.0540838 -0.0513582 -0.0484041 -0.0452347 -0.0418649 -0.0383106 -0.0345893 -0.0307192 -0.0267196 -0.0226101 -0.0184106 -0.0141411 -0.00982129 -0.00547037 -0.00110701 0.00325097 0.00758669 0.0118843 0.0161289 0.0203071 0.0244064 0.0284156 0.0323246 0.0361247 0.039808 0.0433681 0.0467992 0.0500969 0.0532575 0.0562783 0.0591572 0.0618931 0.0644854 0.0669343 0.0692405 0.0714051 0.0734297 0.0753164 0.0770676 0.0786858 0.0801739 0.0815351 0.0827724 0.0838893 0.084889 0.085775 0.0865506 0.0872191 0.0877838 0.0882478 0.0886141 0.0888855 0.0890646 0.0891539 0.0891557 0.0890717 0.0889038 0.0886533 0.0883211 0.087908 0.0874142 0.0868395 0.0861832 0.085444 0.0846201 0.0837087 0.0827065 0.081609 0.0804108 0.0791053 0.0776845 0.0761391 0.0744582 0.0726294 0.0706388 0.0684711 0.0661103 0.0635396 0.0607431 0.0577058 0.0544162 0.0508666 0.0470555 0.0429889 0.0386813 0.0341565 0.0294479 0.0245972 0.0196541 0.0146739 0.00971602 0.00484208 0.000114025 -0.00440748 -0.0086645 -0.0126033 -0.0161756 -0.0193401 -0.0220636 -0.024322 -0.0261014 -0.0273983 -0.0282196 -0.0285823 -0.0285123 -0.0280306 -0.0271687 -0.0259721 -0.0244877 -0.022762 -0.0208396 -0.0187613 -0.016563 -0.0142746 -0.0119192 -0.00951263 -0.00706285 -0.00456974 -0.00202488 0.000588728 0.00329675 0.0061337 0.00914303 0.0123772 0.0158686 
0.160272 0.160319 0.160481 0.16076 0.161154 0.161665 0.162291 0.163033 0.16389 0.164863 0.165949 0.167149 0.168461 0.169884 0.171416 0.173053 0.174792 0.176628 0.178556 0.180567 0.182654 0.184802 0.186999 0.189227 0.191461 0.193677 0.19584 0.197909 0.199837 0.201565 0.203022 0.204126 0.204779 0.204867 0.204261 0.202812 0.200358 0.196722 0.191721 0.185172 0.17691 0.166802 0.154769 0.140818 0.125063 0.107746 0.0892472 0.0700666 0.050781 0.0319762 0.014175 -0.00221876 -0.0169443 -0.0298802 -0.0410217 -0.05045 -0.0583018 -0.0647423 -0.0699451 -0.074078 -0.0772943 -0.079729 -0.0814965 -0.0826916 -0.0833908 -0.083654 -0.0835272 -0.0830448 -0.0822319 -0.0811062 -0.0796805 -0.0779639 -0.0759638 -0.0736867 -0.0711396 -0.0683306 -0.0652692 -0.0619671 -0.0584377 -0.0546965 -0.0507609 -0.0466498 -0.0423835 -0.037983 -0.0334704 -0.0288675 -0.0241967 -0.0194795 -0.0147371 -0.0099901 -0.00525776 -0.000558432 0.0040908 0.00867413 0.0131771 0.0175867 0.0218912 0.0260801 0.0301445 0.0340765 0.0378696 0.0415183 0.0450183 0.0483663 0.0515599 0.0545976 0.0574787 0.0602031 0.0627717 0.0651856 0.0674467 0.0695572 0.0715197 0.0733374 0.0750134 0.0765513 0.0779548 0.0792276 0.0803736 0.0813968 0.082301 0.08309 0.0837677 0.0843377 0.0848034 0.0851682 0.0854352 0.0856072 0.0856868 0.0856764 0.0855781 0.0853934 0.0851238 0.0847702 0.0843331 0.0838128 0.0832087 0.0825199 0.0817449 0.0808816 0.0799269 0.078877 0.0777271 0.0764716 0.0751033 0.0736139 0.0719937 0.0702316 0.0683148 0.0662291 0.0639591 0.0614886 0.0588009 0.0558799 0.0527109 0.0492823 0.0455868 0.0416231 0.0373973 0.0329242 0.0282281 0.0233426 0.0183106 0.0131828 0.00801641 0.00287312 -0.00218249 -0.00708496 -0.0117697 -0.0161748 -0.0202423 -0.0239203 -0.0271641 -0.0299379 -0.0322162 -0.0339841 -0.0352386 -0.0359879 -0.0362515 -0.0360584 -0.0354349 -0.0344161 -0.0330518 -0.0313936 -0.0294926 -0.0273973 -0.0251523 -0.0227968 -0.0203633 -0.017877 -0.0153554 -0.0128079 -0.0102353 -0.00763052 -0.00497781 -0.00225355 0.000573886 0.00354358 0.00670183 0.0100751 
0.156462 0.156512 0.156686 0.156984 0.157406 0.157953 0.158624 0.159421 0.160342 0.161389 0.16256 0.163857 0.165278 0.166823 0.168491 0.17028 0.172188 0.174212 0.176347 0.178587 0.180925 0.183351 0.185852 0.188412 0.191011 0.193624 0.196219 0.198756 0.201186 0.20345 0.205476 0.207173 0.208438 0.209143 0.20914 0.208256 0.206295 0.203038 0.19825 0.191687 0.183112 0.172318 0.15916 0.143591 0.125704 0.105777 0.0842859 0.0618993 0.039413 0.0176382 -0.0027202 -0.021152 -0.0373688 -0.0512819 -0.0629569 -0.0725625 -0.0803238 -0.0864864 -0.0912902 -0.0949551 -0.0976731 -0.0996058 -0.100885 -0.101617 -0.101881 -0.101739 -0.101235 -0.1004 -0.099252 -0.0978049 -0.096065 -0.0940361 -0.0917207 -0.0891211 -0.0862412 -0.0830866 -0.0796657 -0.0759894 -0.0720716 -0.0679289 -0.06358 -0.059046 -0.0543493 -0.0495136 -0.0445633 -0.0395231 -0.0344176 -0.0292708 -0.0241062 -0.018946 -0.0138116 -0.00872263 -0.0036976 0.00124666 0.00609484 0.0108332 0.0154496 0.0199332 0.024275 0.0284671 0.0325031 0.0363777 0.040087 0.0436279 0.0469987 0.0501983 0.0532267 0.0560844 0.0587728 0.061294 0.0636503 0.0658448 0.0678809 0.0697623 0.071493 0.0730772 0.0745193 0.0758237 0.0769949 0.0780376 0.0789561 0.0797548 0.080438 0.0810098 0.0814741 0.0818344 0.0820943 0.0822567 0.0823247 0.0823005 0.0821863 0.0819839 0.0816945 0.0813192 0.0808583 0.0803117 0.079679 0.0789589 0.0781496 0.0772486 0.0762526 0.0751576 0.0739583 0.0726487 0.0712213 0.0696676 0.0679775 0.0661395 0.0641406 0.0619665 0.0596017 0.0570298 0.0542341 0.0511986 0.0479087 0.044353 0.0405241 0.0364209 0.0320495 0.0274249 0.0225713 0.0175228 0.0123225 0.00702232 0.00168071 -0.0036384 -0.00886778 -0.0139387 -0.0187829 -0.0233344 -0.0275315 -0.0313184 -0.0346471 -0.0374793 -0.0397875 -0.041556 -0.0427819 -0.0434746 -0.0436556 -0.0433569 -0.0426104 -0.0414543 -0.0399429 -0.0381325 -0.0360784 -0.0338335 -0.0314462 -0.0289588 -0.0264068 -0.023818 -0.0212116 -0.0185987 -0.0159819 -0.0133554 -0.0107056 -0.00801116 -0.00524387 -0.00236904 0.000653727 0.00384672 
0.152528 0.152581 0.152766 0.153083 0.153533 0.154116 0.154833 0.155683 0.156669 0.15779 0.159047 0.16044 0.161971 0.16364 0.165446 0.16739 0.16947 0.171685 0.174033 0.176509 0.179108 0.181823 0.184643 0.187556 0.190544 0.193584 0.196648 0.199697 0.202685 0.205553 0.208227 0.210616 0.212606 0.21406 0.214812 0.214664 0.213383 0.210703 0.206325 0.199926 0.191177 0.179765 0.16544 0.148065 0.127676 0.104569 0.0793383 0.0528891 0.0263549 0.000895082 -0.0225176 -0.0432438 -0.0609948 -0.0757658 -0.0877487 -0.0972494 -0.104621 -0.110215 -0.114355 -0.11732 -0.119343 -0.120612 -0.121273 -0.121437 -0.121187 -0.12058 -0.119655 -0.118433 -0.116927 -0.11514 -0.113072 -0.110717 -0.108073 -0.105136 -0.101905 -0.0983842 -0.0945797 -0.090502 -0.0861656 -0.0815884 -0.0767913 -0.0717978 -0.0666332 -0.0613242 -0.0558983 -0.0503832 -0.0448065 -0.0391948 -0.0335741 -0.0279689 -0.0224023 -0.0168958 -0.0114692 -0.00614043 -0.000925606 0.00416087 0.0091064 0.0139001 0.0185326 0.0229963 0.027285 0.0313936 0.0353187 0.0390579 0.0426097 0.0459739 0.0491511 0.0521426 0.0549506 0.0575777 0.0600274 0.0623033 0.0644098 0.0663513 0.0681327 0.069759 0.0712353 0.0725668 0.0737587 0.0748163 0.0757446 0.0765487 0.0772332 0.0778029 0.078262 0.0786146 0.0788643 0.0790147 0.0790686 0.0790287 0.0788973 0.078676 0.0783663 0.077969 0.0774843 0.0769121 0.0762516 0.0755014 0.0746594 0.0737228 0.0726881 0.0715507 0.0703053 0.0689454 0.0674632 0.0658499 0.0640951 0.0621871 0.0601128 0.0578577 0.0554062 0.0527419 0.0498483 0.0467092 0.0433104 0.0396403 0.0356918 0.0314637 0.026962 0.0222016 0.0172064 0.0120106 0.00665768 0.00119989 -0.004303 -0.00978538 -0.0151776 -0.0204081 -0.0254051 -0.0300989 -0.0344241 -0.0383211 -0.0417389 -0.0446364 -0.0469841 -0.0487654 -0.0499771 -0.0506296 -0.0507461 -0.0503613 -0.0495123 -0.0482409 -0.0466056 -0.044667 -0.0424848 -0.040116 -0.0376129 -0.0350213 -0.0323797 -0.0297183 -0.0270588 -0.0244141 -0.0217888 -0.0191791 -0.0165735 -0.0139534 -0.0112941 -0.00856511 -0.00573147 -0.00277346 
0.148462 0.148518 0.148714 0.14905 0.149527 0.150146 0.150907 0.151811 0.15286 0.154055 0.155396 0.156887 0.158527 0.160319 0.162264 0.164363 0.166617 0.169025 0.171589 0.174306 0.177173 0.180186 0.183338 0.18662 0.190017 0.193511 0.197077 0.200681 0.204281 0.207819 0.211225 0.214405 0.217243 0.219592 0.221272 0.222059 0.221685 0.219829 0.21612 0.21014 0.201436 0.189552 0.174064 0.154687 0.131356 0.104343 0.0743789 0.0426942 0.0109189 -0.0191912 -0.046254 -0.069495 -0.0887014 -0.104049 -0.115944 -0.124902 -0.131454 -0.136089 -0.139226 -0.141208 -0.142306 -0.142729 -0.14263 -0.142121 -0.141279 -0.140152 -0.138768 -0.137136 -0.135257 -0.133122 -0.130718 -0.128032 -0.12505 -0.121764 -0.118168 -0.114261 -0.110049 -0.105541 -0.100753 -0.0957059 -0.0904219 -0.0849283 -0.0792539 -0.0734293 -0.0674855 -0.0614541 -0.0553657 -0.0492504 -0.0431368 -0.0370518 -0.0310207 -0.0250667 -0.019211 -0.0134727 -0.00786863 -0.00241386 0.00287871 0.00799802 0.0129349 0.0176817 0.0222327 0.0265833 0.0307305 0.0346725 0.0384088 0.0419396 0.0452665 0.0483916 0.0513179 0.054049 0.0565892 0.0589432 0.0611161 0.0631134 0.0649408 0.0666041 0.0681093 0.0694626 0.0706699 0.0717371 0.0726702 0.0734746 0.0741558 0.074719 0.0751689 0.0755099 0.0757463 0.0758816 0.075919 0.0758614 0.0757111 0.07547 0.0751392 0.0747196 0.0742113 0.0736141 0.0729269 0.0721481 0.0712753 0.0703055 0.0692348 0.0680583 0.0667705 0.0653643 0.063832 0.0621643 0.0603507 0.0583792 0.0562367 0.0539086 0.0513792 0.0486324 0.0456515 0.0424207 0.0389258 0.0351553 0.0311021 0.0267648 0.0221495 0.0172704 0.0121515 0.00682639 0.00133858 -0.00425938 -0.00990696 -0.0155372 -0.0210785 -0.0264567 -0.031597 -0.0364263 -0.0408757 -0.0448822 -0.0483916 -0.0513601 -0.0537563 -0.0555623 -0.0567746 -0.057404 -0.0574753 -0.0570255 -0.0560965 -0.0547339 -0.0530001 -0.0509596 -0.0486766 -0.046212 -0.0436219 -0.0409556 -0.0382549 -0.0355525 -0.0328728 -0.0302308 -0.0276332 -0.0250784 -0.0225573 -0.0200543 -0.0175479 -0.0150119 -0.0124159 -0.00974158 
0.144255 0.144314 0.144521 0.144876 0.14538 0.146033 0.146838 0.147795 0.148905 0.150172 0.151597 0.153182 0.15493 0.156844 0.158926 0.161179 0.163606 0.166208 0.168989 0.171948 0.175087 0.178404 0.181896 0.185558 0.18938 0.193349 0.197446 0.201644 0.205904 0.210176 0.214393 0.218465 0.222277 0.225678 0.228476 0.230427 0.231227 0.2305 0.227795 0.222582 0.214248 0.202124 0.18557 0.164052 0.137281 0.10542 0.0693167 0.0306764 -0.00801253 -0.0440586 -0.0754431 -0.101277 -0.121616 -0.136986 -0.148141 -0.155904 -0.161041 -0.164205 -0.16592 -0.166586 -0.166501 -0.165882 -0.16488 -0.163597 -0.162094 -0.160404 -0.158538 -0.156486 -0.154233 -0.151753 -0.149019 -0.146004 -0.142685 -0.139045 -0.135071 -0.130761 -0.126116 -0.121149 -0.115875 -0.110317 -0.104503 -0.0984639 -0.0922329 -0.0858452 -0.0793365 -0.0727424 -0.0660978 -0.0594362 -0.0527893 -0.0461868 -0.0396562 -0.0332226 -0.0269085 -0.0207341 -0.0147172 -0.00887311 -0.00321509 0.00224583 0.00750062 0.0125421 0.0173648 0.0219649 0.02634 0.0304891 0.0344125 0.0381113 0.0415879 0.0448456 0.0478882 0.0507204 0.0533475 0.0557752 0.0580097 0.0600574 0.0619251 0.0636195 0.0651477 0.0665167 0.0677332 0.0688041 0.069736 0.0705353 0.0712079 0.0717596 0.0721957 0.0725211 0.0727404 0.0728574 0.0728757 0.0727982 0.0726274 0.0723651 0.0720125 0.0715705 0.071039 0.0704175 0.0697049 0.0688991 0.0679978 0.0669973 0.0658937 0.0646817 0.0633554 0.0619077 0.0603303 0.0586139 0.0567477 0.0547198 0.0525169 0.0501243 0.0475266 0.0447076 0.0416509 0.0383409 0.0347634 0.0309073 0.0267652 0.0223359 0.0176248 0.0126459 0.00742253 0.00198792 -0.00361484 -0.00933328 -0.0151065 -0.0208666 -0.0265404 -0.0320517 -0.0373231 -0.0422785 -0.0468458 -0.0509589 -0.0545607 -0.0576047 -0.0600574 -0.0618997 -0.0631274 -0.0637516 -0.063798 -0.0633056 -0.0623208 -0.0608928 -0.0590876 -0.0569738 -0.0546191 -0.0520887 -0.0494423 -0.0467328 -0.0440048 -0.0412944 -0.0386282 -0.0360237 -0.0334899 -0.0310275 -0.0286301 -0.0262849 -0.0239738 -0.0216742 -0.0193602 -0.0170135 
0.139901 0.139963 0.140181 0.140553 0.141083 0.14177 0.142616 0.143623 0.144794 0.14613 0.147636 0.149313 0.151166 0.153198 0.155414 0.157819 0.160415 0.163209 0.166204 0.169404 0.172814 0.176436 0.180271 0.184319 0.188577 0.193037 0.197687 0.202507 0.207469 0.21253 0.217632 0.222694 0.227605 0.232218 0.236336 0.239701 0.241981 0.242748 0.241467 0.237481 0.229969 0.218018 0.20066 0.17697 0.146254 0.10836 0.0641334 0.0159151 -0.0323247 -0.0760254 -0.112314 -0.140426 -0.161121 -0.175522 -0.184913 -0.190539 -0.193465 -0.194523 -0.194324 -0.193305 -0.191766 -0.189913 -0.187876 -0.185732 -0.183521 -0.181247 -0.178897 -0.176438 -0.173831 -0.171028 -0.167985 -0.164659 -0.161014 -0.157021 -0.152664 -0.147934 -0.142834 -0.137374 -0.131575 -0.125463 -0.119071 -0.112435 -0.105594 -0.0985902 -0.0914637 -0.0842556 -0.0770052 -0.0697502 -0.0625259 -0.0553648 -0.0482969 -0.0413491 -0.0345455 -0.0279071 -0.0214525 -0.0151975 -0.0091551 -0.00333637 0.00225002 0.0075974 0.012701 0.0175577 0.0221659 0.0265256 0.030638 0.0345053 0.0381309 0.0415192 0.0446752 0.0476046 0.050314 0.0528101 0.0551003 0.0571921 0.0590934 0.0608121 0.0623563 0.0637339 0.0649527 0.0660205 0.0669447 0.0677325 0.0683905 0.0689253 0.0693426 0.0696479 0.069846 0.0699413 0.0699376 0.0698378 0.0696447 0.06936 0.0689851 0.0685205 0.0679661 0.0673213 0.0665847 0.065754 0.0648265 0.0637983 0.0626652 0.0614216 0.0600613 0.0585769 0.0569601 0.0552011 0.0532892 0.0512123 0.0489572 0.0465093 0.0438532 0.040973 0.0378526 0.0344765 0.0308309 0.0269045 0.0226904 0.0181867 0.0133988 0.00834003 0.00303305 -0.00248968 -0.0081857 -0.0140029 -0.0198805 -0.02575 -0.0315374 -0.0371647 -0.0425525 -0.0476222 -0.0522989 -0.0565138 -0.0602069 -0.0633294 -0.0658457 -0.0677352 -0.0689929 -0.0696298 -0.0696722 -0.0691607 -0.0681453 -0.0666793 -0.0648317 -0.0626744 -0.0602792 -0.0577145 -0.055044 -0.0523238 -0.0496019 -0.046917 -0.0442985 -0.0417664 -0.0393322 -0.036999 -0.034763 -0.0326143 -0.0305378 -0.0285149 -0.0265235 -0.0245442 
0.135392 0.135457 0.135684 0.136074 0.136628 0.137347 0.138233 0.139288 0.140516 0.141919 0.143501 0.145266 0.14722 0.149366 0.151711 0.154261 0.157022 0.160001 0.163205 0.166642 0.170318 0.174241 0.178417 0.182851 0.187546 0.192503 0.197718 0.203181 0.208875 0.214769 0.220818 0.226955 0.233081 0.239061 0.244703 0.249747 0.253843 0.256521 0.257171 0.254996 0.248947 0.237802 0.220155 0.194497 0.159426 0.114077 0.0589235 -0.00299407 -0.0650482 -0.118711 -0.160042 -0.189183 -0.208684 -0.220481 -0.226574 -0.228778 -0.228495 -0.226709 -0.224071 -0.221 -0.21776 -0.214511 -0.211342 -0.208293 -0.205362 -0.202521 -0.199723 -0.196904 -0.193993 -0.19092 -0.187614 -0.184014 -0.180069 -0.175738 -0.170999 -0.165838 -0.160258 -0.154273 -0.147906 -0.14119 -0.134165 -0.126874 -0.119365 -0.111684 -0.103881 -0.0960009 -0.0880898 -0.0801895 -0.0723394 -0.0645751 -0.0569291 -0.0494303 -0.0421041 -0.0349725 -0.0280544 -0.0213659 -0.0149199 -0.0087271 -0.00279555 0.00286876 0.00826187 0.0133816 0.0182275 0.0228006 0.027103 0.0311384 0.0349114 0.0384273 0.0416926 0.0447144 0.0475003 0.0500584 0.0523973 0.0545258 0.0564531 0.0581882 0.0597404 0.0611186 0.0623319 0.0633889 0.0642981 0.0650673 0.0657043 0.066216 0.066609 0.0668891 0.0670618 0.0671316 0.0671027 0.0669782 0.0667609 0.0664527 0.0660547 0.0655675 0.0649909 0.0643239 0.0635649 0.0627115 0.0617605 0.060708 0.0595491 0.0582782 0.0568887 0.055373 0.0537226 0.0519277 0.0499773 0.0478594 0.0455608 0.0430671 0.0403631 0.0374333 0.0342616 0.0308332 0.0271342 0.0231538 0.0188848 0.0143255 0.0094805 0.00436274 -0.00100603 -0.00659426 -0.0123604 -0.0182532 -0.024212 -0.0301687 -0.0360485 -0.0417726 -0.0472599 -0.0524299 -0.0572054 -0.0615153 -0.065297 -0.0684994 -0.0710852 -0.073032 -0.0743338 -0.0750012 -0.0750609 -0.0745543 -0.0735344 -0.0720586 -0.0701986 -0.0680292 -0.0656254 -0.0630594 -0.0603979 -0.0577006 -0.0550185 -0.0523932 -0.0498568 -0.0474319 -0.0451323 -0.0429638 -0.0409252 -0.0390093 -0.0372045 -0.0354952 -0.0338632 -0.0322878 
0.130721 0.130789 0.131025 0.131431 0.132007 0.132756 0.133679 0.13478 0.136061 0.137526 0.139181 0.141029 0.143077 0.145331 0.147798 0.150486 0.153403 0.156559 0.159963 0.163627 0.16756 0.171774 0.176282 0.181093 0.18622 0.19167 0.197451 0.203563 0.210004 0.216758 0.223798 0.231075 0.238514 0.245998 0.253357 0.260342 0.266603 0.27165 0.274812 0.275164 0.271422 0.262004 0.24495 0.217938 0.178435 0.124145 0.054225 -0.0280257 -0.111194 -0.177177 -0.222158 -0.249451 -0.265188 -0.271923 -0.272594 -0.269771 -0.265175 -0.259825 -0.254295 -0.248899 -0.243803 -0.239087 -0.234775 -0.230848 -0.227259 -0.223934 -0.220784 -0.217707 -0.214597 -0.211348 -0.207864 -0.204059 -0.199866 -0.195231 -0.190123 -0.184528 -0.178449 -0.171903 -0.164923 -0.157549 -0.14983 -0.14182 -0.133573 -0.125148 -0.116601 -0.107985 -0.0993526 -0.09075 -0.0822211 -0.0738053 -0.0655374 -0.0574483 -0.0495645 -0.041909 -0.0345008 -0.0273558 -0.0204867 -0.0139035 -0.00761352 -0.00162171 0.00406903 0.00945768 0.014545 0.0193331 0.0238258 0.0280279 0.0319453 0.0355849 0.0389544 0.0420624 0.0449179 0.0475304 0.0499099 0.0520666 0.054011 0.0557535 0.0573045 0.0586745 0.0598734 0.0609111 0.061797 0.06254 0.0631486 0.0636306 0.0639931 0.0642427 0.0643852 0.0644256 0.0643682 0.0642164 0.063973 0.06364 0.0632184 0.0627088 0.0621106 0.0614228 0.0606435 0.0597698 0.0587984 0.057725 0.0565445 0.0552509 0.0538375 0.0522964 0.0506187 0.0487948 0.0468136 0.0446631 0.0423301 0.0398006 0.0370597 0.034092 0.0308822 0.0274154 0.0236784 0.0196604 0.0153544 0.0107584 0.00587667 0.000721413 -0.00468656 -0.0103168 -0.016129 -0.0220727 -0.0280886 -0.0341086 -0.0400582 -0.045858 -0.0514261 -0.0566806 -0.0615426 -0.0659388 -0.0698047 -0.0730873 -0.0757471 -0.0777602 -0.0791195 -0.0798349 -0.0799329 -0.0794553 -0.0784573 -0.0770005 -0.0751585 -0.0730088 -0.0706294 -0.0680954 -0.0654768 -0.0628365 -0.0602282 -0.0576966 -0.0552764 -0.0529926 -0.0508617 -0.0488918 -0.0470846 -0.0454356 -0.0439362 -0.0425744 -0.0413353 -0.0401966 
0.125881 0.125951 0.126196 0.126616 0.127213 0.12799 0.128947 0.130089 0.131419 0.132942 0.134663 0.136588 0.138724 0.141077 0.143657 0.146474 0.149536 0.152857 0.156449 0.160325 0.1645 0.16899 0.173813 0.178986 0.184528 0.190456 0.196789 0.203541 0.210724 0.218342 0.226391 0.234847 0.243664 0.252758 0.261993 0.271154 0.279915 0.287796 0.294097 0.297808 0.297417 0.290968 0.275866 0.24877 0.205533 0.141377 0.0521461 -0.0608773 -0.17851 -0.256469 -0.299328 -0.319913 -0.32914 -0.327631 -0.320306 -0.310854 -0.30109 -0.291782 -0.283224 -0.275503 -0.268628 -0.262565 -0.257256 -0.252622 -0.248558 -0.244943 -0.241639 -0.238498 -0.235372 -0.232117 -0.228602 -0.224716 -0.220369 -0.215496 -0.210059 -0.204042 -0.197453 -0.190319 -0.182679 -0.174589 -0.166109 -0.157306 -0.148247 -0.139003 -0.129638 -0.120215 -0.110793 -0.101425 -0.0921604 -0.0830407 -0.0741041 -0.065383 -0.056905 -0.0486936 -0.0407677 -0.033143 -0.0258313 -0.0188417 -0.0121803 -0.00585099 0.000144706 0.0058072 0.0111387 0.0161428 0.0208248 0.025191 0.0292488 0.0330068 0.0364742 0.039661 0.0425779 0.045236 0.0476467 0.0498218 0.0517733 0.0535129 0.0550526 0.0564042 0.0575788 0.0585877 0.0594412 0.0601495 0.0607217 0.0611667 0.0614922 0.0617055 0.0618127 0.0618194 0.06173 0.0615482 0.0612768 0.0609179 0.0604724 0.0599406 0.0593218 0.0586148 0.0578173 0.0569263 0.0559379 0.0548476 0.05365 0.0523389 0.0509071 0.0493467 0.0476486 0.0458031 0.0437991 0.0416247 0.039267 0.0367121 0.0339454 0.0309521 0.0277173 0.0242265 0.020467 0.0164282 0.0121032 0.00748976 0.00259194 -0.00257898 -0.00800319 -0.0136515 -0.0194849 -0.0254546 -0.0315022 -0.0375608 -0.0435564 -0.0494098 -0.0550387 -0.0603605 -0.0652949 -0.0697674 -0.0737118 -0.0770731 -0.0798102 -0.0818975 -0.0833267 -0.0841067 -0.0842634 -0.0838389 -0.082889 -0.0814797 -0.0796864 -0.0775884 -0.0752662 -0.0727978 -0.070256 -0.0677064 -0.0652058 -0.0628015 -0.0605306 -0.058421 -0.0564912 -0.0547522 -0.0532081 -0.0518574 -0.0506943 -0.0497102 -0.0488939 -0.0482209 
0.120867 0.120939 0.121191 0.121625 0.122241 0.123041 0.124029 0.125209 0.126583 0.128158 0.129938 0.131932 0.134146 0.13659 0.139272 0.142204 0.145399 0.14887 0.152632 0.156702 0.1611 0.165844 0.170959 0.176468 0.182397 0.188775 0.19563 0.202992 0.210891 0.219352 0.228395 0.238029 0.248245 0.259004 0.270219 0.281733 0.293276 0.304415 0.314473 0.322421 0.326578 0.324636 0.313362 0.28832 0.243507 0.170834 0.0598977 -0.097481 -0.276823 -0.354314 -0.380743 -0.389632 -0.39403 -0.380655 -0.363064 -0.346377 -0.331653 -0.318892 -0.307868 -0.298357 -0.290185 -0.283212 -0.277311 -0.272349 -0.268177 -0.264628 -0.261515 -0.25864 -0.255806 -0.252825 -0.249526 -0.245766 -0.241432 -0.236446 -0.230763 -0.224371 -0.217285 -0.209545 -0.201207 -0.192344 -0.183034 -0.173361 -0.16341 -0.153262 -0.142998 -0.132691 -0.122407 -0.112206 -0.102143 -0.0922639 -0.0826088 -0.0732119 -0.0641016 -0.0553014 -0.0468299 -0.0387019 -0.0309282 -0.0235164 -0.0164715 -0.00979548 -0.00348837 0.00245193 0.00802926 0.0132491 0.0181182 0.0226447 0.0268377 0.0307076 0.0342651 0.0375222 0.040491 0.0431844 0.0456156 0.047798 0.0497451 0.0514704 0.0529874 0.0543093 0.0554488 0.0564182 0.0572294 0.0578935 0.0584207 0.0588208 0.0591022 0.0592729 0.0593395 0.0593079 0.0591829 0.0589684 0.0586672 0.0582813 0.0578116 0.0572582 0.0566201 0.0558959 0.0550828 0.0541776 0.0531761 0.0520733 0.0508636 0.0495404 0.0480963 0.0465232 0.0448119 0.0429526 0.0409343 0.0387451 0.0363725 0.0338028 0.031022 0.0280155 0.0247691 0.0212688 0.0175024 0.0134596 0.00913365 0.00452222 -0.000371148 -0.00553591 -0.0109534 -0.0165957 -0.0224256 -0.0283959 -0.0344497 -0.0405217 -0.046539 -0.0524231 -0.0580919 -0.0634627 -0.0684547 -0.0729923 -0.0770081 -0.0804455 -0.0832618 -0.0854302 -0.0869404 -0.0878004 -0.0880354 -0.0876868 -0.0868107 -0.085477 -0.0837622 -0.0817474 -0.0795149 -0.0771451 -0.0747133 -0.0722878 -0.0699279 -0.0676834 -0.065594 -0.0636897 -0.0619919 -0.0605137 -0.0592618 -0.0582376 -0.0574385 -0.0568589 -0.0564912 -0.0563091 
0.115673 0.115747 0.116005 0.11645 0.117082 0.117904 0.118919 0.120131 0.121544 0.123163 0.124996 0.12705 0.129333 0.131855 0.134626 0.137661 0.140971 0.144574 0.148486 0.152728 0.157322 0.162293 0.167667 0.173477 0.179755 0.18654 0.193872 0.201795 0.210357 0.219605 0.229589 0.240353 0.251931 0.264339 0.277556 0.291504 0.306004 0.320719 0.335059 0.348049 0.357985 0.362259 0.357077 0.337047 0.294833 0.220519 0.0985484 -0.100735 -0.412482 -0.445287 -0.434729 -0.434096 -0.449483 -0.418438 -0.390557 -0.368728 -0.351209 -0.336819 -0.324792 -0.314642 -0.306095 -0.298972 -0.29313 -0.288424 -0.284688 -0.281721 -0.279297 -0.277167 -0.27508 -0.272792 -0.270086 -0.266779 -0.262729 -0.257843 -0.252071 -0.245407 -0.23788 -0.229549 -0.220496 -0.210816 -0.200613 -0.189995 -0.179067 -0.167932 -0.156683 -0.145408 -0.134183 -0.123078 -0.112151 -0.101454 -0.0910281 -0.0809099 -0.0711281 -0.0617056 -0.0526604 -0.0440057 -0.0357511 -0.0279023 -0.0204623 -0.0134313 -0.00680742 -0.000586514 0.0052372 0.0106711 0.0157239 0.0204056 0.0247273 0.0287011 0.0323397 0.0356568 0.0386666 0.0413838 0.0438233 0.0460004 0.0479304 0.0496287 0.0511103 0.05239 0.0534823 0.0544008 0.0551587 0.0557683 0.0562412 0.0565877 0.0568174 0.0569388 0.0569591 0.0568847 0.0567205 0.0564705 0.0561378 0.0557241 0.0552302 0.054656 0.0540003 0.0532611 0.0524355 0.0515198 0.0505094 0.049399 0.0481825 0.0468532 0.0454034 0.0438246 0.0421078 0.0402428 0.038219 0.0360246 0.0336471 0.0310736 0.0282903 0.0252833 0.0220389 0.0185437 0.014786 0.0107559 0.0064469 0.00185653 -0.00301208 -0.00814919 -0.0135373 -0.0191501 -0.0249519 -0.0308977 -0.0369325 -0.0429929 -0.0490075 -0.0548992 -0.0605868 -0.065988 -0.071022 -0.0756127 -0.0796918 -0.0832016 -0.0860981 -0.0883526 -0.0899538 -0.090908 -0.0912393 -0.0909883 -0.0902108 -0.0889794 -0.0873719 -0.0854704 -0.0833589 -0.0811196 -0.07883 -0.0765606 -0.0743731 -0.0723195 -0.0704419 -0.0687725 -0.0673349 -0.0661448 -0.0652114 -0.0645389 -0.0641276 -0.0639753 -0.064078 -0.0644075 
0.110294 0.110369 0.110633 0.111088 0.111733 0.112573 0.11361 0.114849 0.116294 0.117951 0.119828 0.121932 0.124272 0.12686 0.129707 0.132826 0.136234 0.139947 0.143986 0.148373 0.153133 0.158295 0.16389 0.169956 0.176534 0.183669 0.191414 0.199826 0.20897 0.218918 0.229746 0.241536 0.254369 0.268321 0.283451 0.299778 0.317245 0.335661 0.354594 0.373208 0.389993 0.402122 0.405328 0.393425 0.358953 0.296365 0.206785 0.0974126 -0.540323 -0.488481 -0.440998 -0.428006 -0.492957 -0.431358 -0.397685 -0.375379 -0.358191 -0.344366 -0.332933 -0.323321 -0.3153 -0.308749 -0.303571 -0.299666 -0.296887 -0.295026 -0.293823 -0.292979 -0.292178 -0.291109 -0.289491 -0.287084 -0.283709 -0.279248 -0.273644 -0.266896 -0.259054 -0.250203 -0.240457 -0.229945 -0.218806 -0.207179 -0.195199 -0.182992 -0.170674 -0.158347 -0.146103 -0.134018 -0.12216 -0.110584 -0.0993348 -0.0884491 -0.077956 -0.0678779 -0.058231 -0.0490271 -0.0402733 -0.0319735 -0.0241281 -0.0167351 -0.00979026 -0.0032872 0.0027821 0.00842716 0.0136589 0.0184893 0.0229317 0.027 0.0307092 0.0340748 0.0371132 0.039841 0.0422752 0.0444331 0.0463319 0.0479889 0.0494211 0.050645 0.0516767 0.0525317 0.0532244 0.0537685 0.0541768 0.0544608 0.0546307 0.0546958 0.054664 0.0545419 0.0543348 0.0540469 0.053681 0.0532389 0.0527212 0.0521274 0.0514561 0.0507048 0.0498702 0.0489481 0.0479336 0.046821 0.0456038 0.0442747 0.0428261 0.0412492 0.0395348 0.0376729 0.0356527 0.0334627 0.031091 0.0285247 0.0257508 0.022756 0.0195271 0.0160515 0.0123179 0.00831702 0.00404246 -0.00050821 -0.00533232 -0.0104209 -0.0157577 -0.021318 -0.0270682 -0.0329651 -0.0389564 -0.0449808 -0.050969 -0.0568457 -0.0625313 -0.0679443 -0.0730045 -0.0776358 -0.0817695 -0.0853471 -0.0883234 -0.0906682 -0.0923687 -0.0934296 -0.0938735 -0.0937401 -0.0930843 -0.09198 -0.0905069 -0.0887474 -0.0867865 -0.084708 -0.082591 -0.080508 -0.0785226 -0.076689 -0.0750512 -0.0736437 -0.0724921 -0.0716144 -0.0710225 -0.0707231 -0.0707196 -0.0710132 -0.0716035 -0.0724604 
0.104726 0.104802 0.105071 0.105533 0.106189 0.107043 0.108098 0.109358 0.110828 0.112515 0.114426 0.11657 0.118955 0.121595 0.1245 0.127686 0.13117 0.134971 0.139109 0.14361 0.148501 0.153814 0.159585 0.165854 0.17267 0.180086 0.188162 0.196971 0.20659 0.217113 0.228642 0.241294 0.255197 0.270488 0.287307 0.305783 0.326004 0.347963 0.371461 0.395925 0.420096 0.441367 0.45491 0.4534 0.428676 0.380494 0.319945 0.0719753 -0.221052 -0.319662 -0.356055 -0.381242 -0.413174 -0.417981 -0.393734 -0.374375 -0.358448 -0.345782 -0.335419 -0.326661 -0.319406 -0.313604 -0.309228 -0.306267 -0.304625 -0.304114 -0.304452 -0.30529 -0.306235 -0.306887 -0.306875 -0.305879 -0.303655 -0.300041 -0.294961 -0.288415 -0.28047 -0.271243 -0.260888 -0.249579 -0.237498 -0.224827 -0.211738 -0.19839 -0.184926 -0.171469 -0.158128 -0.144993 -0.132137 -0.119623 -0.107497 -0.0957982 -0.0845551 -0.0737887 -0.0635134 -0.0537386 -0.0444689 -0.0357052 -0.0274454 -0.0196847 -0.0124162 -0.00563078 0.000681897 0.00653384 0.0119383 0.0169096 0.0214631 0.0256152 0.0293829 0.0327841 0.0358371 0.038561 0.0409748 0.043098 0.04495 0.0465502 0.0479176 0.0490707 0.0500276 0.0508052 0.0514199 0.0518868 0.0522197 0.0524314 0.0525331 0.0525348 0.0524449 0.0522704 0.0520168 0.0516885 0.0512883 0.0508176 0.0502768 0.0496652 0.0489808 0.0482207 0.0473811 0.0464574 0.0454442 0.0443352 0.0431236 0.0418019 0.0403619 0.0387949 0.0370914 0.0352414 0.0332343 0.0310589 0.0287035 0.0261558 0.0234032 0.0204332 0.0172333 0.0137915 0.0100973 0.00614163 0.00191853 -0.00257448 -0.00733512 -0.0123553 -0.0176198 -0.0231059 -0.0287819 -0.0346071 -0.0405316 -0.0464968 -0.0524359 -0.058276 -0.0639393 -0.069346 -0.0744169 -0.0790764 -0.0832557 -0.0868958 -0.0899505 -0.0923884 -0.094195 -0.0953732 -0.0959443 -0.0959463 -0.0954331 -0.0944788 -0.0931647 -0.0915735 -0.0897906 -0.0879008 -0.0859846 -0.0841159 -0.0823602 -0.0807732 -0.0794007 -0.0782791 -0.0774362 -0.076892 -0.0766607 -0.076752 -0.0771721 -0.0779255 -0.0790158 -0.080411 
0.0989663 0.0990438 0.0993156 0.0997827 0.100447 0.101311 0.102378 0.103653 0.105142 0.10685 0.108785 0.110957 0.113374 0.11605 0.118997 0.12223 0.125768 0.129629 0.133837 0.138418 0.143401 0.14882 0.154713 0.161126 0.16811 0.175724 0.184037 0.193128 0.20309 0.21403 0.226074 0.239366 0.254074 0.27039 0.288529 0.308724 0.331209 0.356181 0.383721 0.413618 0.445033 0.475846 0.501243 0.512228 0.498129 0.457507 0.284596 0.0915955 -0.0961977 -0.213062 -0.282318 -0.327732 -0.360517 -0.376951 -0.382434 -0.3689 -0.355836 -0.344965 -0.336009 -0.328056 -0.321416 -0.316115 -0.312212 -0.309866 -0.309078 -0.309712 -0.311505 -0.31407 -0.316938 -0.319606 -0.321586 -0.322443 -0.321834 -0.319521 -0.315381 -0.309397 -0.301644 -0.292267 -0.281463 -0.269455 -0.256482 -0.242775 -0.228555 -0.214023 -0.199356 -0.184706 -0.170203 -0.155951 -0.142038 -0.128529 -0.115478 -0.102923 -0.0908935 -0.0794083 -0.0684798 -0.0581144 -0.0483135 -0.039075 -0.0303934 -0.0222608 -0.0146672 -0.0076008 -0.00104835 0.00500477 0.0105743 0.0156772 0.0203311 0.0245547 0.0283675 0.0317898 0.0348421 0.0375459 0.0399228 0.0419944 0.0437826 0.0453091 0.0465951 0.0476613 0.0485278 0.0492136 0.0497366 0.0501136 0.0503598 0.0504892 0.050514 0.0504449 0.0502909 0.0500593 0.0497561 0.0493853 0.0489498 0.0484508 0.0478883 0.0472611 0.0465668 0.0458019 0.0449621 0.0440421 0.0430361 0.0419373 0.0407384 0.0394315 0.0380081 0.0364593 0.0347755 0.0329468 0.0309626 0.0288121 0.0264838 0.023966 0.0212468 0.0183143 0.0151566 0.0117626 0.00812231 0.0042274 7.20333e-05 -0.00434623 -0.00902549 -0.0139584 -0.0191313 -0.0245228 -0.0301037 -0.0358358 -0.0416719 -0.0475564 -0.0534254 -0.0592087 -0.0648309 -0.0702143 -0.075281 -0.0799565 -0.0841723 -0.0878692 -0.0910001 -0.0935325 -0.0954502 -0.0967546 -0.097465 -0.0976178 -0.0972656 -0.0964815 -0.0953485 -0.0939491 -0.0923689 -0.090693 -0.089003 -0.087374 -0.0858725 -0.0845557 -0.0834709 -0.0826563 -0.0821411 -0.0819477 -0.0820926 -0.0825878 -0.0834427 -0.0846652 -0.0862626 -0.0882013 
0.0930128 0.0930908 0.0933645 0.0938347 0.0945034 0.0953733 0.096448 0.0977319 0.0992307 0.100951 0.1029 0.105087 0.107523 0.110219 0.113189 0.116449 0.120016 0.123911 0.128157 0.132781 0.137813 0.143289 0.149248 0.155738 0.162812 0.170533 0.178974 0.188219 0.198369 0.20954 0.221873 0.235531 0.250709 0.267636 0.286583 0.307863 0.33183 0.358859 0.389297 0.423332 0.460697 0.499998 0.537339 0.563854 0.567156 0.430238 0.269338 0.106008 -0.042273 -0.154068 -0.232424 -0.286852 -0.324211 -0.34687 -0.358245 -0.361996 -0.352193 -0.344071 -0.33675 -0.329893 -0.323796 -0.318765 -0.314887 -0.312651 -0.312159 -0.313393 -0.316169 -0.320107 -0.324696 -0.32934 -0.333423 -0.33637 -0.337702 -0.337069 -0.334264 -0.329221 -0.322 -0.312761 -0.301735 -0.289199 -0.275446 -0.260769 -0.245445 -0.229726 -0.213832 -0.197951 -0.182239 -0.166823 -0.151802 -0.137253 -0.123235 -0.109787 -0.0969387 -0.0847081 -0.0731047 -0.0621316 -0.0517868 -0.0420644 -0.0329554 -0.0244485 -0.0165302 -0.00918552 -0.00239827 0.00384903 0.00957486 0.0147987 0.0195408 0.0238225 0.0276658 0.0310932 0.0341282 0.0367946 0.0391165 0.0411184 0.0428245 0.0442592 0.045446 0.0464082 0.047168 0.0477464 0.0481635 0.0484375 0.0485854 0.0486222 0.0485613 0.0484141 0.0481902 0.0478973 0.0475414 0.0471266 0.0466555 0.0461291 0.0455468 0.0449069 0.0442065 0.0434414 0.0426067 0.0416966 0.0407043 0.0396228 0.0384441 0.0371601 0.0357618 0.03424 0.0325852 0.0307874 0.0288362 0.026721 0.0244307 0.0219543 0.0192803 0.0163976 0.0132952 0.00996253 0.00639038 0.00257093 -0.00150132 -0.00582881 -0.01041 -0.0152384 -0.0203016 -0.0255801 -0.0310469 -0.0366665 -0.0423948 -0.0481792 -0.0539591 -0.0596672 -0.0652312 -0.0705754 -0.0756243 -0.0803043 -0.0845477 -0.0882953 -0.0914996 -0.0941267 -0.0961591 -0.0975964 -0.0984559 -0.0987723 -0.0985964 -0.0979997 -0.097067 -0.0958798 -0.0945236 -0.0930838 -0.0916423 -0.0902749 -0.089049 -0.0880228 -0.0872448 -0.0867543 -0.0865824 -0.0867532 -0.0872853 -0.0881933 -0.0894895 -0.0911853 -0.0932916 -0.0957734 
0.086864 0.0869422 0.0872163 0.0876874 0.0883573 0.0892288 0.0903054 0.0915916 0.0930929 0.0948158 0.0967681 0.0989588 0.101398 0.104098 0.107072 0.110336 0.113907 0.117807 0.122058 0.126687 0.131724 0.137206 0.143171 0.149668 0.156749 0.164479 0.17293 0.182189 0.192357 0.203555 0.215925 0.229636 0.244893 0.261939 0.281067 0.302626 0.327028 0.354747 0.38629 0.422121 0.46244 0.506674 0.552401 0.594184 0.631336 0.426952 0.25651 0.105372 -0.0248345 -0.128514 -0.206457 -0.263042 -0.302605 -0.328074 -0.341679 -0.343514 -0.34638 -0.343467 -0.338555 -0.332992 -0.327479 -0.322534 -0.318574 -0.316148 -0.315483 -0.316734 -0.319883 -0.324608 -0.330421 -0.336679 -0.34266 -0.347653 -0.351025 -0.352281 -0.351094 -0.347314 -0.340953 -0.33216 -0.321186 -0.308346 -0.293989 -0.27847 -0.262127 -0.245269 -0.228168 -0.211055 -0.194119 -0.177513 -0.161356 -0.145736 -0.130719 -0.116351 -0.10266 -0.0896628 -0.0773674 -0.0657733 -0.0548749 -0.0446622 -0.0351225 -0.0262405 -0.0179992 -0.0103804 -0.00336458 0.00306876 0.00894093 0.0142741 0.0190915 0.0234167 0.0272746 0.0306904 0.0336903 0.0363007 0.0385488 0.0404617 0.0420665 0.0433903 0.0444594 0.0452997 0.0459357 0.046391 0.0466874 0.0468453 0.046883 0.0468171 0.0466619 0.0464296 0.0461304 0.0457723 0.0453613 0.0449016 0.0443952 0.0438429 0.0432435 0.0425947 0.0418927 0.0411328 0.0403093 0.0394155 0.0384443 0.0373878 0.0362375 0.0349847 0.0336204 0.0321349 0.0305187 0.0287616 0.0268536 0.0247843 0.022543 0.0201192 0.0175023 0.0146815 0.0116468 0.00838855 0.00489797 0.00116788 -0.00280692 -0.00702886 -0.0114968 -0.016205 -0.0211424 -0.0262915 -0.0316275 -0.0371176 -0.0427209 -0.0483882 -0.0540623 -0.0596792 -0.0651697 -0.070461 -0.0754795 -0.0801534 -0.084416 -0.0882084 -0.0914824 -0.0942034 -0.0963523 -0.097927 -0.0989428 -0.0994326 -0.0994455 -0.0990503 -0.0983334 -0.0973754 -0.0962613 -0.0950762 -0.093902 -0.0928148 -0.0918824 -0.0911635 -0.0907074 -0.0905546 -0.0907374 -0.0912815 -0.0922075 -0.0935326 -0.0952717 -0.0974396 -0.100051 -0.10307 
0.0805195 0.0805975 0.0808708 0.0813404 0.0820083 0.0828769 0.0839499 0.0852317 0.0867275 0.0884439 0.0903884 0.0925697 0.094998 0.0976849 0.100644 0.10389 0.10744 0.111315 0.115537 0.120132 0.12513 0.130564 0.136474 0.142905 0.149909 0.157546 0.165887 0.175015 0.185027 0.196035 0.208176 0.22161 0.236529 0.25316 0.271778 0.292707 0.316331 0.343091 0.373461 0.407872 0.446476 0.488504 0.530679 0.564741 0.583099 0.389726 0.224377 0.0838046 -0.0339235 -0.128695 -0.201848 -0.256252 -0.295095 -0.321142 -0.336884 -0.345221 -0.346445 -0.344975 -0.341601 -0.337129 -0.332221 -0.32747 -0.323439 -0.320686 -0.319633 -0.320558 -0.323624 -0.328565 -0.335025 -0.342368 -0.349823 -0.356571 -0.361841 -0.364984 -0.365532 -0.363219 -0.357977 -0.349912 -0.339269 -0.326384 -0.311649 -0.295472 -0.278254 -0.260364 -0.242128 -0.223827 -0.205691 -0.187904 -0.170607 -0.153907 -0.13788 -0.122576 -0.108028 -0.0942528 -0.081255 -0.0690318 -0.0575739 -0.0468677 -0.0368962 -0.0276403 -0.0190794 -0.0111917 -0.00395436 0.00265609 0.00866398 0.0140944 0.0189731 0.0233268 0.0271829 0.0305697 0.0335161 0.0360516 0.0382064 0.0400105 0.0414944 0.0426879 0.0436205 0.0443207 0.044816 0.0451322 0.0452936 0.0453223 0.0452386 0.0450601 0.0448025 0.0444788 0.0440995 0.0436731 0.0432055 0.0427005 0.0421601 0.0415842 0.0409711 0.0403177 0.0396194 0.0388707 0.038065 0.0371949 0.0362525 0.035229 0.0341157 0.0329032 0.031582 0.0301423 0.0285743 0.0268681 0.0250136 0.0230007 0.0208193 0.0184593 0.0159107 0.0131637 0.0102088 0.00703719 0.00364078 1.29077e-05 -0.00385132 -0.00795433 -0.0122954 -0.0168696 -0.0216672 -0.0266726 -0.0318633 -0.0372096 -0.0426735 -0.0482094 -0.0537637 -0.0592759 -0.0646801 -0.0699065 -0.0748838 -0.0795424 -0.0838163 -0.0876473 -0.090987 -0.0937999 -0.0960656 -0.09778 -0.0989568 -0.0996269 -0.0998375 -0.0996544 -0.0991655 -0.0984501 -0.0975924 -0.0966769 -0.0957851 -0.0949928 -0.0943678 -0.0939691 -0.0938464 -0.0940406 -0.0945853 -0.0955075 -0.0968297 -0.0985712 -0.10075 -0.103384 -0.106491 -0.110034 
0.0739799 0.0740573 0.0743284 0.0747943 0.0754568 0.0763182 0.0773822 0.0786528 0.0801353 0.0818358 0.0837616 0.085921 0.0883237 0.090981 0.0939053 0.0971114 0.100616 0.104437 0.108596 0.113119 0.118031 0.123366 0.12916 0.135454 0.142296 0.149742 0.157854 0.166708 0.176389 0.186997 0.198648 0.211478 0.225646 0.241335 0.258755 0.278146 0.299766 0.323878 0.350702 0.380309 0.412383 0.445708 0.477219 0.501896 0.521816 0.324475 0.167467 0.0393931 -0.0659694 -0.150495 -0.215987 -0.265024 -0.30038 -0.324513 -0.339493 -0.347765 -0.349306 -0.348563 -0.346055 -0.342291 -0.337804 -0.333192 -0.329046 -0.325967 -0.324476 -0.324957 -0.327613 -0.332385 -0.339009 -0.34692 -0.355351 -0.363436 -0.370297 -0.375149 -0.377383 -0.376602 -0.372634 -0.365517 -0.355457 -0.342791 -0.32793 -0.311326 -0.293431 -0.274671 -0.255431 -0.23604 -0.216774 -0.197854 -0.17945 -0.161689 -0.144661 -0.128427 -0.113023 -0.0984678 -0.084766 -0.0719122 -0.0598943 -0.0486948 -0.0382932 -0.0286665 -0.0197907 -0.0116402 -0.00418915 0.00258915 0.00872198 0.0142373 0.0191637 0.0235309 0.027369 0.0307095 0.0335843 0.0360261 0.0380683 0.0397444 0.0410881 0.0421325 0.0429104 0.0434533 0.0437916 0.0439538 0.0439665 0.0438541 0.0436384 0.0433388 0.0429717 0.0425511 0.0420881 0.0415911 0.0410661 0.0405166 0.0399439 0.0393475 0.0387247 0.0380717 0.037383 0.036652 0.0358712 0.0350325 0.0341269 0.0331451 0.0320775 0.0309143 0.0296456 0.0282613 0.0267514 0.025106 0.0233152 0.0213692 0.0192583 0.0169729 0.0145037 0.0118415 0.0089778 0.0059043 0.00261367 -0.000900271 -0.00464214 -0.0086144 -0.0128167 -0.0172451 -0.0218911 -0.0267411 -0.0317749 -0.0369655 -0.0422786 -0.0476717 -0.053095 -0.0584917 -0.0637992 -0.0689508 -0.0738781 -0.078513 -0.0827913 -0.0866551 -0.090056 -0.0929576 -0.0953385 -0.0971929 -0.0985326 -0.0993867 -0.0998007 -0.099837 -0.0995845 -0.0991214 -0.0985306 -0.0978958 -0.0972976 -0.0968111 -0.0965037 -0.096434 -0.0966518 -0.0971983 -0.0981077 -0.0994084 -0.101124 -0.103277 -0.105887 -0.108974 -0.112562 -0.116611 
0.0672468 0.0673231 0.0675908 0.0680507 0.0687045 0.0695545 0.070604 0.071857 0.0733183 0.0749937 0.07689 0.0790152 0.0813782 0.0839894 0.0868606 0.0900053 0.0934386 0.0971778 0.101242 0.105655 0.110439 0.115625 0.121244 0.127333 0.133934 0.141093 0.148865 0.157311 0.1665 0.176511 0.187432 0.199361 0.212405 0.226679 0.242295 0.259352 0.277907 0.297921 0.319156 0.340985 0.362041 0.379702 0.390026 0.393738 0.435406 0.21889 0.0816241 -0.02773 -0.118852 -0.191328 -0.246582 -0.287477 -0.316889 -0.337038 -0.348811 -0.350699 -0.354994 -0.354601 -0.352289 -0.348726 -0.344342 -0.339652 -0.335246 -0.33173 -0.329686 -0.329568 -0.331655 -0.335996 -0.342401 -0.350448 -0.35939 -0.368373 -0.376452 -0.382737 -0.386491 -0.387192 -0.384556 -0.378531 -0.369265 -0.357064 -0.342342 -0.32557 -0.30724 -0.287827 -0.267765 -0.247437 -0.227164 -0.207206 -0.187767 -0.168998 -0.151009 -0.133872 -0.117632 -0.102311 -0.0879144 -0.0744372 -0.0618648 -0.050177 -0.0393502 -0.0293581 -0.0201731 -0.0117667 -0.00410979 0.00282736 0.00907487 0.0146636 0.019625 0.0239916 0.0277968 0.031075 0.0338614 0.0361924 0.0381045 0.039635 0.0408211 0.0416995 0.0423065 0.0426768 0.0428439 0.0428391 0.0426916 0.0424279 0.0420718 0.0416438 0.0411619 0.0406404 0.0400911 0.0395224 0.0389401 0.0383475 0.0377452 0.0371318 0.036504 0.0358567 0.0351836 0.034477 0.0337285 0.0329289 0.0320683 0.0311366 0.0301236 0.0290188 0.0278118 0.0264923 0.0250501 0.0234753 0.0217581 0.0198889 0.0178586 0.0156581 0.0132787 0.0107119 0.00794982 0.00498497 0.00181061 -0.00157899 -0.00518823 -0.00901963 -0.0130733 -0.0173461 -0.0218311 -0.0265164 -0.0313842 -0.0364106 -0.0415641 -0.046806 -0.0520901 -0.0573632 -0.0625663 -0.0676357 -0.0725056 -0.0771102 -0.0813865 -0.0852774 -0.0887344 -0.0917207 -0.0942135 -0.0962059 -0.0977078 -0.0987467 -0.0993664 -0.0996259 -0.0996147 -0.0994097 -0.0990926 -0.0987456 -0.0984483 -0.0982746 -0.0982909 -0.098555 -0.0991163 -0.100016 -0.101289 -0.102964 -0.105066 -0.10762 -0.110648 -0.114173 -0.118221 -0.122752 
0.0603225 0.0603975 0.0606604 0.0611121 0.061754 0.0625885 0.0636183 0.0648473 0.0662799 0.0679214 0.0697781 0.0718571 0.0741667 0.0767162 0.0795164 0.0825793 0.0859183 0.0895488 0.093488 0.0977551 0.102372 0.107362 0.112752 0.118574 0.12486 0.131648 0.138979 0.146898 0.155453 0.164698 0.174684 0.185465 0.197084 0.20957 0.222917 0.237059 0.25181 0.266774 0.281161 0.293436 0.30057 0.296307 0.266851 0.182701 0.041004 0.034057 -0.0321314 -0.113085 -0.19038 -0.249384 -0.291537 -0.321411 -0.34266 -0.35794 -0.368013 -0.372537 -0.367391 -0.364122 -0.360796 -0.356778 -0.35206 -0.346979 -0.342058 -0.337888 -0.335073 -0.334128 -0.335405 -0.339042 -0.344933 -0.352716 -0.36177 -0.37125 -0.380181 -0.387597 -0.392655 -0.394722 -0.393405 -0.388556 -0.380248 -0.368738 -0.354415 -0.337754 -0.319264 -0.299457 -0.278809 -0.25775 -0.236644 -0.215793 -0.195436 -0.175753 -0.156874 -0.13889 -0.121855 -0.1058 -0.0907328 -0.0766502 -0.063537 -0.0513719 -0.0401287 -0.0297789 -0.0202921 -0.011637 -0.00378165 0.00330623 0.00965955 0.0153119 0.0202976 0.0246522 0.0284121 0.0316149 0.0342996 0.0365057 0.0382738 0.0396449 0.0406599 0.0413594 0.0417831 0.0419694 0.0419548 0.0417737 0.0414577 0.0410357 0.0405331 0.0399723 0.039372 0.0387475 0.0381108 0.0374704 0.0368321 0.0361984 0.0355694 0.034943 0.0343147 0.0336785 0.0330269 0.0323513 0.031642 0.0308888 0.030081 0.0292075 0.0282574 0.0272194 0.0260829 0.0248371 0.0234717 0.0219767 0.0203424 0.0185596 0.0166194 0.0145133 0.0122332 0.00977128 0.00712033 0.00427349 0.00122458 -0.00203175 -0.0054997 -0.00918195 -0.0130791 -0.0171889 -0.0215059 -0.0260198 -0.0307156 -0.0355717 -0.0405601 -0.0456455 -0.0507852 -0.0559295 -0.0610229 -0.0660048 -0.070812 -0.0753807 -0.0796494 -0.0835618 -0.0870694 -0.0901351 -0.0927351 -0.0948611 -0.0965218 -0.0977431 -0.0985672 -0.0990512 -0.0992824 -0.0993377 -0.0992972 -0.0992416 -0.0992487 -0.0993908 -0.0997328 -0.100331 -0.101235 -0.102485 -0.104115 -0.106156 -0.108634 -0.111574 -0.115001 -0.118942 -0.123424 -0.128408 
0.0532105 0.0532838 0.0535408 0.0539821 0.0546092 0.0554241 0.0564294 0.0576284 0.0590251 0.0606243 0.0624316 0.0644533 0.0666966 0.0691699 0.0718823 0.0748443 0.0780675 0.0815648 0.0853505 0.0894404 0.0938522 0.0986049 0.10372 0.109219 0.115127 0.12147 0.128275 0.135568 0.143376 0.15172 0.160616 0.170065 0.180045 0.190497 0.201295 0.21221 0.222831 0.232449 0.239839 0.242861 0.237728 0.217642 0.170837 0.0828653 -0.0284307 -0.0915352 -0.131122 -0.202098 -0.280201 -0.324292 -0.34877 -0.363972 -0.374399 -0.38405 -0.392764 -0.385308 -0.379562 -0.375351 -0.371179 -0.366448 -0.361047 -0.355223 -0.349458 -0.344343 -0.340484 -0.338411 -0.338565 -0.341173 -0.346209 -0.353384 -0.362153 -0.371749 -0.381196 -0.389455 -0.395598 -0.398893 -0.398848 -0.395222 -0.388004 -0.377387 -0.36372 -0.347456 -0.329107 -0.309201 -0.288247 -0.266711 -0.244998 -0.223448 -0.202335 -0.181872 -0.162214 -0.143469 -0.125709 -0.108972 -0.0932754 -0.0786186 -0.0649887 -0.0523643 -0.0407189 -0.0300223 -0.0202426 -0.0113464 -0.00329963 0.00393235 0.0103849 0.016094 0.0210969 0.025432 0.0291388 0.0322584 0.0348332 0.0369065 0.0385229 0.0397271 0.040564 0.041078 0.0413125 0.0413095 0.0411086 0.0407471 0.0402594 0.0396764 0.0390255 0.0383304 0.0376111 0.0368834 0.0361599 0.0354491 0.0347565 0.0340842 0.0334316 0.0327956 0.032171 0.0315506 0.0309257 0.0302866 0.0296226 0.0289222 0.0281739 0.0273656 0.0264857 0.0255222 0.0244639 0.0232998 0.0220193 0.0206123 0.0190693 0.0173812 0.0155396 0.0135365 0.0113642 0.00901557 0.00648399 0.00376318 0.000847421 -0.00226831 -0.00558813 -0.0091149 -0.0128498 -0.0167915 -0.0209359 -0.0252747 -0.0297949 -0.0344779 -0.0392987 -0.0442251 -0.049218 -0.054231 -0.0592119 -0.064103 -0.0688437 -0.0733723 -0.0776284 -0.0815566 -0.0851088 -0.0882474 -0.0909479 -0.0932012 -0.0950148 -0.0964132 -0.0974376 -0.0981436 -0.0986151 -0.0989296 -0.0991654 -0.099401 -0.0997123 -0.100169 -0.100835 -0.101765 -0.103006 -0.104598 -0.106576 -0.10897 -0.111808 -0.115115 -0.11892 -0.12325 -0.128136 -0.133538 
0.0459149 0.0459862 0.0462361 0.0466651 0.0472746 0.0480662 0.0490423 0.0502057 0.05156 0.0531091 0.054858 0.056812 0.0589774 0.0613609 0.0639704 0.0668144 0.0699022 0.0732442 0.0768516 0.0807364 0.0849117 0.0893911 0.0941889 0.0993198 0.104798 0.110638 0.11685 0.123443 0.130418 0.137768 0.14547 0.153476 0.161702 0.170008 0.178165 0.18581 0.192366 0.196923 0.19804 0.193426 0.179461 0.150585 0.0992205 0.0198359 -0.0734051 -0.147103 -0.198722 -0.283985 -0.404032 -0.418812 -0.415277 -0.41131 -0.406912 -0.411098 -0.40332 -0.396715 -0.391605 -0.387408 -0.382768 -0.377316 -0.371027 -0.36417 -0.357233 -0.350827 -0.345594 -0.342113 -0.340825 -0.342056 -0.345878 -0.352083 -0.360199 -0.369514 -0.379135 -0.387978 -0.395001 -0.399391 -0.400565 -0.398193 -0.392179 -0.382645 -0.369881 -0.354305 -0.336411 -0.316729 -0.295785 -0.274068 -0.252018 -0.230009 -0.208351 -0.187285 -0.166994 -0.14761 -0.129222 -0.111882 -0.0956176 -0.0804344 -0.0663241 -0.0532683 -0.0412415 -0.0302138 -0.0201527 -0.0110239 -0.00279198 0.00457938 0.0111275 0.0168908 0.0219089 0.0262229 0.0298758 0.0329119 0.0353771 0.0373186 0.0387847 0.0398241 0.0404855 0.040817 0.0408657 0.0406769 0.0402933 0.0397551 0.039099 0.0383583 0.0375621 0.0367356 0.0358998 0.0350715 0.0342634 0.0334845 0.0327397 0.0320311 0.0313574 0.0307147 0.0300967 0.0294953 0.0289007 0.0283021 0.0276876 0.0270448 0.026361 0.0256233 0.0248192 0.0239362 0.0229624 0.0218864 0.0206974 0.0193853 0.0179406 0.0163545 0.0146187 0.0127257 0.0106683 0.00843996 0.00603452 0.00344619 0.000669643 -0.00229995 -0.00546669 -0.00883374 -0.0124028 -0.0161737 -0.0201436 -0.024306 -0.0286502 -0.0331601 -0.0378135 -0.0425813 -0.0474277 -0.0523095 -0.0571773 -0.0619763 -0.0666482 -0.071133 -0.0753719 -0.0793102 -0.0829 -0.0861037 -0.0888965 -0.0912686 -0.0932267 -0.0947946 -0.0960124 -0.0969344 -0.0976413 -0.0982109 -0.0987191 -0.0992426 -0.0998543 -0.100622 -0.101606 -0.10286 -0.104429 -0.106352 -0.108664 -0.111395 -0.114572 -0.118224 -0.122379 -0.127068 -0.132324 -0.138105 
0.0384409 0.0385099 0.0387516 0.0391665 0.0397558 0.0405207 0.0414634 0.0425861 0.0438918 0.0453838 0.0470662 0.0489433 0.05102 0.0533019 0.055795 0.0585058 0.0614413 0.0646091 0.0680169 0.071673 0.0755854 0.0797621 0.0842106 0.0889372 0.0939461 0.0992387 0.104811 0.110654 0.116745 0.123048 0.129507 0.136029 0.142479 0.148651 0.154239 0.158791 0.161639 0.161793 0.157798 0.14753 0.127962 0.0950212 0.0440643 -0.0273862 -0.112065 -0.193294 -0.266387 -0.33109 -0.633129 -0.531647 -0.482218 -0.459078 -0.430841 -0.419397 -0.411973 -0.406924 -0.402953 -0.399256 -0.394529 -0.388492 -0.381265 -0.373206 -0.364858 -0.356881 -0.349968 -0.34476 -0.341772 -0.341333 -0.343607 -0.348495 -0.355604 -0.364289 -0.373702 -0.382861 -0.390576 -0.395939 -0.398284 -0.397192 -0.392488 -0.384213 -0.372593 -0.357993 -0.340877 -0.321758 -0.301163 -0.279595 -0.257517 -0.235332 -0.213378 -0.191927 -0.171191 -0.151326 -0.132439 -0.114602 -0.097854 -0.0822114 -0.067673 -0.0542257 -0.0418474 -0.0305106 -0.0201836 -0.0108326 -0.0024218 0.00508612 0.0117299 0.0175497 0.0225875 0.0268873 0.0304946 0.0334573 0.0358246 0.0376473 0.0389773 0.0398669 0.0403684 0.0405333 0.0404119 0.0400524 0.0395005 0.0387989 0.0379866 0.0370989 0.0361668 0.0352168 0.0342711 0.0333473 0.0324589 0.0316149 0.0308206 0.0300775 0.0293841 0.0287358 0.0281255 0.0275443 0.0269813 0.0264247 0.0258616 0.0252784 0.0246617 0.0239975 0.0232725 0.0224737 0.0215885 0.0206051 0.0195124 0.0183002 0.0169591 0.0154802 0.0138558 0.0120784 0.0101415 0.00803874 0.00576452 0.00331337 0.00068023 -0.00213962 -0.00515042 -0.00835567 -0.0117578 -0.0153576 -0.0191536 -0.023141 -0.0273113 -0.0316508 -0.0361398 -0.0407522 -0.0454548 -0.0502075 -0.0549636 -0.0596706 -0.0642723 -0.0687105 -0.0729276 -0.0768697 -0.0804893 -0.0837491 -0.0866241 -0.0891044 -0.0911966 -0.0929238 -0.0943256 -0.0954552 -0.0963899 -0.0972074 -0.0979817 -0.0987863 -0.0996916 -0.100762 -0.102056 -0.103623 -0.105507 -0.107747 -0.110375 -0.113422 -0.116916 -0.120886 -0.125361 -0.130374 -0.135961 -0.142077 
0.0307942 0.0308606 0.0310932 0.0314924 0.0320591 0.0327943 0.0336997 0.0347771 0.0360289 0.0374576 0.0390662 0.0408582 0.0428371 0.0450071 0.0473722 0.049937 0.052706 0.0556839 0.0588749 0.0622832 0.0659122 0.069764 0.0738392 0.0781359 0.0826487 0.087367 0.0922731 0.0973396 0.102525 0.107769 0.112984 0.118045 0.122775 0.126924 0.13014 0.131927 0.131592 0.128164 0.120309 0.106213 0.0835126 0.0493345 0.000733635 -0.0638946 -0.141866 -0.226297 -0.316108 -0.416917 -0.537166 -0.50524 -0.473864 -0.451857 -0.433261 -0.423171 -0.417912 -0.414955 -0.412496 -0.409559 -0.405067 -0.398649 -0.390571 -0.381301 -0.371459 -0.361773 -0.352999 -0.345845 -0.340901 -0.338581 -0.339071 -0.342352 -0.348145 -0.355883 -0.364778 -0.373895 -0.382124 -0.388352 -0.391821 -0.392034 -0.388735 -0.381885 -0.371636 -0.358294 -0.342275 -0.324064 -0.304172 -0.283105 -0.261337 -0.23929 -0.217327 -0.195748 -0.17479 -0.154635 -0.135413 -0.117213 -0.100092 -0.0840797 -0.0691842 -0.0554007 -0.0427131 -0.031098 -0.020527 -0.0109677 -0.00238527 0.00525767 0.0120006 0.0178851 0.022955 0.0272566 0.0308382 0.0337504 0.0360456 0.0377776 0.0390015 0.0397725 0.0401457 0.0401755 0.0399146 0.0394139 0.0387213 0.0378815 0.0369358 0.035921 0.0348698 0.0338104 0.0327662 0.0317558 0.0307934 0.0298888 0.0290475 0.0282713 0.0275583 0.0269036 0.0262999 0.0257372 0.0252043 0.0246881 0.024175 0.0236506 0.0231003 0.0225095 0.0218641 0.0211502 0.0203549 0.019466 0.0184719 0.0173624 0.0161278 0.0147596 0.0132499 0.0115918 0.00977879 0.00780509 0.00566521 0.00335397 0.000866413 -0.00180221 -0.00465636 -0.00770003 -0.0109364 -0.0143672 -0.0179924 -0.021809 -0.0258101 -0.0299844 -0.0343145 -0.0387767 -0.0433406 -0.0479683 -0.0526154 -0.0572316 -0.0617625 -0.0661514 -0.0703417 -0.0742805 -0.077921 -0.0812263 -0.0841718 -0.0867481 -0.0889617 -0.0908361 -0.0924103 -0.093737 -0.0948895 -0.0959456 -0.0969767 -0.0980533 -0.0992421 -0.100604 -0.102195 -0.104061 -0.106245 -0.108782 -0.111706 -0.115045 -0.11883 -0.123088 -0.12785 -0.133151 -0.139026 -0.145432 
0.0229813 0.0230448 0.0232675 0.0236495 0.0241916 0.0248945 0.0257593 0.0267874 0.0279806 0.0293405 0.0308693 0.0325693 0.0344427 0.0364921 0.0387198 0.0411282 0.0437194 0.0464951 0.0494562 0.0526028 0.0559336 0.0594451 0.0631316 0.0669834 0.0709858 0.0751178 0.0793491 0.0836375 0.0879244 0.0921294 0.0961428 0.0998151 0.102943 0.105253 0.106372 0.105802 0.102873 0.0967018 0.0861331 0.0697029 0.0456357 0.0119408 -0.0332835 -0.0911524 -0.160756 -0.238692 -0.321806 -0.404759 -0.467508 -0.470178 -0.456518 -0.442013 -0.430459 -0.424098 -0.421401 -0.42036 -0.419249 -0.41699 -0.412819 -0.406197 -0.397454 -0.387126 -0.375888 -0.364542 -0.353909 -0.344753 -0.337742 -0.333378 -0.331935 -0.333437 -0.337681 -0.344212 -0.352318 -0.361108 -0.369586 -0.376577 -0.381122 -0.382654 -0.380839 -0.37556 -0.366891 -0.35507 -0.340455 -0.323489 -0.304657 -0.284452 -0.263347 -0.241777 -0.220121 -0.198701 -0.177779 -0.157559 -0.138196 -0.119799 -0.102444 -0.0861759 -0.0710162 -0.0569703 -0.0440309 -0.0321809 -0.0213967 -0.0116492 -0.00290563 0.0048705 0.0117186 0.0176811 0.0228032 0.0271329 0.0307207 0.0336195 0.0358841 0.0375704 0.0387357 0.0394373 0.0397321 0.0396763 0.0393242 0.0387281 0.0379376 0.0369989 0.0359548 0.0348437 0.0336999 0.0325529 0.0314275 0.0303439 0.0293173 0.0283584 0.0274737 0.0266652 0.0259317 0.0252684 0.0246675 0.0241192 0.0236114 0.0231308 0.0226629 0.0221927 0.0217046 0.0211836 0.0206147 0.0199835 0.0192764 0.0184807 0.0175847 0.0165777 0.0154502 0.0141934 0.0127996 0.011262 0.00957431 0.00773083 0.00572625 0.00355546 0.00121345 -0.00130469 -0.00400381 -0.00688845 -0.0099626 -0.0132291 -0.0166892 -0.0203413 -0.0241804 -0.028197 -0.0323758 -0.0366953 -0.0411269 -0.0456349 -0.0501768 -0.054704 -0.0591636 -0.0635 -0.0676579 -0.0715853 -0.0752364 -0.0785751 -0.0815779 -0.084236 -0.0865571 -0.0885649 -0.0902984 -0.0918098 -0.0931683 -0.0944518 -0.0957283 -0.097065 -0.0985247 -0.100165 -0.102037 -0.104185 -0.106649 -0.109463 -0.112658 -0.116264 -0.12031 -0.124824 -0.129838 -0.135386 -0.141506 -0.148154 
0.0150092 0.0150697 0.0152817 0.0156454 0.016161 0.0168293 0.0176507 0.0186263 0.0197569 0.0210436 0.0224876 0.0240899 0.0258516 0.0277737 0.0298566 0.0321008 0.0345058 0.0370706 0.0397927 0.0426685 0.0456922 0.0488552 0.0521457 0.0555472 0.059037 0.0625847 0.0661496 0.0696775 0.0730965 0.0763118 0.0791983 0.0815917 0.0832765 0.0839708 0.0833075 0.0808115 0.0758733 0.0677229 0.0554078 0.0377891 0.0135747 -0.0185809 -0.0598655 -0.110923 -0.171206 -0.238326 -0.308192 -0.373392 -0.42001 -0.436482 -0.436596 -0.431165 -0.425816 -0.422972 -0.422357 -0.422636 -0.422361 -0.420456 -0.416351 -0.409598 -0.400364 -0.389224 -0.376886 -0.364149 -0.351865 -0.340843 -0.331826 -0.325414 -0.321961 -0.321595 -0.324171 -0.329315 -0.336422 -0.344675 -0.353135 -0.360724 -0.366276 -0.36912 -0.368845 -0.365254 -0.358344 -0.348278 -0.33535 -0.319948 -0.30252 -0.283534 -0.263453 -0.24271 -0.221694 -0.200745 -0.180141 -0.160112 -0.140832 -0.122435 -0.105013 -0.08863 -0.0733233 -0.0591111 -0.0459964 -0.0339708 -0.0230171 -0.0131111 -0.00422314 0.0036812 0.0106406 0.0166975 0.0218978 0.0262907 0.0299281 0.0328641 0.0351548 0.0368574 0.0380298 0.03873 0.0390154 0.0389425 0.0385659 0.0379383 0.0371098 0.0361274 0.0350345 0.0338709 0.032672 0.0314688 0.0302879 0.0291509 0.0280746 0.0270713 0.0261487 0.0253102 0.0245552 0.0238797 0.0232766 0.0227359 0.0222459 0.0217928 0.0213619 0.0209376 0.0205042 0.0200456 0.0195465 0.018992 0.0183678 0.017661 0.0168593 0.015952 0.014929 0.0137818 0.0125024 0.0110841 0.00952056 0.00780613 0.00593544 0.00390328 0.00170445 -0.000666342 -0.00321442 -0.00594501 -0.00886295 -0.0119722 -0.015275 -0.0187714 -0.0224578 -0.0263262 -0.0303631 -0.0345485 -0.0388555 -0.04325 -0.0476908 -0.0521307 -0.0565179 -0.060798 -0.0649169 -0.0688235 -0.0724734 -0.0758319 -0.0788772 -0.0816019 -0.0840151 -0.0861413 -0.08802 -0.0897025 -0.0912541 -0.0927518 -0.0942606 -0.0958434 -0.097559 -0.0994608 -0.101596 -0.104006 -0.106728 -0.109795 -0.113236 -0.117079 -0.121355 -0.126091 -0.131319 -0.137074 -0.143393 -0.150232 
0.00688553 0.00694282 0.00714359 0.00748785 0.00797574 0.00860747 0.00938331 0.0103036 0.0113686 0.0125786 0.0139337 0.0154341 0.0170795 0.0188692 0.0208023 0.0228768 0.0250902 0.0274387 0.0299169 0.0325175 0.0352307 0.0380434 0.0409384 0.0438932 0.0468784 0.0498562 0.0527774 0.0555789 0.0581795 0.0604751 0.0623322 0.0635806 0.0640034 0.0633257 0.0612009 0.0571964 0.050779 0.0413037 0.0280112 0.0100435 -0.0135105 -0.043525 -0.0806819 -0.125225 -0.176565 -0.232753 -0.290145 -0.342856 -0.382889 -0.405386 -0.414882 -0.417526 -0.417875 -0.418359 -0.419477 -0.420606 -0.420734 -0.418952 -0.414678 -0.407709 -0.398123 -0.386419 -0.373297 -0.35955 -0.346014 -0.333509 -0.322784 -0.314489 -0.309083 -0.306829 -0.307688 -0.311356 -0.317314 -0.324845 -0.333068 -0.341025 -0.347515 -0.351638 -0.352923 -0.3511 -0.346088 -0.337971 -0.326974 -0.313425 -0.29772 -0.280294 -0.261585 -0.24202 -0.221986 -0.201831 -0.181851 -0.16229 -0.143346 -0.12517 -0.107878 -0.0915493 -0.0762399 -0.0619821 -0.0487914 -0.0366694 -0.025607 -0.0155862 -0.00658159 0.00143851 0.00851111 0.014678 0.0199851 0.0244817 0.0282201 0.0312548 0.0336415 0.0354372 0.0366989 0.0374835 0.037847 0.0378445 0.0375293 0.0369529 0.0361645 0.0352107 0.034135 0.0329775 0.0317747 0.030559 0.0293585 0.0281968 0.0270927 0.0260605 0.0251099 0.0242462 0.0234705 0.0227802 0.0221691 0.0216285 0.0211468 0.0207108 0.020306 0.0199167 0.0195267 0.0191201 0.0186807 0.0181935 0.0176437 0.017018 0.0163038 0.0154899 0.0145662 0.0135237 0.0123545 0.0110515 0.00960837 0.00801923 0.0062785 0.00438067 0.00232013 9.11113e-05 -0.00231236 -0.00489628 -0.00766637 -0.0106276 -0.0137833 -0.0171347 -0.0206795 -0.0244108 -0.0283164 -0.0323774 -0.0365681 -0.0408553 -0.0451989 -0.0495525 -0.0538652 -0.0580838 -0.0621553 -0.0660301 -0.0696656 -0.0730291 -0.0761009 -0.078876 -0.0813652 -0.0835945 -0.0856035 -0.0874429 -0.0891735 -0.0908713 -0.0925974 -0.0944105 -0.0963648 -0.0985093 -0.100887 -0.103538 -0.106494 -0.109786 -0.113445 -0.117496 -0.121968 -0.12689 -0.132294 -0.138213 -0.144686 -0.151665 
-0.00138172 -0.00132776 -0.0011387 -0.000814625 -0.000355631 0.000238177 0.000966658 0.0018296 0.00282667 0.00395738 0.005221 0.0066165 0.0081424 0.0097967 0.0115767 0.0134786 0.0154979 0.017628 0.0198611 0.0221865 0.0245909 0.0270573 0.029564 0.0320836 0.0345813 0.0370135 0.0393251 0.041447 0.0432924 0.0447527 0.045692 0.0459414 0.0452915 0.043484 0.0402037 0.0350701 0.0276312 0.0173631 0.0036781 -0.0140512 -0.0364451 -0.0640392 -0.097169 -0.135801 -0.179289 -0.226041 -0.273273 -0.316952 -0.352459 -0.377055 -0.392042 -0.400536 -0.405524 -0.408974 -0.411652 -0.41343 -0.413729 -0.411901 -0.407477 -0.400264 -0.390376 -0.378315 -0.364713 -0.350316 -0.335921 -0.322326 -0.310286 -0.300466 -0.293383 -0.289363 -0.288506 -0.290651 -0.295374 -0.302042 -0.309867 -0.317969 -0.325237 -0.330549 -0.333364 -0.333338 -0.33031 -0.324288 -0.31542 -0.303966 -0.290266 -0.274709 -0.257702 -0.239651 -0.220936 -0.201905 -0.182861 -0.164064 -0.145727 -0.128021 -0.11108 -0.0950036 -0.0798636 -0.0657083 -0.0525667 -0.0404518 -0.0293634 -0.0192904 -0.0102127 -0.00210214 0.00507617 0.0113626 0.0168023 0.0214438 0.0253386 0.0285399 0.0311019 0.0330792 0.0345261 0.035496 0.0360418 0.0362148 0.036065 0.0356408 0.034989 0.0341541 0.0331787 0.0321025 0.0309623 0.0297916 0.0286201 0.0274734 0.026373 0.0253356 0.0243736 0.023495 0.0227032 0.0219979 0.021375 0.0208272 0.0203443 0.0199143 0.019523 0.0191554 0.0187956 0.0184275 0.0180351 0.0176028 0.0171159 0.0165604 0.0159237 0.0151942 0.0143614 0.013416 0.0123498 0.0111555 0.00982637 0.00835613 0.0067388 0.0049684 0.00303874 0.000943385 -0.00132438 -0.00377138 -0.00640423 -0.00922882 -0.0122495 -0.0154684 -0.018884 -0.0224903 -0.0262759 -0.0302224 -0.0343048 -0.0384904 -0.0427394 -0.0470064 -0.051241 -0.0553912 -0.0594053 -0.0632357 -0.0668421 -0.0701946 -0.0732764 -0.0760853 -0.0786343 -0.080951 -0.0830753 -0.0850571 -0.0869525 -0.088835 -0.0907622 -0.092788 -0.0949618 -0.0973283 -0.0999269 -0.102793 -0.105957 -0.109448 -0.113294 -0.11752 -0.122156 -0.127228 -0.132767 -0.138808 -0.145388 -0.152459 
-0.00978423 -0.0097337 -0.00955667 -0.00925334 -0.00882403 -0.00826914 -0.00758921 -0.00678495 -0.00585731 -0.00480751 -0.00363713 -0.00234821 -0.000943371 0.000574054 0.00219983 0.00392861 0.00575365 0.00766652 0.00965665 0.0117109 0.0138128 0.0159421 0.0180735 0.0201758 0.0222103 0.0241293 0.0258741 0.0273721 0.0285343 0.0292517 0.029391 0.0287901 0.0272531 0.024545 0.0203871 0.0144537 0.00637219 -0.00427236 -0.0179229 -0.0350245 -0.0559816 -0.0810948 -0.110475 -0.143932 -0.180822 -0.219881 -0.259105 -0.29584 -0.327303 -0.351717 -0.369207 -0.381174 -0.389333 -0.395031 -0.39897 -0.401256 -0.40162 -0.399667 -0.395078 -0.387728 -0.377734 -0.365449 -0.35157 -0.336804 -0.321885 -0.30756 -0.294558 -0.283541 -0.27506 -0.26951 -0.267081 -0.267723 -0.271143 -0.276833 -0.284085 -0.292095 -0.299957 -0.306321 -0.310577 -0.312314 -0.311295 -0.30745 -0.300848 -0.291677 -0.280213 -0.266792 -0.251781 -0.235555 -0.218479 -0.200893 -0.183101 -0.16537 -0.147927 -0.130959 -0.114615 -0.0990135 -0.0842429 -0.0703669 -0.0574281 -0.045451 -0.034445 -0.0244062 -0.0153199 -0.00716163 0.000100683 0.00650559 0.0120965 0.0169205 0.0210267 0.0244656 0.0272876 0.029543 0.0312808 0.032549 0.0333943 0.0338622 0.033997 0.0338418 0.0334391 0.0328299 0.0320542 0.0311502 0.0301543 0.0291006 0.0280203 0.026941 0.025887 0.0248781 0.02393 0.023054 0.0222569 0.0215415 0.0209064 0.0203469 0.019855 0.0194203 0.0190302 0.0186706 0.0183264 0.017982 0.0176216 0.0172297 0.0167916 0.0162931 0.0157214 0.0150644 0.0143114 0.0134528 0.0124799 0.0113849 0.0101606 0.00880016 0.00729705 0.00564457 0.00383581 0.00186354 -0.000279802 -0.0026019 -0.00511023 -0.00781147 -0.0107108 -0.0138107 -0.0171105 -0.0206044 -0.0242812 -0.0281227 -0.0321038 -0.0361919 -0.0403476 -0.0445255 -0.0486763 -0.0527489 -0.0566937 -0.0604656 -0.0640273 -0.0673522 -0.0704273 -0.0732535 -0.0758465 -0.0782354 -0.0804603 -0.0825695 -0.0846162 -0.086667 -0.0887777 -0.0909971 -0.0933697 -0.0959357 -0.0987304 -0.101786 -0.10513 -0.108791 -0.112794 -0.117164 -0.121927 -0.127113 -0.132749 -0.13887 -0.145512 -0.152625 
-0.0183134 -0.0182664 -0.0181016 -0.0178194 -0.0174202 -0.0169048 -0.0162741 -0.0155292 -0.0146718 -0.0137036 -0.0126271 -0.0114452 -0.0101616 -0.00878085 -0.00730852 -0.00575147 -0.00411815 -0.00241887 -0.000666271 0.00112423 0.0029338 0.00473951 0.00651343 0.00822159 0.00982273 0.0112668 0.0124931 0.0134283 0.0139841 0.0140541 0.0135113 0.0122043 0.00995476 0.00655393 0.00176135 -0.0046952 -0.0131164 -0.0238229 -0.0371402 -0.0533735 -0.0727717 -0.0954782 -0.121469 -0.15048 -0.181924 -0.214809 -0.247713 -0.278881 -0.306558 -0.329517 -0.347481 -0.360964 -0.37083 -0.377882 -0.382623 -0.385213 -0.385553 -0.383434 -0.378676 -0.371228 -0.361226 -0.349 -0.335054 -0.320074 -0.304849 -0.290053 -0.276366 -0.264427 -0.254796 -0.24791 -0.244038 -0.243239 -0.245341 -0.249949 -0.256476 -0.264203 -0.272342 -0.279558 -0.285092 -0.288482 -0.289422 -0.287761 -0.283491 -0.276724 -0.267666 -0.256593 -0.243824 -0.229698 -0.214553 -0.198713 -0.182478 -0.166116 -0.14986 -0.13391 -0.118428 -0.103548 -0.0893736 -0.075982 -0.0634286 -0.051749 -0.0409612 -0.0310681 -0.02206 -0.0139161 -0.00660698 -9.65134e-05 0.0056563 0.0106954 0.0150663 0.0188142 0.0219839 0.0246183 0.0267589 0.0284451 0.0297152 0.030606 0.0311538 0.0313946 0.0313642 0.0310984 0.0306333 0.0300044 0.0292468 0.0283943 0.0274793 0.0265315 0.0255778 0.0246415 0.0237422 0.0228951 0.0221111 0.0213969 0.0207548 0.0201836 0.0196783 0.019231 0.0188312 0.0184668 0.018124 0.017788 0.017444 0.0170769 0.016672 0.0162155 0.0156941 0.0150957 0.0144093 0.0136247 0.0127327 0.0117251 0.0105939 0.00933165 0.00793099 0.00638439 0.00468408 0.00282192 0.000789477 -0.00142177 -0.00382006 -0.00641269 -0.00920527 -0.0122007 -0.0153982 -0.0187919 -0.0223703 -0.0261149 -0.03 -0.0339927 -0.0380536 -0.0421376 -0.0461962 -0.0501801 -0.0540421 -0.0577401 -0.0612406 -0.0645215 -0.0675736 -0.0704016 -0.0730238 -0.0754706 -0.0777818 -0.0800041 -0.0821875 -0.0843898 -0.0866655 -0.0890582 -0.0916075 -0.0943489 -0.0973143 -0.100532 -0.104029 -0.107829 -0.111958 -0.116438 -0.121296 -0.126558 -0.132253 -0.138413 -0.145073 -0.15218 
-0.0269606 -0.0269171 -0.0267646 -0.0265036 -0.0261347 -0.025659 -0.0250777 -0.0243924 -0.0236051 -0.0227184 -0.0217354 -0.0206598 -0.0194964 -0.0182506 -0.0169293 -0.0155406 -0.0140944 -0.0126025 -0.0110794 -0.00954227 -0.00801169 -0.00651255 -0.0050746 -0.00373353 -0.002532 -0.00152099 -0.000761243 -0.000325003 -0.00029786 -0.000780791 -0.00189226 -0.00377023 -0.00657386 -0.0104845 -0.0157056 -0.02246 -0.0309854 -0.0415243 -0.0543093 -0.0695412 -0.08736 -0.107808 -0.130786 -0.15601 -0.182967 -0.210885 -0.238738 -0.26534 -0.289524 -0.310416 -0.327632 -0.341257 -0.351649 -0.359217 -0.36426 -0.366898 -0.367108 -0.364788 -0.35986 -0.352335 -0.342367 -0.330263 -0.316477 -0.301576 -0.286171 -0.27106 -0.256864 -0.244195 -0.233596 -0.225526 -0.220312 -0.218105 -0.218849 -0.222273 -0.227912 -0.235145 -0.243276 -0.251028 -0.257579 -0.26242 -0.265179 -0.265626 -0.263671 -0.259349 -0.252793 -0.244214 -0.233876 -0.222073 -0.20911 -0.195289 -0.180896 -0.166194 -0.151418 -0.136773 -0.122431 -0.108538 -0.0952075 -0.0825299 -0.0705705 -0.0593734 -0.0489634 -0.0393488 -0.0305238 -0.0224706 -0.0151625 -0.00856644 -0.00264514 0.0026404 0.00732926 0.0114591 0.0150656 0.0181817 0.0208379 0.0230626 0.0248828 0.0263246 0.027414 0.0281778 0.0286438 0.028841 0.0288003 0.0285533 0.028133 0.0275723 0.0269039 0.0261594 0.0253682 0.0245572 0.02375 0.0229663 0.0222216 0.0215272 0.02089 0.0203128 0.0197945 0.0193307 0.0189139 0.0185343 0.0181803 0.0178388 0.017496 0.0171379 0.0167504 0.0163197 0.0158328 0.0152776 0.0146426 0.0139172 0.0130919 0.0121575 0.0111054 0.00992732 0.00861495 0.00715983 0.00555324 0.0037861 0.00184911 -0.00026702 -0.00257109 -0.00507079 -0.00777185 -0.0106771 -0.0137852 -0.0170898 -0.0205785 -0.024232 -0.0280237 -0.0319203 -0.0358819 -0.0398642 -0.0438199 -0.0477019 -0.0514659 -0.055074 -0.0584973 -0.0617183 -0.0647324 -0.0675481 -0.070186 -0.0726776 -0.0750618 -0.077383 -0.0796877 -0.0820246 -0.084446 -0.0869906 -0.0896932 -0.0925851 -0.0956946 -0.0990472 -0.102667 -0.106577 -0.1108 -0.115358 -0.120276 -0.12558 -0.131297 -0.137456 -0.144091 -0.151149 
-0.035717 -0.035677 -0.0355368 -0.0352969 -0.0349583 -0.034522 -0.0339898 -0.0333635 -0.0326458 -0.0318396 -0.0309488 -0.0299779 -0.0289322 -0.0278184 -0.0266441 -0.0254186 -0.0241531 -0.0228606 -0.0215567 -0.0202601 -0.0189926 -0.0177803 -0.0166541 -0.0156505 -0.0148123 -0.0141904 -0.013844 -0.0138429 -0.0142681 -0.0152137 -0.0167878 -0.0191139 -0.0223314 -0.0265951 -0.0320739 -0.0389472 -0.047399 -0.0576087 -0.0697373 -0.0839093 -0.10019 -0.11856 -0.138884 -0.160886 -0.184128 -0.208005 -0.231763 -0.254565 -0.275601 -0.294222 -0.310049 -0.322972 -0.333075 -0.340516 -0.345428 -0.347873 -0.347842 -0.345291 -0.340199 -0.332619 -0.322712 -0.310765 -0.297182 -0.282464 -0.267179 -0.251945 -0.237351 -0.224087 -0.212646 -0.203501 -0.197014 -0.19341 -0.192739 -0.194852 -0.19941 -0.205911 -0.213739 -0.221638 -0.228854 -0.234852 -0.239194 -0.241576 -0.241828 -0.239904 -0.235862 -0.229845 -0.222056 -0.212739 -0.202159 -0.190588 -0.178292 -0.165522 -0.152506 -0.139449 -0.12653 -0.113897 -0.101673 -0.0899554 -0.0788144 -0.0682996 -0.0584397 -0.0492459 -0.0407146 -0.0328305 -0.0255702 -0.0189048 -0.0128034 -0.00723473 -0.00216963 0.00241826 0.0065518 0.0102505 0.0135308 0.0164075 0.0188939 0.0210036 0.022751 0.0241524 0.0252268 0.0259956 0.0264835 0.0267178 0.0267283 0.0265466 0.0262052 0.0257367 0.025173 0.0245442 0.0238777 0.0231979 0.0225251 0.0218756 0.0212614 0.0206901 0.020165 0.0196859 0.019249 0.0188478 0.0184731 0.0181144 0.0177595 0.0173957 0.01701 0.0165893 0.0161209 0.0155925 0.0149927 0.0143106 0.0135358 0.0126586 0.0116697 0.0105597 0.00931942 0.00793938 0.00640987 0.00472093 0.00286248 0.000824646 -0.00140171 -0.00382435 -0.00644873 -0.00927706 -0.0123072 -0.0155317 -0.0189367 -0.0225018 -0.0261995 -0.0299956 -0.0338504 -0.0377202 -0.0415598 -0.0453249 -0.0489752 -0.0524776 -0.0558084 -0.0589554 -0.0619184 -0.0647096 -0.0673516 -0.069876 -0.0723205 -0.0747264 -0.0771361 -0.0795913 -0.082138 -0.0848122 -0.0876439 -0.0906605 -0.093887 -0.0973462 -0.10106 -0.105049 -0.109336 -0.11394 -0.118886 -0.124197 -0.129899 -0.136021 -0.142592 -0.14956 
-0.0445739 -0.0445373 -0.0444092 -0.0441903 -0.0438814 -0.0434841 -0.0430002 -0.042432 -0.0417825 -0.0410552 -0.0402545 -0.0393855 -0.0384543 -0.0374681 -0.0364357 -0.035367 -0.0342741 -0.0331711 -0.0320744 -0.0310036 -0.0299813 -0.0290344 -0.028194 -0.0274965 -0.0269843 -0.0267069 -0.0267212 -0.027093 -0.0278979 -0.0292218 -0.031162 -0.0338271 -0.0373372 -0.0418224 -0.0474205 -0.0542737 -0.0625216 -0.0722935 -0.083696 -0.0967995 -0.11162 -0.128101 -0.146094 -0.165345 -0.185485 -0.206033 -0.22642 -0.246031 -0.264275 -0.280655 -0.294826 -0.306606 -0.315935 -0.322826 -0.327304 -0.329373 -0.329016 -0.326214 -0.320975 -0.31337 -0.30356 -0.291807 -0.278469 -0.263992 -0.248883 -0.233688 -0.218961 -0.205262 -0.19309 -0.182973 -0.17528 -0.170294 -0.168153 -0.168827 -0.172105 -0.177606 -0.184761 -0.192392 -0.19988 -0.206663 -0.212258 -0.216306 -0.218559 -0.21889 -0.217283 -0.21381 -0.208609 -0.201871 -0.193813 -0.184672 -0.174686 -0.164085 -0.153087 -0.141888 -0.130664 -0.119562 -0.108705 -0.098191 -0.0880912 -0.0784549 -0.0693107 -0.0606698 -0.0525298 -0.044878 -0.0376954 -0.0309605 -0.0246519 -0.0187509 -0.0132424 -0.00811608 -0.00336588 0.0010105 0.0050128 0.00863945 0.011889 0.0147613 0.0172589 0.0193875 0.0211569 0.0225814 0.0236795 0.024474 0.0249915 0.0252615 0.0253161 0.0251885 0.0249122 0.0245199 0.0240428 0.0235092 0.0229443 0.0223693 0.0218014 0.0212531 0.020733 0.0202451 0.0197902 0.0193652 0.0189645 0.0185803 0.0182028 0.017821 0.0174233 0.0169977 0.0165321 0.0160145 0.0154333 0.0147775 0.0140363 0.0131991 0.0122559 0.0111965 0.0100105 0.0086877 0.00721734 0.0055887 0.00379114 0.00181446 -0.000350515 -0.0027112 -0.00527236 -0.00803516 -0.0109961 -0.0141462 -0.01747 -0.0209457 -0.0245446 -0.0282322 -0.0319691 -0.0357132 -0.0394217 -0.0430542 -0.0465754 -0.0499574 -0.0531824 -0.0562433 -0.0591447 -0.0619014 -0.0645375 -0.0670841 -0.0695767 -0.072053 -0.0745509 -0.0771072 -0.0797585 -0.0825391 -0.0854752 -0.0885905 -0.0919067 -0.0954444 -0.0992234 -0.103263 -0.107583 -0.112203 -0.117144 -0.12243 -0.128084 -0.134132 -0.140603 -0.147442 
-0.0535225 -0.0534894 -0.0533732 -0.0531747 -0.052895 -0.0525357 -0.052099 -0.0515874 -0.0510043 -0.0503537 -0.0496402 -0.0488696 -0.0480485 -0.0471849 -0.0462878 -0.0453682 -0.0444387 -0.043514 -0.0426111 -0.0417501 -0.040954 -0.0402497 -0.039668 -0.0392448 -0.0390212 -0.0390444 -0.0393682 -0.0400539 -0.0411707 -0.0427961 -0.0450161 -0.0479251 -0.0516248 -0.0562231 -0.0618309 -0.0685587 -0.0765102 -0.0857756 -0.0964213 -0.108479 -0.121934 -0.136709 -0.152657 -0.169548 -0.187071 -0.204841 -0.222415 -0.239325 -0.255119 -0.269406 -0.28188 -0.292338 -0.300657 -0.30677 -0.310636 -0.312222 -0.311497 -0.308447 -0.30309 -0.295503 -0.285836 -0.274324 -0.261284 -0.247109 -0.232245 -0.21718 -0.202418 -0.188462 -0.175795 -0.164875 -0.156088 -0.149784 -0.146165 -0.145311 -0.147142 -0.151411 -0.157376 -0.164347 -0.171706 -0.178877 -0.185342 -0.190699 -0.194645 -0.196993 -0.197649 -0.196611 -0.193954 -0.189808 -0.184342 -0.177748 -0.170231 -0.161993 -0.153232 -0.144128 -0.134843 -0.125516 -0.116263 -0.107172 -0.0983098 -0.0897195 -0.0814258 -0.0734378 -0.0657537 -0.0583648 -0.0512599 -0.0444287 -0.0378646 -0.0315662 -0.0255383 -0.0197911 -0.0143395 -0.00920169 -0.00439722 5.47752e-05 0.00413718 0.00783635 0.0111431 0.0140538 0.0165701 0.0187 0.0204569 0.0218599 0.0229326 0.0237029 0.0242019 0.0244631 0.0245209 0.0244102 0.0241647 0.0238163 0.0233943 0.0229244 0.0224286 0.0219245 0.0214253 0.0209402 0.0204741 0.0200282 0.0196007 0.0191869 0.0187798 0.0183708 0.0179499 0.0175065 0.0170295 0.0165074 0.0159288 0.0152826 0.0145576 0.0137428 0.0128273 0.0118 0.0106498 0.00936563 0.007936 0.00634963 0.00459558 0.00266365 0.000545052 -0.00176686 -0.00427572 -0.00698116 -0.00987799 -0.0129553 -0.0161961 -0.0195768 -0.0230682 -0.0266355 -0.0302406 -0.0338436 -0.0374053 -0.04089 -0.0442678 -0.047517 -0.0506256 -0.0535915 -0.0564232 -0.0591378 -0.0617597 -0.0643187 -0.0668475 -0.0693798 -0.0719489 -0.0745865 -0.0773223 -0.0801861 -0.0832016 -0.0863893 -0.0897683 -0.0933569 -0.0971729 -0.101234 -0.105558 -0.110164 -0.115072 -0.120302 -0.125876 -0.131819 -0.138155 -0.144831 
-0.0625545 -0.0625246 -0.06242 -0.0622414 -0.06199 -0.0616677 -0.0612766 -0.0608198 -0.0603008 -0.0597238 -0.0590941 -0.0584177 -0.0577018 -0.0569545 -0.0561857 -0.0554066 -0.0546302 -0.0538716 -0.0531482 -0.05248 -0.0518902 -0.0514051 -0.051055 -0.0508744 -0.0509026 -0.0511841 -0.051769 -0.0527136 -0.0540803 -0.0559382 -0.0583623 -0.0614334 -0.0652369 -0.0698608 -0.0753929 -0.0819175 -0.0895099 -0.0982299 -0.108115 -0.11917 -0.13136 -0.1446 -0.158749 -0.173602 -0.188899 -0.204324 -0.219524 -0.234131 -0.24779 -0.260178 -0.271033 -0.28015 -0.287385 -0.292632 -0.295817 -0.296882 -0.295786 -0.292512 -0.287081 -0.279563 -0.270095 -0.258883 -0.246204 -0.2324 -0.217865 -0.20303 -0.188346 -0.17427 -0.161247 -0.149705 -0.140033 -0.132574 -0.127585 -0.125207 -0.125429 -0.128049 -0.132623 -0.138611 -0.145449 -0.152585 -0.159509 -0.165786 -0.171065 -0.175105 -0.177755 -0.178955 -0.178712 -0.17709 -0.174206 -0.170204 -0.165248 -0.159505 -0.153142 -0.146314 -0.139162 -0.131804 -0.124338 -0.116838 -0.109356 -0.101925 -0.0945634 -0.0872769 -0.0800657 -0.0729281 -0.065865 -0.0588826 -0.0519947 -0.0452229 -0.0385966 -0.032151 -0.0259255 -0.0199611 -0.014298 -0.00897361 -0.00402038 0.000535259 0.00467399 0.008384 0.0116611 0.0145085 0.0169362 0.0189609 0.0206044 0.0218935 0.0228588 0.0235337 0.0239532 0.0241534 0.0241699 0.0240373 0.0237878 0.0234509 0.0230526 0.0226149 0.0221555 0.021688 0.0212218 0.0207625 0.0203119 0.0198688 0.0194294 0.0189876 0.0185356 0.0180644 0.0175641 0.0170241 0.0164334 0.0157811 0.0150557 0.0142458 0.0133401 0.0123268 0.0111943 0.00993055 0.00852393 0.00696287 0.00523648 0.00333499 0.00125043 -0.00102263 -0.00348623 -0.00613818 -0.00897126 -0.0119726 -0.0151235 -0.0183994 -0.0217704 -0.0252028 -0.0286602 -0.0321061 -0.0355057 -0.0388289 -0.0420519 -0.045159 -0.0481437 -0.0510088 -0.0537655 -0.0564322 -0.0590329 -0.0615952 -0.0641483 -0.0667218 -0.0693444 -0.0720428 -0.0748422 -0.0777658 -0.0808359 -0.0840703 -0.0874857 -0.0910984 -0.0949243 -0.0989796 -0.103281 -0.107845 -0.112691 -0.117836 -0.123302 -0.129109 -0.135281 -0.141763 
-0.0716616 -0.0716349 -0.0715414 -0.071382 -0.0711579 -0.070871 -0.0705238 -0.0701195 -0.0696618 -0.0691552 -0.0686053 -0.0680183 -0.0674018 -0.0667642 -0.0661157 -0.0654677 -0.0648334 -0.0642282 -0.0636693 -0.0631766 -0.0627728 -0.0624836 -0.0623381 -0.0623692 -0.062614 -0.0631137 -0.0639146 -0.0650676 -0.0666284 -0.0686578 -0.0712205 -0.0743849 -0.0782216 -0.0828014 -0.0881929 -0.0944589 -0.101652 -0.10981 -0.118947 -0.129053 -0.140079 -0.15194 -0.164502 -0.177587 -0.190972 -0.204397 -0.217575 -0.230208 -0.242007 -0.252706 -0.262073 -0.269918 -0.276092 -0.280477 -0.282982 -0.283539 -0.282099 -0.278643 -0.273188 -0.265797 -0.256588 -0.245739 -0.23349 -0.220137 -0.206023 -0.191527 -0.17705 -0.163002 -0.149789 -0.137804 -0.127417 -0.11896 -0.112707 -0.108848 -0.107448 -0.108414 -0.111475 -0.116232 -0.122215 -0.128925 -0.135883 -0.142652 -0.148865 -0.15424 -0.15857 -0.161735 -0.163687 -0.164439 -0.164046 -0.1626 -0.160217 -0.157021 -0.153139 -0.148692 -0.143786 -0.138511 -0.132937 -0.127116 -0.12108 -0.11485 -0.108434 -0.101837 -0.0950642 -0.0881247 -0.0810365 -0.0738279 -0.0665383 -0.059217 -0.0519219 -0.0447162 -0.0376657 -0.0308354 -0.0242865 -0.0180741 -0.0122452 -0.00683737 -0.0018784 0.00261386 0.00663119 0.0101742 0.0132516 0.015879 0.018078 0.0198754 0.0213018 0.0223908 0.023178 0.0237 0.0239938 0.0240953 0.024039 0.0238568 0.0235776 0.023227 0.0228265 0.0223935 0.0219413 0.0214795 0.0210136 0.0205459 0.0200757 0.0195997 0.0191124 0.0186068 0.0180744 0.0175058 0.0168907 0.0162184 0.0154777 0.0146571 0.0137448 0.0127288 0.0115972 0.0103377 0.00893852 0.00738836 0.00567684 0.00379507 0.00173636 -0.000503123 -0.00292349 -0.00552047 -0.00828477 -0.0112017 -0.0142512 -0.0174081 -0.020643 -0.0239238 -0.0272172 -0.0304908 -0.0337152 -0.0368662 -0.0399263 -0.0428858 -0.045743 -0.0485043 -0.0511829 -0.0537974 -0.0563705 -0.0589269 -0.0614923 -0.0640918 -0.0667495 -0.0694881 -0.0723284 -0.0752896 -0.07839 -0.081646 -0.0850723 -0.0886833 -0.0924933 -0.096517 -0.100769 -0.105266 -0.110023 -0.115058 -0.120389 -0.126034 -0.132014 -0.138275 
-0.0808358 -0.0808121 -0.0807293 -0.0805882 -0.0803902 -0.0801372 -0.0798319 -0.0794775 -0.0790779 -0.0786381 -0.0781634 -0.0776607 -0.0771373 -0.0766022 -0.0760655 -0.0755388 -0.0750354 -0.0745703 -0.0741607 -0.073826 -0.0735881 -0.0734718 -0.0735047 -0.0737179 -0.0741458 -0.0748265 -0.0758018 -0.0771175 -0.0788229 -0.0809707 -0.0836161 -0.0868164 -0.0906292 -0.0951108 -0.100313 -0.106283 -0.113054 -0.120647 -0.129063 -0.138277 -0.148238 -0.158858 -0.170018 -0.181559 -0.193291 -0.204996 -0.216437 -0.227369 -0.237551 -0.246758 -0.254789 -0.26147 -0.266658 -0.270235 -0.272105 -0.272196 -0.270459 -0.266872 -0.261447 -0.254238 -0.245344 -0.234919 -0.223168 -0.210345 -0.196746 -0.182702 -0.168567 -0.154706 -0.141485 -0.129261 -0.118377 -0.109147 -0.101844 -0.0966838 -0.0937915 -0.0931714 -0.0946854 -0.0980654 -0.102947 -0.108914 -0.115535 -0.122399 -0.129139 -0.135451 -0.141098 -0.145911 -0.14979 -0.152692 -0.154618 -0.155606 -0.155717 -0.155026 -0.153611 -0.151548 -0.148901 -0.145721 -0.142046 -0.137896 -0.133285 -0.128215 -0.12269 -0.116713 -0.110299 -0.103473 -0.0962752 -0.0887599 -0.080996 -0.0730634 -0.0650506 -0.0570498 -0.0491536 -0.0414505 -0.0340217 -0.0269387 -0.0202612 -0.0140362 -0.00829814 -0.00306887 0.00164123 0.00583207 0.00951258 0.0126992 0.0154147 0.0176868 0.019547 0.0210296 0.0221709 0.0230082 0.0235788 0.0239196 0.0240661 0.0240518 0.0239075 0.023661 0.0233365 0.0229545 0.0225316 0.0220805 0.0216101 0.021126 0.0206304 0.0201228 0.0196002 0.0190575 0.018488 0.0178836 0.0172349 0.016532 0.015764 0.0149197 0.0139873 0.012955 0.0118107 0.0105425 0.00913909 0.00758967 0.00588491 0.00401726 0.00198169 -0.000223695 -0.00259691 -0.00513159 -0.00781654 -0.0106357 -0.0135681 -0.0165891 -0.0196706 -0.0227831 -0.0258973 -0.0289859 -0.0320254 -0.0349976 -0.037891 -0.0407011 -0.0434303 -0.0460873 -0.0486863 -0.0512451 -0.0537842 -0.0563253 -0.0588901 -0.0614998 -0.0641744 -0.0669324 -0.0697912 -0.0727668 -0.0758742 -0.0791277 -0.0825405 -0.0861255 -0.0898954 -0.0938633 -0.0980427 -0.102448 -0.107093 -0.111993 -0.117165 -0.122625 -0.128389 -0.134405 
-0.0900695 -0.0900488 -0.0899761 -0.0898523 -0.089679 -0.0894581 -0.0891924 -0.0888851 -0.0885404 -0.0881631 -0.0877591 -0.0873349 -0.0868982 -0.086458 -0.0860244 -0.0856089 -0.0852246 -0.0848863 -0.0846107 -0.0844166 -0.084325 -0.0843594 -0.0845458 -0.084913 -0.0854929 -0.0863201 -0.0874323 -0.08887 -0.0906764 -0.0928968 -0.0955779 -0.098767 -0.10251 -0.106852 -0.111831 -0.11748 -0.123819 -0.130857 -0.138583 -0.146966 -0.155952 -0.165457 -0.175372 -0.185558 -0.195852 -0.206068 -0.216008 -0.225466 -0.234241 -0.242139 -0.248986 -0.254625 -0.258924 -0.261769 -0.263069 -0.262754 -0.260774 -0.257108 -0.251763 -0.244783 -0.236254 -0.226306 -0.215111 -0.202888 -0.189891 -0.176406 -0.162744 -0.149228 -0.136184 -0.123936 -0.112796 -0.103055 -0.0949776 -0.0887852 -0.0846383 -0.0826103 -0.0826648 -0.0846493 -0.0883105 -0.0933232 -0.0993257 -0.105951 -0.112855 -0.119731 -0.126324 -0.132435 -0.137922 -0.14269 -0.146688 -0.1499 -0.15233 -0.153997 -0.154926 -0.155138 -0.15465 -0.153468 -0.15159 -0.149008 -0.145711 -0.141687 -0.136935 -0.131465 -0.125301 -0.11849 -0.111097 -0.103205 -0.0949144 -0.0863359 -0.0775886 -0.0687929 -0.0600665 -0.0515196 -0.0432513 -0.0353474 -0.027878 -0.0208979 -0.014446 -0.0085465 -0.00321048 0.00156272 0.00578353 0.00947039 0.0126481 0.0153463 0.0175981 0.0194393 0.0209069 0.0220389 0.0228729 0.0234462 0.0237948 0.0239526 0.0239515 0.0238205 0.0235855 0.0232689 0.0228897 0.0224632 0.0220009 0.021511 0.0209987 0.0204657 0.0199115 0.019333 0.0187254 0.018082 0.0173948 0.0166546 0.0158515 0.0149747 0.0140131 0.0129552 0.0117895 0.010505 0.0090909 0.00753783 0.00583781 0.00398503 0.00197637 -0.000187967 -0.00250394 -0.00496332 -0.00755349 -0.0102576 -0.0130549 -0.0159218 -0.0188329 -0.0217623 -0.0246854 -0.0275804 -0.0304297 -0.033221 -0.0359481 -0.0386105 -0.0412136 -0.0437674 -0.0462859 -0.0487853 -0.0512837 -0.0537993 -0.0563502 -0.0589539 -0.0616266 -0.0643835 -0.0672389 -0.0702062 -0.0732979 -0.0765261 -0.0799026 -0.0834387 -0.0871458 -0.0910355 -0.0951199 -0.0994113 -0.103923 -0.108667 -0.113659 -0.118912 -0.124441 -0.130192 
-0.0993555 -0.0993375 -0.0992743 -0.099167 -0.0990169 -0.0988262 -0.0985975 -0.0983344 -0.0980409 -0.097722 -0.0973835 -0.0970321 -0.0966754 -0.0963222 -0.0959827 -0.0956682 -0.0953913 -0.0951666 -0.0950101 -0.0949397 -0.0949754 -0.0951391 -0.0954553 -0.0959505 -0.0966536 -0.097596 -0.0988113 -0.100335 -0.102205 -0.104459 -0.107136 -0.110276 -0.113915 -0.118086 -0.122818 -0.128132 -0.134038 -0.140536 -0.147609 -0.15522 -0.163316 -0.171817 -0.180625 -0.189618 -0.198652 -0.207572 -0.216208 -0.224386 -0.231934 -0.238686 -0.244491 -0.249209 -0.252719 -0.254918 -0.255721 -0.255061 -0.252893 -0.249194 -0.243971 -0.23726 -0.229132 -0.219698 -0.209104 -0.197535 -0.185211 -0.172378 -0.159305 -0.146278 -0.133586 -0.12152 -0.110363 -0.100383 -0.091827 -0.0849127 -0.0798148 -0.0766473 -0.0754442 -0.0761457 -0.0785995 -0.0825757 -0.0877922 -0.0939418 -0.100717 -0.10783 -0.115024 -0.122083 -0.128832 -0.135137 -0.140899 -0.146047 -0.150529 -0.154307 -0.157347 -0.159614 -0.161074 -0.161685 -0.161407 -0.160201 -0.158033 -0.154884 -0.150747 -0.145642 -0.13961 -0.132718 -0.125058 -0.116743 -0.107903 -0.0986792 -0.0892184 -0.0796664 -0.0701632 -0.0608375 -0.0518035 -0.0431584 -0.0349808 -0.0273305 -0.0202495 -0.0137631 -0.00788159 -0.00260291 0.00208569 0.00620519 0.009783 0.0128511 0.0154448 0.0176013 0.0193589 0.0207561 0.021831 0.0226211 0.0231621 0.0234883 0.0236315 0.0236213 0.0234843 0.023244 0.0229207 0.0225314 0.0220898 0.021606 0.0210873 0.0205379 0.0199591 0.0193499 0.0187073 0.0180263 0.0173001 0.016521 0.01568 0.0147674 0.0137729 0.0126861 0.0114965 0.0101942 0.00876984 0.00721559 0.00552527 0.00369499 0.00172369 -0.000386442 -0.00262959 -0.00499616 -0.00747278 -0.0100427 -0.0126864 -0.0153824 -0.0181087 -0.0208438 -0.0235683 -0.026266 -0.0289248 -0.0315375 -0.0341021 -0.0366211 -0.0391015 -0.0415537 -0.0439905 -0.0464263 -0.0488762 -0.0513553 -0.0538784 -0.0564594 -0.0591117 -0.0618475 -0.0646785 -0.0676158 -0.07067 -0.0738514 -0.0771701 -0.0806361 -0.0842595 -0.0880504 -0.0920196 -0.0961777 -0.100536 -0.105106 -0.109899 -0.114927 -0.120203 -0.125673 
-0.108687 -0.108671 -0.108617 -0.108525 -0.108397 -0.108234 -0.10804 -0.107818 -0.107572 -0.107307 -0.107029 -0.106744 -0.106461 -0.106187 -0.105932 -0.105708 -0.105528 -0.105403 -0.105351 -0.105388 -0.105533 -0.105806 -0.10623 -0.106829 -0.107629 -0.108659 -0.109947 -0.111526 -0.113426 -0.115681 -0.118323 -0.121382 -0.124889 -0.128867 -0.133337 -0.13831 -0.143791 -0.14977 -0.156227 -0.163124 -0.170407 -0.178004 -0.185824 -0.19376 -0.201688 -0.209473 -0.21697 -0.224032 -0.230509 -0.23626 -0.241151 -0.245061 -0.24788 -0.249516 -0.249892 -0.248947 -0.246639 -0.242949 -0.23788 -0.231464 -0.223761 -0.214863 -0.204897 -0.194019 -0.182417 -0.170304 -0.157913 -0.145495 -0.133306 -0.121606 -0.110649 -0.100682 -0.0919323 -0.0846072 -0.0788823 -0.074891 -0.0727093 -0.0723433 -0.0737224 -0.0767035 -0.0810853 -0.086628 -0.0930742 -0.100166 -0.107661 -0.115338 -0.123003 -0.130492 -0.137663 -0.144397 -0.150588 -0.156142 -0.160967 -0.164974 -0.168077 -0.17019 -0.171236 -0.171149 -0.169877 -0.167392 -0.163692 -0.158806 -0.152791 -0.145739 -0.137766 -0.129012 -0.119636 -0.109805 -0.0996897 -0.0894574 -0.0792661 -0.0692595 -0.0595634 -0.0502833 -0.0415034 -0.0332871 -0.0256775 -0.0186998 -0.0123631 -0.00666322 -0.00158487 0.00289557 0.00680811 0.0101871 0.0130699 0.0154953 0.0175027 0.0191313 0.0204196 0.0214049 0.0221228 0.0226073 0.0228899 0.023 0.0229643 0.0228066 0.0225481 0.0222064 0.0217967 0.0213305 0.0208166 0.0202611 0.0196671 0.0190354 0.0183647 0.0176516 0.0168909 0.0160764 0.0152004 0.0142545 0.01323 0.0121176 0.0109084 0.00959397 0.00816688 0.00662104 0.00495223 0.00315858 0.00124089 -0.000796956 -0.0029479 -0.00520167 -0.00754501 -0.00996222 -0.0124358 -0.0149474 -0.017479 -0.0200139 -0.0225377 -0.0250394 -0.0275117 -0.0299515 -0.0323597 -0.0347408 -0.0371023 -0.0394539 -0.041807 -0.0441737 -0.0465664 -0.0489972 -0.051478 -0.0540199 -0.0566336 -0.0593289 -0.0621154 -0.0650024 -0.0679987 -0.071113 -0.074354 -0.0777304 -0.0812509 -0.0849244 -0.0887602 -0.0927673 -0.0969555 -0.101334 -0.105913 -0.110702 -0.11571 -0.120885 
-0.118057 -0.118044 -0.117998 -0.117921 -0.117812 -0.117676 -0.117514 -0.117329 -0.117127 -0.116911 -0.116688 -0.116464 -0.116247 -0.116044 -0.115866 -0.115723 -0.115627 -0.115591 -0.115629 -0.115758 -0.115995 -0.116358 -0.116869 -0.11755 -0.118423 -0.119515 -0.12085 -0.122456 -0.124359 -0.126588 -0.129168 -0.132124 -0.135478 -0.139248 -0.143446 -0.148079 -0.153145 -0.158629 -0.164509 -0.170745 -0.177287 -0.184067 -0.191003 -0.198002 -0.204954 -0.211742 -0.218242 -0.224327 -0.229868 -0.234743 -0.238836 -0.242039 -0.244257 -0.245406 -0.245419 -0.244242 -0.241837 -0.238187 -0.233296 -0.227189 -0.21992 -0.211567 -0.202237 -0.192066 -0.181214 -0.169863 -0.158219 -0.146499 -0.134929 -0.123743 -0.113169 -0.10343 -0.0947362 -0.0872817 -0.081236 -0.0767376 -0.0738844 -0.072723 -0.0732414 -0.075366 -0.0789679 -0.0838736 -0.0898805 -0.0967709 -0.104325 -0.112328 -0.120581 -0.128895 -0.137097 -0.145027 -0.152531 -0.159464 -0.165682 -0.171046 -0.175423 -0.17869 -0.180736 -0.181474 -0.180838 -0.178798 -0.175355 -0.17055 -0.164459 -0.157192 -0.148889 -0.139716 -0.129852 -0.119487 -0.10881 -0.0980059 -0.0872454 -0.076683 -0.0664523 -0.056664 -0.0474056 -0.0387418 -0.0307157 -0.0233515 -0.0166564 -0.0106241 -0.00523696 -0.000468935 0.0037122 0.00734283 0.0104619 0.0131094 0.0153257 0.0171506 0.0186225 0.0197787 0.0206543 0.0212828 0.0216953 0.0219205 0.0219848 0.021912 0.0217231 0.0214364 0.0210674 0.0206289 0.0201306 0.0195798 0.0189814 0.0183376 0.0176486 0.0169126 0.0161263 0.0152849 0.0143823 0.0134118 0.0123663 0.0112382 0.0100204 0.00870644 0.00729069 0.00576905 0.00413925 0.00240119 0.000557237 -0.00138761 -0.0034257 -0.00554689 -0.00773891 -0.0099879 -0.0122792 -0.014598 -0.0169305 -0.0192646 -0.0215907 -0.0239021 -0.0261952 -0.0284699 -0.0307289 -0.0329775 -0.0352229 -0.0374738 -0.0397398 -0.0420307 -0.0443564 -0.0467266 -0.0491505 -0.051637 -0.0541945 -0.0568309 -0.0595542 -0.0623718 -0.0652912 -0.0683198 -0.0714649 -0.0747339 -0.0781342 -0.0816735 -0.0853596 -0.0892002 -0.0932033 -0.0973767 -0.101728 -0.106265 -0.110994 -0.115864 
-0.127461 -0.12745 -0.127412 -0.127347 -0.127257 -0.127145 -0.127012 -0.126862 -0.126699 -0.126529 -0.126355 -0.126186 -0.126028 -0.125889 -0.125778 -0.125706 -0.125684 -0.125723 -0.125839 -0.126045 -0.126358 -0.126794 -0.127374 -0.128116 -0.129042 -0.130173 -0.131532 -0.133142 -0.135025 -0.137205 -0.139702 -0.142536 -0.145722 -0.149274 -0.153198 -0.157496 -0.16216 -0.167175 -0.172515 -0.178141 -0.184006 -0.190048 -0.196193 -0.202356 -0.208444 -0.214353 -0.219977 -0.225205 -0.229927 -0.234035 -0.23743 -0.240017 -0.241713 -0.242445 -0.242152 -0.240787 -0.23832 -0.234734 -0.230033 -0.224241 -0.217404 -0.209589 -0.20089 -0.191422 -0.181324 -0.170754 -0.15989 -0.148923 -0.138053 -0.127488 -0.117433 -0.10809 -0.0996536 -0.092302 -0.0861963 -0.0814729 -0.0782382 -0.0765608 -0.0764649 -0.0779268 -0.0808739 -0.0851907 -0.0907266 -0.097306 -0.104738 -0.112825 -0.121366 -0.130162 -0.139019 -0.147742 -0.15614 -0.164024 -0.171209 -0.177513 -0.182766 -0.186812 -0.189518 -0.190778 -0.190521 -0.188713 -0.185365 -0.180527 -0.17429 -0.166785 -0.158169 -0.148626 -0.138354 -0.127558 -0.116442 -0.105199 -0.0940112 -0.083038 -0.0724172 -0.0622619 -0.0526604 -0.0436769 -0.0353534 -0.0277122 -0.0207589 -0.014485 -0.00887071 -0.00388831 0.000496061 0.00432014 0.00762385 0.010448 0.0128333 0.0148196 0.0164452 0.017747 0.0187596 0.0195156 0.0200455 0.0203774 0.020537 0.0205475 0.0204299 0.0202022 0.0198804 0.0194775 0.0190042 0.0184688 0.0178771 0.0172328 0.0165374 0.0157909 0.0149913 0.0141357 0.0132196 0.0122383 0.0111862 0.0100579 0.00884812 0.0075523 0.00616681 0.0046894 0.00311946 0.00145831 -0.000290665 -0.00212198 -0.00402812 -0.00599984 -0.00802654 -0.0100968 -0.0121991 -0.0143225 -0.0164571 -0.0185949 -0.0207303 -0.0228598 -0.0249826 -0.0271005 -0.0292169 -0.0313372 -0.0334679 -0.0356164 -0.0377904 -0.0399977 -0.042246 -0.0445429 -0.0468956 -0.0493109 -0.0517956 -0.054356 -0.0569985 -0.0597293 -0.0625545 -0.0654803 -0.0685128 -0.0716583 -0.0749229 -0.0783131 -0.0818352 -0.0854957 -0.0893009 -0.093257 -0.0973698 -0.101645 -0.106086 -0.110646 
-0.136892 -0.136883 -0.136852 -0.136799 -0.136726 -0.136635 -0.136529 -0.13641 -0.136284 -0.136153 -0.136025 -0.135904 -0.135799 -0.135716 -0.135664 -0.135653 -0.135694 -0.135798 -0.135978 -0.136248 -0.136622 -0.137116 -0.137747 -0.138533 -0.139491 -0.140642 -0.142005 -0.143599 -0.145443 -0.147556 -0.149954 -0.152651 -0.155661 -0.158989 -0.16264 -0.16661 -0.170889 -0.17546 -0.180296 -0.18536 -0.190607 -0.19598 -0.201414 -0.206832 -0.212152 -0.217284 -0.222135 -0.22661 -0.230612 -0.234049 -0.236834 -0.238885 -0.240129 -0.240502 -0.239952 -0.238439 -0.235936 -0.23243 -0.227925 -0.222445 -0.216027 -0.208734 -0.200645 -0.191861 -0.182503 -0.172708 -0.162631 -0.15244 -0.142314 -0.132434 -0.122989 -0.11416 -0.106125 -0.0990503 -0.0930856 -0.0883624 -0.0849878 -0.0830401 -0.0825638 -0.0835658 -0.086013 -0.0898337 -0.0949207 -0.101137 -0.108322 -0.116296 -0.124869 -0.133837 -0.142992 -0.152118 -0.160997 -0.169409 -0.177135 -0.183963 -0.189696 -0.194156 -0.197192 -0.198689 -0.198572 -0.196811 -0.193421 -0.188465 -0.182047 -0.17431 -0.165426 -0.155592 -0.145018 -0.133917 -0.122502 -0.110973 -0.0995134 -0.0882862 -0.0774294 -0.0670554 -0.0572511 -0.048079 -0.039579 -0.0317715 -0.0246598 -0.018234 -0.0124728 -0.00734739 -0.00282304 0.0011385 0.00457746 0.00753467 0.0100506 0.0121648 0.0139151 0.0153374 0.0164658 0.0173321 0.0179656 0.0183938 0.0186415 0.0187314 0.0186838 0.0185169 0.0182462 0.0178852 0.017445 0.0169345 0.0163605 0.0157278 0.0150392 0.014296 0.0134981 0.0126437 0.0117307 0.0107557 0.00971526 0.0086058 0.00742397 0.00616701 0.00483305 0.00342139 0.0019327 0.0003692 -0.0012653 -0.00296545 -0.00472453 -0.00653474 -0.0083876 -0.0102744 -0.0121869 -0.0141174 -0.0160597 -0.0180092 -0.019963 -0.0219203 -0.0238818 -0.0258502 -0.0278293 -0.0298239 -0.0318395 -0.0338822 -0.035958 -0.0380729 -0.040233 -0.0424441 -0.0447115 -0.0470408 -0.0494372 -0.0519058 -0.0544515 -0.0570795 -0.0597948 -0.0626024 -0.0655074 -0.068515 -0.07163 -0.0748578 -0.0782035 -0.0816722 -0.0852688 -0.0889979 -0.0928636 -0.0968694 -0.101018 -0.105262 
-0.146346 -0.146339 -0.146314 -0.146272 -0.146214 -0.146143 -0.14606 -0.14597 -0.145875 -0.145781 -0.145692 -0.145614 -0.145554 -0.14552 -0.145519 -0.145561 -0.145656 -0.145813 -0.146046 -0.146366 -0.146788 -0.147324 -0.147991 -0.148805 -0.14978 -0.150934 -0.152284 -0.153845 -0.155634 -0.157664 -0.15995 -0.162502 -0.165327 -0.168431 -0.171811 -0.175463 -0.179375 -0.183528 -0.187894 -0.19244 -0.197123 -0.20189 -0.206683 -0.211434 -0.21607 -0.220513 -0.224681 -0.228491 -0.231861 -0.23471 -0.236962 -0.238545 -0.239398 -0.239464 -0.238699 -0.237068 -0.234549 -0.231133 -0.226825 -0.221645 -0.215629 -0.208831 -0.201323 -0.193191 -0.184542 -0.175496 -0.16619 -0.156771 -0.147397 -0.138232 -0.129443 -0.121196 -0.113654 -0.10697 -0.101283 -0.0967191 -0.0933819 -0.0913523 -0.0906841 -0.091401 -0.0934939 -0.0969204 -0.101605 -0.107441 -0.114295 -0.122008 -0.130398 -0.139269 -0.148405 -0.157581 -0.166562 -0.175107 -0.182979 -0.189947 -0.195796 -0.200335 -0.203406 -0.20489 -0.204713 -0.202847 -0.199317 -0.194192 -0.187586 -0.179652 -0.17057 -0.160545 -0.149792 -0.138528 -0.126968 -0.115312 -0.103744 -0.092423 -0.0814857 -0.0710412 -0.0611731 -0.0519411 -0.0433825 -0.0355155 -0.0283417 -0.0218499 -0.0160183 -0.0108176 -0.00621316 -0.00216699 0.00136061 0.0044098 0.00702029 0.00923063 0.0110777 0.0125966 0.0138201 0.0147791 0.015502 0.0160151 0.0163425 0.0165062 0.016526 0.0164195 0.0162023 0.0158877 0.0154872 0.0150103 0.0144643 0.0138551 0.0131867 0.0124616 0.011681 0.0108451 0.00995294 0.00900321 0.00799412 0.00692384 0.00579072 0.00459359 0.00333198 0.00200633 0.000618091 -0.000830129 -0.00233464 -0.00389076 -0.00549298 -0.00713529 -0.00881148 -0.0105155 -0.0122419 -0.0139861 -0.0157446 -0.0175152 -0.0192973 -0.0210914 -0.0228994 -0.024724 -0.0265689 -0.0284383 -0.0303367 -0.0322688 -0.0342393 -0.0362528 -0.0383138 -0.0404268 -0.042596 -0.0448254 -0.0471192 -0.0494814 -0.0519159 -0.0544267 -0.0570179 -0.0596935 -0.0624577 -0.0653144 -0.0682677 -0.0713216 -0.0744802 -0.0777473 -0.0811264 -0.0846208 -0.0882329 -0.0919645 -0.0958165 -0.099743 
-0.155819 -0.155813 -0.155794 -0.155761 -0.155717 -0.155663 -0.155601 -0.155536 -0.155469 -0.155406 -0.155352 -0.155312 -0.155292 -0.155299 -0.155342 -0.155428 -0.155566 -0.155767 -0.156042 -0.156401 -0.156858 -0.157424 -0.158113 -0.158939 -0.159916 -0.161059 -0.162381 -0.163895 -0.165616 -0.167553 -0.169717 -0.172116 -0.174754 -0.177633 -0.180749 -0.184095 -0.187657 -0.191416 -0.195347 -0.199415 -0.203581 -0.207798 -0.212012 -0.216165 -0.22019 -0.22402 -0.227583 -0.230807 -0.23362 -0.235951 -0.237736 -0.238912 -0.239425 -0.239229 -0.238283 -0.23656 -0.234041 -0.230719 -0.226602 -0.221707 -0.216069 -0.209736 -0.20277 -0.19525 -0.187268 -0.178932 -0.170362 -0.161687 -0.153048 -0.144592 -0.136469 -0.12883 -0.121823 -0.115589 -0.110258 -0.105948 -0.102759 -0.10077 -0.100037 -0.100593 -0.102441 -0.105555 -0.109881 -0.115332 -0.121797 -0.129131 -0.137169 -0.14572 -0.154571 -0.163494 -0.172249 -0.180587 -0.188263 -0.195038 -0.200691 -0.205027 -0.207889 -0.209158 -0.208763 -0.206684 -0.20295 -0.197637 -0.190866 -0.182793 -0.173604 -0.163502 -0.152703 -0.141424 -0.129876 -0.118253 -0.106736 -0.0954779 -0.0846099 -0.0742362 -0.064436 -0.0552653 -0.0467583 -0.0389313 -0.0317847 -0.0253066 -0.0194753 -0.014262 -0.00963276 -0.00555085 -0.00197779 0.00112524 0.00379656 0.00607333 0.0079911 0.00958355 0.0108823 0.011917 0.0127149 0.0133013 0.0136996 0.0139307 0.0140139 0.0139664 0.0138036 0.0135387 0.0131833 0.0127474 0.0122389 0.0116644 0.011029 0.0103362 0.00958864 0.00878776 0.00793427 0.0070283 0.00606959 0.00505782 0.00399271 0.00287431 0.00170314 0.000480331 -0.000792319 -0.0021123 -0.00347644 -0.00488104 -0.00632206 -0.0077953 -0.0092967 -0.0108225 -0.0123698 -0.0139361 -0.0155201 -0.0171214 -0.0187406 -0.0203791 -0.0220392 -0.0237236 -0.0254356 -0.0271785 -0.0289561 -0.0307718 -0.0326294 -0.0345323 -0.0364838 -0.0384873 -0.0405459 -0.0426628 -0.0448411 -0.0470837 -0.0493939 -0.0517747 -0.0542292 -0.0567606 -0.0593721 -0.0620667 -0.0648477 -0.0677178 -0.0706802 -0.0737375 -0.076892 -0.0801457 -0.0834996 -0.086954 -0.090508 -0.0941181 
-0.165305 -0.165301 -0.165287 -0.165263 -0.16523 -0.165192 -0.165149 -0.165105 -0.165063 -0.165027 -0.165003 -0.164995 -0.165008 -0.165051 -0.165129 -0.165251 -0.165425 -0.16566 -0.165966 -0.166354 -0.166834 -0.167418 -0.168117 -0.168943 -0.16991 -0.171028 -0.17231 -0.173766 -0.175408 -0.177243 -0.179279 -0.18152 -0.18397 -0.186627 -0.189486 -0.192538 -0.195769 -0.199158 -0.202682 -0.20631 -0.210003 -0.21372 -0.217412 -0.221026 -0.224505 -0.227788 -0.230814 -0.233518 -0.235838 -0.237715 -0.239089 -0.23991 -0.240129 -0.239706 -0.238609 -0.236813 -0.234304 -0.231079 -0.227143 -0.222516 -0.217228 -0.211324 -0.204859 -0.197904 -0.190542 -0.182865 -0.174982 -0.167007 -0.159065 -0.151289 -0.143812 -0.136771 -0.130301 -0.124532 -0.119585 -0.115569 -0.112578 -0.11069 -0.109959 -0.110421 -0.112083 -0.11493 -0.118917 -0.123973 -0.129997 -0.136861 -0.14441 -0.152463 -0.160813 -0.16924 -0.177503 -0.185359 -0.192563 -0.198878 -0.204088 -0.208002 -0.210467 -0.211372 -0.210651 -0.208292 -0.204327 -0.198838 -0.191948 -0.183813 -0.174616 -0.164559 -0.153851 -0.142702 -0.131316 -0.119879 -0.108563 -0.0975123 -0.0868512 -0.0766771 -0.0670641 -0.0580638 -0.0497077 -0.04201 -0.0349707 -0.0285777 -0.0228101 -0.0176405 -0.0130365 -0.00896318 -0.005384 -0.00226207 0.000439027 0.00275463 0.0047186 0.00636303 0.00771809 0.00881199 0.00967092 0.0103191 0.0107788 0.0110704 0.0112124 0.0112215 0.0111129 0.0108997 0.0105937 0.0102049 0.00974199 0.00921208 0.00862103 0.00797351 0.00727309 0.00652248 0.0057236 0.00487785 0.00398623 0.00304954 0.00206855 0.00104413 -2.2617e-05 -0.00113026 -0.00227704 -0.00346084 -0.00467927 -0.00592976 -0.00720969 -0.00851656 -0.00984813 -0.0112026 -0.0125787 -0.0139759 -0.0153943 -0.0168345 -0.0182979 -0.0197863 -0.0213021 -0.0228479 -0.0244262 -0.0260401 -0.0276922 -0.0293854 -0.0311224 -0.0329057 -0.0347378 -0.0366212 -0.0385582 -0.0405511 -0.0426021 -0.0447136 -0.0468878 -0.0491271 -0.0514338 -0.0538102 -0.0562586 -0.0587814 -0.0613809 -0.0640588 -0.0668174 -0.0696582 -0.0725826 -0.0755913 -0.0786841 -0.08186 -0.0851168 -0.088413 
-0.174802 -0.174799 -0.174789 -0.174773 -0.174751 -0.174725 -0.174699 -0.174673 -0.174653 -0.17464 -0.174641 -0.17466 -0.174702 -0.174773 -0.17488 -0.17503 -0.175232 -0.175492 -0.175821 -0.176227 -0.17672 -0.177311 -0.178009 -0.178825 -0.17977 -0.180853 -0.182084 -0.183473 -0.185027 -0.186753 -0.188656 -0.190739 -0.193001 -0.19544 -0.19805 -0.200821 -0.203738 -0.206781 -0.209927 -0.213148 -0.216408 -0.219669 -0.222888 -0.226017 -0.229005 -0.2318 -0.234346 -0.236589 -0.238474 -0.239948 -0.240962 -0.241471 -0.241434 -0.240817 -0.239591 -0.237739 -0.235248 -0.232116 -0.228351 -0.223971 -0.219005 -0.213493 -0.207486 -0.201047 -0.194249 -0.187176 -0.179923 -0.172593 -0.165296 -0.158151 -0.151279 -0.144802 -0.138843 -0.13352 -0.128945 -0.125219 -0.12243 -0.120651 -0.119936 -0.120318 -0.121806 -0.12439 -0.128029 -0.13266 -0.138191 -0.144504 -0.151454 -0.158868 -0.166553 -0.174295 -0.181866 -0.189032 -0.195557 -0.201216 -0.205803 -0.209138 -0.211079 -0.211524 -0.210416 -0.207748 -0.203558 -0.197929 -0.190982 -0.18287 -0.173772 -0.163879 -0.153393 -0.142511 -0.131425 -0.120312 -0.109329 -0.0986141 -0.0882801 -0.0784178 -0.0690951 -0.0603594 -0.0522396 -0.0447485 -0.0378856 -0.0316397 -0.0259913 -0.0209148 -0.0163802 -0.012355 -0.00880499 -0.00569579 -0.00299327 -0.000664245 0.00132317 0.00299926 0.00439259 0.00552993 0.00643619 0.00713448 0.00764612 0.00799069 0.0081861 0.00824863 0.00819297 0.0080323 0.00777834 0.00744138 0.00703039 0.00655305 0.00601589 0.00542434 0.00478287 0.00409512 0.003364 0.00259187 0.00178063 0.000931902 4.71205e-05 -0.000872357 -0.00182517 -0.00280991 -0.0038251 -0.0048692 -0.00594067 -0.00703803 -0.00815996 -0.00930536 -0.0104735 -0.011664 -0.0128769 -0.0141128 -0.0153728 -0.0166582 -0.0179708 -0.0193126 -0.0206858 -0.0220927 -0.0235356 -0.0250168 -0.0265384 -0.0281027 -0.0297116 -0.031367 -0.0330706 -0.0348243 -0.0366296 -0.0384882 -0.0404017 -0.0423716 -0.0443996 -0.0464874 -0.0486364 -0.0508484 -0.0531249 -0.0554674 -0.0578775 -0.0603562 -0.0629048 -0.0655239 -0.068214 -0.0709748 -0.0738051 -0.0767029 -0.0796645 -0.0826514 
-0.184307 -0.184305 -0.184298 -0.184288 -0.184275 -0.184261 -0.184248 -0.184239 -0.184236 -0.184243 -0.184265 -0.184306 -0.18437 -0.184464 -0.184594 -0.184766 -0.184987 -0.185265 -0.185608 -0.186023 -0.186521 -0.187109 -0.187797 -0.188593 -0.189506 -0.190545 -0.191718 -0.193031 -0.194491 -0.196103 -0.19787 -0.199793 -0.20187 -0.204097 -0.206467 -0.208969 -0.211589 -0.214308 -0.217103 -0.219947 -0.22281 -0.225655 -0.228444 -0.231134 -0.233681 -0.236038 -0.238156 -0.239988 -0.241486 -0.242605 -0.243302 -0.243537 -0.243276 -0.24249 -0.241157 -0.239259 -0.236789 -0.233747 -0.23014 -0.225986 -0.221313 -0.216156 -0.210563 -0.204589 -0.1983 -0.191772 -0.185089 -0.178342 -0.17163 -0.165058 -0.158734 -0.152769 -0.147273 -0.142354 -0.138113 -0.134643 -0.132027 -0.130331 -0.129606 -0.129883 -0.131173 -0.133462 -0.136717 -0.140876 -0.145854 -0.151539 -0.157796 -0.164463 -0.171357 -0.17828 -0.185016 -0.191346 -0.197052 -0.201924 -0.205773 -0.208434 -0.209778 -0.209715 -0.208199 -0.205227 -0.200842 -0.195125 -0.188195 -0.180196 -0.171298 -0.161682 -0.151534 -0.141039 -0.130373 -0.1197 -0.109164 -0.0988903 -0.0889831 -0.0795248 -0.0705773 -0.0621838 -0.0543708 -0.04715 -0.0405212 -0.0344745 -0.0289923 -0.0240513 -0.0196245 -0.0156819 -0.0121924 -0.00912431 -0.0064461 -0.00412698 -0.00213725 -0.000448551 0.000965946 0.00213149 0.00307169 0.00380853 0.00436237 0.00475203 0.00499478 0.00510643 0.00510136 0.0049926 0.00479182 0.00450946 0.00415475 0.00373576 0.00325951 0.00273203 0.00215843 0.00154305 0.000889506 0.000200818 -0.000520492 -0.0012723 -0.00205281 -0.00286046 -0.00369389 -0.00455189 -0.0054334 -0.00633752 -0.00726352 -0.00821089 -0.00917937 -0.010169 -0.0111801 -0.0122134 -0.0132698 -0.0143508 -0.0154579 -0.0165929 -0.0177577 -0.0189545 -0.0201852 -0.021452 -0.0227567 -0.0241012 -0.0254873 -0.0269165 -0.0283903 -0.0299101 -0.0314771 -0.0330924 -0.0347571 -0.0364724 -0.0382392 -0.0400585 -0.0419313 -0.0438587 -0.0458416 -0.0478809 -0.0499778 -0.0521329 -0.0543471 -0.0566208 -0.0589543 -0.0613478 -0.0638007 -0.066312 -0.0688797 -0.0715007 -0.0741708 -0.0768538 
-0.193816 -0.193815 -0.193812 -0.193807 -0.193801 -0.193797 -0.193795 -0.193799 -0.193811 -0.193834 -0.193873 -0.193931 -0.194013 -0.194124 -0.19427 -0.194457 -0.194692 -0.19498 -0.195329 -0.195747 -0.19624 -0.196817 -0.197486 -0.198253 -0.199127 -0.200115 -0.201222 -0.202454 -0.203816 -0.20531 -0.20694 -0.208703 -0.210597 -0.212618 -0.214757 -0.217004 -0.219343 -0.221758 -0.224226 -0.226723 -0.22922 -0.231685 -0.234083 -0.236376 -0.238525 -0.240488 -0.242223 -0.243687 -0.244841 -0.245644 -0.246059 -0.246054 -0.245597 -0.244665 -0.243238 -0.241305 -0.238858 -0.235899 -0.232437 -0.228488 -0.224078 -0.219241 -0.214018 -0.20846 -0.202626 -0.196584 -0.190408 -0.18418 -0.177987 -0.171924 -0.166085 -0.160571 -0.15548 -0.150908 -0.146948 -0.143683 -0.141189 -0.139527 -0.138744 -0.138867 -0.139907 -0.141852 -0.144666 -0.148294 -0.152653 -0.157639 -0.163124 -0.168959 -0.174974 -0.180983 -0.18679 -0.192195 -0.196997 -0.201008 -0.204058 -0.205999 -0.206719 -0.206141 -0.204228 -0.200982 -0.196449 -0.190707 -0.183867 -0.176067 -0.167463 -0.158219 -0.148509 -0.138499 -0.12835 -0.118209 -0.108208 -0.0984586 -0.0890553 -0.0800724 -0.0715658 -0.0635748 -0.0561237 -0.0492238 -0.0428753 -0.0370701 -0.0317928 -0.0270229 -0.0227363 -0.0189063 -0.0155049 -0.0125033 -0.00987265 -0.00758483 -0.00561238 -0.003929 -0.00250963 -0.00133057 -0.000369553 0.000394278 0.000980352 0.0014067 0.00168998 0.00184555 0.00188746 0.00182853 0.00168038 0.00145351 0.00115728 0.000800037 0.000389132 -6.90077e-05 -0.000568814 -0.0011055 -0.001675 -0.00227387 -0.00289925 -0.00354876 -0.00422046 -0.0049128 -0.00562457 -0.00635488 -0.00710313 -0.00786902 -0.00865253 -0.00945396 -0.0102739 -0.0111132 -0.0119729 -0.0128546 -0.0137599 -0.0146905 -0.0156485 -0.0166358 -0.0176545 -0.0187066 -0.019794 -0.0209186 -0.022082 -0.0232857 -0.0245312 -0.0258196 -0.027152 -0.0285293 -0.0299523 -0.0314217 -0.0329381 -0.0345021 -0.0361142 -0.0377749 -0.0394847 -0.0412441 -0.0430535 -0.0449133 -0.0468239 -0.0487856 -0.0507984 -0.0528623 -0.054977 -0.0571419 -0.0593558 -0.0616171 -0.063923 -0.0662698 -0.0686527 -0.0710385 
-0.203328 -0.203327 -0.203327 -0.203326 -0.203327 -0.20333 -0.203338 -0.203352 -0.203376 -0.203412 -0.203463 -0.203535 -0.20363 -0.203753 -0.203911 -0.204107 -0.204348 -0.20464 -0.204988 -0.2054 -0.205883 -0.206442 -0.207084 -0.207816 -0.208644 -0.209573 -0.210609 -0.211755 -0.213015 -0.21439 -0.215881 -0.217486 -0.219203 -0.221024 -0.222941 -0.224944 -0.227019 -0.229149 -0.231313 -0.233488 -0.235648 -0.237765 -0.239806 -0.241738 -0.243527 -0.245134 -0.246524 -0.24766 -0.248506 -0.249028 -0.249194 -0.248974 -0.248345 -0.247285 -0.245778 -0.243815 -0.241391 -0.238509 -0.235178 -0.231413 -0.227239 -0.222685 -0.217791 -0.212602 -0.207171 -0.201557 -0.195828 -0.190056 -0.184318 -0.178697 -0.173279 -0.16815 -0.1634 -0.159113 -0.155372 -0.152252 -0.149822 -0.148135 -0.147235 -0.147146 -0.147876 -0.149414 -0.151727 -0.154759 -0.158436 -0.162659 -0.167309 -0.172248 -0.177321 -0.182358 -0.187183 -0.191614 -0.195474 -0.198595 -0.200827 -0.202043 -0.202147 -0.201074 -0.198797 -0.195323 -0.190696 -0.184992 -0.178313 -0.170786 -0.162551 -0.153758 -0.144561 -0.135111 -0.125549 -0.116008 -0.106605 -0.0974389 -0.0885942 -0.0801373 -0.0721186 -0.0645737 -0.0575252 -0.0509839 -0.0449511 -0.0394204 -0.034379 -0.0298093 -0.0256903 -0.0219987 -0.0187093 -0.0157966 -0.0132347 -0.0109978 -0.0090609 -0.00739972 -0.00599103 -0.00481269 -0.00384374 -0.00306447 -0.00245637 -0.00200217 -0.00168582 -0.00149245 -0.00140833 -0.00142086 -0.00151853 -0.0016909 -0.0019285 -0.00222287 -0.00256646 -0.00295262 -0.00337551 -0.0038301 -0.00431206 -0.00481777 -0.0053442 -0.00588893 -0.00645004 -0.00702613 -0.00761622 -0.00821977 -0.00883664 -0.00946707 -0.0101116 -0.0107712 -0.0114471 -0.0121407 -0.0128538 -0.0135883 -0.0143462 -0.0151296 -0.0159408 -0.0167819 -0.0176549 -0.0185618 -0.0195045 -0.0204846 -0.0215035 -0.0225626 -0.0236629 -0.0248053 -0.0259906 -0.0272194 -0.028492 -0.0298088 -0.03117 -0.0325758 -0.0340263 -0.0355216 -0.0370617 -0.0386465 -0.0402762 -0.0419505 -0.0436693 -0.0454325 -0.0472397 -0.0490901 -0.050983 -0.0529173 -0.0548913 -0.0569028 -0.0589485 -0.0610244 -0.0631252 -0.065221 
-0.21284 -0.21284 -0.212842 -0.212845 -0.212851 -0.21286 -0.212875 -0.212898 -0.21293 -0.212975 -0.213036 -0.213117 -0.21322 -0.213352 -0.213515 -0.213715 -0.213957 -0.214247 -0.214589 -0.214989 -0.215454 -0.215988 -0.216598 -0.217289 -0.218065 -0.21893 -0.21989 -0.220947 -0.222102 -0.223357 -0.22471 -0.22616 -0.227703 -0.229331 -0.231036 -0.232808 -0.234633 -0.236494 -0.238374 -0.240251 -0.242101 -0.243897 -0.245613 -0.247216 -0.248677 -0.249964 -0.251043 -0.251883 -0.252453 -0.252723 -0.252666 -0.252256 -0.251473 -0.2503 -0.248724 -0.246736 -0.244334 -0.241521 -0.238306 -0.234706 -0.23074 -0.226438 -0.221834 -0.216969 -0.211891 -0.206652 -0.201312 -0.195935 -0.190589 -0.185347 -0.180284 -0.175478 -0.171004 -0.166939 -0.163356 -0.160322 -0.157894 -0.156124 -0.155048 -0.154688 -0.15505 -0.156123 -0.157875 -0.160257 -0.163196 -0.166604 -0.170371 -0.174372 -0.178465 -0.1825 -0.186319 -0.189762 -0.192673 -0.194907 -0.196335 -0.196848 -0.196366 -0.194837 -0.19224 -0.188588 -0.183922 -0.178313 -0.171854 -0.164657 -0.156848 -0.148561 -0.13993 -0.131087 -0.122159 -0.11326 -0.104493 -0.0959459 -0.0876933 -0.0797939 -0.0722929 -0.0652226 -0.0586039 -0.0524477 -0.0467562 -0.0415248 -0.0367434 -0.0323972 -0.0284685 -0.0249369 -0.0217806 -0.0189769 -0.0165027 -0.0143348 -0.0124505 -0.0108275 -0.00944438 -0.00828055 -0.00731635 -0.00653316 -0.00591341 -0.00544058 -0.00509922 -0.00487492 -0.00475433 -0.00472509 -0.00477586 -0.00489627 -0.0050769 -0.00530924 -0.00558568 -0.00589947 -0.00624468 -0.00661616 -0.00700953 -0.00742112 -0.00784791 -0.00828754 -0.00873825 -0.00919885 -0.00966864 -0.0101474 -0.0106355 -0.0111336 -0.0116427 -0.0121643 -0.0126999 -0.0132517 -0.0138217 -0.0144121 -0.0150253 -0.0156636 -0.0163293 -0.0170248 -0.0177519 -0.0185127 -0.019309 -0.0201422 -0.0210136 -0.0219244 -0.0228754 -0.0238673 -0.0249006 -0.0259754 -0.0270921 -0.0282506 -0.0294508 -0.0306925 -0.0319755 -0.0332995 -0.034664 -0.0360688 -0.0375134 -0.0389972 -0.0405198 -0.0420804 -0.0436783 -0.0453125 -0.0469815 -0.048684 -0.0504179 -0.0521804 -0.0539682 -0.0557769 -0.057601 -0.0594139 
-0.222351 -0.222352 -0.222356 -0.222361 -0.222371 -0.222385 -0.222405 -0.222433 -0.222472 -0.222524 -0.222591 -0.222677 -0.222786 -0.22292 -0.223085 -0.223284 -0.223522 -0.223804 -0.224134 -0.224518 -0.224959 -0.225463 -0.226035 -0.226679 -0.227398 -0.228197 -0.229077 -0.230042 -0.231091 -0.232225 -0.233442 -0.234739 -0.236112 -0.237554 -0.239056 -0.240608 -0.242197 -0.243807 -0.245422 -0.247021 -0.248584 -0.250086 -0.251502 -0.252805 -0.253968 -0.254963 -0.255761 -0.256334 -0.256655 -0.256699 -0.256441 -0.255862 -0.254942 -0.253668 -0.252029 -0.250019 -0.247637 -0.244886 -0.241775 -0.238319 -0.234537 -0.230456 -0.226106 -0.221525 -0.216754 -0.21184 -0.206836 -0.201797 -0.196785 -0.191862 -0.187094 -0.182548 -0.178292 -0.17439 -0.170907 -0.167901 -0.165422 -0.163514 -0.162209 -0.161527 -0.161471 -0.16203 -0.163176 -0.164862 -0.167025 -0.169582 -0.172437 -0.175476 -0.178575 -0.181601 -0.184415 -0.18688 -0.18886 -0.190233 -0.190888 -0.190736 -0.18971 -0.187769 -0.184901 -0.181118 -0.17646 -0.170991 -0.164794 -0.157968 -0.150621 -0.14287 -0.134833 -0.126622 -0.118348 -0.110109 -0.101996 -0.0940838 -0.0864381 -0.0791109 -0.0721424 -0.065562 -0.059389 -0.0536342 -0.0483011 -0.0433868 -0.0388835 -0.0347793 -0.0310593 -0.0277061 -0.0247011 -0.0220242 -0.0196551 -0.0175729 -0.0157571 -0.0141875 -0.0128443 -0.0117084 -0.0107614 -0.00998581 -0.0093649 -0.00888293 -0.00852504 -0.00827731 -0.00812675 -0.00806132 -0.00806986 -0.00814216 -0.00826889 -0.00844161 -0.00865274 -0.00889554 -0.00916411 -0.00945332 -0.00975885 -0.0100771 -0.0104052 -0.0107409 -0.0110826 -0.0114295 -0.0117812 -0.0121377 -0.0124999 -0.0128686 -0.0132454 -0.0136322 -0.0140308 -0.0144437 -0.0148732 -0.0153219 -0.0157921 -0.0162866 -0.0168076 -0.0173574 -0.0179382 -0.0185518 -0.0191999 -0.019884 -0.0206052 -0.0213645 -0.0221626 -0.023 -0.0238769 -0.0247934 -0.0257494 -0.0267446 -0.0277787 -0.0288513 -0.0299617 -0.0311093 -0.0322935 -0.0335136 -0.0347686 -0.036058 -0.0373806 -0.0387354 -0.0401214 -0.0415371 -0.0429809 -0.044451 -0.045945 -0.0474601 -0.0489925 -0.0505378 -0.0520907 -0.053628 
-0.231861 -0.231862 -0.231866 -0.231874 -0.231886 -0.231903 -0.231927 -0.23196 -0.232002 -0.232058 -0.232128 -0.232217 -0.232326 -0.23246 -0.232622 -0.232816 -0.233046 -0.233315 -0.233629 -0.23399 -0.234403 -0.234873 -0.235402 -0.235995 -0.236654 -0.237381 -0.23818 -0.23905 -0.239993 -0.241006 -0.242089 -0.243237 -0.244445 -0.245708 -0.247015 -0.248358 -0.249723 -0.251097 -0.252463 -0.253805 -0.255101 -0.25633 -0.257471 -0.258499 -0.25939 -0.260119 -0.260661 -0.260992 -0.261088 -0.260927 -0.260489 -0.259757 -0.258714 -0.257349 -0.255654 -0.253623 -0.251258 -0.24856 -0.24554 -0.242211 -0.238591 -0.234702 -0.230574 -0.226239 -0.221733 -0.217099 -0.212382 -0.207631 -0.202899 -0.19824 -0.193712 -0.189373 -0.185279 -0.181488 -0.178053 -0.175025 -0.172448 -0.170358 -0.168782 -0.167736 -0.167225 -0.167236 -0.167744 -0.168708 -0.170071 -0.171761 -0.173693 -0.175767 -0.177876 -0.179904 -0.181734 -0.183248 -0.184331 -0.18488 -0.184806 -0.184033 -0.182509 -0.180202 -0.177105 -0.173231 -0.168617 -0.163319 -0.157409 -0.150972 -0.144102 -0.136897 -0.129458 -0.121882 -0.114262 -0.106683 -0.0992205 -0.0919418 -0.0849025 -0.0781483 -0.0717149 -0.0656287 -0.0599079 -0.0545632 -0.0495987 -0.0450133 -0.0408012 -0.0369532 -0.0334569 -0.0302979 -0.0274599 -0.0249258 -0.0226775 -0.0206965 -0.0189643 -0.0174626 -0.016173 -0.0150781 -0.0141605 -0.0134039 -0.0127924 -0.0123109 -0.0119453 -0.011682 -0.0115086 -0.0114132 -0.011385 -0.011414 -0.0114909 -0.0116076 -0.0117564 -0.0119309 -0.0121251 -0.0123342 -0.0125538 -0.0127807 -0.013012 -0.0132458 -0.0134808 -0.0137164 -0.0139524 -0.0141894 -0.0144283 -0.0146705 -0.0149178 -0.0151724 -0.0154366 -0.0157129 -0.0160039 -0.0163124 -0.016641 -0.0169923 -0.0173689 -0.017773 -0.0182067 -0.018672 -0.0191704 -0.0197033 -0.0202719 -0.0208769 -0.021519 -0.0221984 -0.0229153 -0.0236695 -0.0244607 -0.0252886 -0.0261524 -0.0270515 -0.027985 -0.0289522 -0.029952 -0.0309834 -0.0320454 -0.0331369 -0.0342566 -0.0354032 -0.0365752 -0.0377711 -0.0389889 -0.0402265 -0.0414814 -0.0427505 -0.0440303 -0.0453162 -0.0466031 -0.0478714 
-0.241368 -0.241369 -0.241374 -0.241383 -0.241396 -0.241416 -0.241442 -0.241476 -0.24152 -0.241577 -0.241648 -0.241736 -0.241843 -0.241973 -0.242129 -0.242314 -0.242531 -0.242784 -0.243076 -0.243411 -0.243792 -0.244223 -0.244706 -0.245244 -0.245839 -0.246493 -0.247208 -0.247984 -0.248819 -0.249713 -0.250663 -0.251665 -0.252714 -0.253803 -0.254925 -0.256068 -0.257222 -0.258373 -0.259507 -0.260607 -0.261655 -0.262633 -0.263519 -0.264294 -0.264935 -0.26542 -0.265729 -0.265839 -0.26573 -0.265384 -0.264782 -0.263911 -0.262756 -0.261309 -0.259561 -0.257511 -0.255159 -0.252508 -0.249567 -0.246348 -0.242867 -0.239147 -0.23521 -0.231087 -0.226809 -0.222414 -0.217941 -0.213432 -0.208933 -0.204491 -0.200153 -0.195971 -0.191992 -0.188265 -0.184836 -0.181745 -0.179031 -0.176724 -0.174846 -0.17341 -0.172419 -0.171862 -0.171718 -0.17195 -0.172509 -0.173332 -0.174348 -0.175471 -0.176611 -0.17767 -0.178548 -0.179149 -0.179377 -0.179149 -0.178391 -0.177043 -0.175064 -0.172431 -0.169139 -0.165202 -0.160653 -0.15554 -0.149924 -0.143878 -0.13748 -0.130812 -0.123958 -0.117001 -0.110018 -0.103081 -0.0962535 -0.0895931 -0.0831475 -0.0769564 -0.0710511 -0.0654555 -0.0601861 -0.0552535 -0.0506624 -0.0464131 -0.0425016 -0.0389207 -0.0356604 -0.0327086 -0.0300517 -0.0276746 -0.0255616 -0.0236962 -0.0220618 -0.0206416 -0.019419 -0.0183777 -0.0175015 -0.0167751 -0.0161835 -0.0157123 -0.0153478 -0.0150773 -0.0148884 -0.0147698 -0.0147109 -0.0147019 -0.0147339 -0.0147987 -0.0148892 -0.0149987 -0.0151218 -0.0152536 -0.0153901 -0.0155282 -0.0156653 -0.0157998 -0.0159306 -0.0160573 -0.0161803 -0.0163002 -0.0164184 -0.0165366 -0.0166568 -0.0167815 -0.0169132 -0.0170547 -0.0172087 -0.0173782 -0.0175659 -0.0177746 -0.0180068 -0.0182648 -0.0185508 -0.0188667 -0.019214 -0.019594 -0.0200079 -0.0204562 -0.0209396 -0.0214582 -0.022012 -0.0226006 -0.0232237 -0.0238807 -0.0245706 -0.0252927 -0.0260459 -0.0268291 -0.0276412 -0.028481 -0.029347 -0.030238 -0.0311526 -0.032089 -0.0330457 -0.0340208 -0.0350122 -0.0360177 -0.0370345 -0.0380596 -0.0390894 -0.0401196 -0.0411453 -0.0421506 
-0.250871 -0.250872 -0.250878 -0.250887 -0.250901 -0.250921 -0.250948 -0.250982 -0.251026 -0.251082 -0.251151 -0.251235 -0.251338 -0.251461 -0.251607 -0.251779 -0.25198 -0.252213 -0.25248 -0.252786 -0.253131 -0.253519 -0.253952 -0.254433 -0.254962 -0.255542 -0.256171 -0.256851 -0.257579 -0.258355 -0.259175 -0.260035 -0.260929 -0.261852 -0.262795 -0.263748 -0.264701 -0.265642 -0.266557 -0.267431 -0.268249 -0.268992 -0.269643 -0.270183 -0.270594 -0.270856 -0.27095 -0.270857 -0.270561 -0.270045 -0.269294 -0.268296 -0.267039 -0.265515 -0.26372 -0.26165 -0.259307 -0.256695 -0.253821 -0.250697 -0.247338 -0.243762 -0.239991 -0.236051 -0.231968 -0.227777 -0.223509 -0.219202 -0.214894 -0.210626 -0.206437 -0.202371 -0.198467 -0.194766 -0.191305 -0.18812 -0.18524 -0.18269 -0.18049 -0.178648 -0.177167 -0.176037 -0.175239 -0.174744 -0.174509 -0.174483 -0.174605 -0.174806 -0.175009 -0.175137 -0.175107 -0.17484 -0.174261 -0.173302 -0.171905 -0.170024 -0.167627 -0.164698 -0.161235 -0.157251 -0.152775 -0.147847 -0.142518 -0.136847 -0.1309 -0.124744 -0.118449 -0.112081 -0.105705 -0.0993799 -0.0931605 -0.0870939 -0.0812208 -0.0755752 -0.0701845 -0.0650696 -0.0602457 -0.0557229 -0.0515062 -0.0475967 -0.0439919 -0.0406864 -0.0376721 -0.034939 -0.0324754 -0.0302684 -0.028304 -0.0265676 -0.0250444 -0.0237189 -0.0225761 -0.0216006 -0.0207776 -0.0200925 -0.0195311 -0.0190799 -0.0187257 -0.018456 -0.0182593 -0.0181244 -0.0180412 -0.018 -0.0179922 -0.01801 -0.0180463 -0.0180949 -0.0181504 -0.0182083 -0.0182648 -0.018317 -0.0183627 -0.0184006 -0.0184298 -0.0184502 -0.0184626 -0.0184679 -0.0184676 -0.0184639 -0.018459 -0.0184556 -0.0184564 -0.0184644 -0.0184826 -0.018514 -0.0185614 -0.0186277 -0.0187154 -0.0188271 -0.0189647 -0.0191302 -0.0193252 -0.0195508 -0.0198082 -0.020098 -0.0204204 -0.0207758 -0.0211639 -0.0215842 -0.0220364 -0.0225195 -0.0230326 -0.0235748 -0.0241448 -0.0247413 -0.0253631 -0.0260086 -0.0266765 -0.0273651 -0.0280728 -0.0287979 -0.0295383 -0.0302922 -0.0310573 -0.0318312 -0.0326112 -0.0333941 -0.0341765 -0.0349544 -0.0357232 -0.0364707 
-0.26037 -0.260372 -0.260377 -0.260386 -0.260401 -0.26042 -0.260446 -0.260479 -0.260521 -0.260574 -0.260639 -0.260717 -0.260812 -0.260925 -0.261059 -0.261216 -0.261397 -0.261607 -0.261847 -0.262118 -0.262425 -0.262768 -0.263149 -0.26357 -0.264032 -0.264534 -0.265078 -0.265662 -0.266284 -0.266943 -0.267635 -0.268356 -0.269101 -0.269863 -0.270635 -0.271407 -0.272169 -0.272911 -0.27362 -0.274282 -0.274883 -0.275407 -0.275839 -0.276162 -0.27636 -0.276415 -0.276311 -0.276032 -0.275563 -0.274891 -0.274003 -0.272887 -0.271535 -0.26994 -0.268099 -0.266009 -0.263672 -0.261092 -0.258276 -0.255234 -0.251979 -0.248528 -0.244899 -0.241115 -0.237199 -0.233179 -0.229084 -0.224945 -0.220793 -0.216663 -0.212588 -0.208602 -0.20474 -0.201034 -0.197514 -0.194209 -0.191143 -0.188336 -0.185802 -0.183548 -0.181577 -0.179879 -0.17844 -0.177234 -0.176228 -0.175381 -0.174643 -0.173959 -0.173269 -0.17251 -0.171618 -0.170532 -0.169192 -0.167548 -0.165554 -0.163176 -0.160391 -0.157188 -0.153566 -0.14954 -0.145132 -0.140376 -0.135313 -0.129992 -0.124464 -0.118784 -0.113008 -0.107191 -0.101383 -0.0956343 -0.0899886 -0.084485 -0.0791577 -0.0740353 -0.0691411 -0.0644934 -0.0601057 -0.0559872 -0.052143 -0.0485748 -0.0452809 -0.0422573 -0.0394975 -0.0369929 -0.0347337 -0.0327086 -0.0309052 -0.0293106 -0.0279112 -0.0266931 -0.0256422 -0.0247446 -0.0239861 -0.0233532 -0.0228323 -0.0224106 -0.0220755 -0.0218152 -0.0216183 -0.0214742 -0.021373 -0.0213055 -0.0212634 -0.0212391 -0.0212257 -0.0212175 -0.0212092 -0.0211966 -0.0211764 -0.0211457 -0.0211029 -0.0210467 -0.0209768 -0.0208934 -0.0207973 -0.02069 -0.0205733 -0.0204495 -0.0203211 -0.020191 -0.0200622 -0.0199378 -0.019821 -0.0197148 -0.0196223 -0.0195464 -0.0194897 -0.0194546 -0.0194433 -0.0194576 -0.0194992 -0.0195692 -0.0196687 -0.0197981 -0.0199579 -0.020148 -0.0203682 -0.0206181 -0.020897 -0.0212039 -0.0215379 -0.0218978 -0.0222823 -0.02269 -0.0231194 -0.0235689 -0.024037 -0.0245218 -0.0250216 -0.0255344 -0.0260581 -0.0265907 -0.0271298 -0.027673 -0.0282174 -0.02876 -0.0292975 -0.0298261 -0.0303417 -0.0308355 
-0.269866 -0.269867 -0.269872 -0.269881 -0.269894 -0.269913 -0.269937 -0.269967 -0.270006 -0.270054 -0.270112 -0.270183 -0.270268 -0.270369 -0.270488 -0.270626 -0.270786 -0.270969 -0.271178 -0.271415 -0.27168 -0.271975 -0.272302 -0.272662 -0.273054 -0.273479 -0.273936 -0.274424 -0.274942 -0.275486 -0.276053 -0.276639 -0.277239 -0.277846 -0.278453 -0.279051 -0.279632 -0.280185 -0.280699 -0.281161 -0.281559 -0.281878 -0.282105 -0.282225 -0.282224 -0.282087 -0.281799 -0.281348 -0.28072 -0.279902 -0.278886 -0.277661 -0.276221 -0.27456 -0.272674 -0.270563 -0.268229 -0.265674 -0.262907 -0.259934 -0.256769 -0.253425 -0.249918 -0.246268 -0.242494 -0.23862 -0.234669 -0.230668 -0.226643 -0.222621 -0.21863 -0.214698 -0.210851 -0.207116 -0.203516 -0.200074 -0.196809 -0.193735 -0.190865 -0.188202 -0.185748 -0.183497 -0.181436 -0.179545 -0.177799 -0.176166 -0.174608 -0.173083 -0.171546 -0.169949 -0.168245 -0.166387 -0.164332 -0.162043 -0.159487 -0.156642 -0.153489 -0.150025 -0.146249 -0.142175 -0.137821 -0.133215 -0.128389 -0.123381 -0.118232 -0.112986 -0.107685 -0.102373 -0.097091 -0.0918774 -0.0867676 -0.0817933 -0.0769823 -0.0723581 -0.0679403 -0.0637442 -0.0597816 -0.0560604 -0.0525854 -0.0493583 -0.0463783 -0.0436419 -0.0411437 -0.0388766 -0.036832 -0.0349998 -0.0333691 -0.0319282 -0.0306648 -0.0295661 -0.0286191 -0.0278107 -0.0271279 -0.0265577 -0.0260873 -0.0257046 -0.0253975 -0.0251546 -0.0249651 -0.0248188 -0.0247061 -0.0246183 -0.0245472 -0.0244856 -0.0244272 -0.0243662 -0.0242979 -0.0242183 -0.0241245 -0.0240139 -0.0238852 -0.0237374 -0.0235707 -0.0233855 -0.023183 -0.0229649 -0.0227333 -0.0224908 -0.0222402 -0.0219846 -0.0217271 -0.0214711 -0.0212199 -0.0209766 -0.0207445 -0.0205263 -0.020325 -0.0201429 -0.0199821 -0.0198446 -0.019732 -0.0196453 -0.0195856 -0.0195534 -0.0195489 -0.0195722 -0.0196229 -0.0197005 -0.0198043 -0.0199332 -0.0200862 -0.0202621 -0.0204593 -0.0206765 -0.0209121 -0.0211643 -0.0214313 -0.0217115 -0.0220026 -0.0223028 -0.0226098 -0.0229214 -0.0232351 -0.0235484 -0.0238586 -0.0241626 -0.0244574 -0.0247393 -0.0250048 -0.0252483 
-0.279358 -0.279359 -0.279364 -0.279372 -0.279383 -0.279399 -0.27942 -0.279447 -0.279481 -0.279522 -0.279573 -0.279634 -0.279707 -0.279794 -0.279895 -0.280013 -0.280149 -0.280304 -0.28048 -0.280679 -0.280901 -0.281147 -0.281418 -0.281715 -0.282037 -0.282383 -0.282754 -0.283147 -0.283561 -0.283992 -0.284436 -0.284891 -0.28535 -0.285807 -0.286256 -0.286689 -0.287096 -0.287469 -0.287798 -0.288071 -0.288277 -0.288403 -0.288438 -0.288368 -0.28818 -0.287863 -0.287404 -0.286791 -0.286014 -0.285062 -0.283926 -0.282599 -0.281075 -0.27935 -0.277421 -0.275288 -0.272953 -0.270418 -0.267691 -0.264778 -0.261689 -0.258437 -0.255036 -0.2515 -0.247848 -0.244097 -0.240268 -0.236381 -0.232458 -0.228521 -0.224591 -0.22069 -0.216838 -0.213056 -0.209362 -0.205773 -0.202302 -0.19896 -0.195756 -0.192693 -0.189771 -0.186986 -0.184328 -0.181783 -0.179332 -0.176953 -0.174618 -0.172298 -0.169961 -0.167573 -0.165102 -0.162517 -0.159788 -0.156889 -0.153802 -0.150509 -0.147003 -0.143281 -0.139347 -0.135212 -0.130891 -0.126405 -0.12178 -0.117046 -0.112233 -0.107373 -0.102501 -0.0976481 -0.0928465 -0.0881258 -0.0835133 -0.0790337 -0.074709 -0.0705577 -0.0665956 -0.0628351 -0.0592858 -0.0559543 -0.0528446 -0.0499581 -0.047294 -0.0448494 -0.0426196 -0.0405982 -0.0387776 -0.0371488 -0.0357019 -0.0344262 -0.0333104 -0.0323427 -0.031511 -0.0308031 -0.0302066 -0.0297094 -0.0292993 -0.0289647 -0.0286942 -0.0284768 -0.0283022 -0.0281605 -0.0280426 -0.0279402 -0.0278454 -0.0277515 -0.0276522 -0.0275425 -0.0274178 -0.0272745 -0.0271099 -0.0269221 -0.0267099 -0.0264729 -0.0262113 -0.025926 -0.0256187 -0.0252912 -0.024946 -0.0245859 -0.0242141 -0.0238337 -0.0234483 -0.0230612 -0.0226759 -0.0222958 -0.0219241 -0.0215638 -0.0212177 -0.0208882 -0.0205776 -0.0202877 -0.02002 -0.0197759 -0.019556 -0.019361 -0.0191912 -0.0190463 -0.0189262 -0.0188301 -0.0187573 -0.0187069 -0.0186776 -0.018668 -0.0186768 -0.0187024 -0.0187431 -0.0187971 -0.0188626 -0.0189375 -0.0190198 -0.0191074 -0.0191978 -0.0192888 -0.0193778 -0.0194624 -0.0195396 -0.0196067 -0.0196606 -0.0196981 -0.0197159 -0.0197118 
-0.288847 -0.288848 -0.288852 -0.288858 -0.288868 -0.288881 -0.288898 -0.28892 -0.288947 -0.288981 -0.289023 -0.289073 -0.289132 -0.289203 -0.289285 -0.28938 -0.28949 -0.289615 -0.289757 -0.289916 -0.290093 -0.290288 -0.290503 -0.290735 -0.290986 -0.291255 -0.291539 -0.291838 -0.292149 -0.292469 -0.292794 -0.29312 -0.293442 -0.293755 -0.294051 -0.294324 -0.294566 -0.294767 -0.29492 -0.295013 -0.295037 -0.29498 -0.294833 -0.294584 -0.294221 -0.293735 -0.293115 -0.29235 -0.291432 -0.290353 -0.289104 -0.28768 -0.286077 -0.28429 -0.282319 -0.280163 -0.277823 -0.275303 -0.272609 -0.269746 -0.266723 -0.263551 -0.26024 -0.256804 -0.253256 -0.249611 -0.245885 -0.242094 -0.238255 -0.234383 -0.230497 -0.22661 -0.22274 -0.2189 -0.215103 -0.21136 -0.207682 -0.204075 -0.200545 -0.197095 -0.193723 -0.190427 -0.1872 -0.184033 -0.180914 -0.177829 -0.17476 -0.171689 -0.168596 -0.165462 -0.162267 -0.158993 -0.155623 -0.152144 -0.148546 -0.144822 -0.140968 -0.136987 -0.132884 -0.128668 -0.124353 -0.119955 -0.115494 -0.11099 -0.106467 -0.101948 -0.0974565 -0.0930169 -0.0886517 -0.0843827 -0.08023 -0.0762118 -0.0723443 -0.0686416 -0.0651154 -0.0617751 -0.058628 -0.055679 -0.0529308 -0.0503842 -0.0480382 -0.0458899 -0.0439348 -0.0421671 -0.0405797 -0.0391643 -0.0379119 -0.0368125 -0.0358555 -0.0350301 -0.0343248 -0.0337281 -0.0332284 -0.0328141 -0.0324737 -0.0321962 -0.0319706 -0.0317864 -0.0316338 -0.0315034 -0.0313865 -0.0312749 -0.0311616 -0.0310398 -0.030904 -0.0307492 -0.0305714 -0.0303674 -0.0301348 -0.0298721 -0.0295785 -0.029254 -0.0288992 -0.0285153 -0.0281043 -0.0276684 -0.0272105 -0.0267336 -0.0262411 -0.0257366 -0.0252235 -0.0247056 -0.0241865 -0.0236697 -0.0231584 -0.0226557 -0.0221646 -0.0216874 -0.0212265 -0.0207837 -0.0203605 -0.0199581 -0.0195773 -0.0192188 -0.0188826 -0.0185686 -0.0182766 -0.0180059 -0.0177556 -0.0175248 -0.0173121 -0.0171164 -0.0169359 -0.0167692 -0.0166145 -0.0164699 -0.0163334 -0.0162031 -0.0160767 -0.0159519 -0.0158263 -0.0156974 -0.0155626 -0.0154193 -0.0152649 -0.0150965 -0.0149113 -0.0147063 -0.0144784 -0.0142288 
-0.298334 -0.298335 -0.298337 -0.298342 -0.298349 -0.298358 -0.298371 -0.298387 -0.298407 -0.298432 -0.298463 -0.298501 -0.298545 -0.298598 -0.29866 -0.298731 -0.298814 -0.298907 -0.299013 -0.299131 -0.299262 -0.299405 -0.299562 -0.29973 -0.29991 -0.3001 -0.300299 -0.300504 -0.300714 -0.300925 -0.301133 -0.301334 -0.301523 -0.301696 -0.301845 -0.301964 -0.302046 -0.302083 -0.302066 -0.301988 -0.301838 -0.301608 -0.301288 -0.300869 -0.30034 -0.299694 -0.298921 -0.298012 -0.296961 -0.295761 -0.294405 -0.292888 -0.291208 -0.289362 -0.287348 -0.285167 -0.28282 -0.280311 -0.277644 -0.274824 -0.271858 -0.268755 -0.265523 -0.262174 -0.258717 -0.255164 -0.251526 -0.247817 -0.244047 -0.240228 -0.236373 -0.232491 -0.228593 -0.224688 -0.220784 -0.216889 -0.213006 -0.209141 -0.205297 -0.201474 -0.197672 -0.193889 -0.190122 -0.186366 -0.182614 -0.17886 -0.175096 -0.171315 -0.167507 -0.163665 -0.159781 -0.155851 -0.151868 -0.14783 -0.143736 -0.139587 -0.135386 -0.131137 -0.126849 -0.12253 -0.118192 -0.113848 -0.10951 -0.105195 -0.100917 -0.0966923 -0.0925371 -0.0884668 -0.0844966 -0.0806409 -0.0769131 -0.0733254 -0.0698886 -0.0666122 -0.063504 -0.0605702 -0.0578154 -0.0552426 -0.0528531 -0.0506465 -0.0486211 -0.0467737 -0.0450999 -0.0435937 -0.0422486 -0.0410565 -0.040009 -0.0390966 -0.0383094 -0.0376371 -0.0370689 -0.0365939 -0.036201 -0.0358793 -0.0356178 -0.0354059 -0.0352333 -0.0350899 -0.0349662 -0.0348534 -0.0347432 -0.0346279 -0.0345007 -0.0343554 -0.0341868 -0.0339904 -0.0337625 -0.0335004 -0.0332022 -0.0328666 -0.0324933 -0.0320826 -0.0316358 -0.0311543 -0.0306404 -0.0300969 -0.0295267 -0.0289334 -0.0283205 -0.0276918 -0.0270513 -0.0264026 -0.0257496 -0.0250958 -0.0244448 -0.0237996 -0.0231631 -0.022538 -0.0219264 -0.0213302 -0.0207509 -0.0201897 -0.0196475 -0.0191247 -0.0186215 -0.0181379 -0.0176733 -0.0172272 -0.0167988 -0.016387 -0.0159905 -0.015608 -0.0152379 -0.0148786 -0.0145283 -0.014185 -0.0138467 -0.0135113 -0.0131765 -0.0128399 -0.012499 -0.0121511 -0.0117935 -0.0114235 -0.0110385 -0.0106359 -0.0102129 -0.00976697 -0.00929525 -0.00880193 
-0.307818 -0.307819 -0.30782 -0.307823 -0.307827 -0.307832 -0.30784 -0.307849 -0.307862 -0.307877 -0.307896 -0.30792 -0.307949 -0.307983 -0.308023 -0.308069 -0.308123 -0.308184 -0.308252 -0.308328 -0.308412 -0.308503 -0.308601 -0.308705 -0.308814 -0.308926 -0.30904 -0.309153 -0.309263 -0.309366 -0.30946 -0.309539 -0.309599 -0.309635 -0.309642 -0.309612 -0.30954 -0.309419 -0.309241 -0.308998 -0.308682 -0.308286 -0.3078 -0.307218 -0.306531 -0.305732 -0.304812 -0.303767 -0.302588 -0.301272 -0.299813 -0.298207 -0.296453 -0.294547 -0.292491 -0.290284 -0.287927 -0.285424 -0.282779 -0.279995 -0.27708 -0.274038 -0.270877 -0.267604 -0.264228 -0.260757 -0.257198 -0.25356 -0.24985 -0.246077 -0.242245 -0.238362 -0.234433 -0.230461 -0.226451 -0.222406 -0.218326 -0.214214 -0.210069 -0.205891 -0.20168 -0.197434 -0.193154 -0.188838 -0.184486 -0.180098 -0.175675 -0.171217 -0.166727 -0.162209 -0.157666 -0.153103 -0.148527 -0.143944 -0.139362 -0.134789 -0.130233 -0.125704 -0.121211 -0.116764 -0.112373 -0.108046 -0.103793 -0.0996251 -0.0955501 -0.0915776 -0.0877164 -0.0839753 -0.0803623 -0.0768853 -0.0735512 -0.0703666 -0.0673373 -0.0644679 -0.0617624 -0.0592236 -0.0568533 -0.0546522 -0.0526196 -0.050754 -0.0490526 -0.0475115 -0.0461257 -0.0448893 -0.0437955 -0.0428366 -0.0420043 -0.0412896 -0.0406829 -0.0401743 -0.0397536 -0.0394104 -0.0391342 -0.0389143 -0.0387405 -0.0386026 -0.0384906 -0.0383951 -0.038307 -0.0382179 -0.0381199 -0.0380058 -0.0378691 -0.0377043 -0.0375063 -0.0372713 -0.036996 -0.036678 -0.0363159 -0.0359089 -0.0354572 -0.0349615 -0.0344233 -0.0338447 -0.0332284 -0.0325773 -0.031895 -0.0311852 -0.0304518 -0.0296989 -0.0289305 -0.0281507 -0.0273635 -0.0265726 -0.0257814 -0.0249933 -0.0242113 -0.0234377 -0.0226751 -0.0219251 -0.0211894 -0.020469 -0.0197649 -0.0190775 -0.0184069 -0.0177531 -0.0171156 -0.0164939 -0.015887 -0.0152939 -0.0147134 -0.014144 -0.0135842 -0.0130323 -0.0124865 -0.0119447 -0.011405 -0.0108651 -0.0103225 -0.00977493 -0.00921959 -0.00865364 -0.0080742 -0.00747857 -0.00686415 -0.00622841 -0.0055689 -0.00488323 -0.00416902 -0.0034336 
-0.317302 -0.317302 -0.317302 -0.317303 -0.317303 -0.317304 -0.317306 -0.317308 -0.317312 -0.317317 -0.317324 -0.317333 -0.317345 -0.317359 -0.317377 -0.317397 -0.317421 -0.317449 -0.317479 -0.317513 -0.317549 -0.317587 -0.317627 -0.317666 -0.317704 -0.317739 -0.317768 -0.317791 -0.317802 -0.317801 -0.317782 -0.317742 -0.317676 -0.31758 -0.317448 -0.317274 -0.317053 -0.316779 -0.316444 -0.316042 -0.315567 -0.31501 -0.314366 -0.313628 -0.312788 -0.311842 -0.310782 -0.309604 -0.308302 -0.306874 -0.305314 -0.303622 -0.301794 -0.29983 -0.297731 -0.295496 -0.293127 -0.290628 -0.288 -0.285248 -0.282376 -0.27939 -0.276293 -0.273091 -0.269789 -0.266392 -0.262906 -0.259334 -0.25568 -0.251947 -0.248137 -0.244251 -0.240291 -0.236257 -0.232146 -0.227958 -0.223692 -0.219344 -0.214914 -0.2104 -0.205801 -0.201116 -0.196349 -0.191501 -0.186577 -0.181584 -0.176529 -0.171423 -0.166278 -0.161107 -0.155925 -0.150746 -0.145588 -0.140466 -0.135395 -0.130392 -0.125471 -0.120645 -0.115925 -0.111322 -0.106845 -0.102501 -0.098296 -0.0942359 -0.0903245 -0.0865651 -0.0829604 -0.0795127 -0.0762237 -0.0730951 -0.070128 -0.0673234 -0.0646819 -0.0622038 -0.0598889 -0.0577365 -0.0557452 -0.0539132 -0.0522378 -0.0507157 -0.0493427 -0.0481139 -0.0470237 -0.0460656 -0.0452326 -0.0445169 -0.0439102 -0.0434037 -0.042988 -0.0426536 -0.0423907 -0.0421891 -0.0420389 -0.0419299 -0.0418523 -0.0417962 -0.0417523 -0.0417115 -0.0416652 -0.0416054 -0.0415246 -0.0414163 -0.0412743 -0.0410934 -0.0408692 -0.0405982 -0.0402776 -0.0399055 -0.039481 -0.0390037 -0.0384743 -0.037894 -0.0372648 -0.0365891 -0.0358701 -0.0351113 -0.0343164 -0.0334896 -0.0326352 -0.0317574 -0.0308607 -0.0299493 -0.0290273 -0.0280986 -0.0271668 -0.0262354 -0.0253072 -0.0243849 -0.0234708 -0.0225667 -0.0216743 -0.0207945 -0.0199282 -0.0190759 -0.0182378 -0.0174137 -0.0166032 -0.0158057 -0.0150203 -0.014246 -0.0134815 -0.0127255 -0.0119762 -0.011232 -0.0104911 -0.00975137 -0.00901075 -0.00826695 -0.00751754 -0.00675993 -0.00599132 -0.00520849 -0.00440832 -0.00358807 -0.00274519 -0.00187728 -0.000982105 -5.76113e-05 0.000898109 0.00187432 
-0.326786 -0.326785 -0.326784 -0.326782 -0.326779 -0.326775 -0.326771 -0.326766 -0.32676 -0.326754 -0.326749 -0.326743 -0.326737 -0.326731 -0.326725 -0.326719 -0.326713 -0.326706 -0.326698 -0.326689 -0.326678 -0.326663 -0.326644 -0.326619 -0.326587 -0.326545 -0.326491 -0.326424 -0.326339 -0.326234 -0.326105 -0.325949 -0.32576 -0.325534 -0.325268 -0.324954 -0.324589 -0.324166 -0.323679 -0.323124 -0.322493 -0.321781 -0.320983 -0.320093 -0.319106 -0.318016 -0.31682 -0.315513 -0.314092 -0.312554 -0.310896 -0.309118 -0.307218 -0.305195 -0.303052 -0.300788 -0.298405 -0.295906 -0.293293 -0.290569 -0.287737 -0.284801 -0.281764 -0.278629 -0.275398 -0.272073 -0.268656 -0.265148 -0.261549 -0.257857 -0.254071 -0.250187 -0.246201 -0.24211 -0.237908 -0.23359 -0.229149 -0.224582 -0.219884 -0.215053 -0.210086 -0.204985 -0.199753 -0.194397 -0.188925 -0.18335 -0.177687 -0.171954 -0.166171 -0.160363 -0.154552 -0.148766 -0.143028 -0.137365 -0.1318 -0.126355 -0.121052 -0.115906 -0.110934 -0.106146 -0.101551 -0.0971556 -0.0929633 -0.0889756 -0.0851921 -0.0816111 -0.0782297 -0.0750444 -0.0720512 -0.0692457 -0.0666235 -0.0641803 -0.0619116 -0.0598129 -0.05788 -0.0561084 -0.0544935 -0.0530306 -0.0517145 -0.05054 -0.0495013 -0.0485921 -0.0478058 -0.0471353 -0.0465729 -0.0461107 -0.04574 -0.0454522 -0.045238 -0.0450881 -0.0449929 -0.0449426 -0.0449276 -0.0449382 -0.0449648 -0.0449981 -0.0450293 -0.0450496 -0.0450509 -0.0450257 -0.044967 -0.0448685 -0.0447247 -0.0445309 -0.044283 -0.0439782 -0.043614 -0.0431891 -0.042703 -0.042156 -0.0415492 -0.0408843 -0.0401637 -0.0393905 -0.0385682 -0.0377008 -0.0367924 -0.0358477 -0.0348712 -0.0338677 -0.0328416 -0.0317976 -0.03074 -0.0296727 -0.0285997 -0.0275243 -0.0264495 -0.025378 -0.0243121 -0.0232537 -0.0222043 -0.0211649 -0.0201364 -0.0191193 -0.0181136 -0.0171193 -0.0161359 -0.0151629 -0.0141992 -0.013244 -0.0122959 -0.0113535 -0.0104152 -0.00947932 -0.00854386 -0.00760683 -0.00666607 -0.00571927 -0.00476397 -0.00379753 -0.00281705 -0.00181868 -0.00079896 0.000244885 0.00131534 0.00241467 0.00354489 0.00470776 0.00590466 0.00712128 
-0.33627 -0.33627 -0.336267 -0.336262 -0.336255 -0.336246 -0.336236 -0.336223 -0.336208 -0.336191 -0.336172 -0.33615 -0.336127 -0.3361 -0.336071 -0.336038 -0.336001 -0.33596 -0.335914 -0.335862 -0.335803 -0.335736 -0.335658 -0.33557 -0.335468 -0.33535 -0.335215 -0.335059 -0.33488 -0.334673 -0.334436 -0.334166 -0.333856 -0.333505 -0.333106 -0.332656 -0.33215 -0.331582 -0.330947 -0.330242 -0.32946 -0.328597 -0.327649 -0.326611 -0.325479 -0.32425 -0.32292 -0.321487 -0.319948 -0.318301 -0.316546 -0.314682 -0.312709 -0.310628 -0.308439 -0.306145 -0.303746 -0.301245 -0.298644 -0.295945 -0.293152 -0.290264 -0.287285 -0.284214 -0.281052 -0.2778 -0.274454 -0.271012 -0.267471 -0.263825 -0.260068 -0.256193 -0.252193 -0.248056 -0.243776 -0.239341 -0.234743 -0.229974 -0.225028 -0.219898 -0.214585 -0.209088 -0.203412 -0.197568 -0.191567 -0.185427 -0.179171 -0.172823 -0.166414 -0.159975 -0.153539 -0.147143 -0.140821 -0.134606 -0.128532 -0.122628 -0.11692 -0.111431 -0.106177 -0.101173 -0.0964292 -0.0919495 -0.0877363 -0.0837879 -0.0801004 -0.0766673 -0.0734808 -0.0705322 -0.0678116 -0.0653092 -0.0630151 -0.0609195 -0.0590129 -0.0572862 -0.0557306 -0.0543378 -0.0530997 -0.0520084 -0.0510562 -0.0502354 -0.0495384 -0.0489574 -0.0484844 -0.0481114 -0.0478301 -0.0476319 -0.0475081 -0.0474496 -0.0474474 -0.0474921 -0.0475743 -0.0476847 -0.0478137 -0.0479521 -0.0480908 -0.0482208 -0.0483336 -0.048421 -0.0484754 -0.0484897 -0.0484572 -0.0483724 -0.04823 -0.0480258 -0.0477565 -0.0474194 -0.0470128 -0.0465359 -0.0459886 -0.0453719 -0.0446872 -0.0439371 -0.0431243 -0.0422524 -0.0413256 -0.0403482 -0.039325 -0.0382609 -0.0371609 -0.0360301 -0.0348733 -0.0336955 -0.032501 -0.0312942 -0.030079 -0.0288588 -0.0276368 -0.0264157 -0.0251977 -0.0239847 -0.0227782 -0.0215792 -0.0203886 -0.0192068 -0.0180338 -0.0168696 -0.0157136 -0.0145654 -0.013424 -0.0122883 -0.0111571 -0.010029 -0.00890233 -0.0077753 -0.00664603 -0.00551246 -0.00437241 -0.00322356 -0.00206348 -0.000889548 0.000301107 0.00151343 0.00275143 0.00401786 0.00531509 0.00664521 0.00801012 0.00941138 0.01085 0.0123084 
-0.345757 -0.345756 -0.345751 -0.345744 -0.345733 -0.345719 -0.345702 -0.345682 -0.345657 -0.345629 -0.345596 -0.345559 -0.345517 -0.34547 -0.345417 -0.345357 -0.34529 -0.345215 -0.345131 -0.345036 -0.34493 -0.34481 -0.344676 -0.344524 -0.344354 -0.344162 -0.343946 -0.343703 -0.34343 -0.343124 -0.342782 -0.342399 -0.341972 -0.341497 -0.340969 -0.340385 -0.33974 -0.33903 -0.338251 -0.337399 -0.336469 -0.335458 -0.334362 -0.333178 -0.331904 -0.330537 -0.329075 -0.327516 -0.325859 -0.324105 -0.322253 -0.320303 -0.318257 -0.316115 -0.31388 -0.311552 -0.309135 -0.306631 -0.30404 -0.301366 -0.298608 -0.295768 -0.292847 -0.289842 -0.286752 -0.283573 -0.280302 -0.276932 -0.273457 -0.269866 -0.266149 -0.262296 -0.258294 -0.254128 -0.249786 -0.245254 -0.240518 -0.235567 -0.230392 -0.224985 -0.219345 -0.213471 -0.20737 -0.201054 -0.194538 -0.187845 -0.181004 -0.174047 -0.167012 -0.159939 -0.152872 -0.145856 -0.138934 -0.132151 -0.125546 -0.119158 -0.113018 -0.107154 -0.101589 -0.0963377 -0.0914114 -0.0868153 -0.0825498 -0.078611 -0.0749913 -0.0716804 -0.0686658 -0.0659333 -0.063468 -0.0612544 -0.0592769 -0.0575206 -0.0559705 -0.0546129 -0.0534343 -0.0524222 -0.0515647 -0.0508506 -0.0502693 -0.0498105 -0.0494645 -0.0492216 -0.0490725 -0.0490079 -0.0490187 -0.0490956 -0.0492295 -0.0494112 -0.0496313 -0.0498807 -0.05015 -0.05043 -0.0507117 -0.050986 -0.0512441 -0.0514776 -0.0516783 -0.0518385 -0.051951 -0.0520091 -0.0520068 -0.0519388 -0.0518005 -0.0515882 -0.051299 -0.0509308 -0.0504824 -0.0499536 -0.049345 -0.0486579 -0.0478945 -0.0470578 -0.0461512 -0.045179 -0.0441458 -0.0430565 -0.0419163 -0.0407307 -0.0395052 -0.0382451 -0.0369558 -0.0356424 -0.0343097 -0.032962 -0.0316034 -0.0302376 -0.0288676 -0.0274963 -0.0261258 -0.024758 -0.0233944 -0.0220359 -0.0206834 -0.0193371 -0.0179971 -0.0166634 -0.0153354 -0.0140125 -0.0126939 -0.0113783 -0.0100647 -0.00875154 -0.00743717 -0.00611981 -0.00479754 -0.00346828 -0.00212984 -0.000779934 0.000583823 0.00196387 0.00336261 0.00478697 0.00624192 0.00772998 0.00925322 0.0108136 0.0124129 0.0140528 0.0157345 0.0174383 
-0.355247 -0.355245 -0.35524 -0.35523 -0.355216 -0.355198 -0.355174 -0.355146 -0.355113 -0.355073 -0.355028 -0.354976 -0.354916 -0.354849 -0.354773 -0.354687 -0.354591 -0.354482 -0.354361 -0.354225 -0.354072 -0.353902 -0.353711 -0.353498 -0.353261 -0.352996 -0.352702 -0.352374 -0.35201 -0.351607 -0.351161 -0.350669 -0.350127 -0.349531 -0.348877 -0.348162 -0.347382 -0.346532 -0.345611 -0.344614 -0.343538 -0.34238 -0.341138 -0.339811 -0.338395 -0.336891 -0.335296 -0.333612 -0.331838 -0.329974 -0.328023 -0.325985 -0.323863 -0.321658 -0.319373 -0.31701 -0.314572 -0.31206 -0.309477 -0.306824 -0.3041 -0.301307 -0.298442 -0.295502 -0.292485 -0.289384 -0.286191 -0.282898 -0.279494 -0.275967 -0.272301 -0.26848 -0.264489 -0.260308 -0.255919 -0.251304 -0.246446 -0.24133 -0.235942 -0.230273 -0.224319 -0.21808 -0.211563 -0.204781 -0.197754 -0.190509 -0.18308 -0.175507 -0.167835 -0.160115 -0.152399 -0.144742 -0.137198 -0.12982 -0.122658 -0.115757 -0.109156 -0.10289 -0.0969848 -0.0914591 -0.0863257 -0.08159 -0.0772514 -0.0733038 -0.0697367 -0.0665355 -0.0636831 -0.0611602 -0.0589462 -0.05702 -0.0553604 -0.0539467 -0.0527586 -0.0517771 -0.050984 -0.0503623 -0.0498961 -0.0495707 -0.0493721 -0.0492875 -0.0493046 -0.049412 -0.0495987 -0.0498541 -0.0501681 -0.0505308 -0.0509325 -0.0513636 -0.0518149 -0.0522769 -0.0527405 -0.0531967 -0.0536367 -0.0540519 -0.0544337 -0.0547742 -0.0550655 -0.0553006 -0.0554725 -0.0555751 -0.055603 -0.0555512 -0.0554157 -0.0551934 -0.0548819 -0.0544796 -0.0539861 -0.0534015 -0.0527272 -0.0519651 -0.0511181 -0.0501897 -0.0491841 -0.0481061 -0.0469609 -0.0457541 -0.0444916 -0.0431793 -0.0418231 -0.040429 -0.0390027 -0.0375496 -0.0360747 -0.0345827 -0.0330778 -0.0315637 -0.0300436 -0.0285203 -0.026996 -0.0254725 -0.0239512 -0.022433 -0.0209186 -0.0194083 -0.0179022 -0.0163999 -0.0149012 -0.0134053 -0.0119113 -0.0104182 -0.00892456 -0.00742905 -0.00592998 -0.00442555 -0.0029138 -0.00139263 0.00014017 0.00168687 0.00324983 0.00483139 0.00643389 0.00806861 0.00973919 0.011447 0.0131935 0.0149804 0.0168096 0.018683 0.0206027 0.0225495 
VECTORS velocity double
1 0.00136215 0.0
1 0.00411141 0.0
1.00001 0.00688574 0.0
1.00002 0.00968542 0.0
1.00003 0.0125109 0.0
1.00004 0.015363 0.0
1.00005 0.0182425 0.0
1.00007 0.0211507 0.0
1.00009 0.0240889 0.0
1.00012 0.0270589 0.0
1.00015 0.0300625 0.0
1.00018 0.0331021 0.0
1.00021 0.03618 0.0
1.00025 0.0392992 0.0
1.00029 0.0424628 0.0
1.00034 0.0456741 0.0
1.00039 0.0489369 0.0
1.00045 0.0522553 0.0
1.00051 0.0556335 0.0
1.00057 0.0590761 0.0
1.00064 0.0625882 0.0
1.00072 0.0661747 0.0
1.0008 0.0698412 0.0
1.00089 0.0735932 0.0
1.00098 0.0774366 0.0
1.00108 0.0813774 0.0
1.00119 0.0854215 0.0
1.0013 0.0895753 0.0
1.00142 0.093845 0.0
1.00155 0.0982367 0.0
1.00168 0.102757 0.0
1.00182 0.107411 0.0
1.00197 0.112206 0.0
1.00212 0.117146 0.0
1.00228 0.122238 0.0
1.00245 0.127486 0.0
1.00263 0.132896 0.0
1.00281 0.138471 0.0
1.003 0.144215 0.0
1.0032 0.150132 0.0
1.0034 0.156224 0.0
1.00362 0.162493 0.0
1.00383 0.16894 0.0
1.00406 0.175566 0.0
1.00429 0.182371 0.0
1.00452 0.189353 0.0
1.00476 0.19651 0.0
1.00501 0.20384 0.0
1.00526 0.211339 0.0
1.00551 0.219003 0.0
1.00576 0.226826 0.0
1.00602 0.234801 0.0
1.00629 0.242921 0.0
1.00655 0.251179 0.0
1.00681 0.259565 0.0
1.00708 0.268069 0.0
1.00734 0.276681 0.0
1.0076 0.28539 0.0
1.00786 0.294183 0.0
1.00812 0.303047 0.0
1.00837 0.311969 0.0
1.00862 0.320936 0.0
1.00887 0.329931 0.0
1.00911 0.338941 0.0
1.00933 0.347949 0.0
1.00956 0.356941 0.0
1.00977 0.365899 0.0
1.00997 0.374808 0.0
1.01016 0.383651 0.0
1.01034 0.392412 0.0
1.0105 0.401074 0.0
1.01065 0.409622 0.0
1.01078 0.418038 0.0
1.0109 0.426308 0.0
1.011 0.434417 0.0
1.01108 0.442349 0.0
1.01114 0.450091 0.0
1.01118 0.45763 0.0
1.01121 0.464954 0.0
1.01121 0.47205 0.0
1.01119 0.478908 0.0
1.01114 0.48552 0.0
1.01108 0.491875 0.0
1.01099 0.497969 0.0
1.01088 0.503793 0.0
1.01074 0.509345 0.0
1.01059 0.514619 0.0
1.01041 0.519614 0.0
1.0102 0.524328 0.0
1.00998 0.528762 0.0
1.00973 0.532917 0.0
1.00946 0.536794 0.0
1.00917 0.540398 0.0
1.00886 0.543732 0.0
1.00853 0.546801 0.0
1.00818 0.549612 0.0
1.00781 0.55217 0.0
1.00742 0.554483 0.0
1.00702 0.556559 0.0
1.0066 0.558406 0.0
1.00617 0.560032 0.0
1.00572 0.561446 0.0
1.00526 0.562657 0.0
1.00479 0.563672 0.0
1.0043 0.564502 0.0
1.00381 0.565154 0.0
1.0033 0.565636 0.0
1.00279 0.565955 0.0
1.00226 0.56612 0.0
1.00173 0.566137 0.0
1.00119 0.566011 0.0
1.00064 0.565747 0.0
1.00009 0.56535 0.0
0.999526 0.564823 0.0
0.998957 0.564167 0.0
0.998382 0.563385 0.0
0.9978 0.562476 0.0
0.997211 0.561439 0.0
0.996614 0.560271 0.0
0.99601 0.558968 0.0
0.995397 0.557524 0.0
0.994775 0.555932 0.0
0.994143 0.554185 0.0
0.9935 0.552271 0.0
0.992845 0.550179 0.0
0.992176 0.547896 0.0
0.991492 0.545406 0.0
0.990792 0.542692 0.0
0.990073 0.539737 0.0
0.989334 0.53652 0.0
0.988573 0.533019 0.0
0.987788 0.529211 0.0
0.986976 0.525072 0.0
0.986135 0.520576 0.0
0.985263 0.515696 0.0
0.984356 0.510404 0.0
0.983413 0.504671 0.0
0.982431 0.49847 0.0
0.981407 0.491771 0.0
0.980339 0.484547 0.0
0.979224 0.476771 0.0
0.97806 0.468418 0.0
0.976845 0.459465 0.0
0.975578 0.449892 0.0
0.974256 0.439685 0.0
0.97288 0.42883 0.0
0.971448 0.417322 0.0
0.96996 0.405159 0.0
0.968418 0.392346 0.0
0.966822 0.378894 0.0
0.965174 0.364817 0.0
0.963476 0.350137 0.0
0.961731 0.334881 0.0
0.959943 0.319077 0.0
0.958113 0.302757 0.0
0.956248 0.285954 0.0
0.954348 0.268703 0.0
0.95242 0.251037 0.0
0.950465 0.232991 0.0
0.948487 0.214597 0.0
0.94649 0.195892 0.0
0.944476 0.176913 0.0
0.94245 0.157703 0.0
0.940414 0.13831 0.0
0.938372 0.118791 0.0
0.936329 0.0992122 0.0
0.934289 0.0796479 0.0
0.932257 0.0601806 0.0
0.930239 0.0408973 0.0
0.928239 0.0218849 0.0
0.926263 0.00322454 0.0
0.92431 -0.0150341 0.0
0.922379 -0.0328699 0.0
0.920475 -0.0502085 0.0
0.918607 -0.0669237 0.0
0.916789 -0.0828481 0.0
0.915037 -0.097788 0.0
0.913373 -0.111539 0.0
0.911816 -0.123901 0.0
0.910385 -0.13469 0.0
0.909098 -0.143753 0.0
0.907968 -0.150972 0.0
0.907007 -0.156273 0.0
0.906222 -0.159626 0.0
0.905615 -0.161056 0.0
0.905185 -0.160635 0.0
0.904925 -0.158487 0.0
0.904825 -0.154786 0.0
0.90487 -0.149748 0.0
0.905041 -0.143632 0.0
0.905316 -0.136727 0.0
0.905671 -0.129347 0.0
0.906081 -0.121824 0.0
0.906518 -0.114492 0.0
0.906957 -0.107686 0.0
0.907373 -0.101725 0.0
0.907742 -0.0969122 0.0
0.908045 -0.0935204 0.0
0.908265 -0.0917649 0.0
0.908394 -0.0916059 0.0
1 0.00136089 0.0
1 0.0041077 0.0
1.00001 0.00687955 0.0
1.00002 0.00967669 0.0
1.00003 0.0124996 0.0
1.00004 0.0153489 0.0
1.00005 0.0182255 0.0
1.00007 0.0211307 0.0
1.00009 0.0240657 0.0
1.00012 0.0270323 0.0
1.00015 0.0300323 0.0
1.00018 0.033068 0.0
1.00022 0.036142 0.0
1.00026 0.0392569 0.0
1.00031 0.042416 0.0
1.00036 0.0456225 0.0
1.00041 0.0488803 0.0
1.00048 0.0521934 0.0
1.00055 0.0555661 0.0
1.00062 0.059003 0.0
1.0007 0.062509 0.0
1.00079 0.0660893 0.0
1.00089 0.0697494 0.0
1.00099 0.0734947 0.0
1.0011 0.0773313 0.0
1.00122 0.081265 0.0
1.00135 0.085302 0.0
1.00148 0.0894486 0.0
1.00162 0.0937109 0.0
1.00177 0.0980952 0.0
1.00193 0.102608 0.0
1.00209 0.107255 0.0
1.00227 0.112042 0.0
1.00245 0.116975 0.0
1.00263 0.12206 0.0
1.00283 0.127301 0.0
1.00303 0.132704 0.0
1.00324 0.138272 0.0
1.00345 0.14401 0.0
1.00367 0.149921 0.0
1.0039 0.156007 0.0
1.00413 0.16227 0.0
1.00436 0.168712 0.0
1.0046 0.175333 0.0
1.00484 0.182133 0.0
1.00508 0.189111 0.0
1.00533 0.196265 0.0
1.00558 0.203592 0.0
1.00583 0.211088 0.0
1.00608 0.21875 0.0
1.00633 0.22657 0.0
1.00658 0.234544 0.0
1.00684 0.242664 0.0
1.00709 0.250922 0.0
1.00734 0.259308 0.0
1.00758 0.267813 0.0
1.00783 0.276427 0.0
1.00807 0.285138 0.0
1.00831 0.293934 0.0
1.00855 0.302802 0.0
1.00878 0.311729 0.0
1.00901 0.320701 0.0
1.00923 0.329702 0.0
1.00944 0.338719 0.0
1.00964 0.347736 0.0
1.00984 0.356737 0.0
1.01003 0.365705 0.0
1.01021 0.374625 0.0
1.01037 0.383479 0.0
1.01053 0.392253 0.0
1.01067 0.400929 0.0
1.01079 0.409491 0.0
1.01091 0.417923 0.0
1.011 0.42621 0.0
1.01108 0.434336 0.0
1.01115 0.442286 0.0
1.01119 0.450048 0.0
1.01122 0.457606 0.0
1.01122 0.46495 0.0
1.01121 0.472067 0.0
1.01117 0.478947 0.0
1.01111 0.48558 0.0
1.01104 0.491959 0.0
1.01094 0.498074 0.0
1.01081 0.503922 0.0
1.01067 0.509496 0.0
1.0105 0.514792 0.0
1.01031 0.51981 0.0
1.0101 0.524546 0.0
1.00987 0.529002 0.0
1.00962 0.533178 0.0
1.00934 0.537077 0.0
1.00905 0.540701 0.0
1.00873 0.544055 0.0
1.0084 0.547143 0.0
1.00804 0.549972 0.0
1.00767 0.552548 0.0
1.00729 0.554878 0.0
1.00688 0.55697 0.0
1.00646 0.558832 0.0
1.00603 0.560473 0.0
1.00558 0.5619 0.0
1.00512 0.563123 0.0
1.00465 0.564151 0.0
1.00417 0.564992 0.0
1.00367 0.565654 0.0
1.00317 0.566145 0.0
1.00266 0.566474 0.0
1.00213 0.566648 0.0
1.0016 0.566672 0.0
1.00107 0.566554 0.0
1.00052 0.566297 0.0
0.999968 0.565907 0.0
0.999409 0.565386 0.0
0.998843 0.564738 0.0
0.998271 0.563963 0.0
0.997691 0.563061 0.0
0.997104 0.562031 0.0
0.99651 0.56087 0.0
0.995908 0.559575 0.0
0.995297 0.55814 0.0
0.994677 0.556558 0.0
0.994047 0.554821 0.0
0.993405 0.552919 0.0
0.992751 0.55084 0.0
0.992083 0.548571 0.0
0.9914 0.546097 0.0
0.990699 0.543401 0.0
0.989981 0.540465 0.0
0.989241 0.537269 0.0
0.98848 0.533792 0.0
0.987693 0.53001 0.0
0.986879 0.525899 0.0
0.986036 0.521433 0.0
0.985161 0.516586 0.0
0.984251 0.51133 0.0
0.983305 0.505635 0.0
0.982318 0.499475 0.0
0.981289 0.492819 0.0
0.980216 0.485641 0.0
0.979095 0.477913 0.0
0.977924 0.46961 0.0
0.976702 0.460709 0.0
0.975426 0.451191 0.0
0.974095 0.441038 0.0
0.972708 0.43024 0.0
0.971264 0.418788 0.0
0.969763 0.406681 0.0
0.968206 0.393924 0.0
0.966592 0.380525 0.0
0.964924 0.366501 0.0
0.963202 0.351872 0.0
0.96143 0.336664 0.0
0.959607 0.320905 0.0
0.957738 0.304627 0.0
0.955823 0.287865 0.0
0.953862 0.270651 0.0
0.951858 0.253022 0.0
0.949807 0.235011 0.0
0.947708 0.216653 0.0
0.945556 0.197986 0.0
0.943343 0.179046 0.0
0.941061 0.159879 0.0
0.938697 0.140534 0.0
0.936238 0.121068 0.0
0.933671 0.101546 0.0
0.930983 0.0820425 0.0
0.928164 0.0626365 0.0
0.925213 0.0434106 0.0
0.922138 0.0244456 0.0
0.918964 0.00581442 0.0
0.915731 -0.0124379 0.0
0.912484 -0.0302888 0.0
0.909265 -0.0476664 0.0
0.906113 -0.0644455 0.0
0.903064 -0.0804592 0.0
0.900152 -0.0955132 0.0
0.897404 -0.109402 0.0
0.894845 -0.121922 0.0
0.892499 -0.132891 0.0
0.890384 -0.14215 0.0
0.888519 -0.14958 0.0
0.886916 -0.155102 0.0
0.885588 -0.158684 0.0
0.88454 -0.160344 0.0
0.883774 -0.160151 0.0
0.883286 -0.158223 0.0
0.883064 -0.154729 0.0
0.883093 -0.149879 0.0
0.883348 -0.143927 0.0
0.8838 -0.137158 0.0
0.884413 -0.129883 0.0
0.885145 -0.122429 0.0
0.88595 -0.11513 0.0
0.88678 -0.108317 0.0
0.887584 -0.102313 0.0
0.888312 -0.0974209 0.0
0.888914 -0.0939163 0.0
0.889346 -0.0920211 0.0
0.889583 -0.0917163 0.0
1 0.00135972 0.0
1 0.00410422 0.0
1.00001 0.00687374 0.0
1.00001 0.00966845 0.0
1.00002 0.0124887 0.0
1.00003 0.0153353 0.0
1.00005 0.0182089 0.0
1.00007 0.0211108 0.0
1.00009 0.0240423 0.0
1.00011 0.027005 0.0
1.00014 0.0300008 0.0
1.00018 0.033032 0.0
1.00022 0.0361011 0.0
1.00026 0.0392107 0.0
1.00032 0.0423641 0.0
1.00037 0.0455646 0.0
1.00044 0.0488159 0.0
1.00051 0.0521222 0.0
1.00059 0.0554876 0.0
1.00068 0.0589169 0.0
1.00078 0.0624151 0.0
1.00089 0.0659872 0.0
1.001 0.0696387 0.0
1.00113 0.0733754 0.0
1.00127 0.077203 0.0
1.00142 0.0811277 0.0
1.00157 0.0851556 0.0
1.00174 0.0892929 0.0
1.00192 0.0935461 0.0
1.00211 0.0979214 0.0
1.00231 0.102425 0.0
1.00252 0.107063 0.0
1.00274 0.111842 0.0
1.00296 0.116767 0.0
1.0032 0.121844 0.0
1.00344 0.127079 0.0
1.00369 0.132475 0.0
1.00395 0.138037 0.0
1.00421 0.14377 0.0
1.00447 0.149676 0.0
1.00474 0.155758 0.0
1.00501 0.162018 0.0
1.00528 0.168457 0.0
1.00556 0.175077 0.0
1.00583 0.181876 0.0
1.0061 0.188853 0.0
1.00637 0.196007 0.0
1.00664 0.203334 0.0
1.0069 0.210832 0.0
1.00716 0.218495 0.0
1.00742 0.226318 0.0
1.00767 0.234295 0.0
1.00791 0.242418 0.0
1.00815 0.250679 0.0
1.00838 0.259069 0.0
1.00861 0.267578 0.0
1.00883 0.276197 0.0
1.00904 0.284913 0.0
1.00925 0.293714 0.0
1.00945 0.302588 0.0
1.00964 0.311521 0.0
1.00982 0.320499 0.0
1.01 0.329508 0.0
1.01017 0.338533 0.0
1.01033 0.347558 0.0
1.01048 0.356568 0.0
1.01062 0.365546 0.0
1.01075 0.374476 0.0
1.01087 0.383342 0.0
1.01097 0.392128 0.0
1.01107 0.400817 0.0
1.01115 0.409393 0.0
1.01122 0.41784 0.0
1.01128 0.426142 0.0
1.01132 0.434284 0.0
1.01134 0.442252 0.0
1.01135 0.450031 0.0
1.01134 0.457608 0.0
1.01131 0.464971 0.0
1.01126 0.472108 0.0
1.0112 0.479008 0.0
1.01111 0.485662 0.0
1.011 0.492061 0.0
1.01088 0.498198 0.0
1.01073 0.504067 0.0
1.01057 0.509662 0.0
1.01038 0.51498 0.0
1.01017 0.520019 0.0
1.00994 0.524777 0.0
1.00969 0.529253 0.0
1.00943 0.53345 0.0
1.00914 0.537368 0.0
1.00883 0.541011 0.0
1.00851 0.544384 0.0
1.00816 0.547491 0.0
1.0078 0.550337 0.0
1.00743 0.55293 0.0
1.00703 0.555276 0.0
1.00663 0.557384 0.0
1.0062 0.55926 0.0
1.00577 0.560914 0.0
1.00532 0.562355 0.0
1.00486 0.56359 0.0
1.00439 0.564629 0.0
1.0039 0.56548 0.0
1.00341 0.566152 0.0
1.00291 0.566653 0.0
1.0024 0.566991 0.0
1.00188 0.567172 0.0
1.00135 0.567204 0.0
1.00082 0.567093 0.0
1.00028 0.566844 0.0
0.99973 0.56646 0.0
0.999176 0.565947 0.0
0.998615 0.565305 0.0
0.998047 0.564536 0.0
0.997473 0.563641 0.0
0.996891 0.562619 0.0
0.996301 0.561466 0.0
0.995704 0.560179 0.0
0.995098 0.558753 0.0
0.994482 0.557181 0.0
0.993855 0.555455 0.0
0.993217 0.553565 0.0
0.992566 0.551499 0.0
0.991901 0.549245 0.0
0.99122 0.546787 0.0
0.990522 0.544109 0.0
0.989804 0.541193 0.0
0.989066 0.538019 0.0
0.988303 0.534566 0.0
0.987516 0.53081 0.0
0.9867 0.526728 0.0
0.985854 0.522294 0.0
0.984975 0.51748 0.0
0.984061 0.51226 0.0
0.983108 0.506605 0.0
0.982114 0.500486 0.0
0.981076 0.493875 0.0
0.979992 0.486743 0.0
0.978858 0.479065 0.0
0.977674 0.470814 0.0
0.976435 0.461967 0.0
0.97514 0.452504 0.0
0.973787 0.442409 0.0
0.972375 0.431668 0.0
0.970903 0.420276 0.0
0.969369 0.408229 0.0
0.967773 0.39553 0.0
0.966115 0.382191 0.0
0.964395 0.368225 0.0
0.962613 0.353653 0.0
0.960768 0.338501 0.0
0.95886 0.322798 0.0
0.956886 0.306577 0.0
0.954845 0.289872 0.0
0.95273 0.272719 0.0
0.950533 0.255156 0.0
0.948243 0.237218 0.0
0.945844 0.218945 0.0
0.943316 0.200375 0.0
0.940633 0.181552 0.0
0.937769 0.162521 0.0
0.934691 0.143334 0.0
0.931371 0.124047 0.0
0.927782 0.104723 0.0
0.923911 0.0854258 0.0
0.919759 0.0662244 0.0
0.915348 0.0471847 0.0
0.910726 0.0283685 0.0
0.905962 0.00982892 0.0
0.901141 -0.00839828 0.0
0.896343 -0.0262831 0.0
0.891637 -0.0437473 0.0
0.887083 -0.0606579 0.0
0.882724 -0.0768398 0.0
0.878596 -0.0920916 0.0
0.874723 -0.106203 0.0
0.871128 -0.118968 0.0
0.867828 -0.130199 0.0
0.86484 -0.13974 0.0
0.862183 -0.147467 0.0
0.859871 -0.1533 0.0
0.857919 -0.157205 0.0
0.856338 -0.159194 0.0
0.855135 -0.159331 0.0
0.854308 -0.157728 0.0
0.85385 -0.154545 0.0
0.853747 -0.149988 0.0
0.853973 -0.1443 0.0
0.854494 -0.137759 0.0
0.855268 -0.130669 0.0
0.856241 -0.123349 0.0
0.857354 -0.116128 0.0
0.858537 -0.109333 0.0
0.859717 -0.103282 0.0
0.860814 -0.0982767 0.0
0.861745 -0.0945936 0.0
0.862428 -0.0924589 0.0
0.862797 -0.0918844 0.0
1 0.00135869 0.0
1 0.00410114 0.0
1.00001 0.00686852 0.0
1.00001 0.00966094 0.0
1.00002 0.0124787 0.0
1.00003 0.0153225 0.0
1.00005 0.018193 0.0
1.00006 0.0210914 0.0
1.00008 0.024019 0.0
1.00011 0.0269774 0.0
1.00014 0.0299683 0.0
1.00018 0.0329941 0.0
1.00022 0.0360572 0.0
1.00027 0.0391603 0.0
1.00032 0.0423066 0.0
1.00039 0.0454994 0.0
1.00046 0.0487424 0.0
1.00054 0.0520397 0.0
1.00064 0.0553957 0.0
1.00074 0.058815 0.0
1.00086 0.0623026 0.0
1.00099 0.0658637 0.0
1.00113 0.0695039 0.0
1.00128 0.0732288 0.0
1.00145 0.0770444 0.0
1.00163 0.0809568 0.0
1.00183 0.0849724 0.0
1.00204 0.0890974 0.0
1.00226 0.0933384 0.0
1.0025 0.0977017 0.0
1.00275 0.102194 0.0
1.00302 0.106821 0.0
1.0033 0.111589 0.0
1.00359 0.116505 0.0
1.00388 0.121573 0.0
1.00419 0.126799 0.0
1.00451 0.132188 0.0
1.00483 0.137745 0.0
1.00516 0.143472 0.0
1.0055 0.149375 0.0
1.00583 0.155455 0.0
1.00617 0.161714 0.0
1.0065 0.168154 0.0
1.00684 0.174775 0.0
1.00716 0.181577 0.0
1.00749 0.188558 0.0
1.0078 0.195717 0.0
1.00811 0.203051 0.0
1.0084 0.210556 0.0
1.00869 0.218227 0.0
1.00896 0.226058 0.0
1.00922 0.234044 0.0
1.00947 0.242176 0.0
1.0097 0.250447 0.0
1.00993 0.258847 0.0
1.01013 0.267366 0.0
1.01033 0.275995 0.0
1.01051 0.284721 0.0
1.01068 0.293532 0.0
1.01083 0.302416 0.0
1.01097 0.311359 0.0
1.0111 0.320347 0.0
1.01122 0.329366 0.0
1.01133 0.3384 0.0
1.01143 0.347436 0.0
1.01151 0.356455 0.0
1.01158 0.365444 0.0
1.01165 0.374385 0.0
1.0117 0.383263 0.0
1.01174 0.39206 0.0
1.01176 0.400761 0.0
1.01178 0.40935 0.0
1.01178 0.41781 0.0
1.01177 0.426126 0.0
1.01175 0.434283 0.0
1.01171 0.442266 0.0
1.01166 0.450061 0.0
1.01159 0.457655 0.0
1.01151 0.465035 0.0
1.01141 0.472189 0.0
1.0113 0.479108 0.0
1.01116 0.48578 0.0
1.01101 0.492198 0.0
1.01085 0.498354 0.0
1.01066 0.504242 0.0
1.01046 0.509857 0.0
1.01024 0.515194 0.0
1.01 0.520252 0.0
1.00974 0.525029 0.0
1.00947 0.529524 0.0
1.00917 0.533739 0.0
1.00886 0.537676 0.0
1.00854 0.541337 0.0
1.00819 0.544727 0.0
1.00783 0.54785 0.0
1.00746 0.550712 0.0
1.00707 0.55332 0.0
1.00667 0.555681 0.0
1.00625 0.557803 0.0
1.00582 0.559692 0.0
1.00538 0.561359 0.0
1.00493 0.562811 0.0
1.00447 0.564057 0.0
1.00399 0.565107 0.0
1.00351 0.565968 0.0
1.00302 0.566649 0.0
1.00252 0.567158 0.0
1.00201 0.567504 0.0
1.0015 0.567693 0.0
1.00097 0.567732 0.0
1.00044 0.567628 0.0
0.999909 0.567385 0.0
0.999368 0.567008 0.0
0.99882 0.566501 0.0
0.998266 0.565866 0.0
0.997705 0.565104 0.0
0.997138 0.564216 0.0
0.996563 0.5632 0.0
0.995981 0.562055 0.0
0.99539 0.560777 0.0
0.994791 0.559361 0.0
0.994182 0.557799 0.0
0.993561 0.556084 0.0
0.992929 0.554206 0.0
0.992284 0.552155 0.0
0.991623 0.549915 0.0
0.990946 0.547475 0.0
0.990251 0.544815 0.0
0.989536 0.54192 0.0
0.988798 0.538769 0.0
0.988037 0.53534 0.0
0.987248 0.531612 0.0
0.98643 0.52756 0.0
0.985581 0.523158 0.0
0.984697 0.518379 0.0
0.983775 0.513197 0.0
0.982813 0.507582 0.0
0.981809 0.501507 0.0
0.980758 0.494942 0.0
0.979657 0.48786 0.0
0.978505 0.480234 0.0
0.977298 0.472037 0.0
0.976034 0.463247 0.0
0.974709 0.453844 0.0
0.973321 0.443809 0.0
0.971869 0.433132 0.0
0.970349 0.421804 0.0
0.968761 0.409822 0.0
0.967102 0.397191 0.0
0.96537 0.38392 0.0
0.963563 0.370023 0.0
0.961678 0.355522 0.0
0.959711 0.340444 0.0
0.957656 0.324819 0.0
0.955504 0.308681 0.0
0.953246 0.292068 0.0
0.950864 0.27502 0.0
0.948339 0.257577 0.0
0.945645 0.239781 0.0
0.942748 0.221677 0.0
0.939611 0.203308 0.0
0.936193 0.18472 0.0
0.932448 0.165962 0.0
0.928338 0.147081 0.0
0.923832 0.128127 0.0
0.918913 0.109149 0.0
0.91359 0.0901928 0.0
0.907899 0.0713008 0.0
0.901906 0.0525125 0.0
0.895705 0.0338644 0.0
0.889409 0.0153926 0.0
0.883132 -0.0028644 0.0
0.876973 -0.020859 0.0
0.871005 -0.0384979 0.0
0.865284 -0.0556315 0.0
0.859847 -0.0720705 0.0
0.854717 -0.0876031 0.0
0.849911 -0.102013 0.0
0.845441 -0.115092 0.0
0.841319 -0.126653 0.0
0.837562 -0.136541 0.0
0.834186 -0.144633 0.0
0.831212 -0.150849 0.0
0.828659 -0.155152 0.0
0.826543 -0.157551 0.0
0.824877 -0.158104 0.0
0.823666 -0.156917 0.0
0.822907 -0.15414 0.0
0.822587 -0.14997 0.0
0.822682 -0.144639 0.0
0.823158 -0.138417 0.0
0.823967 -0.131594 0.0
0.82505 -0.12448 0.0
0.826335 -0.117395 0.0
0.827742 -0.110656 0.0
0.829176 -0.104573 0.0
0.830536 -0.0994423 0.0
0.831711 -0.0955345 0.0
0.832584 -0.0930741 0.0
0.833056 -0.0921091 0.0
1 0.00135782 0.0
1 0.00409851 0.0
1.00001 0.00686401 0.0
1.00001 0.00965435 0.0
1.00002 0.0124698 0.0
1.00003 0.0153108 0.0
1.00004 0.0181782 0.0
1.00006 0.021073 0.0
1.00008 0.0239963 0.0
1.0001 0.0269498 0.0
1.00013 0.0299353 0.0
1.00017 0.0329548 0.0
1.00021 0.0360108 0.0
1.00026 0.0391061 0.0
1.00032 0.0422437 0.0
1.00039 0.045427 0.0
1.00048 0.0486597 0.0
1.00057 0.0519459 0.0
1.00068 0.0552899 0.0
1.0008 0.0586964 0.0
1.00093 0.0621704 0.0
1.00108 0.0657173 0.0
1.00125 0.0693425 0.0
1.00143 0.073052 0.0
1.00163 0.0768517 0.0
1.00185 0.080748 0.0
1.00209 0.0847471 0.0
1.00235 0.0888558 0.0
1.00262 0.0930804 0.0
1.00291 0.0974277 0.0
1.00323 0.101904 0.0
1.00356 0.106516 0.0
1.0039 0.111271 0.0
1.00426 0.116173 0.0
1.00464 0.121229 0.0
1.00503 0.126445 0.0
1.00542 0.131825 0.0
1.00583 0.137375 0.0
1.00625 0.143098 0.0
1.00667 0.148997 0.0
1.00709 0.155075 0.0
1.00751 0.161336 0.0
1.00793 0.167779 0.0
1.00834 0.174405 0.0
1.00875 0.181214 0.0
1.00915 0.188204 0.0
1.00953 0.195374 0.0
1.0099 0.202721 0.0
1.01025 0.210239 0.0
1.01058 0.217925 0.0
1.01089 0.225773 0.0
1.01119 0.233776 0.0
1.01145 0.241926 0.0
1.0117 0.250215 0.0
1.01193 0.258633 0.0
1.01213 0.267171 0.0
1.0123 0.275818 0.0
1.01246 0.284562 0.0
1.01259 0.29339 0.0
1.0127 0.302291 0.0
1.01279 0.31125 0.0
1.01287 0.320253 0.0
1.01292 0.329287 0.0
1.01296 0.338336 0.0
1.01298 0.347384 0.0
1.01298 0.356417 0.0
1.01297 0.365419 0.0
1.01295 0.374372 0.0
1.01291 0.383262 0.0
1.01286 0.392071 0.0
1.0128 0.400784 0.0
1.01273 0.409385 0.0
1.01264 0.417857 0.0
1.01254 0.426186 0.0
1.01243 0.434356 0.0
1.01231 0.442352 0.0
1.01218 0.450161 0.0
1.01203 0.457768 0.0
1.01187 0.465163 0.0
1.0117 0.472332 0.0
1.01152 0.479266 0.0
1.01132 0.485954 0.0
1.0111 0.492387 0.0
1.01088 0.49856 0.0
1.01063 0.504464 0.0
1.01038 0.510095 0.0
1.01011 0.515449 0.0
1.00982 0.520523 0.0
1.00952 0.525316 0.0
1.0092 0.529828 0.0
1.00888 0.534058 0.0
1.00853 0.53801 0.0
1.00817 0.541687 0.0
1.0078 0.545091 0.0
1.00742 0.548228 0.0
1.00702 0.551104 0.0
1.00662 0.553725 0.0
1.0062 0.556099 0.0
1.00577 0.558232 0.0
1.00533 0.560133 0.0
1.00487 0.56181 0.0
1.00441 0.563272 0.0
1.00395 0.564528 0.0
1.00347 0.565586 0.0
1.00298 0.566455 0.0
1.00249 0.567144 0.0
1.00199 0.567661 0.0
1.00149 0.568014 0.0
1.00098 0.568209 0.0
1.00046 0.568255 0.0
0.999938 0.568157 0.0
0.999409 0.56792 0.0
0.998875 0.567549 0.0
0.998335 0.567048 0.0
0.99779 0.566419 0.0
0.997238 0.565663 0.0
0.99668 0.564782 0.0
0.996114 0.563774 0.0
0.995542 0.562637 0.0
0.99496 0.561367 0.0
0.99437 0.55996 0.0
0.99377 0.558409 0.0
0.993158 0.556706 0.0
0.992533 0.554841 0.0
0.991895 0.552804 0.0
0.991241 0.550581 0.0
0.99057 0.548157 0.0
0.989879 0.545518 0.0
0.989168 0.542644 0.0
0.988433 0.539517 0.0
0.987672 0.536115 0.0
0.986882 0.532415 0.0
0.986062 0.528394 0.0
0.985208 0.524026 0.0
0.984318 0.519285 0.0
0.983387 0.514143 0.0
0.982414 0.508571 0.0
0.981395 0.502542 0.0
0.980326 0.496027 0.0
0.979205 0.488997 0.0
0.978027 0.481426 0.0
0.97679 0.473288 0.0
0.975489 0.46456 0.0
0.974123 0.455221 0.0
0.972687 0.445255 0.0
0.971178 0.434648 0.0
0.969593 0.423393 0.0
0.967928 0.411487 0.0
0.966179 0.398935 0.0
0.964342 0.385746 0.0
0.96241 0.371936 0.0
0.960376 0.357528 0.0
0.958231 0.34255 0.0
0.955961 0.327037 0.0
0.95355 0.311025 0.0
0.950975 0.294557 0.0
0.948209 0.277679 0.0
0.945215 0.260437 0.0
0.941952 0.242879 0.0
0.938372 0.225056 0.0
0.934422 0.207015 0.0
0.930052 0.188802 0.0
0.925215 0.170461 0.0
0.919878 0.152029 0.0
0.914027 0.133537 0.0
0.907676 0.115009 0.0
0.900871 0.0964603 0.0
0.893694 0.0779022 0.0
0.886252 0.0593454 0.0
0.878678 0.0408068 0.0
0.871107 0.0223174 0.0
0.863665 0.00393011 0.0
0.856446 -0.0142753 0.0
0.849514 -0.0321814 0.0
0.842905 -0.0496184 0.0
0.83664 -0.0663814 0.0
0.830727 -0.0822497 0.0
0.82517 -0.0970034 0.0
0.819976 -0.110436 0.0
0.815155 -0.122366 0.0
0.810723 -0.132639 0.0
0.806703 -0.141139 0.0
0.803119 -0.147785 0.0
0.799997 -0.15254 0.0
0.797361 -0.155411 0.0
0.79523 -0.156447 0.0
0.793615 -0.155748 0.0
0.792519 -0.153454 0.0
0.791932 -0.149749 0.0
0.791831 -0.144855 0.0
0.792182 -0.139027 0.0
0.792933 -0.132544 0.0
0.794021 -0.125701 0.0
0.795368 -0.118806 0.0
0.79688 -0.112163 0.0
0.798451 -0.106071 0.0
0.799962 -0.100815 0.0
0.801282 -0.0966564 0.0
0.802269 -0.0938123 0.0
0.802803 -0.0923755 0.0
1 0.00135714 0.0
1 0.00409642 0.0
1 0.00686037 0.0
1.00001 0.0096489 0.0
1.00001 0.0124622 0.0
1.00002 0.0153006 0.0
1.00003 0.0181649 0.0
1.00005 0.0210558 0.0
1.00007 0.0239746 0.0
1.00009 0.0269228 0.0
1.00012 0.0299022 0.0
1.00016 0.0329146 0.0
1.0002 0.0359626 0.0
1.00025 0.0390488 0.0
1.00032 0.0421762 0.0
1.00039 0.0453482 0.0
1.00048 0.0485685 0.0
1.00059 0.0518411 0.0
1.0007 0.0551704 0.0
1.00084 0.0585611 0.0
1.00099 0.0620184 0.0
1.00116 0.0655474 0.0
1.00136 0.069154 0.0
1.00157 0.072844 0.0
1.0018 0.0766235 0.0
1.00206 0.0804991 0.0
1.00234 0.0844772 0.0
1.00265 0.0885646 0.0
1.00298 0.092768 0.0
1.00333 0.0970943 0.0
1.0037 0.10155 0.0
1.0041 0.106143 0.0
1.00452 0.110878 0.0
1.00496 0.115763 0.0
1.00542 0.120804 0.0
1.0059 0.126006 0.0
1.00639 0.131374 0.0
1.00689 0.136914 0.0
1.00741 0.142629 0.0
1.00793 0.148524 0.0
1.00845 0.154601 0.0
1.00898 0.160863 0.0
1.0095 0.16731 0.0
1.01002 0.173944 0.0
1.01052 0.180764 0.0
1.01101 0.187768 0.0
1.01149 0.194954 0.0
1.01194 0.202319 0.0
1.01237 0.209859 0.0
1.01277 0.217569 0.0
1.01315 0.225442 0.0
1.01349 0.233471 0.0
1.0138 0.241649 0.0
1.01408 0.249966 0.0
1.01433 0.258414 0.0
1.01454 0.26698 0.0
1.01472 0.275655 0.0
1.01486 0.284427 0.0
1.01497 0.293283 0.0
1.01504 0.30221 0.0
1.01509 0.311194 0.0
1.01511 0.320221 0.0
1.01509 0.329277 0.0
1.01506 0.338347 0.0
1.015 0.347415 0.0
1.01491 0.356466 0.0
1.01481 0.365484 0.0
1.01469 0.374453 0.0
1.01455 0.383357 0.0
1.01439 0.39218 0.0
1.01422 0.400906 0.0
1.01404 0.409519 0.0
1.01384 0.418004 0.0
1.01364 0.426344 0.0
1.01342 0.434525 0.0
1.01319 0.442532 0.0
1.01295 0.450352 0.0
1.01271 0.457971 0.0
1.01245 0.465377 0.0
1.01218 0.472558 0.0
1.0119 0.479503 0.0
1.01161 0.486203 0.0
1.01131 0.492649 0.0
1.01101 0.498834 0.0
1.01069 0.50475 0.0
1.01036 0.510394 0.0
1.01002 0.51576 0.0
1.00967 0.520847 0.0
1.00931 0.525653 0.0
1.00894 0.530177 0.0
1.00856 0.534419 0.0
1.00817 0.538383 0.0
1.00777 0.542071 0.0
1.00736 0.545487 0.0
1.00694 0.548635 0.0
1.00651 0.551521 0.0
1.00608 0.554152 0.0
1.00563 0.556535 0.0
1.00518 0.558677 0.0
1.00472 0.560587 0.0
1.00426 0.562272 0.0
1.00378 0.563742 0.0
1.0033 0.565005 0.0
1.00282 0.56607 0.0
1.00233 0.566945 0.0
1.00184 0.56764 0.0
1.00134 0.568163 0.0
1.00083 0.568521 0.0
1.00033 0.568722 0.0
0.999813 0.568773 0.0
0.999296 0.568679 0.0
0.998774 0.568447 0.0
0.998248 0.568082 0.0
0.997718 0.567586 0.0
0.997182 0.566962 0.0
0.99664 0.566213 0.0
0.996093 0.565338 0.0
0.995539 0.564337 0.0
0.994977 0.563208 0.0
0.994407 0.561947 0.0
0.993828 0.56055 0.0
0.993239 0.55901 0.0
0.992637 0.557319 0.0
0.992023 0.555467 0.0
0.991394 0.553445 0.0
0.990748 0.551239 0.0
0.990084 0.548834 0.0
0.9894 0.546216 0.0
0.988693 0.543365 0.0
0.987961 0.540263 0.0
0.987202 0.536889 0.0
0.986412 0.53322 0.0
0.985589 0.529232 0.0
0.98473 0.524901 0.0
0.983832 0.520199 0.0
0.982891 0.5151 0.0
0.981904 0.509575 0.0
0.980866 0.503595 0.0
0.979776 0.497133 0.0
0.978627 0.490161 0.0
0.977417 0.48265 0.0
0.976142 0.474577 0.0
0.974797 0.465917 0.0
0.973377 0.45665 0.0
0.971879 0.44676 0.0
0.970298 0.436233 0.0
0.968628 0.425063 0.0
0.966863 0.413247 0.0
0.964996 0.40079 0.0
0.96302 0.387704 0.0
0.960923 0.374006 0.0
0.958692 0.359722 0.0
0.956311 0.344883 0.0
0.953757 0.329528 0.0
0.951002 0.313699 0.0
0.948013 0.297447 0.0
0.944747 0.280822 0.0
0.941155 0.263879 0.0
0.937181 0.246673 0.0
0.932769 0.229255 0.0
0.927859 0.211674 0.0
0.922404 0.193968 0.0
0.916369 0.176167 0.0
0.909741 0.158287 0.0
0.90254 0.140331 0.0
0.894819 0.122287 0.0
0.886667 0.104138 0.0
0.878204 0.0858648 0.0
0.869571 0.0674568 0.0
0.860916 0.0489245 0.0
0.852379 0.0303083 0.0
0.844074 0.0116866 0.0
0.836083 -0.0068219 0.0
0.828446 -0.0250663 0.0
0.82118 -0.0428581 0.0
0.814284 -0.0599803 0.0
0.807753 -0.0762073 0.0
0.801585 -0.091321 0.0
0.795781 -0.105121 0.0
0.790354 -0.117432 0.0
0.785322 -0.128109 0.0
0.780713 -0.13704 0.0
0.776561 -0.144147 0.0
0.772898 -0.149393 0.0
0.769756 -0.15278 0.0
0.767161 -0.154353 0.0
0.765133 -0.154199 0.0
0.763676 -0.15245 0.0
0.762787 -0.149276 0.0
0.762444 -0.144885 0.0
0.762611 -0.139516 0.0
0.763238 -0.133433 0.0
0.764254 -0.126917 0.0
0.765576 -0.120259 0.0
0.767103 -0.113749 0.0
0.768719 -0.107672 0.0
0.770291 -0.102299 0.0
0.771675 -0.0978766 0.0
0.772713 -0.0946167 0.0
0.773274 -0.0926656 0.0
1 0.00135668 0.0
1 0.00409499 0.0
1 0.00685778 0.0
1.00001 0.00964486 0.0
1.00001 0.0124563 0.0
1.00002 0.0152923 0.0
1.00002 0.0181534 0.0
1.00004 0.0210405 0.0
1.00005 0.0239547 0.0
1.00007 0.0268972 0.0
1.0001 0.0298698 0.0
1.00014 0.0328744 0.0
1.00018 0.0359133 0.0
1.00024 0.0389891 0.0
1.00031 0.0421048 0.0
1.00039 0.0452637 0.0
1.00048 0.0484694 0.0
1.00059 0.0517261 0.0
1.00072 0.055038 0.0
1.00087 0.05841 0.0
1.00104 0.061847 0.0
1.00123 0.0653546 0.0
1.00145 0.0689385 0.0
1.00169 0.0726047 0.0
1.00196 0.0763595 0.0
1.00225 0.0802094 0.0
1.00258 0.0841614 0.0
1.00293 0.0882222 0.0
1.00332 0.0923989 0.0
1.00373 0.0966987 0.0
1.00417 0.101129 0.0
1.00464 0.105696 0.0
1.00514 0.110407 0.0
1.00566 0.115269 0.0
1.00621 0.120289 0.0
1.00679 0.125472 0.0
1.00738 0.130824 0.0
1.00799 0.13635 0.0
1.00861 0.142055 0.0
1.00925 0.147943 0.0
1.00989 0.154017 0.0
1.01053 0.16028 0.0
1.01117 0.166732 0.0
1.0118 0.173374 0.0
1.01242 0.180207 0.0
1.01303 0.187228 0.0
1.01361 0.194435 0.0
1.01417 0.201825 0.0
1.0147 0.209393 0.0
1.0152 0.217134 0.0
1.01566 0.225041 0.0
1.01608 0.233107 0.0
1.01646 0.241323 0.0
1.01679 0.24968 0.0
1.01708 0.258167 0.0
1.01732 0.266775 0.0
1.01752 0.275491 0.0
1.01766 0.284303 0.0
1.01776 0.293198 0.0
1.01782 0.302163 0.0
1.01783 0.311183 0.0
1.0178 0.320245 0.0
1.01773 0.329334 0.0
1.01762 0.338434 0.0
1.01748 0.34753 0.0
1.01731 0.356607 0.0
1.01711 0.365648 0.0
1.01688 0.374639 0.0
1.01663 0.383562 0.0
1.01636 0.392403 0.0
1.01606 0.401144 0.0
1.01576 0.409772 0.0
1.01543 0.418269 0.0
1.0151 0.42662 0.0
1.01475 0.434812 0.0
1.0144 0.44283 0.0
1.01403 0.450659 0.0
1.01366 0.458287 0.0
1.01328 0.465701 0.0
1.01289 0.47289 0.0
1.0125 0.479843 0.0
1.0121 0.486551 0.0
1.01169 0.493005 0.0
1.01128 0.499198 0.0
1.01086 0.505122 0.0
1.01044 0.510773 0.0
1.01001 0.516148 0.0
1.00958 0.521242 0.0
1.00914 0.526056 0.0
1.0087 0.530587 0.0
1.00825 0.534838 0.0
1.0078 0.538809 0.0
1.00734 0.542504 0.0
1.00688 0.545926 0.0
1.00641 0.549081 0.0
1.00594 0.551974 0.0
1.00547 0.554611 0.0
1.00499 0.556999 0.0
1.00451 0.559147 0.0
1.00402 0.561062 0.0
1.00353 0.562752 0.0
1.00304 0.564226 0.0
1.00255 0.565493 0.0
1.00205 0.566562 0.0
1.00155 0.567441 0.0
1.00105 0.56814 0.0
1.00055 0.568666 0.0
1.00005 0.569027 0.0
0.999539 0.569231 0.0
0.999029 0.569285 0.0
0.998518 0.569195 0.0
0.998003 0.568967 0.0
0.997485 0.568606 0.0
0.996964 0.568114 0.0
0.996439 0.567495 0.0
0.995909 0.566751 0.0
0.995373 0.565883 0.0
0.994832 0.564889 0.0
0.994283 0.563767 0.0
0.993726 0.562515 0.0
0.99316 0.561127 0.0
0.992583 0.559598 0.0
0.991995 0.55792 0.0
0.991392 0.556083 0.0
0.990774 0.554077 0.0
0.990138 0.551888 0.0
0.989483 0.549504 0.0
0.988807 0.546907 0.0
0.988106 0.544081 0.0
0.987378 0.541006 0.0
0.986621 0.537662 0.0
0.985831 0.534026 0.0
0.985006 0.530075 0.0
0.984141 0.525782 0.0
0.983234 0.521123 0.0
0.98228 0.51607 0.0
0.981277 0.510595 0.0
0.980219 0.50467 0.0
0.979102 0.498266 0.0
0.977921 0.491356 0.0
0.976673 0.483913 0.0
0.975352 0.475911 0.0
0.973952 0.467328 0.0
0.972469 0.458143 0.0
0.970896 0.448339 0.0
0.969225 0.437905 0.0
0.967451 0.426835 0.0
0.965563 0.415127 0.0
0.963551 0.402788 0.0
0.961403 0.389831 0.0
0.959101 0.376278 0.0
0.956625 0.362157 0.0
0.95395 0.347505 0.0
0.951044 0.332366 0.0
0.947867 0.316792 0.0
0.944374 0.300837 0.0
0.94051 0.284562 0.0
0.936215 0.268026 0.0
0.931427 0.251287 0.0
0.926086 0.234395 0.0
0.92014 0.217389 0.0
0.913553 0.200294 0.0
0.906315 0.183115 0.0
0.898446 0.165837 0.0
0.890003 0.148426 0.0
0.88108 0.130836 0.0
0.871803 0.113018 0.0
0.862319 0.0949317 0.0
0.852784 0.0765585 0.0
0.843344 0.0579172 0.0
0.834126 0.039071 0.0
0.825224 0.0201311 0.0
0.816694 0.00125471 0.0
0.808557 -0.0173699 0.0
0.800807 -0.0355379 0.0
0.793429 -0.0530258 0.0
0.786407 -0.0696094 0.0
0.779733 -0.0850771 0.0
0.77341 -0.0992385 0.0
0.767452 -0.111929 0.0
0.761882 -0.123012 0.0
0.756736 -0.132383 0.0
0.752052 -0.139968 0.0
0.747873 -0.145729 0.0
0.744237 -0.149666 0.0
0.741179 -0.151815 0.0
0.738724 -0.152253 0.0
0.736885 -0.1511 0.0
0.73566 -0.148511 0.0
0.735032 -0.144678 0.0
0.734965 -0.139823 0.0
0.735407 -0.134193 0.0
0.736287 -0.128052 0.0
0.737514 -0.121673 0.0
0.738983 -0.115331 0.0
0.74057 -0.109293 0.0
0.742134 -0.103814 0.0
0.743519 -0.0991295 0.0
0.744559 -0.0954422 0.0
0.745121 -0.0929629 0.0
1 0.00135649 0.0
1 0.00409435 0.0
1 0.00685649 0.0
1 0.00964255 0.0
1 0.0124524 0.0
1.00001 0.0152863 0.0
1.00001 0.0181446 0.0
1.00002 0.0210279 0.0
1.00004 0.0239372 0.0
1.00006 0.0268737 0.0
1.00008 0.0298391 0.0
1.00012 0.0328351 0.0
1.00016 0.0358639 0.0
1.00021 0.0389282 0.0
1.00028 0.0420307 0.0
1.00037 0.0451747 0.0
1.00046 0.0483638 0.0
1.00058 0.0516021 0.0
1.00072 0.0548939 0.0
1.00088 0.058244 0.0
1.00107 0.0616574 0.0
1.00128 0.0651397 0.0
1.00152 0.0686968 0.0
1.00179 0.0723346 0.0
1.00209 0.0760598 0.0
1.00243 0.0798791 0.0
1.00279 0.0837994 0.0
1.0032 0.0878279 0.0
1.00364 0.091972 0.0
1.00411 0.0962391 0.0
1.00462 0.100637 0.0
1.00516 0.105172 0.0
1.00574 0.109853 0.0
1.00636 0.114686 0.0
1.007 0.119678 0.0
1.00767 0.124837 0.0
1.00837 0.130167 0.0
1.00909 0.135675 0.0
1.00984 0.141366 0.0
1.01059 0.147243 0.0
1.01136 0.153311 0.0
1.01213 0.159572 0.0
1.0129 0.166028 0.0
1.01366 0.17268 0.0
1.01442 0.179526 0.0
1.01516 0.186567 0.0
1.01587 0.193798 0.0
1.01655 0.201218 0.0
1.0172 0.20882 0.0
1.01782 0.216599 0.0
1.01838 0.224548 0.0
1.0189 0.23266 0.0
1.01937 0.240925 0.0
1.01978 0.249333 0.0
1.02013 0.257873 0.0
1.02042 0.266535 0.0
1.02066 0.275305 0.0
1.02083 0.284171 0.0
1.02094 0.293119 0.0
1.02099 0.302136 0.0
1.02098 0.311206 0.0
1.02092 0.320316 0.0
1.0208 0.329449 0.0
1.02064 0.338592 0.0
1.02042 0.347727 0.0
1.02017 0.35684 0.0
1.01987 0.365915 0.0
1.01953 0.374935 0.0
1.01916 0.383885 0.0
1.01877 0.392749 0.0
1.01835 0.401511 0.0
1.0179 0.410156 0.0
1.01744 0.418669 0.0
1.01696 0.427034 0.0
1.01647 0.435237 0.0
1.01597 0.443264 0.0
1.01545 0.451102 0.0
1.01493 0.458737 0.0
1.01441 0.466157 0.0
1.01388 0.473351 0.0
1.01335 0.480309 0.0
1.01281 0.487021 0.0
1.01228 0.493478 0.0
1.01174 0.499673 0.0
1.0112 0.505601 0.0
1.01066 0.511255 0.0
1.01013 0.516632 0.0
1.00959 0.521728 0.0
1.00905 0.526544 0.0
1.00852 0.531077 0.0
1.00798 0.53533 0.0
1.00745 0.539303 0.0
1.00692 0.542999 0.0
1.00639 0.546423 0.0
1.00586 0.549579 0.0
1.00533 0.552473 0.0
1.00481 0.555112 0.0
1.00428 0.557501 0.0
1.00376 0.55965 0.0
1.00324 0.561565 0.0
1.00272 0.563256 0.0
1.0022 0.56473 0.0
1.00169 0.565998 0.0
1.00117 0.567067 0.0
1.00066 0.567947 0.0
1.00015 0.568646 0.0
0.999639 0.569172 0.0
0.99913 0.569534 0.0
0.998621 0.569739 0.0
0.998113 0.569794 0.0
0.997605 0.569706 0.0
0.997096 0.56948 0.0
0.996586 0.569121 0.0
0.996074 0.568632 0.0
0.99556 0.568017 0.0
0.995042 0.567278 0.0
0.994519 0.566414 0.0
0.993991 0.565426 0.0
0.993457 0.564312 0.0
0.992915 0.563069 0.0
0.992363 0.561691 0.0
0.991801 0.560174 0.0
0.991226 0.558508 0.0
0.990637 0.556686 0.0
0.990031 0.554697 0.0
0.989408 0.552528 0.0
0.988763 0.550164 0.0
0.988096 0.547591 0.0
0.987402 0.544792 0.0
0.98668 0.541746 0.0
0.985925 0.538434 0.0
0.985136 0.534833 0.0
0.984308 0.530921 0.0
0.983438 0.526671 0.0
0.982521 0.522058 0.0
0.981554 0.517056 0.0
0.980532 0.511636 0.0
0.97945 0.50577 0.0
0.978303 0.49943 0.0
0.977086 0.492589 0.0
0.975794 0.485221 0.0
0.97442 0.477299 0.0
0.972957 0.468802 0.0
0.971399 0.45971 0.0
0.969738 0.450007 0.0
0.967964 0.439682 0.0
0.966066 0.42873 0.0
0.964034 0.417153 0.0
0.96185 0.404958 0.0
0.959497 0.392163 0.0
0.956951 0.378793 0.0
0.954185 0.364883 0.0
0.951164 0.350475 0.0
0.947846 0.335621 0.0
0.94418 0.320379 0.0
0.940111 0.304812 0.0
0.935576 0.288986 0.0
0.930509 0.272963 0.0
0.924849 0.256798 0.0
0.918542 0.240532 0.0
0.911551 0.224189 0.0
0.903863 0.207768 0.0
0.8955 0.191242 0.0
0.886518 0.17456 0.0
0.877012 0.157651 0.0
0.867109 0.140436 0.0
0.85696 0.122844 0.0
0.846726 0.104824 0.0
0.836561 0.0863667 0.0
0.826599 0.0675112 0.0
0.816941 0.0483526 0.0
0.807654 0.0290388 0.0
0.79877 0.00976135 0.0
0.790289 -0.00925886 0.0
0.782191 -0.0278009 0.0
0.774448 -0.0456415 0.0
0.767039 -0.0625629 0.0
0.759953 -0.0783645 0.0
0.753194 -0.0928686 0.0
0.746777 -0.105923 0.0
0.740732 -0.117403 0.0
0.735099 -0.127211 0.0
0.729923 -0.135279 0.0
0.725252 -0.141568 0.0
0.721135 -0.146074 0.0
0.717613 -0.148826 0.0
0.714718 -0.149892 0.0
0.712469 -0.149374 0.0
0.710871 -0.147414 0.0
0.709911 -0.144186 0.0
0.709556 -0.139893 0.0
0.709753 -0.134763 0.0
0.71043 -0.12904 0.0
0.711497 -0.12298 0.0
0.712841 -0.116838 0.0
0.714334 -0.110865 0.0
0.715831 -0.105301 0.0
0.717168 -0.100365 0.0
0.718175 -0.0962547 0.0
0.718715 -0.093253 0.0
1 0.00135663 0.0
0.999999 0.0040947 0.0
0.999998 0.00685679 0.0
0.999997 0.0096424 0.0
0.999996 0.0124513 0.0
0.999997 0.0152834 0.0
0.999999 0.018139 0.0
1 0.0210186 0.0
1.00001 0.0239231 0.0
1.00003 0.0268535 0.0
1.00005 0.0298112 0.0
1.00008 0.032798 0.0
1.00012 0.0358159 0.0
1.00018 0.0388674 0.0
1.00025 0.0419552 0.0
1.00033 0.0450826 0.0
1.00043 0.0482531 0.0
1.00056 0.0514706 0.0
1.0007 0.0547395 0.0
1.00088 0.0580646 0.0
1.00108 0.0614509 0.0
1.00131 0.064904 0.0
1.00157 0.0684299 0.0
1.00187 0.0720348 0.0
1.0022 0.0757253 0.0
1.00257 0.0795084 0.0
1.00298 0.0833913 0.0
1.00343 0.0873815 0.0
1.00393 0.0914866 0.0
1.00446 0.0957144 0.0
1.00504 0.100073 0.0
1.00566 0.10457 0.0
1.00632 0.109213 0.0
1.00703 0.11401 0.0
1.00777 0.118969 0.0
1.00855 0.124096 0.0
1.00936 0.129398 0.0
1.0102 0.134882 0.0
1.01106 0.140553 0.0
1.01195 0.146415 0.0
1.01285 0.152473 0.0
1.01376 0.158729 0.0
1.01467 0.165187 0.0
1.01558 0.171846 0.0
1.01648 0.178707 0.0
1.01736 0.185767 0.0
1.01822 0.193026 0.0
1.01905 0.200479 0.0
1.01984 0.20812 0.0
1.02058 0.215944 0.0
1.02127 0.223944 0.0
1.02191 0.23211 0.0
1.02248 0.240434 0.0
1.02299 0.248904 0.0
1.02343 0.257509 0.0
1.0238 0.266238 0.0
1.02409 0.275076 0.0
1.02431 0.28401 0.0
1.02445 0.293026 0.0
1.02452 0.30211 0.0
1.02451 0.311246 0.0
1.02443 0.320418 0.0
1.02428 0.329612 0.0
1.02407 0.338811 0.0
1.02379 0.347999 0.0
1.02346 0.357161 0.0
1.02307 0.36628 0.0
1.02264 0.375341 0.0
1.02215 0.384327 0.0
1.02163 0.393223 0.0
1.02108 0.402014 0.0
1.02049 0.410683 0.0
1.01988 0.419216 0.0
1.01925 0.427598 0.0
1.0186 0.435816 0.0
1.01793 0.443854 0.0
1.01726 0.4517 0.0
1.01658 0.459341 0.0
1.01589 0.466766 0.0
1.0152 0.473963 0.0
1.0145 0.480922 0.0
1.01381 0.487634 0.0
1.01312 0.49409 0.0
1.01244 0.500284 0.0
1.01175 0.506209 0.0
1.01108 0.51186 0.0
1.01041 0.517233 0.0
1.00975 0.522326 0.0
1.00909 0.527138 0.0
1.00844 0.531667 0.0
1.0078 0.535915 0.0
1.00717 0.539883 0.0
1.00654 0.543575 0.0
1.00593 0.546994 0.0
1.00532 0.550146 0.0
1.00472 0.553035 0.0
1.00413 0.555668 0.0
1.00354 0.558053 0.0
1.00297 0.560197 0.0
1.0024 0.562107 0.0
1.00184 0.563793 0.0
1.00129 0.565264 0.0
1.00074 0.566527 0.0
1.0002 0.567592 0.0
0.999664 0.568468 0.0
0.999136 0.569164 0.0
0.998613 0.569687 0.0
0.998095 0.570046 0.0
0.997582 0.570249 0.0
0.997072 0.570303 0.0
0.996564 0.570213 0.0
0.996059 0.569987 0.0
0.995555 0.569628 0.0
0.995051 0.569141 0.0
0.994547 0.568528 0.0
0.994041 0.567791 0.0
0.993531 0.566932 0.0
0.993018 0.56595 0.0
0.992498 0.564843 0.0
0.991972 0.563607 0.0
0.991436 0.56224 0.0
0.990889 0.560734 0.0
0.99033 0.559082 0.0
0.989756 0.557276 0.0
0.989165 0.555304 0.0
0.988555 0.553155 0.0
0.987923 0.550814 0.0
0.987266 0.548267 0.0
0.986581 0.545495 0.0
0.985865 0.542481 0.0
0.985115 0.539204 0.0
0.984326 0.535641 0.0
0.983496 0.531771 0.0
0.98262 0.527567 0.0
0.981693 0.523005 0.0
0.980711 0.518058 0.0
0.979669 0.512698 0.0
0.978561 0.506897 0.0
0.977382 0.500629 0.0
0.976125 0.493865 0.0
0.974783 0.486579 0.0
0.97335 0.478748 0.0
0.971817 0.470349 0.0
0.970175 0.461363 0.0
0.968414 0.451776 0.0
0.966522 0.441579 0.0
0.964486 0.430768 0.0
0.962287 0.419347 0.0
0.959907 0.407328 0.0
0.957321 0.394733 0.0
0.954498 0.381592 0.0
0.951403 0.367946 0.0
0.947991 0.353845 0.0
0.944212 0.339348 0.0
0.940008 0.324521 0.0
0.935314 0.309433 0.0
0.930065 0.29415 0.0
0.924197 0.278734 0.0
0.917654 0.26323 0.0
0.910397 0.247664 0.0
0.902411 0.232035 0.0
0.893714 0.216308 0.0
0.884359 0.200421 0.0
0.874439 0.184284 0.0
0.86408 0.167793 0.0
0.853432 0.150844 0.0
0.842661 0.133356 0.0
0.831926 0.115282 0.0
0.821368 0.0966321 0.0
0.811099 0.0774774 0.0
0.801194 0.0579493 0.0
0.791691 0.0382316 0.0
0.782598 0.0185461 0.0
0.7739 -0.000864671 0.0
0.765566 -0.0197636 0.0
0.757563 -0.0379322 0.0
0.749863 -0.0551636 0.0
0.742456 -0.0712708 0.0
0.735345 -0.0860911 0.0
0.728547 -0.0994865 0.0
0.722096 -0.111344 0.0
0.716034 -0.121575 0.0
0.710411 -0.130117 0.0
0.705283 -0.136932 0.0
0.700701 -0.142012 0.0
0.696716 -0.145381 0.0
0.693367 -0.147093 0.0
0.690681 -0.147239 0.0
0.68867 -0.145941 0.0
0.687325 -0.143355 0.0
0.68662 -0.139664 0.0
0.686506 -0.135075 0.0
0.686912 -0.129812 0.0
0.687746 -0.124109 0.0
0.688898 -0.118204 0.0
0.690235 -0.112329 0.0
0.691608 -0.106707 0.0
0.692853 -0.101541 0.0
0.693794 -0.0970272 0.0
0.694296 -0.0935234 0.0
1 0.00135717 0.0
0.999998 0.00409622 0.0
0.999995 0.00685902 0.0
0.999992 0.00964488 0.0
0.999988 0.0124533 0.0
0.999985 0.0152842 0.0
0.999983 0.0181376 0.0
0.999983 0.0210138 0.0
0.999988 0.0239135 0.0
0.999998 0.0268376 0.0
1.00002 0.0297874 0.0
1.00004 0.0327644 0.0
1.00008 0.0357707 0.0
1.00013 0.0388084 0.0
1.0002 0.0418802 0.0
1.00028 0.0449893 0.0
1.00038 0.0481391 0.0
1.00051 0.0513335 0.0
1.00066 0.0545767 0.0
1.00085 0.0578735 0.0
1.00106 0.0612292 0.0
1.0013 0.0646491 0.0
1.00159 0.0681395 0.0
1.00191 0.0717065 0.0
1.00227 0.0753571 0.0
1.00268 0.0790984 0.0
1.00313 0.0829379 0.0
1.00363 0.0868833 0.0
1.00418 0.0909426 0.0
1.00478 0.0951242 0.0
1.00543 0.0994362 0.0
1.00613 0.103887 0.0
1.00687 0.108485 0.0
1.00767 0.113239 0.0
1.00851 0.118156 0.0
1.0094 0.123245 0.0
1.01033 0.128512 0.0
1.01129 0.133965 0.0
1.01228 0.139609 0.0
1.01331 0.14545 0.0
1.01435 0.151493 0.0
1.01541 0.157741 0.0
1.01647 0.164197 0.0
1.01754 0.170861 0.0
1.0186 0.177735 0.0
1.01964 0.184817 0.0
1.02065 0.192104 0.0
1.02163 0.199592 0.0
1.02257 0.207277 0.0
1.02347 0.215152 0.0
1.0243 0.223208 0.0
1.02507 0.231438 0.0
1.02578 0.23983 0.0
1.0264 0.248373 0.0
1.02695 0.257055 0.0
1.02741 0.265863 0.0
1.02778 0.274783 0.0
1.02807 0.283801 0.0
1.02826 0.292901 0.0
1.02836 0.302067 0.0
1.02837 0.311284 0.0
1.0283 0.320535 0.0
1.02813 0.329805 0.0
1.02789 0.339076 0.0
1.02757 0.348333 0.0
1.02717 0.357559 0.0
1.0267 0.366737 0.0
1.02617 0.375851 0.0
1.02558 0.384886 0.0
1.02494 0.393825 0.0
1.02426 0.402654 0.0
1.02353 0.411356 0.0
1.02277 0.419917 0.0
1.02197 0.428323 0.0
1.02116 0.436559 0.0
1.02032 0.444612 0.0
1.01947 0.452469 0.0
1.01861 0.460117 0.0
1.01774 0.467547 0.0
1.01687 0.474745 0.0
1.016 0.481704 0.0
1.01513 0.488413 0.0
1.01427 0.494864 0.0
1.01341 0.501052 0.0
1.01256 0.506969 0.0
1.01173 0.512612 0.0
1.0109 0.517976 0.0
1.01009 0.523058 0.0
1.00929 0.527859 0.0
1.00851 0.532377 0.0
1.00774 0.536613 0.0
1.00699 0.54057 0.0
1.00625 0.54425 0.0
1.00553 0.547657 0.0
1.00483 0.550796 0.0
1.00414 0.553674 0.0
1.00346 0.556295 0.0
1.0028 0.558669 0.0
1.00216 0.560801 0.0
1.00153 0.562701 0.0
1.00092 0.564376 0.0
1.00031 0.565836 0.0
0.999725 0.567089 0.0
0.99915 0.568145 0.0
0.998586 0.569013 0.0
0.998033 0.5697 0.0
0.997491 0.570216 0.0
0.996958 0.570568 0.0
0.996433 0.570765 0.0
0.995917 0.570814 0.0
0.995407 0.57072 0.0
0.994902 0.57049 0.0
0.994402 0.570129 0.0
0.993904 0.56964 0.0
0.993409 0.569028 0.0
0.992913 0.568293 0.0
0.992417 0.567437 0.0
0.991917 0.566459 0.0
0.991413 0.565357 0.0
0.990902 0.56413 0.0
0.990383 0.562772 0.0
0.989853 0.561278 0.0
0.989311 0.55964 0.0
0.988754 0.557849 0.0
0.988178 0.555896 0.0
0.987583 0.553768 0.0
0.986964 0.551452 0.0
0.986319 0.548931 0.0
0.985644 0.54619 0.0
0.984936 0.54321 0.0
0.984191 0.53997 0.0
0.983405 0.536449 0.0
0.982573 0.532625 0.0
0.981692 0.528472 0.0
0.980755 0.523965 0.0
0.979758 0.519078 0.0
0.978695 0.513784 0.0
0.97756 0.508055 0.0
0.976346 0.501865 0.0
0.975046 0.495186 0.0
0.973651 0.487993 0.0
0.972154 0.480264 0.0
0.970544 0.471975 0.0
0.968811 0.463111 0.0
0.966941 0.453659 0.0
0.964919 0.44361 0.0
0.962728 0.432964 0.0
0.960347 0.42173 0.0
0.95775 0.409922 0.0
0.954906 0.397569 0.0
0.951779 0.384706 0.0
0.948324 0.371382 0.0
0.94449 0.357654 0.0
0.940218 0.343589 0.0
0.935445 0.329257 0.0
0.930105 0.314731 0.0
0.924132 0.300074 0.0
0.917469 0.285341 0.0
0.910074 0.270561 0.0
0.901929 0.255736 0.0
0.893044 0.240833 0.0
0.883468 0.225783 0.0
0.873287 0.210482 0.0
0.862622 0.194808 0.0
0.851624 0.178627 0.0
0.840456 0.161825 0.0
0.829285 0.144318 0.0
0.818261 0.126079 0.0
0.807504 0.107149 0.0
0.797102 0.0876322 0.0
0.787102 0.0676999 0.0
0.777517 0.0475685 0.0
0.768335 0.027484 0.0
0.759528 0.0077023 0.0
0.75106 -0.0115292 0.0
0.742894 -0.0299965 0.0
0.735 -0.0475062 0.0
0.727366 -0.0638869 0.0
0.719994 -0.0789917 0.0
0.712903 -0.0926976 0.0
0.706125 -0.104904 0.0
0.699705 -0.115533 0.0
0.693694 -0.124526 0.0
0.68815 -0.13185 0.0
0.683132 -0.137494 0.0
0.678695 -0.141476 0.0
0.674885 -0.143839 0.0
0.671738 -0.14466 0.0
0.669274 -0.144044 0.0
0.667492 -0.142126 0.0
0.666374 -0.139069 0.0
0.665877 -0.135058 0.0
0.665936 -0.130293 0.0
0.666462 -0.124989 0.0
0.667348 -0.119361 0.0
0.668461 -0.113623 0.0
0.669655 -0.107979 0.0
0.670761 -0.102619 0.0
0.671606 -0.0977356 0.0
0.672052 -0.093763 0.0
0.999999 0.00135818 0.0
0.999997 0.00409916 0.0
0.999992 0.00686358 0.0
0.999986 0.00965053 0.0
0.999978 0.0124594 0.0
0.99997 0.0152897 0.0
0.999962 0.0181414 0.0
0.999957 0.0210146 0.0
0.999955 0.0239098 0.0
0.999959 0.0268277 0.0
0.99997 0.0297694 0.0
0.999989 0.0327362 0.0
1.00002 0.0357301 0.0
1.00007 0.038753 0.0
1.00013 0.0418076 0.0
1.00021 0.0448968 0.0
1.00031 0.0480239 0.0
1.00044 0.0511928 0.0
1.0006 0.0544076 0.0
1.00079 0.0576731 0.0
1.00101 0.0609944 0.0
1.00127 0.0643771 0.0
1.00157 0.0678274 0.0
1.00192 0.0713516 0.0
1.00231 0.0749569 0.0
1.00275 0.0786504 0.0
1.00324 0.0824401 0.0
1.00379 0.086334 0.0
1.00439 0.0903404 0.0
1.00505 0.0944681 0.0
1.00577 0.0987258 0.0
1.00655 0.103123 0.0
1.00738 0.107668 0.0
1.00827 0.112369 0.0
1.00922 0.117237 0.0
1.01022 0.122279 0.0
1.01126 0.127503 0.0
1.01236 0.132917 0.0
1.01349 0.138528 0.0
1.01466 0.144342 0.0
1.01585 0.150364 0.0
1.01707 0.156598 0.0
1.01829 0.163048 0.0
1.01952 0.169715 0.0
1.02075 0.1766 0.0
1.02196 0.183702 0.0
1.02314 0.191018 0.0
1.0243 0.198544 0.0
1.0254 0.206276 0.0
1.02646 0.214206 0.0
1.02745 0.222325 0.0
1.02838 0.230625 0.0
1.02922 0.239095 0.0
1.02998 0.247721 0.0
1.03065 0.256492 0.0
1.03122 0.265393 0.0
1.03169 0.274409 0.0
1.03206 0.283524 0.0
1.03232 0.292722 0.0
1.03248 0.301987 0.0
1.03253 0.311302 0.0
1.03247 0.320649 0.0
1.03232 0.330012 0.0
1.03206 0.339372 0.0
1.0317 0.348714 0.0
1.03126 0.35802 0.0
1.03073 0.367273 0.0
1.03012 0.376456 0.0
1.02943 0.385554 0.0
1.02868 0.39455 0.0
1.02787 0.403429 0.0
1.027 0.412175 0.0
1.02609 0.420774 0.0
1.02514 0.429211 0.0
1.02415 0.437473 0.0
1.02314 0.445546 0.0
1.0221 0.453419 0.0
1.02106 0.461078 0.0
1.02 0.468513 0.0
1.01893 0.475714 0.0
1.01787 0.482671 0.0
1.0168 0.489376 0.0
1.01575 0.49582 0.0
1.0147 0.501998 0.0
1.01367 0.507903 0.0
1.01265 0.513532 0.0
1.01165 0.51888 0.0
1.01067 0.523946 0.0
1.00971 0.528729 0.0
1.00877 0.533229 0.0
1.00785 0.537446 0.0
1.00696 0.541383 0.0
1.00609 0.545043 0.0
1.00524 0.548431 0.0
1.00442 0.55155 0.0
1.00362 0.554408 0.0
1.00285 0.55701 0.0
1.0021 0.559364 0.0
1.00137 0.561477 0.0
1.00067 0.563359 0.0
0.999982 0.565016 0.0
0.99932 0.566459 0.0
0.998678 0.567696 0.0
0.998055 0.568737 0.0
0.997451 0.569589 0.0
0.996865 0.570263 0.0
0.996294 0.570766 0.0
0.995739 0.571106 0.0
0.995198 0.571293 0.0
0.994669 0.571332 0.0
0.994151 0.57123 0.0
0.993642 0.570993 0.0
0.993142 0.570627 0.0
0.992648 0.570134 0.0
0.992159 0.569519 0.0
0.991672 0.568783 0.0
0.991187 0.567928 0.0
0.9907 0.566953 0.0
0.990211 0.565857 0.0
0.989716 0.564636 0.0
0.989214 0.563287 0.0
0.988702 0.561804 0.0
0.988177 0.56018 0.0
0.987637 0.558406 0.0
0.987079 0.556472 0.0
0.9865 0.554367 0.0
0.985896 0.552076 0.0
0.985264 0.549584 0.0
0.984601 0.546875 0.0
0.983902 0.543931 0.0
0.983164 0.540732 0.0
0.982381 0.537256 0.0
0.981549 0.533481 0.0
0.980663 0.529383 0.0
0.979717 0.524936 0.0
0.978705 0.520115 0.0
0.977621 0.514893 0.0
0.976458 0.509244 0.0
0.975208 0.50314 0.0
0.973863 0.496556 0.0
0.972413 0.489467 0.0
0.970849 0.481851 0.0
0.969158 0.473689 0.0
0.967327 0.464963 0.0
0.96534 0.455664 0.0
0.96318 0.445786 0.0
0.960824 0.435334 0.0
0.958247 0.424318 0.0
0.955417 0.41276 0.0
0.952299 0.400693 0.0
0.948847 0.388161 0.0
0.945013 0.375217 0.0
0.940738 0.361929 0.0
0.935959 0.348366 0.0
0.93061 0.334602 0.0
0.924626 0.32071 0.0
0.917948 0.306746 0.0
0.910531 0.292749 0.0
0.90235 0.278728 0.0
0.89341 0.264655 0.0
0.883749 0.25046 0.0
0.873446 0.236035 0.0
0.862614 0.221243 0.0
0.851398 0.205928 0.0
0.839961 0.189942 0.0
0.828473 0.173165 0.0
0.817092 0.155529 0.0
0.805951 0.137033 0.0
0.79515 0.117752 0.0
0.784749 0.0978316 0.0
0.774773 0.0774776 0.0
0.765213 0.0569354 0.0
0.756043 0.0364692 0.0
0.747224 0.016343 0.0
0.738717 -0.00319473 0.0
0.730483 -0.0219312 0.0
0.722494 -0.039688 0.0
0.714732 -0.0563096 0.0
0.7072 -0.0716651 0.0
0.699913 -0.0856463 0.0
0.692902 -0.098166 0.0
0.686208 -0.109156 0.0
0.679883 -0.118567 0.0
0.673985 -0.126368 0.0
0.668575 -0.132549 0.0
0.663713 -0.137121 0.0
0.65945 -0.140121 0.0
0.655831 -0.141612 0.0
0.652884 -0.141681 0.0
0.65062 -0.140444 0.0
0.649029 -0.138042 0.0
0.648079 -0.134637 0.0
0.647713 -0.130406 0.0
0.647852 -0.125541 0.0
0.648393 -0.120235 0.0
0.649211 -0.114681 0.0
0.650162 -0.109065 0.0
0.651082 -0.10356 0.0
0.651798 -0.0983559 0.0
0.65217 -0.0939612 0.0
0.999999 0.00135976 0.0
0.999995 0.00410377 0.0
0.999988 0.00687089 0.0
0.999978 0.00965997 0.0
0.999966 0.0124701 0.0
0.999952 0.0153008 0.0
0.999938 0.0181515 0.0
0.999925 0.0210223 0.0
0.999916 0.0239134 0.0
0.999911 0.0268253 0.0
0.999913 0.0297588 0.0
0.999925 0.0327153 0.0
0.999948 0.0356963 0.0
0.999986 0.0387036 0.0
1.00004 0.0417398 0.0
1.00012 0.0448075 0.0
1.00022 0.0479101 0.0
1.00034 0.0510511 0.0
1.0005 0.0542348 0.0
1.00069 0.0574657 0.0
1.00092 0.0607491 0.0
1.0012 0.0640904 0.0
1.00151 0.0674959 0.0
1.00188 0.0709723 0.0
1.0023 0.0745265 0.0
1.00277 0.0781661 0.0
1.0033 0.0818993 0.0
1.00389 0.0857345 0.0
1.00455 0.0896804 0.0
1.00527 0.0937462 0.0
1.00606 0.0979414 0.0
1.00692 0.102276 0.0
1.00784 0.106758 0.0
1.00883 0.111399 0.0
1.00988 0.116208 0.0
1.01099 0.121194 0.0
1.01217 0.126367 0.0
1.01339 0.131733 0.0
1.01467 0.137303 0.0
1.01599 0.143082 0.0
1.01734 0.149076 0.0
1.01872 0.155291 0.0
1.02012 0.16173 0.0
1.02153 0.168396 0.0
1.02293 0.17529 0.0
1.02432 0.18241 0.0
1.02569 0.189755 0.0
1.02702 0.197321 0.0
1.02831 0.205102 0.0
1.02954 0.213091 0.0
1.03071 0.22128 0.0
1.0318 0.229658 0.0
1.0328 0.238214 0.0
1.03371 0.246933 0.0
1.03452 0.255804 0.0
1.03522 0.264809 0.0
1.03581 0.273934 0.0
1.03627 0.283161 0.0
1.03662 0.292474 0.0
1.03685 0.301853 0.0
1.03695 0.311282 0.0
1.03694 0.320742 0.0
1.0368 0.330215 0.0
1.03654 0.339683 0.0
1.03617 0.349127 0.0
1.0357 0.35853 0.0
1.03511 0.367875 0.0
1.03444 0.377144 0.0
1.03367 0.38632 0.0
1.03282 0.395388 0.0
1.03189 0.404331 0.0
1.03089 0.413134 0.0
1.02984 0.421783 0.0
1.02873 0.430262 0.0
1.02757 0.43856 0.0
1.02639 0.446662 0.0
1.02517 0.454556 0.0
1.02392 0.462231 0.0
1.02267 0.469677 0.0
1.0214 0.476882 0.0
1.02013 0.483839 0.0
1.01886 0.490539 0.0
1.0176 0.496974 0.0
1.01635 0.50314 0.0
1.01511 0.509029 0.0
1.0139 0.51464 0.0
1.0127 0.519968 0.0
1.01153 0.525012 0.0
1.01038 0.52977 0.0
1.00927 0.534244 0.0
1.00818 0.538435 0.0
1.00713 0.542344 0.0
1.0061 0.545976 0.0
1.00511 0.549335 0.0
1.00415 0.552427 0.0
1.00323 0.555256 0.0
1.00233 0.55783 0.0
1.00147 0.560156 0.0
1.00064 0.562242 0.0
0.999846 0.564097 0.0
0.999079 0.565729 0.0
0.998341 0.567147 0.0
0.997632 0.56836 0.0
0.996951 0.569377 0.0
0.996295 0.570208 0.0
0.995664 0.570861 0.0
0.995056 0.571345 0.0
0.99447 0.571668 0.0
0.993903 0.571839 0.0
0.993355 0.571863 0.0
0.992823 0.571748 0.0
0.992305 0.571501 0.0
0.9918 0.571125 0.0
0.991305 0.570625 0.0
0.990819 0.570004 0.0
0.990338 0.569265 0.0
0.989862 0.568409 0.0
0.989387 0.567434 0.0
0.988911 0.566341 0.0
0.988432 0.565126 0.0
0.987946 0.563785 0.0
0.987451 0.562313 0.0
0.986944 0.560703 0.0
0.986423 0.558946 0.0
0.985882 0.557032 0.0
0.98532 0.554949 0.0
0.984733 0.552684 0.0
0.984116 0.550223 0.0
0.983466 0.547549 0.0
0.982778 0.544644 0.0
0.982047 0.541488 0.0
0.98127 0.538061 0.0
0.980439 0.534339 0.0
0.97955 0.5303 0.0
0.978596 0.525919 0.0
0.977571 0.521169 0.0
0.976467 0.516027 0.0
0.975276 0.510464 0.0
0.973991 0.504455 0.0
0.9726 0.497976 0.0
0.971094 0.491003 0.0
0.969461 0.483514 0.0
0.967686 0.475492 0.0
0.965754 0.466923 0.0
0.963646 0.457798 0.0
0.961341 0.448117 0.0
0.958812 0.437887 0.0
0.956031 0.427124 0.0
0.952959 0.415855 0.0
0.949556 0.40412 0.0
0.945771 0.391969 0.0
0.94155 0.379465 0.0
0.93683 0.366676 0.0
0.931546 0.35368 0.0
0.925635 0.340549 0.0
0.919034 0.327348 0.0
0.911696 0.314124 0.0
0.90359 0.300895 0.0
0.894711 0.287642 0.0
0.88509 0.274303 0.0
0.874792 0.260771 0.0
0.863919 0.2469 0.0
0.852607 0.232521 0.0
0.841017 0.217456 0.0
0.829319 0.201549 0.0
0.817677 0.184688 0.0
0.806238 0.166827 0.0
0.795117 0.147998 0.0
0.784389 0.128316 0.0
0.774093 0.107964 0.0
0.764232 0.0871822 0.0
0.754784 0.0662383 0.0
0.745711 0.0454101 0.0
0.736967 0.024965 0.0
0.72851 0.00514709 0.0
0.720304 -0.0138331 0.0
0.712317 -0.0318094 0.0
0.704532 -0.0486419 0.0
0.696946 -0.0642148 0.0
0.68957 -0.0784345 0.0
0.682431 -0.0912268 0.0
0.675565 -0.102535 0.0
0.669019 -0.112318 0.0
0.66285 -0.12055 0.0
0.657116 -0.127223 0.0
0.651879 -0.132347 0.0
0.647196 -0.13595 0.0
0.643116 -0.138084 0.0
0.639678 -0.138823 0.0
0.636903 -0.138263 0.0
0.634793 -0.136523 0.0
0.633328 -0.133742 0.0
0.632467 -0.130074 0.0
0.63214 -0.125686 0.0
0.632258 -0.120749 0.0
0.632705 -0.115434 0.0
0.633347 -0.109905 0.0
0.634027 -0.10432 0.0
0.634577 -0.0988621 0.0
0.634858 -0.0941083 0.0
0.999999 0.001362 0.0
0.999994 0.00411037 0.0
0.999984 0.00688147 0.0
0.999969 0.0096739 0.0
0.999951 0.0124865 0.0
0.999931 0.0153185 0.0
0.999909 0.0181692 0.0
0.999888 0.0210384 0.0
0.999869 0.0239259 0.0
0.999854 0.0268322 0.0
0.999846 0.0297578 0.0
0.999847 0.0327038 0.0
0.99986 0.0356715 0.0
0.999888 0.0386626 0.0
0.999934 0.0416793 0.0
1 0.0447243 0.0
1.00009 0.0478005 0.0
1.00022 0.0509115 0.0
1.00037 0.0540613 0.0
1.00056 0.0572545 0.0
1.0008 0.0604963 0.0
1.00108 0.0637921 0.0
1.00141 0.0671481 0.0
1.00179 0.0705712 0.0
1.00223 0.0740684 0.0
1.00274 0.0776478 0.0
1.0033 0.0813174 0.0
1.00394 0.0850863 0.0
1.00465 0.0889636 0.0
1.00543 0.0929591 0.0
1.00629 0.0970827 0.0
1.00722 0.101345 0.0
1.00823 0.105756 0.0
1.00932 0.110326 0.0
1.01048 0.115066 0.0
1.01172 0.119987 0.0
1.01302 0.125097 0.0
1.01439 0.130408 0.0
1.01582 0.135927 0.0
1.01729 0.141663 0.0
1.01881 0.147622 0.0
1.02037 0.153811 0.0
1.02195 0.160234 0.0
1.02354 0.166894 0.0
1.02514 0.173792 0.0
1.02672 0.18093 0.0
1.02829 0.188303 0.0
1.02981 0.19591 0.0
1.0313 0.203743 0.0
1.03272 0.211796 0.0
1.03407 0.220059 0.0
1.03534 0.228522 0.0
1.03651 0.237171 0.0
1.03759 0.245994 0.0
1.03855 0.254975 0.0
1.03939 0.264098 0.0
1.0401 0.273345 0.0
1.04069 0.282698 0.0
1.04114 0.292139 0.0
1.04145 0.301649 0.0
1.04162 0.311209 0.0
1.04165 0.320799 0.0
1.04155 0.330399 0.0
1.04131 0.339991 0.0
1.04095 0.349556 0.0
1.04045 0.359074 0.0
1.03983 0.368528 0.0
1.0391 0.3779 0.0
1.03826 0.387172 0.0
1.03732 0.396328 0.0
1.03629 0.405351 0.0
1.03518 0.414226 0.0
1.03398 0.422938 0.0
1.03273 0.431472 0.0
1.03141 0.439817 0.0
1.03005 0.447957 0.0
1.02865 0.455882 0.0
1.02721 0.463581 0.0
1.02576 0.471042 0.0
1.02428 0.478257 0.0
1.0228 0.485216 0.0
1.02132 0.491913 0.0
1.01984 0.49834 0.0
1.01837 0.504492 0.0
1.01692 0.510365 0.0
1.01549 0.515953 0.0
1.01408 0.521257 0.0
1.0127 0.526272 0.0
1.01136 0.531001 0.0
1.01004 0.535442 0.0
1.00877 0.539599 0.0
1.00753 0.543473 0.0
1.00633 0.547069 0.0
1.00518 0.550391 0.0
1.00406 0.553444 0.0
1.00299 0.556236 0.0
1.00196 0.558773 0.0
1.00097 0.561062 0.0
1.00002 0.563112 0.0
0.999118 0.564931 0.0
0.998251 0.566528 0.0
0.997423 0.567912 0.0
0.996633 0.569093 0.0
0.995879 0.57008 0.0
0.995159 0.570881 0.0
0.994471 0.571506 0.0
0.993815 0.571964 0.0
0.993188 0.572263 0.0
0.992587 0.572411 0.0
0.992011 0.572415 0.0
0.991457 0.572282 0.0
0.990924 0.572018 0.0
0.990408 0.571628 0.0
0.989907 0.571117 0.0
0.98942 0.570487 0.0
0.988942 0.569741 0.0
0.988471 0.56888 0.0
0.988005 0.567904 0.0
0.987541 0.566812 0.0
0.987075 0.565601 0.0
0.986605 0.564267 0.0
0.986127 0.562805 0.0
0.985638 0.561207 0.0
0.985135 0.559467 0.0
0.984613 0.557573 0.0
0.984069 0.555514 0.0
0.983499 0.553277 0.0
0.982899 0.550848 0.0
0.982263 0.54821 0.0
0.981587 0.545346 0.0
0.980867 0.542237 0.0
0.980096 0.538861 0.0
0.979268 0.535197 0.0
0.978378 0.531222 0.0
0.977418 0.526911 0.0
0.976381 0.522239 0.0
0.975259 0.517182 0.0
0.974043 0.511714 0.0
0.972723 0.50581 0.0
0.971288 0.499446 0.0
0.969727 0.4926 0.0
0.968024 0.485253 0.0
0.966165 0.477387 0.0
0.964131 0.468994 0.0
0.961901 0.460066 0.0
0.959448 0.450607 0.0
0.956745 0.440629 0.0
0.953755 0.430153 0.0
0.950439 0.419214 0.0
0.946748 0.407856 0.0
0.942631 0.396136 0.0
0.938026 0.384124 0.0
0.932872 0.371892 0.0
0.927103 0.359516 0.0
0.920659 0.347068 0.0
0.913488 0.334601 0.0
0.905553 0.322144 0.0
0.896841 0.309692 0.0
0.887369 0.297194 0.0
0.87719 0.284551 0.0
0.866393 0.271618 0.0
0.855101 0.258217 0.0
0.843468 0.24415 0.0
0.831659 0.229226 0.0
0.819846 0.213291 0.0
0.808185 0.196249 0.0
0.796806 0.178084 0.0
0.785804 0.158865 0.0
0.775235 0.138746 0.0
0.765118 0.117947 0.0
0.755442 0.0967364 0.0
0.746173 0.075401 0.0
0.737266 0.0542276 0.0
0.728674 0.0334839 0.0
0.72035 0.013408 0.0
0.71226 -0.00579685 0.0
0.704373 -0.0239715 0.0
0.696668 -0.0409902 0.0
0.689139 -0.0567512 0.0
0.68179 -0.0711742 0.0
0.67464 -0.0841977 0.0
0.667718 -0.095776 0.0
0.661065 -0.105878 0.0
0.654729 -0.114485 0.0
0.648766 -0.121592 0.0
0.643235 -0.12721 0.0
0.638194 -0.131363 0.0
0.633698 -0.134095 0.0
0.62979 -0.135466 0.0
0.626504 -0.135558 0.0
0.623855 -0.134468 0.0
0.621837 -0.132314 0.0
0.620425 -0.129227 0.0
0.619567 -0.125348 0.0
0.61919 -0.120826 0.0
0.619194 -0.115808 0.0
0.619459 -0.110437 0.0
0.619843 -0.104851 0.0
0.620188 -0.099226 0.0
0.620358 -0.094195 0.0
0.999998 0.00136501 0.0
0.999992 0.00411927 0.0
0.999978 0.00689585 0.0
0.999959 0.00969308 0.0
0.999935 0.0125095 0.0
0.999906 0.0153441 0.0
0.999876 0.0181959 0.0
0.999844 0.0210644 0.0
0.999814 0.0239493 0.0
0.999787 0.0268506 0.0
0.999766 0.0297687 0.0
0.999754 0.0327043 0.0
0.999753 0.0356585 0.0
0.999768 0.0386329 0.0
0.999802 0.0416293 0.0
0.999858 0.0446502 0.0
0.999941 0.0476984 0.0
1.00006 0.0507773 0.0
1.0002 0.0538907 0.0
1.00039 0.0570431 0.0
1.00063 0.0602395 0.0
1.00091 0.0634855 0.0
1.00125 0.0667873 0.0
1.00165 0.0701516 0.0
1.00211 0.0735858 0.0
1.00264 0.077098 0.0
1.00324 0.0806968 0.0
1.00392 0.0843914 0.0
1.00468 0.0881916 0.0
1.00552 0.0921074 0.0
1.00645 0.0961498 0.0
1.00746 0.10033 0.0
1.00856 0.104658 0.0
1.00975 0.109147 0.0
1.01102 0.113808 0.0
1.01238 0.118652 0.0
1.01382 0.123691 0.0
1.01533 0.128934 0.0
1.01692 0.134393 0.0
1.01856 0.140076 0.0
1.02026 0.145991 0.0
1.022 0.152147 0.0
1.02377 0.158547 0.0
1.02556 0.165196 0.0
1.02736 0.172096 0.0
1.02915 0.179248 0.0
1.03093 0.186649 0.0
1.03266 0.194297 0.0
1.03435 0.202184 0.0
1.03598 0.210305 0.0
1.03753 0.218648 0.0
1.03899 0.227203 0.0
1.04035 0.235955 0.0
1.0416 0.244891 0.0
1.04272 0.253993 0.0
1.04372 0.263245 0.0
1.04457 0.272627 0.0
1.04529 0.282121 0.0
1.04585 0.291706 0.0
1.04626 0.301362 0.0
1.04651 0.311069 0.0
1.04661 0.320805 0.0
1.04655 0.33055 0.0
1.04635 0.340284 0.0
1.04599 0.349987 0.0
1.04549 0.359639 0.0
1.04485 0.36922 0.0
1.04408 0.378712 0.0
1.04319 0.388097 0.0
1.04217 0.397357 0.0
1.04105 0.406477 0.0
1.03982 0.415439 0.0
1.03851 0.42423 0.0
1.03711 0.432834 0.0
1.03564 0.441237 0.0
1.03411 0.449428 0.0
1.03253 0.457395 0.0
1.03091 0.465126 0.0
1.02925 0.472611 0.0
1.02757 0.479841 0.0
1.02588 0.486809 0.0
1.02418 0.493506 0.0
1.02248 0.499927 0.0
1.02078 0.506066 0.0
1.01911 0.51192 0.0
1.01745 0.517486 0.0
1.01582 0.522761 0.0
1.01422 0.527745 0.0
1.01266 0.532438 0.0
1.01113 0.536841 0.0
1.00965 0.540957 0.0
1.00822 0.544788 0.0
1.00683 0.548339 0.0
1.00549 0.551615 0.0
1.0042 0.554623 0.0
1.00296 0.557367 0.0
1.00178 0.559857 0.0
1.00064 0.5621 0.0
0.999563 0.564103 0.0
0.998531 0.565877 0.0
0.997549 0.56743 0.0
0.996615 0.568772 0.0
0.995729 0.569911 0.0
0.994888 0.570857 0.0
0.99409 0.571621 0.0
0.993335 0.57221 0.0
0.992618 0.572634 0.0
0.991939 0.572901 0.0
0.991294 0.573019 0.0
0.990681 0.572996 0.0
0.990098 0.572838 0.0
0.989541 0.572552 0.0
0.989008 0.572143 0.0
0.988496 0.571615 0.0
0.988001 0.570971 0.0
0.987522 0.570214 0.0
0.987053 0.569345 0.0
0.986593 0.568365 0.0
0.986138 0.567271 0.0
0.985684 0.566061 0.0
0.985228 0.564732 0.0
0.984766 0.563279 0.0
0.984294 0.561694 0.0
0.983808 0.559969 0.0
0.983305 0.558095 0.0
0.98278 0.55606 0.0
0.982228 0.553852 0.0
0.981645 0.551457 0.0
0.981026 0.548857 0.0
0.980364 0.546037 0.0
0.979656 0.542976 0.0
0.978893 0.539655 0.0
0.978071 0.536052 0.0
0.977183 0.532145 0.0
0.976219 0.52791 0.0
0.975173 0.523323 0.0
0.974036 0.518359 0.0
0.972796 0.512993 0.0
0.971445 0.507203 0.0
0.969969 0.500965 0.0
0.968354 0.494258 0.0
0.966585 0.487066 0.0
0.964643 0.479374 0.0
0.962509 0.471175 0.0
0.960157 0.462467 0.0
0.957558 0.453257 0.0
0.954681 0.443561 0.0
0.951486 0.433407 0.0
0.947928 0.422835 0.0
0.943956 0.411896 0.0
0.939515 0.400655 0.0
0.934543 0.389182 0.0
0.928977 0.377554 0.0
0.922755 0.365844 0.0
0.915824 0.354115 0.0
0.908142 0.342407 0.0
0.899686 0.330729 0.0
0.890461 0.319044 0.0
0.880505 0.307269 0.0
0.869892 0.295268 0.0
0.858729 0.282861 0.0
0.847157 0.269838 0.0
0.835337 0.255983 0.0
0.82344 0.241099 0.0
0.811629 0.225042 0.0
0.800049 0.207739 0.0
0.788814 0.189207 0.0
0.778001 0.169556 0.0
0.767648 0.148976 0.0
0.75776 0.127722 0.0
0.748315 0.106083 0.0
0.739274 0.0843641 0.0
0.730589 0.0628565 0.0
0.72221 0.0418267 0.0
0.714092 0.0215061 0.0
0.706199 0.00208848 0.0
0.698502 -0.0162721 0.0
0.690978 -0.0334609 0.0
0.683614 -0.0493878 0.0
0.67641 -0.0639844 0.0
0.669373 -0.0772008 0.0
0.662524 -0.0890022 0.0
0.655893 -0.099367 0.0
0.649519 -0.108285 0.0
0.643449 -0.115759 0.0
0.637737 -0.1218 0.0
0.632437 -0.126433 0.0
0.627605 -0.129696 0.0
0.623291 -0.131643 0.0
0.619534 -0.132339 0.0
0.616363 -0.131867 0.0
0.613788 -0.130324 0.0
0.611801 -0.127818 0.0
0.610371 -0.124469 0.0
0.609444 -0.120401 0.0
0.608945 -0.115738 0.0
0.608773 -0.110601 0.0
0.608808 -0.105106 0.0
0.608909 -0.0994182 0.0
0.60895 -0.0942129 0.0
0.999998 0.00136891 0.0
0.999989 0.00413084 0.0
0.999972 0.00691463 0.0
0.999947 0.00971834 0.0
0.999916 0.0125402 0.0
0.999878 0.0153789 0.0
0.999837 0.0182332 0.0
0.999793 0.0211023 0.0
0.99975 0.0239855 0.0
0.999708 0.0268827 0.0
0.999672 0.0297938 0.0
0.999644 0.0327194 0.0
0.999627 0.0356602 0.0
0.999626 0.0386176 0.0
0.999644 0.0415931 0.0
0.999685 0.0445889 0.0
0.999754 0.0476076 0.0
0.999856 0.0506523 0.0
0.999995 0.0537269 0.0
1.00018 0.0568354 0.0
1.00041 0.0599829 0.0
1.00069 0.0631748 0.0
1.00103 0.0664174 0.0
1.00144 0.0697173 0.0
1.00192 0.0730822 0.0
1.00247 0.0765203 0.0
1.0031 0.0800405 0.0
1.00382 0.0836524 0.0
1.00462 0.0873661 0.0
1.00552 0.0911926 0.0
1.00652 0.0951432 0.0
1.00761 0.0992299 0.0
1.0088 0.103465 0.0
1.01009 0.107861 0.0
1.01148 0.11243 0.0
1.01297 0.117186 0.0
1.01455 0.12214 0.0
1.01621 0.127305 0.0
1.01796 0.132692 0.0
1.01978 0.138312 0.0
1.02166 0.144174 0.0
1.0236 0.150287 0.0
1.02558 0.156657 0.0
1.02758 0.163289 0.0
1.0296 0.170187 0.0
1.03161 0.17735 0.0
1.03361 0.184778 0.0
1.03557 0.192468 0.0
1.03748 0.200412 0.0
1.03933 0.208605 0.0
1.04109 0.217034 0.0
1.04276 0.225687 0.0
1.04432 0.234552 0.0
1.04575 0.24361 0.0
1.04706 0.252846 0.0
1.04821 0.262239 0.0
1.04922 0.27177 0.0
1.05007 0.281418 0.0
1.05075 0.291163 0.0
1.05127 0.300981 0.0
1.05161 0.31085 0.0
1.05179 0.32075 0.0
1.05179 0.330657 0.0
1.05163 0.34055 0.0
1.05129 0.350409 0.0
1.0508 0.360211 0.0
1.05015 0.369937 0.0
1.04935 0.379567 0.0
1.04841 0.389082 0.0
1.04733 0.398465 0.0
1.04612 0.407697 0.0
1.0448 0.416764 0.0
1.04338 0.425648 0.0
1.04185 0.434336 0.0
1.04024 0.442814 0.0
1.03855 0.451068 0.0
1.0368 0.459088 0.0
1.03499 0.466862 0.0
1.03314 0.474381 0.0
1.03126 0.481635 0.0
1.02936 0.488617 0.0
1.02743 0.49532 0.0
1.02551 0.501739 0.0
1.02359 0.507868 0.0
1.02168 0.513705 0.0
1.01979 0.519247 0.0
1.01793 0.524493 0.0
1.0161 0.529442 0.0
1.01431 0.534095 0.0
1.01256 0.538455 0.0
1.01086 0.542523 0.0
1.00922 0.546305 0.0
1.00762 0.549804 0.0
1.00609 0.553026 0.0
1.00461 0.555978 0.0
1.00319 0.558666 0.0
1.00184 0.5611 0.0
1.00054 0.563286 0.0
0.999308 0.565233 0.0
0.998136 0.566952 0.0
0.997023 0.56845 0.0
0.995969 0.569739 0.0
0.994972 0.570827 0.0
0.994031 0.571724 0.0
0.993143 0.57244 0.0
0.992307 0.572984 0.0
0.991519 0.573365 0.0
0.990777 0.573591 0.0
0.990078 0.573672 0.0
0.989419 0.573614 0.0
0.988797 0.573425 0.0
0.988209 0.57311 0.0
0.987651 0.572675 0.0
0.987121 0.572125 0.0
0.986614 0.571462 0.0
0.986127 0.57069 0.0
0.985656 0.569809 0.0
0.985198 0.568819 0.0
0.984748 0.567721 0.0
0.984304 0.56651 0.0
0.983859 0.565184 0.0
0.983412 0.563737 0.0
0.982956 0.562163 0.0
0.982488 0.560453 0.0
0.982004 0.558599 0.0
0.981497 0.556588 0.0
0.980965 0.554409 0.0
0.9804 0.552048 0.0
0.979798 0.549488 0.0
0.979153 0.546713 0.0
0.978458 0.543703 0.0
0.977707 0.540441 0.0
0.976893 0.536903 0.0
0.976009 0.533068 0.0
0.975045 0.528914 0.0
0.973993 0.524417 0.0
0.972844 0.519552 0.0
0.971585 0.514298 0.0
0.970205 0.50863 0.0
0.968691 0.502528 0.0
0.967027 0.495974 0.0
0.965194 0.488952 0.0
0.963174 0.48145 0.0
0.960943 0.473465 0.0
0.958474 0.464999 0.0
0.955735 0.456062 0.0
0.952689 0.446678 0.0
0.949295 0.436879 0.0
0.945505 0.426711 0.0
0.941265 0.416232 0.0
0.936517 0.405509 0.0
0.931201 0.394617 0.0
0.925256 0.383631 0.0
0.918626 0.372619 0.0
0.911263 0.361634 0.0
0.903138 0.350696 0.0
0.894244 0.33979 0.0
0.884604 0.328849 0.0
0.874272 0.317753 0.0
0.863341 0.30633 0.0
0.851933 0.294369 0.0
0.840201 0.281635 0.0
0.828308 0.267898 0.0
0.816422 0.252966 0.0
0.8047 0.236708 0.0
0.793272 0.219081 0.0
0.782236 0.200137 0.0
0.771653 0.180023 0.0
0.761549 0.158967 0.0
0.751917 0.137251 0.0
0.74273 0.115186 0.0
0.733947 0.0930858 0.0
0.72552 0.0712473 0.0
0.717401 0.049934 0.0
0.709546 0.0293711 0.0
0.701919 0.00974357 0.0
0.69449 -0.00880116 0.0
0.687237 -0.0261545 0.0
0.680142 -0.0422356 0.0
0.673195 -0.0569856 0.0
0.666397 -0.0703645 0.0
0.659755 -0.0823474 0.0
0.653286 -0.0929224 0.0
0.647019 -0.102089 0.0
0.640989 -0.109855 0.0
0.635237 -0.11624 0.0
0.629814 -0.12127 0.0
0.62477 -0.124983 0.0
0.620155 -0.127427 0.0
0.616016 -0.128659 0.0
0.612388 -0.128749 0.0
0.609298 -0.127777 0.0
0.606755 -0.125834 0.0
0.604749 -0.123018 0.0
0.603253 -0.11943 0.0
0.602215 -0.115172 0.0
0.601564 -0.110344 0.0
0.601208 -0.105041 0.0
0.601033 -0.0994113 0.0
0.600929 -0.0941555 0.0
0.999997 0.00137383 0.0
0.999986 0.00414545 0.0
0.999965 0.00693846 0.0
0.999934 0.00975059 0.0
0.999894 0.0125798 0.0
0.999846 0.0154244 0.0
0.999792 0.0182828 0.0
0.999735 0.0211539 0.0
0.999675 0.0240368 0.0
0.999617 0.0269309 0.0
0.999563 0.029836 0.0
0.999516 0.0327522 0.0
0.99948 0.03568 0.0
0.999459 0.0386202 0.0
0.999457 0.0415744 0.0
0.999479 0.0445443 0.0
0.99953 0.0475322 0.0
0.999615 0.0505411 0.0
0.999739 0.0535744 0.0
0.999909 0.0566362 0.0
1.00013 0.0597312 0.0
1.00041 0.0628648 0.0
1.00075 0.0660431 0.0
1.00116 0.069273 0.0
1.00165 0.0725621 0.0
1.00222 0.0759187 0.0
1.00288 0.0793522 0.0
1.00363 0.0828723 0.0
1.00448 0.0864899 0.0
1.00543 0.0902165 0.0
1.00649 0.0940642 0.0
1.00766 0.0980458 0.0
1.00895 0.102175 0.0
1.01034 0.106464 0.0
1.01185 0.110929 0.0
1.01347 0.115583 0.0
1.01519 0.12044 0.0
1.01702 0.125513 0.0
1.01894 0.130816 0.0
1.02094 0.136362 0.0
1.02302 0.14216 0.0
1.02517 0.148221 0.0
1.02737 0.154552 0.0
1.0296 0.161161 0.0
1.03184 0.16805 0.0
1.0341 0.175222 0.0
1.03633 0.182675 0.0
1.03853 0.190407 0.0
1.04068 0.198412 0.0
1.04276 0.20668 0.0
1.04475 0.215201 0.0
1.04664 0.223963 0.0
1.04841 0.232948 0.0
1.05005 0.242141 0.0
1.05154 0.251521 0.0
1.05288 0.261069 0.0
1.05404 0.270764 0.0
1.05504 0.280582 0.0
1.05585 0.2905 0.0
1.05649 0.300496 0.0
1.05693 0.310546 0.0
1.05718 0.320625 0.0
1.05725 0.330711 0.0
1.05714 0.340781 0.0
1.05683 0.350811 0.0
1.05635 0.360781 0.0
1.0557 0.370669 0.0
1.05488 0.380454 0.0
1.0539 0.390117 0.0
1.05277 0.399639 0.0
1.05149 0.409002 0.0
1.05009 0.418188 0.0
1.04856 0.427182 0.0
1.04691 0.43597 0.0
1.04517 0.444536 0.0
1.04333 0.452868 0.0
1.04142 0.460954 0.0
1.03944 0.468783 0.0
1.0374 0.476346 0.0
1.03532 0.483633 0.0
1.03321 0.490638 0.0
1.03108 0.497354 0.0
1.02893 0.503776 0.0
1.02678 0.509899 0.0
1.02464 0.515722 0.0
1.02252 0.521241 0.0
1.02042 0.526457 0.0
1.01836 0.53137 0.0
1.01633 0.535981 0.0
1.01436 0.540293 0.0
1.01243 0.54431 0.0
1.01056 0.548035 0.0
1.00875 0.551475 0.0
1.007 0.554636 0.0
1.00533 0.557524 0.0
1.00372 0.560148 0.0
1.00218 0.562515 0.0
1.00071 0.564635 0.0
0.999308 0.566516 0.0
0.997981 0.568169 0.0
0.996724 0.569603 0.0
0.995536 0.570828 0.0
0.994417 0.571854 0.0
0.993363 0.572692 0.0
0.992372 0.57335 0.0
0.991443 0.573839 0.0
0.990573 0.574168 0.0
0.989757 0.574345 0.0
0.988994 0.57438 0.0
0.98828 0.574279 0.0
0.987611 0.574051 0.0
0.986984 0.5737 0.0
0.986395 0.573233 0.0
0.98584 0.572653 0.0
0.985314 0.571966 0.0
0.984815 0.571172 0.0
0.984337 0.570275 0.0
0.983877 0.569272 0.0
0.98343 0.568165 0.0
0.982991 0.56695 0.0
0.982556 0.565623 0.0
0.982121 0.564181 0.0
0.98168 0.562615 0.0
0.981229 0.560919 0.0
0.980763 0.559083 0.0
0.980276 0.557097 0.0
0.979763 0.554947 0.0
0.979217 0.55262 0.0
0.978634 0.550101 0.0
0.978007 0.547372 0.0
0.977328 0.544417 0.0
0.976591 0.541215 0.0
0.975788 0.537746 0.0
0.974911 0.533988 0.0
0.97395 0.529919 0.0
0.972896 0.525517 0.0
0.971739 0.520759 0.0
0.970465 0.515623 0.0
0.969061 0.510087 0.0
0.967513 0.504133 0.0
0.965804 0.497743 0.0
0.963914 0.490905 0.0
0.961821 0.48361 0.0
0.959499 0.475858 0.0
0.956918 0.467655 0.0
0.954045 0.459018 0.0
0.95084 0.449973 0.0
0.947258 0.440559 0.0
0.94325 0.430829 0.0
0.93876 0.420843 0.0
0.933731 0.410674 0.0
0.928103 0.400396 0.0
0.921819 0.390081 0.0
0.914829 0.37979 0.0
0.907096 0.369559 0.0
0.898603 0.359389 0.0
0.889356 0.349237 0.0
0.879394 0.339004 0.0
0.868789 0.328534 0.0
0.857646 0.317623 0.0
0.846099 0.30603 0.0
0.834305 0.293501 0.0
0.822428 0.279802 0.0
0.81063 0.264746 0.0
0.799057 0.248225 0.0
0.787824 0.230225 0.0
0.777016 0.210836 0.0
0.766681 0.190242 0.0
0.756834 0.1687 0.0
0.747464 0.146519 0.0
0.738543 0.124026 0.0
0.730028 0.101543 0.0
0.721878 0.0793684 0.0
0.714046 0.057764 0.0
0.706492 0.0369493 0.0
0.699182 0.0171027 0.0
0.692086 -0.00163552 0.0
0.685179 -0.0191604 0.0
0.678442 -0.0353967 0.0
0.671856 -0.0502926 0.0
0.665413 -0.0638156 0.0
0.659108 -0.0759492 0.0
0.652946 -0.0866903 0.0
0.646939 -0.0960468 0.0
0.641109 -0.104036 0.0
0.635484 -0.110683 0.0
0.630103 -0.116022 0.0
0.625008 -0.120092 0.0
0.620244 -0.12294 0.0
0.615858 -0.12462 0.0
0.611893 -0.125195 0.0
0.608385 -0.124732 0.0
0.605358 -0.123309 0.0
0.602826 -0.121005 0.0
0.600784 -0.117904 0.0
0.599212 -0.114088 0.0
0.598071 -0.109636 0.0
0.597303 -0.104624 0.0
0.596834 -0.0991847 0.0
0.596576 -0.0940194 0.0
0.999997 0.00137992 0.0
0.999983 0.00416354 0.0
0.999957 0.00696805 0.0
0.999919 0.00979082 0.0
0.999869 0.0126295 0.0
0.999809 0.015482 0.0
0.999741 0.0183465 0.0
0.999668 0.0212215 0.0
0.999591 0.0241057 0.0
0.999513 0.0269981 0.0
0.999438 0.0298983 0.0
0.999368 0.032806 0.0
0.999309 0.0357213 0.0
0.999265 0.0386448 0.0
0.999239 0.0415775 0.0
0.999237 0.0445209 0.0
0.999265 0.047477 0.0
0.999328 0.0504484 0.0
0.999432 0.0534383 0.0
0.999584 0.0564506 0.0
0.99979 0.0594896 0.0
1.00006 0.0625607 0.0
1.00039 0.0656699 0.0
1.0008 0.0688239 0.0
1.0013 0.0720304 0.0
1.00188 0.0752981 0.0
1.00256 0.0786362 0.0
1.00334 0.0820552 0.0
1.00423 0.0855663 0.0
1.00523 0.0891817 0.0
1.00636 0.0929142 0.0
1.00761 0.0967778 0.0
1.00898 0.100787 0.0
1.01048 0.104956 0.0
1.01211 0.109302 0.0
1.01386 0.113839 0.0
1.01574 0.118584 0.0
1.01773 0.123551 0.0
1.01983 0.128756 0.0
1.02203 0.134213 0.0
1.02433 0.139935 0.0
1.02669 0.145933 0.0
1.02912 0.152216 0.0
1.03159 0.158793 0.0
1.03409 0.165669 0.0
1.0366 0.172846 0.0
1.03909 0.180323 0.0
1.04155 0.188099 0.0
1.04396 0.196166 0.0
1.04629 0.204515 0.0
1.04853 0.213136 0.0
1.05065 0.222013 0.0
1.05265 0.231131 0.0
1.0545 0.240469 0.0
1.05619 0.250009 0.0
1.05771 0.259726 0.0
1.05905 0.269599 0.0
1.0602 0.279602 0.0
1.06115 0.289712 0.0
1.06191 0.299902 0.0
1.06245 0.310148 0.0
1.0628 0.320424 0.0
1.06293 0.330706 0.0
1.06287 0.340969 0.0
1.0626 0.351189 0.0
1.06214 0.361344 0.0
1.06149 0.371411 0.0
1.06066 0.381368 0.0
1.05965 0.391195 0.0
1.05847 0.400872 0.0
1.05713 0.410381 0.0
1.05565 0.419703 0.0
1.05402 0.428823 0.0
1.05227 0.437725 0.0
1.0504 0.446394 0.0
1.04842 0.454818 0.0
1.04636 0.462983 0.0
1.04421 0.47088 0.0
1.042 0.478498 0.0
1.03973 0.48583 0.0
1.03742 0.492867 0.0
1.03507 0.499604 0.0
1.03271 0.506035 0.0
1.03034 0.512158 0.0
1.02797 0.51797 0.0
1.02562 0.52347 0.0
1.02329 0.528658 0.0
1.02099 0.533534 0.0
1.01873 0.538102 0.0
1.01651 0.542363 0.0
1.01436 0.546324 0.0
1.01226 0.549989 0.0
1.01022 0.553364 0.0
1.00826 0.556456 0.0
1.00637 0.559272 0.0
1.00456 0.561822 0.0
1.00283 0.564114 0.0
1.00117 0.566158 0.0
0.9996 0.567964 0.0
0.998108 0.569541 0.0
0.996697 0.570899 0.0
0.995365 0.572051 0.0
0.994111 0.573005 0.0
0.992934 0.573772 0.0
0.991831 0.574363 0.0
0.9908 0.574787 0.0
0.989837 0.575054 0.0
0.988939 0.575172 0.0
0.988104 0.575152 0.0
0.987326 0.574999 0.0
0.986603 0.574723 0.0
0.985929 0.574328 0.0
0.985301 0.573821 0.0
0.984715 0.573206 0.0
0.984166 0.572488 0.0
0.983649 0.571667 0.0
0.98316 0.570747 0.0
0.982693 0.569727 0.0
0.982245 0.568606 0.0
0.981809 0.567383 0.0
0.981382 0.566053 0.0
0.980957 0.564611 0.0
0.98053 0.563052 0.0
0.980095 0.561368 0.0
0.979646 0.55955 0.0
0.979178 0.557586 0.0
0.978685 0.555465 0.0
0.97816 0.553172 0.0
0.977597 0.550694 0.0
0.976989 0.548014 0.0
0.976328 0.545114 0.0
0.975607 0.541975 0.0
0.974818 0.538577 0.0
0.973951 0.5349 0.0
0.972997 0.530922 0.0
0.971945 0.526621 0.0
0.970783 0.521976 0.0
0.969498 0.516966 0.0
0.968076 0.511571 0.0
0.966499 0.505774 0.0
0.96475 0.49956 0.0
0.962808 0.49292 0.0
0.960648 0.485849 0.0
0.958242 0.478348 0.0
0.955558 0.47043 0.0
0.952561 0.462114 0.0
0.949208 0.453434 0.0
0.945453 0.444434 0.0
0.941244 0.43517 0.0
0.936528 0.425708 0.0
0.931246 0.41612 0.0
0.925342 0.406481 0.0
0.918764 0.396857 0.0
0.911469 0.387298 0.0
0.90343 0.377822 0.0
0.894642 0.368408 0.0
0.885125 0.358983 0.0
0.874932 0.349414 0.0
0.864146 0.339515 0.0
0.852883 0.329048 0.0
0.841285 0.317749 0.0
0.829509 0.305352 0.0
0.817715 0.291621 0.0
0.806057 0.276382 0.0
0.794667 0.259552 0.0
0.78365 0.241148 0.0
0.773077 0.221294 0.0
0.762986 0.200209 0.0
0.753387 0.178178 0.0
0.744267 0.15553 0.0
0.7356 0.132604 0.0
0.727347 0.10973 0.0
0.719472 0.0872069 0.0
0.711936 0.0652936 0.0
0.704703 0.0442063 0.0
0.69774 0.0241185 0.0
0.69102 0.00516545 0.0
0.684516 -0.0125509 0.0
0.678205 -0.0289578 0.0
0.672066 -0.044007 0.0
0.666079 -0.0576709 0.0
0.660229 -0.0699392 0.0
0.654507 -0.0808161 0.0
0.648911 -0.0903174 0.0
0.643445 -0.0984689 0.0
0.638123 -0.105304 0.0
0.632968 -0.110865 0.0
0.628009 -0.115195 0.0
0.623284 -0.118347 0.0
0.618834 -0.120376 0.0
0.6147 -0.12134 0.0
0.610926 -0.121304 0.0
0.607548 -0.120333 0.0
0.604596 -0.118497 0.0
0.602091 -0.115865 0.0
0.60004 -0.112505 0.0
0.598441 -0.10848 0.0
0.597276 -0.103848 0.0
0.596516 -0.0987305 0.0
0.596106 -0.0938058 0.0
0.999996 0.00138731 0.0
0.99998 0.00418554 0.0
0.999948 0.00700412 0.0
0.999901 0.00984007 0.0
0.999841 0.0126907 0.0
0.999768 0.0155535 0.0
0.999684 0.0184263 0.0
0.999592 0.0213072 0.0
0.999495 0.0241946 0.0
0.999394 0.0270872 0.0
0.999295 0.029984 0.0
0.9992 0.0328844 0.0
0.999114 0.0357882 0.0
0.999041 0.0386954 0.0
0.998987 0.0416068 0.0
0.998956 0.0445235 0.0
0.998956 0.0474471 0.0
0.998991 0.0503798 0.0
0.99907 0.0533244 0.0
0.999198 0.0562845 0.0
0.999383 0.0592643 0.0
0.999633 0.0622688 0.0
0.999955 0.0653038 0.0
1.00036 0.0683761 0.0
1.00085 0.0714933 0.0
1.00144 0.0746641 0.0
1.00213 0.0778981 0.0
1.00294 0.0812059 0.0
1.00386 0.0845995 0.0
1.00492 0.0880915 0.0
1.0061 0.0916958 0.0
1.00742 0.0954273 0.0
1.00888 0.0993017 0.0
1.01049 0.103335 0.0
1.01224 0.107545 0.0
1.01413 0.11195 0.0
1.01617 0.116565 0.0
1.01833 0.12141 0.0
1.02063 0.126501 0.0
1.02304 0.131855 0.0
1.02555 0.137486 0.0
1.02816 0.143408 0.0
1.03084 0.149633 0.0
1.03357 0.15617 0.0
1.03634 0.163025 0.0
1.03912 0.170203 0.0
1.04189 0.177703 0.0
1.04463 0.185522 0.0
1.04731 0.193655 0.0
1.04991 0.202092 0.0
1.05242 0.21082 0.0
1.0548 0.219824 0.0
1.05703 0.229086 0.0
1.05911 0.238584 0.0
1.06102 0.248297 0.0
1.06274 0.2582 0.0
1.06426 0.268267 0.0
1.06557 0.278473 0.0
1.06666 0.288791 0.0
1.06754 0.299193 0.0
1.0682 0.309653 0.0
1.06863 0.320144 0.0
1.06884 0.330639 0.0
1.06883 0.341112 0.0
1.0686 0.351539 0.0
1.06816 0.361895 0.0
1.06751 0.372157 0.0
1.06667 0.382302 0.0
1.06563 0.392309 0.0
1.06441 0.402158 0.0
1.06301 0.411828 0.0
1.06145 0.421302 0.0
1.05974 0.430563 0.0
1.05789 0.439594 0.0
1.0559 0.44838 0.0
1.05379 0.456909 0.0
1.05158 0.465168 0.0
1.04928 0.473145 0.0
1.0469 0.48083 0.0
1.04445 0.488216 0.0
1.04195 0.495296 0.0
1.0394 0.502062 0.0
1.03683 0.508511 0.0
1.03424 0.51464 0.0
1.03165 0.520447 0.0
1.02907 0.525931 0.0
1.0265 0.531092 0.0
1.02397 0.535933 0.0
1.02148 0.540457 0.0
1.01903 0.544667 0.0
1.01664 0.548569 0.0
1.01431 0.552169 0.0
1.01205 0.555473 0.0
1.00987 0.558491 0.0
1.00777 0.561229 0.0
1.00575 0.563698 0.0
1.00382 0.565906 0.0
1.00197 0.567865 0.0
1.00022 0.569585 0.0
0.998552 0.571076 0.0
0.996979 0.572349 0.0
0.995495 0.573416 0.0
0.9941 0.574288 0.0
0.992792 0.574974 0.0
0.991569 0.575487 0.0
0.990428 0.575835 0.0
0.989365 0.57603 0.0
0.988378 0.57608 0.0
0.987463 0.575995 0.0
0.986615 0.575782 0.0
0.985831 0.575448 0.0
0.985105 0.575002 0.0
0.984434 0.574447 0.0
0.983811 0.573789 0.0
0.983234 0.573032 0.0
0.982695 0.572178 0.0
0.98219 0.57123 0.0
0.981714 0.570186 0.0
0.981262 0.569048 0.0
0.980827 0.567811 0.0
0.980405 0.566474 0.0
0.979989 0.565031 0.0
0.979574 0.563475 0.0
0.979154 0.561801 0.0
0.978722 0.559997 0.0
0.978273 0.558055 0.0
0.9778 0.555962 0.0
0.977296 0.553704 0.0
0.976754 0.551268 0.0
0.976167 0.548636 0.0
0.975526 0.545793 0.0
0.974824 0.542719 0.0
0.974051 0.539396 0.0
0.973197 0.535802 0.0
0.972253 0.531918 0.0
0.971206 0.527724 0.0
0.970043 0.523198 0.0
0.968751 0.518321 0.0
0.967314 0.513075 0.0
0.965714 0.507446 0.0
0.963931 0.50142 0.0
0.961942 0.494992 0.0
0.959721 0.488158 0.0
0.957239 0.480927 0.0
0.954461 0.473312 0.0
0.95135 0.46534 0.0
0.947862 0.457049 0.0
0.94395 0.448487 0.0
0.939563 0.439714 0.0
0.934645 0.430799 0.0
0.929142 0.421815 0.0
0.923002 0.412832 0.0
0.916177 0.40391 0.0
0.908634 0.395083 0.0
0.900354 0.386354 0.0
0.891343 0.377674 0.0
0.881634 0.368942 0.0
0.87129 0.359993 0.0
0.860406 0.350607 0.0
0.849103 0.340522 0.0
0.837525 0.329452 0.0
0.825826 0.317125 0.0
0.814161 0.303307 0.0
0.802673 0.287842 0.0
0.791483 0.270672 0.0
0.780682 0.251845 0.0
0.770333 0.231519 0.0
0.760467 0.209941 0.0
0.751091 0.187421 0.0
0.742194 0.164304 0.0
0.733753 0.140939 0.0
0.72574 0.117661 0.0
0.718123 0.0947682 0.0
0.710872 0.0725195 0.0
0.703957 0.0511281 0.0
0.697351 0.0307652 0.0
0.691027 0.0115634 0.0
0.68496 -0.00637724 0.0
0.679123 -0.0229842 0.0
0.673491 -0.0382096 0.0
0.668038 -0.052028 0.0
0.662738 -0.0644327 0.0
0.657571 -0.0754328 0.0
0.652517 -0.0850507 0.0
0.647568 -0.0933199 0.0
0.642719 -0.100283 0.0
0.637976 -0.105988 0.0
0.633354 -0.110491 0.0
0.628875 -0.113848 0.0
0.624571 -0.11612 0.0
0.620479 -0.11737 0.0
0.616639 -0.11766 0.0
0.613096 -0.117055 0.0
0.60989 -0.115618 0.0
0.607063 -0.113411 0.0
0.604648 -0.110494 0.0
0.602676 -0.10692 0.0
0.601171 -0.102739 0.0
0.600152 -0.0980601 0.0
0.599607 -0.0935218 0.0
0.999995 0.00139617 0.0
0.999976 0.00421193 0.0
0.999938 0.00704749 0.0
0.999882 0.00989946 0.0
0.999809 0.0127648 0.0
0.999721 0.0156406 0.0
0.99962 0.0185243 0.0
0.999507 0.0214136 0.0
0.999386 0.0243065 0.0
0.999261 0.0272013 0.0
0.999133 0.0300966 0.0
0.999009 0.0329913 0.0
0.998892 0.0358848 0.0
0.998786 0.0387768 0.0
0.998698 0.0416675 0.0
0.998634 0.0445576 0.0
0.998599 0.0474482 0.0
0.998601 0.0503412 0.0
0.998647 0.0532389 0.0
0.998744 0.0561446 0.0
0.998901 0.0590621 0.0
0.999126 0.061996 0.0
0.999428 0.0649521 0.0
0.999816 0.0679368 0.0
1.0003 0.0709577 0.0
1.00089 0.0740236 0.0
1.00159 0.0771441 0.0
1.00241 0.0803304 0.0
1.00337 0.0835947 0.0
1.00446 0.0869504 0.0
1.0057 0.0904124 0.0
1.00709 0.0939964 0.0
1.00864 0.0977197 0.0
1.01035 0.1016 0.0
1.01223 0.105657 0.0
1.01426 0.109909 0.0
1.01646 0.114377 0.0
1.01881 0.119081 0.0
1.0213 0.12404 0.0
1.02394 0.129273 0.0
1.02669 0.134797 0.0
1.02955 0.14063 0.0
1.0325 0.146783 0.0
1.03552 0.15327 0.0
1.03858 0.160097 0.0
1.04166 0.167271 0.0
1.04473 0.174791 0.0
1.04777 0.182656 0.0
1.05075 0.190859 0.0
1.05364 0.19939 0.0
1.05643 0.208235 0.0
1.05908 0.217377 0.0
1.06158 0.226797 0.0
1.0639 0.23647 0.0
1.06603 0.246374 0.0
1.06796 0.25648 0.0
1.06967 0.266761 0.0
1.07115 0.277188 0.0
1.07239 0.287733 0.0
1.0734 0.298367 0.0
1.07417 0.309059 0.0
1.07469 0.319782 0.0
1.07497 0.330508 0.0
1.07502 0.341209 0.0
1.07482 0.351859 0.0
1.07441 0.362433 0.0
1.07376 0.372907 0.0
1.07291 0.383256 0.0
1.07184 0.393458 0.0
1.07058 0.403493 0.0
1.06912 0.41334 0.0
1.06749 0.42298 0.0
1.0657 0.432396 0.0
1.06374 0.44157 0.0
1.06164 0.450488 0.0
1.05941 0.459136 0.0
1.05707 0.4675 0.0
1.05461 0.475569 0.0
1.05207 0.483334 0.0
1.04944 0.490786 0.0
1.04676 0.497917 0.0
1.04402 0.504722 0.0
1.04125 0.511197 0.0
1.03845 0.517339 0.0
1.03564 0.523146 0.0
1.03284 0.528618 0.0
1.03005 0.533757 0.0
1.02729 0.538564 0.0
1.02456 0.543045 0.0
1.02189 0.547203 0.0
1.01927 0.551044 0.0
1.01671 0.554576 0.0
1.01423 0.557806 0.0
1.01183 0.560743 0.0
1.00951 0.563397 0.0
1.00728 0.565777 0.0
1.00515 0.567894 0.0
1.00311 0.569759 0.0
1.00117 0.571384 0.0
0.999335 0.57278 0.0
0.997596 0.573958 0.0
0.995956 0.57493 0.0
0.994416 0.575709 0.0
0.992973 0.576304 0.0
0.991625 0.576728 0.0
0.990369 0.576991 0.0
0.989203 0.577103 0.0
0.988122 0.577075 0.0
0.987123 0.576915 0.0
0.986201 0.576631 0.0
0.985351 0.576232 0.0
0.98457 0.575725 0.0
0.983851 0.575114 0.0
0.983189 0.574405 0.0
0.98258 0.573603 0.0
0.982017 0.572709 0.0
0.981494 0.571726 0.0
0.981006 0.570654 0.0
0.980548 0.569492 0.0
0.980112 0.568238 0.0
0.979693 0.566889 0.0
0.979285 0.56544 0.0
0.978881 0.563885 0.0
0.978475 0.562217 0.0
0.978061 0.560427 0.0
0.977631 0.558505 0.0
0.977178 0.556438 0.0
0.976696 0.554214 0.0
0.976176 0.551819 0.0
0.975611 0.549237 0.0
0.974991 0.546452 0.0
0.974309 0.543445 0.0
0.973554 0.540198 0.0
0.972716 0.536691 0.0
0.971784 0.532906 0.0
0.970745 0.528822 0.0
0.969585 0.524421 0.0
0.96829 0.519685 0.0
0.966842 0.514597 0.0
0.965222 0.509144 0.0
0.963409 0.503318 0.0
0.961379 0.497113 0.0
0.959104 0.490533 0.0
0.956553 0.483586 0.0
0.95369 0.476293 0.0
0.950477 0.468684 0.0
0.946869 0.460801 0.0
0.942818 0.452697 0.0
0.938273 0.444435 0.0
0.933182 0.436086 0.0
0.927492 0.42772 0.0
0.921155 0.419404 0.0
0.914132 0.411186 0.0
0.906395 0.403087 0.0
0.897937 0.395088 0.0
0.888771 0.387116 0.0
0.878942 0.379038 0.0
0.868521 0.370661 0.0
0.857608 0.361735 0.0
0.84633 0.351975 0.0
0.834827 0.34108 0.0
0.823249 0.328773 0.0
0.811743 0.31483 0.0
0.800439 0.299111 0.0
0.789447 0.281585 0.0
0.778849 0.26233 0.0
0.7687 0.241534 0.0
0.759026 0.219467 0.0
0.749836 0.196461 0.0
0.741122 0.172874 0.0
0.732871 0.149062 0.0
0.72506 0.125362 0.0
0.71767 0.102074 0.0
0.710678 0.0794564 0.0
0.704063 0.0577209 0.0
0.697802 0.0370386 0.0
0.691873 0.0175428 0.0
0.686251 -0.000666703 0.0
0.680909 -0.0175162 0.0
0.675819 -0.0329554 0.0
0.670948 -0.0469583 0.0
0.666264 -0.0595189 0.0
0.661735 -0.070649 0.0
0.657329 -0.0803757 0.0
0.653022 -0.0887385 0.0
0.648794 -0.0957874 0.0
0.644633 -0.10158 0.0
0.640537 -0.10618 0.0
0.636512 -0.109655 0.0
0.632574 -0.112072 0.0
0.628752 -0.113503 0.0
0.625077 -0.114014 0.0
0.621594 -0.113674 0.0
0.618349 -0.112548 0.0
0.615395 -0.110698 0.0
0.612785 -0.108182 0.0
0.610578 -0.105053 0.0
0.608838 -0.10136 0.0
0.607628 -0.0972091 0.0
0.606981 -0.0931815 0.0
0.999994 0.00140666 0.0
0.999972 0.00424322 0.0
0.999927 0.00709897 0.0
0.999861 0.00997016 0.0
0.999774 0.0128533 0.0
0.999669 0.0157451 0.0
0.999548 0.0186427 0.0
0.999412 0.0215432 0.0
0.999266 0.0244443 0.0
0.999111 0.0273438 0.0
0.998952 0.0302399 0.0
0.998794 0.0331309 0.0
0.998641 0.0360159 0.0
0.998498 0.038894 0.0
0.998371 0.041765 0.0
0.998267 0.0446289 0.0
0.998192 0.0474866 0.0
0.998153 0.0503393 0.0
0.998159 0.053189 0.0
0.998218 0.0560383 0.0
0.998339 0.0588906 0.0
0.998531 0.0617503 0.0
0.998804 0.0646227 0.0
0.999169 0.0675141 0.0
0.999634 0.0704317 0.0
1.00021 0.0733844 0.0
1.00091 0.076382 0.0
1.00175 0.0794357 0.0
1.00272 0.0825583 0.0
1.00385 0.085764 0.0
1.00514 0.0890682 0.0
1.0066 0.0924882 0.0
1.00824 0.0960425 0.0
1.01005 0.0997508 0.0
1.01205 0.103634 0.0
1.01423 0.107714 0.0
1.0166 0.112014 0.0
1.01914 0.116555 0.0
1.02185 0.121361 0.0
1.02471 0.126453 0.0
1.02772 0.131853 0.0
1.03086 0.137578 0.0
1.0341 0.143646 0.0
1.03742 0.15007 0.0
1.04079 0.156861 0.0
1.0442 0.164025 0.0
1.0476 0.171563 0.0
1.05097 0.179475 0.0
1.05427 0.187753 0.0
1.05749 0.196386 0.0
1.06058 0.205359 0.0
1.06353 0.214654 0.0
1.0663 0.224247 0.0
1.06888 0.234114 0.0
1.07126 0.244227 0.0
1.0734 0.254556 0.0
1.07531 0.265072 0.0
1.07696 0.275742 0.0
1.07836 0.286535 0.0
1.0795 0.29742 0.0
1.08038 0.308365 0.0
1.08099 0.31934 0.0
1.08134 0.330315 0.0
1.08144 0.341262 0.0
1.08128 0.352153 0.0
1.08088 0.362962 0.0
1.08024 0.373662 0.0
1.07936 0.38423 0.0
1.07827 0.394643 0.0
1.07696 0.404879 0.0
1.07545 0.414917 0.0
1.07375 0.424737 0.0
1.07187 0.434321 0.0
1.06981 0.443652 0.0
1.06761 0.452714 0.0
1.06525 0.461492 0.0
1.06277 0.469974 0.0
1.06017 0.478148 0.0
1.05747 0.486003 0.0
1.05468 0.49353 0.0
1.05182 0.500723 0.0
1.04889 0.507576 0.0
1.04592 0.514085 0.0
1.04293 0.520246 0.0
1.03991 0.52606 0.0
1.03689 0.531525 0.0
1.03389 0.536645 0.0
1.03091 0.541421 0.0
1.02796 0.545859 0.0
1.02506 0.549965 0.0
1.02221 0.553744 0.0
1.01944 0.557206 0.0
1.01674 0.560358 0.0
1.01412 0.563211 0.0
1.01159 0.565774 0.0
1.00916 0.568059 0.0
1.00683 0.570078 0.0
1.0046 0.571842 0.0
1.00248 0.573363 0.0
1.00046 0.574654 0.0
0.99856 0.575727 0.0
0.996765 0.576595 0.0
0.995079 0.57727 0.0
0.9935 0.577764 0.0
0.992027 0.578089 0.0
0.990656 0.578256 0.0
0.989385 0.578276 0.0
0.988209 0.578159 0.0
0.987125 0.577914 0.0
0.986127 0.577551 0.0
0.985212 0.577077 0.0
0.984373 0.5765 0.0
0.983606 0.575825 0.0
0.982903 0.575058 0.0
0.982261 0.574202 0.0
0.981672 0.573262 0.0
0.981131 0.572237 0.0
0.980631 0.57113 0.0
0.980165 0.569939 0.0
0.979728 0.568663 0.0
0.979312 0.567298 0.0
0.978912 0.56584 0.0
0.978519 0.564282 0.0
0.978127 0.562618 0.0
0.97773 0.560838 0.0
0.977319 0.558934 0.0
0.976888 0.556893 0.0
0.976427 0.554702 0.0
0.97593 0.552348 0.0
0.975388 0.549816 0.0
0.974791 0.547089 0.0
0.97413 0.544151 0.0
0.973395 0.540982 0.0
0.972574 0.537566 0.0
0.971655 0.533882 0.0
0.970626 0.529914 0.0
0.969471 0.525644 0.0
0.968174 0.521054 0.0
0.966718 0.516132 0.0
0.965082 0.510865 0.0
0.963243 0.505248 0.0
0.961176 0.49928 0.0
0.958853 0.492965 0.0
0.95624 0.486318 0.0
0.953301 0.479362 0.0
0.949997 0.472133 0.0
0.946283 0.464675 0.0
0.942111 0.457046 0.0
0.937433 0.44931 0.0
0.932196 0.441539 0.0
0.926353 0.4338 0.0
0.919862 0.426153 0.0
0.912687 0.418635 0.0
0.90481 0.411252 0.0
0.896232 0.403961 0.0
0.886975 0.396665 0.0
0.87709 0.389203 0.0
0.866655 0.381352 0.0
0.855774 0.372838 0.0
0.844572 0.363354 0.0
0.833186 0.35259 0.0
0.821758 0.340268 0.0
0.810425 0.326174 0.0
0.799307 0.310189 0.0
0.788502 0.292304 0.0
0.778083 0.272627 0.0
0.768099 0.25137 0.0
0.758578 0.228826 0.0
0.74953 0.205341 0.0
0.740955 0.181282 0.0
0.732846 0.157014 0.0
0.725194 0.132873 0.0
0.717988 0.10916 0.0
0.711216 0.0861339 0.0
0.704867 0.0640078 0.0
0.698924 0.0429547 0.0
0.693369 0.0231103 0.0
0.68818 0.00457762 0.0
0.683329 -0.0125674 0.0
0.678785 -0.0282705 0.0
0.674515 -0.0425021 0.0
0.670478 -0.0552546 0.0
0.666635 -0.0665403 0.0
0.662944 -0.0763882 0.0
0.659368 -0.0848424 0.0
0.655871 -0.091959 0.0
0.652427 -0.0978037 0.0
0.649016 -0.102449 0.0
0.645627 -0.105972 0.0
0.642262 -0.108452 0.0
0.638931 -0.109969 0.0
0.635657 -0.1106 0.0
0.632476 -0.110423 0.0
0.629431 -0.10951 0.0
0.626579 -0.10793 0.0
0.623985 -0.105747 0.0
0.621727 -0.103024 0.0
0.619895 -0.0998177 0.0
0.618593 -0.096239 0.0
0.617894 -0.092806 0.0
0.999993 0.00141896 0.0
0.999967 0.00427991 0.0
0.999915 0.00715945 0.0
0.999837 0.0100534 0.0
0.999736 0.0129579 0.0
0.999612 0.0158692 0.0
0.999468 0.0187839 0.0
0.999307 0.0216988 0.0
0.999131 0.0246112 0.0
0.998945 0.0275183 0.0
0.998751 0.0304178 0.0
0.998554 0.0333076 0.0
0.998361 0.0361862 0.0
0.998175 0.0390523 0.0
0.998003 0.041905 0.0
0.997853 0.0447439 0.0
0.99773 0.0475691 0.0
0.997644 0.0503815 0.0
0.997603 0.0531822 0.0
0.997615 0.0559736 0.0
0.997691 0.0587584 0.0
0.997841 0.0615406 0.0
0.998075 0.0643248 0.0
0.998406 0.0671172 0.0
0.998844 0.0699247 0.0
0.999402 0.0727559 0.0
1.00009 0.0756207 0.0
1.00093 0.0785305 0.0
1.00191 0.0814984 0.0
1.00307 0.0845391 0.0
1.0044 0.0876693 0.0
1.00592 0.0909071 0.0
1.00764 0.0942727 0.0
1.00956 0.0977876 0.0
1.01168 0.101475 0.0
1.01401 0.10536 0.0
1.01655 0.109467 0.0
1.01929 0.113822 0.0
1.02222 0.118451 0.0
1.02534 0.12338 0.0
1.02862 0.128633 0.0
1.03205 0.134232 0.0
1.03561 0.140198 0.0
1.03926 0.146546 0.0
1.04298 0.153289 0.0
1.04674 0.160437 0.0
1.0505 0.167991 0.0
1.05423 0.175951 0.0
1.05789 0.18431 0.0
1.06145 0.193055 0.0
1.06487 0.202169 0.0
1.06814 0.211632 0.0
1.07121 0.221418 0.0
1.07408 0.231499 0.0
1.0767 0.241843 0.0
1.07908 0.252419 0.0
1.08119 0.263192 0.0
1.08303 0.274128 0.0
1.08458 0.285193 0.0
1.08586 0.296351 0.0
1.08684 0.307571 0.0
1.08754 0.318819 0.0
1.08796 0.330063 0.0
1.08811 0.341275 0.0
1.08798 0.352424 0.0
1.08759 0.363484 0.0
1.08694 0.374428 0.0
1.08605 0.385231 0.0
1.08492 0.395868 0.0
1.08356 0.406319 0.0
1.08199 0.416561 0.0
1.08021 0.426574 0.0
1.07824 0.436339 0.0
1.07609 0.445838 0.0
1.07377 0.455056 0.0
1.07129 0.463977 0.0
1.06867 0.472588 0.0
1.06593 0.480876 0.0
1.06308 0.488832 0.0
1.06012 0.496445 0.0
1.05708 0.503709 0.0
1.05398 0.510618 0.0
1.05082 0.517167 0.0
1.04763 0.523355 0.0
1.04442 0.529181 0.0
1.04119 0.534644 0.0
1.03798 0.539748 0.0
1.03478 0.544496 0.0
1.03162 0.548894 0.0
1.0285 0.552947 0.0
1.02544 0.556664 0.0
1.02245 0.560053 0.0
1.01954 0.563124 0.0
1.01672 0.565888 0.0
1.01398 0.568356 0.0
1.01135 0.57054 0.0
1.00883 0.572453 0.0
1.00642 0.574108 0.0
1.00412 0.575518 0.0
1.00193 0.576695 0.0
0.999868 0.577655 0.0
0.997922 0.578409 0.0
0.996095 0.578971 0.0
0.994384 0.579353 0.0
0.992789 0.579569 0.0
0.991306 0.57963 0.0
0.989932 0.579547 0.0
0.988664 0.579332 0.0
0.987497 0.578993 0.0
0.986426 0.578541 0.0
0.985446 0.577983 0.0
0.984552 0.577327 0.0
0.983737 0.57658 0.0
0.982996 0.575746 0.0
0.982322 0.57483 0.0
0.981709 0.573836 0.0
0.98115 0.572764 0.0
0.980639 0.571616 0.0
0.980168 0.57039 0.0
0.97973 0.569087 0.0
0.979318 0.567701 0.0
0.978926 0.566229 0.0
0.978545 0.564665 0.0
0.978169 0.563002 0.0
0.977789 0.561231 0.0
0.977398 0.559343 0.0
0.976988 0.557325 0.0
0.976551 0.555167 0.0
0.976077 0.552854 0.0
0.975558 0.550372 0.0
0.974984 0.547704 0.0
0.974345 0.544835 0.0
0.97363 0.541748 0.0
0.972827 0.538424 0.0
0.971923 0.534847 0.0
0.970904 0.530998 0.0
0.969755 0.526864 0.0
0.968458 0.522427 0.0
0.966995 0.517678 0.0
0.965345 0.512606 0.0
0.963483 0.507208 0.0
0.961383 0.501487 0.0
0.959015 0.495449 0.0
0.956347 0.489115 0.0
0.953341 0.48251 0.0
0.949957 0.475673 0.0
0.946151 0.468654 0.0
0.941877 0.461512 0.0
0.937087 0.454313 0.0
0.931733 0.447126 0.0
0.925772 0.440016 0.0
0.919165 0.433035 0.0
0.911884 0.426208 0.0
0.903918 0.419522 0.0
0.895275 0.412914 0.0
0.885984 0.406261 0.0
0.876101 0.399375 0.0
0.865707 0.392008 0.0
0.854907 0.383863 0.0
0.843823 0.374616 0.0
0.832584 0.363952 0.0
0.821326 0.351593 0.0
0.810171 0.337337 0.0
0.799231 0.321085 0.0
0.788592 0.302852 0.0
0.778323 0.282768 0.0
0.768468 0.261068 0.0
0.759056 0.238061 0.0
0.750104 0.214106 0.0
0.741618 0.189578 0.0
0.733603 0.164842 0.0
0.726061 0.140239 0.0
0.718992 0.116069 0.0
0.712396 0.0925924 0.0
0.706269 0.0700255 0.0
0.700604 0.0485451 0.0
0.695387 0.0282919 0.0
0.690598 0.00937453 0.0
0.686212 -0.00812667 0.0
0.682196 -0.0241525 0.0
0.678514 -0.0386679 0.0
0.675123 -0.0516615 0.0
0.671977 -0.0631436 0.0
0.669026 -0.0731435 0.0
0.666223 -0.0817076 0.0
0.663522 -0.0888964 0.0
0.660882 -0.0947821 0.0
0.658268 -0.0994454 0.0
0.655654 -0.102973 0.0
0.653024 -0.105456 0.0
0.650374 -0.106984 0.0
0.647711 -0.107649 0.0
0.645058 -0.107539 0.0
0.642449 -0.10674 0.0
0.639936 -0.105334 0.0
0.637586 -0.103399 0.0
0.635482 -0.101011 0.0
0.633731 -0.0982481 0.0
0.632459 -0.0952337 0.0
0.631769 -0.0924221 0.0
0.999992 0.00143325 0.0
0.999962 0.00432256 0.0
0.999901 0.00722984 0.0
0.999811 0.0101505 0.0
0.999693 0.0130801 0.0
0.999549 0.0160147 0.0
0.999381 0.0189503 0.0
0.999191 0.0218833 0.0
0.998983 0.0248104 0.0
0.998761 0.0277284 0.0
0.998528 0.0306345 0.0
0.998289 0.0335262 0.0
0.998049 0.0364011 0.0
0.997815 0.0392575 0.0
0.997592 0.0420939 0.0
0.997388 0.0449093 0.0
0.997211 0.0477031 0.0
0.997069 0.0504755 0.0
0.996972 0.0532272 0.0
0.996928 0.0559596 0.0
0.99695 0.058675 0.0
0.997047 0.0613767 0.0
0.997233 0.0640687 0.0
0.997519 0.0667567 0.0
0.997918 0.0694473 0.0
0.998445 0.0721487 0.0
0.999113 0.0748707 0.0
0.999935 0.0776248 0.0
1.00093 0.0804243 0.0
1.0021 0.0832846 0.0
1.00347 0.0862229 0.0
1.00504 0.089259 0.0
1.00683 0.0924143 0.0
1.00885 0.0957126 0.0
1.01109 0.0991794 0.0
1.01358 0.102842 0.0
1.01629 0.106729 0.0
1.01924 0.110871 0.0
1.02241 0.115296 0.0
1.02579 0.120036 0.0
1.02937 0.125117 0.0
1.03312 0.130567 0.0
1.03702 0.13641 0.0
1.04103 0.142666 0.0
1.04513 0.149351 0.0
1.04928 0.156474 0.0
1.05343 0.164042 0.0
1.05755 0.172053 0.0
1.0616 0.180499 0.0
1.06554 0.189367 0.0
1.06933 0.198638 0.0
1.07294 0.208288 0.0
1.07634 0.218288 0.0
1.0795 0.228607 0.0
1.0824 0.239209 0.0
1.08502 0.250057 0.0
1.08734 0.261115 0.0
1.08937 0.272343 0.0
1.09109 0.283705 0.0
1.09249 0.295162 0.0
1.09358 0.30668 0.0
1.09437 0.318223 0.0
1.09485 0.329758 0.0
1.09503 0.341253 0.0
1.09493 0.35268 0.0
1.09454 0.364008 0.0
1.09388 0.375211 0.0
1.09296 0.386263 0.0
1.09179 0.39714 0.0
1.09037 0.407819 0.0
1.08873 0.418277 0.0
1.08687 0.428495 0.0
1.0848 0.438453 0.0
1.08254 0.448133 0.0
1.08011 0.457518 0.0
1.07751 0.466592 0.0
1.07475 0.475342 0.0
1.07187 0.483755 0.0
1.06886 0.49182 0.0
1.06574 0.499527 0.0
1.06253 0.50687 0.0
1.05925 0.513843 0.0
1.05591 0.52044 0.0
1.05253 0.52666 0.0
1.04911 0.532503 0.0
1.04569 0.537968 0.0
1.04227 0.54306 0.0
1.03887 0.547782 0.0
1.0355 0.552139 0.0
1.03218 0.556141 0.0
1.02891 0.559794 0.0
1.02572 0.563109 0.0
1.0226 0.566096 0.0
1.01958 0.568767 0.0
1.01665 0.571135 0.0
1.01383 0.573213 0.0
1.01112 0.575013 0.0
1.00853 0.576552 0.0
1.00607 0.577842 0.0
1.00372 0.578898 0.0
1.0015 0.579734 0.0
0.999415 0.580365 0.0
0.997453 0.580804 0.0
0.995618 0.581066 0.0
0.993907 0.581163 0.0
0.992319 0.581108 0.0
0.990849 0.580913 0.0
0.989495 0.580589 0.0
0.988251 0.580147 0.0
0.987112 0.579597 0.0
0.986073 0.578946 0.0
0.985128 0.578203 0.0
0.984271 0.577375 0.0
0.983496 0.576467 0.0
0.982795 0.575484 0.0
0.982161 0.574428 0.0
0.981589 0.573303 0.0
0.981069 0.572108 0.0
0.980595 0.570843 0.0
0.980159 0.569507 0.0
0.979755 0.568097 0.0
0.979373 0.566608 0.0
0.979006 0.565034 0.0
0.978647 0.563369 0.0
0.978286 0.561604 0.0
0.977917 0.55973 0.0
0.97753 0.557735 0.0
0.977116 0.555609 0.0
0.976666 0.553336 0.0
0.976171 0.550904 0.0
0.97562 0.548297 0.0
0.975003 0.545499 0.0
0.974308 0.542494 0.0
0.973522 0.539266 0.0
0.972633 0.535798 0.0
0.971624 0.532074 0.0
0.97048 0.52808 0.0
0.969183 0.523804 0.0
0.967714 0.519234 0.0
0.966049 0.514365 0.0
0.964165 0.509196 0.0
0.962035 0.50373 0.0
0.959627 0.497981 0.0
0.956909 0.491969 0.0
0.953843 0.485726 0.0
0.95039 0.479294 0.0
0.946507 0.472723 0.0
0.942149 0.466075 0.0
0.93727 0.459418 0.0
0.931827 0.452817 0.0
0.92578 0.446334 0.0
0.919096 0.440009 0.0
0.911753 0.433857 0.0
0.903746 0.427845 0.0
0.895088 0.421891 0.0
0.885814 0.415848 0.0
0.875984 0.409502 0.0
0.865679 0.402581 0.0
0.855001 0.394769 0.0
0.844066 0.38573 0.0
0.832998 0.375144 0.0
0.821918 0.362738 0.0
0.810941 0.348323 0.0
0.800165 0.331816 0.0
0.789671 0.313253 0.0
0.77952 0.292787 0.0
0.769756 0.270667 0.0
0.760413 0.247218 0.0
0.75151 0.222805 0.0
0.743068 0.197808 0.0
0.735099 0.172595 0.0
0.727619 0.147508 0.0
0.72064 0.122848 0.0
0.714172 0.0988776 0.0
0.708221 0.0758182 0.0
0.702787 0.0538522 0.0
0.697861 0.0331276 0.0
0.693428 0.0137605 0.0
0.689464 -0.00416177 0.0
0.685936 -0.0205743 0.0
0.682807 -0.035435 0.0
0.68003 -0.0487273 0.0
0.677557 -0.0604577 0.0
0.675332 -0.070654 0.0
0.673301 -0.0793631 0.0
0.671409 -0.0866483 0.0
0.669606 -0.0925864 0.0
0.667844 -0.097265 0.0
0.666084 -0.10078 0.0
0.664295 -0.103231 0.0
0.662458 -0.104721 0.0
0.660564 -0.105355 0.0
0.65862 -0.105236 0.0
0.656647 -0.104463 0.0
0.654684 -0.103136 0.0
0.652789 -0.101351 0.0
0.651041 -0.0992066 0.0
0.649545 -0.0968049 0.0
0.648431 -0.0942901 0.0
0.647815 -0.09206 0.0
0.999991 0.0014497 0.0
0.999956 0.00437172 0.0
0.999886 0.00731106 0.0
0.999783 0.0102627 0.0
0.999647 0.0132218 0.0
0.99948 0.0161838 0.0
0.999285 0.0191445 0.0
0.999064 0.0220997 0.0
0.998821 0.0250455 0.0
0.998559 0.0279783 0.0
0.998282 0.0308947 0.0
0.997996 0.0337915 0.0
0.997705 0.036666 0.0
0.997416 0.0395157 0.0
0.997136 0.0423384 0.0
0.996872 0.0451324 0.0
0.996632 0.0478966 0.0
0.996426 0.0506302 0.0
0.996263 0.0533332 0.0
0.996154 0.0560062 0.0
0.99611 0.0586509 0.0
0.996144 0.0612696 0.0
0.996268 0.0638659 0.0
0.996497 0.0664446 0.0
0.996845 0.0690118 0.0
0.997328 0.0715753 0.0
0.99796 0.0741445 0.0
0.998758 0.0767308 0.0
0.999738 0.0793476 0.0
1.00092 0.0820109 0.0
1.00231 0.0847386 0.0
1.00392 0.0875516 0.0
1.00578 0.0904731 0.0
1.00789 0.0935289 0.0
1.01026 0.0967473 0.0
1.01289 0.100159 0.0
1.01579 0.103796 0.0
1.01896 0.107692 0.0
1.02238 0.111882 0.0
1.02604 0.116401 0.0
1.02994 0.121282 0.0
1.03403 0.126557 0.0
1.0383 0.132254 0.0
1.04271 0.138398 0.0
1.04723 0.145009 0.0
1.0518 0.1521 0.0
1.05638 0.159678 0.0
1.06094 0.167741 0.0
1.06542 0.176283 0.0
1.06977 0.185288 0.0
1.07396 0.194735 0.0
1.07795 0.204594 0.0
1.0817 0.214835 0.0
1.08518 0.22542 0.0
1.08837 0.236308 0.0
1.09124 0.24746 0.0
1.09379 0.258833 0.0
1.09601 0.270383 0.0
1.09789 0.282071 0.0
1.09943 0.293855 0.0
1.10062 0.305696 0.0
1.10149 0.317558 0.0
1.10202 0.329406 0.0
1.10224 0.341206 0.0
1.10214 0.352928 0.0
1.10175 0.364542 0.0
1.10107 0.37602 0.0
1.1001 0.387337 0.0
1.09888 0.398467 0.0
1.0974 0.409387 0.0
1.09567 0.420075 0.0
1.09372 0.43051 0.0
1.09155 0.440672 0.0
1.08918 0.450542 0.0
1.08662 0.460104 0.0
1.08389 0.469341 0.0
1.08099 0.478239 0.0
1.07796 0.486785 0.0
1.07479 0.494968 0.0
1.07151 0.502778 0.0
1.06813 0.510206 0.0
1.06467 0.517249 0.0
1.06114 0.523899 0.0
1.05757 0.530157 0.0
1.05397 0.536021 0.0
1.05035 0.541492 0.0
1.04673 0.546573 0.0
1.04313 0.55127 0.0
1.03956 0.555589 0.0
1.03604 0.559538 0.0
1.03257 0.563126 0.0
1.02918 0.566364 0.0
1.02587 0.569264 0.0
1.02266 0.571838 0.0
1.01955 0.574101 0.0
1.01655 0.576066 0.0
1.01367 0.577748 0.0
1.01092 0.579163 0.0
1.00829 0.580325 0.0
1.0058 0.581251 0.0
1.00344 0.581956 0.0
1.00122 0.582454 0.0
0.99913 0.582762 0.0
0.997181 0.582893 0.0
0.995365 0.582862 0.0
0.993681 0.582681 0.0
0.992126 0.582365 0.0
0.990694 0.581923 0.0
0.989382 0.581369 0.0
0.988185 0.580711 0.0
0.987095 0.57996 0.0
0.986108 0.579122 0.0
0.985217 0.578205 0.0
0.984414 0.577216 0.0
0.983693 0.576158 0.0
0.983045 0.575035 0.0
0.982465 0.57385 0.0
0.981943 0.572603 0.0
0.981471 0.571294 0.0
0.981043 0.569921 0.0
0.980649 0.568482 0.0
0.980282 0.566972 0.0
0.979933 0.565386 0.0
0.979593 0.563716 0.0
0.979255 0.561956 0.0
0.978908 0.560094 0.0
0.978545 0.558121 0.0
0.978156 0.556025 0.0
0.977731 0.553794 0.0
0.977261 0.551412 0.0
0.976733 0.548867 0.0
0.976137 0.546142 0.0
0.975461 0.543223 0.0
0.974692 0.540093 0.0
0.973815 0.536738 0.0
0.972815 0.533143 0.0
0.971676 0.529295 0.0
0.970378 0.525184 0.0
0.9689 0.520801 0.0
0.967222 0.516142 0.0
0.965316 0.511208 0.0
0.963156 0.506008 0.0
0.960712 0.500556 0.0
0.957949 0.494876 0.0
0.954831 0.489003 0.0
0.95132 0.482981 0.0
0.947373 0.476865 0.0
0.942948 0.470716 0.0
0.938004 0.4646 0.0
0.932499 0.458583 0.0
0.926398 0.452717 0.0
0.919673 0.447035 0.0
0.912309 0.441537 0.0
0.904305 0.436175 0.0
0.895679 0.430845 0.0
0.88647 0.425377 0.0
0.876736 0.419536 0.0
0.86656 0.413028 0.0
0.856038 0.405521 0.0
0.845279 0.396671 0.0
0.834396 0.386154 0.0
0.823502 0.373703 0.0
0.812698 0.35914 0.0
0.802073 0.3424 0.0
0.7917 0.323536 0.0
0.781639 0.302717 0.0
0.771933 0.280206 0.0
0.76262 0.256336 0.0
0.753729 0.231479 0.0
0.745288 0.206017 0.0
0.737324 0.180318 0.0
0.729864 0.154725 0.0
0.72293 0.129543 0.0
0.716545 0.105036 0.0
0.710723 0.0814332 0.0
0.70547 0.0589241 0.0
0.700786 0.0376658 0.0
0.696657 0.0177839 0.0
0.693062 -0.000625152 0.0
0.689968 -0.0174894 0.0
0.687337 -0.0327591 0.0
0.685121 -0.0464113 0.0
0.683269 -0.0584475 0.0
0.681722 -0.0688927 0.0
0.680422 -0.077793 0.0
0.679307 -0.0852128 0.0
0.678321 -0.0912321 0.0
0.677408 -0.0959439 0.0
0.676518 -0.0994507 0.0
0.675609 -0.101862 0.0
0.674647 -0.103291 0.0
0.673611 -0.103855 0.0
0.67249 -0.103671 0.0
0.671289 -0.102855 0.0
0.670032 -0.101523 0.0
0.668757 -0.0997942 0.0
0.66753 -0.097788 0.0
0.666438 -0.0956352 0.0
0.665596 -0.0935041 0.0
0.665115 -0.0917495 0.0
0.99999 0.00146852 0.0
0.99995 0.00442796 0.0
0.99987 0.00740406 0.0
0.999752 0.0103913 0.0
0.999597 0.0133846 0.0
0.999406 0.0163787 0.0
0.999181 0.0193691 0.0
0.998926 0.0223509 0.0
0.998644 0.0253199 0.0
0.998338 0.0282718 0.0
0.998014 0.0312027 0.0
0.997675 0.0341089 0.0
0.997327 0.0369868 0.0
0.996978 0.0398333 0.0
0.996633 0.0426456 0.0
0.996301 0.0454212 0.0
0.995991 0.048158 0.0
0.995711 0.0508546 0.0
0.995472 0.0535101 0.0
0.995287 0.0561242 0.0
0.995166 0.0586975 0.0
0.995124 0.0612317 0.0
0.995174 0.0637293 0.0
0.995332 0.0661943 0.0
0.995614 0.0686321 0.0
0.996037 0.0710497 0.0
0.996618 0.0734562 0.0
0.997377 0.0758625 0.0
0.998331 0.0782821 0.0
0.999498 0.080731 0.0
1.0009 0.0832281 0.0
1.00255 0.0857952 0.0
1.00446 0.0884571 0.0
1.00666 0.091242 0.0
1.00914 0.0941809 0.0
1.01192 0.0973079 0.0
1.01501 0.10066 0.0
1.0184 0.104275 0.0
1.02209 0.108193 0.0
1.02605 0.112456 0.0
1.03029 0.117102 0.0
1.03476 0.122169 0.0
1.03944 0.127693 0.0
1.04428 0.133703 0.0
1.04925 0.140223 0.0
1.0543 0.147271 0.0
1.05936 0.154854 0.0
1.0644 0.162975 0.0
1.06935 0.171622 0.0
1.07416 0.180781 0.0
1.07879 0.190424 0.0
1.08319 0.200521 0.0
1.08731 0.211032 0.0
1.09114 0.221916 0.0
1.09464 0.233127 0.0
1.09779 0.244617 0.0
1.10057 0.256339 0.0
1.10298 0.268246 0.0
1.10502 0.280291 0.0
1.10669 0.292431 0.0
1.10799 0.304625 0.0
1.10892 0.316832 0.0
1.1095 0.329016 0.0
1.10974 0.341143 0.0
1.10964 0.35318 0.0
1.10923 0.365098 0.0
1.10851 0.376868 0.0
1.10749 0.388464 0.0
1.1062 0.399862 0.0
1.10464 0.411036 0.0
1.10282 0.421965 0.0
1.10077 0.432628 0.0
1.09849 0.443004 0.0
1.09599 0.453075 0.0
1.0933 0.462823 0.0
1.09042 0.472232 0.0
1.08738 0.481286 0.0
1.08418 0.489973 0.0
1.08085 0.498281 0.0
1.0774 0.506199 0.0
1.07384 0.51372 0.0
1.0702 0.520837 0.0
1.06649 0.527546 0.0
1.06273 0.533845 0.0
1.05893 0.539732 0.0
1.05512 0.545211 0.0
1.05131 0.550283 0.0
1.04751 0.554956 0.0
1.04375 0.559235 0.0
1.04003 0.56313 0.0
1.03638 0.566651 0.0
1.0328 0.569809 0.0
1.02931 0.572618 0.0
1.02591 0.575091 0.0
1.02263 0.577242 0.0
1.01946 0.579089 0.0
1.01642 0.580645 0.0
1.01351 0.581929 0.0
1.01074 0.582956 0.0
1.00811 0.583744 0.0
1.00563 0.584308 0.0
1.00328 0.584665 0.0
1.00109 0.584832 0.0
0.999037 0.584823 0.0
0.99713 0.584654 0.0
0.995364 0.584339 0.0
0.993735 0.583891 0.0
0.992239 0.583324 0.0
0.990871 0.582648 0.0
0.989626 0.581875 0.0
0.988498 0.581014 0.0
0.98748 0.580073 0.0
0.986564 0.579061 0.0
0.985745 0.577983 0.0
0.985013 0.576844 0.0
0.984361 0.575648 0.0
0.983781 0.574397 0.0
0.983264 0.573093 0.0
0.982803 0.571735 0.0
0.982389 0.570322 0.0
0.982012 0.568851 0.0
0.981665 0.567318 0.0
0.981338 0.565716 0.0
0.981022 0.564041 0.0
0.980709 0.562283 0.0
0.980389 0.560433 0.0
0.980053 0.558482 0.0
0.97969 0.556417 0.0
0.979291 0.554226 0.0
0.978845 0.551897 0.0
0.97834 0.549414 0.0
0.977765 0.546765 0.0
0.977107 0.543934 0.0
0.976353 0.540906 0.0
0.975487 0.537668 0.0
0.974494 0.534206 0.0
0.973357 0.53051 0.0
0.972055 0.526569 0.0
0.970569 0.522379 0.0
0.968875 0.517936 0.0
0.966948 0.513246 0.0
0.96476 0.508318 0.0
0.962281 0.503169 0.0
0.959479 0.497828 0.0
0.956316 0.492331 0.0
0.952756 0.486725 0.0
0.94876 0.481065 0.0
0.944287 0.475414 0.0
0.939298 0.469836 0.0
0.933758 0.464393 0.0
0.927634 0.459132 0.0
0.920904 0.454075 0.0
0.913558 0.449208 0.0
0.905598 0.444468 0.0
0.897046 0.439731 0.0
0.887941 0.434806 0.0
0.878345 0.429438 0.0
0.868332 0.423315 0.0
0.857994 0.416094 0.0
0.847432 0.40742 0.0
0.836748 0.396971 0.0
0.826043 0.384486 0.0
0.815407 0.369797 0.0
0.80492 0.352854 0.0
0.794652 0.333723 0.0
0.784656 0.312586 0.0
0.774981 0.289716 0.0
0.765669 0.265451 0.0
0.756758 0.240166 0.0
0.748287 0.214242 0.0
0.740294 0.18805 0.0
0.732817 0.161931 0.0
0.725893 0.136195 0.0
0.71955 0.111112 0.0
0.713814 0.0869163 0.0
0.708698 0.0638092 0.0
0.704206 0.0419578 0.0
0.700327 0.0214989 0.0
0.697043 0.00253975 0.0
0.694322 -0.014839 0.0
0.692123 -0.0305799 0.0
0.690401 -0.0446522 0.0
0.689099 -0.0570523 0.0
0.688159 -0.0678013 0.0
0.687518 -0.0769435 0.0
0.687113 -0.0845435 0.0
0.686882 -0.0906836 0.0
0.686763 -0.0954603 0.0
0.686701 -0.0989818 0.0
0.686644 -0.101365 0.0
0.68655 -0.102732 0.0
0.686384 -0.103211 0.0
0.686121 -0.102931 0.0
0.685752 -0.102024 0.0
0.685278 -0.100622 0.0
0.68472 -0.0988629 0.0
0.684117 -0.0968887 0.0
0.683531 -0.0948557 0.0
0.683044 -0.0929555 0.0
0.682743 -0.0915159 0.0
0.999989 0.00148989 0.0
0.999943 0.00449186 0.0
0.999853 0.00750982 0.0
0.999719 0.0105379 0.0
0.999542 0.0135703 0.0
0.999325 0.0166017 0.0
0.999069 0.0196267 0.0
0.998777 0.0226402 0.0
0.998452 0.0256373 0.0
0.998099 0.0286132 0.0
0.997722 0.0315634 0.0
0.997325 0.0344835 0.0
0.996915 0.0373694 0.0
0.996499 0.0402171 0.0
0.996082 0.0430229 0.0
0.995674 0.0457837 0.0
0.995284 0.0484965 0.0
0.994921 0.0511588 0.0
0.994596 0.0537688 0.0
0.994322 0.0563252 0.0
0.994112 0.0588275 0.0
0.99398 0.0612763 0.0
0.993941 0.0636732 0.0
0.994013 0.0660209 0.0
0.994212 0.0683239 0.0
0.994559 0.0705884 0.0
0.995073 0.0728224 0.0
0.995774 0.0750366 0.0
0.996684 0.077244 0.0
0.997824 0.0794607 0.0
0.999217 0.081706 0.0
1.00088 0.0840026 0.0
1.00284 0.0863771 0.0
1.00511 0.0888597 0.0
1.0077 0.0914845 0.0
1.01063 0.0942896 0.0
1.01391 0.0973162 0.0
1.01753 0.100609 0.0
1.02149 0.104213 0.0
1.02578 0.108177 0.0
1.03038 0.112548 0.0
1.03526 0.117371 0.0
1.04039 0.122688 0.0
1.04571 0.128536 0.0
1.05119 0.134945 0.0
1.05676 0.141936 0.0
1.06236 0.149521 0.0
1.06793 0.157702 0.0
1.07341 0.166468 0.0
1.07873 0.1758 0.0
1.08384 0.185667 0.0
1.08869 0.196033 0.0
1.09323 0.206852 0.0
1.09742 0.218074 0.0
1.10125 0.229647 0.0
1.10468 0.241516 0.0
1.10771 0.253628 0.0
1.11032 0.265929 0.0
1.11252 0.278369 0.0
1.11431 0.290899 0.0
1.1157 0.303475 0.0
1.11669 0.316055 0.0
1.1173 0.3286 0.0
1.11755 0.341076 0.0
1.11744 0.353449 0.0
1.11699 0.365689 0.0
1.11622 0.377768 0.0
1.11514 0.389659 0.0
1.11376 0.401337 0.0
1.11211 0.412778 0.0
1.11019 0.42396 0.0
1.10801 0.434862 0.0
1.1056 0.445462 0.0
1.10297 0.455743 0.0
1.10013 0.465686 0.0
1.0971 0.475275 0.0
1.0939 0.484493 0.0
1.09053 0.493328 0.0
1.08702 0.501767 0.0
1.08339 0.509799 0.0
1.07965 0.517417 0.0
1.07582 0.524613 0.0
1.07192 0.531383 0.0
1.06796 0.537725 0.0
1.06397 0.543638 0.0
1.05997 0.549125 0.0
1.05596 0.554189 0.0
1.05197 0.558836 0.0
1.04801 0.563074 0.0
1.04411 0.566912 0.0
1.04027 0.570362 0.0
1.03651 0.573437 0.0
1.03284 0.576149 0.0
1.02928 0.578515 0.0
1.02583 0.580549 0.0
1.02251 0.58227 0.0
1.01932 0.583694 0.0
1.01627 0.584838 0.0
1.01337 0.585722 0.0
1.01062 0.586362 0.0
1.00801 0.586777 0.0
1.00557 0.586984 0.0
1.00328 0.587 0.0
1.00114 0.586842 0.0
0.999157 0.586526 0.0
0.997323 0.586067 0.0
0.995636 0.58548 0.0
0.994091 0.584777 0.0
0.992682 0.583971 0.0
0.991405 0.583074 0.0
0.990252 0.582096 0.0
0.989216 0.581045 0.0
0.98829 0.57993 0.0
0.987466 0.578757 0.0
0.986735 0.577532 0.0
0.98609 0.576257 0.0
0.985522 0.574937 0.0
0.985021 0.573571 0.0
0.98458 0.572161 0.0
0.984188 0.570704 0.0
0.983836 0.569198 0.0
0.983516 0.567638 0.0
0.983218 0.566021 0.0
0.982932 0.564338 0.0
0.982649 0.562582 0.0
0.982359 0.560744 0.0
0.982053 0.558814 0.0
0.981719 0.556781 0.0
0.981347 0.554633 0.0
0.980925 0.552357 0.0
0.980444 0.54994 0.0
0.979889 0.547369 0.0
0.979248 0.544629 0.0
0.978507 0.541706 0.0
0.97765 0.538589 0.0
0.976662 0.535266 0.0
0.975524 0.531726 0.0
0.974217 0.527962 0.0
0.97272 0.523969 0.0
0.97101 0.51975 0.0
0.969061 0.515308 0.0
0.966846 0.510658 0.0
0.964336 0.505818 0.0
0.961498 0.50082 0.0
0.958299 0.495701 0.0
0.954701 0.490511 0.0
0.950669 0.485306 0.0
0.946166 0.480148 0.0
0.941155 0.475101 0.0
0.935604 0.47022 0.0
0.929487 0.465546 0.0
0.922785 0.461092 0.0
0.915492 0.456831 0.0
0.907614 0.452683 0.0
0.899175 0.448507 0.0
0.890214 0.444095 0.0
0.880788 0.439172 0.0
0.870969 0.433413 0.0
0.860842 0.426462 0.0
0.850495 0.417961 0.0
0.840021 0.407588 0.0
0.829509 0.395087 0.0
0.819038 0.380302 0.0
0.808683 0.363191 0.0
0.798505 0.343833 0.0
0.78856 0.322417 0.0
0.778897 0.299222 0.0
0.769566 0.274589 0.0
0.760614 0.248892 0.0
0.75209 0.222512 0.0
0.744044 0.195819 0.0
0.736526 0.169157 0.0
0.729582 0.142838 0.0
0.723251 0.117141 0.0
0.717565 0.0923087 0.0
0.712545 0.068553 0.0
0.708198 0.0460537 0.0
0.704519 0.0249605 0.0
0.701488 0.00539279 0.0
0.699076 -0.0125586 0.0
0.697242 -0.0288278 0.0
0.695937 -0.0433765 0.0
0.695106 -0.0561948 0.0
0.694687 -0.0673 0.0
0.694617 -0.076734 0.0
0.69483 -0.0845612 0.0
0.69526 -0.090865 0.0
0.695845 -0.0957449 0.0
0.696523 -0.0993134 0.0
0.69724 -0.101693 0.0
0.697944 -0.103014 0.0
0.698592 -0.103412 0.0
0.699149 -0.103026 0.0
0.699589 -0.102 0.0
0.699897 -0.100481 0.0
0.700072 -0.0986211 0.0
0.700125 -0.0965806 0.0
0.700083 -0.0945352 0.0
0.699989 -0.0926947 0.0
0.69989 -0.0913767 0.0
0.999987 0.001514 0.0
0.999936 0.00456398 0.0
0.999835 0.0076293 0.0
0.999684 0.0107036 0.0
0.999484 0.0137808 0.0
0.999238 0.0168548 0.0
0.998948 0.01992 0.0
0.998616 0.0229707 0.0
0.998246 0.0260014 0.0
0.997841 0.0290068 0.0
0.997407 0.0319817 0.0
0.996947 0.0349211 0.0
0.996469 0.0378201 0.0
0.995978 0.0406739 0.0
0.995483 0.0434782 0.0
0.99499 0.0462287 0.0
0.994511 0.0489215 0.0
0.994054 0.0515532 0.0
0.993632 0.0541208 0.0
0.993257 0.0566218 0.0
0.992944 0.0590546 0.0
0.992707 0.0614183 0.0
0.992564 0.0637134 0.0
0.992532 0.0659412 0.0
0.992631 0.068105 0.0
0.992882 0.0702097 0.0
0.993307 0.0722623 0.0
0.99393 0.0742725 0.0
0.994775 0.0762528 0.0
0.995868 0.0782189 0.0
0.997233 0.0801902 0.0
0.998896 0.0821903 0.0
1.00088 0.0842471 0.0
1.00321 0.086393 0.0
1.0059 0.0886654 0.0
1.00897 0.0911063 0.0
1.01243 0.0937624 0.0
1.01629 0.0966841 0.0
1.02054 0.0999253 0.0
1.02518 0.103542 0.0
1.03017 0.107589 0.0
1.0355 0.112122 0.0
1.04111 0.117193 0.0
1.04697 0.122846 0.0
1.05301 0.129118 0.0
1.05917 0.136037 0.0
1.06537 0.143619 0.0
1.07154 0.151865 0.0
1.0776 0.160764 0.0
1.08349 0.170294 0.0
1.08913 0.180419 0.0
1.09448 0.191092 0.0
1.09947 0.202262 0.0
1.10406 0.21387 0.0
1.10824 0.225853 0.0
1.11197 0.238149 0.0
1.11524 0.250696 0.0
1.11805 0.263434 0.0
1.12041 0.276308 0.0
1.12231 0.289265 0.0
1.12378 0.302257 0.0
1.12482 0.315239 0.0
1.12545 0.328173 0.0
1.12569 0.341021 0.0
1.12555 0.353751 0.0
1.12505 0.366332 0.0
1.12421 0.378736 0.0
1.12305 0.390936 0.0
1.12158 0.402908 0.0
1.11981 0.414628 0.0
1.11777 0.426075 0.0
1.11546 0.437226 0.0
1.11291 0.448061 0.0
1.11012 0.458561 0.0
1.10712 0.468707 0.0
1.10393 0.478483 0.0
1.10054 0.487872 0.0
1.097 0.496861 0.0
1.0933 0.505436 0.0
1.08948 0.513587 0.0
1.08554 0.521305 0.0
1.08151 0.528583 0.0
1.07741 0.535416 0.0
1.07325 0.541803 0.0
1.06906 0.547742 0.0
1.06485 0.553237 0.0
1.06065 0.55829 0.0
1.05646 0.56291 0.0
1.05232 0.567103 0.0
1.04822 0.570881 0.0
1.0442 0.574255 0.0
1.04027 0.57724 0.0
1.03643 0.57985 0.0
1.03271 0.582101 0.0
1.0291 0.584011 0.0
1.02564 0.585598 0.0
1.02231 0.58688 0.0
1.01913 0.587877 0.0
1.01611 0.588608 0.0
1.01325 0.589092 0.0
1.01055 0.589348 0.0
1.00801 0.589395 0.0
1.00564 0.589251 0.0
1.00344 0.588934 0.0
1.00139 0.588462 0.0
0.999509 0.58785 0.0
0.99778 0.587113 0.0
0.996202 0.586266 0.0
0.994769 0.585323 0.0
0.993476 0.584294 0.0
0.992314 0.583191 0.0
0.991276 0.582023 0.0
0.990354 0.580799 0.0
0.989541 0.579526 0.0
0.988826 0.578208 0.0
0.988202 0.57685 0.0
0.987658 0.575456 0.0
0.987185 0.574025 0.0
0.986774 0.572559 0.0
0.986416 0.571056 0.0
0.986099 0.569513 0.0
0.985815 0.567927 0.0
0.985553 0.566292 0.0
0.985304 0.564602 0.0
0.985057 0.562848 0.0
0.984802 0.561023 0.0
0.984528 0.559116 0.0
0.984226 0.557116 0.0
0.983883 0.555013 0.0
0.983489 0.552793 0.0
0.98303 0.550445 0.0
0.982495 0.547954 0.0
0.98187 0.545309 0.0
0.981141 0.542497 0.0
0.980292 0.539505 0.0
0.979306 0.536324 0.0
0.978165 0.532945 0.0
0.976851 0.529363 0.0
0.975342 0.525574 0.0
0.973614 0.521582 0.0
0.971644 0.517395 0.0
0.969404 0.513026 0.0
0.966866 0.508499 0.0
0.963999 0.503845 0.0
0.96077 0.499105 0.0
0.957147 0.494329 0.0
0.953093 0.489574 0.0
0.948577 0.484901 0.0
0.943565 0.480371 0.0
0.938029 0.476036 0.0
0.931947 0.471928 0.0
0.925305 0.468053 0.0
0.918099 0.464369 0.0
0.910338 0.460784 0.0
0.902046 0.457139 0.0
0.893262 0.453209 0.0
0.884039 0.448706 0.0
0.874442 0.443293 0.0
0.864547 0.436604 0.0
0.854433 0.428279 0.0
0.844181 0.417996 0.0
0.833868 0.405505 0.0
0.823565 0.390657 0.0
0.813339 0.373419 0.0
0.803247 0.353876 0.0
0.793345 0.332222 0.0
0.783687 0.308738 0.0
0.774328 0.283764 0.0
0.765325 0.257672 0.0
0.756737 0.230843 0.0
0.748625 0.203645 0.0
0.741049 0.176424 0.0
0.734066 0.149499 0.0
0.727723 0.123154 0.0
0.722059 0.0976448 0.0
0.717101 0.0731954 0.0
0.71286 0.0499996 0.0
0.709333 0.028221 0.0
0.706503 0.00799266 0.0
0.704339 -0.0105831 0.0
0.702801 -0.0274313 0.0
0.701839 -0.0425057 0.0
0.701395 -0.0557903 0.0
0.701408 -0.0672982 0.0
0.701811 -0.0770689 0.0
0.702538 -0.0851661 0.0
0.703522 -0.0916744 0.0
0.704697 -0.0966956 0.0
0.706001 -0.100346 0.0
0.707375 -0.102751 0.0
0.708765 -0.104049 0.0
0.71012 -0.10438 0.0
0.711398 -0.103892 0.0
0.712562 -0.102737 0.0
0.713581 -0.101072 0.0
0.714432 -0.0990574 0.0
0.715102 -0.0968666 0.0
0.715581 -0.0946865 0.0
0.715869 -0.0927364 0.0
0.715972 -0.0913395 0.0
0.999986 0.00154105 0.0
0.999929 0.00464489 0.0
0.999815 0.00776344 0.0
0.999646 0.0108899 0.0
0.999422 0.0140177 0.0
0.999146 0.0171404 0.0
0.998819 0.0202517 0.0
0.998444 0.0233456 0.0
0.998025 0.0264159 0.0
0.997565 0.0294569 0.0
0.997068 0.0324625 0.0
0.996541 0.0354272 0.0
0.995988 0.0383452 0.0
0.995416 0.0412111 0.0
0.994834 0.0440195 0.0
0.994248 0.0467652 0.0
0.99367 0.0494432 0.0
0.993109 0.052049 0.0
0.992577 0.0545784 0.0
0.992089 0.0570275 0.0
0.991657 0.0593934 0.0
0.9913 0.0616737 0.0
0.991034 0.0638672 0.0
0.99088 0.0659738 0.0
0.990858 0.0679951 0.0
0.990992 0.0699345 0.0
0.991307 0.0717976 0.0
0.991828 0.0735927 0.0
0.992584 0.0753312 0.0
0.993604 0.0770281 0.0
0.994917 0.0787027 0.0
0.996554 0.0803788 0.0
0.998543 0.0820853 0.0
1.00091 0.083857 0.0
1.00369 0.0857343 0.0
1.00689 0.0877637 0.0
1.01053 0.0899974 0.0
1.01463 0.0924933 0.0
1.01918 0.0953136 0.0
1.02418 0.0985238 0.0
1.0296 0.102191 0.0
1.03542 0.106381 0.0
1.04158 0.111156 0.0
1.04803 0.116573 0.0
1.0547 0.122678 0.0
1.06152 0.129506 0.0
1.06839 0.137077 0.0
1.07523 0.145394 0.0
1.08196 0.154446 0.0
1.08848 0.164205 0.0
1.09471 0.174626 0.0
1.1006 0.185656 0.0
1.10608 0.19723 0.0
1.11111 0.209278 0.0
1.11565 0.221728 0.0
1.11969 0.234505 0.0
1.12322 0.24754 0.0
1.12623 0.260766 0.0
1.12873 0.274118 0.0
1.13074 0.287542 0.0
1.13227 0.300985 0.0
1.13334 0.314402 0.0
1.13397 0.327751 0.0
1.13418 0.340995 0.0
1.13399 0.354103 0.0
1.13342 0.367043 0.0
1.1325 0.379788 0.0
1.13123 0.392312 0.0
1.12965 0.404592 0.0
1.12775 0.416604 0.0
1.12557 0.428325 0.0
1.12311 0.439736 0.0
1.1204 0.450815 0.0
1.11745 0.461543 0.0
1.11427 0.471901 0.0
1.11089 0.481872 0.0
1.10732 0.491438 0.0
1.10357 0.500587 0.0
1.09967 0.509303 0.0
1.09564 0.517577 0.0
1.0915 0.525398 0.0
1.08726 0.532759 0.0
1.08294 0.539657 0.0
1.07857 0.546088 0.0
1.07417 0.552052 0.0
1.06975 0.557552 0.0
1.06534 0.562592 0.0
1.06096 0.567179 0.0
1.05661 0.571323 0.0
1.05233 0.575034 0.0
1.04813 0.578327 0.0
1.04402 0.581214 0.0
1.04002 0.583714 0.0
1.03614 0.585843 0.0
1.03239 0.587619 0.0
1.02878 0.589063 0.0
1.02533 0.590195 0.0
1.02204 0.591034 0.0
1.01891 0.591601 0.0
1.01595 0.591918 0.0
1.01317 0.592005 0.0
1.01056 0.591882 0.0
1.00812 0.591568 0.0
1.00587 0.591083 0.0
1.00378 0.590444 0.0
1.00186 0.589669 0.0
1.00011 0.588775 0.0
0.998516 0.587775 0.0
0.997077 0.586685 0.0
0.995785 0.585517 0.0
0.994632 0.584283 0.0
0.993609 0.582992 0.0
0.99271 0.581653 0.0
0.991923 0.580273 0.0
0.99124 0.578858 0.0
0.990651 0.577414 0.0
0.990146 0.575941 0.0
0.989715 0.574443 0.0
0.989348 0.572919 0.0
0.989034 0.571369 0.0
0.988763 0.569788 0.0
0.988525 0.568175 0.0
0.988309 0.566522 0.0
0.988104 0.564825 0.0
0.9879 0.563075 0.0
0.987686 0.561264 0.0
0.987451 0.559382 0.0
0.987184 0.557419 0.0
0.986874 0.555363 0.0
0.986508 0.553203 0.0
0.986074 0.550927 0.0
0.985559 0.548522 0.0
0.98495 0.545976 0.0
0.984231 0.543278 0.0
0.983388 0.540417 0.0
0.982403 0.537383 0.0
0.981259 0.534171 0.0
0.979936 0.530775 0.0
0.978413 0.527194 0.0
0.976669 0.523434 0.0
0.974679 0.519503 0.0
0.972416 0.515419 0.0
0.969855 0.511205 0.0
0.966965 0.506895 0.0
0.963716 0.502532 0.0
0.960077 0.498165 0.0
0.956017 0.493852 0.0
0.951505 0.489652 0.0
0.946513 0.485624 0.0
0.941017 0.481815 0.0
0.934998 0.47825 0.0
0.928445 0.474926 0.0
0.921357 0.47179 0.0
0.913745 0.468736 0.0
0.905633 0.465591 0.0
0.897057 0.462117 0.0
0.888064 0.458013 0.0
0.878715 0.452932 0.0
0.869074 0.446501 0.0
0.859211 0.438359 0.0
0.849194 0.428185 0.0
0.83909 0.415733 0.0
0.828962 0.400859 0.0
0.818869 0.383536 0.0
0.808867 0.363852 0.0
0.799011 0.342002 0.0
0.78936 0.318266 0.0
0.779975 0.29298 0.0
0.770922 0.266513 0.0
0.76227 0.239243 0.0
0.754089 0.211537 0.0
0.746451 0.183746 0.0
0.739418 0.156193 0.0
0.733049 0.129172 0.0
0.727387 0.102952 0.0
0.722463 0.0777701 0.0
0.718294 0.0538357 0.0
0.714878 0.0313279 0.0
0.712199 0.0103942 0.0
0.710229 -0.00885024 0.0
0.708923 -0.0263206 0.0
0.708232 -0.0419625 0.0
0.708096 -0.0557538 0.0
0.708451 -0.067703 0.0
0.709232 -0.0778476 0.0
0.710368 -0.0862508 0.0
0.711792 -0.092998 0.0
0.713438 -0.0981931 0.0
0.715241 -0.101955 0.0
0.717141 -0.104416 0.0
0.719081 -0.105714 0.0
0.721007 -0.105997 0.0
0.722871 -0.105418 0.0
0.724628 -0.104132 0.0
0.726235 -0.102303 0.0
0.727654 -0.100096 0.0
0.728846 -0.097689 0.0
0.729772 -0.0952704 0.0
0.730393 -0.0930607 0.0
0.730677 -0.091402 0.0
0.999984 0.0015712 0.0
0.999921 0.00473515 0.0
0.999794 0.00791318 0.0
0.999606 0.0110981 0.0
0.999356 0.0142828 0.0
0.999047 0.0174605 0.0
0.998681 0.0206245 0.0
0.998261 0.023768 0.0
0.997789 0.0268846 0.0
0.99727 0.0299677 0.0
0.996707 0.0330108 0.0
0.996106 0.0360074 0.0
0.995473 0.0389513 0.0
0.994813 0.0418359 0.0
0.994136 0.044655 0.0
0.993449 0.0474024 0.0
0.992761 0.050072 0.0
0.992085 0.0526579 0.0
0.991431 0.0551546 0.0
0.990814 0.0575568 0.0
0.99025 0.0598598 0.0
0.989755 0.0620598 0.0
0.989348 0.0641536 0.0
0.989051 0.0661392 0.0
0.988886 0.0680164 0.0
0.988878 0.0697865 0.0
0.989056 0.0714533 0.0
0.989449 0.0730231 0.0
0.990087 0.0745059 0.0
0.991006 0.0759154 0.0
0.992238 0.07727 0.0
0.99382 0.0785934 0.0
0.995786 0.0799153 0.0
0.998172 0.0812721 0.0
1.00101 0.0827072 0.0
1.00433 0.0842718 0.0
1.00815 0.0860243 0.0
1.01248 0.0880304 0.0
1.01735 0.0903624 0.0
1.02273 0.0930973 0.0
1.02861 0.0963151 0.0
1.03495 0.100096 0.0
1.04172 0.104517 0.0
1.04883 0.109647 0.0
1.05621 0.115547 0.0
1.06378 0.12226 0.0
1.07141 0.129812 0.0
1.07902 0.138209 0.0
1.08649 0.147438 0.0
1.09372 0.157462 0.0
1.10062 0.168231 0.0
1.10711 0.179675 0.0
1.11312 0.191717 0.0
1.11861 0.204274 0.0
1.12355 0.217256 0.0
1.1279 0.23058 0.0
1.13168 0.244164 0.0
1.13488 0.257931 0.0
1.13752 0.271812 0.0
1.13961 0.285746 0.0
1.14119 0.299678 0.0
1.14227 0.313562 0.0
1.14287 0.327354 0.0
1.14304 0.341019 0.0
1.14278 0.354525 0.0
1.14212 0.367842 0.0
1.14109 0.380944 0.0
1.13971 0.393807 0.0
1.13798 0.406407 0.0
1.13594 0.418722 0.0
1.1336 0.43073 0.0
1.13098 0.44241 0.0
1.12809 0.453743 0.0
1.12495 0.464708 0.0
1.12158 0.475285 0.0
1.11799 0.485458 0.0
1.11421 0.495208 0.0
1.11025 0.504522 0.0
1.10613 0.513384 0.0
1.10187 0.521783 0.0
1.0975 0.52971 0.0
1.09303 0.537156 0.0
1.08849 0.544117 0.0
1.0839 0.550591 0.0
1.07927 0.556577 0.0
1.07463 0.562079 0.0
1.07001 0.567101 0.0
1.06541 0.57165 0.0
1.06087 0.575738 0.0
1.0564 0.579375 0.0
1.05201 0.582577 0.0
1.04772 0.585359 0.0
1.04356 0.587738 0.0
1.03952 0.589734 0.0
1.03563 0.591367 0.0
1.0319 0.592657 0.0
1.02832 0.593626 0.0
1.02492 0.594296 0.0
1.0217 0.594689 0.0
1.01866 0.594828 0.0
1.01581 0.594734 0.0
1.01314 0.59443 0.0
1.01066 0.593935 0.0
1.00836 0.59327 0.0
1.00625 0.592455 0.0
1.00432 0.591508 0.0
1.00256 0.590446 0.0
1.00097 0.589286 0.0
0.999546 0.588041 0.0
0.998274 0.586726 0.0
0.997148 0.585353 0.0
0.996159 0.583932 0.0
0.995299 0.582472 0.0
0.994557 0.580982 0.0
0.993922 0.579467 0.0
0.993386 0.577931 0.0
0.992935 0.576379 0.0
0.992561 0.574811 0.0
0.992252 0.573228 0.0
0.991996 0.571629 0.0
0.991783 0.570011 0.0
0.991602 0.568371 0.0
0.991442 0.566703 0.0
0.99129 0.565001 0.0
0.991138 0.563257 0.0
0.990972 0.561463 0.0
0.990781 0.559609 0.0
0.990555 0.557686 0.0
0.99028 0.555682 0.0
0.989946 0.553585 0.0
0.989539 0.551386 0.0
0.989045 0.549071 0.0
0.988452 0.546629 0.0
0.987745 0.544051 0.0
0.986907 0.541325 0.0
0.985923 0.538444 0.0
0.984774 0.535403 0.0
0.983443 0.532197 0.0
0.981908 0.528829 0.0
0.980147 0.525304 0.0
0.978139 0.521632 0.0
0.975858 0.517833 0.0
0.973278 0.513932 0.0
0.970373 0.509964 0.0
0.967114 0.505971 0.0
0.963472 0.502005 0.0
0.959421 0.498123 0.0
0.954932 0.494382 0.0
0.949981 0.490837 0.0
0.944547 0.487531 0.0
0.938616 0.484484 0.0
0.932179 0.481682 0.0
0.925239 0.479063 0.0
0.917806 0.476508 0.0
0.909902 0.473834 0.0
0.901562 0.470791 0.0
0.892828 0.467066 0.0
0.88375 0.462306 0.0
0.874384 0.456133 0.0
0.86479 0.448185 0.0
0.855024 0.438142 0.0
0.845144 0.42576 0.0
0.835203 0.4109 0.0
0.825256 0.393536 0.0
0.815355 0.373755 0.0
0.805559 0.351752 0.0
0.795927 0.327799 0.0
0.786529 0.30223 0.0
0.777438 0.275408 0.0
0.768731 0.247707 0.0
0.76049 0.219495 0.0
0.752792 0.191126 0.0
0.745709 0.162928 0.0
0.739305 0.13521 0.0
0.733631 0.108251 0.0
0.728722 0.0823043 0.0
0.724596 0.0575966 0.0
0.721256 0.0343231 0.0
0.718687 0.0126469 0.0
0.716857 -0.00730293 0.0
0.715726 -0.0254309 0.0
0.715239 -0.0416742 0.0
0.715337 -0.0560041 0.0
0.715954 -0.0684252 0.0
0.717021 -0.0789726 0.0
0.718468 -0.0877091 0.0
0.720225 -0.0947212 0.0
0.722225 -0.100115 0.0
0.724402 -0.104013 0.0
0.726694 -0.10655 0.0
0.729044 -0.107869 0.0
0.731396 -0.10812 0.0
0.733697 -0.10746 0.0
0.735897 -0.106047 0.0
0.737945 -0.104044 0.0
0.739791 -0.10162 0.0
0.74138 -0.0989465 0.0
0.74265 -0.0962092 0.0
0.743528 -0.093621 0.0
0.743956 -0.0915534 0.0
0.999982 0.00160464 0.0
0.999912 0.00483528 0.0
0.999772 0.0080794 0.0
0.999563 0.0113294 0.0
0.999287 0.0145778 0.0
0.998944 0.0178173 0.0
0.998536 0.0210408 0.0
0.998068 0.024241 0.0
0.99754 0.0274109 0.0
0.996957 0.0305434 0.0
0.996324 0.0336313 0.0
0.995644 0.0366674 0.0
0.994924 0.0396446 0.0
0.99417 0.0425556 0.0
0.99339 0.0453931 0.0
0.992592 0.0481498 0.0
0.991785 0.0508184 0.0
0.990982 0.0533918 0.0
0.990193 0.0558627 0.0
0.989434 0.0582245 0.0
0.98872 0.0604706 0.0
0.988068 0.0625952 0.0
0.9875 0.064593 0.0
0.987038 0.06646 0.0
0.986705 0.0681933 0.0
0.98653 0.069792 0.0
0.986542 0.0712574 0.0
0.986775 0.0725936 0.0
0.987264 0.073808 0.0
0.988047 0.0749125 0.0
0.989163 0.0759241 0.0
0.990655 0.0768655 0.0
0.992566 0.0777664 0.0
0.994936 0.0786646 0.0
0.997808 0.079606 0.0
1.00122 0.0806463 0.0
1.0052 0.0818505 0.0
1.00977 0.0832932 0.0
1.01495 0.0850578 0.0
1.02073 0.0872351 0.0
1.02711 0.089921 0.0
1.03404 0.093213 0.0
1.04147 0.0972062 0.0
1.04933 0.101988 0.0
1.05752 0.107634 0.0
1.06592 0.114202 0.0
1.07443 0.121724 0.0
1.08291 0.130212 0.0
1.09123 0.139647 0.0
1.09926 0.149986 0.0
1.10691 0.161164 0.0
1.11406 0.173095 0.0
1.12066 0.185685 0.0
1.12665 0.19883 0.0
1.13199 0.212426 0.0
1.13667 0.226371 0.0
1.14069 0.240573 0.0
1.14407 0.254943 0.0
1.14683 0.269407 0.0
1.14898 0.283898 0.0
1.15058 0.29836 0.0
1.15164 0.312743 0.0
1.15219 0.327007 0.0
1.15228 0.341116 0.0
1.15193 0.35504 0.0
1.15116 0.368751 0.0
1.15 0.382225 0.0
1.14847 0.395439 0.0
1.1466 0.408372 0.0
1.14439 0.421001 0.0
1.14188 0.433307 0.0
1.13907 0.445267 0.0
1.13598 0.456863 0.0
1.13263 0.468073 0.0
1.12905 0.478879 0.0
1.12524 0.489261 0.0
1.12122 0.499202 0.0
1.11703 0.508685 0.0
1.11267 0.517697 0.0
1.10817 0.526225 0.0
1.10355 0.534259 0.0
1.09884 0.54179 0.0
1.09405 0.548814 0.0
1.08921 0.555328 0.0
1.08434 0.561333 0.0
1.07947 0.566831 0.0
1.07462 0.571827 0.0
1.0698 0.576332 0.0
1.06505 0.580354 0.0
1.06037 0.583908 0.0
1.0558 0.587009 0.0
1.05133 0.589674 0.0
1.047 0.591922 0.0
1.04282 0.593773 0.0
1.03879 0.595249 0.0
1.03492 0.596372 0.0
1.03124 0.597166 0.0
1.02774 0.597654 0.0
1.02443 0.59786 0.0
1.02132 0.597808 0.0
1.01841 0.597521 0.0
1.0157 0.597023 0.0
1.01319 0.596335 0.0
1.01087 0.59548 0.0
1.00875 0.594478 0.0
1.00682 0.593348 0.0
1.00508 0.592109 0.0
1.00351 0.590778 0.0
1.00211 0.589371 0.0
1.00088 0.587902 0.0
0.999801 0.586383 0.0
0.998865 0.584826 0.0
0.998063 0.583241 0.0
0.997384 0.581635 0.0
0.996816 0.580015 0.0
0.996349 0.578387 0.0
0.99597 0.576752 0.0
0.995668 0.575114 0.0
0.995432 0.573471 0.0
0.995249 0.571825 0.0
0.995107 0.57017 0.0
0.994995 0.568505 0.0
0.994902 0.566823 0.0
0.994815 0.565119 0.0
0.994722 0.563384 0.0
0.994612 0.561611 0.0
0.994473 0.55979 0.0
0.994292 0.557911 0.0
0.994059 0.555964 0.0
0.99376 0.553937 0.0
0.993382 0.551819 0.0
0.992913 0.5496 0.0
0.992338 0.547268 0.0
0.991643 0.544814 0.0
0.990812 0.54223 0.0
0.989829 0.539507 0.0
0.988677 0.536641 0.0
0.987338 0.53363 0.0
0.985792 0.530477 0.0
0.984019 0.527189 0.0
0.981996 0.523778 0.0
0.979701 0.520263 0.0
0.97711 0.516673 0.0
0.974198 0.513041 0.0
0.970939 0.509412 0.0
0.967308 0.505837 0.0
0.96328 0.502371 0.0
0.958831 0.499071 0.0
0.953941 0.495989 0.0
0.948592 0.493162 0.0
0.942773 0.490604 0.0
0.936479 0.488293 0.0
0.929713 0.486159 0.0
0.922485 0.484073 0.0
0.914817 0.481841 0.0
0.906739 0.479203 0.0
0.898287 0.475841 0.0
0.889503 0.471393 0.0
0.880435 0.46548 0.0
0.871129 0.457739 0.0
0.861633 0.447849 0.0
0.851995 0.435571 0.0
0.842261 0.420764 0.0
0.832479 0.403401 0.0
0.822701 0.383568 0.0
0.812985 0.361452 0.0
0.803396 0.33732 0.0
0.794007 0.311497 0.0
0.784899 0.28434 0.0
0.776157 0.256222 0.0
0.76787 0.227508 0.0
0.760124 0.198557 0.0
0.752997 0.169706 0.0
0.746558 0.141274 0.0
0.740865 0.113555 0.0
0.735955 0.0868195 0.0
0.73185 0.0613113 0.0
0.728556 0.0372432 0.0
0.726057 0.014795 0.0
0.724325 -0.0058894 0.0
0.723314 -0.0247029 0.0
0.722973 -0.0415739 0.0
0.723238 -0.0564671 0.0
0.724041 -0.0693826 0.0
0.725312 -0.0803535 0.0
0.72698 -0.0894423 0.0
0.728971 -0.0967369 0.0
0.731218 -0.102346 0.0
0.733654 -0.106395 0.0
0.736216 -0.109022 0.0
0.738844 -0.110374 0.0
0.741482 -0.110604 0.0
0.744075 -0.10987 0.0
0.74657 -0.108331 0.0
0.748911 -0.10615 0.0
0.75104 -0.103489 0.0
0.752892 -0.100517 0.0
0.754389 -0.0974054 0.0
0.755442 -0.094356 0.0
0.755973 -0.0917773 0.0
0.999981 0.00164154 0.0
0.999903 0.00494578 0.0
0.999749 0.00826294 0.0
0.999519 0.011585 0.0
0.999214 0.0149042 0.0
0.998835 0.0182128 0.0
0.998384 0.0215031 0.0
0.997864 0.0247675 0.0
0.997278 0.0279984 0.0
0.996628 0.0311881 0.0
0.995919 0.0343289 0.0
0.995156 0.0374127 0.0
0.994344 0.0404317 0.0
0.993489 0.0433776 0.0
0.992598 0.0462422 0.0
0.99168 0.049017 0.0
0.990744 0.0516935 0.0
0.989801 0.0542631 0.0
0.988864 0.056717 0.0
0.987947 0.0590466 0.0
0.987067 0.0612435 0.0
0.98624 0.0632996 0.0
0.985489 0.0652075 0.0
0.984837 0.0669603 0.0
0.98431 0.0685525 0.0
0.983938 0.0699802 0.0
0.983753 0.0712417 0.0
0.983792 0.0723379 0.0
0.984093 0.0732733 0.0
0.984701 0.0740569 0.0
0.985661 0.0747033 0.0
0.987022 0.0752333 0.0
0.988834 0.0756759 0.0
0.991149 0.076069 0.0
0.994019 0.0764607 0.0
0.99749 0.0769108 0.0
1.00161 0.0774907 0.0
1.0064 0.0782849 0.0
1.0119 0.0793893 0.0
1.01811 0.0809109 0.0
1.02501 0.0829647 0.0
1.03258 0.0856697 0.0
1.04075 0.0891444 0.0
1.04945 0.0934995 0.0
1.05855 0.0988314 0.0
1.06793 0.105215 0.0
1.07744 0.112695 0.0
1.08692 0.121286 0.0
1.09621 0.130966 0.0
1.10516 0.141681 0.0
1.11364 0.153346 0.0
1.12154 0.165857 0.0
1.12877 0.179091 0.0
1.13529 0.192923 0.0
1.14105 0.207227 0.0
1.14606 0.221883 0.0
1.15032 0.236781 0.0
1.15385 0.251824 0.0
1.15669 0.26693 0.0
1.15888 0.282028 0.0
1.16046 0.297059 0.0
1.16147 0.311976 0.0
1.16195 0.326738 0.0
1.16193 0.341312 0.0
1.16146 0.355672 0.0
1.16055 0.369793 0.0
1.15924 0.383653 0.0
1.15755 0.397231 0.0
1.1555 0.410507 0.0
1.1531 0.423462 0.0
1.15039 0.436075 0.0
1.14738 0.448326 0.0
1.14407 0.460194 0.0
1.1405 0.471659 0.0
1.13668 0.482701 0.0
1.13263 0.493301 0.0
1.12836 0.503439 0.0
1.12391 0.513099 0.0
1.11929 0.522265 0.0
1.11452 0.530924 0.0
1.10963 0.539066 0.0
1.10465 0.546682 0.0
1.09959 0.553766 0.0
1.09449 0.560317 0.0
1.08937 0.566334 0.0
1.08424 0.571822 0.0
1.07915 0.576786 0.0
1.0741 0.581235 0.0
1.06912 0.585183 0.0
1.06424 0.588641 0.0
1.05946 0.591629 0.0
1.05481 0.594164 0.0
1.05031 0.596266 0.0
1.04597 0.597958 0.0
1.0418 0.599263 0.0
1.03782 0.600205 0.0
1.03402 0.600809 0.0
1.03043 0.6011 0.0
1.02705 0.601104 0.0
1.02388 0.600847 0.0
1.02092 0.600353 0.0
1.01818 0.599648 0.0
1.01565 0.598754 0.0
1.01333 0.597696 0.0
1.01121 0.596494 0.0
1.0093 0.595171 0.0
1.00759 0.593745 0.0
1.00606 0.592234 0.0
1.00472 0.590656 0.0
1.00354 0.589024 0.0
1.00253 0.587353 0.0
1.00167 0.585655 0.0
1.00094 0.583939 0.0
1.00034 0.582214 0.0
0.999862 0.580487 0.0
0.999482 0.578763 0.0
0.999192 0.577045 0.0
0.99898 0.575335 0.0
0.998832 0.573634 0.0
0.998737 0.571941 0.0
0.998681 0.570252 0.0
0.998651 0.568564 0.0
0.998637 0.566872 0.0
0.998624 0.56517 0.0
0.998602 0.563449 0.0
0.998557 0.561702 0.0
0.998477 0.559919 0.0
0.99835 0.55809 0.0
0.998163 0.556205 0.0
0.997905 0.554253 0.0
0.997561 0.552224 0.0
0.997119 0.550107 0.0
0.996565 0.547891 0.0
0.995884 0.545568 0.0
0.995063 0.543129 0.0
0.994083 0.540569 0.0
0.992931 0.537883 0.0
0.991587 0.535071 0.0
0.990033 0.532136 0.0
0.98825 0.529086 0.0
0.986219 0.525935 0.0
0.983916 0.522703 0.0
0.981321 0.519419 0.0
0.978412 0.516117 0.0
0.975164 0.512843 0.0
0.971557 0.509645 0.0
0.967567 0.50658 0.0
0.963176 0.503702 0.0
0.958366 0.501058 0.0
0.953123 0.498683 0.0
0.947439 0.496585 0.0
0.94131 0.494734 0.0
0.934742 0.493053 0.0
0.927745 0.491404 0.0
0.920337 0.489585 0.0
0.912544 0.48733 0.0
0.904397 0.484313 0.0
0.89593 0.48017 0.0
0.88718 0.474521 0.0
0.878185 0.466999 0.0
0.868981 0.457288 0.0
0.859608 0.445144 0.0
0.850105 0.430429 0.0
0.840515 0.413109 0.0
0.830887 0.393265 0.0
0.821282 0.371076 0.0
0.811765 0.346801 0.0
0.802416 0.320754 0.0
0.79332 0.293287 0.0
0.784571 0.264766 0.0
0.776262 0.23556 0.0
0.768485 0.206029 0.0
0.761326 0.176521 0.0
0.754859 0.147365 0.0
0.749143 0.118873 0.0
0.744222 0.091332 0.0
0.740121 0.0650039 0.0
0.736847 0.0401202 0.0
0.734385 0.016878 0.0
0.732709 -0.00456303 0.0
0.731772 -0.0240831 0.0
0.731522 -0.0416013 0.0
0.731893 -0.0570753 0.0
0.732816 -0.0705009 0.0
0.734218 -0.0819089 0.0
0.736026 -0.0913618 0.0
0.738165 -0.0989489 0.0
0.740566 -0.104782 0.0
0.743159 -0.108989 0.0
0.745882 -0.111712 0.0
0.748672 -0.113103 0.0
0.751474 -0.113315 0.0
0.75423 -0.112509 0.0
0.756887 -0.110844 0.0
0.759386 -0.108478 0.0
0.761666 -0.105571 0.0
0.763657 -0.102278 0.0
0.765274 -0.0987591 0.0
0.766421 -0.0952012 0.0
0.767013 -0.092055 0.0
0.999979 0.00168204 0.0
0.999894 0.0050671 0.0
0.999725 0.00846458 0.0
0.999473 0.0118661 0.0
0.999138 0.0152635 0.0
0.998721 0.0186488 0.0
0.998225 0.0220137 0.0
0.997652 0.0253503 0.0
0.997004 0.0286504 0.0
0.996284 0.0319058 0.0
0.995496 0.035108 0.0
0.994644 0.0382486 0.0
0.993734 0.0413186 0.0
0.992771 0.044309 0.0
0.991762 0.0472105 0.0
0.990715 0.0500136 0.0
0.98964 0.0527082 0.0
0.988546 0.0552843 0.0
0.987448 0.0577314 0.0
0.986358 0.0600391 0.0
0.985293 0.0621968 0.0
0.984271 0.064194 0.0
0.983315 0.0660204 0.0
0.982448 0.0676663 0.0
0.981698 0.0691231 0.0
0.981097 0.0703833 0.0
0.980679 0.0714413 0.0
0.980484 0.0722944 0.0
0.980557 0.072943 0.0
0.980944 0.0733923 0.0
0.981699 0.0736531 0.0
0.982878 0.0737434 0.0
0.984542 0.0736898 0.0
0.986752 0.0735294 0.0
0.989572 0.0733113 0.0
0.993062 0.0730984 0.0
0.997281 0.0729687 0.0
1.00228 0.0730165 0.0
1.00808 0.0733519 0.0
1.01473 0.0741005 0.0
1.02219 0.0754002 0.0
1.03046 0.0773971 0.0
1.03947 0.0802391 0.0
1.04911 0.0840674 0.0
1.05926 0.089007 0.0
1.06976 0.095156 0.0
1.08043 0.102577 0.0
1.09107 0.111288 0.0
1.10148 0.121264 0.0
1.11148 0.132433 0.0
1.12091 0.144688 0.0
1.12963 0.157892 0.0
1.13756 0.171893 0.0
1.14463 0.186532 0.0
1.15083 0.201658 0.0
1.15615 0.217126 0.0
1.16062 0.232811 0.0
1.16427 0.248605 0.0
1.16716 0.264416 0.0
1.16934 0.280171 0.0
1.17087 0.295813 0.0
1.17179 0.311294 0.0
1.17215 0.326579 0.0
1.172 0.341639 0.0
1.17137 0.356451 0.0
1.17029 0.370994 0.0
1.16881 0.38525 0.0
1.16693 0.399203 0.0
1.16468 0.412833 0.0
1.16209 0.426123 0.0
1.15916 0.439054 0.0
1.15592 0.451605 0.0
1.15238 0.463756 0.0
1.14856 0.475486 0.0
1.14448 0.486774 0.0
1.14016 0.4976 0.0
1.13562 0.507942 0.0
1.13089 0.517784 0.0
1.12598 0.527109 0.0
1.12092 0.535903 0.0
1.11574 0.544154 0.0
1.11047 0.551854 0.0
1.10512 0.558996 0.0
1.09973 0.565579 0.0
1.09433 0.571603 0.0
1.08893 0.577072 0.0
1.08357 0.581993 0.0
1.07827 0.586376 0.0
1.07306 0.590235 0.0
1.06794 0.593585 0.0
1.06296 0.596445 0.0
1.05812 0.598834 0.0
1.05344 0.600774 0.0
1.04894 0.602291 0.0
1.04463 0.603408 0.0
1.04053 0.604152 0.0
1.03663 0.604549 0.0
1.03295 0.604627 0.0
1.0295 0.604413 0.0
1.02628 0.603935 0.0
1.02328 0.603219 0.0
1.02052 0.602291 0.0
1.01798 0.601177 0.0
1.01567 0.599902 0.0
1.01359 0.598489 0.0
1.01171 0.59696 0.0
1.01005 0.595336 0.0
1.00858 0.593635 0.0
1.00731 0.591876 0.0
1.00621 0.590075 0.0
1.00528 0.588245 0.0
1.00451 0.586399 0.0
1.00388 0.584548 0.0
1.00338 0.5827 0.0
1.003 0.580862 0.0
1.00273 0.579041 0.0
1.00255 0.577239 0.0
1.00244 0.575459 0.0
1.0024 0.5737 0.0
1.00241 0.571962 0.0
1.00245 0.570242 0.0
1.00252 0.568536 0.0
1.0026 0.566838 0.0
1.00267 0.565142 0.0
1.00273 0.563441 0.0
1.00276 0.561725 0.0
1.00275 0.559987 0.0
1.00268 0.558215 0.0
1.00255 0.556399 0.0
1.00233 0.55453 0.0
1.00203 0.552596 0.0
1.00162 0.550587 0.0
1.00109 0.548494 0.0
1.00043 0.546307 0.0
0.99962 0.544021 0.0
0.998648 0.541628 0.0
0.997498 0.539127 0.0
0.996153 0.536516 0.0
0.994597 0.533801 0.0
0.99281 0.53099 0.0
0.990775 0.528098 0.0
0.988473 0.525146 0.0
0.985883 0.522161 0.0
0.982985 0.519182 0.0
0.979761 0.51625 0.0
0.97619 0.513417 0.0
0.972254 0.510734 0.0
0.967937 0.508256 0.0
0.963225 0.506027 0.0
0.958107 0.504076 0.0
0.952578 0.502406 0.0
0.946636 0.500983 0.0
0.940288 0.499721 0.0
0.933542 0.498478 0.0
0.926416 0.497044 0.0
0.918931 0.495149 0.0
0.91111 0.492462 0.0
0.902982 0.488617 0.0
0.894572 0.483233 0.0
0.88591 0.475945 0.0
0.877023 0.466432 0.0
0.867941 0.454455 0.0
0.858698 0.439866 0.0
0.849331 0.422629 0.0
0.839889 0.402815 0.0
0.83043 0.380592 0.0
0.821024 0.356208 0.0
0.811753 0.329968 0.0
0.802706 0.302215 0.0
0.793983 0.273311 0.0
0.785681 0.243625 0.0
0.777899 0.213523 0.0
0.770725 0.18336 0.0
0.764238 0.15348 0.0
0.758503 0.124209 0.0
0.753566 0.0958538 0.0
0.749454 0.0686945 0.0
0.746177 0.0429817 0.0
0.743724 0.0189309 0.0
0.742066 -0.00328173 0.0
0.741161 -0.0235228 0.0
0.740952 -0.0417015 0.0
0.741374 -0.0577681 0.0
0.742356 -0.0717136 0.0
0.743824 -0.0835666 0.0
0.745702 -0.0933893 0.0
0.747913 -0.101273 0.0
0.750386 -0.107331 0.0
0.753051 -0.111697 0.0
0.755842 -0.114517 0.0
0.758698 -0.115944 0.0
0.76156 -0.116137 0.0
0.764373 -0.115256 0.0
0.767081 -0.113461 0.0
0.769626 -0.110906 0.0
0.771947 -0.107744 0.0
0.773973 -0.104121 0.0
0.77562 -0.100181 0.0
0.776793 -0.0960981 0.0
0.77741 -0.0923675 0.0
0.999977 0.00172627 0.0
0.999885 0.00519965 0.0
0.999701 0.00868498 0.0
0.999425 0.0121736 0.0
0.999059 0.0156571 0.0
0.998604 0.0191269 0.0
0.998061 0.0225746 0.0
0.997432 0.0259918 0.0
0.996719 0.0293698 0.0
0.995926 0.0326999 0.0
0.995055 0.035973 0.0
0.99411 0.03918 0.0
0.993097 0.0423112 0.0
0.992019 0.0453567 0.0
0.990885 0.0483061 0.0
0.989701 0.0511486 0.0
0.988477 0.0538731 0.0
0.987221 0.0564678 0.0
0.985948 0.0589205 0.0
0.984669 0.0612187 0.0
0.983402 0.0633495 0.0
0.982165 0.0652997 0.0
0.98098 0.0670562 0.0
0.979871 0.0686059 0.0
0.978868 0.0699365 0.0
0.978003 0.0710363 0.0
0.977314 0.0718954 0.0
0.976843 0.0725061 0.0
0.976638 0.072864 0.0
0.976753 0.0729691 0.0
0.977247 0.0728272 0.0
0.978186 0.0724515 0.0
0.979639 0.0718649 0.0
0.981681 0.0711017 0.0
0.98439 0.0702102 0.0
0.987844 0.0692554 0.0
0.992116 0.0683207 0.0
0.997275 0.0675101 0.0
1.00338 0.0669491 0.0
1.01045 0.0667842 0.0
1.01852 0.067181 0.0
1.02755 0.068319 0.0
1.03748 0.0703838 0.0
1.0482 0.073557 0.0
1.05956 0.0780025 0.0
1.07137 0.0838514 0.0
1.08339 0.0911892 0.0
1.09539 0.100044 0.0
1.10711 0.110381 0.0
1.11831 0.122109 0.0
1.12882 0.135084 0.0
1.13846 0.149129 0.0
1.14714 0.164048 0.0
1.1548 0.179643 0.0
1.16142 0.195726 0.0
1.16703 0.212128 0.0
1.17167 0.228702 0.0
1.1754 0.245329 0.0
1.17829 0.261912 0.0
1.18041 0.278376 0.0
1.18183 0.294666 0.0
1.18261 0.310741 0.0
1.18281 0.326569 0.0
1.18248 0.34213 0.0
1.18167 0.357405 0.0
1.1804 0.37238 0.0
1.17871 0.387041 0.0
1.17663 0.401376 0.0
1.17416 0.415369 0.0
1.17134 0.429004 0.0
1.16818 0.442262 0.0
1.16469 0.455125 0.0
1.1609 0.46757 0.0
1.15682 0.479576 0.0
1.15246 0.49112 0.0
1.14785 0.502181 0.0
1.14301 0.512737 0.0
1.13797 0.522768 0.0
1.13275 0.532257 0.0
1.12738 0.541188 0.0
1.12188 0.54955 0.0
1.11628 0.557332 0.0
1.11061 0.564528 0.0
1.10491 0.571138 0.0
1.0992 0.57716 0.0
1.09351 0.582601 0.0
1.08787 0.587467 0.0
1.0823 0.591772 0.0
1.07682 0.595528 0.0
1.07147 0.598753 0.0
1.06627 0.601467 0.0
1.06123 0.603693 0.0
1.05636 0.605454 0.0
1.0517 0.606776 0.0
1.04725 0.607686 0.0
1.04302 0.608212 0.0
1.03902 0.608384 0.0
1.03526 0.60823 0.0
1.03174 0.607779 0.0
1.02847 0.607062 0.0
1.02545 0.606106 0.0
1.02268 0.60494 0.0
1.02015 0.60359 0.0
1.01787 0.602084 0.0
1.01582 0.600445 0.0
1.014 0.598697 0.0
1.0124 0.596863 0.0
1.01101 0.594962 0.0
1.00982 0.593014 0.0
1.00882 0.591034 0.0
1.008 0.589038 0.0
1.00734 0.587039 0.0
1.00682 0.585047 0.0
1.00645 0.583073 0.0
1.00619 0.581123 0.0
1.00604 0.579204 0.0
1.00598 0.577318 0.0
1.006 0.575468 0.0
1.00608 0.573654 0.0
1.00621 0.571874 0.0
1.00637 0.570126 0.0
1.00655 0.568406 0.0
1.00673 0.566708 0.0
1.0069 0.565025 0.0
1.00705 0.563349 0.0
1.00717 0.561673 0.0
1.00723 0.559985 0.0
1.00724 0.558278 0.0
1.00717 0.556539 0.0
1.00701 0.55476 0.0
1.00675 0.552929 0.0
1.00638 0.551036 0.0
1.00588 0.549072 0.0
1.00524 0.547029 0.0
1.00445 0.5449 0.0
1.00349 0.542681 0.0
1.00235 0.540367 0.0
1.001 0.537961 0.0
0.99945 0.535467 0.0
0.997666 0.532895 0.0
0.995635 0.530259 0.0
0.99334 0.527582 0.0
0.990764 0.524891 0.0
0.98789 0.522224 0.0
0.9847 0.519623 0.0
0.981178 0.517137 0.0
0.97731 0.514818 0.0
0.973082 0.512717 0.0
0.968484 0.510876 0.0
0.963509 0.509319 0.0
0.958153 0.508047 0.0
0.952418 0.507018 0.0
0.946308 0.506144 0.0
0.939833 0.505275 0.0
0.933008 0.504198 0.0
0.92585 0.502639 0.0
0.918375 0.500266 0.0
0.910605 0.496712 0.0
0.902558 0.491596 0.0
0.894252 0.48455 0.0
0.885708 0.475258 0.0
0.876947 0.463472 0.0
0.867996 0.449043 0.0
0.85889 0.431925 0.0
0.849672 0.412178 0.0
0.840402 0.389958 0.0
0.83115 0.3655 0.0
0.821999 0.339098 0.0
0.813044 0.311086 0.0
0.804386 0.281822 0.0
0.796126 0.251675 0.0
0.788367 0.221015 0.0
0.7812 0.190208 0.0
0.774709 0.15961 0.0
0.768961 0.129563 0.0
0.764005 0.100393 0.0
0.759872 0.0723992 0.0
0.756575 0.0458518 0.0
0.754104 0.0209851 0.0
0.752433 -0.00200737 0.0
0.751519 -0.0229778 0.0
0.751306 -0.0418246 0.0
0.751729 -0.0584904 0.0
0.752716 -0.0729608 0.0
0.754191 -0.0852619 0.0
0.756075 -0.0954558 0.0
0.758292 -0.103635 0.0
0.760768 -0.109917 0.0
0.76343 -0.114439 0.0
0.766213 -0.11735 0.0
0.769053 -0.118808 0.0
0.771893 -0.118976 0.0
0.774677 -0.118014 0.0
0.777349 -0.116083 0.0
0.779853 -0.113334 0.0
0.78213 -0.109913 0.0
0.784112 -0.105959 0.0
0.785721 -0.1016 0.0
0.786868 -0.0969991 0.0
0.787482 -0.0926978 0.0
0.999975 0.00177435 0.0
0.999875 0.00534376 0.0
0.999675 0.00892473 0.0
0.999376 0.0125084 0.0
0.998979 0.0160859 0.0
0.998483 0.0196485 0.0
0.997892 0.0231876 0.0
0.997205 0.0266941 0.0
0.996426 0.0301592 0.0
0.995556 0.0335736 0.0
0.994599 0.0369276 0.0
0.993557 0.0402115 0.0
0.992436 0.0434149 0.0
0.991239 0.046527 0.0
0.989973 0.0495364 0.0
0.988644 0.0524311 0.0
0.98726 0.0551987 0.0
0.985832 0.0578257 0.0
0.98437 0.0602983 0.0
0.982888 0.0626017 0.0
0.981401 0.0647206 0.0
0.979927 0.0666389 0.0
0.978489 0.0683404 0.0
0.977111 0.0698083 0.0
0.975823 0.0710258 0.0
0.974658 0.0719769 0.0
0.973655 0.0726463 0.0
0.972861 0.0730206 0.0
0.972326 0.0730891 0.0
0.97211 0.0728453 0.0
0.972279 0.0722881 0.0
0.972906 0.0714242 0.0
0.974075 0.0702704 0.0
0.975873 0.0688558 0.0
0.978394 0.0672258 0.0
0.981736 0.0654447 0.0
0.985995 0.0635996 0.0
0.991264 0.0618036 0.0
0.997621 0.0601974 0.0
1.00513 0.0589514 0.0
1.01381 0.0582632 0.0
1.02367 0.0583533 0.0
1.03463 0.0594563 0.0
1.04658 0.0618073 0.0
1.05935 0.0656235 0.0
1.07269 0.0710837 0.0
1.08632 0.0783065 0.0
1.09992 0.0873336 0.0
1.11317 0.0981217 0.0
1.12578 0.110546 0.0
1.13751 0.124413 0.0
1.14818 0.13949 0.0
1.15767 0.15552 0.0
1.16593 0.172253 0.0
1.17296 0.189457 0.0
1.17882 0.206931 0.0
1.18357 0.224508 0.0
1.18731 0.242057 0.0
1.19012 0.259479 0.0
1.19211 0.276701 0.0
1.19336 0.293674 0.0
1.19395 0.310364 0.0
1.19394 0.326751 0.0
1.1934 0.342821 0.0
1.19236 0.358565 0.0
1.19087 0.373977 0.0
1.18895 0.389049 0.0
1.18664 0.403772 0.0
1.18394 0.418134 0.0
1.18088 0.432122 0.0
1.17746 0.445719 0.0
1.17371 0.458903 0.0
1.16965 0.471654 0.0
1.16527 0.483948 0.0
1.16062 0.495761 0.0
1.1557 0.507068 0.0
1.15054 0.517847 0.0
1.14516 0.528076 0.0
1.1396 0.537735 0.0
1.13387 0.546808 0.0
1.12802 0.555281 0.0
1.12208 0.563144 0.0
1.11607 0.570391 0.0
1.11002 0.57702 0.0
1.10398 0.583032 0.0
1.09797 0.588433 0.0
1.09201 0.593232 0.0
1.08615 0.597442 0.0
1.0804 0.601078 0.0
1.07479 0.60416 0.0
1.06935 0.60671 0.0
1.06409 0.608752 0.0
1.05904 0.610312 0.0
1.0542 0.611418 0.0
1.0496 0.6121 0.0
1.04524 0.612387 0.0
1.04114 0.612312 0.0
1.0373 0.611904 0.0
1.03372 0.611197 0.0
1.03041 0.61022 0.0
1.02737 0.609006 0.0
1.0246 0.607582 0.0
1.0221 0.60598 0.0
1.01985 0.604226 0.0
1.01786 0.602346 0.0
1.01611 0.600367 0.0
1.01459 0.59831 0.0
1.0133 0.596197 0.0
1.01221 0.594049 0.0
1.01133 0.591882 0.0
1.01063 0.589713 0.0
1.0101 0.587554 0.0
1.00973 0.585418 0.0
1.00949 0.583315 0.0
1.00938 0.581251 0.0
1.00937 0.579232 0.0
1.00946 0.577263 0.0
1.00962 0.575344 0.0
1.00984 0.573477 0.0
1.0101 0.57166 0.0
1.01039 0.569889 0.0
1.0107 0.568161 0.0
1.011 0.566468 0.0
1.01128 0.564805 0.0
1.01154 0.563163 0.0
1.01175 0.561533 0.0
1.0119 0.559906 0.0
1.01199 0.558271 0.0
1.01199 0.556618 0.0
1.01189 0.554937 0.0
1.01168 0.553217 0.0
1.01135 0.551448 0.0
1.01089 0.549621 0.0
1.01028 0.547728 0.0
1.00951 0.545763 0.0
1.00857 0.543721 0.0
1.00744 0.541599 0.0
1.00611 0.5394 0.0
1.00457 0.537128 0.0
1.00279 0.534793 0.0
1.00077 0.532411 0.0
0.998492 0.530003 0.0
0.995939 0.527598 0.0
0.993097 0.525233 0.0
0.989953 0.522948 0.0
0.986492 0.520793 0.0
0.982705 0.518818 0.0
0.97858 0.51707 0.0
0.974111 0.51559 0.0
0.969294 0.514398 0.0
0.964127 0.513491 0.0
0.958612 0.512824 0.0
0.952757 0.512303 0.0
0.946571 0.511777 0.0
0.940063 0.511029 0.0
0.933248 0.509783 0.0
0.926138 0.507707 0.0
0.918745 0.504435 0.0
0.911081 0.499585 0.0
0.903156 0.492792 0.0
0.894982 0.483735 0.0
0.886573 0.472165 0.0
0.87795 0.457924 0.0
0.869142 0.440958 0.0
0.860192 0.421312 0.0
0.851157 0.39913 0.0
0.842105 0.374631 0.0
0.833123 0.348099 0.0
0.824305 0.319857 0.0
0.815755 0.29026 0.0
0.807576 0.259675 0.0
0.799873 0.228478 0.0
0.79274 0.197044 0.0
0.786263 0.165742 0.0
0.780511 0.134931 0.0
0.775539 0.104954 0.0
0.771379 0.0761306 0.0
0.768046 0.0487509 0.0
0.765535 0.0230684 0.0
0.763821 -0.000705441 0.0
0.762862 -0.0224076 0.0
0.762605 -0.0419249 0.0
0.762983 -0.0591917 0.0
0.763925 -0.0741879 0.0
0.765352 -0.0869369 0.0
0.767187 -0.0975001 0.0
0.769351 -0.105972 0.0
0.771768 -0.112472 0.0
0.774365 -0.117143 0.0
0.777075 -0.120138 0.0
0.779835 -0.12162 0.0
0.782586 -0.121755 0.0
0.785274 -0.120706 0.0
0.787843 -0.118633 0.0
0.790242 -0.115687 0.0
0.792413 -0.112008 0.0
0.794295 -0.107727 0.0
0.795818 -0.102963 0.0
0.796904 -0.0978691 0.0
0.797494 -0.0930313 0.0
0.999973 0.00182637 0.0
0.999865 0.00549969 0.0
0.999649 0.00918428 0.0
0.999326 0.012871 0.0
0.998896 0.0165509 0.0
0.99836 0.0202149 0.0
0.997719 0.0238541 0.0
0.996973 0.0274593 0.0
0.996126 0.031021 0.0
0.995178 0.0345297 0.0
0.994131 0.0379753 0.0
0.992989 0.0413472 0.0
0.991756 0.0446346 0.0
0.990434 0.0478257 0.0
0.98903 0.0509083 0.0
0.987548 0.0538693 0.0
0.985998 0.0566948 0.0
0.984386 0.0593698 0.0
0.982723 0.0618786 0.0
0.981023 0.0642044 0.0
0.979298 0.0663291 0.0
0.977568 0.0682339 0.0
0.975853 0.0698989 0.0
0.974177 0.0713034 0.0
0.97257 0.0724261 0.0
0.971066 0.0732454 0.0
0.969707 0.0737402 0.0
0.968538 0.0738901 0.0
0.967615 0.0736771 0.0
0.967002 0.0730864 0.0
0.966772 0.0721082 0.0
0.967008 0.0707401 0.0
0.967804 0.0689899 0.0
0.969263 0.0668788 0.0
0.9715 0.0644452 0.0
0.974633 0.06175 0.0
0.978788 0.0588806 0.0
0.984086 0.0559564 0.0
0.99064 0.0531331 0.0
0.998544 0.0506058 0.0
1.00786 0.0486093 0.0
1.0186 0.0474141 0.0
1.03071 0.0473173 0.0
1.04408 0.0486254 0.0
1.05849 0.0516304 0.0
1.07364 0.0565795 0.0
1.08919 0.0636419 0.0
1.1047 0.0728813 0.0
1.11978 0.0842408 0.0
1.13405 0.0975479 0.0
1.14719 0.112539 0.0
1.15899 0.128896 0.0
1.16934 0.146282 0.0
1.17819 0.164378 0.0
1.18559 0.182897 0.0
1.19162 0.201603 0.0
1.19639 0.220308 0.0
1.20004 0.238873 0.0
1.20269 0.257198 0.0
1.20447 0.275221 0.0
1.20547 0.292902 0.0
1.2058 0.310221 0.0
1.20553 0.327171 0.0
1.20472 0.343751 0.0
1.20343 0.359964 0.0
1.20169 0.375811 0.0
1.19952 0.391294 0.0
1.19696 0.406408 0.0
1.19401 0.421145 0.0
1.19069 0.435495 0.0
1.18701 0.449439 0.0
1.18298 0.462958 0.0
1.17862 0.476028 0.0
1.17394 0.488624 0.0
1.16896 0.500719 0.0
1.1637 0.512287 0.0
1.15819 0.5233 0.0
1.15246 0.533736 0.0
1.14652 0.543573 0.0
1.14042 0.552792 0.0
1.13419 0.561378 0.0
1.12786 0.569321 0.0
1.12147 0.576614 0.0
1.11505 0.583256 0.0
1.10865 0.589247 0.0
1.10228 0.594596 0.0
1.09599 0.599311 0.0
1.08981 0.603409 0.0
1.08376 0.606906 0.0
1.07788 0.609825 0.0
1.07218 0.612188 0.0
1.06669 0.614023 0.0
1.06143 0.615358 0.0
1.05641 0.616225 0.0
1.05165 0.616654 0.0
1.04716 0.616678 0.0
1.04296 0.616332 0.0
1.03903 0.615648 0.0
1.0354 0.61466 0.0
1.03206 0.613403 0.0
1.02902 0.611908 0.0
1.02626 0.610208 0.0
1.02379 0.608334 0.0
1.02159 0.606314 0.0
1.01967 0.604178 0.0
1.018 0.601951 0.0
1.01658 0.599658 0.0
1.0154 0.597322 0.0
1.01445 0.594963 0.0
1.0137 0.5926 0.0
1.01314 0.59025 0.0
1.01277 0.587926 0.0
1.01255 0.585641 0.0
1.01247 0.583404 0.0
1.01252 0.581224 0.0
1.01268 0.579106 0.0
1.01293 0.577055 0.0
1.01325 0.575071 0.0
1.01363 0.573154 0.0
1.01404 0.571304 0.0
1.01448 0.569516 0.0
1.01493 0.567785 0.0
1.01536 0.566106 0.0
1.01578 0.56447 0.0
1.01615 0.56287 0.0
1.01647 0.561296 0.0
1.01672 0.559737 0.0
1.01689 0.558185 0.0
1.01697 0.556627 0.0
1.01694 0.555053 0.0
1.0168 0.553452 0.0
1.01652 0.551816 0.0
1.0161 0.550134 0.0
1.01553 0.548398 0.0
1.01479 0.546603 0.0
1.01387 0.544743 0.0
1.01276 0.542817 0.0
1.01144 0.540827 0.0
1.00991 0.538777 0.0
1.00815 0.536679 0.0
1.00615 0.534546 0.0
1.0039 0.532402 0.0
1.00138 0.530274 0.0
0.998579 0.528198 0.0
0.99549 0.526216 0.0
0.992102 0.524374 0.0
0.988407 0.52272 0.0
0.984398 0.521302 0.0
0.98007 0.520154 0.0
0.975423 0.519298 0.0
0.970457 0.518724 0.0
0.965178 0.518385 0.0
0.959591 0.518184 0.0
0.953705 0.517969 0.0
0.947528 0.517521 0.0
0.941071 0.516563 0.0
0.93434 0.514767 0.0
0.927342 0.511765 0.0
0.920081 0.507179 0.0
0.91256 0.500643 0.0
0.904783 0.491834 0.0
0.896758 0.480499 0.0
0.888499 0.466472 0.0
0.880031 0.449685 0.0
0.871394 0.430172 0.0
0.86264 0.40806 0.0
0.853839 0.383554 0.0
0.845075 0.356923 0.0
0.836443 0.328483 0.0
0.828046 0.298582 0.0
0.81999 0.267588 0.0
0.812379 0.23588 0.0
0.80531 0.203844 0.0
0.798869 0.17186 0.0
0.793129 0.140304 0.0
0.788145 0.109537 0.0
0.783955 0.0798976 0.0
0.780576 0.051696 0.0
0.778006 0.0252052 0.0
0.776223 0.000655024 0.0
0.775188 -0.0217753 0.0
0.774849 -0.0419605 0.0
0.77514 -0.0598258 0.0
0.77599 -0.0753453 0.0
0.777322 -0.0885388 0.0
0.779056 -0.0994671 0.0
0.781114 -0.108226 0.0
0.783417 -0.114939 0.0
0.785895 -0.119751 0.0
0.788478 -0.122823 0.0
0.791103 -0.124321 0.0
0.793712 -0.124415 0.0
0.796252 -0.123272 0.0
0.798669 -0.121054 0.0
0.800915 -0.11791 0.0
0.802938 -0.113979 0.0
0.804682 -0.109383 0.0
0.806087 -0.104236 0.0
0.807089 -0.0986841 0.0
0.807639 -0.0933561 0.0
0.999971 0.00188238 0.0
0.999855 0.00566764 0.0
0.999623 0.00946394 0.0
0.999276 0.013262 0.0
0.998813 0.0170527 0.0
0.998235 0.0208269 0.0
0.997543 0.0245753 0.0
0.996738 0.0282885 0.0
0.995821 0.0319569 0.0
0.994792 0.0355704 0.0
0.993655 0.0391186 0.0
0.99241 0.0425904 0.0
0.991061 0.0459743 0.0
0.98961 0.049258 0.0
0.988063 0.0524281 0.0
0.986423 0.0554706 0.0
0.984697 0.0583703 0.0
0.982892 0.0611108 0.0
0.981018 0.0636744 0.0
0.979085 0.0660422 0.0
0.977107 0.0681936 0.0
0.9751 0.0701066 0.0
0.973084 0.0717578 0.0
0.971082 0.0731221 0.0
0.969123 0.0741732 0.0
0.967242 0.0748837 0.0
0.965478 0.0752257 0.0
0.96388 0.0751711 0.0
0.962506 0.0746928 0.0
0.961424 0.073766 0.0
0.960712 0.0723701 0.0
0.960464 0.0704908 0.0
0.960784 0.0681235 0.0
0.961792 0.0652771 0.0
0.963623 0.0619792 0.0
0.966424 0.0582815 0.0
0.970352 0.0542672 0.0
0.975566 0.0500577 0.0
0.982223 0.0458204 0.0
0.990463 0.041775 0.0
1.00039 0.038197 0.0
1.01206 0.0354169 0.0
1.02545 0.0338107 0.0
1.04044 0.0337808 0.0
1.05678 0.0357247 0.0
1.07412 0.0399903 0.0
1.09198 0.0468254 0.0
1.10983 0.0563302 0.0
1.12711 0.0684292 0.0
1.14333 0.0828784 0.0
1.15809 0.0993057 0.0
1.17114 0.117272 0.0
1.18238 0.136329 0.0
1.19179 0.156066 0.0
1.19947 0.176131 0.0
1.20556 0.196249 0.0
1.21023 0.216214 0.0
1.21366 0.235884 0.0
1.21603 0.25517 0.0
1.21748 0.274024 0.0
1.21815 0.292426 0.0
1.21814 0.310375 0.0
1.21755 0.327881 0.0
1.21644 0.344962 0.0
1.21485 0.361632 0.0
1.21283 0.377907 0.0
1.2104 0.393795 0.0
1.20757 0.409299 0.0
1.20436 0.424415 0.0
1.20077 0.439134 0.0
1.19681 0.453437 0.0
1.1925 0.467305 0.0
1.18783 0.48071 0.0
1.18282 0.493625 0.0
1.1775 0.506019 0.0
1.17188 0.517863 0.0
1.16599 0.529125 0.0
1.15986 0.539781 0.0
1.15352 0.549804 0.0
1.14701 0.559175 0.0
1.14036 0.567877 0.0
1.13361 0.575898 0.0
1.12681 0.583233 0.0
1.11998 0.589878 0.0
1.11318 0.595837 0.0
1.10643 0.601118 0.0
1.09977 0.605733 0.0
1.09325 0.609699 0.0
1.08687 0.613035 0.0
1.08069 0.615766 0.0
1.07472 0.617918 0.0
1.06898 0.61952 0.0
1.0635 0.620604 0.0
1.05829 0.621204 0.0
1.05337 0.621353 0.0
1.04875 0.621088 0.0
1.04444 0.620444 0.0
1.04044 0.619457 0.0
1.03675 0.618165 0.0
1.03339 0.616602 0.0
1.03034 0.614805 0.0
1.0276 0.612806 0.0
1.02517 0.610639 0.0
1.02304 0.608335 0.0
1.0212 0.605924 0.0
1.01964 0.603433 0.0
1.01834 0.60089 0.0
1.0173 0.598317 0.0
1.01648 0.595736 0.0
1.01589 0.593167 0.0
1.0155 0.590628 0.0
1.01529 0.588132 0.0
1.01525 0.585693 0.0
1.01536 0.583321 0.0
1.01559 0.581024 0.0
1.01593 0.578807 0.0
1.01637 0.576675 0.0
1.01687 0.574628 0.0
1.01742 0.572666 0.0
1.01801 0.570788 0.0
1.01861 0.568989 0.0
1.01921 0.567264 0.0
1.0198 0.565606 0.0
1.02035 0.564007 0.0
1.02085 0.562458 0.0
1.02129 0.560949 0.0
1.02166 0.55947 0.0
1.02193 0.558009 0.0
1.0221 0.556556 0.0
1.02215 0.5551 0.0
1.02207 0.553629 0.0
1.02185 0.552133 0.0
1.02148 0.550604 0.0
1.02095 0.549033 0.0
1.02025 0.547413 0.0
1.01936 0.545741 0.0
1.01827 0.544015 0.0
1.01698 0.542235 0.0
1.01547 0.540408 0.0
1.01374 0.538543 0.0
1.01176 0.536657 0.0
1.00954 0.534769 0.0
1.00706 0.532909 0.0
1.00431 0.531111 0.0
1.00129 0.529415 0.0
0.997979 0.527868 0.0
0.994385 0.526515 0.0
0.990501 0.525401 0.0
0.986325 0.524559 0.0
0.981858 0.524007 0.0
0.977104 0.523734 0.0
0.972069 0.523689 0.0
0.96676 0.523776 0.0
0.961184 0.523839 0.0
0.95535 0.523662 0.0
0.949261 0.522968 0.0
0.942923 0.521431 0.0
0.936335 0.518687 0.0
0.929495 0.514358 0.0
0.9224 0.50808 0.0
0.915046 0.499528 0.0
0.907436 0.488442 0.0
0.899577 0.474647 0.0
0.89149 0.458064 0.0
0.883209 0.438711 0.0
0.874785 0.416699 0.0
0.866285 0.392216 0.0
0.85779 0.365519 0.0
0.849394 0.336914 0.0
0.841199 0.306743 0.0
0.83331 0.275373 0.0
0.825829 0.243187 0.0
0.818856 0.210579 0.0
0.812477 0.177944 0.0
0.806766 0.145671 0.0
0.801781 0.114138 0.0
0.797563 0.0837049 0.0
0.794131 0.0546997 0.0
0.791487 0.0274158 0.0
0.789613 0.00210119 0.0
0.788474 -0.0210478 0.0
0.788019 -0.0418933 0.0
0.788185 -0.0603506 0.0
0.788902 -0.0763874 0.0
0.790093 -0.0900196 0.0
0.791679 -0.101307 0.0
0.793582 -0.110346 0.0
0.795725 -0.117265 0.0
0.798035 -0.122212 0.0
0.800443 -0.125353 0.0
0.802888 -0.12686 0.0
0.805312 -0.126908 0.0
0.807662 -0.125668 0.0
0.80989 -0.123304 0.0
0.811949 -0.119965 0.0
0.813793 -0.11579 0.0
0.815375 -0.110898 0.0
0.816643 -0.105396 0.0
0.817546 -0.0994286 0.0
0.818047 -0.0936626 0.0
0.999969 0.00194241 0.0
0.999845 0.00584768 0.0
0.999597 0.00976387 0.0
0.999225 0.0136816 0.0
0.998729 0.0175917 0.0
0.99811 0.0214849 0.0
0.997367 0.0253518 0.0
0.996501 0.0291828 0.0
0.995513 0.032968 0.0
0.994404 0.0366972 0.0
0.993174 0.0403595 0.0
0.991824 0.0439437 0.0
0.990357 0.0474374 0.0
0.988774 0.0508278 0.0
0.98708 0.0541008 0.0
0.985276 0.0572414 0.0
0.983368 0.0602331 0.0
0.981363 0.0630583 0.0
0.979267 0.0656975 0.0
0.977089 0.0681295 0.0
0.974842 0.0703313 0.0
0.97254 0.072278 0.0
0.9702 0.0739422 0.0
0.967845 0.0752945 0.0
0.965501 0.0763033 0.0
0.963202 0.076935 0.0
0.960986 0.0771539 0.0
0.958903 0.0769234 0.0
0.957012 0.076206 0.0
0.955381 0.0749652 0.0
0.954097 0.0731669 0.0
0.953258 0.0707817 0.0
0.952982 0.0677887 0.0
0.953406 0.0641799 0.0
0.954685 0.0599655 0.0
0.956997 0.0551819 0.0
0.960537 0.0499002 0.0
0.96551 0.0442366 0.0
0.972131 0.038364 0.0
0.980599 0.0325229 0.0
0.991088 0.0270311 0.0
1.00371 0.0222876 0.0
1.0185 0.0187673 0.0
1.03534 0.0170001 0.0
1.05397 0.0175327 0.0
1.07395 0.0208646 0.0
1.09466 0.0273697 0.0
1.11539 0.0372122 0.0
1.13536 0.0502908 0.0
1.15391 0.0662485 0.0
1.17054 0.0845449 0.0
1.18496 0.104561 0.0
1.19707 0.125693 0.0
1.20695 0.147412 0.0
1.21477 0.169293 0.0
1.22075 0.191019 0.0
1.22514 0.212377 0.0
1.22819 0.233233 0.0
1.23013 0.253521 0.0
1.23113 0.273218 0.0
1.23136 0.292334 0.0
1.23094 0.310893 0.0
1.22996 0.328933 0.0
1.2285 0.346489 0.0
1.22659 0.363596 0.0
1.22427 0.380282 0.0
1.22156 0.396564 0.0
1.21846 0.412454 0.0
1.21498 0.427952 0.0
1.21112 0.443047 0.0
1.20688 0.457723 0.0
1.20226 0.471956 0.0
1.19727 0.485716 0.0
1.19193 0.49897 0.0
1.18624 0.511684 0.0
1.18023 0.523823 0.0
1.17394 0.535353 0.0
1.16738 0.546242 0.0
1.1606 0.556463 0.0
1.15364 0.565993 0.0
1.14653 0.574814 0.0
1.13933 0.582913 0.0
1.13207 0.590282 0.0
1.1248 0.596922 0.0
1.11756 0.602836 0.0
1.11039 0.608033 0.0
1.10334 0.612527 0.0
1.09643 0.616338 0.0
1.08971 0.619489 0.0
1.0832 0.622005 0.0
1.07694 0.623918 0.0
1.07093 0.625258 0.0
1.06522 0.626062 0.0
1.05981 0.626364 0.0
1.05472 0.626204 0.0
1.04996 0.625619 0.0
1.04554 0.624648 0.0
1.04146 0.623331 0.0
1.03773 0.621706 0.0
1.03434 0.619812 0.0
1.0313 0.617686 0.0
1.0286 0.615364 0.0
1.02623 0.612882 0.0
1.02418 0.610272 0.0
1.02243 0.607567 0.0
1.02099 0.604796 0.0
1.01983 0.601986 0.0
1.01894 0.599162 0.0
1.01829 0.596348 0.0
1.01787 0.593563 0.0
1.01767 0.590827 0.0
1.01766 0.588153 0.0
1.01781 0.585556 0.0
1.01812 0.583045 0.0
1.01856 0.580629 0.0
1.01911 0.578314 0.0
1.01974 0.576102 0.0
1.02045 0.573996 0.0
1.02119 0.571995 0.0
1.02197 0.570095 0.0
1.02276 0.568292 0.0
1.02354 0.566581 0.0
1.02429 0.564953 0.0
1.02499 0.563401 0.0
1.02564 0.561914 0.0
1.02621 0.560481 0.0
1.0267 0.559092 0.0
1.02708 0.557734 0.0
1.02734 0.556397 0.0
1.02748 0.555069 0.0
1.02748 0.553737 0.0
1.02733 0.552392 0.0
1.02702 0.551025 0.0
1.02654 0.549626 0.0
1.02587 0.548189 0.0
1.02502 0.546709 0.0
1.02397 0.545185 0.0
1.0227 0.543618 0.0
1.02122 0.542014 0.0
1.01952 0.540381 0.0
1.01757 0.538736 0.0
1.01539 0.537098 0.0
1.01295 0.535496 0.0
1.01026 0.533963 0.0
1.00731 0.532539 0.0
1.00409 0.531268 0.0
1.00061 0.530193 0.0
0.996856 0.529359 0.0
0.992839 0.528795 0.0
0.98856 0.528517 0.0
0.984025 0.528512 0.0
0.979241 0.52873 0.0
0.974216 0.52907 0.0
0.968958 0.529379 0.0
0.963472 0.529442 0.0
0.957761 0.528987 0.0
0.951824 0.527687 0.0
0.945659 0.525185 0.0
0.939255 0.521104 0.0
0.932605 0.51508 0.0
0.925699 0.506788 0.0
0.918531 0.49596 0.0
0.911107 0.482413 0.0
0.90344 0.466053 0.0
0.89556 0.446883 0.0
0.887513 0.424997 0.0
0.879363 0.400568 0.0
0.871188 0.373837 0.0
0.863079 0.345101 0.0
0.855133 0.314696 0.0
0.847456 0.282987 0.0
0.840147 0.250362 0.0
0.833305 0.217221 0.0
0.827016 0.18397 0.0
0.821356 0.151016 0.0
0.816383 0.118751 0.0
0.812141 0.0875531 0.0
0.808654 0.0577709 0.0
0.805926 0.0297162 0.0
0.803945 0.00365604 0.0
0.802677 -0.0201963 0.0
0.802077 -0.0416892 0.0
0.802084 -0.0607279 0.0
0.80263 -0.0772726 0.0
0.80364 -0.0913353 0.0
0.805036 -0.102974 0.0
0.806741 -0.112287 0.0
0.808679 -0.119405 0.0
0.810778 -0.124481 0.0
0.812971 -0.127685 0.0
0.815195 -0.129197 0.0
0.817396 -0.129196 0.0
0.819524 -0.127858 0.0
0.821532 -0.12535 0.0
0.823379 -0.121825 0.0
0.825025 -0.11742 0.0
0.826428 -0.112253 0.0
0.827548 -0.106429 0.0
0.828343 -0.100093 0.0
0.828787 -0.0939432 0.0
0.999967 0.00200646 0.0
0.999835 0.00603981 0.0
0.999571 0.0100841 0.0
0.999174 0.0141299 0.0
0.998646 0.018168 0.0
0.997985 0.0221891 0.0
0.997191 0.0261838 0.0
0.996265 0.0301424 0.0
0.995206 0.034055 0.0
0.994015 0.037911 0.0
0.992692 0.0416994 0.0
0.991237 0.0454086 0.0
0.98965 0.049026 0.0
0.987934 0.0525381 0.0
0.986089 0.0559302 0.0
0.984118 0.0591866 0.0
0.982024 0.0622897 0.0
0.979811 0.0652204 0.0
0.977484 0.0679579 0.0
0.975052 0.070479 0.0
0.972523 0.0727582 0.0
0.969908 0.0747675 0.0
0.967225 0.0764761 0.0
0.96449 0.07785 0.0
0.96173 0.0788521 0.0
0.958973 0.0794422 0.0
0.956259 0.0795768 0.0
0.953633 0.0792093 0.0
0.951154 0.078291 0.0
0.948893 0.0767717 0.0
0.946936 0.0746013 0.0
0.94539 0.0717321 0.0
0.944382 0.0681223 0.0
0.944064 0.0637409 0.0
0.944615 0.0585738 0.0
0.946244 0.0526328 0.0
0.949187 0.0459668 0.0
0.953708 0.0386753 0.0
0.960088 0.0309254 0.0
0.968611 0.0229695 0.0
0.979543 0.0151635 0.0
0.993093 0.0079814 0.0
1.00937 0.0020173 0.0
1.02831 -0.00203242 0.0
1.04965 -0.00341196 0.0
1.07287 -0.00138888 0.0
1.09716 0.00462071 0.0
1.1215 0.0148987 0.0
1.14482 0.0293088 0.0
1.16619 0.0473088 0.0
1.18496 0.0680844 0.0
1.20082 0.0907448 0.0
1.21374 0.11447 0.0
1.22391 0.138586 0.0
1.23163 0.162586 0.0
1.23725 0.186127 0.0
1.24113 0.208999 0.0
1.24359 0.2311 0.0
1.24491 0.252402 0.0
1.24531 0.272926 0.0
1.24499 0.29272 0.0
1.24407 0.311847 0.0
1.24265 0.330375 0.0
1.2408 0.348366 0.0
1.23855 0.365874 0.0
1.23593 0.382944 0.0
1.23294 0.399605 0.0
1.22958 0.415873 0.0
1.22584 0.431752 0.0
1.22171 0.447234 0.0
1.21719 0.462298 0.0
1.21227 0.476917 0.0
1.20696 0.491056 0.0
1.20126 0.504676 0.0
1.19519 0.517737 0.0
1.18877 0.530196 0.0
1.18203 0.542014 0.0
1.17501 0.553155 0.0
1.16776 0.563588 0.0
1.1603 0.573287 0.0
1.1527 0.58223 0.0
1.14499 0.590406 0.0
1.13723 0.597805 0.0
1.12948 0.604428 0.0
1.12176 0.610281 0.0
1.11414 0.615375 0.0
1.10665 0.619726 0.0
1.09934 0.623357 0.0
1.09224 0.626294 0.0
1.08538 0.628566 0.0
1.0788 0.630207 0.0
1.07251 0.631254 0.0
1.06655 0.631743 0.0
1.06093 0.631716 0.0
1.05566 0.631213 0.0
1.05075 0.630275 0.0
1.04622 0.628945 0.0
1.04207 0.627266 0.0
1.03829 0.625278 0.0
1.03489 0.623023 0.0
1.03187 0.620541 0.0
1.02921 0.617871 0.0
1.02691 0.615049 0.0
1.02495 0.612112 0.0
1.02333 0.609092 0.0
1.02202 0.606021 0.0
1.02102 0.602927 0.0
1.02029 0.599838 0.0
1.01984 0.596777 0.0
1.01962 0.593766 0.0
1.01962 0.590823 0.0
1.01983 0.587965 0.0
1.02021 0.585204 0.0
1.02074 0.582552 0.0
1.02141 0.580017 0.0
1.02218 0.577604 0.0
1.02304 0.575317 0.0
1.02397 0.573156 0.0
1.02493 0.57112 0.0
1.02592 0.569206 0.0
1.0269 0.567408 0.0
1.02787 0.56572 0.0
1.0288 0.564133 0.0
1.02968 0.562638 0.0
1.03049 0.561224 0.0
1.0312 0.559879 0.0
1.03182 0.558592 0.0
1.03232 0.55735 0.0
1.0327 0.556141 0.0
1.03293 0.554951 0.0
1.03302 0.55377 0.0
1.03294 0.552586 0.0
1.03269 0.551389 0.0
1.03227 0.550171 0.0
1.03165 0.548923 0.0
1.03084 0.547641 0.0
1.02982 0.546324 0.0
1.02859 0.544972 0.0
1.02714 0.543589 0.0
1.02547 0.542186 0.0
1.02357 0.540778 0.0
1.02142 0.539383 0.0
1.01904 0.538029 0.0
1.01641 0.536749 0.0
1.01354 0.535581 0.0
1.01041 0.534567 0.0
1.00704 0.533749 0.0
1.00343 0.533169 0.0
0.999575 0.532856 0.0
0.995488 0.532823 0.0
0.991175 0.533055 0.0
0.986646 0.5335 0.0
0.981909 0.534061 0.0
0.976971 0.534584 0.0
0.971837 0.534858 0.0
0.966508 0.534611 0.0
0.96098 0.533526 0.0
0.955245 0.531246 0.0
0.94929 0.5274 0.0
0.943101 0.521624 0.0
0.936663 0.513589 0.0
0.929966 0.503023 0.0
0.923007 0.489733 0.0
0.915796 0.473611 0.0
0.908358 0.454644 0.0
0.900734 0.432907 0.0
0.892982 0.408559 0.0
0.885175 0.381827 0.0
0.877401 0.352996 0.0
0.869754 0.322394 0.0
0.862333 0.290387 0.0
0.855238 0.257365 0.0
0.848563 0.223734 0.0
0.842396 0.189913 0.0
0.83681 0.156319 0.0
0.831868 0.123363 0.0
0.827612 0.0914384 0.0
0.824072 0.0609133 0.0
0.821255 0.032118 0.0
0.819154 0.00533783 0.0
0.817739 -0.0191964 0.0
0.816969 -0.0413188 0.0
0.816788 -0.0609237 0.0
0.817129 -0.0779639 0.0
0.817922 -0.0924465 0.0
0.81909 -0.104428 0.0
0.820559 -0.114007 0.0
0.822253 -0.121317 0.0
0.824102 -0.126517 0.0
0.826041 -0.129781 0.0
0.82801 -0.131295 0.0
0.829957 -0.131246 0.0
0.831833 -0.129813 0.0
0.833598 -0.127169 0.0
0.835213 -0.123469 0.0
0.836644 -0.118852 0.0
0.837857 -0.113437 0.0
0.838821 -0.107328 0.0
0.839503 -0.100671 0.0
0.839885 -0.0941916 0.0
0.999965 0.00207449 0.0
0.999825 0.0062439 0.0
0.999545 0.0104243 0.0
0.999124 0.0146064 0.0
0.998563 0.0187811 0.0
0.997861 0.0229391 0.0
0.997018 0.027071 0.0
0.996032 0.0311671 0.0
0.994903 0.0352175 0.0
0.993631 0.0392117 0.0
0.992215 0.0431384 0.0
0.990654 0.0469858 0.0
0.988948 0.0507412 0.0
0.987096 0.0543906 0.0
0.9851 0.0579189 0.0
0.98296 0.0613096 0.0
0.980676 0.0645445 0.0
0.978251 0.0676033 0.0
0.975689 0.0704639 0.0
0.972993 0.0731012 0.0
0.970171 0.0754876 0.0
0.96723 0.0775924 0.0
0.964184 0.0793811 0.0
0.961048 0.0808156 0.0
0.957842 0.0818533 0.0
0.954592 0.0824473 0.0
0.951332 0.0825457 0.0
0.948107 0.0820918 0.0
0.94497 0.0810245 0.0
0.941991 0.0792782 0.0
0.939258 0.0767846 0.0
0.936878 0.0734743 0.0
0.934987 0.0692797 0.0
0.933748 0.0641402 0.0
0.933363 0.0580088 0.0
0.93407 0.0508615 0.0
0.936154 0.0427111 0.0
0.93994 0.0336243 0.0
0.945792 0.023744 0.0
0.954103 0.0133169 0.0
0.96526 0.00272716 0.0
0.979604 -0.00747597 0.0
0.997376 -0.0165702 0.0
1.01864 -0.0236521 0.0
1.04318 -0.0276748 0.0
1.07038 -0.027547 0.0
1.0992 -0.0223245 0.0
1.12819 -0.0114889 0.0
1.15578 0.00479276 0.0
1.18059 0.0256405 0.0
1.2018 0.0497745 0.0
1.21911 0.0758848 0.0
1.23265 0.102863 0.0
1.2428 0.129867 0.0
1.25007 0.156317 0.0
1.25498 0.181865 0.0
1.25803 0.206341 0.0
1.25963 0.229703 0.0
1.26012 0.251987 0.0
1.25977 0.273277 0.0
1.25879 0.293677 0.0
1.2573 0.313297 0.0
1.2554 0.332242 0.0
1.25315 0.350605 0.0
1.25056 0.368466 0.0
1.24766 0.385883 0.0
1.24441 0.402898 0.0
1.24082 0.419535 0.0
1.23685 0.4358 0.0
1.23248 0.45168 0.0
1.2277 0.467155 0.0
1.22249 0.482188 0.0
1.21685 0.496737 0.0
1.21079 0.510757 0.0
1.20433 0.524196 0.0
1.19747 0.537007 0.0
1.19027 0.549141 0.0
1.18276 0.560558 0.0
1.17498 0.571221 0.0
1.16699 0.581099 0.0
1.15884 0.590171 0.0
1.15059 0.598422 0.0
1.14229 0.605845 0.0
1.134 0.612439 0.0
1.12577 0.618214 0.0
1.11765 0.623182 0.0
1.10969 0.627365 0.0
1.10193 0.630787 0.0
1.09442 0.633478 0.0
1.08719 0.635473 0.0
1.08026 0.636808 0.0
1.07368 0.637524 0.0
1.06745 0.637663 0.0
1.0616 0.637268 0.0
1.05615 0.636385 0.0
1.05109 0.635059 0.0
1.04645 0.633335 0.0
1.04222 0.631259 0.0
1.03841 0.628875 0.0
1.035 0.626228 0.0
1.032 0.62336 0.0
1.0294 0.620313 0.0
1.02718 0.617126 0.0
1.02534 0.613836 0.0
1.02385 0.610479 0.0
1.0227 0.607088 0.0
1.02188 0.603693 0.0
1.02135 0.600323 0.0
1.0211 0.597002 0.0
1.0211 0.593753 0.0
1.02134 0.590595 0.0
1.02179 0.587545 0.0
1.02241 0.584616 0.0
1.0232 0.581821 0.0
1.02412 0.579166 0.0
1.02514 0.576657 0.0
1.02625 0.574297 0.0
1.02742 0.572086 0.0
1.02862 0.570022 0.0
1.02983 0.568102 0.0
1.03104 0.566318 0.0
1.03222 0.564664 0.0
1.03335 0.563129 0.0
1.03441 0.561704 0.0
1.03539 0.560376 0.0
1.03626 0.559132 0.0
1.03703 0.55796 0.0
1.03766 0.556847 0.0
1.03815 0.555778 0.0
1.03849 0.55474 0.0
1.03867 0.553721 0.0
1.03867 0.552709 0.0
1.0385 0.551692 0.0
1.03813 0.550662 0.0
1.03757 0.549611 0.0
1.0368 0.548533 0.0
1.03582 0.547426 0.0
1.03463 0.54629 0.0
1.03322 0.54513 0.0
1.03158 0.543955 0.0
1.02972 0.542778 0.0
1.02762 0.541619 0.0
1.0253 0.540504 0.0
1.02274 0.539464 0.0
1.01994 0.538536 0.0
1.01691 0.537761 0.0
1.01366 0.537179 0.0
1.01019 0.536829 0.0
1.0065 0.53674 0.0
1.0026 0.536921 0.0
0.998511 0.537359 0.0
0.994237 0.538 0.0
0.989786 0.538749 0.0
0.985169 0.539453 0.0
0.980387 0.539905 0.0
0.97544 0.53984 0.0
0.970324 0.538943 0.0
0.965025 0.536864 0.0
0.959527 0.533235 0.0
0.953812 0.527694 0.0
0.947859 0.51991 0.0
0.941654 0.509605 0.0
0.935188 0.496575 0.0
0.928466 0.480701 0.0
0.921507 0.461951 0.0
0.914346 0.440385 0.0
0.907036 0.416144 0.0
0.899645 0.389441 0.0
0.892253 0.360549 0.0
0.884949 0.329791 0.0
0.87783 0.29753 0.0
0.87099 0.264157 0.0
0.864521 0.230086 0.0
0.858508 0.195742 0.0
0.853025 0.161558 0.0
0.848133 0.127958 0.0
0.843879 0.0953524 0.0
0.840292 0.0641259 0.0
0.837387 0.0346273 0.0
0.835158 0.00715961 0.0
0.833583 -0.0180288 0.0
0.832624 -0.0407575 0.0
0.83223 -0.0609094 0.0
0.832339 -0.0784289 0.0
0.832883 -0.0933183 0.0
0.83379 -0.105632 0.0
0.834987 -0.115469 0.0
0.836402 -0.122965 0.0
0.837967 -0.128283 0.0
0.839619 -0.131606 0.0
0.841303 -0.133123 0.0
0.842966 -0.133028 0.0
0.844567 -0.131508 0.0
0.846068 -0.128739 0.0
0.847434 -0.12488 0.0
0.848638 -0.120074 0.0
0.849652 -0.114442 0.0
0.850453 -0.108088 0.0
0.851018 -0.101159 0.0
0.851334 -0.0944026 0.0
0.999963 0.0021464 0.0
0.999815 0.00645969 0.0
0.99952 0.0107842 0.0
0.999076 0.0151108 0.0
0.998483 0.0194305 0.0
0.997741 0.0237341 0.0
0.996848 0.0280125 0.0
0.995804 0.0322561 0.0
0.994606 0.0364549 0.0
0.993254 0.0405985 0.0
0.991746 0.0446757 0.0
0.990081 0.0486748 0.0
0.988257 0.0525826 0.0
0.986271 0.0563853 0.0
0.984124 0.0600675 0.0
0.981814 0.063612 0.0
0.97934 0.0670002 0.0
0.976701 0.070211 0.0
0.973899 0.0732209 0.0
0.970935 0.0760039 0.0
0.967812 0.0785301 0.0
0.964535 0.0807666 0.0
0.961113 0.0826756 0.0
0.957555 0.0842151 0.0
0.953878 0.0853374 0.0
0.950102 0.085989 0.0
0.946255 0.0861097 0.0
0.942376 0.0856327 0.0
0.938513 0.0844834 0.0
0.934731 0.0825801 0.0
0.931113 0.0798342 0.0
0.927766 0.0761513 0.0
0.924827 0.0714336 0.0
0.922468 0.0655839 0.0
0.920906 0.0585124 0.0
0.920409 0.0501465 0.0
0.921307 0.0404451 0.0
0.923991 0.0294199 0.0
0.928924 0.0171633 0.0
0.936623 0.00388841 0.0
0.947632 -0.0100104 0.0
0.962487 -0.0239376 0.0
0.981653 -0.0370465 0.0
1.00541 -0.0481923 0.0
1.03367 -0.0559366 0.0
1.06582 -0.0586404 0.0
1.1005 -0.0547281 0.0
1.13561 -0.0431848 0.0
1.16868 -0.02417 0.0
1.19768 0.000790864 0.0
1.22153 0.0295727 0.0
1.24009 0.0602167 0.0
1.25381 0.0912652 0.0
1.26341 0.121708 0.0
1.26969 0.150929 0.0
1.2734 0.178628 0.0
1.27521 0.204728 0.0
1.27563 0.229292 0.0
1.27508 0.252457 0.0
1.27384 0.274393 0.0
1.27211 0.295275 0.0
1.27003 0.315271 0.0
1.26766 0.334531 0.0
1.26505 0.353182 0.0
1.26219 0.371328 0.0
1.25908 0.389046 0.0
1.25566 0.40639 0.0
1.25192 0.423387 0.0
1.24779 0.440043 0.0
1.24325 0.456344 0.0
1.23826 0.472259 0.0
1.23281 0.487745 0.0
1.22688 0.502748 0.0
1.22048 0.517212 0.0
1.21361 0.531074 0.0
1.20631 0.544277 0.0
1.19862 0.556764 0.0
1.19058 0.568487 0.0
1.18225 0.579402 0.0
1.17368 0.589476 0.0
1.16494 0.598684 0.0
1.1561 0.60701 0.0
1.1472 0.614449 0.0
1.13833 0.621001 0.0
1.12954 0.626678 0.0
1.12088 0.631497 0.0
1.1124 0.635481 0.0
1.10417 0.638662 0.0
1.09621 0.641072 0.0
1.08857 0.642751 0.0
1.08129 0.643741 0.0
1.07438 0.644086 0.0
1.06787 0.643833 0.0
1.06179 0.643031 0.0
1.05614 0.641728 0.0
1.05093 0.639973 0.0
1.04618 0.637816 0.0
1.04188 0.635306 0.0
1.03803 0.632491 0.0
1.03463 0.629417 0.0
1.03167 0.626131 0.0
1.02914 0.622677 0.0
1.02702 0.619095 0.0
1.02531 0.615427 0.0
1.02397 0.611709 0.0
1.023 0.607976 0.0
1.02238 0.604261 0.0
1.02207 0.600592 0.0
1.02205 0.596997 0.0
1.02231 0.593498 0.0
1.0228 0.590116 0.0
1.02351 0.586867 0.0
1.02441 0.583766 0.0
1.02548 0.580825 0.0
1.02667 0.57805 0.0
1.02797 0.575447 0.0
1.02935 0.573018 0.0
1.03079 0.570763 0.0
1.03225 0.56868 0.0
1.03371 0.566762 0.0
1.03516 0.565004 0.0
1.03657 0.563395 0.0
1.03791 0.561925 0.0
1.03917 0.560583 0.0
1.04034 0.559354 0.0
1.04139 0.558226 0.0
1.04231 0.557184 0.0
1.04308 0.556213 0.0
1.0437 0.555299 0.0
1.04416 0.554426 0.0
1.04443 0.553582 0.0
1.04452 0.552753 0.0
1.04442 0.551927 0.0
1.04412 0.551095 0.0
1.04361 0.550248 0.0
1.04289 0.54938 0.0
1.04196 0.548488 0.0
1.04081 0.547571 0.0
1.03944 0.546634 0.0
1.03784 0.545684 0.0
1.03602 0.544734 0.0
1.03397 0.543804 0.0
1.0317 0.542918 0.0
1.0292 0.542106 0.0
1.02649 0.541403 0.0
1.02356 0.540848 0.0
1.02042 0.540482 0.0
1.01709 0.540338 0.0
1.01356 0.540446 0.0
1.00986 0.540814 0.0
1.00599 0.541426 0.0
1.00196 0.542232 0.0
0.997797 0.543134 0.0
0.993495 0.543987 0.0
0.989062 0.544586 0.0
0.984496 0.544671 0.0
0.979789 0.543935 0.0
0.974927 0.542032 0.0
0.96989 0.5386 0.0
0.964656 0.533278 0.0
0.959201 0.525733 0.0
0.953505 0.515683 0.0
0.947556 0.502913 0.0
0.94135 0.48729 0.0
0.934903 0.468768 0.0
0.928242 0.447389 0.0
0.921414 0.423278 0.0
0.91448 0.396633 0.0
0.907513 0.367716 0.0
0.900598 0.336843 0.0
0.893823 0.304373 0.0
0.887279 0.270698 0.0
0.881054 0.236238 0.0
0.875229 0.201428 0.0
0.869878 0.166708 0.0
0.865061 0.132517 0.0
0.860826 0.0992822 0.0
0.857205 0.0674028 0.0
0.854216 0.0372449 0.0
0.851859 0.00912881 0.0
0.850116 -0.0166802 0.0
0.848955 -0.0399864 0.0
0.84833 -0.0606613 0.0
0.848184 -0.0786405 0.0
0.848454 -0.0939207 0.0
0.849071 -0.106554 0.0
0.849967 -0.116639 0.0
0.851072 -0.124315 0.0
0.852322 -0.129749 0.0
0.853659 -0.133129 0.0
0.855028 -0.134653 0.0
0.856385 -0.134519 0.0
0.857688 -0.132922 0.0
0.858905 -0.130042 0.0
0.860008 -0.126046 0.0
0.860973 -0.121078 0.0
0.861781 -0.115261 0.0
0.862415 -0.108703 0.0
0.862859 -0.101553 0.0
0.863105 -0.0945716 0.0
0.999961 0.00222208 0.0
0.999806 0.00668683 0.0
0.999496 0.0111631 0.0
0.999029 0.0156421 0.0
0.998406 0.020115 0.0
0.997625 0.0245729 0.0
0.996685 0.0290069 0.0
0.995583 0.0334075 0.0
0.994319 0.0377652 0.0
0.99289 0.0420695 0.0
0.991293 0.0463095 0.0
0.989525 0.0504736 0.0
0.987585 0.0545487 0.0
0.985468 0.058521 0.0
0.983172 0.0623748 0.0
0.980694 0.0660932 0.0
0.978031 0.0696569 0.0
0.975179 0.0730445 0.0
0.972137 0.0762318 0.0
0.968902 0.0791915 0.0
0.965475 0.0818926 0.0
0.961856 0.0843 0.0
0.958047 0.0863736 0.0
0.954054 0.0880676 0.0
0.949886 0.08933 0.0
0.945557 0.0901012 0.0
0.941088 0.0903133 0.0
0.936507 0.0898892 0.0
0.931855 0.0887416 0.0
0.927187 0.0867717 0.0
0.922579 0.0838694 0.0
0.918129 0.0799131 0.0
0.91397 0.0747704 0.0
0.910274 0.0683014 0.0
0.907268 0.0603634 0.0
0.905239 0.0508203 0.0
0.904556 0.0395569 0.0
0.905678 0.0265015 0.0
0.909167 0.0116605 0.0
0.915682 -0.00482297 0.0
0.925969 -0.0225951 0.0
0.94083 -0.0410692 0.0
0.961056 -0.0593062 0.0
0.987285 -0.0759147 0.0
1.01977 -0.088969 0.0
1.05803 -0.0960191 0.0
1.10037 -0.0943689 0.0
1.14365 -0.081925 0.0
1.18383 -0.0586848 0.0
1.2177 -0.0275595 0.0
1.24401 0.0077643 0.0
1.26314 0.0443404 0.0
1.27615 0.0804031 0.0
1.28428 0.114834 0.0
1.28875 0.14706 0.0
1.29061 0.176925 0.0
1.2907 0.204531 0.0
1.28965 0.230112 0.0
1.28789 0.253949 0.0
1.28572 0.276322 0.0
1.28329 0.297496 0.0
1.28073 0.3177 0.0
1.27806 0.337135 0.0
1.27529 0.355964 0.0
1.27237 0.374316 0.0
1.26926 0.392285 0.0
1.26589 0.409933 0.0
1.2622 0.42729 0.0
1.2581 0.444358 0.0
1.25356 0.461116 0.0
1.24851 0.477522 0.0
1.24292 0.493519 0.0
1.23679 0.50904 0.0
1.2301 0.524011 0.0
1.22289 0.538358 0.0
1.21516 0.55201 0.0
1.20699 0.564899 0.0
1.19841 0.576968 0.0
1.1895 0.588167 0.0
1.18032 0.598458 0.0
1.17094 0.607813 0.0
1.16146 0.616218 0.0
1.15192 0.623666 0.0
1.14242 0.630161 0.0
1.13302 0.635719 0.0
1.12377 0.64036 0.0
1.11475 0.644114 0.0
1.106 0.647016 0.0
1.09756 0.649105 0.0
1.08949 0.650426 0.0
1.08182 0.651027 0.0
1.07457 0.650957 0.0
1.06777 0.650268 0.0
1.06144 0.649013 0.0
1.05559 0.647245 0.0
1.05023 0.645019 0.0
1.04537 0.642387 0.0
1.041 0.639402 0.0
1.03713 0.636116 0.0
1.03374 0.632579 0.0
1.03083 0.62884 0.0
1.02838 0.624945 0.0
1.02639 0.620939 0.0
1.02482 0.616864 0.0
1.02367 0.61276 0.0
1.0229 0.608662 0.0
1.02249 0.604606 0.0
1.02243 0.600622 0.0
1.02268 0.596737 0.0
1.0232 0.592975 0.0
1.02399 0.589359 0.0
1.025 0.585904 0.0
1.0262 0.582627 0.0
1.02756 0.579537 0.0
1.02906 0.576643 0.0
1.03067 0.573949 0.0
1.03234 0.571457 0.0
1.03407 0.569165 0.0
1.03581 0.567071 0.0
1.03755 0.565167 0.0
1.03926 0.563445 0.0
1.04091 0.561895 0.0
1.04249 0.560504 0.0
1.04397 0.55926 0.0
1.04534 0.558147 0.0
1.04657 0.55715 0.0
1.04766 0.556254 0.0
1.04859 0.555441 0.0
1.04934 0.554696 0.0
1.04992 0.554003 0.0
1.0503 0.553347 0.0
1.05048 0.552714 0.0
1.05046 0.552091 0.0
1.05022 0.551467 0.0
1.04977 0.550833 0.0
1.04911 0.550181 0.0
1.04822 0.549508 0.0
1.04711 0.548813 0.0
1.04577 0.548099 0.0
1.04422 0.547373 0.0
1.04244 0.546647 0.0
1.04044 0.545939 0.0
1.03822 0.545272 0.0
1.03579 0.544676 0.0
1.03316 0.544183 0.0
1.03032 0.543831 0.0
1.0273 0.543659 0.0
1.0241 0.543699 0.0
1.02073 0.543978 0.0
1.01721 0.544504 0.0
1.01356 0.545261 0.0
1.00978 0.546199 0.0
1.00589 0.547224 0.0
1.00189 0.548193 0.0
0.997802 0.548906 0.0
0.993609 0.549111 0.0
0.989306 0.548506 0.0
0.984878 0.546752 0.0
0.980302 0.543492 0.0
0.975553 0.538368 0.0
0.970603 0.531047 0.0
0.965429 0.52124 0.0
0.960012 0.508723 0.0
0.954346 0.493351 0.0
0.948437 0.475063 0.0
0.942307 0.453884 0.0
0.935995 0.429922 0.0
0.929556 0.403362 0.0
0.923054 0.374454 0.0
0.916567 0.343506 0.0
0.910177 0.310874 0.0
0.903969 0.27695 0.0
0.898025 0.242156 0.0
0.892423 0.206936 0.0
0.887235 0.17174 0.0
0.88252 0.137018 0.0
0.878326 0.103211 0.0
0.874688 0.0707327 0.0
0.871626 0.039966 0.0
0.869144 0.0112469 0.0
0.867232 -0.015143 0.0
0.865862 -0.0389929 0.0
0.864994 -0.0601621 0.0
0.864577 -0.0785772 0.0
0.864553 -0.0942292 0.0
0.864857 -0.107167 0.0
0.865426 -0.11749 0.0
0.866195 -0.125338 0.0
0.867105 -0.130885 0.0
0.8681 -0.134324 0.0
0.869132 -0.135859 0.0
0.870158 -0.135695 0.0
0.871145 -0.134035 0.0
0.872062 -0.131064 0.0
0.872888 -0.126953 0.0
0.873606 -0.121853 0.0
0.8742 -0.115889 0.0
0.874661 -0.10917 0.0
0.87498 -0.101849 0.0
0.875153 -0.0946946 0.0
0.999959 0.00230137 0.0
0.999797 0.00692482 0.0
0.999473 0.0115603 0.0
0.998985 0.0161993 0.0
0.998333 0.0208333 0.0
0.997515 0.0254538 0.0
0.996529 0.0300521 0.0
0.995373 0.0346192 0.0
0.994045 0.0391458 0.0
0.992542 0.0436219 0.0
0.990859 0.0480368 0.0
0.988993 0.0523791 0.0
0.986941 0.0566361 0.0
0.984697 0.0607941 0.0
0.982257 0.0648379 0.0
0.979615 0.0687503 0.0
0.976766 0.0725122 0.0
0.973705 0.0761022 0.0
0.970425 0.0794956 0.0
0.966923 0.0826647 0.0
0.963192 0.0855776 0.0
0.959229 0.0881979 0.0
0.95503 0.0904835 0.0
0.950594 0.0923862 0.0
0.945923 0.0938501 0.0
0.941023 0.0948107 0.0
0.935903 0.0951933 0.0
0.930581 0.0949116 0.0
0.925086 0.0938659 0.0
0.91946 0.0919414 0.0
0.913762 0.0890061 0.0
0.908078 0.0849101 0.0
0.902527 0.0794839 0.0
0.897271 0.0725393 0.0
0.892532 0.063872 0.0
0.888604 0.0532678 0.0
0.885882 0.0405151 0.0
0.884877 0.025426 0.0
0.88625 0.00787479 0.0
0.890811 -0.0121138 0.0
0.899534 -0.0343142 0.0
0.913552 -0.0582293 0.0
0.934101 -0.0829207 0.0
0.962388 -0.106817 0.0
0.999299 -0.127467 0.0
1.04481 -0.141293 0.0
1.09702 -0.143645 0.0
1.15112 -0.130025 0.0
1.20002 -0.0996681 0.0
1.23858 -0.059002 0.0
1.26603 -0.0145537 0.0
1.28402 0.0295388 0.0
1.29468 0.0715379 0.0
1.29991 0.110334 0.0
1.30147 0.145535 0.0
1.30076 0.177295 0.0
1.2988 0.20603 0.0
1.29623 0.23223 0.0
1.29346 0.256364 0.0
1.2907 0.278847 0.0
1.28805 0.300034 0.0
1.28556 0.320224 0.0
1.28317 0.339662 0.0
1.28084 0.358546 0.0
1.27846 0.377025 0.0
1.27594 0.395207 0.0
1.27316 0.413158 0.0
1.27002 0.430906 0.0
1.26641 0.448443 0.0
1.26225 0.465735 0.0
1.25748 0.482722 0.0
1.25206 0.499329 0.0
1.24595 0.515468 0.0
1.23917 0.531047 0.0
1.23174 0.545974 0.0
1.2237 0.560159 0.0
1.2151 0.573525 0.0
1.20602 0.586 0.0
1.19654 0.59753 0.0
1.18674 0.608071 0.0
1.17672 0.617595 0.0
1.16656 0.626085 0.0
1.15635 0.633538 0.0
1.14618 0.639963 0.0
1.13613 0.645379 0.0
1.12626 0.649813 0.0
1.11664 0.6533 0.0
1.10734 0.655883 0.0
1.09841 0.657607 0.0
1.08988 0.658524 0.0
1.08179 0.658687 0.0
1.07419 0.658152 0.0
1.06708 0.656977 0.0
1.0605 0.655221 0.0
1.05444 0.652941 0.0
1.04893 0.650195 0.0
1.04396 0.647043 0.0
1.03953 0.64354 0.0
1.03564 0.639741 0.0
1.03228 0.635701 0.0
1.02944 0.631472 0.0
1.0271 0.627101 0.0
1.02524 0.622638 0.0
1.02385 0.618126 0.0
1.02289 0.613608 0.0
1.02235 0.609121 0.0
1.0222 0.604702 0.0
1.02241 0.600383 0.0
1.02294 0.596192 0.0
1.02378 0.592156 0.0
1.02488 0.588295 0.0
1.02621 0.584628 0.0
1.02775 0.581169 0.0
1.02945 0.57793 0.0
1.03128 0.574917 0.0
1.03321 0.572136 0.0
1.03522 0.569586 0.0
1.03726 0.567266 0.0
1.03932 0.565171 0.0
1.04135 0.563292 0.0
1.04334 0.561621 0.0
1.04526 0.560145 0.0
1.04709 0.558849 0.0
1.0488 0.55772 0.0
1.05039 0.556739 0.0
1.05182 0.555891 0.0
1.05309 0.555158 0.0
1.05417 0.55452 0.0
1.05507 0.553962 0.0
1.05577 0.553464 0.0
1.05626 0.553012 0.0
1.05654 0.552589 0.0
1.0566 0.552181 0.0
1.05644 0.551776 0.0
1.05605 0.551363 0.0
1.05543 0.550935 0.0
1.05459 0.550487 0.0
1.05351 0.550017 0.0
1.05222 0.549526 0.0
1.0507 0.549022 0.0
1.04896 0.548516 0.0
1.047 0.548024 0.0
1.04484 0.547568 0.0
1.04247 0.547175 0.0
1.03991 0.546879 0.0
1.03717 0.546713 0.0
1.03425 0.546715 0.0
1.03118 0.546917 0.0
1.02797 0.547342 0.0
1.02462 0.548 0.0
1.02117 0.548873 0.0
1.01763 0.549912 0.0
1.014 0.551028 0.0
1.01031 0.552079 0.0
1.00655 0.552874 0.0
1.00271 0.553166 0.0
0.998807 0.552661 0.0
0.994805 0.551027 0.0
0.990685 0.547913 0.0
0.986419 0.542963 0.0
0.981977 0.535844 0.0
0.97733 0.526263 0.0
0.972457 0.513989 0.0
0.967345 0.498863 0.0
0.961995 0.48081 0.0
0.956422 0.45984 0.0
0.950655 0.436044 0.0
0.944742 0.409593 0.0
0.93874 0.380727 0.0
0.932718 0.349743 0.0
0.92675 0.316995 0.0
0.920914 0.282873 0.0
0.915287 0.247804 0.0
0.909944 0.212234 0.0
0.90495 0.176624 0.0
0.900366 0.141434 0.0
0.896238 0.107116 0.0
0.892603 0.0740998 0.0
0.889484 0.0427804 0.0
0.886888 0.0135094 0.0
0.884811 -0.0134163 0.0
0.883232 -0.0377705 0.0
0.882116 -0.0594006 0.0
0.881418 -0.0782239 0.0
0.881085 -0.0942252 0.0
0.88106 -0.10745 0.0
0.881283 -0.117998 0.0
0.881696 -0.126012 0.0
0.882243 -0.131669 0.0
0.882876 -0.135168 0.0
0.883549 -0.13672 0.0
0.884226 -0.136538 0.0
0.884878 -0.13483 0.0
0.885482 -0.131789 0.0
0.88602 -0.127592 0.0
0.88648 -0.122392 0.0
0.886854 -0.116319 0.0
0.887137 -0.109485 0.0
0.887328 -0.102043 0.0
0.887423 -0.094768 0.0
0.999958 0.00238405 0.0
0.999789 0.00717304 0.0
0.999451 0.0119746 0.0
0.998943 0.0167808 0.0
0.998264 0.0215833 0.0
0.997411 0.0263743 0.0
0.996383 0.0311454 0.0
0.995176 0.0358881 0.0
0.993788 0.0405934 0.0
0.992214 0.0452518 0.0
0.990451 0.0498533 0.0
0.988492 0.0543867 0.0
0.986333 0.0588399 0.0
0.983968 0.0631997 0.0
0.981389 0.0674512 0.0
0.97859 0.0715778 0.0
0.975563 0.0755608 0.0
0.972299 0.0793788 0.0
0.968789 0.0830077 0.0
0.965025 0.0864195 0.0
0.960996 0.0895824 0.0
0.956694 0.0924592 0.0
0.952107 0.0950072 0.0
0.947229 0.0971762 0.0
0.942052 0.0989082 0.0
0.93657 0.100135 0.0
0.930784 0.100776 0.0
0.924695 0.100738 0.0
0.918317 0.0999116 0.0
0.911674 0.0981659 0.0
0.904803 0.0953496 0.0
0.897769 0.0912848 0.0
0.890665 0.0857646 0.0
0.883629 0.07855 0.0
0.876862 0.0693687 0.0
0.870644 0.0579163 0.0
0.86537 0.0438635 0.0
0.86158 0.0268719 0.0
0.860005 0.00663132 0.0
0.8616 -0.0170263 0.0
0.867574 -0.0440995 0.0
0.879425 -0.0743124 0.0
0.898933 -0.106895 0.0
0.928081 -0.140278 0.0
0.968751 -0.171586 0.0
1.02191 -0.195842 0.0
1.08581 -0.205203 0.0
1.15319 -0.189948 0.0
1.21077 -0.146233 0.0
1.25047 -0.0906988 0.0
1.27466 -0.034488 0.0
1.28799 0.0181497 0.0
1.29367 0.0665898 0.0
1.29416 0.109568 0.0
1.29182 0.147074 0.0
1.28841 0.179873 0.0
1.28493 0.208897 0.0
1.28188 0.234983 0.0
1.27945 0.258815 0.0
1.27766 0.28094 0.0
1.27646 0.30179 0.0
1.27571 0.321716 0.0
1.27526 0.340995 0.0
1.27496 0.359846 0.0
1.27463 0.37843 0.0
1.2741 0.396859 0.0
1.27319 0.415192 0.0
1.27176 0.433448 0.0
1.26967 0.4516 0.0
1.26681 0.469593 0.0
1.2631 0.487341 0.0
1.2585 0.504742 0.0
1.25297 0.521681 0.0
1.24655 0.53804 0.0
1.23926 0.553703 0.0
1.23117 0.568564 0.0
1.22236 0.582526 0.0
1.21293 0.595509 0.0
1.20299 0.607448 0.0
1.19264 0.618298 0.0
1.182 0.628028 0.0
1.17119 0.636624 0.0
1.16031 0.644088 0.0
1.14946 0.650435 0.0
1.13873 0.655689 0.0
1.12821 0.659886 0.0
1.11799 0.66307 0.0
1.10811 0.66529 0.0
1.09865 0.666602 0.0
1.08964 0.667064 0.0
1.08113 0.666737 0.0
1.07315 0.665685 0.0
1.06573 0.663971 0.0
1.05889 0.661659 0.0
1.05263 0.658815 0.0
1.04696 0.6555 0.0
1.0419 0.651778 0.0
1.03742 0.647709 0.0
1.03353 0.643353 0.0
1.03021 0.638767 0.0
1.02745 0.634007 0.0
1.02524 0.629124 0.0
1.02354 0.624168 0.0
1.02234 0.619188 0.0
1.02162 0.614226 0.0
1.02133 0.609325 0.0
1.02146 0.60452 0.0
1.02198 0.599846 0.0
1.02284 0.595333 0.0
1.02401 0.591008 0.0
1.02546 0.586893 0.0
1.02715 0.583006 0.0
1.02905 0.579362 0.0
1.03111 0.575972 0.0
1.03331 0.572843 0.0
1.03561 0.569979 0.0
1.03797 0.567379 0.0
1.04036 0.56504 0.0
1.04274 0.562956 0.0
1.0451 0.561117 0.0
1.0474 0.559511 0.0
1.0496 0.558125 0.0
1.0517 0.556943 0.0
1.05367 0.555947 0.0
1.05548 0.555118 0.0
1.05712 0.554438 0.0
1.05858 0.553887 0.0
1.05984 0.553444 0.0
1.06089 0.55309 0.0
1.06172 0.552806 0.0
1.06232 0.552573 0.0
1.0627 0.552374 0.0
1.06284 0.552195 0.0
1.06275 0.552021 0.0
1.06242 0.55184 0.0
1.06185 0.551644 0.0
1.06104 0.551426 0.0
1.06001 0.551184 0.0
1.05874 0.550919 0.0
1.05726 0.550637 0.0
1.05555 0.550347 0.0
1.05364 0.550064 0.0
1.05152 0.54981 0.0
1.04921 0.549611 0.0
1.04672 0.549496 0.0
1.04405 0.5495 0.0
1.04124 0.549658 0.0
1.03829 0.549999 0.0
1.03521 0.550547 0.0
1.03204 0.55131 0.0
1.02878 0.55227 0.0
1.02546 0.553382 0.0
1.02209 0.554556 0.0
1.01868 0.555659 0.0
1.01523 0.556503 0.0
1.01175 0.556849 0.0
1.00822 0.556412 0.0
1.00463 0.554867 0.0
1.00096 0.551868 0.0
0.99717 0.547064 0.0
0.993232 0.540123 0.0
0.989114 0.530748 0.0
0.98479 0.518701 0.0
0.980243 0.503811 0.0
0.975465 0.48599 0.0
0.970466 0.465233 0.0
0.965267 0.441616 0.0
0.959907 0.415296 0.0
0.954434 0.3865 0.0
0.948907 0.355519 0.0
0.943394 0.3227 0.0
0.937965 0.288433 0.0
0.93269 0.253145 0.0
0.927638 0.217288 0.0
0.922872 0.181329 0.0
0.918449 0.145737 0.0
0.914415 0.110975 0.0
0.910807 0.0774838 0.0
0.907651 0.0456723 0.0
0.904957 0.0159057 0.0
0.902727 -0.0115051 0.0
0.900944 -0.0363194 0.0
0.89958 -0.0583722 0.0
0.898598 -0.0775717 0.0
0.897949 -0.0938962 0.0
0.897584 -0.107388 0.0
0.897447 -0.118147 0.0
0.897488 -0.126317 0.0
0.897656 -0.13208 0.0
0.897908 -0.135641 0.0
0.898206 -0.137218 0.0
0.898519 -0.13703 0.0
0.898822 -0.135293 0.0
0.899099 -0.132207 0.0
0.899338 -0.127951 0.0
0.899533 -0.122686 0.0
0.89968 -0.116546 0.0
0.899782 -0.109643 0.0
0.89984 -0.102133 0.0
0.899855 -0.0947883 0.0
0.999956 0.00246988 0.0
0.999782 0.00743074 0.0
0.999431 0.0124049 0.0
0.998905 0.0173849 0.0
0.998201 0.022363 0.0
0.997316 0.0273318 0.0
0.996249 0.0322835 0.0
0.994995 0.0372102 0.0
0.993551 0.0421034 0.0
0.991912 0.0469544 0.0
0.990073 0.0517535 0.0
0.988028 0.0564903 0.0
0.98577 0.0611536 0.0
0.983291 0.0657306 0.0
0.980582 0.0702073 0.0
0.977635 0.0745678 0.0
0.974439 0.0787941 0.0
0.970983 0.0828657 0.0
0.967254 0.0867592 0.0
0.963239 0.0904474 0.0
0.958923 0.0938988 0.0
0.954292 0.0970769 0.0
0.949329 0.0999388 0.0
0.944018 0.102434 0.0
0.93834 0.104504 0.0
0.932282 0.106079 0.0
0.925826 0.107075 0.0
0.918961 0.107393 0.0
0.911679 0.106917 0.0
0.90398 0.105503 0.0
0.895877 0.102985 0.0
0.8874 0.0991604 0.0
0.878606 0.0937866 0.0
0.869594 0.0865756 0.0
0.860519 0.0771857 0.0
0.85162 0.0652157 0.0
0.843256 0.0502026 0.0
0.835952 0.0316273 0.0
0.830462 0.00894105 0.0
0.827839 -0.0183089 0.0
0.829494 -0.0504458 0.0
0.83726 -0.0875835 0.0
0.853479 -0.129351 0.0
0.880982 -0.174473 0.0
0.922833 -0.219912 0.0
0.981342 -0.259182 0.0
1.05557 -0.27999 0.0
1.13551 -0.262487 0.0
1.19525 -0.191019 0.0
1.22345 -0.11381 0.0
1.23388 -0.0459939 0.0
1.23683 0.0133807 0.0
1.23474 0.067758 0.0
1.22931 0.113354 0.0
1.22383 0.151093 0.0
1.2201 0.182999 0.0
1.21859 0.210764 0.0
1.21916 0.235598 0.0
1.22144 0.258345 0.0
1.22503 0.279606 0.0
1.22953 0.29983 0.0
1.2346 0.319365 0.0
1.2399 0.338484 0.0
1.24516 0.357399 0.0
1.2501 0.376263 0.0
1.25449 0.395175 0.0
1.25809 0.414177 0.0
1.26073 0.433261 0.0
1.26223 0.452375 0.0
1.26248 0.471426 0.0
1.26141 0.490295 0.0
1.25896 0.508841 0.0
1.25515 0.526914 0.0
1.25002 0.544363 0.0
1.24364 0.561045 0.0
1.23613 0.576828 0.0
1.2276 0.591599 0.0
1.2182 0.605265 0.0
1.20808 0.617756 0.0
1.19739 0.629022 0.0
1.1863 0.639037 0.0
1.17493 0.647791 0.0
1.16344 0.655294 0.0
1.15196 0.661568 0.0
1.14059 0.666651 0.0
1.12944 0.670589 0.0
1.1186 0.673435 0.0
1.10814 0.675252 0.0
1.09815 0.676104 0.0
1.08866 0.676058 0.0
1.07972 0.675187 0.0
1.07137 0.67356 0.0
1.06364 0.67125 0.0
1.05653 0.668328 0.0
1.05008 0.664863 0.0
1.04427 0.660925 0.0
1.03911 0.656581 0.0
1.0346 0.651896 0.0
1.03072 0.646935 0.0
1.02746 0.641758 0.0
1.02481 0.636424 0.0
1.02275 0.630988 0.0
1.02124 0.625504 0.0
1.02027 0.620021 0.0
1.0198 0.614586 0.0
1.01981 0.609242 0.0
1.02025 0.604027 0.0
1.0211 0.598978 0.0
1.02232 0.594126 0.0
1.02386 0.589498 0.0
1.0257 0.585117 0.0
1.02779 0.581004 0.0
1.03008 0.577171 0.0
1.03255 0.57363 0.0
1.03515 0.570388 0.0
1.03784 0.567447 0.0
1.04058 0.564806 0.0
1.04335 0.562459 0.0
1.0461 0.5604 0.0
1.0488 0.558616 0.0
1.05142 0.557093 0.0
1.05394 0.555817 0.0
1.05632 0.554767 0.0
1.05856 0.553925 0.0
1.06061 0.55327 0.0
1.06248 0.55278 0.0
1.06413 0.552432 0.0
1.06557 0.552204 0.0
1.06677 0.552075 0.0
1.06774 0.552023 0.0
1.06846 0.552027 0.0
1.06894 0.55207 0.0
1.06916 0.552134 0.0
1.06913 0.552203 0.0
1.06886 0.552265 0.0
1.06833 0.55231 0.0
1.06757 0.55233 0.0
1.06656 0.552321 0.0
1.06533 0.552283 0.0
1.06386 0.552221 0.0
1.06219 0.552144 0.0
1.0603 0.552066 0.0
1.05822 0.552006 0.0
1.05596 0.551989 0.0
1.05353 0.552043 0.0
1.05094 0.552201 0.0
1.04822 0.552496 0.0
1.04537 0.552956 0.0
1.04243 0.553604 0.0
1.03941 0.554447 0.0
1.03633 0.555468 0.0
1.03322 0.556622 0.0
1.03008 0.557826 0.0
1.02694 0.558947 0.0
1.02379 0.559808 0.0
1.02064 0.560175 0.0
1.01748 0.559772 0.0
1.01429 0.558283 0.0
1.01105 0.555367 0.0
1.00772 0.55068 0.0
1.00428 0.543888 0.0
1.00069 0.534695 0.0
0.996911 0.522854 0.0
0.99293 0.508186 0.0
0.988733 0.49059 0.0
0.98432 0.470046 0.0
0.979705 0.446616 0.0
0.974917 0.420444 0.0
0.969996 0.391746 0.0
0.964992 0.360803 0.0
0.959962 0.327958 0.0
0.95497 0.293597 0.0
0.950079 0.258148 0.0
0.945351 0.222066 0.0
0.940844 0.185823 0.0
0.936613 0.149897 0.0
0.932703 0.114759 0.0
0.92915 0.0808603 0.0
0.925981 0.0486214 0.0
0.923211 0.0184198 0.0
0.920843 -0.00942091 0.0
0.918869 -0.0346461 0.0
0.917265 -0.0570788 0.0
0.916001 -0.0766181 0.0
0.915036 -0.093236 0.0
0.914325 -0.106972 0.0
0.913821 -0.117923 0.0
0.913479 -0.126239 0.0
0.913256 -0.132104 0.0
0.913115 -0.135728 0.0
0.913025 -0.137338 0.0
0.91296 -0.137159 0.0
0.912904 -0.135412 0.0
0.912844 -0.132305 0.0
0.912776 -0.128024 0.0
0.912698 -0.122731 0.0
0.912613 -0.116564 0.0
0.912529 -0.109642 0.0
0.912451 -0.102115 0.0
0.912383 -0.0947529 0.0
0.999955 0.00255855 0.0
0.999775 0.00769703 0.0
0.999414 0.0128497 0.0
0.998871 0.0180095 0.0
0.998144 0.0231696 0.0
0.997231 0.0283229 0.0
0.996128 0.0334625 0.0
0.994832 0.038581 0.0
0.993338 0.0436707 0.0
0.99164 0.0487236 0.0
0.989733 0.0537307 0.0
0.987608 0.0586827 0.0
0.985259 0.0635689 0.0
0.982676 0.0683777 0.0
0.979848 0.0730961 0.0
0.976765 0.0777094 0.0
0.973413 0.0822006 0.0
0.969778 0.0865505 0.0
0.965844 0.090737 0.0
0.961594 0.0947343 0.0
0.957009 0.0985124 0.0
0.952068 0.102036 0.0
0.946746 0.105264 0.0
0.94102 0.108147 0.0
0.934861 0.110627 0.0
0.928242 0.112634 0.0
0.921132 0.114085 0.0
0.9135 0.11488 0.0
0.905316 0.114896 0.0
0.896553 0.113986 0.0
0.887189 0.11197 0.0
0.877214 0.108628 0.0
0.866637 0.10369 0.0
0.855496 0.0968253 0.0
0.843878 0.0876287 0.0
0.831945 0.0756043 0.0
0.819972 0.0601513 0.0
0.808405 0.0405507 0.0
0.797941 0.0159709 0.0
0.789649 -0.0144237 0.0
0.785041 -0.0513776 0.0
0.786185 -0.0955622 0.0
0.795826 -0.147231 0.0
0.817377 -0.205647 0.0
0.854468 -0.267681 0.0
0.909621 -0.325074 0.0
0.98227 -0.360975 0.0
1.06184 -0.341017 0.0
1.09965 -0.210038 0.0
1.08598 -0.109311 0.0
1.06574 -0.0406925 0.0
1.05493 0.0159491 0.0
1.04672 0.0754839 0.0
1.03878 0.119008 0.0
1.03742 0.152273 0.0
1.04304 0.179931 0.0
1.05401 0.204371 0.0
1.06859 0.226842 0.0
1.08537 0.248037 0.0
1.10331 0.268381 0.0
1.12168 0.288186 0.0
1.13992 0.307704 0.0
1.15762 0.327145 0.0
1.17442 0.34668 0.0
1.19002 0.366433 0.0
1.20417 0.386472 0.0
1.21663 0.406814 0.0
1.22721 0.427414 0.0
1.23574 0.44818 0.0
1.24214 0.468974 0.0
1.24634 0.489628 0.0
1.24834 0.509954 0.0
1.24819 0.529755 0.0
1.24601 0.548839 0.0
1.24193 0.567028 0.0
1.23612 0.584164 0.0
1.2288 0.600114 0.0
1.22018 0.614774 0.0
1.21047 0.628069 0.0
1.19991 0.639953 0.0
1.18871 0.650405 0.0
1.17707 0.659427 0.0
1.16518 0.66704 0.0
1.1532 0.673285 0.0
1.1413 0.678213 0.0
1.12959 0.681886 0.0
1.11819 0.684374 0.0
1.1072 0.685753 0.0
1.0967 0.686102 0.0
1.08675 0.6855 0.0
1.0774 0.68403 0.0
1.0687 0.681772 0.0
1.06066 0.678808 0.0
1.05332 0.675216 0.0
1.04668 0.671073 0.0
1.04074 0.666455 0.0
1.03552 0.661435 0.0
1.03099 0.656083 0.0
1.02715 0.650466 0.0
1.02398 0.64465 0.0
1.02146 0.638698 0.0
1.01958 0.632668 0.0
1.01829 0.626616 0.0
1.01758 0.620595 0.0
1.0174 0.614654 0.0
1.01773 0.608838 0.0
1.01853 0.603189 0.0
1.01975 0.597743 0.0
1.02136 0.592533 0.0
1.02332 0.587588 0.0
1.02558 0.582933 0.0
1.02809 0.578585 0.0
1.03083 0.574561 0.0
1.03373 0.57087 0.0
1.03676 0.567519 0.0
1.03988 0.564508 0.0
1.04304 0.561836 0.0
1.04621 0.559495 0.0
1.04935 0.557476 0.0
1.05243 0.555765 0.0
1.0554 0.554346 0.0
1.05825 0.5532 0.0
1.06094 0.552306 0.0
1.06345 0.551642 0.0
1.06577 0.551183 0.0
1.06787 0.550906 0.0
1.06973 0.550785 0.0
1.07135 0.550795 0.0
1.07271 0.550913 0.0
1.07382 0.551114 0.0
1.07466 0.551376 0.0
1.07523 0.551678 0.0
1.07553 0.552 0.0
1.07557 0.552327 0.0
1.07534 0.552644 0.0
1.07486 0.552939 0.0
1.07412 0.553203 0.0
1.07314 0.553432 0.0
1.07192 0.553624 0.0
1.07048 0.553783 0.0
1.06882 0.553917 0.0
1.06696 0.554038 0.0
1.06491 0.554164 0.0
1.06269 0.554319 0.0
1.0603 0.55453 0.0
1.05778 0.554827 0.0
1.05513 0.555241 0.0
1.05239 0.555801 0.0
1.04956 0.556527 0.0
1.04668 0.557425 0.0
1.04377 0.55848 0.0
1.04084 0.55965 0.0
1.03793 0.560853 0.0
1.03503 0.561963 0.0
1.03216 0.562807 0.0
1.02932 0.563163 0.0
1.02651 0.56276 0.0
1.0237 0.561292 0.0
1.02087 0.558426 0.0
1.018 0.553822 0.0
1.01504 0.547149 0.0
1.01195 0.538109 0.0
1.00872 0.526451 0.0
1.0053 0.511986 0.0
1.00169 0.494603 0.0
0.997866 0.474268 0.0
0.993845 0.45103 0.0
0.989643 0.42502 0.0
0.985291 0.396443 0.0
0.98083 0.365571 0.0
0.976308 0.33274 0.0
0.97178 0.298334 0.0
0.967301 0.26278 0.0
0.962927 0.226535 0.0
0.958712 0.190075 0.0
0.954705 0.153883 0.0
0.950949 0.118439 0.0
0.947481 0.0842016 0.0
0.944328 0.0516028 0.0
0.941506 0.0210303 0.0
0.939023 -0.00718082 0.0
0.936874 -0.0327633 0.0
0.935045 -0.0555287 0.0
0.933508 -0.0753671 0.0
0.932231 -0.0922443 0.0
0.931175 -0.106196 0.0
0.930302 -0.117321 0.0
0.929572 -0.125769 0.0
0.928951 -0.13173 0.0
0.928409 -0.135419 0.0
0.927921 -0.137068 0.0
0.92747 -0.136912 0.0
0.927045 -0.135177 0.0
0.926641 -0.132077 0.0
0.926259 -0.127802 0.0
0.925903 -0.12252 0.0
0.925583 -0.116371 0.0
0.92531 -0.109476 0.0
0.925094 -0.101987 0.0
0.92494 -0.0946592 0.0
0.999954 0.00264976 0.0
0.999769 0.00797094 0.0
0.999398 0.0133073 0.0
0.998841 0.0186524 0.0
0.998094 0.024 0.0
0.997156 0.029344 0.0
0.996022 0.0346779 0.0
0.994689 0.0399953 0.0
0.99315 0.0452892 0.0
0.991401 0.0505524 0.0
0.989433 0.0557771 0.0
0.987239 0.0609547 0.0
0.984809 0.0660759 0.0
0.982133 0.0711301 0.0
0.979199 0.0761056 0.0
0.975993 0.0809891 0.0
0.9725 0.0857654 0.0
0.968704 0.0904169 0.0
0.964585 0.0949234 0.0
0.960121 0.0992612 0.0
0.955289 0.103403 0.0
0.950062 0.107315 0.0
0.94441 0.110959 0.0
0.938298 0.11429 0.0
0.931689 0.117251 0.0
0.924542 0.119776 0.0
0.916811 0.121785 0.0
0.908445 0.123179 0.0
0.899389 0.123837 0.0
0.889585 0.123612 0.0
0.878974 0.122319 0.0
0.867497 0.119731 0.0
0.855101 0.11556 0.0
0.841749 0.109448 0.0
0.827433 0.10094 0.0
0.812198 0.0894613 0.0
0.79618 0.074286 0.0
0.779664 0.0544996 0.0
0.763179 0.0289695 0.0
0.747663 -0.0036131 0.0
0.73459 -0.0445075 0.0
0.72607 -0.0950566 0.0
0.724944 -0.156252 0.0
0.73447 -0.227704 0.0
0.756687 -0.304932 0.0
0.788827 -0.375116 0.0
0.822441 -0.417196 0.0
0.844603 -0.38653 0.0
0.797035 -0.154766 0.0
0.702862 -0.0567375 0.0
0.648723 -0.0188933 0.0
0.642723 0.010966 0.0
0.648658 0.0827422 0.0
0.656514 0.111836 0.0
0.683642 0.133676 0.0
0.721857 0.154691 0.0
0.764906 0.17559 0.0
0.809487 0.196465 0.0
0.853841 0.21728 0.0
0.897033 0.237999 0.0
0.938553 0.258678 0.0
0.978086 0.279433 0.0
1.0154 0.300404 0.0
1.0503 0.321728 0.0
1.08256 0.343511 0.0
1.112 0.365808 0.0
1.13841 0.38861 0.0
1.16161 0.41184 0.0
1.18147 0.435358 0.0
1.1979 0.458974 0.0
1.21087 0.482457 0.0
1.22044 0.505559 0.0
1.22671 0.528022 0.0
1.22986 0.549604 0.0
1.23013 0.57008 0.0
1.22778 0.58926 0.0
1.22313 0.606991 0.0
1.21649 0.623157 0.0
1.2082 0.637684 0.0
1.19856 0.650531 0.0
1.1879 0.661693 0.0
1.17649 0.67119 0.0
1.16459 0.679067 0.0
1.15244 0.685387 0.0
1.14023 0.690224 0.0
1.12815 0.693665 0.0
1.11634 0.695802 0.0
1.10492 0.69673 0.0
1.094 0.696547 0.0
1.08366 0.695349 0.0
1.07396 0.693233 0.0
1.06494 0.690293 0.0
1.05664 0.686619 0.0
1.04909 0.6823 0.0
1.0423 0.677423 0.0
1.03627 0.672068 0.0
1.031 0.666316 0.0
1.02649 0.660242 0.0
1.02272 0.653918 0.0
1.01967 0.647415 0.0
1.01732 0.640798 0.0
1.01565 0.63413 0.0
1.01462 0.627471 0.0
1.0142 0.620875 0.0
1.01435 0.614395 0.0
1.01504 0.608077 0.0
1.01623 0.601967 0.0
1.01787 0.596101 0.0
1.01992 0.590516 0.0
1.02233 0.58524 0.0
1.02505 0.580299 0.0
1.02804 0.575712 0.0
1.03125 0.571494 0.0
1.03463 0.567654 0.0
1.03813 0.564199 0.0
1.04171 0.561128 0.0
1.04533 0.558437 0.0
1.04893 0.556118 0.0
1.05249 0.554157 0.0
1.05596 0.55254 0.0
1.05931 0.551246 0.0
1.06251 0.550255 0.0
1.06552 0.549542 0.0
1.06833 0.549081 0.0
1.07092 0.548846 0.0
1.07325 0.548808 0.0
1.07533 0.54894 0.0
1.07714 0.549214 0.0
1.07867 0.549602 0.0
1.07991 0.550079 0.0
1.08086 0.550619 0.0
1.08153 0.551199 0.0
1.08191 0.551798 0.0
1.082 0.552398 0.0
1.08182 0.552982 0.0
1.08137 0.553538 0.0
1.08065 0.554054 0.0
1.07969 0.554526 0.0
1.07848 0.554951 0.0
1.07705 0.555331 0.0
1.0754 0.555673 0.0
1.07355 0.555989 0.0
1.07152 0.556294 0.0
1.06933 0.556611 0.0
1.06698 0.556966 0.0
1.06451 0.557388 0.0
1.06193 0.557905 0.0
1.05926 0.558546 0.0
1.05654 0.559328 0.0
1.05379 0.560259 0.0
1.05102 0.561325 0.0
1.04827 0.562483 0.0
1.04555 0.563657 0.0
1.04288 0.564725 0.0
1.04027 0.565522 0.0
1.03772 0.565833 0.0
1.03523 0.565396 0.0
1.03278 0.563914 0.0
1.03035 0.561063 0.0
1.0279 0.556507 0.0
1.02541 0.54992 0.0
1.02283 0.541002 0.0
1.02012 0.529499 0.0
1.01726 0.515215 0.0
1.01422 0.498029 0.0
1.01099 0.477895 0.0
1.00757 0.45485 0.0
1.00396 0.429011 0.0
1.00019 0.400574 0.0
0.996286 0.369803 0.0
0.992292 0.337024 0.0
0.988251 0.30262 0.0
0.98421 0.267015 0.0
0.980218 0.230666 0.0
0.976324 0.194053 0.0
0.972572 0.157664 0.0
0.969004 0.121982 0.0
0.965652 0.0874776 0.0
0.962544 0.054588 0.0
0.9597 0.0237115 0.0
0.957128 -0.00480712 0.0
0.954828 -0.0306893 0.0
0.952791 -0.0537359 0.0
0.950997 -0.0738284 0.0
0.949418 -0.0909269 0.0
0.948024 -0.105065 0.0
0.946784 -0.11634 0.0
0.945667 -0.124904 0.0
0.944645 -0.130952 0.0
0.943697 -0.134706 0.0
0.942807 -0.136403 0.0
0.941964 -0.136284 0.0
0.941165 -0.134582 0.0
0.940413 -0.131515 0.0
0.939713 -0.127281 0.0
0.939077 -0.122049 0.0
0.938518 -0.115964 0.0
0.938053 -0.109145 0.0
0.937697 -0.101747 0.0
0.937457 -0.0945052 0.0
0.999953 0.00274312 0.0
0.999764 0.00825136 0.0
0.999385 0.0137758 0.0
0.998816 0.0193108 0.0
0.998053 0.024851 0.0
0.997094 0.0303908 0.0
0.995934 0.0359247 0.0
0.994569 0.041447 0.0
0.992993 0.0469519 0.0
0.991199 0.0524331 0.0
0.98918 0.0578837 0.0
0.986926 0.0632964 0.0
0.984427 0.0686631 0.0
0.981671 0.0739748 0.0
0.978644 0.0792213 0.0
0.975333 0.084391 0.0
0.971718 0.0894707 0.0
0.967781 0.094445 0.0
0.963499 0.0992962 0.0
0.958848 0.104003 0.0
0.953798 0.108542 0.0
0.948317 0.112883 0.0
0.942369 0.116992 0.0
0.935912 0.120827 0.0
0.928897 0.124338 0.0
0.921271 0.127463 0.0
0.912971 0.130129 0.0
0.903929 0.132244 0.0
0.894062 0.133694 0.0
0.883282 0.134338 0.0
0.871486 0.133999 0.0
0.858564 0.132451 0.0
0.844392 0.129408 0.0
0.828843 0.124501 0.0
0.811791 0.117254 0.0
0.793128 0.107044 0.0
0.772794 0.093056 0.0
0.750823 0.0742158 0.0
0.727445 0.0491165 0.0
0.703237 0.0159635 0.0
0.679421 -0.0271946 0.0
0.657958 -0.0823874 0.0
0.641476 -0.151312 0.0
0.63231 -0.233003 0.0
0.627704 -0.317244 0.0
0.608078 -0.37532 0.0
0.524839 -0.367367 0.0
0.22958 -0.196421 0.0
0 -0.0504425 0.0
0 -0.00822295 0.0
0 -0.00252256 0.0
0 0.00155886 0.0
0.0495643 0.0423277 0.0
0.150893 0.0503025 0.0
0.249212 0.0697635 0.0
0.3378 0.091801 0.0
0.419048 0.114183 0.0
0.495317 0.137022 0.0
0.567539 0.160147 0.0
0.636159 0.183321 0.0
0.701432 0.206565 0.0
0.763439 0.230006 0.0
0.82215 0.253804 0.0
0.877446 0.278138 0.0
0.929131 0.303148 0.0
0.976958 0.328907 0.0
1.02066 0.355402 0.0
1.05998 0.382529 0.0
1.09469 0.410098 0.0
1.12464 0.43785 0.0
1.14977 0.465475 0.0
1.17011 0.492639 0.0
1.18578 0.519004 0.0
1.197 0.54425 0.0
1.20407 0.568095 0.0
1.20736 0.590301 0.0
1.20728 0.610684 0.0
1.20427 0.629115 0.0
1.19877 0.645519 0.0
1.19123 0.659869 0.0
1.18206 0.672181 0.0
1.17168 0.682503 0.0
1.16041 0.690913 0.0
1.1486 0.697507 0.0
1.13651 0.702396 0.0
1.12439 0.7057 0.0
1.11243 0.707541 0.0
1.10079 0.708043 0.0
1.08962 0.707328 0.0
1.07901 0.705517 0.0
1.06906 0.702724 0.0
1.05982 0.69906 0.0
1.05134 0.69463 0.0
1.04364 0.689534 0.0
1.03676 0.683868 0.0
1.03069 0.677723 0.0
1.02543 0.671185 0.0
1.02098 0.664336 0.0
1.01732 0.657255 0.0
1.01443 0.650015 0.0
1.01229 0.642687 0.0
1.01087 0.635337 0.0
1.01013 0.628029 0.0
1.01005 0.62082 0.0
1.01058 0.613766 0.0
1.01168 0.606917 0.0
1.0133 0.600318 0.0
1.0154 0.594011 0.0
1.01792 0.588032 0.0
1.02083 0.582411 0.0
1.02406 0.577174 0.0
1.02756 0.572342 0.0
1.03129 0.567929 0.0
1.03518 0.563945 0.0
1.0392 0.560393 0.0
1.04328 0.557273 0.0
1.04737 0.554578 0.0
1.05145 0.552298 0.0
1.05545 0.550417 0.0
1.05934 0.548917 0.0
1.06309 0.547774 0.0
1.06665 0.546965 0.0
1.07001 0.54646 0.0
1.07313 0.546232 0.0
1.07599 0.546249 0.0
1.07858 0.546479 0.0
1.08088 0.546892 0.0
1.08288 0.547457 0.0
1.08457 0.548142 0.0
1.08595 0.548918 0.0
1.08701 0.549759 0.0
1.08777 0.550638 0.0
1.08822 0.551533 0.0
1.08836 0.552421 0.0
1.08822 0.553286 0.0
1.08779 0.554114 0.0
1.08709 0.554891 0.0
1.08613 0.555613 0.0
1.08493 0.556274 0.0
1.0835 0.556875 0.0
1.08185 0.557424 0.0
1.08001 0.557929 0.0
1.07799 0.558406 0.0
1.0758 0.558877 0.0
1.07349 0.559365 0.0
1.07105 0.559897 0.0
1.06853 0.560502 0.0
1.06593 0.561205 0.0
1.0633 0.562024 0.0
1.06065 0.562966 0.0
1.05802 0.564018 0.0
1.05542 0.56514 0.0
1.05288 0.566257 0.0
1.05042 0.567255 0.0
1.04805 0.567974 0.0
1.04577 0.568207 0.0
1.04358 0.567703 0.0
1.04147 0.566172 0.0
1.03941 0.563299 0.0
1.03737 0.558755 0.0
1.03532 0.552218 0.0
1.03322 0.543388 0.0
1.03102 0.53201 0.0
1.02871 0.517882 0.0
1.02623 0.500873 0.0
1.02359 0.480927 0.0
1.02076 0.458071 0.0
1.01775 0.43241 0.0
1.01456 0.404128 0.0
1.01123 0.373482 0.0
1.00778 0.34079 0.0
1.00424 0.306431 0.0
1.00066 0.270825 0.0
0.997081 0.234431 0.0
0.993537 0.197727 0.0
0.990072 0.161207 0.0
0.986722 0.125358 0.0
0.98352 0.0906557 0.0
0.980491 0.0575458 0.0
0.977656 0.026434 0.0
0.975025 -0.00232645 0.0
0.972601 -0.0284472 0.0
0.97038 -0.0517194 0.0
0.968347 -0.0720169 0.0
0.966482 -0.0892945 0.0
0.964761 -0.103583 0.0
0.963162 -0.114982 0.0
0.961662 -0.123645 0.0
0.960242 -0.12977 0.0
0.958888 -0.133587 0.0
0.957594 -0.135338 0.0
0.956358 -0.13527 0.0
0.955183 -0.133622 0.0
0.95408 -0.130619 0.0
0.953061 -0.126459 0.0
0.952143 -0.121317 0.0
0.951346 -0.115339 0.0
0.950689 -0.108648 0.0
0.950192 -0.101392 0.0
0.949863 -0.0942895 0.0
0.999952 0.00283824 0.0
0.99976 0.0085371 0.0
0.999375 0.0142533 0.0
0.998796 0.0199821 0.0
0.99802 0.0257187 0.0
0.997044 0.0314587 0.0
0.995863 0.0371973 0.0
0.994473 0.0429298 0.0
0.992867 0.0486513 0.0
0.991037 0.0543567 0.0
0.988976 0.0600404 0.0
0.986674 0.0656962 0.0
0.984118 0.0713177 0.0
0.981297 0.0768973 0.0
0.978195 0.0824267 0.0
0.974796 0.0878964 0.0
0.97108 0.0932955 0.0
0.967026 0.0986113 0.0
0.962609 0.103829 0.0
0.9578 0.108931 0.0
0.952566 0.113898 0.0
0.946871 0.118703 0.0
0.940671 0.123319 0.0
0.933918 0.12771 0.0
0.926554 0.131833 0.0
0.918513 0.135635 0.0
0.909719 0.139051 0.0
0.900083 0.142002 0.0
0.889499 0.144386 0.0
0.877848 0.146078 0.0
0.864985 0.146917 0.0
0.850744 0.146696 0.0
0.83493 0.145148 0.0
0.817318 0.141922 0.0
0.797648 0.136554 0.0
0.775634 0.128422 0.0
0.750966 0.116682 0.0
0.723346 0.10018 0.0
0.69255 0.0773263 0.0
0.658572 0.0459394 0.0
0.621974 0.00324346 0.0
0.584284 -0.0536723 0.0
0.547879 -0.127141 0.0
0.514351 -0.21448 0.0
0.475764 -0.292573 0.0
0.391589 -0.29619 0.0
0.16501 -0.150844 0.0
0 0 0.0
0 0 0.0
0 0 0.0
0 0 0.0
0 0 0.0
0 0 0.0
0.00156081 -0.00073108 0.0
0.0268442 -0.000513167 0.0
0.083015 0.0173187 0.0
0.152398 0.038034 0.0
0.227852 0.0614477 0.0
0.305173 0.0861789 0.0
0.382589 0.111253 0.0
0.459265 0.136685 0.0
0.534551 0.162592 0.0
0.607925 0.189132 0.0
0.67889 0.216548 0.0
0.746907 0.245036 0.0
0.811402 0.274697 0.0
0.871795 0.30552 0.0
0.927527 0.337364 0.0
0.978108 0.369971 0.0
1.02314 0.402987 0.0
1.06236 0.435986 0.0
1.09564 0.468511 0.0
1.12301 0.500101 0.0
1.14461 0.530325 0.0
1.16076 0.558805 0.0
1.17183 0.585227 0.0
1.17832 0.609356 0.0
1.18074 0.631036 0.0
1.17965 0.650183 0.0
1.17562 0.66678 0.0
1.16918 0.680868 0.0
1.16086 0.692531 0.0
1.15111 0.701889 0.0
1.14037 0.709084 0.0
1.12901 0.714273 0.0
1.11734 0.71762 0.0
1.10563 0.719291 0.0
1.09411 0.719449 0.0
1.08295 0.71825 0.0
1.07231 0.715844 0.0
1.06229 0.712372 0.0
1.05298 0.707966 0.0
1.04443 0.702749 0.0
1.0367 0.696839 0.0
1.02981 0.690341 0.0
1.02377 0.683359 0.0
1.0186 0.675987 0.0
1.01427 0.668314 0.0
1.01078 0.660426 0.0
1.00811 0.652402 0.0
1.00623 0.644317 0.0
1.00511 0.636242 0.0
1.00473 0.628244 0.0
1.00503 0.620385 0.0
1.00598 0.612724 0.0
1.00753 0.605312 0.0
1.00963 0.598199 0.0
1.01224 0.591427 0.0
1.01529 0.585036 0.0
1.01873 0.579056 0.0
1.02252 0.573516 0.0
1.02658 0.568434 0.0
1.03086 0.563827 0.0
1.03531 0.559703 0.0
1.03987 0.556065 0.0
1.04448 0.552909 0.0
1.0491 0.550228 0.0
1.05367 0.548008 0.0
1.05814 0.54623 0.0
1.06248 0.544873 0.0
1.06664 0.54391 0.0
1.07059 0.543312 0.0
1.0743 0.543048 0.0
1.07775 0.543083 0.0
1.0809 0.543383 0.0
1.08374 0.543914 0.0
1.08626 0.544638 0.0
1.08845 0.545522 0.0
1.09031 0.546532 0.0
1.09182 0.547635 0.0
1.093 0.5488 0.0
1.09384 0.55 0.0
1.09435 0.551209 0.0
1.09455 0.552403 0.0
1.09443 0.553564 0.0
1.09402 0.554674 0.0
1.09333 0.555722 0.0
1.09237 0.556698 0.0
1.09116 0.557599 0.0
1.08972 0.558423 0.0
1.08807 0.559176 0.0
1.08622 0.559867 0.0
1.0842 0.560511 0.0
1.08203 0.561126 0.0
1.07973 0.561735 0.0
1.07733 0.562365 0.0
1.07484 0.563042 0.0
1.07231 0.56379 0.0
1.06975 0.564628 0.0
1.0672 0.565561 0.0
1.06468 0.566577 0.0
1.06222 0.567638 0.0
1.05985 0.568673 0.0
1.05758 0.569572 0.0
1.05542 0.570184 0.0
1.05339 0.570308 0.0
1.05148 0.569703 0.0
1.04967 0.568088 0.0
1.04796 0.565157 0.0
1.04631 0.560588 0.0
1.04468 0.554064 0.0
1.04304 0.545288 0.0
1.04134 0.534002 0.0
1.03954 0.520001 0.0
1.03763 0.503146 0.0
1.03555 0.483373 0.0
1.03331 0.460697 0.0
1.03089 0.435215 0.0
1.0283 0.407099 0.0
1.02555 0.376598 0.0
1.02265 0.344023 0.0
1.01964 0.309747 0.0
1.01654 0.274188 0.0
1.01339 0.237802 0.0
1.01022 0.201068 0.0
1.00707 0.164481 0.0
1.00397 0.128533 0.0
1.00095 0.0937024 0.0
0.998036 0.0604426 0.0
0.995244 0.0291654 0.0
0.992586 0.000231096 0.0
0.990069 -0.0260641 0.0
0.98769 -0.0495027 0.0
0.985442 -0.0699519 0.0
0.98331 -0.0873625 0.0
0.981278 -0.101764 0.0
0.979332 -0.113255 0.0
0.977456 -0.121995 0.0
0.975643 -0.128186 0.0
0.973888 -0.132062 0.0
0.972193 -0.133873 0.0
0.970565 -0.13387 0.0
0.969016 -0.132299 0.0
0.967563 -0.129386 0.0
0.966227 -0.125336 0.0
0.965029 -0.120324 0.0
0.963993 -0.114499 0.0
0.963145 -0.107983 0.0
0.962508 -0.100923 0.0
0.962091 -0.0940113 0.0
0.999951 0.00293469 0.0
0.999757 0.00882687 0.0
0.999368 0.0147377 0.0
0.998782 0.0206631 0.0
0.997996 0.0265994 0.0
0.997008 0.0325428 0.0
0.995812 0.0384898 0.0
0.994403 0.0444365 0.0
0.992774 0.0503792 0.0
0.990919 0.0563139 0.0
0.988827 0.0622363 0.0
0.986488 0.0681418 0.0
0.98389 0.0740254 0.0
0.981019 0.0798815 0.0
0.97786 0.0857037 0.0
0.974393 0.0914848 0.0
0.9706 0.0972165 0.0
0.966455 0.102889 0.0
0.961932 0.108492 0.0
0.956999 0.114011 0.0
0.951621 0.11943 0.0
0.945756 0.124731 0.0
0.939357 0.129891 0.0
0.932367 0.134882 0.0
0.924722 0.13967 0.0
0.916346 0.144214 0.0
0.90715 0.148462 0.0
0.897028 0.15235 0.0
0.885854 0.155796 0.0
0.873477 0.158697 0.0
0.859719 0.16092 0.0
0.844361 0.162293 0.0
0.827138 0.162588 0.0
0.80773 0.161503 0.0
0.785745 0.158629 0.0
0.760703 0.153404 0.0
0.732026 0.145045 0.0
0.699022 0.132441 0.0
0.660895 0.113988 0.0
0.61681 0.0873415 0.0
0.566117 0.0491321 0.0
0.50911 -0.00486384 0.0
0.447532 -0.0779657 0.0
0.382776 -0.165371 0.0
0.302144 -0.222462 0.0
0.127319 -0.11731 0.0
0 0 0.0
0 0 0.0
0 0 0.0
0 0 0.0
0 0 0.0
0 0 0.0
0 0 0.0
0 0 0.0
-0.0106343 -0.0121179 0.0
-0.0142092 -0.0221889 0.0
0.0136172 -0.0196678 0.0
0.0619599 -0.00464662 0.0
0.121503 0.0154086 0.0
0.188279 0.0378313 0.0
0.259649 0.06206 0.0
0.333856 0.0877239 0.0
0.409745 0.114739 0.0
0.4863 0.143422 0.0
0.562455 0.17399 0.0
0.637144 0.206559 0.0
0.709301 0.241108 0.0
0.777899 0.277444 0.0
0.841996 0.315213 0.0
0.90078 0.353926 0.0
0.953607 0.392998 0.0
1.00003 0.431792 0.0
1.03982 0.469672 0.0
1.07293 0.506036 0.0
1.09952 0.540358 0.0
1.11991 0.572205 0.0
1.13456 0.60125 0.0
1.14401 0.627276 0.0
1.14886 0.650172 0.0
1.14977 0.669916 0.0
1.14737 0.686567 0.0
1.14228 0.700244 0.0
1.13509 0.711113 0.0
1.12632 0.719368 0.0
1.11645 0.725224 0.0
1.10589 0.728901 0.0
1.09498 0.730619 0.0
1.08404 0.73059 0.0
1.07328 0.729016 0.0
1.06292 0.726086 0.0
1.0531 0.721974 0.0
1.04393 0.716841 0.0
1.03551 0.710836 0.0
1.0279 0.704093 0.0
1.02114 0.696738 0.0
1.01526 0.688885 0.0
1.01025 0.680641 0.0
1.00614 0.672104 0.0
1.0029 0.663367 0.0
1.00051 0.654516 0.0
0.998964 0.645632 0.0
0.998216 0.636791 0.0
0.998233 0.628065 0.0
0.998977 0.619519 0.0
1.0004 0.611216 0.0
1.00246 0.603213 0.0
1.00509 0.595559 0.0
1.00825 0.588302 0.0
1.01188 0.581482 0.0
1.01591 0.575131 0.0
1.02029 0.569279 0.0
1.02495 0.563947 0.0
1.02984 0.559148 0.0
1.03488 0.554892 0.0
1.04002 0.551178 0.0
1.0452 0.548004 0.0
1.05036 0.545357 0.0
1.05545 0.54322 0.0
1.06042 0.541573 0.0
1.06522 0.540389 0.0
1.06981 0.539637 0.0
1.07417 0.539283 0.0
1.07824 0.539292 0.0
1.08201 0.539625 0.0
1.08546 0.540243 0.0
1.08856 0.541107 0.0
1.09131 0.542175 0.0
1.0937 0.54341 0.0
1.09571 0.544773 0.0
1.09736 0.546229 0.0
1.09865 0.547745 0.0
1.09957 0.549288 0.0
1.10015 0.55083 0.0
1.10039 0.552348 0.0
1.10031 0.553818 0.0
1.09991 0.555224 0.0
1.09922 0.556551 0.0
1.09826 0.557789 0.0
1.09705 0.558932 0.0
1.0956 0.55998 0.0
1.09393 0.560937 0.0
1.09208 0.56181 0.0
1.09005 0.562613 0.0
1.08788 0.563364 0.0
1.0856 0.564085 0.0
1.08322 0.5648 0.0
1.08077 0.565535 0.0
1.07829 0.566313 0.0
1.0758 0.567152 0.0
1.07333 0.568056 0.0
1.07092 0.569015 0.0
1.06858 0.569992 0.0
1.06635 0.570921 0.0
1.06425 0.571697 0.0
1.0623 0.572173 0.0
1.06049 0.572158 0.0
1.05883 0.571419 0.0
1.05732 0.569686 0.0
1.05593 0.566661 0.0
1.05464 0.56203 0.0
1.05341 0.555481 0.0
1.0522 0.546722 0.0
1.05098 0.535493 0.0
1.04969 0.521587 0.0
1.04831 0.50486 0.0
1.0468 0.48524 0.0
1.04514 0.462734 0.0
1.04331 0.437427 0.0
1.0413 0.409484 0.0
1.03913 0.379143 0.0
1.03679 0.346711 0.0
1.03431 0.312553 0.0
1.03171 0.277083 0.0
1.02901 0.240755 0.0
1.02625 0.204047 0.0
1.02344 0.167455 0.0
1.02063 0.131473 0.0
1.01783 0.0965831 0.0
1.01506 0.0632435 0.0
1.01234 0.0318716 0.0
1.00969 0.002833 0.0
1.00712 -0.0235698 0.0
1.00461 -0.0471121 0.0
1.00217 -0.0676561 0.0
0.999794 -0.0851494 0.0
0.99747 -0.099621 0.0
0.995191 -0.111172 0.0
0.992953 -0.119965 0.0
0.990756 -0.126207 0.0
0.988607 -0.130138 0.0
0.986516 -0.132012 0.0
0.984501 -0.132088 0.0
0.982583 -0.130614 0.0
0.980785 -0.127821 0.0
0.979134 -0.123915 0.0
0.97766 -0.119073 0.0
0.97639 -0.113445 0.0
0.975354 -0.107153 0.0
0.974578 -0.100341 0.0
0.974073 -0.0936701 0.0
0.999951 0.00303204 0.0
0.999756 0.00911935 0.0
0.999364 0.0152266 0.0
0.998773 0.0213507 0.0
0.997982 0.0274887 0.0
0.996986 0.033638 0.0
0.995781 0.0397959 0.0
0.99436 0.0459597 0.0
0.992718 0.0521268 0.0
0.990845 0.0582945 0.0
0.988733 0.0644598 0.0
0.986371 0.0706198 0.0
0.983745 0.0767711 0.0
0.980841 0.08291 0.0
0.977644 0.0890324 0.0
0.974132 0.0951335 0.0
0.970286 0.101208 0.0
0.966079 0.10725 0.0
0.961482 0.113251 0.0
0.956464 0.119203 0.0
0.950984 0.125095 0.0
0.945 0.130915 0.0
0.938458 0.136647 0.0
0.9313 0.142273 0.0
0.923453 0.14777 0.0
0.914835 0.153108 0.0
0.905345 0.158253 0.0
0.894867 0.16316 0.0
0.883256 0.167771 0.0
0.87034 0.172013 0.0
0.85591 0.175792 0.0
0.839705 0.178983 0.0
0.821404 0.18142 0.0
0.800604 0.182878 0.0
0.776795 0.183048 0.0
0.749327 0.181494 0.0
0.717363 0.177595 0.0
0.679821 0.170438 0.0
0.635293 0.158646 0.0
0.581965 0.140096 0.0
0.51757 0.111466 0.0
0.439601 0.0677771 0.0
0.346719 0.00385419 0.0
0.23938 -0.0750961 0.0
0.0911155 -0.0874786 0.0
0 0 0.0
0 0 0.0
0 0 0.0
0 0 0.0
0 0 0.0
0 0 0.0
0 0 0.0
0 0 0.0
0 0 0.0
0 0 0.0
-0.0135125 -0.0146242 0.0
-0.020162 -0.0472977 0.0
0.00164425 -0.0471657 0.0
0.0367095 -0.0366809 0.0
0.081053 -0.0211981 0.0
0.133237 -0.00246486 0.0
0.192633 0.0186458 0.0
0.258284 0.0422769 0.0
0.328721 0.0688918 0.0
0.40246 0.0986252 0.0
0.478068 0.131627 0.0
0.554049 0.167901 0.0
0.628899 0.207203 0.0
0.701177 0.24908 0.0
0.769569 0.292884 0.0
0.832952 0.337829 0.0
0.890435 0.383053 0.0
0.941385 0.427677 0.0
0.985435 0.47087 0.0
1.02247 0.511894 0.0
1.05261 0.550134 0.0
1.07617 0.585118 0.0
1.09361 0.616525 0.0
1.1055 0.644173 0.0
1.1125 0.668009 0.0
1.11529 0.688087 0.0
1.11455 0.70455 0.0
1.11095 0.717602 0.0
1.10511 0.727491 0.0
1.09759 0.734493 0.0
1.08889 0.738891 0.0
1.07945 0.740967 0.0
1.06965 0.740994 0.0
1.05979 0.739228 0.0
1.05012 0.735907 0.0
1.04084 0.731248 0.0
1.03213 0.72545 0.0
1.02408 0.71869 0.0
1.01681 0.711129 0.0
1.01035 0.702915 0.0
1.00477 0.694178 0.0
1.00008 0.685039 0.0
0.996295 0.67561 0.0
0.993406 0.665991 0.0
0.991401 0.656279 0.0
0.99026 0.64656 0.0
0.989953 0.636918 0.0
0.990444 0.627429 0.0
0.991692 0.618164 0.0
0.993651 0.609189 0.0
0.996268 0.600566 0.0
0.999489 0.592349 0.0
1.00325 0.584587 0.0
1.0075 0.577323 0.0
1.01217 0.570592 0.0
1.01718 0.564424 0.0
1.02248 0.55884 0.0
1.028 0.553856 0.0
1.03367 0.549477 0.0
1.03942 0.545704 0.0
1.04518 0.54253 0.0
1.05091 0.53994 0.0
1.05655 0.537915 0.0
1.06203 0.536428 0.0
1.06731 0.535448 0.0
1.07235 0.534941 0.0
1.07711 0.534867 0.0
1.08156 0.535185 0.0
1.08567 0.535852 0.0
1.08942 0.536823 0.0
1.09279 0.538053 0.0
1.09577 0.539499 0.0
1.09836 0.541116 0.0
1.10054 0.542863 0.0
1.10233 0.5447 0.0
1.10373 0.54659 0.0
1.10475 0.548499 0.0
1.10539 0.550397 0.0
1.10568 0.552254 0.0
1.10563 0.554049 0.0
1.10525 0.555762 0.0
1.10457 0.557377 0.0
1.10361 0.558883 0.0
1.10239 0.560274 0.0
1.10094 0.561547 0.0
1.09927 0.562706 0.0
1.0974 0.563757 0.0
1.09538 0.564714 0.0
1.09322 0.565594 0.0
1.09094 0.566416 0.0
1.08859 0.567205 0.0
1.08618 0.567985 0.0
1.08374 0.568779 0.0
1.08132 0.569602 0.0
1.07893 0.57046 0.0
1.07661 0.571343 0.0
1.07439 0.572217 0.0
1.0723 0.573017 0.0
1.07036 0.573644 0.0
1.06858 0.573958 0.0
1.06699 0.573776 0.0
1.06557 0.572873 0.0
1.06433 0.570989 0.0
1.06324 0.567834 0.0
1.06229 0.563103 0.0
1.06143 0.556492 0.0
1.06064 0.547711 0.0
1.05986 0.536504 0.0
1.05906 0.52266 0.0
1.0582 0.506033 0.0
1.05724 0.486543 0.0
1.05614 0.46419 0.0
1.05489 0.439051 0.0
1.05347 0.411282 0.0
1.05188 0.381114 0.0
1.05011 0.348845 0.0
1.04817 0.314834 0.0
1.04608 0.279492 0.0
1.04386 0.243267 0.0
1.04152 0.206638 0.0
1.03909 0.170099 0.0
1.03659 0.134145 0.0
1.03404 0.0992634 0.0
1.03145 0.0659133 0.0
1.02885 0.0345173 0.0
1.02625 0.00544542 0.0
1.02364 -0.0209956 0.0
1.02103 -0.0445761 0.0
1.01843 -0.0651542 0.0
1.01584 -0.0826764 0.0
1.01324 -0.0971724 0.0
1.01064 -0.108747 0.0
1.00806 -0.117565 0.0
1.00549 -0.123842 0.0
1.00295 -0.12782 0.0
1.00048 -0.129762 0.0
0.998084 -0.129929 0.0
0.995803 -0.128573 0.0
0.993668 -0.125928 0.0
0.99171 -0.1222 0.0
0.989966 -0.117569 0.0
0.988467 -0.112182 0.0
0.987248 -0.106161 0.0
0.986337 -0.0996467 0.0
0.985745 -0.0932665 0.0
0.999951 0.00312981 0.0
0.999755 0.00941313 0.0
0.999362 0.0157177 0.0
0.998771 0.0220415 0.0
0.997977 0.0283824 0.0
0.996979 0.0347389 0.0
0.99577 0.0411091 0.0
0.994345 0.0474917 0.0
0.992698 0.0538851 0.0
0.990818 0.0602879 0.0
0.988698 0.0666988 0.0
0.986325 0.0731162 0.0
0.983687 0.0795387 0.0
0.980768 0.0859645 0.0
0.977552 0.0923919 0.0
0.974019 0.0988187 0.0
0.970146 0.105243 0.0
0.965907 0.111661 0.0
0.961272 0.11807 0.0
0.956207 0.124467 0.0
0.950673 0.130845 0.0
0.944622 0.1372 0.0
0.938002 0.143525 0.0
0.930747 0.149809 0.0
0.922785 0.156043 0.0
0.914027 0.162212 0.0
0.904366 0.168299 0.0
0.893677 0.174281 0.0
0.881807 0.18013 0.0
0.868568 0.185808 0.0
0.853731 0.191265 0.0
0.837009 0.196437 0.0
0.818041 0.201235 0.0
0.796371 0.205535 0.0
0.771405 0.209166 0.0
0.742371 0.211879 0.0
0.708239 0.213306 0.0
0.667624 0.212885 0.0
0.618617 0.209732 0.0
0.558551 0.202403 0.0
0.48361 0.188497 0.0
0.388238 0.164087 0.0
0.264991 0.123674 0.0
0.113521 0.0638933 0.0
0.0158401 0 0.0
0 0 0.0
0 0 0.0
0 0 0.0
0 0 0.0
0 0 0.0
0 0 0.0
0 0 0.0
0 0 0.0
0 0 0.0
0 0 0.0
-0.000917784 0 0.0
-0.00620593 -0.0497903 0.0
-0.00683176 -0.0658535 0.0
0.00748849 -0.0673786 0.0
0.0337094 -0.0610648 0.0
0.0691311 -0.0502035 0.0
0.112275 -0.0361554 0.0
0.162394 -0.0186921 0.0
0.219212 0.00260511 0.0
0.2823 0.0280844 0.0
0.350548 0.0583135 0.0
0.42237 0.093411 0.0
0.496067 0.133146 0.0
0.569898 0.177028 0.0
0.642161 0.22428 0.0
0.711294 0.273916 0.0
0.775958 0.32482 0.0
0.835082 0.375836 0.0
0.887894 0.425849 0.0
0.933922 0.473849 0.0
0.97298 0.518979 0.0
1.00513 0.560564 0.0
1.03065 0.59812 0.0
1.04999 0.631347 0.0
1.06371 0.660115 0.0
1.07246 0.684444 0.0
1.07692 0.704467 0.0
1.07779 0.720414 0.0
1.07574 0.732574 0.0
1.0714 0.741275 0.0
1.06534 0.746867 0.0
1.05807 0.749696 0.0
1.05004 0.750101 0.0
1.04162 0.748401 0.0
1.03313 0.744891 0.0
1.02483 0.739838 0.0
1.01692 0.733486 0.0
1.00957 0.726051 0.0
1.00289 0.717725 0.0
0.996978 0.708681 0.0
0.991897 0.699074 0.0
0.987688 0.689041 0.0
0.984374 0.67871 0.0
0.981962 0.668193 0.0
0.980446 0.657597 0.0
0.979812 0.647018 0.0
0.980032 0.636547 0.0
0.981074 0.626267 0.0
0.982897 0.616255 0.0
0.985452 0.606584 0.0
0.988688 0.597318 0.0
0.992546 0.588518 0.0
0.996963 0.580235 0.0
1.00187 0.572516 0.0
1.00721 0.565399 0.0
1.0129 0.558913 0.0
1.01887 0.553082 0.0
1.02504 0.54792 0.0
1.03136 0.543433 0.0
1.03774 0.539619 0.0
1.04411 0.536467 0.0
1.05043 0.533961 0.0
1.05661 0.532076 0.0
1.06262 0.53078 0.0
1.06839 0.530039 0.0
1.07389 0.529812 0.0
1.07907 0.530054 0.0
1.0839 0.530718 0.0
1.08835 0.531754 0.0
1.09241 0.533114 0.0
1.09606 0.534747 0.0
1.09928 0.536603 0.0
1.10207 0.538634 0.0
1.10444 0.540794 0.0
1.10638 0.543039 0.0
1.10791 0.545329 0.0
1.10903 0.547626 0.0
1.10975 0.549897 0.0
1.11011 0.552112 0.0
1.1101 0.554246 0.0
1.10977 0.556278 0.0
1.10911 0.55819 0.0
1.10817 0.559971 0.0
1.10696 0.561613 0.0
1.10552 0.563113 0.0
1.10385 0.564473 0.0
1.102 0.565701 0.0
1.09999 0.566807 0.0
1.09785 0.567808 0.0
1.0956 0.568724 0.0
1.09328 0.569577 0.0
1.09091 0.57039 0.0
1.08853 0.571186 0.0
1.08617 0.571979 0.0
1.08387 0.572776 0.0
1.08164 0.573567 0.0
1.07954 0.574318 0.0
1.07758 0.57497 0.0
1.07579 0.575427 0.0
1.07418 0.575554 0.0
1.07278 0.575178 0.0
1.07159 0.574082 0.0
1.0706 0.572014 0.0
1.0698 0.568695 0.0
1.06916 0.563829 0.0
1.06866 0.557119 0.0
1.06826 0.548279 0.0
1.06792 0.537055 0.0
1.06759 0.523239 0.0
1.06723 0.50668 0.0
1.06679 0.487295 0.0
1.06625 0.465076 0.0
1.06557 0.440095 0.0
1.06473 0.412498 0.0
1.06371 0.382508 0.0
1.06252 0.350418 0.0
1.06113 0.316579 0.0
1.05957 0.281397 0.0
1.05784 0.245317 0.0
1.05595 0.208815 0.0
1.05392 0.172383 0.0
1.05176 0.136519 0.0
1.0495 0.101709 0.0
1.04713 0.0684168 0.0
1.04468 0.0370675 0.0
1.04215 0.0080344 0.0
1.03954 -0.0183735 0.0
1.03687 -0.0419234 0.0
1.03414 -0.0624717 0.0
1.03134 -0.0799654 0.0
1.02849 -0.0944367 0.0
1.0256 -0.105994 0.0
1.02268 -0.11481 0.0
1.01975 -0.121102 0.0
1.01685 -0.125121 0.0
1.014 -0.127133 0.0
1.01123 -0.127403 0.0
1.0086 -0.126186 0.0
1.00614 -0.123716 0.0
1.00389 -0.120201 0.0
1.00188 -0.115818 0.0
1.00016 -0.110715 0.0
0.998764 -0.105012 0.0
0.997723 -0.0988438 0.0
0.997047 -0.0928013 0.0
0.999951 0.00322753 0.0
0.999756 0.00970679 0.0
0.999364 0.0162087 0.0
0.998774 0.0227322 0.0
0.997983 0.0292761 0.0
0.996987 0.0358398 0.0
0.995781 0.0424227 0.0
0.994359 0.0490244 0.0
0.992715 0.0556446 0.0
0.990839 0.0622834 0.0
0.988722 0.0689406 0.0
0.986353 0.0756166 0.0
0.983718 0.0823116 0.0
0.980802 0.0890261 0.0
0.977588 0.0957605 0.0
0.974056 0.102516 0.0
0.970183 0.109292 0.0
0.965943 0.11609 0.0
0.961306 0.122912 0.0
0.956237 0.129758 0.0
0.950696 0.136629 0.0
0.944635 0.143527 0.0
0.938001 0.150453 0.0
0.930728 0.157408 0.0
0.922741 0.164393 0.0
0.913951 0.171411 0.0
0.904249 0.178462 0.0
0.893507 0.185549 0.0
0.881569 0.192671 0.0
0.868242 0.199832 0.0
0.853291 0.20703 0.0
0.836419 0.214266 0.0
0.817254 0.221538 0.0
0.795317 0.22884 0.0
0.769985 0.236158 0.0
0.740436 0.243469 0.0
0.705563 0.25072 0.0
0.663843 0.257807 0.0
0.613141 0.264518 0.0
0.550416 0.270408 0.0
0.471324 0.274526 0.0
0.370018 0.274735 0.0
0.241157 0.265135 0.0
0.0949836 0.220076 0.0
0.0103209 0 0.0
0 0 0.0
0 0 0.0
0 0 0.0
0 0 0.0
0 0 0.0
0 0 0.0
0 0 0.0
0 0 0.0
0 0 0.0
0 0 0.0
0.000375094 0 0.0
-0.00396056 -0.0407092 0.0
-0.00974195 -0.0685274 0.0
-0.00657371 -0.0821932 0.0
0.0069165 -0.0859613 0.0
0.0298297 -0.0836417 0.0
0.0610915 -0.077123 0.0
0.0999095 -0.0666611 0.0
0.145651 -0.0519855 0.0
0.197703 -0.0324661 0.0
0.255593 -0.00727258 0.0
0.318814 0.0239538 0.0
0.38627 0.0614499 0.0
0.456324 0.104839 0.0
0.527209 0.153321 0.0
0.597176 0.205775 0.0
0.664604 0.260869 0.0
0.728092 0.317175 0.0
0.786513 0.373278 0.0
0.83904 0.427864 0.0
0.885153 0.479794 0.0
0.924614 0.528138 0.0
0.957442 0.572197 0.0
0.98387 0.611505 0.0
1.0043 0.645806 0.0
1.01927 0.675037 0.0
1.02939 0.699294 0.0
1.03531 0.718794 0.0
1.03771 0.733847 0.0
1.03723 0.744822 0.0
1.03449 0.752119 0.0
1.03006 0.756149 0.0
1.02442 0.757316 0.0
1.01802 0.756003 0.0
1.01123 0.752566 0.0
1.00436 0.747332 0.0
0.99767 0.740593 0.0
0.991359 0.732609 0.0
0.98559 0.723613 0.0
0.980486 0.713808 0.0
0.976138 0.703376 0.0
0.972609 0.692477 0.0
0.969941 0.681257 0.0
0.968154 0.669845 0.0
0.967256 0.658359 0.0
0.967238 0.646908 0.0
0.968081 0.635593 0.0
0.969757 0.624504 0.0
0.972225 0.613727 0.0
0.97544 0.603341 0.0
0.979347 0.593417 0.0
0.983888 0.58402 0.0
0.988996 0.575207 0.0
0.994602 0.567027 0.0
1.00063 0.559521 0.0
1.00701 0.552722 0.0
1.01367 0.546651 0.0
1.02052 0.541325 0.0
1.02749 0.536746 0.0
1.0345 0.532911 0.0
1.04149 0.529807 0.0
1.04839 0.527412 0.0
1.05513 0.525697 0.0
1.06166 0.524626 0.0
1.06792 0.524157 0.0
1.07388 0.524244 0.0
1.07948 0.524837 0.0
1.08471 0.525881 0.0
1.08952 0.527322 0.0
1.0939 0.529105 0.0
1.09784 0.531172 0.0
1.10133 0.533469 0.0
1.10436 0.535944 0.0
1.10693 0.538544 0.0
1.10905 0.541223 0.0
1.11073 0.543936 0.0
1.11199 0.546643 0.0
1.11283 0.549307 0.0
1.11329 0.551897 0.0
1.11337 0.554384 0.0
1.1131 0.556746 0.0
1.11251 0.558965 0.0
1.11162 0.561028 0.0
1.11046 0.562925 0.0
1.10905 0.564655 0.0
1.10743 0.566217 0.0
1.10562 0.567619 0.0
1.10365 0.568871 0.0
1.10155 0.569989 0.0
1.09935 0.570991 0.0
1.09708 0.5719 0.0
1.09478 0.572737 0.0
1.09247 0.573524 0.0
1.0902 0.574276 0.0
1.08799 0.574999 0.0
1.08587 0.575682 0.0
1.08388 0.576295 0.0
1.08206 0.576781 0.0
1.08042 0.577048 0.0
1.07898 0.576969 0.0
1.07777 0.576374 0.0
1.07679 0.575058 0.0
1.07605 0.572777 0.0
1.07552 0.569262 0.0
1.07519 0.564226 0.0
1.07503 0.557379 0.0
1.075 0.548442 0.0
1.07507 0.537166 0.0
1.07519 0.523342 0.0
1.07531 0.506818 0.0
1.0754 0.48751 0.0
1.07539 0.465404 0.0
1.07528 0.440565 0.0
1.07501 0.413133 0.0
1.07457 0.383324 0.0
1.07395 0.351423 0.0
1.07313 0.317777 0.0
1.07211 0.282783 0.0
1.07089 0.246885 0.0
1.06947 0.210553 0.0
1.06787 0.17428 0.0
1.06608 0.138562 0.0
1.06413 0.103887 0.0
1.06202 0.0707197 0.0
1.05975 0.0394882 0.0
1.05732 0.0105671 0.0
1.05476 -0.0157342 0.0
1.05205 -0.039182 0.0
1.0492 -0.0596335 0.0
1.04623 -0.0770382 0.0
1.04315 -0.091433 0.0
1.03998 -0.102932 0.0
1.03674 -0.111713 0.0
1.03347 -0.118002 0.0
1.03021 -0.122053 0.0
1.02699 -0.124138 0.0
1.02388 -0.124523 0.0
1.02091 -0.123464 0.0
1.01813 -0.121197 0.0
1.01559 -0.117927 0.0
1.01334 -0.113831 0.0
1.01141 -0.109053 0.0
1.00984 -0.103712 0.0
1.00868 -0.0979361 0.0
1.00792 -0.0922762 0.0
0.999952 0.00332474 0.0
0.999758 0.00999891 0.0
0.999369 0.0166972 0.0
0.998783 0.0234193 0.0
0.997998 0.0301653 0.0
0.99701 0.0369353 0.0
0.995813 0.0437299 0.0
0.994402 0.0505498 0.0
0.992769 0.0573961 0.0
0.990907 0.0642698 0.0
0.988805 0.0711727 0.0
0.986453 0.0781064 0.0
0.983837 0.0850732 0.0
0.980942 0.0920755 0.0
0.977751 0.0991162 0.0
0.974244 0.106199 0.0
0.970399 0.113327 0.0
0.96619 0.120505 0.0
0.961586 0.127738 0.0
0.956555 0.135033 0.0
0.951055 0.142396 0.0
0.945041 0.149835 0.0
0.938459 0.157361 0.0
0.931246 0.164985 0.0
0.923327 0.172721 0.0
0.914615 0.180586 0.0
0.905005 0.188599 0.0
0.894371 0.196787 0.0
0.88256 0.205181 0.0
0.869388 0.213821 0.0
0.854624 0.222756 0.0
0.837984 0.232052 0.0
0.819109 0.241793 0.0
0.797539 0.252092 0.0
0.77268 0.263097 0.0
0.743749 0.275011 0.0
0.709691 0.288109 0.0
0.669058 0.302771 0.0
0.619807 0.319507 0.0
0.558984 0.338969 0.0
0.48223 0.361812 0.0
0.383253 0.387731 0.0
0.254846 0.409406 0.0
0.102326 0.374497 0.0
0.0111235 0 0.0
0 0 0.0
0 0 0.0
0 0 0.0
0 0 0.0
0 0 0.0
0 0 0.0
0 0 0.0
0 0 0.0
0 0 0.0
0 0 0.0
0.000394055 0 0.0
-0.00532492 -0.0298854 0.0
-0.0158071 -0.0630877 0.0
-0.0203585 -0.0862498 0.0
-0.0161081 -0.0996452 0.0
-0.00272152 -0.106258 0.0
0.0193993 -0.10789 0.0
0.0495788 -0.104892 0.0
0.0870857 -0.0970029 0.0
0.131201 -0.0836164 0.0
0.181245 -0.0640561 0.0
0.236546 -0.0377845 0.0
0.296506 -0.00422858 0.0
0.36038 0.0365906 0.0
0.42684 0.084224 0.0
0.494222 0.137524 0.0
0.560878 0.195035 0.0
0.62529 0.25511 0.0
0.686144 0.316069 0.0
0.742376 0.376312 0.0
0.7932 0.434409 0.0
0.838103 0.489158 0.0
0.876836 0.539616 0.0
0.909387 0.585107 0.0
0.935949 0.62521 0.0
0.956877 0.659737 0.0
0.972653 0.688701 0.0
0.983839 0.712276 0.0
0.991046 0.73076 0.0
0.994896 0.744535 0.0
0.996002 0.754038 0.0
0.994941 0.759729 0.0
0.992246 0.762068 0.0
0.988392 0.761503 0.0
0.983799 0.75845 0.0
0.978822 0.753294 0.0
0.973763 0.746382 0.0
0.968869 0.738025 0.0
0.96434 0.728495 0.0
0.960333 0.718036 0.0
0.95697 0.706859 0.0
0.954339 0.695153 0.0
0.952504 0.683085 0.0
0.951504 0.670803 0.0
0.95136 0.658443 0.0
0.952075 0.646127 0.0
0.953639 0.633966 0.0
0.956029 0.622065 0.0
0.959209 0.610517 0.0
0.963136 0.59941 0.0
0.967757 0.588821 0.0
0.973011 0.578823 0.0
0.97883 0.569477 0.0
0.985144 0.560837 0.0
0.991877 0.552948 0.0
0.998948 0.545843 0.0
1.00628 0.539546 0.0
1.01379 0.53407 0.0
1.0214 0.52942 0.0
1.02904 0.525587 0.0
1.03663 0.522555 0.0
1.0441 0.520297 0.0
1.05138 0.518781 0.0
1.05843 0.517964 0.0
1.06519 0.517798 0.0
1.0716 0.518231 0.0
1.07764 0.519205 0.0
1.08327 0.520661 0.0
1.08847 0.522537 0.0
1.0932 0.52477 0.0
1.09747 0.5273 0.0
1.10126 0.530066 0.0
1.10457 0.53301 0.0
1.1074 0.536076 0.0
1.10975 0.539211 0.0
1.11165 0.542369 0.0
1.1131 0.545505 0.0
1.11412 0.54858 0.0
1.11473 0.551559 0.0
1.11496 0.554413 0.0
1.11482 0.557118 0.0
1.11435 0.559654 0.0
1.11358 0.562006 0.0
1.11252 0.564166 0.0
1.11121 0.566129 0.0
1.10968 0.567896 0.0
1.10796 0.569472 0.0
1.10608 0.570869 0.0
1.10407 0.572101 0.0
1.10196 0.573186 0.0
1.09979 0.574145 0.0
1.09758 0.575 0.0
1.09538 0.575771 0.0
1.09321 0.576472 0.0
1.09112 0.57711 0.0
1.08913 0.577675 0.0
1.08728 0.578138 0.0
1.0856 0.578444 0.0
1.08412 0.578506 0.0
1.08286 0.578201 0.0
1.08185 0.577367 0.0
1.08108 0.575807 0.0
1.08057 0.573287 0.0
1.08031 0.569546 0.0
1.08028 0.564306 0.0
1.08045 0.557287 0.0
1.08079 0.548217 0.0
1.08126 0.53685 0.0
1.08181 0.522982 0.0
1.08241 0.506461 0.0
1.08299 0.4872 0.0
1.08352 0.465183 0.0
1.08396 0.440468 0.0
1.08427 0.413191 0.0
1.08441 0.38356 0.0
1.08436 0.351855 0.0
1.08411 0.318415 0.0
1.08365 0.283634 0.0
1.08295 0.247949 0.0
1.08203 0.211828 0.0
1.08088 0.175761 0.0
1.0795 0.140244 0.0
1.07789 0.105765 0.0
1.07606 0.07279 0.0
1.074 0.0417477 0.0
1.07172 0.013013 0.0
1.06921 -0.0131059 0.0
1.06649 -0.0363776 0.0
1.06356 -0.0566625 0.0
1.06043 -0.0739152 0.0
1.05714 -0.0881792 0.0
1.0537 -0.0995761 0.0
1.05016 -0.108291 0.0
1.04656 -0.114556 0.0
1.04296 -0.118632 0.0
1.0394 -0.12079 0.0
1.03595 -0.121302 0.0
1.03266 -0.120423 0.0
1.02958 -0.118386 0.0
1.02677 -0.115394 0.0
1.02429 -0.111621 0.0
1.02216 -0.107208 0.0
1.02044 -0.10227 0.0
1.01915 -0.0969293 0.0
1.01832 -0.0916938 0.0
0.999952 0.00342095 0.0
0.999761 0.0102881 0.0
0.999377 0.0171807 0.0
0.998799 0.0240996 0.0
0.998023 0.0310456 0.0
0.997047 0.0380199 0.0
0.995865 0.0450241 0.0
0.994472 0.0520601 0.0
0.99286 0.05913 0.0
0.991022 0.0662365 0.0
0.988947 0.0733823 0.0
0.986625 0.0805711 0.0
0.984043 0.0878067 0.0
0.981187 0.0950936 0.0
0.978039 0.102437 0.0
0.974581 0.109843 0.0
0.97079 0.117318 0.0
0.966642 0.12487 0.0
0.962108 0.13251 0.0
0.957155 0.140246 0.0
0.951745 0.148093 0.0
0.945833 0.156064 0.0
0.939369 0.164179 0.0
0.932291 0.172458 0.0
0.924531 0.180927 0.0
0.916006 0.189617 0.0
0.906616 0.198567 0.0
0.896246 0.207824 0.0
0.884754 0.217447 0.0
0.871969 0.227512 0.0
0.857684 0.238114 0.0
0.841642 0.249376 0.0
0.823524 0.261463 0.0
0.802928 0.274589 0.0
0.77934 0.289046 0.0
0.7521 0.305233 0.0
0.720336 0.323709 0.0
0.682878 0.345262 0.0
0.638117 0.371028 0.0
0.583738 0.40265 0.0
0.516193 0.442428 0.0
0.429491 0.492795 0.0
0.312454 0.549787 0.0
0.148482 0.550608 0.0
0.0262254 0 0.0
0 0 0.0
0 0 0.0
0 0 0.0
0 0 0.0
0 0 0.0
0 0 0.0
0 0 0.0
0 0 0.0
0 0 0.0
0 0 0.0
-0.00085078 0 0.0
-0.0113276 -0.0141463 0.0
-0.0278976 -0.0517746 0.0
-0.0378695 -0.0830396 0.0
-0.0396941 -0.105281 0.0
-0.0330205 -0.120682 0.0
-0.017957 -0.13065 0.0
0.00515874 -0.135427 0.0
0.0357908 -0.134607 0.0
0.0732425 -0.127579 0.0
0.116813 -0.113708 0.0
0.165805 -0.0924254 0.0
0.219526 -0.0632685 0.0
0.277284 -0.0260006 0.0
0.338359 0.0192791 0.0
0.401616 0.0718316 0.0
0.465509 0.130177 0.0
0.528549 0.192515 0.0
0.589406 0.256955 0.0
0.646943 0.321657 0.0
0.700242 0.384941 0.0
0.748612 0.445353 0.0
0.791592 0.501707 0.0
0.828951 0.553106 0.0
0.860663 0.598937 0.0
0.88689 0.638856 0.0
0.907941 0.672756 0.0
0.924244 0.700732 0.0
0.936304 0.723037 0.0
0.944674 0.740037 0.0
0.949922 0.752182 0.0
0.952608 0.75996 0.0
0.953265 0.763876 0.0
0.952386 0.764428 0.0
0.950414 0.76209 0.0
0.947739 0.757304 0.0
0.944699 0.750471 0.0
0.941576 0.741952 0.0
0.938608 0.732066 0.0
0.935985 0.721096 0.0
0.933859 0.70929 0.0
0.932346 0.696866 0.0
0.931533 0.68402 0.0
0.93148 0.670921 0.0
0.932224 0.657725 0.0
0.933782 0.644571 0.0
0.936155 0.631585 0.0
0.939327 0.618885 0.0
0.943269 0.606575 0.0
0.947941 0.594753 0.0
0.953292 0.583506 0.0
0.959263 0.572913 0.0
0.965786 0.563043 0.0
0.97279 0.553954 0.0
0.980196 0.545693 0.0
0.987925 0.538296 0.0
0.995896 0.531789 0.0
1.00403 0.526183 0.0
1.01224 0.52148 0.0
1.02046 0.517671 0.0
1.02861 0.514733 0.0
1.03662 0.512636 0.0
1.04444 0.511342 0.0
1.05199 0.510801 0.0
1.05924 0.510961 0.0
1.06613 0.511762 0.0
1.07262 0.51314 0.0
1.07869 0.515028 0.0
1.0843 0.51736 0.0
1.08945 0.520067 0.0
1.0941 0.523081 0.0
1.09826 0.526336 0.0
1.10193 0.529769 0.0
1.10509 0.53332 0.0
1.10777 0.536931 0.0
1.10997 0.540552 0.0
1.11171 0.544135 0.0
1.113 0.547637 0.0
1.11387 0.551022 0.0
1.11434 0.554258 0.0
1.11443 0.557318 0.0
1.11417 0.560182 0.0
1.11359 0.562834 0.0
1.11272 0.565265 0.0
1.11159 0.567468 0.0
1.11023 0.569445 0.0
1.10868 0.5712 0.0
1.10696 0.572744 0.0
1.1051 0.574091 0.0
1.10315 0.575258 0.0
1.10113 0.576266 0.0
1.09907 0.577136 0.0
1.09702 0.577887 0.0
1.09501 0.578534 0.0
1.09307 0.579082 0.0
1.09124 0.579522 0.0
1.08956 0.579826 0.0
1.08805 0.579942 0.0
1.08676 0.579786 0.0
1.08569 0.579241 0.0
1.08488 0.578151 0.0
1.08434 0.576326 0.0
1.08408 0.573542 0.0
1.08408 0.569548 0.0
1.08435 0.564075 0.0
1.08484 0.556851 0.0
1.08554 0.547613 0.0
1.08641 0.53612 0.0
1.08739 0.522172 0.0
1.08845 0.505619 0.0
1.08954 0.486374 0.0
1.09059 0.464418 0.0
1.09158 0.439807 0.0
1.09246 0.412671 0.0
1.09318 0.383214 0.0
1.09372 0.351706 0.0
1.09405 0.318484 0.0
1.09415 0.283934 0.0
1.094 0.248489 0.0
1.0936 0.212615 0.0
1.09292 0.176799 0.0
1.09197 0.141536 0.0
1.09074 0.107314 0.0
1.08922 0.0745981 0.0
1.0874 0.0438176 0.0
1.08528 0.0153457 0.0
1.08286 -0.0105129 0.0
1.08014 -0.0335319 0.0
1.07714 -0.053578 0.0
1.07388 -0.0706137 0.0
1.07039 -0.0846915 0.0
1.0667 -0.0959421 0.0
1.06288 -0.104559 0.0
1.05897 -0.110781 0.0
1.05503 -0.114872 0.0
1.05115 -0.117108 0.0
1.04738 -0.11776 0.0
1.04379 -0.117081 0.0
1.04043 -0.1153 0.0
1.03737 -0.112617 0.0
1.03467 -0.109202 0.0
1.03236 -0.105191 0.0
1.03049 -0.100695 0.0
1.0291 -0.0958297 0.0
1.0282 -0.0910568 0.0
0.999953 0.00351571 0.0
0.999765 0.0105729 0.0
0.999388 0.017657 0.0
0.99882 0.0247696 0.0
0.998058 0.0319126 0.0
0.997099 0.0390881 0.0
0.995938 0.0462987 0.0
0.994569 0.0535473 0.0
0.992987 0.0608374 0.0
0.991182 0.0681726 0.0
0.989145 0.0755573 0.0
0.986867 0.0829965 0.0
0.984334 0.0904959 0.0
0.981533 0.0980617 0.0
0.978448 0.105701 0.0
0.975061 0.113424 0.0
0.971351 0.121238 0.0
0.967294 0.129155 0.0
0.962864 0.137189 0.0
0.958029 0.145355 0.0
0.952753 0.15367 0.0
0.946997 0.162156 0.0
0.940711 0.170838 0.0
0.933843 0.179746 0.0
0.926326 0.188916 0.0
0.918088 0.198393 0.0
0.909039 0.20823 0.0
0.899077 0.218494 0.0
0.888077 0.229269 0.0
0.875894 0.240658 0.0
0.862349 0.252796 0.0
0.847231 0.265854 0.0
0.83028 0.280055 0.0
0.811178 0.295695 0.0
0.789536 0.313169 0.0
0.764872 0.333015 0.0
0.73659 0.355975 0.0
0.703949 0.383093 0.0
0.666044 0.415863 0.0
0.621796 0.456444 0.0
0.57005 0.507924 0.0
0.510111 0.57394 0.0
0.443753 0.652036 0.0
0.375701 0.680382 0.0
0.170979 0.190352 0.0
0 0 0.0
0 0 0.0
0 0 0.0
0 0 0.0
0 0 0.0
0 0 0.0
0 0 0.0
0 0 0.0
0 0 0.0
0 0 0.0
-0.0149627 0.0162808 0.0
-0.0365217 0.00207598 0.0
-0.0488767 -0.0390719 0.0
-0.0583603 -0.0762868 0.0
-0.0626098 -0.10596 0.0
-0.0599998 -0.129287 0.0
-0.0500177 -0.147091 0.0
-0.0327319 -0.159388 0.0
-0.00838886 -0.165621 0.0
0.0226925 -0.165098 0.0
0.0599991 -0.157067 0.0
0.102898 -0.140958 0.0
0.150749 -0.116306 0.0
0.202882 -0.0828538 0.0
0.258578 -0.0406385 0.0
0.31708 0.00999003 0.0
0.377284 0.0679216 0.0
0.437731 0.131283 0.0
0.497088 0.197973 0.0
0.554238 0.265951 0.0
0.608249 0.333337 0.0
0.658363 0.398473 0.0
0.704003 0.459966 0.0
0.744778 0.516713 0.0
0.780485 0.567909 0.0
0.811103 0.61304 0.0
0.836766 0.651857 0.0
0.857748 0.684347 0.0
0.874423 0.710686 0.0
0.887242 0.731199 0.0
0.896696 0.746318 0.0
0.903295 0.756538 0.0
0.907544 0.762391 0.0
0.909926 0.764411 0.0
0.910888 0.763118 0.0
0.910837 0.759003 0.0
0.910131 0.752519 0.0
0.909082 0.744075 0.0
0.907955 0.734038 0.0
0.90697 0.722731 0.0
0.906307 0.710443 0.0
0.906109 0.697424 0.0
0.906486 0.683898 0.0
0.90752 0.670063 0.0
0.909264 0.656095 0.0
0.911751 0.642155 0.0
0.914993 0.628386 0.0
0.918985 0.61492 0.0
0.923705 0.601877 0.0
0.929119 0.589365 0.0
0.935178 0.577483 0.0
0.941828 0.566317 0.0
0.949002 0.555942 0.0
0.956631 0.546423 0.0
0.964639 0.53781 0.0
0.972949 0.530141 0.0
0.981481 0.523441 0.0
0.990157 0.517723 0.0
0.9989 0.512984 0.0
1.00764 0.509212 0.0
1.0163 0.506382 0.0
1.02481 0.504458 0.0
1.03313 0.503395 0.0
1.04118 0.503141 0.0
1.04892 0.503635 0.0
1.05631 0.504812 0.0
1.0633 0.506602 0.0
1.06986 0.508932 0.0
1.07597 0.51173 0.0
1.08161 0.514919 0.0
1.08676 0.518428 0.0
1.0914 0.522185 0.0
1.09554 0.52612 0.0
1.09917 0.53017 0.0
1.1023 0.534272 0.0
1.10494 0.538372 0.0
1.1071 0.542418 0.0
1.1088 0.546363 0.0
1.11005 0.55017 0.0
1.11089 0.553803 0.0
1.11134 0.557234 0.0
1.11142 0.560441 0.0
1.11117 0.563407 0.0
1.11061 0.566121 0.0
1.10977 0.568576 0.0
1.1087 0.570773 0.0
1.10741 0.572716 0.0
1.10594 0.574415 0.0
1.10434 0.575883 0.0
1.10262 0.577137 0.0
1.10083 0.578198 0.0
1.099 0.579086 0.0
1.09717 0.579819 0.0
1.09537 0.580411 0.0
1.09365 0.580868 0.0
1.09203 0.581181 0.0
1.09055 0.581323 0.0
1.08926 0.581244 0.0
1.08818 0.580863 0.0
1.08734 0.580067 0.0
1.08676 0.578709 0.0
1.08647 0.576603 0.0
1.08646 0.573536 0.0
1.08675 0.569264 0.0
1.08731 0.563531 0.0
1.08814 0.556071 0.0
1.08921 0.54663 0.0
1.09047 0.534976 0.0
1.09188 0.520913 0.0
1.09341 0.504295 0.0
1.09499 0.485035 0.0
1.09657 0.463113 0.0
1.09811 0.438584 0.0
1.09956 0.411572 0.0
1.10087 0.382278 0.0
1.10201 0.350966 0.0
1.10293 0.317968 0.0
1.10362 0.283665 0.0
1.10404 0.248485 0.0
1.10417 0.212892 0.0
1.104 0.17737 0.0
1.1035 0.142412 0.0
1.10266 0.108507 0.0
1.10147 0.0761187 0.0
1.09992 0.0456744 0.0
1.09798 0.017544 0.0
1.09566 -0.00797385 0.0
1.09297 -0.0306613 0.0
1.08991 -0.0503945 0.0
1.08653 -0.0671472 0.0
1.08285 -0.0809832 0.0
1.07892 -0.0920438 0.0
1.07482 -0.100532 0.0
1.07062 -0.106691 0.0
1.06638 -0.110793 0.0
1.06219 -0.113111 0.0
1.05812 -0.113916 0.0
1.05424 -0.113457 0.0
1.05063 -0.111959 0.0
1.04735 -0.109616 0.0
1.04444 -0.106592 0.0
1.04197 -0.103017 0.0
1.03997 -0.0989994 0.0
1.03848 -0.0946452 0.0
1.03751 -0.0903691 0.0
0.999954 0.00360857 0.0
0.99977 0.010852 0.0
0.999401 0.0181238 0.0
0.998846 0.0254263 0.0
0.998102 0.0327623 0.0
0.997164 0.0401348 0.0
0.99603 0.0475474 0.0
0.994693 0.0550041 0.0
0.993147 0.0625093 0.0
0.991385 0.070068 0.0
0.989397 0.0776858 0.0
0.987175 0.0853691 0.0
0.984705 0.0931251 0.0
0.981977 0.100962 0.0
0.978973 0.108889 0.0
0.975678 0.116918 0.0
0.972073 0.125059 0.0
0.968135 0.133328 0.0
0.96384 0.141742 0.0
0.959159 0.150318 0.0
0.954061 0.15908 0.0
0.948508 0.168055 0.0
0.942459 0.177273 0.0
0.935864 0.186773 0.0
0.928668 0.1966 0.0
0.920807 0.206808 0.0
0.912206 0.217464 0.0
0.902777 0.228651 0.0
0.892421 0.240468 0.0
0.88102 0.253044 0.0
0.868434 0.26654 0.0
0.854505 0.281158 0.0
0.839043 0.297163 0.0
0.821833 0.314898 0.0
0.802626 0.334815 0.0
0.781143 0.357516 0.0
0.757087 0.383812 0.0
0.730173 0.414811 0.0
0.700195 0.452028 0.0
0.667194 0.497528 0.0
0.631825 0.553956 0.0
0.596112 0.62356 0.0
0.564178 0.700709 0.0
0.533969 0.72997 0.0
0.419726 0.479101 0.0
0.160664 0.164964 0.0
0 0 0.0
0 0 0.0
0 0 0.0
0 0 0.0
0 0 0.0
0 0 0.0
0 0 0.0
0 0 0.0
-0.0201955 0.0218688 0.0
-0.0473092 0.0394797 0.0
-0.0582756 0.0127206 0.0
-0.0667984 -0.0288386 0.0
-0.0749028 -0.0689321 0.0
-0.0799844 -0.103984 0.0
-0.0800137 -0.133844 0.0
-0.0740364 -0.158493 0.0
-0.0617595 -0.177548 0.0
-0.0432078 -0.190356 0.0
-0.0185242 -0.196128 0.0
0.0121585 -0.194026 0.0
0.0485322 -0.183272 0.0
0.0900632 -0.163374 0.0
0.136183 -0.13404 0.0
0.186258 -0.0952241 0.0
0.239568 -0.0472368 0.0
0.295323 0.00919027 0.0
0.352369 0.0725214 0.0
0.409298 0.140448 0.0
0.464949 0.210676 0.0
0.518405 0.281146 0.0
0.568914 0.350042 0.0
0.615859 0.415812 0.0
0.658765 0.477186 0.0
0.697305 0.533188 0.0
0.731311 0.583138 0.0
0.760764 0.626641 0.0
0.785788 0.663558 0.0
0.806619 0.693968 0.0
0.823589 0.718129 0.0
0.837092 0.73643 0.0
0.847565 0.749354 0.0
0.855459 0.757433 0.0
0.861223 0.761223 0.0
0.865289 0.761277 0.0
0.86806 0.758124 0.0
0.869902 0.752261 0.0
0.871142 0.744142 0.0
0.872063 0.734177 0.0
0.872909 0.722732 0.0
0.873882 0.710132 0.0
0.875148 0.696666 0.0
0.876838 0.682588 0.0
0.879053 0.668124 0.0
0.881865 0.653477 0.0
0.885322 0.638829 0.0
0.889448 0.624344 0.0
0.894247 0.610171 0.0
0.899708 0.596445 0.0
0.905802 0.583289 0.0
0.91249 0.570811 0.0
0.919721 0.559108 0.0
0.927435 0.548262 0.0
0.935568 0.538341 0.0
0.944052 0.5294 0.0
0.952814 0.521479 0.0
0.961784 0.514602 0.0
0.970889 0.508781 0.0
0.980061 0.504011 0.0
0.989231 0.500278 0.0
0.998335 0.497552 0.0
1.00731 0.495793 0.0
1.01611 0.494953 0.0
1.02466 0.494974 0.0
1.03293 0.49579 0.0
1.04087 0.497331 0.0
1.04844 0.499522 0.0
1.0556 0.502285 0.0
1.06233 0.50554 0.0
1.06859 0.509209 0.0
1.07437 0.513212 0.0
1.07966 0.517472 0.0
1.08444 0.521915 0.0
1.08871 0.526472 0.0
1.09248 0.531077 0.0
1.09574 0.535669 0.0
1.0985 0.540193 0.0
1.10079 0.544599 0.0
1.10262 0.548846 0.0
1.10401 0.552896 0.0
1.10499 0.556718 0.0
1.10558 0.560287 0.0
1.10581 0.563586 0.0
1.10571 0.566601 0.0
1.10532 0.569326 0.0
1.10466 0.57176 0.0
1.10377 0.573906 0.0
1.10268 0.575774 0.0
1.10144 0.577377 0.0
1.10007 0.57873 0.0
1.09861 0.579855 0.0
1.0971 0.58077 0.0
1.09557 0.581493 0.0
1.09407 0.582037 0.0
1.09263 0.582409 0.0
1.09129 0.582599 0.0
1.09009 0.582581 0.0
1.08906 0.582307 0.0
1.08824 0.581699 0.0
1.08767 0.580648 0.0
1.08736 0.579012 0.0
1.08734 0.576614 0.0
1.08762 0.573247 0.0
1.08821 0.568678 0.0
1.0891 0.562659 0.0
1.09028 0.554936 0.0
1.09172 0.545263 0.0
1.09339 0.533416 0.0
1.09524 0.519204 0.0
1.09724 0.502487 0.0
1.09932 0.483179 0.0
1.10144 0.461264 0.0
1.10354 0.436791 0.0
1.10557 0.409886 0.0
1.10748 0.380742 0.0
1.10923 0.349622 0.0
1.11076 0.316851 0.0
1.11205 0.282807 0.0
1.11306 0.247915 0.0
1.11375 0.212635 0.0
1.11411 0.177449 0.0
1.11409 0.142849 0.0
1.11367 0.109322 0.0
1.11283 0.0773322 0.0
1.11155 0.0473012 0.0
1.10981 0.0195938 0.0
1.1076 -0.00550033 0.0
1.10494 -0.0277753 0.0
1.10183 -0.0471208 0.0
1.09832 -0.0635244 0.0
1.09446 -0.0770639 0.0
1.09031 -0.0878927 0.0
1.08595 -0.096223 0.0
1.08147 -0.102306 0.0
1.07694 -0.106413 0.0
1.07246 -0.108821 0.0
1.06812 -0.109793 0.0
1.06399 -0.109576 0.0
1.06015 -0.108387 0.0
1.05666 -0.106413 0.0
1.05358 -0.10381 0.0
1.05096 -0.100705 0.0
1.04884 -0.0971962 0.0
1.04726 -0.0933846 0.0
1.04624 -0.0896349 0.0
0.999955 0.00369912 0.0
0.999777 0.0111242 0.0
0.999418 0.0185789 0.0
0.998878 0.0260665 0.0
0.998154 0.0335906 0.0
0.997242 0.0411551 0.0
0.99614 0.0487643 0.0
0.994841 0.0564234 0.0
0.993339 0.0641375 0.0
0.991628 0.071913 0.0
0.9897 0.0797566 0.0
0.987544 0.087676 0.0
0.985152 0.0956799 0.0
0.98251 0.103778 0.0
0.979605 0.111982 0.0
0.976422 0.120303 0.0
0.972944 0.128758 0.0
0.96915 0.137362 0.0
0.965019 0.146134 0.0
0.960526 0.155099 0.0
0.955643 0.164281 0.0
0.950337 0.173712 0.0
0.944573 0.183429 0.0
0.93831 0.193475 0.0
0.931501 0.203903 0.0
0.924094 0.214774 0.0
0.916029 0.226165 0.0
0.907239 0.238168 0.0
0.897647 0.250898 0.0
0.887168 0.264495 0.0
0.875706 0.279136 0.0
0.863157 0.295041 0.0
0.849407 0.312491 0.0
0.834341 0.331846 0.0
0.81785 0.353566 0.0
0.799846 0.378251 0.0
0.780299 0.406679 0.0
0.759296 0.439861 0.0
0.737149 0.479102 0.0
0.714588 0.526016 0.0
0.693078 0.582348 0.0
0.675187 0.648772 0.0
0.663914 0.718704 0.0
0.653808 0.75229 0.0
0.59335 0.631483 0.0
0.435736 0.433558 0.0
0.166053 0.16517 0.0
0 0 0.0
0 0 0.0
0 0 0.0
0 0 0.0
0 0 0.0
0 0 0.0
-0.0205488 0.0221105 0.0
-0.0498169 0.0524569 0.0
-0.0612885 0.0491501 0.0
-0.0665938 0.0193219 0.0
-0.0727397 -0.0207712 0.0
-0.0798794 -0.0617554 0.0
-0.0857028 -0.100255 0.0
-0.0881957 -0.13505 0.0
-0.0861397 -0.16532 0.0
-0.0789031 -0.190234 0.0
-0.066213 -0.208911 0.0
-0.0480024 -0.220467 0.0
-0.0243213 -0.224052 0.0
0.00480598 -0.218748 0.0
0.0392265 -0.20385 0.0
0.0785287 -0.178986 0.0
0.122202 -0.144027 0.0
0.16964 -0.0991804 0.0
0.220115 -0.0450959 0.0
0.272791 0.0170855 0.0
0.326443 0.0853018 0.0
0.379726 0.156889 0.0
0.431664 0.229539 0.0
0.48151 0.301294 0.0
0.528644 0.370481 0.0
0.572554 0.435703 0.0
0.61284 0.495845 0.0
0.649231 0.550085 0.0
0.681586 0.597886 0.0
0.709895 0.638981 0.0
0.734268 0.673341 0.0
0.754913 0.70114 0.0
0.772122 0.722707 0.0
0.786239 0.738487 0.0
0.797648 0.748997 0.0
0.806746 0.754797 0.0
0.81393 0.756454 0.0
0.819581 0.754525 0.0
0.824059 0.74954 0.0
0.827691 0.741992 0.0
0.830769 0.732328 0.0
0.833548 0.720955 0.0
0.836247 0.708236 0.0
0.83905 0.694494 0.0
0.842104 0.680016 0.0
0.845528 0.665058 0.0
0.849407 0.649851 0.0
0.853804 0.634601 0.0
0.858756 0.619494 0.0
0.864278 0.604699 0.0
0.870368 0.590366 0.0
0.877009 0.576633 0.0
0.88417 0.563619 0.0
0.891811 0.551429 0.0
0.899885 0.540153 0.0
0.908337 0.529864 0.0
0.917112 0.520619 0.0
0.926152 0.512458 0.0
0.935397 0.505408 0.0
0.94479 0.499477 0.0
0.954272 0.494662 0.0
0.963786 0.490943 0.0
0.973277 0.488291 0.0
0.98269 0.486663 0.0
0.991974 0.486007 0.0
1.00108 0.486262 0.0
1.00995 0.487361 0.0
1.01854 0.489228 0.0
1.02681 0.491785 0.0
1.03472 0.49495 0.0
1.04224 0.498638 0.0
1.04932 0.502766 0.0
1.05594 0.507249 0.0
1.06209 0.512005 0.0
1.06773 0.516954 0.0
1.07287 0.522022 0.0
1.0775 0.527138 0.0
1.08161 0.532235 0.0
1.08522 0.537254 0.0
1.08832 0.542142 0.0
1.09095 0.546851 0.0
1.0931 0.551342 0.0
1.09482 0.55558 0.0
1.09612 0.559538 0.0
1.09702 0.563196 0.0
1.09757 0.56654 0.0
1.0978 0.56956 0.0
1.09772 0.572256 0.0
1.09739 0.57463 0.0
1.09684 0.576689 0.0
1.0961 0.578448 0.0
1.0952 0.579921 0.0
1.0942 0.581128 0.0
1.09312 0.582087 0.0
1.092 0.582816 0.0
1.09089 0.583328 0.0
1.08982 0.583627 0.0
1.08884 0.583705 0.0
1.08798 0.583536 0.0
1.08729 0.583074 0.0
1.0868 0.582242 0.0
1.08654 0.580937 0.0
1.08655 0.57902 0.0
1.08686 0.576322 0.0
1.08747 0.572644 0.0
1.0884 0.567762 0.0
1.08964 0.561438 0.0
1.0912 0.553427 0.0
1.09303 0.543494 0.0
1.09513 0.531423 0.0
1.09744 0.51703 0.0
1.09993 0.500182 0.0
1.10253 0.480796 0.0
1.1052 0.458857 0.0
1.10788 0.434417 0.0
1.11051 0.407597 0.0
1.11304 0.378591 0.0
1.11541 0.347656 0.0
1.11758 0.315114 0.0
1.11949 0.281341 0.0
1.12111 0.246757 0.0
1.12239 0.211821 0.0
1.12328 0.177014 0.0
1.12376 0.142827 0.0
1.12378 0.109744 0.0
1.1233 0.0782258 0.0
1.1223 0.0486892 0.0
1.12076 0.0214897 0.0
1.11866 -0.0030953 0.0
1.11602 -0.0248758 0.0
1.11287 -0.0437586 0.0
1.10924 -0.0597487 0.0
1.1052 -0.0729398 0.0
1.10083 -0.0834988 0.0
1.09622 -0.0916472 0.0
1.09147 -0.0976416 0.0
1.08667 -0.101755 0.0
1.08193 -0.10426 0.0
1.07734 -0.105417 0.0
1.07298 -0.105464 0.0
1.06893 -0.104609 0.0
1.06527 -0.103032 0.0
1.06203 -0.10088 0.0
1.05929 -0.0982711 0.0
1.05708 -0.0953 0.0
1.05543 -0.0920576 0.0
1.05435 -0.0888588 0.0
0.999957 0.00378696 0.0
0.999784 0.0113883 0.0
0.999437 0.0190205 0.0
0.998914 0.0266876 0.0
0.998214 0.034394 0.0
0.997332 0.0421443 0.0
0.996266 0.0499439 0.0
0.995011 0.0577985 0.0
0.99356 0.0657144 0.0
0.991909 0.0736989 0.0
0.990048 0.0817597 0.0
0.987971 0.0899057 0.0
0.985667 0.0981468 0.0
0.983125 0.106494 0.0
0.980335 0.114961 0.0
0.977281 0.123561 0.0
0.973949 0.132311 0.0
0.970322 0.141229 0.0
0.966381 0.150339 0.0
0.962104 0.159664 0.0
0.957468 0.169235 0.0
0.952447 0.179086 0.0
0.94701 0.189257 0.0
0.941126 0.199795 0.0
0.934758 0.210759 0.0
0.927867 0.222216 0.0
0.920408 0.234247 0.0
0.912334 0.246951 0.0
0.903595 0.260447 0.0
0.894137 0.274884 0.0
0.883906 0.29044 0.0
0.872852 0.30734 0.0
0.860932 0.325862 0.0
0.848123 0.346351 0.0
0.834434 0.369242 0.0
0.819935 0.395078 0.0
0.804798 0.424535 0.0
0.789362 0.458444 0.0
0.774238 0.497792 0.0
0.760456 0.543669 0.0
0.749653 0.597008 0.0
0.744112 0.657544 0.0
0.745702 0.719615 0.0
0.749431 0.757756 0.0
0.725342 0.710564 0.0
0.640479 0.596953 0.0
0.479559 0.431496 0.0
0.189202 0.176455 0.0
0 0.031631 0.0
0 0.00303911 0.0
0 0.00203258 0.0
0 0.00264322 0.0
-0.0163222 0.0161068 0.0
-0.0387699 0.0503465 0.0
-0.0467719 0.0630526 0.0
-0.0495203 0.0527744 0.0
-0.0525344 0.024017 0.0
-0.0582194 -0.0136355 0.0
-0.0658573 -0.0541134 0.0
-0.073531 -0.0944003 0.0
-0.0793666 -0.132576 0.0
-0.0820155 -0.167201 0.0
-0.0805831 -0.197023 0.0
-0.0745071 -0.220889 0.0
-0.0634658 -0.237741 0.0
-0.0473166 -0.246607 0.0
-0.0260392 -0.246596 0.0
0.000389502 -0.23685 0.0
0.0319017 -0.2168 0.0
0.0681859 -0.186171 0.0
0.108769 -0.145056 0.0
0.153052 -0.0939781 0.0
0.200301 -0.0339575 0.0
0.249575 0.033418 0.0
0.299587 0.105478 0.0
0.349123 0.179476 0.0
0.397382 0.253254 0.0
0.443734 0.325034 0.0
0.487649 0.393324 0.0
0.528683 0.456903 0.0
0.566493 0.514827 0.0
0.600846 0.566436 0.0
0.631624 0.611343 0.0
0.658823 0.649408 0.0
0.68254 0.680711 0.0
0.702959 0.705509 0.0
0.720332 0.724194 0.0
0.734962 0.737251 0.0
0.747181 0.745225 0.0
0.757338 0.748685 0.0
0.76578 0.748201 0.0
0.772841 0.744325 0.0
0.778839 0.737578 0.0
0.784061 0.728442 0.0
0.788766 0.717358 0.0
0.793178 0.704722 0.0
0.797492 0.690892 0.0
0.801866 0.676189 0.0
0.80643 0.660898 0.0
0.811284 0.645279 0.0
0.8165 0.629561 0.0
0.822128 0.613955 0.0
0.828196 0.598648 0.0
0.834715 0.583808 0.0
0.84168 0.569584 0.0
0.849078 0.556108 0.0
0.856884 0.543492 0.0
0.865069 0.531832 0.0
0.873599 0.521203 0.0
0.882438 0.511665 0.0
0.891549 0.503261 0.0
0.900892 0.496016 0.0
0.910426 0.489941 0.0
0.920111 0.485031 0.0
0.929903 0.481268 0.0
0.939755 0.478622 0.0
0.949621 0.477052 0.0
0.95945 0.476505 0.0
0.969192 0.476921 0.0
0.978793 0.47823 0.0
0.988201 0.480356 0.0
0.997364 0.48322 0.0
1.00623 0.486734 0.0
1.01476 0.490813 0.0
1.02291 0.495366 0.0
1.03063 0.500304 0.0
1.03789 0.50554 0.0
1.04467 0.510989 0.0
1.05095 0.51657 0.0
1.05671 0.522204 0.0
1.06195 0.527821 0.0
1.06665 0.533356 0.0
1.07084 0.53875 0.0
1.07451 0.543951 0.0
1.07768 0.548914 0.0
1.08037 0.553601 0.0
1.0826 0.557984 0.0
1.08441 0.562037 0.0
1.08582 0.565744 0.0
1.08685 0.569096 0.0
1.08756 0.572088 0.0
1.08796 0.574723 0.0
1.08811 0.577007 0.0
1.08803 0.578953 0.0
1.08776 0.580575 0.0
1.08735 0.581892 0.0
1.08683 0.582922 0.0
1.08624 0.583682 0.0
1.08563 0.584183 0.0
1.08504 0.58443 0.0
1.08451 0.584414 0.0
1.08409 0.584111 0.0
1.08381 0.583473 0.0
1.08372 0.582428 0.0
1.08385 0.580874 0.0
1.08424 0.578679 0.0
1.08492 0.575679 0.0
1.08591 0.571684 0.0
1.08723 0.566477 0.0
1.08887 0.559832 0.0
1.09084 0.551513 0.0
1.09312 0.541295 0.0
1.09567 0.528971 0.0
1.09847 0.514369 0.0
1.10147 0.497359 0.0
1.10462 0.477865 0.0
1.10787 0.455874 0.0
1.11115 0.431441 0.0
1.1144 0.404687 0.0
1.11757 0.375803 0.0
1.1206 0.345046 0.0
1.12342 0.312734 0.0
1.12599 0.279242 0.0
1.12824 0.244989 0.0
1.13012 0.210431 0.0
1.13158 0.176049 0.0
1.13256 0.142333 0.0
1.13302 0.109763 0.0
1.1329 0.0787964 0.0
1.13218 0.0498398 0.0
1.13083 0.0232366 0.0
1.12883 -0.000751788 0.0
1.12621 -0.0219556 0.0
1.12299 -0.0403026 0.0
1.11923 -0.0558182 0.0
1.11501 -0.0686139 0.0
1.11043 -0.0788703 0.0
1.10558 -0.0868181 0.0
1.10058 -0.0927177 0.0
1.09554 -0.0968413 0.0
1.09056 -0.0994572 0.0
1.08575 -0.100818 0.0
1.0812 -0.101151 0.0
1.07698 -0.100656 0.0
1.07316 -0.0995006 0.0
1.0698 -0.0978243 0.0
1.06696 -0.0957371 0.0
1.06466 -0.0933264 0.0
1.06296 -0.0906748 0.0
1.06184 -0.0880463 0.0
0.999958 0.00387175 0.0
0.999792 0.0116431 0.0
0.999458 0.0194467 0.0
0.998955 0.027287 0.0
0.998281 0.0351691 0.0
0.997433 0.0430985 0.0
0.996408 0.0510811 0.0
0.995201 0.0591236 0.0
0.993808 0.067233 0.0
0.992222 0.0754175 0.0
0.990438 0.0836857 0.0
0.988448 0.0920475 0.0
0.986243 0.100514 0.0
0.983814 0.109097 0.0
0.981151 0.117812 0.0
0.978242 0.126673 0.0
0.975074 0.135699 0.0
0.971632 0.14491 0.0
0.967902 0.15433 0.0
0.963866 0.163986 0.0
0.959504 0.17391 0.0
0.954797 0.184139 0.0
0.949721 0.194715 0.0
0.944254 0.205689 0.0
0.938368 0.21712 0.0
0.932037 0.229078 0.0
0.925233 0.241647 0.0
0.917928 0.254928 0.0
0.910096 0.269041 0.0
0.901715 0.28413 0.0
0.892768 0.300371 0.0
0.883253 0.317978 0.0
0.873188 0.337208 0.0
0.862625 0.358377 0.0
0.851666 0.381864 0.0
0.840493 0.408128 0.0
0.829408 0.437707 0.0
0.818891 0.471224 0.0
0.809677 0.509349 0.0
0.802852 0.552718 0.0
0.799931 0.601683 0.0
0.802767 0.655573 0.0
0.812645 0.710118 0.0
0.826319 0.74985 0.0
0.827289 0.74159 0.0
0.795236 0.682842 0.0
0.721571 0.580192 0.0
0.604132 0.422808 0.0
0.429151 0.168346 0.0
0.252389 0.0777567 0.0
0.139162 0.0456128 0.0
0.0713824 0.0315188 0.0
0.0320925 0.0452712 0.0
0.0134722 0.0620348 0.0
0.0053008 0.0675377 0.0
0.0001191 0.0562194 0.0
-0.00635194 0.0300571 0.0
-0.0153239 -0.00501867 0.0
-0.0262183 -0.0441979 0.0
-0.0378323 -0.0850281 0.0
-0.0486801 -0.125265 0.0
-0.057469 -0.163074 0.0
-0.0631619 -0.196889 0.0
-0.0649655 -0.225295 0.0
-0.0623012 -0.24704 0.0
-0.0547834 -0.260975 0.0
-0.0422172 -0.266072 0.0
-0.02455 -0.26147 0.0
-0.00177 -0.246472 0.0
0.026076 -0.22063 0.0
0.058737 -0.183842 0.0
0.0957554 -0.136494 0.0
0.136517 -0.0794524 0.0
0.180266 -0.0141105 0.0
0.225894 0.0573667 0.0
0.272087 0.131858 0.0
0.317852 0.206849 0.0
0.36251 0.280429 0.0
0.4055 0.351024 0.0
0.446344 0.417325 0.0
0.484645 0.478294 0.0
0.520099 0.533163 0.0
0.552502 0.581435 0.0
0.581752 0.622866 0.0
0.607846 0.657442 0.0
0.630867 0.685338 0.0
0.650976 0.706883 0.0
0.668391 0.722518 0.0
0.683373 0.732757 0.0
0.696211 0.738158 0.0
0.707205 0.739292 0.0
0.716656 0.73672 0.0
0.724857 0.730984 0.0
0.732079 0.722591 0.0
0.738575 0.712009 0.0
0.744565 0.699667 0.0
0.750246 0.685953 0.0
0.755781 0.671218 0.0
0.761307 0.655779 0.0
0.766932 0.63992 0.0
0.772739 0.623897 0.0
0.778791 0.60794 0.0
0.78513 0.592256 0.0
0.791785 0.577027 0.0
0.798771 0.562413 0.0
0.806097 0.548555 0.0
0.813765 0.535572 0.0
0.821771 0.523561 0.0
0.830112 0.512603 0.0
0.83878 0.502759 0.0
0.847763 0.494073 0.0
0.85705 0.486575 0.0
0.86662 0.480277 0.0
0.87645 0.475179 0.0
0.88651 0.471268 0.0
0.896762 0.468518 0.0
0.907163 0.466891 0.0
0.917661 0.466339 0.0
0.928201 0.466805 0.0
0.938723 0.468222 0.0
0.949163 0.470515 0.0
0.959458 0.473602 0.0
0.969543 0.477397 0.0
0.979358 0.481808 0.0
0.988844 0.486741 0.0
0.997949 0.492103 0.0
1.00663 0.497799 0.0
1.01484 0.503739 0.0
1.02255 0.509832 0.0
1.02973 0.515997 0.0
1.03637 0.522153 0.0
1.04246 0.528229 0.0
1.04799 0.53416 0.0
1.05298 0.539888 0.0
1.05742 0.545363 0.0
1.06134 0.550543 0.0
1.06475 0.555393 0.0
1.06768 0.559887 0.0
1.07017 0.564004 0.0
1.07223 0.567733 0.0
1.07391 0.571067 0.0
1.07524 0.574007 0.0
1.07627 0.576558 0.0
1.07702 0.578732 0.0
1.07753 0.580543 0.0
1.07786 0.582008 0.0
1.07805 0.583144 0.0
1.07812 0.583968 0.0
1.07814 0.58449 0.0
1.07814 0.584713 0.0
1.07817 0.58463 0.0
1.07827 0.584215 0.0
1.0785 0.583422 0.0
1.07889 0.582179 0.0
1.07949 0.58039 0.0
1.08034 0.577924 0.0
1.08146 0.574626 0.0
1.0829 0.570311 0.0
1.08466 0.564773 0.0
1.08676 0.557793 0.0
1.08919 0.549149 0.0
1.09195 0.538625 0.0
1.09501 0.526026 0.0
1.09834 0.511186 0.0
1.1019 0.493985 0.0
1.10563 0.474354 0.0
1.10949 0.452285 0.0
1.1134 0.427834 0.0
1.11731 0.401125 0.0
1.12116 0.372349 0.0
1.12487 0.341763 0.0
1.12838 0.309685 0.0
1.13162 0.276487 0.0
1.13452 0.242589 0.0
1.13702 0.208448 0.0
1.13905 0.174543 0.0
1.14055 0.141362 0.0
1.14144 0.109383 0.0
1.14168 0.0790524 0.0
1.14122 0.0507664 0.0
1.14003 0.0248515 0.0
1.13811 0.00154794 0.0
1.13548 -0.0189985 0.0
1.13218 -0.0367405 0.0
1.12828 -0.0517264 0.0
1.12388 -0.0640864 0.0
1.11908 -0.074015 0.0
1.11401 -0.0817504 0.0
1.10878 -0.0875553 0.0
1.10352 -0.0916986 0.0
1.09833 -0.0944414 0.0
1.09334 -0.096026 0.0
1.08862 -0.0966687 0.0
1.08426 -0.096557 0.0
1.08032 -0.0958479 0.0
1.07687 -0.0946696 0.0
1.07395 -0.0931243 0.0
1.0716 -0.0912922 0.0
1.06984 -0.0892474 0.0
1.06869 -0.0872028 0.0
0.99996 0.00395315 0.0
0.999801 0.0118879 0.0
0.999481 0.0198558 0.0
0.998999 0.0278623 0.0
0.998354 0.0359129 0.0
0.997543 0.0440138 0.0
0.996562 0.0521715 0.0
0.995409 0.0603934 0.0
0.994078 0.0686872 0.0
0.992565 0.0770617 0.0
0.990864 0.0855265 0.0
0.988969 0.0940922 0.0
0.986872 0.102771 0.0
0.984566 0.111575 0.0
0.982042 0.120521 0.0
0.97929 0.129625 0.0
0.976299 0.138905 0.0
0.973059 0.148384 0.0
0.969558 0.158087 0.0
0.965781 0.168042 0.0
0.961714 0.178282 0.0
0.957344 0.188845 0.0
0.952654 0.199774 0.0
0.947629 0.211122 0.0
0.942253 0.222948 0.0
0.936511 0.235322 0.0
0.930391 0.248327 0.0
0.923883 0.262061 0.0
0.916982 0.27664 0.0
0.909694 0.292201 0.0
0.902035 0.308907 0.0
0.894042 0.32695 0.0
0.885781 0.346561 0.0
0.877359 0.368009 0.0
0.868943 0.391607 0.0
0.860784 0.417716 0.0
0.853253 0.446735 0.0
0.846883 0.479085 0.0
0.842418 0.515167 0.0
0.84087 0.555272 0.0
0.843534 0.599387 0.0
0.851867 0.646701 0.0
0.86686 0.69412 0.0
0.886752 0.732281 0.0
0.902612 0.742329 0.0
0.901596 0.715172 0.0
0.874809 0.648314 0.0
0.81467 0.532264 0.0
0.699391 0.34915 0.0
0.54717 0.225936 0.0
0.406592 0.151238 0.0
0.29252 0.107746 0.0
0.208841 0.0920123 0.0
0.154554 0.0882014 0.0
0.121151 0.0829452 0.0
0.0987717 0.0683731 0.0
0.0802324 0.0429138 0.0
0.0622473 0.00908177 0.0
0.0440786 -0.0292353 0.0
0.0257334 -0.0700316 0.0
0.00771157 -0.111392 0.0
-0.00902464 -0.151422 0.0
-0.0234698 -0.188403 0.0
-0.0347065 -0.220741 0.0
-0.0419357 -0.24703 0.0
-0.0445066 -0.265933 0.0
-0.041981 -0.276206 0.0
-0.0341466 -0.276838 0.0
-0.0209708 -0.26706 0.0
-0.00250557 -0.246352 0.0
0.0211802 -0.214466 0.0
0.0498508 -0.171559 0.0
0.0830382 -0.118337 0.0
0.120086 -0.0560229 0.0
0.160143 0.0135933 0.0
0.201958 0.0876238 0.0
0.244285 0.16299 0.0
0.286337 0.237579 0.0
0.3275 0.309721 0.0
0.367252 0.378033 0.0
0.405145 0.441392 0.0
0.440817 0.49894 0.0
0.47399 0.550082 0.0
0.504482 0.594478 0.0
0.532198 0.63202 0.0
0.557134 0.662803 0.0
0.579358 0.687085 0.0
0.599006 0.705252 0.0
0.616265 0.717781 0.0
0.631358 0.725204 0.0
0.644531 0.728079 0.0
0.656041 0.726971 0.0
0.666144 0.722429 0.0
0.675089 0.714978 0.0
0.683108 0.705108 0.0
0.690412 0.693273 0.0
0.69719 0.679889 0.0
0.703604 0.665333 0.0
0.709794 0.649949 0.0
0.715875 0.634044 0.0
0.72194 0.617898 0.0
0.728069 0.601759 0.0
0.734322 0.585845 0.0
0.740753 0.570352 0.0
0.747406 0.555448 0.0
0.754322 0.541278 0.0
0.761539 0.527965 0.0
0.769091 0.515609 0.0
0.777009 0.504295 0.0
0.785321 0.494087 0.0
0.794048 0.485035 0.0
0.803202 0.477173 0.0
0.812788 0.470524 0.0
0.822795 0.465095 0.0
0.833204 0.460884 0.0
0.843979 0.457874 0.0
0.855075 0.456037 0.0
0.866435 0.455334 0.0
0.877993 0.455713 0.0
0.889675 0.457112 0.0
0.901403 0.459458 0.0
0.913095 0.462672 0.0
0.924672 0.466665 0.0
0.936054 0.471343 0.0
0.947167 0.476607 0.0
0.957942 0.482357 0.0
0.968316 0.488493 0.0
0.978236 0.494915 0.0
0.987657 0.501527 0.0
0.99654 0.508235 0.0
1.00486 0.514954 0.0
1.0126 0.521602 0.0
1.01974 0.528109 0.0
1.02629 0.534407 0.0
1.03225 0.540442 0.0
1.03763 0.546165 0.0
1.04245 0.551536 0.0
1.04674 0.556525 0.0
1.05052 0.561107 0.0
1.05381 0.565267 0.0
1.05667 0.568998 0.0
1.05911 0.572297 0.0
1.06119 0.575168 0.0
1.06294 0.577621 0.0
1.06441 0.57967 0.0
1.06563 0.581329 0.0
1.06666 0.582617 0.0
1.06753 0.583546 0.0
1.0683 0.584128 0.0
1.06901 0.584365 0.0
1.06971 0.584248 0.0
1.07045 0.583751 0.0
1.07128 0.582828 0.0
1.07225 0.581411 0.0
1.0734 0.579403 0.0
1.07479 0.57668 0.0
1.07644 0.573091 0.0
1.07839 0.568458 0.0
1.08067 0.562586 0.0
1.08329 0.555264 0.0
1.08625 0.546282 0.0
1.08955 0.535434 0.0
1.09317 0.522536 0.0
1.09708 0.507434 0.0
1.10125 0.490017 0.0
1.10561 0.470223 0.0
1.11012 0.44805 0.0
1.11472 0.423559 0.0
1.11933 0.396877 0.0
1.12388 0.368197 0.0
1.12831 0.337778 0.0
1.13253 0.305938 0.0
1.13648 0.273052 0.0
1.14005 0.239541 0.0
1.14319 0.205862 0.0
1.14579 0.172494 0.0
1.14778 0.139923 0.0
1.14909 0.108618 0.0
1.14966 0.0790163 0.0
1.14942 0.0514968 0.0
1.14837 0.0263639 0.0
1.14649 0.00383263 0.0
1.14382 -0.0159798 0.0
1.14041 -0.0330541 0.0
1.13636 -0.0474632 0.0
1.13177 -0.0593566 0.0
1.12676 -0.0689413 0.0
1.12148 -0.0764614 0.0
1.11604 -0.0821789 0.0
1.11059 -0.0863568 0.0
1.10523 -0.0892463 0.0
1.10008 -0.0910774 0.0
1.09524 -0.092053 0.0
1.09077 -0.0923472 0.0
1.08675 -0.0921046 0.0
1.08324 -0.0914429 0.0
1.08026 -0.0904551 0.0
1.07787 -0.0892147 0.0
1.07609 -0.0877869 0.0
1.07491 -0.0863343 0.0
0.999962 0.0040309 0.0
0.99981 0.0121216 0.0
0.999505 0.0202466 0.0
0.999047 0.0284117 0.0
0.998433 0.036623 0.0
0.997661 0.0448871 0.0
0.996728 0.0532113 0.0
0.995632 0.0616034 0.0
0.994368 0.0700717 0.0
0.992933 0.0786256 0.0
0.991321 0.0872754 0.0
0.989527 0.0960323 0.0
0.987546 0.104909 0.0
0.985371 0.113919 0.0
0.982994 0.123078 0.0
0.980409 0.132404 0.0
0.977608 0.141917 0.0
0.974582 0.151639 0.0
0.971321 0.161595 0.0
0.967817 0.171815 0.0
0.964061 0.182332 0.0
0.960043 0.193184 0.0
0.955755 0.204414 0.0
0.951188 0.216074 0.0
0.946337 0.228223 0.0
0.941198 0.240928 0.0
0.935772 0.254268 0.0
0.930065 0.268336 0.0
0.924092 0.283239 0.0
0.917879 0.299103 0.0
0.911471 0.316072 0.0
0.904935 0.334314 0.0
0.89837 0.354024 0.0
0.891919 0.375419 0.0
0.885789 0.398744 0.0
0.880264 0.424263 0.0
0.875736 0.452247 0.0
0.87273 0.482949 0.0
0.871939 0.516559 0.0
0.874241 0.553127 0.0
0.880688 0.592422 0.0
0.892402 0.633618 0.0
0.910157 0.674455 0.0
0.933076 0.709135 0.0
0.956226 0.726466 0.0
0.971149 0.717127 0.0
0.969119 0.675176 0.0
0.940533 0.594127 0.0
0.871198 0.471901 0.0
0.765461 0.361143 0.0
0.647211 0.274858 0.0
0.533325 0.212084 0.0
0.434022 0.170657 0.0
0.354511 0.143355 0.0
0.294157 0.121547 0.0
0.2483 0.0980077 0.0
0.211191 0.0689277 0.0
0.178428 0.0338165 0.0
0.148061 -0.00543429 0.0
0.119358 -0.0467849 0.0
0.0917428 -0.0890014 0.0
0.0652719 -0.130606 0.0
0.0405219 -0.170024 0.0
0.0183472 -0.205708 0.0
-0.000292492 -0.236194 0.0
-0.0144986 -0.259991 0.0
-0.0235527 -0.275619 0.0
-0.0269806 -0.281831 0.0
-0.0245804 -0.277643 0.0
-0.0163957 -0.26242 0.0
-0.00258165 -0.235899 0.0
0.0167261 -0.198105 0.0
0.0412677 -0.14952 0.0
0.0705436 -0.0911636 0.0
0.103848 -0.0246273 0.0
0.140098 0.0477802 0.0
0.177991 0.122613 0.0
0.216508 0.197387 0.0
0.254947 0.27031 0.0
0.292722 0.339917 0.0
0.329331 0.405005 0.0
0.364352 0.464634 0.0
0.397445 0.518122 0.0
0.428352 0.565039 0.0
0.456902 0.605192 0.0
0.483007 0.638592 0.0
0.506653 0.665426 0.0
0.527894 0.686021 0.0
0.546842 0.700805 0.0
0.563652 0.710277 0.0
0.57851 0.714976 0.0
0.591621 0.715454 0.0
0.6032 0.712264 0.0
0.61346 0.705938 0.0
0.622608 0.696981 0.0
0.630837 0.685867 0.0
0.638323 0.673031 0.0
0.645223 0.658875 0.0
0.651677 0.643762 0.0
0.657809 0.628019 0.0
0.663726 0.61194 0.0
0.669529 0.595786 0.0
0.675307 0.579786 0.0
0.681147 0.56414 0.0
0.687135 0.54902 0.0
0.693352 0.534573 0.0
0.699879 0.520925 0.0
0.706795 0.508181 0.0
0.714171 0.496429 0.0
0.72207 0.485742 0.0
0.730542 0.476181 0.0
0.739622 0.467792 0.0
0.749329 0.460613 0.0
0.759661 0.454667 0.0
0.770599 0.449967 0.0
0.782104 0.446511 0.0
0.794121 0.444287 0.0
0.80658 0.443265 0.0
0.8194 0.443404 0.0
0.832491 0.444648 0.0
0.845755 0.44693 0.0
0.859093 0.45017 0.0
0.872406 0.454278 0.0
0.885598 0.459156 0.0
0.898576 0.464702 0.0
0.911255 0.470808 0.0
0.923557 0.477365 0.0
0.935416 0.484265 0.0
0.946772 0.491401 0.0
0.957577 0.498671 0.0
0.967795 0.50598 0.0
0.977396 0.513237 0.0
0.986365 0.520361 0.0
0.994691 0.527279 0.0
1.00238 0.533927 0.0
1.00942 0.540249 0.0
1.01585 0.546201 0.0
1.02168 0.551745 0.0
1.02694 0.556854 0.0
1.03165 0.561509 0.0
1.03586 0.565699 0.0
1.03959 0.569418 0.0
1.04289 0.572669 0.0
1.0458 0.57546 0.0
1.04836 0.577803 0.0
1.05062 0.579712 0.0
1.05263 0.581202 0.0
1.05443 0.582287 0.0
1.05607 0.582976 0.0
1.05761 0.583269 0.0
1.0591 0.583158 0.0
1.06058 0.582615 0.0
1.06212 0.581595 0.0
1.06377 0.58003 0.0
1.06557 0.577826 0.0
1.06758 0.574863 0.0
1.06984 0.570994 0.0
1.0724 0.56605 0.0
1.07527 0.559844 0.0
1.07848 0.552175 0.0
1.08205 0.542844 0.0
1.08596 0.531657 0.0
1.09021 0.518443 0.0
1.09477 0.503058 0.0
1.0996 0.485401 0.0
1.10465 0.46542 0.0
1.10988 0.44312 0.0
1.1152 0.418569 0.0
1.12056 0.391899 0.0
1.12587 0.363307 0.0
1.13105 0.333056 0.0
1.13602 0.301468 0.0
1.14069 0.26892 0.0
1.14495 0.235836 0.0
1.14871 0.202675 0.0
1.15187 0.169915 0.0
1.15434 0.138037 0.0
1.15603 0.107501 0.0
1.15688 0.0787272 0.0
1.15682 0.0520734 0.0
1.15585 0.0278167 0.0
1.15396 0.00614136 0.0
1.15121 -0.0128675 0.0
1.14767 -0.029221 0.0
1.14345 -0.0430175 0.0
1.13866 -0.0544248 0.0
1.13345 -0.0636605 0.0
1.12797 -0.0709717 0.0
1.12236 -0.0766166 0.0
1.11674 -0.0808496 0.0
1.11125 -0.083909 0.0
1.10599 -0.0860102 0.0
1.10106 -0.0873414 0.0
1.09653 -0.0880618 0.0
1.09246 -0.0883032 0.0
1.08891 -0.0881721 0.0
1.08591 -0.0877528 0.0
1.08349 -0.0871115 0.0
1.08169 -0.0863052 0.0
1.0805 -0.0854467 0.0
0.999964 0.00410476 0.0
0.99982 0.0123437 0.0
0.999531 0.0206178 0.0
0.999097 0.0289334 0.0
0.998516 0.037297 0.0
0.997785 0.0457158 0.0
0.996903 0.0541973 0.0
0.995867 0.0627498 0.0
0.994674 0.0713822 0.0
0.99332 0.0801043 0.0
0.991802 0.0889267 0.0
0.990115 0.0978613 0.0
0.988255 0.106921 0.0
0.986217 0.11612 0.0
0.983996 0.125475 0.0
0.981586 0.135003 0.0
0.978981 0.144725 0.0
0.976176 0.154663 0.0
0.973166 0.164842 0.0
0.969945 0.175293 0.0
0.966507 0.186047 0.0
0.96285 0.197143 0.0
0.958971 0.208622 0.0
0.954869 0.220535 0.0
0.950546 0.232936 0.0
0.946009 0.24589 0.0
0.941271 0.25947 0.0
0.93635 0.273761 0.0
0.931278 0.28886 0.0
0.926098 0.304875 0.0
0.920873 0.321932 0.0
0.915692 0.340171 0.0
0.910676 0.359748 0.0
0.90599 0.380831 0.0
0.901854 0.403598 0.0
0.898561 0.428228 0.0
0.89649 0.454882 0.0
0.896128 0.483682 0.0
0.898079 0.514665 0.0
0.903072 0.547726 0.0
0.911931 0.582516 0.0
0.925492 0.618249 0.0
0.944327 0.653234 0.0
0.967995 0.683768 0.0
0.993653 0.703025 0.0
1.01567 0.703628 0.0
1.02675 0.679622 0.0
1.01838 0.626636 0.0
0.981233 0.545876 0.0
0.914699 0.459439 0.0
0.829084 0.380427 0.0
0.735839 0.313646 0.0
0.644261 0.259977 0.0
0.560774 0.217033 0.0
0.488355 0.180642 0.0
0.426801 0.146324 0.0
0.373832 0.110689 0.0
0.326565 0.0720861 0.0
0.282695 0.0305338 0.0
0.241268 -0.0126239 0.0
0.20193 -0.0562089 0.0
0.164261 -0.099258 0.0
0.128275 -0.140636 0.0
0.094443 -0.179089 0.0
0.063549 -0.213279 0.0
0.0365629 -0.241714 0.0
0.0145246 -0.262804 0.0
-0.00166497 -0.275029 0.0
-0.0114663 -0.277043 0.0
-0.0147538 -0.267916 0.0
-0.0116919 -0.247278 0.0
-0.00256282 -0.215162 0.0
0.0123849 -0.171952 0.0
0.0328387 -0.118461 0.0
0.0582424 -0.0560374 0.0
0.0877733 0.0134094 0.0
0.120172 0.0866921 0.0
0.154194 0.160769 0.0
0.189007 0.233677 0.0
0.223933 0.303849 0.0
0.258399 0.369998 0.0
0.291919 0.4311 0.0
0.324089 0.486393 0.0
0.354585 0.535365 0.0
0.383163 0.577738 0.0
0.40966 0.613445 0.0
0.433984 0.642603 0.0
0.456113 0.665473 0.0
0.476085 0.682433 0.0
0.493985 0.69394 0.0
0.509935 0.700504 0.0
0.524087 0.702662 0.0
0.536607 0.700957 0.0
0.54767 0.695922 0.0
0.55745 0.688069 0.0
0.566117 0.677883 0.0
0.573833 0.665813 0.0
0.580752 0.652275 0.0
0.587015 0.637644 0.0
0.592761 0.62226 0.0
0.598119 0.606423 0.0
0.603221 0.590399 0.0
0.608195 0.574421 0.0
0.613172 0.558687 0.0
0.618285 0.543372 0.0
0.623665 0.528625 0.0
0.629438 0.514573 0.0
0.635725 0.501331 0.0
0.642632 0.488997 0.0
0.65025 0.477659 0.0
0.658647 0.467395 0.0
0.667869 0.458274 0.0
0.677938 0.450355 0.0
0.68885 0.443682 0.0
0.700575 0.438289 0.0
0.713063 0.434196 0.0
0.726244 0.431404 0.0
0.740032 0.4299 0.0
0.754327 0.429653 0.0
0.769022 0.430614 0.0
0.784002 0.43272 0.0
0.799151 0.435892 0.0
0.814353 0.440039 0.0
0.829497 0.445059 0.0
0.844475 0.450843 0.0
0.859188 0.457275 0.0
0.873546 0.464238 0.0
0.887468 0.471612 0.0
0.900886 0.479281 0.0
0.913741 0.487132 0.0
0.925985 0.495058 0.0
0.937583 0.502959 0.0
0.94851 0.510744 0.0
0.95875 0.51833 0.0
0.968297 0.525644 0.0
0.977155 0.532624 0.0
0.985333 0.539217 0.0
0.992851 0.545381 0.0
0.99973 0.551082 0.0
1.006 0.556298 0.0
1.0117 0.561012 0.0
1.01685 0.565217 0.0
1.02151 0.568913 0.0
1.02571 0.572106 0.0
1.0295 0.574805 0.0
1.03292 0.577023 0.0
1.03603 0.578774 0.0
1.03888 0.580068 0.0
1.04152 0.580915 0.0
1.044 0.581313 0.0
1.04637 0.581251 0.0
1.04871 0.580702 0.0
1.05105 0.57962 0.0
1.05347 0.577938 0.0
1.05602 0.575564 0.0
1.05876 0.572381 0.0
1.06172 0.568247 0.0
1.06497 0.563001 0.0
1.06852 0.556463 0.0
1.07242 0.548446 0.0
1.07667 0.538758 0.0
1.08128 0.527221 0.0
1.08623 0.513675 0.0
1.09151 0.497988 0.0
1.09708 0.480071 0.0
1.10289 0.459883 0.0
1.10889 0.437438 0.0
1.11501 0.412812 0.0
1.12116 0.386145 0.0
1.12727 0.35764 0.0
1.13325 0.327566 0.0
1.13898 0.296251 0.0
1.14438 0.264079 0.0
1.14932 0.231476 0.0
1.15369 0.198903 0.0
1.15738 0.166836 0.0
1.16028 0.135747 0.0
1.1623 0.106083 0.0
1.16336 0.0782418 0.0
1.16342 0.0525544 0.0
1.16246 0.0292647 0.0
1.16052 0.00852164 0.0
1.15764 -0.00962483 0.0
1.15394 -0.0252174 0.0
1.14952 -0.0383792 0.0
1.14454 -0.0492944 0.0
1.13914 -0.058188 0.0
1.13349 -0.0653068 0.0
1.12772 -0.0709017 0.0
1.12199 -0.075215 0.0
1.11641 -0.07847 0.0
1.11108 -0.0808655 0.0
1.1061 -0.0825733 0.0
1.10154 -0.0837374 0.0
1.09746 -0.0844764 0.0
1.0939 -0.0848854 0.0
1.0909 -0.0850402 0.0
1.08849 -0.0850001 0.0
1.08668 -0.0848141 0.0
1.08548 -0.0845463 0.0
0.999966 0.00417454 0.0
0.999831 0.0125535 0.0
0.999559 0.0209685 0.0
0.99915 0.0294261 0.0
0.998602 0.0379333 0.0
0.997914 0.0464976 0.0
0.997085 0.0551268 0.0
0.996112 0.0638296 0.0
0.994992 0.0726153 0.0
0.993723 0.0814938 0.0
0.992302 0.0904763 0.0
0.990726 0.0995746 0.0
0.988991 0.108802 0.0
0.987095 0.118173 0.0
0.985033 0.127705 0.0
0.982802 0.137414 0.0
0.9804 0.147321 0.0
0.977822 0.157449 0.0
0.975066 0.167822 0.0
0.972131 0.17847 0.0
0.969016 0.189423 0.0
0.965722 0.200718 0.0
0.962251 0.212397 0.0
0.958611 0.224503 0.0
0.95481 0.237091 0.0
0.950863 0.250218 0.0
0.946792 0.263951 0.0
0.942627 0.278366 0.0
0.938411 0.293545 0.0
0.934199 0.309582 0.0
0.930069 0.326581 0.0
0.92612 0.344652 0.0
0.922487 0.363917 0.0
0.919339 0.384495 0.0
0.9169 0.406509 0.0
0.915448 0.430062 0.0
0.915333 0.455233 0.0
0.916983 0.482043 0.0
0.920905 0.510429 0.0
0.927682 0.540193 0.0
0.937939 0.570934 0.0
0.952275 0.601935 0.0
0.971083 0.631905 0.0
0.994104 0.658407 0.0
1.01962 0.677212 0.0
1.04391 0.683133 0.0
1.06153 0.671416 0.0
1.06587 0.638868 0.0
1.05038 0.586287 0.0
1.01274 0.5232 0.0
0.956624 0.4584 0.0
0.888357 0.397185 0.0
0.814433 0.34194 0.0
0.740252 0.292737 0.0
0.669459 0.248151 0.0
0.603767 0.206062 0.0
0.543242 0.164445 0.0
0.486914 0.121925 0.0
0.433479 0.0779998 0.0
0.381866 0.0329503 0.0
0.331691 -0.0122697 0.0
0.283006 -0.056843 0.0
0.235875 -0.0999346 0.0
0.190556 -0.140641 0.0
0.147624 -0.1779 0.0
0.107949 -0.210432 0.0
0.0726252 -0.236724 0.0
0.0428048 -0.255098 0.0
0.0194954 -0.263864 0.0
0.00334957 -0.261663 0.0
-0.00550887 -0.247735 0.0
-0.00739431 -0.221949 0.0
-0.00275781 -0.184749 0.0
0.00801802 -0.136893 0.0
0.0245422 -0.0795331 0.0
0.0462155 -0.0142991 0.0
0.0719599 0.0562576 0.0
0.100478 0.128663 0.0
0.130739 0.200708 0.0
0.161941 0.27069 0.0
0.193415 0.337217 0.0
0.224598 0.399178 0.0
0.255017 0.455726 0.0
0.284281 0.506271 0.0
0.31208 0.550454 0.0
0.338177 0.588135 0.0
0.36241 0.619357 0.0
0.384682 0.644317 0.0
0.404961 0.663339 0.0
0.423263 0.676833 0.0
0.439648 0.685275 0.0
0.45421 0.689177 0.0
0.467066 0.689066 0.0
0.47835 0.685467 0.0
0.488205 0.678889 0.0
0.49678 0.66982 0.0
0.504226 0.658713 0.0
0.510697 0.645986 0.0
0.516347 0.632019 0.0
0.521336 0.61715 0.0
0.52583 0.60168 0.0
0.529999 0.585872 0.0
0.53402 0.569953 0.0
0.538074 0.554123 0.0
0.542342 0.538555 0.0
0.547001 0.523404 0.0
0.552215 0.508807 0.0
0.558133 0.494892 0.0
0.564882 0.481779 0.0
0.572562 0.469579 0.0
0.581242 0.458397 0.0
0.590964 0.448329 0.0
0.601735 0.43946 0.0
0.613537 0.431863 0.0
0.626325 0.425595 0.0
0.640031 0.420696 0.0
0.654567 0.417186 0.0
0.669832 0.415066 0.0
0.68571 0.414313 0.0
0.702082 0.414888 0.0
0.71882 0.416728 0.0
0.735798 0.419757 0.0
0.752889 0.423881 0.0
0.769971 0.428992 0.0
0.786928 0.434976 0.0
0.803651 0.441707 0.0
0.820041 0.449058 0.0
0.836008 0.456901 0.0
0.851475 0.465107 0.0
0.866374 0.473552 0.0
0.88065 0.482117 0.0
0.894259 0.490692 0.0
0.90717 0.499174 0.0
0.919359 0.507471 0.0
0.930815 0.5155 0.0
0.941537 0.52319 0.0
0.951528 0.530481 0.0
0.960804 0.537324 0.0
0.969385 0.54368 0.0
0.977296 0.549519 0.0
0.984569 0.554823 0.0
0.99124 0.559579 0.0
0.997349 0.563786 0.0
1.00294 0.567444 0.0
1.00805 0.570563 0.0
1.01274 0.573151 0.0
1.01705 0.575221 0.0
1.02105 0.576782 0.0
1.02477 0.57784 0.0
1.02829 0.578393 0.0
1.03166 0.578427 0.0
1.03494 0.577913 0.0
1.03819 0.576807 0.0
1.04148 0.575039 0.0
1.04487 0.572521 0.0
1.04842 0.569139 0.0
1.05219 0.564757 0.0
1.05622 0.559219 0.0
1.06055 0.552355 0.0
1.06522 0.543987 0.0
1.07025 0.533939 0.0
1.07564 0.522042 0.0
1.08139 0.50815 0.0
1.08747 0.492146 0.0
1.09386 0.473954 0.0
1.10051 0.453543 0.0
1.10735 0.43094 0.0
1.11431 0.406231 0.0
1.12132 0.379565 0.0
1.12827 0.351157 0.0
1.13506 0.321282 0.0
1.14158 0.290278 0.0
1.1477 0.258534 0.0
1.1533 0.226482 0.0
1.15824 0.194584 0.0
1.1624 0.163308 0.0
1.16566 0.133117 0.0
1.16792 0.104435 0.0
1.16911 0.0776351 0.0
1.1692 0.0530121 0.0
1.16819 0.0307726 0.0
1.16613 0.0110262 0.0
1.16308 -0.00621389 0.0
1.15918 -0.0210217 0.0
1.15457 -0.033543 0.0
1.14939 -0.0439747 0.0
1.14383 -0.0525458 0.0
1.13803 -0.0594984 0.0
1.13216 -0.0650726 0.0
1.12634 -0.0694955 0.0
1.12071 -0.0729731 0.0
1.11536 -0.0756863 0.0
1.11038 -0.0777895 0.0
1.10583 -0.0794113 0.0
1.10177 -0.0806569 0.0
1.09823 -0.0816106 0.0
1.09526 -0.0823398 0.0
1.09286 -0.0828975 0.0
1.09107 -0.0833249 0.0
1.08988 -0.0836391 0.0
0.999968 0.0042401 0.0
0.999841 0.0127506 0.0
0.999587 0.021298 0.0
0.999203 0.0298889 0.0
0.998691 0.0385307 0.0
0.998048 0.047231 0.0
0.997272 0.0559981 0.0
0.996363 0.0648408 0.0
0.995319 0.0737685 0.0
0.994136 0.0827915 0.0
0.992815 0.091921 0.0
0.991352 0.101169 0.0
0.989745 0.110549 0.0
0.987993 0.120075 0.0
0.986093 0.129764 0.0
0.984044 0.139634 0.0
0.981845 0.149703 0.0
0.979496 0.159994 0.0
0.976996 0.170532 0.0
0.974347 0.181343 0.0
0.971552 0.192459 0.0
0.968617 0.203912 0.0
0.965549 0.215741 0.0
0.96236 0.227989 0.0
0.959065 0.240702 0.0
0.955686 0.253933 0.0
0.952251 0.267742 0.0
0.9488 0.282192 0.0
0.945381 0.297354 0.0
0.942061 0.313305 0.0
0.938922 0.330127 0.0
0.936071 0.347905 0.0
0.933645 0.366725 0.0
0.931811 0.386668 0.0
0.930781 0.407806 0.0
0.930812 0.430187 0.0
0.932211 0.453823 0.0
0.935343 0.478671 0.0
0.94062 0.504602 0.0
0.948494 0.53137 0.0
0.959424 0.558569 0.0
0.973823 0.585564 0.0
0.991936 0.611356 0.0
1.01357 0.634296 0.0
1.03765 0.651732 0.0
1.06173 0.660241 0.0
1.08201 0.656409 0.0
1.09372 0.637817 0.0
1.09211 0.604445 0.0
1.07447 0.560322 0.0
1.04136 0.510509 0.0
0.995643 0.459058 0.0
0.941141 0.408492 0.0
0.881614 0.359893 0.0
0.820131 0.313271 0.0
0.758769 0.267995 0.0
0.698583 0.223223 0.0
0.639801 0.178258 0.0
0.582141 0.132761 0.0
0.525147 0.0867968 0.0
0.468446 0.0407594 0.0
0.411961 -0.00470156 0.0
0.355964 -0.0489484 0.0
0.300925 -0.0912699 0.0
0.247435 -0.130848 0.0
0.196302 -0.166675 0.0
0.148593 -0.19745 0.0
0.105587 -0.221547 0.0
0.0686081 -0.237127 0.0
0.0387849 -0.24243 0.0
0.0168025 -0.236127 0.0
0.00277693 -0.217646 0.0
-0.00368848 -0.187223 0.0
-0.00320865 -0.145675 0.0
0.00367921 -0.0941637 0.0
0.016492 -0.0341545 0.0
0.0344696 0.0323911 0.0
0.0564301 0.102051 0.0
0.0811765 0.172312 0.0
0.107757 0.241303 0.0
0.135383 0.307503 0.0
0.163397 0.369695 0.0
0.191247 0.426941 0.0
0.218472 0.478567 0.0
0.24469 0.524141 0.0
0.269598 0.563444 0.0
0.292963 0.59645 0.0
0.314622 0.623293 0.0
0.334471 0.644235 0.0
0.352464 0.659642 0.0
0.3686 0.669946 0.0
0.382918 0.675627 0.0
0.395489 0.677188 0.0
0.406412 0.675138 0.0
0.415803 0.669972 0.0
0.423796 0.662168 0.0
0.430543 0.652172 0.0
0.436208 0.640393 0.0
0.44097 0.627201 0.0
0.445024 0.612926 0.0
0.448576 0.597859 0.0
0.451846 0.582254 0.0
0.45506 0.566336 0.0
0.458442 0.550303 0.0
0.462214 0.534336 0.0
0.466578 0.5186 0.0
0.471718 0.503256 0.0
0.477788 0.488455 0.0
0.484909 0.474346 0.0
0.493167 0.461074 0.0
0.502614 0.448775 0.0
0.513264 0.437579 0.0
0.525104 0.427599 0.0
0.53809 0.418935 0.0
0.552157 0.411668 0.0
0.56722 0.405855 0.0
0.583177 0.401534 0.0
0.599917 0.398714 0.0
0.617319 0.397384 0.0
0.635258 0.397506 0.0
0.653606 0.399024 0.0
0.672232 0.401857 0.0
0.691011 0.405911 0.0
0.709819 0.411073 0.0
0.728538 0.41722 0.0
0.747055 0.424222 0.0
0.765269 0.43194 0.0
0.783085 0.440236 0.0
0.800419 0.448971 0.0
0.817199 0.458009 0.0
0.833362 0.467221 0.0
0.848858 0.476483 0.0
0.863647 0.485684 0.0
0.877701 0.494719 0.0
0.891001 0.503496 0.0
0.903537 0.511936 0.0
0.915311 0.51997 0.0
0.92633 0.527541 0.0
0.93661 0.534603 0.0
0.946174 0.541121 0.0
0.955049 0.547072 0.0
0.963269 0.552439 0.0
0.970871 0.557215 0.0
0.977897 0.5614 0.0
0.984393 0.564997 0.0
0.990407 0.568014 0.0
0.99599 0.57046 0.0
1.0012 0.572343 0.0
1.00609 0.573664 0.0
1.01072 0.57442 0.0
1.01516 0.574594 0.0
1.01947 0.574157 0.0
1.02372 0.573061 0.0
1.02797 0.571239 0.0
1.0323 0.568604 0.0
1.03676 0.565043 0.0
1.04142 0.560428 0.0
1.04634 0.554608 0.0
1.05154 0.547423 0.0
1.05709 0.538706 0.0
1.06299 0.528293 0.0
1.06926 0.516029 0.0
1.07589 0.501782 0.0
1.08287 0.48545 0.0
1.09016 0.46697 0.0
1.09772 0.446327 0.0
1.10547 0.423561 0.0
1.11334 0.398771 0.0
1.12124 0.372119 0.0
1.12907 0.34383 0.0
1.13669 0.314193 0.0
1.14398 0.283555 0.0
1.1508 0.252313 0.0
1.15701 0.220902 0.0
1.16245 0.189781 0.0
1.16699 0.159412 0.0
1.17051 0.130235 0.0
1.17291 0.102652 0.0
1.17414 0.0769985 0.0
1.17417 0.05353 0.0
1.17302 0.0324106 0.0
1.17077 0.0137083 0.0
1.16751 -0.00260012 0.0
1.1634 -0.0166184 0.0
1.15858 -0.0285109 0.0
1.15323 -0.0384834 0.0
1.14752 -0.0467635 0.0
1.14162 -0.0535847 0.0
1.13568 -0.0591729 0.0
1.12984 -0.0637372 0.0
1.1242 -0.0674645 0.0
1.11887 -0.0705168 0.0
1.11393 -0.0730308 0.0
1.10943 -0.07512 0.0
1.10542 -0.0768765 0.0
1.10194 -0.0783744 0.0
1.09901 -0.0796731 0.0
1.09666 -0.0808198 0.0
1.09489 -0.0818484 0.0
1.09371 -0.0827309 0.0
0.99997 0.00430135 0.0
0.999852 0.0129348 0.0
0.999615 0.0216057 0.0
0.999258 0.030321 0.0
0.998781 0.0390882 0.0
0.998183 0.047915 0.0
0.997462 0.05681 0.0
0.996619 0.0657819 0.0
0.99565 0.0748404 0.0
0.994556 0.0839958 0.0
0.993335 0.0932592 0.0
0.991986 0.102643 0.0
0.990508 0.11216 0.0
0.988901 0.121824 0.0
0.987164 0.131652 0.0
0.985297 0.141661 0.0
0.983301 0.15187 0.0
0.981178 0.1623 0.0
0.978931 0.172974 0.0
0.976565 0.183917 0.0
0.974084 0.19516 0.0
0.9715 0.206731 0.0
0.968822 0.218668 0.0
0.966067 0.231007 0.0
0.963255 0.243791 0.0
0.960413 0.257065 0.0
0.957576 0.270882 0.0
0.954786 0.285293 0.0
0.952099 0.300358 0.0
0.949585 0.316136 0.0
0.947329 0.33269 0.0
0.945439 0.350082 0.0
0.944047 0.368367 0.0
0.943312 0.387594 0.0
0.943429 0.407794 0.0
0.944623 0.428974 0.0
0.947162 0.451099 0.0
0.951343 0.474082 0.0
0.957496 0.497761 0.0
0.96596 0.521873 0.0
0.977064 0.546032 0.0
0.991079 0.569688 0.0
1.00814 0.592062 0.0
1.02808 0.61201 0.0
1.05018 0.627845 0.0
1.07285 0.637377 0.0
1.09355 0.638295 0.0
1.10896 0.628797 0.0
1.11566 0.608383 0.0
1.11112 0.578565 0.0
1.09456 0.54194 0.0
1.06679 0.501106 0.0
1.02967 0.458074 0.0
0.985394 0.41411 0.0
0.936107 0.369825 0.0
0.88354 0.32537 0.0
0.828912 0.280662 0.0
0.772932 0.23558 0.0
0.715917 0.190112 0.0
0.657946 0.144411 0.0
0.59901 0.0987822 0.0
0.539131 0.0536397 0.0
0.478429 0.0094093 0.0
0.417245 -0.0334043 0.0
0.356226 -0.0742054 0.0
0.296235 -0.112194 0.0
0.23834 -0.146326 0.0
0.183854 -0.175178 0.0
0.134289 -0.196952 0.0
0.0911662 -0.209658 0.0
0.055733 -0.211483 0.0
0.0286996 -0.201231 0.0
0.0101351 -0.178608 0.0
-0.000427311 -0.144208 0.0
-0.00371394 -0.0992323 0.0
-0.000409459 -0.0452031 0.0
0.00887121 0.0161815 0.0
0.0232128 0.0819589 0.0
0.0414356 0.149435 0.0
0.062459 0.216576 0.0
0.0853596 0.281704 0.0
0.109366 0.343474 0.0
0.133832 0.400845 0.0
0.158218 0.453053 0.0
0.182071 0.499585 0.0
0.205016 0.540147 0.0
0.226756 0.574642 0.0
0.247061 0.603137 0.0
0.265764 0.625838 0.0
0.28276 0.643052 0.0
0.297992 0.655167 0.0
0.311455 0.662625 0.0
0.323182 0.665892 0.0
0.333243 0.66545 0.0
0.341743 0.66177 0.0
0.348813 0.655306 0.0
0.354618 0.646483 0.0
0.359346 0.635689 0.0
0.363211 0.623277 0.0
0.366449 0.609558 0.0
0.369313 0.59481 0.0
0.372065 0.579281 0.0
0.374967 0.563194 0.0
0.378271 0.546758 0.0
0.382211 0.53017 0.0
0.386991 0.513622 0.0
0.392782 0.497304 0.0
0.399712 0.481406 0.0
0.407872 0.466114 0.0
0.417308 0.45161 0.0
0.428035 0.438066 0.0
0.44003 0.425642 0.0
0.453247 0.414479 0.0
0.467617 0.404699 0.0
0.483054 0.3964 0.0
0.499462 0.389653 0.0
0.516734 0.384506 0.0
0.53476 0.380976 0.0
0.553425 0.379055 0.0
0.572611 0.37871 0.0
0.592201 0.379883 0.0
0.612078 0.382495 0.0
0.632125 0.386447 0.0
0.652228 0.391625 0.0
0.672278 0.3979 0.0
0.692167 0.405135 0.0
0.711797 0.413184 0.0
0.731074 0.4219 0.0
0.749912 0.431135 0.0
0.768236 0.440742 0.0
0.785978 0.450582 0.0
0.803083 0.460521 0.0
0.819503 0.470436 0.0
0.835202 0.480213 0.0
0.850154 0.48975 0.0
0.864343 0.498957 0.0
0.877762 0.507757 0.0
0.890411 0.516085 0.0
0.902301 0.523888 0.0
0.913447 0.531126 0.0
0.923872 0.537767 0.0
0.933606 0.54379 0.0
0.942683 0.549185 0.0
0.951142 0.553945 0.0
0.959027 0.558071 0.0
0.966385 0.561568 0.0
0.973268 0.56444 0.0
0.979731 0.566692 0.0
0.985834 0.568322 0.0
0.99164 0.569323 0.0
0.997213 0.569677 0.0
1.00262 0.569352 0.0
1.00794 0.568299 0.0
1.01324 0.566451 0.0
1.01858 0.56372 0.0
1.02405 0.559999 0.0
1.0297 0.555163 0.0
1.03559 0.54907 0.0
1.04177 0.541568 0.0
1.04829 0.532503 0.0
1.05516 0.521722 0.0
1.06241 0.509086 0.0
1.07002 0.494478 0.0
1.07798 0.477811 0.0
1.08626 0.45904 0.0
1.0948 0.438165 0.0
1.10353 0.415242 0.0
1.11236 0.390387 0.0
1.12118 0.363775 0.0
1.12988 0.335649 0.0
1.13832 0.30631 0.0
1.14635 0.276116 0.0
1.15381 0.245471 0.0
1.16054 0.214813 0.0
1.16637 0.184592 0.0
1.17118 0.155254 0.0
1.17484 0.127217 0.0
1.17726 0.100846 0.0
1.1784 0.076436 0.0
1.17827 0.0541975 0.0
1.17691 0.034249 0.0
1.17441 0.0166167 0.0
1.17092 0.00124273 0.0
1.16657 -0.0120019 0.0
1.16156 -0.0232957 0.0
1.15606 -0.0328474 0.0
1.15025 -0.040879 0.0
1.14429 -0.0476107 0.0
1.13833 -0.0532508 0.0
1.13251 -0.0579889 0.0
1.12692 -0.0619914 0.0
1.12166 -0.065401 0.0
1.11679 -0.0683372 0.0
1.11238 -0.0708986 0.0
1.10846 -0.0731652 0.0
1.10505 -0.0752016 0.0
1.10219 -0.0770599 0.0
1.0999 -0.0787818 0.0
1.09817 -0.0803947 0.0
1.097 -0.0818275 0.0
0.999973 0.00435823 0.0
0.999863 0.0131059 0.0
0.999643 0.0218915 0.0
0.999313 0.0307221 0.0
0.998872 0.0396053 0.0
0.998319 0.0485491 0.0
0.997654 0.0575617 0.0
0.996875 0.0666523 0.0
0.995983 0.0758303 0.0
0.994978 0.085106 0.0
0.993857 0.0944904 0.0
0.992622 0.103996 0.0
0.991273 0.113634 0.0
0.989809 0.12342 0.0
0.988233 0.133369 0.0
0.986546 0.143498 0.0
0.984751 0.153824 0.0
0.982851 0.164368 0.0
0.980851 0.175152 0.0
0.978759 0.186198 0.0
0.976583 0.197535 0.0
0.974335 0.209189 0.0
0.97203 0.221193 0.0
0.969688 0.233579 0.0
0.967332 0.246386 0.0
0.964992 0.259652 0.0
0.962707 0.273418 0.0
0.960522 0.28773 0.0
0.958496 0.302633 0.0
0.956699 0.318172 0.0
0.955216 0.334392 0.0
0.954152 0.351334 0.0
0.95363 0.369029 0.0
0.953798 0.387499 0.0
0.954827 0.406745 0.0
0.956913 0.426741 0.0
0.96028 0.447426 0.0
0.965168 0.468685 0.0
0.971833 0.490341 0.0
0.980524 0.512137 0.0
0.99147 0.533718 0.0
1.00484 0.554619 0.0
1.02068 0.574227 0.0
1.03885 0.591731 0.0
1.05885 0.606032 0.0
1.07962 0.615743 0.0
1.0995 0.619353 0.0
1.11625 0.615568 0.0
1.12743 0.603742 0.0
1.13093 0.584246 0.0
1.12552 0.558231 0.0
1.11096 0.527145 0.0
1.08778 0.492336 0.0
1.05704 0.454861 0.0
1.01995 0.415454 0.0
0.977672 0.374583 0.0
0.9312 0.33255 0.0
0.88128 0.289593 0.0
0.828433 0.24596 0.0
0.773018 0.201949 0.0
0.71529 0.157908 0.0
0.655471 0.114212 0.0
0.593789 0.0712206 0.0
0.530507 0.0292507 0.0
0.465979 -0.0113134 0.0
0.40085 -0.0499662 0.0
0.336133 -0.0859407 0.0
0.273113 -0.118059 0.0
0.213344 -0.144737 0.0
0.158577 -0.163983 0.0
0.110527 -0.173675 0.0
0.0705466 -0.172025 0.0
0.0393508 -0.158054 0.0
0.0169525 -0.131801 0.0
0.00282365 -0.0942231 0.0
-0.00383891 -0.0468543 0.0
-0.00382407 0.00853714 0.0
0.00205174 0.0693858 0.0
0.0127858 0.133051 0.0
0.0272996 0.197423 0.0
0.0445743 0.260682 0.0
0.0637226 0.321341 0.0
0.083995 0.378238 0.0
0.10476 0.430508 0.0
0.125488 0.47755 0.0
0.145735 0.51899 0.0
0.165136 0.554658 0.0
0.183401 0.584552 0.0
0.200307 0.608814 0.0
0.215695 0.627692 0.0
0.229468 0.641521 0.0
0.241583 0.650693 0.0
0.25205 0.655631 0.0
0.260926 0.656774 0.0
0.268317 0.654556 0.0
0.274369 0.649397 0.0
0.279269 0.641687 0.0
0.283241 0.631786 0.0
0.286535 0.62002 0.0
0.289428 0.606683 0.0
0.292206 0.592043 0.0
0.295156 0.576347 0.0
0.29855 0.559832 0.0
0.302638 0.542728 0.0
0.307635 0.525264 0.0
0.31371 0.507672 0.0
0.320989 0.490184 0.0
0.32955 0.473035 0.0
0.339425 0.456451 0.0
0.350609 0.440653 0.0
0.363063 0.425844 0.0
0.376723 0.412209 0.0
0.391508 0.39991 0.0
0.407323 0.389082 0.0
0.424071 0.379831 0.0
0.441649 0.372235 0.0
0.459958 0.366342 0.0
0.4789 0.362172 0.0
0.498378 0.359717 0.0
0.518298 0.358942 0.0
0.538567 0.359791 0.0
0.559094 0.362183 0.0
0.579787 0.366019 0.0
0.600554 0.371182 0.0
0.621304 0.377543 0.0
0.641945 0.38496 0.0
0.66239 0.393284 0.0
0.682552 0.402361 0.0
0.702351 0.412037 0.0
0.721709 0.422158 0.0
0.740559 0.432575 0.0
0.758838 0.443145 0.0
0.776494 0.453736 0.0
0.793483 0.464225 0.0
0.80977 0.474499 0.0
0.825329 0.48446 0.0
0.840144 0.49402 0.0
0.854208 0.503108 0.0
0.867521 0.511662 0.0
0.880092 0.519634 0.0
0.891938 0.526987 0.0
0.903079 0.533694 0.0
0.913547 0.539737 0.0
0.923374 0.545106 0.0
0.932602 0.549798 0.0
0.941275 0.55381 0.0
0.949445 0.557145 0.0
0.957165 0.559802 0.0
0.964496 0.561777 0.0
0.971501 0.563057 0.0
0.978248 0.563622 0.0
0.984808 0.563437 0.0
0.991254 0.56245 0.0
0.997662 0.560595 0.0
1.0041 0.557786 0.0
1.01065 0.553918 0.0
1.01738 0.54887 0.0
1.02434 0.542509 0.0
1.0316 0.534693 0.0
1.03918 0.525279 0.0
1.04712 0.514129 0.0
1.05544 0.501118 0.0
1.06412 0.486148 0.0
1.07315 0.469148 0.0
1.08249 0.45009 0.0
1.09207 0.428995 0.0
1.10182 0.405938 0.0
1.11163 0.381051 0.0
1.12138 0.35453 0.0
1.13094 0.326634 0.0
1.14015 0.297679 0.0
1.14884 0.268033 0.0
1.15683 0.238105 0.0
1.16395 0.208329 0.0
1.17005 0.179144 0.0
1.17497 0.150972 0.0
1.17862 0.124197 0.0
1.18092 0.0991425 0.0
1.18186 0.0760574 0.0
1.18147 0.0551029 0.0
1.17982 0.0363512 0.0
1.17704 0.0197889 0.0
1.17328 0.00532795 0.0
1.16872 -0.00718025 0.0
1.16353 -0.0179224 0.0
1.15792 -0.0271048 0.0
1.15205 -0.0349382 0.0
1.14608 -0.0416265 0.0
1.14016 -0.0473579 0.0
1.13441 -0.0523006 0.0
1.12891 -0.0566006 0.0
1.12376 -0.0603815 0.0
1.11902 -0.0637464 0.0
1.11472 -0.0667798 0.0
1.11091 -0.0695506 0.0
1.10761 -0.0721148 0.0
1.10484 -0.074518 0.0
1.10262 -0.076797 0.0
1.10094 -0.078973 0.0
1.09979 -0.0809341 0.0
0.999975 0.00441073 0.0
0.999874 0.0132638 0.0
0.999672 0.0221552 0.0
0.999368 0.0310921 0.0
0.998963 0.0400822 0.0
0.998455 0.0491331 0.0
0.997844 0.0582535 0.0
0.997131 0.0674521 0.0
0.996315 0.0767384 0.0
0.995397 0.0861225 0.0
0.994376 0.0956152 0.0
0.993253 0.105228 0.0
0.99203 0.114974 0.0
0.990709 0.124866 0.0
0.989291 0.134918 0.0
0.98778 0.145148 0.0
0.986179 0.155571 0.0
0.984495 0.166206 0.0
0.982735 0.177074 0.0
0.980907 0.188197 0.0
0.979022 0.199597 0.0
0.977095 0.211301 0.0
0.975143 0.223337 0.0
0.973187 0.235733 0.0
0.971254 0.248521 0.0
0.969377 0.261733 0.0
0.967596 0.275404 0.0
0.965957 0.289568 0.0
0.964519 0.30426 0.0
0.963351 0.319511 0.0
0.962536 0.335351 0.0
0.962171 0.351804 0.0
0.962369 0.368882 0.0
0.963262 0.386585 0.0
0.965 0.404892 0.0
0.96775 0.423758 0.0
0.971693 0.4431 0.0
0.977021 0.462794 0.0
0.983928 0.482661 0.0
0.992593 0.502459 0.0
1.00317 0.521874 0.0
1.01575 0.540514 0.0
1.03034 0.557896 0.0
1.0468 0.573429 0.0
1.06476 0.58638 0.0
1.08352 0.595862 0.0
1.10197 0.600903 0.0
1.11863 0.600605 0.0
1.13179 0.59437 0.0
1.13981 0.582097 0.0
1.14143 0.564169 0.0
1.13594 0.541267 0.0
1.12316 0.514165 0.0
1.10334 0.483596 0.0
1.07697 0.45018 0.0
1.04467 0.414431 0.0
1.00706 0.376785 0.0
0.9647 0.337639 0.0
0.918079 0.297382 0.0
0.86761 0.256412 0.0
0.813653 0.21513 0.0
0.756538 0.173925 0.0
0.696582 0.133144 0.0
0.634106 0.0930855 0.0
0.569457 0.0540283 0.0
0.503048 0.0162298 0.0
0.43546 -0.0198305 0.0
0.367679 -0.0533681 0.0
0.301145 -0.083125 0.0
0.237623 -0.107307 0.0
0.179073 -0.123751 0.0
0.127372 -0.130268 0.0
0.0839432 -0.125186 0.0
0.0494813 -0.107809 0.0
0.0239438 -0.0785489 0.0
0.00675655 -0.0386788 0.0
-0.0029113 0.0100146 0.0
-0.00598448 0.0651057 0.0
-0.00344232 0.124055 0.0
0.00371378 0.184749 0.0
0.0144921 0.245303 0.0
0.0279482 0.304116 0.0
0.0432375 0.359902 0.0
0.0596357 0.411681 0.0
0.0765298 0.458755 0.0
0.0934051 0.500663 0.0
0.109834 0.537154 0.0
0.125471 0.568154 0.0
0.140043 0.593733 0.0
0.153354 0.614074 0.0
0.165272 0.629448 0.0
0.175735 0.640188 0.0
0.184743 0.646661 0.0
0.192358 0.649252 0.0
0.198699 0.648347 0.0
0.203935 0.644318 0.0
0.208285 0.637517 0.0
0.212002 0.628269 0.0
0.215368 0.616876 0.0
0.218682 0.603621 0.0
0.222238 0.588771 0.0
0.226318 0.572589 0.0
0.231174 0.55534 0.0
0.237016 0.53729 0.0
0.244005 0.518716 0.0
0.25225 0.4999 0.0
0.261804 0.481122 0.0
0.272676 0.462664 0.0
0.28483 0.444793 0.0
0.298195 0.427761 0.0
0.312681 0.411796 0.0
0.32818 0.397098 0.0
0.344578 0.383839 0.0
0.361763 0.372153 0.0
0.379628 0.362147 0.0
0.398076 0.353892 0.0
0.417021 0.347431 0.0
0.436387 0.342776 0.0
0.456108 0.339914 0.0
0.476124 0.338809 0.0
0.49638 0.339399 0.0
0.516824 0.341605 0.0
0.537399 0.345328 0.0
0.558051 0.350454 0.0
0.578719 0.356854 0.0
0.599338 0.364388 0.0
0.61984 0.372908 0.0
0.640156 0.382258 0.0
0.660215 0.392282 0.0
0.679947 0.402822 0.0
0.699283 0.413724 0.0
0.71816 0.424839 0.0
0.736519 0.436027 0.0
0.75431 0.447155 0.0
0.771488 0.458104 0.0
0.788018 0.468766 0.0
0.803872 0.479045 0.0
0.819032 0.48886 0.0
0.833488 0.498141 0.0
0.84724 0.506833 0.0
0.860292 0.514891 0.0
0.87266 0.522281 0.0
0.884365 0.528978 0.0
0.895435 0.534968 0.0
0.905905 0.540239 0.0
0.915815 0.544785 0.0
0.925214 0.548602 0.0
0.934154 0.551685 0.0
0.942693 0.554024 0.0
0.950896 0.555603 0.0
0.958829 0.556396 0.0
0.966566 0.556366 0.0
0.974182 0.555459 0.0
0.981752 0.553609 0.0
0.989353 0.550729 0.0
0.99706 0.546718 0.0
1.00494 0.541462 0.0
1.01306 0.534835 0.0
1.02147 0.526705 0.0
1.03021 0.516942 0.0
1.03931 0.505423 0.0
1.04878 0.49204 0.0
1.05861 0.476711 0.0
1.06877 0.459389 0.0
1.07922 0.440064 0.0
1.08988 0.418778 0.0
1.10066 0.395628 0.0
1.11145 0.370768 0.0
1.12209 0.344415 0.0
1.13244 0.316844 0.0
1.14231 0.288386 0.0
1.15153 0.259418 0.0
1.15991 0.230349 0.0
1.16727 0.201602 0.0
1.17345 0.173597 0.0
1.17832 0.146722 0.0
1.18179 0.121322 0.0
1.18384 0.0976722 0.0
1.18445 0.075969 0.0
1.18372 0.0563244 0.0
1.18173 0.0387663 0.0
1.17863 0.0232463 0.0
1.17461 0.00965202 0.0
1.16985 -0.00217679 0.0
1.16453 -0.0124291 0.0
1.15885 -0.021303 0.0
1.15298 -0.028994 0.0
1.14706 -0.0356864 0.0
1.14123 -0.0415468 0.0
1.1356 -0.0467218 0.0
1.13024 -0.051337 0.0
1.12525 -0.0554981 0.0
1.12066 -0.0592927 0.0
1.11651 -0.0627927 0.0
1.11284 -0.0660569 0.0
1.10966 -0.0691338 0.0
1.107 -0.0720629 0.0
1.10485 -0.074877 0.0
1.10323 -0.0775914 0.0
1.10211 -0.0800556 0.0
0.999977 0.00445889 0.0
0.999885 0.0134086 0.0
0.9997 0.0223971 0.0
0.999423 0.0314314 0.0
0.999052 0.0405189 0.0
0.998589 0.0496677 0.0
0.998033 0.0588858 0.0
0.997384 0.0681821 0.0
0.996642 0.0775657 0.0
0.995809 0.0870466 0.0
0.994886 0.0966352 0.0
0.993874 0.106343 0.0
0.992775 0.116181 0.0
0.991591 0.126163 0.0
0.990327 0.136303 0.0
0.988986 0.146615 0.0
0.987574 0.157115 0.0
0.986098 0.167821 0.0
0.984566 0.178751 0.0
0.982989 0.189925 0.0
0.981379 0.201363 0.0
0.979754 0.213089 0.0
0.978131 0.225125 0.0
0.976534 0.237498 0.0
0.974991 0.250232 0.0
0.973535 0.263355 0.0
0.972207 0.276892 0.0
0.971054 0.290871 0.0
0.970133 0.305315 0.0
0.96951 0.320246 0.0
0.969262 0.33568 0.0
0.969478 0.351625 0.0
0.970262 0.36808 0.0
0.971727 0.385028 0.0
0.974002 0.402435 0.0
0.977226 0.420241 0.0
0.981545 0.438354 0.0
0.987109 0.456648 0.0
0.994062 0.474949 0.0
1.00253 0.493038 0.0
1.01261 0.510641 0.0
1.02434 0.52743 0.0
1.03771 0.543023 0.0
1.05257 0.55698 0.0
1.06865 0.568793 0.0
1.08545 0.577886 0.0
1.10225 0.583631 0.0
1.11804 0.585425 0.0
1.13164 0.582787 0.0
1.14183 0.575469 0.0
1.14752 0.563492 0.0
1.14787 0.547089 0.0
1.14236 0.526633 0.0
1.13076 0.502547 0.0
1.11309 0.475268 0.0
1.08951 0.445223 0.0
1.06028 0.412831 0.0
1.02572 0.378511 0.0
0.986162 0.342691 0.0
0.941935 0.305799 0.0
0.893378 0.268257 0.0
0.840828 0.230462 0.0
0.784625 0.192765 0.0
0.725109 0.155458 0.0
0.662629 0.118784 0.0
0.597557 0.0829539 0.0
0.530345 0.048247 0.0
0.461595 0.0150849 0.0
0.392229 -0.0156781 0.0
0.323685 -0.0426881 0.0
0.257877 -0.0640114 0.0
0.196926 -0.0773567 0.0
0.142817 -0.0805593 0.0
0.0969997 -0.0721566 0.0
0.0601284 -0.0517925 0.0
0.0321045 -0.0202239 0.0
0.012332 0.0210001 0.0
-6.81732e-05 0.0695936 0.0
-0.00613172 0.123088 0.0
-0.00688485 0.179313 0.0
-0.00328235 0.236359 0.0
0.0037531 0.292569 0.0
0.0133484 0.346564 0.0
0.0247113 0.397258 0.0
0.0371527 0.443843 0.0
0.050089 0.485763 0.0
0.0630349 0.522679 0.0
0.0755958 0.554433 0.0
0.0874622 0.581015 0.0
0.098407 0.602536 0.0
0.108283 0.619192 0.0
0.117019 0.631245 0.0
0.124622 0.638993 0.0
0.131165 0.642761 0.0
0.136788 0.642874 0.0
0.141685 0.639656 0.0
0.146097 0.633417 0.0
0.150295 0.624453 0.0
0.15457 0.61305 0.0
0.159212 0.599491 0.0
0.164496 0.584061 0.0
0.170662 0.567053 0.0
0.177907 0.548775 0.0
0.186372 0.529547 0.0
0.196142 0.5097 0.0
0.207243 0.48957 0.0
0.219649 0.46949 0.0
0.23329 0.449783 0.0
0.248061 0.43075 0.0
0.263833 0.412666 0.0
0.280463 0.395774 0.0
0.297807 0.380277 0.0
0.315727 0.366342 0.0
0.334095 0.354097 0.0
0.352803 0.343631 0.0
0.371762 0.335002 0.0
0.390904 0.328235 0.0
0.41018 0.32333 0.0
0.429559 0.320261 0.0
0.449021 0.318983 0.0
0.468556 0.319432 0.0
0.488159 0.321526 0.0
0.507822 0.325168 0.0
0.527535 0.33025 0.0
0.547279 0.336647 0.0
0.567029 0.344227 0.0
0.586748 0.352847 0.0
0.606393 0.362358 0.0
0.625911 0.372605 0.0
0.645246 0.383433 0.0
0.664336 0.394687 0.0
0.68312 0.406216 0.0
0.701537 0.417874 0.0
0.719531 0.429524 0.0
0.737049 0.44104 0.0
0.754044 0.452305 0.0
0.770479 0.463217 0.0
0.786322 0.473685 0.0
0.801551 0.483631 0.0
0.816153 0.492991 0.0
0.830122 0.501711 0.0
0.843462 0.509752 0.0
0.856185 0.51708 0.0
0.86831 0.523672 0.0
0.879864 0.529511 0.0
0.890883 0.534584 0.0
0.901408 0.53888 0.0
0.911489 0.542387 0.0
0.921181 0.545091 0.0
0.930546 0.546969 0.0
0.939651 0.547991 0.0
0.948568 0.548117 0.0
0.95737 0.54729 0.0
0.966136 0.545442 0.0
0.97494 0.54249 0.0
0.983857 0.538334 0.0
0.992956 0.532867 0.0
1.0023 0.52597 0.0
1.01193 0.517524 0.0
1.0219 0.507412 0.0
1.03223 0.495527 0.0
1.04291 0.481781 0.0
1.05394 0.466111 0.0
1.06528 0.44849 0.0
1.07685 0.428935 0.0
1.08859 0.40751 0.0
1.10037 0.384336 0.0
1.11206 0.35959 0.0
1.1235 0.333511 0.0
1.13451 0.306391 0.0
1.1449 0.278573 0.0
1.15447 0.250436 0.0
1.16304 0.222383 0.0
1.17043 0.19482 0.0
1.1765 0.168135 0.0
1.18113 0.142679 0.0
1.18427 0.118746 0.0
1.18592 0.0965592 0.0
1.18612 0.0762631 0.0
1.18497 0.0579215 0.0
1.18261 0.0415225 0.0
1.1792 0.0269891 0.0
1.17494 0.0141928 0.0
1.17001 0.00296924 0.0
1.16462 -0.00686581 0.0
1.15893 -0.0154977 0.0
1.15311 -0.0231035 0.0
1.1473 -0.0298458 0.0
1.14161 -0.0358692 0.0
1.13614 -0.0412991 0.0
1.13098 -0.0462418 0.0
1.12617 -0.0507863 0.0
1.12176 -0.0550063 0.0
1.11779 -0.0589626 0.0
1.11428 -0.0627051 0.0
1.11124 -0.0662753 0.0
1.1087 -0.069708 0.0
1.10664 -0.0730318 0.0
1.10508 -0.076257 0.0
1.10401 -0.0791966 0.0
0.999979 0.00450276 0.0
0.999895 0.0135406 0.0
0.999728 0.0226174 0.0
0.999476 0.0317402 0.0
0.99914 0.0409164 0.0
0.99872 0.0501535 0.0
0.998217 0.0594597 0.0
0.99763 0.0688436 0.0
0.996962 0.078314 0.0
0.996213 0.0878805 0.0
0.995384 0.0975531 0.0
0.994479 0.107343 0.0
0.993499 0.11726 0.0
0.992449 0.127318 0.0
0.991332 0.137529 0.0
0.990155 0.147907 0.0
0.988922 0.158467 0.0
0.987644 0.169224 0.0
0.986328 0.180195 0.0
0.984988 0.191398 0.0
0.983637 0.20285 0.0
0.982292 0.214572 0.0
0.980973 0.226583 0.0
0.979705 0.238905 0.0
0.978516 0.251557 0.0
0.97744 0.264561 0.0
0.976516 0.277938 0.0
0.97579 0.291704 0.0
0.975317 0.305877 0.0
0.975158 0.320467 0.0
0.975385 0.33548 0.0
0.976078 0.350915 0.0
0.977327 0.366757 0.0
0.979232 0.382981 0.0
0.9819 0.39954 0.0
0.985445 0.416367 0.0
0.989984 0.433369 0.0
0.995631 0.450421 0.0
1.00249 0.467363 0.0
1.01065 0.483998 0.0
1.02016 0.50009 0.0
1.03104 0.515365 0.0
1.04324 0.52952 0.0
1.05665 0.542219 0.0
1.07102 0.553101 0.0
1.08602 0.561777 0.0
1.10113 0.567838 0.0
1.11567 0.570882 0.0
1.12884 0.570556 0.0
1.13974 0.566608 0.0
1.14749 0.558919 0.0
1.1513 0.547503 0.0
1.15055 0.532482 0.0
1.14479 0.514057 0.0
1.13374 0.492486 0.0
1.11725 0.468068 0.0
1.09533 0.441138 0.0
1.06803 0.412063 0.0
1.03549 0.381233 0.0
0.997923 0.349052 0.0
0.95556 0.315924 0.0
0.908676 0.28223 0.0
0.857568 0.248309 0.0
0.802548 0.214449 0.0
0.743942 0.18088 0.0
0.682087 0.147785 0.0
0.617358 0.115358 0.0
0.550214 0.0838677 0.0
0.481294 0.0538248 0.0
0.411541 0.0261063 0.0
0.342345 0.00219851 0.0
0.275613 -0.0158844 0.0
0.213549 -0.0258588 0.0
0.158196 -0.0256864 0.0
0.110981 -0.0141764 0.0
0.0724873 0.00867739 0.0
0.042557 0.0418015 0.0
0.0205548 0.0831946 0.0
0.00558202 0.130524 0.0
-0.00337143 0.181584 0.0
-0.00730626 0.23442 0.0
-0.00714867 0.287315 0.0
-0.00375933 0.338834 0.0
0.00205746 0.387809 0.0
0.00957371 0.433334 0.0
0.0181559 0.474753 0.0
0.0272713 0.511627 0.0
0.0364869 0.543707 0.0
0.045466 0.570895 0.0
0.0539641 0.593213 0.0
0.0618274 0.610776 0.0
0.0689886 0.623763 0.0
0.075463 0.632398 0.0
0.0813408 0.636935 0.0
0.0867765 0.637641 0.0
0.0919766 0.634792 0.0
0.0971855 0.628662 0.0
0.102668 0.619528 0.0
0.108693 0.607676 0.0
0.115511 0.593405 0.0
0.123341 0.577033 0.0
0.132355 0.5589 0.0
0.142669 0.539369 0.0
0.15434 0.518818 0.0
0.167362 0.497638 0.0
0.181678 0.476216 0.0
0.197182 0.454933 0.0
0.213736 0.434146 0.0
0.231173 0.414179 0.0
0.249317 0.395322 0.0
0.267987 0.377818 0.0
0.287012 0.361864 0.0
0.306237 0.347612 0.0
0.325526 0.335169 0.0
0.344772 0.324604 0.0
0.363894 0.315947 0.0
0.382842 0.3092 0.0
0.401592 0.30434 0.0
0.420143 0.301322 0.0
0.438514 0.300089 0.0
0.45674 0.300565 0.0
0.474861 0.302668 0.0
0.492923 0.306302 0.0
0.510964 0.311363 0.0
0.529017 0.317737 0.0
0.547102 0.325303 0.0
0.565226 0.333929 0.0
0.58338 0.343477 0.0
0.601544 0.353804 0.0
0.619682 0.364762 0.0
0.637749 0.376201 0.0
0.655693 0.387973 0.0
0.673457 0.399934 0.0
0.690982 0.411944 0.0
0.708211 0.423873 0.0
0.725088 0.435599 0.0
0.741566 0.447011 0.0
0.7576 0.458013 0.0
0.773155 0.468518 0.0
0.788204 0.478452 0.0
0.802729 0.487755 0.0
0.816722 0.496376 0.0
0.83018 0.504274 0.0
0.843115 0.511418 0.0
0.855543 0.517782 0.0
0.867492 0.523345 0.0
0.878996 0.528089 0.0
0.890098 0.531995 0.0
0.90085 0.53504 0.0
0.911308 0.537196 0.0
0.921538 0.53843 0.0
0.931607 0.538693 0.0
0.941588 0.53793 0.0
0.951555 0.53607 0.0
0.961582 0.533031 0.0
0.97174 0.528718 0.0
0.982095 0.523029 0.0
0.992703 0.515857 0.0
1.00361 0.507093 0.0
1.01485 0.496636 0.0
1.02643 0.484396 0.0
1.03836 0.470305 0.0
1.05059 0.454324 0.0
1.06308 0.43645 0.0
1.07576 0.416725 0.0
1.0885 0.395239 0.0
1.10119 0.372139 0.0
1.11366 0.347627 0.0
1.12573 0.32196 0.0
1.13722 0.295446 0.0
1.14791 0.268432 0.0
1.15762 0.241296 0.0
1.16615 0.214424 0.0
1.17334 0.188194 0.0
1.17909 0.162957 0.0
1.1833 0.139014 0.0
1.18596 0.116608 0.0
1.1871 0.0959082 0.0
1.1868 0.0770075 0.0
1.18521 0.0599269 0.0
1.18246 0.0446219 0.0
1.17877 0.0309949 0.0
1.17431 0.0189096 0.0
1.16928 0.00820476 0.0
1.16386 -0.00129176 0.0
1.15823 -0.00974958 0.0
1.15252 -0.0173251 0.0
1.14687 -0.0241587 0.0
1.14137 -0.0303735 0.0
1.13612 -0.0360746 0.0
1.13117 -0.0413509 0.0
1.12658 -0.0462764 0.0
1.12238 -0.0509126 0.0
1.11861 -0.0553104 0.0
1.11528 -0.059512 0.0
1.11239 -0.0635531 0.0
1.10998 -0.0674639 0.0
1.10802 -0.0712697 0.0
1.10654 -0.0749757 0.0
1.1055 -0.0783611 0.0
0.999981 0.00454245 0.0
0.999906 0.01366 0.0
0.999755 0.0228168 0.0
0.999528 0.0320195 0.0
0.999225 0.0412754 0.0
0.998848 0.0505919 0.0
0.998396 0.0599769 0.0
0.99787 0.0694385 0.0
0.997272 0.0789854 0.0
0.996603 0.0886268 0.0
0.995867 0.0983721 0.0
0.995064 0.108231 0.0
0.994199 0.118216 0.0
0.993276 0.128336 0.0
0.9923 0.138604 0.0
0.991278 0.149033 0.0
0.990216 0.159636 0.0
0.989123 0.170427 0.0
0.988011 0.181421 0.0
0.986891 0.192633 0.0
0.985779 0.204079 0.0
0.984693 0.215775 0.0
0.983652 0.227739 0.0
0.982682 0.239987 0.0
0.981811 0.252535 0.0
0.981073 0.265399 0.0
0.980504 0.278593 0.0
0.98015 0.292129 0.0
0.98006 0.306015 0.0
0.980292 0.320255 0.0
0.98091 0.334847 0.0
0.981986 0.34978 0.0
0.983598 0.365032 0.0
0.98583 0.380569 0.0
0.988772 0.396341 0.0
0.992517 0.412276 0.0
0.997154 0.428283 0.0
1.00277 0.444243 0.0
1.00944 0.460011 0.0
1.01722 0.475413 0.0
1.02614 0.490245 0.0
1.03618 0.504284 0.0
1.0473 0.517281 0.0
1.05938 0.52898 0.0
1.07223 0.539112 0.0
1.08559 0.547407 0.0
1.0991 0.553592 0.0
1.11228 0.5574 0.0
1.12456 0.558583 0.0
1.13531 0.556939 0.0
1.14383 0.55232 0.0
1.14947 0.544653 0.0
1.15161 0.533933 0.0
1.14975 0.520225 0.0
1.14347 0.503652 0.0
1.13246 0.484396 0.0
1.11651 0.46269 0.0
1.0955 0.438817 0.0
1.06942 0.413096 0.0
1.03831 0.385871 0.0
1.00228 0.357495 0.0
0.961514 0.32831 0.0
0.916222 0.298629 0.0
0.866652 0.268718 0.0
0.813074 0.238794 0.0
0.755774 0.209026 0.0
0.69506 0.179561 0.0
0.631291 0.150578 0.0
0.564932 0.122392 0.0
0.496647 0.0955768 0.0
0.427425 0.0711465 0.0
0.358685 0.0506382 0.0
0.292286 0.0360825 0.0
0.230331 0.0296807 0.0
0.174772 0.0332307 0.0
0.126965 0.0475706 0.0
0.0874768 0.0723266 0.0
0.0561475 0.106001 0.0
0.032311 0.146527 0.0
0.0150706 0.191775 0.0
0.00348377 0.239751 0.0
-0.00337612 0.288686 0.0
-0.00638923 0.337086 0.0
-0.00635959 0.38371 0.0
-0.00401342 0.427571 0.0
4.36964e-06 0.467917 0.0
0.00513922 0.504213 0.0
0.0109363 0.536109 0.0
0.0170428 0.563408 0.0
0.0232065 0.586039 0.0
0.0292732 0.604021 0.0
0.0351808 0.617449 0.0
0.040952 0.626466 0.0
0.0466825 0.631258 0.0
0.052527 0.632038 0.0
0.0586826 0.62904 0.0
0.0653715 0.622516 0.0
0.0728218 0.61274 0.0
0.0812482 0.600013 0.0
0.0908345 0.584664 0.0
0.10172 0.567059 0.0
0.113987 0.547592 0.0
0.127663 0.526687 0.0
0.142712 0.504781 0.0
0.159046 0.482318 0.0
0.176532 0.459734 0.0
0.195 0.437443 0.0
0.214258 0.415826 0.0
0.234097 0.395222 0.0
0.25431 0.375922 0.0
0.274697 0.358161 0.0
0.295071 0.342121 0.0
0.315269 0.327931 0.0
0.335157 0.315673 0.0
0.35463 0.305382 0.0
0.373615 0.297061 0.0
0.392074 0.290679 0.0
0.409999 0.286185 0.0
0.427414 0.283511 0.0
0.444364 0.282578 0.0
0.460918 0.283297 0.0
0.477155 0.285577 0.0
0.493164 0.289323 0.0
0.509031 0.294433 0.0
0.524839 0.300806 0.0
0.540656 0.308331 0.0
0.556539 0.316894 0.0
0.572524 0.326373 0.0
0.588627 0.336641 0.0
0.604848 0.347566 0.0
0.621167 0.35901 0.0
0.637553 0.370835 0.0
0.65396 0.382902 0.0
0.670337 0.395075 0.0
0.686626 0.407224 0.0
0.70277 0.419226 0.0
0.718711 0.430966 0.0
0.734396 0.442339 0.0
0.749779 0.453253 0.0
0.76482 0.463627 0.0
0.779487 0.473388 0.0
0.793758 0.48248 0.0
0.807619 0.49085 0.0
0.821068 0.498458 0.0
0.834112 0.50527 0.0
0.846767 0.511254 0.0
0.859058 0.516385 0.0
0.871022 0.520633 0.0
0.882701 0.52397 0.0
0.894149 0.52636 0.0
0.905421 0.527763 0.0
0.916583 0.528129 0.0
0.927701 0.527396 0.0
0.938845 0.525494 0.0
0.950082 0.522343 0.0
0.961478 0.517852 0.0
0.973091 0.511928 0.0
0.98497 0.504472 0.0
0.997152 0.495389 0.0
1.00966 0.484596 0.0
1.02248 0.472022 0.0
1.03562 0.457622 0.0
1.04901 0.441382 0.0
1.06258 0.423324 0.0
1.07624 0.403518 0.0
1.08986 0.382082 0.0
1.10328 0.359188 0.0
1.11633 0.335059 0.0
1.12882 0.309971 0.0
1.14053 0.284238 0.0
1.15126 0.258209 0.0
1.16083 0.232246 0.0
1.16907 0.20671 0.0
1.17583 0.181944 0.0
1.18105 0.158252 0.0
1.18467 0.135883 0.0
1.18673 0.115024 0.0
1.18729 0.0957927 0.0
1.18647 0.0782368 0.0
1.18442 0.0623415 0.0
1.18133 0.0480384 0.0
1.17739 0.0352185 0.0
1.17279 0.023745 0.0
1.16772 0.0134668 0.0
1.16236 0.00422845 0.0
1.15684 -0.00412018 0.0
1.15131 -0.011715 0.0
1.14586 -0.0186749 0.0
1.14061 -0.0251023 0.0
1.1356 -0.0310845 0.0
1.1309 -0.0366946 0.0
1.12655 -0.0419934 0.0
1.12258 -0.047032 0.0
1.11902 -0.0518526 0.0
1.11588 -0.0564911 0.0
1.11316 -0.0609778 0.0
1.11088 -0.0653392 0.0
1.10904 -0.0695972 0.0
1.10763 -0.0737524 0.0
1.10663 -0.0775527 0.0
0.999983 0.0045781 0.0
0.999916 0.0137673 0.0
0.999781 0.0229958 0.0
0.999578 0.0322701 0.0
0.999308 0.0415973 0.0
0.998971 0.0509845 0.0
0.998568 0.0604392 0.0
0.998101 0.0699693 0.0
0.99757 0.079583 0.0
0.996979 0.089289 0.0
0.996329 0.0990963 0.0
0.995625 0.109014 0.0
0.994869 0.119053 0.0
0.994067 0.129223 0.0
0.993224 0.139535 0.0
0.992348 0.150001 0.0
0.991445 0.160632 0.0
0.990526 0.171442 0.0
0.989603 0.182442 0.0
0.988687 0.193647 0.0
0.987795 0.205069 0.0
0.986944 0.216722 0.0
0.986156 0.228621 0.0
0.985454 0.240777 0.0
0.984866 0.253203 0.0
0.984424 0.265911 0.0
0.984164 0.278909 0.0
0.984128 0.292203 0.0
0.984362 0.305796 0.0
0.984918 0.319686 0.0
0.985853 0.333863 0.0
0.98723 0.348311 0.0
0.989116 0.363003 0.0
0.991582 0.3779 0.0
0.994702 0.392948 0.0
0.998549 0.408078 0.0
1.00319 0.4232 0.0
1.0087 0.438205 0.0
1.01512 0.452962 0.0
1.02248 0.46732 0.0
1.03079 0.481106 0.0
1.04004 0.494131 0.0
1.05016 0.506197 0.0
1.06104 0.517101 0.0
1.07254 0.526639 0.0
1.08445 0.534616 0.0
1.09648 0.540844 0.0
1.1083 0.545144 0.0
1.11951 0.547349 0.0
1.12963 0.54731 0.0
1.13815 0.544903 0.0
1.14455 0.540038 0.0
1.14829 0.532662 0.0
1.14887 0.522769 0.0
1.14586 0.510401 0.0
1.13887 0.495653 0.0
1.12758 0.478672 0.0
1.11177 0.459653 0.0
1.09128 0.438835 0.0
1.06603 0.41649 0.0
1.03603 0.392903 0.0
1.00134 0.368362 0.0
0.962074 0.343135 0.0
0.918397 0.317458 0.0
0.870504 0.291526 0.0
0.818611 0.265488 0.0
0.762957 0.239466 0.0
0.703814 0.213585 0.0
0.64152 0.188039 0.0
0.57654 0.163195 0.0
0.509564 0.139728 0.0
0.441612 0.118748 0.0
0.37412 0.101865 0.0
0.308908 0.091065 0.0
0.247979 0.0883351 0.0
0.193144 0.0951073 0.0
0.145648 0.111774 0.0
0.105963 0.137567 0.0
0.0738735 0.170887 0.0
0.0487345 0.209794 0.0
0.0297215 0.252331 0.0
0.0159687 0.296719 0.0
0.00663636 0.341399 0.0
0.000939996 0.385064 0.0
-0.0018394 0.42665 0.0
-0.002342 0.465322 0.0
-0.00111636 0.500448 0.0
0.00138501 0.531576 0.0
0.0048087 0.558411 0.0
0.0089018 0.580779 0.0
0.0135098 0.598606 0.0
0.0185701 0.611896 0.0
0.0241008 0.620717 0.0
0.030186 0.625192 0.0
0.0369583 0.625488 0.0
0.04458 0.621813 0.0
0.0532239 0.61441 0.0
0.0630538 0.603566 0.0
0.074207 0.589608 0.0
0.0867805 0.572909 0.0
0.10082 0.553888 0.0
0.116318 0.532997 0.0
0.133209 0.510716 0.0
0.151379 0.487534 0.0
0.17067 0.46394 0.0
0.190892 0.440405 0.0
0.21183 0.417365 0.0
0.233261 0.395216 0.0
0.254957 0.374297 0.0
0.276698 0.354892 0.0
0.29828 0.337222 0.0
0.319519 0.321447 0.0
0.340256 0.30767 0.0
0.360362 0.295941 0.0
0.379739 0.286265 0.0
0.398323 0.278609 0.0
0.416084 0.272911 0.0
0.433023 0.269089 0.0
0.449172 0.267044 0.0
0.464593 0.266674 0.0
0.47937 0.267871 0.0
0.493606 0.27053 0.0
0.507417 0.27455 0.0
0.520924 0.279831 0.0
0.534249 0.286276 0.0
0.547504 0.293788 0.0
0.560789 0.302268 0.0
0.574187 0.311616 0.0
0.58776 0.321723 0.0
0.601547 0.332477 0.0
0.615566 0.343761 0.0
0.629813 0.355451 0.0
0.644268 0.367423 0.0
0.658895 0.37955 0.0
0.673649 0.391707 0.0
0.688475 0.403774 0.0
0.703317 0.415635 0.0
0.718117 0.427184 0.0
0.732822 0.438321 0.0
0.74738 0.448959 0.0
0.76175 0.459019 0.0
0.775896 0.468432 0.0
0.789793 0.477138 0.0
0.803427 0.485087 0.0
0.816791 0.492233 0.0
0.829891 0.498536 0.0
0.842742 0.50396 0.0
0.855369 0.508466 0.0
0.867808 0.512018 0.0
0.880101 0.514572 0.0
0.892298 0.516082 0.0
0.904455 0.516492 0.0
0.91663 0.515739 0.0
0.928884 0.513753 0.0
0.941276 0.510454 0.0
0.953861 0.50576 0.0
0.966686 0.499582 0.0
0.979787 0.491836 0.0
0.993188 0.482443 0.0
1.00689 0.471335 0.0
1.02088 0.458465 0.0
1.03512 0.443812 0.0
1.04953 0.427388 0.0
1.06403 0.409244 0.0
1.07849 0.389477 0.0
1.09276 0.368233 0.0
1.10667 0.345705 0.0
1.12003 0.322137 0.0
1.13262 0.297813 0.0
1.14426 0.273049 0.0
1.15474 0.248182 0.0
1.16389 0.223551 0.0
1.17158 0.199485 0.0
1.1777 0.17628 0.0
1.18221 0.154188 0.0
1.18513 0.133406 0.0
1.18651 0.114069 0.0
1.18645 0.0962456 0.0
1.18511 0.0799476 0.0
1.18265 0.0651333 0.0
1.17927 0.0517199 0.0
1.17515 0.0395953 0.0
1.17049 0.0286298 0.0
1.16545 0.0186866 0.0
1.1602 0.00962991 0.0
1.15486 0.00133152 0.0
1.14955 -0.00632458 0.0
1.14437 -0.0134376 0.0
1.13938 -0.0200918 0.0
1.13465 -0.0263582 0.0
1.13022 -0.0322964 0.0
1.12613 -0.0379563 0.0
1.12241 -0.0433796 0.0
1.11907 -0.0486015 0.0
1.11613 -0.0536522 0.0
1.11358 -0.0585575 0.0
1.11144 -0.0633402 0.0
1.10971 -0.0680193 0.0
1.10838 -0.072591 0.0
1.10744 -0.0767744 0.0
0.999985 0.00460985 0.0
0.999925 0.0138629 0.0
0.999805 0.0231552 0.0
0.999626 0.0324932 0.0
0.999386 0.0418836 0.0
0.999088 0.0513331 0.0
0.998733 0.0608489 0.0
0.998321 0.0704387 0.0
0.997855 0.0801101 0.0
0.997337 0.0898712 0.0
0.99677 0.0997305 0.0
0.996158 0.109697 0.0
0.995505 0.119779 0.0
0.994817 0.129988 0.0
0.994099 0.140332 0.0
0.993359 0.150822 0.0
0.992605 0.161468 0.0
0.991847 0.172283 0.0
0.991096 0.183275 0.0
0.990368 0.194458 0.0
0.989675 0.205842 0.0
0.989038 0.217438 0.0
0.988475 0.229256 0.0
0.988011 0.241307 0.0
0.987672 0.2536 0.0
0.987488 0.26614 0.0
0.987494 0.278933 0.0
0.987728 0.291981 0.0
0.988231 0.305281 0.0
0.98905 0.318826 0.0
0.990236 0.332602 0.0
0.991844 0.346588 0.0
0.993929 0.360755 0.0
0.996551 0.375059 0.0
0.999771 0.389449 0.0
1.00365 0.403855 0.0
1.00823 0.418195 0.0
1.01356 0.432369 0.0
1.01969 0.446259 0.0
1.02661 0.459735 0.0
1.03434 0.472649 0.0
1.04283 0.484845 0.0
1.05204 0.496161 0.0
1.06185 0.506434 0.0
1.07215 0.515508 0.0
1.08276 0.523236 0.0
1.09346 0.529484 0.0
1.10401 0.534131 0.0
1.1141 0.537065 0.0
1.12339 0.538187 0.0
1.13149 0.537405 0.0
1.13798 0.534646 0.0
1.14244 0.529853 0.0
1.14444 0.522996 0.0
1.14355 0.514077 0.0
1.13938 0.503138 0.0
1.13159 0.490262 0.0
1.11989 0.475577 0.0
1.10404 0.459249 0.0
1.08389 0.441476 0.0
1.05933 0.422476 0.0
1.03033 0.402477 0.0
0.996926 0.381693 0.0
0.95918 0.360322 0.0
0.917209 0.338527 0.0
0.871153 0.316436 0.0
0.821178 0.294148 0.0
0.767474 0.27175 0.0
0.710277 0.249365 0.0
0.649907 0.22722 0.0
0.586832 0.205755 0.0
0.521765 0.185739 0.0
0.45576 0.16837 0.0
0.390264 0.155268 0.0
0.327052 0.148274 0.0
0.268007 0.149048 0.0
0.214763 0.158574 0.0
0.168378 0.176838 0.0
0.129205 0.202879 0.0
0.0970124 0.235133 0.0
0.0712148 0.271802 0.0
0.0510764 0.311138 0.0
0.035833 0.351555 0.0
0.0247477 0.391689 0.0
0.0171398 0.430412 0.0
0.0124002 0.466803 0.0
0.0100014 0.50014 0.0
0.00950581 0.529878 0.0
0.0105699 0.555621 0.0
0.012945 0.5771 0.0
0.016474 0.594148 0.0
0.021083 0.606685 0.0
0.0267693 0.614711 0.0
0.0335848 0.618297 0.0
0.0416175 0.617578 0.0
0.0509712 0.612747 0.0
0.0617473 0.604056 0.0
0.0740269 0.591811 0.0
0.0878569 0.576379 0.0
0.10324 0.558181 0.0
0.120131 0.537686 0.0
0.138435 0.515399 0.0
0.158011 0.491847 0.0
0.178682 0.467562 0.0
0.200241 0.443062 0.0
0.222462 0.41884 0.0
0.24511 0.395343 0.0
0.26795 0.372967 0.0
0.290756 0.352045 0.0
0.313314 0.332845 0.0
0.335432 0.31557 0.0
0.356939 0.300354 0.0
0.377693 0.287273 0.0
0.397578 0.276347 0.0
0.416509 0.26755 0.0
0.434432 0.260817 0.0
0.45132 0.256054 0.0
0.467181 0.253147 0.0
0.482049 0.251969 0.0
0.495985 0.252392 0.0
0.509076 0.254285 0.0
0.52143 0.257526 0.0
0.533172 0.262002 0.0
0.544438 0.267607 0.0
0.555369 0.274245 0.0
0.566106 0.281827 0.0
0.576781 0.290268 0.0
0.587516 0.299483 0.0
0.598411 0.309387 0.0
0.609549 0.319889 0.0
0.620986 0.330894 0.0
0.632757 0.3423 0.0
0.644874 0.354002 0.0
0.657329 0.365888 0.0
0.670098 0.377847 0.0
0.683141 0.389765 0.0
0.696412 0.401531 0.0
0.709858 0.413041 0.0
0.723424 0.424194 0.0
0.737057 0.434896 0.0
0.750707 0.445063 0.0
0.764332 0.454617 0.0
0.777896 0.463492 0.0
0.791372 0.471624 0.0
0.804744 0.47896 0.0
0.818006 0.485448 0.0
0.831162 0.491041 0.0
0.844226 0.495693 0.0
0.857223 0.499356 0.0
0.870183 0.501981 0.0
0.883146 0.503513 0.0
0.896157 0.503893 0.0
0.909262 0.503057 0.0
0.92251 0.500933 0.0
0.935948 0.497445 0.0
0.949614 0.492517 0.0
0.963542 0.486072 0.0
0.97775 0.478037 0.0
0.992241 0.46835 0.0
1.007 0.456966 0.0
1.02198 0.443859 0.0
1.03713 0.429034 0.0
1.05235 0.412531 0.0
1.06753 0.394429 0.0
1.08251 0.374851 0.0
1.09713 0.353967 0.0
1.1112 0.33199 0.0
1.12452 0.309173 0.0
1.1369 0.285804 0.0
1.14813 0.262188 0.0
1.15805 0.238642 0.0
1.16652 0.215474 0.0
1.17343 0.192968 0.0
1.17873 0.171373 0.0
1.18242 0.150887 0.0
1.18456 0.131657 0.0
1.18523 0.113769 0.0
1.18457 0.0972556 0.0
1.18275 0.0820986 0.0
1.17995 0.0682403 0.0
1.17636 0.0555926 0.0
1.17215 0.0440477 0.0
1.1675 0.0334882 0.0
1.16257 0.0237945 0.0
1.15749 0.0148516 0.0
1.15239 0.00655297 0.0
1.14735 -0.00119753 0.0
1.14245 -0.00848238 0.0
1.13776 -0.01537 0.0
1.13333 -0.0219178 0.0
1.12919 -0.0281738 0.0
1.12538 -0.0341785 0.0
1.12191 -0.0399661 0.0
1.1188 -0.0455655 0.0
1.11606 -0.051002 0.0
1.1137 -0.0562974 0.0
1.1117 -0.0614712 0.0
1.11009 -0.0665396 0.0
1.10884 -0.0714947 0.0
1.10795 -0.0760291 0.0
0.999987 0.00463789 0.0
0.999934 0.0139473 0.0
0.999829 0.023296 0.0
0.999671 0.0326901 0.0
0.999461 0.0421359 0.0
0.9992 0.0516399 0.0
0.998889 0.0612088 0.0
0.99853 0.0708499 0.0
0.998124 0.0805702 0.0
0.997676 0.0903776 0.0
0.997187 0.10028 0.0
0.996662 0.110285 0.0
0.996105 0.120401 0.0
0.995523 0.130637 0.0
0.994921 0.141002 0.0
0.994306 0.151506 0.0
0.993689 0.162156 0.0
0.993079 0.172963 0.0
0.992487 0.183937 0.0
0.991927 0.195085 0.0
0.991415 0.206419 0.0
0.990968 0.217946 0.0
0.990605 0.229673 0.0
0.99035 0.241609 0.0
0.990228 0.253759 0.0
0.990266 0.266126 0.0
0.990497 0.278711 0.0
0.990955 0.291512 0.0
0.991679 0.304523 0.0
0.992708 0.317734 0.0
0.994088 0.331127 0.0
0.995865 0.344679 0.0
0.998087 0.358357 0.0
1.0008 0.372119 0.0
1.00406 0.385913 0.0
1.0079 0.399674 0.0
1.01237 0.413325 0.0
1.0175 0.426776 0.0
1.0233 0.439925 0.0
1.02979 0.452656 0.0
1.03695 0.464845 0.0
1.04474 0.476363 0.0
1.05311 0.487074 0.0
1.06196 0.496849 0.0
1.07119 0.505565 0.0
1.08066 0.513108 0.0
1.09018 0.519382 0.0
1.09957 0.5243 0.0
1.10858 0.527791 0.0
1.11697 0.529789 0.0
1.12443 0.530239 0.0
1.13066 0.529091 0.0
1.1353 0.526303 0.0
1.13801 0.521848 0.0
1.13841 0.515716 0.0
1.13615 0.507924 0.0
1.1309 0.498518 0.0
1.12235 0.487577 0.0
1.11023 0.475213 0.0
1.09433 0.461562 0.0
1.0745 0.446784 0.0
1.05062 0.431043 0.0
1.02265 0.414507 0.0
0.990573 0.397326 0.0
0.954436 0.379631 0.0
0.9143 0.361523 0.0
0.87026 0.343077 0.0
0.822431 0.324353 0.0
0.770964 0.305425 0.0
0.716064 0.286429 0.0
0.658041 0.267643 0.0
0.597378 0.249581 0.0
0.534817 0.233094 0.0
0.471443 0.219415 0.0
0.408697 0.210084 0.0
0.34828 0.2067 0.0
0.291909 0.210537 0.0
0.241004 0.222166 0.0
0.196437 0.241291 0.0
0.158477 0.266875 0.0
0.126903 0.297432 0.0
0.101208 0.331343 0.0
0.0807573 0.367045 0.0
0.0648977 0.403145 0.0
0.0530076 0.438454 0.0
0.0445241 0.471983 0.0
0.0389553 0.502927 0.0
0.0358891 0.530653 0.0
0.0349973 0.554674 0.0
0.0360357 0.574634 0.0
0.0388391 0.590282 0.0
0.0433114 0.601469 0.0
0.0494136 0.608138 0.0
0.0571476 0.61032 0.0
0.0665379 0.608131 0.0
0.0776142 0.601764 0.0
0.0903936 0.591484 0.0
0.104867 0.57763 0.0
0.12099 0.560608 0.0
0.138676 0.540883 0.0
0.157798 0.518971 0.0
0.178191 0.495418 0.0
0.199657 0.470785 0.0
0.221977 0.445632 0.0
0.244917 0.420494 0.0
0.268235 0.395869 0.0
0.291696 0.372205 0.0
0.315072 0.349888 0.0
0.338151 0.329238 0.0
0.36074 0.310504 0.0
0.382671 0.293863 0.0
0.403797 0.279427 0.0
0.423998 0.267244 0.0
0.44318 0.257307 0.0
0.461276 0.249562 0.0
0.478244 0.243914 0.0
0.494069 0.240243 0.0
0.508757 0.238408 0.0
0.522344 0.238255 0.0
0.534885 0.23963 0.0
0.546459 0.242381 0.0
0.557166 0.246368 0.0
0.567123 0.25146 0.0
0.576463 0.257543 0.0
0.585326 0.264514 0.0
0.59386 0.272286 0.0
0.602212 0.280781 0.0
0.610523 0.289925 0.0
0.618923 0.29965 0.0
0.627524 0.309887 0.0
0.636419 0.320563 0.0
0.645681 0.331598 0.0
0.655356 0.342911 0.0
0.665472 0.354409 0.0
0.676031 0.365998 0.0
0.687023 0.377579 0.0
0.698419 0.389051 0.0
0.710181 0.400314 0.0
0.722263 0.411272 0.0
0.734618 0.42183 0.0
0.747198 0.431899 0.0
0.759955 0.441399 0.0
0.77285 0.450252 0.0
0.785849 0.458389 0.0
0.798927 0.465745 0.0
0.812068 0.47226 0.0
0.825265 0.477876 0.0
0.838521 0.482538 0.0
0.851847 0.486188 0.0
0.865265 0.488771 0.0
0.878798 0.490226 0.0
0.892478 0.49049 0.0
0.906337 0.489496 0.0
0.920408 0.487174 0.0
0.934719 0.483455 0.0
0.949292 0.478268 0.0
0.964138 0.471548 0.0
0.979255 0.463237 0.0
0.994622 0.453292 0.0
1.0102 0.441689 0.0
1.02592 0.428428 0.0
1.0417 0.41354 0.0
1.05741 0.39709 0.0
1.07292 0.379183 0.0
1.08807 0.359968 0.0
1.10267 0.33963 0.0
1.11654 0.318394 0.0
1.12946 0.296518 0.0
1.14127 0.274279 0.0
1.15178 0.251965 0.0
1.16086 0.229863 0.0
1.16841 0.208239 0.0
1.17437 0.187333 0.0
1.17874 0.167341 0.0
1.18155 0.148415 0.0
1.18289 0.130653 0.0
1.18289 0.114103 0.0
1.1817 0.0987693 0.0
1.17949 0.0846161 0.0
1.17643 0.0715781 0.0
1.17271 0.0595695 0.0
1.1685 0.0484923 0.0
1.16395 0.0382444 0.0
1.15919 0.0287251 0.0
1.15435 0.0198395 0.0
1.14952 0.0115007 0.0
1.14478 0.00363138 0.0
1.1402 -0.003836 0.0
1.13583 -0.0109573 0.0
1.13171 -0.0177785 0.0
1.12787 -0.024338 0.0
1.12434 -0.0306686 0.0
1.12113 -0.0367978 0.0
1.11826 -0.0427495 0.0
1.11573 -0.0485444 0.0
1.11354 -0.0542007 0.0
1.1117 -0.0597349 0.0
1.1102 -0.0651606 0.0
1.10904 -0.0704657 0.0
1.10819 -0.0753188 0.0
0.999989 0.00466242 0.0
0.999943 0.0140211 0.0
0.999851 0.0234192 0.0
0.999714 0.0328622 0.0
0.999531 0.0423561 0.0
0.999305 0.0519072 0.0
0.999036 0.0615217 0.0
0.998726 0.0712062 0.0
0.998378 0.0809676 0.0
0.997994 0.0908129 0.0
0.997577 0.100749 0.0
0.997133 0.110784 0.0
0.996666 0.120925 0.0
0.996181 0.13118 0.0
0.995686 0.141557 0.0
0.995188 0.152063 0.0
0.994695 0.162708 0.0
0.994219 0.173498 0.0
0.993771 0.184442 0.0
0.993363 0.195547 0.0
0.993011 0.206821 0.0
0.992733 0.218269 0.0
0.992546 0.229899 0.0
0.992473 0.241713 0.0
0.992536 0.253715 0.0
0.992763 0.265905 0.0
0.993182 0.278282 0.0
0.993824 0.290841 0.0
0.994723 0.303572 0.0
0.995916 0.316463 0.0
0.99744 0.329494 0.0
0.999335 0.34264 0.0
1.00164 0.355867 0.0
1.0044 0.369135 0.0
1.00765 0.382393 0.0
1.01141 0.395581 0.0
1.01573 0.408628 0.0
1.02063 0.421454 0.0
1.0261 0.433968 0.0
1.03216 0.446071 0.0
1.03877 0.457658 0.0
1.04591 0.468619 0.0
1.05352 0.478844 0.0
1.06151 0.488228 0.0
1.0698 0.496672 0.0
1.07825 0.504088 0.0
1.08672 0.510402 0.0
1.09506 0.515555 0.0
1.10309 0.519497 0.0
1.11059 0.522193 0.0
1.11735 0.52361 0.0
1.12312 0.523724 0.0
1.12763 0.522513 0.0
1.1306 0.519963 0.0
1.13173 0.516071 0.0
1.13071 0.510846 0.0
1.12724 0.504317 0.0
1.12104 0.496536 0.0
1.11183 0.487576 0.0
1.0994 0.47753 0.0
1.08354 0.466507 0.0
1.06412 0.454626 0.0
1.04101 0.442005 0.0
1.01416 0.428753 0.0
0.983529 0.414967 0.0
0.949132 0.40072 0.0
0.910991 0.386062 0.0
0.869157 0.37103 0.0
0.823709 0.355663 0.0
0.774766 0.340034 0.0
0.722516 0.32431 0.0
0.667273 0.30882 0.0
0.609542 0.294146 0.0
0.550099 0.28118 0.0
0.490044 0.27112 0.0
0.430781 0.265344 0.0
0.373892 0.265153 0.0
0.320901 0.271445 0.0
0.273019 0.28446 0.0
0.230964 0.30372 0.0
0.19495 0.328174 0.0
0.164791 0.356455 0.0
0.140065 0.387109 0.0
0.120246 0.418758 0.0
0.104798 0.450179 0.0
0.0932146 0.480325 0.0
0.0850481 0.508321 0.0
0.0799154 0.533458 0.0
0.0775041 0.555172 0.0
0.0775713 0.57303 0.0
0.0799367 0.586717 0.0
0.0844735 0.596026 0.0
0.0910954 0.600858 0.0
0.0997428 0.601219 0.0
0.110367 0.597217 0.0
0.122917 0.589051 0.0
0.137323 0.57701 0.0
0.15349 0.561463 0.0
0.171289 0.542852 0.0
0.19056 0.521681 0.0
0.211111 0.498499 0.0
0.232726 0.473881 0.0
0.255171 0.44841 0.0
0.278204 0.422654 0.0
0.301582 0.397154 0.0
0.325067 0.372404 0.0
0.348435 0.348841 0.0
0.371478 0.326834 0.0
0.394009 0.306683 0.0
0.415863 0.288615 0.0
0.4369 0.272784 0.0
0.457004 0.259276 0.0
0.476084 0.248115 0.0
0.494071 0.239268 0.0
0.51092 0.232656 0.0
0.526607 0.228164 0.0
0.541129 0.225648 0.0
0.5545 0.224943 0.0
0.566754 0.225878 0.0
0.577944 0.228276 0.0
0.588138 0.231967 0.0
0.597421 0.236792 0.0
0.605894 0.242606 0.0
0.613671 0.24928 0.0
0.620881 0.256704 0.0
0.627659 0.264785 0.0
0.634145 0.273444 0.0
0.640483 0.282614 0.0
0.646808 0.292236 0.0
0.653252 0.302257 0.0
0.659928 0.312621 0.0
0.666936 0.323271 0.0
0.674354 0.334144 0.0
0.682241 0.345173 0.0
0.690633 0.356281 0.0
0.699548 0.367388 0.0
0.708986 0.378408 0.0
0.71893 0.389251 0.0
0.729356 0.399827 0.0
0.740226 0.410048 0.0
0.751504 0.419825 0.0
0.763147 0.429073 0.0
0.775117 0.437713 0.0
0.787379 0.445667 0.0
0.799903 0.452865 0.0
0.812667 0.459236 0.0
0.825654 0.464716 0.0
0.838857 0.469238 0.0
0.852277 0.472741 0.0
0.86592 0.475159 0.0
0.879795 0.476429 0.0
0.89392 0.476483 0.0
0.908307 0.475256 0.0
0.92297 0.47268 0.0
0.937918 0.468691 0.0
0.95315 0.463228 0.0
0.968652 0.456239 0.0
0.984399 0.447683 0.0
1.00034 0.437536 0.0
1.01641 0.425796 0.0
1.03253 0.412488 0.0
1.04856 0.397667 0.0
1.06439 0.381423 0.0
1.07984 0.363883 0.0
1.09475 0.345211 0.0
1.10893 0.325605 0.0
1.12219 0.305293 0.0
1.13436 0.284523 0.0
1.14527 0.263557 0.0
1.15479 0.242655 0.0
1.16282 0.222064 0.0
1.1693 0.20201 0.0
1.17421 0.182684 0.0
1.1776 0.164236 0.0
1.17954 0.146771 0.0
1.18014 0.130353 0.0
1.17955 0.115 0.0
1.17791 0.100699 0.0
1.17541 0.0874032 0.0
1.1722 0.0750493 0.0
1.16846 0.0635588 0.0
1.16433 0.0528471 0.0
1.15994 0.0428288 0.0
1.15542 0.0334214 0.0
1.15086 0.0245485 0.0
1.14634 0.0161409 0.0
1.14193 0.00813704 0.0
1.13768 0.000483165 0.0
1.13364 -0.00686665 0.0
1.12984 -0.0139493 0.0
1.12631 -0.0207953 0.0
1.12306 -0.0274308 0.0
1.12011 -0.0338778 0.0
1.11747 -0.0401556 0.0
1.11515 -0.0462808 0.0
1.11314 -0.0522687 0.0
1.11145 -0.0581325 0.0
1.11007 -0.0638833 0.0
1.10899 -0.0695054 0.0
1.1082 -0.0746454 0.0
0.99999 0.00468364 0.0
0.999951 0.0140851 0.0
0.999872 0.0235258 0.0
0.999754 0.033011 0.0
0.999597 0.0425463 0.0
0.999403 0.0521375 0.0
0.999173 0.0617904 0.0
0.998909 0.0715113 0.0
0.998614 0.0813064 0.0
0.99829 0.0911822 0.0
0.997941 0.101145 0.0
0.997571 0.111202 0.0
0.997186 0.12136 0.0
0.996791 0.131625 0.0
0.996394 0.142005 0.0
0.996001 0.152506 0.0
0.995622 0.163136 0.0
0.995266 0.173901 0.0
0.994946 0.184808 0.0
0.994673 0.195861 0.0
0.994463 0.207068 0.0
0.994332 0.218432 0.0
0.994298 0.229957 0.0
0.99438 0.241645 0.0
0.994601 0.253497 0.0
0.994985 0.265512 0.0
0.995558 0.277684 0.0
0.996348 0.290007 0.0
0.997384 0.30247 0.0
0.998699 0.315057 0.0
1.00033 0.327749 0.0
1.0023 0.340519 0.0
1.00464 0.353333 0.0
1.0074 0.366154 0.0
1.0106 0.378932 0.0
1.01426 0.391612 0.0
1.01841 0.404131 0.0
1.02305 0.416416 0.0
1.02819 0.428388 0.0
1.03383 0.439961 0.0
1.03993 0.451047 0.0
1.04647 0.461554 0.0
1.05338 0.471389 0.0
1.0606 0.480467 0.0
1.06804 0.488709 0.0
1.0756 0.496045 0.0
1.08315 0.502418 0.0
1.09056 0.507786 0.0
1.09769 0.512117 0.0
1.10437 0.515391 0.0
1.11043 0.517596 0.0
1.11567 0.518726 0.0
1.11989 0.518779 0.0
1.12286 0.517756 0.0
1.12434 0.515666 0.0
1.12409 0.512523 0.0
1.12185 0.508352 0.0
1.11736 0.503192 0.0
1.11039 0.497094 0.0
1.10071 0.490123 0.0
1.08813 0.482354 0.0
1.07247 0.473867 0.0
1.0536 0.464744 0.0
1.0314 0.455059 0.0
1.00582 0.444875 0.0
0.976785 0.43424 0.0
0.944288 0.423181 0.0
0.90832 0.411713 0.0
0.868901 0.399847 0.0
0.826083 0.387613 0.0
0.779965 0.375099 0.0
0.730736 0.362504 0.0
0.678723 0.350206 0.0
0.624461 0.338825 0.0
0.568748 0.329242 0.0
0.512676 0.322557 0.0
0.457575 0.319931 0.0
0.404879 0.322354 0.0
0.355917 0.330395 0.0
0.311712 0.344043 0.0
0.272865 0.362712 0.0
0.239558 0.385383 0.0
0.211653 0.410813 0.0
0.188817 0.43771 0.0
0.170632 0.464862 0.0
0.156669 0.491188 0.0
0.146527 0.515765 0.0
0.139854 0.53782 0.0
0.136349 0.556726 0.0
0.135765 0.571993 0.0
0.1379 0.583253 0.0
0.142591 0.590261 0.0
0.1497 0.592892 0.0
0.159101 0.591137 0.0
0.170672 0.585103 0.0
0.184284 0.575004 0.0
0.199788 0.561148 0.0
0.217014 0.543933 0.0
0.235764 0.523832 0.0
0.255822 0.501373 0.0
0.27695 0.477128 0.0
0.298902 0.451686 0.0
0.321426 0.425636 0.0
0.344274 0.399547 0.0
0.367208 0.37395 0.0
0.390005 0.349327 0.0
0.412461 0.326095 0.0
0.434393 0.304604 0.0
0.455644 0.285131 0.0
0.476081 0.267877 0.0
0.495594 0.252972 0.0
0.514101 0.240478 0.0
0.531539 0.230395 0.0
0.547869 0.22267 0.0
0.563069 0.217204 0.0
0.577138 0.213861 0.0
0.590088 0.21248 0.0
0.601945 0.212883 0.0
0.612749 0.21488 0.0
0.62255 0.218283 0.0
0.63141 0.222907 0.0
0.639401 0.228579 0.0
0.646606 0.235141 0.0
0.653119 0.242454 0.0
0.659045 0.250395 0.0
0.664497 0.258865 0.0
0.669595 0.267779 0.0
0.674468 0.277069 0.0
0.679242 0.286681 0.0
0.684044 0.296567 0.0
0.688994 0.306684 0.0
0.694204 0.31699 0.0
0.69977 0.327441 0.0
0.705774 0.337986 0.0
0.712278 0.348571 0.0
0.719328 0.359133 0.0
0.726952 0.369602 0.0
0.735161 0.379904 0.0
0.743951 0.389959 0.0
0.753309 0.399688 0.0
0.763211 0.409005 0.0
0.77363 0.41783 0.0
0.784534 0.426081 0.0
0.795892 0.433678 0.0
0.807677 0.440545 0.0
0.819862 0.446607 0.0
0.832427 0.451792 0.0
0.845356 0.456029 0.0
0.858638 0.459248 0.0
0.872268 0.461381 0.0
0.88624 0.462359 0.0
0.900553 0.462116 0.0
0.915201 0.460587 0.0
0.930178 0.457709 0.0
0.945468 0.453425 0.0
0.961045 0.447685 0.0
0.976873 0.440451 0.0
0.992896 0.431701 0.0
1.00904 0.421429 0.0
1.02522 0.409655 0.0
1.04131 0.396425 0.0
1.05719 0.381818 0.0
1.07269 0.365942 0.0
1.08766 0.348941 0.0
1.10192 0.330987 0.0
1.11529 0.31228 0.0
1.1276 0.293042 0.0
1.1387 0.273504 0.0
1.14846 0.253901 0.0
1.15679 0.234461 0.0
1.16363 0.21539 0.0
1.16897 0.196871 0.0
1.17283 0.179049 0.0
1.17528 0.162033 0.0
1.17642 0.145896 0.0
1.17637 0.13067 0.0
1.1753 0.116357 0.0
1.17334 0.102933 0.0
1.17066 0.0903517 0.0
1.16741 0.0785539 0.0
1.16374 0.0674729 0.0
1.15976 0.0570386 0.0
1.1556 0.0471819 0.0
1.15136 0.0378374 0.0
1.14711 0.0289447 0.0
1.14292 0.0204495 0.0
1.13886 0.0123035 0.0
1.13495 0.00446452 0.0
1.13125 -0.00310456 0.0
1.12777 -0.0104338 0.0
1.12454 -0.0175473 0.0
1.12158 -0.0244655 0.0
1.11889 -0.0312057 0.0
1.11648 -0.0377831 0.0
1.11437 -0.0442109 0.0
1.11254 -0.0505008 0.0
1.11099 -0.0566639 0.0
1.10973 -0.0627081 0.0
1.10874 -0.0686145 0.0
1.108 -0.0740104 0.0
0.999992 0.00470179 0.0
0.999958 0.0141398 0.0
0.999891 0.0236169 0.0
0.999791 0.0331381 0.0
0.999658 0.0427085 0.0
0.999494 0.0523334 0.0
0.9993 0.0620184 0.0
0.999079 0.071769 0.0
0.998832 0.081591 0.0
0.998563 0.0914904 0.0
0.998276 0.101473 0.0
0.997975 0.111545 0.0
0.997665 0.121712 0.0
0.997352 0.131981 0.0
0.997042 0.142357 0.0
0.996744 0.152846 0.0
0.996466 0.163454 0.0
0.996219 0.174187 0.0
0.996012 0.185049 0.0
0.995858 0.196046 0.0
0.995772 0.20718 0.0
0.995769 0.218455 0.0
0.995865 0.229873 0.0
0.996079 0.241433 0.0
0.996432 0.253136 0.0
0.996944 0.264977 0.0
0.99764 0.27695 0.0
0.998545 0.289046 0.0
0.999685 0.301254 0.0
1.00109 0.313556 0.0
1.00278 0.325932 0.0
1.00479 0.338355 0.0
1.00714 0.350794 0.0
1.00987 0.363211 0.0
1.01299 0.37556 0.0
1.01652 0.387793 0.0
1.02047 0.39985 0.0
1.02486 0.411668 0.0
1.02967 0.423177 0.0
1.0349 0.434305 0.0
1.04053 0.444975 0.0
1.04651 0.455109 0.0
1.05279 0.464633 0.0
1.05932 0.473475 0.0
1.06601 0.48157 0.0
1.07278 0.488864 0.0
1.07951 0.495313 0.0
1.0861 0.500885 0.0
1.09243 0.505562 0.0
1.09836 0.509334 0.0
1.10376 0.512201 0.0
1.10847 0.514172 0.0
1.11232 0.515259 0.0
1.11515 0.515477 0.0
1.11676 0.514847 0.0
1.11697 0.513393 0.0
1.11555 0.511143 0.0
1.1123 0.508133 0.0
1.10702 0.504405 0.0
1.0995 0.500007 0.0
1.08956 0.494993 0.0
1.07703 0.489418 0.0
1.06176 0.483336 0.0
1.04363 0.476794 0.0
1.02253 0.46983 0.0
0.998374 0.462467 0.0
0.971111 0.454714 0.0
0.940692 0.446566 0.0
0.907092 0.438012 0.0
0.870312 0.429048 0.0
0.830386 0.419707 0.0
0.787413 0.410097 0.0
0.741591 0.400447 0.0
0.693271 0.391166 0.0
0.643011 0.382873 0.0
0.591616 0.376392 0.0
0.54014 0.372672 0.0
0.489813 0.372636 0.0
0.441908 0.376981 0.0
0.39757 0.386002 0.0
0.357663 0.399508 0.0
0.322697 0.41686 0.0
0.292843 0.437095 0.0
0.268011 0.459096 0.0
0.247951 0.481721 0.0
0.232339 0.503903 0.0
0.220837 0.524693 0.0
0.213122 0.543279 0.0
0.208904 0.55899 0.0
0.207925 0.571292 0.0
0.209961 0.579783 0.0
0.214807 0.584195 0.0
0.222272 0.584385 0.0
0.23217 0.580344 0.0
0.244313 0.572182 0.0
0.258501 0.560125 0.0
0.27452 0.544503 0.0
0.29214 0.525733 0.0
0.311115 0.504306 0.0
0.331189 0.480768 0.0
0.352099 0.455696 0.0
0.373582 0.429683 0.0
0.395385 0.403312 0.0
0.417265 0.377142 0.0
0.439 0.351687 0.0
0.460385 0.327408 0.0
0.481243 0.3047 0.0
0.50142 0.283889 0.0
0.520788 0.265226 0.0
0.539247 0.248886 0.0
0.556718 0.234977 0.0
0.57315 0.223535 0.0
0.588511 0.21454 0.0
0.602789 0.207918 0.0
0.615989 0.203555 0.0
0.628132 0.201299 0.0
0.639248 0.200976 0.0
0.64938 0.202398 0.0
0.658574 0.205366 0.0
0.666886 0.209683 0.0
0.674375 0.215157 0.0
0.681105 0.221607 0.0
0.687146 0.228867 0.0
0.692571 0.236789 0.0
0.697463 0.245242 0.0
0.70191 0.254119 0.0
0.706008 0.263328 0.0
0.709857 0.272798 0.0
0.713564 0.282471 0.0
0.71724 0.2923 0.0
0.720993 0.302247 0.0
0.72493 0.31228 0.0
0.729152 0.322364 0.0
0.733748 0.332464 0.0
0.738797 0.34254 0.0
0.744364 0.352547 0.0
0.750497 0.36243 0.0
0.757232 0.372131 0.0
0.764589 0.381584 0.0
0.772576 0.390719 0.0
0.781188 0.399459 0.0
0.790416 0.40773 0.0
0.80024 0.415452 0.0
0.810641 0.422548 0.0
0.821594 0.428938 0.0
0.833076 0.434547 0.0
0.845065 0.439299 0.0
0.85754 0.443118 0.0
0.870482 0.445934 0.0
0.883873 0.447675 0.0
0.897694 0.448272 0.0
0.911926 0.447659 0.0
0.926545 0.445776 0.0
0.941523 0.442566 0.0
0.95682 0.437981 0.0
0.972388 0.431983 0.0
0.988163 0.42455 0.0
1.00407 0.415675 0.0
1.02 0.405372 0.0
1.03586 0.39368 0.0
1.0515 0.380665 0.0
1.06678 0.366421 0.0
1.08155 0.35107 0.0
1.09563 0.334763 0.0
1.10886 0.317673 0.0
1.12109 0.299995 0.0
1.13217 0.281933 0.0
1.14199 0.263695 0.0
1.15045 0.245487 0.0
1.1575 0.227497 0.0
1.16312 0.209894 0.0
1.16733 0.192817 0.0
1.1702 0.176377 0.0
1.17181 0.16065 0.0
1.17227 0.145679 0.0
1.17171 0.131482 0.0
1.17029 0.118049 0.0
1.16813 0.105354 0.0
1.16539 0.0933535 0.0
1.16219 0.0819986 0.0
1.15866 0.0712344 0.0
1.15491 0.0610054 0.0
1.15102 0.0512574 0.0
1.14709 0.0419395 0.0
1.14318 0.033005 0.0
1.13934 0.0244118 0.0
1.13562 0.0161226 0.0
1.13207 0.00810433 0.0
1.1287 0.000327991 0.0
1.12554 -0.00723118 0.0
1.12261 -0.0145921 0.0
1.11993 -0.0217703 0.0
1.1175 -0.028779 0.0
1.11532 -0.0356297 0.0
1.11341 -0.0423321 0.0
1.11175 -0.0488953 0.0
1.11035 -0.0553275 0.0
1.10921 -0.0616343 0.0
1.1083 -0.0677933 0.0
1.10762 -0.0734146 0.0
0.999993 0.00471709 0.0
0.999965 0.0141859 0.0
0.999909 0.0236938 0.0
0.999825 0.0332452 0.0
0.999715 0.0428448 0.0
0.999578 0.0524976 0.0
0.999417 0.0622086 0.0
0.999235 0.071983 0.0
0.999033 0.081826 0.0
0.998814 0.0917428 0.0
0.998583 0.101739 0.0
0.998344 0.111819 0.0
0.998101 0.12199 0.0
0.997862 0.132255 0.0
0.997632 0.142621 0.0
0.997418 0.153092 0.0
0.99723 0.163673 0.0
0.997078 0.174369 0.0
0.99697 0.185182 0.0
0.99692 0.196116 0.0
0.996941 0.207175 0.0
0.997046 0.218358 0.0
0.997252 0.229667 0.0
0.997576 0.241101 0.0
0.998036 0.252656 0.0
0.998651 0.264328 0.0
0.999444 0.27611 0.0
1.00044 0.28799 0.0
1.00165 0.299957 0.0
1.00311 0.311993 0.0
1.00483 0.324076 0.0
1.00685 0.336182 0.0
1.00919 0.34828 0.0
1.01185 0.360333 0.0
1.01487 0.372302 0.0
1.01825 0.38414 0.0
1.022 0.395794 0.0
1.02613 0.40721 0.0
1.03063 0.418325 0.0
1.03547 0.429078 0.0
1.04065 0.439402 0.0
1.04612 0.449233 0.0
1.05183 0.458508 0.0
1.05774 0.467169 0.0
1.06376 0.475162 0.0
1.06982 0.482445 0.0
1.07584 0.488983 0.0
1.08171 0.494753 0.0
1.08733 0.499743 0.0
1.0926 0.503954 0.0
1.09739 0.507392 0.0
1.10159 0.510074 0.0
1.10507 0.512023 0.0
1.10769 0.513266 0.0
1.1093 0.513832 0.0
1.10975 0.513754 0.0
1.10889 0.513068 0.0
1.10653 0.511811 0.0
1.10252 0.510023 0.0
1.09668 0.507746 0.0
1.08885 0.505022 0.0
1.07888 0.501891 0.0
1.06662 0.498389 0.0
1.05195 0.494545 0.0
1.03476 0.490379 0.0
1.01493 0.485895 0.0
0.992397 0.481085 0.0
0.967082 0.47593 0.0
0.938931 0.470399 0.0
0.907906 0.464466 0.0
0.873998 0.458123 0.0
0.837241 0.451411 0.0
0.797742 0.444455 0.0
0.755717 0.437505 0.0
0.71154 0.430973 0.0
0.665783 0.425444 0.0
0.61924 0.42164 0.0
0.5729 0.420335 0.0
0.527875 0.422211 0.0
0.485279 0.427706 0.0
0.446088 0.436902 0.0
0.411032 0.449487 0.0
0.380551 0.464804 0.0
0.354808 0.481962 0.0
0.333757 0.499966 0.0
0.317213 0.517814 0.0
0.304923 0.534575 0.0
0.296608 0.549427 0.0
0.291992 0.561677 0.0
0.29081 0.570766 0.0
0.292808 0.576275 0.0
0.297747 0.57792 0.0
0.305386 0.575556 0.0
0.315486 0.569174 0.0
0.327801 0.558893 0.0
0.342078 0.544949 0.0
0.358053 0.527685 0.0
0.375453 0.507531 0.0
0.393999 0.484986 0.0
0.413414 0.460599 0.0
0.433423 0.434946 0.0
0.453764 0.408609 0.0
0.474187 0.38216 0.0
0.494466 0.356135 0.0
0.514397 0.331029 0.0
0.533801 0.307277 0.0
0.552527 0.285248 0.0
0.570449 0.265242 0.0
0.587472 0.247482 0.0
0.603524 0.23212 0.0
0.618559 0.219236 0.0
0.632554 0.208848 0.0
0.645507 0.200913 0.0
0.657434 0.195341 0.0
0.668364 0.192002 0.0
0.678339 0.190734 0.0
0.68741 0.191354 0.0
0.695633 0.193666 0.0
0.703067 0.197469 0.0
0.709774 0.202561 0.0
0.715815 0.20875 0.0
0.721249 0.21585 0.0
0.726138 0.223695 0.0
0.730544 0.232131 0.0
0.734528 0.241024 0.0
0.738156 0.250261 0.0
0.7415 0.259745 0.0
0.744634 0.269398 0.0
0.747639 0.279158 0.0
0.7506 0.288976 0.0
0.753605 0.298812 0.0
0.756746 0.308636 0.0
0.760112 0.31842 0.0
0.763789 0.328135 0.0
0.767857 0.337752 0.0
0.772389 0.347237 0.0
0.777444 0.356551 0.0
0.783074 0.365646 0.0
0.789316 0.374471 0.0
0.796196 0.382966 0.0
0.803729 0.391067 0.0
0.81192 0.398704 0.0
0.820767 0.405807 0.0
0.830259 0.4123 0.0
0.840382 0.418109 0.0
0.851118 0.423158 0.0
0.862445 0.427371 0.0
0.874341 0.430675 0.0
0.88678 0.432997 0.0
0.899735 0.434266 0.0
0.913175 0.434418 0.0
0.927066 0.43339 0.0
0.941366 0.431126 0.0
0.956027 0.427578 0.0
0.970988 0.42271 0.0
0.98618 0.416495 0.0
1.00152 0.408926 0.0
1.0169 0.400011 0.0
1.03222 0.389782 0.0
1.04734 0.378294 0.0
1.06212 0.365624 0.0
1.07643 0.351879 0.0
1.09009 0.337186 0.0
1.10296 0.321695 0.0
1.11489 0.305574 0.0
1.12575 0.289 0.0
1.13544 0.272159 0.0
1.14386 0.25523 0.0
1.15097 0.238384 0.0
1.15675 0.221775 0.0
1.16121 0.205534 0.0
1.1644 0.189769 0.0
1.16641 0.174558 0.0
1.16731 0.159954 0.0
1.16725 0.145983 0.0
1.16633 0.132652 0.0
1.16468 0.119947 0.0
1.16245 0.107845 0.0
1.15974 0.0963106 0.0
1.15668 0.0853033 0.0
1.15336 0.0747811 0.0
1.14987 0.0647012 0.0
1.14629 0.0550223 0.0
1.1427 0.0457059 0.0
1.13913 0.0367163 0.0
1.13565 0.0280214 0.0
1.13228 0.0195925 0.0
1.12907 0.0114043 0.0
1.12603 0.0034344 0.0
1.12319 -0.004337 0.0
1.12056 -0.0119247 0.0
1.11814 -0.0193402 0.0
1.11596 -0.0265929 0.0
1.11401 -0.0336907 0.0
1.11229 -0.0406407 0.0
1.11081 -0.0474488 0.0
1.10956 -0.0541209 0.0
1.10852 -0.0606603 0.0
1.1077 -0.0670412 0.0
1.10707 -0.0728588 0.0
0.999994 0.00472978 0.0
0.999971 0.0142243 0.0
0.999925 0.0237576 0.0
0.999856 0.0333339 0.0
0.999766 0.0429575 0.0
0.999654 0.0526328 0.0
0.999524 0.0623645 0.0
0.999377 0.0721572 0.0
0.999215 0.0820157 0.0
0.999042 0.0919445 0.0
0.998861 0.101949 0.0
0.998678 0.112032 0.0
0.998496 0.122201 0.0
0.998322 0.132458 0.0
0.998162 0.142809 0.0
0.998024 0.153257 0.0
0.997915 0.163806 0.0
0.997845 0.174459 0.0
0.997823 0.18522 0.0
0.997862 0.196089 0.0
0.997973 0.20707 0.0
0.99817 0.218161 0.0
0.998467 0.229362 0.0
0.99888 0.24067 0.0
0.999425 0.252082 0.0
1.00012 0.263591 0.0
1.00099 0.27519 0.0
1.00204 0.286866 0.0
1.0033 0.298607 0.0
1.00479 0.310395 0.0
1.00653 0.32221 0.0
1.00853 0.334026 0.0
1.01082 0.345815 0.0
1.0134 0.357544 0.0
1.0163 0.369175 0.0
1.01953 0.380665 0.0
1.02307 0.39197 0.0
1.02694 0.403038 0.0
1.03113 0.413818 0.0
1.03561 0.424254 0.0
1.04037 0.434292 0.0
1.04537 0.443876 0.0
1.05056 0.452954 0.0
1.0559 0.461478 0.0
1.06133 0.469404 0.0
1.06677 0.476699 0.0
1.07215 0.483335 0.0
1.07739 0.489296 0.0
1.08239 0.494575 0.0
1.08707 0.499178 0.0
1.09132 0.503115 0.0
1.09506 0.506411 0.0
1.09818 0.509091 0.0
1.10057 0.511191 0.0
1.10211 0.512747 0.0
1.1027 0.513799 0.0
1.1022 0.514389 0.0
1.10049 0.514558 0.0
1.09743 0.514349 0.0
1.09289 0.5138 0.0
1.08673 0.512951 0.0
1.07883 0.511833 0.0
1.06906 0.510474 0.0
1.0573 0.508891 0.0
1.04344 0.507091 0.0
1.02738 0.505068 0.0
1.00902 0.502802 0.0
0.988291 0.500261 0.0
0.965109 0.497402 0.0
0.939417 0.494179 0.0
0.911176 0.490558 0.0
0.880377 0.486531 0.0
0.847063 0.482147 0.0
0.811358 0.477543 0.0
0.773498 0.472972 0.0
0.733876 0.468824 0.0
0.693064 0.465615 0.0
0.651822 0.463943 0.0
0.611058 0.464391 0.0
0.571758 0.467421 0.0
0.53488 0.473257 0.0
0.501248 0.48182 0.0
0.471479 0.492721 0.0
0.445948 0.505318 0.0
0.42481 0.5188 0.0
0.408042 0.532292 0.0
0.395501 0.544927 0.0
0.386977 0.555914 0.0
0.382218 0.564565 0.0
0.380961 0.570318 0.0
0.382936 0.57275 0.0
0.387867 0.571575 0.0
0.395478 0.566651 0.0
0.405485 0.557972 0.0
0.417599 0.545665 0.0
0.431526 0.529973 0.0
0.446968 0.511245 0.0
0.463625 0.489915 0.0
0.481201 0.46648 0.0
0.49941 0.441482 0.0
0.517977 0.415487 0.0
0.536646 0.389059 0.0
0.555184 0.362749 0.0
0.573381 0.337069 0.0
0.591057 0.312488 0.0
0.608058 0.289412 0.0
0.624261 0.268184 0.0
0.639572 0.249074 0.0
0.653921 0.232278 0.0
0.66727 0.217924 0.0
0.679601 0.206067 0.0
0.690919 0.196703 0.0
0.70125 0.189773 0.0
0.710634 0.18517 0.0
0.719124 0.182753 0.0
0.726781 0.18235 0.0
0.733673 0.183774 0.0
0.73987 0.186826 0.0
0.745442 0.191303 0.0
0.750456 0.197006 0.0
0.754978 0.203743 0.0
0.759067 0.211334 0.0
0.762779 0.21961 0.0
0.766167 0.228422 0.0
0.76928 0.237635 0.0
0.772168 0.247133 0.0
0.774881 0.256817 0.0
0.77747 0.266604 0.0
0.779991 0.276427 0.0
0.782505 0.286232 0.0
0.785076 0.295979 0.0
0.787774 0.305632 0.0
0.790668 0.315164 0.0
0.793832 0.32455 0.0
0.797336 0.333765 0.0
0.801247 0.342781 0.0
0.805629 0.351569 0.0
0.810537 0.360091 0.0
0.816016 0.368305 0.0
0.822104 0.376163 0.0
0.828828 0.383611 0.0
0.836208 0.390589 0.0
0.844251 0.397032 0.0
0.852959 0.402874 0.0
0.862326 0.408045 0.0
0.87234 0.412473 0.0
0.882981 0.416087 0.0
0.894227 0.418817 0.0
0.906049 0.420593 0.0
0.918413 0.421351 0.0
0.931278 0.421028 0.0
0.944597 0.41957 0.0
0.958314 0.416928 0.0
0.972365 0.413065 0.0
0.986674 0.407953 0.0
1.00115 0.401581 0.0
1.0157 0.393953 0.0
1.03021 0.385093 0.0
1.04455 0.375043 0.0
1.05859 0.363869 0.0
1.0722 0.351659 0.0
1.08522 0.33852 0.0
1.09752 0.324581 0.0
1.10897 0.309983 0.0
1.11944 0.294881 0.0
1.12884 0.279433 0.0
1.13708 0.263798 0.0
1.14412 0.248126 0.0
1.14994 0.232558 0.0
1.15455 0.217215 0.0
1.15798 0.202198 0.0
1.16031 0.187587 0.0
1.16161 0.173439 0.0
1.16198 0.15979 0.0
1.16154 0.146657 0.0
1.1604 0.134041 0.0
1.15866 0.121931 0.0
1.15645 0.110307 0.0
1.15387 0.0991416 0.0
1.151 0.0884056 0.0
1.14793 0.078067 0.0
1.14474 0.0680942 0.0
1.14149 0.0584567 0.0
1.13823 0.0491256 0.0
1.13502 0.0400743 0.0
1.13189 0.0312786 0.0
1.12887 0.022717 0.0
1.126 0.0143703 0.0
1.12328 0.00622162 0.0
1.12074 -0.00174393 0.0
1.1184 -0.00953795 0.0
1.11625 -0.0171682 0.0
1.11431 -0.0246407 0.0
1.11258 -0.0319604 0.0
1.11105 -0.0391312 0.0
1.10973 -0.0461569 0.0
1.10862 -0.0530407 0.0
1.10769 -0.0597836 0.0
1.10695 -0.0663571 0.0
1.10638 -0.0723434 0.0
0.999995 0.0047401 0.0
0.999977 0.0142554 0.0
0.99994 0.0238095 0.0
0.999885 0.0334059 0.0
0.999812 0.0430487 0.0
0.999723 0.0527418 0.0
0.99962 0.0624893 0.0
0.999504 0.0722956 0.0
0.999379 0.0821646 0.0
0.999247 0.0921007 0.0
0.999111 0.102108 0.0
0.998977 0.112191 0.0
0.998849 0.122352 0.0
0.998733 0.132597 0.0
0.998635 0.142928 0.0
0.998562 0.153349 0.0
0.998521 0.163863 0.0
0.998522 0.174471 0.0
0.998574 0.185177 0.0
0.998688 0.19598 0.0
0.998875 0.206881 0.0
0.999147 0.21788 0.0
0.999517 0.228974 0.0
1 0.240161 0.0
1.00061 0.251434 0.0
1.00137 0.262788 0.0
1.00228 0.274213 0.0
1.00337 0.285698 0.0
1.00466 0.297228 0.0
1.00616 0.308788 0.0
1.00788 0.320356 0.0
1.00985 0.331909 0.0
1.01208 0.34342 0.0
1.01457 0.354858 0.0
1.01734 0.36619 0.0
1.02039 0.377375 0.0
1.02373 0.388375 0.0
1.02735 0.399145 0.0
1.03124 0.409639 0.0
1.03538 0.419809 0.0
1.03975 0.429609 0.0
1.04431 0.438993 0.0
1.04904 0.447916 0.0
1.05387 0.456338 0.0
1.05877 0.464225 0.0
1.06365 0.471549 0.0
1.06847 0.478289 0.0
1.07315 0.484433 0.0
1.0776 0.489979 0.0
1.08176 0.494934 0.0
1.08555 0.499315 0.0
1.08888 0.503144 0.0
1.09167 0.506453 0.0
1.09383 0.509279 0.0
1.09528 0.511664 0.0
1.09592 0.513651 0.0
1.09567 0.515287 0.0
1.09443 0.516618 0.0
1.09209 0.517686 0.0
1.08856 0.518535 0.0
1.08373 0.519202 0.0
1.07749 0.519716 0.0
1.06976 0.520101 0.0
1.06041 0.520369 0.0
1.04936 0.520521 0.0
1.03651 0.520545 0.0
1.02178 0.520413 0.0
1.00508 0.520086 0.0
0.986322 0.519513 0.0
0.965449 0.518633 0.0
0.9424 0.517393 0.0
0.917142 0.515753 0.0
0.889676 0.513706 0.0
0.860059 0.511307 0.0
0.828435 0.508692 0.0
0.795061 0.5061 0.0
0.760335 0.503875 0.0
0.724817 0.502443 0.0
0.689212 0.50226 0.0
0.654336 0.503729 0.0
0.621044 0.507119 0.0
0.590146 0.512486 0.0
0.56233 0.51964 0.0
0.538106 0.528154 0.0
0.517789 0.53742 0.0
0.501509 0.54672 0.0
0.489247 0.5553 0.0
0.480877 0.562436 0.0
0.476198 0.56748 0.0
0.474965 0.569893 0.0
0.476901 0.569264 0.0
0.481716 0.565315 0.0
0.489104 0.557912 0.0
0.498752 0.547056 0.0
0.510341 0.532878 0.0
0.52355 0.515624 0.0
0.538061 0.495642 0.0
0.553561 0.473361 0.0
0.569747 0.44927 0.0
0.586334 0.423896 0.0
0.603054 0.397785 0.0
0.619666 0.37148 0.0
0.635954 0.345503 0.0
0.651731 0.320341 0.0
0.66684 0.296431 0.0
0.681155 0.274152 0.0
0.694581 0.253815 0.0
0.707052 0.235662 0.0
0.718531 0.219862 0.0
0.729005 0.206517 0.0
0.738486 0.195661 0.0
0.747007 0.187269 0.0
0.754617 0.181266 0.0
0.761378 0.177532 0.0
0.767364 0.175916 0.0
0.772651 0.176242 0.0
0.777323 0.178319 0.0
0.781458 0.181948 0.0
0.785136 0.186931 0.0
0.78843 0.19307 0.0
0.791406 0.200181 0.0
0.794126 0.208088 0.0
0.796641 0.216629 0.0
0.798999 0.225658 0.0
0.80124 0.235044 0.0
0.803403 0.244673 0.0
0.805523 0.254445 0.0
0.807633 0.264276 0.0
0.80977 0.274096 0.0
0.811972 0.283847 0.0
0.814281 0.293483 0.0
0.816745 0.302967 0.0
0.819412 0.312267 0.0
0.822338 0.321358 0.0
0.825577 0.330214 0.0
0.829185 0.338812 0.0
0.833217 0.347125 0.0
0.837723 0.355122 0.0
0.84275 0.362768 0.0
0.848337 0.370025 0.0
0.854519 0.376844 0.0
0.861318 0.383177 0.0
0.868753 0.388967 0.0
0.87683 0.394155 0.0
0.88555 0.398678 0.0
0.894905 0.402472 0.0
0.90488 0.405472 0.0
0.915451 0.407615 0.0
0.926587 0.408837 0.0
0.93825 0.409081 0.0
0.950391 0.408292 0.0
0.962956 0.406423 0.0
0.975877 0.403436 0.0
0.989081 0.399303 0.0
1.00248 0.394008 0.0
1.01597 0.387552 0.0
1.02946 0.379948 0.0
1.04282 0.371232 0.0
1.05592 0.361455 0.0
1.06865 0.350688 0.0
1.08086 0.339022 0.0
1.09244 0.326561 0.0
1.10325 0.313427 0.0
1.11319 0.299749 0.0
1.12217 0.285663 0.0
1.13012 0.271307 0.0
1.13699 0.256813 0.0
1.14275 0.242304 0.0
1.14742 0.227892 0.0
1.15102 0.213672 0.0
1.15361 0.199722 0.0
1.15524 0.186101 0.0
1.15602 0.172852 0.0
1.15602 0.16 0.0
1.15535 0.147558 0.0
1.15411 0.135527 0.0
1.15239 0.123897 0.0
1.15028 0.112656 0.0
1.14788 0.101785 0.0
1.14525 0.0912607 0.0
1.14246 0.0810622 0.0
1.13959 0.0711665 0.0
1.13667 0.0615516 0.0
1.13376 0.0521963 0.0
1.13089 0.0430815 0.0
1.12811 0.0341892 0.0
1.12543 0.0255037 0.0
1.12288 0.0170111 0.0
1.12048 0.00869924 0.0
1.11823 0.000557541 0.0
1.11616 -0.0074225 0.0
1.11427 -0.0152455 0.0
1.11256 -0.0229143 0.0
1.11104 -0.0304311 0.0
1.1097 -0.0377972 0.0
1.10854 -0.0450139 0.0
1.10756 -0.0520823 0.0
1.10674 -0.0590012 0.0
1.10608 -0.0657395 0.0
1.10556 -0.0718682 0.0
0.999996 0.00474828 0.0
0.999982 0.0142802 0.0
0.999953 0.0238506 0.0
0.99991 0.0334629 0.0
0.999854 0.0431205 0.0
0.999785 0.0528271 0.0
0.999706 0.0625863 0.0
0.999619 0.0724018 0.0
0.999525 0.0822773 0.0
0.999429 0.0922165 0.0
0.999334 0.102223 0.0
0.999243 0.1123 0.0
0.999162 0.122451 0.0
0.999096 0.13268 0.0
0.999051 0.142988 0.0
0.999034 0.153379 0.0
0.999052 0.163855 0.0
0.999113 0.174417 0.0
0.999227 0.185066 0.0
0.999403 0.195802 0.0
0.999651 0.206625 0.0
0.999983 0.217533 0.0
1.00041 0.228523 0.0
1.00095 0.239591 0.0
1.00161 0.250732 0.0
1.00241 0.261938 0.0
1.00335 0.2732 0.0
1.00447 0.284505 0.0
1.00576 0.295841 0.0
1.00725 0.30719 0.0
1.00894 0.318533 0.0
1.01086 0.329848 0.0
1.013 0.341109 0.0
1.01539 0.352289 0.0
1.01802 0.363355 0.0
1.02091 0.374274 0.0
1.02404 0.385009 0.0
1.02741 0.395522 0.0
1.03101 0.405772 0.0
1.03483 0.415719 0.0
1.03884 0.425323 0.0
1.04301 0.434544 0.0
1.0473 0.443345 0.0
1.05168 0.451694 0.0
1.05609 0.459563 0.0
1.06049 0.466927 0.0
1.06481 0.473773 0.0
1.06899 0.480092 0.0
1.07297 0.485884 0.0
1.07668 0.491159 0.0
1.08005 0.495932 0.0
1.08302 0.50023 0.0
1.08551 0.504084 0.0
1.08747 0.507531 0.0
1.08882 0.510616 0.0
1.08949 0.513383 0.0
1.08941 0.515882 0.0
1.08852 0.51816 0.0
1.08674 0.520263 0.0
1.08399 0.522236 0.0
1.08021 0.524115 0.0
1.07531 0.525934 0.0
1.06922 0.527713 0.0
1.06186 0.529465 0.0
1.05315 0.531187 0.0
1.043 0.532867 0.0
1.03136 0.534473 0.0
1.01813 0.535963 0.0
1.00324 0.537279 0.0
0.986622 0.538356 0.0
0.968217 0.539124 0.0
0.947977 0.539521 0.0
0.925877 0.539504 0.0
0.901934 0.539067 0.0
0.876226 0.538263 0.0
0.848913 0.537216 0.0
0.820265 0.536133 0.0
0.790677 0.535292 0.0
0.760675 0.535017 0.0
0.730901 0.535623 0.0
0.702064 0.537355 0.0
0.674891 0.540322 0.0
0.650053 0.544458 0.0
0.628108 0.549504 0.0
0.609465 0.55503 0.0
0.594372 0.560484 0.0
0.582921 0.565249 0.0
0.575076 0.568702 0.0
0.570703 0.570266 0.0
0.569593 0.569451 0.0
0.571487 0.565875 0.0
0.576092 0.559284 0.0
0.583094 0.549554 0.0
0.592163 0.536697 0.0
0.602967 0.520844 0.0
0.615172 0.502243 0.0
0.628448 0.481235 0.0
0.642482 0.458236 0.0
0.656972 0.433719 0.0
0.671641 0.408192 0.0
0.686236 0.382174 0.0
0.700532 0.356183 0.0
0.714333 0.330711 0.0
0.727477 0.306213 0.0
0.739833 0.283094 0.0
0.751304 0.261703 0.0
0.761821 0.24232 0.0
0.771349 0.225157 0.0
0.779878 0.210359 0.0
0.787425 0.198 0.0
0.794027 0.188094 0.0
0.799743 0.1806 0.0
0.804643 0.175426 0.0
0.808808 0.172445 0.0
0.812327 0.171499 0.0
0.815291 0.172408 0.0
0.817791 0.174982 0.0
0.819916 0.179026 0.0
0.821747 0.184344 0.0
0.82336 0.19075 0.0
0.824823 0.198062 0.0
0.826196 0.206115 0.0
0.827527 0.214754 0.0
0.828861 0.223841 0.0
0.830231 0.233249 0.0
0.831668 0.242869 0.0
0.833195 0.252603 0.0
0.834835 0.262368 0.0
0.836609 0.272093 0.0
0.83854 0.281718 0.0
0.84065 0.291192 0.0
0.842969 0.300476 0.0
0.845526 0.309533 0.0
0.848357 0.318335 0.0
0.8515 0.326855 0.0
0.854994 0.335068 0.0
0.858882 0.342949 0.0
0.863205 0.350469 0.0
0.868001 0.357598 0.0
0.873307 0.364302 0.0
0.879152 0.37054 0.0
0.885563 0.376271 0.0
0.892556 0.381446 0.0
0.900142 0.386012 0.0
0.908324 0.389918 0.0
0.917095 0.393105 0.0
0.926442 0.395518 0.0
0.93634 0.3971 0.0
0.946757 0.397799 0.0
0.957651 0.397563 0.0
0.968972 0.396348 0.0
0.980657 0.394117 0.0
0.992635 0.390842 0.0
1.00483 0.386503 0.0
1.01714 0.381098 0.0
1.02947 0.374633 0.0
1.04172 0.367134 0.0
1.05377 0.358641 0.0
1.06549 0.349211 0.0
1.07679 0.338915 0.0
1.08753 0.327841 0.0
1.09761 0.316089 0.0
1.10693 0.303766 0.0
1.11541 0.290988 0.0
1.12298 0.277872 0.0
1.12959 0.264532 0.0
1.13524 0.251077 0.0
1.1399 0.237608 0.0
1.14361 0.224211 0.0
1.1464 0.210962 0.0
1.14832 0.197921 0.0
1.14945 0.185134 0.0
1.14987 0.172633 0.0
1.14964 0.160439 0.0
1.14887 0.148563 0.0
1.14763 0.137007 0.0
1.146 0.125767 0.0
1.14406 0.114835 0.0
1.14187 0.104197 0.0
1.13951 0.0938409 0.0
1.13702 0.0837507 0.0
1.13447 0.0739111 0.0
1.13188 0.0643066 0.0
1.12931 0.0549227 0.0
1.12679 0.0457455 0.0
1.12433 0.0367628 0.0
1.12198 0.0279636 0.0
1.11974 0.0193382 0.0
1.11764 0.0108788 0.0
1.11568 0.00257872 0.0
1.11388 -0.00556751 0.0
1.11223 -0.0135618 0.0
1.11074 -0.0214042 0.0
1.10942 -0.0290942 0.0
1.10826 -0.036631 0.0
1.10725 -0.0440134 0.0
1.10639 -0.0512405 0.0
1.10567 -0.0583093 0.0
1.10509 -0.0651862 0.0
1.10462 -0.0714331 0.0
0.999997 0.00475456 0.0
0.999986 0.0142993 0.0
0.999965 0.0238823 0.0
0.999932 0.0335066 0.0
0.99989 0.0431753 0.0
0.99984 0.0528915 0.0
0.999782 0.0626585 0.0
0.999719 0.0724796 0.0
0.999654 0.0823579 0.0
0.99959 0.0922967 0.0
0.999529 0.102299 0.0
0.999476 0.112368 0.0
0.999436 0.122505 0.0
0.999413 0.132715 0.0
0.999414 0.142998 0.0
0.999444 0.153357 0.0
0.999511 0.163793 0.0
0.999622 0.174306 0.0
0.999786 0.184898 0.0
1.00001 0.195568 0.0
1.00031 0.206313 0.0
1.00069 0.217133 0.0
1.00116 0.228023 0.0
1.00174 0.238978 0.0
1.00243 0.249993 0.0
1.00325 0.26106 0.0
1.00421 0.272168 0.0
1.00533 0.283307 0.0
1.00661 0.294463 0.0
1.00807 0.305619 0.0
1.00972 0.316758 0.0
1.01158 0.327857 0.0
1.01363 0.338894 0.0
1.01591 0.349844 0.0
1.0184 0.360676 0.0
1.02111 0.371361 0.0
1.02403 0.381866 0.0
1.02717 0.392158 0.0
1.0305 0.402201 0.0
1.03401 0.411961 0.0
1.03768 0.421402 0.0
1.04149 0.430491 0.0
1.04539 0.439199 0.0
1.04936 0.447497 0.0
1.05334 0.455361 0.0
1.0573 0.462775 0.0
1.06118 0.469727 0.0
1.06492 0.476211 0.0
1.06848 0.482229 0.0
1.07179 0.487792 0.0
1.0748 0.492916 0.0
1.07746 0.497626 0.0
1.07969 0.501954 0.0
1.08146 0.505936 0.0
1.08271 0.509616 0.0
1.08339 0.513038 0.0
1.08344 0.516251 0.0
1.08282 0.519305 0.0
1.08147 0.522245 0.0
1.07935 0.525118 0.0
1.07641 0.527961 0.0
1.07258 0.530809 0.0
1.06783 0.533684 0.0
1.06208 0.536599 0.0
1.05529 0.539554 0.0
1.0474 0.542534 0.0
1.03834 0.545512 0.0
1.02806 0.548442 0.0
1.01648 0.551266 0.0
1.00355 0.553916 0.0
0.989203 0.556313 0.0
0.973396 0.55838 0.0
0.956093 0.560049 0.0
0.937285 0.561273 0.0
0.917006 0.562044 0.0
0.89535 0.562404 0.0
0.872493 0.562452 0.0
0.848705 0.56235 0.0
0.824364 0.562301 0.0
0.799952 0.562526 0.0
0.776029 0.563211 0.0
0.753199 0.564469 0.0
0.732058 0.566291 0.0
0.713145 0.568529 0.0
0.696896 0.570896 0.0
0.68362 0.572988 0.0
0.673491 0.574326 0.0
0.666551 0.574409 0.0
0.662733 0.572751 0.0
0.661879 0.568931 0.0
0.663763 0.562617 0.0
0.668111 0.553588 0.0
0.674616 0.541743 0.0
0.682951 0.527102 0.0
0.692782 0.509803 0.0
0.703775 0.490087 0.0
0.715605 0.468285 0.0
0.727961 0.444797 0.0
0.740553 0.420075 0.0
0.753117 0.394602 0.0
0.765417 0.368869 0.0
0.777248 0.343362 0.0
0.788439 0.31854 0.0
0.798853 0.294826 0.0
0.808385 0.272593 0.0
0.816965 0.252154 0.0
0.824556 0.233761 0.0
0.831148 0.217596 0.0
0.836762 0.203777 0.0
0.841439 0.192357 0.0
0.845242 0.183331 0.0
0.848249 0.17664 0.0
0.850549 0.172185 0.0
0.85224 0.16983 0.0
0.853422 0.169413 0.0
0.854195 0.170756 0.0
0.854656 0.173673 0.0
0.854895 0.177972 0.0
0.854996 0.183466 0.0
0.855035 0.189976 0.0
0.855076 0.197331 0.0
0.855177 0.205373 0.0
0.855384 0.213958 0.0
0.855734 0.222954 0.0
0.856257 0.232242 0.0
0.856977 0.241719 0.0
0.857911 0.251292 0.0
0.859072 0.260878 0.0
0.860472 0.270409 0.0
0.862121 0.279823 0.0
0.86403 0.289068 0.0
0.866211 0.2981 0.0
0.86868 0.306882 0.0
0.871457 0.315379 0.0
0.874562 0.323563 0.0
0.87802 0.331407 0.0
0.881859 0.338883 0.0
0.886107 0.345964 0.0
0.890792 0.352622 0.0
0.895941 0.358824 0.0
0.901576 0.364537 0.0
0.907719 0.369722 0.0
0.914383 0.374337 0.0
0.921577 0.37834 0.0
0.929302 0.381683 0.0
0.93755 0.38432 0.0
0.946307 0.386201 0.0
0.955546 0.38728 0.0
0.965236 0.387513 0.0
0.975332 0.386859 0.0
0.985781 0.385283 0.0
0.99652 0.382758 0.0
1.00748 0.379265 0.0
1.01857 0.374795 0.0
1.02971 0.369352 0.0
1.04081 0.362953 0.0
1.05175 0.355627 0.0
1.06243 0.347417 0.0
1.07276 0.338382 0.0
1.08262 0.328591 0.0
1.09192 0.318124 0.0
1.10058 0.307072 0.0
1.10851 0.29553 0.0
1.11566 0.283597 0.0
1.12198 0.27137 0.0
1.12745 0.258945 0.0
1.13206 0.246409 0.0
1.13583 0.233844 0.0
1.13878 0.22132 0.0
1.14095 0.208894 0.0
1.1424 0.196616 0.0
1.14318 0.184522 0.0
1.14337 0.17264 0.0
1.14304 0.160987 0.0
1.14226 0.149574 0.0
1.14109 0.138406 0.0
1.13961 0.127483 0.0
1.13787 0.116801 0.0
1.13593 0.106354 0.0
1.13384 0.0961323 0.0
1.13166 0.0861275 0.0
1.12942 0.0763294 0.0
1.12716 0.0667281 0.0
1.12492 0.0573139 0.0
1.12272 0.0480779 0.0
1.12059 0.039012 0.0
1.11855 0.0301095 0.0
1.11662 0.0213647 0.0
1.1148 0.0127734 0.0
1.11311 0.00433238 0.0
1.11155 -0.00396079 0.0
1.11014 -0.0121056 0.0
1.10886 -0.0200996 0.0
1.10773 -0.02794 0.0
1.10673 -0.0356237 0.0
1.10587 -0.0431477 0.0
1.10513 -0.0505092 0.0
1.10451 -0.0577036 0.0
1.10399 -0.0646949 0.0
1.10358 -0.0710376 0.0
0.999998 0.00475916 0.0
0.99999 0.0143133 0.0
0.999975 0.0239055 0.0
0.999952 0.0335385 0.0
0.999922 0.043215 0.0
0.999887 0.0529376 0.0
0.999848 0.0627092 0.0
0.999807 0.0725326 0.0
0.999767 0.0824107 0.0
0.999729 0.092346 0.0
0.999698 0.102341 0.0
0.999678 0.112399 0.0
0.999672 0.12252 0.0
0.999685 0.132709 0.0
0.999724 0.142965 0.0
0.999794 0.15329 0.0
0.999901 0.163685 0.0
1.00005 0.174151 0.0
1.00026 0.184686 0.0
1.00052 0.19529 0.0
1.00086 0.20596 0.0
1.00127 0.216694 0.0
1.00177 0.227488 0.0
1.00237 0.238336 0.0
1.00308 0.249232 0.0
1.00392 0.260168 0.0
1.00488 0.271134 0.0
1.00599 0.282119 0.0
1.00725 0.293109 0.0
1.00867 0.304089 0.0
1.01026 0.315042 0.0
1.01204 0.325948 0.0
1.014 0.336784 0.0
1.01615 0.347529 0.0
1.0185 0.358155 0.0
1.02103 0.368636 0.0
1.02376 0.378942 0.0
1.02666 0.389043 0.0
1.02974 0.39891 0.0
1.03296 0.408512 0.0
1.03632 0.417819 0.0
1.03979 0.426803 0.0
1.04334 0.435438 0.0
1.04693 0.443701 0.0
1.05053 0.451574 0.0
1.05409 0.459042 0.0
1.05757 0.466097 0.0
1.06093 0.472735 0.0
1.06412 0.47896 0.0
1.06709 0.484782 0.0
1.06978 0.490219 0.0
1.07216 0.495292 0.0
1.07417 0.500034 0.0
1.07578 0.504478 0.0
1.07694 0.508665 0.0
1.07762 0.512639 0.0
1.07777 0.516448 0.0
1.07736 0.520138 0.0
1.07636 0.523756 0.0
1.07474 0.527347 0.0
1.07247 0.530951 0.0
1.06951 0.534602 0.0
1.06584 0.538324 0.0
1.06141 0.542131 0.0
1.05619 0.546027 0.0
1.05015 0.549999 0.0
1.04323 0.55402 0.0
1.0354 0.558049 0.0
1.02661 0.562029 0.0
1.0168 0.56589 0.0
1.00593 0.569551 0.0
0.993958 0.572925 0.0
0.980836 0.575928 0.0
0.966551 0.578487 0.0
0.951109 0.580551 0.0
0.93456 0.582101 0.0
0.917013 0.58316 0.0
0.898646 0.583797 0.0
0.879722 0.584119 0.0
0.860587 0.584255 0.0
0.841664 0.584328 0.0
0.823426 0.584419 0.0
0.806368 0.584539 0.0
0.790961 0.584602 0.0
0.777615 0.584418 0.0
0.766651 0.583705 0.0
0.758281 0.582109 0.0
0.7526 0.579246 0.0
0.749598 0.574734 0.0
0.749167 0.568233 0.0
0.751124 0.559474 0.0
0.755226 0.548281 0.0
0.76119 0.534581 0.0
0.768708 0.518412 0.0
0.777458 0.499914 0.0
0.787118 0.479324 0.0
0.797375 0.456961 0.0
0.807934 0.433206 0.0
0.818521 0.408487 0.0
0.828889 0.383258 0.0
0.838824 0.357978 0.0
0.848145 0.3331 0.0
0.856705 0.30905 0.0
0.864393 0.286214 0.0
0.871133 0.264932 0.0
0.876884 0.245484 0.0
0.881635 0.228089 0.0
0.885405 0.212905 0.0
0.888239 0.200021 0.0
0.890204 0.189472 0.0
0.891381 0.181236 0.0
0.891869 0.175242 0.0
0.891769 0.171383 0.0
0.891192 0.169519 0.0
0.890243 0.16949 0.0
0.889028 0.171121 0.0
0.887646 0.17423 0.0
0.886187 0.178634 0.0
0.884733 0.184156 0.0
0.883356 0.190624 0.0
0.882117 0.19788 0.0
0.881067 0.205773 0.0
0.880248 0.21417 0.0
0.879693 0.222947 0.0
0.879426 0.231993 0.0
0.879464 0.24121 0.0
0.879821 0.250511 0.0
0.880502 0.259817 0.0
0.881513 0.26906 0.0
0.882856 0.27818 0.0
0.884532 0.287126 0.0
0.886544 0.295849 0.0
0.888895 0.304311 0.0
0.891593 0.312475 0.0
0.894646 0.320309 0.0
0.898065 0.327783 0.0
0.901863 0.334868 0.0
0.906057 0.341537 0.0
0.910662 0.347759 0.0
0.915694 0.353506 0.0
0.921168 0.358746 0.0
0.927095 0.363443 0.0
0.933482 0.367564 0.0
0.940333 0.371069 0.0
0.947644 0.373919 0.0
0.955405 0.376075 0.0
0.963598 0.377496 0.0
0.972196 0.378146 0.0
0.981165 0.377988 0.0
0.99046 0.376992 0.0
1.00003 0.375132 0.0
1.00981 0.372389 0.0
1.01973 0.368754 0.0
1.02972 0.364225 0.0
1.03968 0.358814 0.0
1.04954 0.35254 0.0
1.0592 0.345437 0.0
1.06858 0.33755 0.0
1.07757 0.328932 0.0
1.0861 0.319651 0.0
1.09408 0.309777 0.0
1.10146 0.299389 0.0
1.10817 0.28857 0.0
1.11418 0.277402 0.0
1.11945 0.265968 0.0
1.12398 0.254345 0.0
1.12777 0.242605 0.0
1.13084 0.230813 0.0
1.13322 0.219025 0.0
1.13495 0.20729 0.0
1.13607 0.195648 0.0
1.13665 0.184129 0.0
1.13673 0.172757 0.0
1.13638 0.16155 0.0
1.13565 0.150519 0.0
1.13461 0.139672 0.0
1.1333 0.12901 0.0
1.13179 0.118535 0.0
1.1301 0.108243 0.0
1.1283 0.0981318 0.0
1.12641 0.0881957 0.0
1.12448 0.0784292 0.0
1.12254 0.0688268 0.0
1.12062 0.0593828 0.0
1.11873 0.0500923 0.0
1.11691 0.0409512 0.0
1.11516 0.0319562 0.0
1.11351 0.0231053 0.0
1.11196 0.0143974 0.0
1.11053 0.00583248 0.0
1.10921 -0.00258895 0.0
1.10802 -0.0108643 0.0
1.10694 -0.0189889 0.0
1.10598 -0.0269577 0.0
1.10514 -0.0347659 0.0
1.10441 -0.0424088 0.0
1.10378 -0.0498819 0.0
1.10325 -0.0571791 0.0
1.1028 -0.0642626 0.0
1.10243 -0.0706808 0.0
0.999999 0.0047623 0.0
0.999994 0.0143229 0.0
0.999984 0.0239215 0.0
0.999969 0.0335603 0.0
0.99995 0.0432416 0.0
0.999928 0.0529677 0.0
0.999905 0.0627412 0.0
0.999883 0.0725644 0.0
0.999863 0.0824396 0.0
0.999848 0.092369 0.0
0.999842 0.102355 0.0
0.999849 0.112399 0.0
0.999872 0.122503 0.0
0.999915 0.132669 0.0
0.999985 0.142897 0.0
1.00009 0.153188 0.0
1.00023 0.163542 0.0
1.00041 0.173959 0.0
1.00064 0.184439 0.0
1.00094 0.194979 0.0
1.0013 0.205576 0.0
1.00173 0.216228 0.0
1.00225 0.22693 0.0
1.00287 0.237677 0.0
1.00359 0.248461 0.0
1.00442 0.259276 0.0
1.00537 0.27011 0.0
1.00645 0.280952 0.0
1.00768 0.291791 0.0
1.00905 0.302611 0.0
1.01058 0.313396 0.0
1.01227 0.324127 0.0
1.01413 0.334786 0.0
1.01616 0.345348 0.0
1.01835 0.355793 0.0
1.02072 0.366095 0.0
1.02325 0.376228 0.0
1.02593 0.386166 0.0
1.02876 0.395883 0.0
1.03172 0.405353 0.0
1.03479 0.414549 0.0
1.03795 0.423448 0.0
1.04117 0.432028 0.0
1.04442 0.44027 0.0
1.04767 0.448159 0.0
1.05088 0.455684 0.0
1.05401 0.462837 0.0
1.05703 0.469619 0.0
1.05988 0.476032 0.0
1.06254 0.482087 0.0
1.06496 0.4878 0.0
1.0671 0.493194 0.0
1.06892 0.498296 0.0
1.07039 0.503138 0.0
1.07147 0.50776 0.0
1.07214 0.512201 0.0
1.07237 0.516506 0.0
1.07214 0.520719 0.0
1.07143 0.524886 0.0
1.07021 0.52905 0.0
1.06849 0.53325 0.0
1.06623 0.53752 0.0
1.06342 0.541885 0.0
1.06006 0.546362 0.0
1.05612 0.550954 0.0
1.05158 0.555655 0.0
1.04642 0.560439 0.0
1.04061 0.565269 0.0
1.03412 0.570091 0.0
1.02692 0.574837 0.0
1.01897 0.579425 0.0
1.01023 0.583767 0.0
1.00067 0.587767 0.0
0.990265 0.591337 0.0
0.979015 0.594394 0.0
0.966939 0.596881 0.0
0.954099 0.598766 0.0
0.940608 0.600048 0.0
0.926641 0.600759 0.0
0.912437 0.600953 0.0
0.898301 0.600689 0.0
0.884587 0.600009 0.0
0.871678 0.598916 0.0
0.859957 0.597353 0.0
0.849776 0.595194 0.0
0.841427 0.592242 0.0
0.835123 0.588247 0.0
0.830982 0.58293 0.0
0.829028 0.576007 0.0
0.829196 0.567223 0.0
0.831344 0.55638 0.0
0.835266 0.543351 0.0
0.840712 0.5281 0.0
0.847402 0.510685 0.0
0.855041 0.491252 0.0
0.863329 0.470037 0.0
0.871975 0.447344 0.0
0.880705 0.423534 0.0
0.889268 0.39901 0.0
0.897441 0.374194 0.0
0.905034 0.349514 0.0
0.911892 0.325386 0.0
0.917895 0.302201 0.0
0.92296 0.28031 0.0
0.927038 0.260017 0.0
0.930117 0.24157 0.0
0.932211 0.225158 0.0
0.933366 0.210911 0.0
0.933648 0.198898 0.0
0.933144 0.189135 0.0
0.931954 0.181585 0.0
0.930188 0.176171 0.0
0.927959 0.172781 0.0
0.925382 0.171275 0.0
0.922568 0.171496 0.0
0.919624 0.173274 0.0
0.916645 0.176437 0.0
0.913721 0.180811 0.0
0.910927 0.186227 0.0
0.90833 0.192527 0.0
0.905986 0.19956 0.0
0.90394 0.207189 0.0
0.902227 0.215286 0.0
0.900874 0.223738 0.0
0.899901 0.232441 0.0
0.89932 0.241304 0.0
0.899139 0.250242 0.0
0.899359 0.259183 0.0
0.89998 0.268061 0.0
0.900999 0.276818 0.0
0.902412 0.2854 0.0
0.904213 0.293762 0.0
0.9064 0.301861 0.0
0.908968 0.30966 0.0
0.911917 0.317123 0.0
0.915249 0.324219 0.0
0.918965 0.330918 0.0
0.923069 0.337189 0.0
0.927568 0.343004 0.0
0.932465 0.348332 0.0
0.937766 0.353145 0.0
0.943473 0.35741 0.0
0.949586 0.361096 0.0
0.956101 0.36417 0.0
0.963009 0.366598 0.0
0.970295 0.368348 0.0
0.977938 0.369387 0.0
0.985909 0.369686 0.0
0.994173 0.369217 0.0
1.00268 0.367957 0.0
1.01139 0.36589 0.0
1.02024 0.363004 0.0
1.02916 0.359296 0.0
1.03809 0.354772 0.0
1.04694 0.349447 0.0
1.05564 0.343343 0.0
1.06412 0.336496 0.0
1.07229 0.328948 0.0
1.08008 0.320749 0.0
1.08743 0.311959 0.0
1.09427 0.302641 0.0
1.10056 0.292863 0.0
1.10625 0.282694 0.0
1.11131 0.272205 0.0
1.11574 0.261462 0.0
1.11953 0.25053 0.0
1.1227 0.239468 0.0
1.12525 0.228329 0.0
1.12722 0.217161 0.0
1.12864 0.206003 0.0
1.12956 0.19489 0.0
1.13003 0.183848 0.0
1.13008 0.172901 0.0
1.12977 0.162065 0.0
1.12915 0.151352 0.0
1.12826 0.140771 0.0
1.12715 0.130327 0.0
1.12586 0.120025 0.0
1.12444 0.109864 0.0
1.12291 0.0998439 0.0
1.12131 0.0899642 0.0
1.11968 0.0802224 0.0
1.11804 0.0706164 0.0
1.11641 0.0611443 0.0
1.11482 0.0518045 0.0
1.11329 0.0425962 0.0
1.11183 0.0335196 0.0
1.11044 0.0245756 0.0
1.10915 0.0157661 0.0
1.10796 0.00709403 0.0
1.10686 -0.00143763 0.0
1.10587 -0.00982422 0.0
1.10497 -0.0180592 0.0
1.10418 -0.0261357 0.0
1.10348 -0.0340473 0.0
1.10287 -0.0417878 0.0
1.10235 -0.0493514 0.0
1.1019 -0.0567307 0.0
1.10152 -0.0638863 0.0
1.1012 -0.0703619 0.0
0.999999 0.0047642 0.0
0.999997 0.0143288 0.0
0.999991 0.0239312 0.0
0.999983 0.0335733 0.0
0.999973 0.043257 0.0
0.999963 0.0529844 0.0
0.999953 0.0627574 0.0
0.999946 0.072578 0.0
0.999943 0.0824483 0.0
0.999948 0.09237 0.0
0.999963 0.102345 0.0
0.999992 0.112374 0.0
1.00004 0.122459 0.0
1.00011 0.132601 0.0
1.0002 0.1428 0.0
1.00033 0.153057 0.0
1.00049 0.163371 0.0
1.0007 0.173741 0.0
1.00095 0.184166 0.0
1.00127 0.194644 0.0
1.00164 0.205172 0.0
1.00209 0.215746 0.0
1.00262 0.226362 0.0
1.00324 0.237013 0.0
1.00395 0.247694 0.0
1.00477 0.258395 0.0
1.0057 0.269107 0.0
1.00675 0.27982 0.0
1.00793 0.29052 0.0
1.00925 0.301195 0.0
1.0107 0.311828 0.0
1.0123 0.322404 0.0
1.01405 0.332902 0.0
1.01595 0.343305 0.0
1.018 0.35359 0.0
1.0202 0.363735 0.0
1.02254 0.373719 0.0
1.02501 0.383517 0.0
1.02761 0.393106 0.0
1.03032 0.402464 0.0
1.03312 0.411569 0.0
1.03599 0.4204 0.0
1.0389 0.428939 0.0
1.04184 0.43717 0.0
1.04477 0.445081 0.0
1.04766 0.452662 0.0
1.05048 0.459909 0.0
1.05319 0.466821 0.0
1.05576 0.473404 0.0
1.05815 0.479667 0.0
1.06032 0.485626 0.0
1.06225 0.4913 0.0
1.0639 0.496716 0.0
1.06525 0.501903 0.0
1.06627 0.506895 0.0
1.06693 0.511731 0.0
1.06723 0.51645 0.0
1.06714 0.521094 0.0
1.06666 0.525705 0.0
1.06578 0.530324 0.0
1.0645 0.534988 0.0
1.06281 0.539729 0.0
1.06071 0.544574 0.0
1.05821 0.549538 0.0
1.0553 0.55463 0.0
1.05198 0.559841 0.0
1.04824 0.565154 0.0
1.04407 0.570533 0.0
1.03945 0.575928 0.0
1.03438 0.581276 0.0
1.02882 0.586497 0.0
1.02276 0.591501 0.0
1.01616 0.596191 0.0
1.00901 0.600466 0.0
1.0013 0.604229 0.0
0.993025 0.607394 0.0
0.984228 0.60989 0.0
0.974973 0.61167 0.0
0.965369 0.612709 0.0
0.955575 0.613001 0.0
0.9458 0.612553 0.0
0.936293 0.611366 0.0
0.927336 0.609426 0.0
0.919218 0.606683 0.0
0.912218 0.603046 0.0
0.906577 0.598379 0.0
0.902479 0.592511 0.0
0.90004 0.585246 0.0
0.899296 0.576388 0.0
0.900208 0.565762 0.0
0.902666 0.553236 0.0
0.906501 0.538738 0.0
0.911499 0.522269 0.0
0.917414 0.503911 0.0
0.923982 0.48382 0.0
0.930934 0.462229 0.0
0.93801 0.43943 0.0
0.944962 0.415765 0.0
0.951568 0.39161 0.0
0.957633 0.367356 0.0
0.962995 0.343397 0.0
0.967526 0.320114 0.0
0.971137 0.297861 0.0
0.97377 0.276953 0.0
0.975406 0.25766 0.0
0.976056 0.240198 0.0
0.975761 0.22473 0.0
0.974586 0.211359 0.0
0.972619 0.200136 0.0
0.969961 0.19106 0.0
0.966724 0.184087 0.0
0.963028 0.179133 0.0
0.95899 0.176086 0.0
0.95473 0.174808 0.0
0.950357 0.175149 0.0
0.945976 0.176948 0.0
0.941678 0.18004 0.0
0.937547 0.184263 0.0
0.933653 0.189462 0.0
0.930056 0.195486 0.0
0.926803 0.202197 0.0
0.923935 0.209467 0.0
0.921479 0.217177 0.0
0.919458 0.225222 0.0
0.917884 0.233505 0.0
0.916767 0.241939 0.0
0.916107 0.250448 0.0
0.915905 0.25896 0.0
0.916155 0.267413 0.0
0.91685 0.275751 0.0
0.917982 0.283922 0.0
0.919541 0.291879 0.0
0.921518 0.29958 0.0
0.923905 0.306985 0.0
0.926693 0.31406 0.0
0.929876 0.320769 0.0
0.933447 0.327081 0.0
0.937403 0.332965 0.0
0.94174 0.338393 0.0
0.946453 0.343333 0.0
0.951538 0.347758 0.0
0.956991 0.351638 0.0
0.962802 0.354944 0.0
0.968962 0.357647 0.0
0.975456 0.359719 0.0
0.982264 0.361133 0.0
0.989362 0.361862 0.0
0.996719 0.361883 0.0
1.0043 0.361176 0.0
1.01206 0.359725 0.0
1.01995 0.35752 0.0
1.02792 0.354555 0.0
1.03591 0.350834 0.0
1.04386 0.346364 0.0
1.0517 0.341165 0.0
1.05936 0.33526 0.0
1.06678 0.328682 0.0
1.0739 0.321472 0.0
1.08066 0.313675 0.0
1.087 0.305344 0.0
1.09288 0.296533 0.0
1.09827 0.287301 0.0
1.10313 0.277706 0.0
1.10745 0.267806 0.0
1.11122 0.257658 0.0
1.11445 0.247316 0.0
1.11714 0.236828 0.0
1.11932 0.22624 0.0
1.121 0.215592 0.0
1.12223 0.204917 0.0
1.12304 0.194247 0.0
1.12346 0.183605 0.0
1.12354 0.173014 0.0
1.12331 0.162489 0.0
1.12282 0.152043 0.0
1.1221 0.141687 0.0
1.12119 0.131428 0.0
1.12013 0.121272 0.0
1.11896 0.111221 0.0
1.11769 0.101278 0.0
1.11637 0.0914454 0.0
1.11502 0.0817233 0.0
1.11367 0.0721127 0.0
1.11233 0.0626149 0.0
1.11102 0.0532313 0.0
1.10976 0.0439642 0.0
1.10855 0.0348166 0.0
1.10742 0.0257923 0.0
1.10637 0.016896 0.0
1.1054 0.00813288 0.0
1.10451 -0.00049161 0.0
1.1037 -0.00897104 0.0
1.10298 -0.0172972 0.0
1.10234 -0.0254618 0.0
1.10177 -0.033457 0.0
1.10128 -0.0412754 0.0
1.10085 -0.0489103 0.0
1.10048 -0.0563529 0.0
1.10015 -0.0635628 0.0
1.09987 -0.0700799 0.0
1 0.00476506 0.0
0.999999 0.0143315 0.0
0.999997 0.0239357 0.0
0.999995 0.033579 0.0
0.999993 0.0432632 0.0
0.999992 0.0529897 0.0
0.999993 0.0627604 0.0
0.999998 0.0725768 0.0
1.00001 0.0824406 0.0
1.00003 0.092353 0.0
1.00006 0.102315 0.0
1.00011 0.112329 0.0
1.00017 0.122394 0.0
1.00026 0.132512 0.0
1.00037 0.142682 0.0
1.00051 0.152905 0.0
1.0007 0.163179 0.0
1.00092 0.173503 0.0
1.00119 0.183876 0.0
1.00151 0.194295 0.0
1.0019 0.204757 0.0
1.00235 0.215258 0.0
1.00288 0.225793 0.0
1.00349 0.236355 0.0
1.00419 0.246939 0.0
1.00499 0.257535 0.0
1.00589 0.268136 0.0
1.0069 0.278729 0.0
1.00802 0.289304 0.0
1.00927 0.299848 0.0
1.01065 0.310345 0.0
1.01215 0.320781 0.0
1.01379 0.331138 0.0
1.01556 0.341398 0.0
1.01746 0.351543 0.0
1.0195 0.361552 0.0
1.02165 0.371406 0.0
1.02392 0.381084 0.0
1.0263 0.390565 0.0
1.02877 0.399829 0.0
1.03132 0.408859 0.0
1.03392 0.417636 0.0
1.03656 0.426144 0.0
1.03922 0.434371 0.0
1.04186 0.442307 0.0
1.04446 0.449943 0.0
1.04699 0.457277 0.0
1.04943 0.464309 0.0
1.05173 0.471044 0.0
1.05388 0.477493 0.0
1.05584 0.483667 0.0
1.05758 0.489587 0.0
1.05908 0.495275 0.0
1.06032 0.500758 0.0
1.06128 0.506067 0.0
1.06194 0.511235 0.0
1.06229 0.516299 0.0
1.06232 0.521297 0.0
1.06204 0.526267 0.0
1.06144 0.531246 0.0
1.06052 0.536268 0.0
1.05929 0.541363 0.0
1.05777 0.546557 0.0
1.05597 0.551865 0.0
1.05388 0.557296 0.0
1.05154 0.562845 0.0
1.04893 0.568495 0.0
1.04607 0.574217 0.0
1.04297 0.579964 0.0
1.0396 0.585676 0.0
1.03598 0.591279 0.0
1.03207 0.596685 0.0
1.02788 0.601796 0.0
1.02339 0.606508 0.0
1.01858 0.610713 0.0
1.01345 0.614309 0.0
1.00802 0.617202 0.0
1.00232 0.619311 0.0
0.996421 0.620572 0.0
0.990415 0.620937 0.0
0.984438 0.62037 0.0
0.978655 0.618838 0.0
0.97326 0.616307 0.0
0.968456 0.612723 0.0
0.964445 0.608016 0.0
0.961407 0.602088 0.0
0.959485 0.594822 0.0
0.958771 0.586089 0.0
0.959297 0.575763 0.0
0.961033 0.563738 0.0
0.963892 0.549943 0.0
0.967732 0.534355 0.0
0.972372 0.517014 0.0
0.977601 0.498023 0.0
0.98319 0.477552 0.0
0.988905 0.45583 0.0
0.994519 0.43314 0.0
0.999818 0.409804 0.0
1.00461 0.386172 0.0
1.00873 0.362605 0.0
1.01205 0.339464 0.0
1.01448 0.317093 0.0
1.01594 0.295811 0.0
1.01641 0.275898 0.0
1.01589 0.257592 0.0
1.01443 0.241079 0.0
1.01208 0.226495 0.0
1.00892 0.213923 0.0
1.00507 0.203397 0.0
1.00062 0.194905 0.0
0.995697 0.188397 0.0
0.990431 0.183786 0.0
0.984938 0.180963 0.0
0.979334 0.179795 0.0
0.973729 0.18014 0.0
0.968219 0.181847 0.0
0.962893 0.184764 0.0
0.957825 0.188739 0.0
0.953079 0.193627 0.0
0.948707 0.199291 0.0
0.944751 0.205601 0.0
0.941242 0.21244 0.0
0.938204 0.219698 0.0
0.935651 0.227275 0.0
0.933594 0.235082 0.0
0.932035 0.243038 0.0
0.930972 0.25107 0.0
0.930402 0.25911 0.0
0.930316 0.267099 0.0
0.930705 0.274982 0.0
0.931557 0.282708 0.0
0.93286 0.290231 0.0
0.9346 0.29751 0.0
0.936766 0.304503 0.0
0.939344 0.311175 0.0
0.942323 0.317491 0.0
0.945692 0.323418 0.0
0.949439 0.328925 0.0
0.953553 0.333982 0.0
0.958025 0.338559 0.0
0.962844 0.342628 0.0
0.967996 0.346163 0.0
0.973468 0.349135 0.0
0.979244 0.35152 0.0
0.985304 0.353293 0.0
0.991626 0.35443 0.0
0.998181 0.354911 0.0
1.00494 0.354718 0.0
1.01186 0.353836 0.0
1.01892 0.352254 0.0
1.02605 0.349967 0.0
1.03321 0.346975 0.0
1.04035 0.343283 0.0
1.04742 0.338903 0.0
1.05435 0.333853 0.0
1.06111 0.328158 0.0
1.06762 0.32185 0.0
1.07384 0.314963 0.0
1.07973 0.307541 0.0
1.08523 0.299627 0.0
1.09033 0.29127 0.0
1.09499 0.282518 0.0
1.0992 0.273422 0.0
1.10293 0.264032 0.0
1.1062 0.254393 0.0
1.109 0.244553 0.0
1.11135 0.234551 0.0
1.11326 0.224428 0.0
1.11476 0.214218 0.0
1.11587 0.20395 0.0
1.11663 0.193654 0.0
1.11705 0.18335 0.0
1.11718 0.173059 0.0
1.11706 0.162798 0.0
1.1167 0.15258 0.0
1.11616 0.142415 0.0
1.11545 0.132314 0.0
1.11462 0.122282 0.0
1.11368 0.112325 0.0
1.11267 0.102448 0.0
1.11161 0.092654 0.0
1.11053 0.0829478 0.0
1.10944 0.0733325 0.0
1.10836 0.0638118 0.0
1.10732 0.0543902 0.0
1.10631 0.0450727 0.0
1.10535 0.0358648 0.0
1.10446 0.026773 0.0
1.10362 0.0178041 0.0
1.10285 0.00896559 0.0
1.10216 0.000264984 0.0
1.10152 -0.00828976 0.0
1.10096 -0.016689 0.0
1.10045 -0.0249234 0.0
1.10001 -0.0329839 0.0
1.09961 -0.0408624 0.0
1.09927 -0.048551 0.0
1.09897 -0.0560403 0.0
1.0987 -0.0632887 0.0
1.09847 -0.0698337 0.0
1 0.00476507 0.0
1 0.0143317 0.0
1 0.0239359 0.0
1 0.0335789 0.0
1.00001 0.0432618 0.0
1.00001 0.052986 0.0
1.00002 0.0627529 0.0
1.00004 0.0725637 0.0
1.00006 0.0824197 0.0
1.00009 0.0923218 0.0
1.00014 0.102271 0.0
1.0002 0.112268 0.0
1.00028 0.122313 0.0
1.00037 0.132407 0.0
1.0005 0.142549 0.0
1.00066 0.152738 0.0
1.00085 0.162974 0.0
1.00108 0.173254 0.0
1.00136 0.183578 0.0
1.00169 0.193941 0.0
1.00207 0.20434 0.0
1.00252 0.214772 0.0
1.00304 0.225231 0.0
1.00364 0.235711 0.0
1.00431 0.246205 0.0
1.00508 0.256706 0.0
1.00594 0.267204 0.0
1.0069 0.27769 0.0
1.00797 0.288151 0.0
1.00915 0.298576 0.0
1.01044 0.308952 0.0
1.01184 0.319263 0.0
1.01337 0.329494 0.0
1.01501 0.339629 0.0
1.01677 0.349651 0.0
1.01864 0.359542 0.0
1.02062 0.369283 0.0
1.02269 0.378857 0.0
1.02486 0.388246 0.0
1.02711 0.397433 0.0
1.02942 0.4064 0.0
1.03177 0.415134 0.0
1.03416 0.42362 0.0
1.03655 0.431848 0.0
1.03893 0.43981 0.0
1.04127 0.447499 0.0
1.04354 0.454913 0.0
1.04573 0.462053 0.0
1.0478 0.468925 0.0
1.04973 0.475536 0.0
1.05149 0.4819 0.0
1.05307 0.488033 0.0
1.05444 0.493956 0.0
1.05558 0.499693 0.0
1.05649 0.505271 0.0
1.05714 0.510719 0.0
1.05753 0.51607 0.0
1.05767 0.521358 0.0
1.05754 0.526616 0.0
1.05717 0.531877 0.0
1.05655 0.537172 0.0
1.05571 0.542528 0.0
1.05465 0.547969 0.0
1.0534 0.553508 0.0
1.05198 0.559155 0.0
1.05041 0.564905 0.0
1.04871 0.570744 0.0
1.04689 0.576645 0.0
1.04496 0.582566 0.0
1.04295 0.588453 0.0
1.04085 0.594234 0.0
1.03865 0.599826 0.0
1.03637 0.605134 0.0
1.03398 0.610053 0.0
1.03149 0.614473 0.0
1.02888 0.618282 0.0
1.02617 0.621373 0.0
1.02336 0.623645 0.0
1.02049 0.625008 0.0
1.01761 0.625383 0.0
1.01481 0.624706 0.0
1.01217 0.622919 0.0
1.00983 0.619965 0.0
1.00791 0.615789 0.0
1.00654 0.610327 0.0
1.00585 0.603507 0.0
1.00593 0.595248 0.0
1.00683 0.585472 0.0
1.00858 0.574106 0.0
1.01114 0.561099 0.0
1.01443 0.546429 0.0
1.01834 0.53012 0.0
1.02271 0.512241 0.0
1.02735 0.492919 0.0
1.03209 0.472334 0.0
1.03671 0.450714 0.0
1.04102 0.428331 0.0
1.04484 0.405489 0.0
1.04803 0.382512 0.0
1.05044 0.359733 0.0
1.05197 0.33748 0.0
1.05256 0.316063 0.0
1.05218 0.295765 0.0
1.05082 0.276836 0.0
1.0485 0.259482 0.0
1.04529 0.243863 0.0
1.04126 0.230091 0.0
1.03652 0.218232 0.0
1.03116 0.208306 0.0
1.02531 0.200295 0.0
1.01909 0.194144 0.0
1.01263 0.189768 0.0
1.00604 0.187061 0.0
0.999442 0.1859 0.0
0.992931 0.186151 0.0
0.986602 0.187675 0.0
0.980534 0.190331 0.0
0.974795 0.193979 0.0
0.96944 0.198487 0.0
0.964516 0.203727 0.0
0.960056 0.209581 0.0
0.956086 0.215939 0.0
0.952624 0.222699 0.0
0.949679 0.22977 0.0
0.947257 0.237067 0.0
0.945357 0.244513 0.0
0.943974 0.25204 0.0
0.943101 0.259583 0.0
0.942727 0.267085 0.0
0.942842 0.274493 0.0
0.94343 0.281756 0.0
0.944479 0.288831 0.0
0.945973 0.295675 0.0
0.947896 0.302248 0.0
0.950234 0.308514 0.0
0.952971 0.314437 0.0
0.956091 0.319984 0.0
0.959581 0.325123 0.0
0.963425 0.329825 0.0
0.967608 0.334061 0.0
0.972114 0.337803 0.0
0.976925 0.341025 0.0
0.982023 0.343702 0.0
0.987389 0.345812 0.0
0.992999 0.347331 0.0
0.998827 0.348241 0.0
1.00485 0.348525 0.0
1.01102 0.348168 0.0
1.01733 0.34716 0.0
1.02371 0.345494 0.0
1.03014 0.343167 0.0
1.03657 0.340183 0.0
1.04295 0.336549 0.0
1.04924 0.332278 0.0
1.0554 0.327389 0.0
1.06136 0.321905 0.0
1.0671 0.315854 0.0
1.07257 0.309269 0.0
1.07773 0.302187 0.0
1.08256 0.294647 0.0
1.08702 0.286689 0.0
1.0911 0.278358 0.0
1.09478 0.269694 0.0
1.09807 0.26074 0.0
1.10095 0.251537 0.0
1.10343 0.242124 0.0
1.10552 0.232536 0.0
1.10725 0.222807 0.0
1.10862 0.212969 0.0
1.10966 0.203047 0.0
1.1104 0.193068 0.0
1.11086 0.183052 0.0
1.11106 0.173018 0.0
1.11105 0.162982 0.0
1.11084 0.152958 0.0
1.11046 0.142958 0.0
1.10995 0.13299 0.0
1.10933 0.123065 0.0
1.10862 0.113188 0.0
1.10785 0.103366 0.0
1.10703 0.0936059 0.0
1.1062 0.0839129 0.0
1.10536 0.0742932 0.0
1.10454 0.0647532 0.0
1.10373 0.0552998 0.0
1.10296 0.0459402 0.0
1.10223 0.0366827 0.0
1.10155 0.0275356 0.0
1.10092 0.018508 0.0
1.10034 0.00960926 0.0
1.09981 0.000848456 0.0
1.09933 -0.00776506 0.0
1.09891 -0.0162206 0.0
1.09853 -0.0245078 0.0
1.09819 -0.032617 0.0
1.09789 -0.0405392 0.0
1.09763 -0.048266 0.0
1.09739 -0.0557873 0.0
1.09717 -0.0630607 0.0
1.09697 -0.0696222 0.0
1 0.0047644 0.0
1 0.0143299 0.0
1.00001 0.0239328 0.0
1.00001 0.033574 0.0
1.00002 0.0432544 0.0
1.00003 0.0529751 0.0
1.00005 0.0627371 0.0
1.00007 0.0725413 0.0
1.0001 0.0823887 0.0
1.00014 0.0922799 0.0
1.0002 0.102216 0.0
1.00026 0.112196 0.0
1.00035 0.122221 0.0
1.00046 0.132291 0.0
1.00059 0.142405 0.0
1.00076 0.152562 0.0
1.00095 0.162761 0.0
1.00119 0.173 0.0
1.00147 0.183276 0.0
1.00179 0.193587 0.0
1.00217 0.203928 0.0
1.00261 0.214296 0.0
1.00311 0.224685 0.0
1.00369 0.235089 0.0
1.00433 0.245501 0.0
1.00506 0.255914 0.0
1.00588 0.26632 0.0
1.00679 0.276707 0.0
1.00779 0.287066 0.0
1.00889 0.297385 0.0
1.01009 0.307651 0.0
1.01139 0.317852 0.0
1.0128 0.327972 0.0
1.01432 0.337997 0.0
1.01593 0.347911 0.0
1.01764 0.357698 0.0
1.01945 0.367343 0.0
1.02134 0.376828 0.0
1.02331 0.386139 0.0
1.02534 0.39526 0.0
1.02743 0.404176 0.0
1.02956 0.412875 0.0
1.0317 0.421346 0.0
1.03386 0.429579 0.0
1.03599 0.437567 0.0
1.03809 0.445305 0.0
1.04013 0.452792 0.0
1.04209 0.460029 0.0
1.04394 0.467021 0.0
1.04568 0.473776 0.0
1.04727 0.480305 0.0
1.04869 0.486623 0.0
1.04994 0.492748 0.0
1.051 0.498701 0.0
1.05185 0.504506 0.0
1.05249 0.510189 0.0
1.05292 0.515777 0.0
1.05314 0.521301 0.0
1.05315 0.526789 0.0
1.05296 0.532269 0.0
1.05259 0.53777 0.0
1.05205 0.543314 0.0
1.05137 0.548921 0.0
1.05057 0.554605 0.0
1.04967 0.560371 0.0
1.04871 0.566218 0.0
1.04772 0.572132 0.0
1.0467 0.578088 0.0
1.0457 0.584048 0.0
1.04473 0.58996 0.0
1.0438 0.59576 0.0
1.04292 0.601369 0.0
1.0421 0.606695 0.0
1.04134 0.611637 0.0
1.04064 0.616085 0.0
1.03999 0.619926 0.0
1.03939 0.623044 0.0
1.03885 0.625329 0.0
1.03836 0.626675 0.0
1.03797 0.626987 0.0
1.0377 0.626179 0.0
1.03761 0.624175 0.0
1.03775 0.620906 0.0
1.03821 0.616311 0.0
1.03905 0.61033 0.0
1.04034 0.602905 0.0
1.04213 0.593983 0.0
1.04445 0.583519 0.0
1.04728 0.571481 0.0
1.05058 0.557858 0.0
1.05429 0.542669 0.0
1.05829 0.525972 0.0
1.06245 0.507863 0.0
1.06661 0.488486 0.0
1.07062 0.468029 0.0
1.0743 0.446718 0.0
1.0775 0.424815 0.0
1.08007 0.402606 0.0
1.08189 0.380391 0.0
1.08286 0.358475 0.0
1.08291 0.337154 0.0
1.082 0.316707 0.0
1.08012 0.297386 0.0
1.07729 0.27941 0.0
1.07355 0.262957 0.0
1.06899 0.248164 0.0
1.06368 0.235124 0.0
1.05774 0.223889 0.0
1.05128 0.214469 0.0
1.04442 0.20684 0.0
1.03729 0.200948 0.0
1.03 0.196712 0.0
1.02267 0.194031 0.0
1.01541 0.192792 0.0
1.00831 0.192871 0.0
1.00145 0.194141 0.0
0.994915 0.196472 0.0
0.988755 0.199738 0.0
0.983021 0.203816 0.0
0.977752 0.208591 0.0
0.972976 0.213953 0.0
0.968713 0.219799 0.0
0.964977 0.226038 0.0
0.961772 0.232581 0.0
0.9591 0.23935 0.0
0.956958 0.246273 0.0
0.955338 0.253283 0.0
0.954231 0.26032 0.0
0.953624 0.267328 0.0
0.953506 0.274254 0.0
0.95386 0.281052 0.0
0.954671 0.287676 0.0
0.955923 0.294085 0.0
0.9576 0.300239 0.0
0.959683 0.306102 0.0
0.962158 0.311638 0.0
0.965005 0.316814 0.0
0.968208 0.3216 0.0
0.971748 0.325964 0.0
0.975608 0.329879 0.0
0.979769 0.333318 0.0
0.984211 0.336257 0.0
0.988913 0.338671 0.0
0.993851 0.340539 0.0
0.999002 0.341843 0.0
1.00434 0.342564 0.0
1.00983 0.342689 0.0
1.01545 0.342206 0.0
1.02116 0.341108 0.0
1.02693 0.33939 0.0
1.03272 0.337053 0.0
1.03849 0.3341 0.0
1.0442 0.330541 0.0
1.04981 0.326387 0.0
1.05528 0.321658 0.0
1.06057 0.316376 0.0
1.06565 0.310564 0.0
1.07049 0.304254 0.0
1.07505 0.297477 0.0
1.07931 0.290267 0.0
1.08326 0.282661 0.0
1.08687 0.274694 0.0
1.09014 0.266403 0.0
1.09306 0.257825 0.0
1.09564 0.248995 0.0
1.09788 0.239946 0.0
1.09979 0.230711 0.0
1.10138 0.221319 0.0
1.10266 0.211798 0.0
1.10367 0.202172 0.0
1.10441 0.192464 0.0
1.10491 0.182694 0.0
1.1052 0.17288 0.0
1.1053 0.163038 0.0
1.10523 0.15318 0.0
1.10502 0.14332 0.0
1.10469 0.133468 0.0
1.10427 0.123633 0.0
1.10378 0.113824 0.0
1.10323 0.10405 0.0
1.10265 0.0943175 0.0
1.10204 0.084636 0.0
1.10144 0.0750132 0.0
1.10084 0.0654577 0.0
1.10026 0.0559787 0.0
1.09971 0.0465858 0.0
1.09919 0.037289 0.0
1.0987 0.0280988 0.0
1.09825 0.019026 0.0
1.09784 0.0100813 0.0
1.09747 0.0012753 0.0
1.09713 -0.00738157 0.0
1.09683 -0.0158779 0.0
1.09657 -0.0242026 0.0
1.09633 -0.0323454 0.0
1.09611 -0.0402969 0.0
1.09591 -0.0480483 0.0
1.09574 -0.0555889 0.0
1.09557 -0.0628759 0.0
1.0954 -0.0694442 0.0
1 0.00476323 0.0
1 0.0143265 0.0
1.00001 0.0239271 0.0
1.00002 0.0335656 0.0
1.00003 0.0432426 0.0
1.00004 0.0529589 0.0
1.00007 0.0627153 0.0
1.00009 0.0725123 0.0
1.00013 0.0823506 0.0
1.00018 0.0922307 0.0
1.00024 0.102153 0.0
1.00031 0.112117 0.0
1.0004 0.122122 0.0
1.00051 0.132169 0.0
1.00065 0.142257 0.0
1.00082 0.152383 0.0
1.00101 0.162547 0.0
1.00125 0.172747 0.0
1.00152 0.182979 0.0
1.00184 0.193241 0.0
1.0022 0.203528 0.0
1.00262 0.213836 0.0
1.0031 0.224161 0.0
1.00365 0.234495 0.0
1.00426 0.244833 0.0
1.00495 0.255167 0.0
1.00571 0.265487 0.0
1.00656 0.275786 0.0
1.00749 0.286053 0.0
1.00851 0.296278 0.0
1.00962 0.306447 0.0
1.01082 0.316549 0.0
1.01211 0.326572 0.0
1.0135 0.3365 0.0
1.01497 0.34632 0.0
1.01653 0.356018 0.0
1.01817 0.365578 0.0
1.01988 0.374988 0.0
1.02166 0.384232 0.0
1.0235 0.393297 0.0
1.02538 0.402172 0.0
1.02729 0.410844 0.0
1.02921 0.419304 0.0
1.03114 0.427544 0.0
1.03305 0.435557 0.0
1.03492 0.443341 0.0
1.03675 0.450894 0.0
1.0385 0.458217 0.0
1.04016 0.465315 0.0
1.04171 0.472195 0.0
1.04314 0.478867 0.0
1.04443 0.485344 0.0
1.04557 0.491641 0.0
1.04655 0.497777 0.0
1.04735 0.503773 0.0
1.04798 0.509651 0.0
1.04843 0.515434 0.0
1.04871 0.521148 0.0
1.04882 0.526817 0.0
1.04879 0.532467 0.0
1.04861 0.538118 0.0
1.04832 0.543792 0.0
1.04794 0.549505 0.0
1.0475 0.555267 0.0
1.04702 0.561083 0.0
1.04653 0.56695 0.0
1.04608 0.572854 0.0
1.04569 0.578773 0.0
1.04538 0.58467 0.0
1.04519 0.5905 0.0
1.04514 0.5962 0.0
1.04525 0.601697 0.0
1.04553 0.606906 0.0
1.04598 0.61173 0.0
1.04662 0.616061 0.0
1.04743 0.619789 0.0
1.04841 0.622797 0.0
1.04956 0.624971 0.0
1.05088 0.626198 0.0
1.05236 0.626373 0.0
1.05403 0.6254 0.0
1.05588 0.623192 0.0
1.05795 0.619674 0.0
1.06026 0.614777 0.0
1.06284 0.608446 0.0
1.0657 0.600634 0.0
1.06886 0.591304 0.0
1.07231 0.580436 0.0
1.07602 0.568025 0.0
1.07993 0.554092 0.0
1.08398 0.538684 0.0
1.08805 0.521883 0.0
1.09204 0.503808 0.0
1.0958 0.484613 0.0
1.09921 0.46449 0.0
1.10212 0.443663 0.0
1.10441 0.422382 0.0
1.10596 0.400914 0.0
1.10668 0.379539 0.0
1.10651 0.358533 0.0
1.10539 0.338165 0.0
1.10331 0.318683 0.0
1.10029 0.300311 0.0
1.09637 0.283241 0.0
1.0916 0.267627 0.0
1.08608 0.253587 0.0
1.07989 0.241197 0.0
1.07314 0.230499 0.0
1.06597 0.221496 0.0
1.05848 0.214163 0.0
1.05079 0.208445 0.0
1.04302 0.204269 0.0
1.03528 0.201541 0.0
1.02767 0.200158 0.0
1.02026 0.200008 0.0
1.01315 0.200973 0.0
1.00639 0.202938 0.0
1.00003 0.205787 0.0
0.994128 0.209408 0.0
0.988701 0.213695 0.0
0.983779 0.218547 0.0
0.979376 0.223871 0.0
0.975501 0.229578 0.0
0.972157 0.235589 0.0
0.969342 0.241829 0.0
0.96705 0.248228 0.0
0.965273 0.254725 0.0
0.964 0.261259 0.0
0.963218 0.267777 0.0
0.962911 0.274229 0.0
0.963066 0.280568 0.0
0.963665 0.286749 0.0
0.964693 0.292732 0.0
0.966131 0.298477 0.0
0.967963 0.303948 0.0
0.97017 0.30911 0.0
0.972733 0.313931 0.0
0.975636 0.318378 0.0
0.978857 0.322423 0.0
0.982379 0.326038 0.0
0.986179 0.329197 0.0
0.990238 0.331877 0.0
0.994532 0.334055 0.0
0.999039 0.33571 0.0
1.00373 0.336827 0.0
1.00859 0.337389 0.0
1.01357 0.337384 0.0
1.01866 0.336803 0.0
1.02382 0.33564 0.0
1.02902 0.333893 0.0
1.03422 0.331562 0.0
1.03939 0.328652 0.0
1.0445 0.325173 0.0
1.0495 0.321138 0.0
1.05438 0.316562 0.0
1.05909 0.311466 0.0
1.06361 0.305873 0.0
1.06791 0.299809 0.0
1.07197 0.293302 0.0
1.07577 0.286383 0.0
1.07929 0.279081 0.0
1.08252 0.27143 0.0
1.08545 0.263462 0.0
1.08808 0.255207 0.0
1.09042 0.246697 0.0
1.09247 0.237962 0.0
1.09423 0.229029 0.0
1.09571 0.219926 0.0
1.09694 0.210677 0.0
1.09793 0.201304 0.0
1.09869 0.191829 0.0
1.09924 0.18227 0.0
1.09961 0.172644 0.0
1.09982 0.162967 0.0
1.09989 0.153252 0.0
1.09984 0.143511 0.0
1.09969 0.133757 0.0
1.09945 0.123999 0.0
1.09916 0.114248 0.0
1.09882 0.104514 0.0
1.09845 0.0948061 0.0
1.09806 0.0851351 0.0
1.09767 0.0755109 0.0
1.09728 0.0659443 0.0
1.09691 0.0564464 0.0
1.09655 0.0470287 0.0
1.09622 0.0377031 0.0
1.09591 0.0284815 0.0
1.09562 0.0193762 0.0
1.09536 0.0103991 0.0
1.09513 0.00156189 0.0
1.09492 -0.00712417 0.0
1.09473 -0.0156471 0.0
1.09456 -0.0239955 0.0
1.09441 -0.0321587 0.0
1.09427 -0.040127 0.0
1.09414 -0.0478911 0.0
1.09401 -0.0554403 0.0
1.09389 -0.0627313 0.0
1.09376 -0.0692986 0.0
1 0.00476171 0.0
1 0.0143221 0.0
1.00001 0.0239197 0.0
1.00002 0.0335548 0.0
1.00003 0.0432278 0.0
1.00005 0.0529392 0.0
1.00008 0.0626895 0.0
1.00011 0.072479 0.0
1.00015 0.0823081 0.0
1.0002 0.0921769 0.0
1.00026 0.102085 0.0
1.00034 0.112033 0.0
1.00043 0.12202 0.0
1.00054 0.132045 0.0
1.00068 0.142108 0.0
1.00084 0.152205 0.0
1.00103 0.162337 0.0
1.00126 0.1725 0.0
1.00152 0.182691 0.0
1.00182 0.192908 0.0
1.00217 0.203145 0.0
1.00257 0.213399 0.0
1.00302 0.223665 0.0
1.00353 0.233936 0.0
1.00411 0.244206 0.0
1.00474 0.254468 0.0
1.00545 0.264713 0.0
1.00623 0.274933 0.0
1.00709 0.285118 0.0
1.00803 0.295257 0.0
1.00904 0.305341 0.0
1.01014 0.315357 0.0
1.01132 0.325293 0.0
1.01258 0.335136 0.0
1.01391 0.344875 0.0
1.01532 0.354495 0.0
1.0168 0.363983 0.0
1.01834 0.373328 0.0
1.01994 0.382516 0.0
1.02158 0.391535 0.0
1.02326 0.400375 0.0
1.02497 0.409025 0.0
1.02669 0.417478 0.0
1.0284 0.425726 0.0
1.03011 0.433764 0.0
1.03178 0.441589 0.0
1.0334 0.449201 0.0
1.03496 0.4566 0.0
1.03644 0.46379 0.0
1.03783 0.470778 0.0
1.03911 0.477573 0.0
1.04027 0.484185 0.0
1.0413 0.490629 0.0
1.0422 0.496919 0.0
1.04295 0.503074 0.0
1.04356 0.509112 0.0
1.04403 0.515054 0.0
1.04435 0.52092 0.0
1.04455 0.526731 0.0
1.04463 0.532507 0.0
1.04462 0.538267 0.0
1.04453 0.544026 0.0
1.04438 0.549797 0.0
1.04421 0.555588 0.0
1.04405 0.561401 0.0
1.04394 0.567232 0.0
1.04389 0.573068 0.0
1.04396 0.578885 0.0
1.04417 0.58465 0.0
1.04456 0.59032 0.0
1.04515 0.595838 0.0
1.04597 0.601134 0.0
1.04703 0.60613 0.0
1.04835 0.610733 0.0
1.04993 0.614842 0.0
1.05178 0.618351 0.0
1.05389 0.621146 0.0
1.05625 0.623113 0.0
1.05885 0.624139 0.0
1.06168 0.624117 0.0
1.06473 0.622945 0.0
1.06799 0.620533 0.0
1.07145 0.616801 0.0
1.07511 0.611682 0.0
1.07895 0.605121 0.0
1.08297 0.597079 0.0
1.08714 0.587532 0.0
1.09142 0.576476 0.0
1.09577 0.563925 0.0
1.10013 0.549922 0.0
1.1044 0.534533 0.0
1.1085 0.517858 0.0
1.11232 0.500028 0.0
1.11575 0.481204 0.0
1.11867 0.461578 0.0
1.12096 0.441369 0.0
1.12253 0.420815 0.0
1.1233 0.400165 0.0
1.12319 0.379676 0.0
1.12216 0.359601 0.0
1.12019 0.340182 0.0
1.11729 0.32164 0.0
1.11349 0.304175 0.0
1.10884 0.287954 0.0
1.10341 0.273111 0.0
1.09729 0.259748 0.0
1.09059 0.247929 0.0
1.08341 0.237687 0.0
1.07587 0.229022 0.0
1.06809 0.221909 0.0
1.06018 0.216298 0.0
1.05224 0.21212 0.0
1.04438 0.209292 0.0
1.03668 0.207719 0.0
1.02923 0.207301 0.0
1.02209 0.207933 0.0
1.01533 0.209508 0.0
1.00897 0.211924 0.0
1.00307 0.215077 0.0
0.997655 0.218871 0.0
0.992734 0.223213 0.0
0.988324 0.228017 0.0
0.98443 0.2332 0.0
0.981053 0.238688 0.0
0.97819 0.244409 0.0
0.975832 0.250298 0.0
0.973971 0.256293 0.0
0.972595 0.26234 0.0
0.971691 0.268384 0.0
0.971243 0.274377 0.0
0.971236 0.280272 0.0
0.971654 0.286027 0.0
0.972481 0.2916 0.0
0.973699 0.296953 0.0
0.97529 0.30205 0.0
0.977236 0.306856 0.0
0.97952 0.311338 0.0
0.982122 0.315467 0.0
0.985023 0.319212 0.0
0.988202 0.322548 0.0
0.99164 0.325449 0.0
0.995315 0.327892 0.0
0.999204 0.329856 0.0
1.00328 0.331323 0.0
1.00753 0.332275 0.0
1.01192 0.3327 0.0
1.01642 0.332587 0.0
1.021 0.331927 0.0
1.02564 0.330716 0.0
1.03031 0.328951 0.0
1.03498 0.326636 0.0
1.03961 0.323775 0.0
1.04418 0.320376 0.0
1.04865 0.316452 0.0
1.05301 0.312018 0.0
1.05722 0.307091 0.0
1.06125 0.301694 0.0
1.06509 0.295848 0.0
1.06872 0.289578 0.0
1.07212 0.282912 0.0
1.07527 0.275876 0.0
1.07818 0.268499 0.0
1.08083 0.260808 0.0
1.08322 0.252832 0.0
1.08536 0.244598 0.0
1.08725 0.236131 0.0
1.08889 0.227459 0.0
1.0903 0.218603 0.0
1.09148 0.209587 0.0
1.09246 0.200431 0.0
1.09324 0.191155 0.0
1.09386 0.181776 0.0
1.09431 0.172311 0.0
1.09463 0.162775 0.0
1.09482 0.15318 0.0
1.09492 0.143541 0.0
1.09493 0.133869 0.0
1.09487 0.124177 0.0
1.09476 0.114475 0.0
1.09461 0.104775 0.0
1.09444 0.0950892 0.0
1.09425 0.0854285 0.0
1.09405 0.0758055 0.0
1.09385 0.0662326 0.0
1.09366 0.0567226 0.0
1.09348 0.0472887 0.0
1.09332 0.0379442 0.0
1.09317 0.0287025 0.0
1.09303 0.0195767 0.0
1.09291 0.0105798 0.0
1.0928 0.00172415 0.0
1.0927 -0.00697834 0.0
1.09261 -0.0155154 0.0
1.09252 -0.0238753 0.0
1.09245 -0.0320474 0.0
1.09237 -0.0400216 0.0
1.0923 -0.0477886 0.0
1.09222 -0.0553373 0.0
1.09213 -0.0626244 0.0
1.09204 -0.0691846 0.0
1 0.00475999 0.0
1 0.0143171 0.0
1.00001 0.0239112 0.0
1.00002 0.0335425 0.0
1.00004 0.0432112 0.0
1.00006 0.0529175 0.0
1.00008 0.0626615 0.0
1.00011 0.0724435 0.0
1.00016 0.0822636 0.0
1.00021 0.0921215 0.0
1.00027 0.102017 0.0
1.00034 0.11195 0.0
1.00043 0.121919 0.0
1.00054 0.131924 0.0
1.00068 0.141962 0.0
1.00083 0.152033 0.0
1.00101 0.162135 0.0
1.00123 0.172264 0.0
1.00147 0.182418 0.0
1.00176 0.192593 0.0
1.00209 0.202785 0.0
1.00246 0.21299 0.0
1.00288 0.223203 0.0
1.00335 0.233417 0.0
1.00388 0.243626 0.0
1.00446 0.253823 0.0
1.00511 0.264 0.0
1.00582 0.27415 0.0
1.00661 0.284262 0.0
1.00746 0.294327 0.0
1.00838 0.304335 0.0
1.00937 0.314275 0.0
1.01043 0.324135 0.0
1.01156 0.333905 0.0
1.01276 0.343572 0.0
1.01402 0.353125 0.0
1.01535 0.362552 0.0
1.01672 0.371841 0.0
1.01815 0.380981 0.0
1.01961 0.389962 0.0
1.0211 0.398773 0.0
1.02262 0.407407 0.0
1.02414 0.415855 0.0
1.02566 0.424112 0.0
1.02717 0.432172 0.0
1.02864 0.440035 0.0
1.03008 0.447698 0.0
1.03146 0.455163 0.0
1.03277 0.462433 0.0
1.03401 0.469514 0.0
1.03515 0.476413 0.0
1.03619 0.48314 0.0
1.03712 0.489707 0.0
1.03794 0.496126 0.0
1.03864 0.502413 0.0
1.03923 0.508582 0.0
1.03969 0.514652 0.0
1.04005 0.520638 0.0
1.04031 0.526557 0.0
1.04048 0.532426 0.0
1.04059 0.538259 0.0
1.04065 0.544068 0.0
1.04069 0.549862 0.0
1.04073 0.555646 0.0
1.04081 0.56142 0.0
1.04097 0.567177 0.0
1.04123 0.572903 0.0
1.04163 0.578576 0.0
1.04221 0.584164 0.0
1.04301 0.589626 0.0
1.04404 0.594907 0.0
1.04534 0.599945 0.0
1.04694 0.604664 0.0
1.04883 0.60898 0.0
1.05105 0.612797 0.0
1.05358 0.616015 0.0
1.05643 0.618526 0.0
1.05959 0.620219 0.0
1.06303 0.620987 0.0
1.06675 0.620722 0.0
1.07072 0.619324 0.0
1.07491 0.616704 0.0
1.07929 0.612781 0.0
1.08384 0.607491 0.0
1.08853 0.600782 0.0
1.0933 0.592622 0.0
1.09813 0.582995 0.0
1.10295 0.571908 0.0
1.10771 0.559389 0.0
1.11232 0.545493 0.0
1.1167 0.530302 0.0
1.12077 0.513922 0.0
1.12441 0.496493 0.0
1.12755 0.478178 0.0
1.13007 0.459167 0.0
1.13189 0.439668 0.0
1.13292 0.419907 0.0
1.13312 0.400116 0.0
1.13242 0.380532 0.0
1.13081 0.361383 0.0
1.12829 0.342888 0.0
1.12488 0.325246 0.0
1.12062 0.308633 0.0
1.11557 0.293196 0.0
1.10981 0.279054 0.0
1.10344 0.266294 0.0
1.09656 0.254971 0.0
1.08926 0.245114 0.0
1.08168 0.236721 0.0
1.0739 0.229768 0.0
1.06604 0.22421 0.0
1.0582 0.219985 0.0
1.05047 0.21702 0.0
1.04293 0.21523 0.0
1.03564 0.214525 0.0
1.02868 0.214811 0.0
1.02209 0.215992 0.0
1.0159 0.217974 0.0
1.01017 0.220665 0.0
1.00489 0.223977 0.0
1.0001 0.227822 0.0
0.995793 0.232122 0.0
0.991982 0.2368 0.0
0.988664 0.241784 0.0
0.985833 0.247007 0.0
0.983483 0.252407 0.0
0.981603 0.257925 0.0
0.980181 0.263506 0.0
0.979204 0.269099 0.0
0.978658 0.274656 0.0
0.978527 0.280131 0.0
0.978796 0.285481 0.0
0.979448 0.290667 0.0
0.980468 0.29565 0.0
0.981836 0.300394 0.0
0.983537 0.304864 0.0
0.985552 0.30903 0.0
0.987864 0.312861 0.0
0.990452 0.316329 0.0
0.993297 0.319406 0.0
0.99638 0.32207 0.0
0.99968 0.324297 0.0
1.00317 0.326068 0.0
1.00684 0.327365 0.0
1.01066 0.328172 0.0
1.01459 0.328477 0.0
1.01863 0.328271 0.0
1.02275 0.327545 0.0
1.02691 0.326295 0.0
1.03109 0.324522 0.0
1.03526 0.322225 0.0
1.0394 0.319412 0.0
1.04348 0.316088 0.0
1.04748 0.312266 0.0
1.05137 0.30796 0.0
1.05513 0.303185 0.0
1.05874 0.297959 0.0
1.06217 0.292305 0.0
1.06543 0.286243 0.0
1.06848 0.279797 0.0
1.07132 0.272991 0.0
1.07395 0.26585 0.0
1.07636 0.258399 0.0
1.07854 0.250662 0.0
1.08051 0.242664 0.0
1.08226 0.234429 0.0
1.0838 0.225978 0.0
1.08514 0.217334 0.0
1.0863 0.208517 0.0
1.08727 0.199547 0.0
1.08809 0.19044 0.0
1.08875 0.181214 0.0
1.08929 0.171885 0.0
1.0897 0.162467 0.0
1.09002 0.152975 0.0
1.09025 0.143421 0.0
1.09041 0.133819 0.0
1.09052 0.124181 0.0
1.09058 0.114521 0.0
1.0906 0.104851 0.0
1.09061 0.0951847 0.0
1.0906 0.0855352 0.0
1.09057 0.0759163 0.0
1.09055 0.0663421 0.0
1.09053 0.056827 0.0
1.0905 0.0473854 0.0
1.09049 0.0380317 0.0
1.09047 0.0287803 0.0
1.09046 0.0196451 0.0
1.09046 0.0106398 0.0
1.09046 0.00177718 0.0
1.09045 -0.00693047 0.0
1.09045 -0.0154707 0.0
1.09045 -0.0238319 0.0
1.09044 -0.032003 0.0
1.09042 -0.039974 0.0
1.09039 -0.0477357 0.0
1.09036 -0.0552766 0.0
1.09031 -0.0625533 0.0
1.09025 -0.0691012 0.0
1 0.00475818 0.0
1 0.0143118 0.0
1.00001 0.0239023 0.0
1.00002 0.0335298 0.0
1.00004 0.043194 0.0
1.00006 0.0528951 0.0
1.00008 0.0626331 0.0
1.00011 0.0724078 0.0
1.00015 0.0822192 0.0
1.0002 0.0920668 0.0
1.00026 0.10195 0.0
1.00033 0.111869 0.0
1.00042 0.121822 0.0
1.00053 0.131807 0.0
1.00065 0.141824 0.0
1.00079 0.151871 0.0
1.00096 0.161945 0.0
1.00116 0.172043 0.0
1.00139 0.182163 0.0
1.00165 0.192301 0.0
1.00195 0.202452 0.0
1.00229 0.212613 0.0
1.00267 0.222778 0.0
1.0031 0.232941 0.0
1.00358 0.243096 0.0
1.00411 0.253236 0.0
1.0047 0.263353 0.0
1.00534 0.27344 0.0
1.00604 0.283488 0.0
1.00681 0.293487 0.0
1.00763 0.303429 0.0
1.00852 0.313303 0.0
1.00946 0.323098 0.0
1.01047 0.332804 0.0
1.01154 0.34241 0.0
1.01266 0.351905 0.0
1.01383 0.361279 0.0
1.01504 0.370521 0.0
1.0163 0.379621 0.0
1.01759 0.388569 0.0
1.01891 0.397357 0.0
1.02024 0.405977 0.0
1.02158 0.414423 0.0
1.02291 0.422688 0.0
1.02423 0.430769 0.0
1.02553 0.438664 0.0
1.02679 0.446372 0.0
1.028 0.453894 0.0
1.02916 0.461233 0.0
1.03024 0.468393 0.0
1.03125 0.475381 0.0
1.03218 0.482205 0.0
1.03302 0.488874 0.0
1.03376 0.495399 0.0
1.0344 0.501793 0.0
1.03495 0.508069 0.0
1.03541 0.514239 0.0
1.03579 0.520318 0.0
1.03608 0.526318 0.0
1.03632 0.532253 0.0
1.03652 0.538132 0.0
1.03669 0.543965 0.0
1.03686 0.549756 0.0
1.03706 0.555508 0.0
1.03732 0.561217 0.0
1.03767 0.566876 0.0
1.03815 0.572468 0.0
1.03878 0.577972 0.0
1.03961 0.583357 0.0
1.04067 0.588582 0.0
1.04199 0.593597 0.0
1.0436 0.598344 0.0
1.04552 0.602752 0.0
1.04777 0.606743 0.0
1.05036 0.610228 0.0
1.0533 0.613113 0.0
1.05658 0.615298 0.0
1.06019 0.616678 0.0
1.06413 0.617151 0.0
1.06835 0.616615 0.0
1.07284 0.614975 0.0
1.07756 0.612144 0.0
1.08247 0.608046 0.0
1.08753 0.60262 0.0
1.09268 0.595818 0.0
1.09787 0.587615 0.0
1.10304 0.578001 0.0
1.10813 0.566991 0.0
1.11306 0.554622 0.0
1.11776 0.540957 0.0
1.12213 0.526083 0.0
1.12609 0.510115 0.0
1.12955 0.493191 0.0
1.13242 0.475474 0.0
1.13462 0.457147 0.0
1.13608 0.438409 0.0
1.13674 0.419471 0.0
1.13655 0.400549 0.0
1.13549 0.381859 0.0
1.13354 0.363609 0.0
1.13073 0.345997 0.0
1.12708 0.3292 0.0
1.12265 0.313375 0.0
1.11749 0.298655 0.0
1.1117 0.285142 0.0
1.10536 0.272915 0.0
1.09857 0.262023 0.0
1.09144 0.252488 0.0
1.08406 0.244312 0.0
1.07654 0.237472 0.0
1.06898 0.231929 0.0
1.06145 0.22763 0.0
1.05406 0.224507 0.0
1.04685 0.222488 0.0
1.03991 0.221492 0.0
1.03329 0.221434 0.0
1.02702 0.22223 0.0
1.02114 0.223794 0.0
1.01569 0.226041 0.0
1.01067 0.228892 0.0
1.00611 0.232266 0.0
1.002 0.236088 0.0
0.998357 0.240288 0.0
0.995173 0.244797 0.0
0.992445 0.249552 0.0
0.990163 0.254493 0.0
0.988319 0.259563 0.0
0.986901 0.264708 0.0
0.985897 0.269879 0.0
0.985291 0.275028 0.0
0.985071 0.28011 0.0
0.985222 0.285083 0.0
0.985727 0.289908 0.0
0.986572 0.294546 0.0
0.987739 0.298961 0.0
0.989213 0.303122 0.0
0.990976 0.306995 0.0
0.993012 0.31055 0.0
0.995301 0.313762 0.0
0.997826 0.316602 0.0
1.00057 0.319049 0.0
1.00351 0.32108 0.0
1.00662 0.322676 0.0
1.00989 0.32382 0.0
1.0133 0.324497 0.0
1.01681 0.324697 0.0
1.02042 0.324408 0.0
1.02409 0.323625 0.0
1.0278 0.322345 0.0
1.03152 0.320564 0.0
1.03525 0.318287 0.0
1.03894 0.315517 0.0
1.04258 0.312262 0.0
1.04614 0.308531 0.0
1.04961 0.304337 0.0
1.05297 0.299694 0.0
1.05619 0.294619 0.0
1.05927 0.289131 0.0
1.06219 0.283248 0.0
1.06493 0.276992 0.0
1.0675 0.270384 0.0
1.06988 0.263447 0.0
1.07207 0.256201 0.0
1.07408 0.248669 0.0
1.07589 0.240874 0.0
1.07753 0.232835 0.0
1.07898 0.224574 0.0
1.08027 0.21611 0.0
1.08139 0.207462 0.0
1.08237 0.198648 0.0
1.08321 0.189684 0.0
1.08393 0.180586 0.0
1.08454 0.171371 0.0
1.08505 0.162052 0.0
1.08548 0.152644 0.0
1.08584 0.143161 0.0
1.08614 0.133617 0.0
1.08639 0.124026 0.0
1.08661 0.114402 0.0
1.08679 0.104759 0.0
1.08695 0.0951109 0.0
1.0871 0.085474 0.0
1.08724 0.0758628 0.0
1.08736 0.0662928 0.0
1.08749 0.0567794 0.0
1.0876 0.0473381 0.0
1.08771 0.0379842 0.0
1.08782 0.0287327 0.0
1.08793 0.0195982 0.0
1.08802 0.0105945 0.0
1.08811 0.00173491 0.0
1.0882 -0.00696825 0.0
1.08827 -0.0155025 0.0
1.08833 -0.0238561 0.0
1.08838 -0.0320183 0.0
1.08842 -0.0399788 0.0
1.08844 -0.0477282 0.0
1.08844 -0.0552553 0.0
1.08843 -0.0625164 0.0
1.0884 -0.0690477 0.0
1 0.00475642 0.0
1 0.0143066 0.0
1.00001 0.0238936 0.0
1.00002 0.0335173 0.0
1.00004 0.0431773 0.0
1.00005 0.0528735 0.0
1.00008 0.0626057 0.0
1.00011 0.0723737 0.0
1.00014 0.082177 0.0
1.00019 0.0920151 0.0
1.00024 0.101887 0.0
1.00031 0.111793 0.0
1.00039 0.121731 0.0
1.00049 0.131699 0.0
1.0006 0.141697 0.0
1.00073 0.151721 0.0
1.00088 0.16177 0.0
1.00106 0.171841 0.0
1.00127 0.181931 0.0
1.0015 0.192035 0.0
1.00177 0.20215 0.0
1.00208 0.212272 0.0
1.00242 0.222394 0.0
1.0028 0.232512 0.0
1.00323 0.242619 0.0
1.0037 0.252709 0.0
1.00422 0.262774 0.0
1.00479 0.272806 0.0
1.00541 0.282798 0.0
1.00609 0.292741 0.0
1.00681 0.302625 0.0
1.00759 0.312441 0.0
1.00843 0.322179 0.0
1.00931 0.331831 0.0
1.01025 0.341384 0.0
1.01123 0.35083 0.0
1.01225 0.360159 0.0
1.01331 0.369361 0.0
1.01441 0.378427 0.0
1.01553 0.387349 0.0
1.01668 0.396118 0.0
1.01783 0.404727 0.0
1.019 0.413171 0.0
1.02016 0.421445 0.0
1.0213 0.429544 0.0
1.02243 0.437468 0.0
1.02352 0.445215 0.0
1.02458 0.452785 0.0
1.02558 0.460182 0.0
1.02653 0.467409 0.0
1.02741 0.474471 0.0
1.02823 0.481374 0.0
1.02897 0.488128 0.0
1.02963 0.49474 0.0
1.03022 0.501221 0.0
1.03073 0.507581 0.0
1.03117 0.51383 0.0
1.03154 0.519979 0.0
1.03186 0.526038 0.0
1.03214 0.532016 0.0
1.03239 0.53792 0.0
1.03264 0.543756 0.0
1.03291 0.549526 0.0
1.03322 0.555228 0.0
1.0336 0.560857 0.0
1.03408 0.566403 0.0
1.0347 0.571849 0.0
1.03548 0.577173 0.0
1.03646 0.582343 0.0
1.03768 0.587321 0.0
1.03916 0.59206 0.0
1.04093 0.596504 0.0
1.04301 0.600588 0.0
1.04543 0.604239 0.0
1.0482 0.607376 0.0
1.05132 0.609911 0.0
1.05478 0.611751 0.0
1.05859 0.6128 0.0
1.06273 0.612962 0.0
1.06716 0.612144 0.0
1.07186 0.610256 0.0
1.07679 0.607216 0.0
1.0819 0.602956 0.0
1.08713 0.597417 0.0
1.09244 0.59056 0.0
1.09776 0.582362 0.0
1.10302 0.572821 0.0
1.10815 0.561956 0.0
1.11306 0.549811 0.0
1.11768 0.536452 0.0
1.12193 0.52197 0.0
1.12572 0.506479 0.0
1.12897 0.490118 0.0
1.1316 0.473043 0.0
1.13355 0.455429 0.0
1.13475 0.437465 0.0
1.13517 0.419346 0.0
1.13476 0.401273 0.0
1.13351 0.383443 0.0
1.13144 0.366045 0.0
1.12855 0.349258 0.0
1.1249 0.333243 0.0
1.12052 0.318139 0.0
1.11551 0.304064 0.0
1.10992 0.291113 0.0
1.10385 0.279354 0.0
1.09739 0.268832 0.0
1.09063 0.259568 0.0
1.08367 0.251565 0.0
1.07661 0.244804 0.0
1.06952 0.239252 0.0
1.06249 0.234861 0.0
1.05559 0.231576 0.0
1.04888 0.229329 0.0
1.04242 0.22805 0.0
1.03626 0.227665 0.0
1.03043 0.228096 0.0
1.02497 0.229266 0.0
1.0199 0.231099 0.0
1.01523 0.233519 0.0
1.01097 0.236455 0.0
1.00714 0.239835 0.0
1.00374 0.243592 0.0
1.00075 0.247663 0.0
0.998179 0.251986 0.0
0.996017 0.256503 0.0
0.994256 0.261159 0.0
0.992883 0.265903 0.0
0.991889 0.270684 0.0
0.991259 0.275457 0.0
0.990981 0.280178 0.0
0.991041 0.284804 0.0
0.991425 0.289297 0.0
0.992118 0.293618 0.0
0.993106 0.297734 0.0
0.994373 0.301609 0.0
0.995903 0.305214 0.0
0.99768 0.308518 0.0
0.999688 0.311496 0.0
1.00191 0.314121 0.0
1.00433 0.31637 0.0
1.00692 0.318223 0.0
1.00968 0.319661 0.0
1.01258 0.320668 0.0
1.01559 0.321229 0.0
1.01871 0.321334 0.0
1.0219 0.320972 0.0
1.02515 0.320139 0.0
1.02844 0.31883 0.0
1.03175 0.317044 0.0
1.03505 0.314784 0.0
1.03833 0.312052 0.0
1.04156 0.308855 0.0
1.04473 0.305203 0.0
1.04782 0.301107 0.0
1.05081 0.296579 0.0
1.05368 0.291634 0.0
1.05644 0.286288 0.0
1.05905 0.28056 0.0
1.06152 0.274466 0.0
1.06384 0.268028 0.0
1.06599 0.261263 0.0
1.06799 0.254192 0.0
1.06983 0.246834 0.0
1.07152 0.23921 0.0
1.07304 0.231338 0.0
1.07442 0.223236 0.0
1.07566 0.214923 0.0
1.07677 0.206417 0.0
1.07775 0.197732 0.0
1.07862 0.188887 0.0
1.07939 0.179896 0.0
1.08007 0.170774 0.0
1.08067 0.161537 0.0
1.0812 0.152199 0.0
1.08167 0.142775 0.0
1.0821 0.133279 0.0
1.08248 0.123727 0.0
1.08283 0.114134 0.0
1.08316 0.104515 0.0
1.08346 0.0948864 0.0
1.08375 0.0852641 0.0
1.08402 0.0756645 0.0
1.08428 0.066104 0.0
1.08453 0.0565989 0.0
1.08477 0.0471655 0.0
1.08499 0.0378196 0.0
1.08521 0.0285766 0.0
1.0854 0.0194513 0.0
1.08559 0.010458 0.0
1.08576 0.00160974 0.0
1.08592 -0.00708092 0.0
1.08606 -0.0156016 0.0
1.08618 -0.0239407 0.0
1.08628 -0.0320874 0.0
1.08637 -0.0400314 0.0
1.08643 -0.0477632 0.0
1.08648 -0.0552714 0.0
1.0865 -0.0625125 0.0
1.0865 -0.0690235 0.0
1 0.0047548 0.0
1 0.0143018 0.0
1.00001 0.0238856 0.0
1.00002 0.0335058 0.0
1.00003 0.043162 0.0
1.00005 0.0528538 0.0
1.00007 0.0625808 0.0
1.0001 0.0723426 0.0
1.00013 0.0821386 0.0
1.00017 0.0919683 0.0
1.00022 0.101831 0.0
1.00028 0.111725 0.0
1.00035 0.121649 0.0
1.00043 0.131602 0.0
1.00053 0.141583 0.0
1.00064 0.151588 0.0
1.00078 0.161615 0.0
1.00094 0.171661 0.0
1.00112 0.181724 0.0
1.00132 0.191799 0.0
1.00156 0.201883 0.0
1.00182 0.21197 0.0
1.00212 0.222055 0.0
1.00246 0.232134 0.0
1.00283 0.242199 0.0
1.00324 0.252245 0.0
1.00369 0.262265 0.0
1.00419 0.27225 0.0
1.00473 0.282193 0.0
1.00531 0.292087 0.0
1.00594 0.301922 0.0
1.00661 0.311689 0.0
1.00733 0.321379 0.0
1.0081 0.330983 0.0
1.0089 0.340493 0.0
1.00975 0.349897 0.0
1.01063 0.359188 0.0
1.01154 0.368357 0.0
1.01248 0.377395 0.0
1.01344 0.386294 0.0
1.01442 0.395047 0.0
1.01542 0.403648 0.0
1.01641 0.412092 0.0
1.0174 0.420373 0.0
1.01838 0.428489 0.0
1.01934 0.436437 0.0
1.02028 0.444216 0.0
1.02118 0.451828 0.0
1.02204 0.459273 0.0
1.02286 0.466555 0.0
1.02362 0.473678 0.0
1.02432 0.480648 0.0
1.02497 0.48747 0.0
1.02555 0.494152 0.0
1.02607 0.500701 0.0
1.02654 0.507127 0.0
1.02694 0.513436 0.0
1.02731 0.519637 0.0
1.02763 0.525736 0.0
1.02793 0.53174 0.0
1.02822 0.537654 0.0
1.02851 0.543478 0.0
1.02884 0.549213 0.0
1.02921 0.554855 0.0
1.02967 0.560395 0.0
1.03023 0.565822 0.0
1.03093 0.571118 0.0
1.03179 0.57626 0.0
1.03284 0.581215 0.0
1.03413 0.585948 0.0
1.03567 0.590414 0.0
1.03749 0.594559 0.0
1.03961 0.598323 0.0
1.04206 0.601638 0.0
1.04484 0.604429 0.0
1.04797 0.606615 0.0
1.05143 0.608112 0.0
1.05523 0.608831 0.0
1.05935 0.608683 0.0
1.06375 0.607584 0.0
1.06842 0.605451 0.0
1.0733 0.602211 0.0
1.07836 0.597799 0.0
1.08353 0.592166 0.0
1.08875 0.585276 0.0
1.09396 0.577113 0.0
1.0991 0.567679 0.0
1.10407 0.556997 0.0
1.10881 0.545114 0.0
1.11324 0.532098 0.0
1.11728 0.51804 0.0
1.12084 0.503054 0.0
1.12386 0.487272 0.0
1.12627 0.470845 0.0
1.12802 0.453938 0.0
1.12904 0.436729 0.0
1.12931 0.419398 0.0
1.12882 0.40213 0.0
1.12754 0.385105 0.0
1.1255 0.368498 0.0
1.12272 0.352469 0.0
1.11925 0.337163 0.0
1.11513 0.322707 0.0
1.11044 0.309209 0.0
1.10524 0.296753 0.0
1.09962 0.285402 0.0
1.09367 0.275199 0.0
1.08746 0.266163 0.0
1.08109 0.2583 0.0
1.07463 0.251594 0.0
1.06816 0.246018 0.0
1.06175 0.241533 0.0
1.05547 0.238087 0.0
1.04937 0.235625 0.0
1.0435 0.234083 0.0
1.0379 0.233394 0.0
1.03261 0.23349 0.0
1.02764 0.2343 0.0
1.02303 0.235754 0.0
1.01877 0.237784 0.0
1.0149 0.240321 0.0
1.0114 0.243299 0.0
1.00828 0.246655 0.0
1.00554 0.250328 0.0
1.00317 0.254259 0.0
1.00117 0.258392 0.0
0.99953 0.262673 0.0
0.998238 0.267053 0.0
0.997285 0.271482 0.0
0.99666 0.275915 0.0
0.996351 0.280308 0.0
0.996346 0.28462 0.0
0.996632 0.288812 0.0
0.997196 0.292847 0.0
0.998024 0.296689 0.0
0.999103 0.300307 0.0
1.00042 0.30367 0.0
1.00196 0.306747 0.0
1.0037 0.309514 0.0
1.00564 0.311944 0.0
1.00775 0.314016 0.0
1.01002 0.315709 0.0
1.01244 0.317005 0.0
1.01498 0.317888 0.0
1.01763 0.318345 0.0
1.02037 0.318364 0.0
1.02318 0.317937 0.0
1.02604 0.317058 0.0
1.02894 0.315723 0.0
1.03185 0.313931 0.0
1.03476 0.311683 0.0
1.03765 0.308983 0.0
1.04051 0.305837 0.0
1.04331 0.302251 0.0
1.04605 0.298237 0.0
1.0487 0.293806 0.0
1.05126 0.288971 0.0
1.05371 0.283747 0.0
1.05605 0.278148 0.0
1.05826 0.272193 0.0
1.06035 0.265896 0.0
1.06231 0.259277 0.0
1.06413 0.252353 0.0
1.06583 0.245142 0.0
1.06739 0.23766 0.0
1.06882 0.229926 0.0
1.07013 0.221957 0.0
1.07133 0.213769 0.0
1.07241 0.205378 0.0
1.0734 0.196801 0.0
1.0743 0.188052 0.0
1.07511 0.179148 0.0
1.07585 0.170102 0.0
1.07653 0.160931 0.0
1.07716 0.15165 0.0
1.07773 0.142274 0.0
1.07827 0.132819 0.0
1.07877 0.1233 0.0
1.07925 0.113735 0.0
1.0797 0.104139 0.0
1.08013 0.0945299 0.0
1.08053 0.0849247 0.0
1.08092 0.0753407 0.0
1.0813 0.0657948 0.0
1.08165 0.0563041 0.0
1.08199 0.0468852 0.0
1.08231 0.0375543 0.0
1.08262 0.0283271 0.0
1.0829 0.0192184 0.0
1.08316 0.0102424 0.0
1.0834 0.0014123 0.0
1.08362 -0.00725947 0.0
1.08382 -0.0157607 0.0
1.084 -0.0240798 0.0
1.08415 -0.0322058 0.0
1.08428 -0.0401286 0.0
1.08439 -0.0478385 0.0
1.08447 -0.0553238 0.0
1.08453 -0.0625409 0.0
1.08456 -0.0690282 0.0
1 0.00475341 0.0
1 0.0142977 0.0
1.00001 0.0238788 0.0
1.00002 0.033496 0.0
1.00003 0.0431489 0.0
1.00004 0.0528368 0.0
1.00006 0.0625594 0.0
1.00008 0.0723159 0.0
1.00011 0.0821057 0.0
1.00014 0.091928 0.0
1.00018 0.101782 0.0
1.00023 0.111666 0.0
1.00029 0.121579 0.0
1.00036 0.131519 0.0
1.00044 0.141484 0.0
1.00054 0.151472 0.0
1.00065 0.161481 0.0
1.00078 0.171507 0.0
1.00094 0.181546 0.0
1.00111 0.191596 0.0
1.00131 0.201652 0.0
1.00153 0.21171 0.0
1.00179 0.221764 0.0
1.00207 0.231809 0.0
1.00238 0.241838 0.0
1.00273 0.251847 0.0
1.00311 0.261828 0.0
1.00353 0.271773 0.0
1.00399 0.281675 0.0
1.00448 0.291527 0.0
1.00502 0.30132 0.0
1.00558 0.311046 0.0
1.00619 0.320695 0.0
1.00684 0.330261 0.0
1.00751 0.339732 0.0
1.00822 0.349102 0.0
1.00896 0.358362 0.0
1.00973 0.367503 0.0
1.01052 0.376517 0.0
1.01133 0.385399 0.0
1.01215 0.394139 0.0
1.01298 0.402734 0.0
1.01382 0.411177 0.0
1.01465 0.419465 0.0
1.01547 0.427595 0.0
1.01628 0.435564 0.0
1.01706 0.443371 0.0
1.01781 0.451016 0.0
1.01854 0.458501 0.0
1.01922 0.465829 0.0
1.01986 0.473001 0.0
1.02046 0.480024 0.0
1.02101 0.486901 0.0
1.02151 0.493638 0.0
1.02196 0.500241 0.0
1.02237 0.506716 0.0
1.02274 0.513069 0.0
1.02307 0.519306 0.0
1.02338 0.525432 0.0
1.02368 0.531448 0.0
1.02398 0.537358 0.0
1.0243 0.543161 0.0
1.02465 0.548853 0.0
1.02506 0.554428 0.0
1.02555 0.559878 0.0
1.02614 0.565186 0.0
1.02687 0.570335 0.0
1.02775 0.575299 0.0
1.02882 0.58005 0.0
1.0301 0.584549 0.0
1.03162 0.588754 0.0
1.03341 0.592614 0.0
1.03547 0.596074 0.0
1.03784 0.599069 0.0
1.04053 0.601531 0.0
1.04353 0.603385 0.0
1.04685 0.604554 0.0
1.05049 0.604956 0.0
1.05442 0.604512 0.0
1.05862 0.603145 0.0
1.06307 0.600779 0.0
1.06772 0.59735 0.0
1.07252 0.5928 0.0
1.07743 0.587086 0.0
1.08239 0.580178 0.0
1.08732 0.572064 0.0
1.09217 0.562751 0.0
1.09685 0.552266 0.0
1.1013 0.540656 0.0
1.10544 0.52799 0.0
1.10919 0.514358 0.0
1.11249 0.49987 0.0
1.11527 0.484653 0.0
1.11747 0.46885 0.0
1.11905 0.452616 0.0
1.11996 0.436115 0.0
1.12018 0.419517 0.0
1.1197 0.402992 0.0
1.11851 0.386704 0.0
1.11664 0.370813 0.0
1.1141 0.355465 0.0
1.11095 0.340793 0.0
1.10723 0.326913 0.0
1.10301 0.313922 0.0
1.09835 0.301899 0.0
1.09332 0.290902 0.0
1.088 0.280971 0.0
1.08247 0.272129 0.0
1.0768 0.264379 0.0
1.07106 0.257714 0.0
1.06532 0.252109 0.0
1.05963 0.247532 0.0
1.05406 0.243939 0.0
1.04865 0.241281 0.0
1.04345 0.239501 0.0
1.03848 0.238541 0.0
1.03379 0.238337 0.0
1.02938 0.238827 0.0
1.02527 0.239944 0.0
1.02149 0.241627 0.0
1.01804 0.243809 0.0
1.01492 0.246431 0.0
1.01213 0.249431 0.0
1.00967 0.25275 0.0
1.00754 0.256333 0.0
1.00574 0.260124 0.0
1.00425 0.264072 0.0
1.00306 0.268128 0.0
1.00218 0.272243 0.0
1.00158 0.276373 0.0
1.00127 0.280475 0.0
1.00122 0.284507 0.0
1.00142 0.288431 0.0
1.00188 0.29221 0.0
1.00257 0.29581 0.0
1.00348 0.299198 0.0
1.00459 0.302344 0.0
1.00591 0.30522 0.0
1.00741 0.307798 0.0
1.00908 0.310055 0.0
1.0109 0.311968 0.0
1.01287 0.313518 0.0
1.01496 0.314687 0.0
1.01717 0.31546 0.0
1.01947 0.315822 0.0
1.02185 0.315765 0.0
1.0243 0.315278 0.0
1.0268 0.314357 0.0
1.02933 0.312997 0.0
1.03187 0.311197 0.0
1.03442 0.308958 0.0
1.03695 0.306283 0.0
1.03946 0.303177 0.0
1.04192 0.299646 0.0
1.04433 0.295701 0.0
1.04667 0.29135 0.0
1.04893 0.286606 0.0
1.05111 0.281482 0.0
1.05319 0.275992 0.0
1.05518 0.27015 0.0
1.05706 0.263972 0.0
1.05883 0.257473 0.0
1.06049 0.250669 0.0
1.06205 0.243578 0.0
1.0635 0.236213 0.0
1.06485 0.228592 0.0
1.0661 0.22073 0.0
1.06725 0.212643 0.0
1.06833 0.204346 0.0
1.06932 0.195854 0.0
1.07024 0.187182 0.0
1.0711 0.178346 0.0
1.07189 0.169362 0.0
1.07264 0.160244 0.0
1.07335 0.151008 0.0
1.07402 0.141672 0.0
1.07465 0.13225 0.0
1.07526 0.122761 0.0
1.07584 0.113221 0.0
1.07639 0.103648 0.0
1.07692 0.0940597 0.0
1.07744 0.0844744 0.0
1.07793 0.0749096 0.0
1.0784 0.0653829 0.0
1.07884 0.0559118 0.0
1.07927 0.0465131 0.0
1.07967 0.0372031 0.0
1.08005 0.0279974 0.0
1.08041 0.018911 0.0
1.08073 0.00995789 0.0
1.08104 0.00115122 0.0
1.08132 -0.00749676 0.0
1.08157 -0.0159739 0.0
1.08179 -0.0242688 0.0
1.08199 -0.0323703 0.0
1.08217 -0.0402683 0.0
1.08231 -0.0479527 0.0
1.08243 -0.0554116 0.0
1.08252 -0.0626012 0.0
1.08259 -0.0690614 0.0
1 0.00475234 0.0
1 0.0142946 0.0
1.00001 0.0238735 0.0
1.00001 0.0334885 0.0
1.00002 0.0431387 0.0
1.00003 0.0528236 0.0
1.00004 0.0625425 0.0
1.00006 0.0722948 0.0
1.00008 0.0820796 0.0
1.0001 0.0918958 0.0
1.00013 0.101743 0.0
1.00017 0.111618 0.0
1.00022 0.121522 0.0
1.00027 0.131451 0.0
1.00034 0.141404 0.0
1.00041 0.151378 0.0
1.00051 0.161371 0.0
1.00061 0.171379 0.0
1.00073 0.181399 0.0
1.00087 0.191428 0.0
1.00103 0.201461 0.0
1.00122 0.211494 0.0
1.00142 0.221522 0.0
1.00165 0.231538 0.0
1.00191 0.241539 0.0
1.00219 0.251516 0.0
1.0025 0.261464 0.0
1.00284 0.271376 0.0
1.00321 0.281244 0.0
1.00362 0.291062 0.0
1.00405 0.30082 0.0
1.00452 0.310511 0.0
1.00501 0.320127 0.0
1.00554 0.32966 0.0
1.00609 0.339101 0.0
1.00667 0.348443 0.0
1.00727 0.357677 0.0
1.0079 0.366795 0.0
1.00854 0.375791 0.0
1.0092 0.384658 0.0
1.00987 0.393388 0.0
1.01055 0.401978 0.0
1.01122 0.410422 0.0
1.0119 0.418716 0.0
1.01256 0.426857 0.0
1.01322 0.434842 0.0
1.01386 0.442672 0.0
1.01447 0.450345 0.0
1.01506 0.457863 0.0
1.01561 0.465226 0.0
1.01614 0.472438 0.0
1.01663 0.479502 0.0
1.01708 0.486422 0.0
1.01749 0.493201 0.0
1.01787 0.499845 0.0
1.01822 0.506357 0.0
1.01854 0.512741 0.0
1.01884 0.519002 0.0
1.01912 0.525141 0.0
1.0194 0.531159 0.0
1.01969 0.537057 0.0
1.02001 0.542831 0.0
1.02036 0.548476 0.0
1.02077 0.553984 0.0
1.02126 0.559343 0.0
1.02185 0.564537 0.0
1.02256 0.569546 0.0
1.02342 0.574346 0.0
1.02445 0.578905 0.0
1.02568 0.583188 0.0
1.02712 0.587152 0.0
1.0288 0.590752 0.0
1.03073 0.593931 0.0
1.03294 0.596633 0.0
1.03544 0.598791 0.0
1.03822 0.600339 0.0
1.04129 0.601205 0.0
1.04465 0.601315 0.0
1.04828 0.600597 0.0
1.05215 0.598982 0.0
1.05624 0.596402 0.0
1.06052 0.592799 0.0
1.06494 0.588124 0.0
1.06946 0.582338 0.0
1.07401 0.57542 0.0
1.07853 0.56736 0.0
1.08298 0.558169 0.0
1.08726 0.547876 0.0
1.09133 0.536531 0.0
1.09511 0.5242 0.0
1.09853 0.510972 0.0
1.10154 0.496951 0.0
1.10407 0.482259 0.0
1.10608 0.467031 0.0
1.10753 0.451413 0.0
1.10838 0.435557 0.0
1.10861 0.419621 0.0
1.10822 0.403761 0.0
1.10721 0.38813 0.0
1.1056 0.372873 0.0
1.10341 0.358125 0.0
1.10069 0.344008 0.0
1.09748 0.330629 0.0
1.09383 0.318078 0.0
1.08981 0.306429 0.0
1.08547 0.295736 0.0
1.08088 0.286038 0.0
1.07612 0.277359 0.0
1.07123 0.269705 0.0
1.06629 0.263071 0.0
1.06135 0.257439 0.0
1.05645 0.25278 0.0
1.05166 0.249058 0.0
1.047 0.246229 0.0
1.04251 0.244243 0.0
1.03823 0.243048 0.0
1.03417 0.242585 0.0
1.03036 0.242797 0.0
1.02682 0.243623 0.0
1.02354 0.245005 0.0
1.02055 0.246881 0.0
1.01783 0.249194 0.0
1.01541 0.251885 0.0
1.01326 0.254897 0.0
1.0114 0.258178 0.0
1.00981 0.261673 0.0
1.0085 0.265331 0.0
1.00744 0.269105 0.0
1.00665 0.272947 0.0
1.0061 0.276812 0.0
1.0058 0.280659 0.0
1.00572 0.284446 0.0
1.00587 0.288136 0.0
1.00623 0.291691 0.0
1.00679 0.295078 0.0
1.00755 0.298265 0.0
1.00849 0.301221 0.0
1.0096 0.303918 0.0
1.01086 0.306331 0.0
1.01228 0.308435 0.0
1.01384 0.310209 0.0
1.01552 0.311632 0.0
1.01731 0.312689 0.0
1.01919 0.313363 0.0
1.02117 0.313642 0.0
1.02322 0.313515 0.0
1.02532 0.312975 0.0
1.02747 0.312014 0.0
1.02966 0.310629 0.0
1.03186 0.308819 0.0
1.03406 0.306584 0.0
1.03626 0.303926 0.0
1.03844 0.300851 0.0
1.04058 0.297364 0.0
1.04268 0.293472 0.0
1.04474 0.289186 0.0
1.04673 0.284516 0.0
1.04865 0.279473 0.0
1.0505 0.274069 0.0
1.05227 0.268319 0.0
1.05395 0.262236 0.0
1.05555 0.255834 0.0
1.05707 0.249128 0.0
1.0585 0.242131 0.0
1.05985 0.23486 0.0
1.06112 0.227328 0.0
1.06232 0.219551 0.0
1.06344 0.211542 0.0
1.0645 0.203318 0.0
1.06549 0.194893 0.0
1.06643 0.186281 0.0
1.06733 0.177499 0.0
1.06817 0.168561 0.0
1.06898 0.159485 0.0
1.06976 0.150286 0.0
1.0705 0.140982 0.0
1.07122 0.131589 0.0
1.07191 0.122125 0.0
1.07258 0.11261 0.0
1.07322 0.10306 0.0
1.07385 0.0934938 0.0
1.07444 0.0839306 0.0
1.07502 0.0743883 0.0
1.07557 0.0648847 0.0
1.07609 0.0554374 0.0
1.07659 0.0460631 0.0
1.07706 0.0367784 0.0
1.07751 0.0275986 0.0
1.07792 0.0185387 0.0
1.07831 0.00961255 0.0
1.07867 0.000833124 0.0
1.079 -0.00778746 0.0
1.07931 -0.0162372 0.0
1.07958 -0.0245046 0.0
1.07982 -0.0325786 0.0
1.08004 -0.0404487 0.0
1.08022 -0.0481046 0.0
1.08038 -0.0555341 0.0
1.0805 -0.062693 0.0
1.08059 -0.0691227 0.0
1 0.00475166 0.0
1 0.0142926 0.0
1 0.0238701 0.0
1.00001 0.0334835 0.0
1.00001 0.043132 0.0
1.00002 0.0528148 0.0
1.00002 0.0625312 0.0
1.00003 0.0722803 0.0
1.00005 0.0820612 0.0
1.00006 0.091873 0.0
1.00008 0.101714 0.0
1.00011 0.111584 0.0
1.00014 0.12148 0.0
1.00018 0.1314 0.0
1.00022 0.141343 0.0
1.00028 0.151306 0.0
1.00034 0.161286 0.0
1.00042 0.17128 0.0
1.00051 0.181285 0.0
1.00062 0.191297 0.0
1.00074 0.201312 0.0
1.00087 0.211325 0.0
1.00103 0.221331 0.0
1.0012 0.231325 0.0
1.0014 0.241301 0.0
1.00162 0.251253 0.0
1.00186 0.261175 0.0
1.00212 0.27106 0.0
1.00241 0.280901 0.0
1.00272 0.290691 0.0
1.00305 0.300421 0.0
1.00341 0.310085 0.0
1.0038 0.319674 0.0
1.00421 0.329181 0.0
1.00464 0.338598 0.0
1.00509 0.347916 0.0
1.00556 0.35713 0.0
1.00604 0.36623 0.0
1.00654 0.375212 0.0
1.00706 0.384067 0.0
1.00758 0.39279 0.0
1.0081 0.401376 0.0
1.00863 0.40982 0.0
1.00915 0.418119 0.0
1.00967 0.426269 0.0
1.01018 0.434268 0.0
1.01067 0.442116 0.0
1.01115 0.449811 0.0
1.0116 0.457354 0.0
1.01203 0.464745 0.0
1.01244 0.471988 0.0
1.01282 0.479084 0.0
1.01317 0.486035 0.0
1.0135 0.492846 0.0
1.0138 0.499518 0.0
1.01408 0.506056 0.0
1.01434 0.512461 0.0
1.01459 0.518735 0.0
1.01484 0.524879 0.0
1.01509 0.530892 0.0
1.01535 0.536771 0.0
1.01564 0.542513 0.0
1.01597 0.54811 0.0
1.01636 0.553551 0.0
1.01682 0.558824 0.0
1.01738 0.563912 0.0
1.01804 0.568793 0.0
1.01884 0.573442 0.0
1.01979 0.577829 0.0
1.02091 0.581917 0.0
1.02223 0.585667 0.0
1.02375 0.589032 0.0
1.0255 0.591962 0.0
1.02749 0.594401 0.0
1.02973 0.59629 0.0
1.03222 0.597564 0.0
1.03497 0.598159 0.0
1.03797 0.598008 0.0
1.0412 0.597045 0.0
1.04466 0.595206 0.0
1.04831 0.592434 0.0
1.05212 0.588676 0.0
1.05606 0.583888 0.0
1.06008 0.57804 0.0
1.06413 0.571113 0.0
1.06816 0.563104 0.0
1.07212 0.554026 0.0
1.07594 0.543909 0.0
1.07957 0.532804 0.0
1.08294 0.520776 0.0
1.08601 0.50791 0.0
1.0887 0.494308 0.0
1.09099 0.480084 0.0
1.09282 0.465367 0.0
1.09416 0.450292 0.0
1.09498 0.435002 0.0
1.09528 0.419644 0.0
1.09505 0.404363 0.0
1.09428 0.3893 0.0
1.093 0.37459 0.0
1.09124 0.360358 0.0
1.08902 0.346717 0.0
1.08639 0.333766 0.0
1.08339 0.32159 0.0
1.08007 0.310257 0.0
1.0765 0.299822 0.0
1.07271 0.290323 0.0
1.06877 0.281782 0.0
1.06472 0.27421 0.0
1.06063 0.267603 0.0
1.05653 0.261949 0.0
1.05247 0.257223 0.0
1.04849 0.253394 0.0
1.04462 0.250423 0.0
1.04089 0.248265 0.0
1.03733 0.246873 0.0
1.03395 0.246194 0.0
1.03077 0.246174 0.0
1.0278 0.246757 0.0
1.02506 0.247887 0.0
1.02255 0.249507 0.0
1.02027 0.25156 0.0
1.01822 0.253991 0.0
1.01641 0.256746 0.0
1.01484 0.259771 0.0
1.01349 0.263015 0.0
1.01236 0.266429 0.0
1.01146 0.269963 0.0
1.01077 0.273573 0.0
1.01029 0.277214 0.0
1.01001 0.280843 0.0
1.00992 0.284421 0.0
1.01002 0.287911 0.0
1.01031 0.291274 0.0
1.01076 0.294479 0.0
1.01137 0.297493 0.0
1.01214 0.300285 0.0
1.01306 0.302829 0.0
1.01411 0.305098 0.0
1.0153 0.307069 0.0
1.01659 0.308721 0.0
1.018 0.310035 0.0
1.0195 0.310993 0.0
1.02109 0.31158 0.0
1.02276 0.311785 0.0
1.02449 0.311596 0.0
1.02627 0.311006 0.0
1.02809 0.310007 0.0
1.02995 0.308598 0.0
1.03182 0.306775 0.0
1.03371 0.304539 0.0
1.03559 0.301892 0.0
1.03746 0.298838 0.0
1.03931 0.295382 0.0
1.04113 0.291532 0.0
1.04291 0.287295 0.0
1.04464 0.282681 0.0
1.04633 0.2777 0.0
1.04796 0.272364 0.0
1.04953 0.266685 0.0
1.05104 0.260675 0.0
1.05248 0.254348 0.0
1.05386 0.247716 0.0
1.05518 0.240792 0.0
1.05644 0.233592 0.0
1.05764 0.226128 0.0
1.05878 0.218415 0.0
1.05987 0.210466 0.0
1.06091 0.202296 0.0
1.06191 0.19392 0.0
1.06287 0.185354 0.0
1.06379 0.176612 0.0
1.06468 0.16771 0.0
1.06554 0.158666 0.0
1.06637 0.149496 0.0
1.06718 0.140218 0.0
1.06797 0.13085 0.0
1.06873 0.121411 0.0
1.06947 0.111918 0.0
1.07018 0.102391 0.0
1.07088 0.0928487 0.0
1.07154 0.0833096 0.0
1.07219 0.0737921 0.0
1.0728 0.0643143 0.0
1.07339 0.0548936 0.0
1.07395 0.0455468 0.0
1.07449 0.0362902 0.0
1.07499 0.0271392 0.0
1.07546 0.0181086 0.0
1.0759 0.0092122 0.0
1.07632 0.000462744 0.0
1.0767 -0.00812777 0.0
1.07704 -0.0165475 0.0
1.07736 -0.0247849 0.0
1.07765 -0.0328288 0.0
1.0779 -0.0406684 0.0
1.07813 -0.0482932 0.0
1.07832 -0.0556904 0.0
1.07847 -0.0628156 0.0
1.07859 -0.0692118 0.0
1 0.0047514 0.0
1 0.0142919 0.0
1 0.0238689 0.0
1 0.0334817 0.0
1 0.0431293 0.0
1 0.052811 0.0
1 0.0625259 0.0
1.00001 0.0722732 0.0
1.00001 0.0820517 0.0
1.00002 0.0918604 0.0
1.00002 0.101698 0.0
1.00004 0.111563 0.0
1.00005 0.121453 0.0
1.00007 0.131368 0.0
1.0001 0.141303 0.0
1.00013 0.151258 0.0
1.00017 0.161229 0.0
1.00022 0.171213 0.0
1.00027 0.181206 0.0
1.00034 0.191205 0.0
1.00042 0.201206 0.0
1.00051 0.211203 0.0
1.00062 0.221193 0.0
1.00074 0.231169 0.0
1.00087 0.241127 0.0
1.00102 0.25106 0.0
1.00119 0.260962 0.0
1.00137 0.270826 0.0
1.00157 0.280646 0.0
1.00179 0.290414 0.0
1.00203 0.300123 0.0
1.00229 0.309766 0.0
1.00256 0.319334 0.0
1.00285 0.328821 0.0
1.00316 0.338219 0.0
1.00349 0.347521 0.0
1.00382 0.356719 0.0
1.00417 0.365806 0.0
1.00453 0.374776 0.0
1.0049 0.383622 0.0
1.00528 0.39234 0.0
1.00565 0.400923 0.0
1.00603 0.409368 0.0
1.00641 0.417671 0.0
1.00678 0.425828 0.0
1.00714 0.433838 0.0
1.0075 0.441699 0.0
1.00784 0.449411 0.0
1.00816 0.456972 0.0
1.00847 0.464385 0.0
1.00876 0.47165 0.0
1.00904 0.478769 0.0
1.00929 0.485743 0.0
1.00953 0.492575 0.0
1.00974 0.499268 0.0
1.00995 0.505821 0.0
1.01015 0.512238 0.0
1.01034 0.518517 0.0
1.01053 0.524659 0.0
1.01074 0.53066 0.0
1.01096 0.536518 0.0
1.01121 0.542226 0.0
1.0115 0.547775 0.0
1.01184 0.553154 0.0
1.01225 0.558349 0.0
1.01275 0.563341 0.0
1.01334 0.568108 0.0
1.01404 0.572624 0.0
1.01488 0.576859 0.0
1.01587 0.580778 0.0
1.01702 0.584341 0.0
1.01835 0.587504 0.0
1.01987 0.590218 0.0
1.0216 0.59243 0.0
1.02353 0.594085 0.0
1.02569 0.595122 0.0
1.02806 0.595483 0.0
1.03064 0.595105 0.0
1.03342 0.593929 0.0
1.0364 0.591896 0.0
1.03953 0.588956 0.0
1.04281 0.585061 0.0
1.0462 0.580175 0.0
1.04967 0.574271 0.0
1.05316 0.567335 0.0
1.05664 0.559367 0.0
1.06007 0.550384 0.0
1.06338 0.540418 0.0
1.06653 0.529517 0.0
1.06947 0.517748 0.0
1.07215 0.505193 0.0
1.07453 0.491948 0.0
1.07657 0.478122 0.0
1.07823 0.463837 0.0
1.07949 0.449222 0.0
1.08033 0.43441 0.0
1.08073 0.419539 0.0
1.08069 0.404743 0.0
1.08022 0.390156 0.0
1.07933 0.375903 0.0
1.07803 0.362101 0.0
1.07637 0.348855 0.0
1.07437 0.33626 0.0
1.07207 0.324395 0.0
1.06951 0.313327 0.0
1.06674 0.303107 0.0
1.06379 0.293774 0.0
1.06071 0.28535 0.0
1.05755 0.277849 0.0
1.05433 0.271269 0.0
1.05111 0.265601 0.0
1.04792 0.260825 0.0
1.04478 0.256914 0.0
1.04172 0.253832 0.0
1.03877 0.251539 0.0
1.03594 0.249992 0.0
1.03325 0.249141 0.0
1.03072 0.248936 0.0
1.02836 0.249325 0.0
1.02617 0.250253 0.0
1.02416 0.251666 0.0
1.02233 0.25351 0.0
1.02068 0.255732 0.0
1.01922 0.258278 0.0
1.01794 0.261096 0.0
1.01684 0.264137 0.0
1.01592 0.26735 0.0
1.01518 0.270689 0.0
1.01461 0.274108 0.0
1.0142 0.277564 0.0
1.01396 0.281015 0.0
1.01388 0.28442 0.0
1.01394 0.287743 0.0
1.01416 0.290947 0.0
1.01451 0.294 0.0
1.015 0.296868 0.0
1.01561 0.299523 0.0
1.01635 0.301937 0.0
1.0172 0.304086 0.0
1.01816 0.305944 0.0
1.01921 0.307492 0.0
1.02036 0.308711 0.0
1.02159 0.309584 0.0
1.02289 0.310096 0.0
1.02426 0.310234 0.0
1.02569 0.30999 0.0
1.02717 0.309354 0.0
1.02868 0.30832 0.0
1.03023 0.306885 0.0
1.03179 0.305047 0.0
1.03337 0.302805 0.0
1.03496 0.300161 0.0
1.03654 0.297119 0.0
1.03811 0.293683 0.0
1.03966 0.28986 0.0
1.04119 0.285657 0.0
1.04269 0.281083 0.0
1.04415 0.276147 0.0
1.04558 0.270859 0.0
1.04697 0.265232 0.0
1.04831 0.259275 0.0
1.04961 0.253001 0.0
1.05087 0.246423 0.0
1.05209 0.239553 0.0
1.05326 0.232403 0.0
1.05439 0.224987 0.0
1.05548 0.217319 0.0
1.05654 0.209413 0.0
1.05757 0.201282 0.0
1.05856 0.192941 0.0
1.05953 0.184406 0.0
1.06048 0.175693 0.0
1.0614 0.166819 0.0
1.06229 0.157799 0.0
1.06317 0.148652 0.0
1.06403 0.139396 0.0
1.06487 0.13005 0.0
1.06569 0.120632 0.0
1.06648 0.111161 0.0
1.06726 0.101657 0.0
1.06801 0.092139 0.0
1.06873 0.082625 0.0
1.06943 0.0731337 0.0
1.07011 0.0636831 0.0
1.07075 0.0542905 0.0
1.07137 0.0449728 0.0
1.07195 0.0357459 0.0
1.07251 0.0266253 0.0
1.07303 0.0176256 0.0
1.07352 0.0087607 0.0
1.07398 4.32157e-05 0.0
1.07441 -0.00851508 0.0
1.0748 -0.0169025 0.0
1.07516 -0.0251076 0.0
1.07549 -0.033119 0.0
1.07578 -0.0409257 0.0
1.07604 -0.0485167 0.0
1.07626 -0.0558791 0.0
1.07645 -0.0629679 0.0
1.0766 -0.0693282 0.0
1 0.00475163 0.0
0.999999 0.0142925 0.0
0.999997 0.02387 0.0
0.999994 0.0334832 0.0
0.999991 0.043131 0.0
0.999986 0.0528127 0.0
0.999982 0.0625274 0.0
0.999977 0.0722741 0.0
0.999972 0.0820516 0.0
0.999967 0.0918589 0.0
0.999963 0.101695 0.0
0.999961 0.111557 0.0
0.99996 0.121444 0.0
0.999962 0.131355 0.0
0.999966 0.141286 0.0
0.999974 0.151235 0.0
0.999987 0.1612 0.0
1 0.171177 0.0
1.00003 0.181162 0.0
1.00006 0.191152 0.0
1.00009 0.201143 0.0
1.00014 0.21113 0.0
1.00019 0.221109 0.0
1.00025 0.231073 0.0
1.00032 0.241018 0.0
1.00041 0.250937 0.0
1.0005 0.260825 0.0
1.0006 0.270674 0.0
1.00072 0.280479 0.0
1.00085 0.290232 0.0
1.00099 0.299926 0.0
1.00114 0.309553 0.0
1.00131 0.319107 0.0
1.00149 0.32858 0.0
1.00167 0.337965 0.0
1.00187 0.347254 0.0
1.00208 0.356441 0.0
1.00229 0.365519 0.0
1.00252 0.374481 0.0
1.00274 0.383321 0.0
1.00297 0.392035 0.0
1.00321 0.400617 0.0
1.00344 0.409062 0.0
1.00367 0.417368 0.0
1.0039 0.425531 0.0
1.00412 0.433549 0.0
1.00434 0.441419 0.0
1.00455 0.449142 0.0
1.00474 0.456717 0.0
1.00493 0.464144 0.0
1.00511 0.471424 0.0
1.00527 0.478558 0.0
1.00542 0.485548 0.0
1.00556 0.492393 0.0
1.0057 0.499097 0.0
1.00582 0.505658 0.0
1.00595 0.512079 0.0
1.00608 0.518357 0.0
1.00621 0.524491 0.0
1.00636 0.530478 0.0
1.00652 0.536312 0.0
1.00672 0.541986 0.0
1.00695 0.547491 0.0
1.00724 0.552813 0.0
1.00758 0.557938 0.0
1.00799 0.562846 0.0
1.00848 0.567515 0.0
1.00908 0.571919 0.0
1.00978 0.576026 0.0
1.0106 0.579802 0.0
1.01156 0.583208 0.0
1.01267 0.586201 0.0
1.01393 0.588735 0.0
1.01536 0.590758 0.0
1.01696 0.592218 0.0
1.01874 0.593059 0.0
1.02069 0.593223 0.0
1.02282 0.592656 0.0
1.02511 0.5913 0.0
1.02756 0.589104 0.0
1.03015 0.586021 0.0
1.03285 0.582009 0.0
1.03565 0.577036 0.0
1.03852 0.571081 0.0
1.04142 0.564132 0.0
1.04431 0.556193 0.0
1.04716 0.547283 0.0
1.04994 0.537434 0.0
1.05259 0.526697 0.0
1.05508 0.515135 0.0
1.05738 0.502827 0.0
1.05944 0.489868 0.0
1.06124 0.476363 0.0
1.06275 0.462425 0.0
1.06395 0.448179 0.0
1.06482 0.43375 0.0
1.06535 0.419268 0.0
1.06554 0.404861 0.0
1.0654 0.390654 0.0
1.06493 0.376767 0.0
1.06415 0.363308 0.0
1.06308 0.350379 0.0
1.06175 0.338069 0.0
1.06018 0.326455 0.0
1.0584 0.3156 0.0
1.05646 0.305555 0.0
1.05438 0.296358 0.0
1.05219 0.288033 0.0
1.04992 0.280595 0.0
1.04761 0.274044 0.0
1.04529 0.268373 0.0
1.04297 0.263566 0.0
1.04068 0.259598 0.0
1.03845 0.256438 0.0
1.03629 0.254048 0.0
1.03421 0.252387 0.0
1.03223 0.25141 0.0
1.03036 0.251068 0.0
1.02861 0.251311 0.0
1.02698 0.252088 0.0
1.02547 0.253346 0.0
1.0241 0.255033 0.0
1.02286 0.257095 0.0
1.02176 0.259482 0.0
1.02079 0.262142 0.0
1.01995 0.265026 0.0
1.01924 0.268085 0.0
1.01867 0.271272 0.0
1.01822 0.274543 0.0
1.0179 0.277854 0.0
1.01771 0.281164 0.0
1.01763 0.284433 0.0
1.01767 0.287623 0.0
1.01782 0.2907 0.0
1.01809 0.29363 0.0
1.01846 0.296382 0.0
1.01892 0.298925 0.0
1.01949 0.301234 0.0
1.02015 0.303282 0.0
1.02089 0.305048 0.0
1.02171 0.306509 0.0
1.02261 0.307648 0.0
1.02358 0.308448 0.0
1.02462 0.308895 0.0
1.0257 0.308976 0.0
1.02684 0.308681 0.0
1.02803 0.308003 0.0
1.02925 0.306935 0.0
1.0305 0.305474 0.0
1.03177 0.303616 0.0
1.03307 0.301363 0.0
1.03437 0.298715 0.0
1.03568 0.295675 0.0
1.03699 0.292248 0.0
1.03829 0.288439 0.0
1.03959 0.284256 0.0
1.04086 0.279706 0.0
1.04212 0.274797 0.0
1.04337 0.269541 0.0
1.04458 0.263946 0.0
1.04578 0.258023 0.0
1.04694 0.251784 0.0
1.04809 0.24524 0.0
1.0492 0.238404 0.0
1.0503 0.231287 0.0
1.05137 0.223902 0.0
1.05241 0.216263 0.0
1.05344 0.208383 0.0
1.05445 0.200277 0.0
1.05544 0.19196 0.0
1.05641 0.183446 0.0
1.05737 0.174753 0.0
1.05831 0.165897 0.0
1.05924 0.156895 0.0
1.06015 0.147766 0.0
1.06104 0.138528 0.0
1.06192 0.129201 0.0
1.06278 0.119803 0.0
1.06362 0.110353 0.0
1.06444 0.100872 0.0
1.06524 0.0913768 0.0
1.06601 0.0818878 0.0
1.06676 0.0724228 0.0
1.06748 0.0629996 0.0
1.06818 0.0536354 0.0
1.06884 0.044347 0.0
1.06948 0.0351502 0.0
1.07008 0.0260605 0.0
1.07066 0.0170926 0.0
1.0712 0.00826036 0.0
1.07171 -0.000423455 0.0
1.07218 -0.0089475 0.0
1.07261 -0.0173004 0.0
1.07302 -0.0254708 0.0
1.07338 -0.0334472 0.0
1.07371 -0.0412183 0.0
1.074 -0.048773 0.0
1.07425 -0.0560979 0.0
1.07447 -0.0631481 0.0
1.07464 -0.0694711 0.0
0.999999 0.00475238 0.0
0.999997 0.0142948 0.0
0.999994 0.0238737 0.0
0.999988 0.0334882 0.0
0.99998 0.0431373 0.0
0.99997 0.0528202 0.0
0.999959 0.0625359 0.0
0.999946 0.0722834 0.0
0.999932 0.0820615 0.0
0.999916 0.091869 0.0
0.9999 0.101705 0.0
0.999883 0.111566 0.0
0.999865 0.121453 0.0
0.999848 0.131362 0.0
0.999831 0.141291 0.0
0.999814 0.151238 0.0
0.999799 0.1612 0.0
0.999785 0.171173 0.0
0.999773 0.181154 0.0
0.999763 0.19114 0.0
0.999757 0.201126 0.0
0.999754 0.211107 0.0
0.999754 0.221079 0.0
0.999759 0.231036 0.0
0.999769 0.240973 0.0
0.999784 0.250884 0.0
0.999804 0.260764 0.0
0.99983 0.270604 0.0
0.999862 0.2804 0.0
0.9999 0.290144 0.0
0.999945 0.299828 0.0
0.999995 0.309447 0.0
1.00005 0.318992 0.0
1.00011 0.328456 0.0
1.00018 0.337833 0.0
1.00026 0.347115 0.0
1.00034 0.356295 0.0
1.00042 0.365367 0.0
1.0005 0.374325 0.0
1.00059 0.383162 0.0
1.00068 0.391873 0.0
1.00077 0.400455 0.0
1.00086 0.408901 0.0
1.00095 0.417209 0.0
1.00104 0.425375 0.0
1.00112 0.433398 0.0
1.0012 0.441275 0.0
1.00128 0.449005 0.0
1.00135 0.456588 0.0
1.00141 0.464023 0.0
1.00147 0.471312 0.0
1.00153 0.478454 0.0
1.00158 0.48545 0.0
1.00162 0.492302 0.0
1.00167 0.499009 0.0
1.00171 0.505572 0.0
1.00176 0.511991 0.0
1.00182 0.518262 0.0
1.00188 0.524385 0.0
1.00197 0.530354 0.0
1.00207 0.536164 0.0
1.0022 0.541807 0.0
1.00237 0.547271 0.0
1.00257 0.552544 0.0
1.00283 0.55761 0.0
1.00314 0.562448 0.0
1.00353 0.567036 0.0
1.00398 0.571347 0.0
1.00453 0.575351 0.0
1.00517 0.579012 0.0
1.00592 0.582293 0.0
1.00678 0.585151 0.0
1.00776 0.587541 0.0
1.00887 0.589414 0.0
1.01011 0.590719 0.0
1.01149 0.591403 0.0
1.013 0.591412 0.0
1.01465 0.590692 0.0
1.01643 0.589192 0.0
1.01832 0.586864 0.0
1.02033 0.583664 0.0
1.02244 0.579554 0.0
1.02463 0.574507 0.0
1.02687 0.568503 0.0
1.02915 0.561535 0.0
1.03143 0.553609 0.0
1.0337 0.544745 0.0
1.03592 0.534977 0.0
1.03807 0.524354 0.0
1.04011 0.512941 0.0
1.04203 0.500814 0.0
1.04378 0.488065 0.0
1.04535 0.474794 0.0
1.04672 0.461113 0.0
1.04788 0.447139 0.0
1.0488 0.432995 0.0
1.04949 0.418802 0.0
1.04994 0.404685 0.0
1.05015 0.390763 0.0
1.05013 0.377148 0.0
1.04989 0.363947 0.0
1.04944 0.351257 0.0
1.0488 0.339164 0.0
1.04799 0.327741 0.0
1.04703 0.317051 0.0
1.04593 0.307143 0.0
1.04473 0.298056 0.0
1.04344 0.289814 0.0
1.04209 0.282432 0.0
1.04069 0.275914 0.0
1.03926 0.270254 0.0
1.03783 0.265436 0.0
1.03641 0.261439 0.0
1.035 0.258234 0.0
1.03363 0.255785 0.0
1.0323 0.254053 0.0
1.03103 0.252995 0.0
1.02982 0.252565 0.0
1.02868 0.252713 0.0
1.0276 0.253389 0.0
1.02661 0.254543 0.0
1.02569 0.256123 0.0
1.02486 0.258077 0.0
1.02411 0.260354 0.0
1.02345 0.262904 0.0
1.02287 0.265678 0.0
1.02238 0.268628 0.0
1.02198 0.271707 0.0
1.02166 0.274871 0.0
1.02143 0.278077 0.0
1.02128 0.281284 0.0
1.02122 0.284452 0.0
1.02124 0.287545 0.0
1.02134 0.290526 0.0
1.02151 0.293363 0.0
1.02177 0.296025 0.0
1.0221 0.298482 0.0
1.0225 0.300708 0.0
1.02298 0.302678 0.0
1.02351 0.304369 0.0
1.02412 0.305761 0.0
1.02478 0.306834 0.0
1.0255 0.307574 0.0
1.02627 0.307965 0.0
1.02709 0.307996 0.0
1.02796 0.307657 0.0
1.02886 0.306939 0.0
1.02981 0.305837 0.0
1.03078 0.304348 0.0
1.03178 0.302468 0.0
1.0328 0.300197 0.0
1.03384 0.297537 0.0
1.03489 0.29449 0.0
1.03596 0.29106 0.0
1.03703 0.287253 0.0
1.0381 0.283075 0.0
1.03918 0.278533 0.0
1.04025 0.273636 0.0
1.04132 0.268393 0.0
1.04238 0.262814 0.0
1.04343 0.256907 0.0
1.04448 0.250685 0.0
1.04552 0.244159 0.0
1.04655 0.237339 0.0
1.04757 0.230239 0.0
1.04858 0.22287 0.0
1.04958 0.215245 0.0
1.05057 0.20738 0.0
1.05156 0.199286 0.0
1.05254 0.190981 0.0
1.05351 0.18248 0.0
1.05448 0.173798 0.0
1.05543 0.164954 0.0
1.05638 0.155965 0.0
1.05731 0.14685 0.0
1.05824 0.137626 0.0
1.05915 0.128315 0.0
1.06004 0.118934 0.0
1.06092 0.109504 0.0
1.06178 0.100043 0.0
1.06261 0.0905704 0.0
1.06343 0.0811053 0.0
1.06422 0.0716656 0.0
1.06499 0.062269 0.0
1.06573 0.0529325 0.0
1.06644 0.0436728 0.0
1.06712 0.0345059 0.0
1.06777 0.025447 0.0
1.06839 0.0165112 0.0
1.06898 0.00771257 0.0
1.06954 -0.000935898 0.0
1.07005 -0.00942351 0.0
1.07053 -0.0177395 0.0
1.07097 -0.0258727 0.0
1.07137 -0.0338114 0.0
1.07173 -0.0415442 0.0
1.07206 -0.0490597 0.0
1.07234 -0.0563445 0.0
1.07258 -0.0633541 0.0
1.07277 -0.069639 0.0
0.999999 0.00475367 0.0
0.999996 0.0142985 0.0
0.99999 0.0238799 0.0
0.999981 0.0334968 0.0
0.999969 0.0431484 0.0
0.999954 0.0528336 0.0
0.999937 0.0625515 0.0
0.999916 0.0723012 0.0
0.999893 0.0820814 0.0
0.999866 0.0918908 0.0
0.999838 0.101728 0.0
0.999806 0.111592 0.0
0.999772 0.121479 0.0
0.999736 0.13139 0.0
0.999697 0.14132 0.0
0.999656 0.151267 0.0
0.999614 0.161229 0.0
0.99957 0.171202 0.0
0.999524 0.181183 0.0
0.999477 0.191168 0.0
0.999428 0.201153 0.0
0.999379 0.211132 0.0
0.999329 0.221102 0.0
0.999278 0.231058 0.0
0.999227 0.240992 0.0
0.999176 0.250901 0.0
0.999125 0.260778 0.0
0.999074 0.270615 0.0
0.999024 0.280408 0.0
0.998974 0.290148 0.0
0.998924 0.299829 0.0
0.998875 0.309444 0.0
0.998826 0.318986 0.0
0.998779 0.328447 0.0
0.998731 0.337821 0.0
0.998684 0.3471 0.0
0.998638 0.356278 0.0
0.998592 0.365348 0.0
0.998545 0.374304 0.0
0.998499 0.38314 0.0
0.998452 0.391852 0.0
0.998405 0.400433 0.0
0.998357 0.40888 0.0
0.998307 0.417189 0.0
0.998257 0.425358 0.0
0.998206 0.433383 0.0
0.998153 0.441262 0.0
0.998099 0.448996 0.0
0.998044 0.456582 0.0
0.997989 0.46402 0.0
0.997934 0.471311 0.0
0.997879 0.478455 0.0
0.997826 0.485452 0.0
0.997776 0.492303 0.0
0.997731 0.499008 0.0
0.997692 0.505567 0.0
0.997662 0.511978 0.0
0.997642 0.518239 0.0
0.997637 0.524347 0.0
0.997649 0.530298 0.0
0.997682 0.536084 0.0
0.997741 0.541698 0.0
0.997829 0.547127 0.0
0.997951 0.552359 0.0
0.998114 0.557376 0.0
0.998321 0.562159 0.0
0.99858 0.566684 0.0
0.998896 0.570924 0.0
0.999275 0.574849 0.0
0.999722 0.578424 0.0
1.00025 0.581612 0.0
1.00085 0.58437 0.0
1.00154 0.586653 0.0
1.00231 0.588415 0.0
1.00318 0.589606 0.0
1.00415 0.590173 0.0
1.00521 0.590066 0.0
1.00637 0.589232 0.0
1.00762 0.587624 0.0
1.00896 0.585193 0.0
1.01039 0.581901 0.0
1.01188 0.577712 0.0
1.01345 0.5726 0.0
1.01506 0.566549 0.0
1.01672 0.559554 0.0
1.0184 0.551622 0.0
1.02009 0.542774 0.0
1.02177 0.533046 0.0
1.02342 0.522487 0.0
1.02503 0.511159 0.0
1.02657 0.499141 0.0
1.02803 0.48652 0.0
1.0294 0.473397 0.0
1.03066 0.459878 0.0
1.03181 0.446079 0.0
1.03282 0.432117 0.0
1.0337 0.418113 0.0
1.03444 0.404186 0.0
1.03504 0.390451 0.0
1.03549 0.377019 0.0
1.03582 0.363993 0.0
1.03601 0.351467 0.0
1.03608 0.339523 0.0
1.03604 0.328236 0.0
1.03589 0.317666 0.0
1.03565 0.307862 0.0
1.03533 0.298862 0.0
1.03494 0.290691 0.0
1.03448 0.283364 0.0
1.03398 0.276885 0.0
1.03344 0.27125 0.0
1.03287 0.266444 0.0
1.03227 0.262448 0.0
1.03167 0.259232 0.0
1.03106 0.256764 0.0
1.03046 0.255005 0.0
1.02986 0.253913 0.0
1.02928 0.253441 0.0
1.02872 0.253544 0.0
1.02818 0.25417 0.0
1.02767 0.25527 0.0
1.02718 0.256793 0.0
1.02674 0.258687 0.0
1.02633 0.260903 0.0
1.02595 0.26339 0.0
1.02562 0.2661 0.0
1.02533 0.268985 0.0
1.02509 0.271998 0.0
1.02489 0.275096 0.0
1.02474 0.278235 0.0
1.02464 0.281375 0.0
1.02459 0.284477 0.0
1.02459 0.287504 0.0
1.02463 0.29042 0.0
1.02473 0.293193 0.0
1.02488 0.295791 0.0
1.02508 0.298187 0.0
1.02533 0.300352 0.0
1.02563 0.302263 0.0
1.02597 0.303898 0.0
1.02637 0.305235 0.0
1.02681 0.306256 0.0
1.0273 0.306946 0.0
1.02782 0.307291 0.0
1.0284 0.307278 0.0
1.029 0.306899 0.0
1.02965 0.306144 0.0
1.03033 0.305009 0.0
1.03105 0.303489 0.0
1.03179 0.301582 0.0
1.03257 0.299288 0.0
1.03336 0.296608 0.0
1.03419 0.293544 0.0
1.03503 0.2901 0.0
1.03589 0.286282 0.0
1.03676 0.282096 0.0
1.03765 0.277548 0.0
1.03856 0.272647 0.0
1.03947 0.267401 0.0
1.04039 0.26182 0.0
1.04133 0.255914 0.0
1.04226 0.249693 0.0
1.04321 0.243168 0.0
1.04416 0.23635 0.0
1.04512 0.229252 0.0
1.04608 0.221885 0.0
1.04704 0.214263 0.0
1.04801 0.2064 0.0
1.04897 0.19831 0.0
1.04994 0.190009 0.0
1.05091 0.181511 0.0
1.05188 0.172835 0.0
1.05284 0.163997 0.0
1.0538 0.155016 0.0
1.05476 0.14591 0.0
1.05571 0.136697 0.0
1.05664 0.127399 0.0
1.05756 0.118032 0.0
1.05847 0.108619 0.0
1.05937 0.0991762 0.0
1.06024 0.0897242 0.0
1.0611 0.0802811 0.0
1.06193 0.0708652 0.0
1.06274 0.0614938 0.0
1.06352 0.0521841 0.0
1.06428 0.0429524 0.0
1.06501 0.0338149 0.0
1.06571 0.0247869 0.0
1.06637 0.0158834 0.0
1.06701 0.00711901 0.0
1.0676 -0.00149266 0.0
1.06816 -0.00994176 0.0
1.06868 -0.0182186 0.0
1.06916 -0.0263121 0.0
1.0696 -0.0342106 0.0
1.06999 -0.0419023 0.0
1.07035 -0.0493757 0.0
1.07065 -0.0566175 0.0
1.07092 -0.0635838 0.0
1.07114 -0.0698294 0.0
0.999999 0.00475541 0.0
0.999995 0.0143037 0.0
0.999988 0.0238884 0.0
0.999976 0.0335087 0.0
0.999961 0.0431636 0.0
0.999942 0.0528523 0.0
0.999919 0.0625736 0.0
0.999892 0.0723267 0.0
0.999861 0.0821103 0.0
0.999825 0.0919232 0.0
0.999786 0.101764 0.0
0.999743 0.111631 0.0
0.999695 0.121522 0.0
0.999644 0.131435 0.0
0.999587 0.141369 0.0
0.999527 0.151319 0.0
0.999462 0.161284 0.0
0.999392 0.171261 0.0
0.999318 0.181245 0.0
0.99924 0.191232 0.0
0.999156 0.20122 0.0
0.999068 0.211202 0.0
0.998976 0.221175 0.0
0.998879 0.231133 0.0
0.998777 0.24107 0.0
0.99867 0.250981 0.0
0.998559 0.26086 0.0
0.998443 0.2707 0.0
0.998323 0.280494 0.0
0.998198 0.290236 0.0
0.998068 0.29992 0.0
0.997934 0.309537 0.0
0.997796 0.31908 0.0
0.997654 0.328543 0.0
0.997507 0.337918 0.0
0.997357 0.347199 0.0
0.997204 0.356379 0.0
0.997047 0.36545 0.0
0.996887 0.374408 0.0
0.996725 0.383245 0.0
0.99656 0.391958 0.0
0.996393 0.400541 0.0
0.996225 0.408989 0.0
0.996056 0.417299 0.0
0.995887 0.425468 0.0
0.995717 0.433493 0.0
0.995549 0.441373 0.0
0.995383 0.449105 0.0
0.995219 0.45669 0.0
0.995058 0.464127 0.0
0.994902 0.471415 0.0
0.994752 0.478556 0.0
0.994608 0.485548 0.0
0.994472 0.492393 0.0
0.994346 0.49909 0.0
0.994231 0.505639 0.0
0.994128 0.512038 0.0
0.99404 0.518286 0.0
0.993968 0.524378 0.0
0.993914 0.530309 0.0
0.993881 0.536073 0.0
0.993871 0.541661 0.0
0.993885 0.547061 0.0
0.993928 0.55226 0.0
0.994001 0.55724 0.0
0.994107 0.561981 0.0
0.994249 0.566461 0.0
0.99443 0.570651 0.0
0.994653 0.574521 0.0
0.994921 0.578037 0.0
0.995237 0.581161 0.0
0.995603 0.583851 0.0
0.996022 0.586064 0.0
0.996497 0.587752 0.0
0.997029 0.588866 0.0
0.997622 0.589355 0.0
0.998275 0.589169 0.0
0.99899 0.588257 0.0
0.999767 0.586571 0.0
1.00061 0.584067 0.0
1.00151 0.580705 0.0
1.00246 0.576452 0.0
1.00348 0.571283 0.0
1.00454 0.565184 0.0
1.00566 0.55815 0.0
1.00681 0.55019 0.0
1.008 0.541327 0.0
1.00922 0.531595 0.0
1.01046 0.521045 0.0
1.01172 0.509741 0.0
1.01298 0.497758 0.0
1.01423 0.485185 0.0
1.01547 0.472121 0.0
1.01669 0.458673 0.0
1.01788 0.444953 0.0
1.01903 0.431078 0.0
1.02014 0.417167 0.0
1.02119 0.403338 0.0
1.02219 0.389703 0.0
1.02312 0.376372 0.0
1.02399 0.363447 0.0
1.02479 0.351019 0.0
1.02553 0.33917 0.0
1.02618 0.327974 0.0
1.02677 0.317489 0.0
1.02729 0.307764 0.0
1.02773 0.298836 0.0
1.02811 0.290731 0.0
1.02843 0.283462 0.0
1.02868 0.277035 0.0
1.02888 0.271444 0.0
1.02903 0.266677 0.0
1.02912 0.262712 0.0
1.02917 0.259522 0.0
1.02918 0.257073 0.0
1.02915 0.255327 0.0
1.0291 0.254243 0.0
1.02901 0.253776 0.0
1.02891 0.253877 0.0
1.02879 0.254499 0.0
1.02865 0.25559 0.0
1.0285 0.2571 0.0
1.02835 0.258979 0.0
1.0282 0.261175 0.0
1.02805 0.263641 0.0
1.0279 0.266326 0.0
1.02777 0.269183 0.0
1.02764 0.272167 0.0
1.02753 0.275234 0.0
1.02744 0.27834 0.0
1.02737 0.281445 0.0
1.02732 0.28451 0.0
1.02729 0.287499 0.0
1.0273 0.290376 0.0
1.02732 0.293109 0.0
1.02738 0.295667 0.0
1.02747 0.298022 0.0
1.02759 0.300146 0.0
1.02775 0.302016 0.0
1.02794 0.303608 0.0
1.02816 0.304904 0.0
1.02842 0.305885 0.0
1.02872 0.306535 0.0
1.02905 0.306841 0.0
1.02942 0.30679 0.0
1.02982 0.306373 0.0
1.03026 0.305583 0.0
1.03074 0.304414 0.0
1.03125 0.302861 0.0
1.03179 0.300923 0.0
1.03236 0.298599 0.0
1.03297 0.295891 0.0
1.03361 0.292801 0.0
1.03428 0.289333 0.0
1.03497 0.285492 0.0
1.0357 0.281285 0.0
1.03645 0.276718 0.0
1.03722 0.271799 0.0
1.03802 0.266537 0.0
1.03884 0.260941 0.0
1.03968 0.255021 0.0
1.04055 0.248787 0.0
1.04143 0.24225 0.0
1.04232 0.235421 0.0
1.04323 0.228313 0.0
1.04416 0.220938 0.0
1.0451 0.213309 0.0
1.04605 0.205439 0.0
1.04701 0.197345 0.0
1.04797 0.189039 0.0
1.04894 0.18054 0.0
1.04992 0.171864 0.0
1.0509 0.163027 0.0
1.05187 0.154049 0.0
1.05285 0.144948 0.0
1.05381 0.135744 0.0
1.05478 0.126455 0.0
1.05573 0.1171 0.0
1.05667 0.107701 0.0
1.05759 0.0982745 0.0
1.0585 0.0888409 0.0
1.0594 0.0794182 0.0
1.06027 0.0700246 0.0
1.06111 0.0606775 0.0
1.06194 0.0513939 0.0
1.06273 0.0421902 0.0
1.0635 0.0330823 0.0
1.06423 0.0240856 0.0
1.06494 0.0152153 0.0
1.0656 0.00648583 0.0
1.06624 -0.00208857 0.0
1.06683 -0.0104987 0.0
1.06738 -0.0187355 0.0
1.0679 -0.0267878 0.0
1.06837 -0.0346439 0.0
1.0688 -0.0422918 0.0
1.06918 -0.0497201 0.0
1.06951 -0.0569155 0.0
1.0698 -0.0638348 0.0
1.07004 -0.0700368 0.0
SCALARS vorticity double
LOOKUP_TABLE default
0.137463 0.276183 0.278714 0.281287 0.283924 0.286641 0.28946 0.292399 0.295479 0.298722 0.30215 0.305786 0.309653 0.313776 0.318181 0.322892 0.327935 0.333335 0.339119 0.345312 0.351936 0.359017 0.366576 0.374632 0.383206 0.392313 0.401966 0.412177 0.422952 0.434297 0.446212 0.458692 0.471729 0.48531 0.499419 0.51403 0.529118 0.544646 0.560578 0.576866 0.593462 0.61031 0.627347 0.644507 0.66172 0.678908 0.695992 0.712887 0.729507 0.745761 0.761558 0.776805 0.791407 0.805271 0.818304 0.830416 0.841516 0.851519 0.860343 0.86791 0.874147 0.878987 0.882368 0.884238 0.884548 0.883261 0.880345 0.87578 0.869552 0.861659 0.852108 0.840916 0.828112 0.813732 0.797826 0.78045 0.761675 0.741577 0.720242 0.697765 0.674247 0.649797 0.624527 0.598555 0.572001 0.544987 0.517634 0.490066 0.4624 0.434753 0.407237 0.379959 0.353018 0.326508 0.300513 0.275109 0.250364 0.226336 0.203071 0.180607 0.158972 0.138181 0.118241 0.0991473 0.0808858 0.0634316 0.0467499 0.0307962 0.0155166 0.000847775 -0.0132826 -0.0269555 -0.0402606 -0.0532956 -0.0661663 -0.0789858 -0.0918749 -0.104961 -0.118379 -0.132268 -0.146775 -0.162051 -0.178253 -0.19554 -0.214075 -0.234023 -0.255551 -0.278824 -0.304007 -0.331258 -0.360731 -0.392571 -0.426911 -0.463867 -0.503535 -0.545987 -0.591264 -0.63937 -0.690265 -0.743862 -0.800015 -0.858518 -0.919098 -0.981414 -1.04506 -1.10955 -1.17437 -1.23895 -1.30269 -1.365 -1.42532 -1.48312 -1.53795 -1.58946 -1.63735 -1.68144 -1.72155 -1.75753 -1.78913 -1.81599 -1.83751 -1.85281 -1.86073 -1.85977 -1.84823 -1.8243 -1.78628 -1.73286 -1.66348 -1.57859 -1.48103 -1.37579 -1.26394 -1.14215 -1.00726 -0.857007 -0.690259 -0.507145 -0.309015 -0.0983188 0.121562 0.346506 0.571841 0.792521 1.00331 1.19897 1.37442 1.52498 1.64653 1.73569 1.79001 1.80807 1.78956 1.73532 1.64722 1.52811 1.38174 1.2139 1.04164 0.948492 
0.137344 0.275953 0.278501 0.281096 0.283756 0.286496 0.289331 0.292276 0.295346 0.298555 0.301918 0.30545 0.309167 0.313084 0.317218 0.321584 0.3262 0.331083 0.336249 0.341717 0.347504 0.353626 0.3601 0.366944 0.374173 0.381803 0.389849 0.398324 0.407241 0.416611 0.426444 0.436749 0.44753 0.458791 0.470533 0.482753 0.495444 0.508597 0.522197 0.536223 0.550652 0.565452 0.580586 0.596012 0.61168 0.627534 0.643509 0.659537 0.675542 0.69144 0.707144 0.722562 0.737596 0.752145 0.766108 0.77938 0.791857 0.803436 0.814014 0.823494 0.831782 0.838789 0.844433 0.848639 0.85134 0.852477 0.852003 0.849879 0.846078 0.840584 0.833391 0.824506 0.813948 0.801747 0.787944 0.772593 0.755758 0.737512 0.717939 0.697132 0.675191 0.652224 0.628343 0.603666 0.578314 0.55241 0.526077 0.499439 0.472617 0.445729 0.41889 0.39221 0.36579 0.339727 0.314109 0.289016 0.264518 0.240676 0.217543 0.195158 0.173552 0.152747 0.132752 0.113567 0.0951811 0.0775736 0.0607136 0.0445605 0.0290643 0.0141653 -0.000205119 -0.0141243 -0.0276783 -0.0409613 -0.0540757 -0.0671314 -0.0802459 -0.0935434 -0.107155 -0.121219 -0.135877 -0.151278 -0.167576 -0.184927 -0.203492 -0.223434 -0.244916 -0.268101 -0.293151 -0.320222 -0.349467 -0.381027 -0.415032 -0.451598 -0.490818 -0.532763 -0.57747 -0.624941 -0.675136 -0.727964 -0.783275 -0.84086 -0.900439 -0.961664 -1.02411 -1.0873 -1.15067 -1.21364 -1.27556 -1.3358 -1.39372 -1.44871 -1.5002 -1.54768 -1.59065 -1.62866 -1.66121 -1.68769 -1.70734 -1.71912 -1.72164 -1.71317 -1.69157 -1.65445 -1.59934 -1.52396 -1.42663 -1.30671 -1.16501 -1.00412 -0.829156 -0.646738 -0.459596 -0.265931 -0.0634205 0.149846 0.374979 0.61204 0.859939 1.11647 1.3784 1.64169 1.90161 2.15301 2.39047 2.60854 2.80198 2.96594 3.09621 3.18943 3.24329 3.25665 3.22966 3.1638 3.06182 2.92763 2.76629 2.58498 2.40183 2.29511 
0.137233 0.275736 0.278294 0.280899 0.283569 0.286318 0.289163 0.292115 0.29519 0.298399 0.301754 0.305266 0.308949 0.312812 0.316867 0.321124 0.325593 0.330286 0.335211 0.340379 0.345798 0.35148 0.357431 0.363662 0.37018 0.376995 0.384116 0.391549 0.399305 0.407391 0.415816 0.424588 0.433715 0.443206 0.453067 0.463306 0.473926 0.484934 0.496329 0.508112 0.520278 0.532819 0.545724 0.558973 0.572545 0.586407 0.600524 0.614851 0.629333 0.643911 0.658516 0.673069 0.687487 0.701677 0.715542 0.728979 0.74188 0.754135 0.765633 0.776263 0.785913 0.794478 0.801856 0.807949 0.812669 0.815936 0.817678 0.817838 0.816366 0.813226 0.808396 0.801865 0.793638 0.783731 0.772173 0.759009 0.744293 0.728091 0.710483 0.691556 0.671406 0.650139 0.627866 0.604703 0.58077 0.556192 0.531093 0.505596 0.479825 0.4539 0.427938 0.40205 0.376342 0.350913 0.325853 0.301246 0.277164 0.253674 0.230829 0.208675 0.187245 0.166564 0.146646 0.127493 0.109099 0.0914477 0.0745108 0.0582519 0.0426244 0.0275724 0.013031 -0.00107371 -0.0148242 -0.0283114 -0.041634 -0.0548987 -0.0682197 -0.0817179 -0.0955215 -0.109764 -0.124587 -0.140135 -0.156557 -0.174009 -0.192647 -0.212631 -0.234121 -0.257277 -0.282258 -0.309217 -0.338303 -0.369653 -0.403394 -0.439638 -0.478473 -0.519964 -0.564147 -0.611015 -0.660523 -0.712572 -0.767005 -0.823601 -0.882069 -0.942044 -1.00309 -1.06468 -1.12625 -1.18715 -1.2467 -1.30417 -1.35884 -1.40996 -1.4568 -1.49861 -1.53463 -1.56404 -1.58591 -1.59915 -1.60242 -1.59413 -1.5724 -1.53515 -1.48025 -1.40575 -1.31023 -1.19317 -1.0553 -0.898833 -0.727472 -0.546137 -0.360575 -0.175663 0.00811607 0.194258 0.386825 0.589186 0.803568 1.03082 1.27038 1.52035 1.77774 2.03861 2.29832 2.55177 2.79354 3.01815 3.22026 3.39488 3.5376 3.64476 3.7137 3.74282 3.73178 3.68151 3.59419 3.47322 3.32322 3.15103 2.97356 2.85511 
0.13713 0.27553 0.278087 0.28069 0.283356 0.286102 0.288942 0.29189 0.294959 0.298161 0.301508 0.305009 0.308676 0.312518 0.316543 0.32076 0.325175 0.329795 0.334625 0.339671 0.344936 0.350424 0.356137 0.362077 0.368245 0.374643 0.381272 0.388131 0.395222 0.402545 0.410103 0.417898 0.425932 0.43421 0.442737 0.451519 0.460561 0.469873 0.479462 0.489335 0.499501 0.509965 0.520731 0.531802 0.543176 0.554846 0.566801 0.579021 0.591483 0.604152 0.616987 0.629936 0.642938 0.655923 0.668812 0.681518 0.693943 0.705986 0.717539 0.728487 0.738718 0.748113 0.75656 0.763945 0.770163 0.775111 0.778699 0.780843 0.781473 0.780528 0.777965 0.77375 0.767867 0.760313 0.751102 0.740259 0.727825 0.713856 0.698418 0.681589 0.663461 0.64413 0.623703 0.602294 0.58002 0.557003 0.533366 0.509235 0.484732 0.45998 0.435095 0.410193 0.38538 0.360759 0.336423 0.312459 0.288943 0.265944 0.24352 0.22172 0.200582 0.180134 0.160393 0.141367 0.123054 0.105439 0.0885004 0.0722048 0.0565098 0.0413633 0.0267044 0.0124629 -0.00143977 -0.0150907 -0.0285852 -0.0420261 -0.055524 -0.0691965 -0.083168 -0.0975693 -0.112537 -0.128214 -0.144745 -0.162283 -0.180981 -0.200995 -0.222481 -0.245598 -0.270499 -0.297334 -0.326247 -0.357374 -0.390837 -0.426741 -0.465172 -0.506189 -0.549821 -0.596058 -0.644844 -0.696072 -0.749577 -0.805123 -0.862406 -0.921041 -0.980563 -1.04042 -1.1 -1.1586 -1.21545 -1.26974 -1.3206 -1.36711 -1.40833 -1.44322 -1.47071 -1.48958 -1.49852 -1.49602 -1.48045 -1.45007 -1.40317 -1.33825 -1.25429 -1.15105 -1.02939 -0.891399 -0.740416 -0.580737 -0.41704 -0.253633 -0.0936943 0.0612507 0.213171 0.367559 0.530251 0.705633 0.896341 1.10323 1.32555 1.56117 1.80688 2.05861 2.3117 2.56104 2.80127 3.02696 3.23283 3.41392 3.56579 3.68473 3.76792 3.81355 3.82092 3.79051 3.72394 3.62397 3.4945 3.34154 3.1792 3.04794 
0.137044 0.275355 0.277908 0.280505 0.283163 0.2859 0.288729 0.291666 0.294722 0.297911 0.301244 0.30473 0.308381 0.312204 0.316209 0.320401 0.324786 0.32937 0.334157 0.339147 0.344343 0.349744 0.355349 0.361155 0.367158 0.373353 0.379734 0.386296 0.393032 0.399935 0.406999 0.414218 0.421587 0.429103 0.436763 0.444566 0.452514 0.460611 0.468861 0.477273 0.485855 0.494618 0.503573 0.512732 0.522107 0.531706 0.541536 0.551602 0.561901 0.572427 0.583164 0.59409 0.605173 0.616372 0.627634 0.638899 0.650092 0.661132 0.671927 0.682376 0.692373 0.701805 0.710557 0.718513 0.725555 0.73157 0.736451 0.740095 0.74241 0.743315 0.74274 0.74063 0.736944 0.731656 0.724755 0.716248 0.706156 0.694516 0.681378 0.666806 0.650878 0.63368 0.615312 0.595878 0.57549 0.554266 0.532325 0.50979 0.486784 0.463428 0.43984 0.416134 0.392422 0.368806 0.345383 0.322242 0.299463 0.277118 0.25527 0.23397 0.213261 0.193174 0.173732 0.154947 0.136819 0.11934 0.102491 0.0862438 0.0705596 0.0553908 0.0406807 0.0263633 0.012364 -0.00140017 -0.0150205 -0.0285959 -0.0422332 -0.0560461 -0.0701552 -0.0846876 -0.0997764 -0.11556 -0.132181 -0.149787 -0.168529 -0.188558 -0.210028 -0.233092 -0.2579 -0.284599 -0.313329 -0.34422 -0.377389 -0.412939 -0.450949 -0.491473 -0.534532 -0.580109 -0.628142 -0.678512 -0.731042 -0.785483 -0.841509 -0.898712 -0.956595 -1.01457 -1.07196 -1.12798 -1.18179 -1.23243 -1.27887 -1.31999 -1.35458 -1.38135 -1.39888 -1.40568 -1.40016 -1.38073 -1.34585 -1.29425 -1.2251 -1.13829 -1.03469 -0.916331 -0.786417 -0.649134 -0.509165 -0.37098 -0.238017 -0.111961 0.00767321 0.123278 0.238927 0.360764 0.495193 0.646584 0.817105 1.00698 1.21484 1.43813 1.67335 1.91635 2.16249 2.40679 2.64402 2.86893 3.07637 3.26147 3.41991 3.54799 3.6429 3.70274 3.72666 3.71487 3.66864 3.59024 3.48299 3.35197 3.20764 3.06094 
0.136975 0.275216 0.277765 0.280355 0.283004 0.285729 0.288546 0.291469 0.29451 0.297682 0.300996 0.304464 0.308094 0.311897 0.315879 0.320048 0.324409 0.328966 0.333722 0.338678 0.343835 0.34919 0.354739 0.360477 0.366398 0.372493 0.378753 0.385165 0.391718 0.3984 0.405197 0.412097 0.419086 0.426153 0.433286 0.440478 0.447721 0.455011 0.462345 0.469725 0.477155 0.484641 0.492194 0.499827 0.507553 0.515389 0.523352 0.531457 0.539718 0.548149 0.556755 0.56554 0.574499 0.583618 0.592876 0.60224 0.611668 0.621105 0.630487 0.639735 0.648765 0.657481 0.665779 0.673549 0.680679 0.687054 0.692558 0.69708 0.700513 0.702759 0.703728 0.703342 0.701537 0.698263 0.693486 0.687186 0.679361 0.670025 0.659209 0.646957 0.633328 0.618394 0.602239 0.584956 0.566647 0.547422 0.527392 0.506676 0.485392 0.463658 0.441591 0.419306 0.396912 0.374514 0.352211 0.330093 0.308244 0.286738 0.265642 0.24501 0.224889 0.205316 0.186315 0.167904 0.150088 0.132863 0.116215 0.100118 0.0845403 0.0694379 0.0547584 0.0404403 0.0264137 0.0125996 -0.00108869 -0.0147461 -0.0284749 -0.0423849 -0.0565927 -0.0712212 -0.0863995 -0.102262 -0.118948 -0.1366 -0.155365 -0.175391 -0.196828 -0.219825 -0.244527 -0.271077 -0.29961 -0.330252 -0.363116 -0.398298 -0.435872 -0.475886 -0.518353 -0.563249 -0.610501 -0.659979 -0.711492 -0.764772 -0.819472 -0.875152 -0.931277 -0.987206 -1.04219 -1.09536 -1.14575 -1.19225 -1.23364 -1.26861 -1.29568 -1.31332 -1.3199 -1.31378 -1.29341 -1.25744 -1.20496 -1.13568 -1.05024 -0.950368 -0.839006 -0.720211 -0.598824 -0.47986 -0.367725 -0.265363 -0.173577 -0.0907148 -0.0128467 0.0655266 0.149956 0.246014 0.359194 0.493095 0.648949 0.826143 1.02271 1.23575 1.46168 1.69646 1.93566 2.17456 2.4082 2.63157 2.8397 3.02788 3.19186 3.32798 3.43342 3.50623 3.54544 3.55108 3.52416 3.46658 3.38121 3.27227 3.14605 2.98164 
0.136929 0.275122 0.277666 0.280248 0.282888 0.285601 0.288404 0.291311 0.294335 0.297488 0.300783 0.304229 0.307837 0.311616 0.315574 0.319718 0.324052 0.328582 0.333311 0.338238 0.343363 0.348684 0.354197 0.359894 0.365767 0.371807 0.378 0.384334 0.390792 0.397358 0.404014 0.410742 0.417523 0.424338 0.43117 0.438001 0.444816 0.451602 0.458348 0.465047 0.471693 0.478286 0.48483 0.491331 0.497799 0.50425 0.510699 0.517168 0.523677 0.530248 0.536902 0.543658 0.550532 0.557533 0.564667 0.571928 0.579305 0.586773 0.594298 0.601835 0.609324 0.616697 0.623874 0.630765 0.637271 0.643288 0.648707 0.653418 0.657309 0.660275 0.662213 0.663029 0.66264 0.660976 0.657977 0.653601 0.647821 0.640627 0.632024 0.622034 0.610694 0.598055 0.584183 0.569154 0.553056 0.535983 0.518039 0.499331 0.47997 0.460068 0.439739 0.419093 0.398238 0.377278 0.356311 0.33543 0.314718 0.294254 0.274104 0.254328 0.234976 0.216087 0.197693 0.179812 0.162455 0.145623 0.129305 0.113482 0.0981255 0.0831963 0.0686468 0.0544204 0.0404515 0.0266661 0.0129819 -0.000691329 -0.0144516 -0.028404 -0.0426607 -0.0573405 -0.0725679 -0.0884731 -0.105191 -0.12286 -0.141623 -0.161624 -0.183008 -0.205919 -0.230498 -0.256885 -0.285208 -0.31559 -0.348137 -0.382939 -0.420065 -0.459555 -0.501415 -0.545611 -0.592059 -0.640617 -0.691076 -0.743147 -0.796454 -0.850523 -0.904768 -0.958486 -1.01084 -1.06087 -1.10746 -1.14936 -1.18515 -1.21331 -1.23219 -1.24009 -1.23533 -1.21637 -1.18198 -1.13148 -1.06496 -0.983557 -0.889593 -0.786657 -0.679435 -0.573288 -0.473587 -0.384855 -0.309898 -0.249121 -0.200238 -0.1585 -0.11742 -0.0698287 -0.0094107 0.0682437 0.166652 0.28821 0.43315 0.600135 0.786805 0.990163 1.20679 1.43294 1.66458 1.89737 2.12677 2.34804 2.55647 2.74748 2.91689 3.06104 3.17703 3.26279 3.3172 3.34007 3.33215 3.29505 3.2312 3.14397 3.03523 2.85187 
0.136909 0.275082 0.27762 0.280195 0.282824 0.285525 0.288314 0.291204 0.294209 0.297343 0.300616 0.304039 0.307623 0.311377 0.315308 0.319425 0.323731 0.328233 0.332932 0.337829 0.342924 0.348215 0.353695 0.359359 0.365197 0.371198 0.377349 0.383635 0.390038 0.396539 0.403118 0.409753 0.41642 0.423098 0.429761 0.436388 0.442956 0.449443 0.455832 0.462105 0.468249 0.474254 0.480114 0.485827 0.491395 0.496826 0.502132 0.507328 0.512435 0.517475 0.522474 0.527459 0.532457 0.537493 0.54259 0.547765 0.553032 0.558393 0.563845 0.569373 0.574949 0.580535 0.586083 0.591529 0.5968 0.601814 0.606479 0.610698 0.614367 0.617382 0.619641 0.621043 0.621494 0.620907 0.619208 0.616333 0.612232 0.606871 0.600232 0.59231 0.58312 0.572688 0.561058 0.548286 0.534439 0.519595 0.503842 0.487275 0.469991 0.452094 0.433688 0.414878 0.395766 0.376454 0.357037 0.337605 0.318244 0.29903 0.280033 0.261315 0.242928 0.224914 0.207307 0.190131 0.1734 0.157119 0.141283 0.125877 0.110875 0.0962455 0.0819444 0.06792 0.0541118 0.0404504 0.0268586 0.0132508 -0.000466095 -0.0143925 -0.028636 -0.0433104 -0.0585358 -0.0744376 -0.0911462 -0.108796 -0.127524 -0.147471 -0.168776 -0.191579 -0.216017 -0.242223 -0.270322 -0.30043 -0.332649 -0.367062 -0.40373 -0.442686 -0.483929 -0.527413 -0.573042 -0.620658 -0.670032 -0.720851 -0.772705 -0.825078 -0.877326 -0.928675 -0.978199 -1.02481 -1.06727 -1.10416 -1.1339 -1.15483 -1.16518 -1.16323 -1.14745 -1.11665 -1.07025 -1.00853 -0.932882 -0.845968 -0.751772 -0.655404 -0.562644 -0.47924 -0.410017 -0.35796 -0.323498 -0.304175 -0.294851 -0.288437 -0.276991 -0.25292 -0.210075 -0.145246 -0.0570966 0.0551893 0.191023 0.348579 0.525354 0.718488 0.924903 1.14131 1.3642 1.58976 1.81389 2.03226 2.24045 2.43405 2.60893 2.7614 2.8884 2.9877 3.05789 3.09851 3.10999 3.09359 3.05131 2.98564 2.89385 2.69133 
0.136923 0.275107 0.27764 0.280206 0.282825 0.285513 0.288286 0.291159 0.294145 0.297257 0.300507 0.303906 0.307465 0.311191 0.315095 0.319182 0.323459 0.32793 0.332598 0.337464 0.342528 0.347786 0.353235 0.358866 0.364672 0.37064 0.376757 0.383006 0.389371 0.39583 0.402361 0.40894 0.415543 0.422144 0.428714 0.435227 0.441655 0.447972 0.454152 0.460172 0.46601 0.471647 0.477069 0.482263 0.487223 0.491947 0.496437 0.500701 0.504753 0.50861 0.512296 0.515836 0.51926 0.5226 0.525888 0.529155 0.532431 0.535741 0.539103 0.542531 0.546026 0.549582 0.55318 0.55679 0.56037 0.563865 0.567212 0.570333 0.573147 0.575563 0.577487 0.578824 0.579479 0.579361 0.578385 0.576475 0.573564 0.569598 0.564536 0.558353 0.551037 0.542593 0.533038 0.522405 0.510739 0.498099 0.484551 0.470173 0.455047 0.439262 0.422911 0.406088 0.388888 0.371403 0.353726 0.335942 0.318133 0.300375 0.282737 0.26528 0.248059 0.231117 0.214492 0.198209 0.182286 0.166732 0.151545 0.136715 0.122221 0.108035 0.0941191 0.0804253 0.0668984 0.0534739 0.0400795 0.0266347 0.0130515 -0.000765801 -0.0149196 -0.0295188 -0.0446787 -0.0605197 -0.0771674 -0.0947511 -0.113404 -0.133259 -0.154454 -0.177122 -0.201396 -0.227402 -0.255261 -0.285083 -0.316962 -0.350977 -0.387182 -0.4256 -0.466221 -0.508986 -0.553787 -0.600447 -0.648714 -0.698247 -0.748597 -0.799198 -0.849345 -0.898181 -0.944683 -0.987651 -1.02571 -1.0573 -1.08074 -1.09427 -1.09615 -1.08481 -1.05904 -1.01826 -0.962763 -0.893999 -0.814737 -0.72912 -0.642485 -0.560918 -0.490545 -0.436624 -0.402587 -0.389249 -0.394395 -0.412892 -0.437367 -0.459309 -0.470327 -0.463292 -0.433077 -0.377445 -0.296847 -0.192285 -0.0649794 0.082996 0.24919 0.431031 0.625897 0.831063 1.04361 1.26033 1.4777 1.69185 1.89872 2.09415 2.27408 2.43479 2.57306 2.68637 2.77299 2.83208 2.86365 2.86852 2.84823 2.80429 2.72927 2.50834 
0.136976 0.275211 0.277738 0.280296 0.282903 0.285578 0.288335 0.291189 0.294155 0.297245 0.300471 0.303844 0.307376 0.311074 0.314948 0.319004 0.32325 0.327688 0.332323 0.337156 0.342186 0.347411 0.352826 0.358424 0.364196 0.370132 0.376216 0.382432 0.388764 0.395188 0.401684 0.408225 0.414786 0.421339 0.427854 0.434301 0.44065 0.446871 0.452933 0.458808 0.464467 0.469885 0.475039 0.47991 0.48448 0.488739 0.492679 0.496298 0.4996 0.502594 0.505295 0.507723 0.509904 0.511868 0.513649 0.515282 0.516806 0.518256 0.51967 0.521077 0.522506 0.523974 0.525492 0.527061 0.52867 0.530297 0.531907 0.533456 0.534887 0.536133 0.537121 0.53777 0.537996 0.537713 0.536838 0.53529 0.532994 0.529884 0.525904 0.521009 0.515167 0.508359 0.500582 0.491843 0.482165 0.471582 0.46014 0.447895 0.434911 0.42126 0.407016 0.392262 0.37708 0.361551 0.345759 0.329782 0.313698 0.297576 0.281485 0.265482 0.249621 0.233946 0.218495 0.203296 0.188369 0.173725 0.159365 0.145283 0.131463 0.11788 0.104499 0.0912802 0.0781707 0.0651116 0.0520355 0.0388669 0.0255227 0.0119125 -0.00206094 -0.0165017 -0.0315197 -0.0472305 -0.0637543 -0.0812157 -0.099742 -0.119463 -0.140508 -0.163008 -0.187089 -0.212873 -0.240473 -0.269994 -0.301526 -0.335137 -0.370875 -0.408754 -0.448752 -0.4908 -0.53477 -0.580468 -0.627616 -0.675837 -0.724642 -0.773409 -0.821366 -0.867571 -0.910903 -0.950054 -0.983532 -1.00969 -1.02679 -1.03308 -1.02696 -1.00717 -0.973038 -0.924747 -0.863631 -0.792362 -0.715031 -0.637011 -0.564557 -0.504126 -0.461475 -0.440672 -0.443218 -0.467501 -0.508776 -0.559718 -0.611472 -0.65496 -0.682135 -0.686904 -0.665562 -0.616861 -0.542447 -0.444874 -0.326037 -0.188088 -0.033312 0.136082 0.317971 0.510225 0.710571 0.916467 1.12501 1.33294 1.53663 1.73225 1.91594 2.08397 2.23298 2.36015 2.46338 2.54134 2.59353 2.62028 2.62253 2.60072 2.54263 2.30493 
0.137077 0.27541 0.277931 0.28048 0.283076 0.285735 0.288475 0.291311 0.294255 0.297322 0.300522 0.303869 0.307371 0.31104 0.314882 0.318906 0.323118 0.327523 0.332123 0.33692 0.341915 0.347104 0.352483 0.358046 0.363783 0.369684 0.375734 0.381917 0.388216 0.394608 0.401071 0.40758 0.414108 0.420626 0.427103 0.433509 0.43981 0.445974 0.451969 0.457761 0.463318 0.46861 0.473609 0.478286 0.48262 0.486589 0.490177 0.493374 0.496171 0.498569 0.500572 0.502192 0.503445 0.504354 0.504948 0.505262 0.505331 0.505199 0.504906 0.504497 0.504012 0.503489 0.502962 0.502457 0.501991 0.501572 0.501199 0.500857 0.50052 0.500153 0.499707 0.499127 0.498348 0.497302 0.495914 0.49411 0.491818 0.488969 0.485498 0.48135 0.476477 0.470845 0.464429 0.457216 0.449207 0.440412 0.430855 0.42057 0.409599 0.397994 0.385812 0.373117 0.359974 0.346454 0.332624 0.318556 0.304315 0.289967 0.27557 0.261181 0.246848 0.232615 0.218516 0.204581 0.19083 0.177274 0.163919 0.150759 0.137782 0.124966 0.112282 0.0996899 0.0871445 0.0745907 0.0619655 0.0491985 0.0362114 0.022919 0.00922881 -0.00495782 -0.0197458 -0.0352454 -0.0515718 -0.0688442 -0.0871848 -0.106718 -0.127569 -0.149861 -0.173715 -0.199249 -0.22657 -0.255776 -0.286948 -0.32015 -0.355419 -0.392762 -0.432142 -0.473477 -0.516621 -0.561357 -0.607377 -0.65427 -0.701499 -0.748382 -0.794078 -0.837564 -0.877626 -0.912862 -0.941702 -0.962453 -0.973389 -0.972883 -0.959596 -0.932719 -0.89225 -0.839276 -0.776208 -0.706901 -0.636575 -0.571494 -0.518344 -0.483374 -0.47139 -0.484792 -0.522888 -0.581679 -0.65424 -0.731653 -0.804306 -0.863253 -0.901325 -0.913776 -0.898391 -0.855125 -0.786206 -0.69515 -0.584747 -0.457141 -0.314411 -0.158405 0.0092368 0.186963 0.37315 0.565947 0.763155 0.962162 1.15994 1.35313 1.53815 1.7114 1.86945 2.00924 2.12826 2.2247 2.29748 2.34631 2.37146 2.37218 2.33142 2.07948 
0.137234 0.275722 0.278237 0.280776 0.283359 0.286004 0.288726 0.291541 0.294463 0.297505 0.300679 0.303997 0.30747 0.311106 0.314916 0.318906 0.323082 0.327451 0.332014 0.336774 0.341731 0.346882 0.352223 0.357748 0.363448 0.369312 0.375326 0.381474 0.387738 0.394097 0.400527 0.407004 0.413501 0.419987 0.426434 0.432807 0.439074 0.445202 0.451154 0.456898 0.462397 0.467618 0.472528 0.477096 0.481293 0.485091 0.488467 0.491402 0.493879 0.495889 0.497425 0.498488 0.499085 0.499229 0.49894 0.498244 0.497173 0.495765 0.494062 0.49211 0.489957 0.487652 0.485241 0.48277 0.480279 0.477799 0.475358 0.47297 0.470641 0.468366 0.466128 0.4639 0.461646 0.459318 0.456865 0.454227 0.451344 0.448152 0.44459 0.4406 0.436129 0.43113 0.425565 0.419406 0.412634 0.405241 0.397229 0.38861 0.379404 0.369643 0.359362 0.348607 0.337425 0.325868 0.313991 0.301849 0.289498 0.276991 0.264379 0.251709 0.239026 0.226367 0.213764 0.201244 0.188824 0.176517 0.164328 0.152253 0.14028 0.128391 0.116559 0.104748 0.0929152 0.0810099 0.0689734 0.0567396 0.0442348 0.0313785 0.0180833 0.0042552 -0.0102055 -0.025404 -0.0414504 -0.0584586 -0.0765458 -0.0958307 -0.116433 -0.138472 -0.162062 -0.187313 -0.21433 -0.2432 -0.274001 -0.306787 -0.341586 -0.378393 -0.41716 -0.457787 -0.500109 -0.543884 -0.588772 -0.634322 -0.679946 -0.724906 -0.768288 -0.808994 -0.845731 -0.877029 -0.901277 -0.916792 -0.921942 -0.915318 -0.895957 -0.863618 -0.819063 -0.764323 -0.702861 -0.639574 -0.580557 -0.532581 -0.5023 -0.495265 -0.514901 -0.561677 -0.632672 -0.721731 -0.820209 -0.918195 -1.00593 -1.07511 -1.11976 -1.13659 -1.12483 -1.08563 -1.02159 -0.936647 -0.834389 -0.717059 -0.586564 -0.44445 -0.291942 -0.130074 0.0401363 0.217519 0.400602 0.587508 0.775907 0.963034 1.14578 1.32081 1.48479 1.63452 1.76718 1.88048 1.97275 2.04302 2.09082 2.11409 2.09104 1.82829 
0.137457 0.276166 0.278674 0.281204 0.283774 0.286402 0.289106 0.2919 0.294798 0.297814 0.30096 0.304249 0.307689 0.311293 0.315068 0.319021 0.323161 0.327491 0.332015 0.336736 0.341653 0.346764 0.352065 0.357549 0.36321 0.369034 0.375009 0.381119 0.387346 0.393669 0.400065 0.406508 0.412972 0.419427 0.425843 0.432186 0.438424 0.444522 0.450444 0.456155 0.461618 0.466797 0.471658 0.476165 0.480286 0.483989 0.487245 0.490028 0.492316 0.494088 0.49533 0.496034 0.496195 0.495816 0.494906 0.493481 0.491563 0.489182 0.486375 0.483183 0.479654 0.475839 0.47179 0.467564 0.463213 0.458789 0.454338 0.449901 0.44551 0.441189 0.436953 0.432804 0.428736 0.424731 0.420763 0.416797 0.41279 0.408695 0.404463 0.400043 0.395383 0.390435 0.385156 0.379508 0.373459 0.366986 0.360074 0.352716 0.344914 0.336678 0.328024 0.318975 0.309561 0.299816 0.289776 0.279481 0.268971 0.258287 0.247468 0.236552 0.225572 0.214559 0.20354 0.192535 0.18156 0.170624 0.15973 0.148873 0.138042 0.12722 0.11638 0.105489 0.0945075 0.0833866 0.0720715 0.0604995 0.0486012 0.0363001 0.0235132 0.0101512 -0.00388098 -0.0186838 -0.0343623 -0.0510254 -0.0687852 -0.0877554 -0.10805 -0.129783 -0.153063 -0.177996 -0.204676 -0.233188 -0.2636 -0.295957 -0.330277 -0.366544 -0.404696 -0.444614 -0.486112 -0.528919 -0.572661 -0.616845 -0.660834 -0.70383 -0.744853 -0.782739 -0.816136 -0.843534 -0.863324 -0.873895 -0.873784 -0.861887 -0.837707 -0.801645 -0.755275 -0.701558 -0.644914 -0.591096 -0.546777 -0.518867 -0.513578 -0.535384 -0.586064 -0.664057 -0.764346 -0.878951 -0.99799 -1.11109 -1.20881 -1.28381 -1.33147 -1.34995 -1.33977 -1.30313 -1.24314 -1.16376 -1.06893 -0.961282 -0.842621 -0.714286 -0.577194 -0.43197 -0.279112 -0.119171 0.0470883 0.21855 0.393659 0.57038 0.74623 0.918359 1.08369 1.2391 1.3816 1.50852 1.61768 1.70744 1.77652 1.82152 1.81618 1.54693 
0.137758 0.276764 0.279266 0.281784 0.284341 0.286953 0.289637 0.292408 0.295282 0.298271 0.301388 0.304645 0.308053 0.311621 0.315359 0.319275 0.323375 0.327665 0.332149 0.336828 0.341702 0.34677 0.352029 0.357471 0.363089 0.368871 0.374805 0.380874 0.387061 0.393344 0.399702 0.406109 0.412537 0.418959 0.425342 0.431654 0.437863 0.443932 0.449827 0.45551 0.460946 0.466097 0.470927 0.475399 0.479479 0.483132 0.486324 0.489027 0.49121 0.492849 0.493922 0.494411 0.494303 0.493591 0.492272 0.490351 0.487842 0.484761 0.481136 0.477001 0.472397 0.46737 0.461972 0.456261 0.450296 0.444138 0.437847 0.431481 0.425094 0.418733 0.412439 0.406245 0.400172 0.394233 0.388431 0.382758 0.377198 0.371726 0.366311 0.360918 0.355506 0.350035 0.344463 0.338751 0.332864 0.326768 0.320438 0.313852 0.306997 0.299865 0.292455 0.28477 0.276821 0.268624 0.260196 0.25156 0.24274 0.233761 0.224648 0.215426 0.206118 0.196745 0.187324 0.177868 0.168388 0.158887 0.149365 0.139814 0.130221 0.120568 0.110829 0.10097 0.0909531 0.0807318 0.0702531 0.0594572 0.0482778 0.0366417 0.0244697 0.0116764 -0.00182915 -0.0161429 -0.0313656 -0.0476014 -0.0649575 -0.0835427 -0.103466 -0.124835 -0.147755 -0.172323 -0.198629 -0.226749 -0.256744 -0.288649 -0.322471 -0.358182 -0.395701 -0.434893 -0.475545 -0.517358 -0.559922 -0.602701 -0.645006 -0.685984 -0.7246 -0.759634 -0.789697 -0.813275 -0.828804 -0.834803 -0.830046 -0.813804 -0.786111 -0.748053 -0.702015 -0.651828 -0.602737 -0.561127 -0.533964 -0.52796 -0.548553 -0.59888 -0.678935 -0.785175 -0.910705 -1.0461 -1.18068 -1.30404 -1.40741 -1.48458 -1.53229 -1.55005 -1.53956 -1.50387 -1.44668 -1.37185 -1.28334 -1.18422 -1.07632 -0.960906 -0.838724 -0.710127 -0.575231 -0.434079 -0.28681 -0.13381 0.024158 0.185875 0.349625 0.513222 0.674094 0.829407 0.97624 1.11176 1.23339 1.33893 1.42634 1.49091 1.5024 1.23172 
0.138147 0.277541 0.280035 0.282543 0.285085 0.287679 0.290343 0.293091 0.295939 0.2989 0.301986 0.30521 0.308583 0.312114 0.315814 0.31969 0.323749 0.327997 0.332437 0.337072 0.341902 0.346926 0.352139 0.357536 0.363108 0.368846 0.374735 0.380761 0.386904 0.393146 0.399462 0.405829 0.412218 0.418602 0.424949 0.431227 0.437403 0.443441 0.449307 0.454963 0.460373 0.4655 0.470307 0.474756 0.478811 0.482437 0.485599 0.488262 0.490395 0.491968 0.492954 0.493329 0.493071 0.492166 0.490601 0.488371 0.485477 0.481926 0.477734 0.472924 0.467526 0.461579 0.455128 0.448227 0.440933 0.433309 0.425421 0.417337 0.409124 0.400846 0.392566 0.384338 0.37621 0.368224 0.360409 0.352788 0.345372 0.338164 0.331156 0.324334 0.317677 0.311159 0.304748 0.298414 0.292122 0.285839 0.279534 0.27318 0.266751 0.260227 0.253593 0.246837 0.239952 0.232936 0.225791 0.21852 0.211132 0.203634 0.196038 0.188353 0.18059 0.172757 0.16486 0.156905 0.148892 0.140818 0.132677 0.124456 0.11614 0.107706 0.0991264 0.0903677 0.0813903 0.0721485 0.0625903 0.0526575 0.0422855 0.0314038 0.0199359 0.00779958 -0.00509256 -0.0188329 -0.0335181 -0.0492484 -0.0661263 -0.0842561 -0.103742 -0.124686 -0.147188 -0.171339 -0.197221 -0.224905 -0.25444 -0.285852 -0.319138 -0.354252 -0.391099 -0.429519 -0.469276 -0.510038 -0.55136 -0.59266 -0.633204 -0.672088 -0.70823 -0.740373 -0.767116 -0.786972 -0.798471 -0.80031 -0.791558 -0.771914 -0.741981 -0.703541 -0.659756 -0.615237 -0.575891 -0.548519 -0.540104 -0.556877 -0.603259 -0.680885 -0.787946 -0.919044 -1.06569 -1.21737 -1.36301 -1.49251 -1.59793 -1.67428 -1.71961 -1.73463 -1.72203 -1.68561 -1.62953 -1.55776 -1.47411 -1.38181 -1.28292 -1.17877 -1.07008 -0.957091 -0.83971 -0.717633 -0.590513 -0.458115 -0.32046 -0.177948 -0.0314451 0.117675 0.267547 0.415885 0.560103 0.697463 0.82525 0.940889 1.0417 1.12187 1.14802 0.881481 
0.138639 0.278521 0.281007 0.283504 0.286031 0.288607 0.291249 0.293974 0.296794 0.299725 0.302779 0.305969 0.309305 0.312798 0.316458 0.320292 0.324308 0.328512 0.332907 0.337495 0.342278 0.347254 0.35242 0.357769 0.363294 0.368984 0.374826 0.380805 0.386902 0.393098 0.39937 0.405693 0.412039 0.418381 0.424688 0.430927 0.437066 0.443069 0.448902 0.454527 0.459909 0.46501 0.469794 0.474223 0.47826 0.481869 0.485015 0.487661 0.489774 0.491322 0.492273 0.492598 0.492272 0.491272 0.489578 0.487176 0.484058 0.48022 0.475666 0.470408 0.464464 0.457862 0.450637 0.442833 0.434502 0.425703 0.416501 0.406964 0.397166 0.387182 0.377085 0.366949 0.356841 0.346824 0.336956 0.327283 0.317846 0.308674 0.299787 0.291196 0.282903 0.274902 0.26718 0.259719 0.252495 0.245483 0.238653 0.231977 0.225427 0.218976 0.212599 0.206272 0.199976 0.193695 0.187415 0.181124 0.174813 0.168476 0.162108 0.155704 0.14926 0.142771 0.136232 0.129636 0.122975 0.116236 0.109406 0.102465 0.0953923 0.0881607 0.0807389 0.0730907 0.0651748 0.0569441 0.0483464 0.0393235 0.0298119 0.0197424 0.00904008 -0.00237486 -0.0145874 -0.0276868 -0.0417665 -0.0569231 -0.0732553 -0.0908629 -0.109846 -0.130301 -0.152321 -0.175992 -0.201391 -0.228576 -0.25759 -0.288448 -0.321131 -0.35558 -0.391678 -0.429246 -0.468018 -0.507632 -0.547603 -0.587312 -0.625979 -0.662658 -0.696233 -0.725428 -0.748857 -0.765095 -0.772802 -0.7709 -0.758798 -0.736656 -0.705663 -0.668282 -0.628394 -0.591273 -0.563329 -0.551558 -0.562727 -0.602363 -0.673698 -0.7768 -0.908112 -1.06058 -1.2244 -1.38832 -1.5412 -1.67343 -1.77805 -1.85125 -1.89227 -1.90288 -1.88657 -1.84773 -1.79092 -1.72033 -1.63964 -1.55201 -1.45979 -1.36449 -1.26695 -1.16747 -1.06593 -0.961858 -0.854631 -0.743564 -0.628076 -0.507829 -0.382856 -0.253652 -0.121229 0.0128898 0.146721 0.277927 0.403949 0.522118 0.629392 0.719151 0.756107 0.499408 
0.139246 0.279733 0.282212 0.284696 0.287208 0.289765 0.292385 0.295083 0.297876 0.300776 0.303796 0.30695 0.310248 0.313701 0.317318 0.321109 0.32508 0.329237 0.333584 0.338124 0.342858 0.347784 0.3529 0.358198 0.363673 0.369313 0.375105 0.381033 0.387082 0.393229 0.399452 0.405727 0.412028 0.418324 0.424586 0.430782 0.436878 0.442841 0.448635 0.454225 0.459573 0.464644 0.469401 0.473807 0.477825 0.481419 0.484553 0.487191 0.489299 0.490842 0.491787 0.492103 0.49176 0.490729 0.488987 0.486512 0.483287 0.479299 0.474543 0.469018 0.462731 0.455699 0.447946 0.439503 0.430412 0.420724 0.410496 0.399794 0.388691 0.377262 0.365588 0.353752 0.341834 0.329914 0.318068 0.306368 0.294875 0.283646 0.272727 0.262155 0.251958 0.242154 0.232751 0.22375 0.215145 0.206921 0.199062 0.191543 0.18434 0.177425 0.17077 0.164347 0.158126 0.152083 0.14619 0.140424 0.134763 0.129186 0.123673 0.118205 0.112764 0.107334 0.101894 0.0964283 0.0909152 0.0853337 0.07966 0.0738679 0.0679283 0.0618085 0.0554721 0.0488788 0.0419839 0.0347379 0.0270867 0.0189713 0.0103277 0.00108689 -0.00882518 -0.0194871 -0.0309822 -0.0433975 -0.0568238 -0.0713546 -0.0870853 -0.104112 -0.122529 -0.14243 -0.163901 -0.187022 -0.21186 -0.238469 -0.266878 -0.29709 -0.329075 -0.362752 -0.397989 -0.43458 -0.472232 -0.510552 -0.54902 -0.586977 -0.623609 -0.657937 -0.688822 -0.714994 -0.735103 -0.747818 -0.751967 -0.746732 -0.731891 -0.708086 -0.677089 -0.642006 -0.60736 -0.578971 -0.56358 -0.568191 -0.599157 -0.661134 -0.75607 -0.882469 -1.03515 -1.20561 -1.38305 -1.55576 -1.71276 -1.84509 -1.9468 -2.01517 -2.0505 -2.05543 -2.03409 -1.99133 -1.932 -1.86051 -1.78055 -1.69518 -1.60688 -1.51741 -1.42788 -1.33878 -1.25014 -1.16156 -1.07232 -0.981521 -0.888197 -0.791448 -0.690591 -0.585292 -0.475669 -0.362354 -0.246516 -0.129817 -0.0143391 0.0974893 0.202601 0.294048 0.336217 0.0946592 
0.139985 0.281207 0.283677 0.286149 0.288644 0.291182 0.293778 0.29645 0.299213 0.302081 0.305066 0.308182 0.31144 0.314851 0.318425 0.322169 0.326093 0.330201 0.334498 0.338988 0.34367 0.348544 0.353607 0.358853 0.364274 0.369861 0.3756 0.381476 0.387472 0.393567 0.399739 0.405963 0.412213 0.418459 0.424672 0.43082 0.436869 0.442786 0.448536 0.454084 0.459393 0.464427 0.469151 0.473528 0.477521 0.481097 0.484217 0.486848 0.488954 0.490501 0.491454 0.491781 0.49145 0.490429 0.48869 0.486206 0.482954 0.478915 0.474074 0.46842 0.461952 0.454672 0.446594 0.437737 0.42813 0.417814 0.406836 0.395252 0.38313 0.370541 0.357566 0.344289 0.330798 0.317182 0.30353 0.289929 0.276461 0.263204 0.250228 0.237593 0.225353 0.213551 0.202218 0.191379 0.181046 0.171225 0.161912 0.153096 0.144762 0.136887 0.129446 0.122411 0.115751 0.109434 0.103427 0.0976971 0.0922124 0.0869403 0.0818493 0.0769083 0.0720867 0.0673543 0.0626807 0.0580357 0.0533881 0.0487058 0.0439558 0.0391027 0.0341096 0.0289367 0.0235416 0.0178786 0.0118984 0.00554818 -0.00122912 -0.00849463 -0.0163138 -0.0247564 -0.0338966 -0.0438126 -0.0545866 -0.0663045 -0.0790548 -0.0929287 -0.108018 -0.124416 -0.142213 -0.161495 -0.182346 -0.204837 -0.229027 -0.254961 -0.282658 -0.312107 -0.343262 -0.376028 -0.410248 -0.445694 -0.482047 -0.518882 -0.555648 -0.591655 -0.626057 -0.657856 -0.685908 -0.708965 -0.725741 -0.735025 -0.735843 -0.727663 -0.710652 -0.685937 -0.655852 -0.624098 -0.595752 -0.577054 -0.574926 -0.596209 -0.646691 -0.730046 -0.846905 -0.994272 -1.1655 -1.35089 -1.53888 -1.71758 -1.87631 -2.0069 -2.10431 -2.16685 -2.1957 -2.19418 -2.16692 -2.11908 -2.0557 -1.98133 -1.8998 -1.81414 -1.72681 -1.63982 -1.55461 -1.47199 -1.39226 -1.31528 -1.24049 -1.16699 -1.09369 -1.01937 -0.942852 -0.863142 -0.779548 -0.691814 -0.600192 -0.50548 -0.409014 -0.312654 -0.219112 -0.135097 -0.0947377 -0.316835 
0.14087 0.282974 0.285435 0.287894 0.290373 0.292889 0.295461 0.298106 0.300838 0.303672 0.30662 0.309697 0.312913 0.31628 0.319808 0.323505 0.327379 0.331436 0.335681 0.340118 0.344746 0.349565 0.354573 0.359764 0.36513 0.370661 0.376344 0.382165 0.388105 0.394145 0.400262 0.406432 0.412627 0.41882 0.424979 0.431074 0.437071 0.442937 0.448637 0.454135 0.459398 0.464388 0.469072 0.473412 0.477374 0.480924 0.484025 0.486644 0.488746 0.490296 0.491262 0.491608 0.491302 0.490311 0.488604 0.486152 0.482926 0.478902 0.474057 0.468375 0.461843 0.454455 0.446213 0.437125 0.427208 0.416489 0.405004 0.3928 0.379931 0.366464 0.352472 0.338035 0.323243 0.308187 0.292963 0.277667 0.262395 0.247239 0.23229 0.217629 0.20333 0.18946 0.176076 0.163223 0.150937 0.139244 0.128159 0.117689 0.10783 0.0985728 0.0898998 0.081788 0.0742093 0.0671321 0.0605214 0.0543401 0.0485496 0.0431099 0.0379808 0.0331214 0.0284908 0.0240482 0.0197524 0.0155622 0.0114362 0.00733233 0.00320766 -0.00098176 -0.00528129 -0.00973807 -0.0144013 -0.0193226 -0.0245562 -0.0301596 -0.0361932 -0.0427211 -0.049811 -0.057534 -0.0659652 -0.0751831 -0.0852695 -0.0963092 -0.108389 -0.121599 -0.136027 -0.151763 -0.168892 -0.187499 -0.207656 -0.229432 -0.252876 -0.278022 -0.304878 -0.333421 -0.363589 -0.395268 -0.428282 -0.46238 -0.497217 -0.532342 -0.567177 -0.601004 -0.632961 -0.662039 -0.687107 -0.706958 -0.720392 -0.726344 -0.724057 -0.713305 -0.694649 -0.669694 -0.641303 -0.61371 -0.592455 -0.584077 -0.59554 -0.633388 -0.702731 -0.806205 -0.943143 -1.10916 -1.29632 -1.49396 -1.69001 -1.87258 -2.03145 -2.15918 -2.25166 -2.30805 -2.33023 -2.32207 -2.28852 -2.2349 -2.16637 -2.08754 -2.00237 -1.91395 -1.82471 -1.73681 -1.65202 -1.57154 -1.49607 -1.42582 -1.36058 -1.2997 -1.2422 -1.18684 -1.13222 -1.07692 -1.01968 -0.959479 -0.895707 -0.828243 -0.757523 -0.684588 -0.611454 -0.544015 -0.513099 -0.712951 
0.141918 0.285067 0.287519 0.289965 0.292426 0.294921 0.297468 0.300083 0.302783 0.305581 0.308492 0.311528 0.3147 0.318022 0.321501 0.325148 0.328971 0.332975 0.337166 0.341546 0.346118 0.350881 0.355831 0.360964 0.366271 0.371744 0.377369 0.383132 0.389014 0.394996 0.401055 0.407167 0.413305 0.41944 0.425542 0.431579 0.437519 0.443328 0.448971 0.454415 0.459624 0.464563 0.469198 0.473493 0.477416 0.480931 0.484005 0.486604 0.488695 0.490244 0.491217 0.491582 0.491305 0.490353 0.488693 0.486293 0.483124 0.479155 0.47436 0.468717 0.462205 0.454811 0.446525 0.437347 0.427282 0.416345 0.404559 0.391959 0.378589 0.364502 0.349764 0.334447 0.318635 0.302417 0.28589 0.269152 0.252307 0.235458 0.218706 0.202151 0.185883 0.16999 0.154549 0.139628 0.125285 0.111568 0.0985114 0.0861414 0.0744725 0.0635093 0.0532474 0.0436737 0.0347679 0.0265032 0.0188474 0.0117637 0.00521169 -0.000851954 -0.00647271 -0.0116977 -0.0165751 -0.0211541 -0.0254844 -0.029616 -0.0335995 -0.0374858 -0.0413265 -0.0451738 -0.049081 -0.0531025 -0.057294 -0.0617132 -0.0664197 -0.0714755 -0.0769451 -0.0828957 -0.0893974 -0.0965235 -0.10435 -0.112956 -0.122424 -0.132836 -0.14428 -0.156842 -0.170609 -0.185666 -0.202094 -0.219972 -0.239369 -0.260342 -0.282935 -0.30717 -0.333044 -0.360521 -0.389524 -0.41992 -0.451517 -0.484041 -0.517126 -0.550298 -0.582958 -0.614372 -0.643668 -0.669841 -0.69179 -0.708365 -0.718472 -0.72121 -0.716054 -0.703095 -0.683284 -0.658681 -0.63264 -0.609857 -0.596243 -0.598527 -0.623594 -0.677589 -0.76487 -0.887029 -1.04216 -1.22463 -1.42541 -1.6331 -1.83533 -2.02036 -2.17847 -2.30298 -2.39058 -2.44114 -2.45711 -2.4427 -2.40305 -2.34353 -2.2693 -2.18497 -2.09453 -2.00122 -1.90752 -1.81559 -1.72751 -1.64487 -1.5688 -1.49997 -1.4386 -1.38448 -1.33695 -1.29499 -1.25729 -1.22233 -1.18853 -1.15439 -1.11863 -1.08031 -1.03898 -0.99474 -0.94869 -0.90544 -0.890974 -1.06773 
0.143147 0.287521 0.289964 0.292396 0.294838 0.297311 0.299831 0.302417 0.305083 0.307845 0.310716 0.313708 0.316836 0.320109 0.323539 0.327134 0.330902 0.334851 0.338985 0.343308 0.347822 0.352525 0.357415 0.362487 0.367734 0.373146 0.378711 0.384413 0.390234 0.396156 0.402154 0.408205 0.414282 0.420356 0.426396 0.432372 0.43825 0.443997 0.449578 0.45496 0.460109 0.464989 0.469567 0.473809 0.477683 0.481154 0.484191 0.486761 0.488831 0.49037 0.491345 0.491723 0.491472 0.490558 0.488948 0.486609 0.48351 0.479619 0.474906 0.469343 0.462907 0.455575 0.447332 0.438167 0.428077 0.417065 0.405143 0.392333 0.378667 0.364187 0.348946 0.333007 0.316444 0.29934 0.281786 0.263881 0.245729 0.227436 0.209111 0.190864 0.172799 0.155019 0.137618 0.120683 0.104293 0.088514 0.0734039 0.0590073 0.0453576 0.0324769 0.0203763 0.00905637 -0.00149182 -0.011286 -0.0203514 -0.0287205 -0.0364309 -0.0435256 -0.0500512 -0.0560576 -0.061597 -0.0667236 -0.071493 -0.075962 -0.0801879 -0.0842288 -0.0881434 -0.0919911 -0.0958319 -0.0997265 -0.103737 -0.107926 -0.112359 -0.117102 -0.122222 -0.127791 -0.133881 -0.140567 -0.147927 -0.156039 -0.164986 -0.174851 -0.185718 -0.197673 -0.210798 -0.225175 -0.240883 -0.257992 -0.276566 -0.296654 -0.318292 -0.341492 -0.36624 -0.392487 -0.42014 -0.449054 -0.479017 -0.509739 -0.540837 -0.57182 -0.602074 -0.630859 -0.657304 -0.680423 -0.699155 -0.712426 -0.719263 -0.71894 -0.711177 -0.696376 -0.675868 -0.652143 -0.628988 -0.611498 -0.605864 -0.618904 -0.657333 -0.726818 -0.830941 -0.970273 -1.14177 -1.3387 -1.55116 -1.7672 -1.97432 -2.16103 -2.31819 -2.43978 -2.52319 -2.56886 -2.57965 -2.55995 -2.51495 -2.44997 -2.37007 -2.27979 -2.1831 -2.08334 -1.98311 -1.88459 -1.79003 -1.70138 -1.62018 -1.54757 -1.48429 -1.43061 -1.38636 -1.35093 -1.32332 -1.30221 -1.28602 -1.2731 -1.26177 -1.25054 -1.23821 -1.22406 -1.20817 -1.19362 -1.20058 -1.35546 
0.144574 0.290372 0.292805 0.295223 0.297646 0.300095 0.302588 0.305143 0.307774 0.310498 0.313327 0.316275 0.319355 0.322579 0.325956 0.329497 0.33321 0.337101 0.341176 0.345439 0.349891 0.354532 0.35936 0.36437 0.369554 0.374903 0.380405 0.386043 0.391802 0.39766 0.403596 0.409583 0.415596 0.421606 0.427581 0.433492 0.439303 0.444984 0.450498 0.455813 0.460894 0.465708 0.470222 0.474402 0.478217 0.481635 0.484624 0.487155 0.489195 0.490714 0.49168 0.492063 0.491829 0.490947 0.489384 0.487106 0.484081 0.480276 0.47566 0.470201 0.463872 0.456646 0.448502 0.439422 0.429393 0.418411 0.406478 0.393603 0.379808 0.365121 0.349584 0.333248 0.316177 0.298443 0.280129 0.261329 0.242142 0.222675 0.203039 0.183346 0.163712 0.144246 0.125058 0.10625 0.0879158 0.0701417 0.0530028 0.0365632 0.0208752 0.00597885 -0.00809772 -0.0213382 -0.0337377 -0.0453017 -0.0560455 -0.0659932 -0.0751766 -0.0836341 -0.0914101 -0.0985537 -0.105118 -0.111159 -0.116735 -0.121906 -0.126736 -0.131286 -0.135621 -0.139805 -0.143904 -0.147983 -0.152109 -0.156351 -0.160776 -0.165456 -0.17046 -0.175862 -0.181737 -0.188161 -0.195212 -0.20297 -0.211517 -0.220934 -0.231304 -0.242709 -0.25523 -0.268944 -0.283925 -0.300238 -0.317939 -0.337072 -0.357662 -0.379713 -0.403199 -0.42806 -0.454192 -0.481435 -0.509565 -0.538279 -0.56718 -0.595768 -0.623425 -0.64941 -0.672866 -0.692837 -0.708316 -0.718317 -0.721997 -0.718814 -0.708734 -0.692463 -0.671692 -0.649301 -0.629464 -0.617599 -0.620097 -0.643781 -0.695125 -0.779273 -0.899035 -1.05403 -1.24018 -1.44985 -1.67242 -1.89559 -2.10688 -2.29513 -2.45172 -2.57127 -2.65174 -2.69398 -2.70109 -2.67753 -2.62842 -2.55893 -2.47393 -2.37784 -2.27454 -2.16743 -2.05925 -1.95225 -1.84876 -1.75101 -1.66091 -1.58005 -1.50962 -1.45041 -1.40278 -1.36664 -1.34146 -1.3263 -1.31989 -1.32068 -1.32697 -1.33702 -1.3492 -1.36214 -1.37507 -1.3895 -1.41963 -1.55583 
0.146219 0.293658 0.296081 0.298483 0.300886 0.303311 0.305776 0.308298 0.310893 0.313576 0.316362 0.319264 0.322295 0.325467 0.32879 0.332275 0.335929 0.33976 0.343774 0.347974 0.352363 0.35694 0.361703 0.366648 0.371767 0.377051 0.382487 0.388061 0.393754 0.399548 0.405418 0.41134 0.417287 0.423229 0.429138 0.434979 0.440721 0.446331 0.451773 0.457015 0.462024 0.466764 0.471206 0.475316 0.479064 0.482419 0.485351 0.487832 0.489831 0.491319 0.492266 0.492642 0.492416 0.491557 0.490032 0.487809 0.484855 0.481136 0.476619 0.471273 0.465067 0.45797 0.449958 0.441007 0.431099 0.42022 0.408365 0.395533 0.381734 0.366988 0.351322 0.334777 0.317403 0.299263 0.28043 0.260988 0.241029 0.220655 0.199975 0.179102 0.158153 0.137245 0.116495 0.0960149 0.0759129 0.056289 0.0372346 0.0188306 0.00114678 -0.0157593 -0.0318424 -0.0470701 -0.061422 -0.0748898 -0.0874765 -0.0991954 -0.110069 -0.12013 -0.129415 -0.137972 -0.145849 -0.153102 -0.15979 -0.165974 -0.171719 -0.17709 -0.182154 -0.186978 -0.191633 -0.196186 -0.200709 -0.205273 -0.209948 -0.214808 -0.219926 -0.225377 -0.231236 -0.237581 -0.244491 -0.252043 -0.26032 -0.2694 -0.279365 -0.290293 -0.302261 -0.315343 -0.329607 -0.345112 -0.361908 -0.380031 -0.399499 -0.420306 -0.442417 -0.465763 -0.49023 -0.515647 -0.541782 -0.568322 -0.594866 -0.620909 -0.645837 -0.668919 -0.689319 -0.706124 -0.718388 -0.725224 -0.725926 -0.720136 -0.708061 -0.690698 -0.670072 -0.649411 -0.633219 -0.627174 -0.637792 -0.671836 -0.735486 -0.833355 -0.967508 -1.13669 -1.33596 -1.5569 -1.78841 -2.01797 -2.23321 -2.42334 -2.58027 -2.69914 -2.77833 -2.81899 -2.82431 -2.79869 -2.74706 -2.67437 -2.58527 -2.48396 -2.37425 -2.25951 -2.14263 -2.02599 -1.91194 -1.80293 -1.70118 -1.60863 -1.52687 -1.45718 -1.40038 -1.35691 -1.32677 -1.30951 -1.3043 -1.30997 -1.32504 -1.34786 -1.37667 -1.40979 -1.44586 -1.4851 -1.53639 -1.65866 
0.1481 0.297415 0.299827 0.302214 0.304596 0.306996 0.309431 0.311919 0.314477 0.317119 0.31986 0.322714 0.325693 0.328811 0.332078 0.335503 0.339097 0.342866 0.346816 0.350951 0.355274 0.359784 0.364481 0.369358 0.37441 0.379627 0.384996 0.390503 0.39613 0.401856 0.407659 0.413514 0.419393 0.425267 0.431106 0.436877 0.442547 0.448082 0.453449 0.458614 0.463543 0.468205 0.472568 0.4766 0.480273 0.483556 0.486422 0.488842 0.49079 0.492236 0.493153 0.493512 0.493283 0.492436 0.490939 0.48876 0.485867 0.482227 0.477806 0.472571 0.46649 0.459532 0.451668 0.44287 0.433116 0.422386 0.410668 0.397954 0.384244 0.369547 0.353881 0.337274 0.319766 0.301407 0.28226 0.262397 0.241903 0.220871 0.199404 0.177612 0.155611 0.133519 0.111457 0.0895435 0.0678953 0.0466233 0.0258315 0.00561493 -0.0139415 -0.0327644 -0.0507925 -0.0679776 -0.0842839 -0.0996886 -0.114181 -0.127763 -0.140445 -0.152251 -0.16321 -0.173363 -0.182754 -0.191435 -0.199462 -0.206896 -0.2138 -0.22024 -0.226283 -0.232 -0.23746 -0.242735 -0.247896 -0.253018 -0.258171 -0.263432 -0.268873 -0.274572 -0.280602 -0.287042 -0.293969 -0.301462 -0.309597 -0.318454 -0.328109 -0.338639 -0.350116 -0.362608 -0.376179 -0.390881 -0.406759 -0.423841 -0.442138 -0.461636 -0.482293 -0.504033 -0.526733 -0.550218 -0.57425 -0.598513 -0.622604 -0.646025 -0.668169 -0.688325 -0.705688 -0.719392 -0.728563 -0.732415 -0.73038 -0.722286 -0.708566 -0.69049 -0.670384 -0.651783 -0.639467 -0.63931 -0.657895 -0.701871 -0.7771 -0.887669 -1.03496 -1.21695 -1.42797 -1.65902 -1.89862 -2.13422 -2.35362 -2.54642 -2.70497 -2.82484 -2.90472 -2.94591 -2.95155 -2.92587 -2.87354 -2.7992 -2.70723 -2.60165 -2.48611 -2.36396 -2.23822 -2.1114 -1.98594 -1.86443 -1.74931 -1.64281 -1.54687 -1.46311 -1.39279 -1.33676 -1.29551 -1.26908 -1.25715 -1.259 -1.27357 -1.29951 -1.33524 -1.37907 -1.42942 -1.48563 -1.55264 -1.66677 
0.150235 0.301682 0.304083 0.306453 0.308815 0.311188 0.313593 0.316045 0.318564 0.321162 0.323857 0.32666 0.329587 0.332648 0.335856 0.339221 0.342751 0.346455 0.350339 0.354407 0.358662 0.363103 0.36773 0.372539 0.377521 0.382669 0.387969 0.393407 0.398966 0.404624 0.410359 0.416146 0.421956 0.427761 0.433529 0.439227 0.444823 0.450282 0.455571 0.460655 0.465502 0.470081 0.474359 0.478307 0.481897 0.485101 0.487892 0.490244 0.49213 0.493525 0.494402 0.494732 0.494489 0.493641 0.49216 0.490014 0.487171 0.483598 0.479262 0.47413 0.468169 0.461346 0.453632 0.444996 0.435411 0.424855 0.413309 0.40076 0.387199 0.372627 0.357054 0.340497 0.322984 0.304555 0.285261 0.265163 0.244336 0.222864 0.200843 0.178375 0.155571 0.13255 0.10943 0.0863346 0.0633842 0.0406971 0.0183866 -0.00344135 -0.0246896 -0.0452712 -0.0651108 -0.0841456 -0.102325 -0.119613 -0.135984 -0.151427 -0.165943 -0.179542 -0.192246 -0.204087 -0.215102 -0.225338 -0.234847 -0.243684 -0.251913 -0.259595 -0.266799 -0.273593 -0.280047 -0.286233 -0.292222 -0.298089 -0.303905 -0.309746 -0.315686 -0.321798 -0.32816 -0.334845 -0.341931 -0.349492 -0.357605 -0.366344 -0.375783 -0.385994 -0.397045 -0.408999 -0.421913 -0.435835 -0.450803 -0.466839 -0.483947 -0.502107 -0.521274 -0.541363 -0.562249 -0.583755 -0.60564 -0.627592 -0.649214 -0.670015 -0.689405 -0.706699 -0.72113 -0.731882 -0.738159 -0.739277 -0.734807 -0.724748 -0.70975 -0.691331 -0.672082 -0.655804 -0.647499 -0.653185 -0.679458 -0.732823 -0.818812 -0.941022 -1.10022 -1.29375 -1.51534 -1.75555 -2.00274 -2.24435 -2.46844 -2.66498 -2.8267 -2.94948 -3.0322 -3.07614 -3.08429 -3.06062 -3.00946 -2.93511 -2.84165 -2.73289 -2.61233 -2.48331 -2.34894 -2.21191 -2.07479 -1.94027 -1.81099 -1.6894 -1.5777 -1.47777 -1.39117 -1.3191 -1.26241 -1.22156 -1.19665 -1.18742 -1.19327 -1.21326 -1.24618 -1.29058 -1.34493 -1.40823 -1.48331 -1.59556 
0.152645 0.306497 0.308887 0.31124 0.313579 0.315925 0.318298 0.320714 0.323191 0.325745 0.328391 0.331142 0.334013 0.337016 0.340163 0.343464 0.346929 0.350566 0.354381 0.358379 0.362563 0.366933 0.371489 0.376225 0.381136 0.386213 0.391443 0.396811 0.4023 0.40789 0.413556 0.419274 0.425016 0.430751 0.436448 0.442074 0.447595 0.452977 0.458186 0.463188 0.467951 0.472442 0.476632 0.480492 0.483994 0.487112 0.489822 0.492098 0.493916 0.495251 0.496078 0.496371 0.496102 0.495243 0.493766 0.491639 0.488831 0.485311 0.481046 0.476004 0.47015 0.463452 0.45588 0.447401 0.437987 0.427613 0.416254 0.403894 0.390519 0.376121 0.360703 0.344272 0.326849 0.308461 0.289149 0.268965 0.247971 0.226242 0.203865 0.180933 0.157553 0.133837 0.109902 0.0858691 0.0618622 0.0380029 0.0144102 -0.00880199 -0.0315271 -0.0536673 -0.0751356 -0.0958561 -0.115766 -0.134814 -0.152964 -0.170191 -0.186484 -0.201843 -0.21628 -0.229815 -0.24248 -0.254314 -0.265363 -0.275677 -0.285315 -0.294337 -0.302807 -0.310792 -0.31836 -0.325581 -0.332526 -0.339268 -0.345878 -0.35243 -0.358996 -0.365649 -0.372464 -0.379512 -0.386868 -0.394605 -0.402794 -0.411507 -0.420814 -0.43078 -0.44147 -0.452942 -0.465246 -0.478427 -0.492514 -0.507525 -0.52346 -0.540294 -0.557977 -0.576423 -0.595506 -0.615048 -0.634813 -0.654494 -0.673705 -0.691969 -0.708719 -0.723297 -0.734978 -0.743005 -0.746655 -0.745347 -0.738781 -0.727124 -0.711217 -0.692802 -0.674703 -0.660939 -0.656691 -0.668069 -0.701647 -0.763762 -0.859631 -0.992404 -1.16233 -1.36621 -1.59735 -1.84603 -2.10051 -2.34836 -2.57792 -2.77946 -2.94603 -3.07372 -3.16143 -3.21034 -3.22318 -3.20354 -3.15537 -3.08261 -2.98902 -2.87819 -2.75351 -2.61831 -2.47577 -2.32881 -2.18018 -2.03267 -1.88912 -1.75215 -1.62414 -1.5072 -1.40309 -1.31322 -1.23869 -1.18025 -1.1383 -1.11297 -1.10401 -1.11093 -1.13289 -1.16882 -1.21747 -1.27794 -1.35286 -1.46947 
0.155348 0.311898 0.314276 0.316611 0.318927 0.321245 0.323584 0.325962 0.328397 0.330904 0.333499 0.336196 0.339009 0.341952 0.345035 0.34827 0.351667 0.355234 0.358977 0.362902 0.367013 0.37131 0.375791 0.380454 0.385292 0.390296 0.395454 0.400752 0.40617 0.411691 0.417288 0.422938 0.428611 0.434277 0.439904 0.445459 0.450907 0.456213 0.461343 0.466264 0.470941 0.475344 0.479444 0.483213 0.486625 0.489654 0.492278 0.494474 0.496219 0.497488 0.498259 0.498507 0.498204 0.497323 0.495838 0.493716 0.49093 0.487447 0.483236 0.478264 0.4725 0.46591 0.458464 0.450129 0.440876 0.430677 0.419507 0.407343 0.394168 0.37997 0.364743 0.348489 0.331218 0.31295 0.293715 0.273556 0.252524 0.230684 0.208112 0.184896 0.161133 0.136927 0.112393 0.0876491 0.0628171 0.0380203 0.0133807 -0.0109828 -0.0349569 -0.0584357 -0.0813224 -0.103531 -0.124986 -0.145627 -0.165404 -0.18428 -0.202234 -0.219254 -0.235341 -0.250508 -0.264777 -0.278178 -0.290751 -0.302542 -0.313601 -0.323986 -0.333757 -0.342976 -0.35171 -0.360026 -0.367993 -0.375681 -0.383159 -0.390498 -0.39777 -0.405044 -0.412392 -0.419884 -0.42759 -0.435579 -0.443919 -0.452678 -0.461921 -0.471708 -0.482099 -0.493146 -0.504895 -0.517384 -0.53064 -0.544674 -0.559483 -0.575039 -0.59129 -0.608149 -0.625493 -0.643148 -0.660883 -0.678403 -0.695333 -0.711216 -0.725509 -0.737588 -0.74677 -0.752354 -0.753694 -0.750305 -0.74201 -0.729125 -0.712668 -0.694573 -0.677861 -0.666732 -0.666497 -0.683323 -0.723733 -0.79389 -0.898715 -1.04097 -1.22048 -1.43364 -1.67346 -1.93006 -2.19173 -2.44622 -2.68213 -2.89002 -3.06316 -3.19772 -3.29253 -3.34852 -3.36806 -3.35434 -3.31085 -3.24116 -3.1487 -3.03685 -2.90893 -2.76825 -2.6181 -2.46165 -2.30185 -2.14168 -1.98413 -1.83202 -1.6879 -1.55402 -1.43229 -1.32425 -1.23115 -1.15388 -1.09304 -1.04896 -1.02168 -1.01099 -1.01643 -1.03727 -1.07263 -1.12201 -1.18956 -1.31629 
0.158362 0.317921 0.320286 0.322603 0.324895 0.327183 0.329487 0.331826 0.334217 0.336675 0.339218 0.341858 0.344612 0.347491 0.350508 0.353674 0.357 0.360494 0.364163 0.368013 0.372048 0.376268 0.380673 0.38526 0.390023 0.394953 0.400037 0.405263 0.410611 0.416062 0.421592 0.427174 0.43278 0.43838 0.44394 0.449426 0.454803 0.460036 0.46509 0.469931 0.474525 0.478843 0.482854 0.486533 0.489854 0.492795 0.495334 0.497449 0.499119 0.500322 0.501034 0.501232 0.500889 0.499978 0.498474 0.496345 0.493564 0.4901 0.485923 0.481002 0.475305 0.468801 0.461458 0.453247 0.444135 0.434096 0.423101 0.411126 0.398151 0.384159 0.369139 0.353087 0.336006 0.317908 0.298814 0.278758 0.257782 0.235941 0.213303 0.189944 0.165954 0.141431 0.116484 0.0912248 0.0657742 0.0402539 0.014787 -0.0105053 -0.0355052 -0.0601009 -0.0841883 -0.107673 -0.13047 -0.152509 -0.173729 -0.194084 -0.21354 -0.232077 -0.249685 -0.266367 -0.282137 -0.297017 -0.311039 -0.324244 -0.336675 -0.348385 -0.359429 -0.369866 -0.379758 -0.389169 -0.398165 -0.406813 -0.41518 -0.423334 -0.431343 -0.439274 -0.447194 -0.455171 -0.463271 -0.47156 -0.4801 -0.488956 -0.498186 -0.507847 -0.517993 -0.528672 -0.539924 -0.551784 -0.564272 -0.577397 -0.591154 -0.605512 -0.62042 -0.635793 -0.651511 -0.667406 -0.683257 -0.69878 -0.713617 -0.727333 -0.739409 -0.749256 -0.756234 -0.759698 -0.759075 -0.753969 -0.744316 -0.730566 -0.71389 -0.696387 -0.681242 -0.672794 -0.676451 -0.6984 -0.745095 -0.822529 -0.935362 -1.08604 -1.27404 -1.49549 -1.74322 -2.00732 -2.27618 -2.53777 -2.78095 -2.99653 -3.17788 -3.32116 -3.425 -3.49 -3.51809 -3.51197 -3.47469 -3.40937 -3.31918 -3.20727 -3.0769 -2.93139 -2.77418 -2.60869 -2.43814 -2.26573 -2.09465 -1.92791 -1.76824 -1.61801 -1.47926 -1.35362 -1.24237 -1.1465 -1.06666 -1.00327 -0.956495 -0.9263 -0.912434 -0.914455 -0.931805 -0.96457 -1.01966 -1.16143 
0.161704 0.324601 0.326953 0.329251 0.331517 0.333775 0.336043 0.338341 0.340686 0.343094 0.345581 0.348163 0.350854 0.353667 0.356615 0.35971 0.362962 0.36638 0.369972 0.373744 0.377699 0.381841 0.386167 0.390676 0.395361 0.400215 0.405225 0.410378 0.415655 0.421037 0.4265 0.432017 0.437559 0.443095 0.448591 0.454013 0.459324 0.46449 0.469473 0.47424 0.478758 0.482995 0.486923 0.490517 0.493754 0.496612 0.499071 0.501111 0.502712 0.503851 0.504508 0.504656 0.50427 0.503325 0.501792 0.499644 0.496853 0.493389 0.489224 0.484328 0.478672 0.472225 0.464958 0.456842 0.447845 0.437939 0.427097 0.415293 0.402503 0.388709 0.373894 0.358051 0.341176 0.323274 0.304359 0.284457 0.263601 0.241837 0.219223 0.195829 0.171735 0.147032 0.121822 0.0962115 0.0703174 0.0442592 0.0181589 -0.0078612 -0.0336811 -0.0591849 -0.0842633 -0.108815 -0.132749 -0.155984 -0.178452 -0.200096 -0.220875 -0.240757 -0.259725 -0.277771 -0.294903 -0.311133 -0.326488 -0.340999 -0.354706 -0.367655 -0.379896 -0.391485 -0.402478 -0.412937 -0.422922 -0.432499 -0.44173 -0.450681 -0.459415 -0.467998 -0.476492 -0.484962 -0.493469 -0.502075 -0.510839 -0.51982 -0.529072 -0.538647 -0.548595 -0.558958 -0.569772 -0.581068 -0.592863 -0.605164 -0.617962 -0.631228 -0.644912 -0.658932 -0.673172 -0.687473 -0.701626 -0.715358 -0.728331 -0.740129 -0.750263 -0.758177 -0.763272 -0.764959 -0.762728 -0.756269 -0.745616 -0.731338 -0.714737 -0.698048 -0.684588 -0.678801 -0.686154 -0.712832 -0.765208 -0.849116 -0.968996 -1.12703 -1.32248 -1.5513 -1.80624 -2.07748 -2.35357 -2.62274 -2.87409 -3.09858 -3.28964 -3.44329 -3.55788 -3.63358 -3.67183 -3.6748 -3.64504 -3.58526 -3.49832 -3.3872 -3.25507 -3.10534 -2.94157 -2.76746 -2.58655 -2.40232 -2.21819 -2.03739 -1.86283 -1.69706 -1.54221 -1.39998 -1.27169 -1.15832 -1.06052 -0.978697 -0.913025 -0.863502 -0.829966 -0.812115 -0.809627 -0.823176 -0.863206 -1.02387 
0.165392 0.331972 0.33431 0.336587 0.338828 0.341053 0.343284 0.345539 0.347836 0.350191 0.352622 0.355142 0.357768 0.360513 0.363389 0.366409 0.369584 0.372924 0.376435 0.380125 0.383999 0.388058 0.392303 0.39673 0.401336 0.406112 0.411046 0.416125 0.421332 0.426646 0.432043 0.437497 0.442978 0.448455 0.453893 0.459257 0.46451 0.469616 0.474538 0.479241 0.483691 0.487858 0.491714 0.495235 0.498399 0.501187 0.50358 0.50556 0.507105 0.508195 0.508806 0.508913 0.508489 0.507508 0.505941 0.503762 0.500944 0.497459 0.49328 0.488381 0.482734 0.476311 0.469085 0.461028 0.45211 0.442304 0.431583 0.419919 0.407289 0.393671 0.379047 0.363403 0.346731 0.329032 0.310313 0.29059 0.269892 0.248255 0.225729 0.202375 0.178266 0.153486 0.128129 0.102296 0.0761007 0.0496577 0.0230875 -0.00348799 -0.0299478 -0.0561736 -0.0820524 -0.107478 -0.132353 -0.15659 -0.180113 -0.202858 -0.224773 -0.245821 -0.265974 -0.285218 -0.303551 -0.32098 -0.337524 -0.353207 -0.368064 -0.382134 -0.395464 -0.408103 -0.420106 -0.431527 -0.442427 -0.452865 -0.4629 -0.472596 -0.482011 -0.491209 -0.500248 -0.509188 -0.518089 -0.527006 -0.535996 -0.545111 -0.554403 -0.56392 -0.573706 -0.583799 -0.594233 -0.605033 -0.616215 -0.627784 -0.639729 -0.652025 -0.66462 -0.67744 -0.690373 -0.703271 -0.715934 -0.728105 -0.739463 -0.749615 -0.758098 -0.764387 -0.767927 -0.768174 -0.764683 -0.757216 -0.745896 -0.731391 -0.715113 -0.699408 -0.68769 -0.684478 -0.69527 -0.726228 -0.783639 -0.873194 -0.999154 -1.16352 -1.36541 -1.60071 -1.86221 -2.14024 -2.42359 -2.70075 -2.96102 -3.19548 -3.39754 -3.56298 -3.68978 -3.77763 -3.82741 -3.84072 -3.81962 -3.76639 -3.68358 -3.574 -3.44078 -3.28736 -3.1175 -2.93515 -2.74424 -2.54856 -2.35179 -2.15744 -1.96863 -1.7881 -1.61809 -1.4604 -1.31638 -1.18699 -1.07283 -0.974232 -0.891309 -0.823994 -0.77209 -0.735315 -0.713452 -0.707698 -0.732325 -0.914547 
0.16944 0.340062 0.342385 0.344642 0.346855 0.349048 0.35124 0.35345 0.355697 0.357998 0.360369 0.362826 0.365384 0.368057 0.370859 0.373801 0.376896 0.380153 0.38358 0.387186 0.390974 0.394947 0.399107 0.403451 0.407974 0.41267 0.417527 0.422532 0.427667 0.432913 0.438247 0.44364 0.449065 0.454488 0.459875 0.46519 0.470395 0.475453 0.480326 0.484979 0.489377 0.493491 0.497293 0.500761 0.503875 0.506617 0.50897 0.510916 0.512434 0.513501 0.514091 0.514175 0.513725 0.512712 0.511109 0.508889 0.506026 0.502496 0.498274 0.493337 0.487661 0.481221 0.473992 0.465949 0.457066 0.447316 0.436673 0.425111 0.412603 0.399128 0.384665 0.369197 0.352712 0.335205 0.316678 0.297142 0.276617 0.255132 0.232731 0.209466 0.185402 0.160617 0.135197 0.10924 0.0828509 0.0561433 0.0292343 0.00224451 -0.0247051 -0.051495 -0.0780096 -0.104139 -0.129781 -0.154843 -0.179243 -0.202909 -0.225784 -0.247821 -0.268987 -0.28926 -0.30863 -0.327098 -0.344676 -0.361384 -0.377248 -0.392306 -0.406596 -0.420166 -0.433064 -0.445343 -0.457058 -0.468265 -0.479022 -0.489386 -0.499416 -0.509168 -0.5187 -0.528069 -0.537328 -0.546531 -0.555731 -0.564976 -0.574313 -0.583787 -0.593438 -0.603301 -0.613406 -0.623775 -0.634424 -0.645355 -0.656559 -0.66801 -0.679662 -0.691442 -0.703249 -0.714941 -0.726331 -0.737177 -0.747175 -0.755952 -0.763071 -0.768039 -0.770336 -0.769466 -0.765037 -0.756877 -0.745184 -0.73071 -0.714955 -0.700348 -0.690375 -0.689597 -0.703521 -0.738266 -0.800036 -0.894399 -1.02548 -1.19516 -1.4025 -1.64342 -1.91084 -2.19529 -2.48586 -2.77129 -3.04108 -3.28638 -3.50045 -3.67882 -3.81902 -3.92019 -3.98262 -4.00734 -3.99586 -3.95006 -3.87219 -3.76486 -3.63116 -3.47459 -3.29909 -3.10889 -2.9083 -2.70148 -2.49244 -2.28495 -2.08242 -1.88777 -1.70344 -1.53133 -1.37282 -1.22888 -1.10006 -0.986604 -0.888498 -0.805562 -0.737489 -0.683914 -0.644619 -0.621203 -0.631704 -0.836953 
0.173861 0.348898 0.351207 0.353442 0.355627 0.357785 0.359936 0.362101 0.364296 0.36654 0.368849 0.37124 0.373727 0.376326 0.379049 0.38191 0.384921 0.388092 0.391432 0.394949 0.398647 0.402531 0.406602 0.410859 0.415297 0.41991 0.424688 0.429617 0.434681 0.43986 0.445132 0.450468 0.455841 0.461217 0.466562 0.471838 0.477008 0.482033 0.486875 0.491497 0.495866 0.499952 0.503729 0.507176 0.510276 0.513013 0.515371 0.517332 0.518872 0.519964 0.520575 0.520671 0.52022 0.519191 0.517553 0.515283 0.512356 0.508752 0.50445 0.499431 0.493677 0.487167 0.479881 0.471797 0.462892 0.453142 0.442522 0.431008 0.418574 0.405196 0.390852 0.375522 0.359193 0.341853 0.3235 0.304138 0.283782 0.262456 0.240193 0.217041 0.193057 0.168311 0.142885 0.116869 0.0903655 0.0634822 0.0363339 0.0090393 -0.0182812 -0.0455075 -0.0725224 -0.0992133 -0.125474 -0.151209 -0.176328 -0.200757 -0.22443 -0.247295 -0.269312 -0.290454 -0.310703 -0.330055 -0.348516 -0.3661 -0.382829 -0.398734 -0.413852 -0.428223 -0.441895 -0.454915 -0.467335 -0.479209 -0.49059 -0.501534 -0.512096 -0.52233 -0.53229 -0.54203 -0.5516 -0.561052 -0.570433 -0.579791 -0.589168 -0.598605 -0.608139 -0.617803 -0.627624 -0.637624 -0.647814 -0.658199 -0.668769 -0.679499 -0.690348 -0.701249 -0.712106 -0.722786 -0.733114 -0.742862 -0.751741 -0.759401 -0.765426 -0.769354 -0.770697 -0.769002 -0.763925 -0.755348 -0.743534 -0.729302 -0.714219 -0.700774 -0.692496 -0.693966 -0.710673 -0.748686 -0.814123 -0.912451 -1.0477 -1.22171 -1.43353 -1.67921 -1.95187 -2.24233 -2.53997 -2.83381 -3.11351 -3.37023 -3.59708 -3.78923 -3.94372 -4.05912 -4.13508 -4.17205 -4.17103 -4.13345 -4.06124 -3.95686 -3.8233 -3.66416 -3.4835 -3.28585 -3.07593 -2.85829 -2.63728 -2.41701 -2.20116 -1.99293 -1.79495 -1.60925 -1.43731 -1.28011 -1.13817 -1.01165 -0.900405 -0.804122 -0.722338 -0.654546 -0.600446 -0.56192 -0.560466 -0.78912 
0.178667 0.358504 0.360797 0.363009 0.365165 0.367287 0.369396 0.371512 0.373654 0.375839 0.378084 0.380406 0.382819 0.38534 0.387982 0.390758 0.393682 0.396763 0.400011 0.403434 0.407039 0.41083 0.414808 0.418974 0.423323 0.42785 0.432545 0.437397 0.442388 0.447501 0.452712 0.457995 0.46332 0.468657 0.473969 0.479219 0.484369 0.48938 0.494213 0.498832 0.503204 0.507299 0.511093 0.514569 0.517713 0.520513 0.522953 0.525012 0.526661 0.527862 0.52857 0.528741 0.528335 0.527316 0.525654 0.523325 0.52031 0.516594 0.512164 0.507006 0.501109 0.494459 0.487043 0.478842 0.46984 0.460016 0.449348 0.437812 0.425384 0.41204 0.397757 0.382513 0.366291 0.349076 0.330862 0.311646 0.291438 0.270255 0.248126 0.225089 0.201196 0.176511 0.151109 0.125076 0.0985071 0.0715083 0.0441908 0.0166711 -0.0109313 -0.0384964 -0.0659057 -0.0930447 -0.119805 -0.146085 -0.171793 -0.196849 -0.221182 -0.244734 -0.26746 -0.289327 -0.310312 -0.330405 -0.349608 -0.367928 -0.385385 -0.402005 -0.417819 -0.432867 -0.44719 -0.460835 -0.473849 -0.486284 -0.49819 -0.509621 -0.520629 -0.531265 -0.541582 -0.55163 -0.561457 -0.571112 -0.58064 -0.590085 -0.599487 -0.608885 -0.618314 -0.627803 -0.637379 -0.64706 -0.65686 -0.666781 -0.676815 -0.68694 -0.697117 -0.707285 -0.717355 -0.727202 -0.736662 -0.74552 -0.753502 -0.760277 -0.765451 -0.768588 -0.769233 -0.766967 -0.761488 -0.752728 -0.741 -0.727173 -0.712864 -0.700599 -0.693926 -0.697419 -0.716535 -0.75728 -0.825689 -0.92715 -1.06564 -1.24299 -1.45834 -1.70792 -1.98511 -2.28107 -2.5855 -2.88769 -3.17745 -3.44593 -3.68601 -3.89249 -4.06188 -4.19213 -4.28229 -4.33219 -4.34229 -4.31363 -4.24779 -4.14704 -4.0143 -3.85319 -3.66793 -3.46332 -3.24446 -3.01635 -2.78371 -2.55097 -2.32218 -2.10079 -1.88968 -1.69106 -1.50653 -1.33711 -1.18332 -1.04525 -0.922658 -0.815082 -0.721897 -0.642428 -0.576244 -0.525406 -0.514436 -0.765961 
0.183866 0.368895 0.371172 0.37336 0.375486 0.377571 0.379637 0.381703 0.383789 0.385913 0.388091 0.390341 0.392678 0.395117 0.397674 0.400362 0.403194 0.40618 0.409332 0.412658 0.416165 0.419857 0.423738 0.427807 0.432063 0.4365 0.441109 0.44588 0.450797 0.455842 0.460993 0.466225 0.471508 0.476812 0.482101 0.487339 0.492488 0.497508 0.502361 0.507013 0.51143 0.515586 0.519464 0.523049 0.526336 0.529317 0.531977 0.53429 0.53621 0.537675 0.538619 0.538979 0.538701 0.537743 0.536076 0.533681 0.530545 0.526662 0.522031 0.516648 0.510513 0.503621 0.495966 0.48754 0.478331 0.468324 0.457502 0.445843 0.433325 0.419925 0.405618 0.390382 0.374196 0.357042 0.338908 0.319789 0.299687 0.278613 0.25659 0.23365 0.209838 0.185212 0.159842 0.133806 0.107198 0.0801182 0.0526747 0.0249821 -0.00284121 -0.0306755 -0.0584017 -0.0859036 -0.11307 -0.139798 -0.165991 -0.191563 -0.216442 -0.240564 -0.263878 -0.286347 -0.307944 -0.328654 -0.348472 -0.367405 -0.385467 -0.40268 -0.419073 -0.43468 -0.449542 -0.463701 -0.477204 -0.490099 -0.502434 -0.514261 -0.52563 -0.53659 -0.547192 -0.557483 -0.567511 -0.577321 -0.586957 -0.596461 -0.60587 -0.615222 -0.624549 -0.63388 -0.64324 -0.652646 -0.662111 -0.671639 -0.681223 -0.690843 -0.700464 -0.710029 -0.719455 -0.728627 -0.737388 -0.745537 -0.752814 -0.758905 -0.763437 -0.765997 -0.766159 -0.763535 -0.757861 -0.749106 -0.737625 -0.724324 -0.710848 -0.699741 -0.694548 -0.699817 -0.720952 -0.763888 -0.834584 -0.938362 -1.07918 -1.25891 -1.47685 -1.72944 -2.01041 -2.31126 -2.62205 -2.93234 -3.23208 -3.51236 -3.76584 -3.98689 -4.17148 -4.31697 -4.42175 -4.48506 -4.50684 -4.48769 -4.42888 -4.33245 -4.20123 -4.03884 -3.84964 -3.63864 -3.41136 -3.17321 -2.92931 -2.68449 -2.4431 -2.20895 -1.98515 -1.77415 -1.57769 -1.39687 -1.23224 -1.08384 -0.951363 -0.834204 -0.731586 -0.642663 -0.566853 -0.506315 -0.488116 -0.761274 
0.189464 0.380085 0.382345 0.384509 0.386603 0.388649 0.39067 0.392685 0.394713 0.396773 0.398882 0.401057 0.403314 0.405669 0.408137 0.410733 0.413468 0.416356 0.419407 0.42263 0.426033 0.429621 0.433399 0.437367 0.441523 0.445865 0.450383 0.455069 0.459908 0.464883 0.469974 0.475155 0.4804 0.485678 0.490954 0.496194 0.501361 0.506416 0.511325 0.516053 0.520575 0.524876 0.528951 0.532807 0.536449 0.539871 0.543057 0.545955 0.548481 0.550524 0.551975 0.552736 0.552736 0.551927 0.550284 0.5478 0.544477 0.540327 0.535365 0.529604 0.523061 0.515746 0.507666 0.498824 0.489219 0.478844 0.467688 0.455734 0.442963 0.429354 0.414882 0.399523 0.383253 0.366052 0.347903 0.328794 0.308722 0.287693 0.26572 0.242832 0.219065 0.194472 0.169114 0.143069 0.116421 0.089269 0.0617173 0.0338784 0.00586912 -0.0221911 -0.050183 -0.077989 -0.105496 -0.132598 -0.159197 -0.185202 -0.210537 -0.235134 -0.25894 -0.281911 -0.304016 -0.325238 -0.345568 -0.365007 -0.383567 -0.401267 -0.418133 -0.434198 -0.449497 -0.464073 -0.477969 -0.491231 -0.503908 -0.516047 -0.527698 -0.538909 -0.549728 -0.560202 -0.570376 -0.580294 -0.589999 -0.59953 -0.608925 -0.618219 -0.627443 -0.636625 -0.645789 -0.654953 -0.664129 -0.673322 -0.682527 -0.691725 -0.700886 -0.709956 -0.718858 -0.727485 -0.73569 -0.743281 -0.750013 -0.755586 -0.759647 -0.761805 -0.761659 -0.75885 -0.753144 -0.744543 -0.733428 -0.720733 -0.708115 -0.698114 -0.694253 -0.701034 -0.723794 -0.768389 -0.840703 -0.946012 -1.08827 -1.26946 -1.48904 -1.74375 -2.02767 -2.33269 -2.64926 -2.9672 -3.27659 -3.56845 -3.83519 -4.07076 -4.2706 -4.43143 -4.55103 -4.62806 -4.66192 -4.65279 -4.60161 -4.51019 -4.38122 -4.21833 -4.02594 -3.80926 -3.57417 -3.32654 -3.07188 -2.81541 -2.56185 -2.31534 -2.0793 -1.8564 -1.64856 -1.45702 -1.28234 -1.12459 -0.983373 -0.85799 -0.747523 -0.650965 -0.567579 -0.499557 -0.476043 -0.769099 
0.195464 0.392079 0.394321 0.396459 0.398521 0.400528 0.402502 0.404464 0.406432 0.408426 0.410463 0.412561 0.414735 0.417002 0.419378 0.421876 0.424511 0.427295 0.430239 0.433353 0.436647 0.440125 0.443793 0.447653 0.451704 0.455943 0.460365 0.46496 0.469715 0.474616 0.479643 0.484772 0.489979 0.495235 0.500507 0.505762 0.510966 0.516085 0.521088 0.525952 0.530679 0.535319 0.539945 0.544667 0.549412 0.55402 0.558493 0.562733 0.566552 0.569774 0.572214 0.573731 0.574238 0.57369 0.572078 0.569417 0.56574 0.561086 0.5555 0.549026 0.541707 0.533578 0.524669 0.515004 0.504599 0.493461 0.48159 0.46898 0.455618 0.441484 0.426557 0.410811 0.394219 0.376757 0.358401 0.339135 0.318946 0.297832 0.275801 0.252869 0.229068 0.204441 0.179044 0.152947 0.12623 0.0989863 0.0713169 0.0433316 0.0151453 -0.0131234 -0.0413551 -0.0694317 -0.0972386 -0.124667 -0.151616 -0.177994 -0.203719 -0.228722 -0.252943 -0.276337 -0.298869 -0.320519 -0.341273 -0.361131 -0.380101 -0.398199 -0.41545 -0.431883 -0.447534 -0.462441 -0.476648 -0.490198 -0.503138 -0.515515 -0.527378 -0.538773 -0.549748 -0.560347 -0.570616 -0.580598 -0.590333 -0.599861 -0.609219 -0.618439 -0.627554 -0.63659 -0.645571 -0.654515 -0.663435 -0.672337 -0.681216 -0.690057 -0.698832 -0.707493 -0.715967 -0.724154 -0.731915 -0.739068 -0.745381 -0.750568 -0.754295 -0.75619 -0.755874 -0.753014 -0.747401 -0.739062 -0.728399 -0.716356 -0.704589 -0.695619 -0.692927 -0.700952 -0.72495 -0.770691 -0.843986 -0.950071 -1.09294 -1.27467 -1.49496 -1.75087 -2.03686 -2.34525 -2.66686 -2.9918 -3.31026 -3.61322 -3.89282 -4.14258 -4.35742 -4.53346 -4.66786 -4.75871 -4.80491 -4.8062 -4.76318 -4.67743 -4.55149 -4.38891 -4.19418 -3.97266 -3.73052 -3.4741 -3.2093 -2.94174 -2.67653 -2.41815 -2.17035 -1.93604 -1.71736 -1.51568 -1.33164 -1.16532 -1.01629 -0.88376 -0.766693 -0.663937 -0.574605 -0.500876 -0.473529 -0.784417 
0.201866 0.404875 0.407099 0.409211 0.411239 0.413205 0.415132 0.417039 0.418946 0.420871 0.422834 0.424851 0.426939 0.429115 0.431394 0.433791 0.43632 0.438995 0.441827 0.444827 0.448004 0.451366 0.454917 0.45866 0.462597 0.466726 0.471043 0.475538 0.480203 0.485022 0.489978 0.495051 0.500217 0.50545 0.510721 0.516 0.521257 0.526466 0.53161 0.536712 0.542018 0.548118 0.555308 0.563306 0.571678 0.579989 0.587693 0.594197 0.599875 0.60502 0.609145 0.611985 0.613392 0.613303 0.611717 0.608676 0.604252 0.598534 0.591619 0.583607 0.574594 0.56467 0.553913 0.542392 0.53016 0.517259 0.503716 0.489544 0.474745 0.459309 0.443218 0.426446 0.408963 0.390736 0.371732 0.351924 0.331285 0.309802 0.287467 0.264286 0.240276 0.21547 0.189913 0.163665 0.136799 0.1094 0.081564 0.053397 0.0250108 -0.00347839 -0.0319518 -0.0602915 -0.0883821 -0.116114 -0.143383 -0.170095 -0.196167 -0.221525 -0.246107 -0.269866 -0.292764 -0.314775 -0.335886 -0.356092 -0.375401 -0.393825 -0.411388 -0.428117 -0.444046 -0.459213 -0.473659 -0.487428 -0.500564 -0.513116 -0.525128 -0.536649 -0.547723 -0.558397 -0.568715 -0.578717 -0.588446 -0.59794 -0.607235 -0.616364 -0.625358 -0.634244 -0.643046 -0.651783 -0.660467 -0.669106 -0.677698 -0.686229 -0.694674 -0.702988 -0.711105 -0.718929 -0.726331 -0.733137 -0.739127 -0.744029 -0.747524 -0.74926 -0.748877 -0.746066 -0.740638 -0.732639 -0.722482 -0.711111 -0.700169 -0.692141 -0.690449 -0.699455 -0.724321 -0.770724 -0.844398 -0.950553 -1.09322 -1.27464 -1.49473 -1.7509 -2.03804 -2.3489 -2.67468 -3.00579 -3.33255 -3.64587 -3.93765 -4.20102 -4.43036 -4.62122 -4.77019 -4.87478 -4.9334 -4.94538 -4.91098 -4.8315 -4.70933 -4.54794 -4.3518 -4.12637 -3.8781 -3.61372 -3.33955 -3.06161 -2.78539 -2.51574 -2.25673 -2.01157 -1.78261 -1.57137 -1.37861 -1.20441 -1.04835 -0.90955 -0.786882 -0.679061 -0.585058 -0.507002 -0.476914 -0.803365 
0.208665 0.418465 0.42067 0.422756 0.42475 0.426674 0.428551 0.430402 0.432245 0.434101 0.435987 0.437921 0.43992 0.442001 0.44418 0.446471 0.44889 0.451451 0.454165 0.457043 0.460097 0.463333 0.466759 0.470377 0.474191 0.4782 0.4824 0.486785 0.491347 0.496073 0.500948 0.505955 0.511071 0.516275 0.52154 0.526843 0.532161 0.537481 0.542832 0.548589 0.555924 0.565428 0.576844 0.58995 0.604458 0.620012 0.635718 0.65034 0.6632 0.674408 0.683871 0.691107 0.695793 0.697779 0.697055 0.693713 0.68792 0.679895 0.669882 0.658139 0.644922 0.630472 0.615011 0.598731 0.581798 0.564342 0.546465 0.528234 0.509689 0.490843 0.471689 0.452197 0.432328 0.41203 0.391248 0.369926 0.348012 0.32546 0.302234 0.278312 0.253686 0.228363 0.202367 0.17574 0.148539 0.120834 0.0927122 0.0642683 0.0356079 0.0068425 -0.0219128 -0.0505421 -0.0789308 -0.106969 -0.134552 -0.161585 -0.187982 -0.213667 -0.238578 -0.262662 -0.285881 -0.308206 -0.329622 -0.350124 -0.369715 -0.388408 -0.406223 -0.423189 -0.439336 -0.454702 -0.469328 -0.483256 -0.496531 -0.509199 -0.521307 -0.5329 -0.544025 -0.554726 -0.565047 -0.575031 -0.584717 -0.594144 -0.603348 -0.612362 -0.621219 -0.629944 -0.638562 -0.647093 -0.65555 -0.663942 -0.672268 -0.680518 -0.688669 -0.696679 -0.704487 -0.712004 -0.719106 -0.725629 -0.731365 -0.736053 -0.739392 -0.741043 -0.74067 -0.737979 -0.732801 -0.725192 -0.715572 -0.704875 -0.694717 -0.687534 -0.686678 -0.696416 -0.721806 -0.768423 -0.841925 -0.947496 -1.08922 -1.26949 -1.4885 -1.744 -2.03133 -2.34368 -2.67266 -3.00895 -3.34303 -3.66577 -3.96883 -4.24497 -4.48809 -4.69317 -4.85624 -4.9743 -5.04527 -5.06806 -5.04261 -4.96995 -4.85228 -4.69293 -4.49637 -4.26807 -4.01469 -3.74332 -3.4607 -3.17322 -2.88678 -2.60659 -2.33705 -2.08168 -1.84307 -1.6229 -1.42204 -1.24064 -1.07824 -0.933948 -0.806516 -0.69455 -0.596889 -0.51558 -0.483528 -0.823154 
0.215853 0.432834 0.435019 0.437078 0.439036 0.440918 0.442745 0.444538 0.446317 0.448101 0.449908 0.451757 0.453664 0.455646 0.45772 0.459902 0.462206 0.464646 0.467236 0.469987 0.472909 0.476012 0.479302 0.482785 0.486464 0.49034 0.494411 0.498672 0.503117 0.507734 0.512512 0.517435 0.522485 0.527641 0.532885 0.538197 0.543567 0.549008 0.554721 0.562354 0.573244 0.586884 0.603279 0.623229 0.647684 0.677716 0.713946 0.754991 0.796055 0.831769 0.860566 0.883162 0.89951 0.909193 0.912185 0.908786 0.899528 0.885101 0.866278 0.843856 0.818615 0.791283 0.762513 0.732874 0.70284 0.672789 0.643011 0.613709 0.585008 0.556968 0.52959 0.502828 0.476599 0.450796 0.425295 0.399963 0.37467 0.349291 0.323716 0.29785 0.27162 0.244974 0.217886 0.190351 0.162386 0.134033 0.105348 0.0764077 0.0472987 0.0181196 -0.0110246 -0.0400252 -0.0687729 -0.0971608 -0.125087 -0.152456 -0.179183 -0.205191 -0.230417 -0.254806 -0.27832 -0.300929 -0.322615 -0.343372 -0.363203 -0.382119 -0.40014 -0.417292 -0.433607 -0.449121 -0.463875 -0.47791 -0.491272 -0.504006 -0.516158 -0.527774 -0.538901 -0.549583 -0.559864 -0.569785 -0.579389 -0.588713 -0.597794 -0.606666 -0.61536 -0.623904 -0.632324 -0.640639 -0.648865 -0.657011 -0.665079 -0.67306 -0.680935 -0.688665 -0.696194 -0.703437 -0.710279 -0.716563 -0.722091 -0.726616 -0.729849 -0.73147 -0.731159 -0.728638 -0.723753 -0.716568 -0.707501 -0.697468 -0.688048 -0.681618 -0.681443 -0.691687 -0.717292 -0.763723 -0.836556 -0.940952 -1.08105 -1.25941 -1.47649 -1.73042 -2.01696 -2.32977 -2.66086 -3.00123 -3.34151 -3.67253 -3.98577 -4.27364 -4.52958 -4.74806 -4.92459 -5.05565 -5.13872 -5.17231 -5.15602 -5.09062 -4.97809 -4.82164 -4.62564 -4.39557 -4.13821 -3.86095 -3.57091 -3.27488 -2.97913 -2.68926 -2.41001 -2.14519 -1.89764 -1.66924 -1.46097 -1.27305 -1.10502 -0.955942 -0.824492 -0.709168 -0.608685 -0.52498 -0.491521 -0.841861 
0.223418 0.447955 0.450121 0.452152 0.454075 0.455913 0.457689 0.459424 0.461137 0.462848 0.464574 0.466335 0.468148 0.470029 0.471996 0.474063 0.476247 0.478562 0.481021 0.483636 0.486419 0.489379 0.492524 0.49586 0.499391 0.50312 0.507045 0.511165 0.515473 0.519961 0.524618 0.529432 0.534387 0.539466 0.544654 0.549939 0.555323 0.560892 0.567484 0.577822 0.592599 0.611206 0.635325 0.66773 0.713386 0.780596 0.878806 1.00857 1.15122 1.27736 1.36981 1.43501 1.48134 1.50805 1.51562 1.50551 1.47984 1.44107 1.3918 1.33458 1.27178 1.20551 1.1376 1.06955 1.00258 0.937612 0.875328 0.816171 0.76039 0.708072 0.659166 0.613513 0.570873 0.530949 0.493408 0.4579 0.424076 0.391599 0.360158 0.329472 0.299302 0.269445 0.239744 0.210082 0.180383 0.150607 0.120745 0.0908207 0.0608777 0.0309808 0.00120867 -0.0283504 -0.0576024 -0.0864518 -0.114805 -0.142572 -0.169672 -0.19603 -0.221586 -0.246285 -0.270088 -0.292967 -0.314903 -0.33589 -0.35593 -0.375034 -0.393222 -0.41052 -0.426958 -0.442575 -0.457409 -0.471503 -0.484901 -0.49765 -0.509795 -0.521383 -0.532461 -0.543072 -0.553263 -0.563075 -0.57255 -0.581727 -0.590643 -0.599334 -0.607831 -0.616163 -0.624357 -0.632434 -0.640412 -0.6483 -0.656103 -0.663815 -0.671418 -0.678877 -0.686141 -0.69313 -0.699734 -0.705807 -0.711158 -0.715554 -0.718719 -0.720348 -0.720137 -0.717824 -0.713264 -0.706527 -0.69802 -0.688639 -0.679915 -0.674154 -0.674528 -0.685084 -0.710638 -0.756537 -0.82827 -0.93097 -1.06884 -1.24458 -1.45894 -1.71041 -1.99521 -2.30743 -2.6395 -2.98275 -3.32796 -3.66599 -3.98815 -4.28653 -4.55415 -4.78503 -4.97418 -5.1176 -5.21235 -5.25656 -5.24951 -5.19169 -5.08488 -4.9321 -4.73765 -4.50693 -4.24677 -3.9648 -3.66851 -3.36503 -3.06103 -2.76245 -2.47441 -2.20101 -1.94535 -1.70951 -1.49459 -1.30089 -1.12795 -0.974794 -0.840037 -0.722073 -0.619496 -0.534112 -0.499655 -0.858206 
0.231342 0.463797 0.465943 0.467947 0.469834 0.471628 0.473353 0.475028 0.476675 0.478311 0.479956 0.481627 0.483343 0.485121 0.486976 0.488926 0.490985 0.493169 0.495491 0.497964 0.500598 0.503406 0.506394 0.50957 0.51294 0.516505 0.520266 0.524223 0.52837 0.532701 0.537207 0.541876 0.546695 0.551648 0.556723 0.561911 0.567232 0.572904 0.581119 0.594676 0.613955 0.639944 0.676744 0.732882 0.827373 0.997451 1.29183 1.72201 2.2041 2.61686 2.89465 3.062 3.16368 3.20629 3.19424 3.13449 3.03533 2.90545 2.75319 2.58612 2.41078 2.23262 2.05598 1.88425 1.71993 1.56477 1.41991 1.28597 1.16315 1.05132 0.950058 0.858778 0.776726 0.703055 0.636865 0.577236 0.523266 0.474091 0.428905 0.386981 0.347672 0.31042 0.274758 0.240302 0.20675 0.173875 0.141515 0.109566 0.0779715 0.0467146 0.0158109 -0.0147011 -0.0447657 -0.0743167 -0.103282 -0.131591 -0.159171 -0.185961 -0.211903 -0.23695 -0.261066 -0.284225 -0.30641 -0.327616 -0.347846 -0.367113 -0.385437 -0.402844 -0.419366 -0.435039 -0.449904 -0.464005 -0.477385 -0.490091 -0.502171 -0.51367 -0.524637 -0.535117 -0.545155 -0.554796 -0.564082 -0.573053 -0.581748 -0.590204 -0.598454 -0.606529 -0.614457 -0.622261 -0.629959 -0.637565 -0.645085 -0.652514 -0.659838 -0.667026 -0.674029 -0.680774 -0.687157 -0.693038 -0.698237 -0.702533 -0.705661 -0.707332 -0.707256 -0.705184 -0.70098 -0.694713 -0.686781 -0.678046 -0.669988 -0.664835 -0.665653 -0.676366 -0.701656 -0.746741 -0.817018 -0.917584 -1.05269 -1.2252 -1.43612 -1.68431 -1.96642 -2.277 -2.60891 -2.95378 -3.3026 -3.64625 -3.97593 -4.28345 -4.56148 -4.8036 -5.00436 -5.15935 -5.26522 -5.31973 -5.32184 -5.27181 -5.17116 -5.02277 -4.83077 -4.6005 -4.33875 -4.05332 -3.75199 -3.44226 -3.13114 -2.82497 -2.52917 -2.24817 -1.98534 -1.74294 -1.52222 -1.32353 -1.14645 -0.989954 -0.8526 -0.732686 -0.628688 -0.542261 -0.507128 -0.871354 
0.239607 0.480318 0.482444 0.48442 0.486271 0.488023 0.489696 0.491312 0.492891 0.494453 0.496015 0.497596 0.499214 0.500885 0.502627 0.504455 0.506386 0.508434 0.510613 0.512935 0.515414 0.518058 0.520878 0.523881 0.527072 0.530456 0.534032 0.537801 0.541759 0.5459 0.550215 0.554692 0.559317 0.564075 0.568949 0.573927 0.57904 0.584658 0.594487 0.612016 0.637697 0.674787 0.732818 0.835731 1.04511 1.49262 2.36709 3.72867 5.2009 6.34395 7.04978 7.41367 7.56752 7.55424 7.39701 7.12438 6.76603 6.34951 5.89843 5.43193 4.96487 4.50831 4.07016 3.65581 3.26871 2.9108 2.58287 2.28489 2.01615 1.77548 1.56133 1.37187 1.20511 1.05893 0.93118 0.819695 0.722389 0.637274 0.562504 0.496395 0.437441 0.384323 0.33591 0.291247 0.249549 0.210184 0.172655 0.136583 0.101692 0.0677876 0.0347453 0.00249347 -0.0289984 -0.0597307 -0.0896831 -0.118822 -0.147108 -0.1745 -0.200959 -0.22645 -0.250946 -0.27443 -0.29689 -0.318326 -0.338743 -0.358158 -0.376592 -0.394073 -0.410635 -0.426315 -0.441155 -0.455199 -0.468493 -0.481085 -0.493021 -0.504352 -0.515126 -0.525389 -0.53519 -0.544575 -0.553587 -0.562271 -0.570666 -0.578813 -0.586746 -0.5945 -0.602104 -0.609583 -0.61696 -0.624248 -0.631457 -0.638584 -0.645619 -0.652532 -0.65928 -0.665792 -0.671972 -0.677686 -0.682764 -0.686994 -0.690125 -0.691881 -0.691983 -0.690196 -0.68639 -0.680631 -0.6733 -0.665226 -0.657829 -0.653253 -0.654453 -0.66522 -0.690092 -0.734155 -0.802701 -0.900785 -1.0327 -1.20145 -1.4083 -1.65246 -1.93101 -2.23894 -2.56953 -2.91475 -3.26581 -3.61364 -3.94935 -4.26456 -4.5516 -4.80366 -5.01492 -5.18055 -5.29681 -5.36116 -5.37224 -5.33006 -5.23591 -5.09249 -4.90378 -4.675 -4.41285 -4.12519 -3.82009 -3.50536 -3.18836 -2.87575 -2.57333 -2.28583 -2.01685 -1.76886 -1.54326 -1.34046 -1.16006 -1.00101 -0.861788 -0.740612 -0.635843 -0.548964 -0.513433 -0.880774 
0.248186 0.497468 0.499575 0.501524 0.50334 0.505048 0.50667 0.508227 0.50974 0.511226 0.512706 0.514196 0.515714 0.517278 0.518905 0.520609 0.522408 0.524315 0.526345 0.528511 0.530825 0.533297 0.535937 0.538752 0.541748 0.54493 0.548297 0.551851 0.555586 0.559496 0.563572 0.567799 0.572158 0.576626 0.581176 0.58578 0.590455 0.59567 0.60634 0.628206 0.662946 0.716767 0.810891 1.00717 1.47871 2.61041 5.01154 9.01583 12.9898 15.4761 16.8053 17.3405 17.3463 16.9357 16.2027 15.2523 14.176 13.0436 11.9046 10.7919 9.72674 8.7218 7.78397 6.91631 6.11938 5.39213 4.73248 4.13769 3.60457 3.12961 2.70904 2.33892 2.01515 1.73356 1.48992 1.28008 1.09997 0.94571 0.813661 0.700463 0.603077 0.518802 0.44528 0.380489 0.322727 0.270584 0.222914 0.178803 0.13754 0.0985773 0.0615094 0.0260417 -0.00803101 -0.0408458 -0.0724884 -0.103007 -0.132426 -0.16075 -0.187979 -0.214107 -0.239128 -0.263039 -0.285844 -0.307551 -0.328174 -0.347734 -0.366258 -0.383777 -0.400329 -0.415953 -0.430693 -0.444595 -0.457708 -0.470082 -0.481766 -0.492813 -0.503273 -0.513199 -0.522639 -0.531645 -0.540264 -0.548543 -0.556528 -0.564261 -0.571782 -0.579128 -0.586332 -0.593423 -0.600426 -0.607357 -0.614227 -0.621037 -0.627778 -0.634425 -0.640936 -0.647245 -0.65326 -0.658854 -0.663864 -0.668088 -0.671287 -0.673196 -0.673549 -0.672119 -0.668781 -0.663597 -0.656927 -0.649563 -0.642862 -0.638877 -0.640448 -0.651226 -0.675601 -0.718515 -0.785151 -0.880507 -1.0089 -1.17348 -1.37573 -1.61522 -1.88941 -2.19375 -2.52192 -2.86624 -3.21816 -3.5687 -3.90894 -4.23031 -4.52488 -4.78553 -5.00604 -5.18126 -5.3071 -5.38069 -5.40042 -5.36602 -5.27858 -5.14059 -4.95587 -4.72953 -4.46809 -4.17942 -3.87182 -3.55336 -3.23173 -2.91394 -2.60609 -2.31323 -2.03922 -1.78671 -1.55723 -1.35127 -1.16843 -1.00765 -0.867322 -0.745587 -0.640693 -0.553934 -0.518262 -0.886137 
0.25705 0.515189 0.517278 0.5192 0.520981 0.522647 0.52422 0.525719 0.527166 0.528579 0.529976 0.531375 0.532795 0.534251 0.53576 0.537339 0.539003 0.540766 0.542643 0.544646 0.546787 0.549077 0.551525 0.554138 0.556923 0.559881 0.563015 0.566322 0.569798 0.573433 0.577213 0.581118 0.585121 0.589182 0.593249 0.597254 0.601156 0.605393 0.615413 0.641413 0.688266 0.766813 0.922533 1.30311 2.33594 4.96104 10.8594 22.0924 31.4962 34.4966 35.521 35.5141 34.4573 32.4791 30.0556 27.517 25.0297 22.6669 20.4571 18.4074 16.5152 14.7734 13.1737 11.7075 10.3665 9.14334 8.03124 7.02405 6.11604 5.30174 4.57572 3.9325 3.36643 2.87164 2.44208 2.07159 1.75396 1.48309 1.25305 1.05825 0.893481 0.754012 0.63561 0.534569 0.447695 0.372288 0.3061 0.247292 0.194385 0.146205 0.101838 0.0605835 0.0219119 -0.0145676 -0.0491399 -0.0820088 -0.113317 -0.143166 -0.171623 -0.198738 -0.224549 -0.249084 -0.272373 -0.294442 -0.315321 -0.335041 -0.35364 -0.371155 -0.38763 -0.40311 -0.417642 -0.431278 -0.444069 -0.456071 -0.467339 -0.477929 -0.487898 -0.497303 -0.506201 -0.514649 -0.522701 -0.530411 -0.537832 -0.54501 -0.551994 -0.558823 -0.565538 -0.572169 -0.578746 -0.585287 -0.591806 -0.598306 -0.604778 -0.6112 -0.61753 -0.623707 -0.62964 -0.635208 -0.640254 -0.644584 -0.647968 -0.650151 -0.650878 -0.64993 -0.647183 -0.642692 -0.636797 -0.630246 -0.624332 -0.621015 -0.623014 -0.633837 -0.65772 -0.699455 -0.764104 -0.8566 -0.981276 -1.14138 -1.33864 -1.57291 -1.84206 -2.14196 -2.46669 -2.80894 -3.16038 -3.5122 -3.85544 -4.18144 -4.48203 -4.74983 -4.97832 -5.162 -5.2965 -5.37865 -5.40658 -5.37978 -5.29912 -5.16688 -4.98674 -4.76362 -4.50391 -4.21538 -3.90648 -3.58555 -3.26055 -2.93883 -2.62681 -2.3298 -2.05193 -1.79603 -1.56375 -1.35564 -1.17131 -1.00965 -0.869021 -0.747448 -0.64308 -0.557005 -0.521443 -0.88726 
0.266167 0.533416 0.535487 0.537383 0.539132 0.540758 0.542282 0.543725 0.545108 0.546448 0.547764 0.549075 0.550396 0.551745 0.553137 0.55459 0.556117 0.557734 0.559454 0.561289 0.563251 0.56535 0.567595 0.569993 0.572548 0.575263 0.578137 0.581167 0.584343 0.587653 0.591075 0.59458 0.598121 0.601634 0.605023 0.608148 0.610838 0.613228 0.619205 0.646717 0.708823 0.824101 1.08511 1.81934 3.96763 9.46394 22.3009 54.7346 71.4722 61.0925 56.6724 57.8282 54.9012 46.9408 41.5529 37.3576 33.8368 30.748 27.968 25.4275 23.0841 20.9105 18.8881 17.0039 15.2486 13.6156 12.1001 10.699 9.40956 8.22975 7.15728 6.18945 5.32286 4.55326 3.8755 3.28361 2.7709 2.33017 1.95397 1.63479 1.3653 1.13852 0.948012 0.787908 0.653024 0.538846 0.441524 0.357829 0.285099 0.221169 0.164306 0.113142 0.0666119 0.0238933 -0.0156385 -0.0524552 -0.0869096 -0.119265 -0.149716 -0.178412 -0.205464 -0.230961 -0.254976 -0.27757 -0.298801 -0.31872 -0.337381 -0.354836 -0.371137 -0.386339 -0.4005 -0.413677 -0.425932 -0.437328 -0.447928 -0.457799 -0.467008 -0.475623 -0.483713 -0.491345 -0.498586 -0.5055 -0.51215 -0.518593 -0.524884 -0.531073 -0.537204 -0.543315 -0.549435 -0.555587 -0.561787 -0.568035 -0.574325 -0.580631 -0.586913 -0.593108 -0.599126 -0.604849 -0.610124 -0.614759 -0.618534 -0.621201 -0.622512 -0.622254 -0.620303 -0.616705 -0.611776 -0.606222 -0.601267 -0.598778 -0.60135 -0.612345 -0.63584 -0.676474 -0.739178 -0.828808 -0.949694 -1.10518 -1.29717 -1.52584 -1.7894 -2.08412 -2.40451 -2.7436 -3.09333 -3.44504 -3.78982 -4.11893 -4.42405 -4.69756 -4.9327 -5.12367 -5.26585 -5.35579 -5.39138 -5.37187 -5.29793 -5.17164 -4.99649 -4.77725 -4.52013 -4.23277 -3.9237 -3.60148 -3.27436 -2.94996 -2.63501 -2.33512 -2.05461 -1.7965 -1.56255 -1.35335 -1.16852 -1.00691 -0.866789 -0.74612 -0.642934 -0.558105 -0.522902 -0.884069 
0.2755 0.552076 0.55413 0.556003 0.557721 0.559308 0.560786 0.562176 0.563497 0.564767 0.566005 0.567228 0.568453 0.569697 0.570974 0.572301 0.573692 0.575161 0.576722 0.578385 0.580163 0.582064 0.584097 0.586267 0.588577 0.591028 0.593617 0.596337 0.599174 0.602108 0.605107 0.608125 0.61109 0.613899 0.616388 0.618303 0.619267 0.618915 0.618828 0.638995 0.713231 0.883438 1.3225 2.7094 6.93027 17.3557 41.8165 58.0764 49.2617 37.5391 32.9252 34.3787 34.8701 34.1194 34.9148 34.163 32.8865 31.38 29.7483 28.0431 26.2986 24.5387 22.7805 21.0375 19.3213 17.6427 16.0119 14.4391 12.9342 11.5066 10.1648 8.91604 7.76558 6.71682 5.77091 4.92677 4.18127 3.52948 2.965 2.48038 2.06756 1.71822 1.42413 1.17744 0.970879 0.797883 0.652656 0.530195 0.426259 0.337316 0.260468 0.19337 0.134154 0.0813423 0.0337826 -0.00941813 -0.0489467 -0.0853291 -0.118967 -0.150169 -0.179173 -0.206163 -0.231288 -0.254667 -0.276403 -0.296583 -0.315287 -0.332591 -0.348565 -0.363283 -0.376814 -0.389234 -0.400618 -0.411044 -0.420595 -0.429353 -0.437404 -0.444836 -0.451736 -0.458191 -0.464287 -0.470104 -0.475722 -0.481213 -0.486644 -0.492073 -0.497551 -0.503121 -0.508816 -0.514659 -0.520661 -0.526823 -0.533131 -0.539557 -0.546054 -0.552554 -0.558965 -0.565166 -0.571001 -0.576282 -0.580791 -0.584285 -0.586522 -0.587289 -0.586461 -0.584073 -0.580416 -0.576152 -0.572438 -0.571044 -0.574443 -0.58585 -0.609181 -0.648916 -0.70985 -0.796747 -0.913919 -1.06478 -1.2514 -1.47422 -1.7318 -2.02079 -2.33607 -2.67104 -3.01794 -3.36826 -3.7132 -4.04397 -4.35217 -4.62998 -4.87044 -5.06752 -5.21635 -5.31326 -5.35589 -5.34328 -5.27589 -5.15558 -4.98568 -4.7708 -4.51696 -4.23165 -3.92342 -3.60101 -3.27291 -2.94706 -2.63044 -2.32891 -2.04701 -1.78792 -1.55347 -1.3443 -1.16 -0.999369 -0.860617 -0.741603 -0.64026 -0.557234 -0.522642 -0.876582 
0.28501 0.571089 0.573129 0.57498 0.576669 0.57822 0.579656 0.580995 0.582258 0.583463 0.584626 0.585766 0.586898 0.588039 0.589203 0.590407 0.591663 0.592985 0.594386 0.595876 0.597466 0.599164 0.600977 0.602909 0.60496 0.60713 0.609411 0.611791 0.614251 0.616759 0.61927 0.621715 0.623988 0.625928 0.627281 0.627633 0.626308 0.62232 0.615436 0.617223 0.684624 0.923208 1.65684 4.20507 12.1925 31.1244 41.0515 19.0212 0 0 0 0 2.44166 7.519 13.8948 19.5278 22.478 24.0751 24.7921 24.9193 24.6561 24.1015 23.3181 22.3525 21.2412 20.0149 18.7013 17.3264 15.9157 14.4939 13.0846 11.7097 10.3889 9.1388 7.97267 6.89998 5.9265 5.05437 4.28252 3.60716 3.02239 2.52077 2.09399 1.73332 1.43009 1.17603 0.963505 0.785648 0.636448 0.510744 0.404189 0.313178 0.23477 0.16659 0.106746 0.0537422 0.00640646 -0.0361756 -0.0747143 -0.109761 -0.141742 -0.170995 -0.197781 -0.222313 -0.244761 -0.265271 -0.283967 -0.300961 -0.316355 -0.33025 -0.342745 -0.353939 -0.363935 -0.372842 -0.380768 -0.387831 -0.394146 -0.399835 -0.405015 -0.409807 -0.414322 -0.418672 -0.422956 -0.427266 -0.431685 -0.436283 -0.441118 -0.446233 -0.451662 -0.457423 -0.463519 -0.469941 -0.476665 -0.483649 -0.490835 -0.498143 -0.50547 -0.512684 -0.519624 -0.526099 -0.531887 -0.536746 -0.540434 -0.542739 -0.543531 -0.542832 -0.540906 -0.538373 -0.536322 -0.536429 -0.541045 -0.55324 -0.57677 -0.61595 -0.675435 -0.759887 -0.873583 -1.01998 -1.20131 -1.41822 -1.66959 -1.95244 -2.26204 -2.59211 -2.93519 -3.283 -3.62682 -3.95792 -4.26782 -4.54859 -4.79308 -4.9951 -5.14955 -5.25256 -5.30156 -5.29537 -5.23423 -5.11981 -4.95525 -4.74503 -4.49498 -4.21241 -3.90586 -3.58422 -3.25624 -2.93008 -2.613 -2.31109 -2.02907 -1.77024 -1.5365 -1.32849 -1.14578 -0.9871 -0.850576 -0.733977 -0.635135 -0.554462 -0.52073 -0.864895 
0.294654 0.590372 0.592398 0.59423 0.595894 0.597413 0.59881 0.600103 0.601312 0.602455 0.603549 0.60461 0.605654 0.606697 0.607753 0.608836 0.609961 0.611139 0.612381 0.613699 0.6151 0.616593 0.618181 0.619866 0.621649 0.623522 0.625476 0.627491 0.62954 0.631578 0.633542 0.635334 0.636806 0.637724 0.637715 0.636153 0.631972 0.623365 0.60788 0.587542 0.609955 0.879236 2.03261 6.52374 21.6355 30.7026 14.116 0 0 0 0 0 0 -0.527852 0.232762 4.44888 9.50513 13.0642 15.5471 17.4094 18.796 19.7299 20.2669 20.471 20.3792 20.0227 19.4315 18.6367 17.6707 16.5679 15.3639 14.0942 12.7933 11.4933 10.2227 9.0055 7.86082 6.80252 5.83937 4.97549 4.21092 3.54241 2.9642 2.4688 2.04774 1.69216 1.39328 1.14281 0.933145 0.757497 0.609976 0.485555 0.380028 0.289922 0.21241 0.145215 0.0865212 0.0348897 -0.0108129 -0.0514757 -0.0877957 -0.12032 -0.149479 -0.175616 -0.199006 -0.219877 -0.238421 -0.254807 -0.269189 -0.281712 -0.292522 -0.301764 -0.309587 -0.316149 -0.321611 -0.32614 -0.329908 -0.333086 -0.335845 -0.33835 -0.34076 -0.34322 -0.345865 -0.348809 -0.352153 -0.355977 -0.360342 -0.36529 -0.370843 -0.377005 -0.383763 -0.391086 -0.398927 -0.40722 -0.415884 -0.424816 -0.433892 -0.442962 -0.451851 -0.460354 -0.468242 -0.475267 -0.481184 -0.485776 -0.488908 -0.490586 -0.491051 -0.490876 -0.491088 -0.493271 -0.499659 -0.51318 -0.537429 -0.576561 -0.635083 -0.717547 -0.828178 -0.970462 -1.14674 -1.35788 -1.60302 -1.87954 -2.18305 -2.50763 -2.8461 -3.19042 -3.53204 -3.86225 -4.17259 -4.45506 -4.70237 -4.9082 -5.06726 -5.1755 -5.23015 -5.22981 -5.17452 -5.06577 -4.90648 -4.70101 -4.45504 -4.17572 -3.87151 -3.55148 -3.22456 -2.89916 -2.58279 -2.28173 -2.00085 -1.74354 -1.51173 -1.30605 -1.12601 -0.970253 -0.836824 -0.723397 -0.627703 -0.549914 -0.517287 -0.849182 
0.304387 0.609835 0.611851 0.613667 0.615309 0.6168 0.618162 0.619414 0.620575 0.621662 0.622692 0.62368 0.624643 0.625593 0.626547 0.627516 0.628514 0.629552 0.630641 0.631789 0.633003 0.63429 0.635652 0.637088 0.638595 0.640162 0.641774 0.643405 0.645017 0.64655 0.64792 0.648996 0.649577 0.649346 0.647785 0.644015 0.636488 0.622396 0.596827 0.553965 0.509396 0.663019 1.9834 8.89612 18.07 10.7399 0 0 0 0 0 0 0 0 -1.26292 -3.02945 -0.635924 3.97042 6.99912 9.43927 11.5181 13.3162 14.8799 16.1718 17.1445 17.7936 18.1253 18.1506 17.8889 17.3684 16.6241 15.6961 14.6277 13.4626 12.2431 11.0079 9.79099 8.62039 7.51783 6.49875 5.57263 4.74371 4.01186 3.37348 2.82249 2.35116 1.95095 1.61305 1.32889 1.09046 0.890508 0.722647 0.581363 0.461994 0.360658 0.274162 0.199915 0.135833 0.0802484 0.0318396 -0.01044 -0.0474167 -0.0797446 -0.107944 -0.132434 -0.153558 -0.171606 -0.186832 -0.199468 -0.209733 -0.217847 -0.224031 -0.228513 -0.231532 -0.233333 -0.234168 -0.234293 -0.233962 -0.23342 -0.232904 -0.232631 -0.232798 -0.233577 -0.235112 -0.237518 -0.240879 -0.24525 -0.250656 -0.257096 -0.264544 -0.272951 -0.282248 -0.292347 -0.303143 -0.314513 -0.326318 -0.338398 -0.350575 -0.362647 -0.374388 -0.385553 -0.395883 -0.405124 -0.413052 -0.419522 -0.424527 -0.428282 -0.431321 -0.434609 -0.439645 -0.448551 -0.464118 -0.489788 -0.529558 -0.587781 -0.668895 -0.77706 -0.915766 -1.08745 -1.29314 -1.53225 -1.80245 -2.09969 -2.41839 -2.75167 -3.09174 -3.43021 -3.75851 -4.06818 -4.3512 -4.60022 -4.80878 -4.97148 -5.08408 -5.14363 -5.14853 -5.09861 -4.99514 -4.8409 -4.64008 -4.39828 -4.12248 -3.8211 -3.50332 -3.1783 -2.85465 -2.54009 -2.24107 -1.96258 -1.70804 -1.4794 -1.27722 -1.10093 -0.949079 -0.819605 -0.710092 -0.61817 -0.543776 -0.512485 -0.829686 
0.314164 0.629386 0.631394 0.633198 0.634822 0.63629 0.637623 0.638841 0.63996 0.640998 0.641971 0.642894 0.643782 0.644648 0.645507 0.64637 0.647249 0.648154 0.649094 0.650078 0.651111 0.652196 0.653333 0.654521 0.65575 0.657008 0.658271 0.659507 0.660666 0.661673 0.662419 0.662738 0.662374 0.660915 0.657687 0.651529 0.640353 0.620225 0.583485 0.515707 0.396493 0.238015 0.268418 1.0361 0.845065 0 0 0 0 0 0 0 0 0 0 -3.18389 -4.10275 -0.310106 2.4036 4.56558 6.41582 8.15262 9.85676 11.4924 13.0233 14.3901 15.5034 16.3123 16.7993 16.9624 16.8158 16.3875 15.7161 14.8467 13.8281 12.7089 11.5349 10.3475 9.18144 8.06489 7.01869 6.05691 5.1875 4.41317 3.73249 3.14088 2.63164 2.19679 1.82784 1.51626 1.25395 1.03347 0.848172 0.692279 0.560849 0.449732 0.355494 0.275322 0.206941 0.148516 0.0985858 0.0559817 0.0197744 -0.0107808 -0.0362871 -0.0572428 -0.0740725 -0.0871519 -0.0968289 -0.103439 -0.107319 -0.108811 -0.108271 -0.106067 -0.102578 -0.0981864 -0.0932745 -0.0882152 -0.0833636 -0.079049 -0.0755676 -0.0731767 -0.0720897 -0.0724737 -0.0744487 -0.0780876 -0.0834192 -0.090431 -0.0990732 -0.109264 -0.120893 -0.133827 -0.147914 -0.162985 -0.178857 -0.195334 -0.212205 -0.229247 -0.246219 -0.262865 -0.278914 -0.294091 -0.308128 -0.32079 -0.331924 -0.341507 -0.349733 -0.3571 -0.364519 -0.37341 -0.385794 -0.404332 -0.432322 -0.473604 -0.532384 -0.612978 -0.719468 -0.855334 -1.02307 -1.22387 -1.45735 -1.72146 -2.01248 -2.32514 -2.65287 -2.98814 -3.32276 -3.64828 -3.95634 -4.23892 -4.48865 -4.69898 -4.86439 -4.98051 -5.04419 -5.05365 -5.0085 -4.90982 -4.76021 -4.56375 -4.32598 -4.05377 -3.75549 -3.44047 -3.11803 -2.79701 -2.48531 -2.1895 -1.91463 -1.66413 -1.43988 -1.24237 -1.07091 -0.923925 -0.799247 -0.694361 -0.606807 -0.536281 -0.506537 -0.806719 
0.323937 0.648931 0.650935 0.65273 0.654341 0.655792 0.657102 0.658291 0.659376 0.660373 0.661297 0.662164 0.662987 0.663778 0.664552 0.665318 0.666087 0.666869 0.66767 0.668499 0.669357 0.670248 0.671168 0.672112 0.673068 0.674019 0.674935 0.675774 0.676477 0.676952 0.677068 0.676621 0.675301 0.672606 0.667704 0.659156 0.644344 0.618238 0.570571 0.47877 0.285324 -0.220304 -2.22569 -12.697 -10.768 0 0 0 0 0 0 0 0 0 0 -2.10105 -3.47042 -1.62544 0.520652 2.41845 4.03455 5.49282 6.89761 8.31607 9.79063 11.2861 12.7273 14.0223 15.0695 15.8128 16.231 16.324 16.11 15.6219 14.9031 14.0027 12.9716 11.8592 10.7105 9.5646 8.45337 7.40121 6.42529 5.53616 4.73868 4.03311 3.4162 2.88221 2.42387 2.03313 1.70177 1.42184 1.18593 0.987386 0.820361 0.679819 0.561506 0.461875 0.378009 0.307532 0.248519 0.199423 0.158997 0.126232 0.100302 0.0805099 0.0662536 0.0569854 0.0521872 0.0513486 0.0539522 0.0594649 0.0673356 0.0769972 0.0878732 0.0993884 0.11098 0.122112 0.132288 0.141059 0.14804 0.152913 0.155429 0.155416 0.152772 0.147465 0.139524 0.129037 0.116137 0.100999 0.0838294 0.0648584 0.0443344 0.0225178 -0.000322577 -0.0239118 -0.0479698 -0.0722112 -0.0963445 -0.120072 -0.14309 -0.165099 -0.185814 -0.204991 -0.222465 -0.238203 -0.25238 -0.265467 -0.278328 -0.292317 -0.309361 -0.332008 -0.363418 -0.407285 -0.467672 -0.548768 -0.654573 -0.788536 -0.953197 -1.14986 -1.37834 -1.63683 -1.92191 -2.22861 -2.55067 -2.8808 -3.21107 -3.53318 -3.83887 -4.12019 -4.36976 -4.58099 -4.74827 -4.86708 -4.93412 -4.9474 -4.90633 -4.8118 -4.66624 -4.47365 -4.23954 -3.97076 -3.67567 -3.36372 -3.04444 -2.72686 -2.41901 -2.12754 -1.8575 -1.61229 -1.39367 -1.20199 -1.03641 -0.895233 -0.776158 -0.676574 -0.593936 -0.527708 -0.499696 -0.780652 
0.333659 0.668376 0.670379 0.67217 0.673774 0.675213 0.676508 0.677676 0.678734 0.679699 0.680585 0.681405 0.682173 0.6829 0.683599 0.68428 0.684951 0.685621 0.686296 0.68698 0.687676 0.688383 0.689097 0.689808 0.690502 0.691155 0.691733 0.692186 0.692444 0.692401 0.691903 0.690718 0.688484 0.684623 0.67817 0.667452 0.649403 0.618081 0.561068 0.449166 0.194655 -0.593916 -4.22658 -23.1452 -19.5201 0 0 0 0 0 0 0 0 0 0 -1.43298 -2.78603 -1.91044 -0.26309 1.33014 2.73029 4.02071 5.28188 6.55677 7.87039 9.23058 10.6418 12.056 13.3746 14.4892 15.3185 15.834 16.0289 15.9154 15.5218 14.8878 14.0605 13.09 12.0257 10.9135 9.79357 8.69919 7.65617 6.68307 5.79173 4.98823 4.27389 3.64637 3.10074 2.63037 2.22776 1.8851 1.59479 1.34966 1.14325 0.969818 0.824423 0.702861 0.601615 0.517779 0.448972 0.393252 0.349037 0.315025 0.290127 0.273405 0.26402 0.261186 0.26414 0.272112 0.284311 0.29992 0.3181 0.337993 0.358743 0.379512 0.399498 0.417959 0.434228 0.447728 0.457987 0.46464 0.467434 0.466226 0.460974 0.451735 0.438644 0.421913 0.40181 0.378646 0.352767 0.324542 0.294348 0.26257 0.229589 0.195781 0.161516 0.127156 0.0930551 0.0595637 0.0270229 -0.00423882 -0.0339183 -0.0617599 -0.0875913 -0.111374 -0.133274 -0.15374 -0.173602 -0.19416 -0.217265 -0.245362 -0.281489 -0.329205 -0.392436 -0.475246 -0.581545 -0.714739 -0.877388 -1.07089 -1.29521 -1.54878 -1.82843 -2.12949 -2.44599 -2.77092 -3.09656 -3.41483 -3.7176 -3.99701 -4.2457 -4.45708 -4.62545 -4.74616 -4.81576 -4.83206 -4.79426 -4.70307 -4.5608 -4.37138 -4.14036 -3.87464 -3.58263 -3.27395 -2.9583 -2.64489 -2.34184 -2.05583 -1.79185 -1.55317 -1.34139 -1.15667 -0.998009 -0.863535 -0.75082 -0.657159 -0.579931 -0.518377 -0.492247 -0.75191 
0.343283 0.687627 0.689633 0.691425 0.693027 0.694461 0.695747 0.696903 0.697945 0.698887 0.699744 0.700529 0.701254 0.70193 0.702567 0.703175 0.703762 0.704334 0.704896 0.705451 0.706 0.706539 0.707061 0.707555 0.708002 0.708375 0.708634 0.708722 0.70856 0.708031 0.706963 0.705101 0.702047 0.697171 0.689421 0.676972 0.656476 0.621374 0.557554 0.429381 0.116197 -0.97494 -6.5547 -41.1581 -35.5232 0 0 0 0 0 0 0 0 0 0 0.0605206 -1.0289 -1.79118 -0.775239 0.442967 1.59549 2.73358 3.91769 5.16612 6.47033 7.82 9.20436 10.6091 12.0023 13.3047 14.402 15.2139 15.7169 15.9098 15.8062 15.4323 14.8253 14.0293 13.092 12.0607 10.9797 9.88817 8.81858 7.79637 6.83999 5.96141 5.16699 4.45848 3.83406 3.28935 2.8183 2.41397 2.06906 1.77643 1.52935 1.32167 1.14799 1.00359 0.884474 0.787282 0.709222 0.647982 0.601646 0.568599 0.547454 0.536973 0.536005 0.543435 0.558146 0.57899 0.604782 0.6343 0.666297 0.699522 0.73275 0.764809 0.794612 0.821182 0.843679 0.861412 0.873852 0.880632 0.881547 0.876544 0.865707 0.849242 0.827459 0.800751 0.769575 0.734433 0.695856 0.654389 0.610577 0.564955 0.518042 0.470337 0.422316 0.374428 0.327103 0.280747 0.235745 0.192456 0.151199 0.112241 0.075754 0.0417771 0.0101465 -0.0195795 -0.048209 -0.0770032 -0.107752 -0.142816 -0.185129 -0.238126 -0.305605 -0.391511 -0.499657 -0.633396 -0.795288 -0.986791 -1.20802 -1.45758 -1.73254 -2.02851 -2.3398 -2.65968 -2.98066 -3.29489 -3.5944 -3.87142 -4.11868 -4.32956 -4.4983 -4.62015 -4.69147 -4.70989 -4.67442 -4.58561 -4.44566 -4.2585 -4.02978 -3.76656 -3.47738 -3.17203 -2.86042 -2.55188 -2.25457 -1.97514 -1.71843 -1.48752 -1.28377 -1.10713 -0.956374 -0.829444 -0.723783 -0.636598 -0.565205 -0.508633 -0.484492 -0.720966 
0.352764 0.706592 0.708605 0.710403 0.712009 0.713446 0.714732 0.715884 0.716918 0.717849 0.718689 0.719451 0.720146 0.720783 0.721374 0.721924 0.722442 0.722933 0.723399 0.723842 0.724261 0.72465 0.725001 0.725298 0.725521 0.725638 0.725605 0.72536 0.724816 0.723848 0.722275 0.719827 0.716092 0.710414 0.70172 0.688155 0.66634 0.629654 0.563646 0.430252 0.0932218 -1.12547 -7.26408 -42.3585 -53.6941 -17.5508 0 0 0 0 0 0 0 0 1.82382 2.42672 -0.420236 -1.9731 -1.49273 -0.635477 0.293126 1.29891 2.41938 3.66444 5.01603 6.43971 7.9017 9.37835 10.8384 12.2472 13.5304 14.574 15.3116 15.7388 15.8679 15.718 15.3163 14.6986 13.9064 12.9842 11.9764 10.9242 9.86422 8.82684 7.83583 6.90842 6.0558 5.28393 4.5945 3.98586 3.45401 2.9934 2.59765 2.26006 1.97406 1.73348 1.53268 1.3667 1.23121 1.12253 1.03754 0.973618 0.928518 0.900302 0.88723 0.887685 0.900096 0.92289 0.954447 0.993093 1.0371 1.08468 1.13408 1.18354 1.2314 1.2761 1.31627 1.3507 1.37843 1.39869 1.41097 1.41499 1.41067 1.39813 1.37765 1.34968 1.31476 1.27352 1.22667 1.17494 1.1191 1.05989 0.998058 0.934307 0.869315 0.803715 0.738099 0.673015 0.608971 0.546433 0.485831 0.427552 0.371933 0.319242 0.269649 0.223185 0.179676 0.138677 0.0993859 0.060564 0.0204645 -0.0232089 -0.0732994 -0.133136 -0.206399 -0.296919 -0.40841 -0.54416 -0.706713 -0.897568 -1.11694 -1.3636 -1.63483 -1.92649 -2.23315 -2.54836 -2.86488 -3.17508 -3.47117 -3.74553 -3.99092 -4.20076 -4.36922 -4.49142 -4.56356 -4.58308 -4.54883 -4.46121 -4.32239 -4.13638 -3.90898 -3.64753 -3.36082 -3.0588 -2.7516 -2.44864 -2.15805 -1.88633 -1.63813 -1.41622 -1.2217 -1.0542 -0.912263 -0.793646 -0.695654 -0.615414 -0.550199 -0.498841 -0.476749 -0.688322 
0.362056 0.725182 0.727207 0.729017 0.730634 0.73208 0.733375 0.734533 0.73557 0.7365 0.737336 0.738087 0.738766 0.73938 0.739939 0.740448 0.740914 0.741341 0.74173 0.742081 0.742391 0.742653 0.742855 0.742982 0.743007 0.742898 0.742608 0.74207 0.741193 0.739849 0.737852 0.734931 0.730676 0.724446 0.715205 0.701197 0.679285 0.643429 0.580639 0.456804 0.150227 -0.916163 -5.6876 -24.9857 -49.3688 -45.7419 -16.5509 0 0 0 0 0 0 2.12088 4.46483 1.85888 -1.91231 -2.88948 -2.68129 -2.09093 -1.31568 -0.379116 0.715419 1.9622 3.35122 4.85883 6.43724 8.03772 9.62515 11.1589 12.5927 13.8464 14.8099 15.44 15.7605 15.7975 15.576 15.1252 14.48 13.6799 12.7662 11.78 10.759 9.73632 8.73954 7.78996 6.90291 6.08828 5.35121 4.69298 4.11197 3.60444 3.16531 2.7888 2.4689 2.19972 1.97575 1.79201 1.64406 1.52805 1.44066 1.37897 1.34045 1.32279 1.3238 1.34137 1.37335 1.41753 1.47162 1.53323 1.59993 1.66925 1.7388 1.80628 1.86957 1.92677 1.97623 2.01663 2.04695 2.06649 2.07486 2.07195 2.05791 2.03313 1.99818 1.95379 1.9008 1.84014 1.77279 1.69974 1.62201 1.54056 1.45635 1.37026 1.28314 1.19576 1.10883 1.02299 0.938839 0.8569 0.777646 0.701491 0.628784 0.559795 0.494683 0.433461 0.375939 0.321653 0.269795 0.219131 0.16794 0.113973 0.0544568 -0.013844 -0.0945049 -0.191246 -0.307682 -0.447028 -0.61179 -0.803486 -1.0224 -1.26745 -1.53609 -1.82441 -2.12724 -2.43837 -2.75084 -3.05722 -3.34993 -3.62148 -3.86471 -4.07302 -4.24054 -4.36226 -4.4342 -4.45364 -4.41926 -4.33142 -4.19231 -4.00611 -3.77891 -3.51841 -3.23372 -2.93504 -2.63268 -2.33606 -2.05322 -1.79041 -1.55196 -1.3403 -1.15613 -0.998782 -0.866514 -0.756887 -0.667079 -0.594157 -0.535367 -0.489373 -0.469334 -0.654505 
0.371118 0.743314 0.745356 0.747183 0.748818 0.750282 0.751593 0.752767 0.753818 0.75476 0.755603 0.756358 0.757035 0.757641 0.758184 0.75867 0.759103 0.759486 0.759818 0.760099 0.760323 0.760482 0.760563 0.760547 0.760408 0.760109 0.759601 0.758816 0.757664 0.756014 0.753684 0.750412 0.745807 0.739272 0.729859 0.716007 0.694995 0.661743 0.605616 0.499171 0.246356 -0.582168 -3.90033 -15.1342 -31.2174 -47.3064 -45.6558 -17.7186 0 0 0 0 1.92163 4.56134 2.6808 -1.54619 -3.78313 -4.48281 -4.42648 -3.98738 -3.28561 -2.36027 -1.23837 0.0533459 1.49008 3.05971 4.73866 6.47178 8.20517 9.89389 11.4866 12.9268 14.1233 14.9763 15.48 15.6844 15.6237 15.3267 14.824 14.1502 13.3429 12.4407 11.481 10.4978 9.52073 8.574 7.67614 6.84035 6.07491 5.38398 4.76836 4.22637 3.75454 3.34832 3.00259 2.7121 2.47177 2.27682 2.12293 2.00623 1.92325 1.87085 1.84615 1.84635 1.86871 1.91041 1.96855 2.04005 2.12175 2.2104 2.30273 2.39555 2.48583 2.57076 2.64785 2.71496 2.77038 2.81278 2.84126 2.85532 2.85481 2.83992 2.81112 2.76914 2.71486 2.64934 2.57374 2.48928 2.39721 2.29881 2.1953 2.08789 1.97772 1.86585 1.75329 1.64094 1.52962 1.42009 1.313 1.20895 1.10845 1.01195 0.919791 0.832257 0.74949 0.671481 0.598012 0.528596 0.462402 0.39819 0.334247 0.268355 0.197798 0.119416 0.0297328 -0.0748685 -0.197899 -0.342489 -0.511095 -0.705225 -0.925214 -1.17007 -1.43742 -1.72355 -2.0235 -2.33134 -2.64034 -2.9433 -3.23282 -3.50153 -3.74236 -3.9487 -4.11457 -4.23484 -4.30538 -4.3233 -4.2872 -4.19744 -4.05639 -3.86848 -3.64022 -3.37979 -3.09672 -2.80147 -2.50447 -2.21507 -1.94111 -1.68848 -1.46108 -1.26087 -1.08816 -0.941884 -0.820028 -0.719955 -0.638731 -0.573384 -0.521164 -0.480589 -0.46255 -0.620049 
0.379912 0.760911 0.762974 0.764824 0.766483 0.767973 0.76931 0.77051 0.771586 0.772551 0.773414 0.774187 0.774877 0.775492 0.776037 0.776518 0.776937 0.777296 0.777594 0.777828 0.777992 0.778075 0.778063 0.777936 0.777667 0.777217 0.776536 0.775558 0.77419 0.772309 0.76974 0.766238 0.761444 0.754822 0.745547 0.732291 0.712815 0.68308 0.63488 0.547563 0.351031 -0.248675 -2.4259 -9.07812 -19.7371 -31.9284 -48.8008 -50.1998 -30.1283 -14.0994 -6.97792 -2.86541 0.780537 0.646246 -2.63449 -5.02216 -6.33259 -6.77732 -6.72129 -6.31667 -5.61581 -4.65586 -3.47145 -2.09829 -0.570984 1.08034 2.83902 4.67866 6.54887 8.39348 10.1548 11.7729 13.1835 14.2806 14.9945 15.3677 15.4608 15.3102 14.9461 14.3999 13.706 12.9001 12.0182 11.0942 10.1585 9.23685 8.35024 7.51441 6.74033 6.03474 5.40084 4.83902 4.34759 3.92344 3.56264 3.26082 3.01353 2.81646 2.66553 2.55694 2.48709 2.45257 2.45 2.47595 2.52687 2.59903 2.6885 2.7912 2.90294 3.01956 3.13699 3.25139 3.35923 3.45744 3.54338 3.61494 3.67054 3.70907 3.72994 3.73296 3.71836 3.68667 3.6387 3.5755 3.49828 3.40838 3.30724 3.19631 3.07709 2.95106 2.81966 2.68426 2.54619 2.40665 2.26679 2.12765 1.99014 1.85513 1.72334 1.59543 1.47196 1.35341 1.24014 1.13244 1.03042 0.934074 0.84314 0.757104 0.675109 0.595895 0.517747 0.438467 0.355381 0.265399 0.165132 0.0510692 -0.0801944 -0.231692 -0.40581 -0.604024 -0.826685 -1.07288 -1.34035 -1.62554 -1.92374 -2.22921 -2.53547 -2.83552 -3.12214 -3.38806 -3.62626 -3.83009 -3.99348 -4.11113 -4.17878 -4.19343 -4.15367 -4.06002 -3.91512 -3.72384 -3.49323 -3.23205 -2.95033 -2.65878 -2.36784 -2.08673 -1.82291 -1.5818 -1.36676 -1.1792 -1.01896 -0.884576 -0.773748 -0.683657 -0.611283 -0.553644 -0.508025 -0.472829 -0.456675 -0.585477 
0.3884 0.777901 0.77999 0.781868 0.783559 0.785082 0.786454 0.78769 0.788802 0.789802 0.7907 0.791504 0.792223 0.792862 0.793427 0.793921 0.794346 0.794703 0.79499 0.795201 0.795331 0.795367 0.795293 0.79509 0.794727 0.794167 0.793361 0.792242 0.790723 0.788686 0.785969 0.782348 0.777505 0.770976 0.762062 0.749675 0.732043 0.706066 0.66566 0.595992 0.448746 0.0340015 -1.34408 -5.29248 -12.2139 -21.1257 -32.7642 -51.8657 -52.2221 -33.4951 -22.6415 -14.6431 -9.73238 -8.55288 -8.68693 -9.28863 -9.70025 -9.73609 -9.49727 -9.01658 -8.25622 -7.23074 -5.9667 -4.49761 -2.8605 -1.09209 0.772324 2.70684 4.68565 6.66605 8.58621 10.3796 11.9823 13.3154 14.2706 14.8324 15.0834 15.0786 14.8522 14.4351 13.8593 13.1585 12.3668 11.5174 10.6407 9.76332 8.90768 8.09147 7.32782 6.62571 5.99053 5.42468 4.9283 4.49985 4.13669 3.83552 3.59268 3.4044 3.26688 3.17636 3.12901 3.12093 3.14803 3.20598 3.29016 3.39569 3.51752 3.65046 3.78939 3.9294 4.06587 4.19465 4.31215 4.41536 4.50188 4.56996 4.61838 4.64649 4.65408 4.64137 4.60891 4.55754 4.48834 4.40259 4.30168 4.18713 4.06053 3.92349 3.77765 3.6246 3.46594 3.30315 3.1377 2.97092 2.80406 2.63828 2.47462 2.31401 2.15728 2.00516 1.85826 1.71709 1.58207 1.45347 1.33142 1.21588 1.10659 1.00298 0.904179 0.808904 0.715432 0.621576 0.524699 0.421777 0.309507 0.184486 0.0434261 -0.116596 -0.297875 -0.501826 -0.728788 -0.977881 -1.24695 -1.53257 -1.83022 -2.13434 -2.43867 -2.7364 -3.02042 -3.28356 -3.5188 -3.71941 -3.8792 -3.99274 -4.05563 -4.06486 -4.01916 -3.91933 -3.76848 -3.57212 -3.33794 -3.07538 -2.79498 -2.50765 -2.22377 -1.95223 -1.69997 -1.4718 -1.27042 -1.09665 -0.949783 -0.827975 -0.728637 -0.648798 -0.585389 -0.535456 -0.49635 -0.466394 -0.451952 -0.551292 
0.396553 0.79422 0.796339 0.798252 0.799982 0.801546 0.802962 0.804243 0.805402 0.806449 0.807394 0.808244 0.809006 0.809687 0.810289 0.810815 0.811267 0.811643 0.811941 0.812156 0.812278 0.812296 0.812193 0.811947 0.811529 0.810903 0.810019 0.808813 0.807204 0.805082 0.802301 0.79866 0.793885 0.787581 0.779174 0.767796 0.752075 0.729697 0.696275 0.641526 0.533585 0.25493 -0.596574 -2.92743 -7.30233 -13.4964 -21.5228 -31.7782 -37.4188 -35.5492 -31.3119 -26.0584 -21.0737 -17.5053 -15.4342 -14.4106 -13.8417 -13.295 -12.6696 -11.9673 -11.0907 -9.98759 -8.65012 -7.09697 -5.36003 -3.47307 -1.47848 0.578844 2.66479 4.75327 6.8056 8.75794 10.5393 12.0826 13.2847 14.0693 14.4908 14.6367 14.5504 14.2647 13.8111 13.2218 12.5297 11.7669 10.9634 10.1463 9.33866 8.55966 7.8241 7.14282 6.52311 5.96928 5.4832 5.06489 4.71305 4.42543 4.19915 4.03091 3.91707 3.85365 3.83635 3.86045 3.92086 4.01204 4.12815 4.26312 4.41085 4.56534 4.72093 4.87247 5.01538 5.14582 5.26066 5.35747 5.4345 5.49058 5.52508 5.5378 5.52891 5.49888 5.44845 5.37856 5.29035 5.18507 5.06414 4.92905 4.78136 4.62268 4.45467 4.27896 4.09718 3.91092 3.72169 3.53094 3.34004 3.15024 2.96269 2.77844 2.59841 2.42342 2.25417 2.09123 1.93505 1.78596 1.6441 1.50942 1.38164 1.2602 1.14419 1.03231 0.922828 0.813579 0.701961 0.585015 0.459533 0.322228 0.16994 -0.000121364 -0.190134 -0.401427 -0.634291 -0.887848 -1.16 -1.44743 -1.74574 -2.04956 -2.35278 -2.64872 -2.93037 -3.19058 -3.42228 -3.61863 -3.7733 -3.88075 -3.93654 -3.93777 -3.88345 -3.7749 -3.61592 -3.41281 -3.17406 -2.90983 -2.63109 -2.34891 -2.0734 -1.81295 -1.57382 -1.36006 -1.17363 -1.01467 -0.881946 -0.773211 -0.685639 -0.616145 -0.561653 -0.51928 -0.486482 -0.461531 -0.448574 -0.517954 
0.404341 0.809813 0.811967 0.813921 0.815695 0.817308 0.818776 0.820112 0.821329 0.822435 0.823439 0.824349 0.82517 0.825907 0.826563 0.827141 0.827639 0.828056 0.828389 0.828631 0.828773 0.828802 0.828701 0.828448 0.828014 0.827362 0.826447 0.825208 0.823568 0.821428 0.818657 0.81508 0.810463 0.804478 0.796662 0.786334 0.772452 0.753318 0.725835 0.683069 0.604718 0.420441 -0.0975269 -1.46155 -4.15247 -8.26822 -13.7472 -20.3494 -25.7413 -28.2286 -28.5776 -27.376 -25.2074 -22.7665 -20.6276 -19.0324 -17.8896 -16.934 -15.9609 -14.9551 -13.9019 -12.7154 -11.3423 -9.76595 -7.98842 -6.02473 -3.91727 -1.72526 0.495352 2.69962 4.85934 6.93963 8.87974 10.607 12.0422 13.0712 13.686 13.992 14.0512 13.9007 13.5732 13.1007 12.5153 11.8484 11.1294 10.3854 9.64016 8.9136 8.22183 7.5772 6.98865 6.4621 6.00101 5.6068 5.27934 5.01726 4.81824 4.67915 4.59612 4.56461 4.57941 4.63467 4.72402 4.84069 4.97771 5.12817 5.28546 5.44349 5.5969 5.74114 5.87254 5.98826 6.08621 6.16498 6.22367 6.26181 6.27924 6.27603 6.25246 6.20897 6.14611 6.0646 5.96527 5.84911 5.71723 5.57086 5.41136 5.24018 5.05884 4.86892 4.67202 4.46975 4.26367 4.05533 3.84617 3.63759 3.43085 3.22712 3.02747 2.83282 2.64399 2.46164 2.28632 2.11839 1.95805 1.80527 1.65979 1.52103 1.38808 1.25964 1.13398 1.00896 0.88202 0.750281 0.610641 0.459946 0.295187 0.113726 -0.0864663 -0.3066 -0.546881 -0.806396 -1.08306 -1.37362 -1.67376 -1.97824 -2.28104 -2.57556 -2.85481 -3.11161 -3.33876 -3.5293 -3.67677 -3.77556 -3.82133 -3.81147 -3.74553 -3.62559 -3.45636 -3.2451 -3.00119 -2.73546 -2.45927 -2.18361 -1.91815 -1.67056 -1.44625 -1.24838 -1.07807 -0.934795 -0.816765 -0.721391 -0.645648 -0.586397 -0.540605 -0.505505 -0.478695 -0.458425 -0.446677 -0.485872 
0.411742 0.824633 0.826827 0.828826 0.830651 0.832321 0.833849 0.83525 0.836533 0.837709 0.838785 0.839768 0.840662 0.841471 0.842198 0.842844 0.843408 0.843888 0.844278 0.844572 0.84476 0.844829 0.844761 0.844534 0.84412 0.843485 0.842583 0.84136 0.839743 0.837645 0.834949 0.831505 0.827115 0.821512 0.814325 0.805027 0.792838 0.776526 0.753939 0.720499 0.66361 0.542253 0.229618 -0.561844 -2.17675 -4.8084 -8.47021 -12.9544 -17.3191 -20.6366 -22.7603 -23.7741 -23.8512 -23.2538 -22.3005 -21.271 -20.3144 -19.432 -18.5064 -17.4625 -16.3291 -15.1081 -13.7592 -12.2426 -10.5271 -8.59861 -6.47463 -4.20127 -1.84814 0.501007 2.78405 4.97234 7.03633 8.922 10.5588 11.8306 12.6695 13.1507 13.3644 13.355 13.1584 12.8075 12.3346 11.7708 11.1452 10.4848 9.81354 9.15208 8.51741 7.92305 7.37922 6.89319 6.46965 6.1111 5.81821 5.59007 5.42444 5.31786 5.26575 5.26254 5.30179 5.37637 5.47874 5.60125 5.73649 5.87759 6.01853 6.15426 6.28083 6.39533 6.49576 6.58089 6.65005 6.70291 6.73936 6.75937 6.7629 6.74987 6.7202 6.6738 6.61062 6.5307 6.43422 6.32153 6.19317 6.04989 5.89263 5.72252 5.54085 5.34904 5.14862 4.94117 4.7283 4.51162 4.2927 4.07306 3.85414 3.63725 3.42363 3.21435 3.01039 2.81254 2.62146 2.43762 2.26127 2.09246 1.93096 1.7762 1.6273 1.48297 1.3415 1.20078 1.05834 0.911384 0.756941 0.592012 0.413765 0.219747 0.00810904 -0.2222 -0.471263 -0.738085 -1.02054 -1.3154 -1.61836 -1.92424 -2.22704 -2.52015 -2.79652 -3.04886 -3.26981 -3.45226 -3.58969 -3.67655 -3.70879 -3.68435 -3.6036 -3.46964 -3.28831 -3.06799 -2.81894 -2.55258 -2.28043 -2.01318 -1.7598 -1.52703 -1.31926 -1.13867 -0.985505 -0.858546 -0.75552 -0.673541 -0.609461 -0.560147 -0.52267 -0.494423 -0.473175 -0.457187 -0.446336 -0.455392 
0.418737 0.838643 0.840881 0.84293 0.844813 0.846545 0.848141 0.849614 0.850975 0.852231 0.85339 0.854457 0.855438 0.856334 0.857148 0.85788 0.858528 0.859089 0.859558 0.859927 0.860186 0.860322 0.860317 0.860149 0.859791 0.85921 0.858364 0.857201 0.855657 0.853653 0.851087 0.847831 0.84372 0.838536 0.831986 0.823666 0.812993 0.799086 0.780461 0.754143 0.712467 0.631988 0.443127 -0.0136593 -0.96344 -2.59267 -4.97602 -8.02347 -11.3273 -14.383 -16.9145 -18.8132 -20.0664 -20.7314 -20.9225 -20.7837 -20.4444 -19.984 -19.4211 -18.7074 -17.8155 -16.7683 -15.5744 -14.2224 -12.6839 -10.9282 -8.93675 -6.71954 -4.33193 -1.87051 0.560954 2.88231 5.05645 7.06317 8.85788 10.3536 11.4332 12.1107 12.4928 12.6342 12.5752 12.3516 11.9967 11.5421 11.0169 10.4482 9.86014 9.27367 8.70647 8.17288 7.68401 7.24802 6.87036 6.55407 6.30004 6.10721 5.97281 5.89246 5.86045 5.86992 5.91325 5.98238 6.06933 6.16661 6.2676 6.3669 6.46043 6.54547 6.62051 6.68502 6.73914 6.7834 6.81843 6.84473 6.86253 6.87172 6.87182 6.86208 6.84149 6.80893 6.7633 6.70355 6.62885 6.53863 6.43259 6.31078 6.17356 6.02161 5.8559 5.67763 5.48818 5.28911 5.08205 4.86871 4.65078 4.42995 4.20783 3.98596 3.76574 3.54849 3.33534 3.12727 2.92509 2.72941 2.54059 2.35877 2.18377 2.01511 1.85191 1.69295 1.53655 1.38069 1.22297 1.06074 0.891163 0.711445 0.518959 0.311476 0.0873647 -0.154224 -0.4132 -0.688436 -0.977712 -1.27773 -1.58416 -1.89176 -2.19446 -2.48556 -2.75786 -3.00387 -3.21608 -3.38727 -3.51097 -3.5819 -3.59657 -3.5538 -3.45509 -3.30483 -3.11018 -2.88063 -2.62729 -2.36193 -2.09597 -1.83951 -1.60053 -1.38464 -1.19508 -1.03297 -0.8977 -0.787399 -0.699384 -0.63056 -0.577733 -0.537853 -0.508149 -0.486214 -0.470018 -0.457851 -0.447561 -0.426786 
0.425311 0.851813 0.854099 0.856204 0.858148 0.859949 0.861621 0.863175 0.86462 0.865966 0.867218 0.868382 0.869461 0.870457 0.871373 0.872206 0.872955 0.873616 0.874184 0.874651 0.875004 0.875233 0.875318 0.875239 0.874969 0.874478 0.873725 0.872664 0.871236 0.869371 0.866981 0.863957 0.860162 0.855418 0.849495 0.842083 0.832751 0.820867 0.805419 0.784486 0.753468 0.699154 0.583823 0.32007 -0.230519 -1.21293 -2.72199 -4.75271 -7.13859 -9.61551 -11.9598 -14.0227 -15.7199 -17.0181 -17.9273 -18.4911 -18.7704 -18.824 -18.6949 -18.4041 -17.9409 -17.2917 -16.4561 -15.4294 -14.2004 -12.7444 -11.0293 -9.03638 -6.78385 -4.34081 -1.82291 0.640491 2.95391 5.07525 6.98883 8.65899 9.96472 10.8593 11.4278 11.7337 11.8223 11.7335 11.5029 11.1632 10.7443 10.2735 9.77509 9.27034 8.77729 8.31067 7.88204 7.49986 7.16972 6.89451 6.67466 6.50833 6.39163 6.31899 6.28348 6.27728 6.29227 6.32056 6.35511 6.39013 6.42142 6.44646 6.46436 6.47556 6.48149 6.48414 6.48563 6.48786 6.49224 6.49949 6.50959 6.52176 6.53457 6.54606 6.5539 6.55556 6.54852 6.53037 6.49899 6.45263 6.38997 6.31019 6.21292 6.09827 5.96679 5.81939 5.65729 5.48198 5.29511 5.09848 4.89393 4.68334 4.46853 4.25128 4.03323 3.81593 3.60074 3.38887 3.18131 2.97884 2.78198 2.59098 2.40577 2.22594 2.05071 1.87891 1.70896 1.53892 1.36654 1.18932 1.00462 0.809878 0.602713 0.381163 0.143863 -0.109783 -0.379457 -0.663834 -0.960525 -1.26608 -1.57605 -1.88501 -2.18674 -2.47432 -2.74032 -2.97706 -3.17688 -3.33259 -3.43798 -3.48835 -3.48112 -3.41633 -3.29693 -3.12882 -2.92053 -2.68263 -2.42681 -2.16493 -1.90797 -1.66506 -1.44296 -1.24596 -1.07606 -0.933324 -0.81634 -0.722682 -0.649356 -0.593158 -0.550943 -0.51981 -0.497202 -0.480942 -0.469222 -0.460376 -0.450301 -0.400249 
0.431455 0.864124 0.866462 0.868626 0.870638 0.872513 0.874266 0.875907 0.877446 0.87889 0.880245 0.881515 0.882703 0.883812 0.884841 0.88579 0.886656 0.887434 0.888119 0.888702 0.889172 0.889516 0.889717 0.889754 0.889602 0.889232 0.888607 0.887683 0.886409 0.884722 0.882546 0.879787 0.876331 0.872036 0.866719 0.860143 0.851988 0.841803 0.828893 0.812026 0.788456 0.750806 0.678811 0.525161 0.20829 -0.372355 -1.3037 -2.62211 -4.27754 -6.14524 -8.08122 -9.95902 -11.6819 -13.1837 -14.4278 -15.4033 -16.1204 -16.6014 -16.8731 -16.9601 -16.8807 -16.6441 -16.2435 -15.6598 -14.8667 -13.8335 -12.5262 -10.9076 -8.96081 -6.71611 -4.26486 -1.74475 0.699222 2.96074 4.993 6.78724 8.27278 9.38159 10.1504 10.6363 10.8853 10.9408 10.8416 10.6226 10.3148 9.946 9.54089 9.12085 8.70395 8.30493 7.93521 7.60297 7.31324 7.06815 6.86709 6.70701 6.58287 6.48809 6.41517 6.35642 6.30463 6.25375 6.19935 6.13897 6.07212 6.0001 5.92565 5.85241 5.78439 5.72549 5.67909 5.64766 5.63266 5.6344 5.65207 5.68385 5.72705 5.77829 5.83377 5.88942 5.94116 5.98511 6.01771 6.0359 6.03719 6.0197 5.98221 5.92416 5.84552 5.74685 5.62912 5.49369 5.34223 5.17658 4.99874 4.81077 4.61474 4.41267 4.20648 3.99797 3.78879 3.58037 3.37394 3.17048 2.97071 2.77501 2.58345 2.39575 2.21124 2.02885 1.84713 1.6643 1.47825 1.28669 1.08724 0.877593 0.655682 0.419858 0.169077 -0.0969426 -0.377587 -0.671253 -0.975293 -1.28601 -1.59869 -1.90765 -2.20639 -2.48769 -2.74387 -2.96707 -3.14963 -3.28461 -3.36638 -3.39121 -3.35782 -3.26784 -3.12591 -2.93954 -2.71858 -2.47442 -2.21903 -1.96392 -1.71922 -1.49284 -1.29003 -1.11368 -0.964527 -0.841647 -0.742917 -0.665491 -0.606189 -0.561813 -0.529357 -0.506135 -0.489841 -0.478556 -0.470697 -0.46465 -0.454448 -0.375905 
0.437163 0.875566 0.877958 0.880186 0.882269 0.884224 0.886063 0.887798 0.889436 0.890985 0.892451 0.893836 0.895144 0.896375 0.89753 0.898607 0.899603 0.900514 0.901332 0.902049 0.902654 0.903134 0.903473 0.90365 0.903643 0.903421 0.902953 0.902198 0.90111 0.899632 0.897698 0.89523 0.892131 0.888286 0.88355 0.87774 0.870617 0.861857 0.850984 0.837202 0.818869 0.791883 0.745414 0.654117 0.471431 0.132591 -0.430045 -1.26399 -2.37272 -3.7101 -5.19872 -6.752 -8.28888 -9.74124 -11.0571 -12.2018 -13.1569 -13.9179 -14.4903 -14.8858 -15.119 -15.2047 -15.1557 -14.9698 -14.6224 -14.072 -13.2606 -12.131 -10.639 -8.76973 -6.5691 -4.15257 -1.6792 0.696098 2.86446 4.77971 6.40113 7.68556 8.64575 9.31883 9.7393 9.94867 9.98811 9.8947 9.7011 9.43596 9.12424 8.78732 8.44304 8.1057 7.78607 7.4915 7.226 6.99054 6.78336 6.60045 6.43614 6.28386 6.13696 5.98949 5.83696 5.6768 5.50866 5.33433 5.15747 4.9831 4.81702 4.66515 4.53301 4.42528 4.34548 4.29582 4.27709 4.28874 4.32896 4.39483 4.48249 4.58735 4.70433 4.82805 4.95306 5.0741 5.18624 5.28507 5.36684 5.42853 5.4679 5.48351 5.47465 5.44133 5.38415 5.30424 5.20313 5.08271 4.94505 4.79237 4.62695 4.45107 4.26692 4.07658 3.88197 3.68479 3.48654 3.28841 3.09133 2.89588 2.70229 2.51044 2.31981 2.12947 1.93816 1.74427 1.54592 1.34108 1.12767 0.903695 0.667458 0.417687 0.153726 -0.124318 -0.415452 -0.717697 -1.02804 -1.34242 -1.65574 -1.96195 -2.25417 -2.52488 -2.76617 -2.97015 -3.12941 -3.2376 -3.29009 -3.28453 -3.22139 -3.10414 -2.93926 -2.73578 -2.50463 -2.25764 -2.00658 -1.76214 -1.53324 -1.32627 -1.14488 -0.990494 -0.862661 -0.75959 -0.678608 -0.616597 -0.570335 -0.53674 -0.513023 -0.496765 -0.485941 -0.478896 -0.474272 -0.470504 -0.459851 -0.353802 
0.442435 0.886135 0.888584 0.890879 0.893037 0.895075 0.897006 0.898839 0.900583 0.902244 0.903827 0.905334 0.90677 0.908133 0.909423 0.910639 0.911777 0.912832 0.913797 0.914663 0.91542 0.916055 0.916551 0.916889 0.917047 0.916999 0.916712 0.916152 0.915275 0.914032 0.912364 0.910205 0.907474 0.904074 0.899892 0.894783 0.88857 0.881015 0.871789 0.860371 0.845774 0.825707 0.794394 0.738357 0.631649 0.434681 0.0999371 -0.415745 -1.13589 -2.0551 -3.1414 -4.34578 -5.61218 -6.8852 -8.11518 -9.26139 -10.2936 -11.1923 -11.9478 -12.5584 -13.0288 -13.3672 -13.5838 -13.6859 -13.6753 -13.5283 -13.1905 -12.5888 -11.6412 -10.2867 -8.51556 -6.39067 -4.05033 -1.67052 0.591276 2.631 4.38142 5.80801 6.92804 7.77163 8.36118 8.7284 8.91061 8.94511 8.86583 8.70226 8.47964 8.21917 7.93818 7.65019 7.36498 7.0888 6.82458 6.57235 6.32975 6.09268 5.85618 5.61526 5.36587 5.10554 4.83396 4.55313 4.26721 3.98216 3.70511 3.44365 3.20522 2.99651 2.82305 2.68898 2.59691 2.54795 2.54179 2.57683 2.65031 2.75851 2.89687 3.06014 3.24258 3.43807 3.64036 3.84324 4.04073 4.22728 4.39794 4.5485 4.67559 4.77669 4.85018 4.8953 4.91203 4.90106 4.86364 4.80146 4.71658 4.61128 4.48798 4.34913 4.19718 4.03446 3.86315 3.68522 3.50243 3.31623 3.12775 2.9378 2.74682 2.55487 2.36161 2.16633 1.96798 1.76518 1.55636 1.33977 1.11371 0.876575 0.627096 0.364453 0.0884569 -0.200308 -0.500367 -0.809259 -1.12349 -1.4385 -1.74873 -2.04768 -2.32808 -2.58214 -2.8019 -2.9797 -3.10876 -3.18379 -3.2016 -3.16171 -3.06658 -2.9217 -2.7353 -2.51769 -2.28042 -2.03525 -1.7932 -1.56368 -1.354 -1.16894 -1.01056 -0.87883 -0.772265 -0.688391 -0.624174 -0.576394 -0.541918 -0.51788 -0.501771 -0.491475 -0.485254 -0.481715 -0.479712 -0.477722 -0.466323 -0.333931 
0.447272 0.895838 0.898347 0.90071 0.902947 0.905072 0.907098 0.909033 0.910887 0.912664 0.91437 0.916006 0.917575 0.919077 0.920511 0.921875 0.923164 0.924374 0.925497 0.926525 0.927448 0.928251 0.928921 0.929437 0.92978 0.929924 0.92984 0.929495 0.92885 0.927861 0.926478 0.92464 0.922281 0.91932 0.915664 0.911202 0.905794 0.899268 0.89139 0.881814 0.869936 0.854464 0.832306 0.796326 0.732319 0.616997 0.419261 0.105752 -0.350362 -0.961404 -1.72203 -2.61118 -3.59675 -4.64086 -5.70449 -6.75102 -7.74892 -8.67324 -9.50627 -10.2374 -10.8622 -11.3815 -11.7995 -12.1212 -12.3495 -12.4788 -12.4884 -12.323 -11.8961 -11.1125 -9.89702 -8.23945 -6.2203 -3.99738 -1.75522 0.353096 2.21746 3.77745 5.03473 6.01778 6.75273 7.26512 7.5843 7.74284 7.77306 7.70426 7.56163 7.36602 7.13405 6.87832 6.60764 6.32736 6.0398 5.74491 5.44091 5.12509 4.79479 4.44831 4.08568 3.70906 3.32296 2.9339 2.54996 2.18009 1.83332 1.51809 1.24172 1.00999 0.826996 0.695144 0.615265 0.586799 0.608025 0.676262 0.788053 0.9393 1.12536 1.3411 1.58096 1.83904 2.10915 2.38493 2.66004 2.92832 3.18398 3.4218 3.63725 3.82668 3.98733 4.11735 4.21584 4.2827 4.31857 4.32472 4.30293 4.25532 4.18427 4.0923 3.98198 3.85581 3.7162 3.56535 3.40523 3.23755 3.06368 2.88464 2.7011 2.51334 2.32127 2.12441 1.92198 1.71292 1.49598 1.26982 1.03314 0.784833 0.52412 0.250725 -0.0349799 -0.331833 -0.637767 -0.949729 -1.26362 -1.57433 -1.87574 -2.1609 -2.42225 -2.65193 -2.84222 -2.98612 -3.07793 -3.11391 -3.09282 -3.01632 -2.88905 -2.71842 -2.51411 -2.28723 -2.04935 -1.81156 -1.58357 -1.37314 -1.1857 -1.02436 -0.88977 -0.780625 -0.694601 -0.628759 -0.579901 -0.544866 -0.520733 -0.504922 -0.495247 -0.489902 -0.487438 -0.486702 -0.486741 -0.486061 -0.473653 -0.316225 
0.451683 0.904687 0.907257 0.909692 0.912009 0.914224 0.916347 0.918388 0.920355 0.922253 0.924085 0.925855 0.927563 0.929209 0.930793 0.932311 0.933759 0.935132 0.936423 0.937623 0.938721 0.939706 0.940561 0.94127 0.941812 0.942164 0.942298 0.942185 0.941788 0.941068 0.93998 0.938472 0.936486 0.933955 0.930801 0.926934 0.922248 0.91661 0.909852 0.90174 0.891892 0.879567 0.863094 0.838695 0.798687 0.729758 0.612569 0.423719 0.140167 -0.255402 -0.770562 -1.40174 -2.13522 -2.9496 -3.81883 -4.71515 -5.61167 -6.48438 -7.31346 -8.08405 -8.78631 -9.41504 -9.96885 -10.4487 -10.8555 -11.1869 -11.4316 -11.5614 -11.5232 -11.2294 -10.5769 -9.49085 -7.96354 -6.08244 -4.01397 -1.94413 -0.0313811 1.62533 2.99733 4.09703 4.94824 5.57716 6.01158 6.27858 6.40551 6.41888 6.34251 6.19636 5.99627 5.75407 5.47795 5.17303 4.84209 4.4863 4.10592 3.70115 3.27305 2.82437 2.35994 1.88673 1.41358 0.950533 0.508098 0.0964487 -0.27531 -0.599682 -0.871106 -1.08606 -1.24297 -1.34198 -1.38461 -1.37347 -1.31185 -1.20351 -1.05246 -0.86282 -0.63882 -0.384796 -0.105269 0.194984 0.510877 0.836993 1.16764 1.49694 1.81903 2.1282 2.41916 2.68722 2.92844 3.13975 3.31901 3.465 3.5774 3.65664 3.70384 3.72065 3.70912 3.67159 3.61053 3.52848 3.42791 3.31116 3.18039 3.03746 2.88398 2.72119 2.54999 2.3709 2.18409 1.98939 1.78635 1.57426 1.35229 1.11955 0.875266 0.618867 0.350179 0.0695598 -0.221956 -0.522524 -0.829384 -1.13879 -1.44599 -1.74525 -2.02996 -2.29285 -2.52629 -2.72266 -2.87496 -2.97732 -3.02567 -3.0183 -2.95623 -2.84339 -2.68649 -2.49452 -2.27807 -2.04837 -1.81638 -1.59189 -1.38289 -1.19516 -1.03223 -0.895525 -0.784543 -0.697121 -0.630271 -0.580817 -0.545587 -0.52162 -0.506287 -0.497349 -0.492949 -0.491592 -0.492089 -0.493507 -0.495058 -0.49526 -0.481622 -0.30058 
0.455676 0.912702 0.915336 0.917843 0.920242 0.922548 0.924771 0.92692 0.929002 0.931023 0.932985 0.934891 0.936741 0.938536 0.940273 0.94195 0.943562 0.945105 0.94657 0.947949 0.949232 0.950406 0.951457 0.952368 0.953121 0.953692 0.954056 0.954186 0.954048 0.953608 0.952823 0.951649 0.950034 0.947921 0.945245 0.941933 0.937897 0.933037 0.927227 0.920303 0.912016 0.901928 0.88912 0.871582 0.845185 0.802477 0.73188 0.618021 0.443594 0.192395 -0.147532 -0.58166 -1.10813 -1.71823 -2.39772 -3.12871 -3.89158 -4.66683 -5.43654 -6.18544 -6.90158 -7.57648 -8.20492 -8.78417 -9.3127 -9.78788 -10.2023 -10.5384 -10.7614 -10.8123 -10.6079 -10.0531 -9.07641 -7.67822 -5.95542 -4.07806 -2.23303 -0.560429 0.874114 2.0559 2.99419 3.7109 4.23141 4.58011 4.78099 4.85703 4.82899 4.71484 4.52935 4.28377 3.9864 3.64318 3.25857 2.83632 2.37999 1.89374 1.38311 0.855555 0.320472 -0.211185 -0.72756 -1.21673 -1.66755 -2.07042 -2.41779 -2.70449 -2.9278 -3.08726 -3.18436 -3.22214 -3.20471 -3.13679 -3.02335 -2.86922 -2.67895 -2.45662 -2.20586 -1.92992 -1.63186 -1.31466 -0.98152 -0.635942 -0.281905 0.076128 0.433258 0.78429 1.12394 1.44704 1.74885 2.02517 2.2726 2.48857 2.67145 2.82045 2.93563 3.01773 3.06809 3.0885 3.08103 3.04796 2.99164 2.91435 2.81828 2.7054 2.57743 2.4358 2.28163 2.11569 1.93843 1.75001 1.55036 1.33919 1.11615 0.880898 0.633228 0.373226 0.101405 -0.18115 -0.47265 -0.770478 -1.07111 -1.37008 -1.66197 -1.94052 -2.1988 -2.42948 -2.62521 -2.77914 -2.88547 -2.94003 -2.94085 -2.88852 -2.78643 -2.64064 -2.45953 -2.25306 -2.032 -1.80699 -1.58769 -1.38212 -1.19625 -1.03386 -0.896646 -0.784535 -0.696103 -0.62875 -0.579178 -0.544123 -0.520599 -0.505941 -0.497871 -0.494499 -0.494293 -0.496038 -0.498779 -0.501768 -0.504355 -0.505058 -0.490003 -0.286854 
0.459265 0.919909 0.922606 0.925188 0.92767 0.930068 0.932392 0.93465 0.936849 0.938993 0.941087 0.943131 0.945125 0.94707 0.948964 0.950803 0.952583 0.954298 0.955941 0.957504 0.958977 0.960347 0.9616 0.962721 0.963691 0.964489 0.965092 0.965472 0.965601 0.965445 0.964967 0.964127 0.962879 0.961173 0.958953 0.956157 0.952715 0.948545 0.943552 0.937613 0.930563 0.922131 0.911797 0.898478 0.879959 0.852123 0.808231 0.738648 0.631399 0.473605 0.253449 -0.0379035 -0.404934 -0.847181 -1.35942 -1.93244 -2.55418 -3.21108 -3.88924 -4.57562 -5.25877 -5.92937 -6.58039 -7.20686 -7.80523 -8.37194 -8.90106 -9.38052 -9.78676 -10.0785 -10.1927 -10.0471 -9.55789 -8.67314 -7.41192 -5.88016 -4.24134 -2.6559 -1.23335 -0.0248841 0.959671 1.73078 2.30615 2.7072 2.95525 3.07008 3.0696 2.96968 2.78379 2.52284 2.19581 1.81046 1.37391 0.893404 0.376521 -0.168296 -0.731122 -1.3004 -1.86326 -2.40625 -2.91618 -3.38101 -3.7906 -4.13729 -4.4162 -4.62523 -4.76492 -4.83803 -4.84911 -4.80394 -4.70902 -4.57103 -4.39648 -4.19128 -3.96055 -3.7085 -3.43835 -3.15248 -2.85253 -2.53971 -2.21507 -1.87976 -1.53537 -1.18406 -0.828685 -0.472837 -0.120699 0.223127 0.55387 0.866859 1.15778 1.42291 1.65923 1.86458 2.03762 2.17783 2.28543 2.36123 2.40655 2.42306 2.41263 2.37727 2.31895 2.23958 2.14088 2.02437 1.8913 1.74268 1.57924 1.40148 1.20973 1.00418 0.785021 0.5525 0.307088 0.049587 -0.218724 -0.495961 -0.779518 -1.06598 -1.35105 -1.6296 -1.89569 -2.14274 -2.36382 -2.55194 -2.70058 -2.80416 -2.85862 -2.86193 -2.81446 -2.71919 -2.58166 -2.4096 -2.21234 -2.00006 -1.78293 -1.57028 -1.36998 -1.18798 -1.02816 -0.892424 -0.780899 -0.692372 -0.624708 -0.575179 -0.540591 -0.517765 -0.503972 -0.496905 -0.494646 -0.495643 -0.498659 -0.502723 -0.507077 -0.511128 -0.514333 -0.515199 -0.498576 -0.274884 
0.462464 0.926339 0.9291 0.931756 0.934322 0.936812 0.939237 0.941604 0.94392 0.946189 0.948414 0.950596 0.952736 0.954832 0.956883 0.958885 0.960834 0.962723 0.964547 0.966296 0.967961 0.96953 0.970989 0.972324 0.973516 0.974545 0.97539 0.976026 0.976424 0.976555 0.976384 0.975875 0.974986 0.973674 0.971889 0.969578 0.966681 0.963132 0.958853 0.953752 0.947712 0.940556 0.93198 0.921385 0.907577 0.888296 0.859698 0.815949 0.749213 0.650171 0.509039 0.316848 0.0666618 -0.245521 -0.620326 -1.05505 -1.54408 -2.07965 -2.65268 -3.25361 -3.87321 -4.50314 -5.13634 -5.76712 -6.39088 -7.00342 -7.59944 -8.17 -8.69869 -9.1567 -9.49793 -9.65748 -9.55841 -9.13157 -8.3469 -7.24176 -5.92358 -4.53676 -3.21341 -2.04097 -1.05885 -0.274327 0.321504 0.744953 1.01332 1.14311 1.15018 1.04885 0.851698 0.569628 0.212775 -0.208879 -0.685054 -1.20477 -1.75647 -2.3278 -2.90529 -3.4745 -4.02064 -4.52943 -4.98798 -5.38557 -5.71425 -5.96913 -6.14839 -6.25313 -6.28694 -6.25546 -6.16578 -6.02588 -5.84412 -5.62873 -5.38743 -5.12705 -4.85336 -4.57085 -4.28273 -3.99095 -3.69633 -3.39881 -3.09773 -2.79217 -2.48131 -2.16476 -1.84282 -1.51665 -1.18834 -0.860853 -0.537856 -0.2235 0.0778708 0.361999 0.624973 0.863432 1.0747 1.25686 1.40876 1.52996 1.62064 1.68152 1.71369 1.71851 1.69753 1.6523 1.58438 1.49521 1.38611 1.25819 1.11245 0.949695 0.770664 0.57605 0.366603 0.143227 -0.0929022 -0.340216 -0.596635 -0.859459 -1.12528 -1.38993 -1.64847 -1.89529 -2.12418 -2.32865 -2.50217 -2.63866 -2.73292 -2.78117 -2.78148 -2.73415 -2.64189 -2.50977 -2.34493 -2.15603 -1.95255 -1.74405 -1.53936 -1.34599 -1.16972 -1.01439 -0.88197 -0.772747 -0.685689 -0.618825 -0.569635 -0.535399 -0.513304 -0.50051 -0.494552 -0.493482 -0.49573 -0.500044 -0.50544 -0.511151 -0.516578 -0.521248 -0.524707 -0.525436 -0.507124 -0.264486 
0.465293 0.932026 0.934853 0.937583 0.940232 0.942814 0.94534 0.947816 0.950248 0.95264 0.954996 0.957315 0.959599 0.961846 0.964053 0.966217 0.968334 0.970399 0.972403 0.974339 0.976196 0.977965 0.979631 0.981179 0.982594 0.983856 0.984945 0.985836 0.986504 0.98692 0.987053 0.986869 0.986331 0.985399 0.984029 0.982173 0.979781 0.976795 0.973151 0.968778 0.963585 0.957452 0.95019 0.941458 0.930599 0.916376 0.89662 0.867886 0.825248 0.762372 0.671925 0.546276 0.378338 0.162375 -0.105382 -0.4264 -0.79981 -1.22265 -1.69031 -2.19707 -2.7367 -3.30293 -3.88995 -4.49254 -5.10618 -5.72663 -6.34913 -6.96674 -7.56779 -8.13207 -8.62668 -9.00287 -9.19737 -9.14227 -8.78531 -8.116 -7.18314 -6.08848 -4.95524 -3.89054 -2.96337 -2.20512 -1.62149 -1.20444 -0.940972 -0.817086 -0.81886 -0.933128 -1.14765 -1.45092 -1.83135 -2.27671 -2.77377 -3.30826 -3.86533 -4.42966 -4.98548 -5.51697 -6.00897 -6.44784 -6.82227 -7.12381 -7.34726 -7.49068 -7.55521 -7.54472 -7.4653 -7.32472 -7.13187 -6.8962 -6.62725 -6.3342 -6.02555 -5.70879 -5.39021 -5.07471 -4.76576 -4.46537 -4.17418 -3.89162 -3.61615 -3.34557 -3.07734 -2.80899 -2.53844 -2.26435 -1.98628 -1.70486 -1.42175 -1.13954 -0.861541 -0.591532 -0.333467 -0.091207 0.131719 0.332291 0.508104 0.657426 0.779182 0.872902 0.938641 0.976881 0.988416 0.974262 0.93556 0.873503 0.789284 0.684063 0.558956 0.415053 0.253455 0.0753267 -0.11802 -0.32504 -0.543854 -0.772149 -1.00708 -1.24521 -1.48243 -1.71402 -1.93463 -2.13849 -2.31955 -2.47185 -2.58983 -2.66878 -2.70531 -2.69772 -2.64637 -2.55378 -2.42462 -2.26544 -2.08419 -1.8896 -1.69046 -1.49495 -1.31009 -1.1413 -0.992258 -0.864882 -0.759547 -0.675366 -0.610549 -0.56275 -0.529384 -0.507879 -0.495845 -0.490969 -0.491123 -0.494648 -0.500275 -0.507012 -0.514078 -0.520868 -0.526906 -0.531815 -0.535208 -0.535537 -0.51544 -0.255465 
0.467771 0.937011 0.939902 0.942706 0.945438 0.948111 0.950736 0.953319 0.955866 0.958381 0.960865 0.96332 0.965745 0.96814 0.970501 0.972826 0.97511 0.977346 0.979529 0.981649 0.983698 0.985665 0.987536 0.989297 0.990934 0.992427 0.993756 0.9949 0.995834 0.996531 0.996963 0.997096 0.996898 0.996331 0.995356 0.99393 0.992007 0.989537 0.986466 0.982734 0.97827 0.972985 0.966755 0.959375 0.950473 0.939366 0.924834 0.904878 0.87649 0.835549 0.776909 0.694697 0.582788 0.435368 0.247485 0.0154765 -0.262764 -0.587721 -0.958375 -1.37246 -1.82678 -2.31764 -2.84111 -3.39335 -3.97069 -4.56952 -5.18587 -5.8144 -6.44669 -7.06859 -7.65688 -8.17609 -8.57733 -8.80221 -8.79433 -8.51809 -7.97823 -7.22845 -6.36027 -5.47604 -4.6613 -3.97078 -3.42964 -3.04245 -2.80289 -2.70016 -2.72194 -2.8557 -3.08897 -3.40922 -3.80329 -4.25694 -4.75462 -5.2797 -5.81512 -6.34385 -6.84916 -7.31524 -7.72781 -8.07496 -8.34763 -8.54007 -8.64981 -8.67763 -8.62709 -8.5042 -8.31677 -8.07392 -7.78558 -7.46195 -7.11312 -6.7487 -6.37752 -6.00736 -5.64481 -5.2951 -4.96202 -4.64791 -4.35365 -4.0788 -3.82171 -3.57979 -3.34974 -3.12793 -2.91074 -2.69487 -2.47772 -2.25757 -2.03378 -1.80678 -1.57806 -1.34999 -1.12558 -0.908255 -0.701567 -0.508955 -0.333551 -0.178035 -0.0445499 0.0653267 0.150572 0.210667 0.245531 0.25544 0.24095 0.20283 0.142004 0.0595127 -0.0434972 -0.165773 -0.30593 -0.462401 -0.633385 -0.816767 -1.01005 -1.21028 -1.414 -1.61719 -1.81533 -2.00341 -2.17608 -2.32782 -2.45324 -2.54739 -2.60613 -2.62654 -2.60724 -2.5487 -2.4533 -2.32535 -2.17082 -1.9969 -1.8115 -1.62255 -1.43748 -1.26264 -1.10299 -0.961901 -0.841179 -0.7412 -0.661186 -0.599513 -0.554029 -0.522333 -0.502006 -0.490774 -0.486622 -0.487771 -0.492525 -0.49945 -0.507516 -0.515931 -0.524076 -0.531467 -0.537724 -0.542543 -0.545587 -0.545282 -0.523325 -0.247612 
0.469918 0.941336 0.94429 0.947167 0.94998 0.952744 0.955466 0.958154 0.960813 0.963447 0.966057 0.968644 0.971209 0.973748 0.976261 0.978742 0.981189 0.983594 0.985951 0.988253 0.990489 0.99265 0.994722 0.996693 0.998547 1.00027 1.00183 1.00322 1.00442 1.00539 1.00611 1.00655 1.00668 1.00646 1.00586 1.00484 1.00336 1.00136 0.998814 0.995656 0.991831 0.987271 0.981885 0.975544 0.968027 0.958947 0.947617 0.932885 0.912951 0.885218 0.846239 0.791782 0.717042 0.616961 0.486608 0.321555 0.118194 -0.126061 -0.412689 -0.742096 -1.11375 -1.52639 -1.97821 -2.46712 -2.99082 -3.54685 -4.13233 -4.74341 -5.37415 -6.01471 -6.64895 -7.2516 -7.78641 -8.20682 -8.46175 -8.50731 -8.32251 -7.92236 -7.36003 -6.71446 -6.06864 -5.49026 -5.02257 -4.68576 -4.48372 -4.41107 -4.45788 -4.61226 -4.86131 -5.19137 -5.58779 -6.03471 -6.51504 -7.01082 -7.50398 -7.97698 -8.41336 -8.79831 -9.11931 -9.36662 -9.53374 -9.61742 -9.61766 -9.53736 -9.38189 -9.15866 -8.87651 -8.54529 -8.17535 -7.77714 -7.36086 -6.93612 -6.51172 -6.09545 -5.69389 -5.31238 -4.95488 -4.62401 -4.32099 -4.04577 -3.79707 -3.57251 -3.36888 -3.1823 -3.00856 -2.84341 -2.68288 -2.52357 -2.3629 -2.19926 -2.03209 -1.86189 -1.69008 -1.51884 -1.35088 -1.18925 -1.03703 -0.897207 -0.772483 -0.665161 -0.577093 -0.509653 -0.463749 -0.439858 -0.438068 -0.458129 -0.499495 -0.561356 -0.642659 -0.742106 -0.858143 -0.988932 -1.13231 -1.28574 -1.44629 -1.61057 -1.77474 -1.93455 -2.08536 -2.22231 -2.34047 -2.43506 -2.50179 -2.53714 -2.53868 -2.50539 -2.43786 -2.33838 -2.2109 -2.06078 -1.89444 -1.71888 -1.54114 -1.36778 -1.20442 -1.05545 -0.92386 -0.811251 -0.717955 -0.643269 -0.585721 -0.543356 -0.513979 -0.495364 -0.485398 -0.482174 -0.484046 -0.489649 -0.497715 -0.507058 -0.516789 -0.52627 -0.535001 -0.54259 -0.548727 -0.553166 -0.555611 -0.554463 -0.530588 -0.240715 
0.471758 0.945044 0.948061 0.951009 0.953903 0.956754 0.959571 0.962361 0.96513 0.967879 0.970612 0.973328 0.976027 0.978707 0.981366 0.984 0.986604 0.989173 0.9917 0.994177 0.996596 0.998945 1.00121 1.00339 1.00545 1.00739 1.00919 1.01082 1.01227 1.0135 1.0145 1.01524 1.01568 1.0158 1.01556 1.01492 1.01384 1.01229 1.01021 1.00758 1.00432 1.00039 0.995724 0.990221 0.983747 0.976075 0.966809 0.955287 0.940442 0.920675 0.893753 0.856768 0.806186 0.737987 0.647878 0.531555 0.384961 0.204519 -0.0127066 -0.268914 -0.565555 -0.90339 -1.28258 -1.70279 -2.16332 -2.66308 -3.20051 -3.77325 -4.3774 -5.00639 -5.64921 -6.28828 -6.89747 -7.44152 -7.8783 -8.16544 -8.27105 -8.1856 -7.92962 -7.55198 -7.11825 -6.69435 -6.33309 -6.06829 -5.91588 -5.8786 -5.95097 -6.12285 -6.38153 -6.71259 -7.10028 -7.52766 -7.97683 -8.42942 -8.86737 -9.27364 -9.63283 -9.93178 -10.16 -10.3101 -10.3779 -10.3622 -10.2651 -10.0909 -9.84613 -9.53912 -9.17922 -8.77654 -8.34154 -7.88462 -7.4158 -6.94449 -6.47922 -6.02751 -5.5957 -5.18895 -4.81114 -4.4649 -4.15166 -3.87166 -3.62403 -3.40691 -3.21755 -3.05246 -2.90761 -2.77868 -2.66127 -2.55121 -2.44478 -2.33895 -2.23154 -2.12128 -2.00788 -1.89195 -1.77484 -1.65851 -1.54536 -1.43794 -1.33886 -1.25058 -1.17529 -1.11487 -1.07077 -1.04404 -1.03532 -1.04482 -1.07239 -1.1175 -1.17928 -1.25648 -1.34752 -1.45045 -1.56292 -1.6822 -1.80515 -1.92825 -2.04763 -2.15914 -2.25847 -2.34132 -2.4036 -2.44169 -2.45269 -2.43469 -2.38703 -2.31041 -2.20702 -2.08042 -1.93536 -1.77746 -1.61281 -1.44751 -1.28718 -1.13669 -0.999795 -0.879055 -0.775823 -0.690353 -0.621993 -0.569414 -0.530859 -0.504349 -0.487871 -0.479504 -0.477497 -0.480318 -0.486664 -0.495466 -0.50581 -0.516766 -0.527532 -0.537574 -0.546477 -0.553916 -0.559638 -0.563439 -0.565062 -0.562884 -0.537051 -0.234556 
0.473312 0.948181 0.951261 0.954279 0.95725 0.960186 0.963095 0.965985 0.968859 0.97172 0.974571 0.977411 0.98024 0.983055 0.985855 0.988635 0.991391 0.994118 0.996808 0.999455 1.00205 1.00458 1.00704 1.00941 1.01167 1.01382 1.01584 1.0177 1.01939 1.02088 1.02215 1.02317 1.02391 1.02435 1.02444 1.02416 1.02346 1.02232 1.02069 1.01852 1.01578 1.01242 1.00837 1.00357 0.997929 0.9913 0.983452 0.973995 0.962302 0.947401 0.927878 0.901803 0.866696 0.819552 0.756936 0.675115 0.570242 0.438535 0.276446 0.0808016 -0.151113 -0.421507 -0.732085 -1.08407 -1.47823 -1.91491 -2.3939 -2.91431 -3.47404 -4.06907 -4.69222 -5.33159 -5.96891 -6.57841 -7.12741 -7.57962 -7.90165 -8.07195 -8.08896 -7.9748 -7.77177 -7.53249 -7.30803 -7.13876 -7.05038 -7.05466 -7.15255 -7.33762 -7.59877 -7.92191 -8.29107 -8.68894 -9.09756 -9.49887 -9.87553 -10.2116 -10.4933 -10.7092 -10.8509 -10.9131 -10.8934 -10.7925 -10.6137 -10.3623 -10.0458 -9.67268 -9.25266 -8.79589 -8.31275 -7.81343 -7.30771 -6.80463 -6.31231 -5.83784 -5.38712 -4.96487 -4.57463 -4.21876 -3.8986 -3.61444 -3.36566 -3.15081 -2.96765 -2.8133 -2.68432 -2.57686 -2.48681 -2.41002 -2.34249 -2.28057 -2.22115 -2.16181 -2.10089 -2.03758 -1.97181 -1.90426 -1.83616 -1.76921 -1.70535 -1.64663 -1.59509 -1.55258 -1.52071 -1.50079 -1.49373 -1.50008 -1.51995 -1.55308 -1.59877 -1.65592 -1.72302 -1.79816 -1.87902 -1.96293 -2.04684 -2.12741 -2.20109 -2.26423 -2.31322 -2.34468 -2.35569 -2.34395 -2.30807 -2.24769 -2.16365 -2.05797 -1.93382 -1.79534 -1.64735 -1.49503 -1.34351 -1.19753 -1.06116 -0.93753 -0.82875 -0.735914 -0.659182 -0.597943 -0.551009 -0.516818 -0.493617 -0.479617 -0.473103 -0.472502 -0.476424 -0.483671 -0.493227 -0.504255 -0.516077 -0.527983 -0.539271 -0.54945 -0.55817 -0.565157 -0.570199 -0.573135 -0.573736 -0.570364 -0.542551 -0.228922 
0.474605 0.950796 0.953935 0.957021 0.960067 0.963086 0.966084 0.969069 0.972044 0.975013 0.977977 0.980936 0.983889 0.986834 0.989768 0.992688 0.99559 0.998467 1.00131 1.00412 1.00688 1.00959 1.01222 1.01478 1.01724 1.01959 1.02182 1.0239 1.02582 1.02756 1.02908 1.03036 1.03139 1.03212 1.03253 1.03258 1.03224 1.03148 1.03026 1.02853 1.02626 1.0234 1.0199 1.01571 1.01076 1.00496 0.998146 0.990101 0.980445 0.968591 0.953659 0.934397 0.909125 0.875696 0.831513 0.773579 0.698582 0.603021 0.483329 0.336001 0.157708 -0.0546176 -0.30372 -0.591981 -0.921397 -1.29354 -1.70949 -2.16968 -2.67362 -3.21931 -3.80252 -4.41557 -5.04609 -5.6759 -6.28073 -6.83167 -7.2988 -7.65706 -7.89293 -8.00957 -8.02785 -7.98244 -7.91403 -7.86094 -7.85292 -7.90844 -8.0351 -8.23158 -8.4901 -8.79849 -9.14179 -9.5034 -9.86604 -10.2126 -10.5269 -10.7946 -11.0033 -11.1437 -11.209 -11.1956 -11.1027 -10.932 -10.6879 -10.3763 -10.005 -9.58287 -9.11965 -8.62545 -8.11045 -7.58462 -7.05738 -6.53733 -6.03212 -5.54823 -5.091 -4.66456 -4.27186 -3.91484 -3.59444 -3.31078 -3.06322 -2.85047 -2.67069 -2.52149 -2.40009 -2.30328 -2.22762 -2.16945 -2.1251 -2.091 -2.06383 -2.04066 -2.01912 -1.99741 -1.9744 -1.94961 -1.92314 -1.89562 -1.86807 -1.84179 -1.81823 -1.79885 -1.78502 -1.77791 -1.77846 -1.78725 -1.80454 -1.83018 -1.86364 -1.90397 -1.94982 -1.99947 -2.05082 -2.10146 -2.1487 -2.18971 -2.22155 -2.24136 -2.24649 -2.2347 -2.20431 -2.15437 -2.08483 -1.99658 -1.89149 -1.77232 -1.64261 -1.50641 -1.368 -1.23164 -1.10119 -0.979971 -0.870511 -0.774499 -0.69278 -0.625424 -0.571864 -0.531051 -0.50162 -0.482049 -0.470776 -0.466299 -0.467235 -0.472349 -0.480563 -0.49095 -0.502722 -0.515215 -0.527892 -0.54022 -0.551599 -0.561555 -0.569781 -0.576045 -0.580174 -0.582039 -0.581445 -0.57674 -0.546943 -0.223605 
0.47566 0.952933 0.956132 0.959283 0.962402 0.965499 0.968583 0.971659 0.974731 0.977803 0.980874 0.983946 0.987017 0.990084 0.993147 0.9962 0.999238 1.00226 1.00525 1.00821 1.01113 1.014 1.01681 1.01954 1.02218 1.02473 1.02716 1.02945 1.03158 1.03354 1.0353 1.03684 1.03813 1.03914 1.03985 1.04021 1.04021 1.0398 1.03895 1.03763 1.03578 1.03338 1.03038 1.02673 1.02238 1.01725 1.01125 1.00423 0.995971 0.986103 0.974085 0.959121 0.940097 0.915533 0.88355 0.841862 0.787808 0.718404 0.630418 0.520466 0.385102 0.220916 0.0246144 -0.206906 -0.476495 -0.786678 -1.13958 -1.53677 -1.97908 -2.46621 -2.99613 -3.56437 -4.16296 -4.77952 -5.39673 -5.9927 -6.54287 -7.02353 -7.41657 -7.71413 -7.92137 -8.05616 -8.14532 -8.21894 -8.30445 -8.42252 -8.58519 -8.796 -9.05139 -9.34241 -9.65648 -9.97882 -10.2937 -10.5857 -10.84 -11.044 -11.1872 -11.2615 -11.2618 -11.1858 -11.0338 -10.8084 -10.5144 -10.1584 -9.74829 -9.2931 -8.8025 -8.28649 -7.75505 -7.2178 -6.68374 -6.16095 -5.65647 -5.17615 -4.72463 -4.30534 -3.92059 -3.57171 -3.25916 -2.98267 -2.74141 -2.53406 -2.35891 -2.21392 -2.09678 -2.00492 -1.93556 -1.88572 -1.85235 -1.83235 -1.82271 -1.82056 -1.82336 -1.82891 -1.83548 -1.84182 -1.84716 -1.85123 -1.85414 -1.85636 -1.85857 -1.86162 -1.86636 -1.87361 -1.88402 -1.89805 -1.91588 -1.93737 -1.96208 -1.9892 -2.01759 -2.04579 -2.07206 -2.09444 -2.11081 -2.119 -2.11689 -2.10256 -2.07441 -2.03133 -1.97279 -1.89896 -1.81079 -1.70995 -1.59884 -1.4804 -1.35797 -1.23502 -1.11499 -1.00097 -0.895595 -0.800853 -0.718056 -0.647833 -0.590185 -0.544597 -0.510163 -0.485718 -0.469962 -0.461566 -0.459241 -0.461794 -0.468149 -0.477357 -0.488588 -0.501123 -0.514337 -0.52769 -0.540734 -0.553059 -0.56416 -0.573576 -0.581034 -0.586334 -0.58934 -0.589957 -0.588017 -0.581869 -0.550102 -0.21841 
0.476501 0.954642 0.957897 0.961111 0.9643 0.967472 0.970637 0.9738 0.976965 0.980133 0.983307 0.986485 0.989667 0.992851 0.996034 0.999211 1.00238 1.00553 1.00867 1.01177 1.01484 1.01786 1.02083 1.02372 1.02654 1.02926 1.03188 1.03436 1.0367 1.03888 1.04086 1.04264 1.04417 1.04544 1.04642 1.04708 1.04739 1.04731 1.0468 1.04585 1.0444 1.04242 1.03986 1.0367 1.03287 1.02832 1.02299 1.01677 1.00952 1.00102 0.990919 0.978724 0.963707 0.944872 0.920902 0.890126 0.850507 0.79965 0.734827 0.653034 0.551048 0.425503 0.272971 0.0900363 -0.126619 -0.380132 -0.673363 -1.00876 -1.3882 -1.81267 -2.28188 -2.79373 -3.34353 -3.92328 -4.52107 -5.12101 -5.7041 -6.2502 -6.74106 -7.1639 -7.51429 -7.79747 -8.02733 -8.22333 -8.40632 -8.59464 -8.8013 -9.0328 -9.28924 -9.56526 -9.85146 -10.1358 -10.4049 -10.6454 -10.8447 -10.9917 -11.0776 -11.0958 -11.0425 -10.9164 -10.7185 -10.4523 -10.1228 -9.73692 -9.30273 -8.82924 -8.32602 -7.80287 -7.26945 -6.73494 -6.20779 -5.69548 -5.20434 -4.73949 -4.30481 -3.90302 -3.53575 -3.20369 -2.90678 -2.64434 -2.41523 -2.21797 -2.05087 -1.91203 -1.79945 -1.711 -1.64446 -1.59748 -1.56765 -1.5525 -1.54953 -1.55628 -1.57043 -1.58983 -1.61258 -1.63709 -1.66211 -1.68676 -1.71049 -1.73303 -1.7544 -1.77478 -1.79447 -1.81377 -1.83297 -1.85223 -1.87155 -1.89073 -1.90932 -1.92665 -1.94178 -1.95358 -1.96072 -1.96177 -1.95525 -1.93975 -1.91398 -1.87694 -1.828 -1.76699 -1.69426 -1.61077 -1.51802 -1.41803 -1.31322 -1.2063 -1.10003 -0.997114 -0.899996 -0.810711 -0.730801 -0.661261 -0.602544 -0.554614 -0.51702 -0.489 -0.469585 -0.457697 -0.452226 -0.452094 -0.456293 -0.463904 -0.474106 -0.48617 -0.49945 -0.513371 -0.527422 -0.54115 -0.554163 -0.56613 -0.576628 -0.585226 -0.591669 -0.595793 -0.597495 -0.596712 -0.59331 -0.585635 -0.551937 -0.213162 
0.477151 0.955967 0.959276 0.962551 0.965806 0.969051 0.972293 0.975538 0.978789 0.98205 0.985319 0.988598 0.991884 0.995177 0.998472 1.00177 1.00506 1.00833 1.0116 1.01483 1.01804 1.0212 1.02432 1.02737 1.03035 1.03324 1.03603 1.03869 1.04122 1.04359 1.04578 1.04778 1.04954 1.05106 1.05229 1.05322 1.05381 1.05403 1.05385 1.05323 1.05214 1.05054 1.0484 1.04567 1.04231 1.03828 1.03351 1.02795 1.02148 1.01397 1.0052 0.994851 0.982456 0.967355 0.948648 0.92515 0.895362 0.857444 0.809216 0.748167 0.671485 0.576106 0.458765 0.31607 0.144575 -0.0591318 -0.298327 -0.576028 -0.894834 -1.2567 -1.66263 -2.11226 -2.60331 -3.13102 -3.6876 -4.26198 -4.84012 -5.40601 -5.94353 -6.43884 -6.88283 -7.27278 -7.61275 -7.91238 -8.18454 -8.44242 -8.69694 -8.95496 -9.2186 -9.48537 -9.74897 -10.0004 -10.2291 -10.4242 -10.5753 -10.6732 -10.7109 -10.6831 -10.5872 -10.4227 -10.1914 -9.89712 -9.54537 -9.14314 -8.69857 -8.22059 -7.71857 -7.20198 -6.68001 -6.16127 -5.65355 -5.16357 -4.69688 -4.25782 -3.84949 -3.47389 -3.13199 -2.82392 -2.54914 -2.30658 -2.09482 -1.91223 -1.75701 -1.62736 -1.52142 -1.43736 -1.37334 -1.32751 -1.29798 -1.28286 -1.2802 -1.28807 -1.30453 -1.32774 -1.35594 -1.38756 -1.42118 -1.45565 -1.49004 -1.52362 -1.55591 -1.58657 -1.61539 -1.64226 -1.66706 -1.68964 -1.70981 -1.72723 -1.74146 -1.75191 -1.75786 -1.75848 -1.75287 -1.74012 -1.71936 -1.68985 -1.65107 -1.60276 -1.54503 -1.47836 -1.40369 -1.32232 -1.23596 -1.14657 -1.05629 -0.967315 -0.881738 -0.801443 -0.727993 -0.662561 -0.605898 -0.558334 -0.519817 -0.489975 -0.468191 -0.453684 -0.445584 -0.442991 -0.445023 -0.450848 -0.459697 -0.470873 -0.483743 -0.497734 -0.512327 -0.527044 -0.54145 -0.555148 -0.567792 -0.579093 -0.588704 -0.596236 -0.601447 -0.604211 -0.604457 -0.602157 -0.597205 -0.587956 -0.55239 -0.207716 
0.477633 0.956955 0.960315 0.963648 0.966966 0.970279 0.973594 0.976916 0.980249 0.983595 0.986955 0.990327 0.993711 0.997104 1.0005 1.00391 1.00731 1.0107 1.01408 1.01745 1.02078 1.02408 1.02733 1.03052 1.03365 1.03669 1.03964 1.04247 1.04517 1.04773 1.05011 1.0523 1.05428 1.05601 1.05748 1.05866 1.05951 1.06001 1.06012 1.05981 1.05906 1.05781 1.05604 1.05371 1.05077 1.0472 1.04293 1.03792 1.03209 1.02535 1.01755 1.00849 0.997865 0.985244 0.970021 0.951378 0.92824 0.899246 0.862723 0.81667 0.758762 0.686367 0.596577 0.486255 0.352094 0.190696 -0.00133744 -0.227292 -0.490195 -0.792631 -1.13649 -1.52266 -1.95059 -2.41788 -2.91979 -3.44898 -3.99548 -4.54718 -5.09089 -5.61384 -6.10545 -6.55889 -6.97187 -7.34665 -7.68884 -8.00579 -8.30455 -8.59035 -8.86545 -9.12888 -9.37665 -9.60239 -9.79829 -9.95596 -10.0673 -10.1253 -10.1244 -10.0609 -9.93316 -9.74163 -9.4887 -9.17858 -8.81706 -8.41124 -7.96921 -7.4997 -7.01173 -6.51429 -6.01593 -5.52457 -5.04716 -4.58961 -4.15661 -3.75168 -3.37718 -3.03443 -2.72381 -2.445 -2.19704 -1.9786 -1.78805 -1.62362 -1.48349 -1.36587 -1.26901 -1.19127 -1.13106 -1.08686 -1.05721 -1.04063 -1.03566 -1.04083 -1.05466 -1.07567 -1.1024 -1.13348 -1.16759 -1.20355 -1.24029 -1.27691 -1.31262 -1.34679 -1.37887 -1.40843 -1.43506 -1.45839 -1.47803 -1.49356 -1.50453 -1.51045 -1.51077 -1.50495 -1.49244 -1.47279 -1.44561 -1.41073 -1.36814 -1.31812 -1.26124 -1.19835 -1.1306 -1.05937 -0.986262 -0.912949 -0.841135 -0.772435 -0.708288 -0.649887 -0.598123 -0.553565 -0.516462 -0.486772 -0.464208 -0.448294 -0.438425 -0.433921 -0.434072 -0.438178 -0.445566 -0.455607 -0.467717 -0.481354 -0.496018 -0.511238 -0.526576 -0.541617 -0.555977 -0.569299 -0.581271 -0.591637 -0.600112 -0.606357 -0.610152 -0.611403 -0.610076 -0.606175 -0.599625 -0.588789 -0.551441 -0.201959 
0.477968 0.957648 0.961058 0.964446 0.967823 0.9712 0.974583 0.977978 0.981388 0.984813 0.988256 0.991715 0.99519 0.998677 1.00217 1.00568 1.00918 1.01268 1.01617 1.01965 1.0231 1.02652 1.02989 1.03322 1.03648 1.03966 1.04275 1.04574 1.0486 1.05132 1.05387 1.05625 1.05842 1.06036 1.06204 1.06344 1.06453 1.06529 1.06567 1.06564 1.06519 1.06426 1.06283 1.06086 1.05831 1.05515 1.05133 1.0468 1.04151 1.03539 1.02835 1.02023 1.01086 0.999935 0.987061 0.971678 0.953038 0.93016 0.901802 0.866429 0.822198 0.766955 0.698236 0.613299 0.509157 0.382639 0.230464 0.0493392 -0.163917 -0.412214 -0.697987 -1.02294 -1.38774 -1.79165 -2.23214 -2.70465 -3.20241 -3.71663 -4.23707 -4.75292 -5.25401 -5.73197 -6.18115 -6.599 -6.98575 -7.34361 -7.67552 -7.98401 -8.27024 -8.5334 -8.77074 -8.97774 -9.14877 -9.27769 -9.35856 -9.38625 -9.35687 -9.2681 -9.11939 -8.912 -8.64891 -8.33471 -7.97541 -7.57809 -7.15067 -6.70154 -6.23922 -5.77204 -5.3078 -4.85353 -4.41532 -3.99815 -3.60586 -3.24117 -2.90575 -2.60032 -2.32479 -2.07847 -1.86015 -1.66831 -1.50123 -1.3571 -1.2341 -1.13051 -1.04467 -0.975081 -0.92034 -0.879163 -0.850351 -0.832762 -0.825285 -0.826818 -0.836256 -0.852482 -0.874376 -0.900818 -0.930712 -0.963002 -0.996687 -1.03084 -1.06461 -1.09723 -1.12801 -1.15635 -1.18168 -1.20349 -1.22131 -1.23469 -1.24318 -1.24637 -1.2439 -1.23543 -1.2207 -1.19958 -1.17203 -1.13824 -1.09853 -1.05346 -1.0038 -0.950522 -0.894743 -0.837721 -0.780771 -0.725202 -0.672251 -0.623015 -0.578403 -0.539097 -0.505539 -0.47793 -0.456256 -0.440314 -0.429757 -0.424139 -0.422947 -0.425642 -0.431681 -0.440535 -0.451698 -0.464688 -0.479047 -0.494337 -0.510139 -0.526048 -0.541675 -0.556647 -0.570614 -0.583252 -0.59428 -0.603471 -0.610595 -0.615367 -0.617593 -0.617216 -0.614237 -0.608693 -0.600534 -0.588134 -0.549118 -0.195817 
0.478177 0.958089 0.961547 0.964986 0.968419 0.971856 0.975303 0.978765 0.982246 0.985745 0.989265 0.992805 0.996362 0.999935 1.00352 1.00711 1.01071 1.01431 1.0179 1.02148 1.02504 1.02857 1.03206 1.0355 1.03888 1.04219 1.04541 1.04853 1.05154 1.05441 1.05712 1.05966 1.06201 1.06413 1.06601 1.06761 1.06892 1.0699 1.07053 1.07076 1.07058 1.06994 1.06882 1.06718 1.06498 1.06219 1.05877 1.05467 1.04986 1.04427 1.03783 1.03046 1.022 1.01229 1.00104 0.987889 0.972313 0.953624 0.930926 0.903076 0.868666 0.825997 0.773071 0.707596 0.627003 0.528485 0.409047 0.265589 0.0950033 -0.105689 -0.339173 -0.607635 -0.912504 -1.25417 -1.63168 -2.04247 -2.48219 -2.94473 -3.42244 -3.90668 -4.38855 -4.85973 -5.31324 -5.74394 -6.14861 -6.52573 -6.87478 -7.1956 -7.48764 -7.74947 -7.97862 -8.17164 -8.32435 -8.43237 -8.49153 -8.49834 -8.45041 -8.34669 -8.18763 -7.97525 -7.71308 -7.40602 -7.06013 -6.68241 -6.28045 -5.86214 -5.43535 -5.00759 -4.58578 -4.17604 -3.78348 -3.4122 -3.0652 -2.74447 -2.45108 -2.18526 -1.94658 -1.73408 -1.54643 -1.38204 -1.23919 -1.11612 -1.0111 -0.922483 -0.848763 -0.788557 -0.740624 -0.703853 -0.67724 -0.659866 -0.650872 -0.649427 -0.654713 -0.665908 -0.682176 -0.702668 -0.726524 -0.752885 -0.780904 -0.809756 -0.83865 -0.86684 -0.89363 -0.918373 -0.940478 -0.959404 -0.974662 -0.985813 -0.992475 -0.994326 -0.991115 -0.982677 -0.968947 -0.949982 -0.925972 -0.897254 -0.864322 -0.827818 -0.788524 -0.747336 -0.705228 -0.663214 -0.622294 -0.583408 -0.547394 -0.514947 -0.486597 -0.462699 -0.44343 -0.428805 -0.418704 -0.412893 -0.411059 -0.412835 -0.417826 -0.425624 -0.435823 -0.448021 -0.461827 -0.476854 -0.492724 -0.509061 -0.525493 -0.541653 -0.557184 -0.571743 -0.585007 -0.596685 -0.606525 -0.61433 -0.619923 -0.623072 -0.623617 -0.621539 -0.616871 -0.609681 -0.599944 -0.586042 -0.545496 -0.189263 
0.478282 0.958319 0.96182 0.965308 0.968793 0.972286 0.975793 0.979317 0.982863 0.986431 0.990022 0.993635 0.997268 1.00092 1.00458 1.00826 1.01195 1.01563 1.01931 1.02299 1.02664 1.03027 1.03386 1.03741 1.0409 1.04432 1.04766 1.05091 1.05404 1.05704 1.0599 1.06259 1.06509 1.06737 1.06942 1.07121 1.07272 1.0739 1.07475 1.07522 1.07528 1.07491 1.07407 1.07272 1.07084 1.06839 1.06533 1.06162 1.05722 1.05209 1.04617 1.03939 1.03166 1.02285 1.01277 1.00118 0.987721 0.971922 0.953145 0.930563 0.90313 0.86955 0.828259 0.777413 0.714894 0.638321 0.545089 0.432422 0.297454 0.137332 -0.0506428 -0.268853 -0.519154 -0.802645 -1.11942 -1.46832 -1.84678 -2.25072 -2.67465 -3.11194 -3.55524 -3.99708 -4.43039 -4.84902 -5.24795 -5.62333 -5.97226 -6.29241 -6.5816 -6.83751 -7.05746 -7.23839 -7.37702 -7.47015 -7.5149 -7.50913 -7.45165 -7.34247 -7.1829 -6.97558 -6.72445 -6.43457 -6.11197 -5.76335 -5.39586 -5.01672 -4.63301 -4.25136 -3.87774 -3.51729 -3.1742 -2.85172 -2.5521 -2.27671 -2.02611 -1.80017 -1.59824 -1.41923 -1.26176 -1.12428 -1.00516 -0.902747 -0.815466 -0.741823 -0.680451 -0.630119 -0.589732 -0.558329 -0.535059 -0.519166 -0.509966 -0.506821 -0.50912 -0.516256 -0.527621 -0.542588 -0.560515 -0.580745 -0.60261 -0.625438 -0.648569 -0.671357 -0.693182 -0.713461 -0.73165 -0.747254 -0.759833 -0.769005 -0.774459 -0.775955 -0.773342 -0.76656 -0.755657 -0.740788 -0.722229 -0.700371 -0.67572 -0.64888 -0.620538 -0.591433 -0.562332 -0.533991 -0.50712 -0.482359 -0.460241 -0.441187 -0.425487 -0.413307 -0.404695 -0.399595 -0.397869 -0.399315 -0.403684 -0.410699 -0.420062 -0.43147 -0.444608 -0.459159 -0.474801 -0.491203 -0.508028 -0.524935 -0.541578 -0.557615 -0.57271 -0.586546 -0.59883 -0.609299 -0.617737 -0.62398 -0.627901 -0.629319 -0.628116 -0.624308 -0.617959 -0.609165 -0.597921 -0.582615 -0.540698 -0.182319 
0.4783 0.958375 0.961918 0.96545 0.968984 0.972529 0.97609 0.979673 0.983278 0.986909 0.990564 0.994244 0.997946 1.00167 1.00541 1.00916 1.01292 1.01668 1.02045 1.0242 1.02794 1.03166 1.03534 1.03898 1.04257 1.04609 1.04954 1.05289 1.05614 1.05926 1.06224 1.06506 1.0677 1.07013 1.07234 1.07429 1.07597 1.07734 1.07838 1.07905 1.07934 1.0792 1.07861 1.07754 1.07594 1.07379 1.07106 1.0677 1.06368 1.05895 1.05348 1.0472 1.04005 1.03194 1.02274 1.01229 1.00033 0.986557 0.970513 0.951618 0.929111 0.902032 0.869193 0.829163 0.780251 0.720517 0.647782 0.559667 0.453649 0.327142 0.177602 0.00266612 -0.199684 -0.430933 -0.691821 -0.982143 -1.30057 -1.64454 -2.01026 -2.3928 -2.78635 -3.18459 -3.58106 -3.96956 -4.34444 -4.70071 -5.03408 -5.34084 -5.61762 -5.8613 -6.06883 -6.23725 -6.36376 -6.44589 -6.48166 -6.46989 -6.41027 -6.30362 -6.15186 -5.95807 -5.72639 -5.46189 -5.17036 -4.85809 -4.53159 -4.19735 -3.86156 -3.5299 -3.20739 -2.89824 -2.6058 -2.33252 -2.08004 -1.84921 -1.64023 -1.45274 -1.28593 -1.1387 -1.00971 -0.897532 -0.800669 -0.717652 -0.647077 -0.587633 -0.538128 -0.49749 -0.464778 -0.439166 -0.419937 -0.406464 -0.398194 -0.394626 -0.395293 -0.399747 -0.407543 -0.418227 -0.431331 -0.446373 -0.462852 -0.480258 -0.498075 -0.51579 -0.532902 -0.548931 -0.56343 -0.575989 -0.586248 -0.593904 -0.598719 -0.600529 -0.599251 -0.594889 -0.587537 -0.577383 -0.564709 -0.54988 -0.53334 -0.515591 -0.497179 -0.47867 -0.460626 -0.44358 -0.428013 -0.414342 -0.402898 -0.393929 -0.38759 -0.383954 -0.383019 -0.38472 -0.38894 -0.395524 -0.404286 -0.415018 -0.427494 -0.441474 -0.456701 -0.472902 -0.489789 -0.507059 -0.524396 -0.541473 -0.557963 -0.57354 -0.587892 -0.600725 -0.611778 -0.620823 -0.627681 -0.632226 -0.634376 -0.634005 -0.631036 -0.625517 -0.617542 -0.607228 -0.594584 -0.578003 -0.534894 -0.175053 
0.478249 0.958293 0.961874 0.965449 0.969028 0.97262 0.976232 0.979866 0.983527 0.987214 0.990928 0.994668 0.998432 1.00222 1.00602 1.00984 1.01367 1.0175 1.02134 1.02517 1.02898 1.03277 1.03654 1.04026 1.04393 1.04755 1.05108 1.05453 1.05788 1.06111 1.0642 1.06713 1.06989 1.07245 1.07479 1.07689 1.07872 1.08025 1.08146 1.08232 1.08281 1.08288 1.08251 1.08168 1.08034 1.07846 1.07602 1.07297 1.06929 1.06492 1.05984 1.054 1.04735 1.03981 1.0313 1.02169 1.01084 0.99851 0.984399 0.968097 0.949065 0.926609 0.899849 0.867704 0.82887 0.781816 0.724783 0.65581 0.572763 0.473399 0.355444 0.216703 0.0551875 -0.130729 -0.342137 -0.579419 -0.84209 -1.12867 -1.43664 -1.76244 -2.10164 -2.4491 -2.79926 -3.14645 -3.48508 -3.80989 -4.11604 -4.39911 -4.6551 -4.88039 -5.07166 -5.22597 -5.34077 -5.41405 -5.44443 -5.43133 -5.37507 -5.27695 -5.13926 -4.9653 -4.75918 -4.52579 -4.27052 -3.99909 -3.71729 -3.43077 -3.14481 -2.86418 -2.59298 -2.33455 -2.0915 -1.86563 -1.65807 -1.46928 -1.29922 -1.14737 -1.0129 -0.894751 -0.791705 -0.702472 -0.625747 -0.56026 -0.504807 -0.458273 -0.41965 -0.388033 -0.362631 -0.342754 -0.327803 -0.317263 -0.310684 -0.307671 -0.307863 -0.310921 -0.316519 -0.324329 -0.334016 -0.345233 -0.35762 -0.370805 -0.384407 -0.398044 -0.411337 -0.423923 -0.435458 -0.445631 -0.45417 -0.46085 -0.465504 -0.468026 -0.468379 -0.466596 -0.462784 -0.457121 -0.44985 -0.441277 -0.431754 -0.421667 -0.411424 -0.401432 -0.392084 -0.383744 -0.376732 -0.371314 -0.367698 -0.366033 -0.366407 -0.368854 -0.373364 -0.379883 -0.388324 -0.39857 -0.410481 -0.423893 -0.43862 -0.454454 -0.471162 -0.48849 -0.506163 -0.523887 -0.541354 -0.558247 -0.574253 -0.589064 -0.602391 -0.613972 -0.623578 -0.631023 -0.636166 -0.638924 -0.639256 -0.637088 -0.632385 -0.625223 -0.615721 -0.604009 -0.590106 -0.572406 -0.528295 -0.167582 
0.478148 0.958107 0.961724 0.965337 0.968957 0.972593 0.97625 0.979933 0.983642 0.987381 0.991147 0.994941 0.99876 1.0026 1.00646 1.01034 1.01423 1.01813 1.02203 1.02592 1.0298 1.03366 1.03749 1.04129 1.04503 1.04872 1.05234 1.05587 1.0593 1.06262 1.0658 1.06883 1.0717 1.07437 1.07683 1.07905 1.08101 1.08269 1.08405 1.08507 1.08573 1.08599 1.08582 1.0852 1.08408 1.08245 1.08027 1.0775 1.07412 1.07008 1.06535 1.05989 1.05365 1.04659 1.03864 1.02971 1.01969 1.00843 0.995707 0.981253 0.964686 0.945512 0.923097 0.896644 0.865175 0.827516 0.782295 0.727945 0.662728 0.584773 0.492134 0.382872 0.255159 0.107398 -0.0616361 -0.252649 -0.465684 -0.700007 -0.95402 -1.22525 -1.51037 -1.80537 -2.10565 -2.40629 -2.70223 -2.98844 -3.2601 -3.51267 -3.74196 -3.9442 -4.11601 -4.25451 -4.35736 -4.42284 -4.44996 -4.43851 -4.38916 -4.30346 -4.18385 -4.03356 -3.85655 -3.6573 -3.44069 -3.21176 -2.97552 -2.73674 -2.49985 -2.26871 -2.0466 -1.83614 -1.63926 -1.45728 -1.29091 -1.14036 -1.00541 -0.8855 -0.77984 -0.687457 -0.607282 -0.538205 -0.479124 -0.428974 -0.386755 -0.351548 -0.322524 -0.298943 -0.280158 -0.265605 -0.2548 -0.247324 -0.242818 -0.240967 -0.241491 -0.244134 -0.248654 -0.254814 -0.262375 -0.271092 -0.280711 -0.29097 -0.301601 -0.31233 -0.322887 -0.333012 -0.342459 -0.351005 -0.358457 -0.364662 -0.369507 -0.372932 -0.374925 -0.375532 -0.37485 -0.373028 -0.370263 -0.366787 -0.362866 -0.358782 -0.354824 -0.35128 -0.348418 -0.346485 -0.345693 -0.346219 -0.348198 -0.351728 -0.356866 -0.363637 -0.37203 -0.382007 -0.393502 -0.406422 -0.420648 -0.436036 -0.452413 -0.469579 -0.487308 -0.505345 -0.523417 -0.54123 -0.558481 -0.574864 -0.59008 -0.603844 -0.615897 -0.626011 -0.633998 -0.639712 -0.643057 -0.64399 -0.642511 -0.638593 -0.632239 -0.623549 -0.612657 -0.599704 -0.58471 -0.566065 -0.521146 -0.160061 
0.47801 0.957847 0.961496 0.965145 0.968803 0.972478 0.976177 0.979902 0.983656 0.98744 0.991254 0.995096 0.998964 1.00286 1.00677 1.0107 1.01464 1.01859 1.02254 1.02649 1.03043 1.03435 1.03824 1.0421 1.04591 1.04966 1.05334 1.05694 1.06045 1.06384 1.0671 1.07022 1.07317 1.07593 1.07849 1.08082 1.0829 1.08469 1.08619 1.08735 1.08816 1.08858 1.08858 1.08814 1.08723 1.08582 1.08386 1.08134 1.07823 1.07447 1.07005 1.06493 1.05907 1.05242 1.04493 1.03655 1.02718 1.01673 1.00504 0.991928 0.977127 0.960295 0.94098 0.918611 0.89247 0.861683 0.825208 0.781831 0.730182 0.668754 0.595944 0.510114 0.409667 0.293144 0.159336 0.00740504 -0.162996 -0.351612 -0.557497 -0.778976 -1.01364 -1.2584 -1.5096 -1.76314 -2.01465 -2.25966 -2.49371 -2.71252 -2.91207 -3.08872 -3.23923 -3.3609 -3.45158 -3.50981 -3.53483 -3.52665 -3.48611 -3.41479 -3.31509 -3.19002 -3.04318 -2.87858 -2.70045 -2.51312 -2.32079 -2.12742 -1.93658 -1.75136 -1.57432 -1.40745 -1.25216 -1.10935 -0.979471 -0.862542 -0.758271 -0.666112 -0.585338 -0.515108 -0.454517 -0.402643 -0.358578 -0.32146 -0.290481 -0.264906 -0.244073 -0.227393 -0.214354 -0.204508 -0.197471 -0.192913 -0.190551 -0.19014 -0.191464 -0.194328 -0.198555 -0.20397 -0.210405 -0.217688 -0.225643 -0.23409 -0.242845 -0.25172 -0.260531 -0.269099 -0.277257 -0.284854 -0.291763 -0.297883 -0.303146 -0.30752 -0.31101 -0.313662 -0.315558 -0.316815 -0.317582 -0.318033 -0.318358 -0.31876 -0.319444 -0.320609 -0.322442 -0.325112 -0.328769 -0.333534 -0.339506 -0.346754 -0.355323 -0.365232 -0.376472 -0.389012 -0.402793 -0.417727 -0.4337 -0.450565 -0.468146 -0.486238 -0.504604 -0.522986 -0.541105 -0.558669 -0.575381 -0.59095 -0.605097 -0.617567 -0.628135 -0.636614 -0.642858 -0.646766 -0.648286 -0.647414 -0.644188 -0.63862 -0.630745 -0.620682 -0.608574 -0.59456 -0.57866 -0.559251 -0.513717 -0.152681 
0.47785 0.957541 0.961221 0.964901 0.968593 0.972304 0.97604 0.979804 0.983597 0.987422 0.991277 0.995161 0.999072 1.00301 1.00696 1.01094 1.01493 1.01892 1.02292 1.02692 1.0309 1.03487 1.03881 1.04272 1.04658 1.05039 1.05413 1.05779 1.06135 1.06481 1.06814 1.07132 1.07435 1.07719 1.07983 1.08225 1.08442 1.08632 1.08792 1.0892 1.09014 1.0907 1.09085 1.09057 1.08984 1.08861 1.08686 1.08456 1.08167 1.07817 1.07403 1.0692 1.06366 1.05737 1.05028 1.04235 1.03352 1.0237 1.0128 1.00068 0.987172 0.972026 0.954933 0.935488 0.913178 0.887367 0.857284 0.822015 0.780512 0.731598 0.673998 0.606379 0.527407 0.435821 0.330518 0.210654 0.0757436 -0.0742447 -0.238805 -0.416838 -0.606632 -0.805876 -1.01172 -1.22087 -1.42971 -1.6344 -1.83108 -2.01593 -2.18533 -2.33595 -2.46487 -2.56963 -2.64835 -2.69976 -2.72329 -2.71905 -2.6879 -2.63137 -2.55163 -2.45137 -2.33376 -2.20222 -2.06033 -1.91169 -1.75974 -1.60767 -1.4583 -1.31405 -1.17686 -1.0482 -0.929089 -0.820133 -0.721567 -0.633318 -0.55507 -0.486323 -0.426451 -0.37475 -0.330478 -0.292893 -0.261273 -0.234935 -0.213247 -0.195637 -0.181591 -0.170656 -0.162434 -0.156583 -0.152807 -0.150853 -0.150504 -0.151572 -0.153894 -0.157324 -0.161732 -0.166991 -0.172983 -0.179587 -0.186684 -0.194151 -0.201864 -0.209701 -0.217537 -0.225256 -0.23275 -0.23992 -0.246687 -0.25299 -0.258792 -0.26408 -0.268868 -0.273197 -0.277135 -0.280773 -0.284221 -0.287607 -0.29107 -0.294757 -0.298813 -0.303382 -0.308599 -0.314588 -0.321458 -0.329302 -0.338193 -0.348188 -0.359321 -0.371603 -0.385022 -0.399541 -0.415095 -0.431588 -0.448893 -0.466851 -0.485271 -0.503934 -0.522592 -0.540979 -0.558813 -0.575808 -0.59168 -0.606157 -0.618991 -0.629961 -0.638883 -0.645612 -0.650049 -0.652138 -0.651867 -0.649269 -0.644414 -0.637345 -0.628123 -0.616875 -0.603744 -0.588866 -0.572248 -0.552254 -0.50628 -0.145645 
0.477681 0.957217 0.960923 0.964632 0.968355 0.972097 0.975866 0.979664 0.983492 0.987352 0.991243 0.995163 0.999111 1.00308 1.00708 1.01109 1.01512 1.01915 1.02319 1.02723 1.03125 1.03526 1.03924 1.04319 1.0471 1.05095 1.05473 1.05844 1.06205 1.06556 1.06894 1.07218 1.07527 1.07817 1.08088 1.08337 1.08562 1.0876 1.0893 1.09068 1.09172 1.09239 1.09268 1.09254 1.09195 1.09088 1.0893 1.08719 1.08451 1.08124 1.07733 1.07277 1.06751 1.06153 1.05478 1.04724 1.03884 1.02954 1.01926 1.0079 0.99535 0.981439 0.965952 0.948608 0.929047 0.906816 0.881359 0.852006 0.817975 0.778375 0.732224 0.678472 0.616048 0.543908 0.461107 0.366872 0.260686 0.142367 0.0121434 -0.12929 -0.280739 -0.440509 -0.60643 -0.77592 -0.946065 -1.11373 -1.27565 -1.4286 -1.56946 -1.69534 -1.8037 -1.89242 -1.95987 -2.005 -2.02736 -2.02713 -2.00508 -1.9626 -1.90157 -1.82433 -1.7335 -1.63197 -1.52266 -1.40847 -1.29215 -1.1762 -1.06282 -0.953839 -0.8507 -0.754476 -0.665876 -0.585287 -0.512816 -0.448341 -0.39156 -0.34204 -0.299264 -0.262661 -0.231646 -0.205636 -0.184072 -0.166432 -0.152233 -0.141044 -0.132476 -0.126189 -0.121889 -0.119317 -0.118255 -0.118514 -0.119931 -0.12237 -0.125708 -0.12984 -0.134669 -0.140108 -0.146071 -0.152476 -0.159242 -0.166288 -0.173533 -0.180895 -0.188296 -0.195662 -0.202924 -0.210025 -0.216917 -0.223566 -0.229955 -0.236086 -0.241976 -0.247663 -0.253204 -0.258668 -0.264141 -0.26972 -0.275509 -0.281619 -0.288158 -0.295235 -0.302955 -0.311413 -0.320694 -0.330872 -0.342005 -0.354135 -0.367284 -0.381451 -0.396612 -0.412713 -0.429673 -0.447376 -0.465677 -0.484396 -0.503324 -0.522225 -0.540844 -0.558908 -0.576141 -0.592269 -0.607027 -0.620174 -0.631496 -0.640813 -0.647986 -0.652916 -0.655548 -0.655868 -0.653903 -0.649716 -0.643399 -0.635021 -0.624656 -0.612431 -0.598483 -0.582935 -0.565777 -0.545359 -0.499098 -0.139159 
0.477515 0.956896 0.960626 0.964361 0.96811 0.971881 0.975678 0.979506 0.983364 0.987255 0.991177 0.995128 0.999108 1.00311 1.00714 1.01118 1.01524 1.01931 1.02338 1.02745 1.03151 1.03555 1.03956 1.04354 1.04748 1.05137 1.05519 1.05893 1.06258 1.06613 1.06955 1.07284 1.07597 1.07892 1.08169 1.08423 1.08654 1.08859 1.09036 1.09182 1.09295 1.09372 1.0941 1.09408 1.09361 1.09268 1.09125 1.0893 1.0868 1.08371 1.08002 1.07568 1.07067 1.06496 1.05851 1.05129 1.04327 1.03439 1.0246 1.01384 1.00203 0.989035 0.974725 0.958903 0.941319 0.921658 0.899527 0.874448 0.845853 0.813084 0.775406 0.73202 0.682094 0.624799 0.559361 0.485121 0.401593 0.308538 0.206023 0.0944696 -0.0253036 -0.152073 -0.284217 -0.419755 -0.556404 -0.691661 -0.822893 -0.947439 -1.06272 -1.16633 -1.25613 -1.33036 -1.38767 -1.42721 -1.44862 -1.45208 -1.43829 -1.40843 -1.36407 -1.30715 -1.23981 -1.16438 -1.08319 -0.998523 -0.912517 -0.827094 -0.74391 -0.664326 -0.5894 -0.519889 -0.456276 -0.398798 -0.347483 -0.302194 -0.262663 -0.228533 -0.199391 -0.174793 -0.154286 -0.137429 -0.123803 -0.113016 -0.104713 -0.0985772 -0.0943248 -0.0917092 -0.0905161 -0.090561 -0.0916855 -0.0937544 -0.0966519 -0.100279 -0.104549 -0.109387 -0.114724 -0.1205 -0.126655 -0.133135 -0.139886 -0.146852 -0.153984 -0.161229 -0.168538 -0.175867 -0.183176 -0.190431 -0.197607 -0.20469 -0.211676 -0.218575 -0.225408 -0.232211 -0.239032 -0.245929 -0.252972 -0.260238 -0.267811 -0.275777 -0.284225 -0.293242 -0.302913 -0.313314 -0.324515 -0.336573 -0.349531 -0.363414 -0.378228 -0.393954 -0.410546 -0.427928 -0.445995 -0.464608 -0.483596 -0.50276 -0.521873 -0.540688 -0.558944 -0.576373 -0.59271 -0.607703 -0.621116 -0.632744 -0.642414 -0.649991 -0.655381 -0.658532 -0.659431 -0.658099 -0.654595 -0.649005 -0.641436 -0.631968 -0.620682 -0.607695 -0.593129 -0.57709 -0.559547 -0.538834 -0.492401 -0.133407 
0.477363 0.956601 0.960352 0.964109 0.967881 0.971676 0.975498 0.979351 0.983235 0.987152 0.9911 0.995078 0.999084 1.00312 1.00717 1.01124 1.01532 1.01942 1.02351 1.0276 1.03169 1.03575 1.0398 1.0438 1.04777 1.05168 1.05553 1.0593 1.06297 1.06655 1.07 1.07332 1.07649 1.07948 1.08228 1.08487 1.08723 1.08933 1.09115 1.09267 1.09387 1.09471 1.09518 1.09525 1.09488 1.09406 1.09276 1.09094 1.08859 1.08566 1.08215 1.078 1.0732 1.06772 1.06153 1.0546 1.04688 1.03836 1.02898 1.0187 1.00745 0.995162 0.981729 0.967021 0.950869 0.933057 0.913312 0.891301 0.86662 0.8388 0.807303 0.77154 0.730884 0.684702 0.632386 0.5734 0.507331 0.433934 0.353193 0.265357 0.170979 0.0709313 -0.033593 -0.141102 -0.249847 -0.357879 -0.463123 -0.563461 -0.65682 -0.741262 -0.815062 -0.876788 -0.925357 -0.960086 -0.980715 -0.987414 -0.980767 -0.961738 -0.931612 -0.891931 -0.844414 -0.790868 -0.733113 -0.672902 -0.611855 -0.551414 -0.492802 -0.437011 -0.384794 -0.336676 -0.292977 -0.253832 -0.219228 -0.189031 -0.16302 -0.140911 -0.122385 -0.107106 -0.094738 -0.084955 -0.0774512 -0.0719451 -0.0681822 -0.0659362 -0.0650083 -0.0652256 -0.0664388 -0.06852 -0.0713603 -0.0748664 -0.0789592 -0.0835707 -0.0886421 -0.094122 -0.0999645 -0.106128 -0.112574 -0.119265 -0.126168 -0.133247 -0.14047 -0.147807 -0.155228 -0.162709 -0.170227 -0.177766 -0.185318 -0.192879 -0.200456 -0.208065 -0.21573 -0.223487 -0.231378 -0.239456 -0.247782 -0.256421 -0.265445 -0.274927 -0.284941 -0.295563 -0.30686 -0.318896 -0.331724 -0.345386 -0.359906 -0.375291 -0.391523 -0.408559 -0.426328 -0.444728 -0.463625 -0.482855 -0.502226 -0.521519 -0.540496 -0.558906 -0.576491 -0.592997 -0.60818 -0.621816 -0.633709 -0.643694 -0.651643 -0.657467 -0.661119 -0.662585 -0.661889 -0.659084 -0.654247 -0.647479 -0.638893 -0.628569 -0.616582 -0.603034 -0.588026 -0.571641 -0.553828 -0.532902 -0.486365 -0.128528 
0.477232 0.956348 0.960117 0.963893 0.967686 0.971501 0.975345 0.979219 0.983125 0.987063 0.991032 0.995032 0.99906 1.00311 1.00719 1.01128 1.01538 1.01949 1.02361 1.02772 1.03182 1.03591 1.03997 1.044 1.04798 1.05191 1.05577 1.05956 1.06326 1.06685 1.07033 1.07367 1.07685 1.07987 1.0827 1.08532 1.08771 1.08985 1.09171 1.09328 1.09452 1.09542 1.09595 1.09609 1.09581 1.09507 1.09387 1.09216 1.08993 1.08714 1.08377 1.07979 1.07517 1.06989 1.06391 1.05721 1.04977 1.04154 1.0325 1.0226 1.01181 1.00006 0.987296 0.973417 0.958312 0.941836 0.923805 0.903989 0.88211 0.857839 0.830797 0.80056 0.766671 0.728662 0.686074 0.638494 0.585587 0.52714 0.463101 0.393615 0.319053 0.240034 0.157425 0.0723316 -0.0139287 -0.0998705 -0.183896 -0.264362 -0.339649 -0.408235 -0.468764 -0.520112 -0.561432 -0.592196 -0.612212 -0.621632 -0.620928 -0.610869 -0.592469 -0.566929 -0.535578 -0.499798 -0.460968 -0.420401 -0.379301 -0.338721 -0.299549 -0.262488 -0.228064 -0.196633 -0.168399 -0.143434 -0.121705 -0.103095 -0.0874274 -0.0744874 -0.0640367 -0.0558296 -0.0496236 -0.045187 -0.0423044 -0.0407797 -0.0404377 -0.041124 -0.0427041 -0.0450625 -0.0481 -0.0517328 -0.0558894 -0.0605098 -0.0655427 -0.0709444 -0.0766776 -0.0827092 -0.0890103 -0.0955545 -0.102318 -0.109277 -0.116411 -0.1237 -0.131125 -0.138668 -0.146315 -0.154054 -0.161876 -0.169775 -0.177755 -0.18582 -0.193985 -0.20227 -0.210703 -0.219319 -0.228161 -0.237279 -0.246727 -0.256565 -0.266857 -0.277668 -0.289062 -0.3011 -0.31384 -0.327331 -0.341608 -0.356693 -0.372591 -0.389283 -0.406727 -0.42485 -0.443554 -0.462708 -0.482154 -0.501703 -0.521146 -0.540253 -0.558781 -0.576486 -0.593122 -0.608458 -0.622281 -0.634405 -0.644675 -0.652971 -0.659213 -0.663355 -0.665388 -0.665336 -0.663247 -0.659195 -0.653268 -0.645569 -0.636207 -0.625252 -0.612766 -0.598826 -0.583509 -0.566874 -0.548851 -0.527739 -0.481114 -0.124613 
0.477131 0.956154 0.959938 0.96373 0.96754 0.971372 0.975233 0.979125 0.983048 0.987004 0.990991 0.995008 0.999052 1.00312 1.00721 1.01132 1.01544 1.01956 1.02369 1.02782 1.03194 1.03603 1.04011 1.04414 1.04814 1.05208 1.05595 1.05975 1.06346 1.06706 1.07055 1.0739 1.0771 1.08013 1.08297 1.08561 1.08802 1.09018 1.09207 1.09366 1.09494 1.09588 1.09646 1.09665 1.09642 1.09576 1.09463 1.09301 1.09087 1.08819 1.08493 1.08109 1.07662 1.0715 1.0657 1.05921 1.05198 1.044 1.03524 1.02566 1.01523 1.00392 0.99166 0.978406 0.964077 0.948576 0.931779 0.913534 0.893653 0.871911 0.848049 0.821769 0.792751 0.760659 0.72516 0.685949 0.64277 0.595455 0.543945 0.488326 0.428852 0.365958 0.30027 0.232601 0.163927 0.0953621 0.0281124 -0.0365725 -0.097456 -0.153372 -0.203283 -0.246324 -0.281852 -0.309468 -0.329035 -0.340679 -0.344776 -0.341921 -0.332892 -0.318604 -0.300057 -0.278285 -0.254308 -0.229088 -0.203497 -0.178292 -0.154099 -0.131407 -0.110575 -0.0918376 -0.0753212 -0.0610603 -0.0490155 -0.0390921 -0.0311564 -0.02505 -0.0206025 -0.0176408 -0.0159967 -0.0155117 -0.0160407 -0.0174531 -0.0196341 -0.0224838 -0.0259167 -0.0298601 -0.0342529 -0.039044 -0.0441906 -0.0496573 -0.0554142 -0.0614361 -0.0677015 -0.0741919 -0.0808908 -0.0877835 -0.0948567 -0.102098 -0.109496 -0.11704 -0.124722 -0.132535 -0.140472 -0.148531 -0.156712 -0.16502 -0.173464 -0.182056 -0.190816 -0.199769 -0.208946 -0.218384 -0.228126 -0.238219 -0.248716 -0.259673 -0.271146 -0.283193 -0.295869 -0.309224 -0.323299 -0.338127 -0.353725 -0.370092 -0.387207 -0.405026 -0.423476 -0.442458 -0.461844 -0.481479 -0.50118 -0.520745 -0.539952 -0.55857 -0.576362 -0.593099 -0.60856 -0.622544 -0.634877 -0.645416 -0.65405 -0.660704 -0.665341 -0.667953 -0.668563 -0.66722 -0.663988 -0.658948 -0.652188 -0.643804 -0.633891 -0.622502 -0.609674 -0.59546 -0.579911 -0.563064 -0.544831 -0.523504 -0.476751 -0.121738 
0.477068 0.956033 0.959829 0.963634 0.967457 0.971303 0.975178 0.979083 0.983021 0.98699 0.99099 0.995019 0.999076 1.00316 1.00726 1.01137 1.0155 1.01964 1.02378 1.02791 1.03204 1.03614 1.04022 1.04426 1.04826 1.0522 1.05608 1.05988 1.06359 1.0672 1.07069 1.07404 1.07724 1.08028 1.08312 1.08576 1.08818 1.09035 1.09225 1.09386 1.09516 1.09612 1.09672 1.09695 1.09676 1.09614 1.09506 1.0935 1.09144 1.08884 1.08568 1.08193 1.07758 1.0726 1.06695 1.06062 1.05358 1.0458 1.03726 1.02794 1.01781 1.00683 0.994978 0.982202 0.968453 0.953669 0.937768 0.920649 0.902191 0.882244 0.860633 0.837161 0.811606 0.783738 0.753325 0.72015 0.684031 0.644843 0.60254 0.557176 0.508927 0.458105 0.40516 0.350685 0.295398 0.240122 0.185754 0.133229 0.0834719 0.0373594 -0.00432851 -0.0409451 -0.0720091 -0.0972268 -0.116503 -0.129941 -0.137828 -0.140616 -0.138888 -0.133325 -0.124663 -0.113657 -0.101046 -0.0875192 -0.0736943 -0.0601013 -0.0471726 -0.0352418 -0.024547 -0.0152392 -0.00739366 -0.0010233 0.00390827 0.00747347 0.00976904 0.0109059 0.0110006 0.0101695 0.00852321 0.00616419 0.00318449 -0.000334956 -0.00432437 -0.00872464 -0.0134864 -0.018569 -0.0239392 -0.0295703 -0.0354407 -0.041533 -0.0478332 -0.05433 -0.0610139 -0.0678768 -0.0749121 -0.0821136 -0.0894761 -0.0969952 -0.104667 -0.112489 -0.120458 -0.128576 -0.136844 -0.145267 -0.153851 -0.162607 -0.171551 -0.1807 -0.19008 -0.199718 -0.209649 -0.219912 -0.230548 -0.241606 -0.253134 -0.265185 -0.277807 -0.29105 -0.304958 -0.319565 -0.334899 -0.350969 -0.367772 -0.385282 -0.40345 -0.422204 -0.441442 -0.46104 -0.480844 -0.500678 -0.520345 -0.539634 -0.558323 -0.576188 -0.593012 -0.608588 -0.622728 -0.635271 -0.646085 -0.655068 -0.662156 -0.667313 -0.670537 -0.67185 -0.671295 -0.668932 -0.664832 -0.659069 -0.651721 -0.642869 -0.632587 -0.620907 -0.607839 -0.593411 -0.577648 -0.56057 -0.542077 -0.520463 -0.473514 -0.120105 
0.477046 0.955995 0.9598 0.963615 0.967448 0.971305 0.97519 0.979105 0.983051 0.987029 0.991037 0.995074 0.999138 1.00322 1.00733 1.01145 1.01558 1.01972 1.02386 1.028 1.03212 1.03622 1.0403 1.04434 1.04833 1.05227 1.05614 1.05993 1.06364 1.06723 1.07071 1.07406 1.07725 1.08027 1.08311 1.08574 1.08815 1.09031 1.09221 1.09382 1.09512 1.09609 1.0967 1.09693 1.09676 1.09617 1.09512 1.0936 1.09158 1.08904 1.08595 1.08228 1.07802 1.07313 1.0676 1.0614 1.0545 1.04689 1.03854 1.02943 1.01953 1.00882 0.997277 0.984867 0.971557 0.957303 0.942055 0.925747 0.908301 0.889621 0.869595 0.848094 0.824973 0.80008 0.77326 0.744368 0.71328 0.679914 0.644238 0.606296 0.566216 0.524221 0.480641 0.435906 0.390541 0.345149 0.300392 0.256958 0.215531 0.176759 0.141218 0.109384 0.0816114 0.058112 0.0389513 0.0240488 0.013188 0.00603515 0.00216233 0.0010758 0.002245 0.00513111 0.00921277 0.0140075 0.0190881 0.0240927 0.0287301 0.03278 0.0360886 0.0385617 0.0401563 0.04087 0.0407322 0.039794 0.0381206 0.035784 0.0328581 0.0294144 0.0255189 0.0212309 0.0166016 0.0116744 0.00648484 0.00106142 -0.00457366 -0.0104035 -0.0164157 -0.0226014 -0.0289543 -0.0354706 -0.0421476 -0.0489838 -0.0559786 -0.0631315 -0.0704427 -0.0779124 -0.0855415 -0.093331 -0.101283 -0.109399 -0.117684 -0.126144 -0.134784 -0.143617 -0.152653 -0.161909 -0.171404 -0.181162 -0.19121 -0.201581 -0.21231 -0.223436 -0.235002 -0.247053 -0.259634 -0.27279 -0.286564 -0.300992 -0.316104 -0.33192 -0.348445 -0.365668 -0.38356 -0.402069 -0.421119 -0.44061 -0.460418 -0.480391 -0.50036 -0.520136 -0.539516 -0.55829 -0.576247 -0.593181 -0.608902 -0.623234 -0.63603 -0.647168 -0.656558 -0.66414 -0.669885 -0.673791 -0.675878 -0.676185 -0.674763 -0.671669 -0.666967 -0.660716 -0.652978 -0.643813 -0.63328 -0.62139 -0.608127 -0.593493 -0.577498 -0.560147 -0.541336 -0.519368 -0.472167 -0.120446 
0.477072 0.956048 0.95986 0.963681 0.96752 0.971382 0.975271 0.97919 0.983139 0.987118 0.991126 0.99516 0.99922 1.0033 1.0074 1.01151 1.01563 1.01976 1.02388 1.028 1.0321 1.03618 1.04024 1.04425 1.04822 1.05212 1.05597 1.05973 1.06339 1.06696 1.0704 1.0737 1.07686 1.07984 1.08264 1.08523 1.0876 1.08973 1.09159 1.09316 1.09443 1.09537 1.09595 1.09617 1.09598 1.09538 1.09433 1.09281 1.0908 1.08828 1.08521 1.08159 1.07738 1.07255 1.0671 1.06099 1.0542 1.04671 1.03849 1.02954 1.01982 1.00932 0.998008 0.985873 0.972886 0.959018 0.944237 0.928501 0.911762 0.893959 0.875024 0.854875 0.833423 0.810571 0.786221 0.760283 0.732679 0.70336 0.672314 0.639577 0.605249 0.569497 0.532562 0.494758 0.456471 0.41814 0.380251 0.343306 0.307807 0.274228 0.24299 0.214441 0.188837 0.166334 0.146977 0.130709 0.117374 0.106733 0.0984833 0.0922785 0.0877491 0.0845238 0.0822473 0.0805943 0.0792808 0.0780693 0.0767721 0.0752491 0.0734049 0.0711822 0.0685556 0.0655243 0.0621049 0.0583259 0.0542215 0.0498282 0.0451809 0.0403112 0.0352463 0.0300075 0.0246113 0.0190689 0.0133872 0.00756934 0.00161555 -0.00447607 -0.010709 -0.0170875 -0.0236164 -0.0303007 -0.0371451 -0.0441541 -0.0513319 -0.0586822 -0.0662088 -0.073915 -0.0818045 -0.0898814 -0.0981503 -0.106617 -0.115288 -0.124173 -0.133282 -0.142629 -0.152229 -0.162102 -0.172271 -0.182761 -0.193603 -0.20483 -0.216477 -0.228584 -0.241191 -0.254337 -0.268062 -0.282403 -0.29739 -0.313047 -0.329387 -0.34641 -0.364099 -0.382421 -0.40132 -0.42072 -0.44052 -0.460597 -0.480805 -0.50098 -0.520941 -0.540496 -0.559446 -0.577593 -0.594746 -0.610726 -0.625373 -0.63855 -0.650146 -0.66008 -0.668296 -0.674768 -0.679491 -0.682482 -0.68377 -0.683397 -0.681406 -0.677844 -0.672753 -0.666176 -0.658154 -0.648737 -0.637989 -0.625912 -0.612469 -0.597636 -0.581408 -0.563785 -0.544658 -0.522347 -0.474923 -0.124953 
0.477147 0.956199 0.96001 0.963829 0.967663 0.971519 0.975398 0.979302 0.983233 0.987189 0.991169 0.99517 0.999191 1.00323 1.00728 1.01133 1.01539 1.01944 1.02349 1.02752 1.03153 1.03552 1.03946 1.04336 1.0472 1.05098 1.05469 1.0583 1.06182 1.06523 1.06851 1.07164 1.07462 1.07743 1.08005 1.08246 1.08464 1.08658 1.08825 1.08964 1.09073 1.09149 1.0919 1.09195 1.09161 1.09085 1.08966 1.08801 1.08589 1.08326 1.08011 1.07641 1.07214 1.06728 1.0618 1.05568 1.0489 1.04144 1.03327 1.02438 1.01474 1.00434 0.993154 0.981163 0.968348 0.954686 0.940153 0.924721 0.908357 0.891025 0.872679 0.853269 0.832741 0.811034 0.78809 0.763853 0.738281 0.711347 0.683053 0.653436 0.622575 0.590598 0.557688 0.524078 0.490054 0.455943 0.422101 0.388902 0.356717 0.325901 0.296767 0.269579 0.244536 0.221762 0.201307 0.183148 0.167193 0.153295 0.141264 0.130878 0.121906 0.114115 0.107281 0.101204 0.0957069 0.0906438 0.0858968 0.081375 0.0770117 0.0727592 0.0685842 0.0644636 0.0603802 0.0563194 0.052267 0.0482072 0.044122 0.0399911 0.0357919 0.0315004 0.0270918 0.0225413 0.0178251 0.0129211 0.00780913 0.00247176 -0.00310576 -0.00893535 -0.0150262 -0.021385 -0.0280161 -0.034922 -0.0421038 -0.0495613 -0.0572937 -0.0653 -0.0735794 -0.0821319 -0.0909581 -0.10006 -0.109443 -0.119112 -0.129077 -0.139348 -0.149942 -0.160875 -0.172169 -0.183849 -0.195943 -0.20848 -0.221493 -0.235017 -0.249083 -0.263726 -0.278974 -0.29485 -0.311372 -0.328546 -0.346367 -0.364813 -0.383847 -0.403412 -0.423431 -0.443805 -0.464414 -0.485119 -0.505763 -0.526175 -0.546174 -0.565574 -0.584189 -0.601843 -0.618368 -0.633616 -0.647459 -0.659794 -0.670543 -0.679653 -0.687094 -0.692858 -0.696951 -0.699395 -0.700214 -0.699439 -0.697098 -0.693218 -0.68782 -0.680928 -0.672571 -0.662812 -0.651765 -0.63947 -0.625857 -0.610873 -0.594487 -0.576687 -0.557362 -0.534844 -0.487351 -0.139179 
0.477266 0.956425 0.960211 0.963997 0.967789 0.97159 0.9754 0.979221 0.983051 0.986887 0.990727 0.994567 0.998404 1.00223 1.00604 1.00983 1.0136 1.01733 1.02102 1.02466 1.02823 1.03175 1.03518 1.03853 1.04179 1.04493 1.04796 1.05085 1.05361 1.05621 1.05864 1.0609 1.06295 1.06481 1.06643 1.06783 1.06897 1.06985 1.07045 1.07076 1.07075 1.07043 1.06976 1.06874 1.06735 1.06557 1.06339 1.06079 1.05776 1.05426 1.0503 1.04583 1.04085 1.03533 1.02925 1.02258 1.01529 1.00736 0.998764 0.989466 0.979437 0.968646 0.95706 0.944644 0.931364 0.917183 0.902063 0.885963 0.86884 0.850649 0.83134 0.810864 0.789167 0.766199 0.741911 0.716261 0.689222 0.660782 0.630954 0.599781 0.567345 0.53377 0.499221 0.463913 0.428103 0.392084 0.35618 0.320733 0.286089 0.252587 0.220542 0.190235 0.161903 0.135728 0.11184 0.0903105 0.0711601 0.0543614 0.0398479 0.0275218 0.017263 0.00893642 0.0023988 -0.00249651 -0.00589624 -0.00794548 -0.00878706 -0.00856195 -0.00740988 -0.00547016 -0.0028822 0.000214406 0.00368034 0.00737749 0.0111704 0.014928 0.0185255 0.0218461 0.0247828 0.02724 0.0291341 0.0303946 0.0309642 0.0307983 0.0298649 0.0281437 0.0256248 0.0223077 0.0182001 0.0133162 0.00767579 0.00130261 -0.00577657 -0.0135331 -0.0219376 -0.0309606 -0.0405732 -0.0507483 -0.0614605 -0.0726871 -0.0844079 -0.0966064 -0.109269 -0.122387 -0.135954 -0.149968 -0.164432 -0.179351 -0.194734 -0.210592 -0.226939 -0.243789 -0.261157 -0.279054 -0.297488 -0.316464 -0.335977 -0.356011 -0.37654 -0.397523 -0.418904 -0.440607 -0.462542 -0.484598 -0.506647 -0.528547 -0.550142 -0.57127 -0.591761 -0.611446 -0.630163 -0.647758 -0.664093 -0.679046 -0.692518 -0.70443 -0.714726 -0.723371 -0.730347 -0.735652 -0.739292 -0.741284 -0.741646 -0.740395 -0.737548 -0.733117 -0.727114 -0.719549 -0.710445 -0.699854 -0.688026 -0.675178 -0.661222 -0.646001 -0.629422 -0.611443 -0.591942 -0.569265 -0.521773 -0.175378 
0.477422 0.956697 0.960379 0.964013 0.9676 0.971139 0.974627 0.978059 0.981428 0.984725 0.987939 0.991057 0.994066 0.996949 0.999691 1.00227 1.00468 1.00688 1.00886 1.01061 1.01209 1.01329 1.01418 1.01474 1.01495 1.01479 1.01424 1.01328 1.0119 1.01008 1.0078 1.00506 1.00185 0.99816 0.993997 0.989359 0.984251 0.978685 0.97267 0.966224 0.959364 0.952112 0.944491 0.936525 0.928238 0.919656 0.910801 0.901695 0.892353 0.882788 0.873007 0.863007 0.852779 0.842302 0.831545 0.820463 0.809 0.797083 0.784625 0.771525 0.757665 0.742909 0.72711 0.710104 0.691713 0.671747 0.650009 0.62629 0.60038 0.572069 0.541152 0.507436 0.470748 0.43094 0.387903 0.341577 0.29196 0.23912 0.183206 0.124459 0.0632166 -8.30702e-05 -0.0648994 -0.130595 -0.196448 -0.261662 -0.32539 -0.386758 -0.444888 -0.498932 -0.548097 -0.591669 -0.629042 -0.659735 -0.683401 -0.69984 -0.709 -0.710966 -0.705957 -0.694312 -0.676468 -0.652947 -0.624336 -0.591264 -0.554392 -0.514391 -0.47193 -0.427663 -0.382222 -0.336206 -0.290176 -0.244648 -0.200093 -0.156934 -0.115543 -0.0762431 -0.0393075 -0.00496247 0.0266115 0.0552765 0.0809348 0.103525 0.123018 0.139415 0.152742 0.163048 0.1704 0.174881 0.176587 0.175623 0.172104 0.166149 0.157883 0.147433 0.13493 0.120503 0.104283 0.0864015 0.0669876 0.04617 0.0240755 0.000828393 -0.0234494 -0.0486392 -0.0746264 -0.1013 -0.128556 -0.156292 -0.184415 -0.212836 -0.241475 -0.270255 -0.299108 -0.327971 -0.356784 -0.385494 -0.414049 -0.442396 -0.470484 -0.498257 -0.525654 -0.55261 -0.579049 -0.604889 -0.630037 -0.654392 -0.677846 -0.700286 -0.721594 -0.741654 -0.760353 -0.777584 -0.793253 -0.807277 -0.819589 -0.83014 -0.838896 -0.845842 -0.850976 -0.85431 -0.855867 -0.855673 -0.853763 -0.85017 -0.844927 -0.838066 -0.829614 -0.819599 -0.808052 -0.795009 -0.780778 -0.765664 -0.74957 -0.732309 -0.713796 -0.694006 -0.672844 -0.648694 -0.600123 -0.254992 
