# Time V_velocity
0.001 -2.38742e-13
0.002 -0.00138727
0.003 -0.00214071
0.004 -0.0025705
0.005 -0.00283202
0.006 -0.00300434
0.007 -0.00312835
0.008 -0.00322551
0.009 -0.00330726
0.01 -0.0033798
0.011 -0.00344658
0.012 -0.00350956
0.013 -0.00356989
0.014 -0.00362823
0.015 -0.00368503
0.016 -0.00374056
0.017 -0.00379501
0.018 -0.00384852
0.019 -0.00390119
0.02 -0.00395309
0.021 -0.0040043
0.022 -0.00405486
0.023 -0.00410483
0.024 -0.00415425
0.025 -0.00420315
0.026 -0.00425156
0.027 -0.00429952
0.028 -0.00434706
0.029 -0.0043942
0.03 -0.00444098
0.031 -0.0044874
0.032 -0.0045335
0.033 -0.00457929
0.034 -0.0046248
0.035 -0.00467004
0.036 -0.00471504
0.037 -0.00475981
0.038 -0.00480437
0.039 -0.00484874
0.04 -0.00489292
0.041 -0.00493694
0.042 -0.00498082
0.043 -0.00502456
0.044 -0.00506817
0.045 -0.00511168
0.046 -0.0051551
0.047 -0.00519843
0.048 -0.00524169
0.049 -0.00528489
0.05 -0.00532804
0.051 -0.00537115
0.052 -0.00541423
0.053 -0.00545729
0.054 -0.00550034
0.055 -0.00554339
0.056 -0.00558645
0.057 -0.00562952
0.058 -0.00567262
0.059 -0.00571575
0.06 -0.00575892
0.061 -0.00580214
0.062 -0.00584541
0.063 -0.00588875
0.064 -0.00593216
0.065 -0.00597565
0.066 -0.00601922
0.067 -0.00606288
0.068 -0.00610664
0.069 -0.00615051
0.07 -0.00619448
0.071 -0.00623858
0.072 -0.00628279
0.073 -0.00632714
0.074 -0.00637161
0.075 -0.00641623
0.076 -0.006461
0.077 -0.00650592
0.078 -0.00655099
0.079 -0.00659623
0.08 -0.00664163
0.081 -0.00668721
0.082 -0.00673297
0.083 -0.00677891
0.084 -0.00682504
0.085 -0.00687136
0.086 -0.00691788
0.087 -0.0069646
0.088 -0.00701153
0.089 -0.00705867
0.09 -0.00710603
0.091 -0.00715361
0.092 -0.00720141
0.093 -0.00724945
0.094 -0.00729771
0.095 -0.00734622
0.096 -0.00739497
0.097 -0.00744396
0.098 -0.00749321
0.099 -0.00754271
0.1 -0.00759247
0.101 -0.0076425
0.102 -0.00769279
0.103 -0.00774336
0.104 -0.00779421
0.105 -0.00784534
0.106 -0.00789676
0.107 -0.00794846
0.108 -0.00800047
0.109 -0.00805277
0.11 -0.00810537
0.111 -0.00815829
0.112 -0.00821151
0.113 -0.00826505
0.114 -0.00831892
0.115 -0.00837311
0.116 -0.00842763
0.117 -0.00848248
0.118 -0.00853768
0.119 -0.00859322
0.12 -0.00864912
0.121 -0.00870536
0.122 -0.00876197
0.123 -0.00881894
0.124 -0.00887627
0.125 -0.00893399
0.126 -0.00899208
0.127 -0.00905055
0.128 -0.00910941
0.129 -0.00916867
0.13 -0.00922832
0.131 -0.00928838
0.132 -0.00934885
0.133 -0.00940973
0.134 -0.00947103
0.135 -0.00953275
0.136 -0.0095949
0.137 -0.00965749
0.138 -0.00972051
0.139 -0.00978398
0.14 -0.0098479
0.141 -0.00991227
0.142 -0.0099771
0.143 -0.0100424
0.144 -0.0101082
0.145 -0.0101744
0.146 -0.0102412
0.147 -0.0103084
0.148 -0.0103761
0.149 -0.0104444
0.15 -0.0105131
0.151 -0.0105824
0.152 -0.0106521
0.153 -0.0107225
0.154 -0.0107933
0.155 -0.0108647
0.156 -0.0109366
0.157 -0.0110091
0.158 -0.0110822
0.159 -0.0111559
0.16 -0.0112301
0.161 -0.0113049
0.162 -0.0113803
0.163 -0.0114563
0.164 -0.0115329
0.165 -0.0116102
0.166 -0.011688
0.167 -0.0117665
0.168 -0.0118457
0.169 -0.0119255
0.17 -0.012006
0.171 -0.0120871
0.172 -0.0121689
0.173 -0.0122514
0.174 -0.0123346
0.175 -0.0124186
0.176 -0.0125032
0.177 -0.0125885
0.178 -0.0126746
0.179 -0.0127615
0.18 -0.0128491
0.181 -0.0129374
0.182 -0.0130266
0.183 -0.0131165
0.184 -0.0132072
0.185 -0.0132988
0.186 -0.0133911
0.187 -0.0134843
0.188 -0.0135784
0.189 -0.0136733
0.19 -0.013769
0.191 -0.0138656
0.192 -0.0139632
0.193 -0.0140616
0.194 -0.0141609
0.195 -0.0142612
0.196 -0.0143624
0.197 -0.0144646
0.198 -0.0145677
0.199 -0.0146718
0.2 -0.0147769
0.201 -0.0148831
0.202 -0.0149902
0.203 -0.0150984
0.204 -0.0152076
0.205 -0.0153179
0.206 -0.0154292
0.207 -0.0155417
0.208 -0.0156552
0.209 -0.0157699
0.21 -0.0158857
0.211 -0.0160027
0.212 -0.0161208
0.213 -0.0162401
0.214 -0.0163606
0.215 -0.0164823
0.216 -0.0166053
0.217 -0.0167295
0.218 -0.0168549
0.219 -0.0169816
0.22 -0.0171096
0.221 -0.0172389
0.222 -0.0173696
0.223 -0.0175015
0.224 -0.0176348
0.225 -0.0177695
0.226 -0.0179056
0.227 -0.018043
0.228 -0.0181819
0.229 -0.0183222
0.23 -0.0184639
0.231 -0.0186071
0.232 -0.0187518
0.233 -0.018898
0.234 -0.0190456
0.235 -0.0191948
0.236 -0.0193456
0.237 -0.0194978
0.238 -0.0196517
0.239 -0.0198071
0.24 -0.0199641
0.241 -0.0201228
0.242 -0.020283
0.243 -0.0204449
0.244 -0.0206084
0.245 -0.0207736
0.246 -0.0209405
0.247 -0.0211091
0.248 -0.0212793
0.249 -0.0214513
0.25 -0.021625
0.251 -0.0218005
0.252 -0.0219776
0.253 -0.0221566
0.254 -0.0223373
0.255 -0.0225198
0.256 -0.022704
0.257 -0.0228901
0.258 -0.023078
0.259 -0.0232677
0.26 -0.0234592
0.261 -0.0236525
0.262 -0.0238476
0.263 -0.0240446
0.264 -0.0242435
0.265 -0.0244442
0.266 -0.0246467
0.267 -0.0248511
0.268 -0.0250573
0.269 -0.0252654
0.27 -0.0254754
0.271 -0.0256872
0.272 -0.0259009
0.273 -0.0261165
0.274 -0.0263339
0.275 -0.0265532
0.276 -0.0267743
0.277 -0.0269973
0.278 -0.0272221
0.279 -0.0274488
0.28 -0.0276773
0.281 -0.0279077
0.282 -0.0281399
0.283 -0.0283739
0.284 -0.0286097
0.285 -0.0288473
0.286 -0.0290867
0.287 -0.0293279
0.288 -0.0295708
0.289 -0.0298156
0.29 -0.030062
0.291 -0.0303102
0.292 -0.0305602
0.293 -0.0308118
0.294 -0.0310651
0.295 -0.0313201
0.296 -0.0315768
0.297 -0.0318351
0.298 -0.032095
0.299 -0.0323565
0.3 -0.0326196
0.301 -0.0328842
0.302 -0.0331504
0.303 -0.0334182
0.304 -0.0336874
0.305 -0.0339581
0.306 -0.0342302
0.307 -0.0345038
0.308 -0.0347788
0.309 -0.0350551
0.31 -0.0353328
0.311 -0.0356118
0.312 -0.0358921
0.313 -0.0361737
0.314 -0.0364565
0.315 -0.0367405
0.316 -0.0370257
0.317 -0.0373121
0.318 -0.0375996
0.319 -0.0378882
0.32 -0.0381778
0.321 -0.0384685
0.322 -0.0387601
0.323 -0.0390528
0.324 -0.0393463
0.325 -0.0396408
0.326 -0.0399361
0.327 -0.0402323
0.328 -0.0405292
0.329 -0.040827
0.33 -0.0411254
0.331 -0.0414246
0.332 -0.0417244
0.333 -0.0420248
0.334 -0.0423259
0.335 -0.0426275
0.336 -0.0429296
0.337 -0.0432322
0.338 -0.0435353
0.339 -0.0438387
0.34 -0.0441426
0.341 -0.0444468
0.342 -0.0447513
0.343 -0.0450561
0.344 -0.0453612
0.345 -0.0456664
0.346 -0.0459718
0.347 -0.0462774
0.348 -0.046583
0.349 -0.0468887
0.35 -0.0471945
0.351 -0.0475002
0.352 -0.0478059
0.353 -0.0481116
0.354 -0.0484171
0.355 -0.0487225
0.356 -0.0490277
0.357 -0.0493327
0.358 -0.0496374
0.359 -0.0499419
0.36 -0.0502461
0.361 -0.0505499
0.362 -0.0508534
0.363 -0.0511564
0.364 -0.0514591
0.365 -0.0517612
0.366 -0.0520629
0.367 -0.052364
0.368 -0.0526646
0.369 -0.0529646
0.37 -0.053264
0.371 -0.0535628
0.372 -0.0538609
0.373 -0.0541583
0.374 -0.0544549
0.375 -0.0547508
0.376 -0.055046
0.377 -0.0553403
0.378 -0.0556338
0.379 -0.0559264
0.38 -0.0562182
0.381 -0.0565091
0.382 -0.056799
0.383 -0.057088
0.384 -0.0573761
0.385 -0.0576631
0.386 -0.0579491
0.387 -0.0582341
0.388 -0.0585181
0.389 -0.0588009
0.39 -0.0590827
0.391 -0.0593633
0.392 -0.0596429
0.393 -0.0599212
0.394 -0.0601984
0.395 -0.0604745
0.396 -0.0607493
0.397 -0.0610229
0.398 -0.0612953
0.399 -0.0615664
0.4 -0.0618363
0.401 -0.0621049
0.402 -0.0623722
0.403 -0.0626382
0.404 -0.0629029
0.405 -0.0631663
0.406 -0.0634284
0.407 -0.0636891
0.408 -0.0639484
0.409 -0.0642064
0.41 -0.064463
0.411 -0.0647182
0.412 -0.0649721
0.413 -0.0652245
0.414 -0.0654756
0.415 -0.0657252
0.416 -0.0659734
0.417 -0.0662202
0.418 -0.0664655
0.419 -0.0667095
0.42 -0.0669519
0.421 -0.067193
0.422 -0.0674326
0.423 -0.0676707
0.424 -0.0679074
0.425 -0.0681427
0.426 -0.0683765
0.427 -0.0686088
0.428 -0.0688397
0.429 -0.0690691
0.43 -0.069297
0.431 -0.0695235
0.432 -0.0697486
0.433 -0.0699722
0.434 -0.0701943
0.435 -0.0704149
0.436 -0.0706342
0.437 -0.0708519
0.438 -0.0710682
0.439 -0.0712831
0.44 -0.0714965
0.441 -0.0717085
0.442 -0.0719191
0.443 -0.0721282
0.444 -0.0723359
0.445 -0.0725422
0.446 -0.0727471
0.447 -0.0729505
0.448 -0.0731526
0.449 -0.0733532
0.45 -0.0735525
0.451 -0.0737503
0.452 -0.0739468
0.453 -0.0741419
0.454 -0.0743356
0.455 -0.074528
0.456 -0.0747191
0.457 -0.0749087
0.458 -0.0750971
0.459 -0.0752841
0.46 -0.0754698
0.461 -0.0756541
0.462 -0.0758372
0.463 -0.076019
0.464 -0.0761995
0.465 -0.0763787
0.466 -0.0765566
0.467 -0.0767333
0.468 -0.0769087
0.469 -0.0770829
0.47 -0.0772559
0.471 -0.0774276
0.472 -0.0775982
0.473 -0.0777675
0.474 -0.0779356
0.475 -0.0781026
0.476 -0.0782684
0.477 -0.078433
0.478 -0.0785964
0.479 -0.0787588
0.48 -0.07892
0.481 -0.0790801
0.482 -0.079239
0.483 -0.0793969
0.484 -0.0795537
0.485 -0.0797094
0.486 -0.0798641
0.487 -0.0800177
0.488 -0.0801702
0.489 -0.0803218
0.49 -0.0804723
0.491 -0.0806218
0.492 -0.0807703
0.493 -0.0809178
0.494 -0.0810643
0.495 -0.0812099
0.496 -0.0813545
0.497 -0.0814982
0.498 -0.0816409
0.499 -0.0817827
0.5 -0.0819236
0.501 -0.0820636
0.502 -0.0822028
0.503 -0.082341
0.504 -0.0824784
0.505 -0.0826149
0.506 -0.0827506
0.507 -0.0828854
0.508 -0.0830194
0.509 -0.0831526
0.51 -0.0832851
0.511 -0.0834167
0.512 -0.0835475
0.513 -0.0836776
0.514 -0.0838069
0.515 -0.0839355
0.516 -0.0840633
0.517 -0.0841904
0.518 -0.0843168
0.519 -0.0844424
0.52 -0.0845674
0.521 -0.0846917
0.522 -0.0848153
0.523 -0.0849382
0.524 -0.0850605
0.525 -0.0851821
0.526 -0.0853031
0.527 -0.0854235
0.528 -0.0855433
0.529 -0.0856624
0.53 -0.0857809
0.531 -0.0858989
0.532 -0.0860162
0.533 -0.086133
0.534 -0.0862493
0.535 -0.0863649
0.536 -0.0864801
0.537 -0.0865946
0.538 -0.0867087
0.539 -0.0868222
0.54 -0.0869353
0.541 -0.0870478
0.542 -0.0871598
0.543 -0.0872713
0.544 -0.0873824
0.545 -0.087493
0.546 -0.0876031
0.547 -0.0877128
0.548 -0.087822
0.549 -0.0879308
0.55 -0.0880391
0.551 -0.088147
0.552 -0.0882545
0.553 -0.0883616
0.554 -0.0884683
0.555 -0.0885746
0.556 -0.0886805
0.557 -0.088786
0.558 -0.0888911
0.559 -0.0889959
0.56 -0.0891003
0.561 -0.0892043
0.562 -0.089308
0.563 -0.0894114
0.564 -0.0895144
0.565 -0.089617
0.566 -0.0897194
0.567 -0.0898214
0.568 -0.0899231
0.569 -0.0900245
0.57 -0.0901256
0.571 -0.0902264
0.572 -0.0903269
0.573 -0.0904271
0.574 -0.090527
0.575 -0.0906266
0.576 -0.090726
0.577 -0.0908251
0.578 -0.0909239
0.579 -0.0910225
0.58 -0.0911208
0.581 -0.0912189
0.582 -0.0913167
0.583 -0.0914143
0.584 -0.0915116
0.585 -0.0916087
0.586 -0.0917056
0.587 -0.0918022
0.588 -0.0918986
0.589 -0.0919948
0.59 -0.0920908
0.591 -0.0921866
0.592 -0.0922821
0.593 -0.0923774
0.594 -0.0924726
0.595 -0.0925675
0.596 -0.0926623
0.597 -0.0927568
0.598 -0.0928512
0.599 -0.0929453
0.6 -0.0930393
0.601 -0.0931331
0.602 -0.0932267
0.603 -0.0933202
0.604 -0.0934134
0.605 -0.0935065
0.606 -0.0935994
0.607 -0.0936922
0.608 -0.0937847
0.609 -0.0938771
0.61 -0.0939694
0.611 -0.0940615
0.612 -0.0941534
0.613 -0.0942452
0.614 -0.0943368
0.615 -0.0944282
0.616 -0.0945195
0.617 -0.0946106
0.618 -0.0947016
0.619 -0.0947925
0.62 -0.0948832
0.621 -0.0949737
0.622 -0.0950641
0.623 -0.0951543
0.624 -0.0952444
0.625 -0.0953344
0.626 -0.0954242
0.627 -0.0955139
0.628 -0.0956034
0.629 -0.0956928
0.63 -0.095782
0.631 -0.0958711
0.632 -0.0959601
0.633 -0.0960489
0.634 -0.0961376
0.635 -0.0962261
0.636 -0.0963145
0.637 -0.0964028
0.638 -0.0964909
0.639 -0.0965789
0.64 -0.0966667
0.641 -0.0967544
0.642 -0.096842
0.643 -0.0969294
0.644 -0.0970166
0.645 -0.0971038
0.646 -0.0971907
0.647 -0.0972776
0.648 -0.0973643
0.649 -0.0974508
0.65 -0.0975372
0.651 -0.0976235
0.652 -0.0977096
0.653 -0.0977956
0.654 -0.0978814
0.655 -0.0979671
0.656 -0.0980526
0.657 -0.098138
0.658 -0.0982232
0.659 -0.0983083
0.66 -0.0983932
0.661 -0.0984779
0.662 -0.0985625
0.663 -0.098647
0.664 -0.0987313
0.665 -0.0988154
0.666 -0.0988994
0.667 -0.0989832
0.668 -0.0990668
0.669 -0.0991503
0.67 -0.0992336
0.671 -0.0993168
0.672 -0.0993998
0.673 -0.0994826
0.674 -0.0995652
0.675 -0.0996477
0.676 -0.09973
0.677 -0.0998121
0.678 -0.099894
0.679 -0.0999757
0.68 -0.100057
0.681 -0.100139
0.682 -0.10022
0.683 -0.100301
0.684 -0.100382
0.685 -0.100462
0.686 -0.100543
0.687 -0.100623
0.688 -0.100703
0.689 -0.100783
0.69 -0.100862
0.691 -0.100942
0.692 -0.101021
0.693 -0.1011
0.694 -0.101179
0.695 -0.101258
0.696 -0.101336
0.697 -0.101414
0.698 -0.101492
0.699 -0.10157
0.7 -0.101647
0.701 -0.101725
0.702 -0.101802
0.703 -0.101878
0.704 -0.101955
0.705 -0.102031
0.706 -0.102107
0.707 -0.102183
0.708 -0.102259
0.709 -0.102334
0.71 -0.10241
0.711 -0.102484
0.712 -0.102559
0.713 -0.102633
0.714 -0.102708
0.715 -0.102781
0.716 -0.102855
0.717 -0.102928
0.718 -0.103001
0.719 -0.103074
0.72 -0.103147
0.721 -0.103219
0.722 -0.103291
0.723 -0.103363
0.724 -0.103434
0.725 -0.103505
0.726 -0.103576
0.727 -0.103647
0.728 -0.103717
0.729 -0.103787
0.73 -0.103857
0.731 -0.103926
0.732 -0.103995
0.733 -0.104064
0.734 -0.104133
0.735 -0.104201
0.736 -0.104269
0.737 -0.104336
0.738 -0.104404
0.739 -0.10447
0.74 -0.104537
0.741 -0.104603
0.742 -0.104669
0.743 -0.104735
0.744 -0.1048
0.745 -0.104865
0.746 -0.10493
0.747 -0.104994
0.748 -0.105058
0.749 -0.105122
0.75 -0.105185
0.751 -0.105248
0.752 -0.10531
0.753 -0.105373
0.754 -0.105434
0.755 -0.105496
0.756 -0.105557
0.757 -0.105618
0.758 -0.105678
0.759 -0.105738
0.76 -0.105798
0.761 -0.105857
0.762 -0.105916
0.763 -0.105975
0.764 -0.106033
0.765 -0.106091
0.766 -0.106148
0.767 -0.106205
0.768 -0.106262
0.769 -0.106318
0.77 -0.106374
0.771 -0.106429
0.772 -0.106484
0.773 -0.106539
0.774 -0.106593
0.775 -0.106647
0.776 -0.1067
0.777 -0.106753
0.778 -0.106806
0.779 -0.106858
0.78 -0.10691
0.781 -0.106961
0.782 -0.107012
0.783 -0.107062
0.784 -0.107112
0.785 -0.107162
0.786 -0.107211
0.787 -0.10726
0.788 -0.107308
0.789 -0.107356
0.79 -0.107404
0.791 -0.107451
0.792 -0.107497
0.793 -0.107543
0.794 -0.107589
0.795 -0.107634
0.796 -0.107679
0.797 -0.107723
0.798 -0.107767
0.799 -0.107811
0.8 -0.107854
0.801 -0.107896
0.802 -0.107938
0.803 -0.10798
0.804 -0.108021
0.805 -0.108062
0.806 -0.108102
0.807 -0.108141
0.808 -0.108181
0.809 -0.108219
0.81 -0.108258
0.811 -0.108295
0.812 -0.108333
0.813 -0.10837
0.814 -0.108406
0.815 -0.108442
0.816 -0.108477
0.817 -0.108512
0.818 -0.108547
0.819 -0.10858
0.82 -0.108614
0.821 -0.108647
0.822 -0.108679
0.823 -0.108711
0.824 -0.108743
0.825 -0.108774
0.826 -0.108804
0.827 -0.108834
0.828 -0.108863
0.829 -0.108892
0.83 -0.108921
0.831 -0.108949
0.832 -0.108976
0.833 -0.109003
0.834 -0.109029
0.835 -0.109055
0.836 -0.109081
0.837 -0.109106
0.838 -0.10913
0.839 -0.109154
0.84 -0.109177
0.841 -0.1092
0.842 -0.109222
0.843 -0.109244
0.844 -0.109265
0.845 -0.109286
0.846 -0.109306
0.847 -0.109326
0.848 -0.109345
0.849 -0.109363
0.85 -0.109381
0.851 -0.109399
0.852 -0.109416
0.853 -0.109432
0.854 -0.109448
0.855 -0.109464
0.856 -0.109479
0.857 -0.109493
0.858 -0.109507
0.859 -0.10952
0.86 -0.109533
0.861 -0.109545
0.862 -0.109557
0.863 -0.109568
0.864 -0.109579
0.865 -0.109589
0.866 -0.109598
0.867 -0.109607
0.868 -0.109616
0.869 -0.109624
0.87 -0.109631
0.871 -0.109638
0.872 -0.109644
0.873 -0.10965
0.874 -0.109655
0.875 -0.10966
0.876 -0.109664
0.877 -0.109668
0.878 -0.109671
0.879 -0.109673
0.88 -0.109675
0.881 -0.109677
0.882 -0.109678
0.883 -0.109678
0.884 -0.109678
0.885 -0.109677
0.886 -0.109676
0.887 -0.109674
0.888 -0.109672
0.889 -0.109669
0.89 -0.109665
0.891 -0.109661
0.892 -0.109657
0.893 -0.109652
0.894 -0.109646
0.895 -0.10964
0.896 -0.109633
0.897 -0.109626
0.898 -0.109618
0.899 -0.10961
0.9 -0.109601
0.901 -0.109592
0.902 -0.109582
0.903 -0.109571
0.904 -0.10956
0.905 -0.109548
0.906 -0.109536
0.907 -0.109524
0.908 -0.10951
0.909 -0.109497
0.91 -0.109482
0.911 -0.109468
0.912 -0.109452
0.913 -0.109436
0.914 -0.10942
0.915 -0.109403
0.916 -0.109385
0.917 -0.109367
0.918 -0.109349
0.919 -0.109329
0.92 -0.10931
0.921 -0.10929
0.922 -0.109269
0.923 -0.109248
0.924 -0.109226
0.925 -0.109203
0.926 -0.109181
0.927 -0.109157
0.928 -0.109133
0.929 -0.109109
0.93 -0.109084
0.931 -0.109058
0.932 -0.109032
0.933 -0.109005
0.934 -0.108978
0.935 -0.108951
0.936 -0.108923
0.937 -0.108894
0.938 -0.108865
0.939 -0.108835
0.94 -0.108805
0.941 -0.108774
0.942 -0.108743
0.943 -0.108711
0.944 -0.108678
0.945 -0.108646
0.946 -0.108612
0.947 -0.108578
0.948 -0.108544
0.949 -0.108509
0.95 -0.108473
0.951 -0.108438
0.952 -0.108401
0.953 -0.108364
0.954 -0.108327
0.955 -0.108289
0.956 -0.10825
0.957 -0.108211
0.958 -0.108171
0.959 -0.108131
0.96 -0.108091
0.961 -0.10805
0.962 -0.108008
0.963 -0.107966
0.964 -0.107924
0.965 -0.107881
0.966 -0.107837
0.967 -0.107793
0.968 -0.107748
0.969 -0.107703
0.97 -0.107658
0.971 -0.107612
0.972 -0.107565
0.973 -0.107518
0.974 -0.107471
0.975 -0.107423
0.976 -0.107374
0.977 -0.107325
0.978 -0.107276
0.979 -0.107226
0.98 -0.107175
0.981 -0.107125
0.982 -0.107073
0.983 -0.107021
0.984 -0.106969
0.985 -0.106916
0.986 -0.106863
0.987 -0.106809
0.988 -0.106755
0.989 -0.1067
0.99 -0.106645
0.991 -0.106589
0.992 -0.106533
0.993 -0.106477
0.994 -0.106419
0.995 -0.106362
0.996 -0.106304
0.997 -0.106246
0.998 -0.106187
0.999 -0.106127
1 -0.106067
1.001 -0.106007
1.002 -0.105946
1.003 -0.105885
1.004 -0.105824
1.005 -0.105761
1.006 -0.105699
1.007 -0.105636
1.008 -0.105572
1.009 -0.105509
1.01 -0.105444
1.011 -0.105379
1.012 -0.105314
1.013 -0.105249
1.014 -0.105183
1.015 -0.105116
1.016 -0.105049
1.017 -0.104982
1.018 -0.104914
1.019 -0.104846
1.02 -0.104777
1.021 -0.104708
1.022 -0.104638
1.023 -0.104568
1.024 -0.104498
1.025 -0.104427
1.026 -0.104356
1.027 -0.104284
1.028 -0.104212
1.029 -0.10414
1.03 -0.104067
1.031 -0.103993
1.032 -0.10392
1.033 -0.103846
1.034 -0.103771
1.035 -0.103696
1.036 -0.103621
1.037 -0.103545
1.038 -0.103469
1.039 -0.103392
1.04 -0.103315
1.041 -0.103238
1.042 -0.10316
1.043 -0.103082
1.044 -0.103003
1.045 -0.102924
1.046 -0.102845
1.047 -0.102765
1.048 -0.102685
1.049 -0.102605
1.05 -0.102524
1.051 -0.102442
1.052 -0.102361
1.053 -0.102279
1.054 -0.102196
1.055 -0.102113
1.056 -0.10203
1.057 -0.101947
1.058 -0.101863
1.059 -0.101778
1.06 -0.101694
1.061 -0.101609
1.062 -0.101523
1.063 -0.101438
1.064 -0.101352
1.065 -0.101265
1.066 -0.101178
1.067 -0.101091
1.068 -0.101004
1.069 -0.100916
1.07 -0.100827
1.071 -0.100739
1.072 -0.10065
1.073 -0.100561
1.074 -0.100471
1.075 -0.100381
1.076 -0.100291
1.077 -0.1002
1.078 -0.100109
1.079 -0.100018
1.08 -0.0999259
1.081 -0.0998339
1.082 -0.0997416
1.083 -0.099649
1.084 -0.099556
1.085 -0.0994627
1.086 -0.0993691
1.087 -0.0992751
1.088 -0.0991809
1.089 -0.0990863
1.09 -0.0989914
1.091 -0.0988962
1.092 -0.0988007
1.093 -0.0987049
1.094 -0.0986087
1.095 -0.0985123
1.096 -0.0984156
1.097 -0.0983185
1.098 -0.0982212
1.099 -0.0981235
1.1 -0.0980256
1.101 -0.0979273
1.102 -0.0978288
1.103 -0.09773
1.104 -0.0976309
1.105 -0.0975315
1.106 -0.0974318
1.107 -0.0973318
1.108 -0.0972315
1.109 -0.097131
1.11 -0.0970302
1.111 -0.0969291
1.112 -0.0968277
1.113 -0.0967261
1.114 -0.0966242
1.115 -0.096522
1.116 -0.0964196
1.117 -0.0963169
1.118 -0.0962139
1.119 -0.0961107
1.12 -0.0960072
1.121 -0.0959034
1.122 -0.0957994
1.123 -0.0956952
1.124 -0.0955907
1.125 -0.095486
1.126 -0.095381
1.127 -0.0952757
1.128 -0.0951703
1.129 -0.0950645
1.13 -0.0949585
1.131 -0.0948523
1.132 -0.0947459
1.133 -0.0946392
1.134 -0.0945322
1.135 -0.094425
1.136 -0.0943176
1.137 -0.09421
1.138 -0.0941021
1.139 -0.093994
1.14 -0.0938856
1.141 -0.093777
1.142 -0.0936682
1.143 -0.0935592
1.144 -0.0934499
1.145 -0.0933404
1.146 -0.0932307
1.147 -0.0931208
1.148 -0.0930107
1.149 -0.0929003
1.15 -0.0927897
1.151 -0.0926789
1.152 -0.0925679
1.153 -0.0924567
1.154 -0.0923453
1.155 -0.0922337
1.156 -0.0921218
1.157 -0.0920098
1.158 -0.0918975
1.159 -0.0917851
1.16 -0.0916724
1.161 -0.0915594
1.162 -0.0914463
1.163 -0.0913329
1.164 -0.0912193
1.165 -0.0911055
1.166 -0.0909915
1.167 -0.0908772
1.168 -0.0907628
1.169 -0.0906482
1.17 -0.0905333
1.171 -0.0904183
1.172 -0.090303
1.173 -0.0901876
1.174 -0.0900719
1.175 -0.0899561
1.176 -0.0898401
1.177 -0.0897239
1.178 -0.0896075
1.179 -0.0894909
1.18 -0.0893741
1.181 -0.0892572
1.182 -0.0891401
1.183 -0.0890228
1.184 -0.0889053
1.185 -0.0887877
1.186 -0.0886699
1.187 -0.0885519
1.188 -0.0884338
1.189 -0.0883155
1.19 -0.088197
1.191 -0.0880784
1.192 -0.0879597
1.193 -0.0878407
1.194 -0.0877216
1.195 -0.0876024
1.196 -0.087483
1.197 -0.0873635
1.198 -0.0872438
1.199 -0.087124
1.2 -0.087004
1.201 -0.0868839
1.202 -0.0867636
1.203 -0.0866433
1.204 -0.0865227
1.205 -0.0864021
1.206 -0.0862813
1.207 -0.0861604
1.208 -0.0860394
1.209 -0.0859182
1.21 -0.0857969
1.211 -0.0856755
1.212 -0.0855539
1.213 -0.0854322
1.214 -0.0853104
1.215 -0.0851885
1.216 -0.0850665
1.217 -0.0849443
1.218 -0.084822
1.219 -0.0846996
1.22 -0.0845771
1.221 -0.0844545
1.222 -0.0843317
1.223 -0.0842088
1.224 -0.0840859
1.225 -0.0839628
1.226 -0.0838396
1.227 -0.0837163
1.228 -0.083593
1.229 -0.0834695
1.23 -0.0833459
1.231 -0.0832222
1.232 -0.0830985
1.233 -0.0829746
1.234 -0.0828507
1.235 -0.0827266
1.236 -0.0826025
1.237 -0.0824783
1.238 -0.0823539
1.239 -0.0822295
1.24 -0.082105
1.241 -0.0819805
1.242 -0.0818558
1.243 -0.081731
1.244 -0.0816062
1.245 -0.0814813
1.246 -0.0813563
1.247 -0.0812312
1.248 -0.0811061
1.249 -0.0809809
1.25 -0.0808556
1.251 -0.0807302
1.252 -0.0806048
1.253 -0.0804792
1.254 -0.0803537
1.255 -0.080228
1.256 -0.0801023
1.257 -0.0799765
1.258 -0.0798506
1.259 -0.0797247
1.26 -0.0795987
1.261 -0.0794726
1.262 -0.0793465
1.263 -0.0792203
1.264 -0.079094
1.265 -0.0789677
1.266 -0.0788414
1.267 -0.0787149
1.268 -0.0785884
1.269 -0.0784619
1.27 -0.0783352
1.271 -0.0782085
1.272 -0.0780818
1.273 -0.077955
1.274 -0.0778281
1.275 -0.0777011
1.276 -0.0775742
1.277 -0.0774471
1.278 -0.07732
1.279 -0.0771929
1.28 -0.0770657
1.281 -0.0769385
1.282 -0.0768112
1.283 -0.0766838
1.284 -0.0765564
1.285 -0.076429
1.286 -0.0763016
1.287 -0.0761741
1.288 -0.0760465
1.289 -0.0759189
1.29 -0.0757913
1.291 -0.0756637
1.292 -0.075536
1.293 -0.0754082
1.294 -0.0752805
1.295 -0.0751527
1.296 -0.0750249
1.297 -0.074897
1.298 -0.0747692
1.299 -0.0746412
1.3 -0.0745133
1.301 -0.0743854
1.302 -0.0742574
1.303 -0.0741294
1.304 -0.0740013
1.305 -0.0738733
1.306 -0.0737452
1.307 -0.0736171
1.308 -0.073489
1.309 -0.0733609
1.31 -0.0732327
1.311 -0.0731045
1.312 -0.0729764
1.313 -0.0728481
1.314 -0.0727199
1.315 -0.0725917
1.316 -0.0724634
1.317 -0.0723351
1.318 -0.0722069
1.319 -0.0720786
1.32 -0.0719502
1.321 -0.0718219
1.322 -0.0716936
1.323 -0.0715652
1.324 -0.0714369
1.325 -0.0713085
1.326 -0.0711802
1.327 -0.0710518
1.328 -0.0709234
1.329 -0.070795
1.33 -0.0706666
1.331 -0.0705382
1.332 -0.0704098
1.333 -0.0702814
1.334 -0.0701531
1.335 -0.0700247
1.336 -0.0698963
1.337 -0.0697679
1.338 -0.0696395
1.339 -0.0695111
1.34 -0.0693827
1.341 -0.0692543
1.342 -0.0691259
1.343 -0.0689976
1.344 -0.0688692
1.345 -0.0687409
1.346 -0.0686125
1.347 -0.0684842
1.348 -0.0683558
1.349 -0.0682275
1.35 -0.0680992
1.351 -0.0679709
1.352 -0.0678426
1.353 -0.0677144
1.354 -0.0675861
1.355 -0.0674579
1.356 -0.0673296
1.357 -0.0672014
1.358 -0.0670732
1.359 -0.066945
1.36 -0.0668169
1.361 -0.0666887
1.362 -0.0665606
1.363 -0.0664325
1.364 -0.0663044
1.365 -0.0661763
1.366 -0.0660482
1.367 -0.0659202
1.368 -0.0657921
1.369 -0.0656641
1.37 -0.0655361
1.371 -0.0654081
1.372 -0.0652802
1.373 -0.0651522
1.374 -0.0650243
1.375 -0.0648964
1.376 -0.0647685
1.377 -0.0646407
1.378 -0.0645129
1.379 -0.0643851
1.38 -0.0642573
1.381 -0.0641295
1.382 -0.0640018
1.383 -0.0638741
1.384 -0.0637464
1.385 -0.0636188
1.386 -0.0634912
1.387 -0.0633636
1.388 -0.063236
1.389 -0.0631085
1.39 -0.062981
1.391 -0.0628536
1.392 -0.0627261
1.393 -0.0625987
1.394 -0.0624714
1.395 -0.0623441
1.396 -0.0622168
1.397 -0.0620895
1.398 -0.0619623
1.399 -0.0618351
1.4 -0.061708
1.401 -0.0615809
1.402 -0.0614538
1.403 -0.0613268
1.404 -0.0611998
1.405 -0.0610729
1.406 -0.060946
1.407 -0.0608191
1.408 -0.0606923
1.409 -0.0605655
1.41 -0.0604388
1.411 -0.0603121
1.412 -0.0601855
1.413 -0.0600589
1.414 -0.0599323
1.415 -0.0598058
1.416 -0.0596794
1.417 -0.059553
1.418 -0.0594266
1.419 -0.0593003
1.42 -0.059174
1.421 -0.0590478
1.422 -0.0589217
1.423 -0.0587956
1.424 -0.0586695
1.425 -0.0585435
1.426 -0.0584176
1.427 -0.0582917
1.428 -0.0581658
1.429 -0.05804
1.43 -0.0579143
1.431 -0.0577886
1.432 -0.057663
1.433 -0.0575374
1.434 -0.0574119
1.435 -0.0572864
1.436 -0.057161
1.437 -0.0570356
1.438 -0.0569103
1.439 -0.0567851
1.44 -0.0566599
1.441 -0.0565348
1.442 -0.0564097
1.443 -0.0562847
1.444 -0.0561597
1.445 -0.0560349
1.446 -0.05591
1.447 -0.0557852
1.448 -0.0556605
1.449 -0.0555359
1.45 -0.0554113
1.451 -0.0552867
1.452 -0.0551623
1.453 -0.0550378
1.454 -0.0549135
1.455 -0.0547892
1.456 -0.054665
1.457 -0.0545408
1.458 -0.0544168
1.459 -0.0542927
1.46 -0.0541688
1.461 -0.0540449
1.462 -0.0539211
1.463 -0.0537973
1.464 -0.0536736
1.465 -0.05355
1.466 -0.0534264
1.467 -0.053303
1.468 -0.0531795
1.469 -0.0530562
1.47 -0.0529329
1.471 -0.0528097
1.472 -0.0526865
1.473 -0.0525635
1.474 -0.0524405
1.475 -0.0523175
1.476 -0.0521947
1.477 -0.0520719
1.478 -0.0519492
1.479 -0.0518265
1.48 -0.051704
1.481 -0.0515814
1.482 -0.051459
1.483 -0.0513367
1.484 -0.0512144
1.485 -0.0510922
1.486 -0.05097
1.487 -0.0508479
1.488 -0.0507259
1.489 -0.050604
1.49 -0.0504822
1.491 -0.0503604
1.492 -0.0502387
1.493 -0.0501171
1.494 -0.0499955
1.495 -0.049874
1.496 -0.0497526
1.497 -0.0496313
1.498 -0.0495101
1.499 -0.0493889
1.5 -0.0492678
1.501 -0.0491468
1.502 -0.0490259
1.503 -0.048905
1.504 -0.0487842
1.505 -0.0486635
1.506 -0.0485429
1.507 -0.0484224
1.508 -0.0483019
1.509 -0.0481815
1.51 -0.0480612
1.511 -0.047941
1.512 -0.0478209
1.513 -0.0477008
1.514 -0.0475808
1.515 -0.0474609
1.516 -0.0473411
1.517 -0.0472213
1.518 -0.0471017
1.519 -0.0469821
1.52 -0.0468626
1.521 -0.0467431
1.522 -0.0466238
1.523 -0.0465045
1.524 -0.0463853
1.525 -0.0462662
1.526 -0.0461472
1.527 -0.0460283
1.528 -0.0459094
1.529 -0.0457906
1.53 -0.0456719
1.531 -0.0455533
1.532 -0.0454348
1.533 -0.0453163
1.534 -0.0451979
1.535 -0.0450796
1.536 -0.0449614
1.537 -0.0448433
1.538 -0.0447252
1.539 -0.0446073
1.54 -0.0444894
1.541 -0.0443716
1.542 -0.0442539
1.543 -0.0441362
1.544 -0.0440186
1.545 -0.0439012
1.546 -0.0437838
1.547 -0.0436664
1.548 -0.0435492
1.549 -0.043432
1.55 -0.043315
1.551 -0.043198
1.552 -0.043081
1.553 -0.0429642
1.554 -0.0428475
1.555 -0.0427308
1.556 -0.0426142
1.557 -0.0424977
1.558 -0.0423813
1.559 -0.0422649
1.56 -0.0421487
1.561 -0.0420325
1.562 -0.0419164
1.563 -0.0418004
1.564 -0.0416845
1.565 -0.0415687
1.566 -0.0414529
1.567 -0.0413373
1.568 -0.0412217
1.569 -0.0411062
1.57 -0.0409908
1.571 -0.0408754
1.572 -0.0407602
1.573 -0.040645
1.574 -0.0405299
1.575 -0.0404149
1.576 -0.0403
1.577 -0.0401852
1.578 -0.0400705
1.579 -0.0399558
1.58 -0.0398413
1.581 -0.0397268
1.582 -0.0396124
1.583 -0.0394981
1.584 -0.0393838
1.585 -0.0392697
1.586 -0.0391556
1.587 -0.0390416
1.588 -0.0389277
1.589 -0.0388139
1.59 -0.0387002
1.591 -0.0385865
1.592 -0.038473
1.593 -0.0383595
1.594 -0.0382461
1.595 -0.0381328
1.596 -0.0380195
1.597 -0.0379064
1.598 -0.0377933
1.599 -0.0376803
1.6 -0.0375674
1.601 -0.0374546
1.602 -0.0373419
1.603 -0.0372292
1.604 -0.0371167
1.605 -0.0370042
1.606 -0.0368918
1.607 -0.0367795
1.608 -0.0366673
1.609 -0.0365551
1.61 -0.0364431
1.611 -0.0363311
1.612 -0.0362192
1.613 -0.0361074
1.614 -0.0359957
1.615 -0.035884
1.616 -0.0357725
1.617 -0.035661
1.618 -0.0355496
1.619 -0.0354383
1.62 -0.0353271
1.621 -0.035216
1.622 -0.035105
1.623 -0.034994
1.624 -0.0348831
1.625 -0.0347724
1.626 -0.0346617
1.627 -0.034551
1.628 -0.0344405
1.629 -0.0343301
1.63 -0.0342197
1.631 -0.0341094
1.632 -0.0339992
1.633 -0.0338891
1.634 -0.0337791
1.635 -0.0336692
1.636 -0.0335593
1.637 -0.0334496
1.638 -0.0333399
1.639 -0.0332303
1.64 -0.0331208
1.641 -0.0330114
1.642 -0.032902
1.643 -0.0327928
1.644 -0.0326836
1.645 -0.0325745
1.646 -0.0324655
1.647 -0.0323566
1.648 -0.0322478
1.649 -0.0321391
1.65 -0.0320304
1.651 -0.0319218
1.652 -0.0318133
1.653 -0.0317049
1.654 -0.0315966
1.655 -0.0314884
1.656 -0.0313802
1.657 -0.0312722
1.658 -0.0311642
1.659 -0.0310563
1.66 -0.0309485
1.661 -0.0308407
1.662 -0.0307331
1.663 -0.0306255
1.664 -0.0305181
1.665 -0.0304107
1.666 -0.0303034
1.667 -0.0301961
1.668 -0.030089
1.669 -0.0299819
1.67 -0.029875
1.671 -0.0297681
1.672 -0.0296613
1.673 -0.0295546
1.674 -0.0294479
1.675 -0.0293414
1.676 -0.0292349
1.677 -0.0291285
1.678 -0.0290222
1.679 -0.028916
1.68 -0.0288099
1.681 -0.0287038
1.682 -0.0285978
1.683 -0.028492
1.684 -0.0283862
1.685 -0.0282804
1.686 -0.0281748
1.687 -0.0280693
1.688 -0.0279638
1.689 -0.0278584
1.69 -0.0277531
1.691 -0.0276479
1.692 -0.0275428
1.693 -0.0274378
1.694 -0.0273328
1.695 -0.0272279
1.696 -0.0271232
1.697 -0.0270185
1.698 -0.0269138
1.699 -0.0268093
1.7 -0.0267049
1.701 -0.0266005
1.702 -0.0264962
1.703 -0.026392
1.704 -0.0262879
1.705 -0.0261839
1.706 -0.02608
1.707 -0.0259761
1.708 -0.0258723
1.709 -0.0257687
1.71 -0.0256651
1.711 -0.0255615
1.712 -0.0254581
1.713 -0.0253548
1.714 -0.0252515
1.715 -0.0251483
1.716 -0.0250452
1.717 -0.0249422
1.718 -0.0248393
1.719 -0.0247365
1.72 -0.0246337
1.721 -0.0245311
1.722 -0.0244285
1.723 -0.024326
1.724 -0.0242236
1.725 -0.0241213
1.726 -0.024019
1.727 -0.0239169
1.728 -0.0238148
1.729 -0.0237128
1.73 -0.0236109
1.731 -0.0235091
1.732 -0.0234073
1.733 -0.0233057
1.734 -0.0232041
1.735 -0.0231026
1.736 -0.0230012
1.737 -0.0228999
1.738 -0.0227987
1.739 -0.0226975
1.74 -0.0225964
1.741 -0.0224954
1.742 -0.0223945
1.743 -0.0222937
1.744 -0.022193
1.745 -0.0220923
1.746 -0.0219918
1.747 -0.0218913
1.748 -0.0217909
1.749 -0.0216906
1.75 -0.0215904
1.751 -0.0214902
1.752 -0.0213901
1.753 -0.0212902
1.754 -0.0211903
1.755 -0.0210905
1.756 -0.0209907
1.757 -0.0208911
1.758 -0.0207915
1.759 -0.020692
1.76 -0.0205927
1.761 -0.0204933
1.762 -0.0203941
1.763 -0.020295
1.764 -0.0201959
1.765 -0.020097
1.766 -0.0199981
1.767 -0.0198993
1.768 -0.0198006
1.769 -0.019702
1.77 -0.0196034
1.771 -0.019505
1.772 -0.0194066
1.773 -0.0193084
1.774 -0.0192102
1.775 -0.0191121
1.776 -0.019014
1.777 -0.0189161
1.778 -0.0188182
1.779 -0.0187205
1.78 -0.0186228
1.781 -0.0185252
1.782 -0.0184277
1.783 -0.0183303
1.784 -0.0182329
1.785 -0.0181357
1.786 -0.0180385
1.787 -0.0179415
1.788 -0.0178445
1.789 -0.0177476
1.79 -0.0176508
1.791 -0.017554
1.792 -0.0174574
1.793 -0.0173608
1.794 -0.0172644
1.795 -0.017168
1.796 -0.0170717
1.797 -0.0169755
1.798 -0.0168793
1.799 -0.0167833
1.8 -0.0166873
1.801 -0.0165915
1.802 -0.0164957
1.803 -0.0164
1.804 -0.0163044
1.805 -0.0162089
1.806 -0.0161135
1.807 -0.0160181
1.808 -0.0159229
1.809 -0.0158277
1.81 -0.0157326
1.811 -0.0156376
1.812 -0.0155427
1.813 -0.0154479
1.814 -0.0153532
1.815 -0.0152585
1.816 -0.015164
1.817 -0.0150695
1.818 -0.0149751
1.819 -0.0148808
1.82 -0.0147866
1.821 -0.0146924
1.822 -0.0145984
1.823 -0.0145044
1.824 -0.0144106
1.825 -0.0143168
1.826 -0.0142231
1.827 -0.0141295
1.828 -0.014036
1.829 -0.0139426
1.83 -0.0138492
1.831 -0.013756
1.832 -0.0136628
1.833 -0.0135697
1.834 -0.0134767
1.835 -0.0133838
1.836 -0.013291
1.837 -0.0131983
1.838 -0.0131057
1.839 -0.0130132
1.84 -0.0129207
1.841 -0.0128284
1.842 -0.0127361
1.843 -0.0126439
1.844 -0.0125519
1.845 -0.0124599
1.846 -0.012368
1.847 -0.0122762
1.848 -0.0121845
1.849 -0.0120929
1.85 -0.0120013
1.851 -0.0119099
1.852 -0.0118186
1.853 -0.0117273
1.854 -0.0116362
1.855 -0.0115451
1.856 -0.0114541
1.857 -0.0113632
1.858 -0.0112724
1.859 -0.0111817
1.86 -0.0110911
1.861 -0.0110006
1.862 -0.0109102
1.863 -0.0108198
1.864 -0.0107296
1.865 -0.0106394
1.866 -0.0105493
1.867 -0.0104594
1.868 -0.0103695
1.869 -0.0102797
1.87 -0.01019
1.871 -0.0101004
1.872 -0.0100109
1.873 -0.00992152
1.874 -0.00983222
1.875 -0.009743
1.876 -0.00965388
1.877 -0.00956486
1.878 -0.00947593
1.879 -0.00938709
1.88 -0.00929834
1.881 -0.00920968
1.882 -0.00912111
1.883 -0.00903263
1.884 -0.00894423
1.885 -0.00885593
1.886 -0.00876771
1.887 -0.00867959
1.888 -0.00859155
1.889 -0.00850361
1.89 -0.00841576
1.891 -0.00832801
1.892 -0.00824034
1.893 -0.00815277
1.894 -0.00806529
1.895 -0.00797791
1.896 -0.00789062
1.897 -0.00780342
1.898 -0.00771632
1.899 -0.00762932
1.9 -0.00754241
1.901 -0.0074556
1.902 -0.00736888
1.903 -0.00728227
1.904 -0.00719575
1.905 -0.00710934
1.906 -0.00702303
1.907 -0.00693682
1.908 -0.00685073
1.909 -0.00676474
1.91 -0.00667885
1.911 -0.00659307
1.912 -0.00650739
1.913 -0.00642183
1.914 -0.00633636
1.915 -0.00625101
1.916 -0.00616576
1.917 -0.00608061
1.918 -0.00599558
1.919 -0.00591065
1.92 -0.00582582
1.921 -0.00574111
1.922 -0.00565649
1.923 -0.00557197
1.924 -0.00548756
1.925 -0.00540324
1.926 -0.00531902
1.927 -0.00523491
1.928 -0.00515089
1.929 -0.00506697
1.93 -0.00498316
1.931 -0.00489945
1.932 -0.00481584
1.933 -0.00473233
1.934 -0.00464893
1.935 -0.00456563
1.936 -0.00448244
1.937 -0.00439936
1.938 -0.00431639
1.939 -0.00423353
1.94 -0.00415078
1.941 -0.00406813
1.942 -0.00398559
1.943 -0.00390317
1.944 -0.00382085
1.945 -0.00373865
1.946 -0.00365655
1.947 -0.00357457
1.948 -0.00349266
1.949 -0.00341084
1.95 -0.00332911
1.951 -0.00324746
1.952 -0.00316591
1.953 -0.00308445
1.954 -0.00300308
1.955 -0.0029218
1.956 -0.00284063
1.957 -0.00275955
1.958 -0.00267857
1.959 -0.00259769
1.96 -0.00251692
1.961 -0.00243625
1.962 -0.00235568
1.963 -0.00227522
1.964 -0.00219486
1.965 -0.00211461
1.966 -0.00203447
1.967 -0.00195444
1.968 -0.00187451
1.969 -0.0017947
1.97 -0.001715
1.971 -0.00163542
1.972 -0.00155594
1.973 -0.00147658
1.974 -0.00139734
1.975 -0.00131821
1.976 -0.00123922
1.977 -0.00116037
1.978 -0.00108166
1.979 -0.00100308
1.98 -0.000924648
1.981 -0.000846349
1.982 -0.000768185
1.983 -0.000690157
1.984 -0.000612263
1.985 -0.000534503
1.986 -0.00045688
1.987 -0.000379396
1.988 -0.000302051
1.989 -0.000224843
1.99 -0.000147771
1.991 -7.08352e-05
1.992 5.96532e-06
1.993 8.26308e-05
1.994 0.000159157
1.995 0.000235544
1.996 0.000311793
1.997 0.000387905
1.998 0.000463881
1.999 0.000539721
2 0.000615426
2.001 0.000690997
2.002 0.000766433
2.003 0.000841736
2.004 0.000916906
2.005 0.000991942
2.006 0.00106685
2.007 0.00114162
2.008 0.00121625
2.009 0.00129075
2.01 0.00136511
2.011 0.00143934
2.012 0.00151343
2.013 0.00158738
2.014 0.0016612
2.015 0.00173488
2.016 0.00180842
2.017 0.0018818
2.018 0.00195501
2.019 0.00202807
2.02 0.00210098
2.021 0.00217373
2.022 0.00224633
2.023 0.00231878
2.024 0.00239109
2.025 0.00246324
2.026 0.00253526
2.027 0.00260712
2.028 0.00267884
2.029 0.00275042
2.03 0.00282185
2.031 0.00289314
2.032 0.00296429
2.033 0.00303529
2.034 0.00310616
2.035 0.00317688
2.036 0.00324746
2.037 0.0033179
2.038 0.0033882
2.039 0.00345836
2.04 0.00352838
2.041 0.00359826
2.042 0.003668
2.043 0.0037376
2.044 0.00380706
2.045 0.00387638
2.046 0.00394556
2.047 0.00401462
2.048 0.00408357
2.049 0.00415239
2.05 0.00422109
2.051 0.00428965
2.052 0.00435809
2.053 0.0044264
2.054 0.00449457
2.055 0.00456261
2.056 0.00463051
2.057 0.00469827
2.058 0.00476589
2.059 0.00483338
2.06 0.00490072
2.061 0.00496792
2.062 0.00503498
2.063 0.00510189
2.064 0.00516866
2.065 0.00523529
2.066 0.00530177
2.067 0.00536811
2.068 0.00543431
2.069 0.00550035
2.07 0.00556625
2.071 0.00563201
2.072 0.00569762
2.073 0.00576308
2.074 0.00582839
2.075 0.00589356
2.076 0.00595858
2.077 0.00602344
2.078 0.00608816
2.079 0.00615273
2.08 0.00621716
2.081 0.00628143
2.082 0.00634557
2.083 0.00640955
2.084 0.0064734
2.085 0.00653709
2.086 0.00660063
2.087 0.00666401
2.088 0.00672724
2.089 0.00679032
2.09 0.00685324
2.091 0.00691601
2.092 0.00697862
2.093 0.00704107
2.094 0.00710337
2.095 0.00716552
2.096 0.00722751
2.097 0.00728934
2.098 0.00735102
2.099 0.00741255
2.1 0.00747391
2.101 0.00753513
2.102 0.00759619
2.103 0.00765709
2.104 0.00771784
2.105 0.00777844
2.106 0.00783888
2.107 0.00789916
2.108 0.00795929
2.109 0.00801927
2.11 0.00807909
2.111 0.00813876
2.112 0.00819827
2.113 0.00825763
2.114 0.00831683
2.115 0.00837587
2.116 0.00843476
2.117 0.00849349
2.118 0.00855206
2.119 0.00861049
2.12 0.00866877
2.121 0.0087269
2.122 0.00878487
2.123 0.0088427
2.124 0.00890038
2.125 0.00895791
2.126 0.0090153
2.127 0.00907253
2.128 0.00912961
2.129 0.00918654
2.13 0.00924333
2.131 0.00929996
2.132 0.00935644
2.133 0.00941277
2.134 0.00946895
2.135 0.00952498
2.136 0.00958086
2.137 0.00963658
2.138 0.00969215
2.139 0.00974757
2.14 0.00980284
2.141 0.00985795
2.142 0.00991292
2.143 0.00996772
2.144 0.0100224
2.145 0.0100769
2.146 0.0101312
2.147 0.0101854
2.148 0.0102394
2.149 0.0102933
2.15 0.010347
2.151 0.0104006
2.152 0.010454
2.153 0.0105073
2.154 0.0105604
2.155 0.0106133
2.156 0.0106661
2.157 0.0107188
2.158 0.0107712
2.159 0.0108236
2.16 0.0108757
2.161 0.0109277
2.162 0.0109796
2.163 0.0110313
2.164 0.0110828
2.165 0.0111342
2.166 0.0111855
2.167 0.0112365
2.168 0.0112874
2.169 0.0113382
2.17 0.0113888
2.171 0.0114392
2.172 0.0114895
2.173 0.0115396
2.174 0.0115896
2.175 0.0116394
2.176 0.0116891
2.177 0.0117386
2.178 0.0117879
2.179 0.0118371
2.18 0.0118861
2.181 0.0119349
2.182 0.0119836
2.183 0.0120321
2.184 0.0120805
2.185 0.0121287
2.186 0.0121768
2.187 0.0122247
2.188 0.0122724
2.189 0.01232
2.19 0.0123674
2.191 0.0124146
2.192 0.0124617
2.193 0.0125087
2.194 0.0125554
2.195 0.012602
2.196 0.0126485
2.197 0.0126948
2.198 0.012741
2.199 0.012787
2.2 0.0128328
2.201 0.0128785
2.202 0.012924
2.203 0.0129694
2.204 0.0130146
2.205 0.0130596
2.206 0.0131045
2.207 0.0131493
2.208 0.0131939
2.209 0.0132383
2.21 0.0132826
2.211 0.0133267
2.212 0.0133707
2.213 0.0134145
2.214 0.0134581
2.215 0.0135016
2.216 0.013545
2.217 0.0135881
2.218 0.0136312
2.219 0.013674
2.22 0.0137168
2.221 0.0137593
2.222 0.0138017
2.223 0.013844
2.224 0.013886
2.225 0.013928
2.226 0.0139698
2.227 0.0140114
2.228 0.0140528
2.229 0.0140941
2.23 0.0141353
2.231 0.0141763
2.232 0.0142171
2.233 0.0142578
2.234 0.0142983
2.235 0.0143387
2.236 0.0143789
2.237 0.014419
2.238 0.0144589
2.239 0.0144986
2.24 0.0145382
2.241 0.0145776
2.242 0.0146169
2.243 0.014656
2.244 0.014695
2.245 0.0147338
2.246 0.0147725
2.247 0.014811
2.248 0.0148493
2.249 0.0148875
2.25 0.0149256
2.251 0.0149634
2.252 0.0150012
2.253 0.0150387
2.254 0.0150762
2.255 0.0151134
2.256 0.0151505
2.257 0.0151875
2.258 0.0152243
2.259 0.0152609
2.26 0.0152974
2.261 0.0153337
2.262 0.0153699
2.263 0.0154059
2.264 0.0154418
2.265 0.0154775
2.266 0.0155131
2.267 0.0155485
2.268 0.0155837
2.269 0.0156188
2.27 0.0156538
2.271 0.0156886
2.272 0.0157232
2.273 0.0157577
2.274 0.015792
2.275 0.0158262
2.276 0.0158602
2.277 0.0158941
2.278 0.0159278
2.279 0.0159614
2.28 0.0159948
2.281 0.0160281
2.282 0.0160612
2.283 0.0160942
2.284 0.016127
2.285 0.0161597
2.286 0.0161922
2.287 0.0162246
2.288 0.0162568
2.289 0.0162889
2.29 0.0163208
2.291 0.0163525
2.292 0.0163842
2.293 0.0164156
2.294 0.016447
2.295 0.0164781
2.296 0.0165092
2.297 0.01654
2.298 0.0165708
2.299 0.0166013
2.3 0.0166318
2.301 0.016662
2.302 0.0166922
2.303 0.0167222
2.304 0.016752
2.305 0.0167817
2.306 0.0168112
2.307 0.0168406
2.308 0.0168699
2.309 0.016899
2.31 0.016928
2.311 0.0169568
2.312 0.0169854
2.313 0.0170139
2.314 0.0170423
2.315 0.0170705
2.316 0.0170986
2.317 0.0171266
2.318 0.0171544
2.319 0.017182
2.32 0.0172095
2.321 0.0172369
2.322 0.0172641
2.323 0.0172911
2.324 0.0173181
2.325 0.0173449
2.326 0.0173715
2.327 0.017398
2.328 0.0174244
2.329 0.0174506
2.33 0.0174766
2.331 0.0175026
2.332 0.0175284
2.333 0.017554
2.334 0.0175795
2.335 0.0176049
2.336 0.0176301
2.337 0.0176552
2.338 0.0176801
2.339 0.0177049
2.34 0.0177296
2.341 0.0177541
2.342 0.0177785
2.343 0.0178027
2.344 0.0178268
2.345 0.0178508
2.346 0.0178746
2.347 0.0178983
2.348 0.0179218
2.349 0.0179452
2.35 0.0179685
2.351 0.0179916
2.352 0.0180146
2.353 0.0180375
2.354 0.0180602
2.355 0.0180828
2.356 0.0181053
2.357 0.0181276
2.358 0.0181498
2.359 0.0181718
2.36 0.0181937
2.361 0.0182155
2.362 0.0182372
2.363 0.0182587
2.364 0.01828
2.365 0.0183013
2.366 0.0183224
2.367 0.0183434
2.368 0.0183642
2.369 0.0183849
2.37 0.0184055
2.371 0.018426
2.372 0.0184463
2.373 0.0184665
2.374 0.0184865
2.375 0.0185065
2.376 0.0185263
2.377 0.0185459
2.378 0.0185655
2.379 0.0185849
2.38 0.0186042
2.381 0.0186233
2.382 0.0186423
2.383 0.0186612
2.384 0.01868
2.385 0.0186986
2.386 0.0187171
2.387 0.0187355
2.388 0.0187538
2.389 0.0187719
2.39 0.0187899
2.391 0.0188078
2.392 0.0188256
2.393 0.0188432
2.394 0.0188607
2.395 0.0188781
2.396 0.0188954
2.397 0.0189125
2.398 0.0189295
2.399 0.0189464
2.4 0.0189632
2.401 0.0189798
2.402 0.0189963
2.403 0.0190127
2.404 0.019029
2.405 0.0190452
2.406 0.0190612
2.407 0.0190771
2.408 0.0190929
2.409 0.0191086
2.41 0.0191242
2.411 0.0191396
2.412 0.0191549
2.413 0.0191702
2.414 0.0191852
2.415 0.0192002
2.416 0.0192151
2.417 0.0192298
2.418 0.0192444
2.419 0.0192589
2.42 0.0192733
2.421 0.0192876
2.422 0.0193018
2.423 0.0193158
2.424 0.0193298
2.425 0.0193436
2.426 0.0193573
2.427 0.0193709
2.428 0.0193844
2.429 0.0193978
2.43 0.019411
2.431 0.0194242
2.432 0.0194372
2.433 0.0194501
2.434 0.0194629
2.435 0.0194756
2.436 0.0194882
2.437 0.0195007
2.438 0.0195131
2.439 0.0195254
2.44 0.0195375
2.441 0.0195496
2.442 0.0195615
2.443 0.0195734
2.444 0.0195851
2.445 0.0195967
2.446 0.0196083
2.447 0.0196197
2.448 0.019631
2.449 0.0196422
2.45 0.0196533
2.451 0.0196643
2.452 0.0196752
2.453 0.019686
2.454 0.0196966
2.455 0.0197072
2.456 0.0197177
2.457 0.0197281
2.458 0.0197384
2.459 0.0197485
2.46 0.0197586
2.461 0.0197686
2.462 0.0197785
2.463 0.0197883
2.464 0.0197979
2.465 0.0198075
2.466 0.019817
2.467 0.0198264
2.468 0.0198357
2.469 0.0198449
2.47 0.019854
2.471 0.019863
2.472 0.0198719
2.473 0.0198807
2.474 0.0198894
2.475 0.0198981
2.476 0.0199066
2.477 0.019915
2.478 0.0199234
2.479 0.0199316
2.48 0.0199398
2.481 0.0199479
2.482 0.0199558
2.483 0.0199637
2.484 0.0199715
2.485 0.0199792
2.486 0.0199868
2.487 0.0199944
2.488 0.0200018
2.489 0.0200092
2.49 0.0200164
2.491 0.0200236
2.492 0.0200307
2.493 0.0200377
2.494 0.0200447
2.495 0.0200515
2.496 0.0200582
2.497 0.0200649
2.498 0.0200715
2.499 0.020078
2.5 0.0200844
2.501 0.0200908
2.502 0.020097
2.503 0.0201032
2.504 0.0201093
2.505 0.0201153
2.506 0.0201212
2.507 0.0201271
2.508 0.0201328
2.509 0.0201385
2.51 0.0201441
2.511 0.0201496
2.512 0.0201551
2.513 0.0201605
2.514 0.0201658
2.515 0.020171
2.516 0.0201761
2.517 0.0201812
2.518 0.0201862
2.519 0.0201911
2.52 0.0201959
2.521 0.0202007
2.522 0.0202054
2.523 0.02021
2.524 0.0202145
2.525 0.020219
2.526 0.0202234
2.527 0.0202277
2.528 0.020232
2.529 0.0202362
2.53 0.0202403
2.531 0.0202443
2.532 0.0202483
2.533 0.0202522
2.534 0.0202561
2.535 0.0202598
2.536 0.0202636
2.537 0.0202672
2.538 0.0202708
2.539 0.0202743
2.54 0.0202777
2.541 0.0202811
2.542 0.0202844
2.543 0.0202876
2.544 0.0202908
2.545 0.020294
2.546 0.020297
2.547 0.0203
2.548 0.0203029
2.549 0.0203058
2.55 0.0203086
2.551 0.0203114
2.552 0.0203141
2.553 0.0203167
2.554 0.0203193
2.555 0.0203218
2.556 0.0203243
2.557 0.0203267
2.558 0.020329
2.559 0.0203313
2.56 0.0203335
2.561 0.0203357
2.562 0.0203378
2.563 0.0203399
2.564 0.0203419
2.565 0.0203438
2.566 0.0203457
2.567 0.0203476
2.568 0.0203494
2.569 0.0203511
2.57 0.0203528
2.571 0.0203544
2.572 0.020356
2.573 0.0203576
2.574 0.020359
2.575 0.0203605
2.576 0.0203619
2.577 0.0203632
2.578 0.0203645
2.579 0.0203657
2.58 0.0203669
2.581 0.0203681
2.582 0.0203692
2.583 0.0203703
2.584 0.0203713
2.585 0.0203722
2.586 0.0203732
2.587 0.020374
2.588 0.0203749
2.589 0.0203757
2.59 0.0203764
2.591 0.0203771
2.592 0.0203778
2.593 0.0203784
2.594 0.020379
2.595 0.0203795
2.596 0.02038
2.597 0.0203805
2.598 0.0203809
2.599 0.0203813
2.6 0.0203816
2.601 0.0203819
2.602 0.0203822
2.603 0.0203824
2.604 0.0203826
2.605 0.0203827
2.606 0.0203829
2.607 0.020383
2.608 0.020383
2.609 0.020383
2.61 0.020383
2.611 0.0203829
2.612 0.0203829
2.613 0.0203827
2.614 0.0203826
2.615 0.0203824
2.616 0.0203822
2.617 0.0203819
2.618 0.0203817
2.619 0.0203814
2.62 0.020381
2.621 0.0203807
2.622 0.0203803
2.623 0.0203799
2.624 0.0203794
2.625 0.0203789
2.626 0.0203784
2.627 0.0203779
2.628 0.0203773
2.629 0.0203768
2.63 0.0203762
2.631 0.0203755
2.632 0.0203749
2.633 0.0203742
2.634 0.0203735
2.635 0.0203728
2.636 0.020372
2.637 0.0203713
2.638 0.0203705
2.639 0.0203697
2.64 0.0203688
2.641 0.020368
2.642 0.0203671
2.643 0.0203662
2.644 0.0203653
2.645 0.0203644
2.646 0.0203635
2.647 0.0203625
2.648 0.0203615
2.649 0.0203605
2.65 0.0203595
2.651 0.0203585
2.652 0.0203575
2.653 0.0203564
2.654 0.0203553
2.655 0.0203542
2.656 0.0203531
2.657 0.020352
2.658 0.0203509
2.659 0.0203498
2.66 0.0203486
2.661 0.0203474
2.662 0.0203463
2.663 0.0203451
2.664 0.0203439
2.665 0.0203427
2.666 0.0203415
2.667 0.0203402
2.668 0.020339
2.669 0.0203378
2.67 0.0203365
2.671 0.0203353
2.672 0.020334
2.673 0.0203327
2.674 0.0203315
2.675 0.0203302
2.676 0.0203289
2.677 0.0203276
2.678 0.0203263
2.679 0.020325
2.68 0.0203237
2.681 0.0203224
2.682 0.0203211
2.683 0.0203197
2.684 0.0203184
2.685 0.0203171
2.686 0.0203158
2.687 0.0203145
2.688 0.0203131
2.689 0.0203118
2.69 0.0203105
2.691 0.0203092
2.692 0.0203078
2.693 0.0203065
2.694 0.0203052
2.695 0.0203039
2.696 0.0203026
2.697 0.0203012
2.698 0.0202999
2.699 0.0202986
2.7 0.0202973
2.701 0.020296
2.702 0.0202947
2.703 0.0202934
2.704 0.0202922
2.705 0.0202909
2.706 0.0202896
2.707 0.0202883
2.708 0.0202871
2.709 0.0202858
2.71 0.0202846
2.711 0.0202834
2.712 0.0202821
2.713 0.0202809
2.714 0.0202797
2.715 0.0202785
2.716 0.0202773
2.717 0.0202761
2.718 0.020275
2.719 0.0202738
2.72 0.0202726
2.721 0.0202715
2.722 0.0202704
2.723 0.0202693
2.724 0.0202682
2.725 0.0202671
2.726 0.020266
2.727 0.0202649
2.728 0.0202639
2.729 0.0202628
2.73 0.0202618
2.731 0.0202608
2.732 0.0202598
2.733 0.0202589
2.734 0.0202579
2.735 0.020257
2.736 0.020256
2.737 0.0202551
2.738 0.0202542
2.739 0.0202534
2.74 0.0202525
2.741 0.0202517
2.742 0.0202509
2.743 0.0202501
2.744 0.0202493
2.745 0.0202485
2.746 0.0202478
2.747 0.0202471
2.748 0.0202464
2.749 0.0202457
2.75 0.0202451
2.751 0.0202444
2.752 0.0202438
2.753 0.0202432
2.754 0.0202427
2.755 0.0202421
2.756 0.0202416
2.757 0.0202411
2.758 0.0202406
2.759 0.0202402
2.76 0.0202397
2.761 0.0202393
2.762 0.020239
2.763 0.0202386
2.764 0.0202383
2.765 0.020238
2.766 0.0202377
2.767 0.0202374
2.768 0.0202372
2.769 0.020237
2.77 0.0202368
2.771 0.0202367
2.772 0.0202366
2.773 0.0202365
2.774 0.0202364
2.775 0.0202364
2.776 0.0202364
2.777 0.0202364
2.778 0.0202365
2.779 0.0202365
2.78 0.0202367
2.781 0.0202368
2.782 0.020237
2.783 0.0202372
2.784 0.0202374
2.785 0.0202376
2.786 0.0202379
2.787 0.0202383
2.788 0.0202386
2.789 0.020239
2.79 0.0202394
2.791 0.0202398
2.792 0.0202403
2.793 0.0202408
2.794 0.0202414
2.795 0.0202419
2.796 0.0202426
2.797 0.0202432
2.798 0.0202439
2.799 0.0202446
2.8 0.0202453
2.801 0.0202461
2.802 0.0202469
2.803 0.0202477
2.804 0.0202486
2.805 0.0202495
2.806 0.0202504
2.807 0.0202514
2.808 0.0202524
2.809 0.0202535
2.81 0.0202546
2.811 0.0202557
2.812 0.0202568
2.813 0.020258
2.814 0.0202593
2.815 0.0202605
2.816 0.0202618
2.817 0.0202632
2.818 0.0202645
2.819 0.020266
2.82 0.0202674
2.821 0.0202689
2.822 0.0202704
2.823 0.020272
2.824 0.0202736
2.825 0.0202752
2.826 0.0202769
2.827 0.0202786
2.828 0.0202804
2.829 0.0202822
2.83 0.020284
2.831 0.0202859
2.832 0.0202878
2.833 0.0202898
2.834 0.0202918
2.835 0.0202938
2.836 0.0202959
2.837 0.020298
2.838 0.0203002
2.839 0.0203024
2.84 0.0203046
2.841 0.0203069
2.842 0.0203092
2.843 0.0203116
2.844 0.020314
2.845 0.0203165
2.846 0.020319
2.847 0.0203215
2.848 0.0203241
2.849 0.0203267
2.85 0.0203294
2.851 0.0203321
2.852 0.0203349
2.853 0.0203377
2.854 0.0203405
2.855 0.0203434
2.856 0.0203463
2.857 0.0203493
2.858 0.0203523
2.859 0.0203554
2.86 0.0203585
2.861 0.0203616
2.862 0.0203648
2.863 0.0203681
2.864 0.0203714
2.865 0.0203747
2.866 0.0203781
2.867 0.0203815
2.868 0.020385
2.869 0.0203885
2.87 0.0203921
2.871 0.0203957
2.872 0.0203993
2.873 0.020403
2.874 0.0204068
2.875 0.0204106
2.876 0.0204144
2.877 0.0204183
2.878 0.0204222
2.879 0.0204262
2.88 0.0204302
2.881 0.0204343
2.882 0.0204384
2.883 0.0204426
2.884 0.0204468
2.885 0.0204511
2.886 0.0204554
2.887 0.0204597
2.888 0.0204641
2.889 0.0204686
2.89 0.0204731
2.891 0.0204777
2.892 0.0204822
2.893 0.0204869
2.894 0.0204916
2.895 0.0204963
2.896 0.0205011
2.897 0.0205059
2.898 0.0205108
2.899 0.0205158
2.9 0.0205207
2.901 0.0205258
2.902 0.0205309
2.903 0.020536
2.904 0.0205412
2.905 0.0205464
2.906 0.0205517
2.907 0.020557
2.908 0.0205624
2.909 0.0205678
2.91 0.0205732
2.911 0.0205788
2.912 0.0205843
2.913 0.0205899
2.914 0.0205956
2.915 0.0206013
2.916 0.0206071
2.917 0.0206129
2.918 0.0206187
2.919 0.0206246
2.92 0.0206306
2.921 0.0206366
2.922 0.0206427
2.923 0.0206488
2.924 0.0206549
2.925 0.0206611
2.926 0.0206674
2.927 0.0206737
2.928 0.02068
2.929 0.0206864
2.93 0.0206929
2.931 0.0206994
2.932 0.0207059
2.933 0.0207125
2.934 0.0207192
2.935 0.0207258
2.936 0.0207326
2.937 0.0207394
2.938 0.0207462
2.939 0.0207531
2.94 0.02076
2.941 0.020767
2.942 0.0207741
2.943 0.0207812
2.944 0.0207883
2.945 0.0207955
2.946 0.0208027
2.947 0.02081
2.948 0.0208173
2.949 0.0208247
2.95 0.0208321
2.951 0.0208396
2.952 0.0208471
2.953 0.0208547
2.954 0.0208623
2.955 0.02087
2.956 0.0208777
2.957 0.0208855
2.958 0.0208933
2.959 0.0209011
2.96 0.020909
2.961 0.020917
2.962 0.020925
2.963 0.0209331
2.964 0.0209412
2.965 0.0209493
2.966 0.0209575
2.967 0.0209657
2.968 0.020974
2.969 0.0209824
2.97 0.0209907
2.971 0.0209992
2.972 0.0210077
2.973 0.0210162
2.974 0.0210247
2.975 0.0210334
2.976 0.021042
2.977 0.0210507
2.978 0.0210595
2.979 0.0210683
2.98 0.0210772
2.981 0.0210861
2.982 0.021095
2.983 0.021104
2.984 0.021113
2.985 0.0211221
2.986 0.0211312
2.987 0.0211404
2.988 0.0211496
2.989 0.0211589
2.99 0.0211682
2.991 0.0211775
2.992 0.0211869
2.993 0.0211964
2.994 0.0212059
2.995 0.0212154
2.996 0.021225
2.997 0.0212346
2.998 0.0212442
2.999 0.021254
3 0.0212637
3.001 0.0212735
3.002 0.0212833
3.003 0.0212932
3.004 0.0213031
3.005 0.0213131
3.006 0.0213231
3.007 0.0213332
3.008 0.0213433
3.009 0.0213534
3.01 0.0213636
3.011 0.0213738
3.012 0.0213841
3.013 0.0213944
3.014 0.0214047
3.015 0.0214151
3.016 0.0214255
3.017 0.021436
3.018 0.0214465
3.019 0.021457
3.02 0.0214676
3.021 0.0214783
3.022 0.0214889
3.023 0.0214996
3.024 0.0215104
3.025 0.0215212
3.026 0.021532
3.027 0.0215429
3.028 0.0215538
3.029 0.0215647
3.03 0.0215757
3.031 0.0215867
3.032 0.0215978
3.033 0.0216089
3.034 0.02162
3.035 0.0216312
3.036 0.0216424
3.037 0.0216536
3.038 0.0216649
3.039 0.0216762
3.04 0.0216876
3.041 0.021699
3.042 0.0217104
3.043 0.0217219
3.044 0.0217334
3.045 0.0217449
3.046 0.0217565
3.047 0.0217681
3.048 0.0217797
3.049 0.0217914
3.05 0.0218031
3.051 0.0218148
3.052 0.0218266
3.053 0.0218384
3.054 0.0218503
3.055 0.0218621
3.056 0.0218741
3.057 0.021886
3.058 0.021898
3.059 0.02191
3.06 0.021922
3.061 0.0219341
3.062 0.0219462
3.063 0.0219583
3.064 0.0219705
3.065 0.0219827
3.066 0.0219949
3.067 0.0220072
3.068 0.0220194
3.069 0.0220318
3.07 0.0220441
3.071 0.0220565
3.072 0.0220689
3.073 0.0220813
3.074 0.0220938
3.075 0.0221063
3.076 0.0221188
3.077 0.0221313
3.078 0.0221439
3.079 0.0221565
3.08 0.0221691
3.081 0.0221817
3.082 0.0221944
3.083 0.0222071
3.084 0.0222199
3.085 0.0222326
3.086 0.0222454
3.087 0.0222582
3.088 0.022271
3.089 0.0222839
3.09 0.0222967
3.091 0.0223096
3.092 0.0223226
3.093 0.0223355
3.094 0.0223485
3.095 0.0223615
3.096 0.0223745
3.097 0.0223875
3.098 0.0224006
3.099 0.0224137
3.1 0.0224268
3.101 0.0224399
3.102 0.022453
3.103 0.0224662
3.104 0.0224794
3.105 0.0224926
3.106 0.0225058
3.107 0.0225191
3.108 0.0225323
3.109 0.0225456
3.11 0.0225589
3.111 0.0225722
3.112 0.0225855
3.113 0.0225989
3.114 0.0226123
3.115 0.0226256
3.116 0.022639
3.117 0.0226524
3.118 0.0226659
3.119 0.0226793
3.12 0.0226928
3.121 0.0227063
3.122 0.0227197
3.123 0.0227333
3.124 0.0227468
3.125 0.0227603
3.126 0.0227738
3.127 0.0227874
3.128 0.022801
3.129 0.0228146
3.13 0.0228281
3.131 0.0228418
3.132 0.0228554
3.133 0.022869
3.134 0.0228826
3.135 0.0228963
3.136 0.0229099
3.137 0.0229236
3.138 0.0229373
3.139 0.022951
3.14 0.0229647
3.141 0.0229784
3.142 0.0229921
3.143 0.0230058
3.144 0.0230195
3.145 0.0230332
3.146 0.023047
3.147 0.0230607
3.148 0.0230745
3.149 0.0230882
3.15 0.023102
3.151 0.0231157
3.152 0.0231295
3.153 0.0231433
3.154 0.0231571
3.155 0.0231708
3.156 0.0231846
3.157 0.0231984
3.158 0.0232122
3.159 0.023226
3.16 0.0232398
3.161 0.0232536
3.162 0.0232674
3.163 0.0232812
3.164 0.0232949
3.165 0.0233087
3.166 0.0233225
3.167 0.0233363
3.168 0.0233501
3.169 0.0233639
3.17 0.0233777
3.171 0.0233915
3.172 0.0234053
3.173 0.0234191
3.174 0.0234328
3.175 0.0234466
3.176 0.0234604
3.177 0.0234741
3.178 0.0234879
3.179 0.0235017
3.18 0.0235154
3.181 0.0235292
3.182 0.0235429
3.183 0.0235566
3.184 0.0235704
3.185 0.0235841
3.186 0.0235978
3.187 0.0236115
3.188 0.0236252
3.189 0.0236389
3.19 0.0236526
3.191 0.0236662
3.192 0.0236799
3.193 0.0236936
3.194 0.0237072
3.195 0.0237208
3.196 0.0237344
3.197 0.023748
3.198 0.0237616
3.199 0.0237752
3.2 0.0237888
3.201 0.0238024
3.202 0.0238159
3.203 0.0238294
3.204 0.0238429
3.205 0.0238564
3.206 0.0238699
3.207 0.0238834
3.208 0.0238969
3.209 0.0239103
3.21 0.0239237
3.211 0.0239371
3.212 0.0239505
3.213 0.0239639
3.214 0.0239773
3.215 0.0239906
3.216 0.0240039
3.217 0.0240172
3.218 0.0240305
3.219 0.0240438
3.22 0.024057
3.221 0.0240702
3.222 0.0240834
3.223 0.0240966
3.224 0.0241098
3.225 0.0241229
3.226 0.024136
3.227 0.0241491
3.228 0.0241622
3.229 0.0241752
3.23 0.0241882
3.231 0.0242012
3.232 0.0242142
3.233 0.0242272
3.234 0.0242401
3.235 0.024253
3.236 0.0242659
3.237 0.0242787
3.238 0.0242915
3.239 0.0243043
3.24 0.0243171
3.241 0.0243298
3.242 0.0243425
3.243 0.0243552
3.244 0.0243679
3.245 0.0243805
3.246 0.0243931
3.247 0.0244056
3.248 0.0244182
3.249 0.0244307
3.25 0.0244431
3.251 0.0244556
3.252 0.024468
3.253 0.0244804
3.254 0.0244927
3.255 0.024505
3.256 0.0245173
3.257 0.0245295
3.258 0.0245417
3.259 0.0245539
3.26 0.0245661
3.261 0.0245782
3.262 0.0245902
3.263 0.0246023
3.264 0.0246143
3.265 0.0246262
3.266 0.0246381
3.267 0.02465
3.268 0.0246619
3.269 0.0246737
3.27 0.0246855
3.271 0.0246972
3.272 0.0247089
3.273 0.0247205
3.274 0.0247322
3.275 0.0247437
3.276 0.0247553
3.277 0.0247668
3.278 0.0247782
3.279 0.0247896
3.28 0.024801
3.281 0.0248123
3.282 0.0248236
3.283 0.0248348
3.284 0.024846
3.285 0.0248572
3.286 0.0248683
3.287 0.0248794
3.288 0.0248904
3.289 0.0249014
3.29 0.0249123
3.291 0.0249232
3.292 0.024934
3.293 0.0249448
3.294 0.0249556
3.295 0.0249663
3.296 0.0249769
3.297 0.0249875
3.298 0.0249981
3.299 0.0250086
3.3 0.025019
3.301 0.0250294
3.302 0.0250398
3.303 0.0250501
3.304 0.0250604
3.305 0.0250706
3.306 0.0250807
3.307 0.0250908
3.308 0.0251009
3.309 0.0251109
3.31 0.0251208
3.311 0.0251307
3.312 0.0251406
3.313 0.0251504
3.314 0.0251601
3.315 0.0251698
3.316 0.0251794
3.317 0.025189
3.318 0.0251985
3.319 0.025208
3.32 0.0252174
3.321 0.0252267
3.322 0.025236
3.323 0.0252452
3.324 0.0252544
3.325 0.0252635
3.326 0.0252726
3.327 0.0252816
3.328 0.0252906
3.329 0.0252995
3.33 0.0253083
3.331 0.0253171
3.332 0.0253258
3.333 0.0253344
3.334 0.025343
3.335 0.0253515
3.336 0.02536
3.337 0.0253684
3.338 0.0253768
3.339 0.0253851
3.34 0.0253933
3.341 0.0254014
3.342 0.0254095
3.343 0.0254176
3.344 0.0254255
3.345 0.0254335
3.346 0.0254413
3.347 0.0254491
3.348 0.0254568
3.349 0.0254644
3.35 0.025472
3.351 0.0254795
3.352 0.025487
3.353 0.0254944
3.354 0.0255017
3.355 0.0255089
3.356 0.0255161
3.357 0.0255232
3.358 0.0255303
3.359 0.0255373
3.36 0.0255442
3.361 0.025551
3.362 0.0255578
3.363 0.0255645
3.364 0.0255711
3.365 0.0255777
3.366 0.0255842
3.367 0.0255906
3.368 0.025597
3.369 0.0256032
3.37 0.0256094
3.371 0.0256156
3.372 0.0256216
3.373 0.0256276
3.374 0.0256336
3.375 0.0256394
3.376 0.0256452
3.377 0.0256509
3.378 0.0256565
3.379 0.0256621
3.38 0.0256676
3.381 0.025673
3.382 0.0256783
3.383 0.0256836
3.384 0.0256888
3.385 0.0256939
3.386 0.0256989
3.387 0.0257039
3.388 0.0257087
3.389 0.0257135
3.39 0.0257183
3.391 0.0257229
3.392 0.0257275
3.393 0.025732
3.394 0.0257364
3.395 0.0257407
3.396 0.025745
3.397 0.0257492
3.398 0.0257533
3.399 0.0257573
3.4 0.0257613
3.401 0.0257651
3.402 0.0257689
3.403 0.0257726
3.404 0.0257763
3.405 0.0257798
3.406 0.0257833
3.407 0.0257867
3.408 0.02579
3.409 0.0257932
3.41 0.0257964
3.411 0.0257994
3.412 0.0258024
3.413 0.0258053
3.414 0.0258081
3.415 0.0258109
3.416 0.0258135
3.417 0.0258161
3.418 0.0258186
3.419 0.025821
3.42 0.0258233
3.421 0.0258255
3.422 0.0258277
3.423 0.0258297
3.424 0.0258317
3.425 0.0258336
3.426 0.0258354
3.427 0.0258372
3.428 0.0258388
3.429 0.0258403
3.43 0.0258418
3.431 0.0258432
3.432 0.0258445
3.433 0.0258457
3.434 0.0258468
3.435 0.0258479
3.436 0.0258488
3.437 0.0258497
3.438 0.0258505
3.439 0.0258512
3.44 0.0258518
3.441 0.0258523
3.442 0.0258527
3.443 0.025853
3.444 0.0258533
3.445 0.0258534
3.446 0.0258535
3.447 0.0258535
3.448 0.0258534
3.449 0.0258532
3.45 0.0258529
3.451 0.0258525
3.452 0.0258521
3.453 0.0258515
3.454 0.0258508
3.455 0.0258501
3.456 0.0258493
3.457 0.0258484
3.458 0.0258473
3.459 0.0258462
3.46 0.0258451
3.461 0.0258438
3.462 0.0258424
3.463 0.0258409
3.464 0.0258394
3.465 0.0258377
3.466 0.025836
3.467 0.0258341
3.468 0.0258322
3.469 0.0258302
3.47 0.0258281
3.471 0.0258259
3.472 0.0258236
3.473 0.0258212
3.474 0.0258187
3.475 0.0258161
3.476 0.0258134
3.477 0.0258107
3.478 0.0258078
3.479 0.0258048
3.48 0.0258018
3.481 0.0257986
3.482 0.0257954
3.483 0.0257921
3.484 0.0257887
3.485 0.0257851
3.486 0.0257815
3.487 0.0257778
3.488 0.025774
3.489 0.0257701
3.49 0.0257661
3.491 0.025762
3.492 0.0257578
3.493 0.0257535
3.494 0.0257492
3.495 0.0257447
3.496 0.0257401
3.497 0.0257354
3.498 0.0257307
3.499 0.0257258
3.5 0.0257209
3.501 0.0257158
3.502 0.0257107
3.503 0.0257054
3.504 0.0257001
3.505 0.0256946
3.506 0.0256891
3.507 0.0256835
3.508 0.0256777
3.509 0.0256719
3.51 0.025666
3.511 0.02566
3.512 0.0256538
3.513 0.0256476
3.514 0.0256413
3.515 0.0256349
3.516 0.0256284
3.517 0.0256218
3.518 0.0256151
3.519 0.0256083
3.52 0.0256014
3.521 0.0255944
3.522 0.0255873
3.523 0.0255801
3.524 0.0255728
3.525 0.0255655
3.526 0.025558
3.527 0.0255504
3.528 0.0255427
3.529 0.0255349
3.53 0.0255271
3.531 0.0255191
3.532 0.025511
3.533 0.0255028
3.534 0.0254946
3.535 0.0254862
3.536 0.0254777
3.537 0.0254692
3.538 0.0254605
3.539 0.0254518
3.54 0.0254429
3.541 0.0254339
3.542 0.0254249
3.543 0.0254157
3.544 0.0254065
3.545 0.0253971
3.546 0.0253877
3.547 0.0253781
3.548 0.0253685
3.549 0.0253588
3.55 0.0253489
3.551 0.025339
3.552 0.025329
3.553 0.0253188
3.554 0.0253086
3.555 0.0252983
3.556 0.0252878
3.557 0.0252773
3.558 0.0252667
3.559 0.0252559
3.56 0.0252451
3.561 0.0252342
3.562 0.0252232
3.563 0.0252121
3.564 0.0252008
3.565 0.0251895
3.566 0.0251781
3.567 0.0251666
3.568 0.025155
3.569 0.0251433
3.57 0.0251315
3.571 0.0251196
3.572 0.0251076
3.573 0.0250955
3.574 0.0250833
3.575 0.025071
3.576 0.0250586
3.577 0.0250462
3.578 0.0250336
3.579 0.0250209
3.58 0.0250081
3.581 0.0249953
3.582 0.0249823
3.583 0.0249692
3.584 0.0249561
3.585 0.0249428
3.586 0.0249294
3.587 0.024916
3.588 0.0249024
3.589 0.0248888
3.59 0.0248751
3.591 0.0248612
3.592 0.0248473
3.593 0.0248332
3.594 0.0248191
3.595 0.0248049
3.596 0.0247906
3.597 0.0247762
3.598 0.0247617
3.599 0.0247471
3.6 0.0247324
3.601 0.0247176
3.602 0.0247027
3.603 0.0246877
3.604 0.0246726
3.605 0.0246574
3.606 0.0246422
3.607 0.0246268
3.608 0.0246114
3.609 0.0245958
3.61 0.0245802
3.611 0.0245644
3.612 0.0245486
3.613 0.0245327
3.614 0.0245166
3.615 0.0245005
3.616 0.0244843
3.617 0.024468
3.618 0.0244516
3.619 0.0244351
3.62 0.0244186
3.621 0.0244019
3.622 0.0243851
3.623 0.0243683
3.624 0.0243513
3.625 0.0243343
3.626 0.0243172
3.627 0.0242999
3.628 0.0242826
3.629 0.0242652
3.63 0.0242477
3.631 0.0242301
3.632 0.0242125
3.633 0.0241947
3.634 0.0241768
3.635 0.0241589
3.636 0.0241409
3.637 0.0241227
3.638 0.0241045
3.639 0.0240862
3.64 0.0240678
3.641 0.0240493
3.642 0.0240308
3.643 0.0240121
3.644 0.0239934
3.645 0.0239745
3.646 0.0239556
3.647 0.0239366
3.648 0.0239175
3.649 0.0238983
3.65 0.023879
3.651 0.0238596
3.652 0.0238402
3.653 0.0238207
3.654 0.023801
3.655 0.0237813
3.656 0.0237615
3.657 0.0237416
3.658 0.0237217
3.659 0.0237016
3.66 0.0236815
3.661 0.0236613
3.662 0.023641
3.663 0.0236206
3.664 0.0236001
3.665 0.0235795
3.666 0.0235589
3.667 0.0235382
3.668 0.0235173
3.669 0.0234965
3.67 0.0234755
3.671 0.0234544
3.672 0.0234333
3.673 0.0234121
3.674 0.0233908
3.675 0.0233694
3.676 0.0233479
3.677 0.0233264
3.678 0.0233047
3.679 0.023283
3.68 0.0232612
3.681 0.0232394
3.682 0.0232174
3.683 0.0231954
3.684 0.0231733
3.685 0.0231511
3.686 0.0231288
3.687 0.0231065
3.688 0.0230841
3.689 0.0230616
3.69 0.023039
3.691 0.0230163
3.692 0.0229936
3.693 0.0229708
3.694 0.0229479
3.695 0.022925
3.696 0.0229019
3.697 0.0228788
3.698 0.0228557
3.699 0.0228324
3.7 0.0228091
3.701 0.0227857
3.702 0.0227622
3.703 0.0227386
3.704 0.022715
3.705 0.0226913
3.706 0.0226675
3.707 0.0226437
3.708 0.0226198
3.709 0.0225958
3.71 0.0225717
3.711 0.0225476
3.712 0.0225234
3.713 0.0224991
3.714 0.0224748
3.715 0.0224504
3.716 0.0224259
3.717 0.0224013
3.718 0.0223767
3.719 0.022352
3.72 0.0223273
3.721 0.0223024
3.722 0.0222776
3.723 0.0222526
3.724 0.0222276
3.725 0.0222025
3.726 0.0221773
3.727 0.0221521
3.728 0.0221268
3.729 0.0221015
3.73 0.022076
3.731 0.0220506
3.732 0.022025
3.733 0.0219994
3.734 0.0219737
3.735 0.021948
3.736 0.0219222
3.737 0.0218963
3.738 0.0218704
3.739 0.0218444
3.74 0.0218184
3.741 0.0217923
3.742 0.0217661
3.743 0.0217399
3.744 0.0217136
3.745 0.0216872
3.746 0.0216608
3.747 0.0216344
3.748 0.0216078
3.749 0.0215813
3.75 0.0215546
3.751 0.0215279
3.752 0.0215012
3.753 0.0214744
3.754 0.0214475
3.755 0.0214206
3.756 0.0213936
3.757 0.0213666
3.758 0.0213395
3.759 0.0213123
3.76 0.0212851
3.761 0.0212579
3.762 0.0212306
3.763 0.0212032
3.764 0.0211758
3.765 0.0211484
3.766 0.0211208
3.767 0.0210933
3.768 0.0210657
3.769 0.021038
3.77 0.0210103
3.771 0.0209825
3.772 0.0209547
3.773 0.0209269
3.774 0.0208989
3.775 0.020871
3.776 0.020843
3.777 0.0208149
3.778 0.0207868
3.779 0.0207587
3.78 0.0207305
3.781 0.0207023
3.782 0.020674
3.783 0.0206457
3.784 0.0206173
3.785 0.0205889
3.786 0.0205604
3.787 0.0205319
3.788 0.0205034
3.789 0.0204748
3.79 0.0204462
3.791 0.0204175
3.792 0.0203888
3.793 0.0203601
3.794 0.0203313
3.795 0.0203024
3.796 0.0202736
3.797 0.0202447
3.798 0.0202157
3.799 0.0201867
3.8 0.0201577
3.801 0.0201287
3.802 0.0200996
3.803 0.0200704
3.804 0.0200413
3.805 0.0200121
3.806 0.0199829
3.807 0.0199536
3.808 0.0199243
3.809 0.019895
3.81 0.0198656
3.811 0.0198362
3.812 0.0198068
3.813 0.0197773
3.814 0.0197478
3.815 0.0197183
3.816 0.0196887
3.817 0.0196591
3.818 0.0196295
3.819 0.0195999
3.82 0.0195702
3.821 0.0195405
3.822 0.0195108
3.823 0.019481
3.824 0.0194513
3.825 0.0194215
3.826 0.0193916
3.827 0.0193618
3.828 0.0193319
3.829 0.019302
3.83 0.0192721
3.831 0.0192421
3.832 0.0192121
3.833 0.0191821
3.834 0.0191521
3.835 0.0191221
3.836 0.019092
3.837 0.0190619
3.838 0.0190318
3.839 0.0190017
3.84 0.0189716
3.841 0.0189414
3.842 0.0189113
3.843 0.0188811
3.844 0.0188509
3.845 0.0188206
3.846 0.0187904
3.847 0.0187601
3.848 0.0187299
3.849 0.0186996
3.85 0.0186693
3.851 0.018639
3.852 0.0186086
3.853 0.0185783
3.854 0.0185479
3.855 0.0185176
3.856 0.0184872
3.857 0.0184568
3.858 0.0184264
3.859 0.018396
3.86 0.0183656
3.861 0.0183352
3.862 0.0183047
3.863 0.0182743
3.864 0.0182439
3.865 0.0182134
3.866 0.0181829
3.867 0.0181525
3.868 0.018122
3.869 0.0180915
3.87 0.0180611
3.871 0.0180306
3.872 0.0180001
3.873 0.0179696
3.874 0.0179391
3.875 0.0179086
3.876 0.0178781
3.877 0.0178476
3.878 0.0178171
3.879 0.0177866
3.88 0.0177561
3.881 0.0177256
3.882 0.0176952
3.883 0.0176647
3.884 0.0176342
3.885 0.0176037
3.886 0.0175732
3.887 0.0175428
3.888 0.0175123
3.889 0.0174818
3.89 0.0174514
3.891 0.0174209
3.892 0.0173905
3.893 0.01736
3.894 0.0173296
3.895 0.0172992
3.896 0.0172688
3.897 0.0172384
3.898 0.017208
3.899 0.0171776
3.9 0.0171473
3.901 0.0171169
3.902 0.0170866
3.903 0.0170562
3.904 0.0170259
3.905 0.0169956
3.906 0.0169653
3.907 0.0169351
3.908 0.0169048
3.909 0.0168746
3.91 0.0168443
3.911 0.0168141
3.912 0.0167839
3.913 0.0167538
3.914 0.0167236
3.915 0.0166935
3.916 0.0166633
3.917 0.0166332
3.918 0.0166032
3.919 0.0165731
3.92 0.0165431
3.921 0.016513
3.922 0.016483
3.923 0.0164531
3.924 0.0164231
3.925 0.0163932
3.926 0.0163633
3.927 0.0163334
3.928 0.0163035
3.929 0.0162737
3.93 0.0162439
3.931 0.0162141
3.932 0.0161844
3.933 0.0161546
3.934 0.0161249
3.935 0.0160953
3.936 0.0160656
3.937 0.016036
3.938 0.0160064
3.939 0.0159769
3.94 0.0159474
3.941 0.0159179
3.942 0.0158884
3.943 0.015859
3.944 0.0158296
3.945 0.0158002
3.946 0.0157709
3.947 0.0157416
3.948 0.0157123
3.949 0.0156831
3.95 0.0156539
3.951 0.0156247
3.952 0.0155956
3.953 0.0155665
3.954 0.0155374
3.955 0.0155084
3.956 0.0154795
3.957 0.0154505
3.958 0.0154216
3.959 0.0153928
3.96 0.0153639
3.961 0.0153352
3.962 0.0153064
3.963 0.0152777
3.964 0.0152491
3.965 0.0152204
3.966 0.0151919
3.967 0.0151633
3.968 0.0151349
3.969 0.0151064
3.97 0.015078
3.971 0.0150497
3.972 0.0150214
3.973 0.0149931
3.974 0.0149649
3.975 0.0149367
3.976 0.0149086
3.977 0.0148805
3.978 0.0148525
3.979 0.0148245
3.98 0.0147966
3.981 0.0147687
3.982 0.0147409
3.983 0.0147131
3.984 0.0146854
3.985 0.0146577
3.986 0.0146301
3.987 0.0146025
3.988 0.014575
3.989 0.0145475
3.99 0.0145201
3.991 0.0144928
3.992 0.0144655
3.993 0.0144382
3.994 0.014411
3.995 0.0143839
3.996 0.0143568
3.997 0.0143298
3.998 0.0143029
3.999 0.014276
4 0.0142491
4.001 0.0142223
4.002 0.0141956
4.003 0.0141689
4.004 0.0141423
4.005 0.0141158
4.006 0.0140893
4.007 0.0140629
4.008 0.0140365
4.009 0.0140102
4.01 0.013984
4.011 0.0139578
4.012 0.0139317
4.013 0.0139057
4.014 0.0138797
4.015 0.0138538
4.016 0.013828
4.017 0.0138022
4.018 0.0137765
4.019 0.0137508
4.02 0.0137253
4.021 0.0136997
4.022 0.0136743
4.023 0.0136489
4.024 0.0136236
4.025 0.0135984
4.026 0.0135733
4.027 0.0135482
4.028 0.0135232
4.029 0.0134982
4.03 0.0134733
4.031 0.0134485
4.032 0.0134238
4.033 0.0133992
4.034 0.0133746
4.035 0.0133501
4.036 0.0133257
4.037 0.0133013
4.038 0.013277
4.039 0.0132529
4.04 0.0132287
4.041 0.0132047
4.042 0.0131807
4.043 0.0131568
4.044 0.013133
4.045 0.0131093
4.046 0.0130856
4.047 0.0130621
4.048 0.0130386
4.049 0.0130152
4.05 0.0129919
4.051 0.0129686
4.052 0.0129454
4.053 0.0129224
4.054 0.0128994
4.055 0.0128765
4.056 0.0128536
4.057 0.0128309
4.058 0.0128082
4.059 0.0127856
4.06 0.0127632
4.061 0.0127407
4.062 0.0127184
4.063 0.0126962
4.064 0.0126741
4.065 0.012652
4.066 0.01263
4.067 0.0126082
4.068 0.0125864
4.069 0.0125647
4.07 0.0125431
4.071 0.0125215
4.072 0.0125001
4.073 0.0124788
4.074 0.0124575
4.075 0.0124364
4.076 0.0124153
4.077 0.0123943
4.078 0.0123734
4.079 0.0123527
4.08 0.012332
4.081 0.0123114
4.082 0.0122909
4.083 0.0122705
4.084 0.0122501
4.085 0.0122299
4.086 0.0122098
4.087 0.0121898
4.088 0.0121699
4.089 0.01215
4.09 0.0121303
4.091 0.0121107
4.092 0.0120911
4.093 0.0120717
4.094 0.0120524
4.095 0.0120331
4.096 0.012014
4.097 0.0119949
4.098 0.011976
4.099 0.0119572
4.1 0.0119384
4.101 0.0119198
4.102 0.0119013
4.103 0.0118828
4.104 0.0118645
4.105 0.0118463
4.106 0.0118282
4.107 0.0118102
4.108 0.0117923
4.109 0.0117745
4.11 0.0117568
4.111 0.0117392
4.112 0.0117217
4.113 0.0117043
4.114 0.011687
4.115 0.0116699
4.116 0.0116528
4.117 0.0116358
4.118 0.011619
4.119 0.0116023
4.12 0.0115856
4.121 0.0115691
4.122 0.0115527
4.123 0.0115364
4.124 0.0115202
4.125 0.0115041
4.126 0.0114882
4.127 0.0114723
4.128 0.0114566
4.129 0.0114409
4.13 0.0114254
4.131 0.01141
4.132 0.0113947
4.133 0.0113795
4.134 0.0113644
4.135 0.0113495
4.136 0.0113346
4.137 0.0113199
4.138 0.0113053
4.139 0.0112908
4.14 0.0112764
4.141 0.0112621
4.142 0.011248
4.143 0.0112339
4.144 0.01122
4.145 0.0112062
4.146 0.0111925
4.147 0.0111789
4.148 0.0111655
4.149 0.0111521
4.15 0.0111389
4.151 0.0111258
4.152 0.0111128
4.153 0.0111
4.154 0.0110872
4.155 0.0110746
4.156 0.0110621
4.157 0.0110497
4.158 0.0110374
4.159 0.0110253
4.16 0.0110133
4.161 0.0110014
4.162 0.0109896
4.163 0.0109779
4.164 0.0109664
4.165 0.010955
4.166 0.0109437
4.167 0.0109325
4.168 0.0109215
4.169 0.0109106
4.17 0.0108998
4.171 0.0108891
4.172 0.0108786
4.173 0.0108681
4.174 0.0108578
4.175 0.0108477
4.176 0.0108376
4.177 0.0108277
4.178 0.0108179
4.179 0.0108082
4.18 0.0107987
4.181 0.0107892
4.182 0.0107799
4.183 0.0107708
4.184 0.0107617
4.185 0.0107528
4.186 0.010744
4.187 0.0107354
4.188 0.0107269
4.189 0.0107185
4.19 0.0107102
4.191 0.010702
4.192 0.010694
4.193 0.0106861
4.194 0.0106784
4.195 0.0106707
4.196 0.0106632
4.197 0.0106559
4.198 0.0106486
4.199 0.0106415
4.2 0.0106346
4.201 0.0106277
4.202 0.010621
4.203 0.0106144
4.204 0.0106079
4.205 0.0106016
4.206 0.0105954
4.207 0.0105894
4.208 0.0105834
4.209 0.0105776
4.21 0.010572
4.211 0.0105664
4.212 0.010561
4.213 0.0105558
4.214 0.0105506
4.215 0.0105456
4.216 0.0105408
4.217 0.010536
4.218 0.0105314
4.219 0.010527
4.22 0.0105226
4.221 0.0105184
4.222 0.0105144
4.223 0.0105105
4.224 0.0105067
4.225 0.010503
4.226 0.0104995
4.227 0.0104961
4.228 0.0104928
4.229 0.0104897
4.23 0.0104867
4.231 0.0104839
4.232 0.0104811
4.233 0.0104786
4.234 0.0104761
4.235 0.0104738
4.236 0.0104716
4.237 0.0104696
4.238 0.0104677
4.239 0.0104659
4.24 0.0104643
4.241 0.0104628
4.242 0.0104615
4.243 0.0104602
4.244 0.0104592
4.245 0.0104582
4.246 0.0104574
4.247 0.0104567
4.248 0.0104562
4.249 0.0104558
4.25 0.0104556
4.251 0.0104554
4.252 0.0104555
4.253 0.0104556
4.254 0.0104559
4.255 0.0104563
4.256 0.0104569
4.257 0.0104576
4.258 0.0104585
4.259 0.0104594
4.26 0.0104606
4.261 0.0104618
4.262 0.0104632
4.263 0.0104648
4.264 0.0104664
4.265 0.0104682
4.266 0.0104702
4.267 0.0104723
4.268 0.0104745
4.269 0.0104769
4.27 0.0104794
4.271 0.010482
4.272 0.0104848
4.273 0.0104877
4.274 0.0104908
4.275 0.010494
4.276 0.0104973
4.277 0.0105008
4.278 0.0105044
4.279 0.0105082
4.28 0.0105121
4.281 0.0105161
4.282 0.0105203
4.283 0.0105246
4.284 0.010529
4.285 0.0105336
4.286 0.0105383
4.287 0.0105432
4.288 0.0105482
4.289 0.0105534
4.29 0.0105586
4.291 0.0105641
4.292 0.0105696
4.293 0.0105753
4.294 0.0105811
4.295 0.0105871
4.296 0.0105932
4.297 0.0105995
4.298 0.0106059
4.299 0.0106124
4.3 0.0106191
4.301 0.0106259
4.302 0.0106328
4.303 0.0106399
4.304 0.0106471
4.305 0.0106545
4.306 0.010662
4.307 0.0106696
4.308 0.0106774
4.309 0.0106853
4.31 0.0106933
4.311 0.0107015
4.312 0.0107099
4.313 0.0107183
4.314 0.0107269
4.315 0.0107357
4.316 0.0107445
4.317 0.0107536
4.318 0.0107627
4.319 0.010772
4.32 0.0107814
4.321 0.010791
4.322 0.0108007
4.323 0.0108105
4.324 0.0108205
4.325 0.0108306
4.326 0.0108409
4.327 0.0108513
4.328 0.0108618
4.329 0.0108724
4.33 0.0108832
4.331 0.0108942
4.332 0.0109052
4.333 0.0109164
4.334 0.0109278
4.335 0.0109393
4.336 0.0109509
4.337 0.0109626
4.338 0.0109745
4.339 0.0109865
4.34 0.0109987
4.341 0.011011
4.342 0.0110234
4.343 0.0110359
4.344 0.0110486
4.345 0.0110615
4.346 0.0110744
4.347 0.0110875
4.348 0.0111008
4.349 0.0111141
4.35 0.0111276
4.351 0.0111413
4.352 0.011155
4.353 0.0111689
4.354 0.011183
4.355 0.0111971
4.356 0.0112114
4.357 0.0112259
4.358 0.0112404
4.359 0.0112551
4.36 0.01127
4.361 0.0112849
4.362 0.0113
4.363 0.0113153
4.364 0.0113306
4.365 0.0113461
4.366 0.0113617
4.367 0.0113775
4.368 0.0113934
4.369 0.0114094
4.37 0.0114255
4.371 0.0114418
4.372 0.0114582
4.373 0.0114747
4.374 0.0114914
4.375 0.0115082
4.376 0.0115251
4.377 0.0115422
4.378 0.0115593
4.379 0.0115767
4.38 0.0115941
4.381 0.0116117
4.382 0.0116294
4.383 0.0116472
4.384 0.0116651
4.385 0.0116832
4.386 0.0117014
4.387 0.0117197
4.388 0.0117382
4.389 0.0117568
4.39 0.0117755
4.391 0.0117943
4.392 0.0118133
4.393 0.0118324
4.394 0.0118516
4.395 0.0118709
4.396 0.0118904
4.397 0.01191
4.398 0.0119297
4.399 0.0119495
4.4 0.0119695
4.401 0.0119895
4.402 0.0120097
4.403 0.0120301
4.404 0.0120505
4.405 0.0120711
4.406 0.0120918
4.407 0.0121126
4.408 0.0121335
4.409 0.0121546
4.41 0.0121758
4.411 0.0121971
4.412 0.0122185
4.413 0.01224
4.414 0.0122617
4.415 0.0122834
4.416 0.0123053
4.417 0.0123273
4.418 0.0123495
4.419 0.0123717
4.42 0.0123941
4.421 0.0124166
4.422 0.0124392
4.423 0.0124619
4.424 0.0124847
4.425 0.0125077
4.426 0.0125308
4.427 0.0125539
4.428 0.0125772
4.429 0.0126006
4.43 0.0126242
4.431 0.0126478
4.432 0.0126716
4.433 0.0126954
4.434 0.0127194
4.435 0.0127435
4.436 0.0127677
4.437 0.012792
4.438 0.0128165
4.439 0.012841
4.44 0.0128657
4.441 0.0128904
4.442 0.0129153
4.443 0.0129403
4.444 0.0129654
4.445 0.0129906
4.446 0.0130159
4.447 0.0130413
4.448 0.0130669
4.449 0.0130925
4.45 0.0131182
4.451 0.0131441
4.452 0.01317
4.453 0.0131961
4.454 0.0132223
4.455 0.0132486
4.456 0.0132749
4.457 0.0133014
4.458 0.013328
4.459 0.0133547
4.46 0.0133815
4.461 0.0134084
4.462 0.0134354
4.463 0.0134625
4.464 0.0134898
4.465 0.0135171
4.466 0.0135445
4.467 0.013572
4.468 0.0135996
4.469 0.0136273
4.47 0.0136551
4.471 0.0136831
4.472 0.0137111
4.473 0.0137392
4.474 0.0137674
4.475 0.0137957
4.476 0.0138241
4.477 0.0138526
4.478 0.0138812
4.479 0.0139099
4.48 0.0139387
4.481 0.0139676
4.482 0.0139966
4.483 0.0140256
4.484 0.0140548
4.485 0.0140841
4.486 0.0141134
4.487 0.0141429
4.488 0.0141724
4.489 0.014202
4.49 0.0142318
4.491 0.0142616
4.492 0.0142915
4.493 0.0143215
4.494 0.0143516
4.495 0.0143817
4.496 0.014412
4.497 0.0144423
4.498 0.0144728
4.499 0.0145033
4.5 0.0145339
4.501 0.0145646
4.502 0.0145954
4.503 0.0146262
4.504 0.0146572
4.505 0.0146882
4.506 0.0147193
4.507 0.0147505
4.508 0.0147818
4.509 0.0148132
4.51 0.0148446
4.511 0.0148762
4.512 0.0149078
4.513 0.0149394
4.514 0.0149712
4.515 0.0150031
4.516 0.015035
4.517 0.015067
4.518 0.0150991
4.519 0.0151312
4.52 0.0151635
4.521 0.0151958
4.522 0.0152282
4.523 0.0152606
4.524 0.0152931
4.525 0.0153257
4.526 0.0153584
4.527 0.0153912
4.528 0.015424
4.529 0.0154569
4.53 0.0154898
4.531 0.0155229
4.532 0.015556
4.533 0.0155891
4.534 0.0156224
4.535 0.0156557
4.536 0.0156891
4.537 0.0157225
4.538 0.015756
4.539 0.0157896
4.54 0.0158232
4.541 0.0158569
4.542 0.0158907
4.543 0.0159245
4.544 0.0159584
4.545 0.0159924
4.546 0.0160264
4.547 0.0160604
4.548 0.0160946
4.549 0.0161288
4.55 0.016163
4.551 0.0161973
4.552 0.0162317
4.553 0.0162661
4.554 0.0163006
4.555 0.0163351
4.556 0.0163697
4.557 0.0164044
4.558 0.0164391
4.559 0.0164738
4.56 0.0165086
4.561 0.0165435
4.562 0.0165784
4.563 0.0166133
4.564 0.0166483
4.565 0.0166834
4.566 0.0167185
4.567 0.0167537
4.568 0.0167889
4.569 0.0168241
4.57 0.0168594
4.571 0.0168948
4.572 0.0169302
4.573 0.0169656
4.574 0.0170011
4.575 0.0170366
4.576 0.0170722
4.577 0.0171078
4.578 0.0171434
4.579 0.0171791
4.58 0.0172148
4.581 0.0172506
4.582 0.0172864
4.583 0.0173222
4.584 0.0173581
4.585 0.017394
4.586 0.01743
4.587 0.017466
4.588 0.017502
4.589 0.0175381
4.59 0.0175742
4.591 0.0176103
4.592 0.0176464
4.593 0.0176826
4.594 0.0177189
4.595 0.0177551
4.596 0.0177914
4.597 0.0178277
4.598 0.017864
4.599 0.0179004
4.6 0.0179368
4.601 0.0179732
4.602 0.0180097
4.603 0.0180461
4.604 0.0180826
4.605 0.0181192
4.606 0.0181557
4.607 0.0181923
4.608 0.0182289
4.609 0.0182655
4.61 0.0183021
4.611 0.0183387
4.612 0.0183754
4.613 0.0184121
4.614 0.0184488
4.615 0.0184855
4.616 0.0185223
4.617 0.018559
4.618 0.0185958
4.619 0.0186326
4.62 0.0186694
4.621 0.0187062
4.622 0.018743
4.623 0.0187798
4.624 0.0188167
4.625 0.0188535
4.626 0.0188904
4.627 0.0189273
4.628 0.0189641
4.629 0.019001
4.63 0.0190379
4.631 0.0190748
4.632 0.0191117
4.633 0.0191487
4.634 0.0191856
4.635 0.0192225
4.636 0.0192594
4.637 0.0192963
4.638 0.0193333
4.639 0.0193702
4.64 0.0194071
4.641 0.0194441
4.642 0.019481
4.643 0.0195179
4.644 0.0195548
4.645 0.0195918
4.646 0.0196287
4.647 0.0196656
4.648 0.0197025
4.649 0.0197394
4.65 0.0197763
4.651 0.0198131
4.652 0.01985
4.653 0.0198869
4.654 0.0199237
4.655 0.0199606
4.656 0.0199974
4.657 0.0200342
4.658 0.020071
4.659 0.0201078
4.66 0.0201446
4.661 0.0201814
4.662 0.0202181
4.663 0.0202549
4.664 0.0202916
4.665 0.0203283
4.666 0.020365
4.667 0.0204016
4.668 0.0204383
4.669 0.0204749
4.67 0.0205115
4.671 0.0205481
4.672 0.0205846
4.673 0.0206212
4.674 0.0206577
4.675 0.0206941
4.676 0.0207306
4.677 0.020767
4.678 0.0208034
4.679 0.0208398
4.68 0.0208761
4.681 0.0209124
4.682 0.0209487
4.683 0.020985
4.684 0.0210212
4.685 0.0210574
4.686 0.0210935
4.687 0.0211297
4.688 0.0211657
4.689 0.0212018
4.69 0.0212378
4.691 0.0212738
4.692 0.0213097
4.693 0.0213456
4.694 0.0213815
4.695 0.0214173
4.696 0.0214531
4.697 0.0214888
4.698 0.0215245
4.699 0.0215601
4.7 0.0215957
4.701 0.0216313
4.702 0.0216668
4.703 0.0217023
4.704 0.0217377
4.705 0.0217731
4.706 0.0218084
4.707 0.0218437
4.708 0.0218789
4.709 0.0219141
4.71 0.0219492
4.711 0.0219843
4.712 0.0220193
4.713 0.0220542
4.714 0.0220891
4.715 0.022124
4.716 0.0221588
4.717 0.0221935
4.718 0.0222282
4.719 0.0222628
4.72 0.0222974
4.721 0.0223319
4.722 0.0223663
4.723 0.0224007
4.724 0.022435
4.725 0.0224693
4.726 0.0225035
4.727 0.0225376
4.728 0.0225717
4.729 0.0226057
4.73 0.0226396
4.731 0.0226735
4.732 0.0227073
4.733 0.022741
4.734 0.0227746
4.735 0.0228082
4.736 0.0228417
4.737 0.0228752
4.738 0.0229086
4.739 0.0229419
4.74 0.0229751
4.741 0.0230082
4.742 0.0230413
4.743 0.0230743
4.744 0.0231072
4.745 0.02314
4.746 0.0231728
4.747 0.0232055
4.748 0.0232381
4.749 0.0232706
4.75 0.023303
4.751 0.0233354
4.752 0.0233677
4.753 0.0233999
4.754 0.023432
4.755 0.023464
4.756 0.0234959
4.757 0.0235278
4.758 0.0235595
4.759 0.0235912
4.76 0.0236228
4.761 0.0236543
4.762 0.0236857
4.763 0.023717
4.764 0.0237482
4.765 0.0237793
4.766 0.0238104
4.767 0.0238413
4.768 0.0238722
4.769 0.0239029
4.77 0.0239336
4.771 0.0239641
4.772 0.0239946
4.773 0.0240249
4.774 0.0240552
4.775 0.0240854
4.776 0.0241154
4.777 0.0241454
4.778 0.0241752
4.779 0.024205
4.78 0.0242346
4.781 0.0242642
4.782 0.0242936
4.783 0.024323
4.784 0.0243522
4.785 0.0243813
4.786 0.0244103
4.787 0.0244393
4.788 0.024468
4.789 0.0244967
4.79 0.0245253
4.791 0.0245538
4.792 0.0245821
4.793 0.0246104
4.794 0.0246385
4.795 0.0246665
4.796 0.0246944
4.797 0.0247222
4.798 0.0247499
4.799 0.0247774
4.8 0.0248049
4.801 0.0248322
4.802 0.0248594
4.803 0.0248864
4.804 0.0249134
4.805 0.0249402
4.806 0.0249669
4.807 0.0249935
4.808 0.02502
4.809 0.0250463
4.81 0.0250726
4.811 0.0250986
4.812 0.0251246
4.813 0.0251504
4.814 0.0251762
4.815 0.0252017
4.816 0.0252272
4.817 0.0252525
4.818 0.0252777
4.819 0.0253028
4.82 0.0253277
4.821 0.0253525
4.822 0.0253772
4.823 0.0254017
4.824 0.0254261
4.825 0.0254503
4.826 0.0254745
4.827 0.0254985
4.828 0.0255223
4.829 0.025546
4.83 0.0255696
4.831 0.025593
4.832 0.0256163
4.833 0.0256395
4.834 0.0256625
4.835 0.0256853
4.836 0.0257081
4.837 0.0257307
4.838 0.0257531
4.839 0.0257754
4.84 0.0257975
4.841 0.0258195
4.842 0.0258414
4.843 0.0258631
4.844 0.0258847
4.845 0.0259061
4.846 0.0259273
4.847 0.0259485
4.848 0.0259694
4.849 0.0259902
4.85 0.0260109
4.851 0.0260314
4.852 0.0260517
4.853 0.0260719
4.854 0.026092
4.855 0.0261119
4.856 0.0261316
4.857 0.0261512
4.858 0.0261706
4.859 0.0261898
4.86 0.0262089
4.861 0.0262279
4.862 0.0262467
4.863 0.0262653
4.864 0.0262838
4.865 0.026302
4.866 0.0263202
4.867 0.0263382
4.868 0.026356
4.869 0.0263736
4.87 0.0263911
4.871 0.0264084
4.872 0.0264256
4.873 0.0264425
4.874 0.0264594
4.875 0.026476
4.876 0.0264925
4.877 0.0265088
4.878 0.0265249
4.879 0.0265409
4.88 0.0265567
4.881 0.0265723
4.882 0.0265878
4.883 0.0266031
4.884 0.0266182
4.885 0.0266331
4.886 0.0266479
4.887 0.0266624
4.888 0.0266768
4.889 0.0266911
4.89 0.0267051
4.891 0.026719
4.892 0.0267327
4.893 0.0267462
4.894 0.0267596
4.895 0.0267727
4.896 0.0267857
4.897 0.0267985
4.898 0.0268111
4.899 0.0268236
4.9 0.0268358
4.901 0.0268479
4.902 0.0268598
4.903 0.0268715
4.904 0.026883
4.905 0.0268944
4.906 0.0269055
4.907 0.0269165
4.908 0.0269272
4.909 0.0269378
4.91 0.0269482
4.911 0.0269584
4.912 0.0269685
4.913 0.0269783
4.914 0.0269879
4.915 0.0269974
4.916 0.0270066
4.917 0.0270157
4.918 0.0270246
4.919 0.0270333
4.92 0.0270418
4.921 0.0270501
4.922 0.0270582
4.923 0.0270661
4.924 0.0270738
4.925 0.0270813
4.926 0.0270886
4.927 0.0270957
4.928 0.0271027
4.929 0.0271094
4.93 0.0271159
4.931 0.0271223
4.932 0.0271284
4.933 0.0271343
4.934 0.0271401
4.935 0.0271456
4.936 0.0271509
4.937 0.027156
4.938 0.027161
4.939 0.0271657
4.94 0.0271702
4.941 0.0271745
4.942 0.0271787
4.943 0.0271826
4.944 0.0271863
4.945 0.0271898
4.946 0.0271931
4.947 0.0271962
4.948 0.027199
4.949 0.0272017
4.95 0.0272042
4.951 0.0272064
4.952 0.0272085
4.953 0.0272103
4.954 0.027212
4.955 0.0272134
4.956 0.0272146
4.957 0.0272156
4.958 0.0272164
4.959 0.027217
4.96 0.0272174
4.961 0.0272175
4.962 0.0272175
4.963 0.0272172
4.964 0.0272167
4.965 0.027216
4.966 0.0272151
4.967 0.027214
4.968 0.0272126
4.969 0.0272111
4.97 0.0272093
4.971 0.0272073
4.972 0.0272051
4.973 0.0272027
4.974 0.0272001
4.975 0.0271972
4.976 0.0271942
4.977 0.0271909
4.978 0.0271874
4.979 0.0271837
4.98 0.0271797
4.981 0.0271755
4.982 0.0271712
4.983 0.0271666
4.984 0.0271617
4.985 0.0271567
4.986 0.0271514
4.987 0.0271459
4.988 0.0271402
4.989 0.0271343
4.99 0.0271281
4.991 0.0271218
4.992 0.0271152
4.993 0.0271083
4.994 0.0271013
4.995 0.027094
4.996 0.0270865
4.997 0.0270788
4.998 0.0270709
4.999 0.0270627
5 0.0270543
5.001 0.0270457
5.002 0.0270368
5.003 0.0270277
5.004 0.0270184
5.005 0.0270089
5.006 0.0269991
5.007 0.0269892
5.008 0.026979
5.009 0.0269685
5.01 0.0269578
5.011 0.0269469
5.012 0.0269358
5.013 0.0269245
5.014 0.0269129
5.015 0.0269011
5.016 0.026889
5.017 0.0268768
5.018 0.0268642
5.019 0.0268515
5.02 0.0268385
5.021 0.0268254
5.022 0.0268119
5.023 0.0267983
5.024 0.0267844
5.025 0.0267703
5.026 0.0267559
5.027 0.0267413
5.028 0.0267265
5.029 0.0267114
5.03 0.0266962
5.031 0.0266806
5.032 0.0266649
5.033 0.0266489
5.034 0.0266327
5.035 0.0266163
5.036 0.0265996
5.037 0.0265827
5.038 0.0265655
5.039 0.0265481
5.04 0.0265305
5.041 0.0265126
5.042 0.0264946
5.043 0.0264762
5.044 0.0264577
5.045 0.0264389
5.046 0.0264198
5.047 0.0264006
5.048 0.0263811
5.049 0.0263613
5.05 0.0263414
5.051 0.0263212
5.052 0.0263007
5.053 0.02628
5.054 0.0262591
5.055 0.026238
5.056 0.0262166
5.057 0.026195
5.058 0.0261731
5.059 0.026151
5.06 0.0261287
5.061 0.0261061
5.062 0.0260833
5.063 0.0260602
5.064 0.026037
5.065 0.0260134
5.066 0.0259897
5.067 0.0259657
5.068 0.0259414
5.069 0.025917
5.07 0.0258923
5.071 0.0258673
5.072 0.0258421
5.073 0.0258167
5.074 0.0257911
5.075 0.0257652
5.076 0.025739
5.077 0.0257127
5.078 0.0256861
5.079 0.0256592
5.08 0.0256321
5.081 0.0256048
5.082 0.0255773
5.083 0.0255495
5.084 0.0255214
5.085 0.0254932
5.086 0.0254647
5.087 0.0254359
5.088 0.0254069
5.089 0.0253777
5.09 0.0253482
5.091 0.0253186
5.092 0.0252886
5.093 0.0252584
5.094 0.025228
5.095 0.0251974
5.096 0.0251665
5.097 0.0251354
5.098 0.025104
5.099 0.0250724
5.1 0.0250406
5.101 0.0250085
5.102 0.0249762
5.103 0.0249437
5.104 0.0249109
5.105 0.0248779
5.106 0.0248446
5.107 0.0248111
5.108 0.0247774
5.109 0.0247434
5.11 0.0247092
5.111 0.0246748
5.112 0.0246401
5.113 0.0246052
5.114 0.0245701
5.115 0.0245347
5.116 0.0244991
5.117 0.0244632
5.118 0.0244271
5.119 0.0243908
5.12 0.0243543
5.121 0.0243175
5.122 0.0242805
5.123 0.0242432
5.124 0.0242057
5.125 0.024168
5.126 0.02413
5.127 0.0240918
5.128 0.0240534
5.129 0.0240147
5.13 0.0239758
5.131 0.0239367
5.132 0.0238973
5.133 0.0238577
5.134 0.0238179
5.135 0.0237778
5.136 0.0237375
5.137 0.023697
5.138 0.0236563
5.139 0.0236153
5.14 0.0235741
5.141 0.0235326
5.142 0.0234909
5.143 0.023449
5.144 0.0234069
5.145 0.0233645
5.146 0.0233219
5.147 0.0232791
5.148 0.023236
5.149 0.0231927
5.15 0.0231492
5.151 0.0231054
5.152 0.0230615
5.153 0.0230173
5.154 0.0229728
5.155 0.0229282
5.156 0.0228833
5.157 0.0228382
5.158 0.0227928
5.159 0.0227473
5.16 0.0227015
5.161 0.0226555
5.162 0.0226092
5.163 0.0225628
5.164 0.0225161
5.165 0.0224692
5.166 0.022422
5.167 0.0223747
5.168 0.0223271
5.169 0.0222793
5.17 0.0222312
5.171 0.022183
5.172 0.0221345
5.173 0.0220858
5.174 0.0220369
5.175 0.0219877
5.176 0.0219384
5.177 0.0218888
5.178 0.021839
5.179 0.021789
5.18 0.0217387
5.181 0.0216883
5.182 0.0216376
5.183 0.0215867
5.184 0.0215356
5.185 0.0214843
5.186 0.0214327
5.187 0.021381
5.188 0.021329
5.189 0.0212768
5.19 0.0212244
5.191 0.0211718
5.192 0.0211189
5.193 0.0210659
5.194 0.0210126
5.195 0.0209592
5.196 0.0209055
5.197 0.0208516
5.198 0.0207975
5.199 0.0207431
5.2 0.0206886
5.201 0.0206339
5.202 0.0205789
5.203 0.0205238
5.204 0.0204684
5.205 0.0204128
5.206 0.020357
5.207 0.020301
5.208 0.0202448
5.209 0.0201884
5.21 0.0201318
5.211 0.020075
5.212 0.020018
5.213 0.0199608
5.214 0.0199033
5.215 0.0198457
5.216 0.0197879
5.217 0.0197298
5.218 0.0196716
5.219 0.0196132
5.22 0.0195545
5.221 0.0194957
5.222 0.0194367
5.223 0.0193774
5.224 0.019318
5.225 0.0192584
5.226 0.0191985
5.227 0.0191385
5.228 0.0190783
5.229 0.0190179
5.23 0.0189573
5.231 0.0188965
5.232 0.0188355
5.233 0.0187743
5.234 0.0187129
5.235 0.0186513
5.236 0.0185896
5.237 0.0185276
5.238 0.0184655
5.239 0.0184031
5.24 0.0183406
5.241 0.0182779
5.242 0.018215
5.243 0.0181519
5.244 0.0180887
5.245 0.0180252
5.246 0.0179616
5.247 0.0178977
5.248 0.0178337
5.249 0.0177695
5.25 0.0177052
5.251 0.0176406
5.252 0.0175759
5.253 0.017511
5.254 0.0174459
5.255 0.0173806
5.256 0.0173152
5.257 0.0172496
5.258 0.0171837
5.259 0.0171178
5.26 0.0170516
5.261 0.0169853
5.262 0.0169188
5.263 0.0168521
5.264 0.0167853
5.265 0.0167183
5.266 0.0166511
5.267 0.0165837
5.268 0.0165162
5.269 0.0164485
5.27 0.0163806
5.271 0.0163126
5.272 0.0162444
5.273 0.016176
5.274 0.0161075
5.275 0.0160388
5.276 0.0159699
5.277 0.0159009
5.278 0.0158317
5.279 0.0157624
5.28 0.0156929
5.281 0.0156232
5.282 0.0155534
5.283 0.0154834
5.284 0.0154133
5.285 0.015343
5.286 0.0152725
5.287 0.0152019
5.288 0.0151311
5.289 0.0150602
5.29 0.0149892
5.291 0.0149179
5.292 0.0148466
5.293 0.0147751
5.294 0.0147034
5.295 0.0146316
5.296 0.0145596
5.297 0.0144875
5.298 0.0144152
5.299 0.0143428
5.3 0.0142703
5.301 0.0141976
5.302 0.0141248
5.303 0.0140518
5.304 0.0139787
5.305 0.0139054
5.306 0.013832
5.307 0.0137585
5.308 0.0136848
5.309 0.013611
5.31 0.0135371
5.311 0.013463
5.312 0.0133888
5.313 0.0133145
5.314 0.01324
5.315 0.0131654
5.316 0.0130907
5.317 0.0130158
5.318 0.0129408
5.319 0.0128657
5.32 0.0127905
5.321 0.0127151
5.322 0.0126396
5.323 0.012564
5.324 0.0124883
5.325 0.0124124
5.326 0.0123364
5.327 0.0122604
5.328 0.0121841
5.329 0.0121078
5.33 0.0120314
5.331 0.0119548
5.332 0.0118781
5.333 0.0118013
5.334 0.0117244
5.335 0.0116474
5.336 0.0115703
5.337 0.011493
5.338 0.0114157
5.339 0.0113382
5.34 0.0112607
5.341 0.011183
5.342 0.0111052
5.343 0.0110273
5.344 0.0109494
5.345 0.0108713
5.346 0.0107931
5.347 0.0107148
5.348 0.0106364
5.349 0.0105579
5.35 0.0104793
5.351 0.0104007
5.352 0.0103219
5.353 0.010243
5.354 0.010164
5.355 0.010085
5.356 0.0100058
5.357 0.0099266
5.358 0.00984727
5.359 0.00976785
5.36 0.00968834
5.361 0.00960875
5.362 0.00952907
5.363 0.0094493
5.364 0.00936945
5.365 0.00928952
5.366 0.00920951
5.367 0.00912942
5.368 0.00904925
5.369 0.008969
5.37 0.00888868
5.371 0.00880828
5.372 0.00872781
5.373 0.00864726
5.374 0.00856665
5.375 0.00848596
5.376 0.0084052
5.377 0.00832438
5.378 0.00824348
5.379 0.00816252
5.38 0.00808149
5.381 0.00800039
5.382 0.00791923
5.383 0.00783801
5.384 0.00775673
5.385 0.00767539
5.386 0.007594
5.387 0.00751255
5.388 0.00743104
5.389 0.00734949
5.39 0.00726787
5.391 0.00718621
5.392 0.0071045
5.393 0.00702273
5.394 0.00694092
5.395 0.00685906
5.396 0.00677715
5.397 0.0066952
5.398 0.0066132
5.399 0.00653116
5.4 0.00644908
5.401 0.00636695
5.402 0.00628478
5.403 0.00620257
5.404 0.00612032
5.405 0.00603802
5.406 0.00595569
5.407 0.00587332
5.408 0.00579091
5.409 0.00570846
5.41 0.00562599
5.411 0.00554348
5.412 0.00546094
5.413 0.00537837
5.414 0.00529577
5.415 0.00521314
5.416 0.00513049
5.417 0.00504781
5.418 0.00496511
5.419 0.00488238
5.42 0.00479963
5.421 0.00471686
5.422 0.00463406
5.423 0.00455125
5.424 0.00446841
5.425 0.00438556
5.426 0.00430269
5.427 0.00421981
5.428 0.00413692
5.429 0.00405401
5.43 0.0039711
5.431 0.00388818
5.432 0.00380525
5.433 0.00372231
5.434 0.00363937
5.435 0.00355642
5.436 0.00347347
5.437 0.00339052
5.438 0.00330757
5.439 0.00322462
5.44 0.00314167
5.441 0.00305872
5.442 0.00297577
5.443 0.00289284
5.444 0.00280992
5.445 0.00272703
5.446 0.00264414
5.447 0.00256128
5.448 0.00247844
5.449 0.00239561
5.45 0.0023128
5.451 0.00223001
5.452 0.00214725
5.453 0.0020645
5.454 0.00198178
5.455 0.00189908
5.456 0.00181641
5.457 0.00173376
5.458 0.00165113
5.459 0.00156854
5.46 0.00148596
5.461 0.00140339
5.462 0.00132085
5.463 0.00123833
5.464 0.00115582
5.465 0.00107335
5.466 0.000990896
5.467 0.000908473
5.468 0.00082608
5.469 0.000743717
5.47 0.000661387
5.471 0.000579091
5.472 0.000496831
5.473 0.000414608
5.474 0.000332423
5.475 0.000250279
5.476 0.000168177
5.477 8.61182e-05
5.478 4.10147e-06
5.479 -7.78732e-05
5.48 -0.000159806
5.481 -0.000241695
5.482 -0.00032354
5.483 -0.00040534
5.484 -0.000487096
5.485 -0.000568805
5.486 -0.000650465
5.487 -0.000732077
5.488 -0.000813637
5.489 -0.000895145
5.49 -0.000976599
5.491 -0.001058
5.492 -0.00113934
5.493 -0.00122062
5.494 -0.00130184
5.495 -0.001383
5.496 -0.0014641
5.497 -0.00154513
5.498 -0.0016261
5.499 -0.00170701
5.5 -0.00178786
5.501 -0.00186866
5.502 -0.00194939
5.503 -0.00203005
5.504 -0.00211066
5.505 -0.00219119
5.506 -0.00227165
5.507 -0.00235205
5.508 -0.00243237
5.509 -0.00251261
5.51 -0.00259278
5.511 -0.00267288
5.512 -0.00275289
5.513 -0.00283282
5.514 -0.00291266
5.515 -0.00299242
5.516 -0.00307209
5.517 -0.00315166
5.518 -0.00323113
5.519 -0.00331049
5.52 -0.00338976
5.521 -0.00346893
5.522 -0.003548
5.523 -0.00362697
5.524 -0.00370583
5.525 -0.00378458
5.526 -0.00386324
5.527 -0.00394178
5.528 -0.00402022
5.529 -0.00409855
5.53 -0.00417677
5.531 -0.00425489
5.532 -0.00433289
5.533 -0.00441077
5.534 -0.00448854
5.535 -0.00456619
5.536 -0.00464372
5.537 -0.00472113
5.538 -0.00479842
5.539 -0.00487559
5.54 -0.00495263
5.541 -0.00502955
5.542 -0.00510634
5.543 -0.005183
5.544 -0.00525954
5.545 -0.00533594
5.546 -0.00541222
5.547 -0.00548836
5.548 -0.00556437
5.549 -0.00564025
5.55 -0.00571599
5.551 -0.00579159
5.552 -0.00586705
5.553 -0.00594237
5.554 -0.00601755
5.555 -0.00609259
5.556 -0.00616749
5.557 -0.00624224
5.558 -0.00631684
5.559 -0.0063913
5.56 -0.00646561
5.561 -0.00653977
5.562 -0.00661379
5.563 -0.00668764
5.564 -0.00676135
5.565 -0.0068349
5.566 -0.0069083
5.567 -0.00698153
5.568 -0.00705461
5.569 -0.00712753
5.57 -0.00720029
5.571 -0.00727288
5.572 -0.0073453
5.573 -0.00741756
5.574 -0.00748964
5.575 -0.00756156
5.576 -0.0076333
5.577 -0.00770487
5.578 -0.00777626
5.579 -0.00784748
5.58 -0.00791852
5.581 -0.00798938
5.582 -0.00806006
5.583 -0.00813057
5.584 -0.00820088
5.585 -0.00827102
5.586 -0.00834097
5.587 -0.00841073
5.588 -0.00848031
5.589 -0.00854969
5.59 -0.00861889
5.591 -0.00868789
5.592 -0.00875669
5.593 -0.0088253
5.594 -0.00889372
5.595 -0.00896193
5.596 -0.00902995
5.597 -0.00909777
5.598 -0.00916538
5.599 -0.0092328
5.6 -0.00930001
5.601 -0.00936701
5.602 -0.00943381
5.603 -0.0095004
5.604 -0.00956678
5.605 -0.00963295
5.606 -0.00969891
5.607 -0.00976466
5.608 -0.00983019
5.609 -0.00989551
5.61 -0.00996061
5.611 -0.0100255
5.612 -0.0100901
5.613 -0.0101546
5.614 -0.0102188
5.615 -0.0102828
5.616 -0.0103466
5.617 -0.0104101
5.618 -0.0104734
5.619 -0.0105365
5.62 -0.0105994
5.621 -0.010662
5.622 -0.0107244
5.623 -0.0107866
5.624 -0.0108485
5.625 -0.0109102
5.626 -0.0109717
5.627 -0.0110329
5.628 -0.0110939
5.629 -0.0111546
5.63 -0.0112151
5.631 -0.0112753
5.632 -0.0113353
5.633 -0.0113951
5.634 -0.0114546
5.635 -0.0115139
5.636 -0.0115729
5.637 -0.0116316
5.638 -0.0116901
5.639 -0.0117484
5.64 -0.0118064
5.641 -0.0118641
5.642 -0.0119216
5.643 -0.0119788
5.644 -0.0120358
5.645 -0.0120925
5.646 -0.0121489
5.647 -0.012205
5.648 -0.0122609
5.649 -0.0123166
5.65 -0.0123719
5.651 -0.012427
5.652 -0.0124818
5.653 -0.0125364
5.654 -0.0125907
5.655 -0.0126447
5.656 -0.0126984
5.657 -0.0127518
5.658 -0.012805
5.659 -0.0128579
5.66 -0.0129105
5.661 -0.0129628
5.662 -0.0130148
5.663 -0.0130666
5.664 -0.013118
5.665 -0.0131692
5.666 -0.0132201
5.667 -0.0132707
5.668 -0.013321
5.669 -0.013371
5.67 -0.0134208
5.671 -0.0134702
5.672 -0.0135193
5.673 -0.0135681
5.674 -0.0136167
5.675 -0.0136649
5.676 -0.0137128
5.677 -0.0137605
5.678 -0.0138078
5.679 -0.0138548
5.68 -0.0139015
5.681 -0.013948
5.682 -0.0139941
5.683 -0.0140399
5.684 -0.0140853
5.685 -0.0141305
5.686 -0.0141754
5.687 -0.0142199
5.688 -0.0142641
5.689 -0.0143081
5.69 -0.0143517
5.691 -0.0143949
5.692 -0.0144379
5.693 -0.0144805
5.694 -0.0145228
5.695 -0.0145648
5.696 -0.0146065
5.697 -0.0146478
5.698 -0.0146889
5.699 -0.0147296
5.7 -0.0147699
5.701 -0.01481
5.702 -0.0148497
5.703 -0.014889
5.704 -0.0149281
5.705 -0.0149668
5.706 -0.0150051
5.707 -0.0150432
5.708 -0.0150809
5.709 -0.0151182
5.71 -0.0151552
5.711 -0.0151919
5.712 -0.0152283
5.713 -0.0152643
5.714 -0.0152999
5.715 -0.0153352
5.716 -0.0153702
5.717 -0.0154048
5.718 -0.0154391
5.719 -0.015473
5.72 -0.0155065
5.721 -0.0155397
5.722 -0.0155726
5.723 -0.0156051
5.724 -0.0156373
5.725 -0.0156691
5.726 -0.0157005
5.727 -0.0157316
5.728 -0.0157623
5.729 -0.0157927
5.73 -0.0158227
5.731 -0.0158523
5.732 -0.0158816
5.733 -0.0159105
5.734 -0.0159391
5.735 -0.0159673
5.736 -0.0159951
5.737 -0.0160226
5.738 -0.0160496
5.739 -0.0160764
5.74 -0.0161027
5.741 -0.0161287
5.742 -0.0161543
5.743 -0.0161795
5.744 -0.0162044
5.745 -0.0162288
5.746 -0.0162529
5.747 -0.0162767
5.748 -0.0163
5.749 -0.016323
5.75 -0.0163456
5.751 -0.0163678
5.752 -0.0163896
5.753 -0.0164111
5.754 -0.0164321
5.755 -0.0164528
5.756 -0.0164731
5.757 -0.016493
5.758 -0.0165125
5.759 -0.0165316
5.76 -0.0165504
5.761 -0.0165687
5.762 -0.0165867
5.763 -0.0166042
5.764 -0.0166214
5.765 -0.0166382
5.766 -0.0166546
5.767 -0.0166705
5.768 -0.0166861
5.769 -0.0167013
5.77 -0.0167161
5.771 -0.0167305
5.772 -0.0167445
5.773 -0.0167581
5.774 -0.0167713
5.775 -0.0167841
5.776 -0.0167965
5.777 -0.0168085
5.778 -0.0168201
5.779 -0.0168313
5.78 -0.016842
5.781 -0.0168524
5.782 -0.0168624
5.783 -0.0168719
5.784 -0.0168811
5.785 -0.0168898
5.786 -0.0168981
5.787 -0.016906
5.788 -0.0169135
5.789 -0.0169206
5.79 -0.0169273
5.791 -0.0169336
5.792 -0.0169394
5.793 -0.0169448
5.794 -0.0169498
5.795 -0.0169544
5.796 -0.0169586
5.797 -0.0169624
5.798 -0.0169657
5.799 -0.0169686
5.8 -0.0169711
5.801 -0.0169732
5.802 -0.0169749
5.803 -0.0169761
5.804 -0.0169769
5.805 -0.0169773
5.806 -0.0169772
5.807 -0.0169768
5.808 -0.0169759
5.809 -0.0169746
5.81 -0.0169728
5.811 -0.0169706
5.812 -0.016968
5.813 -0.016965
5.814 -0.0169616
5.815 -0.0169577
5.816 -0.0169533
5.817 -0.0169486
5.818 -0.0169434
5.819 -0.0169378
5.82 -0.0169317
5.821 -0.0169252
5.822 -0.0169183
5.823 -0.016911
5.824 -0.0169032
5.825 -0.0168949
5.826 -0.0168863
5.827 -0.0168772
5.828 -0.0168676
5.829 -0.0168577
5.83 -0.0168473
5.831 -0.0168364
5.832 -0.0168251
5.833 -0.0168134
5.834 -0.0168012
5.835 -0.0167886
5.836 -0.0167755
5.837 -0.016762
5.838 -0.0167481
5.839 -0.0167337
5.84 -0.0167188
5.841 -0.0167036
5.842 -0.0166878
5.843 -0.0166717
5.844 -0.0166551
5.845 -0.016638
5.846 -0.0166205
5.847 -0.0166025
5.848 -0.0165841
5.849 -0.0165653
5.85 -0.016546
5.851 -0.0165262
5.852 -0.016506
5.853 -0.0164854
5.854 -0.0164643
5.855 -0.0164428
5.856 -0.0164208
5.857 -0.0163983
5.858 -0.0163754
5.859 -0.0163521
5.86 -0.0163283
5.861 -0.016304
5.862 -0.0162793
5.863 -0.0162541
5.864 -0.0162285
5.865 -0.0162025
5.866 -0.0161759
5.867 -0.016149
5.868 -0.0161215
5.869 -0.0160937
5.87 -0.0160653
5.871 -0.0160365
5.872 -0.0160073
5.873 -0.0159776
5.874 -0.0159474
5.875 -0.0159168
5.876 -0.0158857
5.877 -0.0158542
5.878 -0.0158222
5.879 -0.0157898
5.88 -0.0157569
5.881 -0.0157235
5.882 -0.0156897
5.883 -0.0156554
5.884 -0.0156207
5.885 -0.0155855
5.886 -0.0155498
5.887 -0.0155137
5.888 -0.0154771
5.889 -0.0154401
5.89 -0.0154026
5.891 -0.0153647
5.892 -0.0153263
5.893 -0.0152874
5.894 -0.0152481
5.895 -0.0152083
5.896 -0.015168
5.897 -0.0151273
5.898 -0.0150862
5.899 -0.0150445
5.9 -0.0150024
5.901 -0.0149599
5.902 -0.0149169
5.903 -0.0148734
5.904 -0.0148295
5.905 -0.0147851
5.906 -0.0147402
5.907 -0.0146949
5.908 -0.0146491
5.909 -0.0146029
5.91 -0.0145562
5.911 -0.0145091
5.912 -0.0144614
5.913 -0.0144134
5.914 -0.0143648
5.915 -0.0143158
5.916 -0.0142664
5.917 -0.0142164
5.918 -0.0141661
5.919 -0.0141152
5.92 -0.0140639
5.921 -0.0140122
5.922 -0.0139599
5.923 -0.0139073
5.924 -0.0138541
5.925 -0.0138005
5.926 -0.0137464
5.927 -0.0136919
5.928 -0.0136369
5.929 -0.0135815
5.93 -0.0135256
5.931 -0.0134692
5.932 -0.0134124
5.933 -0.0133551
5.934 -0.0132974
5.935 -0.0132392
5.936 -0.0131805
5.937 -0.0131214
5.938 -0.0130619
5.939 -0.0130018
5.94 -0.0129413
5.941 -0.0128804
5.942 -0.012819
5.943 -0.0127571
5.944 -0.0126948
5.945 -0.012632
5.946 -0.0125688
5.947 -0.0125051
5.948 -0.012441
5.949 -0.0123764
5.95 -0.0123113
5.951 -0.0122458
5.952 -0.0121798
5.953 -0.0121134
5.954 -0.0120465
5.955 -0.0119792
5.956 -0.0119114
5.957 -0.0118432
5.958 -0.0117745
5.959 -0.0117054
5.96 -0.0116358
5.961 -0.0115658
5.962 -0.0114953
5.963 -0.0114243
5.964 -0.0113529
5.965 -0.0112811
5.966 -0.0112088
5.967 -0.011136
5.968 -0.0110628
5.969 -0.0109892
5.97 -0.0109151
5.971 -0.0108406
5.972 -0.0107656
5.973 -0.0106901
5.974 -0.0106143
5.975 -0.0105379
5.976 -0.0104612
5.977 -0.010384
5.978 -0.0103063
5.979 -0.0102282
5.98 -0.0101497
5.981 -0.0100707
5.982 -0.00999125
5.983 -0.00991138
5.984 -0.00983107
5.985 -0.00975031
5.986 -0.00966912
5.987 -0.00958748
5.988 -0.00950541
5.989 -0.00942289
5.99 -0.00933994
5.991 -0.00925655
5.992 -0.00917272
5.993 -0.00908845
5.994 -0.00900375
5.995 -0.00891862
5.996 -0.00883305
5.997 -0.00874705
5.998 -0.00866061
5.999 -0.00857374
6 -0.00848644
6.001 -0.00839871
6.002 -0.00831055
6.003 -0.00822196
6.004 -0.00813294
6.005 -0.00804348
6.006 -0.00795361
6.007 -0.0078633
6.008 -0.00777256
6.009 -0.0076814
6.01 -0.00758981
6.011 -0.0074978
6.012 -0.00740536
6.013 -0.0073125
6.014 -0.00721922
6.015 -0.00712552
6.016 -0.00703139
6.017 -0.00693685
6.018 -0.00684189
6.019 -0.00674652
6.02 -0.00665072
6.021 -0.00655452
6.022 -0.00645789
6.023 -0.00636085
6.024 -0.0062634
6.025 -0.00616553
6.026 -0.00606726
6.027 -0.00596857
6.028 -0.00586946
6.029 -0.00576995
6.03 -0.00567003
6.031 -0.0055697
6.032 -0.00546896
6.033 -0.00536782
6.034 -0.00526627
6.035 -0.00516431
6.036 -0.00506196
6.037 -0.0049592
6.038 -0.00485604
6.039 -0.00475247
6.04 -0.0046485
6.041 -0.00454413
6.042 -0.00443935
6.043 -0.00433418
6.044 -0.00422861
6.045 -0.00412264
6.046 -0.00401627
6.047 -0.0039095
6.048 -0.00380234
6.049 -0.00369478
6.05 -0.00358683
6.051 -0.00347848
6.052 -0.00336974
6.053 -0.00326061
6.054 -0.00315109
6.055 -0.00304119
6.056 -0.00293091
6.057 -0.00282025
6.058 -0.00270922
6.059 -0.00259782
6.06 -0.00248603
6.061 -0.00237387
6.062 -0.00226133
6.063 -0.00214841
6.064 -0.00203512
6.065 -0.00192145
6.066 -0.0018074
6.067 -0.00169298
6.068 -0.00157818
6.069 -0.00146301
6.07 -0.00134747
6.071 -0.00123155
6.072 -0.00111525
6.073 -0.000998583
6.074 -0.000881541
6.075 -0.000764127
6.076 -0.000646329
6.077 -0.000528147
6.078 -0.000409585
6.079 -0.000290643
6.08 -0.000171323
6.081 -5.16274e-05
6.082 6.84432e-05
6.083 0.000188887
6.084 0.000309702
6.085 0.000430887
6.086 0.000552439
6.087 0.000674359
6.088 0.000796643
6.089 0.00091929
6.09 0.0010423
6.091 0.0011657
6.092 0.00128946
6.093 0.00141359
6.094 0.0015381
6.095 0.00166296
6.096 0.0017882
6.097 0.0019138
6.098 0.00203976
6.099 0.00216609
6.1 0.00229277
6.101 0.00241982
6.102 0.00254722
6.103 0.00267498
6.104 0.0028031
6.105 0.00293157
6.106 0.00306039
6.107 0.00318957
6.108 0.00331909
6.109 0.00344897
6.11 0.00357918
6.111 0.00370973
6.112 0.0038406
6.113 0.0039718
6.114 0.00410332
6.115 0.00423517
6.116 0.00436735
6.117 0.00449985
6.118 0.00463268
6.119 0.00476583
6.12 0.0048993
6.121 0.0050331
6.122 0.00516721
6.123 0.00530165
6.124 0.00543641
6.125 0.0055715
6.126 0.0057069
6.127 0.00584263
6.128 0.00597867
6.129 0.00611503
6.13 0.00625171
6.131 0.0063887
6.132 0.00652599
6.133 0.00666359
6.134 0.0068015
6.135 0.00693971
6.136 0.00707823
6.137 0.00721705
6.138 0.00735616
6.139 0.00749558
6.14 0.00763529
6.141 0.0077753
6.142 0.0079156
6.143 0.00805619
6.144 0.00819707
6.145 0.00833823
6.146 0.00847968
6.147 0.00862141
6.148 0.00876342
6.149 0.00890571
6.15 0.00904828
6.151 0.00919113
6.152 0.00933425
6.153 0.00947764
6.154 0.00962131
6.155 0.00976525
6.156 0.00990946
6.157 0.0100539
6.158 0.0101987
6.159 0.0103437
6.16 0.010489
6.161 0.0106345
6.162 0.0107803
6.163 0.0109263
6.164 0.0110726
6.165 0.0112192
6.166 0.011366
6.167 0.0115131
6.168 0.0116604
6.169 0.0118079
6.17 0.0119557
6.171 0.0121037
6.172 0.012252
6.173 0.0124005
6.174 0.0125493
6.175 0.0126983
6.176 0.0128475
6.177 0.012997
6.178 0.0131467
6.179 0.0132966
6.18 0.0134467
6.181 0.0135971
6.182 0.0137476
6.183 0.0138985
6.184 0.0140495
6.185 0.0142007
6.186 0.0143522
6.187 0.0145038
6.188 0.0146557
6.189 0.0148078
6.19 0.0149601
6.191 0.0151126
6.192 0.0152653
6.193 0.0154182
6.194 0.0155713
6.195 0.0157246
6.196 0.0158781
6.197 0.0160318
6.198 0.0161857
6.199 0.0163398
6.2 0.0164941
6.201 0.0166485
6.202 0.0168031
6.203 0.016958
6.204 0.017113
6.205 0.0172681
6.206 0.0174235
6.207 0.017579
6.208 0.0177347
6.209 0.0178906
6.21 0.0180466
6.211 0.0182028
6.212 0.0183592
6.213 0.0185157
6.214 0.0186724
6.215 0.0188292
6.216 0.0189862
6.217 0.0191433
6.218 0.0193007
6.219 0.0194581
6.22 0.0196157
6.221 0.0197734
6.222 0.0199313
6.223 0.0200894
6.224 0.0202475
6.225 0.0204058
6.226 0.0205643
6.227 0.0207228
6.228 0.0208815
6.229 0.0210404
6.23 0.0211993
6.231 0.0213584
6.232 0.0215176
6.233 0.0216769
6.234 0.0218364
6.235 0.0219959
6.236 0.0221556
6.237 0.0223154
6.238 0.0224753
6.239 0.0226353
6.24 0.0227954
6.241 0.0229556
6.242 0.0231159
6.243 0.0232763
6.244 0.0234368
6.245 0.0235974
6.246 0.0237581
6.247 0.0239189
6.248 0.0240798
6.249 0.0242407
6.25 0.0244018
6.251 0.0245629
6.252 0.0247241
6.253 0.0248854
6.254 0.0250467
6.255 0.0252081
6.256 0.0253696
6.257 0.0255312
6.258 0.0256928
6.259 0.0258545
6.26 0.0260163
6.261 0.0261781
6.262 0.0263399
6.263 0.0265019
6.264 0.0266638
6.265 0.0268258
6.266 0.0269879
6.267 0.02715
6.268 0.0273122
6.269 0.0274744
6.27 0.0276366
6.271 0.0277989
6.272 0.0279612
6.273 0.0281236
6.274 0.0282859
6.275 0.0284483
6.276 0.0286107
6.277 0.0287732
6.278 0.0289356
6.279 0.0290981
6.28 0.0292606
6.281 0.0294231
6.282 0.0295857
6.283 0.0297482
6.284 0.0299107
6.285 0.0300733
6.286 0.0302358
6.287 0.0303983
6.288 0.0305609
6.289 0.0307234
6.29 0.0308859
6.291 0.0310485
6.292 0.031211
6.293 0.0313735
6.294 0.0315359
6.295 0.0316984
6.296 0.0318608
6.297 0.0320232
6.298 0.0321856
6.299 0.032348
6.3 0.0325103
6.301 0.0326726
6.302 0.0328348
6.303 0.0329971
6.304 0.0331592
6.305 0.0333214
6.306 0.0334835
6.307 0.0336455
6.308 0.0338075
6.309 0.0339694
6.31 0.0341313
6.311 0.0342931
6.312 0.0344549
6.313 0.0346166
6.314 0.0347783
6.315 0.0349398
6.316 0.0351013
6.317 0.0352628
6.318 0.0354241
6.319 0.0355854
6.32 0.0357466
6.321 0.0359078
6.322 0.0360688
6.323 0.0362297
6.324 0.0363906
6.325 0.0365514
6.326 0.0367121
6.327 0.0368727
6.328 0.0370332
6.329 0.0371935
6.33 0.0373538
6.331 0.037514
6.332 0.0376741
6.333 0.0378341
6.334 0.0379939
6.335 0.0381536
6.336 0.0383133
6.337 0.0384728
6.338 0.0386321
6.339 0.0387914
6.34 0.0389505
6.341 0.0391095
6.342 0.0392684
6.343 0.0394271
6.344 0.0395857
6.345 0.0397441
6.346 0.0399024
6.347 0.0400606
6.348 0.0402186
6.349 0.0403765
6.35 0.0405342
6.351 0.0406918
6.352 0.0408492
6.353 0.0410065
6.354 0.0411636
6.355 0.0413205
6.356 0.0414772
6.357 0.0416338
6.358 0.0417903
6.359 0.0419465
6.36 0.0421026
6.361 0.0422585
6.362 0.0424142
6.363 0.0425697
6.364 0.0427251
6.365 0.0428802
6.366 0.0430352
6.367 0.04319
6.368 0.0433446
6.369 0.0434989
6.37 0.0436531
6.371 0.0438071
6.372 0.0439609
6.373 0.0441145
6.374 0.0442678
6.375 0.044421
6.376 0.0445739
6.377 0.0447266
6.378 0.0448791
6.379 0.0450314
6.38 0.0451834
6.381 0.0453352
6.382 0.0454868
6.383 0.0456382
6.384 0.0457893
6.385 0.0459402
6.386 0.0460908
6.387 0.0462412
6.388 0.0463914
6.389 0.0465413
6.39 0.046691
6.391 0.0468404
6.392 0.0469895
6.393 0.0471384
6.394 0.0472871
6.395 0.0474354
6.396 0.0475836
6.397 0.0477314
6.398 0.047879
6.399 0.0480263
6.4 0.0481733
6.401 0.0483201
6.402 0.0484666
6.403 0.0486128
6.404 0.0487587
6.405 0.0489043
6.406 0.0490497
6.407 0.0491947
6.408 0.0493395
6.409 0.0494839
6.41 0.0496281
6.411 0.049772
6.412 0.0499155
6.413 0.0500588
6.414 0.0502017
6.415 0.0503443
6.416 0.0504867
6.417 0.0506287
6.418 0.0507704
6.419 0.0509117
6.42 0.0510528
6.421 0.0511935
6.422 0.0513339
6.423 0.051474
6.424 0.0516137
6.425 0.0517531
6.426 0.0518922
6.427 0.0520309
6.428 0.0521693
6.429 0.0523073
6.43 0.052445
6.431 0.0525824
6.432 0.0527193
6.433 0.052856
6.434 0.0529923
6.435 0.0531282
6.436 0.0532637
6.437 0.0533989
6.438 0.0535338
6.439 0.0536682
6.44 0.0538023
6.441 0.0539361
6.442 0.0540694
6.443 0.0542024
6.444 0.054335
6.445 0.0544672
6.446 0.054599
6.447 0.0547304
6.448 0.0548615
6.449 0.0549921
6.45 0.0551224
6.451 0.0552523
6.452 0.0553817
6.453 0.0555108
6.454 0.0556394
6.455 0.0557677
6.456 0.0558955
6.457 0.056023
6.458 0.05615
6.459 0.0562766
6.46 0.0564028
6.461 0.0565285
6.462 0.0566539
6.463 0.0567788
6.464 0.0569033
6.465 0.0570274
6.466 0.057151
6.467 0.0572742
6.468 0.0573969
6.469 0.0575193
6.47 0.0576411
6.471 0.0577626
6.472 0.0578836
6.473 0.0580041
6.474 0.0581242
6.475 0.0582438
6.476 0.058363
6.477 0.0584817
6.478 0.0586
6.479 0.0587178
6.48 0.0588351
6.481 0.058952
6.482 0.0590684
6.483 0.0591844
6.484 0.0592998
6.485 0.0594148
6.486 0.0595293
6.487 0.0596433
6.488 0.0597569
6.489 0.0598699
6.49 0.0599825
6.491 0.0600946
6.492 0.0602062
6.493 0.0603173
6.494 0.0604279
6.495 0.060538
6.496 0.0606476
6.497 0.0607567
6.498 0.0608653
6.499 0.0609734
6.5 0.061081
6.501 0.061188
6.502 0.0612946
6.503 0.0614006
6.504 0.0615062
6.505 0.0616112
6.506 0.0617156
6.507 0.0618196
6.508 0.061923
6.509 0.0620259
6.51 0.0621283
6.511 0.0622301
6.512 0.0623314
6.513 0.0624322
6.514 0.0625324
6.515 0.0626321
6.516 0.0627312
6.517 0.0628298
6.518 0.0629278
6.519 0.0630253
6.52 0.0631222
6.521 0.0632186
6.522 0.0633144
6.523 0.0634097
6.524 0.0635044
6.525 0.0635985
6.526 0.0636921
6.527 0.0637851
6.528 0.0638775
6.529 0.0639694
6.53 0.0640607
6.531 0.0641514
6.532 0.0642415
6.533 0.0643311
6.534 0.0644201
6.535 0.0645085
6.536 0.0645963
6.537 0.0646835
6.538 0.0647701
6.539 0.0648561
6.54 0.0649416
6.541 0.0650264
6.542 0.0651106
6.543 0.0651943
6.544 0.0652773
6.545 0.0653597
6.546 0.0654416
6.547 0.0655228
6.548 0.0656034
6.549 0.0656834
6.55 0.0657627
6.551 0.0658415
6.552 0.0659196
6.553 0.0659972
6.554 0.0660741
6.555 0.0661503
6.556 0.066226
6.557 0.066301
6.558 0.0663754
6.559 0.0664491
6.56 0.0665222
6.561 0.0665947
6.562 0.0666666
6.563 0.0667378
6.564 0.0668083
6.565 0.0668782
6.566 0.0669475
6.567 0.0670161
6.568 0.0670841
6.569 0.0671514
6.57 0.0672181
6.571 0.0672841
6.572 0.0673494
6.573 0.0674141
6.574 0.0674782
6.575 0.0675415
6.576 0.0676042
6.577 0.0676663
6.578 0.0677276
6.579 0.0677883
6.58 0.0678483
6.581 0.0679077
6.582 0.0679664
6.583 0.0680244
6.584 0.0680817
6.585 0.0681383
6.586 0.0681943
6.587 0.0682495
6.588 0.0683041
6.589 0.068358
6.59 0.0684112
6.591 0.0684637
6.592 0.0685155
6.593 0.0685666
6.594 0.0686171
6.595 0.0686668
6.596 0.0687158
6.597 0.0687641
6.598 0.0688117
6.599 0.0688586
6.6 0.0689048
6.601 0.0689503
6.602 0.0689951
6.603 0.0690392
6.604 0.0690825
6.605 0.0691252
6.606 0.0691671
6.607 0.0692083
6.608 0.0692488
6.609 0.0692885
6.61 0.0693275
6.611 0.0693658
6.612 0.0694034
6.613 0.0694403
6.614 0.0694764
6.615 0.0695118
6.616 0.0695464
6.617 0.0695803
6.618 0.0696135
6.619 0.0696459
6.62 0.0696776
6.621 0.0697086
6.622 0.0697388
6.623 0.0697683
6.624 0.069797
6.625 0.0698249
6.626 0.0698522
6.627 0.0698786
6.628 0.0699044
6.629 0.0699293
6.63 0.0699535
6.631 0.069977
6.632 0.0699997
6.633 0.0700216
6.634 0.0700428
6.635 0.0700632
6.636 0.0700828
6.637 0.0701017
6.638 0.0701198
6.639 0.0701371
6.64 0.0701537
6.641 0.0701695
6.642 0.0701845
6.643 0.0701988
6.644 0.0702122
6.645 0.0702249
6.646 0.0702368
6.647 0.070248
6.648 0.0702583
6.649 0.0702679
6.65 0.0702767
6.651 0.0702847
6.652 0.0702919
6.653 0.0702984
6.654 0.070304
6.655 0.0703088
6.656 0.0703129
6.657 0.0703162
6.658 0.0703186
6.659 0.0703203
6.66 0.0703212
6.661 0.0703213
6.662 0.0703205
6.663 0.070319
6.664 0.0703167
6.665 0.0703136
6.666 0.0703096
6.667 0.0703049
6.668 0.0702993
6.669 0.070293
6.67 0.0702858
6.671 0.0702779
6.672 0.0702691
6.673 0.0702595
6.674 0.0702491
6.675 0.0702379
6.676 0.0702258
6.677 0.070213
6.678 0.0701993
6.679 0.0701848
6.68 0.0701695
6.681 0.0701533
6.682 0.0701364
6.683 0.0701186
6.684 0.0701
6.685 0.0700806
6.686 0.0700603
6.687 0.0700392
6.688 0.0700173
6.689 0.0699946
6.69 0.069971
6.691 0.0699466
6.692 0.0699214
6.693 0.0698953
6.694 0.0698684
6.695 0.0698406
6.696 0.0698121
6.697 0.0697826
6.698 0.0697524
6.699 0.0697213
6.7 0.0696894
6.701 0.0696566
6.702 0.069623
6.703 0.0695885
6.704 0.0695532
6.705 0.0695171
6.706 0.0694801
6.707 0.0694422
6.708 0.0694036
6.709 0.069364
6.71 0.0693236
6.711 0.0692824
6.712 0.0692403
6.713 0.0691974
6.714 0.0691536
6.715 0.069109
6.716 0.0690635
6.717 0.0690171
6.718 0.0689699
6.719 0.0689219
6.72 0.068873
6.721 0.0688232
6.722 0.0687726
6.723 0.0687211
6.724 0.0686688
6.725 0.0686156
6.726 0.0685615
6.727 0.0685066
6.728 0.0684508
6.729 0.0683942
6.73 0.0683366
6.731 0.0682783
6.732 0.068219
6.733 0.068159
6.734 0.068098
6.735 0.0680362
6.736 0.0679735
6.737 0.0679099
6.738 0.0678455
6.739 0.0677802
6.74 0.067714
6.741 0.067647
6.742 0.0675791
6.743 0.0675103
6.744 0.0674407
6.745 0.0673702
6.746 0.0672988
6.747 0.0672265
6.748 0.0671534
6.749 0.0670794
6.75 0.0670045
6.751 0.0669288
6.752 0.0668522
6.753 0.0667747
6.754 0.0666963
6.755 0.0666171
6.756 0.066537
6.757 0.066456
6.758 0.0663742
6.759 0.0662914
6.76 0.0662078
6.761 0.0661233
6.762 0.066038
6.763 0.0659517
6.764 0.0658646
6.765 0.0657766
6.766 0.0656878
6.767 0.065598
6.768 0.0655074
6.769 0.0654159
6.77 0.0653235
6.771 0.0652302
6.772 0.0651361
6.773 0.0650411
6.774 0.0649452
6.775 0.0648484
6.776 0.0647508
6.777 0.0646523
6.778 0.0645529
6.779 0.0644526
6.78 0.0643514
6.781 0.0642494
6.782 0.0641464
6.783 0.0640426
6.784 0.063938
6.785 0.0638324
6.786 0.063726
6.787 0.0636187
6.788 0.0635105
6.789 0.0634014
6.79 0.0632914
6.791 0.0631806
6.792 0.0630689
6.793 0.0629563
6.794 0.0628429
6.795 0.0627285
6.796 0.0626133
6.797 0.0624972
6.798 0.0623802
6.799 0.0622624
6.8 0.0621436
6.801 0.062024
6.802 0.0619035
6.803 0.0617822
6.804 0.0616599
6.805 0.0615368
6.806 0.0614128
6.807 0.061288
6.808 0.0611622
6.809 0.0610356
6.81 0.0609081
6.811 0.0607797
6.812 0.0606505
6.813 0.0605204
6.814 0.0603894
6.815 0.0602575
6.816 0.0601248
6.817 0.0599912
6.818 0.0598567
6.819 0.0597214
6.82 0.0595852
6.821 0.0594481
6.822 0.0593101
6.823 0.0591713
6.824 0.0590316
6.825 0.058891
6.826 0.0587496
6.827 0.0586073
6.828 0.0584641
6.829 0.0583201
6.83 0.0581752
6.831 0.0580294
6.832 0.0578827
6.833 0.0577353
6.834 0.0575869
6.835 0.0574377
6.836 0.0572876
6.837 0.0571366
6.838 0.0569848
6.839 0.0568321
6.84 0.0566786
6.841 0.0565242
6.842 0.056369
6.843 0.0562129
6.844 0.0560559
6.845 0.0558981
6.846 0.0557394
6.847 0.0555799
6.848 0.0554195
6.849 0.0552583
6.85 0.0550962
6.851 0.0549332
6.852 0.0547694
6.853 0.0546048
6.854 0.0544393
6.855 0.0542729
6.856 0.0541058
6.857 0.0539377
6.858 0.0537688
6.859 0.0535991
6.86 0.0534286
6.861 0.0532572
6.862 0.0530849
6.863 0.0529118
6.864 0.0527379
6.865 0.0525631
6.866 0.0523875
6.867 0.0522111
6.868 0.0520338
6.869 0.0518557
6.87 0.0516767
6.871 0.0514969
6.872 0.0513163
6.873 0.0511349
6.874 0.0509526
6.875 0.0507695
6.876 0.0505856
6.877 0.0504008
6.878 0.0502152
6.879 0.0500288
6.88 0.0498416
6.881 0.0496536
6.882 0.0494647
6.883 0.049275
6.884 0.0490845
6.885 0.0488932
6.886 0.0487011
6.887 0.0485081
6.888 0.0483144
6.889 0.0481198
6.89 0.0479244
6.891 0.0477282
6.892 0.0475312
6.893 0.0473334
6.894 0.0471348
6.895 0.0469354
6.896 0.0467352
6.897 0.0465342
6.898 0.0463324
6.899 0.0461298
6.9 0.0459264
6.901 0.0457222
6.902 0.0455172
6.903 0.0453114
6.904 0.0451049
6.905 0.0448975
6.906 0.0446894
6.907 0.0444804
6.908 0.0442707
6.909 0.0440602
6.91 0.043849
6.911 0.0436369
6.912 0.0434241
6.913 0.0432105
6.914 0.0429961
6.915 0.0427809
6.916 0.042565
6.917 0.0423483
6.918 0.0421308
6.919 0.0419126
6.92 0.0416936
6.921 0.0414739
6.922 0.0412533
6.923 0.0410321
6.924 0.04081
6.925 0.0405872
6.926 0.0403637
6.927 0.0401394
6.928 0.0399144
6.929 0.0396886
6.93 0.039462
6.931 0.0392347
6.932 0.0390067
6.933 0.0387779
6.934 0.0385484
6.935 0.0383182
6.936 0.0380872
6.937 0.0378555
6.938 0.037623
6.939 0.0373898
6.94 0.0371559
6.941 0.0369213
6.942 0.0366859
6.943 0.0364499
6.944 0.0362131
6.945 0.0359755
6.946 0.0357373
6.947 0.0354984
6.948 0.0352587
6.949 0.0350183
6.95 0.0347773
6.951 0.0345355
6.952 0.034293
6.953 0.0340498
6.954 0.0338059
6.955 0.0335613
6.956 0.0333161
6.957 0.0330701
6.958 0.0328234
6.959 0.0325761
6.96 0.032328
6.961 0.0320793
6.962 0.0318299
6.963 0.0315798
6.964 0.0313291
6.965 0.0310776
6.966 0.0308255
6.967 0.0305727
6.968 0.0303193
6.969 0.0300651
6.97 0.0298104
6.971 0.0295549
6.972 0.0292988
6.973 0.0290421
6.974 0.0287846
6.975 0.0285266
6.976 0.0282678
6.977 0.0280085
6.978 0.0277485
6.979 0.0274878
6.98 0.0272265
6.981 0.0269646
6.982 0.026702
6.983 0.0264388
6.984 0.026175
6.985 0.0259105
6.986 0.0256454
6.987 0.0253797
6.988 0.0251134
6.989 0.0248464
6.99 0.0245788
6.991 0.0243107
6.992 0.0240419
6.993 0.0237725
6.994 0.0235024
6.995 0.0232318
6.996 0.0229606
6.997 0.0226888
6.998 0.0224164
6.999 0.0221434
7 0.0218698
7.001 0.0215956
7.002 0.0213209
7.003 0.0210455
7.004 0.0207696
7.005 0.0204931
7.006 0.020216
7.007 0.0199384
7.008 0.0196602
7.009 0.0193814
7.01 0.0191021
7.011 0.0188221
7.012 0.0185417
7.013 0.0182607
7.014 0.0179791
7.015 0.017697
7.016 0.0174143
7.017 0.0171311
7.018 0.0168473
7.019 0.016563
7.02 0.0162782
7.021 0.0159928
7.022 0.0157069
7.023 0.0154205
7.024 0.0151335
7.025 0.014846
7.026 0.014558
7.027 0.0142695
7.028 0.0139805
7.029 0.013691
7.03 0.013401
7.031 0.0131104
7.032 0.0128194
7.033 0.0125278
7.034 0.0122358
7.035 0.0119432
7.036 0.0116502
7.037 0.0113567
7.038 0.0110627
7.039 0.0107682
7.04 0.0104732
7.041 0.0101778
7.042 0.00988189
7.043 0.00958552
7.044 0.00928868
7.045 0.00899138
7.046 0.00869362
7.047 0.0083954
7.048 0.00809673
7.049 0.00779762
7.05 0.00749806
7.051 0.00719805
7.052 0.00689759
7.053 0.00659669
7.054 0.00629534
7.055 0.00599355
7.056 0.00569132
7.057 0.00538865
7.058 0.00508554
7.059 0.00478202
7.06 0.00447809
7.061 0.00417376
7.062 0.00386904
7.063 0.00356391
7.064 0.00325837
7.065 0.00295244
7.066 0.0026461
7.067 0.00233936
7.068 0.00203222
7.069 0.00172468
7.07 0.00141673
7.071 0.00110839
7.072 0.000799618
7.073 0.000490428
7.074 0.000180819
7.075 -0.000129207
7.076 -0.000439649
7.077 -0.000750503
7.078 -0.00106177
7.079 -0.00137343
7.08 -0.0016855
7.081 -0.001998
7.082 -0.00231092
7.083 -0.00262425
7.084 -0.002938
7.085 -0.00325216
7.086 -0.00356673
7.087 -0.00388169
7.088 -0.00419706
7.089 -0.00451281
7.09 -0.00482896
7.091 -0.00514549
7.092 -0.00546241
7.093 -0.00577969
7.094 -0.0060973
7.095 -0.00641526
7.096 -0.00673356
7.097 -0.0070522
7.098 -0.00737117
7.099 -0.00769048
7.1 -0.00801012
7.101 -0.00833009
7.102 -0.00865039
7.103 -0.00897103
7.104 -0.00929199
7.105 -0.00961329
7.106 -0.0099349
7.107 -0.0102568
7.108 -0.0105791
7.109 -0.0109016
7.11 -0.0112245
7.111 -0.0115477
7.112 -0.0118711
7.113 -0.0121949
7.114 -0.012519
7.115 -0.0128434
7.116 -0.013168
7.117 -0.013493
7.118 -0.0138182
7.119 -0.0141437
7.12 -0.0144694
7.121 -0.0147954
7.122 -0.0151217
7.123 -0.0154483
7.124 -0.0157751
7.125 -0.0161022
7.126 -0.0164295
7.127 -0.016757
7.128 -0.0170849
7.129 -0.0174129
7.13 -0.0177412
7.131 -0.0180697
7.132 -0.0183985
7.133 -0.0187274
7.134 -0.0190566
7.135 -0.019386
7.136 -0.0197157
7.137 -0.0200455
7.138 -0.0203756
7.139 -0.0207059
7.14 -0.0210363
7.141 -0.021367
7.142 -0.0216978
7.143 -0.0220289
7.144 -0.0223601
7.145 -0.0226915
7.146 -0.0230231
7.147 -0.0233549
7.148 -0.0236868
7.149 -0.024019
7.15 -0.0243512
7.151 -0.0246837
7.152 -0.0250163
7.153 -0.025349
7.154 -0.0256819
7.155 -0.0260149
7.156 -0.0263481
7.157 -0.0266814
7.158 -0.0270149
7.159 -0.0273485
7.16 -0.0276822
7.161 -0.028016
7.162 -0.02835
7.163 -0.0286841
7.164 -0.0290182
7.165 -0.0293525
7.166 -0.0296869
7.167 -0.0300214
7.168 -0.030356
7.169 -0.0306907
7.17 -0.0310255
7.171 -0.0313603
7.172 -0.0316953
7.173 -0.0320303
7.174 -0.0323654
7.175 -0.0327005
7.176 -0.0330358
7.177 -0.033371
7.178 -0.0337064
7.179 -0.0340418
7.18 -0.0343772
7.181 -0.0347127
7.182 -0.0350483
7.183 -0.0353839
7.184 -0.0357195
7.185 -0.0360551
7.186 -0.0363908
7.187 -0.0367265
7.188 -0.0370622
7.189 -0.0373979
7.19 -0.0377337
7.191 -0.0380695
7.192 -0.0384052
7.193 -0.038741
7.194 -0.0390767
7.195 -0.0394125
7.196 -0.0397482
7.197 -0.040084
7.198 -0.0404197
7.199 -0.0407554
7.2 -0.041091
7.201 -0.0414267
7.202 -0.0417623
7.203 -0.0420978
7.204 -0.0424334
7.205 -0.0427688
7.206 -0.0431043
7.207 -0.0434396
7.208 -0.0437749
7.209 -0.0441102
7.21 -0.0444454
7.211 -0.0447805
7.212 -0.0451155
7.213 -0.0454505
7.214 -0.0457854
7.215 -0.0461202
7.216 -0.0464549
7.217 -0.0467895
7.218 -0.0471241
7.219 -0.0474585
7.22 -0.0477928
7.221 -0.048127
7.222 -0.0484611
7.223 -0.0487951
7.224 -0.0491289
7.225 -0.0494627
7.226 -0.0497963
7.227 -0.0501297
7.228 -0.0504631
7.229 -0.0507962
7.23 -0.0511293
7.231 -0.0514622
7.232 -0.0517949
7.233 -0.0521275
7.234 -0.0524599
7.235 -0.0527922
7.236 -0.0531243
7.237 -0.0534562
7.238 -0.0537879
7.239 -0.0541195
7.24 -0.0544508
7.241 -0.054782
7.242 -0.055113
7.243 -0.0554438
7.244 -0.0557744
7.245 -0.0561048
7.246 -0.0564349
7.247 -0.0567649
7.248 -0.0570946
7.249 -0.0574242
7.25 -0.0577535
7.251 -0.0580825
7.252 -0.0584113
7.253 -0.0587399
7.254 -0.0590683
7.255 -0.0593964
7.256 -0.0597242
7.257 -0.0600518
7.258 -0.0603792
7.259 -0.0607063
7.26 -0.0610331
7.261 -0.0613596
7.262 -0.0616859
7.263 -0.0620119
7.264 -0.0623376
7.265 -0.062663
7.266 -0.0629882
7.267 -0.063313
7.268 -0.0636375
7.269 -0.0639618
7.27 -0.0642857
7.271 -0.0646093
7.272 -0.0649326
7.273 -0.0652556
7.274 -0.0655783
7.275 -0.0659006
7.276 -0.0662226
7.277 -0.0665443
7.278 -0.0668656
7.279 -0.0671866
7.28 -0.0675072
7.281 -0.0678275
7.282 -0.0681474
7.283 -0.068467
7.284 -0.0687862
7.285 -0.0691051
7.286 -0.0694235
7.287 -0.0697416
7.288 -0.0700593
7.289 -0.0703766
7.29 -0.0706936
7.291 -0.0710101
7.292 -0.0713263
7.293 -0.071642
7.294 -0.0719574
7.295 -0.0722723
7.296 -0.0725868
7.297 -0.0729009
7.298 -0.0732146
7.299 -0.0735279
7.3 -0.0738407
7.301 -0.0741531
7.302 -0.074465
7.303 -0.0747765
7.304 -0.0750876
7.305 -0.0753982
7.306 -0.0757084
7.307 -0.0760181
7.308 -0.0763273
7.309 -0.0766361
7.31 -0.0769444
7.311 -0.0772522
7.312 -0.0775596
7.313 -0.0778664
7.314 -0.0781728
7.315 -0.0784787
7.316 -0.0787841
7.317 -0.0790889
7.318 -0.0793933
7.319 -0.0796972
7.32 -0.0800006
7.321 -0.0803034
7.322 -0.0806057
7.323 -0.0809075
7.324 -0.0812088
7.325 -0.0815095
7.326 -0.0818097
7.327 -0.0821094
7.328 -0.0824085
7.329 -0.0827071
7.33 -0.0830051
7.331 -0.0833025
7.332 -0.0835994
7.333 -0.0838957
7.334 -0.0841915
7.335 -0.0844866
7.336 -0.0847812
7.337 -0.0850753
7.338 -0.0853687
7.339 -0.0856615
7.34 -0.0859538
7.341 -0.0862454
7.342 -0.0865364
7.343 -0.0868269
7.344 -0.0871167
7.345 -0.0874059
7.346 -0.0876945
7.347 -0.0879824
7.348 -0.0882697
7.349 -0.0885564
7.35 -0.0888425
7.351 -0.0891279
7.352 -0.0894127
7.353 -0.0896968
7.354 -0.0899802
7.355 -0.090263
7.356 -0.0905452
7.357 -0.0908267
7.358 -0.0911075
7.359 -0.0913876
7.36 -0.091667
7.361 -0.0919458
7.362 -0.0922239
7.363 -0.0925013
7.364 -0.092778
7.365 -0.093054
7.366 -0.0933292
7.367 -0.0936038
7.368 -0.0938777
7.369 -0.0941508
7.37 -0.0944233
7.371 -0.094695
7.372 -0.0949659
7.373 -0.0952362
7.374 -0.0955057
7.375 -0.0957744
7.376 -0.0960424
7.377 -0.0963097
7.378 -0.0965762
7.379 -0.096842
7.38 -0.0971069
7.381 -0.0973712
7.382 -0.0976346
7.383 -0.0978973
7.384 -0.0981592
7.385 -0.0984203
7.386 -0.0986806
7.387 -0.0989401
7.388 -0.0991989
7.389 -0.0994568
7.39 -0.0997139
7.391 -0.0999702
7.392 -0.100226
7.393 -0.10048
7.394 -0.100734
7.395 -0.100987
7.396 -0.101239
7.397 -0.101491
7.398 -0.101741
7.399 -0.101991
7.4 -0.10224
7.401 -0.102488
7.402 -0.102735
7.403 -0.102981
7.404 -0.103227
7.405 -0.103471
7.406 -0.103715
7.407 -0.103958
7.408 -0.1042
7.409 -0.104441
7.41 -0.104681
7.411 -0.10492
7.412 -0.105158
7.413 -0.105396
7.414 -0.105632
7.415 -0.105868
7.416 -0.106103
7.417 -0.106336
7.418 -0.106569
7.419 -0.106801
7.42 -0.107032
7.421 -0.107262
7.422 -0.107491
7.423 -0.10772
7.424 -0.107947
7.425 -0.108173
7.426 -0.108398
7.427 -0.108623
7.428 -0.108846
7.429 -0.109069
7.43 -0.10929
7.431 -0.109511
7.432 -0.10973
7.433 -0.109949
7.434 -0.110166
7.435 -0.110383
7.436 -0.110598
7.437 -0.110813
7.438 -0.111026
7.439 -0.111239
7.44 -0.11145
7.441 -0.111661
7.442 -0.11187
7.443 -0.112078
7.444 -0.112286
7.445 -0.112492
7.446 -0.112697
7.447 -0.112902
7.448 -0.113105
7.449 -0.113307
7.45 -0.113508
7.451 -0.113708
7.452 -0.113907
7.453 -0.114105
7.454 -0.114302
7.455 -0.114497
7.456 -0.114692
7.457 -0.114885
7.458 -0.115078
7.459 -0.115269
7.46 -0.11546
7.461 -0.115649
7.462 -0.115837
7.463 -0.116024
7.464 -0.116209
7.465 -0.116394
7.466 -0.116578
7.467 -0.11676
7.468 -0.116941
7.469 -0.117122
7.47 -0.117301
7.471 -0.117478
7.472 -0.117655
7.473 -0.117831
7.474 -0.118005
7.475 -0.118178
7.476 -0.11835
7.477 -0.118521
7.478 -0.118691
7.479 -0.118859
7.48 -0.119027
7.481 -0.119193
7.482 -0.119358
7.483 -0.119522
7.484 -0.119684
7.485 -0.119846
7.486 -0.120006
7.487 -0.120165
7.488 -0.120322
7.489 -0.120479
7.49 -0.120634
7.491 -0.120788
7.492 -0.120941
7.493 -0.121092
7.494 -0.121243
7.495 -0.121392
7.496 -0.121539
7.497 -0.121686
7.498 -0.121831
7.499 -0.121975
7.5 -0.122118
7.501 -0.122259
7.502 -0.1224
7.503 -0.122539
7.504 -0.122676
7.505 -0.122813
7.506 -0.122948
7.507 -0.123081
7.508 -0.123214
7.509 -0.123345
7.51 -0.123475
7.511 -0.123603
7.512 -0.12373
7.513 -0.123856
7.514 -0.123981
7.515 -0.124104
7.516 -0.124226
7.517 -0.124346
7.518 -0.124466
7.519 -0.124583
7.52 -0.1247
7.521 -0.124815
7.522 -0.124929
7.523 -0.125041
7.524 -0.125152
7.525 -0.125262
7.526 -0.12537
7.527 -0.125477
7.528 -0.125583
7.529 -0.125687
7.53 -0.12579
7.531 -0.125891
7.532 -0.125991
7.533 -0.12609
7.534 -0.126187
7.535 -0.126282
7.536 -0.126377
7.537 -0.12647
7.538 -0.126561
7.539 -0.126651
7.54 -0.12674
7.541 -0.126827
7.542 -0.126913
7.543 -0.126997
7.544 -0.12708
7.545 -0.127161
7.546 -0.127241
7.547 -0.12732
7.548 -0.127397
7.549 -0.127472
7.55 -0.127547
7.551 -0.127619
7.552 -0.12769
7.553 -0.12776
7.554 -0.127828
7.555 -0.127895
7.556 -0.12796
7.557 -0.128024
7.558 -0.128086
7.559 -0.128147
7.56 -0.128206
7.561 -0.128263
7.562 -0.12832
7.563 -0.128374
7.564 -0.128427
7.565 -0.128479
7.566 -0.128529
7.567 -0.128578
7.568 -0.128625
7.569 -0.12867
7.57 -0.128714
7.571 -0.128756
7.572 -0.128797
7.573 -0.128836
7.574 -0.128874
7.575 -0.12891
7.576 -0.128945
7.577 -0.128978
7.578 -0.129009
7.579 -0.129039
7.58 -0.129067
7.581 -0.129094
7.582 -0.129119
7.583 -0.129143
7.584 -0.129165
7.585 -0.129185
7.586 -0.129204
7.587 -0.129221
7.588 -0.129236
7.589 -0.12925
7.59 -0.129262
7.591 -0.129273
7.592 -0.129282
7.593 -0.129289
7.594 -0.129295
7.595 -0.129299
7.596 -0.129302
7.597 -0.129303
7.598 -0.129302
7.599 -0.1293
7.6 -0.129296
7.601 -0.12929
7.602 -0.129283
7.603 -0.129274
7.604 -0.129263
7.605 -0.129251
7.606 -0.129237
7.607 -0.129221
7.608 -0.129203
7.609 -0.129184
7.61 -0.129164
7.611 -0.129141
7.612 -0.129117
7.613 -0.129092
7.614 -0.129064
7.615 -0.129035
7.616 -0.129004
7.617 -0.128972
7.618 -0.128937
7.619 -0.128901
7.62 -0.128864
7.621 -0.128824
7.622 -0.128783
7.623 -0.128741
7.624 -0.128696
7.625 -0.12865
7.626 -0.128602
7.627 -0.128552
7.628 -0.128501
7.629 -0.128448
7.63 -0.128393
7.631 -0.128336
7.632 -0.128278
7.633 -0.128218
7.634 -0.128156
7.635 -0.128092
7.636 -0.128027
7.637 -0.12796
7.638 -0.127891
7.639 -0.12782
7.64 -0.127748
7.641 -0.127674
7.642 -0.127598
7.643 -0.12752
7.644 -0.127441
7.645 -0.12736
7.646 -0.127277
7.647 -0.127192
7.648 -0.127105
7.649 -0.127017
7.65 -0.126927
7.651 -0.126835
7.652 -0.126741
7.653 -0.126646
7.654 -0.126549
7.655 -0.12645
7.656 -0.126349
7.657 -0.126246
7.658 -0.126142
7.659 -0.126036
7.66 -0.125927
7.661 -0.125818
7.662 -0.125706
7.663 -0.125592
7.664 -0.125477
7.665 -0.12536
7.666 -0.125241
7.667 -0.12512
7.668 -0.124998
7.669 -0.124874
7.67 -0.124747
7.671 -0.124619
7.672 -0.124489
7.673 -0.124358
7.674 -0.124224
7.675 -0.124089
7.676 -0.123952
7.677 -0.123813
7.678 -0.123672
7.679 -0.123529
7.68 -0.123385
7.681 -0.123239
7.682 -0.12309
7.683 -0.12294
7.684 -0.122788
7.685 -0.122635
7.686 -0.122479
7.687 -0.122322
7.688 -0.122163
7.689 -0.122001
7.69 -0.121839
7.691 -0.121674
7.692 -0.121507
7.693 -0.121339
7.694 -0.121168
7.695 -0.120996
7.696 -0.120822
7.697 -0.120646
7.698 -0.120468
7.699 -0.120289
7.7 -0.120107
7.701 -0.119924
7.702 -0.119739
7.703 -0.119551
7.704 -0.119363
7.705 -0.119172
7.706 -0.118979
7.707 -0.118785
7.708 -0.118588
7.709 -0.11839
7.71 -0.11819
7.711 -0.117988
7.712 -0.117784
7.713 -0.117578
7.714 -0.117371
7.715 -0.117161
7.716 -0.11695
7.717 -0.116737
7.718 -0.116522
7.719 -0.116305
7.72 -0.116086
7.721 -0.115865
7.722 -0.115643
7.723 -0.115418
7.724 -0.115192
7.725 -0.114964
7.726 -0.114734
7.727 -0.114502
7.728 -0.114268
7.729 -0.114032
7.73 -0.113795
7.731 -0.113556
7.732 -0.113314
7.733 -0.113071
7.734 -0.112826
7.735 -0.112579
7.736 -0.112331
7.737 -0.11208
7.738 -0.111828
7.739 -0.111573
7.74 -0.111317
7.741 -0.111059
7.742 -0.110799
7.743 -0.110538
7.744 -0.110274
7.745 -0.110008
7.746 -0.109741
7.747 -0.109472
7.748 -0.109201
7.749 -0.108928
7.75 -0.108653
7.751 -0.108376
7.752 -0.108098
7.753 -0.107818
7.754 -0.107535
7.755 -0.107251
7.756 -0.106965
7.757 -0.106678
7.758 -0.106388
7.759 -0.106096
7.76 -0.105803
7.761 -0.105508
7.762 -0.105211
7.763 -0.104912
7.764 -0.104611
7.765 -0.104309
7.766 -0.104004
7.767 -0.103698
7.768 -0.10339
7.769 -0.10308
7.77 -0.102768
7.771 -0.102455
7.772 -0.102139
7.773 -0.101822
7.774 -0.101503
7.775 -0.101182
7.776 -0.100859
7.777 -0.100535
7.778 -0.100209
7.779 -0.0998804
7.78 -0.0995504
7.781 -0.0992185
7.782 -0.0988849
7.783 -0.0985494
7.784 -0.0982122
7.785 -0.0978731
7.786 -0.0975322
7.787 -0.0971895
7.788 -0.096845
7.789 -0.0964988
7.79 -0.0961507
7.791 -0.0958008
7.792 -0.0954491
7.793 -0.0950956
7.794 -0.0947404
7.795 -0.0943834
7.796 -0.0940245
7.797 -0.0936639
7.798 -0.0933015
7.799 -0.0929374
7.8 -0.0925714
7.801 -0.0922037
7.802 -0.0918343
7.803 -0.091463
7.804 -0.09109
7.805 -0.0907152
7.806 -0.0903387
7.807 -0.0899604
7.808 -0.0895804
7.809 -0.0891986
7.81 -0.0888151
7.811 -0.0884298
7.812 -0.0880428
7.813 -0.0876541
7.814 -0.0872636
7.815 -0.0868714
7.816 -0.0864774
7.817 -0.0860817
7.818 -0.0856843
7.819 -0.0852852
7.82 -0.0848844
7.821 -0.0844818
7.822 -0.0840776
7.823 -0.0836716
7.824 -0.0832639
7.825 -0.0828546
7.826 -0.0824435
7.827 -0.0820308
7.828 -0.0816163
7.829 -0.0812002
7.83 -0.0807824
7.831 -0.0803629
7.832 -0.0799417
7.833 -0.0795189
7.834 -0.0790944
7.835 -0.0786682
7.836 -0.0782404
7.837 -0.0778109
7.838 -0.0773797
7.839 -0.0769469
7.84 -0.0765125
7.841 -0.0760764
7.842 -0.0756387
7.843 -0.0751994
7.844 -0.0747584
7.845 -0.0743158
7.846 -0.0738716
7.847 -0.0734258
7.848 -0.0729783
7.849 -0.0725293
7.85 -0.0720786
7.851 -0.0716264
7.852 -0.0711725
7.853 -0.0707171
7.854 -0.07026
7.855 -0.0698014
7.856 -0.0693412
7.857 -0.0688794
7.858 -0.0684161
7.859 -0.0679512
7.86 -0.0674848
7.861 -0.0670167
7.862 -0.0665472
7.863 -0.066076
7.864 -0.0656034
7.865 -0.0651292
7.866 -0.0646535
7.867 -0.0641762
7.868 -0.0636974
7.869 -0.0632171
7.87 -0.0627353
7.871 -0.062252
7.872 -0.0617672
7.873 -0.0612808
7.874 -0.060793
7.875 -0.0603037
7.876 -0.0598129
7.877 -0.0593206
7.878 -0.0588269
7.879 -0.0583317
7.88 -0.057835
7.881 -0.0573368
7.882 -0.0568373
7.883 -0.0563362
7.884 -0.0558337
7.885 -0.0553298
7.886 -0.0548245
7.887 -0.0543177
7.888 -0.0538095
7.889 -0.0532999
7.89 -0.0527888
7.891 -0.0522764
7.892 -0.0517626
7.893 -0.0512473
7.894 -0.0507307
7.895 -0.0502127
7.896 -0.0496934
7.897 -0.0491726
7.898 -0.0486505
7.899 -0.048127
7.9 -0.0476022
7.901 -0.047076
7.902 -0.0465485
7.903 -0.0460196
7.904 -0.0454894
7.905 -0.0449579
7.906 -0.0444251
7.907 -0.0438909
7.908 -0.0433555
7.909 -0.0428187
7.91 -0.0422807
7.911 -0.0417413
7.912 -0.0412007
7.913 -0.0406587
7.914 -0.0401156
7.915 -0.0395711
7.916 -0.0390254
7.917 -0.0384784
7.918 -0.0379302
7.919 -0.0373808
7.92 -0.0368301
7.921 -0.0362781
7.922 -0.035725
7.923 -0.0351706
7.924 -0.034615
7.925 -0.0340583
7.926 -0.0335003
7.927 -0.0329411
7.928 -0.0323808
7.929 -0.0318192
7.93 -0.0312566
7.931 -0.0306927
7.932 -0.0301277
7.933 -0.0295615
7.934 -0.0289942
7.935 -0.0284257
7.936 -0.0278561
7.937 -0.0272853
7.938 -0.0267135
7.939 -0.0261405
7.94 -0.0255665
7.941 -0.0249913
7.942 -0.024415
7.943 -0.0238377
7.944 -0.0232592
7.945 -0.0226797
7.946 -0.0220991
7.947 -0.0215175
7.948 -0.0209348
7.949 -0.0203511
7.95 -0.0197664
7.951 -0.0191806
7.952 -0.0185939
7.953 -0.0180061
7.954 -0.0174173
7.955 -0.0168275
7.956 -0.0162366
7.957 -0.0156448
7.958 -0.0150519
7.959 -0.0144581
7.96 -0.0138633
7.961 -0.0132675
7.962 -0.0126708
7.963 -0.0120731
7.964 -0.0114744
7.965 -0.0108748
7.966 -0.0102742
7.967 -0.00967272
7.968 -0.00907028
7.969 -0.00846698
7.97 -0.00786284
7.971 -0.00725784
7.972 -0.006652
7.973 -0.00604529
7.974 -0.00543773
7.975 -0.00482931
7.976 -0.00422004
7.977 -0.0036099
7.978 -0.00299883
7.979 -0.00238684
7.98 -0.00177394
7.981 -0.00116014
7.982 -0.000545439
7.983 7.01703e-05
7.984 0.00068668
7.985 0.00130409
7.986 0.00192242
7.987 0.00254165
7.988 0.00316178
7.989 0.0037828
7.99 0.0044047
7.991 0.00502747
7.992 0.00565118
7.993 0.00627583
7.994 0.0069014
7.995 0.00752788
7.996 0.00815526
7.997 0.00878352
7.998 0.00941266
7.999 0.0100427
8 0.0106735
8.001 0.0113051
8.002 0.0119374
8.003 0.0125705
8.004 0.0132044
8.005 0.0138389
8.006 0.0144743
8.007 0.0151103
8.008 0.0157471
8.009 0.0163847
8.01 0.0170229
8.011 0.0176618
8.012 0.0183014
8.013 0.0189417
8.014 0.0195827
8.015 0.0202244
8.016 0.0208668
8.017 0.0215099
8.018 0.0221537
8.019 0.0227981
8.02 0.0234432
8.021 0.024089
8.022 0.0247354
8.023 0.0253825
8.024 0.0260302
8.025 0.0266785
8.026 0.0273275
8.027 0.027977
8.028 0.0286271
8.029 0.0292779
8.03 0.0299292
8.031 0.0305811
8.032 0.0312335
8.033 0.0318865
8.034 0.0325401
8.035 0.0331941
8.036 0.0338488
8.037 0.0345039
8.038 0.0351596
8.039 0.0358158
8.04 0.0364725
8.041 0.0371296
8.042 0.0377873
8.043 0.0384455
8.044 0.0391041
8.045 0.0397632
8.046 0.0404228
8.047 0.0410828
8.048 0.0417433
8.049 0.0424042
8.05 0.0430656
8.051 0.0437273
8.052 0.0443895
8.053 0.0450521
8.054 0.0457151
8.055 0.0463785
8.056 0.0470423
8.057 0.0477064
8.058 0.048371
8.059 0.0490358
8.06 0.0497011
8.061 0.0503667
8.062 0.0510326
8.063 0.0516989
8.064 0.0523655
8.065 0.0530324
8.066 0.0536996
8.067 0.0543671
8.068 0.0550349
8.069 0.0557031
8.07 0.0563715
8.071 0.0570401
8.072 0.0577091
8.073 0.0583782
8.074 0.0590477
8.075 0.0597174
8.076 0.0603873
8.077 0.0610575
8.078 0.0617279
8.079 0.0623985
8.08 0.0630693
8.081 0.0637403
8.082 0.0644115
8.083 0.0650829
8.084 0.0657544
8.085 0.0664262
8.086 0.0670981
8.087 0.0677702
8.088 0.0684424
8.089 0.0691147
8.09 0.0697872
8.091 0.0704598
8.092 0.0711326
8.093 0.0718055
8.094 0.0724784
8.095 0.0731515
8.096 0.0738247
8.097 0.0744979
8.098 0.0751712
8.099 0.0758446
8.1 0.0765181
8.101 0.0771916
8.102 0.0778652
8.103 0.0785388
8.104 0.0792125
8.105 0.0798862
8.106 0.0805599
8.107 0.0812336
8.108 0.0819073
8.109 0.0825811
8.11 0.0832548
8.111 0.0839285
8.112 0.0846022
8.113 0.0852759
8.114 0.0859496
8.115 0.0866232
8.116 0.0872967
8.117 0.0879702
8.118 0.0886437
8.119 0.0893171
8.12 0.0899904
8.121 0.0906636
8.122 0.0913368
8.123 0.0920098
8.124 0.0926828
8.125 0.0933556
8.126 0.0940283
8.127 0.0947009
8.128 0.0953734
8.129 0.0960458
8.13 0.096718
8.131 0.09739
8.132 0.0980619
8.133 0.0987337
8.134 0.0994052
8.135 0.100077
8.136 0.100748
8.137 0.101419
8.138 0.10209
8.139 0.10276
8.14 0.103431
8.141 0.104101
8.142 0.104771
8.143 0.105441
8.144 0.10611
8.145 0.10678
8.146 0.107449
8.147 0.108118
8.148 0.108786
8.149 0.109454
8.15 0.110122
8.151 0.11079
8.152 0.111458
8.153 0.112125
8.154 0.112792
8.155 0.113458
8.156 0.114125
8.157 0.114791
8.158 0.115456
8.159 0.116121
8.16 0.116786
8.161 0.117451
8.162 0.118115
8.163 0.118779
8.164 0.119443
8.165 0.120106
8.166 0.120769
8.167 0.121431
8.168 0.122094
8.169 0.122755
8.17 0.123417
8.171 0.124077
8.172 0.124738
8.173 0.125398
8.174 0.126058
8.175 0.126717
8.176 0.127376
8.177 0.128034
8.178 0.128692
8.179 0.12935
8.18 0.130007
8.181 0.130663
8.182 0.131319
8.183 0.131975
8.184 0.13263
8.185 0.133285
8.186 0.133939
8.187 0.134593
8.188 0.135246
8.189 0.135899
8.19 0.136551
8.191 0.137203
8.192 0.137854
8.193 0.138504
8.194 0.139155
8.195 0.139804
8.196 0.140453
8.197 0.141102
8.198 0.14175
8.199 0.142397
8.2 0.143044
8.201 0.14369
8.202 0.144336
8.203 0.144981
8.204 0.145625
8.205 0.146269
8.206 0.146912
8.207 0.147555
8.208 0.148197
8.209 0.148838
8.21 0.149479
8.211 0.150119
8.212 0.150759
8.213 0.151398
8.214 0.152036
8.215 0.152674
8.216 0.153311
8.217 0.153947
8.218 0.154582
8.219 0.155217
8.22 0.155852
8.221 0.156485
8.222 0.157118
8.223 0.157751
8.224 0.158382
8.225 0.159013
8.226 0.159643
8.227 0.160272
8.228 0.160901
8.229 0.161529
8.23 0.162156
8.231 0.162783
8.232 0.163409
8.233 0.164034
8.234 0.164658
8.235 0.165281
8.236 0.165904
8.237 0.166526
8.238 0.167148
8.239 0.167768
8.24 0.168388
8.241 0.169007
8.242 0.169625
8.243 0.170242
8.244 0.170859
8.245 0.171474
8.246 0.172089
8.247 0.172703
8.248 0.173317
8.249 0.173929
8.25 0.174541
8.251 0.175152
8.252 0.175761
8.253 0.176371
8.254 0.176979
8.255 0.177586
8.256 0.178193
8.257 0.178799
8.258 0.179403
8.259 0.180007
8.26 0.18061
8.261 0.181213
8.262 0.181814
8.263 0.182414
8.264 0.183014
8.265 0.183613
8.266 0.18421
8.267 0.184807
8.268 0.185403
8.269 0.185998
8.27 0.186592
8.271 0.187185
8.272 0.187777
8.273 0.188369
8.274 0.188959
8.275 0.189548
8.276 0.190137
8.277 0.190724
8.278 0.191311
8.279 0.191896
8.28 0.192481
8.281 0.193064
8.282 0.193647
8.283 0.194228
8.284 0.194809
8.285 0.195389
8.286 0.195967
8.287 0.196545
8.288 0.197122
8.289 0.197697
8.29 0.198272
8.291 0.198845
8.292 0.199418
8.293 0.199989
8.294 0.20056
8.295 0.201129
8.296 0.201698
8.297 0.202265
8.298 0.202831
8.299 0.203396
8.3 0.203961
8.301 0.204524
8.302 0.205086
8.303 0.205647
8.304 0.206207
8.305 0.206765
8.306 0.207323
8.307 0.20788
8.308 0.208435
8.309 0.208989
8.31 0.209543
8.311 0.210095
8.312 0.210646
8.313 0.211196
8.314 0.211745
8.315 0.212292
8.316 0.212839
8.317 0.213384
8.318 0.213929
8.319 0.214472
8.32 0.215014
8.321 0.215554
8.322 0.216094
8.323 0.216632
8.324 0.21717
8.325 0.217706
8.326 0.218241
8.327 0.218774
8.328 0.219307
8.329 0.219838
8.33 0.220369
8.331 0.220898
8.332 0.221425
8.333 0.221952
8.334 0.222477
8.335 0.223001
8.336 0.223524
8.337 0.224046
8.338 0.224566
8.339 0.225085
8.34 0.225603
8.341 0.22612
8.342 0.226635
8.343 0.22715
8.344 0.227662
8.345 0.228174
8.346 0.228684
8.347 0.229194
8.348 0.229701
8.349 0.230208
8.35 0.230713
8.351 0.231217
8.352 0.23172
8.353 0.232221
8.354 0.232721
8.355 0.23322
8.356 0.233717
8.357 0.234213
8.358 0.234708
8.359 0.235202
8.36 0.235694
8.361 0.236184
8.362 0.236674
8.363 0.237162
8.364 0.237649
8.365 0.238134
8.366 0.238618
8.367 0.239101
8.368 0.239582
8.369 0.240062
8.37 0.24054
8.371 0.241018
8.372 0.241493
8.373 0.241968
8.374 0.242441
8.375 0.242912
8.376 0.243382
8.377 0.243851
8.378 0.244318
8.379 0.244784
8.38 0.245249
8.381 0.245712
8.382 0.246173
8.383 0.246634
8.384 0.247092
8.385 0.24755
8.386 0.248005
8.387 0.24846
8.388 0.248913
8.389 0.249364
8.39 0.249814
8.391 0.250263
8.392 0.25071
8.393 0.251155
8.394 0.251599
8.395 0.252042
8.396 0.252483
8.397 0.252922
8.398 0.25336
8.399 0.253797
8.4 0.254232
8.401 0.254665
8.402 0.255097
8.403 0.255528
8.404 0.255957
8.405 0.256384
8.406 0.25681
8.407 0.257234
8.408 0.257656
8.409 0.258078
8.41 0.258497
8.411 0.258915
8.412 0.259331
8.413 0.259746
8.414 0.260159
8.415 0.260571
8.416 0.260981
8.417 0.261389
8.418 0.261796
8.419 0.262201
8.42 0.262605
8.421 0.263007
8.422 0.263407
8.423 0.263806
8.424 0.264203
8.425 0.264598
8.426 0.264992
8.427 0.265384
8.428 0.265774
8.429 0.266163
8.43 0.26655
8.431 0.266936
8.432 0.267319
8.433 0.267701
8.434 0.268082
8.435 0.26846
8.436 0.268837
8.437 0.269212
8.438 0.269586
8.439 0.269957
8.44 0.270327
8.441 0.270696
8.442 0.271062
8.443 0.271427
8.444 0.27179
8.445 0.272151
8.446 0.272511
8.447 0.272869
8.448 0.273225
8.449 0.273579
8.45 0.273931
8.451 0.274282
8.452 0.274631
8.453 0.274978
8.454 0.275323
8.455 0.275666
8.456 0.276008
8.457 0.276348
8.458 0.276685
8.459 0.277021
8.46 0.277356
8.461 0.277688
8.462 0.278019
8.463 0.278347
8.464 0.278674
8.465 0.278999
8.466 0.279322
8.467 0.279643
8.468 0.279962
8.469 0.28028
8.47 0.280595
8.471 0.280908
8.472 0.28122
8.473 0.28153
8.474 0.281837
8.475 0.282143
8.476 0.282447
8.477 0.282749
8.478 0.283049
8.479 0.283347
8.48 0.283643
8.481 0.283936
8.482 0.284228
8.483 0.284518
8.484 0.284806
8.485 0.285092
8.486 0.285376
8.487 0.285658
8.488 0.285938
8.489 0.286216
8.49 0.286492
8.491 0.286766
8.492 0.287037
8.493 0.287307
8.494 0.287575
8.495 0.28784
8.496 0.288104
8.497 0.288365
8.498 0.288624
8.499 0.288881
8.5 0.289136
8.501 0.289389
8.502 0.28964
8.503 0.289888
8.504 0.290135
8.505 0.290379
8.506 0.290621
8.507 0.290861
8.508 0.291099
8.509 0.291335
8.51 0.291568
8.511 0.291799
8.512 0.292028
8.513 0.292255
8.514 0.292479
8.515 0.292702
8.516 0.292922
8.517 0.29314
8.518 0.293355
8.519 0.293569
8.52 0.29378
8.521 0.293988
8.522 0.294195
8.523 0.294399
8.524 0.294601
8.525 0.2948
8.526 0.294997
8.527 0.295192
8.528 0.295385
8.529 0.295575
8.53 0.295763
8.531 0.295948
8.532 0.296131
8.533 0.296312
8.534 0.29649
8.535 0.296666
8.536 0.29684
8.537 0.297011
8.538 0.297179
8.539 0.297346
8.54 0.297509
8.541 0.297671
8.542 0.29783
8.543 0.297986
8.544 0.29814
8.545 0.298291
8.546 0.29844
8.547 0.298586
8.548 0.29873
8.549 0.298872
8.55 0.29901
8.551 0.299147
8.552 0.29928
8.553 0.299411
8.554 0.29954
8.555 0.299666
8.556 0.299789
8.557 0.29991
8.558 0.300028
8.559 0.300144
8.56 0.300257
8.561 0.300367
8.562 0.300475
8.563 0.30058
8.564 0.300682
8.565 0.300782
8.566 0.300879
8.567 0.300973
8.568 0.301064
8.569 0.301153
8.57 0.301239
8.571 0.301323
8.572 0.301403
8.573 0.301481
8.574 0.301556
8.575 0.301629
8.576 0.301698
8.577 0.301765
8.578 0.301829
8.579 0.30189
8.58 0.301948
8.581 0.302004
8.582 0.302057
8.583 0.302106
8.584 0.302153
8.585 0.302197
8.586 0.302238
8.587 0.302277
8.588 0.302312
8.589 0.302345
8.59 0.302374
8.591 0.302401
8.592 0.302424
8.593 0.302445
8.594 0.302463
8.595 0.302478
8.596 0.302489
8.597 0.302498
8.598 0.302504
8.599 0.302507
8.6 0.302506
8.601 0.302503
8.602 0.302497
8.603 0.302487
8.604 0.302475
8.605 0.302459
8.606 0.302441
8.607 0.302419
8.608 0.302394
8.609 0.302366
8.61 0.302335
8.611 0.302301
8.612 0.302264
8.613 0.302224
8.614 0.30218
8.615 0.302133
8.616 0.302083
8.617 0.30203
8.618 0.301974
8.619 0.301914
8.62 0.301851
8.621 0.301785
8.622 0.301716
8.623 0.301644
8.624 0.301568
8.625 0.301489
8.626 0.301407
8.627 0.301321
8.628 0.301232
8.629 0.30114
8.63 0.301044
8.631 0.300946
8.632 0.300843
8.633 0.300738
8.634 0.300629
8.635 0.300517
8.636 0.300401
8.637 0.300282
8.638 0.30016
8.639 0.300034
8.64 0.299905
8.641 0.299773
8.642 0.299637
8.643 0.299497
8.644 0.299355
8.645 0.299208
8.646 0.299058
8.647 0.298905
8.648 0.298749
8.649 0.298588
8.65 0.298425
8.651 0.298258
8.652 0.298087
8.653 0.297913
8.654 0.297735
8.655 0.297554
8.656 0.297369
8.657 0.297181
8.658 0.296989
8.659 0.296793
8.66 0.296594
8.661 0.296392
8.662 0.296186
8.663 0.295976
8.664 0.295762
8.665 0.295545
8.666 0.295325
8.667 0.295101
8.668 0.294873
8.669 0.294641
8.67 0.294406
8.671 0.294167
8.672 0.293925
8.673 0.293679
8.674 0.293429
8.675 0.293176
8.676 0.292918
8.677 0.292658
8.678 0.292393
8.679 0.292125
8.68 0.291853
8.681 0.291577
8.682 0.291298
8.683 0.291015
8.684 0.290728
8.685 0.290437
8.686 0.290143
8.687 0.289845
8.688 0.289543
8.689 0.289237
8.69 0.288928
8.691 0.288615
8.692 0.288298
8.693 0.287977
8.694 0.287653
8.695 0.287324
8.696 0.286992
8.697 0.286656
8.698 0.286317
8.699 0.285973
8.7 0.285626
8.701 0.285275
8.702 0.28492
8.703 0.284561
8.704 0.284198
8.705 0.283832
8.706 0.283462
8.707 0.283088
8.708 0.28271
8.709 0.282328
8.71 0.281942
8.711 0.281553
8.712 0.281159
8.713 0.280762
8.714 0.280361
8.715 0.279956
8.716 0.279547
8.717 0.279135
8.718 0.278718
8.719 0.278298
8.72 0.277873
8.721 0.277445
8.722 0.277013
8.723 0.276577
8.724 0.276137
8.725 0.275693
8.726 0.275246
8.727 0.274794
8.728 0.274339
8.729 0.27388
8.73 0.273416
8.731 0.272949
8.732 0.272478
8.733 0.272004
8.734 0.271525
8.735 0.271042
8.736 0.270556
8.737 0.270065
8.738 0.269571
8.739 0.269073
8.74 0.26857
8.741 0.268064
8.742 0.267555
8.743 0.267041
8.744 0.266523
8.745 0.266001
8.746 0.265476
8.747 0.264947
8.748 0.264413
8.749 0.263876
8.75 0.263335
8.751 0.26279
8.752 0.262241
8.753 0.261689
8.754 0.261132
8.755 0.260572
8.756 0.260007
8.757 0.259439
8.758 0.258867
8.759 0.258291
8.76 0.257711
8.761 0.257127
8.762 0.25654
8.763 0.255948
8.764 0.255353
8.765 0.254754
8.766 0.254151
8.767 0.253544
8.768 0.252933
8.769 0.252319
8.77 0.251701
8.771 0.251078
8.772 0.250452
8.773 0.249822
8.774 0.249189
8.775 0.248551
8.776 0.24791
8.777 0.247265
8.778 0.246616
8.779 0.245963
8.78 0.245306
8.781 0.244646
8.782 0.243982
8.783 0.243314
8.784 0.242642
8.785 0.241967
8.786 0.241287
8.787 0.240604
8.788 0.239917
8.789 0.239227
8.79 0.238532
8.791 0.237834
8.792 0.237133
8.793 0.236427
8.794 0.235718
8.795 0.235005
8.796 0.234288
8.797 0.233567
8.798 0.232843
8.799 0.232115
8.8 0.231384
8.801 0.230648
8.802 0.22991
8.803 0.229167
8.804 0.228421
8.805 0.227671
8.806 0.226917
8.807 0.22616
8.808 0.225399
8.809 0.224634
8.81 0.223866
8.811 0.223094
8.812 0.222319
8.813 0.22154
8.814 0.220757
8.815 0.219971
8.816 0.219181
8.817 0.218388
8.818 0.217591
8.819 0.21679
8.82 0.215986
8.821 0.215179
8.822 0.214367
8.823 0.213553
8.824 0.212734
8.825 0.211913
8.826 0.211087
8.827 0.210259
8.828 0.209426
8.829 0.208591
8.83 0.207751
8.831 0.206909
8.832 0.206063
8.833 0.205213
8.834 0.20436
8.835 0.203503
8.836 0.202644
8.837 0.20178
8.838 0.200914
8.839 0.200043
8.84 0.19917
8.841 0.198293
8.842 0.197413
8.843 0.196529
8.844 0.195642
8.845 0.194752
8.846 0.193858
8.847 0.192961
8.848 0.192061
8.849 0.191157
8.85 0.19025
8.851 0.18934
8.852 0.188427
8.853 0.18751
8.854 0.18659
8.855 0.185667
8.856 0.18474
8.857 0.183811
8.858 0.182878
8.859 0.181942
8.86 0.181002
8.861 0.18006
8.862 0.179114
8.863 0.178165
8.864 0.177213
8.865 0.176258
8.866 0.1753
8.867 0.174338
8.868 0.173374
8.869 0.172406
8.87 0.171435
8.871 0.170462
8.872 0.169485
8.873 0.168505
8.874 0.167522
8.875 0.166536
8.876 0.165546
8.877 0.164554
8.878 0.163559
8.879 0.162561
8.88 0.16156
8.881 0.160556
8.882 0.159549
8.883 0.158538
8.884 0.157525
8.885 0.15651
8.886 0.155491
8.887 0.154469
8.888 0.153444
8.889 0.152417
8.89 0.151386
8.891 0.150353
8.892 0.149317
8.893 0.148278
8.894 0.147236
8.895 0.146191
8.896 0.145143
8.897 0.144093
8.898 0.14304
8.899 0.141984
8.9 0.140925
8.901 0.139864
8.902 0.138799
8.903 0.137732
8.904 0.136663
8.905 0.13559
8.906 0.134515
8.907 0.133437
8.908 0.132357
8.909 0.131274
8.91 0.130188
8.911 0.1291
8.912 0.128008
8.913 0.126915
8.914 0.125818
8.915 0.124719
8.916 0.123618
8.917 0.122514
8.918 0.121407
8.919 0.120298
8.92 0.119186
8.921 0.118072
8.922 0.116955
8.923 0.115835
8.924 0.114714
8.925 0.113589
8.926 0.112462
8.927 0.111333
8.928 0.110201
8.929 0.109067
8.93 0.107931
8.931 0.106792
8.932 0.10565
8.933 0.104506
8.934 0.10336
8.935 0.102212
8.936 0.101061
8.937 0.0999075
8.938 0.0987519
8.939 0.097594
8.94 0.0964338
8.941 0.0952713
8.942 0.0941065
8.943 0.0929394
8.944 0.09177
8.945 0.0905984
8.946 0.0894245
8.947 0.0882484
8.948 0.08707
8.949 0.0858895
8.95 0.0847067
8.951 0.0835218
8.952 0.0823347
8.953 0.0811455
8.954 0.0799541
8.955 0.0787605
8.956 0.0775649
8.957 0.0763672
8.958 0.0751673
8.959 0.0739654
8.96 0.0727615
8.961 0.0715555
8.962 0.0703475
8.963 0.0691374
8.964 0.0679253
8.965 0.0667112
8.966 0.0654951
8.967 0.0642769
8.968 0.0630568
8.969 0.0618347
8.97 0.0606106
8.971 0.0593846
8.972 0.0581566
8.973 0.0569266
8.974 0.0556948
8.975 0.054461
8.976 0.0532253
8.977 0.0519877
8.978 0.0507483
8.979 0.0495071
8.98 0.048264
8.981 0.0470191
8.982 0.0457724
8.983 0.044524
8.984 0.0432739
8.985 0.042022
8.986 0.0407684
8.987 0.039513
8.988 0.0382559
8.989 0.036997
8.99 0.0357365
8.991 0.0344742
8.992 0.0332102
8.993 0.0319444
8.994 0.030677
8.995 0.0294078
8.996 0.028137
8.997 0.0268645
8.998 0.0255903
8.999 0.0243144
9 0.0230369
9.001 0.0217577
9.002 0.0204769
9.003 0.0191946
9.004 0.0179108
9.005 0.0166254
9.006 0.0153386
9.007 0.0140505
9.008 0.0127611
9.009 0.0114703
9.01 0.0101781
9.011 0.00888432
9.012 0.00758905
9.013 0.0062923
9.014 0.00499406
9.015 0.00369434
9.016 0.00239315
9.017 0.00109048
9.018 -0.000213635
9.019 -0.00151918
9.02 -0.0028261
9.021 -0.0041344
9.022 -0.00544407
9.023 -0.00675511
9.024 -0.0080675
9.025 -0.00938123
9.026 -0.0106963
9.027 -0.0120128
9.028 -0.0133306
9.029 -0.0146498
9.03 -0.0159705
9.031 -0.0172927
9.032 -0.0186164
9.033 -0.0199415
9.034 -0.0212678
9.035 -0.0225954
9.036 -0.0239241
9.037 -0.025254
9.038 -0.0265851
9.039 -0.0279172
9.04 -0.0292505
9.041 -0.0305849
9.042 -0.0319204
9.043 -0.0332569
9.044 -0.0345945
9.045 -0.0359332
9.046 -0.037273
9.047 -0.0386138
9.048 -0.0399556
9.049 -0.0412985
9.05 -0.0426425
9.051 -0.0439875
9.052 -0.0453335
9.053 -0.0466806
9.054 -0.0480288
9.055 -0.049378
9.056 -0.0507283
9.057 -0.0520796
9.058 -0.0534319
9.059 -0.0547852
9.06 -0.0561394
9.061 -0.0574946
9.062 -0.0588507
9.063 -0.0602076
9.064 -0.0615655
9.065 -0.0629242
9.066 -0.0642838
9.067 -0.0656441
9.068 -0.0670054
9.069 -0.0683674
9.07 -0.0697302
9.071 -0.0710938
9.072 -0.0724582
9.073 -0.0738234
9.074 -0.0751894
9.075 -0.0765562
9.076 -0.0779237
9.077 -0.079292
9.078 -0.080661
9.079 -0.0820308
9.08 -0.0834013
9.081 -0.0847726
9.082 -0.0861445
9.083 -0.0875172
9.084 -0.0888905
9.085 -0.0902645
9.086 -0.0916391
9.087 -0.0930144
9.088 -0.0943903
9.089 -0.0957668
9.09 -0.0971439
9.091 -0.0985215
9.092 -0.0998998
9.093 -0.101279
9.094 -0.102658
9.095 -0.104038
9.096 -0.105418
9.097 -0.106799
9.098 -0.108181
9.099 -0.109563
9.1 -0.110946
9.101 -0.112329
9.102 -0.113712
9.103 -0.115096
9.104 -0.116481
9.105 -0.117866
9.106 -0.119251
9.107 -0.120637
9.108 -0.122024
9.109 -0.12341
9.11 -0.124797
9.111 -0.126185
9.112 -0.127573
9.113 -0.128961
9.114 -0.13035
9.115 -0.131739
9.116 -0.133128
9.117 -0.134518
9.118 -0.135908
9.119 -0.137298
9.12 -0.138689
9.121 -0.14008
9.122 -0.141471
9.123 -0.142863
9.124 -0.144254
9.125 -0.145646
9.126 -0.147039
9.127 -0.148431
9.128 -0.149824
9.129 -0.151217
9.13 -0.15261
9.131 -0.154004
9.132 -0.155398
9.133 -0.156792
9.134 -0.158186
9.135 -0.15958
9.136 -0.160974
9.137 -0.162369
9.138 -0.163763
9.139 -0.165158
9.14 -0.166553
9.141 -0.167948
9.142 -0.169344
9.143 -0.170739
9.144 -0.172134
9.145 -0.17353
9.146 -0.174925
9.147 -0.176321
9.148 -0.177717
9.149 -0.179112
9.15 -0.180508
9.151 -0.181904
9.152 -0.1833
9.153 -0.184696
9.154 -0.186092
9.155 -0.187488
9.156 -0.188883
9.157 -0.190279
9.158 -0.191675
9.159 -0.193071
9.16 -0.194467
9.161 -0.195863
9.162 -0.197258
9.163 -0.198654
9.164 -0.200049
9.165 -0.201445
9.166 -0.20284
9.167 -0.204236
9.168 -0.205631
9.169 -0.207026
9.17 -0.208421
9.171 -0.209816
9.172 -0.211211
9.173 -0.212605
9.174 -0.214
9.175 -0.215394
9.176 -0.216788
9.177 -0.218182
9.178 -0.219576
9.179 -0.220969
9.18 -0.222363
9.181 -0.223756
9.182 -0.225149
9.183 -0.226542
9.184 -0.227934
9.185 -0.229326
9.186 -0.230719
9.187 -0.23211
9.188 -0.233502
9.189 -0.234893
9.19 -0.236284
9.191 -0.237675
9.192 -0.239065
9.193 -0.240456
9.194 -0.241845
9.195 -0.243235
9.196 -0.244624
9.197 -0.246013
9.198 -0.247402
9.199 -0.24879
9.2 -0.250178
9.201 -0.251566
9.202 -0.252953
9.203 -0.25434
9.204 -0.255726
9.205 -0.257112
9.206 -0.258498
9.207 -0.259883
9.208 -0.261268
9.209 -0.262653
9.21 -0.264037
9.211 -0.26542
9.212 -0.266804
9.213 -0.268186
9.214 -0.269569
9.215 -0.270951
9.216 -0.272332
9.217 -0.273713
9.218 -0.275093
9.219 -0.276473
9.22 -0.277853
9.221 -0.279232
9.222 -0.280611
9.223 -0.281989
9.224 -0.283366
9.225 -0.284743
9.226 -0.28612
9.227 -0.287496
9.228 -0.288871
9.229 -0.290246
9.23 -0.29162
9.231 -0.292994
9.232 -0.294367
9.233 -0.29574
9.234 -0.297112
9.235 -0.298483
9.236 -0.299854
9.237 -0.301224
9.238 -0.302594
9.239 -0.303963
9.24 -0.305331
9.241 -0.306699
9.242 -0.308066
9.243 -0.309432
9.244 -0.310798
9.245 -0.312163
9.246 -0.313528
9.247 -0.314891
9.248 -0.316255
9.249 -0.317617
9.25 -0.318979
9.251 -0.32034
9.252 -0.3217
9.253 -0.32306
9.254 -0.324419
9.255 -0.325777
9.256 -0.327134
9.257 -0.328491
9.258 -0.329847
9.259 -0.331202
9.26 -0.332557
9.261 -0.33391
9.262 -0.335263
9.263 -0.336615
9.264 -0.337967
9.265 -0.339317
9.266 -0.340667
9.267 -0.342016
9.268 -0.343364
9.269 -0.344712
9.27 -0.346058
9.271 -0.347404
9.272 -0.348749
9.273 -0.350093
9.274 -0.351436
9.275 -0.352778
9.276 -0.354119
9.277 -0.35546
9.278 -0.3568
9.279 -0.358138
9.28 -0.359476
9.281 -0.360813
9.282 -0.362149
9.283 -0.363484
9.284 -0.364819
9.285 -0.366152
9.286 -0.367484
9.287 -0.368816
9.288 -0.370146
9.289 -0.371476
9.29 -0.372804
9.291 -0.374132
9.292 -0.375459
9.293 -0.376784
9.294 -0.378109
9.295 -0.379433
9.296 -0.380755
9.297 -0.382077
9.298 -0.383397
9.299 -0.384717
9.3 -0.386036
9.301 -0.387353
9.302 -0.38867
9.303 -0.389985
9.304 -0.391299
9.305 -0.392613
9.306 -0.393925
9.307 -0.395236
9.308 -0.396546
9.309 -0.397855
9.31 -0.399163
9.311 -0.40047
9.312 -0.401775
9.313 -0.40308
9.314 -0.404383
9.315 -0.405685
9.316 -0.406986
9.317 -0.408286
9.318 -0.409585
9.319 -0.410882
9.32 -0.412179
9.321 -0.413474
9.322 -0.414768
9.323 -0.416061
9.324 -0.417352
9.325 -0.418642
9.326 -0.419931
9.327 -0.421219
9.328 -0.422506
9.329 -0.423791
9.33 -0.425075
9.331 -0.426358
9.332 -0.42764
9.333 -0.42892
9.334 -0.430199
9.335 -0.431476
9.336 -0.432752
9.337 -0.434027
9.338 -0.435301
9.339 -0.436573
9.34 -0.437844
9.341 -0.439113
9.342 -0.440382
9.343 -0.441648
9.344 -0.442914
9.345 -0.444177
9.346 -0.44544
9.347 -0.446701
9.348 -0.44796
9.349 -0.449219
9.35 -0.450475
9.351 -0.45173
9.352 -0.452984
9.353 -0.454236
9.354 -0.455487
9.355 -0.456736
9.356 -0.457983
9.357 -0.459229
9.358 -0.460474
9.359 -0.461717
9.36 -0.462958
9.361 -0.464197
9.362 -0.465435
9.363 -0.466672
9.364 -0.467906
9.365 -0.469139
9.366 -0.470371
9.367 -0.4716
9.368 -0.472828
9.369 -0.474054
9.37 -0.475279
9.371 -0.476501
9.372 -0.477722
9.373 -0.478941
9.374 -0.480158
9.375 -0.481374
9.376 -0.482587
9.377 -0.483799
9.378 -0.485009
9.379 -0.486217
9.38 -0.487422
9.381 -0.488626
9.382 -0.489828
9.383 -0.491028
9.384 -0.492226
9.385 -0.493422
9.386 -0.494616
9.387 -0.495808
9.388 -0.496997
9.389 -0.498185
9.39 -0.49937
9.391 -0.500553
9.392 -0.501734
9.393 -0.502913
9.394 -0.504089
9.395 -0.505263
9.396 -0.506435
9.397 -0.507605
9.398 -0.508772
9.399 -0.509936
9.4 -0.511099
9.401 -0.512258
9.402 -0.513416
9.403 -0.514571
9.404 -0.515723
9.405 -0.516872
9.406 -0.51802
9.407 -0.519164
9.408 -0.520306
9.409 -0.521445
9.41 -0.522581
9.411 -0.523714
9.412 -0.524845
9.413 -0.525973
9.414 -0.527098
9.415 -0.52822
9.416 -0.529338
9.417 -0.530454
9.418 -0.531567
9.419 -0.532677
9.42 -0.533784
9.421 -0.534887
9.422 -0.535987
9.423 -0.537084
9.424 -0.538178
9.425 -0.539268
9.426 -0.540355
9.427 -0.541439
9.428 -0.542519
9.429 -0.543595
9.43 -0.544668
9.431 -0.545737
9.432 -0.546803
9.433 -0.547864
9.434 -0.548922
9.435 -0.549976
9.436 -0.551027
9.437 -0.552073
9.438 -0.553115
9.439 -0.554153
9.44 -0.555187
9.441 -0.556217
9.442 -0.557243
9.443 -0.558264
9.444 -0.559281
9.445 -0.560294
9.446 -0.561302
9.447 -0.562305
9.448 -0.563304
9.449 -0.564299
9.45 -0.565288
9.451 -0.566273
9.452 -0.567253
9.453 -0.568228
9.454 -0.569199
9.455 -0.570164
9.456 -0.571124
9.457 -0.572078
9.458 -0.573028
9.459 -0.573972
9.46 -0.574911
9.461 -0.575845
9.462 -0.576773
9.463 -0.577695
9.464 -0.578612
9.465 -0.579522
9.466 -0.580428
9.467 -0.581327
9.468 -0.58222
9.469 -0.583107
9.47 -0.583989
9.471 -0.584864
9.472 -0.585733
9.473 -0.586595
9.474 -0.587451
9.475 -0.588301
9.476 -0.589144
9.477 -0.58998
9.478 -0.59081
9.479 -0.591633
9.48 -0.592449
9.481 -0.593258
9.482 -0.59406
9.483 -0.594856
9.484 -0.595644
9.485 -0.596424
9.486 -0.597198
9.487 -0.597964
9.488 -0.598722
9.489 -0.599473
9.49 -0.600217
9.491 -0.600953
9.492 -0.601681
9.493 -0.602401
9.494 -0.603113
9.495 -0.603817
9.496 -0.604513
9.497 -0.605201
9.498 -0.605881
9.499 -0.606553
9.5 -0.607216
9.501 -0.607871
9.502 -0.608517
9.503 -0.609155
9.504 -0.609784
9.505 -0.610404
9.506 -0.611016
9.507 -0.611618
9.508 -0.612212
9.509 -0.612797
9.51 -0.613373
9.511 -0.61394
9.512 -0.614497
9.513 -0.615045
9.514 -0.615584
9.515 -0.616114
9.516 -0.616634
9.517 -0.617145
9.518 -0.617646
9.519 -0.618137
9.52 -0.618619
9.521 -0.619092
9.522 -0.619554
9.523 -0.620007
9.524 -0.62045
9.525 -0.620883
9.526 -0.621306
9.527 -0.621719
9.528 -0.622122
9.529 -0.622515
9.53 -0.622897
9.531 -0.62327
9.532 -0.623633
9.533 -0.623985
9.534 -0.624327
9.535 -0.624659
9.536 -0.62498
9.537 -0.625291
9.538 -0.625592
9.539 -0.625882
9.54 -0.626162
9.541 -0.626431
9.542 -0.62669
9.543 -0.626939
9.544 -0.627177
9.545 -0.627404
9.546 -0.627621
9.547 -0.627828
9.548 -0.628024
9.549 -0.628209
9.55 -0.628384
9.551 -0.628549
9.552 -0.628703
9.553 -0.628847
9.554 -0.628979
9.555 -0.629102
9.556 -0.629214
9.557 -0.629315
9.558 -0.629406
9.559 -0.629487
9.56 -0.629557
9.561 -0.629617
9.562 -0.629666
9.563 -0.629705
9.564 -0.629733
9.565 -0.629752
9.566 -0.62976
9.567 -0.629757
9.568 -0.629745
9.569 -0.629722
9.57 -0.62969
9.571 -0.629647
9.572 -0.629594
9.573 -0.629531
9.574 -0.629459
9.575 -0.629376
9.576 -0.629284
9.577 -0.629182
9.578 -0.62907
9.579 -0.628948
9.58 -0.628817
9.581 -0.628677
9.582 -0.628527
9.583 -0.628367
9.584 -0.628198
9.585 -0.62802
9.586 -0.627832
9.587 -0.627635
9.588 -0.627429
9.589 -0.627214
9.59 -0.62699
9.591 -0.626757
9.592 -0.626515
9.593 -0.626265
9.594 -0.626006
9.595 -0.625738
9.596 -0.625462
9.597 -0.625177
9.598 -0.624885
9.599 -0.624584
9.6 -0.624275
9.601 -0.623958
9.602 -0.623633
9.603 -0.6233
9.604 -0.62296
9.605 -0.622612
9.606 -0.622257
9.607 -0.621894
9.608 -0.621524
9.609 -0.621147
9.61 -0.620763
9.611 -0.620371
9.612 -0.619971
9.613 -0.619565
9.614 -0.619151
9.615 -0.618731
9.616 -0.618304
9.617 -0.61787
9.618 -0.61743
9.619 -0.616983
9.62 -0.61653
9.621 -0.616071
9.622 -0.615606
9.623 -0.615135
9.624 -0.614658
9.625 -0.614176
9.626 -0.613687
9.627 -0.613193
9.628 -0.612694
9.629 -0.612189
9.63 -0.611678
9.631 -0.611163
9.632 -0.610642
9.633 -0.610117
9.634 -0.609586
9.635 -0.609051
9.636 -0.60851
9.637 -0.607965
9.638 -0.607416
9.639 -0.606861
9.64 -0.606302
9.641 -0.605739
9.642 -0.605171
9.643 -0.604599
9.644 -0.604023
9.645 -0.603442
9.646 -0.602858
9.647 -0.602269
9.648 -0.601677
9.649 -0.60108
9.65 -0.60048
9.651 -0.599876
9.652 -0.599269
9.653 -0.598657
9.654 -0.598043
9.655 -0.597425
9.656 -0.596803
9.657 -0.596178
9.658 -0.59555
9.659 -0.594919
9.66 -0.594284
9.661 -0.593647
9.662 -0.593006
9.663 -0.592362
9.664 -0.591716
9.665 -0.591066
9.666 -0.590414
9.667 -0.589759
9.668 -0.589101
9.669 -0.588441
9.67 -0.587777
9.671 -0.587112
9.672 -0.586443
9.673 -0.585772
9.674 -0.585099
9.675 -0.584423
9.676 -0.583745
9.677 -0.583064
9.678 -0.582381
9.679 -0.581696
9.68 -0.581008
9.681 -0.580318
9.682 -0.579626
9.683 -0.578932
9.684 -0.578236
9.685 -0.577538
9.686 -0.576837
9.687 -0.576135
9.688 -0.57543
9.689 -0.574724
9.69 -0.574015
9.691 -0.573305
9.692 -0.572592
9.693 -0.571878
9.694 -0.571162
9.695 -0.570444
9.696 -0.569724
9.697 -0.569002
9.698 -0.568279
9.699 -0.567553
9.7 -0.566826
9.701 -0.566098
9.702 -0.565367
9.703 -0.564635
9.704 -0.5639
9.705 -0.563165
9.706 -0.562427
9.707 -0.561688
9.708 -0.560947
9.709 -0.560204
9.71 -0.55946
9.711 -0.558714
9.712 -0.557966
9.713 -0.557217
9.714 -0.556466
9.715 -0.555714
9.716 -0.554959
9.717 -0.554204
9.718 -0.553446
9.719 -0.552687
9.72 -0.551926
9.721 -0.551164
9.722 -0.5504
9.723 -0.549634
9.724 -0.548867
9.725 -0.548098
9.726 -0.547327
9.727 -0.546555
9.728 -0.545781
9.729 -0.545006
9.73 -0.544229
9.731 -0.54345
9.732 -0.542669
9.733 -0.541887
9.734 -0.541104
9.735 -0.540318
9.736 -0.539531
9.737 -0.538742
9.738 -0.537952
9.739 -0.537159
9.74 -0.536365
9.741 -0.53557
9.742 -0.534772
9.743 -0.533973
9.744 -0.533172
9.745 -0.532369
9.746 -0.531565
9.747 -0.530759
9.748 -0.529951
9.749 -0.529141
9.75 -0.528329
9.751 -0.527516
9.752 -0.5267
9.753 -0.525883
9.754 -0.525064
9.755 -0.524243
9.756 -0.523421
9.757 -0.522596
9.758 -0.52177
9.759 -0.520941
9.76 -0.520111
9.761 -0.519278
9.762 -0.518444
9.763 -0.517608
9.764 -0.51677
9.765 -0.51593
9.766 -0.515088
9.767 -0.514243
9.768 -0.513397
9.769 -0.512549
9.77 -0.511699
9.771 -0.510846
9.772 -0.509992
9.773 -0.509135
9.774 -0.508276
9.775 -0.507415
9.776 -0.506552
9.777 -0.505687
9.778 -0.50482
9.779 -0.50395
9.78 -0.503078
9.781 -0.502204
9.782 -0.501328
9.783 -0.50045
9.784 -0.499569
9.785 -0.498686
9.786 -0.497801
9.787 -0.496913
9.788 -0.496023
9.789 -0.495131
9.79 -0.494236
9.791 -0.493339
9.792 -0.49244
9.793 -0.491538
9.794 -0.490634
9.795 -0.489727
9.796 -0.488818
9.797 -0.487906
9.798 -0.486992
9.799 -0.486076
9.8 -0.485157
9.801 -0.484235
9.802 -0.483311
9.803 -0.482385
9.804 -0.481456
9.805 -0.480524
9.806 -0.47959
9.807 -0.478653
9.808 -0.477713
9.809 -0.476771
9.81 -0.475826
9.811 -0.474879
9.812 -0.473928
9.813 -0.472976
9.814 -0.47202
9.815 -0.471062
9.816 -0.470101
9.817 -0.469137
9.818 -0.46817
9.819 -0.467201
9.82 -0.466229
9.821 -0.465254
9.822 -0.464276
9.823 -0.463296
9.824 -0.462312
9.825 -0.461326
9.826 -0.460337
9.827 -0.459345
9.828 -0.45835
9.829 -0.457352
9.83 -0.456352
9.831 -0.455348
9.832 -0.454341
9.833 -0.453332
9.834 -0.452319
9.835 -0.451304
9.836 -0.450285
9.837 -0.449264
9.838 -0.448239
9.839 -0.447212
9.84 -0.446181
9.841 -0.445148
9.842 -0.444111
9.843 -0.443072
9.844 -0.442029
9.845 -0.440983
9.846 -0.439934
9.847 -0.438882
9.848 -0.437827
9.849 -0.436768
9.85 -0.435707
9.851 -0.434642
9.852 -0.433574
9.853 -0.432503
9.854 -0.431429
9.855 -0.430351
9.856 -0.429271
9.857 -0.428187
9.858 -0.4271
9.859 -0.42601
9.86 -0.424916
9.861 -0.423819
9.862 -0.422719
9.863 -0.421616
9.864 -0.42051
9.865 -0.4194
9.866 -0.418287
9.867 -0.41717
9.868 -0.41605
9.869 -0.414927
9.87 -0.413801
9.871 -0.412671
9.872 -0.411538
9.873 -0.410402
9.874 -0.409262
9.875 -0.408119
9.876 -0.406973
9.877 -0.405823
9.878 -0.40467
9.879 -0.403513
9.88 -0.402353
9.881 -0.40119
9.882 -0.400023
9.883 -0.398853
9.884 -0.39768
9.885 -0.396503
9.886 -0.395323
9.887 -0.394139
9.888 -0.392952
9.889 -0.391761
9.89 -0.390567
9.891 -0.38937
9.892 -0.388169
9.893 -0.386965
9.894 -0.385757
9.895 -0.384546
9.896 -0.383331
9.897 -0.382113
9.898 -0.380891
9.899 -0.379666
9.9 -0.378438
9.901 -0.377206
9.902 -0.375971
9.903 -0.374732
9.904 -0.373489
9.905 -0.372244
9.906 -0.370994
9.907 -0.369742
9.908 -0.368485
9.909 -0.367226
9.91 -0.365963
9.911 -0.364696
9.912 -0.363426
9.913 -0.362152
9.914 -0.360875
9.915 -0.359595
9.916 -0.358311
9.917 -0.357023
9.918 -0.355733
9.919 -0.354438
9.92 -0.35314
9.921 -0.351839
9.922 -0.350534
9.923 -0.349226
9.924 -0.347915
9.925 -0.346599
9.926 -0.345281
9.927 -0.343959
9.928 -0.342633
9.929 -0.341305
9.93 -0.339972
9.931 -0.338636
9.932 -0.337297
9.933 -0.335954
9.934 -0.334608
9.935 -0.333259
9.936 -0.331906
9.937 -0.330549
9.938 -0.32919
9.939 -0.327827
9.94 -0.32646
9.941 -0.32509
9.942 -0.323717
9.943 -0.32234
9.944 -0.32096
9.945 -0.319576
9.946 -0.318189
9.947 -0.316799
9.948 -0.315405
9.949 -0.314008
9.95 -0.312608
9.951 -0.311204
9.952 -0.309797
9.953 -0.308387
9.954 -0.306973
9.955 -0.305556
9.956 -0.304136
9.957 -0.302713
9.958 -0.301286
9.959 -0.299855
9.96 -0.298422
9.961 -0.296985
9.962 -0.295545
9.963 -0.294102
9.964 -0.292656
9.965 -0.291206
9.966 -0.289753
9.967 -0.288297
9.968 -0.286837
9.969 -0.285375
9.97 -0.283909
9.971 -0.28244
9.972 -0.280968
9.973 -0.279492
9.974 -0.278014
9.975 -0.276532
9.976 -0.275047
9.977 -0.273559
9.978 -0.272068
9.979 -0.270574
9.98 -0.269077
9.981 -0.267577
9.982 -0.266073
9.983 -0.264567
9.984 -0.263057
9.985 -0.261544
9.986 -0.260029
9.987 -0.25851
9.988 -0.256988
9.989 -0.255464
9.99 -0.253936
9.991 -0.252405
9.992 -0.250871
9.993 -0.249335
9.994 -0.247795
9.995 -0.246253
9.996 -0.244707
9.997 -0.243159
9.998 -0.241607
9.999 -0.240053
10 -0.238496
10.001 -0.236936
10.002 -0.235373
10.003 -0.233808
10.004 -0.232239
10.005 -0.230668
10.006 -0.229094
10.007 -0.227517
10.008 -0.225937
10.009 -0.224354
10.01 -0.222769
10.011 -0.221181
10.012 -0.21959
10.013 -0.217997
10.014 -0.2164
10.015 -0.214801
10.016 -0.2132
10.017 -0.211595
10.018 -0.209988
10.019 -0.208379
10.02 -0.206766
10.021 -0.205152
10.022 -0.203534
10.023 -0.201914
10.024 -0.200291
10.025 -0.198666
10.026 -0.197038
10.027 -0.195408
10.028 -0.193775
10.029 -0.192139
10.03 -0.190501
10.031 -0.188861
10.032 -0.187218
10.033 -0.185572
10.034 -0.183924
10.035 -0.182274
10.036 -0.180621
10.037 -0.178966
10.038 -0.177308
10.039 -0.175648
10.04 -0.173986
10.041 -0.172321
10.042 -0.170654
10.043 -0.168985
10.044 -0.167313
10.045 -0.165639
10.046 -0.163962
10.047 -0.162283
10.048 -0.160602
10.049 -0.158919
10.05 -0.157234
10.051 -0.155546
10.052 -0.153856
10.053 -0.152164
10.054 -0.150469
10.055 -0.148773
10.056 -0.147074
10.057 -0.145373
10.058 -0.14367
10.059 -0.141965
10.06 -0.140257
10.061 -0.138548
10.062 -0.136836
10.063 -0.135123
10.064 -0.133407
10.065 -0.131689
10.066 -0.129969
10.067 -0.128247
10.068 -0.126523
10.069 -0.124797
10.07 -0.123069
10.071 -0.121339
10.072 -0.119608
10.073 -0.117874
10.074 -0.116138
10.075 -0.1144
10.076 -0.11266
10.077 -0.110919
10.078 -0.109175
10.079 -0.10743
10.08 -0.105682
10.081 -0.103933
10.082 -0.102182
10.083 -0.100429
10.084 -0.0986747
10.085 -0.0969181
10.086 -0.0951597
10.087 -0.0933995
10.088 -0.0916375
10.089 -0.0898737
10.09 -0.0881082
10.091 -0.0863408
10.092 -0.0845717
10.093 -0.0828008
10.094 -0.0810283
10.095 -0.079254
10.096 -0.077478
10.097 -0.0757003
10.098 -0.0739209
10.099 -0.0721399
10.1 -0.0703572
10.101 -0.0685728
10.102 -0.0667868
10.103 -0.0649991
10.104 -0.0632098
10.105 -0.0614188
10.106 -0.0596261
10.107 -0.0578319
10.108 -0.056036
10.109 -0.0542385
10.11 -0.0524394
10.111 -0.0506387
10.112 -0.0488364
10.113 -0.0470326
10.114 -0.0452271
10.115 -0.0434202
10.116 -0.0416116
10.117 -0.0398016
10.118 -0.0379901
10.119 -0.036177
10.12 -0.0343625
10.121 -0.0325464
10.122 -0.0307289
10.123 -0.0289099
10.124 -0.0270893
10.125 -0.0252671
10.126 -0.0234434
10.127 -0.0216182
10.128 -0.0197914
10.129 -0.0179631
10.13 -0.0161333
10.131 -0.014302
10.132 -0.0124691
10.133 -0.0106348
10.134 -0.00879898
10.135 -0.00696167
10.136 -0.00512287
10.137 -0.00328262
10.138 -0.00144098
10.139 0.00040209
10.14 0.0022466
10.141 0.0040925
10.142 0.00593984
10.143 0.00778865
10.144 0.00963898
10.145 0.0114908
10.146 0.0133441
10.147 0.015199
10.148 0.0170555
10.149 0.0189137
10.15 0.0207735
10.151 0.022635
10.152 0.0244982
10.153 0.0263631
10.154 0.0282297
10.155 0.030098
10.156 0.031968
10.157 0.03384
10.158 0.0357138
10.159 0.0375897
10.16 0.0394676
10.161 0.0413475
10.162 0.0432294
10.163 0.0451135
10.164 0.0469997
10.165 0.048888
10.166 0.0507785
10.167 0.052671
10.168 0.0545658
10.169 0.0564627
10.17 0.0583618
10.171 0.0602631
10.172 0.0621667
10.173 0.0640726
10.174 0.0659807
10.175 0.0678913
10.176 0.0698041
10.177 0.0717194
10.178 0.0736371
10.179 0.0755572
10.18 0.0774798
10.181 0.0794049
10.182 0.0813325
10.183 0.0832626
10.184 0.0851952
10.185 0.0871304
10.186 0.0890681
10.187 0.0910084
10.188 0.0929513
10.189 0.0948968
10.19 0.0968449
10.191 0.0987957
10.192 0.100749
10.193 0.102705
10.194 0.104664
10.195 0.106626
10.196 0.10859
10.197 0.110557
10.198 0.112527
10.199 0.114499
10.2 0.116475
10.201 0.118453
10.202 0.120433
10.203 0.122417
10.204 0.124403
10.205 0.126392
10.206 0.128384
10.207 0.130379
10.208 0.132377
10.209 0.134377
10.21 0.136381
10.211 0.138387
10.212 0.140396
10.213 0.142407
10.214 0.144422
10.215 0.146439
10.216 0.148459
10.217 0.150482
10.218 0.152508
10.219 0.154537
10.22 0.156568
10.221 0.158602
10.222 0.160639
10.223 0.162679
10.224 0.164722
10.225 0.166767
10.226 0.168815
10.227 0.170866
10.228 0.17292
10.229 0.174976
10.23 0.177035
10.231 0.179096
10.232 0.181161
10.233 0.183228
10.234 0.185297
10.235 0.18737
10.236 0.189444
10.237 0.191522
10.238 0.193602
10.239 0.195684
10.24 0.197769
10.241 0.199857
10.242 0.201947
10.243 0.204039
10.244 0.206134
10.245 0.208231
10.246 0.21033
10.247 0.212432
10.248 0.214536
10.249 0.216642
10.25 0.218751
10.251 0.220861
10.252 0.222974
10.253 0.225089
10.254 0.227206
10.255 0.229325
10.256 0.231446
10.257 0.233569
10.258 0.235693
10.259 0.23782
10.26 0.239948
10.261 0.242079
10.262 0.244211
10.263 0.246344
10.264 0.248479
10.265 0.250616
10.266 0.252754
10.267 0.254894
10.268 0.257035
10.269 0.259177
10.27 0.261321
10.271 0.263466
10.272 0.265612
10.273 0.267759
10.274 0.269907
10.275 0.272057
10.276 0.274207
10.277 0.276358
10.278 0.27851
10.279 0.280662
10.28 0.282815
10.281 0.284969
10.282 0.287123
10.283 0.289278
10.284 0.291433
10.285 0.293588
10.286 0.295743
10.287 0.297899
10.288 0.300055
10.289 0.30221
10.29 0.304366
10.291 0.306521
10.292 0.308676
10.293 0.310831
10.294 0.312985
10.295 0.315138
10.296 0.317291
10.297 0.319444
10.298 0.321595
10.299 0.323745
10.3 0.325895
10.301 0.328043
10.302 0.33019
10.303 0.332336
10.304 0.33448
10.305 0.336623
10.306 0.338764
10.307 0.340904
10.308 0.343042
10.309 0.345177
10.31 0.347311
10.311 0.349442
10.312 0.351571
10.313 0.353698
10.314 0.355822
10.315 0.357944
10.316 0.360062
10.317 0.362178
10.318 0.364291
10.319 0.366401
10.32 0.368507
10.321 0.37061
10.322 0.37271
10.323 0.374806
10.324 0.376898
10.325 0.378986
10.326 0.38107
10.327 0.38315
10.328 0.385225
10.329 0.387296
10.33 0.389363
10.331 0.391424
10.332 0.393481
10.333 0.395533
10.334 0.397579
10.335 0.39962
10.336 0.401656
10.337 0.403686
10.338 0.40571
10.339 0.407728
10.34 0.40974
10.341 0.411746
10.342 0.413745
10.343 0.415738
10.344 0.417724
10.345 0.419703
10.346 0.421675
10.347 0.423639
10.348 0.425596
10.349 0.427546
10.35 0.429488
10.351 0.431421
10.352 0.433347
10.353 0.435265
10.354 0.437173
10.355 0.439074
10.356 0.440965
10.357 0.442848
10.358 0.444721
10.359 0.446585
10.36 0.448439
10.361 0.450284
10.362 0.452119
10.363 0.453944
10.364 0.455758
10.365 0.457563
10.366 0.459356
10.367 0.461139
10.368 0.462911
10.369 0.464671
10.37 0.46642
10.371 0.468158
10.372 0.469884
10.373 0.471598
10.374 0.4733
10.375 0.47499
10.376 0.476668
10.377 0.478333
10.378 0.479985
10.379 0.481624
10.38 0.483249
10.381 0.484862
10.382 0.486461
10.383 0.488046
10.384 0.489618
10.385 0.491175
10.386 0.492719
10.387 0.494247
10.388 0.495762
10.389 0.497261
10.39 0.498746
10.391 0.500216
10.392 0.50167
10.393 0.503109
10.394 0.504533
10.395 0.50594
10.396 0.507332
10.397 0.508708
10.398 0.510068
10.399 0.511411
10.4 0.512738
10.401 0.514048
10.402 0.515342
10.403 0.516619
10.404 0.517878
10.405 0.519121
10.406 0.520346
10.407 0.521553
10.408 0.522744
10.409 0.523916
10.41 0.525071
10.411 0.526207
10.412 0.527326
10.413 0.528427
10.414 0.529509
10.415 0.530573
10.416 0.531618
10.417 0.532645
10.418 0.533653
10.419 0.534643
10.42 0.535613
10.421 0.536565
10.422 0.537498
10.423 0.538411
10.424 0.539306
10.425 0.540181
10.426 0.541038
10.427 0.541874
10.428 0.542692
10.429 0.54349
10.43 0.544268
10.431 0.545027
10.432 0.545767
10.433 0.546487
10.434 0.547187
10.435 0.547868
10.436 0.548529
10.437 0.54917
10.438 0.549792
10.439 0.550394
10.44 0.550976
10.441 0.551539
10.442 0.552082
10.443 0.552605
10.444 0.553109
10.445 0.553593
10.446 0.554057
10.447 0.554502
10.448 0.554927
10.449 0.555333
10.45 0.555719
10.451 0.556086
10.452 0.556433
10.453 0.556761
10.454 0.55707
10.455 0.55736
10.456 0.55763
10.457 0.557881
10.458 0.558114
10.459 0.558327
10.46 0.558521
10.461 0.558697
10.462 0.558854
10.463 0.558992
10.464 0.559112
10.465 0.559213
10.466 0.559296
10.467 0.559361
10.468 0.559408
10.469 0.559436
10.47 0.559447
10.471 0.55944
10.472 0.559415
10.473 0.559372
10.474 0.559313
10.475 0.559235
10.476 0.559141
10.477 0.55903
10.478 0.558901
10.479 0.558756
10.48 0.558594
10.481 0.558416
10.482 0.558221
10.483 0.55801
10.484 0.557783
10.485 0.557539
10.486 0.55728
10.487 0.557006
10.488 0.556716
10.489 0.55641
10.49 0.556089
10.491 0.555753
10.492 0.555402
10.493 0.555037
10.494 0.554657
10.495 0.554262
10.496 0.553853
10.497 0.55343
10.498 0.552993
10.499 0.552542
10.5 0.552077
10.501 0.551599
10.502 0.551108
10.503 0.550603
10.504 0.550086
10.505 0.549555
10.506 0.549012
10.507 0.548456
10.508 0.547888
10.509 0.547308
10.51 0.546715
10.511 0.546111
10.512 0.545495
10.513 0.544867
10.514 0.544228
10.515 0.543578
10.516 0.542917
10.517 0.542244
10.518 0.541561
10.519 0.540867
10.52 0.540163
10.521 0.539448
10.522 0.538723
10.523 0.537988
10.524 0.537244
10.525 0.536489
10.526 0.535725
10.527 0.534951
10.528 0.534169
10.529 0.533377
10.53 0.532576
10.531 0.531766
10.532 0.530947
10.533 0.53012
10.534 0.529284
10.535 0.528441
10.536 0.527588
10.537 0.526728
10.538 0.52586
10.539 0.524985
10.54 0.524101
10.541 0.52321
10.542 0.522312
10.543 0.521406
10.544 0.520494
10.545 0.519574
10.546 0.518647
10.547 0.517714
10.548 0.516774
10.549 0.515827
10.55 0.514874
10.551 0.513915
10.552 0.51295
10.553 0.511978
10.554 0.511001
10.555 0.510017
10.556 0.509028
10.557 0.508034
10.558 0.507033
10.559 0.506028
10.56 0.505017
10.561 0.504
10.562 0.502979
10.563 0.501953
10.564 0.500921
10.565 0.499885
10.566 0.498844
10.567 0.497799
10.568 0.496748
10.569 0.495694
10.57 0.494635
10.571 0.493571
10.572 0.492504
10.573 0.491432
10.574 0.490357
10.575 0.489277
10.576 0.488193
10.577 0.487106
10.578 0.486015
10.579 0.48492
10.58 0.483822
10.581 0.48272
10.582 0.481615
10.583 0.480506
10.584 0.479395
10.585 0.47828
10.586 0.477162
10.587 0.47604
10.588 0.474916
10.589 0.473789
10.59 0.472659
10.591 0.471527
10.592 0.470391
10.593 0.469253
10.594 0.468113
10.595 0.46697
10.596 0.465824
10.597 0.464676
10.598 0.463526
10.599 0.462373
10.6 0.461219
10.601 0.460062
10.602 0.458903
10.603 0.457742
10.604 0.456579
10.605 0.455414
10.606 0.454247
10.607 0.453079
10.608 0.451908
10.609 0.450737
10.61 0.449563
10.611 0.448388
10.612 0.447211
10.613 0.446033
10.614 0.444854
10.615 0.443673
10.616 0.442491
10.617 0.441307
10.618 0.440123
10.619 0.438937
10.62 0.43775
10.621 0.436563
10.622 0.435374
10.623 0.434184
10.624 0.432994
10.625 0.431802
10.626 0.43061
10.627 0.429417
10.628 0.428224
10.629 0.42703
10.63 0.425835
10.631 0.42464
10.632 0.423445
10.633 0.422249
10.634 0.421052
10.635 0.419856
10.636 0.418659
10.637 0.417462
10.638 0.416264
10.639 0.415067
10.64 0.41387
10.641 0.412672
10.642 0.411475
10.643 0.410278
10.644 0.409081
10.645 0.407884
10.646 0.406687
10.647 0.405491
10.648 0.404295
10.649 0.4031
10.65 0.401905
10.651 0.40071
10.652 0.399516
10.653 0.398323
10.654 0.397131
10.655 0.395939
10.656 0.394748
10.657 0.393557
10.658 0.392368
10.659 0.391179
10.66 0.389992
10.661 0.388805
10.662 0.38762
10.663 0.386436
10.664 0.385252
10.665 0.384071
10.666 0.38289
10.667 0.381711
10.668 0.380533
10.669 0.379356
10.67 0.378181
10.671 0.377008
10.672 0.375836
10.673 0.374666
10.674 0.373497
10.675 0.372331
10.676 0.371166
10.677 0.370002
10.678 0.368841
10.679 0.367682
10.68 0.366525
10.681 0.365369
10.682 0.364216
10.683 0.363065
10.684 0.361916
10.685 0.36077
10.686 0.359626
10.687 0.358484
10.688 0.357344
10.689 0.356207
10.69 0.355073
10.691 0.353941
10.692 0.352811
10.693 0.351685
10.694 0.350561
10.695 0.34944
10.696 0.348321
10.697 0.347206
10.698 0.346093
10.699 0.344983
10.7 0.343877
10.701 0.342773
10.702 0.341673
10.703 0.340575
10.704 0.339481
10.705 0.33839
10.706 0.337303
10.707 0.336219
10.708 0.335138
10.709 0.334061
10.71 0.332987
10.711 0.331917
10.712 0.33085
10.713 0.329787
10.714 0.328728
10.715 0.327673
10.716 0.326621
10.717 0.325573
10.718 0.324529
10.719 0.323489
10.72 0.322453
10.721 0.321421
10.722 0.320393
10.723 0.319369
10.724 0.31835
10.725 0.317334
10.726 0.316323
10.727 0.315316
10.728 0.314314
10.729 0.313316
10.73 0.312322
10.731 0.311333
10.732 0.310348
10.733 0.309368
10.734 0.308392
10.735 0.307421
10.736 0.306455
10.737 0.305494
10.738 0.304537
10.739 0.303585
10.74 0.302638
10.741 0.301696
10.742 0.300759
10.743 0.299827
10.744 0.2989
10.745 0.297978
10.746 0.297061
10.747 0.296149
10.748 0.295242
10.749 0.294341
10.75 0.293445
10.751 0.292554
10.752 0.291668
10.753 0.290788
10.754 0.289914
10.755 0.289044
10.756 0.288181
10.757 0.287322
10.758 0.28647
10.759 0.285622
10.76 0.284781
10.761 0.283945
10.762 0.283115
10.763 0.282291
10.764 0.281472
10.765 0.280659
10.766 0.279852
10.767 0.279051
10.768 0.278256
10.769 0.277466
10.77 0.276683
10.771 0.275905
10.772 0.275134
10.773 0.274369
10.774 0.273609
10.775 0.272856
10.776 0.272109
10.777 0.271368
10.778 0.270633
10.779 0.269905
10.78 0.269183
10.781 0.268467
10.782 0.267757
10.783 0.267054
10.784 0.266357
10.785 0.265666
10.786 0.264982
10.787 0.264304
10.788 0.263633
10.789 0.262968
10.79 0.262309
10.791 0.261657
10.792 0.261012
10.793 0.260373
10.794 0.259741
10.795 0.259115
10.796 0.258497
10.797 0.257884
10.798 0.257279
10.799 0.25668
10.8 0.256087
10.801 0.255502
10.802 0.254923
10.803 0.254351
10.804 0.253786
10.805 0.253227
10.806 0.252676
10.807 0.252131
10.808 0.251593
10.809 0.251062
10.81 0.250538
10.811 0.25002
10.812 0.24951
10.813 0.249007
10.814 0.24851
10.815 0.24802
10.816 0.247538
10.817 0.247062
10.818 0.246593
10.819 0.246132
10.82 0.245677
10.821 0.245229
10.822 0.244789
10.823 0.244355
10.824 0.243928
10.825 0.243509
10.826 0.243097
10.827 0.242691
10.828 0.242293
10.829 0.241902
10.83 0.241518
10.831 0.241141
10.832 0.240771
10.833 0.240408
10.834 0.240053
10.835 0.239704
10.836 0.239363
10.837 0.239029
10.838 0.238702
10.839 0.238382
10.84 0.238069
10.841 0.237764
10.842 0.237465
10.843 0.237174
10.844 0.23689
10.845 0.236613
10.846 0.236343
10.847 0.236081
10.848 0.235826
10.849 0.235578
10.85 0.235337
10.851 0.235103
10.852 0.234876
10.853 0.234657
10.854 0.234445
10.855 0.234239
10.856 0.234042
10.857 0.233851
10.858 0.233667
10.859 0.233491
10.86 0.233322
10.861 0.23316
10.862 0.233005
10.863 0.232857
10.864 0.232716
10.865 0.232583
10.866 0.232456
10.867 0.232337
10.868 0.232225
10.869 0.23212
10.87 0.232022
10.871 0.231931
10.872 0.231848
10.873 0.231771
10.874 0.231701
10.875 0.231639
10.876 0.231584
10.877 0.231535
10.878 0.231494
10.879 0.231459
10.88 0.231432
10.881 0.231412
10.882 0.231399
10.883 0.231392
10.884 0.231393
10.885 0.2314
10.886 0.231415
10.887 0.231436
10.888 0.231465
10.889 0.2315
10.89 0.231542
10.891 0.231591
10.892 0.231647
10.893 0.23171
10.894 0.23178
10.895 0.231856
10.896 0.231939
10.897 0.232029
10.898 0.232126
10.899 0.23223
10.9 0.23234
10.901 0.232457
10.902 0.232581
10.903 0.232711
10.904 0.232848
10.905 0.232992
10.906 0.233142
10.907 0.233299
10.908 0.233463
10.909 0.233633
10.91 0.23381
10.911 0.233993
10.912 0.234183
10.913 0.234379
10.914 0.234582
10.915 0.234791
10.916 0.235006
10.917 0.235228
10.918 0.235457
10.919 0.235691
10.92 0.235932
10.921 0.236179
10.922 0.236433
10.923 0.236693
10.924 0.236959
10.925 0.237231
10.926 0.237509
10.927 0.237794
10.928 0.238085
10.929 0.238381
10.93 0.238684
10.931 0.238993
10.932 0.239308
10.933 0.239629
10.934 0.239956
10.935 0.240289
10.936 0.240627
10.937 0.240972
10.938 0.241322
10.939 0.241679
10.94 0.242041
10.941 0.242408
10.942 0.242782
10.943 0.243161
10.944 0.243546
10.945 0.243937
10.946 0.244333
10.947 0.244734
10.948 0.245142
10.949 0.245554
10.95 0.245973
10.951 0.246396
10.952 0.246826
10.953 0.24726
10.954 0.2477
10.955 0.248145
10.956 0.248595
10.957 0.249051
10.958 0.249512
10.959 0.249978
10.96 0.250449
10.961 0.250925
10.962 0.251406
10.963 0.251893
10.964 0.252384
10.965 0.25288
10.966 0.253382
10.967 0.253888
10.968 0.254399
10.969 0.254914
10.97 0.255435
10.971 0.25596
10.972 0.25649
10.973 0.257025
10.974 0.257564
10.975 0.258108
10.976 0.258657
10.977 0.259209
10.978 0.259767
10.979 0.260329
10.98 0.260895
10.981 0.261466
10.982 0.26204
10.983 0.26262
10.984 0.263203
10.985 0.263791
10.986 0.264383
10.987 0.264979
10.988 0.265578
10.989 0.266183
10.99 0.266791
10.991 0.267403
10.992 0.268018
10.993 0.268638
10.994 0.269262
10.995 0.269889
10.996 0.27052
10.997 0.271155
10.998 0.271794
10.999 0.272436
11 0.273081
11.001 0.273731
11.002 0.274383
11.003 0.275039
11.004 0.275699
11.005 0.276362
11.006 0.277028
11.007 0.277698
11.008 0.278371
11.009 0.279047
11.01 0.279726
11.011 0.280408
11.012 0.281094
11.013 0.281782
11.014 0.282474
11.015 0.283168
11.016 0.283865
11.017 0.284565
11.018 0.285268
11.019 0.285974
11.02 0.286682
11.021 0.287394
11.022 0.288107
11.023 0.288824
11.024 0.289543
11.025 0.290264
11.026 0.290988
11.027 0.291714
11.028 0.292443
11.029 0.293174
11.03 0.293908
11.031 0.294643
11.032 0.295381
11.033 0.296121
11.034 0.296863
11.035 0.297607
11.036 0.298353
11.037 0.299102
11.038 0.299852
11.039 0.300604
11.04 0.301358
11.041 0.302114
11.042 0.302871
11.043 0.30363
11.044 0.304391
11.045 0.305154
11.046 0.305918
11.047 0.306684
11.048 0.307451
11.049 0.30822
11.05 0.30899
11.051 0.309761
11.052 0.310534
11.053 0.311308
11.054 0.312084
11.055 0.31286
11.056 0.313638
11.057 0.314417
11.058 0.315197
11.059 0.315978
11.06 0.31676
11.061 0.317543
11.062 0.318327
11.063 0.319112
11.064 0.319897
11.065 0.320684
11.066 0.321471
11.067 0.322259
11.068 0.323047
11.069 0.323836
11.07 0.324626
11.071 0.325416
11.072 0.326206
11.073 0.326997
11.074 0.327789
11.075 0.328581
11.076 0.329373
11.077 0.330165
11.078 0.330958
11.079 0.33175
11.08 0.332543
11.081 0.333336
11.082 0.334129
11.083 0.334922
11.084 0.335715
11.085 0.336508
11.086 0.337301
11.087 0.338094
11.088 0.338886
11.089 0.339678
11.09 0.34047
11.091 0.341262
11.092 0.342053
11.093 0.342844
11.094 0.343634
11.095 0.344424
11.096 0.345213
11.097 0.346002
11.098 0.34679
11.099 0.347577
11.1 0.348364
11.101 0.34915
11.102 0.349935
11.103 0.350719
11.104 0.351502
11.105 0.352285
11.106 0.353066
11.107 0.353847
11.108 0.354626
11.109 0.355404
11.11 0.356181
11.111 0.356957
11.112 0.357732
11.113 0.358506
11.114 0.359278
11.115 0.360049
11.116 0.360818
11.117 0.361586
11.118 0.362353
11.119 0.363118
11.12 0.363881
11.121 0.364643
11.122 0.365403
11.123 0.366161
11.124 0.366918
11.125 0.367673
11.126 0.368426
11.127 0.369178
11.128 0.369927
11.129 0.370675
11.13 0.37142
11.131 0.372164
11.132 0.372905
11.133 0.373644
11.134 0.374381
11.135 0.375116
11.136 0.375849
11.137 0.376579
11.138 0.377308
11.139 0.378033
11.14 0.378757
11.141 0.379477
11.142 0.380196
11.143 0.380912
11.144 0.381625
11.145 0.382336
11.146 0.383044
11.147 0.383749
11.148 0.384451
11.149 0.385151
11.15 0.385848
11.151 0.386542
11.152 0.387233
11.153 0.387921
11.154 0.388606
11.155 0.389289
11.156 0.389968
11.157 0.390644
11.158 0.391316
11.159 0.391986
11.16 0.392652
11.161 0.393315
11.162 0.393975
11.163 0.394631
11.164 0.395284
11.165 0.395934
11.166 0.39658
11.167 0.397222
11.168 0.397861
11.169 0.398496
11.17 0.399128
11.171 0.399756
11.172 0.40038
11.173 0.401
11.174 0.401616
11.175 0.402229
11.176 0.402838
11.177 0.403442
11.178 0.404043
11.179 0.40464
11.18 0.405233
11.181 0.405821
11.182 0.406406
11.183 0.406986
11.184 0.407562
11.185 0.408133
11.186 0.408701
11.187 0.409264
11.188 0.409822
11.189 0.410377
11.19 0.410926
11.191 0.411471
11.192 0.412012
11.193 0.412548
11.194 0.41308
11.195 0.413606
11.196 0.414128
11.197 0.414646
11.198 0.415158
11.199 0.415666
11.2 0.416168
11.201 0.416666
11.202 0.417159
11.203 0.417647
11.204 0.41813
11.205 0.418608
11.206 0.419081
11.207 0.419548
11.208 0.420011
11.209 0.420468
11.21 0.42092
11.211 0.421366
11.212 0.421808
11.213 0.422244
11.214 0.422674
11.215 0.4231
11.216 0.423519
11.217 0.423933
11.218 0.424342
11.219 0.424745
11.22 0.425142
11.221 0.425534
11.222 0.42592
11.223 0.4263
11.224 0.426675
11.225 0.427044
11.226 0.427407
11.227 0.427764
11.228 0.428115
11.229 0.42846
11.23 0.428799
11.231 0.429132
11.232 0.42946
11.233 0.429781
11.234 0.430096
11.235 0.430404
11.236 0.430707
11.237 0.431004
11.238 0.431294
11.239 0.431578
11.24 0.431855
11.241 0.432126
11.242 0.432391
11.243 0.43265
11.244 0.432902
11.245 0.433147
11.246 0.433386
11.247 0.433619
11.248 0.433844
11.249 0.434064
11.25 0.434276
11.251 0.434482
11.252 0.434681
11.253 0.434874
11.254 0.43506
11.255 0.435239
11.256 0.435411
11.257 0.435576
11.258 0.435734
11.259 0.435886
11.26 0.43603
11.261 0.436168
11.262 0.436298
11.263 0.436422
11.264 0.436538
11.265 0.436648
11.266 0.43675
11.267 0.436845
11.268 0.436933
11.269 0.437014
11.27 0.437087
11.271 0.437153
11.272 0.437212
11.273 0.437264
11.274 0.437308
11.275 0.437345
11.276 0.437374
11.277 0.437396
11.278 0.437411
11.279 0.437418
11.28 0.437418
11.281 0.43741
11.282 0.437394
11.283 0.437371
11.284 0.437341
11.285 0.437302
11.286 0.437256
11.287 0.437203
11.288 0.437141
11.289 0.437072
11.29 0.436995
11.291 0.43691
11.292 0.436818
11.293 0.436718
11.294 0.436609
11.295 0.436493
11.296 0.436369
11.297 0.436237
11.298 0.436098
11.299 0.43595
11.3 0.435794
11.301 0.43563
11.302 0.435458
11.303 0.435278
11.304 0.43509
11.305 0.434894
11.306 0.434689
11.307 0.434477
11.308 0.434256
11.309 0.434027
11.31 0.43379
11.311 0.433545
11.312 0.433291
11.313 0.433029
11.314 0.432759
11.315 0.432481
11.316 0.432194
11.317 0.431898
11.318 0.431595
11.319 0.431283
11.32 0.430962
11.321 0.430633
11.322 0.430296
11.323 0.42995
11.324 0.429596
11.325 0.429233
11.326 0.428861
11.327 0.428481
11.328 0.428093
11.329 0.427696
11.33 0.42729
11.331 0.426875
11.332 0.426452
11.333 0.426021
11.334 0.42558
11.335 0.425131
11.336 0.424673
11.337 0.424207
11.338 0.423731
11.339 0.423247
11.34 0.422755
11.341 0.422253
11.342 0.421743
11.343 0.421223
11.344 0.420695
11.345 0.420159
11.346 0.419613
11.347 0.419058
11.348 0.418495
11.349 0.417922
11.35 0.417341
11.351 0.416751
11.352 0.416152
11.353 0.415543
11.354 0.414926
11.355 0.4143
11.356 0.413665
11.357 0.413021
11.358 0.412368
11.359 0.411706
11.36 0.411035
11.361 0.410355
11.362 0.409666
11.363 0.408968
11.364 0.40826
11.365 0.407544
11.366 0.406818
11.367 0.406084
11.368 0.40534
11.369 0.404588
11.37 0.403826
11.371 0.403055
11.372 0.402275
11.373 0.401486
11.374 0.400687
11.375 0.39988
11.376 0.399063
11.377 0.398237
11.378 0.397402
11.379 0.396558
11.38 0.395705
11.381 0.394843
11.382 0.393971
11.383 0.393091
11.384 0.392201
11.385 0.391302
11.386 0.390393
11.387 0.389476
11.388 0.388549
11.389 0.387614
11.39 0.386669
11.391 0.385715
11.392 0.384751
11.393 0.383779
11.394 0.382797
11.395 0.381807
11.396 0.380807
11.397 0.379798
11.398 0.37878
11.399 0.377752
11.4 0.376716
11.401 0.37567
11.402 0.374615
11.403 0.373551
11.404 0.372478
11.405 0.371396
11.406 0.370305
11.407 0.369205
11.408 0.368095
11.409 0.366977
11.41 0.365849
11.411 0.364713
11.412 0.363567
11.413 0.362412
11.414 0.361248
11.415 0.360076
11.416 0.358894
11.417 0.357703
11.418 0.356503
11.419 0.355295
11.42 0.354077
11.421 0.35285
11.422 0.351615
11.423 0.35037
11.424 0.349117
11.425 0.347855
11.426 0.346584
11.427 0.345304
11.428 0.344015
11.429 0.342718
11.43 0.341411
11.431 0.340096
11.432 0.338772
11.433 0.33744
11.434 0.336099
11.435 0.334749
11.436 0.33339
11.437 0.332023
11.438 0.330647
11.439 0.329263
11.44 0.32787
11.441 0.326469
11.442 0.325059
11.443 0.32364
11.444 0.322214
11.445 0.320778
11.446 0.319335
11.447 0.317883
11.448 0.316422
11.449 0.314954
11.45 0.313477
11.451 0.311991
11.452 0.310498
11.453 0.308996
11.454 0.307487
11.455 0.305969
11.456 0.304443
11.457 0.302909
11.458 0.301367
11.459 0.299817
11.46 0.298259
11.461 0.296693
11.462 0.29512
11.463 0.293538
11.464 0.291949
11.465 0.290352
11.466 0.288747
11.467 0.287135
11.468 0.285515
11.469 0.283888
11.47 0.282252
11.471 0.28061
11.472 0.27896
11.473 0.277302
11.474 0.275637
11.475 0.273965
11.476 0.272286
11.477 0.270599
11.478 0.268905
11.479 0.267204
11.48 0.265496
11.481 0.263781
11.482 0.262059
11.483 0.26033
11.484 0.258594
11.485 0.256851
11.486 0.255102
11.487 0.253345
11.488 0.251582
11.489 0.249813
11.49 0.248037
11.491 0.246254
11.492 0.244465
11.493 0.24267
11.494 0.240868
11.495 0.23906
11.496 0.237245
11.497 0.235425
11.498 0.233598
11.499 0.231765
11.5 0.229927
11.501 0.228082
11.502 0.226231
11.503 0.224375
11.504 0.222513
11.505 0.220645
11.506 0.218771
11.507 0.216892
11.508 0.215008
11.509 0.213118
11.51 0.211222
11.511 0.209322
11.512 0.207416
11.513 0.205505
11.514 0.203589
11.515 0.201668
11.516 0.199742
11.517 0.197811
11.518 0.195875
11.519 0.193934
11.52 0.191989
11.521 0.190039
11.522 0.188084
11.523 0.186125
11.524 0.184162
11.525 0.182194
11.526 0.180222
11.527 0.178246
11.528 0.176266
11.529 0.174281
11.53 0.172293
11.531 0.170301
11.532 0.168305
11.533 0.166305
11.534 0.164302
11.535 0.162295
11.536 0.160284
11.537 0.158271
11.538 0.156254
11.539 0.154233
11.54 0.15221
11.541 0.150183
11.542 0.148154
11.543 0.146121
11.544 0.144086
11.545 0.142047
11.546 0.140007
11.547 0.137963
11.548 0.135917
11.549 0.133869
11.55 0.131818
11.551 0.129765
11.552 0.127709
11.553 0.125652
11.554 0.123593
11.555 0.121531
11.556 0.119468
11.557 0.117403
11.558 0.115337
11.559 0.113269
11.56 0.111199
11.561 0.109128
11.562 0.107056
11.563 0.104983
11.564 0.102908
11.565 0.100833
11.566 0.0987565
11.567 0.0966792
11.568 0.0946012
11.569 0.0925224
11.57 0.090443
11.571 0.0883631
11.572 0.0862828
11.573 0.0842021
11.574 0.0821212
11.575 0.0800402
11.576 0.0779592
11.577 0.0758782
11.578 0.0737975
11.579 0.071717
11.58 0.0696368
11.581 0.0675572
11.582 0.0654781
11.583 0.0633997
11.584 0.0613221
11.585 0.0592452
11.586 0.0571694
11.587 0.0550946
11.588 0.0530209
11.589 0.0509484
11.59 0.0488773
11.591 0.0468075
11.592 0.0447391
11.593 0.0426722
11.594 0.040607
11.595 0.0385436
11.596 0.0364821
11.597 0.0344226
11.598 0.0323653
11.599 0.0303102
11.6 0.0282574
11.601 0.0262071
11.602 0.0241593
11.603 0.0221141
11.604 0.0200717
11.605 0.018032
11.606 0.0159953
11.607 0.0139615
11.608 0.0119309
11.609 0.00990336
11.61 0.00787913
11.611 0.00585824
11.612 0.00384078
11.613 0.00182683
11.614 -0.000183517
11.615 -0.00219016
11.616 -0.00419276
11.617 -0.00619113
11.618 -0.00818517
11.619 -0.0101748
11.62 -0.01216
11.621 -0.0141407
11.622 -0.0161169
11.623 -0.0180883
11.624 -0.020055
11.625 -0.0220169
11.626 -0.0239739
11.627 -0.025926
11.628 -0.0278731
11.629 -0.029815
11.63 -0.0317518
11.631 -0.0336833
11.632 -0.0356095
11.633 -0.0375303
11.634 -0.0394456
11.635 -0.0413553
11.636 -0.0432594
11.637 -0.0451578
11.638 -0.0470504
11.639 -0.0489372
11.64 -0.050818
11.641 -0.052693
11.642 -0.0545619
11.643 -0.0564248
11.644 -0.0582815
11.645 -0.0601319
11.646 -0.061976
11.647 -0.0638136
11.648 -0.0656446
11.649 -0.0674691
11.65 -0.0692868
11.651 -0.0710978
11.652 -0.0729019
11.653 -0.0746992
11.654 -0.0764894
11.655 -0.0782725
11.656 -0.0800484
11.657 -0.0818171
11.658 -0.0835785
11.659 -0.0853325
11.66 -0.087079
11.661 -0.088818
11.662 -0.0905494
11.663 -0.0922731
11.664 -0.093989
11.665 -0.0956972
11.666 -0.0973974
11.667 -0.0990898
11.668 -0.100774
11.669 -0.10245
11.67 -0.104118
11.671 -0.105778
11.672 -0.10743
11.673 -0.109073
11.674 -0.110708
11.675 -0.112335
11.676 -0.113953
11.677 -0.115562
11.678 -0.117162
11.679 -0.118754
11.68 -0.120337
11.681 -0.121911
11.682 -0.123475
11.683 -0.125031
11.684 -0.126578
11.685 -0.128115
11.686 -0.129644
11.687 -0.131163
11.688 -0.132672
11.689 -0.134172
11.69 -0.135663
11.691 -0.137144
11.692 -0.138615
11.693 -0.140077
11.694 -0.141529
11.695 -0.142971
11.696 -0.144403
11.697 -0.145826
11.698 -0.147238
11.699 -0.14864
11.7 -0.150032
11.701 -0.151414
11.702 -0.152786
11.703 -0.154147
11.704 -0.155498
11.705 -0.156839
11.706 -0.158169
11.707 -0.159489
11.708 -0.160798
11.709 -0.162096
11.71 -0.163384
11.711 -0.164661
11.712 -0.165927
11.713 -0.167183
11.714 -0.168427
11.715 -0.169661
11.716 -0.170883
11.717 -0.172095
11.718 -0.173295
11.719 -0.174485
11.72 -0.175663
11.721 -0.17683
11.722 -0.177985
11.723 -0.17913
11.724 -0.180263
11.725 -0.181384
11.726 -0.182494
11.727 -0.183593
11.728 -0.18468
11.729 -0.185756
11.73 -0.186819
11.731 -0.187872
11.732 -0.188912
11.733 -0.189941
11.734 -0.190958
11.735 -0.191964
11.736 -0.192957
11.737 -0.193939
11.738 -0.194909
11.739 -0.195867
11.74 -0.196813
11.741 -0.197747
11.742 -0.198669
11.743 -0.199579
11.744 -0.200477
11.745 -0.201363
11.746 -0.202237
11.747 -0.203099
11.748 -0.203948
11.749 -0.204786
11.75 -0.205611
11.751 -0.206424
11.752 -0.207225
11.753 -0.208014
11.754 -0.20879
11.755 -0.209555
11.756 -0.210307
11.757 -0.211046
11.758 -0.211774
11.759 -0.212489
11.76 -0.213192
11.761 -0.213882
11.762 -0.214561
11.763 -0.215227
11.764 -0.21588
11.765 -0.216522
11.766 -0.217151
11.767 -0.217767
11.768 -0.218372
11.769 -0.218964
11.77 -0.219543
11.771 -0.220111
11.772 -0.220666
11.773 -0.221209
11.774 -0.22174
11.775 -0.222258
11.776 -0.222764
11.777 -0.223258
11.778 -0.22374
11.779 -0.224209
11.78 -0.224667
11.781 -0.225112
11.782 -0.225545
11.783 -0.225965
11.784 -0.226374
11.785 -0.22677
11.786 -0.227155
11.787 -0.227527
11.788 -0.227888
11.789 -0.228236
11.79 -0.228573
11.791 -0.228897
11.792 -0.22921
11.793 -0.229511
11.794 -0.2298
11.795 -0.230077
11.796 -0.230342
11.797 -0.230596
11.798 -0.230837
11.799 -0.231068
11.8 -0.231286
11.801 -0.231493
11.802 -0.231689
11.803 -0.231873
11.804 -0.232045
11.805 -0.232207
11.806 -0.232356
11.807 -0.232495
11.808 -0.232622
11.809 -0.232738
11.81 -0.232843
11.811 -0.232937
11.812 -0.233019
11.813 -0.233091
11.814 -0.233151
11.815 -0.233201
11.816 -0.23324
11.817 -0.233268
11.818 -0.233286
11.819 -0.233292
11.82 -0.233289
11.821 -0.233274
11.822 -0.233249
11.823 -0.233214
11.824 -0.233168
11.825 -0.233112
11.826 -0.233046
11.827 -0.232969
11.828 -0.232883
11.829 -0.232786
11.83 -0.232679
11.831 -0.232563
11.832 -0.232436
11.833 -0.2323
11.834 -0.232154
11.835 -0.231999
11.836 -0.231833
11.837 -0.231659
11.838 -0.231475
11.839 -0.231281
11.84 -0.231078
11.841 -0.230866
11.842 -0.230645
11.843 -0.230415
11.844 -0.230176
11.845 -0.229928
11.846 -0.229671
11.847 -0.229406
11.848 -0.229131
11.849 -0.228848
11.85 -0.228557
11.851 -0.228257
11.852 -0.227949
11.853 -0.227632
11.854 -0.227308
11.855 -0.226975
11.856 -0.226634
11.857 -0.226285
11.858 -0.225928
11.859 -0.225563
11.86 -0.22519
11.861 -0.22481
11.862 -0.224423
11.863 -0.224027
11.864 -0.223624
11.865 -0.223214
11.866 -0.222797
11.867 -0.222372
11.868 -0.221941
11.869 -0.221502
11.87 -0.221057
11.871 -0.220604
11.872 -0.220145
11.873 -0.219679
11.874 -0.219207
11.875 -0.218728
11.876 -0.218242
11.877 -0.217751
11.878 -0.217253
11.879 -0.216749
11.88 -0.216238
11.881 -0.215722
11.882 -0.2152
11.883 -0.214672
11.884 -0.214138
11.885 -0.213598
11.886 -0.213053
11.887 -0.212502
11.888 -0.211946
11.889 -0.211384
11.89 -0.210817
11.891 -0.210245
11.892 -0.209668
11.893 -0.209085
11.894 -0.208498
11.895 -0.207905
11.896 -0.207308
11.897 -0.206705
11.898 -0.206098
11.899 -0.205486
11.9 -0.20487
11.901 -0.204249
11.902 -0.203624
11.903 -0.202994
11.904 -0.202361
11.905 -0.201722
11.906 -0.20108
11.907 -0.200434
11.908 -0.199784
11.909 -0.199131
11.91 -0.198473
11.911 -0.197812
11.912 -0.197147
11.913 -0.196479
11.914 -0.195808
11.915 -0.195133
11.916 -0.194455
11.917 -0.193773
11.918 -0.193089
11.919 -0.192402
11.92 -0.191712
11.921 -0.191019
11.922 -0.190323
11.923 -0.189625
11.924 -0.188924
11.925 -0.18822
11.926 -0.187515
11.927 -0.186806
11.928 -0.186096
11.929 -0.185383
11.93 -0.184669
11.931 -0.183952
11.932 -0.183234
11.933 -0.182513
11.934 -0.181791
11.935 -0.181067
11.936 -0.180341
11.937 -0.179614
11.938 -0.178885
11.939 -0.178155
11.94 -0.177423
11.941 -0.176691
11.942 -0.175957
11.943 -0.175222
11.944 -0.174485
11.945 -0.173748
11.946 -0.17301
11.947 -0.172271
11.948 -0.171532
11.949 -0.170792
11.95 -0.170051
11.951 -0.169309
11.952 -0.168567
11.953 -0.167825
11.954 -0.167082
11.955 -0.166339
11.956 -0.165596
11.957 -0.164853
11.958 -0.16411
11.959 -0.163366
11.96 -0.162623
11.961 -0.16188
11.962 -0.161137
11.963 -0.160394
11.964 -0.159652
11.965 -0.15891
11.966 -0.158169
11.967 -0.157428
11.968 -0.156688
11.969 -0.155948
11.97 -0.155209
11.971 -0.154472
11.972 -0.153735
11.973 -0.152998
11.974 -0.152263
11.975 -0.151529
11.976 -0.150797
11.977 -0.150065
11.978 -0.149335
11.979 -0.148606
11.98 -0.147878
11.981 -0.147152
11.982 -0.146427
11.983 -0.145704
11.984 -0.144983
11.985 -0.144263
11.986 -0.143545
11.987 -0.142829
11.988 -0.142115
11.989 -0.141403
11.99 -0.140693
11.991 -0.139985
11.992 -0.139279
11.993 -0.138576
11.994 -0.137874
11.995 -0.137175
11.996 -0.136479
11.997 -0.135785
11.998 -0.135093
11.999 -0.134404
12 -0.133718
12.001 -0.133034
12.002 -0.132353
12.003 -0.131675
12.004 -0.131
12.005 -0.130328
12.006 -0.129659
12.007 -0.128993
12.008 -0.12833
12.009 -0.12767
12.01 -0.127014
12.011 -0.12636
12.012 -0.125711
12.013 -0.125064
12.014 -0.124421
12.015 -0.123782
12.016 -0.123146
12.017 -0.122514
12.018 -0.121886
12.019 -0.121261
12.02 -0.12064
12.021 -0.120023
12.022 -0.11941
12.023 -0.118801
12.024 -0.118196
12.025 -0.117596
12.026 -0.116999
12.027 -0.116407
12.028 -0.115818
12.029 -0.115235
12.03 -0.114655
12.031 -0.11408
12.032 -0.11351
12.033 -0.112944
12.034 -0.112383
12.035 -0.111827
12.036 -0.111275
12.037 -0.110728
12.038 -0.110186
12.039 -0.109648
12.04 -0.109116
12.041 -0.108589
12.042 -0.108066
12.043 -0.107549
12.044 -0.107037
12.045 -0.10653
12.046 -0.106029
12.047 -0.105533
12.048 -0.105042
12.049 -0.104556
12.05 -0.104076
12.051 -0.103602
12.052 -0.103133
12.053 -0.10267
12.054 -0.102212
12.055 -0.10176
12.056 -0.101314
12.057 -0.100874
12.058 -0.10044
12.059 -0.100011
12.06 -0.0995888
12.061 -0.0991724
12.062 -0.0987621
12.063 -0.0983579
12.064 -0.0979598
12.065 -0.097568
12.066 -0.0971825
12.067 -0.0968032
12.068 -0.0964304
12.069 -0.0960639
12.07 -0.095704
12.071 -0.0953505
12.072 -0.0950036
12.073 -0.0946632
12.074 -0.0943295
12.075 -0.0940025
12.076 -0.0936823
12.077 -0.0933688
12.078 -0.0930621
12.079 -0.0927623
12.08 -0.0924694
12.081 -0.0921834
12.082 -0.0919045
12.083 -0.0916325
12.084 -0.0913676
12.085 -0.0911098
12.086 -0.0908591
12.087 -0.0906156
12.088 -0.0903793
12.089 -0.0901503
12.09 -0.0899285
12.091 -0.0897141
12.092 -0.0895071
12.093 -0.0893075
12.094 -0.0891154
12.095 -0.0889307
12.096 -0.0887535
12.097 -0.0885839
12.098 -0.0884219
12.099 -0.0882675
12.1 -0.0881208
12.101 -0.0879818
12.102 -0.0878505
12.103 -0.0877269
12.104 -0.0876112
12.105 -0.0875033
12.106 -0.0874032
12.107 -0.087311
12.108 -0.0872267
12.109 -0.0871504
12.11 -0.087082
12.111 -0.0870216
12.112 -0.0869693
12.113 -0.086925
12.114 -0.0868887
12.115 -0.0868606
12.116 -0.0868406
12.117 -0.0868287
12.118 -0.0868249
12.119 -0.0868293
12.12 -0.0868419
12.121 -0.0868628
12.122 -0.0868918
12.123 -0.0869291
12.124 -0.0869747
12.125 -0.0870286
12.126 -0.0870908
12.127 -0.0871613
12.128 -0.0872402
12.129 -0.0873275
12.13 -0.0874232
12.131 -0.0875273
12.132 -0.0876399
12.133 -0.0877608
12.134 -0.0878903
12.135 -0.0880282
12.136 -0.0881746
12.137 -0.0883294
12.138 -0.0884928
12.139 -0.0886648
12.14 -0.0888452
12.141 -0.0890342
12.142 -0.0892317
12.143 -0.0894378
12.144 -0.0896525
12.145 -0.0898757
12.146 -0.0901076
12.147 -0.090348
12.148 -0.0905969
12.149 -0.0908545
12.15 -0.0911206
12.151 -0.0913954
12.152 -0.0916787
12.153 -0.0919706
12.154 -0.0922712
12.155 -0.0925803
12.156 -0.0928981
12.157 -0.0932245
12.158 -0.0935594
12.159 -0.093903
12.16 -0.0942552
12.161 -0.0946159
12.162 -0.0949852
12.163 -0.0953631
12.164 -0.0957496
12.165 -0.0961447
12.166 -0.0965483
12.167 -0.0969605
12.168 -0.0973812
12.169 -0.0978104
12.17 -0.0982482
12.171 -0.0986945
12.172 -0.0991493
12.173 -0.0996125
12.174 -0.100084
12.175 -0.100564
12.176 -0.101053
12.177 -0.10155
12.178 -0.102055
12.179 -0.102569
12.18 -0.103091
12.181 -0.103622
12.182 -0.104161
12.183 -0.104708
12.184 -0.105263
12.185 -0.105827
12.186 -0.106399
12.187 -0.106979
12.188 -0.107567
12.189 -0.108164
12.19 -0.108769
12.191 -0.109381
12.192 -0.110002
12.193 -0.110631
12.194 -0.111268
12.195 -0.111913
12.196 -0.112566
12.197 -0.113227
12.198 -0.113896
12.199 -0.114573
12.2 -0.115257
12.201 -0.11595
12.202 -0.11665
12.203 -0.117358
12.204 -0.118074
12.205 -0.118797
12.206 -0.119528
12.207 -0.120267
12.208 -0.121013
12.209 -0.121767
12.21 -0.122528
12.211 -0.123297
12.212 -0.124073
12.213 -0.124857
12.214 -0.125648
12.215 -0.126446
12.216 -0.127252
12.217 -0.128064
12.218 -0.128884
12.219 -0.129712
12.22 -0.130546
12.221 -0.131387
12.222 -0.132236
12.223 -0.133091
12.224 -0.133953
12.225 -0.134823
12.226 -0.135699
12.227 -0.136581
12.228 -0.137471
12.229 -0.138367
12.23 -0.13927
12.231 -0.14018
12.232 -0.141096
12.233 -0.142018
12.234 -0.142947
12.235 -0.143882
12.236 -0.144823
12.237 -0.145771
12.238 -0.146724
12.239 -0.147684
12.24 -0.14865
12.241 -0.149622
12.242 -0.150599
12.243 -0.151583
12.244 -0.152572
12.245 -0.153567
12.246 -0.154568
12.247 -0.155574
12.248 -0.156585
12.249 -0.157602
12.25 -0.158624
12.251 -0.159652
12.252 -0.160685
12.253 -0.161723
12.254 -0.162766
12.255 -0.163815
12.256 -0.164868
12.257 -0.165926
12.258 -0.16699
12.259 -0.168058
12.26 -0.169131
12.261 -0.170209
12.262 -0.171291
12.263 -0.172378
12.264 -0.173469
12.265 -0.174564
12.266 -0.175664
12.267 -0.176769
12.268 -0.177877
12.269 -0.178989
12.27 -0.180106
12.271 -0.181226
12.272 -0.18235
12.273 -0.183478
12.274 -0.18461
12.275 -0.185746
12.276 -0.186886
12.277 -0.188029
12.278 -0.189176
12.279 -0.190326
12.28 -0.191479
12.281 -0.192636
12.282 -0.193796
12.283 -0.19496
12.284 -0.196126
12.285 -0.197295
12.286 -0.198468
12.287 -0.199643
12.288 -0.20082
12.289 -0.202001
12.29 -0.203184
12.291 -0.20437
12.292 -0.205558
12.293 -0.206748
12.294 -0.207941
12.295 -0.209136
12.296 -0.210333
12.297 -0.211532
12.298 -0.212734
12.299 -0.213937
12.3 -0.215142
12.301 -0.216349
12.302 -0.217558
12.303 -0.218768
12.304 -0.219979
12.305 -0.221192
12.306 -0.222406
12.307 -0.223622
12.308 -0.224838
12.309 -0.226056
12.31 -0.227274
12.311 -0.228494
12.312 -0.229714
12.313 -0.230935
12.314 -0.232157
12.315 -0.23338
12.316 -0.234603
12.317 -0.235826
12.318 -0.23705
12.319 -0.238274
12.32 -0.239499
12.321 -0.240723
12.322 -0.241948
12.323 -0.243173
12.324 -0.244398
12.325 -0.245623
12.326 -0.246848
12.327 -0.248072
12.328 -0.249296
12.329 -0.25052
12.33 -0.251743
12.331 -0.252966
12.332 -0.254188
12.333 -0.25541
12.334 -0.25663
12.335 -0.25785
12.336 -0.259069
12.337 -0.260287
12.338 -0.261504
12.339 -0.262719
12.34 -0.263934
12.341 -0.265147
12.342 -0.266359
12.343 -0.26757
12.344 -0.268779
12.345 -0.269986
12.346 -0.271192
12.347 -0.272396
12.348 -0.273598
12.349 -0.274799
12.35 -0.275998
12.351 -0.277194
12.352 -0.278389
12.353 -0.279582
12.354 -0.280772
12.355 -0.281961
12.356 -0.283147
12.357 -0.284331
12.358 -0.285512
12.359 -0.286691
12.36 -0.287868
12.361 -0.289042
12.362 -0.290214
12.363 -0.291383
12.364 -0.292549
12.365 -0.293713
12.366 -0.294874
12.367 -0.296032
12.368 -0.297188
12.369 -0.29834
12.37 -0.29949
12.371 -0.300636
12.372 -0.30178
12.373 -0.302921
12.374 -0.304059
12.375 -0.305193
12.376 -0.306325
12.377 -0.307454
12.378 -0.308579
12.379 -0.309702
12.38 -0.310821
12.381 -0.311937
12.382 -0.31305
12.383 -0.31416
12.384 -0.315267
12.385 -0.316371
12.386 -0.317471
12.387 -0.318569
12.388 -0.319663
12.389 -0.320754
12.39 -0.321842
12.391 -0.322927
12.392 -0.324009
12.393 -0.325088
12.394 -0.326165
12.395 -0.327238
12.396 -0.328308
12.397 -0.329375
12.398 -0.33044
12.399 -0.331502
12.4 -0.332561
12.401 -0.333617
12.402 -0.334671
12.403 -0.335723
12.404 -0.336772
12.405 -0.337818
12.406 -0.338862
12.407 -0.339904
12.408 -0.340944
12.409 -0.341982
12.41 -0.343018
12.411 -0.344052
12.412 -0.345084
12.413 -0.346115
12.414 -0.347144
12.415 -0.348171
12.416 -0.349198
12.417 -0.350222
12.418 -0.351246
12.419 -0.352269
12.42 -0.35329
12.421 -0.354311
12.422 -0.355331
12.423 -0.356351
12.424 -0.35737
12.425 -0.358389
12.426 -0.359408
12.427 -0.360427
12.428 -0.361446
12.429 -0.362465
12.43 -0.363484
12.431 -0.364504
12.432 -0.365524
12.433 -0.366546
12.434 -0.367568
12.435 -0.368591
12.436 -0.369616
12.437 -0.370642
12.438 -0.371669
12.439 -0.372698
12.44 -0.373729
12.441 -0.374761
12.442 -0.375796
12.443 -0.376833
12.444 -0.377872
12.445 -0.378913
12.446 -0.379957
12.447 -0.381004
12.448 -0.382054
12.449 -0.383106
12.45 -0.384162
12.451 -0.385221
12.452 -0.386283
12.453 -0.387348
12.454 -0.388417
12.455 -0.38949
12.456 -0.390566
12.457 -0.391646
12.458 -0.392731
12.459 -0.393819
12.46 -0.394911
12.461 -0.396008
12.462 -0.397109
12.463 -0.398214
12.464 -0.399324
12.465 -0.400438
12.466 -0.401557
12.467 -0.402681
12.468 -0.403809
12.469 -0.404943
12.47 -0.406081
12.471 -0.407223
12.472 -0.408371
12.473 -0.409524
12.474 -0.410682
12.475 -0.411845
12.476 -0.413013
12.477 -0.414185
12.478 -0.415363
12.479 -0.416546
12.48 -0.417735
12.481 -0.418928
12.482 -0.420126
12.483 -0.421329
12.484 -0.422538
12.485 -0.423751
12.486 -0.424969
12.487 -0.426193
12.488 -0.427421
12.489 -0.428654
12.49 -0.429892
12.491 -0.431135
12.492 -0.432382
12.493 -0.433635
12.494 -0.434892
12.495 -0.436153
12.496 -0.437419
12.497 -0.438689
12.498 -0.439964
12.499 -0.441243
12.5 -0.442526
12.501 -0.443814
12.502 -0.445105
12.503 -0.4464
12.504 -0.447699
12.505 -0.449002
12.506 -0.450308
12.507 -0.451618
12.508 -0.452932
12.509 -0.454248
12.51 -0.455568
12.511 -0.456891
12.512 -0.458217
12.513 -0.459545
12.514 -0.460877
12.515 -0.462211
12.516 -0.463547
12.517 -0.464886
12.518 -0.466227
12.519 -0.46757
12.52 -0.468915
12.521 -0.470262
12.522 -0.47161
12.523 -0.47296
12.524 -0.474312
12.525 -0.475665
12.526 -0.477019
12.527 -0.478374
12.528 -0.479729
12.529 -0.481086
12.53 -0.482443
12.531 -0.483801
12.532 -0.485158
12.533 -0.486517
12.534 -0.487875
12.535 -0.489233
12.536 -0.49059
12.537 -0.491948
12.538 -0.493304
12.539 -0.494661
12.54 -0.496016
12.541 -0.49737
12.542 -0.498724
12.543 -0.500076
12.544 -0.501427
12.545 -0.502776
12.546 -0.504124
12.547 -0.50547
12.548 -0.506814
12.549 -0.508156
12.55 -0.509496
12.551 -0.510833
12.552 -0.512168
12.553 -0.513501
12.554 -0.514831
12.555 -0.516158
12.556 -0.517483
12.557 -0.518804
12.558 -0.520122
12.559 -0.521437
12.56 -0.522749
12.561 -0.524057
12.562 -0.525361
12.563 -0.526662
12.564 -0.527959
12.565 -0.529252
12.566 -0.53054
12.567 -0.531825
12.568 -0.533105
12.569 -0.534381
12.57 -0.535653
12.571 -0.53692
12.572 -0.538182
12.573 -0.539439
12.574 -0.540691
12.575 -0.541939
12.576 -0.543181
12.577 -0.544418
12.578 -0.54565
12.579 -0.546877
12.58 -0.548098
12.581 -0.549313
12.582 -0.550523
12.583 -0.551727
12.584 -0.552925
12.585 -0.554117
12.586 -0.555304
12.587 -0.556484
12.588 -0.557658
12.589 -0.558826
12.59 -0.559988
12.591 -0.561143
12.592 -0.562292
12.593 -0.563434
12.594 -0.564569
12.595 -0.565698
12.596 -0.566821
12.597 -0.567936
12.598 -0.569045
12.599 -0.570146
12.6 -0.571241
12.601 -0.572329
12.602 -0.573409
12.603 -0.574483
12.604 -0.575549
12.605 -0.576608
12.606 -0.577659
12.607 -0.578703
12.608 -0.57974
12.609 -0.580769
12.61 -0.58179
12.611 -0.582804
12.612 -0.58381
12.613 -0.584809
12.614 -0.585799
12.615 -0.586782
12.616 -0.587757
12.617 -0.588724
12.618 -0.589683
12.619 -0.590634
12.62 -0.591577
12.621 -0.592512
12.622 -0.593439
12.623 -0.594358
12.624 -0.595268
12.625 -0.59617
12.626 -0.597064
12.627 -0.59795
12.628 -0.598827
12.629 -0.599696
12.63 -0.600556
12.631 -0.601408
12.632 -0.602251
12.633 -0.603086
12.634 -0.603912
12.635 -0.60473
12.636 -0.605539
12.637 -0.606339
12.638 -0.607131
12.639 -0.607914
12.64 -0.608688
12.641 -0.609453
12.642 -0.610209
12.643 -0.610957
12.644 -0.611696
12.645 -0.612426
12.646 -0.613147
12.647 -0.613859
12.648 -0.614561
12.649 -0.615255
12.65 -0.61594
12.651 -0.616616
12.652 -0.617283
12.653 -0.617941
12.654 -0.618589
12.655 -0.619229
12.656 -0.619859
12.657 -0.62048
12.658 -0.621092
12.659 -0.621695
12.66 -0.622288
12.661 -0.622872
12.662 -0.623447
12.663 -0.624012
12.664 -0.624569
12.665 -0.625115
12.666 -0.625653
12.667 -0.626181
12.668 -0.6267
12.669 -0.627209
12.67 -0.627709
12.671 -0.628199
12.672 -0.62868
12.673 -0.629152
12.674 -0.629613
12.675 -0.630066
12.676 -0.630509
12.677 -0.630942
12.678 -0.631366
12.679 -0.63178
12.68 -0.632184
12.681 -0.632579
12.682 -0.632965
12.683 -0.63334
12.684 -0.633707
12.685 -0.634063
12.686 -0.63441
12.687 -0.634747
12.688 -0.635074
12.689 -0.635392
12.69 -0.6357
12.691 -0.635998
12.692 -0.636286
12.693 -0.636565
12.694 -0.636834
12.695 -0.637093
12.696 -0.637342
12.697 -0.637582
12.698 -0.637812
12.699 -0.638031
12.7 -0.638241
12.701 -0.638442
12.702 -0.638632
12.703 -0.638813
12.704 -0.638983
12.705 -0.639144
12.706 -0.639295
12.707 -0.639436
12.708 -0.639567
12.709 -0.639688
12.71 -0.639799
12.711 -0.6399
12.712 -0.639992
12.713 -0.640073
12.714 -0.640144
12.715 -0.640206
12.716 -0.640257
12.717 -0.640299
12.718 -0.64033
12.719 -0.640352
12.72 -0.640363
12.721 -0.640365
12.722 -0.640356
12.723 -0.640338
12.724 -0.640309
12.725 -0.64027
12.726 -0.640222
12.727 -0.640163
12.728 -0.640094
12.729 -0.640015
12.73 -0.639926
12.731 -0.639827
12.732 -0.639718
12.733 -0.639599
12.734 -0.63947
12.735 -0.639331
12.736 -0.639181
12.737 -0.639022
12.738 -0.638852
12.739 -0.638672
12.74 -0.638482
12.741 -0.638282
12.742 -0.638072
12.743 -0.637852
12.744 -0.637621
12.745 -0.637381
12.746 -0.63713
12.747 -0.636869
12.748 -0.636598
12.749 -0.636317
12.75 -0.636026
12.751 -0.635725
12.752 -0.635413
12.753 -0.635091
12.754 -0.634759
12.755 -0.634417
12.756 -0.634065
12.757 -0.633703
12.758 -0.63333
12.759 -0.632947
12.76 -0.632555
12.761 -0.632151
12.762 -0.631738
12.763 -0.631315
12.764 -0.630881
12.765 -0.630437
12.766 -0.629983
12.767 -0.629519
12.768 -0.629045
12.769 -0.628561
12.77 -0.628066
12.771 -0.627561
12.772 -0.627046
12.773 -0.626521
12.774 -0.625985
12.775 -0.62544
12.776 -0.624884
12.777 -0.624318
12.778 -0.623742
12.779 -0.623156
12.78 -0.622559
12.781 -0.621953
12.782 -0.621336
12.783 -0.620709
12.784 -0.620072
12.785 -0.619425
12.786 -0.618768
12.787 -0.6181
12.788 -0.617422
12.789 -0.616735
12.79 -0.616037
12.791 -0.615329
12.792 -0.61461
12.793 -0.613882
12.794 -0.613144
12.795 -0.612395
12.796 -0.611636
12.797 -0.610867
12.798 -0.610088
12.799 -0.609299
12.8 -0.6085
12.801 -0.607691
12.802 -0.606872
12.803 -0.606042
12.804 -0.605203
12.805 -0.604353
12.806 -0.603493
12.807 -0.602624
12.808 -0.601744
12.809 -0.600854
12.81 -0.599955
12.811 -0.599045
12.812 -0.598125
12.813 -0.597195
12.814 -0.596255
12.815 -0.595305
12.816 -0.594345
12.817 -0.593376
12.818 -0.592396
12.819 -0.591406
12.82 -0.590406
12.821 -0.589397
12.822 -0.588377
12.823 -0.587348
12.824 -0.586308
12.825 -0.585259
12.826 -0.5842
12.827 -0.58313
12.828 -0.582052
12.829 -0.580963
12.83 -0.579864
12.831 -0.578756
12.832 -0.577637
12.833 -0.576509
12.834 -0.575371
12.835 -0.574223
12.836 -0.573066
12.837 -0.571899
12.838 -0.570722
12.839 -0.569535
12.84 -0.568339
12.841 -0.567132
12.842 -0.565917
12.843 -0.564691
12.844 -0.563456
12.845 -0.562211
12.846 -0.560957
12.847 -0.559693
12.848 -0.558419
12.849 -0.557136
12.85 -0.555843
12.851 -0.554541
12.852 -0.553229
12.853 -0.551908
12.854 -0.550577
12.855 -0.549237
12.856 -0.547887
12.857 -0.546528
12.858 -0.545159
12.859 -0.543781
12.86 -0.542394
12.861 -0.540997
12.862 -0.539591
12.863 -0.538176
12.864 -0.536752
12.865 -0.535318
12.866 -0.533875
12.867 -0.532422
12.868 -0.530961
12.869 -0.52949
12.87 -0.52801
12.871 -0.526521
12.872 -0.525023
12.873 -0.523516
12.874 -0.522
12.875 -0.520474
12.876 -0.51894
12.877 -0.517397
12.878 -0.515845
12.879 -0.514284
12.88 -0.512714
12.881 -0.511135
12.882 -0.509547
12.883 -0.507951
12.884 -0.506345
12.885 -0.504731
12.886 -0.503109
12.887 -0.501477
12.888 -0.499837
12.889 -0.498188
12.89 -0.496531
12.891 -0.494865
12.892 -0.49319
12.893 -0.491507
12.894 -0.489816
12.895 -0.488116
12.896 -0.486408
12.897 -0.484691
12.898 -0.482966
12.899 -0.481233
12.9 -0.479491
12.901 -0.477741
12.902 -0.475983
12.903 -0.474217
12.904 -0.472443
12.905 -0.470661
12.906 -0.46887
12.907 -0.467072
12.908 -0.465266
12.909 -0.463452
12.91 -0.461629
12.911 -0.459799
12.912 -0.457962
12.913 -0.456116
12.914 -0.454263
12.915 -0.452402
12.916 -0.450533
12.917 -0.448657
12.918 -0.446774
12.919 -0.444883
12.92 -0.442984
12.921 -0.441078
12.922 -0.439165
12.923 -0.437244
12.924 -0.435316
12.925 -0.433381
12.926 -0.431439
12.927 -0.42949
12.928 -0.427533
12.929 -0.42557
12.93 -0.423599
12.931 -0.421622
12.932 -0.419638
12.933 -0.417647
12.934 -0.415649
12.935 -0.413645
12.936 -0.411634
12.937 -0.409616
12.938 -0.407592
12.939 -0.405561
12.94 -0.403524
12.941 -0.401481
12.942 -0.399431
12.943 -0.397375
12.944 -0.395313
12.945 -0.393245
12.946 -0.391171
12.947 -0.38909
12.948 -0.387004
12.949 -0.384912
12.95 -0.382814
12.951 -0.38071
12.952 -0.378601
12.953 -0.376486
12.954 -0.374365
12.955 -0.372239
12.956 -0.370108
12.957 -0.367971
12.958 -0.365829
12.959 -0.363681
12.96 -0.361529
12.961 -0.359371
12.962 -0.357209
12.963 -0.355041
12.964 -0.352869
12.965 -0.350691
12.966 -0.348509
12.967 -0.346323
12.968 -0.344132
12.969 -0.341936
12.97 -0.339736
12.971 -0.337531
12.972 -0.335322
12.973 -0.333109
12.974 -0.330892
12.975 -0.328671
12.976 -0.326446
12.977 -0.324217
12.978 -0.321984
12.979 -0.319747
12.98 -0.317507
12.981 -0.315263
12.982 -0.313016
12.983 -0.310765
12.984 -0.308511
12.985 -0.306254
12.986 -0.303994
12.987 -0.30173
12.988 -0.299464
12.989 -0.297195
12.99 -0.294923
12.991 -0.292648
12.992 -0.29037
12.993 -0.28809
12.994 -0.285808
12.995 -0.283523
12.996 -0.281236
12.997 -0.278947
12.998 -0.276656
12.999 -0.274363
13 -0.272068
13.001 -0.269771
13.002 -0.267472
13.003 -0.265172
13.004 -0.26287
13.005 -0.260567
13.006 -0.258263
13.007 -0.255957
13.008 -0.253651
13.009 -0.251343
13.01 -0.249034
13.011 -0.246725
13.012 -0.244415
13.013 -0.242104
13.014 -0.239793
13.015 -0.237481
13.016 -0.23517
13.017 -0.232857
13.018 -0.230545
13.019 -0.228233
13.02 -0.225921
13.021 -0.223609
13.022 -0.221298
13.023 -0.218987
13.024 -0.216677
13.025 -0.214367
13.026 -0.212058
13.027 -0.20975
13.028 -0.207443
13.029 -0.205137
13.03 -0.202832
13.031 -0.200529
13.032 -0.198227
13.033 -0.195926
13.034 -0.193628
13.035 -0.191331
13.036 -0.189036
13.037 -0.186743
13.038 -0.184452
13.039 -0.182163
13.04 -0.179877
13.041 -0.177594
13.042 -0.175312
13.043 -0.173034
13.044 -0.170759
13.045 -0.168486
13.046 -0.166216
13.047 -0.16395
13.048 -0.161687
13.049 -0.159428
13.05 -0.157172
13.051 -0.15492
13.052 -0.152671
13.053 -0.150427
13.054 -0.148187
13.055 -0.145951
13.056 -0.143719
13.057 -0.141491
13.058 -0.139268
13.059 -0.13705
13.06 -0.134837
13.061 -0.132628
13.062 -0.130425
13.063 -0.128227
13.064 -0.126034
13.065 -0.123846
13.066 -0.121664
13.067 -0.119488
13.068 -0.117318
13.069 -0.115153
13.07 -0.112995
13.071 -0.110843
13.072 -0.108697
13.073 -0.106558
13.074 -0.104425
13.075 -0.102299
13.076 -0.10018
13.077 -0.0980675
13.078 -0.0959624
13.079 -0.0938645
13.08 -0.091774
13.081 -0.0896909
13.082 -0.0876154
13.083 -0.0855477
13.084 -0.0834878
13.085 -0.0814359
13.086 -0.0793921
13.087 -0.0773566
13.088 -0.0753294
13.089 -0.0733108
13.09 -0.0713009
13.091 -0.0692997
13.092 -0.0673074
13.093 -0.0653241
13.094 -0.0633501
13.095 -0.0613854
13.096 -0.0594301
13.097 -0.0574844
13.098 -0.0555484
13.099 -0.0536221
13.1 -0.0517058
13.101 -0.0497993
13.102 -0.0479029
13.103 -0.0460165
13.104 -0.0441405
13.105 -0.0422748
13.106 -0.0404197
13.107 -0.0385752
13.108 -0.0367416
13.109 -0.0349188
13.11 -0.0331071
13.111 -0.0313063
13.112 -0.0295167
13.113 -0.0277384
13.114 -0.0259714
13.115 -0.024216
13.116 -0.0224724
13.117 -0.0207405
13.118 -0.0190207
13.119 -0.0173129
13.12 -0.0156175
13.121 -0.0139346
13.122 -0.0122643
13.123 -0.0106066
13.124 -0.00896185
13.125 -0.00733001
13.126 -0.00571116
13.127 -0.00410538
13.128 -0.00251272
13.129 -0.000933271
13.13 0.000632878
13.131 0.00218583
13.132 0.00372573
13.133 0.00525243
13.134 0.00676582
13.135 0.00826577
13.136 0.00975217
13.137 0.0112249
13.138 0.0126839
13.139 0.0141289
13.14 0.0155598
13.141 0.0169766
13.142 0.0183791
13.143 0.0197673
13.144 0.0211411
13.145 0.0225004
13.146 0.0238453
13.147 0.0251755
13.148 0.026491
13.149 0.0277917
13.15 0.0290776
13.151 0.0303487
13.152 0.0316048
13.153 0.032846
13.154 0.0340722
13.155 0.0352833
13.156 0.0364794
13.157 0.0376604
13.158 0.0388262
13.159 0.039977
13.16 0.0411125
13.161 0.0422329
13.162 0.0433381
13.163 0.0444281
13.164 0.0455029
13.165 0.0465625
13.166 0.0476068
13.167 0.048636
13.168 0.04965
13.169 0.0506489
13.17 0.0516327
13.171 0.0526013
13.172 0.0535548
13.173 0.0544931
13.174 0.0554163
13.175 0.0563244
13.176 0.0572173
13.177 0.0580952
13.178 0.0589579
13.179 0.0598056
13.18 0.0606381
13.181 0.0614557
13.182 0.0622582
13.183 0.0630457
13.184 0.0638182
13.185 0.0645758
13.186 0.0653185
13.187 0.0660463
13.188 0.0667592
13.189 0.0674572
13.19 0.0681405
13.191 0.0688089
13.192 0.0694626
13.193 0.0701017
13.194 0.0707261
13.195 0.0713359
13.196 0.0719311
13.197 0.0725119
13.198 0.0730783
13.199 0.0736303
13.2 0.0741681
13.201 0.0746916
13.202 0.0752009
13.203 0.0756962
13.204 0.0761774
13.205 0.0766447
13.206 0.0770981
13.207 0.0775377
13.208 0.0779635
13.209 0.0783758
13.21 0.0787744
13.211 0.0791596
13.212 0.0795314
13.213 0.0798898
13.214 0.0802351
13.215 0.0805672
13.216 0.0808862
13.217 0.0811923
13.218 0.0814855
13.219 0.0817659
13.22 0.0820336
13.221 0.0822888
13.222 0.0825313
13.223 0.0827614
13.224 0.0829792
13.225 0.0831847
13.226 0.083378
13.227 0.0835593
13.228 0.0837286
13.229 0.083886
13.23 0.0840317
13.231 0.0841657
13.232 0.0842882
13.233 0.0843993
13.234 0.084499
13.235 0.0845876
13.236 0.084665
13.237 0.0847314
13.238 0.084787
13.239 0.0848318
13.24 0.084866
13.241 0.0848896
13.242 0.0849028
13.243 0.0849058
13.244 0.0848985
13.245 0.0848812
13.246 0.084854
13.247 0.084817
13.248 0.0847702
13.249 0.0847139
13.25 0.084648
13.251 0.0845729
13.252 0.0844885
13.253 0.0843949
13.254 0.0842924
13.255 0.084181
13.256 0.0840609
13.257 0.0839321
13.258 0.0837949
13.259 0.0836492
13.26 0.0834954
13.261 0.0833334
13.262 0.0831634
13.263 0.0829856
13.264 0.0828
13.265 0.0826069
13.266 0.0824062
13.267 0.0821982
13.268 0.081983
13.269 0.0817607
13.27 0.0815314
13.271 0.0812952
13.272 0.0810523
13.273 0.0808029
13.274 0.0805469
13.275 0.0802846
13.276 0.0800161
13.277 0.0797415
13.278 0.079461
13.279 0.0791746
13.28 0.0788825
13.281 0.0785849
13.282 0.0782818
13.283 0.0779734
13.284 0.0776599
13.285 0.0773413
13.286 0.0770178
13.287 0.0766895
13.288 0.0763565
13.289 0.076019
13.29 0.0756771
13.291 0.075331
13.292 0.0749806
13.293 0.0746263
13.294 0.074268
13.295 0.073906
13.296 0.0735404
13.297 0.0731713
13.298 0.0727988
13.299 0.072423
13.3 0.0720441
13.301 0.0716623
13.302 0.0712776
13.303 0.0708901
13.304 0.0705001
13.305 0.0701075
13.306 0.0697127
13.307 0.0693156
13.308 0.0689164
13.309 0.0685153
13.31 0.0681123
13.311 0.0677076
13.312 0.0673014
13.313 0.0668937
13.314 0.0664847
13.315 0.0660744
13.316 0.0656631
13.317 0.0652509
13.318 0.0648378
13.319 0.0644241
13.32 0.0640097
13.321 0.063595
13.322 0.0631799
13.323 0.0627646
13.324 0.0623492
13.325 0.0619339
13.326 0.0615188
13.327 0.061104
13.328 0.0606896
13.329 0.0602757
13.33 0.0598625
13.331 0.0594501
13.332 0.0590387
13.333 0.0586282
13.334 0.058219
13.335 0.057811
13.336 0.0574044
13.337 0.0569993
13.338 0.0565959
13.339 0.0561943
13.34 0.0557945
13.341 0.0553968
13.342 0.0550012
13.343 0.0546079
13.344 0.0542169
13.345 0.0538285
13.346 0.0534426
13.347 0.0530595
13.348 0.0526792
13.349 0.0523019
13.35 0.0519277
13.351 0.0515567
13.352 0.0511891
13.353 0.0508249
13.354 0.0504643
13.355 0.0501074
13.356 0.0497543
13.357 0.0494051
13.358 0.0490599
13.359 0.0487189
13.36 0.0483822
13.361 0.0480499
13.362 0.047722
13.363 0.0473988
13.364 0.0470804
13.365 0.0467668
13.366 0.0464582
13.367 0.0461546
13.368 0.0458563
13.369 0.0455633
13.37 0.0452758
13.371 0.0449938
13.372 0.0447175
13.373 0.044447
13.374 0.0441824
13.375 0.0439238
13.376 0.0436713
13.377 0.0434251
13.378 0.0431852
13.379 0.0429517
13.38 0.0427249
13.381 0.0425047
13.382 0.0422914
13.383 0.042085
13.384 0.0418856
13.385 0.0416934
13.386 0.0415084
13.387 0.0413308
13.388 0.0411606
13.389 0.040998
13.39 0.0408431
13.391 0.0406959
13.392 0.0405567
13.393 0.0404255
13.394 0.0403023
13.395 0.0401873
13.396 0.0400807
13.397 0.0399825
13.398 0.0398928
13.399 0.0398118
13.4 0.0397395
13.401 0.0396761
13.402 0.0396217
13.403 0.0395763
13.404 0.0395401
13.405 0.0395131
13.406 0.0394955
13.407 0.0394874
13.408 0.0394887
13.409 0.0394997
13.41 0.0395205
13.411 0.0395511
13.412 0.0395915
13.413 0.0396421
13.414 0.0397027
13.415 0.0397734
13.416 0.0398544
13.417 0.0399457
13.418 0.0400474
13.419 0.0401596
13.42 0.0402825
13.421 0.040416
13.422 0.0405602
13.423 0.0407153
13.424 0.0408814
13.425 0.0410585
13.426 0.0412467
13.427 0.0414461
13.428 0.0416568
13.429 0.0418789
13.43 0.0421125
13.431 0.0423576
13.432 0.0426145
13.433 0.0428833
13.434 0.043164
13.435 0.0434567
13.436 0.0437615
13.437 0.0440783
13.438 0.0444074
13.439 0.0447487
13.44 0.0451022
13.441 0.0454682
13.442 0.0458466
13.443 0.0462374
13.444 0.0466407
13.445 0.0470567
13.446 0.0474852
13.447 0.0479265
13.448 0.0483805
13.449 0.0488474
13.45 0.0493271
13.451 0.0498196
13.452 0.050325
13.453 0.0508434
13.454 0.0513748
13.455 0.0519193
13.456 0.0524769
13.457 0.0530476
13.458 0.0536315
13.459 0.0542287
13.46 0.0548391
13.461 0.0554629
13.462 0.0561
13.463 0.0567505
13.464 0.0574144
13.465 0.0580918
13.466 0.0587826
13.467 0.059487
13.468 0.0602049
13.469 0.0609364
13.47 0.0616814
13.471 0.0624401
13.472 0.0632124
13.473 0.0639983
13.474 0.064798
13.475 0.0656114
13.476 0.0664386
13.477 0.0672796
13.478 0.0681344
13.479 0.069003
13.48 0.0698854
13.481 0.0707816
13.482 0.0716916
13.483 0.0726154
13.484 0.0735531
13.485 0.0745045
13.486 0.0754698
13.487 0.0764488
13.488 0.0774417
13.489 0.0784482
13.49 0.0794686
13.491 0.0805027
13.492 0.0815505
13.493 0.082612
13.494 0.0836872
13.495 0.0847761
13.496 0.0858786
13.497 0.0869947
13.498 0.0881245
13.499 0.0892677
13.5 0.0904245
13.501 0.0915948
13.502 0.0927785
13.503 0.0939757
13.504 0.0951862
13.505 0.09641
13.506 0.0976471
13.507 0.0988975
13.508 0.100161
13.509 0.101438
13.51 0.102728
13.511 0.10403
13.512 0.105346
13.513 0.106675
13.514 0.108017
13.515 0.109371
13.516 0.110738
13.517 0.112118
13.518 0.11351
13.519 0.114916
13.52 0.116333
13.521 0.117763
13.522 0.119205
13.523 0.12066
13.524 0.122127
13.525 0.123606
13.526 0.125097
13.527 0.126599
13.528 0.128114
13.529 0.129641
13.53 0.131179
13.531 0.132728
13.532 0.134289
13.533 0.135862
13.534 0.137446
13.535 0.139041
13.536 0.140647
13.537 0.142264
13.538 0.143892
13.539 0.145531
13.54 0.14718
13.541 0.14884
13.542 0.15051
13.543 0.152191
13.544 0.153882
13.545 0.155582
13.546 0.157293
13.547 0.159014
13.548 0.160744
13.549 0.162484
13.55 0.164233
13.551 0.165992
13.552 0.16776
13.553 0.169537
13.554 0.171323
13.555 0.173117
13.556 0.174921
13.557 0.176733
13.558 0.178553
13.559 0.180382
13.56 0.182218
13.561 0.184063
13.562 0.185916
13.563 0.187776
13.564 0.189644
13.565 0.191519
13.566 0.193401
13.567 0.195291
13.568 0.197187
13.569 0.199091
13.57 0.201001
13.571 0.202917
13.572 0.20484
13.573 0.206769
13.574 0.208703
13.575 0.210644
13.576 0.21259
13.577 0.214542
13.578 0.216499
13.579 0.218462
13.58 0.220429
13.581 0.222401
13.582 0.224378
13.583 0.22636
13.584 0.228346
13.585 0.230336
13.586 0.23233
13.587 0.234328
13.588 0.23633
13.589 0.238335
13.59 0.240344
13.591 0.242355
13.592 0.24437
13.593 0.246388
13.594 0.248409
13.595 0.250432
13.596 0.252458
13.597 0.254486
13.598 0.256516
13.599 0.258548
13.6 0.260582
13.601 0.262617
13.602 0.264654
13.603 0.266692
13.604 0.268731
13.605 0.270771
13.606 0.272812
13.607 0.274854
13.608 0.276896
13.609 0.278938
13.61 0.28098
13.611 0.283022
13.612 0.285064
13.613 0.287106
13.614 0.289147
13.615 0.291187
13.616 0.293226
13.617 0.295263
13.618 0.2973
13.619 0.299335
13.62 0.301369
13.621 0.303401
13.622 0.305432
13.623 0.30746
13.624 0.309486
13.625 0.311511
13.626 0.313532
13.627 0.315552
13.628 0.317568
13.629 0.319582
13.63 0.321593
13.631 0.3236
13.632 0.325605
13.633 0.327606
13.634 0.329603
13.635 0.331597
13.636 0.333588
13.637 0.335574
13.638 0.337557
13.639 0.339535
13.64 0.34151
13.641 0.34348
13.642 0.345445
13.643 0.347406
13.644 0.349362
13.645 0.351314
13.646 0.353261
13.647 0.355203
13.648 0.357139
13.649 0.359071
13.65 0.360998
13.651 0.362919
13.652 0.364835
13.653 0.366746
13.654 0.36865
13.655 0.37055
13.656 0.372443
13.657 0.374331
13.658 0.376212
13.659 0.378088
13.66 0.379958
13.661 0.381822
13.662 0.38368
13.663 0.385531
13.664 0.387377
13.665 0.389216
13.666 0.391049
13.667 0.392876
13.668 0.394697
13.669 0.396511
13.67 0.398319
13.671 0.400121
13.672 0.401917
13.673 0.403706
13.674 0.405489
13.675 0.407266
13.676 0.409036
13.677 0.410801
13.678 0.412559
13.679 0.414311
13.68 0.416057
13.681 0.417797
13.682 0.419531
13.683 0.421259
13.684 0.42298
13.685 0.424696
13.686 0.426406
13.687 0.428111
13.688 0.429809
13.689 0.431502
13.69 0.433189
13.691 0.434871
13.692 0.436547
13.693 0.438218
13.694 0.439883
13.695 0.441544
13.696 0.443199
13.697 0.444849
13.698 0.446494
13.699 0.448135
13.7 0.449771
13.701 0.451402
13.702 0.453029
13.703 0.454651
13.704 0.456269
13.705 0.457883
13.706 0.459493
13.707 0.4611
13.708 0.462702
13.709 0.464301
13.71 0.465896
13.711 0.467489
13.712 0.469077
13.713 0.470663
13.714 0.472246
13.715 0.473826
13.716 0.475403
13.717 0.476977
13.718 0.478549
13.719 0.480119
13.72 0.481687
13.721 0.483252
13.722 0.484816
13.723 0.486378
13.724 0.487938
13.725 0.489496
13.726 0.491053
13.727 0.492609
13.728 0.494164
13.729 0.495717
13.73 0.49727
13.731 0.498822
13.732 0.500373
13.733 0.501924
13.734 0.503474
13.735 0.505023
13.736 0.506573
13.737 0.508122
13.738 0.509671
13.739 0.51122
13.74 0.51277
13.741 0.514319
13.742 0.515869
13.743 0.517419
13.744 0.51897
13.745 0.520521
13.746 0.522072
13.747 0.523624
13.748 0.525177
13.749 0.52673
13.75 0.528284
13.751 0.529839
13.752 0.531395
13.753 0.532952
13.754 0.534509
13.755 0.536068
13.756 0.537627
13.757 0.539188
13.758 0.540749
13.759 0.542311
13.76 0.543874
13.761 0.545439
13.762 0.547004
13.763 0.54857
13.764 0.550137
13.765 0.551705
13.766 0.553273
13.767 0.554843
13.768 0.556413
13.769 0.557984
13.77 0.559556
13.771 0.561129
13.772 0.562702
13.773 0.564275
13.774 0.565849
13.775 0.567424
13.776 0.568998
13.777 0.570573
13.778 0.572149
13.779 0.573724
13.78 0.575299
13.781 0.576875
13.782 0.57845
13.783 0.580025
13.784 0.5816
13.785 0.583174
13.786 0.584747
13.787 0.58632
13.788 0.587893
13.789 0.589464
13.79 0.591034
13.791 0.592604
13.792 0.594172
13.793 0.595739
13.794 0.597304
13.795 0.598868
13.796 0.60043
13.797 0.60199
13.798 0.603549
13.799 0.605105
13.8 0.606659
13.801 0.608211
13.802 0.609761
13.803 0.611308
13.804 0.612852
13.805 0.614393
13.806 0.615932
13.807 0.617467
13.808 0.618999
13.809 0.620528
13.81 0.622053
13.811 0.623574
13.812 0.625092
13.813 0.626606
13.814 0.628116
13.815 0.629622
13.816 0.631123
13.817 0.632621
13.818 0.634113
13.819 0.635601
13.82 0.637084
13.821 0.638562
13.822 0.640035
13.823 0.641503
13.824 0.642965
13.825 0.644422
13.826 0.645874
13.827 0.64732
13.828 0.648759
13.829 0.650193
13.83 0.651621
13.831 0.653043
13.832 0.654458
13.833 0.655867
13.834 0.65727
13.835 0.658666
13.836 0.660055
13.837 0.661437
13.838 0.662812
13.839 0.66418
13.84 0.66554
13.841 0.666894
13.842 0.66824
13.843 0.669578
13.844 0.670909
13.845 0.672232
13.846 0.673547
13.847 0.674854
13.848 0.676153
13.849 0.677444
13.85 0.678727
13.851 0.680001
13.852 0.681267
13.853 0.682525
13.854 0.683773
13.855 0.685014
13.856 0.686245
13.857 0.687467
13.858 0.68868
13.859 0.689885
13.86 0.69108
13.861 0.692266
13.862 0.693443
13.863 0.69461
13.864 0.695768
13.865 0.696916
13.866 0.698054
13.867 0.699183
13.868 0.700302
13.869 0.701412
13.87 0.702511
13.871 0.703601
13.872 0.70468
13.873 0.705749
13.874 0.706808
13.875 0.707857
13.876 0.708896
13.877 0.709924
13.878 0.710942
13.879 0.711949
13.88 0.712945
13.881 0.713932
13.882 0.714907
13.883 0.715872
13.884 0.716825
13.885 0.717769
13.886 0.718701
13.887 0.719622
13.888 0.720532
13.889 0.721431
13.89 0.722319
13.891 0.723196
13.892 0.724062
13.893 0.724917
13.894 0.72576
13.895 0.726592
13.896 0.727412
13.897 0.728221
13.898 0.729019
13.899 0.729805
13.9 0.73058
13.901 0.731343
13.902 0.732094
13.903 0.732834
13.904 0.733562
13.905 0.734278
13.906 0.734983
13.907 0.735676
13.908 0.736357
13.909 0.737026
13.91 0.737683
13.911 0.738328
13.912 0.738961
13.913 0.739582
13.914 0.740192
13.915 0.740789
13.916 0.741374
13.917 0.741946
13.918 0.742507
13.919 0.743056
13.92 0.743592
13.921 0.744116
13.922 0.744628
13.923 0.745127
13.924 0.745614
13.925 0.746089
13.926 0.746552
13.927 0.747002
13.928 0.747439
13.929 0.747865
13.93 0.748277
13.931 0.748678
13.932 0.749066
13.933 0.749441
13.934 0.749804
13.935 0.750154
13.936 0.750491
13.937 0.750816
13.938 0.751129
13.939 0.751429
13.94 0.751716
13.941 0.75199
13.942 0.752252
13.943 0.752501
13.944 0.752738
13.945 0.752961
13.946 0.753172
13.947 0.75337
13.948 0.753556
13.949 0.753729
13.95 0.753888
13.951 0.754035
13.952 0.75417
13.953 0.754291
13.954 0.7544
13.955 0.754495
13.956 0.754578
13.957 0.754648
13.958 0.754705
13.959 0.75475
13.96 0.754781
13.961 0.754799
13.962 0.754805
13.963 0.754798
13.964 0.754777
13.965 0.754744
13.966 0.754698
13.967 0.754639
13.968 0.754567
13.969 0.754482
13.97 0.754384
13.971 0.754273
13.972 0.754149
13.973 0.754013
13.974 0.753863
13.975 0.7537
13.976 0.753525
13.977 0.753336
13.978 0.753134
13.979 0.75292
13.98 0.752692
13.981 0.752452
13.982 0.752199
13.983 0.751932
13.984 0.751653
13.985 0.751361
13.986 0.751056
13.987 0.750738
13.988 0.750407
13.989 0.750063
13.99 0.749706
13.991 0.749336
13.992 0.748953
13.993 0.748558
13.994 0.748149
13.995 0.747727
13.996 0.747293
13.997 0.746846
13.998 0.746386
13.999 0.745913
14 0.745427
14.001 0.744928
14.002 0.744416
14.003 0.743892
14.004 0.743354
14.005 0.742804
14.006 0.742241
14.007 0.741666
14.008 0.741077
14.009 0.740476
14.01 0.739862
14.011 0.739235
14.012 0.738595
14.013 0.737943
14.014 0.737278
14.015 0.7366
14.016 0.73591
14.017 0.735207
14.018 0.734491
14.019 0.733762
14.02 0.733021
14.021 0.732267
14.022 0.731501
14.023 0.730722
14.024 0.729931
14.025 0.729127
14.026 0.72831
14.027 0.727481
14.028 0.726639
14.029 0.725785
14.03 0.724918
14.031 0.724039
14.032 0.723148
14.033 0.722244
14.034 0.721327
14.035 0.720398
14.036 0.719457
14.037 0.718504
14.038 0.717538
14.039 0.71656
14.04 0.715569
14.041 0.714566
14.042 0.713552
14.043 0.712524
14.044 0.711485
14.045 0.710433
14.046 0.70937
14.047 0.708294
14.048 0.707206
14.049 0.706106
14.05 0.704994
14.051 0.703869
14.052 0.702733
14.053 0.701585
14.054 0.700425
14.055 0.699253
14.056 0.698068
14.057 0.696872
14.058 0.695665
14.059 0.694445
14.06 0.693213
14.061 0.69197
14.062 0.690715
14.063 0.689448
14.064 0.688169
14.065 0.686879
14.066 0.685577
14.067 0.684264
14.068 0.682939
14.069 0.681602
14.07 0.680253
14.071 0.678894
14.072 0.677522
14.073 0.676139
14.074 0.674745
14.075 0.67334
14.076 0.671922
14.077 0.670494
14.078 0.669054
14.079 0.667603
14.08 0.666141
14.081 0.664668
14.082 0.663183
14.083 0.661687
14.084 0.66018
14.085 0.658662
14.086 0.657133
14.087 0.655593
14.088 0.654042
14.089 0.65248
14.09 0.650907
14.091 0.649323
14.092 0.647728
14.093 0.646122
14.094 0.644506
14.095 0.642878
14.096 0.64124
14.097 0.639592
14.098 0.637932
14.099 0.636262
14.1 0.634582
14.101 0.632891
14.102 0.631189
14.103 0.629477
14.104 0.627755
14.105 0.626022
14.106 0.624278
14.107 0.622525
14.108 0.620761
14.109 0.618987
14.11 0.617202
14.111 0.615408
14.112 0.613603
14.113 0.611788
14.114 0.609964
14.115 0.608129
14.116 0.606284
14.117 0.604429
14.118 0.602565
14.119 0.60069
14.12 0.598806
14.121 0.596912
14.122 0.595008
14.123 0.593095
14.124 0.591172
14.125 0.589239
14.126 0.587297
14.127 0.585345
14.128 0.583384
14.129 0.581413
14.13 0.579433
14.131 0.577444
14.132 0.575445
14.133 0.573437
14.134 0.57142
14.135 0.569394
14.136 0.567359
14.137 0.565314
14.138 0.563261
14.139 0.561199
14.14 0.559128
14.141 0.557048
14.142 0.554959
14.143 0.552861
14.144 0.550755
14.145 0.54864
14.146 0.546516
14.147 0.544384
14.148 0.542243
14.149 0.540094
14.15 0.537937
14.151 0.535771
14.152 0.533597
14.153 0.531414
14.154 0.529224
14.155 0.527025
14.156 0.524818
14.157 0.522603
14.158 0.52038
14.159 0.518149
14.16 0.515911
14.161 0.513664
14.162 0.51141
14.163 0.509148
14.164 0.506878
14.165 0.504601
14.166 0.502316
14.167 0.500024
14.168 0.497725
14.169 0.495418
14.17 0.493103
14.171 0.490782
14.172 0.488453
14.173 0.486117
14.174 0.483775
14.175 0.481425
14.176 0.479068
14.177 0.476704
14.178 0.474334
14.179 0.471957
14.18 0.469573
14.181 0.467182
14.182 0.464785
14.183 0.462381
14.184 0.459971
14.185 0.457555
14.186 0.455132
14.187 0.452703
14.188 0.450268
14.189 0.447827
14.19 0.44538
14.191 0.442927
14.192 0.440468
14.193 0.438003
14.194 0.435532
14.195 0.433056
14.196 0.430574
14.197 0.428086
14.198 0.425593
14.199 0.423095
14.2 0.420591
14.201 0.418082
14.202 0.415568
14.203 0.413049
14.204 0.410524
14.205 0.407995
14.206 0.405461
14.207 0.402922
14.208 0.400378
14.209 0.397829
14.21 0.395276
14.211 0.392719
14.212 0.390157
14.213 0.38759
14.214 0.385019
14.215 0.382445
14.216 0.379866
14.217 0.377282
14.218 0.374695
14.219 0.372104
14.22 0.36951
14.221 0.366911
14.222 0.364309
14.223 0.361703
14.224 0.359094
14.225 0.356481
14.226 0.353866
14.227 0.351246
14.228 0.348624
14.229 0.345999
14.23 0.34337
14.231 0.340739
14.232 0.338105
14.233 0.335469
14.234 0.332829
14.235 0.330187
14.236 0.327543
14.237 0.324896
14.238 0.322247
14.239 0.319596
14.24 0.316943
14.241 0.314288
14.242 0.31163
14.243 0.308971
14.244 0.306311
14.245 0.303648
14.246 0.300985
14.247 0.298319
14.248 0.295652
14.249 0.292985
14.25 0.290315
14.251 0.287645
14.252 0.284974
14.253 0.282302
14.254 0.279629
14.255 0.276956
14.256 0.274282
14.257 0.271608
14.258 0.268933
14.259 0.266258
14.26 0.263582
14.261 0.260907
14.262 0.258231
14.263 0.255556
14.264 0.252881
14.265 0.250206
14.266 0.247532
14.267 0.244858
14.268 0.242185
14.269 0.239513
14.27 0.236841
14.271 0.234171
14.272 0.231501
14.273 0.228833
14.274 0.226166
14.275 0.2235
14.276 0.220836
14.277 0.218173
14.278 0.215512
14.279 0.212853
14.28 0.210196
14.281 0.207541
14.282 0.204888
14.283 0.202237
14.284 0.199588
14.285 0.196942
14.286 0.194299
14.287 0.191658
14.288 0.18902
14.289 0.186385
14.29 0.183753
14.291 0.181124
14.292 0.178498
14.293 0.175876
14.294 0.173257
14.295 0.170642
14.296 0.16803
14.297 0.165422
14.298 0.162818
14.299 0.160218
14.3 0.157622
14.301 0.15503
14.302 0.152443
14.303 0.14986
14.304 0.147282
14.305 0.144709
14.306 0.14214
14.307 0.139576
14.308 0.137018
14.309 0.134464
14.31 0.131916
14.311 0.129373
14.312 0.126835
14.313 0.124304
14.314 0.121777
14.315 0.119257
14.316 0.116743
14.317 0.114235
14.318 0.111733
14.319 0.109237
14.32 0.106747
14.321 0.104265
14.322 0.101788
14.323 0.0993185
14.324 0.0968558
14.325 0.0943999
14.326 0.0919512
14.327 0.0895095
14.328 0.0870752
14.329 0.0846482
14.33 0.0822288
14.331 0.0798169
14.332 0.0774128
14.333 0.0750166
14.334 0.0726285
14.335 0.0702485
14.336 0.0678768
14.337 0.0655134
14.338 0.0631584
14.339 0.0608119
14.34 0.0584738
14.341 0.0561445
14.342 0.0538238
14.343 0.051512
14.344 0.0492091
14.345 0.0469154
14.346 0.0446309
14.347 0.0423558
14.348 0.0400899
14.349 0.0378332
14.35 0.0355858
14.351 0.033348
14.352 0.0311198
14.353 0.0289013
14.354 0.0266927
14.355 0.0244941
14.356 0.0223056
14.357 0.0201272
14.358 0.0179593
14.359 0.0158021
14.36 0.0136558
14.361 0.0115204
14.362 0.00939602
14.363 0.00728269
14.364 0.00518048
14.365 0.00308945
14.366 0.00100967
14.367 -0.00105882
14.368 -0.00311605
14.369 -0.00516198
14.37 -0.0071965
14.371 -0.00921952
14.372 -0.0112309
14.373 -0.0132305
14.374 -0.0152183
14.375 -0.0171941
14.376 -0.0191579
14.377 -0.0211097
14.378 -0.0230492
14.379 -0.0249765
14.38 -0.0268912
14.381 -0.0287933
14.382 -0.0306828
14.383 -0.0325597
14.384 -0.034424
14.385 -0.0362756
14.386 -0.0381145
14.387 -0.0399408
14.388 -0.0417546
14.389 -0.043556
14.39 -0.0453448
14.391 -0.0471212
14.392 -0.0488851
14.393 -0.0506364
14.394 -0.0523753
14.395 -0.0541017
14.396 -0.0558156
14.397 -0.057517
14.398 -0.0592061
14.399 -0.0608827
14.4 -0.062547
14.401 -0.064199
14.402 -0.0658386
14.403 -0.0674661
14.404 -0.0690812
14.405 -0.0706841
14.406 -0.0722747
14.407 -0.0738531
14.408 -0.0754192
14.409 -0.0769732
14.41 -0.078515
14.411 -0.0800446
14.412 -0.0815621
14.413 -0.0830675
14.414 -0.0845608
14.415 -0.086042
14.416 -0.0875112
14.417 -0.0889684
14.418 -0.0904136
14.419 -0.091847
14.42 -0.0932685
14.421 -0.0946782
14.422 -0.0960763
14.423 -0.0974626
14.424 -0.0988374
14.425 -0.100201
14.426 -0.101552
14.427 -0.102893
14.428 -0.104222
14.429 -0.10554
14.43 -0.106847
14.431 -0.108142
14.432 -0.109427
14.433 -0.1107
14.434 -0.111963
14.435 -0.113216
14.436 -0.114457
14.437 -0.115688
14.438 -0.116909
14.439 -0.118119
14.44 -0.119319
14.441 -0.120509
14.442 -0.121689
14.443 -0.122858
14.444 -0.124018
14.445 -0.125168
14.446 -0.126309
14.447 -0.12744
14.448 -0.128561
14.449 -0.129673
14.45 -0.130776
14.451 -0.13187
14.452 -0.132954
14.453 -0.13403
14.454 -0.135096
14.455 -0.136154
14.456 -0.137204
14.457 -0.138244
14.458 -0.139277
14.459 -0.140301
14.46 -0.141317
14.461 -0.142324
14.462 -0.143324
14.463 -0.144316
14.464 -0.1453
14.465 -0.146277
14.466 -0.147246
14.467 -0.148208
14.468 -0.149163
14.469 -0.15011
14.47 -0.151051
14.471 -0.151985
14.472 -0.152912
14.473 -0.153832
14.474 -0.154746
14.475 -0.155654
14.476 -0.156556
14.477 -0.157451
14.478 -0.158341
14.479 -0.159225
14.48 -0.160103
14.481 -0.160976
14.482 -0.161843
14.483 -0.162704
14.484 -0.163561
14.485 -0.164413
14.486 -0.165259
14.487 -0.166101
14.488 -0.166938
14.489 -0.167771
14.49 -0.168599
14.491 -0.169423
14.492 -0.170243
14.493 -0.171059
14.494 -0.171871
14.495 -0.172679
14.496 -0.173483
14.497 -0.174284
14.498 -0.175081
14.499 -0.175876
14.5 -0.176667
14.501 -0.177455
14.502 -0.17824
14.503 -0.179023
14.504 -0.179803
14.505 -0.18058
14.506 -0.181355
14.507 -0.182128
14.508 -0.182899
14.509 -0.183668
14.51 -0.184435
14.511 -0.1852
14.512 -0.185963
14.513 -0.186725
14.514 -0.187486
14.515 -0.188245
14.516 -0.189003
14.517 -0.18976
14.518 -0.190516
14.519 -0.191271
14.52 -0.192026
14.521 -0.192779
14.522 -0.193533
14.523 -0.194286
14.524 -0.195039
14.525 -0.195792
14.526 -0.196545
14.527 -0.197297
14.528 -0.19805
14.529 -0.198804
14.53 -0.199558
14.531 -0.200312
14.532 -0.201067
14.533 -0.201822
14.534 -0.202579
14.535 -0.203336
14.536 -0.204095
14.537 -0.204854
14.538 -0.205615
14.539 -0.206377
14.54 -0.20714
14.541 -0.207905
14.542 -0.208672
14.543 -0.20944
14.544 -0.21021
14.545 -0.210982
14.546 -0.211756
14.547 -0.212531
14.548 -0.213309
14.549 -0.21409
14.55 -0.214872
14.551 -0.215657
14.552 -0.216444
14.553 -0.217234
14.554 -0.218027
14.555 -0.218822
14.556 -0.21962
14.557 -0.22042
14.558 -0.221224
14.559 -0.222031
14.56 -0.22284
14.561 -0.223653
14.562 -0.224469
14.563 -0.225288
14.564 -0.226111
14.565 -0.226937
14.566 -0.227766
14.567 -0.228599
14.568 -0.229435
14.569 -0.230275
14.57 -0.231119
14.571 -0.231967
14.572 -0.232818
14.573 -0.233673
14.574 -0.234531
14.575 -0.235394
14.576 -0.236261
14.577 -0.237132
14.578 -0.238006
14.579 -0.238885
14.58 -0.239768
14.581 -0.240655
14.582 -0.241547
14.583 -0.242442
14.584 -0.243342
14.585 -0.244246
14.586 -0.245155
14.587 -0.246068
14.588 -0.246985
14.589 -0.247906
14.59 -0.248832
14.591 -0.249763
14.592 -0.250698
14.593 -0.251637
14.594 -0.252581
14.595 -0.25353
14.596 -0.254483
14.597 -0.25544
14.598 -0.256402
14.599 -0.257369
14.6 -0.25834
14.601 -0.259316
14.602 -0.260296
14.603 -0.261281
14.604 -0.26227
14.605 -0.263265
14.606 -0.264263
14.607 -0.265266
14.608 -0.266274
14.609 -0.267286
14.61 -0.268303
14.611 -0.269325
14.612 -0.27035
14.613 -0.271381
14.614 -0.272415
14.615 -0.273455
14.616 -0.274498
14.617 -0.275546
14.618 -0.276599
14.619 -0.277655
14.62 -0.278716
14.621 -0.279782
14.622 -0.280851
14.623 -0.281925
14.624 -0.283003
14.625 -0.284085
14.626 -0.285171
14.627 -0.286261
14.628 -0.287355
14.629 -0.288453
14.63 -0.289555
14.631 -0.290661
14.632 -0.291771
14.633 -0.292884
14.634 -0.294002
14.635 -0.295122
14.636 -0.296247
14.637 -0.297375
14.638 -0.298506
14.639 -0.299641
14.64 -0.300779
14.641 -0.301921
14.642 -0.303065
14.643 -0.304213
14.644 -0.305364
14.645 -0.306518
14.646 -0.307675
14.647 -0.308834
14.648 -0.309997
14.649 -0.311162
14.65 -0.312329
14.651 -0.313499
14.652 -0.314672
14.653 -0.315847
14.654 -0.317024
14.655 -0.318203
14.656 -0.319385
14.657 -0.320568
14.658 -0.321753
14.659 -0.32294
14.66 -0.324129
14.661 -0.32532
14.662 -0.326511
14.663 -0.327705
14.664 -0.328899
14.665 -0.330095
14.666 -0.331292
14.667 -0.33249
14.668 -0.333689
14.669 -0.334888
14.67 -0.336089
14.671 -0.33729
14.672 -0.338491
14.673 -0.339693
14.674 -0.340895
14.675 -0.342097
14.676 -0.343299
14.677 -0.344501
14.678 -0.345703
14.679 -0.346904
14.68 -0.348106
14.681 -0.349306
14.682 -0.350506
14.683 -0.351706
14.684 -0.352904
14.685 -0.354101
14.686 -0.355298
14.687 -0.356493
14.688 -0.357687
14.689 -0.358879
14.69 -0.36007
14.691 -0.361259
14.692 -0.362446
14.693 -0.363632
14.694 -0.364815
14.695 -0.365996
14.696 -0.367175
14.697 -0.368352
14.698 -0.369526
14.699 -0.370698
14.7 -0.371867
14.701 -0.373033
14.702 -0.374196
14.703 -0.375357
14.704 -0.376514
14.705 -0.377668
14.706 -0.378819
14.707 -0.379966
14.708 -0.38111
14.709 -0.38225
14.71 -0.383387
14.711 -0.384519
14.712 -0.385648
14.713 -0.386773
14.714 -0.387894
14.715 -0.38901
14.716 -0.390123
14.717 -0.391231
14.718 -0.392334
14.719 -0.393433
14.72 -0.394528
14.721 -0.395618
14.722 -0.396703
14.723 -0.397783
14.724 -0.398859
14.725 -0.399929
14.726 -0.400995
14.727 -0.402056
14.728 -0.403112
14.729 -0.404162
14.73 -0.405208
14.731 -0.406248
14.732 -0.407283
14.733 -0.408313
14.734 -0.409337
14.735 -0.410357
14.736 -0.411371
14.737 -0.412379
14.738 -0.413383
14.739 -0.414381
14.74 -0.415373
14.741 -0.416361
14.742 -0.417343
14.743 -0.41832
14.744 -0.419291
14.745 -0.420257
14.746 -0.421219
14.747 -0.422175
14.748 -0.423126
14.749 -0.424072
14.75 -0.425012
14.751 -0.425949
14.752 -0.42688
14.753 -0.427806
14.754 -0.428728
14.755 -0.429645
14.756 -0.430558
14.757 -0.431467
14.758 -0.432371
14.759 -0.433271
14.76 -0.434167
14.761 -0.43506
14.762 -0.435948
14.763 -0.436833
14.764 -0.437715
14.765 -0.438594
14.766 -0.439469
14.767 -0.440342
14.768 -0.441212
14.769 -0.442079
14.77 -0.442945
14.771 -0.443808
14.772 -0.44467
14.773 -0.445529
14.774 -0.446388
14.775 -0.447245
14.776 -0.448102
14.777 -0.448958
14.778 -0.449814
14.779 -0.450669
14.78 -0.451525
14.781 -0.452381
14.782 -0.453239
14.783 -0.454097
14.784 -0.454956
14.785 -0.455818
14.786 -0.456681
14.787 -0.457546
14.788 -0.458414
14.789 -0.459286
14.79 -0.46016
14.791 -0.461038
14.792 -0.46192
14.793 -0.462806
14.794 -0.463697
14.795 -0.464593
14.796 -0.465494
14.797 -0.4664
14.798 -0.467313
14.799 -0.468232
14.8 -0.469158
14.801 -0.470091
14.802 -0.471031
14.803 -0.471978
14.804 -0.472934
14.805 -0.473898
14.806 -0.474871
14.807 -0.475853
14.808 -0.476844
14.809 -0.477845
14.81 -0.478856
14.811 -0.479877
14.812 -0.480909
14.813 -0.481951
14.814 -0.483005
14.815 -0.48407
14.816 -0.485148
14.817 -0.486237
14.818 -0.487338
14.819 -0.488452
14.82 -0.489579
14.821 -0.490718
14.822 -0.491871
14.823 -0.493038
14.824 -0.494218
14.825 -0.495412
14.826 -0.49662
14.827 -0.497842
14.828 -0.499078
14.829 -0.500329
14.83 -0.501595
14.831 -0.502875
14.832 -0.50417
14.833 -0.50548
14.834 -0.506806
14.835 -0.508146
14.836 -0.509501
14.837 -0.510872
14.838 -0.512258
14.839 -0.513659
14.84 -0.515076
14.841 -0.516508
14.842 -0.517955
14.843 -0.519417
14.844 -0.520894
14.845 -0.522387
14.846 -0.523895
14.847 -0.525417
14.848 -0.526955
14.849 -0.528507
14.85 -0.530074
14.851 -0.531656
14.852 -0.533252
14.853 -0.534862
14.854 -0.536486
14.855 -0.538125
14.856 -0.539777
14.857 -0.541442
14.858 -0.543121
14.859 -0.544814
14.86 -0.546519
14.861 -0.548237
14.862 -0.549967
14.863 -0.55171
14.864 -0.553465
14.865 -0.555231
14.866 -0.557009
14.867 -0.558799
14.868 -0.560599
14.869 -0.56241
14.87 -0.564231
14.871 -0.566063
14.872 -0.567905
14.873 -0.569756
14.874 -0.571616
14.875 -0.573485
14.876 -0.575363
14.877 -0.57725
14.878 -0.579144
14.879 -0.581046
14.88 -0.582956
14.881 -0.584872
14.882 -0.586796
14.883 -0.588726
14.884 -0.590662
14.885 -0.592604
14.886 -0.594552
14.887 -0.596505
14.888 -0.598463
14.889 -0.600425
14.89 -0.602392
14.891 -0.604363
14.892 -0.606337
14.893 -0.608315
14.894 -0.610296
14.895 -0.61228
14.896 -0.614266
14.897 -0.616254
14.898 -0.618245
14.899 -0.620237
14.9 -0.62223
14.901 -0.624225
14.902 -0.62622
14.903 -0.628215
14.904 -0.630211
14.905 -0.632207
14.906 -0.634202
14.907 -0.636197
14.908 -0.638191
14.909 -0.640184
14.91 -0.642176
14.911 -0.644166
14.912 -0.646154
14.913 -0.648141
14.914 -0.650124
14.915 -0.652106
14.916 -0.654084
14.917 -0.65606
14.918 -0.658033
14.919 -0.660002
14.92 -0.661967
14.921 -0.663929
14.922 -0.665887
14.923 -0.667841
14.924 -0.66979
14.925 -0.671735
14.926 -0.673674
14.927 -0.675609
14.928 -0.677539
14.929 -0.679464
14.93 -0.681383
14.931 -0.683297
14.932 -0.685205
14.933 -0.687107
14.934 -0.689003
14.935 -0.690893
14.936 -0.692777
14.937 -0.694654
14.938 -0.696524
14.939 -0.698388
14.94 -0.700245
14.941 -0.702095
14.942 -0.703938
14.943 -0.705773
14.944 -0.707602
14.945 -0.709423
14.946 -0.711236
14.947 -0.713042
14.948 -0.71484
14.949 -0.71663
14.95 -0.718412
14.951 -0.720186
14.952 -0.721953
14.953 -0.72371
14.954 -0.72546
14.955 -0.727201
14.956 -0.728934
14.957 -0.730658
14.958 -0.732374
14.959 -0.734081
14.96 -0.73578
14.961 -0.737469
14.962 -0.73915
14.963 -0.740821
14.964 -0.742484
14.965 -0.744138
14.966 -0.745782
14.967 -0.747418
14.968 -0.749044
14.969 -0.750661
14.97 -0.752268
14.971 -0.753866
14.972 -0.755455
14.973 -0.757034
14.974 -0.758604
14.975 -0.760165
14.976 -0.761715
14.977 -0.763256
14.978 -0.764788
14.979 -0.766309
14.98 -0.767821
14.981 -0.769323
14.982 -0.770816
14.983 -0.772298
14.984 -0.773771
14.985 -0.775234
14.986 -0.776687
14.987 -0.77813
14.988 -0.779562
14.989 -0.780985
14.99 -0.782398
14.991 -0.783801
14.992 -0.785194
14.993 -0.786576
14.994 -0.787949
14.995 -0.789311
14.996 -0.790664
14.997 -0.792006
14.998 -0.793338
14.999 -0.794659
15 -0.795971
15.001 -0.797272
